image_name,rank,species_id,species_name,logit_score
2024-CEV3-20240602,1,1395045,Ranunculus aconitifolius,65.683952
2024-CEV3-20240602,2,1400181,Blysmus compressus,61.046974
2024-CEV3-20240602,3,1395114,Ranunculus platanifolius,60.743713
CBN-PdlC-A1-20130807,1,1396253,Sibbaldia procumbens,62.997784
CBN-PdlC-A1-20130807,2,1395807,Salix herbacea,62.168911
CBN-PdlC-A1-20130807,3,1392608,Geum montanum,61.312965
CBN-PdlC-A1-20130903,1,1396144,Sedum alpestre,63.351677
CBN-PdlC-A1-20130903,2,1395807,Salix herbacea,62.934528
CBN-PdlC-A1-20130903,3,1392608,Geum montanum,62.636456
CBN-PdlC-A1-20140721,1,1412857,Omalotheca supina,63.867161
CBN-PdlC-A1-20140721,2,1396144,Sedum alpestre,63.602177
CBN-PdlC-A1-20140721,3,1392608,Geum montanum,62.529526
CBN-PdlC-A1-20140811,1,1392608,Geum montanum,64.638222
CBN-PdlC-A1-20140811,2,1394311,Oreochloa disticha,63.148888
CBN-PdlC-A1-20140811,3,1412857,Omalotheca supina,63.132248
CBN-PdlC-A1-20140901,1,1392608,Geum montanum,62.511906
CBN-PdlC-A1-20140901,2,1412857,Omalotheca supina,62.362724
CBN-PdlC-A1-20140901,3,1361367,Poa alpina,61.485119
CBN-PdlC-A1-20150701,1,1396253,Sibbaldia procumbens,63.493664
CBN-PdlC-A1-20150701,2,1392608,Geum montanum,61.840118
CBN-PdlC-A1-20150701,3,1393708,Lysimachia nummularia,59.253040
CBN-PdlC-A1-20150720,1,1392608,Geum montanum,64.642136
CBN-PdlC-A1-20150720,2,1392612,Geum reptans,63.571053
CBN-PdlC-A1-20150720,3,1392534,Gentiana acaulis,63.474857
CBN-PdlC-A1-20150831,1,1394311,Oreochloa disticha,63.209877
CBN-PdlC-A1-20150831,2,1412857,Omalotheca supina,62.949688
CBN-PdlC-A1-20150831,3,1396843,Trifolium alpinum,62.065445
CBN-PdlC-A1-20160705,1,1396253,Sibbaldia procumbens,62.845421
CBN-PdlC-A1-20160705,2,1412857,Omalotheca supina,61.975090
CBN-PdlC-A1-20160705,3,1394911,Primula integrifolia,61.786736
CBN-PdlC-A1-20160726,1,1392535,Gentiana alpina,65.320831
CBN-PdlC-A1-20160726,2,1392534,Gentiana acaulis,64.244133
CBN-PdlC-A1-20160726,3,1549015,Gentiana clusii,62.007114
CBN-PdlC-A1-20170816,1,1392534,Gentiana acaulis,64.691002
CBN-PdlC-A1-20170816,2,1412857,Omalotheca supina,61.540821
CBN-PdlC-A1-20170816,3,1742053,Omalotheca hoppeana,61.497833
CBN-PdlC-A1-20170906,1,1392534,Gentiana acaulis,64.861603
CBN-PdlC-A1-20170906,2,1396253,Sibbaldia procumbens,63.573040
CBN-PdlC-A1-20170906,3,1412857,Omalotheca supina,63.414814
CBN-PdlC-A1-20180702,1,1412857,Omalotheca supina,62.208931
CBN-PdlC-A1-20180702,2,1392534,Gentiana acaulis,59.468224
CBN-PdlC-A1-20180702,3,1742053,Omalotheca hoppeana,59.280186
CBN-PdlC-A1-20180815,1,1412857,Omalotheca supina,63.245251
CBN-PdlC-A1-20180815,2,1742053,Omalotheca hoppeana,59.423752
CBN-PdlC-A1-20180815,3,1361367,Poa alpina,59.018990
CBN-PdlC-A1-20180905,1,1412857,Omalotheca supina,63.639832
CBN-PdlC-A1-20180905,2,1397279,Alchemilla alpina,61.711403
CBN-PdlC-A1-20180905,3,1396843,Trifolium alpinum,61.519115
CBN-PdlC-A1-20190701,1,1479447,Arabis stellulata,58.778366
CBN-PdlC-A1-20190701,2,1391781,Draba subnivalis,58.215832
CBN-PdlC-A1-20190701,3,1394641,Antennaria carpatica,58.036106
CBN-PdlC-A1-20190722,1,1412857,Omalotheca supina,63.177849
CBN-PdlC-A1-20190722,2,1392608,Geum montanum,63.135983
CBN-PdlC-A1-20190722,3,1396869,Trifolium thalii,62.525558
CBN-PdlC-A1-20190812,1,1412857,Omalotheca supina,63.338360
CBN-PdlC-A1-20190812,2,1396253,Sibbaldia procumbens,63.170395
CBN-PdlC-A1-20190812,3,1361367,Poa alpina,61.274940
CBN-PdlC-A1-20190909,1,1361367,Poa alpina,61.750610
CBN-PdlC-A1-20190909,2,1412857,Omalotheca supina,59.966812
CBN-PdlC-A1-20190909,3,1394643,Antennaria dioica,59.834663
CBN-PdlC-A1-20200629,1,1400017,Armeria linkiana,55.295467
CBN-PdlC-A1-20200629,2,1647156,Armeria humilis,54.195934
CBN-PdlC-A1-20200629,3,1628796,Ophrys brigittae,54.194298
CBN-PdlC-A1-20200722,1,1392535,Gentiana alpina,65.787720
CBN-PdlC-A1-20200722,2,1392534,Gentiana acaulis,65.761276
CBN-PdlC-A1-20200722,3,1396843,Trifolium alpinum,61.580334
CBN-PdlC-A1-20200812,1,1742053,Omalotheca hoppeana,67.226723
CBN-PdlC-A1-20200812,2,1412857,Omalotheca supina,65.122963
CBN-PdlC-A1-20200812,3,1392608,Geum montanum,62.626724
CBN-PdlC-A2-20130807,1,1396253,Sibbaldia procumbens,63.253189
CBN-PdlC-A2-20130807,2,1412857,Omalotheca supina,62.401279
CBN-PdlC-A2-20130807,3,1393619,Logfia minima,62.332092
CBN-PdlC-A2-20130903,1,1391427,Crassula pubescens,61.236267
CBN-PdlC-A2-20130903,2,1393200,Homogyne alpina,59.488583
CBN-PdlC-A2-20130903,3,1396253,Sibbaldia procumbens,59.457405
CBN-PdlC-A2-20140721,1,1396144,Sedum alpestre,65.149269
CBN-PdlC-A2-20140721,2,1396253,Sibbaldia procumbens,63.758656
CBN-PdlC-A2-20140721,3,1397491,Sedum atratum,61.526466
CBN-PdlC-A2-20140901,1,1396253,Sibbaldia procumbens,62.020493
CBN-PdlC-A2-20140901,2,1412857,Omalotheca supina,60.670448
CBN-PdlC-A2-20140901,3,1391092,Cerastium tomentosum,60.662029
CBN-PdlC-A2-20150720,1,1393200,Homogyne alpina,67.380981
CBN-PdlC-A2-20150720,2,1392541,Gentiana brachyphylla,64.874207
CBN-PdlC-A2-20150720,3,1392534,Gentiana acaulis,63.475212
CBN-PdlC-A2-20150810,1,1412857,Omalotheca supina,61.983238
CBN-PdlC-A2-20150810,2,1393200,Homogyne alpina,61.226028
CBN-PdlC-A2-20150810,3,1395807,Salix herbacea,60.713348
CBN-PdlC-A2-20150831,1,1742053,Omalotheca hoppeana,65.794235
CBN-PdlC-A2-20150831,2,1412857,Omalotheca supina,64.220512
CBN-PdlC-A2-20150831,3,1392541,Gentiana brachyphylla,64.155693
CBN-PdlC-A2-20160705,1,1393200,Homogyne alpina,65.434174
CBN-PdlC-A2-20160705,2,1396253,Sibbaldia procumbens,64.215851
CBN-PdlC-A2-20160705,3,1412857,Omalotheca supina,61.725475
CBN-PdlC-A2-20160726,1,1392535,Gentiana alpina,68.961723
CBN-PdlC-A2-20160726,2,1393200,Homogyne alpina,66.129486
CBN-PdlC-A2-20160726,3,1392534,Gentiana acaulis,64.390564
CBN-PdlC-A2-20170816,1,1395807,Salix herbacea,64.725533
CBN-PdlC-A2-20170816,2,1412857,Omalotheca supina,62.072071
CBN-PdlC-A2-20170816,3,1742053,Omalotheca hoppeana,61.548775
CBN-PdlC-A2-20180702,1,1391427,Crassula pubescens,59.277519
CBN-PdlC-A2-20180702,2,1528543,Crassula nudicaulis,58.711601
CBN-PdlC-A2-20180702,3,1391092,Cerastium tomentosum,57.760765
CBN-PdlC-A2-20180723,1,1393200,Homogyne alpina,67.212242
CBN-PdlC-A2-20180723,2,1396144,Sedum alpestre,64.515457
CBN-PdlC-A2-20180723,3,1396253,Sibbaldia procumbens,60.965008
CBN-PdlC-A2-20180815,1,1412857,Omalotheca supina,65.013756
CBN-PdlC-A2-20180815,2,1396253,Sibbaldia procumbens,62.176834
CBN-PdlC-A2-20180815,3,1742053,Omalotheca hoppeana,61.505760
CBN-PdlC-A2-20180905,1,1742053,Omalotheca hoppeana,65.018158
CBN-PdlC-A2-20180905,2,1412857,Omalotheca supina,64.193016
CBN-PdlC-A2-20180905,3,1396253,Sibbaldia procumbens,63.719017
CBN-PdlC-A2-20190701,1,1651427,Festuca summilusitana,62.191429
CBN-PdlC-A2-20190701,2,1361275,Festuca indigesta,61.618427
CBN-PdlC-A2-20190701,3,1392260,Festuca alpina,61.291603
CBN-PdlC-A2-20190722,1,1396253,Sibbaldia procumbens,63.453918
CBN-PdlC-A2-20190722,2,1393200,Homogyne alpina,63.404449
CBN-PdlC-A2-20190722,3,1392534,Gentiana acaulis,63.369972
CBN-PdlC-A2-20190812,1,1412857,Omalotheca supina,65.052048
CBN-PdlC-A2-20190812,2,1392534,Gentiana acaulis,63.773567
CBN-PdlC-A2-20190812,3,1396253,Sibbaldia procumbens,62.741787
CBN-PdlC-A2-20190909,1,1742053,Omalotheca hoppeana,63.195873
CBN-PdlC-A2-20190909,2,1412857,Omalotheca supina,63.018845
CBN-PdlC-A2-20190909,3,1392565,Gentiana terglouensis,61.840546
CBN-PdlC-A2-20200629,1,1392655,Goodyera repens,54.342270
CBN-PdlC-A2-20200629,2,1400721,Salvinia auriculata,54.133034
CBN-PdlC-A2-20200629,3,1390532,Salvinia molesta,53.835255
CBN-PdlC-A2-20200722,1,1392534,Gentiana acaulis,64.830132
CBN-PdlC-A2-20200722,2,1392535,Gentiana alpina,62.775013
CBN-PdlC-A2-20200722,3,1393200,Homogyne alpina,62.668343
CBN-PdlC-A2-20200812,1,1412857,Omalotheca supina,64.938576
CBN-PdlC-A2-20200812,2,1742053,Omalotheca hoppeana,64.502258
CBN-PdlC-A2-20200812,3,1396253,Sibbaldia procumbens,64.044853
CBN-PdlC-A3-20130807,1,1393200,Homogyne alpina,65.963669
CBN-PdlC-A3-20130807,2,1392608,Geum montanum,63.136585
CBN-PdlC-A3-20130807,3,1393619,Logfia minima,62.035301
CBN-PdlC-A3-20130903,1,1360299,Geum sylvaticum,64.111542
CBN-PdlC-A3-20130903,2,1392608,Geum montanum,63.111862
CBN-PdlC-A3-20130903,3,1412857,Omalotheca supina,63.099464
CBN-PdlC-A3-20140721,1,1393200,Homogyne alpina,65.513809
CBN-PdlC-A3-20140721,2,1392608,Geum montanum,63.065701
CBN-PdlC-A3-20140721,3,1396144,Sedum alpestre,62.093788
CBN-PdlC-A3-20140811,1,1396144,Sedum alpestre,67.340782
CBN-PdlC-A3-20140811,2,1393200,Homogyne alpina,66.454445
CBN-PdlC-A3-20140811,3,1412857,Omalotheca supina,64.385170
CBN-PdlC-A3-20140901,1,1393200,Homogyne alpina,65.568695
CBN-PdlC-A3-20140901,2,1394643,Antennaria dioica,62.672424
CBN-PdlC-A3-20140901,3,1392608,Geum montanum,61.740566
CBN-PdlC-A3-20150701,1,1393200,Homogyne alpina,66.573013
CBN-PdlC-A3-20150701,2,1396144,Sedum alpestre,64.349052
CBN-PdlC-A3-20150701,3,1392608,Geum montanum,61.760063
CBN-PdlC-A3-20150720,1,1393200,Homogyne alpina,67.324127
CBN-PdlC-A3-20150720,2,1396144,Sedum alpestre,62.925819
CBN-PdlC-A3-20150720,3,1392608,Geum montanum,61.341347
CBN-PdlC-A3-20150810,1,1396253,Sibbaldia procumbens,63.887192
CBN-PdlC-A3-20150810,2,1412857,Omalotheca supina,63.329281
CBN-PdlC-A3-20150810,3,1396144,Sedum alpestre,63.160542
CBN-PdlC-A3-20150831,1,1396144,Sedum alpestre,66.776108
CBN-PdlC-A3-20150831,2,1393200,Homogyne alpina,66.285110
CBN-PdlC-A3-20150831,3,1392608,Geum montanum,64.931595
CBN-PdlC-A3-20160705,1,1396144,Sedum alpestre,65.682930
CBN-PdlC-A3-20160705,2,1393200,Homogyne alpina,65.663887
CBN-PdlC-A3-20160705,3,1412857,Omalotheca supina,63.208687
CBN-PdlC-A3-20160726,1,1393200,Homogyne alpina,66.386490
CBN-PdlC-A3-20160726,2,1412857,Omalotheca supina,65.292923
CBN-PdlC-A3-20160726,3,1392534,Gentiana acaulis,64.517105
CBN-PdlC-A3-20170816,1,1396144,Sedum alpestre,64.044067
CBN-PdlC-A3-20170816,2,1742053,Omalotheca hoppeana,62.905144
CBN-PdlC-A3-20170816,3,1393200,Homogyne alpina,61.905170
CBN-PdlC-A3-20170906,1,1396144,Sedum alpestre,66.947220
CBN-PdlC-A3-20170906,2,1393200,Homogyne alpina,64.689270
CBN-PdlC-A3-20170906,3,1412857,Omalotheca supina,64.267044
CBN-PdlC-A3-20180702,1,1396144,Sedum alpestre,62.663742
CBN-PdlC-A3-20180702,2,1394643,Antennaria dioica,60.154949
CBN-PdlC-A3-20180702,3,1412857,Omalotheca supina,58.864738
CBN-PdlC-A3-20180723,1,1393200,Homogyne alpina,65.590858
CBN-PdlC-A3-20180723,2,1392535,Gentiana alpina,62.346260
CBN-PdlC-A3-20180723,3,1392608,Geum montanum,61.510277
CBN-PdlC-A3-20180815,1,1394643,Antennaria dioica,63.457230
CBN-PdlC-A3-20180815,2,1392608,Geum montanum,62.624195
CBN-PdlC-A3-20180815,3,1361996,Gazania rigens,60.984436
CBN-PdlC-A3-20180905,1,1412857,Omalotheca supina,65.539413
CBN-PdlC-A3-20180905,2,1742053,Omalotheca hoppeana,62.097919
CBN-PdlC-A3-20180905,3,1392534,Gentiana acaulis,61.671082
CBN-PdlC-A3-20190701,1,1393200,Homogyne alpina,60.602879
CBN-PdlC-A3-20190701,2,1392534,Gentiana acaulis,59.998924
CBN-PdlC-A3-20190701,3,1359750,Oxalis acetosella,58.926437
CBN-PdlC-A3-20190722,1,1393200,Homogyne alpina,66.636017
CBN-PdlC-A3-20190722,2,1392608,Geum montanum,62.651802
CBN-PdlC-A3-20190722,3,1412857,Omalotheca supina,62.397243
CBN-PdlC-A3-20190812,1,1393200,Homogyne alpina,68.379372
CBN-PdlC-A3-20190812,2,1392608,Geum montanum,64.336418
CBN-PdlC-A3-20190812,3,1412857,Omalotheca supina,61.384106
CBN-PdlC-A3-20190909,1,1393200,Homogyne alpina,64.674614
CBN-PdlC-A3-20190909,2,1392608,Geum montanum,63.466751
CBN-PdlC-A3-20190909,3,1412857,Omalotheca supina,61.939800
CBN-PdlC-A3-20200629,1,1393887,Myosotis corsicana,56.313454
CBN-PdlC-A3-20200629,2,1743903,Androsace delphinensis,55.053036
CBN-PdlC-A3-20200629,3,1356708,Myosotis pusilla,54.334591
CBN-PdlC-A3-20200722,1,1393200,Homogyne alpina,67.296272
CBN-PdlC-A3-20200722,2,1412857,Omalotheca supina,62.334080
CBN-PdlC-A3-20200722,3,1394643,Antennaria dioica,61.554527
CBN-PdlC-A3-20200812,1,1742053,Omalotheca hoppeana,67.449379
CBN-PdlC-A3-20200812,2,1393200,Homogyne alpina,65.402603
CBN-PdlC-A3-20200812,3,1412857,Omalotheca supina,65.272079
CBN-PdlC-A4-20130807,1,1393200,Homogyne alpina,63.544605
CBN-PdlC-A4-20130807,2,1395807,Salix herbacea,61.146629
CBN-PdlC-A4-20130807,3,1397475,Rhododendron ferrugineum,61.137779
CBN-PdlC-A4-20130903,1,1393200,Homogyne alpina,65.737083
CBN-PdlC-A4-20130903,2,1397475,Rhododendron ferrugineum,63.182034
CBN-PdlC-A4-20130903,3,1388916,Lysimachia europaea,61.898014
CBN-PdlC-A4-20140811,1,1393200,Homogyne alpina,68.050171
CBN-PdlC-A4-20140811,2,1396144,Sedum alpestre,65.087257
CBN-PdlC-A4-20140811,3,1392608,Geum montanum,62.969788
CBN-PdlC-A4-20140901,1,1393200,Homogyne alpina,64.443726
CBN-PdlC-A4-20140901,2,1389244,Jacobaea incana,60.747108
CBN-PdlC-A4-20140901,3,1362050,Nothobartsia asperrima,58.926651
CBN-PdlC-A4-20150701,1,1393200,Homogyne alpina,66.392471
CBN-PdlC-A4-20150701,2,1392608,Geum montanum,62.946297
CBN-PdlC-A4-20150701,3,1393874,Myoporum laetum,62.531052
CBN-PdlC-A4-20150810,1,1393200,Homogyne alpina,66.990173
CBN-PdlC-A4-20150810,2,1396253,Sibbaldia procumbens,63.576412
CBN-PdlC-A4-20150810,3,1396144,Sedum alpestre,62.399940
CBN-PdlC-A4-20150831,1,1393200,Homogyne alpina,67.372253
CBN-PdlC-A4-20150831,2,1396144,Sedum alpestre,65.513824
CBN-PdlC-A4-20150831,3,1400101,Bartsia alpina,62.440659
CBN-PdlC-A4-20160705,1,1393200,Homogyne alpina,66.894653
CBN-PdlC-A4-20160705,2,1397475,Rhododendron ferrugineum,63.537025
CBN-PdlC-A4-20160705,3,1392608,Geum montanum,61.874523
CBN-PdlC-A4-20160726,1,1396144,Sedum alpestre,66.996353
CBN-PdlC-A4-20160726,2,1393200,Homogyne alpina,66.028900
CBN-PdlC-A4-20160726,3,1392608,Geum montanum,62.850666
CBN-PdlC-A4-20170816,1,1393200,Homogyne alpina,61.367527
CBN-PdlC-A4-20170816,2,1519650,Scorzoneroides helvetica,60.758430
CBN-PdlC-A4-20170816,3,1396144,Sedum alpestre,60.270100
CBN-PdlC-A4-20170906,1,1393200,Homogyne alpina,65.921974
CBN-PdlC-A4-20170906,2,1396144,Sedum alpestre,65.732529
CBN-PdlC-A4-20170906,3,1412857,Omalotheca supina,63.026318
CBN-PdlC-A4-20180702,1,1397475,Rhododendron ferrugineum,61.956890
CBN-PdlC-A4-20180702,2,1363618,Crassula multicava,58.021965
CBN-PdlC-A4-20180702,3,1361771,Petasites albus,57.530422
CBN-PdlC-A4-20180723,1,1393200,Homogyne alpina,66.887787
CBN-PdlC-A4-20180723,2,1400101,Bartsia alpina,63.835991
CBN-PdlC-A4-20180723,3,1392608,Geum montanum,63.656254
CBN-PdlC-A4-20180815,1,1393200,Homogyne alpina,65.311699
CBN-PdlC-A4-20180815,2,1397475,Rhododendron ferrugineum,63.339878
CBN-PdlC-A4-20180815,3,1394597,Pinguicula corsica,60.073036
CBN-PdlC-A4-20180905,1,1393200,Homogyne alpina,66.151817
CBN-PdlC-A4-20180905,2,1396144,Sedum alpestre,64.448463
CBN-PdlC-A4-20180905,3,1392608,Geum montanum,62.850311
CBN-PdlC-A4-20190701,1,1397475,Rhododendron ferrugineum,63.094471
CBN-PdlC-A4-20190701,2,1393200,Homogyne alpina,62.534039
CBN-PdlC-A4-20190701,3,1395870,Salix retusa,59.225437
CBN-PdlC-A4-20190722,1,1397475,Rhododendron ferrugineum,64.455284
CBN-PdlC-A4-20190722,2,1393874,Myoporum laetum,63.418301
CBN-PdlC-A4-20190722,3,1393200,Homogyne alpina,61.604385
CBN-PdlC-A4-20190812,1,1393200,Homogyne alpina,59.184612
CBN-PdlC-A4-20190812,2,1392241,Alchemilla pentaphyllea,58.895695
CBN-PdlC-A4-20190812,3,1363618,Crassula multicava,58.157097
CBN-PdlC-A4-20190909,1,1397475,Rhododendron ferrugineum,64.476677
CBN-PdlC-A4-20190909,2,1363491,Phalaris canariensis,60.482597
CBN-PdlC-A4-20190909,3,1397450,Orthilia secunda,60.175331
CBN-PdlC-A4-20200629,1,1397475,Rhododendron ferrugineum,62.784348
CBN-PdlC-A4-20200629,2,1393200,Homogyne alpina,58.883617
CBN-PdlC-A4-20200629,3,1358099,Sedum brevifolium,58.335754
CBN-PdlC-A4-20200722,1,1393200,Homogyne alpina,67.126144
CBN-PdlC-A4-20200722,2,1397475,Rhododendron ferrugineum,63.612225
CBN-PdlC-A4-20200722,3,1397430,Luzula sylvatica,61.547558
CBN-PdlC-A4-20200812,1,1393200,Homogyne alpina,65.579567
CBN-PdlC-A4-20200812,2,1397475,Rhododendron ferrugineum,62.155495
CBN-PdlC-A4-20200812,3,1393659,Luzula alpina,61.710838
CBN-PdlC-A5-20130807,1,1393200,Homogyne alpina,66.682289
CBN-PdlC-A5-20130807,2,1396253,Sibbaldia procumbens,64.772079
CBN-PdlC-A5-20130807,3,1397475,Rhododendron ferrugineum,63.486885
CBN-PdlC-A5-20130903,1,1397475,Rhododendron ferrugineum,63.810856
CBN-PdlC-A5-20130903,2,1396253,Sibbaldia procumbens,62.484795
CBN-PdlC-A5-20130903,3,1395807,Salix herbacea,59.988014
CBN-PdlC-A5-20140721,1,1393200,Homogyne alpina,64.255440
CBN-PdlC-A5-20140721,2,1397475,Rhododendron ferrugineum,63.675041
CBN-PdlC-A5-20140721,3,1396253,Sibbaldia procumbens,63.403275
CBN-PdlC-A5-20140811,1,1361598,Luzula pilosa,64.223045
CBN-PdlC-A5-20140811,2,1397043,Veronica alpina,63.854092
CBN-PdlC-A5-20140811,3,1395807,Salix herbacea,62.879265
CBN-PdlC-A5-20150701,1,1393200,Homogyne alpina,65.315598
CBN-PdlC-A5-20150701,2,1395807,Salix herbacea,62.114971
CBN-PdlC-A5-20150701,3,1396253,Sibbaldia procumbens,61.032936
CBN-PdlC-A5-20150831,1,1396253,Sibbaldia procumbens,64.645027
CBN-PdlC-A5-20150831,2,1397475,Rhododendron ferrugineum,63.396252
CBN-PdlC-A5-20150831,3,1395807,Salix herbacea,61.575645
CBN-PdlC-A5-20160705,1,1397475,Rhododendron ferrugineum,64.785103
CBN-PdlC-A5-20160705,2,1396253,Sibbaldia procumbens,63.736969
CBN-PdlC-A5-20160705,3,1392541,Gentiana brachyphylla,60.614075
CBN-PdlC-A5-20160726,1,1392534,Gentiana acaulis,67.244095
CBN-PdlC-A5-20160726,2,1393200,Homogyne alpina,66.331680
CBN-PdlC-A5-20160726,3,1392535,Gentiana alpina,65.100922
CBN-PdlC-A5-20170816,1,1397475,Rhododendron ferrugineum,64.230492
CBN-PdlC-A5-20170816,2,1396253,Sibbaldia procumbens,64.135216
CBN-PdlC-A5-20170816,3,1393200,Homogyne alpina,59.993580
CBN-PdlC-A5-20170906,1,1393200,Homogyne alpina,64.783905
CBN-PdlC-A5-20170906,2,1396253,Sibbaldia procumbens,64.590622
CBN-PdlC-A5-20170906,3,1397475,Rhododendron ferrugineum,63.765953
CBN-PdlC-A5-20180815,1,1393200,Homogyne alpina,66.042740
CBN-PdlC-A5-20180815,2,1396253,Sibbaldia procumbens,63.112564
CBN-PdlC-A5-20180815,3,1395807,Salix herbacea,59.468746
CBN-PdlC-A5-20180905,1,1393200,Homogyne alpina,66.780853
CBN-PdlC-A5-20180905,2,1396253,Sibbaldia procumbens,64.560440
CBN-PdlC-A5-20180905,3,1363543,Stenotaphrum secundatum,60.434216
CBN-PdlC-A5-20190909,1,1397475,Rhododendron ferrugineum,62.193699
CBN-PdlC-A5-20190909,2,1556990,Ixia paniculata,60.200237
CBN-PdlC-A5-20190909,3,1393604,Linnaea borealis,59.363342
CBN-PdlC-A5-20200722,1,1393200,Homogyne alpina,64.577698
CBN-PdlC-A5-20200722,2,1396253,Sibbaldia procumbens,64.021919
CBN-PdlC-A5-20200722,3,1397043,Veronica alpina,62.900246
CBN-PdlC-A6-20130807,1,1397475,Rhododendron ferrugineum,64.903992
CBN-PdlC-A6-20130807,2,1393200,Homogyne alpina,64.342445
CBN-PdlC-A6-20130807,3,1396253,Sibbaldia procumbens,62.449429
CBN-PdlC-A6-20130903,1,1397475,Rhododendron ferrugineum,64.163452
CBN-PdlC-A6-20130903,2,1396253,Sibbaldia procumbens,62.116711
CBN-PdlC-A6-20130903,3,1360130,Rumex lunaria,60.456551
CBN-PdlC-A6-20140630,1,1396253,Sibbaldia procumbens,58.489624
CBN-PdlC-A6-20140630,2,1397475,Rhododendron ferrugineum,55.012409
CBN-PdlC-A6-20140630,3,1393544,Limonium acutifolium,54.909611
CBN-PdlC-A6-20140721,1,1396253,Sibbaldia procumbens,65.099876
CBN-PdlC-A6-20140721,2,1397475,Rhododendron ferrugineum,64.781662
CBN-PdlC-A6-20140721,3,1395807,Salix herbacea,62.756290
CBN-PdlC-A6-20140901,1,1394542,Phyteuma hemisphaericum,61.056503
CBN-PdlC-A6-20140901,2,1720959,Anthoxanthum nipponicum,60.834469
CBN-PdlC-A6-20140901,3,1397475,Rhododendron ferrugineum,60.377949
CBN-PdlC-A6-20150701,1,1393200,Homogyne alpina,64.138802
CBN-PdlC-A6-20150701,2,1393947,Neottia cordata,62.501064
CBN-PdlC-A6-20150701,3,1397475,Rhododendron ferrugineum,61.101948
CBN-PdlC-A6-20150810,1,1396253,Sibbaldia procumbens,62.992813
CBN-PdlC-A6-20150810,2,1397475,Rhododendron ferrugineum,62.901733
CBN-PdlC-A6-20150810,3,1360748,Hydrocotyle vulgaris,61.284035
CBN-PdlC-A6-20150831,1,1397475,Rhododendron ferrugineum,63.460918
CBN-PdlC-A6-20150831,2,1396253,Sibbaldia procumbens,62.134460
CBN-PdlC-A6-20150831,3,1651427,Festuca summilusitana,61.919178
CBN-PdlC-A6-20160705,1,1393200,Homogyne alpina,66.095345
CBN-PdlC-A6-20160705,2,1397475,Rhododendron ferrugineum,65.281395
CBN-PdlC-A6-20160705,3,1396253,Sibbaldia procumbens,61.462227
CBN-PdlC-A6-20160726,1,1393659,Luzula alpina,64.610077
CBN-PdlC-A6-20160726,2,1393660,Luzula alpinopilosa,64.237259
CBN-PdlC-A6-20160726,3,1397475,Rhododendron ferrugineum,63.060772
CBN-PdlC-A6-20170816,1,1393200,Homogyne alpina,66.188980
CBN-PdlC-A6-20170816,2,1397475,Rhododendron ferrugineum,63.692379
CBN-PdlC-A6-20170816,3,1396253,Sibbaldia procumbens,62.421669
CBN-PdlC-A6-20170906,1,1397475,Rhododendron ferrugineum,62.442230
CBN-PdlC-A6-20170906,2,1396253,Sibbaldia procumbens,61.490761
CBN-PdlC-A6-20170906,3,1743984,Myoporum insulare,59.418892
CBN-PdlC-A6-20180702,1,1397475,Rhododendron ferrugineum,64.050774
CBN-PdlC-A6-20180702,2,1393200,Homogyne alpina,62.742889
CBN-PdlC-A6-20180702,3,1393874,Myoporum laetum,62.708347
CBN-PdlC-A6-20180723,1,1397475,Rhododendron ferrugineum,63.737701
CBN-PdlC-A6-20180723,2,1393200,Homogyne alpina,61.746502
CBN-PdlC-A6-20180723,3,1396253,Sibbaldia procumbens,59.802071
CBN-PdlC-A6-20180815,1,1397475,Rhododendron ferrugineum,64.323097
CBN-PdlC-A6-20180815,2,1393874,Myoporum laetum,62.787827
CBN-PdlC-A6-20180815,3,1394540,Phyteuma globulariifolium,61.011734
CBN-PdlC-A6-20180905,1,1393200,Homogyne alpina,65.926300
CBN-PdlC-A6-20180905,2,1397475,Rhododendron ferrugineum,64.620468
CBN-PdlC-A6-20180905,3,1393874,Myoporum laetum,61.689434
CBN-PdlC-A6-20190701,1,1393200,Homogyne alpina,65.438820
CBN-PdlC-A6-20190701,2,1397475,Rhododendron ferrugineum,62.631317
CBN-PdlC-A6-20190701,3,1396253,Sibbaldia procumbens,60.722393
CBN-PdlC-A6-20190722,1,1393660,Luzula alpinopilosa,63.578941
CBN-PdlC-A6-20190722,2,1558272,Luzula lactea,61.921024
CBN-PdlC-A6-20190722,3,1393679,Luzula lutea,61.845856
CBN-PdlC-A6-20190812,1,1397475,Rhododendron ferrugineum,62.200718
CBN-PdlC-A6-20190812,2,1393660,Luzula alpinopilosa,61.706451
CBN-PdlC-A6-20190812,3,1393200,Homogyne alpina,60.967617
CBN-PdlC-A6-20190909,1,1397475,Rhododendron ferrugineum,64.816223
CBN-PdlC-A6-20190909,2,1362482,Phleum alpinum,63.508671
CBN-PdlC-A6-20190909,3,1396253,Sibbaldia procumbens,61.107990
CBN-PdlC-A6-20200722,1,1397475,Rhododendron ferrugineum,64.358856
CBN-PdlC-A6-20200722,2,1361592,Luzula campestris,62.566956
CBN-PdlC-A6-20200722,3,1396253,Sibbaldia procumbens,62.261566
CBN-PdlC-A6-20200812,1,1397475,Rhododendron ferrugineum,64.347862
CBN-PdlC-A6-20200812,2,1393200,Homogyne alpina,63.156681
CBN-PdlC-A6-20200812,3,1396253,Sibbaldia procumbens,62.931725
CBN-PdlC-B1-20130807,1,1393200,Homogyne alpina,64.582642
CBN-PdlC-B1-20130807,2,1392608,Geum montanum,63.460182
CBN-PdlC-B1-20130807,3,1395807,Salix herbacea,61.606552
CBN-PdlC-B1-20130903,1,1393200,Homogyne alpina,64.790604
CBN-PdlC-B1-20130903,2,1392608,Geum montanum,64.245705
CBN-PdlC-B1-20130903,3,1394643,Antennaria dioica,62.897865
CBN-PdlC-B1-20140721,1,1396253,Sibbaldia procumbens,62.159210
CBN-PdlC-B1-20140721,2,1392608,Geum montanum,61.318687
CBN-PdlC-B1-20140721,3,1393200,Homogyne alpina,59.686596
CBN-PdlC-B1-20140811,1,1396144,Sedum alpestre,66.218445
CBN-PdlC-B1-20140811,2,1392608,Geum montanum,65.082901
CBN-PdlC-B1-20140811,3,1412857,Omalotheca supina,63.933247
CBN-PdlC-B1-20140901,1,1392608,Geum montanum,64.132759
CBN-PdlC-B1-20140901,2,1393200,Homogyne alpina,61.276497
CBN-PdlC-B1-20140901,3,1412857,Omalotheca supina,60.693054
CBN-PdlC-B1-20150701,1,1392608,Geum montanum,65.068535
CBN-PdlC-B1-20150701,2,1393200,Homogyne alpina,63.182274
CBN-PdlC-B1-20150701,3,1396253,Sibbaldia procumbens,62.285690
CBN-PdlC-B1-20150720,1,1392608,Geum montanum,63.859467
CBN-PdlC-B1-20150720,2,1394311,Oreochloa disticha,63.115395
CBN-PdlC-B1-20150720,3,1395807,Salix herbacea,62.695927
CBN-PdlC-B1-20150810,1,1393200,Homogyne alpina,65.878639
CBN-PdlC-B1-20150810,2,1392608,Geum montanum,62.488785
CBN-PdlC-B1-20150810,3,1396253,Sibbaldia procumbens,61.207508
CBN-PdlC-B1-20150831,1,1742053,Omalotheca hoppeana,66.038216
CBN-PdlC-B1-20150831,2,1412857,Omalotheca supina,66.030861
CBN-PdlC-B1-20150831,3,1393200,Homogyne alpina,64.685852
CBN-PdlC-B1-20160705,1,1393200,Homogyne alpina,66.723434
CBN-PdlC-B1-20160705,2,1396144,Sedum alpestre,63.271004
CBN-PdlC-B1-20160705,3,1396253,Sibbaldia procumbens,63.263847
CBN-PdlC-B1-20160726,1,1393200,Homogyne alpina,65.055153
CBN-PdlC-B1-20160726,2,1392608,Geum montanum,64.568489
CBN-PdlC-B1-20160726,3,1392612,Geum reptans,62.759048
CBN-PdlC-B1-20170816,1,1742053,Omalotheca hoppeana,62.587070
CBN-PdlC-B1-20170816,2,1396144,Sedum alpestre,61.403236
CBN-PdlC-B1-20170816,3,1392608,Geum montanum,61.210106
CBN-PdlC-B1-20170906,1,1396144,Sedum alpestre,64.365860
CBN-PdlC-B1-20170906,2,1392608,Geum montanum,63.073971
CBN-PdlC-B1-20170906,3,1412857,Omalotheca supina,62.709606
CBN-PdlC-B1-20180702,1,1413349,Armeria maritima,60.521210
CBN-PdlC-B1-20180702,2,1647170,Armeria pubigera,59.487007
CBN-PdlC-B1-20180702,3,1418688,Arctous alpina,58.610744
CBN-PdlC-B1-20180723,1,1392608,Geum montanum,63.972481
CBN-PdlC-B1-20180723,2,1393200,Homogyne alpina,63.816879
CBN-PdlC-B1-20180723,3,1396144,Sedum alpestre,62.414749
CBN-PdlC-B1-20180815,1,1412857,Omalotheca supina,63.015999
CBN-PdlC-B1-20180815,2,1396144,Sedum alpestre,62.678596
CBN-PdlC-B1-20180815,3,1742053,Omalotheca hoppeana,61.154228
CBN-PdlC-B1-20180905,1,1412857,Omalotheca supina,64.366325
CBN-PdlC-B1-20180905,2,1396144,Sedum alpestre,63.777573
CBN-PdlC-B1-20180905,3,1392608,Geum montanum,63.417095
CBN-PdlC-B1-20190701,1,1392608,Geum montanum,62.208679
CBN-PdlC-B1-20190701,2,1358095,Sedum album,61.859009
CBN-PdlC-B1-20190701,3,1393200,Homogyne alpina,59.646538
CBN-PdlC-B1-20190722,1,1392608,Geum montanum,64.588150
CBN-PdlC-B1-20190722,2,1396253,Sibbaldia procumbens,62.290382
CBN-PdlC-B1-20190722,3,1397208,Viscaria alpina,62.173508
CBN-PdlC-B1-20190812,1,1396144,Sedum alpestre,66.660751
CBN-PdlC-B1-20190812,2,1412857,Omalotheca supina,63.940643
CBN-PdlC-B1-20190812,3,1392608,Geum montanum,63.127773
CBN-PdlC-B1-20190909,1,1396144,Sedum alpestre,62.711929
CBN-PdlC-B1-20190909,2,1392608,Geum montanum,62.302643
CBN-PdlC-B1-20190909,3,1412857,Omalotheca supina,62.182465
CBN-PdlC-B1-20200629,1,1356359,Asplenium septentrionale,57.969772
CBN-PdlC-B1-20200629,2,1743421,Senecio serpentinicola,55.635418
CBN-PdlC-B1-20200629,3,1397513,Tofieldia pusilla,55.069798
CBN-PdlC-B1-20200722,1,1396144,Sedum alpestre,65.306870
CBN-PdlC-B1-20200722,2,1393200,Homogyne alpina,64.589851
CBN-PdlC-B1-20200722,3,1392608,Geum montanum,64.044250
CBN-PdlC-B1-20200812,1,1396144,Sedum alpestre,65.082527
CBN-PdlC-B1-20200812,2,1742053,Omalotheca hoppeana,64.714180
CBN-PdlC-B1-20200812,3,1412857,Omalotheca supina,64.273438
CBN-PdlC-B2-20130807,1,1392608,Geum montanum,64.481232
CBN-PdlC-B2-20130807,2,1392535,Gentiana alpina,61.902180
CBN-PdlC-B2-20130807,3,1400017,Armeria linkiana,61.688873
CBN-PdlC-B2-20130903,1,1392608,Geum montanum,62.351604
CBN-PdlC-B2-20130903,2,1744843,Dimorphotheca fruticosa,60.728294
CBN-PdlC-B2-20130903,3,1395807,Salix herbacea,59.872696
CBN-PdlC-B2-20140721,1,1392608,Geum montanum,65.409790
CBN-PdlC-B2-20140721,2,1413349,Armeria maritima,61.256004
CBN-PdlC-B2-20140721,3,1392611,Geum pyrenaicum,58.960056
CBN-PdlC-B2-20140811,1,1392608,Geum montanum,66.497269
CBN-PdlC-B2-20140811,2,1395807,Salix herbacea,64.267281
CBN-PdlC-B2-20140811,3,1360299,Geum sylvaticum,63.926003
CBN-PdlC-B2-20140901,1,1392608,Geum montanum,61.978920
CBN-PdlC-B2-20140901,2,1744479,Armeria bigerrensis,60.903152
CBN-PdlC-B2-20140901,3,1647128,Armeria alpina,60.393612
CBN-PdlC-B2-20150701,1,1392608,Geum montanum,60.005917
CBN-PdlC-B2-20150701,2,1363618,Crassula multicava,59.340462
CBN-PdlC-B2-20150701,3,1391427,Crassula pubescens,59.074036
CBN-PdlC-B2-20150720,1,1392541,Gentiana brachyphylla,60.871700
CBN-PdlC-B2-20150720,2,1392608,Geum montanum,60.581055
CBN-PdlC-B2-20150720,3,1394911,Primula integrifolia,60.572250
CBN-PdlC-B2-20150810,1,1392608,Geum montanum,61.498165
CBN-PdlC-B2-20150810,2,1412857,Omalotheca supina,60.604996
CBN-PdlC-B2-20150810,3,1399082,Armeria sardoa,60.284321
CBN-PdlC-B2-20150831,1,1392608,Geum montanum,63.197098
CBN-PdlC-B2-20150831,2,1400017,Armeria linkiana,60.956543
CBN-PdlC-B2-20150831,3,1395870,Salix retusa,60.126312
CBN-PdlC-B2-20160705,1,1392608,Geum montanum,64.470543
CBN-PdlC-B2-20160705,2,1403533,Bacopa monnieri,60.486500
CBN-PdlC-B2-20160705,3,1392612,Geum reptans,59.673244
CBN-PdlC-B2-20160726,1,1392608,Geum montanum,64.857468
CBN-PdlC-B2-20160726,2,1392534,Gentiana acaulis,63.595509
CBN-PdlC-B2-20160726,3,1392260,Festuca alpina,60.942829
CBN-PdlC-B2-20170816,1,1392534,Gentiana acaulis,62.782150
CBN-PdlC-B2-20170816,2,1393619,Logfia minima,61.923676
CBN-PdlC-B2-20170816,3,1412857,Omalotheca supina,61.604446
CBN-PdlC-B2-20170906,1,1392047,Erigeron glaucus,61.783852
CBN-PdlC-B2-20170906,2,1412857,Omalotheca supina,60.788124
CBN-PdlC-B2-20170906,3,1392608,Geum montanum,60.676914
CBN-PdlC-B2-20180702,1,1392541,Gentiana brachyphylla,60.150776
CBN-PdlC-B2-20180702,2,1412857,Omalotheca supina,58.189819
CBN-PdlC-B2-20180702,3,1394911,Primula integrifolia,58.107849
CBN-PdlC-B2-20180723,1,1392534,Gentiana acaulis,62.832165
CBN-PdlC-B2-20180723,2,1392608,Geum montanum,62.592110
CBN-PdlC-B2-20180723,3,1400101,Bartsia alpina,62.429329
CBN-PdlC-B2-20180815,1,1412857,Omalotheca supina,62.512810
CBN-PdlC-B2-20180815,2,1392534,Gentiana acaulis,61.296673
CBN-PdlC-B2-20180815,3,1397468,Primula pedemontana,59.481182
CBN-PdlC-B2-20180905,1,1392534,Gentiana acaulis,63.291187
CBN-PdlC-B2-20180905,2,1412857,Omalotheca supina,63.226173
CBN-PdlC-B2-20180905,3,1392565,Gentiana terglouensis,61.791374
CBN-PdlC-B2-20190701,1,1397049,Veronica fruticans,59.826435
CBN-PdlC-B2-20190701,2,1390532,Salvinia molesta,57.419830
CBN-PdlC-B2-20190701,3,1418688,Arctous alpina,57.377560
CBN-PdlC-B2-20190722,1,1392534,Gentiana acaulis,65.696556
CBN-PdlC-B2-20190722,2,1400101,Bartsia alpina,63.562283
CBN-PdlC-B2-20190722,3,1392535,Gentiana alpina,62.678307
CBN-PdlC-B2-20190812,1,1361275,Festuca indigesta,62.244102
CBN-PdlC-B2-20190812,2,1412857,Omalotheca supina,61.921669
CBN-PdlC-B2-20190812,3,1392260,Festuca alpina,61.092743
CBN-PdlC-B2-20190909,1,1362482,Phleum alpinum,64.040451
CBN-PdlC-B2-20190909,2,1743471,Festuca glacialis,62.386726
CBN-PdlC-B2-20190909,3,1392608,Geum montanum,61.120598
CBN-PdlC-B2-20200629,1,1738653,Myosotis stolonifera,53.587223
CBN-PdlC-B2-20200629,2,1397468,Primula pedemontana,53.497711
CBN-PdlC-B2-20200629,3,1478565,Myosotis soleirolii,52.863518
CBN-PdlC-B2-20200722,1,1392608,Geum montanum,63.417923
CBN-PdlC-B2-20200722,2,1742053,Omalotheca hoppeana,62.541183
CBN-PdlC-B2-20200722,3,1392612,Geum reptans,62.052162
CBN-PdlC-B2-20200812,1,1392608,Geum montanum,63.825886
CBN-PdlC-B2-20200812,2,1392612,Geum reptans,59.948456
CBN-PdlC-B2-20200812,3,1394911,Primula integrifolia,58.945839
CBN-PdlC-B3-20130807,1,1392534,Gentiana acaulis,61.686378
CBN-PdlC-B3-20130807,2,1393200,Homogyne alpina,60.612083
CBN-PdlC-B3-20130807,3,1392541,Gentiana brachyphylla,59.789623
CBN-PdlC-B3-20130903,1,1393200,Homogyne alpina,66.079697
CBN-PdlC-B3-20130903,2,1394597,Pinguicula corsica,61.625763
CBN-PdlC-B3-20130903,3,1394595,Pinguicula alpina,60.545464
CBN-PdlC-B3-20140721,1,1393200,Homogyne alpina,64.765442
CBN-PdlC-B3-20140721,2,1392534,Gentiana acaulis,61.394562
CBN-PdlC-B3-20140721,3,1392541,Gentiana brachyphylla,60.655552
CBN-PdlC-B3-20140811,1,1393200,Homogyne alpina,64.976273
CBN-PdlC-B3-20140811,2,1412857,Omalotheca supina,63.403522
CBN-PdlC-B3-20140811,3,1393619,Logfia minima,62.307323
CBN-PdlC-B3-20140901,1,1393200,Homogyne alpina,64.034492
CBN-PdlC-B3-20140901,2,1412857,Omalotheca supina,62.519669
CBN-PdlC-B3-20140901,3,1742053,Omalotheca hoppeana,61.945229
CBN-PdlC-B3-20150701,1,1393200,Homogyne alpina,61.993645
CBN-PdlC-B3-20150701,2,1394911,Primula integrifolia,59.840572
CBN-PdlC-B3-20150701,3,1395807,Salix herbacea,59.213120
CBN-PdlC-B3-20150810,1,1393200,Homogyne alpina,61.446701
CBN-PdlC-B3-20150810,2,1392541,Gentiana brachyphylla,60.299492
CBN-PdlC-B3-20150810,3,1358624,Centaurium erythraea,60.081779
CBN-PdlC-B3-20150831,1,1393200,Homogyne alpina,65.082359
CBN-PdlC-B3-20150831,2,1392534,Gentiana acaulis,61.207661
CBN-PdlC-B3-20150831,3,1412857,Omalotheca supina,60.747368
CBN-PdlC-B3-20160705,1,1393200,Homogyne alpina,65.116974
CBN-PdlC-B3-20160705,2,1412857,Omalotheca supina,60.673908
CBN-PdlC-B3-20160705,3,1393619,Logfia minima,60.395721
CBN-PdlC-B3-20160726,1,1393200,Homogyne alpina,66.192726
CBN-PdlC-B3-20160726,2,1361367,Poa alpina,61.454422
CBN-PdlC-B3-20160726,3,1412857,Omalotheca supina,61.315521
CBN-PdlC-B3-20170816,1,1394542,Phyteuma hemisphaericum,66.740768
CBN-PdlC-B3-20170816,2,1412857,Omalotheca supina,62.936653
CBN-PdlC-B3-20170816,3,1399798,Pinguicula dertosensis,62.516766
CBN-PdlC-B3-20170906,1,1393200,Homogyne alpina,63.459389
CBN-PdlC-B3-20170906,2,1412857,Omalotheca supina,61.439644
CBN-PdlC-B3-20170906,3,1396144,Sedum alpestre,60.741142
CBN-PdlC-B3-20180702,1,1396144,Sedum alpestre,60.218365
CBN-PdlC-B3-20180702,2,1399800,Pinguicula nevadensis,59.762783
CBN-PdlC-B3-20180702,3,1391427,Crassula pubescens,59.144661
CBN-PdlC-B3-20180723,1,1393200,Homogyne alpina,65.594673
CBN-PdlC-B3-20180723,2,1742053,Omalotheca hoppeana,63.865658
CBN-PdlC-B3-20180723,3,1394641,Antennaria carpatica,61.116505
CBN-PdlC-B3-20180815,1,1393200,Homogyne alpina,66.899422
CBN-PdlC-B3-20180815,2,1388913,Lysimachia arvensis,60.348690
CBN-PdlC-B3-20180815,3,1412857,Omalotheca supina,58.575478
CBN-PdlC-B3-20180905,1,1393200,Homogyne alpina,65.737724
CBN-PdlC-B3-20180905,2,1412857,Omalotheca supina,63.502274
CBN-PdlC-B3-20180905,3,1396144,Sedum alpestre,63.141773
CBN-PdlC-B3-20190701,1,1393200,Homogyne alpina,60.328072
CBN-PdlC-B3-20190701,2,1396144,Sedum alpestre,58.006386
CBN-PdlC-B3-20190701,3,1399800,Pinguicula nevadensis,57.936234
CBN-PdlC-B3-20190722,1,1356359,Asplenium septentrionale,61.900352
CBN-PdlC-B3-20190722,2,1361367,Poa alpina,61.667805
CBN-PdlC-B3-20190722,3,1393200,Homogyne alpina,61.445656
CBN-PdlC-B3-20190812,1,1393200,Homogyne alpina,64.239838
CBN-PdlC-B3-20190812,2,1412857,Omalotheca supina,63.052898
CBN-PdlC-B3-20190812,3,1742053,Omalotheca hoppeana,61.483650
CBN-PdlC-B3-20190909,1,1397126,Viola bubanii,59.374901
CBN-PdlC-B3-20190909,2,1357405,Centaurea boissieri,58.804565
CBN-PdlC-B3-20190909,3,1412857,Omalotheca supina,57.795856
CBN-PdlC-B3-20200629,1,1399798,Pinguicula dertosensis,58.412457
CBN-PdlC-B3-20200629,2,1356228,Cymodocea nodosa,57.335419
CBN-PdlC-B3-20200629,3,1361708,Potamogeton polygonifolius,56.787392
CBN-PdlC-B3-20200722,1,1392541,Gentiana brachyphylla,64.131493
CBN-PdlC-B3-20200722,2,1393200,Homogyne alpina,63.624657
CBN-PdlC-B3-20200722,3,1412857,Omalotheca supina,61.212437
CBN-PdlC-B3-20200812,1,1393200,Homogyne alpina,68.404968
CBN-PdlC-B3-20200812,2,1742053,Omalotheca hoppeana,66.308159
CBN-PdlC-B3-20200812,3,1412857,Omalotheca supina,65.005814
CBN-PdlC-B4-20130807,1,1397475,Rhododendron ferrugineum,63.858166
CBN-PdlC-B4-20130807,2,1396253,Sibbaldia procumbens,62.313301
CBN-PdlC-B4-20130807,3,1742075,Artemisia genipi,60.072189
CBN-PdlC-B4-20130903,1,1397475,Rhododendron ferrugineum,63.930397
CBN-PdlC-B4-20130903,2,1393200,Homogyne alpina,60.004787
CBN-PdlC-B4-20130903,3,1532190,Carex rorulenta,59.890926
CBN-PdlC-B4-20140721,1,1397475,Rhododendron ferrugineum,64.488358
CBN-PdlC-B4-20140721,2,1393874,Myoporum laetum,59.387325
CBN-PdlC-B4-20140721,3,1393200,Homogyne alpina,56.848564
CBN-PdlC-B4-20140811,1,1397475,Rhododendron ferrugineum,64.140465
CBN-PdlC-B4-20140811,2,1394311,Oreochloa disticha,62.599876
CBN-PdlC-B4-20140811,3,1394911,Primula integrifolia,62.237022
CBN-PdlC-B4-20140901,1,1397475,Rhododendron ferrugineum,63.614067
CBN-PdlC-B4-20140901,2,1412857,Omalotheca supina,63.545727
CBN-PdlC-B4-20140901,3,1742053,Omalotheca hoppeana,62.868057
CBN-PdlC-B4-20150701,1,1397475,Rhododendron ferrugineum,63.642311
CBN-PdlC-B4-20150701,2,1393874,Myoporum laetum,60.476608
CBN-PdlC-B4-20150701,3,1395807,Salix herbacea,58.261902
CBN-PdlC-B4-20150810,1,1397475,Rhododendron ferrugineum,63.259521
CBN-PdlC-B4-20150810,2,1390674,Campanula scheuchzeri,61.741096
CBN-PdlC-B4-20150810,3,1392260,Festuca alpina,60.910908
CBN-PdlC-B4-20150831,1,1397475,Rhododendron ferrugineum,64.800240
CBN-PdlC-B4-20150831,2,1394311,Oreochloa disticha,64.164703
CBN-PdlC-B4-20150831,3,1393200,Homogyne alpina,60.794170
CBN-PdlC-B4-20160726,1,1393200,Homogyne alpina,66.539253
CBN-PdlC-B4-20160726,2,1397475,Rhododendron ferrugineum,64.067940
CBN-PdlC-B4-20160726,3,1412857,Omalotheca supina,63.365234
CBN-PdlC-B4-20170816,1,1397475,Rhododendron ferrugineum,62.730682
CBN-PdlC-B4-20170816,2,1519650,Scorzoneroides helvetica,61.415932
CBN-PdlC-B4-20170816,3,1393874,Myoporum laetum,61.316650
CBN-PdlC-B4-20170906,1,1397475,Rhododendron ferrugineum,64.218422
CBN-PdlC-B4-20170906,2,1396144,Sedum alpestre,61.883297
CBN-PdlC-B4-20170906,3,1393200,Homogyne alpina,60.374699
CBN-PdlC-B4-20180702,1,1397475,Rhododendron ferrugineum,63.801468
CBN-PdlC-B4-20180702,2,1393874,Myoporum laetum,61.018921
CBN-PdlC-B4-20180702,3,1396144,Sedum alpestre,57.326454
CBN-PdlC-B4-20180723,1,1396144,Sedum alpestre,66.172913
CBN-PdlC-B4-20180723,2,1397475,Rhododendron ferrugineum,65.237068
CBN-PdlC-B4-20180723,3,1393200,Homogyne alpina,64.443222
CBN-PdlC-B4-20180815,1,1396144,Sedum alpestre,64.250969
CBN-PdlC-B4-20180815,2,1397475,Rhododendron ferrugineum,63.477425
CBN-PdlC-B4-20180815,3,1395807,Salix herbacea,58.091057
CBN-PdlC-B4-20180905,1,1393200,Homogyne alpina,67.236847
CBN-PdlC-B4-20180905,2,1396144,Sedum alpestre,64.705040
CBN-PdlC-B4-20180905,3,1397475,Rhododendron ferrugineum,63.506702
CBN-PdlC-B4-20190701,1,1397475,Rhododendron ferrugineum,64.205894
CBN-PdlC-B4-20190701,2,1741661,Rhododendron intermedium,56.760670
CBN-PdlC-B4-20190701,3,1391427,Crassula pubescens,56.440338
CBN-PdlC-B4-20190722,1,1397475,Rhododendron ferrugineum,64.506538
CBN-PdlC-B4-20190722,2,1393874,Myoporum laetum,58.652672
CBN-PdlC-B4-20190722,3,1395870,Salix retusa,57.530712
CBN-PdlC-B4-20190812,1,1397475,Rhododendron ferrugineum,62.720665
CBN-PdlC-B4-20190812,2,1393874,Myoporum laetum,60.808052
CBN-PdlC-B4-20190812,3,1362482,Phleum alpinum,59.473618
CBN-PdlC-B4-20190909,1,1397475,Rhododendron ferrugineum,64.238708
CBN-PdlC-B4-20190909,2,1356456,Acer granatense,59.543846
CBN-PdlC-B4-20190909,3,1391079,Cerastium latifolium,58.833031
CBN-PdlC-B4-20200629,1,1397475,Rhododendron ferrugineum,64.819870
CBN-PdlC-B4-20200629,2,1418688,Arctous alpina,57.608131
CBN-PdlC-B4-20200629,3,1393947,Neottia cordata,57.014175
CBN-PdlC-B4-20200722,1,1397475,Rhododendron ferrugineum,64.654099
CBN-PdlC-B4-20200722,2,1397593,Saxifraga cernua,61.454205
CBN-PdlC-B4-20200722,3,1742053,Omalotheca hoppeana,59.371628
CBN-PdlC-B4-20200812,1,1393200,Homogyne alpina,65.160461
CBN-PdlC-B4-20200812,2,1412857,Omalotheca supina,63.103275
CBN-PdlC-B4-20200812,3,1742053,Omalotheca hoppeana,61.742863
CBN-PdlC-B5-20130807,1,1397475,Rhododendron ferrugineum,65.355476
CBN-PdlC-B5-20130807,2,1395807,Salix herbacea,61.417526
CBN-PdlC-B5-20130807,3,1396974,Valeriana celtica,60.187645
CBN-PdlC-B5-20130903,1,1397475,Rhododendron ferrugineum,63.763702
CBN-PdlC-B5-20130903,2,1395807,Salix herbacea,61.596706
CBN-PdlC-B5-20130903,3,1393874,Myoporum laetum,59.575390
CBN-PdlC-B5-20140630,1,1392767,Heteranthera reniformis,56.504433
CBN-PdlC-B5-20140630,2,1392709,Allium oporinanthum,55.212803
CBN-PdlC-B5-20140630,3,1724565,Hydrocharis laevigata,54.139530
CBN-PdlC-B5-20140721,1,1397475,Rhododendron ferrugineum,65.227928
CBN-PdlC-B5-20140721,2,1396253,Sibbaldia procumbens,63.556953
CBN-PdlC-B5-20140721,3,1395807,Salix herbacea,62.296059
CBN-PdlC-B5-20140811,1,1397475,Rhododendron ferrugineum,64.691635
CBN-PdlC-B5-20140811,2,1395807,Salix herbacea,63.212212
CBN-PdlC-B5-20140811,3,1394311,Oreochloa disticha,61.467598
CBN-PdlC-B5-20140901,1,1397475,Rhododendron ferrugineum,63.935909
CBN-PdlC-B5-20140901,2,1361367,Poa alpina,63.757336
CBN-PdlC-B5-20140901,3,1397450,Orthilia secunda,60.813290
CBN-PdlC-B5-20150701,1,1397475,Rhododendron ferrugineum,64.482819
CBN-PdlC-B5-20150701,2,1395807,Salix herbacea,62.221916
CBN-PdlC-B5-20150701,3,1400101,Bartsia alpina,62.193542
CBN-PdlC-B5-20150720,1,1397475,Rhododendron ferrugineum,65.060158
CBN-PdlC-B5-20150720,2,1400101,Bartsia alpina,62.056618
CBN-PdlC-B5-20150720,3,1395190,Rhododendron hirsutum,61.395283
CBN-PdlC-B5-20150810,1,1395807,Salix herbacea,63.942352
CBN-PdlC-B5-20150810,2,1397475,Rhododendron ferrugineum,62.765297
CBN-PdlC-B5-20150810,3,1361801,Vaccinium myrtillus,59.887207
CBN-PdlC-B5-20150831,1,1397475,Rhododendron ferrugineum,65.200882
CBN-PdlC-B5-20150831,2,1395807,Salix herbacea,63.233807
CBN-PdlC-B5-20150831,3,1396253,Sibbaldia procumbens,63.177116
CBN-PdlC-B5-20160705,1,1397475,Rhododendron ferrugineum,65.003822
CBN-PdlC-B5-20160705,2,1396253,Sibbaldia procumbens,63.578163
CBN-PdlC-B5-20160705,3,1400101,Bartsia alpina,62.894218
CBN-PdlC-B5-20160726,1,1397475,Rhododendron ferrugineum,65.021675
CBN-PdlC-B5-20160726,2,1396253,Sibbaldia procumbens,62.267361
CBN-PdlC-B5-20160726,3,1395807,Salix herbacea,62.112053
CBN-PdlC-B5-20170816,1,1397475,Rhododendron ferrugineum,64.135330
CBN-PdlC-B5-20170816,2,1394311,Oreochloa disticha,61.786800
CBN-PdlC-B5-20170816,3,1722440,Sesleria albicans,60.926270
CBN-PdlC-B5-20170906,1,1397475,Rhododendron ferrugineum,63.877407
CBN-PdlC-B5-20170906,2,1361141,Agrostis rupestris,61.556633
CBN-PdlC-B5-20170906,3,1393874,Myoporum laetum,61.308159
CBN-PdlC-B5-20180702,1,1397475,Rhododendron ferrugineum,64.734833
CBN-PdlC-B5-20180702,2,1741661,Rhododendron intermedium,57.088459
CBN-PdlC-B5-20180702,3,1393874,Myoporum laetum,56.709606
CBN-PdlC-B5-20180723,1,1397475,Rhododendron ferrugineum,64.205856
CBN-PdlC-B5-20180723,2,1395807,Salix herbacea,61.386826
CBN-PdlC-B5-20180723,3,1361801,Vaccinium myrtillus,59.252121
CBN-PdlC-B5-20180815,1,1397475,Rhododendron ferrugineum,63.899467
CBN-PdlC-B5-20180815,2,1418688,Arctous alpina,58.144238
CBN-PdlC-B5-20180815,3,1397468,Primula pedemontana,57.164291
CBN-PdlC-B5-20180905,1,1397475,Rhododendron ferrugineum,64.136444
CBN-PdlC-B5-20180905,2,1393874,Myoporum laetum,60.136917
CBN-PdlC-B5-20180905,3,1393857,Moneses uniflora,59.446476
CBN-PdlC-B5-20190701,1,1397475,Rhododendron ferrugineum,60.518570
CBN-PdlC-B5-20190701,2,1392407,Gagea serotina,58.537407
CBN-PdlC-B5-20190701,3,1392534,Gentiana acaulis,58.180794
CBN-PdlC-B5-20190722,1,1397475,Rhododendron ferrugineum,66.276077
CBN-PdlC-B5-20190722,2,1393887,Myosotis corsicana,64.190102
CBN-PdlC-B5-20190722,3,1395807,Salix herbacea,61.100643
CBN-PdlC-B5-20190812,1,1397475,Rhododendron ferrugineum,63.148399
CBN-PdlC-B5-20190812,2,1392552,Gentiana nivalis,63.047791
CBN-PdlC-B5-20190812,3,1395758,Salix breviserrata,61.915085
CBN-PdlC-B5-20190909,1,1397475,Rhododendron ferrugineum,64.391571
CBN-PdlC-B5-20190909,2,1395807,Salix herbacea,61.759739
CBN-PdlC-B5-20190909,3,1392541,Gentiana brachyphylla,61.444260
CBN-PdlC-B5-20200629,1,1397475,Rhododendron ferrugineum,64.709396
CBN-PdlC-B5-20200629,2,1396253,Sibbaldia procumbens,60.791348
CBN-PdlC-B5-20200629,3,1418688,Arctous alpina,59.537697
CBN-PdlC-B5-20200722,1,1397475,Rhododendron ferrugineum,63.787384
CBN-PdlC-B5-20200722,2,1395807,Salix herbacea,62.541992
CBN-PdlC-B5-20200722,3,1396253,Sibbaldia procumbens,62.155151
CBN-PdlC-B5-20200812,1,1397475,Rhododendron ferrugineum,63.470600
CBN-PdlC-B5-20200812,2,1395807,Salix herbacea,62.705677
CBN-PdlC-B5-20200812,3,1400101,Bartsia alpina,61.527794
CBN-PdlC-B6-20130807,1,1392535,Gentiana alpina,62.341179
CBN-PdlC-B6-20130807,2,1392534,Gentiana acaulis,62.254478
CBN-PdlC-B6-20130807,3,1395807,Salix herbacea,61.282444
CBN-PdlC-B6-20130903,1,1392534,Gentiana acaulis,60.743786
CBN-PdlC-B6-20130903,2,1397475,Rhododendron ferrugineum,60.013836
CBN-PdlC-B6-20130903,3,1395807,Salix herbacea,59.589947
CBN-PdlC-B6-20140630,1,1743359,Narthecium reverchonii,58.248394
CBN-PdlC-B6-20140630,2,1392534,Gentiana acaulis,58.080616
CBN-PdlC-B6-20140630,3,1399798,Pinguicula dertosensis,57.954372
CBN-PdlC-B6-20140721,1,1396253,Sibbaldia procumbens,63.587246
CBN-PdlC-B6-20140721,2,1395807,Salix herbacea,61.844635
CBN-PdlC-B6-20140721,3,1393725,Maianthemum bifolium,59.410877
CBN-PdlC-B6-20140811,1,1393200,Homogyne alpina,63.404015
CBN-PdlC-B6-20140811,2,1395807,Salix herbacea,63.251007
CBN-PdlC-B6-20140811,3,1396253,Sibbaldia procumbens,62.922329
CBN-PdlC-B6-20140901,1,1389929,Helictochloa versicolor,62.589199
CBN-PdlC-B6-20140901,2,1720959,Anthoxanthum nipponicum,60.809471
CBN-PdlC-B6-20140901,3,1395807,Salix herbacea,60.580517
CBN-PdlC-B6-20150701,1,1396253,Sibbaldia procumbens,64.094543
CBN-PdlC-B6-20150701,2,1395807,Salix herbacea,62.710220
CBN-PdlC-B6-20150701,3,1394911,Primula integrifolia,62.006378
CBN-PdlC-B6-20150720,1,1395807,Salix herbacea,62.989193
CBN-PdlC-B6-20150720,2,1361367,Poa alpina,61.515991
CBN-PdlC-B6-20150720,3,1361801,Vaccinium myrtillus,61.445557
CBN-PdlC-B6-20150810,1,1395807,Salix herbacea,62.130920
CBN-PdlC-B6-20150810,2,1361801,Vaccinium myrtillus,60.754402
CBN-PdlC-B6-20150810,3,1397475,Rhododendron ferrugineum,60.504620
CBN-PdlC-B6-20150831,1,1395807,Salix herbacea,62.401497
CBN-PdlC-B6-20150831,2,1393200,Homogyne alpina,62.258640
CBN-PdlC-B6-20150831,3,1396253,Sibbaldia procumbens,60.925900
CBN-PdlC-B6-20160705,1,1393200,Homogyne alpina,64.309433
CBN-PdlC-B6-20160705,2,1396253,Sibbaldia procumbens,64.051567
CBN-PdlC-B6-20160705,3,1395807,Salix herbacea,63.244602
CBN-PdlC-B6-20160726,1,1396253,Sibbaldia procumbens,62.901814
CBN-PdlC-B6-20160726,2,1395807,Salix herbacea,60.666985
CBN-PdlC-B6-20160726,3,1361801,Vaccinium myrtillus,60.224174
CBN-PdlC-B6-20170816,1,1396253,Sibbaldia procumbens,60.437767
CBN-PdlC-B6-20170816,2,1720959,Anthoxanthum nipponicum,60.325493
CBN-PdlC-B6-20170816,3,1395807,Salix herbacea,59.303562
CBN-PdlC-B6-20170906,1,1396253,Sibbaldia procumbens,62.512611
CBN-PdlC-B6-20170906,2,1393200,Homogyne alpina,62.123302
CBN-PdlC-B6-20170906,3,1396347,Armeria euscadiensis,62.003235
CBN-PdlC-B6-20180702,1,1393200,Homogyne alpina,63.457966
CBN-PdlC-B6-20180702,2,1396253,Sibbaldia procumbens,62.421707
CBN-PdlC-B6-20180702,3,1394911,Primula integrifolia,61.843391
CBN-PdlC-B6-20180723,1,1395807,Salix herbacea,62.882320
CBN-PdlC-B6-20180723,2,1396253,Sibbaldia procumbens,60.295742
CBN-PdlC-B6-20180723,3,1741880,Salix serpillifolia,59.506981
CBN-PdlC-B6-20180905,1,1396253,Sibbaldia procumbens,63.000183
CBN-PdlC-B6-20180905,2,1395807,Salix herbacea,60.488297
CBN-PdlC-B6-20180905,3,1395870,Salix retusa,59.928974
CBN-PdlC-B6-20190701,1,1393200,Homogyne alpina,64.285500
CBN-PdlC-B6-20190701,2,1394911,Primula integrifolia,62.639023
CBN-PdlC-B6-20190701,3,1361801,Vaccinium myrtillus,61.363914
CBN-PdlC-B6-20190722,1,1396253,Sibbaldia procumbens,63.372692
CBN-PdlC-B6-20190722,2,1393200,Homogyne alpina,63.252274
CBN-PdlC-B6-20190722,3,1395807,Salix herbacea,61.496864
CBN-PdlC-B6-20190812,1,1393200,Homogyne alpina,63.112919
CBN-PdlC-B6-20190812,2,1396253,Sibbaldia procumbens,61.614250
CBN-PdlC-B6-20190812,3,1361801,Vaccinium myrtillus,60.684364
CBN-PdlC-B6-20190909,1,1397450,Orthilia secunda,63.001762
CBN-PdlC-B6-20190909,2,1396253,Sibbaldia procumbens,62.669552
CBN-PdlC-B6-20190909,3,1393857,Moneses uniflora,61.760330
CBN-PdlC-B6-20200629,1,1397475,Rhododendron ferrugineum,61.408978
CBN-PdlC-B6-20200629,2,1396253,Sibbaldia procumbens,61.061855
CBN-PdlC-B6-20200629,3,1393200,Homogyne alpina,59.729752
CBN-PdlC-B6-20200722,1,1396253,Sibbaldia procumbens,64.292236
CBN-PdlC-B6-20200722,2,1392534,Gentiana acaulis,64.058975
CBN-PdlC-B6-20200722,3,1393200,Homogyne alpina,63.581047
CBN-PdlC-B6-20200812,1,1393200,Homogyne alpina,63.828514
CBN-PdlC-B6-20200812,2,1395807,Salix herbacea,61.958145
CBN-PdlC-B6-20200812,3,1392541,Gentiana brachyphylla,61.182137
CBN-PdlC-C1-20130807,1,1397500,Soldanella alpina,62.756004
CBN-PdlC-C1-20130807,2,1393708,Lysimachia nummularia,62.688862
CBN-PdlC-C1-20130807,3,1396253,Sibbaldia procumbens,61.691292
CBN-PdlC-C1-20130903,1,1393200,Homogyne alpina,66.832977
CBN-PdlC-C1-20130903,2,1396253,Sibbaldia procumbens,64.157867
CBN-PdlC-C1-20130903,3,1395807,Salix herbacea,60.341961
CBN-PdlC-C1-20140721,1,1397500,Soldanella alpina,64.843231
CBN-PdlC-C1-20140721,2,1396253,Sibbaldia procumbens,62.649521
CBN-PdlC-C1-20140721,3,1393200,Homogyne alpina,61.850060
CBN-PdlC-C1-20140811,1,1393200,Homogyne alpina,66.050140
CBN-PdlC-C1-20140811,2,1395807,Salix herbacea,62.239822
CBN-PdlC-C1-20140811,3,1360748,Hydrocotyle vulgaris,61.798336
CBN-PdlC-C1-20140901,1,1393200,Homogyne alpina,65.132416
CBN-PdlC-C1-20140901,2,1392534,Gentiana acaulis,61.360733
CBN-PdlC-C1-20140901,3,1395807,Salix herbacea,61.336761
CBN-PdlC-C1-20150701,1,1397500,Soldanella alpina,66.518921
CBN-PdlC-C1-20150701,2,1393200,Homogyne alpina,64.842949
CBN-PdlC-C1-20150701,3,1392534,Gentiana acaulis,60.627300
CBN-PdlC-C1-20150720,1,1393200,Homogyne alpina,64.285004
CBN-PdlC-C1-20150720,2,1742053,Omalotheca hoppeana,62.897583
CBN-PdlC-C1-20150720,3,1396253,Sibbaldia procumbens,62.777153
CBN-PdlC-C1-20150810,1,1393200,Homogyne alpina,63.380886
CBN-PdlC-C1-20150810,2,1395807,Salix herbacea,62.728874
CBN-PdlC-C1-20150810,3,1362482,Phleum alpinum,61.677284
CBN-PdlC-C1-20150831,1,1396253,Sibbaldia procumbens,64.910591
CBN-PdlC-C1-20150831,2,1393200,Homogyne alpina,64.563675
CBN-PdlC-C1-20150831,3,1742053,Omalotheca hoppeana,62.061859
CBN-PdlC-C1-20160705,1,1393200,Homogyne alpina,64.327492
CBN-PdlC-C1-20160705,2,1396253,Sibbaldia procumbens,63.456333
CBN-PdlC-C1-20160705,3,1397500,Soldanella alpina,60.918690
CBN-PdlC-C1-20160726,1,1396253,Sibbaldia procumbens,62.998615
CBN-PdlC-C1-20160726,2,1393200,Homogyne alpina,60.568642
CBN-PdlC-C1-20160726,3,1394655,Poa badensis,59.896355
CBN-PdlC-C1-20170816,1,1393200,Homogyne alpina,66.570297
CBN-PdlC-C1-20170816,2,1392534,Gentiana acaulis,63.103001
CBN-PdlC-C1-20170816,3,1396253,Sibbaldia procumbens,61.544991
CBN-PdlC-C1-20170906,1,1396253,Sibbaldia procumbens,61.355591
CBN-PdlC-C1-20170906,2,1361347,Nardus stricta,59.368309
CBN-PdlC-C1-20170906,3,1390532,Salvinia molesta,59.196102
CBN-PdlC-C1-20180723,1,1393200,Homogyne alpina,63.718262
CBN-PdlC-C1-20180723,2,1396253,Sibbaldia procumbens,63.448410
CBN-PdlC-C1-20180723,3,1393708,Lysimachia nummularia,61.249104
CBN-PdlC-C1-20180815,1,1393200,Homogyne alpina,60.437435
CBN-PdlC-C1-20180815,2,1395807,Salix herbacea,58.729694
CBN-PdlC-C1-20180815,3,1397500,Soldanella alpina,58.183609
CBN-PdlC-C1-20180905,1,1393200,Homogyne alpina,66.454338
CBN-PdlC-C1-20180905,2,1396253,Sibbaldia procumbens,63.410431
CBN-PdlC-C1-20180905,3,1392534,Gentiana acaulis,62.295261
CBN-PdlC-C1-20190701,1,1390532,Salvinia molesta,57.705383
CBN-PdlC-C1-20190701,2,1359937,Littorella uniflora,57.518303
CBN-PdlC-C1-20190701,3,1393200,Homogyne alpina,57.216019
CBN-PdlC-C1-20190722,1,1393200,Homogyne alpina,65.692261
CBN-PdlC-C1-20190722,2,1396253,Sibbaldia procumbens,62.802818
CBN-PdlC-C1-20190722,3,1395807,Salix herbacea,61.232738
CBN-PdlC-C1-20190812,1,1393200,Homogyne alpina,63.920048
CBN-PdlC-C1-20190812,2,1392534,Gentiana acaulis,63.863762
CBN-PdlC-C1-20190812,3,1396253,Sibbaldia procumbens,62.422001
CBN-PdlC-C1-20190909,1,1394311,Oreochloa disticha,61.535881
CBN-PdlC-C1-20190909,2,1393200,Homogyne alpina,61.436806
CBN-PdlC-C1-20190909,3,1395807,Salix herbacea,61.362427
CBN-PdlC-C1-20200722,1,1393200,Homogyne alpina,67.940018
CBN-PdlC-C1-20200722,2,1395807,Salix herbacea,61.360344
CBN-PdlC-C1-20200722,3,1394311,Oreochloa disticha,60.344254
CBN-PdlC-C1-20200812,1,1392534,Gentiana acaulis,67.128098
CBN-PdlC-C1-20200812,2,1393200,Homogyne alpina,66.051361
CBN-PdlC-C1-20200812,3,1362482,Phleum alpinum,63.150696
CBN-PdlC-C2-20130903,1,1412857,Omalotheca supina,66.837372
CBN-PdlC-C2-20130903,2,1742053,Omalotheca hoppeana,64.909653
CBN-PdlC-C2-20130903,3,1395807,Salix herbacea,62.556744
CBN-PdlC-C2-20140721,1,1396144,Sedum alpestre,64.063614
CBN-PdlC-C2-20140721,2,1396253,Sibbaldia procumbens,62.858856
CBN-PdlC-C2-20140721,3,1412857,Omalotheca supina,62.169228
CBN-PdlC-C2-20140811,1,1392535,Gentiana alpina,66.281929
CBN-PdlC-C2-20140811,2,1742053,Omalotheca hoppeana,65.688683
CBN-PdlC-C2-20140811,3,1412857,Omalotheca supina,65.672096
CBN-PdlC-C2-20140901,1,1742053,Omalotheca hoppeana,65.192734
CBN-PdlC-C2-20140901,2,1412857,Omalotheca supina,64.561424
CBN-PdlC-C2-20140901,3,1392541,Gentiana brachyphylla,62.966148
CBN-PdlC-C2-20150701,1,1393200,Homogyne alpina,67.040726
CBN-PdlC-C2-20150701,2,1412857,Omalotheca supina,61.457695
CBN-PdlC-C2-20150701,3,1396144,Sedum alpestre,61.201874
CBN-PdlC-C2-20150720,1,1412857,Omalotheca supina,64.628464
CBN-PdlC-C2-20150720,2,1742053,Omalotheca hoppeana,62.834213
CBN-PdlC-C2-20150720,3,1391092,Cerastium tomentosum,62.130981
CBN-PdlC-C2-20150810,1,1742053,Omalotheca hoppeana,65.930664
CBN-PdlC-C2-20150810,2,1412857,Omalotheca supina,63.266472
CBN-PdlC-C2-20150810,3,1395807,Salix herbacea,61.364540
CBN-PdlC-C2-20150831,1,1412857,Omalotheca supina,65.579414
CBN-PdlC-C2-20150831,2,1396144,Sedum alpestre,64.185097
CBN-PdlC-C2-20150831,3,1742053,Omalotheca hoppeana,63.363350
CBN-PdlC-C2-20160705,1,1412857,Omalotheca supina,63.246304
CBN-PdlC-C2-20160705,2,1361347,Nardus stricta,61.871258
CBN-PdlC-C2-20160705,3,1396144,Sedum alpestre,60.746902
CBN-PdlC-C2-20160726,1,1392535,Gentiana alpina,65.105843
CBN-PdlC-C2-20160726,2,1392534,Gentiana acaulis,64.645248
CBN-PdlC-C2-20160726,3,1412857,Omalotheca supina,63.949394
CBN-PdlC-C2-20170816,1,1392541,Gentiana brachyphylla,66.315216
CBN-PdlC-C2-20170816,2,1412857,Omalotheca supina,64.717606
CBN-PdlC-C2-20170816,3,1392565,Gentiana terglouensis,63.637459
CBN-PdlC-C2-20170906,1,1392534,Gentiana acaulis,64.496918
CBN-PdlC-C2-20170906,2,1396253,Sibbaldia procumbens,63.540100
CBN-PdlC-C2-20170906,3,1412857,Omalotheca supina,62.853546
CBN-PdlC-C2-20180723,1,1393200,Homogyne alpina,64.801277
CBN-PdlC-C2-20180723,2,1412857,Omalotheca supina,61.371826
CBN-PdlC-C2-20180723,3,1396253,Sibbaldia procumbens,60.843521
CBN-PdlC-C2-20180815,1,1412857,Omalotheca supina,63.938248
CBN-PdlC-C2-20180815,2,1395807,Salix herbacea,61.413326
CBN-PdlC-C2-20180815,3,1392541,Gentiana brachyphylla,60.341251
CBN-PdlC-C2-20180905,1,1393200,Homogyne alpina,68.016220
CBN-PdlC-C2-20180905,2,1412857,Omalotheca supina,65.509705
CBN-PdlC-C2-20180905,3,1392535,Gentiana alpina,62.201332
CBN-PdlC-C2-20190701,1,1389475,Potamogeton schweinfurthii,57.578239
CBN-PdlC-C2-20190701,2,1361723,Zostera marina,55.383556
CBN-PdlC-C2-20190701,3,1356228,Cymodocea nodosa,55.282402
CBN-PdlC-C2-20190722,1,1412857,Omalotheca supina,63.631378
CBN-PdlC-C2-20190722,2,1393200,Homogyne alpina,63.448196
CBN-PdlC-C2-20190722,3,1395807,Salix herbacea,62.994007
CBN-PdlC-C2-20190812,1,1396253,Sibbaldia procumbens,63.094215
CBN-PdlC-C2-20190812,2,1412857,Omalotheca supina,62.533760
CBN-PdlC-C2-20190812,3,1392534,Gentiana acaulis,62.267548
CBN-PdlC-C2-20190909,1,1393200,Homogyne alpina,63.624001
CBN-PdlC-C2-20190909,2,1412857,Omalotheca supina,63.280178
CBN-PdlC-C2-20190909,3,1742053,Omalotheca hoppeana,63.150764
CBN-PdlC-C2-20200722,1,1396253,Sibbaldia procumbens,62.648010
CBN-PdlC-C2-20200722,2,1395807,Salix herbacea,62.213173
CBN-PdlC-C2-20200722,3,1392541,Gentiana brachyphylla,62.035027
CBN-PdlC-C2-20200812,1,1412857,Omalotheca supina,63.434570
CBN-PdlC-C2-20200812,2,1392534,Gentiana acaulis,63.016872
CBN-PdlC-C2-20200812,3,1396253,Sibbaldia procumbens,62.977280
CBN-PdlC-C3-20130807,1,1396253,Sibbaldia procumbens,63.973755
CBN-PdlC-C3-20130807,2,1741880,Salix serpillifolia,60.549068
CBN-PdlC-C3-20130807,3,1364066,Veronica serpyllifolia,60.474274
CBN-PdlC-C3-20130903,1,1412857,Omalotheca supina,63.815823
CBN-PdlC-C3-20130903,2,1396253,Sibbaldia procumbens,63.341621
CBN-PdlC-C3-20130903,3,1741880,Salix serpillifolia,62.986763
CBN-PdlC-C3-20140721,1,1396253,Sibbaldia procumbens,62.318611
CBN-PdlC-C3-20140721,2,1392407,Gagea serotina,59.871944
CBN-PdlC-C3-20140721,3,1392534,Gentiana acaulis,59.684292
CBN-PdlC-C3-20140811,1,1412857,Omalotheca supina,64.225525
CBN-PdlC-C3-20140811,2,1396253,Sibbaldia procumbens,63.046593
CBN-PdlC-C3-20140811,3,1395807,Salix herbacea,63.040791
CBN-PdlC-C3-20140901,1,1396253,Sibbaldia procumbens,62.812809
CBN-PdlC-C3-20140901,2,1361367,Poa alpina,61.295456
CBN-PdlC-C3-20140901,3,1390793,Carex curvula,60.411373
CBN-PdlC-C3-20150701,1,1392541,Gentiana brachyphylla,62.801659
CBN-PdlC-C3-20150701,2,1393200,Homogyne alpina,61.108067
CBN-PdlC-C3-20150701,3,1394911,Primula integrifolia,60.959229
CBN-PdlC-C3-20150720,1,1361367,Poa alpina,63.527748
CBN-PdlC-C3-20150720,2,1396253,Sibbaldia procumbens,62.653526
CBN-PdlC-C3-20150720,3,1364066,Veronica serpyllifolia,62.206123
CBN-PdlC-C3-20150831,1,1396253,Sibbaldia procumbens,63.325233
CBN-PdlC-C3-20150831,2,1395807,Salix herbacea,61.475994
CBN-PdlC-C3-20150831,3,1394911,Primula integrifolia,60.760063
CBN-PdlC-C3-20160705,1,1396253,Sibbaldia procumbens,63.706676
CBN-PdlC-C3-20160705,2,1361347,Nardus stricta,61.697838
CBN-PdlC-C3-20160705,3,1392541,Gentiana brachyphylla,61.604042
CBN-PdlC-C3-20160726,1,1396253,Sibbaldia procumbens,63.386162
CBN-PdlC-C3-20160726,2,1393660,Luzula alpinopilosa,63.188995
CBN-PdlC-C3-20160726,3,1397043,Veronica alpina,63.059395
CBN-PdlC-C3-20170816,1,1396253,Sibbaldia procumbens,64.199608
CBN-PdlC-C3-20170816,2,1392541,Gentiana brachyphylla,62.567375
CBN-PdlC-C3-20170816,3,1392534,Gentiana acaulis,62.203346
CBN-PdlC-C3-20170906,1,1396253,Sibbaldia procumbens,63.634850
CBN-PdlC-C3-20170906,2,1395807,Salix herbacea,60.748341
CBN-PdlC-C3-20170906,3,1517350,Phalacrocarpum oppositifolium,59.565422
CBN-PdlC-C3-20180723,1,1396253,Sibbaldia procumbens,64.195923
CBN-PdlC-C3-20180723,2,1394643,Antennaria dioica,61.081272
CBN-PdlC-C3-20180723,3,1395807,Salix herbacea,60.022541
CBN-PdlC-C3-20180815,1,1396253,Sibbaldia procumbens,62.889740
CBN-PdlC-C3-20180815,2,1363543,Stenotaphrum secundatum,59.180107
CBN-PdlC-C3-20180815,3,1418688,Arctous alpina,58.772099
CBN-PdlC-C3-20180905,1,1396253,Sibbaldia procumbens,63.523083
CBN-PdlC-C3-20180905,2,1391878,Epilobium alsinifolium,60.478203
CBN-PdlC-C3-20180905,3,1392534,Gentiana acaulis,60.394974
CBN-PdlC-C3-20190701,1,1363133,Triglochin striata,58.105499
CBN-PdlC-C3-20190701,2,1356228,Cymodocea nodosa,57.189220
CBN-PdlC-C3-20190701,3,1361709,Ruppia maritima,57.127018
CBN-PdlC-C3-20190722,1,1361598,Luzula pilosa,65.297020
CBN-PdlC-C3-20190722,2,1396253,Sibbaldia procumbens,63.533379
CBN-PdlC-C3-20190722,3,1395807,Salix herbacea,62.543835
CBN-PdlC-C3-20190812,1,1395807,Salix herbacea,58.608856
CBN-PdlC-C3-20190812,2,1363534,Ehrharta calycina,56.701084
CBN-PdlC-C3-20190812,3,1393568,Limonium obtusifolium,56.449841
CBN-PdlC-C3-20190909,1,1396253,Sibbaldia procumbens,63.094913
CBN-PdlC-C3-20190909,2,1392535,Gentiana alpina,62.980934
CBN-PdlC-C3-20190909,3,1392534,Gentiana acaulis,62.014603
CBN-PdlC-C3-20200722,1,1396253,Sibbaldia procumbens,62.889877
CBN-PdlC-C3-20200722,2,1393659,Luzula alpina,62.039314
CBN-PdlC-C3-20200722,3,1395807,Salix herbacea,61.283806
CBN-PdlC-C3-20200812,1,1396253,Sibbaldia procumbens,63.526890
CBN-PdlC-C3-20200812,2,1395807,Salix herbacea,61.566589
CBN-PdlC-C3-20200812,3,1741880,Salix serpillifolia,60.963306
CBN-PdlC-C4-20130807,1,1363543,Stenotaphrum secundatum,59.201481
CBN-PdlC-C4-20130807,2,1395807,Salix herbacea,59.152855
CBN-PdlC-C4-20130807,3,1359750,Oxalis acetosella,59.098907
CBN-PdlC-C4-20130903,1,1393200,Homogyne alpina,63.531902
CBN-PdlC-C4-20130903,2,1395807,Salix herbacea,61.899223
CBN-PdlC-C4-20130903,3,1396253,Sibbaldia procumbens,61.291527
CBN-PdlC-C4-20140721,1,1396253,Sibbaldia procumbens,61.196339
CBN-PdlC-C4-20140721,2,1388915,Lysimachia minima,60.921482
CBN-PdlC-C4-20140721,3,1393708,Lysimachia nummularia,60.655937
CBN-PdlC-C4-20140811,1,1393200,Homogyne alpina,62.426441
CBN-PdlC-C4-20140811,2,1396253,Sibbaldia procumbens,62.231842
CBN-PdlC-C4-20140811,3,1395807,Salix herbacea,62.123661
CBN-PdlC-C4-20140901,1,1396253,Sibbaldia procumbens,62.211590
CBN-PdlC-C4-20140901,2,1361367,Poa alpina,62.151897
CBN-PdlC-C4-20140901,3,1392608,Geum montanum,62.101326
CBN-PdlC-C4-20150701,1,1361367,Poa alpina,62.424992
CBN-PdlC-C4-20150701,2,1390793,Carex curvula,60.179558
CBN-PdlC-C4-20150701,3,1358099,Sedum brevifolium,58.493401
CBN-PdlC-C4-20150720,1,1397043,Veronica alpina,63.362637
CBN-PdlC-C4-20150720,2,1395807,Salix herbacea,61.274151
CBN-PdlC-C4-20150720,3,1392608,Geum montanum,61.258209
CBN-PdlC-C4-20150831,1,1395807,Salix herbacea,62.414528
CBN-PdlC-C4-20150831,2,1744194,Bouteloua dactyloides,61.675152
CBN-PdlC-C4-20150831,3,1396253,Sibbaldia procumbens,61.457207
CBN-PdlC-C4-20160705,1,1390793,Carex curvula,62.093163
CBN-PdlC-C4-20160705,2,1394911,Primula integrifolia,61.147655
CBN-PdlC-C4-20160705,3,1395807,Salix herbacea,60.840519
CBN-PdlC-C4-20160726,1,1397043,Veronica alpina,59.932594
CBN-PdlC-C4-20160726,2,1395807,Salix herbacea,59.861019
CBN-PdlC-C4-20160726,3,1393708,Lysimachia nummularia,59.693588
CBN-PdlC-C4-20170816,1,1395807,Salix herbacea,63.022217
CBN-PdlC-C4-20170816,2,1390793,Carex curvula,58.894684
CBN-PdlC-C4-20170816,3,1395935,Sarracenia purpurea,58.328857
CBN-PdlC-C4-20170906,1,1393200,Homogyne alpina,66.112732
CBN-PdlC-C4-20170906,2,1396253,Sibbaldia procumbens,64.425102
CBN-PdlC-C4-20170906,3,1394311,Oreochloa disticha,61.049202
CBN-PdlC-C4-20180723,1,1393708,Lysimachia nummularia,62.126465
CBN-PdlC-C4-20180723,2,1396253,Sibbaldia procumbens,61.044289
CBN-PdlC-C4-20180723,3,1393200,Homogyne alpina,60.872440
CBN-PdlC-C4-20180815,1,1396253,Sibbaldia procumbens,59.732399
CBN-PdlC-C4-20180815,2,1418688,Arctous alpina,57.710716
CBN-PdlC-C4-20180815,3,1356356,Asplenium sagittatum,57.401997
CBN-PdlC-C4-20180905,1,1395807,Salix herbacea,63.111900
CBN-PdlC-C4-20180905,2,1395870,Salix retusa,58.188629
CBN-PdlC-C4-20180905,3,1397468,Primula pedemontana,58.129951
CBN-PdlC-C4-20190701,1,1363595,Phleum pratense,61.106216
CBN-PdlC-C4-20190701,2,1743359,Narthecium reverchonii,58.304554
CBN-PdlC-C4-20190701,3,1393679,Luzula lutea,56.820824
CBN-PdlC-C4-20190722,1,1395807,Salix herbacea,61.912086
CBN-PdlC-C4-20190722,2,1396253,Sibbaldia procumbens,61.434818
CBN-PdlC-C4-20190722,3,1363455,Poa annua,60.641422
CBN-PdlC-C4-20190812,1,1393200,Homogyne alpina,62.157673
CBN-PdlC-C4-20190812,2,1396253,Sibbaldia procumbens,61.086006
CBN-PdlC-C4-20190812,3,1397043,Veronica alpina,60.662731
CBN-PdlC-C4-20190909,1,1395807,Salix herbacea,60.219620
CBN-PdlC-C4-20190909,2,1505431,Crepis aurea,59.599560
CBN-PdlC-C4-20190909,3,1361367,Poa alpina,59.519310
CBN-PdlC-C4-20200722,1,1393660,Luzula alpinopilosa,61.721050
CBN-PdlC-C4-20200722,2,1364066,Veronica serpyllifolia,61.076103
CBN-PdlC-C4-20200722,3,1395807,Salix herbacea,60.789391
CBN-PdlC-C4-20200812,1,1396253,Sibbaldia procumbens,63.199066
CBN-PdlC-C4-20200812,2,1395807,Salix herbacea,62.792915
CBN-PdlC-C4-20200812,3,1395862,Salix pyrenaica,61.012432
CBN-PdlC-C5-20130807,1,1395807,Salix herbacea,61.531452
CBN-PdlC-C5-20130807,2,1394311,Oreochloa disticha,61.391396
CBN-PdlC-C5-20130807,3,1364066,Veronica serpyllifolia,59.807281
CBN-PdlC-C5-20130903,1,1395807,Salix herbacea,59.983383
CBN-PdlC-C5-20130903,2,1395870,Salix retusa,59.348038
CBN-PdlC-C5-20130903,3,1396253,Sibbaldia procumbens,59.334991
CBN-PdlC-C5-20140721,1,1364066,Veronica serpyllifolia,60.780609
CBN-PdlC-C5-20140721,2,1396253,Sibbaldia procumbens,60.469444
CBN-PdlC-C5-20140721,3,1393708,Lysimachia nummularia,60.104630
CBN-PdlC-C5-20140811,1,1397043,Veronica alpina,64.838791
CBN-PdlC-C5-20140811,2,1395807,Salix herbacea,63.073975
CBN-PdlC-C5-20140811,3,1394311,Oreochloa disticha,61.060692
CBN-PdlC-C5-20140901,1,1396253,Sibbaldia procumbens,63.879532
CBN-PdlC-C5-20140901,2,1397043,Veronica alpina,62.485939
CBN-PdlC-C5-20140901,3,1364066,Veronica serpyllifolia,60.278793
CBN-PdlC-C5-20150701,1,1396253,Sibbaldia procumbens,59.703949
CBN-PdlC-C5-20150701,2,1390761,Carex arenaria,58.790634
CBN-PdlC-C5-20150701,3,1390793,Carex curvula,58.608139
CBN-PdlC-C5-20150720,1,1396253,Sibbaldia procumbens,64.764458
CBN-PdlC-C5-20150720,2,1392608,Geum montanum,61.933220
CBN-PdlC-C5-20150720,3,1395807,Salix herbacea,61.667412
CBN-PdlC-C5-20150810,1,1396253,Sibbaldia procumbens,62.738441
CBN-PdlC-C5-20150810,2,1392608,Geum montanum,62.220978
CBN-PdlC-C5-20150810,3,1390793,Carex curvula,62.103592
CBN-PdlC-C5-20150831,1,1396253,Sibbaldia procumbens,63.964455
CBN-PdlC-C5-20150831,2,1392608,Geum montanum,62.140194
CBN-PdlC-C5-20150831,3,1395807,Salix herbacea,61.914776
CBN-PdlC-C5-20160705,1,1396253,Sibbaldia procumbens,64.291237
CBN-PdlC-C5-20160705,2,1390793,Carex curvula,61.992096
CBN-PdlC-C5-20160705,3,1395807,Salix herbacea,59.800926
CBN-PdlC-C5-20160726,1,1363543,Stenotaphrum secundatum,62.792477
CBN-PdlC-C5-20160726,2,1397043,Veronica alpina,62.445503
CBN-PdlC-C5-20160726,3,1396253,Sibbaldia procumbens,62.191872
CBN-PdlC-C5-20170816,1,1396253,Sibbaldia procumbens,63.347839
CBN-PdlC-C5-20170816,2,1395807,Salix herbacea,61.726826
CBN-PdlC-C5-20170816,3,1392608,Geum montanum,61.335861
CBN-PdlC-C5-20170906,1,1396253,Sibbaldia procumbens,63.103291
CBN-PdlC-C5-20170906,2,1392608,Geum montanum,61.698395
CBN-PdlC-C5-20170906,3,1395807,Salix herbacea,60.256451
CBN-PdlC-C5-20180723,1,1396253,Sibbaldia procumbens,64.275803
CBN-PdlC-C5-20180723,2,1394311,Oreochloa disticha,60.717876
CBN-PdlC-C5-20180723,3,1395807,Salix herbacea,60.491638
CBN-PdlC-C5-20180815,1,1396253,Sibbaldia procumbens,61.428055
CBN-PdlC-C5-20180815,2,1392608,Geum montanum,57.432777
CBN-PdlC-C5-20180815,3,1418688,Arctous alpina,57.418861
CBN-PdlC-C5-20180905,1,1396253,Sibbaldia procumbens,64.248337
CBN-PdlC-C5-20180905,2,1395807,Salix herbacea,60.185894
CBN-PdlC-C5-20180905,3,1363433,Lagurus ovatus,58.866512
CBN-PdlC-C5-20190701,1,1392608,Geum montanum,61.827129
CBN-PdlC-C5-20190701,2,1609716,Epilobium komarovianum,60.157524
CBN-PdlC-C5-20190701,3,1647156,Armeria humilis,58.608929
CBN-PdlC-C5-20190722,1,1396253,Sibbaldia procumbens,64.014259
CBN-PdlC-C5-20190722,2,1390793,Carex curvula,63.823807
CBN-PdlC-C5-20190722,3,1392608,Geum montanum,63.558079
CBN-PdlC-C5-20190812,1,1396253,Sibbaldia procumbens,63.804695
CBN-PdlC-C5-20190812,2,1392608,Geum montanum,62.846153
CBN-PdlC-C5-20190812,3,1395807,Salix herbacea,62.585434
CBN-PdlC-C5-20190909,1,1396253,Sibbaldia procumbens,63.721245
CBN-PdlC-C5-20190909,2,1395807,Salix herbacea,62.557510
CBN-PdlC-C5-20190909,3,1361367,Poa alpina,62.190598
CBN-PdlC-C5-20200722,1,1396253,Sibbaldia procumbens,62.812592
CBN-PdlC-C5-20200722,2,1395807,Salix herbacea,61.398933
CBN-PdlC-C5-20200722,3,1392241,Alchemilla pentaphyllea,61.198143
CBN-PdlC-C5-20200812,1,1396253,Sibbaldia procumbens,64.403755
CBN-PdlC-C5-20200812,2,1393200,Homogyne alpina,61.854412
CBN-PdlC-C5-20200812,3,1741880,Salix serpillifolia,61.592094
CBN-PdlC-C6-20130807,1,1396253,Sibbaldia procumbens,62.358185
CBN-PdlC-C6-20130807,2,1395807,Salix herbacea,58.930473
CBN-PdlC-C6-20130807,3,1392608,Geum montanum,58.794308
CBN-PdlC-C6-20130903,1,1396253,Sibbaldia procumbens,62.534683
CBN-PdlC-C6-20130903,2,1395807,Salix herbacea,62.423130
CBN-PdlC-C6-20130903,3,1394311,Oreochloa disticha,60.150799
CBN-PdlC-C6-20140721,1,1396253,Sibbaldia procumbens,64.165520
CBN-PdlC-C6-20140721,2,1392608,Geum montanum,61.198715
CBN-PdlC-C6-20140721,3,1390793,Carex curvula,60.533112
CBN-PdlC-C6-20140811,1,1395807,Salix herbacea,62.229115
CBN-PdlC-C6-20140811,2,1396253,Sibbaldia procumbens,60.777557
CBN-PdlC-C6-20140811,3,1361367,Poa alpina,60.650688
CBN-PdlC-C6-20140901,1,1396253,Sibbaldia procumbens,64.537132
CBN-PdlC-C6-20140901,2,1361367,Poa alpina,62.629345
CBN-PdlC-C6-20140901,3,1394311,Oreochloa disticha,61.592377
CBN-PdlC-C6-20150701,1,1393200,Homogyne alpina,66.293083
CBN-PdlC-C6-20150701,2,1396253,Sibbaldia procumbens,64.465408
CBN-PdlC-C6-20150701,3,1390837,Carex humilis,58.443665
CBN-PdlC-C6-20150720,1,1396253,Sibbaldia procumbens,64.799049
CBN-PdlC-C6-20150720,2,1395807,Salix herbacea,62.769634
CBN-PdlC-C6-20150720,3,1390793,Carex curvula,62.023056
CBN-PdlC-C6-20150810,1,1396253,Sibbaldia procumbens,64.221024
CBN-PdlC-C6-20150810,2,1395807,Salix herbacea,61.223923
CBN-PdlC-C6-20150810,3,1741880,Salix serpillifolia,59.858391
CBN-PdlC-C6-20150831,1,1396253,Sibbaldia procumbens,63.098614
CBN-PdlC-C6-20150831,2,1390899,Carex pyrenaica,62.309715
CBN-PdlC-C6-20150831,3,1397386,Festuca scabriculmis,62.153561
CBN-PdlC-C6-20160705,1,1393200,Homogyne alpina,64.797256
CBN-PdlC-C6-20160705,2,1392608,Geum montanum,64.704895
CBN-PdlC-C6-20160705,3,1396253,Sibbaldia procumbens,64.326500
CBN-PdlC-C6-20160726,1,1396253,Sibbaldia procumbens,64.241653
CBN-PdlC-C6-20160726,2,1393200,Homogyne alpina,64.017494
CBN-PdlC-C6-20160726,3,1392608,Geum montanum,61.801521
CBN-PdlC-C6-20170816,1,1393200,Homogyne alpina,65.790070
CBN-PdlC-C6-20170816,2,1396253,Sibbaldia procumbens,63.491982
CBN-PdlC-C6-20170816,3,1395807,Salix herbacea,61.576080
CBN-PdlC-C6-20170906,1,1393200,Homogyne alpina,60.777798
CBN-PdlC-C6-20170906,2,1396253,Sibbaldia procumbens,59.913586
CBN-PdlC-C6-20170906,3,1395807,Salix herbacea,59.773113
CBN-PdlC-C6-20180723,1,1393200,Homogyne alpina,64.520958
CBN-PdlC-C6-20180723,2,1396253,Sibbaldia procumbens,63.083542
CBN-PdlC-C6-20180723,3,1395807,Salix herbacea,59.803604
CBN-PdlC-C6-20180815,1,1393200,Homogyne alpina,64.009186
CBN-PdlC-C6-20180815,2,1362482,Phleum alpinum,61.981297
CBN-PdlC-C6-20180815,3,1396253,Sibbaldia procumbens,61.690804
CBN-PdlC-C6-20180905,1,1393200,Homogyne alpina,64.940872
CBN-PdlC-C6-20180905,2,1396253,Sibbaldia procumbens,63.360405
CBN-PdlC-C6-20180905,3,1395807,Salix herbacea,60.328625
CBN-PdlC-C6-20190701,1,1393200,Homogyne alpina,62.181694
CBN-PdlC-C6-20190701,2,1392612,Geum reptans,58.254173
CBN-PdlC-C6-20190701,3,1392608,Geum montanum,57.541534
CBN-PdlC-C6-20190722,1,1393200,Homogyne alpina,65.038513
CBN-PdlC-C6-20190722,2,1392608,Geum montanum,65.015434
CBN-PdlC-C6-20190722,3,1396253,Sibbaldia procumbens,64.605324
CBN-PdlC-C6-20190812,1,1393200,Homogyne alpina,64.862450
CBN-PdlC-C6-20190812,2,1396253,Sibbaldia procumbens,63.032440
CBN-PdlC-C6-20190812,3,1395807,Salix herbacea,60.430450
CBN-PdlC-C6-20190909,1,1393200,Homogyne alpina,65.282112
CBN-PdlC-C6-20190909,2,1362482,Phleum alpinum,64.423256
CBN-PdlC-C6-20190909,3,1396253,Sibbaldia procumbens,63.630051
CBN-PdlC-C6-20200722,1,1396253,Sibbaldia procumbens,63.825439
CBN-PdlC-C6-20200722,2,1392608,Geum montanum,61.235367
CBN-PdlC-C6-20200722,3,1397043,Veronica alpina,60.936695
CBN-PdlC-C6-20200812,1,1396253,Sibbaldia procumbens,64.430862
CBN-PdlC-C6-20200812,2,1392608,Geum montanum,62.032944
CBN-PdlC-C6-20200812,3,1395807,Salix herbacea,60.824341
CBN-PdlC-D1-20130807,1,1396253,Sibbaldia procumbens,63.912369
CBN-PdlC-D1-20130807,2,1393708,Lysimachia nummularia,61.936947
CBN-PdlC-D1-20130807,3,1395807,Salix herbacea,60.903492
CBN-PdlC-D1-20130903,1,1396253,Sibbaldia procumbens,64.131592
CBN-PdlC-D1-20130903,2,1395807,Salix herbacea,62.683716
CBN-PdlC-D1-20130903,3,1393224,Hydrocotyle bonariensis,61.091602
CBN-PdlC-D1-20140721,1,1396253,Sibbaldia procumbens,64.182869
CBN-PdlC-D1-20140721,2,1356422,Botrychium lunaria,61.607128
CBN-PdlC-D1-20140721,3,1394911,Primula integrifolia,61.184639
CBN-PdlC-D1-20140811,1,1393200,Homogyne alpina,62.878681
CBN-PdlC-D1-20140811,2,1396253,Sibbaldia procumbens,62.749870
CBN-PdlC-D1-20140811,3,1395807,Salix herbacea,62.548740
CBN-PdlC-D1-20140901,1,1396253,Sibbaldia procumbens,64.811615
CBN-PdlC-D1-20140901,2,1412857,Omalotheca supina,62.044796
CBN-PdlC-D1-20140901,3,1742053,Omalotheca hoppeana,61.956802
CBN-PdlC-D1-20150701,1,1396253,Sibbaldia procumbens,62.412060
CBN-PdlC-D1-20150701,2,1392241,Alchemilla pentaphyllea,58.761143
CBN-PdlC-D1-20150701,3,1418688,Arctous alpina,57.938889
CBN-PdlC-D1-20150720,1,1392534,Gentiana acaulis,66.182190
CBN-PdlC-D1-20150720,2,1396253,Sibbaldia procumbens,65.030746
CBN-PdlC-D1-20150720,3,1392535,Gentiana alpina,63.863594
CBN-PdlC-D1-20150810,1,1396253,Sibbaldia procumbens,64.949966
CBN-PdlC-D1-20150810,2,1392534,Gentiana acaulis,62.686230
CBN-PdlC-D1-20150810,3,1743456,Carex macrostylos,62.468285
CBN-PdlC-D1-20150831,1,1396253,Sibbaldia procumbens,63.992455
CBN-PdlC-D1-20150831,2,1392534,Gentiana acaulis,62.801712
CBN-PdlC-D1-20150831,3,1651427,Festuca summilusitana,62.437366
CBN-PdlC-D1-20160705,1,1396253,Sibbaldia procumbens,64.392044
CBN-PdlC-D1-20160705,2,1395870,Salix retusa,60.318169
CBN-PdlC-D1-20160705,3,1363543,Stenotaphrum secundatum,59.766331
CBN-PdlC-D1-20160726,1,1396253,Sibbaldia procumbens,64.010078
CBN-PdlC-D1-20160726,2,1392534,Gentiana acaulis,63.316891
CBN-PdlC-D1-20160726,3,1392535,Gentiana alpina,62.142132
CBN-PdlC-D1-20170816,1,1396253,Sibbaldia procumbens,64.528267
CBN-PdlC-D1-20170816,2,1395807,Salix herbacea,61.715679
CBN-PdlC-D1-20170816,3,1412857,Omalotheca supina,61.169827
CBN-PdlC-D1-20170906,1,1396253,Sibbaldia procumbens,63.561783
CBN-PdlC-D1-20170906,2,1361367,Poa alpina,60.119812
CBN-PdlC-D1-20170906,3,1395807,Salix herbacea,58.550373
CBN-PdlC-D1-20180723,1,1396253,Sibbaldia procumbens,64.158470
CBN-PdlC-D1-20180723,2,1395807,Salix herbacea,61.977757
CBN-PdlC-D1-20180723,3,1393200,Homogyne alpina,61.362587
CBN-PdlC-D1-20180815,1,1396253,Sibbaldia procumbens,63.707825
CBN-PdlC-D1-20180815,2,1359511,Trifolium ornithopodioides,61.020519
CBN-PdlC-D1-20180815,3,1395870,Salix retusa,59.406124
CBN-PdlC-D1-20180905,1,1396253,Sibbaldia procumbens,64.401413
CBN-PdlC-D1-20180905,2,1742053,Omalotheca hoppeana,63.850410
CBN-PdlC-D1-20180905,3,1412857,Omalotheca supina,63.134304
CBN-PdlC-D1-20190701,1,1396253,Sibbaldia procumbens,63.617207
CBN-PdlC-D1-20190701,2,1359750,Oxalis acetosella,58.166443
CBN-PdlC-D1-20190701,3,1391427,Crassula pubescens,57.874031
CBN-PdlC-D1-20190722,1,1396253,Sibbaldia procumbens,65.467278
CBN-PdlC-D1-20190722,2,1395807,Salix herbacea,62.729156
CBN-PdlC-D1-20190722,3,1393200,Homogyne alpina,61.406925
CBN-PdlC-D1-20190812,1,1396253,Sibbaldia procumbens,64.860001
CBN-PdlC-D1-20190812,2,1395807,Salix herbacea,62.270630
CBN-PdlC-D1-20190812,3,1400101,Bartsia alpina,61.564194
CBN-PdlC-D1-20190909,1,1396253,Sibbaldia procumbens,63.187340
CBN-PdlC-D1-20190909,2,1395807,Salix herbacea,60.613461
CBN-PdlC-D1-20190909,3,1393200,Homogyne alpina,60.499233
CBN-PdlC-D1-20200722,1,1396253,Sibbaldia procumbens,64.966988
CBN-PdlC-D1-20200722,2,1392535,Gentiana alpina,63.930336
CBN-PdlC-D1-20200722,3,1392534,Gentiana acaulis,62.785248
CBN-PdlC-D1-20200812,1,1392534,Gentiana acaulis,65.627365
CBN-PdlC-D1-20200812,2,1393200,Homogyne alpina,64.571434
CBN-PdlC-D1-20200812,3,1396253,Sibbaldia procumbens,64.503960
CBN-PdlC-D2-20130807,1,1396253,Sibbaldia procumbens,63.537491
CBN-PdlC-D2-20130807,2,1393619,Logfia minima,62.309845
CBN-PdlC-D2-20130807,3,1393708,Lysimachia nummularia,60.646542
CBN-PdlC-D2-20130903,1,1396253,Sibbaldia procumbens,64.441757
CBN-PdlC-D2-20130903,2,1412857,Omalotheca supina,62.968864
CBN-PdlC-D2-20130903,3,1742053,Omalotheca hoppeana,61.666031
CBN-PdlC-D2-20140721,1,1396253,Sibbaldia procumbens,64.169083
CBN-PdlC-D2-20140721,2,1392534,Gentiana acaulis,61.555969
CBN-PdlC-D2-20140721,3,1412857,Omalotheca supina,60.411484
CBN-PdlC-D2-20140811,1,1396253,Sibbaldia procumbens,64.269577
CBN-PdlC-D2-20140811,2,1412857,Omalotheca supina,63.846020
CBN-PdlC-D2-20140811,3,1742053,Omalotheca hoppeana,62.509762
CBN-PdlC-D2-20140901,1,1396253,Sibbaldia procumbens,64.477242
CBN-PdlC-D2-20140901,2,1412857,Omalotheca supina,63.742706
CBN-PdlC-D2-20140901,3,1742053,Omalotheca hoppeana,63.238647
CBN-PdlC-D2-20150720,1,1396253,Sibbaldia procumbens,65.151649
CBN-PdlC-D2-20150720,2,1392535,Gentiana alpina,64.561172
CBN-PdlC-D2-20150720,3,1392534,Gentiana acaulis,63.963165
CBN-PdlC-D2-20150810,1,1396253,Sibbaldia procumbens,63.974194
CBN-PdlC-D2-20150810,2,1412857,Omalotheca supina,62.873871
CBN-PdlC-D2-20150810,3,1742053,Omalotheca hoppeana,61.200638
CBN-PdlC-D2-20150831,1,1742053,Omalotheca hoppeana,65.418053
CBN-PdlC-D2-20150831,2,1412857,Omalotheca supina,64.351578
CBN-PdlC-D2-20150831,3,1396253,Sibbaldia procumbens,63.816467
CBN-PdlC-D2-20160705,1,1396253,Sibbaldia procumbens,64.552917
CBN-PdlC-D2-20160705,2,1412857,Omalotheca supina,61.789925
CBN-PdlC-D2-20160705,3,1742053,Omalotheca hoppeana,60.883171
CBN-PdlC-D2-20160726,1,1396253,Sibbaldia procumbens,64.587723
CBN-PdlC-D2-20160726,2,1392535,Gentiana alpina,63.801903
CBN-PdlC-D2-20160726,3,1392534,Gentiana acaulis,63.747543
CBN-PdlC-D2-20170816,1,1742053,Omalotheca hoppeana,63.727615
CBN-PdlC-D2-20170816,2,1396253,Sibbaldia procumbens,63.533531
CBN-PdlC-D2-20170816,3,1412857,Omalotheca supina,63.205223
CBN-PdlC-D2-20170906,1,1396253,Sibbaldia procumbens,62.977821
CBN-PdlC-D2-20170906,2,1412857,Omalotheca supina,61.661381
CBN-PdlC-D2-20170906,3,1394643,Antennaria dioica,59.691830
CBN-PdlC-D2-20180723,1,1396253,Sibbaldia procumbens,63.815094
CBN-PdlC-D2-20180723,2,1742053,Omalotheca hoppeana,61.100479
CBN-PdlC-D2-20180723,3,1393708,Lysimachia nummularia,60.591267
CBN-PdlC-D2-20180815,1,1396253,Sibbaldia procumbens,63.513313
CBN-PdlC-D2-20180815,2,1394643,Antennaria dioica,63.467129
CBN-PdlC-D2-20180815,3,1388766,Botrychium simplex,62.454403
CBN-PdlC-D2-20180905,1,1412857,Omalotheca supina,64.443329
CBN-PdlC-D2-20180905,2,1396253,Sibbaldia procumbens,64.144333
CBN-PdlC-D2-20180905,3,1392534,Gentiana acaulis,62.975258
CBN-PdlC-D2-20190701,1,1412857,Omalotheca supina,61.824146
CBN-PdlC-D2-20190701,2,1390532,Salvinia molesta,60.690956
CBN-PdlC-D2-20190701,3,1742053,Omalotheca hoppeana,59.559685
CBN-PdlC-D2-20190722,1,1396253,Sibbaldia procumbens,64.515236
CBN-PdlC-D2-20190722,2,1412857,Omalotheca supina,63.229893
CBN-PdlC-D2-20190722,3,1394911,Primula integrifolia,60.829063
CBN-PdlC-D2-20190812,1,1396253,Sibbaldia procumbens,64.307892
CBN-PdlC-D2-20190812,2,1412857,Omalotheca supina,62.611115
CBN-PdlC-D2-20190812,3,1384658,Hydrocotyle verticillata,59.263531
CBN-PdlC-D2-20190909,1,1412857,Omalotheca supina,63.003647
CBN-PdlC-D2-20190909,2,1395807,Salix herbacea,62.870850
CBN-PdlC-D2-20190909,3,1742053,Omalotheca hoppeana,62.809048
CBN-PdlC-D2-20200722,1,1396253,Sibbaldia procumbens,63.909184
CBN-PdlC-D2-20200722,2,1412857,Omalotheca supina,62.146996
CBN-PdlC-D2-20200722,3,1395807,Salix herbacea,61.730438
CBN-PdlC-D2-20200812,1,1742053,Omalotheca hoppeana,66.489082
CBN-PdlC-D2-20200812,2,1412857,Omalotheca supina,63.691696
CBN-PdlC-D2-20200812,3,1396253,Sibbaldia procumbens,63.198502
CBN-PdlC-D3-20130807,1,1413349,Armeria maritima,63.301399
CBN-PdlC-D3-20130807,2,1647187,Armeria welwitschii,62.788136
CBN-PdlC-D3-20130807,3,1388766,Botrychium simplex,62.045654
CBN-PdlC-D3-20130903,1,1647128,Armeria alpina,65.153664
CBN-PdlC-D3-20130903,2,1412857,Omalotheca supina,63.843414
CBN-PdlC-D3-20130903,3,1413349,Armeria maritima,63.543098
CBN-PdlC-D3-20140721,1,1390793,Carex curvula,63.720356
CBN-PdlC-D3-20140721,2,1413349,Armeria maritima,62.263123
CBN-PdlC-D3-20140721,3,1396253,Sibbaldia procumbens,60.621517
CBN-PdlC-D3-20140811,1,1412857,Omalotheca supina,62.794872
CBN-PdlC-D3-20140811,2,1390883,Carex parviflora,62.565781
CBN-PdlC-D3-20140811,3,1399082,Armeria sardoa,62.253311
CBN-PdlC-D3-20140901,1,1412857,Omalotheca supina,63.823387
CBN-PdlC-D3-20140901,2,1394540,Phyteuma globulariifolium,62.479538
CBN-PdlC-D3-20140901,3,1396253,Sibbaldia procumbens,61.999268
CBN-PdlC-D3-20150701,1,1396253,Sibbaldia procumbens,62.586407
CBN-PdlC-D3-20150701,2,1400017,Armeria linkiana,60.823318
CBN-PdlC-D3-20150701,3,1413349,Armeria maritima,60.618637
CBN-PdlC-D3-20150720,1,1394643,Antennaria dioica,65.036530
CBN-PdlC-D3-20150720,2,1392534,Gentiana acaulis,64.575157
CBN-PdlC-D3-20150720,3,1390793,Carex curvula,64.359695
CBN-PdlC-D3-20150831,1,1392534,Gentiana acaulis,64.058319
CBN-PdlC-D3-20150831,2,1412857,Omalotheca supina,63.595215
CBN-PdlC-D3-20150831,3,1742053,Omalotheca hoppeana,63.489578
CBN-PdlC-D3-20160705,1,1413349,Armeria maritima,62.769676
CBN-PdlC-D3-20160705,2,1647156,Armeria humilis,62.565826
CBN-PdlC-D3-20160705,3,1412857,Omalotheca supina,61.086319
CBN-PdlC-D3-20160726,1,1392534,Gentiana acaulis,64.798447
CBN-PdlC-D3-20160726,2,1744479,Armeria bigerrensis,64.427734
CBN-PdlC-D3-20160726,3,1413349,Armeria maritima,63.464905
CBN-PdlC-D3-20170816,1,1413349,Armeria maritima,62.785431
CBN-PdlC-D3-20170816,2,1647170,Armeria pubigera,61.463272
CBN-PdlC-D3-20170816,3,1647128,Armeria alpina,61.193684
CBN-PdlC-D3-20170906,1,1396253,Sibbaldia procumbens,63.006565
CBN-PdlC-D3-20170906,2,1413349,Armeria maritima,62.982723
CBN-PdlC-D3-20170906,3,1412857,Omalotheca supina,62.205585
CBN-PdlC-D3-20180723,1,1744479,Armeria bigerrensis,63.904686
CBN-PdlC-D3-20180723,2,1647128,Armeria alpina,63.596428
CBN-PdlC-D3-20180723,3,1743393,Armeria pungens,63.366356
CBN-PdlC-D3-20180815,1,1396253,Sibbaldia procumbens,62.615444
CBN-PdlC-D3-20180815,2,1412857,Omalotheca supina,61.123100
CBN-PdlC-D3-20180815,3,1742053,Omalotheca hoppeana,60.850044
CBN-PdlC-D3-20180905,1,1396253,Sibbaldia procumbens,63.393898
CBN-PdlC-D3-20180905,2,1394911,Primula integrifolia,62.243172
CBN-PdlC-D3-20180905,3,1412857,Omalotheca supina,61.628300
CBN-PdlC-D3-20190701,1,1363618,Crassula multicava,58.567348
CBN-PdlC-D3-20190701,2,1391427,Crassula pubescens,58.464211
CBN-PdlC-D3-20190701,3,1396253,Sibbaldia procumbens,58.421875
CBN-PdlC-D3-20190722,1,1743393,Armeria pungens,64.183495
CBN-PdlC-D3-20190722,2,1647156,Armeria humilis,63.772614
CBN-PdlC-D3-20190722,3,1744479,Armeria bigerrensis,63.759468
CBN-PdlC-D3-20190812,1,1743393,Armeria pungens,62.983612
CBN-PdlC-D3-20190812,2,1412857,Omalotheca supina,62.917332
CBN-PdlC-D3-20190812,3,1392534,Gentiana acaulis,62.688339
CBN-PdlC-D3-20190909,1,1744479,Armeria bigerrensis,63.443871
CBN-PdlC-D3-20190909,2,1647132,Armeria beirana,62.502136
CBN-PdlC-D3-20190909,3,1396253,Sibbaldia procumbens,62.496426
CBN-PdlC-D3-20200722,1,1396253,Sibbaldia procumbens,63.772057
CBN-PdlC-D3-20200722,2,1393200,Homogyne alpina,63.191956
CBN-PdlC-D3-20200722,3,1744479,Armeria bigerrensis,61.795074
CBN-PdlC-D3-20200812,1,1392534,Gentiana acaulis,64.436478
CBN-PdlC-D3-20200812,2,1392535,Gentiana alpina,63.108627
CBN-PdlC-D3-20200812,3,1413349,Armeria maritima,62.702332
CBN-PdlC-D4-20130807,1,1396253,Sibbaldia procumbens,63.357819
CBN-PdlC-D4-20130807,2,1647128,Armeria alpina,61.265591
CBN-PdlC-D4-20130807,3,1395807,Salix herbacea,61.215546
CBN-PdlC-D4-20130903,1,1742053,Omalotheca hoppeana,63.804562
CBN-PdlC-D4-20130903,2,1412857,Omalotheca supina,63.625477
CBN-PdlC-D4-20130903,3,1396253,Sibbaldia procumbens,62.981583
CBN-PdlC-D4-20140721,1,1396253,Sibbaldia procumbens,63.970482
CBN-PdlC-D4-20140721,2,1647156,Armeria humilis,60.874329
CBN-PdlC-D4-20140721,3,1395807,Salix herbacea,60.396240
CBN-PdlC-D4-20140811,1,1396253,Sibbaldia procumbens,63.489769
CBN-PdlC-D4-20140811,2,1397043,Veronica alpina,63.400223
CBN-PdlC-D4-20140811,3,1395807,Salix herbacea,63.380096
CBN-PdlC-D4-20140901,1,1396253,Sibbaldia procumbens,64.974258
CBN-PdlC-D4-20140901,2,1361367,Poa alpina,63.116650
CBN-PdlC-D4-20140901,3,1412857,Omalotheca supina,63.003777
CBN-PdlC-D4-20150701,1,1396253,Sibbaldia procumbens,63.028484
CBN-PdlC-D4-20150701,2,1394865,Potentilla nitida,61.153873
CBN-PdlC-D4-20150701,3,1391092,Cerastium tomentosum,60.466427
CBN-PdlC-D4-20150720,1,1393584,Linaria alpina,65.060326
CBN-PdlC-D4-20150720,2,1392535,Gentiana alpina,63.832302
CBN-PdlC-D4-20150720,3,1392534,Gentiana acaulis,63.344395
CBN-PdlC-D4-20150831,1,1396253,Sibbaldia procumbens,64.707092
CBN-PdlC-D4-20150831,2,1742053,Omalotheca hoppeana,63.670071
CBN-PdlC-D4-20150831,3,1412857,Omalotheca supina,63.053024
CBN-PdlC-D4-20160705,1,1396253,Sibbaldia procumbens,64.335320
CBN-PdlC-D4-20160705,2,1412857,Omalotheca supina,62.174973
CBN-PdlC-D4-20160705,3,1363543,Stenotaphrum secundatum,60.488937
CBN-PdlC-D4-20160726,1,1396253,Sibbaldia procumbens,64.407799
CBN-PdlC-D4-20160726,2,1392534,Gentiana acaulis,63.269123
CBN-PdlC-D4-20160726,3,1412857,Omalotheca supina,63.078587
CBN-PdlC-D4-20170816,1,1396253,Sibbaldia procumbens,64.758148
CBN-PdlC-D4-20170816,2,1395807,Salix herbacea,62.000107
CBN-PdlC-D4-20170816,3,1395870,Salix retusa,60.881397
CBN-PdlC-D4-20170906,1,1396253,Sibbaldia procumbens,63.464252
CBN-PdlC-D4-20170906,2,1360026,Limonium cossonianum,58.791737
CBN-PdlC-D4-20170906,3,1360036,Limonium emarginatum,58.360950
CBN-PdlC-D4-20180723,1,1396253,Sibbaldia procumbens,63.993416
CBN-PdlC-D4-20180723,2,1394643,Antennaria dioica,60.981873
CBN-PdlC-D4-20180723,3,1741880,Salix serpillifolia,60.001289
CBN-PdlC-D4-20180815,1,1396253,Sibbaldia procumbens,62.640842
CBN-PdlC-D4-20180815,2,1742053,Omalotheca hoppeana,60.138943
CBN-PdlC-D4-20180815,3,1412857,Omalotheca supina,59.501186
CBN-PdlC-D4-20180905,1,1396253,Sibbaldia procumbens,65.245834
CBN-PdlC-D4-20180905,2,1412857,Omalotheca supina,64.464020
CBN-PdlC-D4-20180905,3,1742053,Omalotheca hoppeana,61.149929
CBN-PdlC-D4-20190701,1,1397279,Alchemilla alpina,59.364910
CBN-PdlC-D4-20190701,2,1396253,Sibbaldia procumbens,57.922062
CBN-PdlC-D4-20190701,3,1394886,Potentilla valderia,57.161316
CBN-PdlC-D4-20190722,1,1396253,Sibbaldia procumbens,64.262619
CBN-PdlC-D4-20190722,2,1400101,Bartsia alpina,61.251354
CBN-PdlC-D4-20190722,3,1395807,Salix herbacea,61.195557
CBN-PdlC-D4-20190812,1,1396253,Sibbaldia procumbens,64.983635
CBN-PdlC-D4-20190812,2,1741880,Salix serpillifolia,62.066574
CBN-PdlC-D4-20190812,3,1392553,Gentiana occidentalis,62.050880
CBN-PdlC-D4-20190909,1,1396253,Sibbaldia procumbens,64.475433
CBN-PdlC-D4-20190909,2,1412857,Omalotheca supina,62.805214
CBN-PdlC-D4-20190909,3,1742053,Omalotheca hoppeana,62.343391
CBN-PdlC-D4-20200722,1,1396253,Sibbaldia procumbens,64.229660
CBN-PdlC-D4-20200722,2,1394643,Antennaria dioica,63.274986
CBN-PdlC-D4-20200722,3,1395807,Salix herbacea,61.510162
CBN-PdlC-D4-20200812,1,1742053,Omalotheca hoppeana,66.439499
CBN-PdlC-D4-20200812,2,1396253,Sibbaldia procumbens,63.541973
CBN-PdlC-D4-20200812,3,1394641,Antennaria carpatica,62.669796
CBN-PdlC-D5-20130807,1,1396253,Sibbaldia procumbens,62.016918
CBN-PdlC-D5-20130807,2,1363543,Stenotaphrum secundatum,59.800491
CBN-PdlC-D5-20130807,3,1393708,Lysimachia nummularia,59.406990
CBN-PdlC-D5-20130903,1,1395807,Salix herbacea,60.479534
CBN-PdlC-D5-20130903,2,1722490,Patellifolia procumbens,59.573021
CBN-PdlC-D5-20130903,3,1396838,Trichophorum cespitosum,59.259346
CBN-PdlC-D5-20140721,1,1392608,Geum montanum,63.860416
CBN-PdlC-D5-20140721,2,1396253,Sibbaldia procumbens,62.293354
CBN-PdlC-D5-20140721,3,1360299,Geum sylvaticum,59.925835
CBN-PdlC-D5-20140811,1,1395807,Salix herbacea,63.719009
CBN-PdlC-D5-20140811,2,1393224,Hydrocotyle bonariensis,60.080559
CBN-PdlC-D5-20140811,3,1396253,Sibbaldia procumbens,59.687096
CBN-PdlC-D5-20140901,1,1392608,Geum montanum,61.154755
CBN-PdlC-D5-20140901,2,1361367,Poa alpina,59.960640
CBN-PdlC-D5-20140901,3,1392611,Geum pyrenaicum,59.684647
CBN-PdlC-D5-20150701,1,1396253,Sibbaldia procumbens,60.330421
CBN-PdlC-D5-20150701,2,1363543,Stenotaphrum secundatum,58.051155
CBN-PdlC-D5-20150701,3,1361367,Poa alpina,57.957787
CBN-PdlC-D5-20150720,1,1396253,Sibbaldia procumbens,63.719830
CBN-PdlC-D5-20150720,2,1397043,Veronica alpina,62.272106
CBN-PdlC-D5-20150720,3,1395807,Salix herbacea,60.908131
CBN-PdlC-D5-20150810,1,1396253,Sibbaldia procumbens,63.904079
CBN-PdlC-D5-20150810,2,1395807,Salix herbacea,60.560349
CBN-PdlC-D5-20150810,3,1395870,Salix retusa,59.502697
CBN-PdlC-D5-20150831,1,1396253,Sibbaldia procumbens,62.942165
CBN-PdlC-D5-20150831,2,1395807,Salix herbacea,62.797497
CBN-PdlC-D5-20150831,3,1392608,Geum montanum,62.293949
CBN-PdlC-D5-20160705,1,1392608,Geum montanum,63.223728
CBN-PdlC-D5-20160705,2,1396253,Sibbaldia procumbens,62.358170
CBN-PdlC-D5-20160705,3,1394911,Primula integrifolia,61.726585
CBN-PdlC-D5-20160726,1,1392608,Geum montanum,63.673347
CBN-PdlC-D5-20160726,2,1397386,Festuca scabriculmis,63.119102
CBN-PdlC-D5-20160726,3,1397043,Veronica alpina,62.760490
CBN-PdlC-D5-20170816,1,1395807,Salix herbacea,62.851913
CBN-PdlC-D5-20170816,2,1396253,Sibbaldia procumbens,61.876133
CBN-PdlC-D5-20170816,3,1361367,Poa alpina,60.118557
CBN-PdlC-D5-20170906,1,1395807,Salix herbacea,60.979221
CBN-PdlC-D5-20170906,2,1396253,Sibbaldia procumbens,59.349098
CBN-PdlC-D5-20170906,3,1356397,Equisetum ramosissimum,59.110905
CBN-PdlC-D5-20180723,1,1400101,Bartsia alpina,63.925011
CBN-PdlC-D5-20180723,2,1392608,Geum montanum,62.920349
CBN-PdlC-D5-20180723,3,1393708,Lysimachia nummularia,61.197704
CBN-PdlC-D5-20180815,1,1392608,Geum montanum,64.340172
CBN-PdlC-D5-20180815,2,1395870,Salix retusa,60.697929
CBN-PdlC-D5-20180815,3,1392612,Geum reptans,58.620590
CBN-PdlC-D5-20180905,1,1396253,Sibbaldia procumbens,63.355743
CBN-PdlC-D5-20180905,2,1360130,Rumex lunaria,58.352585
CBN-PdlC-D5-20180905,3,1395807,Salix herbacea,58.262478
CBN-PdlC-D5-20190701,1,1363133,Triglochin striata,58.644329
CBN-PdlC-D5-20190701,2,1363543,Stenotaphrum secundatum,58.422394
CBN-PdlC-D5-20190701,3,1395948,Saxifraga biflora,57.478840
CBN-PdlC-D5-20190722,1,1392534,Gentiana acaulis,63.252411
CBN-PdlC-D5-20190722,2,1392535,Gentiana alpina,62.714249
CBN-PdlC-D5-20190722,3,1396253,Sibbaldia procumbens,62.370373
CBN-PdlC-D5-20190812,1,1362482,Phleum alpinum,62.195766
CBN-PdlC-D5-20190812,2,1392534,Gentiana acaulis,61.915726
CBN-PdlC-D5-20190812,3,1400101,Bartsia alpina,61.618011
CBN-PdlC-D5-20190909,1,1395807,Salix herbacea,62.851509
CBN-PdlC-D5-20190909,2,1743471,Festuca glacialis,62.099495
CBN-PdlC-D5-20190909,3,1396253,Sibbaldia procumbens,61.673573
CBN-PdlC-D5-20200722,1,1392534,Gentiana acaulis,61.422478
CBN-PdlC-D5-20200722,2,1395807,Salix herbacea,60.410446
CBN-PdlC-D5-20200722,3,1392535,Gentiana alpina,59.250835
CBN-PdlC-D5-20200812,1,1395807,Salix herbacea,62.953171
CBN-PdlC-D5-20200812,2,1355995,Erodium moschatum,60.750206
CBN-PdlC-D5-20200812,3,1392608,Geum montanum,60.742569
CBN-PdlC-D6-20130807,1,1396253,Sibbaldia procumbens,63.574825
CBN-PdlC-D6-20130807,2,1393708,Lysimachia nummularia,60.804504
CBN-PdlC-D6-20130807,3,1395807,Salix herbacea,60.626698
CBN-PdlC-D6-20130903,1,1396253,Sibbaldia procumbens,63.467213
CBN-PdlC-D6-20130903,2,1397043,Veronica alpina,62.140625
CBN-PdlC-D6-20130903,3,1397049,Veronica fruticans,61.673592
CBN-PdlC-D6-20140721,1,1396253,Sibbaldia procumbens,64.475365
CBN-PdlC-D6-20140721,2,1412857,Omalotheca supina,61.969467
CBN-PdlC-D6-20140721,3,1609716,Epilobium komarovianum,59.848289
CBN-PdlC-D6-20140811,1,1397043,Veronica alpina,63.065041
CBN-PdlC-D6-20140811,2,1395807,Salix herbacea,62.939583
CBN-PdlC-D6-20140811,3,1396253,Sibbaldia procumbens,62.056454
CBN-PdlC-D6-20140901,1,1396253,Sibbaldia procumbens,64.241371
CBN-PdlC-D6-20140901,2,1397043,Veronica alpina,62.991966
CBN-PdlC-D6-20140901,3,1412857,Omalotheca supina,61.490185
CBN-PdlC-D6-20150701,1,1396253,Sibbaldia procumbens,60.767624
CBN-PdlC-D6-20150701,2,1393619,Logfia minima,58.096054
CBN-PdlC-D6-20150701,3,1412857,Omalotheca supina,57.015846
CBN-PdlC-D6-20150720,1,1395807,Salix herbacea,61.768780
CBN-PdlC-D6-20150720,2,1396253,Sibbaldia procumbens,60.858444
CBN-PdlC-D6-20150720,3,1390793,Carex curvula,59.577213
CBN-PdlC-D6-20150810,1,1395807,Salix herbacea,63.433857
CBN-PdlC-D6-20150810,2,1742053,Omalotheca hoppeana,60.621677
CBN-PdlC-D6-20150810,3,1412857,Omalotheca supina,60.603508
CBN-PdlC-D6-20150831,1,1396253,Sibbaldia procumbens,63.606880
CBN-PdlC-D6-20150831,2,1395807,Salix herbacea,63.254631
CBN-PdlC-D6-20150831,3,1742053,Omalotheca hoppeana,61.585632
CBN-PdlC-D6-20160705,1,1396253,Sibbaldia procumbens,63.589439
CBN-PdlC-D6-20160705,2,1741880,Salix serpillifolia,61.275856
CBN-PdlC-D6-20160705,3,1609716,Epilobium komarovianum,59.337944
CBN-PdlC-D6-20160726,1,1412857,Omalotheca supina,62.907387
CBN-PdlC-D6-20160726,2,1396253,Sibbaldia procumbens,62.574768
CBN-PdlC-D6-20160726,3,1397043,Veronica alpina,62.445648
CBN-PdlC-D6-20170816,1,1395807,Salix herbacea,63.910309
CBN-PdlC-D6-20170816,2,1393494,Leucanthemopsis alpina,62.734879
CBN-PdlC-D6-20170816,3,1361367,Poa alpina,62.035915
CBN-PdlC-D6-20170906,1,1412857,Omalotheca supina,62.180347
CBN-PdlC-D6-20170906,2,1397468,Primula pedemontana,61.625622
CBN-PdlC-D6-20170906,3,1395807,Salix herbacea,61.604172
CBN-PdlC-D6-20180723,1,1396253,Sibbaldia procumbens,62.900597
CBN-PdlC-D6-20180723,2,1395870,Salix retusa,60.760979
CBN-PdlC-D6-20180723,3,1393708,Lysimachia nummularia,60.657681
CBN-PdlC-D6-20180815,1,1396253,Sibbaldia procumbens,63.206104
CBN-PdlC-D6-20180815,2,1393679,Luzula lutea,59.636936
CBN-PdlC-D6-20180815,3,1359511,Trifolium ornithopodioides,57.351852
CBN-PdlC-D6-20180905,1,1396253,Sibbaldia procumbens,63.719711
CBN-PdlC-D6-20180905,2,1412857,Omalotheca supina,63.227528
CBN-PdlC-D6-20180905,3,1742053,Omalotheca hoppeana,62.847145
CBN-PdlC-D6-20190701,1,1390811,Carex ericetorum,58.958130
CBN-PdlC-D6-20190701,2,1564726,Thymus willkommii,58.234470
CBN-PdlC-D6-20190701,3,1392522,Genista pulchella,57.644032
CBN-PdlC-D6-20190722,1,1394311,Oreochloa disticha,63.360504
CBN-PdlC-D6-20190722,2,1397043,Veronica alpina,63.061863
CBN-PdlC-D6-20190722,3,1397046,Veronica bellidioides,61.986797
CBN-PdlC-D6-20190812,1,1397043,Veronica alpina,61.877022
CBN-PdlC-D6-20190812,2,1519650,Scorzoneroides helvetica,61.303692
CBN-PdlC-D6-20190812,3,1396253,Sibbaldia procumbens,61.191612
CBN-PdlC-D6-20190909,1,1393660,Luzula alpinopilosa,64.624550
CBN-PdlC-D6-20190909,2,1396253,Sibbaldia procumbens,64.488998
CBN-PdlC-D6-20190909,3,1394655,Poa badensis,62.627541
CBN-PdlC-D6-20200722,1,1397043,Veronica alpina,65.162445
CBN-PdlC-D6-20200722,2,1396253,Sibbaldia procumbens,62.197990
CBN-PdlC-D6-20200722,3,1395807,Salix herbacea,61.209244
CBN-PdlC-D6-20200812,1,1396253,Sibbaldia procumbens,62.588863
CBN-PdlC-D6-20200812,2,1362482,Phleum alpinum,62.112038
CBN-PdlC-D6-20200812,3,1395870,Salix retusa,61.785061
CBN-PdlC-E1-20130723,1,1396253,Sibbaldia procumbens,61.875961
CBN-PdlC-E1-20130723,2,1392541,Gentiana brachyphylla,61.107277
CBN-PdlC-E1-20130723,3,1392565,Gentiana terglouensis,60.451843
CBN-PdlC-E1-20130807,1,1396253,Sibbaldia procumbens,64.417412
CBN-PdlC-E1-20130807,2,1392541,Gentiana brachyphylla,61.726265
CBN-PdlC-E1-20130807,3,1392608,Geum montanum,60.890743
CBN-PdlC-E1-20130903,1,1392608,Geum montanum,63.739922
CBN-PdlC-E1-20130903,2,1396253,Sibbaldia procumbens,62.297928
CBN-PdlC-E1-20130903,3,1395870,Salix retusa,62.118843
CBN-PdlC-E1-20140630,1,1390793,Carex curvula,60.232323
CBN-PdlC-E1-20140630,2,1396144,Sedum alpestre,60.028328
CBN-PdlC-E1-20140630,3,1396145,Sedum annuum,60.010696
CBN-PdlC-E1-20140721,1,1396253,Sibbaldia procumbens,65.149544
CBN-PdlC-E1-20140721,2,1397528,Cardamine bellidifolia,64.339554
CBN-PdlC-E1-20140721,3,1362273,Cardamine resedifolia,63.477028
CBN-PdlC-E1-20140811,1,1392535,Gentiana alpina,67.545670
CBN-PdlC-E1-20140811,2,1412857,Omalotheca supina,65.034836
CBN-PdlC-E1-20140811,3,1742053,Omalotheca hoppeana,64.851318
CBN-PdlC-E1-20140901,1,1742053,Omalotheca hoppeana,66.459602
CBN-PdlC-E1-20140901,2,1412857,Omalotheca supina,65.740845
CBN-PdlC-E1-20140901,3,1396253,Sibbaldia procumbens,63.965874
CBN-PdlC-E1-20150701,1,1396253,Sibbaldia procumbens,65.255783
CBN-PdlC-E1-20150701,2,1392608,Geum montanum,64.814049
CBN-PdlC-E1-20150701,3,1393584,Linaria alpina,61.346977
CBN-PdlC-E1-20150720,1,1392534,Gentiana acaulis,66.258682
CBN-PdlC-E1-20150720,2,1392608,Geum montanum,64.183815
CBN-PdlC-E1-20150720,3,1396253,Sibbaldia procumbens,62.996681
CBN-PdlC-E1-20150810,1,1393200,Homogyne alpina,65.560661
CBN-PdlC-E1-20150810,2,1397475,Rhododendron ferrugineum,63.455772
CBN-PdlC-E1-20150810,3,1396253,Sibbaldia procumbens,63.071480
CBN-PdlC-E1-20150831,1,1390793,Carex curvula,63.630745
CBN-PdlC-E1-20150831,2,1392608,Geum montanum,62.940716
CBN-PdlC-E1-20150831,3,1396253,Sibbaldia procumbens,62.590046
CBN-PdlC-E1-20160705,1,1392541,Gentiana brachyphylla,64.062798
CBN-PdlC-E1-20160705,2,1396253,Sibbaldia procumbens,63.999832
CBN-PdlC-E1-20160705,3,1392608,Geum montanum,63.726143
CBN-PdlC-E1-20160726,1,1396253,Sibbaldia procumbens,64.469566
CBN-PdlC-E1-20160726,2,1395807,Salix herbacea,59.903793
CBN-PdlC-E1-20160726,3,1392606,Geum hispidum,58.761314
CBN-PdlC-E1-20170816,1,1392541,Gentiana brachyphylla,63.998974
CBN-PdlC-E1-20170816,2,1396253,Sibbaldia procumbens,62.302757
CBN-PdlC-E1-20170816,3,1390793,Carex curvula,61.969238
CBN-PdlC-E1-20170906,1,1396253,Sibbaldia procumbens,63.791618
CBN-PdlC-E1-20170906,2,1392608,Geum montanum,63.641830
CBN-PdlC-E1-20170906,3,1394911,Primula integrifolia,61.149002
CBN-PdlC-E1-20180702,1,1396253,Sibbaldia procumbens,63.517265
CBN-PdlC-E1-20180702,2,1392541,Gentiana brachyphylla,59.853600
CBN-PdlC-E1-20180702,3,1363618,Crassula multicava,59.054504
CBN-PdlC-E1-20180723,1,1392535,Gentiana alpina,63.651451
CBN-PdlC-E1-20180723,2,1396144,Sedum alpestre,63.299690
CBN-PdlC-E1-20180723,3,1392541,Gentiana brachyphylla,61.873943
CBN-PdlC-E1-20180815,1,1392541,Gentiana brachyphylla,61.518307
CBN-PdlC-E1-20180815,2,1392608,Geum montanum,60.703453
CBN-PdlC-E1-20180815,3,1396144,Sedum alpestre,60.330315
CBN-PdlC-E1-20180905,1,1392608,Geum montanum,63.991501
CBN-PdlC-E1-20180905,2,1396253,Sibbaldia procumbens,63.631760
CBN-PdlC-E1-20180905,3,1360299,Geum sylvaticum,61.411686
CBN-PdlC-E1-20190701,1,1396253,Sibbaldia procumbens,60.574173
CBN-PdlC-E1-20190701,2,1394311,Oreochloa disticha,59.304195
CBN-PdlC-E1-20190701,3,1393725,Maianthemum bifolium,58.775646
CBN-PdlC-E1-20190812,1,1392534,Gentiana acaulis,63.450138
CBN-PdlC-E1-20190812,2,1392608,Geum montanum,63.326897
CBN-PdlC-E1-20190812,3,1396253,Sibbaldia procumbens,62.040298
CBN-PdlC-E1-20190909,1,1392608,Geum montanum,63.383362
CBN-PdlC-E1-20190909,2,1395807,Salix herbacea,63.033142
CBN-PdlC-E1-20190909,3,1651427,Festuca summilusitana,62.737709
CBN-PdlC-E1-20200629,1,1396253,Sibbaldia procumbens,64.784157
CBN-PdlC-E1-20200629,2,1392608,Geum montanum,63.726120
CBN-PdlC-E1-20200629,3,1396144,Sedum alpestre,62.315033
CBN-PdlC-E1-20200722,1,1392608,Geum montanum,66.625679
CBN-PdlC-E1-20200722,2,1396253,Sibbaldia procumbens,63.298309
CBN-PdlC-E1-20200722,3,1392611,Geum pyrenaicum,63.267368
CBN-PdlC-E1-20200812,1,1392608,Geum montanum,64.859612
CBN-PdlC-E1-20200812,2,1743471,Festuca glacialis,62.457790
CBN-PdlC-E1-20200812,3,1394643,Antennaria dioica,61.729053
CBN-PdlC-E2-20130723,1,1396253,Sibbaldia procumbens,64.814964
CBN-PdlC-E2-20130723,2,1397528,Cardamine bellidifolia,62.005058
CBN-PdlC-E2-20130723,3,1393584,Linaria alpina,61.729725
CBN-PdlC-E2-20130807,1,1395807,Salix herbacea,61.515987
CBN-PdlC-E2-20130807,2,1397528,Cardamine bellidifolia,60.327507
CBN-PdlC-E2-20130807,3,1394599,Pinguicula leptoceras,60.021423
CBN-PdlC-E2-20130903,1,1396144,Sedum alpestre,62.515736
CBN-PdlC-E2-20130903,2,1395807,Salix herbacea,61.462700
CBN-PdlC-E2-20130903,3,1742053,Omalotheca hoppeana,60.882122
CBN-PdlC-E2-20140630,1,1396253,Sibbaldia procumbens,63.604965
CBN-PdlC-E2-20140630,2,1396144,Sedum alpestre,62.173714
CBN-PdlC-E2-20140630,3,1392241,Alchemilla pentaphyllea,61.316204
CBN-PdlC-E2-20140721,1,1393584,Linaria alpina,62.932419
CBN-PdlC-E2-20140721,2,1397528,Cardamine bellidifolia,62.461960
CBN-PdlC-E2-20140721,3,1396253,Sibbaldia procumbens,62.431320
CBN-PdlC-E2-20140811,1,1396144,Sedum alpestre,66.129761
CBN-PdlC-E2-20140811,2,1392608,Geum montanum,65.265503
CBN-PdlC-E2-20140811,3,1392535,Gentiana alpina,64.051613
CBN-PdlC-E2-20140901,1,1396144,Sedum alpestre,65.111099
CBN-PdlC-E2-20140901,2,1412857,Omalotheca supina,64.287056
CBN-PdlC-E2-20140901,3,1396253,Sibbaldia procumbens,63.954456
CBN-PdlC-E2-20150720,1,1393584,Linaria alpina,64.288162
CBN-PdlC-E2-20150720,2,1396253,Sibbaldia procumbens,64.000397
CBN-PdlC-E2-20150720,3,1395807,Salix herbacea,62.981045
CBN-PdlC-E2-20150810,1,1412857,Omalotheca supina,64.871758
CBN-PdlC-E2-20150810,2,1393619,Logfia minima,62.678047
CBN-PdlC-E2-20150810,3,1395807,Salix herbacea,62.021271
CBN-PdlC-E2-20150831,1,1395807,Salix herbacea,62.164833
CBN-PdlC-E2-20150831,2,1738658,Petrosedum forsterianum,59.461723
CBN-PdlC-E2-20150831,3,1412857,Omalotheca supina,59.285168
CBN-PdlC-E2-20160705,1,1396253,Sibbaldia procumbens,64.760590
CBN-PdlC-E2-20160705,2,1395807,Salix herbacea,62.740063
CBN-PdlC-E2-20160705,3,1393584,Linaria alpina,62.221260
CBN-PdlC-E2-20160726,1,1395807,Salix herbacea,61.565491
CBN-PdlC-E2-20160726,2,1412857,Omalotheca supina,61.533554
CBN-PdlC-E2-20160726,3,1394366,Oxyria digyna,57.539833
CBN-PdlC-E2-20170816,1,1396253,Sibbaldia procumbens,63.768646
CBN-PdlC-E2-20170816,2,1412857,Omalotheca supina,62.942196
CBN-PdlC-E2-20170816,3,1742053,Omalotheca hoppeana,60.898628
CBN-PdlC-E2-20170906,1,1396253,Sibbaldia procumbens,63.801685
CBN-PdlC-E2-20170906,2,1412857,Omalotheca supina,63.061508
CBN-PdlC-E2-20170906,3,1395807,Salix herbacea,62.250427
CBN-PdlC-E2-20180702,1,1396253,Sibbaldia procumbens,62.874931
CBN-PdlC-E2-20180702,2,1396144,Sedum alpestre,61.909302
CBN-PdlC-E2-20180702,3,1394911,Primula integrifolia,60.855782
CBN-PdlC-E2-20180723,1,1396253,Sibbaldia procumbens,63.375637
CBN-PdlC-E2-20180723,2,1393584,Linaria alpina,62.169449
CBN-PdlC-E2-20180723,3,1395807,Salix herbacea,62.159004
CBN-PdlC-E2-20180815,1,1412857,Omalotheca supina,62.896057
CBN-PdlC-E2-20180815,2,1742053,Omalotheca hoppeana,62.035343
CBN-PdlC-E2-20180815,3,1396253,Sibbaldia procumbens,61.530785
CBN-PdlC-E2-20180905,1,1396253,Sibbaldia procumbens,63.669979
CBN-PdlC-E2-20180905,2,1412857,Omalotheca supina,63.501335
CBN-PdlC-E2-20180905,3,1395807,Salix herbacea,62.442703
CBN-PdlC-E2-20190701,1,1396253,Sibbaldia procumbens,62.768192
CBN-PdlC-E2-20190701,2,1394911,Primula integrifolia,59.742458
CBN-PdlC-E2-20190701,3,1395807,Salix herbacea,58.869484
CBN-PdlC-E2-20190812,1,1395807,Salix herbacea,60.744991
CBN-PdlC-E2-20190812,2,1397450,Orthilia secunda,59.589489
CBN-PdlC-E2-20190812,3,1400017,Armeria linkiana,59.033886
CBN-PdlC-E2-20190909,1,1395807,Salix herbacea,61.230831
CBN-PdlC-E2-20190909,2,1396144,Sedum alpestre,60.246460
CBN-PdlC-E2-20190909,3,1390793,Carex curvula,60.084682
CBN-PdlC-E2-20200629,1,1396253,Sibbaldia procumbens,64.973312
CBN-PdlC-E2-20200629,2,1396144,Sedum alpestre,61.774170
CBN-PdlC-E2-20200629,3,1394911,Primula integrifolia,60.855598
CBN-PdlC-E2-20200722,1,1396253,Sibbaldia procumbens,64.468460
CBN-PdlC-E2-20200722,2,1412857,Omalotheca supina,64.404312
CBN-PdlC-E2-20200722,3,1395807,Salix herbacea,62.935005
CBN-PdlC-E2-20200812,1,1396253,Sibbaldia procumbens,63.360973
CBN-PdlC-E2-20200812,2,1395807,Salix herbacea,61.829544
CBN-PdlC-E2-20200812,3,1412857,Omalotheca supina,60.467201
CBN-PdlC-E3-20130723,1,1396253,Sibbaldia procumbens,64.343338
CBN-PdlC-E3-20130723,2,1356427,Ophioglossum vulgatum,59.852795
CBN-PdlC-E3-20130723,3,1388916,Lysimachia europaea,58.766708
CBN-PdlC-E3-20130807,1,1396253,Sibbaldia procumbens,63.487537
CBN-PdlC-E3-20130807,2,1651162,Festuca guestfalica,61.341888
CBN-PdlC-E3-20130807,3,1395807,Salix herbacea,59.595901
CBN-PdlC-E3-20130903,1,1395870,Salix retusa,64.370918
CBN-PdlC-E3-20130903,2,1741880,Salix serpillifolia,60.120831
CBN-PdlC-E3-20130903,3,1396253,Sibbaldia procumbens,60.013401
CBN-PdlC-E3-20140630,1,1396253,Sibbaldia procumbens,61.253040
CBN-PdlC-E3-20140630,2,1390793,Carex curvula,58.253689
CBN-PdlC-E3-20140630,3,1361347,Nardus stricta,56.808311
CBN-PdlC-E3-20140721,1,1396253,Sibbaldia procumbens,65.304222
CBN-PdlC-E3-20140721,2,1395807,Salix herbacea,61.560505
CBN-PdlC-E3-20140721,3,1397528,Cardamine bellidifolia,61.063267
CBN-PdlC-E3-20140811,1,1397381,Euphrasia minima,65.063248
CBN-PdlC-E3-20140811,2,1395807,Salix herbacea,63.529732
CBN-PdlC-E3-20140811,3,1396253,Sibbaldia procumbens,63.437954
CBN-PdlC-E3-20140901,1,1396253,Sibbaldia procumbens,63.641834
CBN-PdlC-E3-20140901,2,1395807,Salix herbacea,59.746239
CBN-PdlC-E3-20140901,3,1360748,Hydrocotyle vulgaris,58.753933
CBN-PdlC-E3-20150701,1,1396253,Sibbaldia procumbens,64.709396
CBN-PdlC-E3-20150701,2,1395807,Salix herbacea,61.472122
CBN-PdlC-E3-20150701,3,1394311,Oreochloa disticha,59.719742
CBN-PdlC-E3-20150720,1,1394311,Oreochloa disticha,64.249718
CBN-PdlC-E3-20150720,2,1396253,Sibbaldia procumbens,61.800331
CBN-PdlC-E3-20150720,3,1360985,Arisarum simorrhinum,61.088032
CBN-PdlC-E3-20150810,1,1396253,Sibbaldia procumbens,62.368191
CBN-PdlC-E3-20150810,2,1397386,Festuca scabriculmis,61.232216
CBN-PdlC-E3-20150810,3,1395807,Salix herbacea,59.586521
CBN-PdlC-E3-20150831,1,1396253,Sibbaldia procumbens,63.348404
CBN-PdlC-E3-20150831,2,1397386,Festuca scabriculmis,62.812851
CBN-PdlC-E3-20150831,3,1392293,Festuca eskia,62.002968
CBN-PdlC-E3-20160705,1,1393200,Homogyne alpina,65.813194
CBN-PdlC-E3-20160705,2,1396253,Sibbaldia procumbens,64.404800
CBN-PdlC-E3-20160705,3,1395807,Salix herbacea,60.625343
CBN-PdlC-E3-20160726,1,1395807,Salix herbacea,62.257195
CBN-PdlC-E3-20160726,2,1396253,Sibbaldia procumbens,61.902809
CBN-PdlC-E3-20160726,3,1397381,Euphrasia minima,61.203217
CBN-PdlC-E3-20170816,1,1396253,Sibbaldia procumbens,63.855003
CBN-PdlC-E3-20170816,2,1395807,Salix herbacea,58.553722
CBN-PdlC-E3-20170816,3,1397381,Euphrasia minima,58.321079
CBN-PdlC-E3-20170906,1,1396253,Sibbaldia procumbens,62.608372
CBN-PdlC-E3-20170906,2,1392293,Festuca eskia,57.821869
CBN-PdlC-E3-20170906,3,1392534,Gentiana acaulis,57.816677
CBN-PdlC-E3-20180702,1,1396253,Sibbaldia procumbens,63.639080
CBN-PdlC-E3-20180702,2,1397430,Luzula sylvatica,62.037178
CBN-PdlC-E3-20180702,3,1358624,Centaurium erythraea,60.390533
CBN-PdlC-E3-20180723,1,1392241,Alchemilla pentaphyllea,62.076477
CBN-PdlC-E3-20180723,2,1396253,Sibbaldia procumbens,61.955482
CBN-PdlC-E3-20180723,3,1558272,Luzula lactea,59.713234
CBN-PdlC-E3-20180815,1,1396253,Sibbaldia procumbens,62.238113
CBN-PdlC-E3-20180815,2,1397381,Euphrasia minima,61.334915
CBN-PdlC-E3-20180815,3,1397386,Festuca scabriculmis,59.028145
CBN-PdlC-E3-20180905,1,1396253,Sibbaldia procumbens,64.398376
CBN-PdlC-E3-20180905,2,1392534,Gentiana acaulis,59.540230
CBN-PdlC-E3-20180905,3,1394911,Primula integrifolia,57.976074
CBN-PdlC-E3-20190701,1,1396253,Sibbaldia procumbens,62.886467
CBN-PdlC-E3-20190701,2,1364066,Veronica serpyllifolia,59.897194
CBN-PdlC-E3-20190701,3,1395870,Salix retusa,58.182220
CBN-PdlC-E3-20190812,1,1396253,Sibbaldia procumbens,64.134583
CBN-PdlC-E3-20190812,2,1395807,Salix herbacea,58.543724
CBN-PdlC-E3-20190812,3,1403533,Bacopa monnieri,58.242897
CBN-PdlC-E3-20190909,1,1392059,Eriophorum angustifolium,61.823582
CBN-PdlC-E3-20190909,2,1396253,Sibbaldia procumbens,60.272064
CBN-PdlC-E3-20190909,3,1396970,Vaccinium uliginosum,59.446762
CBN-PdlC-E3-20200629,1,1396253,Sibbaldia procumbens,64.164520
CBN-PdlC-E3-20200629,2,1393659,Luzula alpina,62.825119
CBN-PdlC-E3-20200629,3,1392541,Gentiana brachyphylla,61.033951
CBN-PdlC-E3-20200722,1,1396253,Sibbaldia procumbens,64.232368
CBN-PdlC-E3-20200722,2,1395807,Salix herbacea,60.571152
CBN-PdlC-E3-20200722,3,1392352,Filago tyrrhenica,60.224468
CBN-PdlC-E3-20200812,1,1396253,Sibbaldia procumbens,63.761131
CBN-PdlC-E3-20200812,2,1397386,Festuca scabriculmis,62.198635
CBN-PdlC-E3-20200812,3,1392059,Eriophorum angustifolium,61.441544
CBN-PdlC-E4-20130807,1,1392608,Geum montanum,64.742462
CBN-PdlC-E4-20130807,2,1396253,Sibbaldia procumbens,62.288162
CBN-PdlC-E4-20130807,3,1397513,Tofieldia pusilla,62.156796
CBN-PdlC-E4-20130903,1,1396253,Sibbaldia procumbens,63.731125
CBN-PdlC-E4-20130903,2,1392608,Geum montanum,62.793236
CBN-PdlC-E4-20130903,3,1363336,Smilax aspera,61.030666
CBN-PdlC-E4-20140630,1,1396253,Sibbaldia procumbens,62.639149
CBN-PdlC-E4-20140630,2,1392608,Geum montanum,58.717968
CBN-PdlC-E4-20140630,3,1397430,Luzula sylvatica,58.473087
CBN-PdlC-E4-20140721,1,1396253,Sibbaldia procumbens,65.725243
CBN-PdlC-E4-20140721,2,1392608,Geum montanum,61.531315
CBN-PdlC-E4-20140721,3,1395807,Salix herbacea,61.057175
CBN-PdlC-E4-20140811,1,1743456,Carex macrostylos,65.968826
CBN-PdlC-E4-20140811,2,1396253,Sibbaldia procumbens,63.937428
CBN-PdlC-E4-20140811,3,1395807,Salix herbacea,63.165043
CBN-PdlC-E4-20140901,1,1396253,Sibbaldia procumbens,64.179543
CBN-PdlC-E4-20140901,2,1392608,Geum montanum,62.690220
CBN-PdlC-E4-20140901,3,1395807,Salix herbacea,60.624969
CBN-PdlC-E4-20150701,1,1396253,Sibbaldia procumbens,63.982239
CBN-PdlC-E4-20150701,2,1392608,Geum montanum,62.801044
CBN-PdlC-E4-20150701,3,1392612,Geum reptans,61.899803
CBN-PdlC-E4-20150720,1,1396843,Trifolium alpinum,64.018311
CBN-PdlC-E4-20150720,2,1396253,Sibbaldia procumbens,63.719223
CBN-PdlC-E4-20150720,3,1392330,Festuca pyrenaica,61.754051
CBN-PdlC-E4-20150810,1,1396253,Sibbaldia procumbens,63.825630
CBN-PdlC-E4-20150810,2,1394311,Oreochloa disticha,62.347637
CBN-PdlC-E4-20150810,3,1393200,Homogyne alpina,61.911407
CBN-PdlC-E4-20160705,1,1396253,Sibbaldia procumbens,63.689186
CBN-PdlC-E4-20160705,2,1361592,Luzula campestris,62.620911
CBN-PdlC-E4-20160705,3,1397430,Luzula sylvatica,61.388596
CBN-PdlC-E4-20160726,1,1396253,Sibbaldia procumbens,61.066322
CBN-PdlC-E4-20160726,2,1395807,Salix herbacea,58.775143
CBN-PdlC-E4-20160726,3,1744843,Dimorphotheca fruticosa,58.567055
CBN-PdlC-E4-20170816,1,1396253,Sibbaldia procumbens,62.921356
CBN-PdlC-E4-20170816,2,1396843,Trifolium alpinum,58.469719
CBN-PdlC-E4-20170816,3,1396869,Trifolium thalii,57.800739
CBN-PdlC-E4-20170906,1,1396253,Sibbaldia procumbens,63.290733
CBN-PdlC-E4-20170906,2,1363543,Stenotaphrum secundatum,59.328239
CBN-PdlC-E4-20170906,3,1396843,Trifolium alpinum,58.837238
CBN-PdlC-E4-20180702,1,1396253,Sibbaldia procumbens,62.689362
CBN-PdlC-E4-20180702,2,1393200,Homogyne alpina,62.007431
CBN-PdlC-E4-20180702,3,1397430,Luzula sylvatica,60.176006
CBN-PdlC-E4-20180723,1,1392241,Alchemilla pentaphyllea,61.419006
CBN-PdlC-E4-20180723,2,1396253,Sibbaldia procumbens,59.889851
CBN-PdlC-E4-20180723,3,1395807,Salix herbacea,59.886986
CBN-PdlC-E4-20180815,1,1393494,Leucanthemopsis alpina,63.109985
CBN-PdlC-E4-20180815,2,1396253,Sibbaldia procumbens,62.238384
CBN-PdlC-E4-20180815,3,1393659,Luzula alpina,59.959393
CBN-PdlC-E4-20180905,1,1396253,Sibbaldia procumbens,62.852886
CBN-PdlC-E4-20180905,2,1495503,Tuberaria globulariifolia,60.683193
CBN-PdlC-E4-20180905,3,1392608,Geum montanum,60.034813
CBN-PdlC-E4-20190701,1,1396253,Sibbaldia procumbens,61.233932
CBN-PdlC-E4-20190701,2,1397430,Luzula sylvatica,60.870110
CBN-PdlC-E4-20190701,3,1393708,Lysimachia nummularia,60.548737
CBN-PdlC-E4-20190812,1,1389705,Acacia cyclops,56.236275
CBN-PdlC-E4-20190812,2,1363534,Ehrharta calycina,55.999741
CBN-PdlC-E4-20190812,3,1396253,Sibbaldia procumbens,55.336281
CBN-PdlC-E4-20190909,1,1396253,Sibbaldia procumbens,62.866203
CBN-PdlC-E4-20190909,2,1396843,Trifolium alpinum,61.416805
CBN-PdlC-E4-20190909,3,1392608,Geum montanum,61.011314
CBN-PdlC-E4-20200629,1,1396253,Sibbaldia procumbens,64.210609
CBN-PdlC-E4-20200629,2,1361592,Luzula campestris,61.992050
CBN-PdlC-E4-20200629,3,1397430,Luzula sylvatica,60.924561
CBN-PdlC-E4-20200722,1,1396253,Sibbaldia procumbens,64.443985
CBN-PdlC-E4-20200722,2,1647156,Armeria humilis,62.313816
CBN-PdlC-E4-20200722,3,1395807,Salix herbacea,61.997723
CBN-PdlC-E4-20200812,1,1396253,Sibbaldia procumbens,63.698006
CBN-PdlC-E4-20200812,2,1395807,Salix herbacea,60.962151
CBN-PdlC-E4-20200812,3,1392608,Geum montanum,60.721199
CBN-PdlC-E5-20130723,1,1393200,Homogyne alpina,64.683014
CBN-PdlC-E5-20130723,2,1392608,Geum montanum,61.587666
CBN-PdlC-E5-20130723,3,1363413,Eleusine tristachya,60.340317
CBN-PdlC-E5-20130807,1,1392608,Geum montanum,63.751328
CBN-PdlC-E5-20130807,2,1393200,Homogyne alpina,61.211082
CBN-PdlC-E5-20130807,3,1396253,Sibbaldia procumbens,59.314060
CBN-PdlC-E5-20130903,1,1392608,Geum montanum,64.341965
CBN-PdlC-E5-20130903,2,1396843,Trifolium alpinum,61.020573
CBN-PdlC-E5-20130903,3,1363618,Crassula multicava,60.164650
CBN-PdlC-E5-20140630,1,1393200,Homogyne alpina,63.523354
CBN-PdlC-E5-20140630,2,1392608,Geum montanum,61.046192
CBN-PdlC-E5-20140630,3,1392611,Geum pyrenaicum,58.377972
CBN-PdlC-E5-20140721,1,1396253,Sibbaldia procumbens,63.545242
CBN-PdlC-E5-20140721,2,1392608,Geum montanum,61.994862
CBN-PdlC-E5-20140721,3,1394441,Pedicularis mixta,61.743423
CBN-PdlC-E5-20140811,1,1393200,Homogyne alpina,65.709023
CBN-PdlC-E5-20140811,2,1361367,Poa alpina,63.644592
CBN-PdlC-E5-20140811,3,1392608,Geum montanum,62.955631
CBN-PdlC-E5-20150720,1,1392534,Gentiana acaulis,65.163162
CBN-PdlC-E5-20150720,2,1392608,Geum montanum,65.050461
CBN-PdlC-E5-20150720,3,1392612,Geum reptans,63.058430
CBN-PdlC-E5-20150810,1,1396253,Sibbaldia procumbens,64.149086
CBN-PdlC-E5-20150810,2,1393200,Homogyne alpina,61.466934
CBN-PdlC-E5-20150810,3,1395807,Salix herbacea,60.882141
CBN-PdlC-E5-20150831,1,1393200,Homogyne alpina,65.539566
CBN-PdlC-E5-20150831,2,1396253,Sibbaldia procumbens,64.954369
CBN-PdlC-E5-20150831,3,1392611,Geum pyrenaicum,64.635590
CBN-PdlC-E5-20160705,1,1392608,Geum montanum,63.485405
CBN-PdlC-E5-20160705,2,1392541,Gentiana brachyphylla,62.456207
CBN-PdlC-E5-20160705,3,1396253,Sibbaldia procumbens,60.961140
CBN-PdlC-E5-20160726,1,1392608,Geum montanum,65.334862
CBN-PdlC-E5-20160726,2,1361367,Poa alpina,62.215878
CBN-PdlC-E5-20160726,3,1396253,Sibbaldia procumbens,62.179352
CBN-PdlC-E5-20170816,1,1392608,Geum montanum,65.263351
CBN-PdlC-E5-20170816,2,1396253,Sibbaldia procumbens,62.246758
CBN-PdlC-E5-20170816,3,1396843,Trifolium alpinum,61.487499
CBN-PdlC-E5-20170906,1,1393200,Homogyne alpina,63.800907
CBN-PdlC-E5-20170906,2,1392608,Geum montanum,63.542618
CBN-PdlC-E5-20170906,3,1396253,Sibbaldia procumbens,62.610569
CBN-PdlC-E5-20180702,1,1396253,Sibbaldia procumbens,63.166214
CBN-PdlC-E5-20180702,2,1397279,Alchemilla alpina,62.442467
CBN-PdlC-E5-20180702,3,1363543,Stenotaphrum secundatum,61.935669
CBN-PdlC-E5-20180723,1,1396843,Trifolium alpinum,64.338600
CBN-PdlC-E5-20180723,2,1393200,Homogyne alpina,63.854156
CBN-PdlC-E5-20180723,3,1392608,Geum montanum,62.677185
CBN-PdlC-E5-20180815,1,1393200,Homogyne alpina,62.963707
CBN-PdlC-E5-20180815,2,1396843,Trifolium alpinum,62.263092
CBN-PdlC-E5-20180815,3,1392608,Geum montanum,60.034355
CBN-PdlC-E5-20180905,1,1393200,Homogyne alpina,63.228737
CBN-PdlC-E5-20180905,2,1396253,Sibbaldia procumbens,62.858315
CBN-PdlC-E5-20180905,3,1392608,Geum montanum,62.111458
CBN-PdlC-E5-20190722,1,1393200,Homogyne alpina,63.693741
CBN-PdlC-E5-20190722,2,1392608,Geum montanum,63.351471
CBN-PdlC-E5-20190722,3,1396253,Sibbaldia procumbens,62.801430
CBN-PdlC-E5-20190812,1,1392608,Geum montanum,65.161186
CBN-PdlC-E5-20190812,2,1396253,Sibbaldia procumbens,62.268585
CBN-PdlC-E5-20190812,3,1396843,Trifolium alpinum,61.089123
CBN-PdlC-E5-20190909,1,1396253,Sibbaldia procumbens,64.126404
CBN-PdlC-E5-20190909,2,1392608,Geum montanum,63.778831
CBN-PdlC-E5-20190909,3,1396843,Trifolium alpinum,63.061577
CBN-PdlC-E5-20200629,1,1393200,Homogyne alpina,64.419312
CBN-PdlC-E5-20200629,2,1396253,Sibbaldia procumbens,63.271301
CBN-PdlC-E5-20200629,3,1392608,Geum montanum,61.797535
CBN-PdlC-E5-20200722,1,1396253,Sibbaldia procumbens,63.449806
CBN-PdlC-E5-20200722,2,1392608,Geum montanum,62.959026
CBN-PdlC-E5-20200722,3,1392534,Gentiana acaulis,62.943748
CBN-PdlC-E5-20200812,1,1393200,Homogyne alpina,65.243172
CBN-PdlC-E5-20200812,2,1396253,Sibbaldia procumbens,63.977741
CBN-PdlC-E5-20200812,3,1392608,Geum montanum,62.852058
CBN-PdlC-E6-20130723,1,1392534,Gentiana acaulis,63.122269
CBN-PdlC-E6-20130723,2,1392541,Gentiana brachyphylla,60.273560
CBN-PdlC-E6-20130723,3,1392535,Gentiana alpina,60.158245
CBN-PdlC-E6-20130807,1,1392608,Geum montanum,60.618000
CBN-PdlC-E6-20130807,2,1741624,Lotus alpinus,59.736916
CBN-PdlC-E6-20130807,3,1396253,Sibbaldia procumbens,59.303516
CBN-PdlC-E6-20130903,1,1390793,Carex curvula,64.240936
CBN-PdlC-E6-20130903,2,1588853,Gagea soleirolii,59.796196
CBN-PdlC-E6-20130903,3,1418612,Carex firma,59.600960
CBN-PdlC-E6-20140630,1,1359750,Oxalis acetosella,62.396729
CBN-PdlC-E6-20140630,2,1393200,Homogyne alpina,59.040436
CBN-PdlC-E6-20140630,3,1363618,Crassula multicava,58.760559
CBN-PdlC-E6-20140721,1,1397353,Claytonia perfoliata,59.107643
CBN-PdlC-E6-20140721,2,1395807,Salix herbacea,59.056679
CBN-PdlC-E6-20140721,3,1396253,Sibbaldia procumbens,58.872948
CBN-PdlC-E6-20140811,1,1393200,Homogyne alpina,64.560402
CBN-PdlC-E6-20140811,2,1395807,Salix herbacea,63.617867
CBN-PdlC-E6-20140811,3,1396843,Trifolium alpinum,63.223812
CBN-PdlC-E6-20150701,1,1392541,Gentiana brachyphylla,65.542984
CBN-PdlC-E6-20150701,2,1392534,Gentiana acaulis,65.510910
CBN-PdlC-E6-20150701,3,1392535,Gentiana alpina,65.008759
CBN-PdlC-E6-20150720,1,1396843,Trifolium alpinum,62.613689
CBN-PdlC-E6-20150720,2,1395807,Salix herbacea,59.257160
CBN-PdlC-E6-20150720,3,1392608,Geum montanum,59.212673
CBN-PdlC-E6-20150810,1,1392608,Geum montanum,62.373108
CBN-PdlC-E6-20150810,2,1395807,Salix herbacea,62.093151
CBN-PdlC-E6-20150810,3,1396843,Trifolium alpinum,61.121246
CBN-PdlC-E6-20150831,1,1742053,Omalotheca hoppeana,62.775486
CBN-PdlC-E6-20150831,2,1392608,Geum montanum,62.542828
CBN-PdlC-E6-20150831,3,1395807,Salix herbacea,61.371735
CBN-PdlC-E6-20160705,1,1392612,Geum reptans,60.887993
CBN-PdlC-E6-20160705,2,1395807,Salix herbacea,60.607231
CBN-PdlC-E6-20160705,3,1392608,Geum montanum,59.842464
CBN-PdlC-E6-20160726,1,1392534,Gentiana acaulis,63.311554
CBN-PdlC-E6-20160726,2,1392535,Gentiana alpina,61.714981
CBN-PdlC-E6-20160726,3,1395807,Salix herbacea,60.608131
CBN-PdlC-E6-20170816,1,1396843,Trifolium alpinum,61.489517
CBN-PdlC-E6-20170816,2,1395807,Salix herbacea,60.787582
CBN-PdlC-E6-20170816,3,1396253,Sibbaldia procumbens,59.449478
CBN-PdlC-E6-20170906,1,1396843,Trifolium alpinum,62.666000
CBN-PdlC-E6-20170906,2,1363543,Stenotaphrum secundatum,61.022881
CBN-PdlC-E6-20170906,3,1392534,Gentiana acaulis,60.636246
CBN-PdlC-E6-20180702,1,1392608,Geum montanum,63.898144
CBN-PdlC-E6-20180702,2,1362273,Cardamine resedifolia,60.852249
CBN-PdlC-E6-20180702,3,1741880,Salix serpillifolia,60.790844
CBN-PdlC-E6-20180723,1,1392535,Gentiana alpina,63.678207
CBN-PdlC-E6-20180723,2,1392608,Geum montanum,62.950188
CBN-PdlC-E6-20180723,3,1392534,Gentiana acaulis,62.937981
CBN-PdlC-E6-20180815,1,1393200,Homogyne alpina,64.486725
CBN-PdlC-E6-20180815,2,1396843,Trifolium alpinum,60.159386
CBN-PdlC-E6-20180815,3,1394311,Oreochloa disticha,58.852921
CBN-PdlC-E6-20180905,1,1396843,Trifolium alpinum,62.017380
CBN-PdlC-E6-20180905,2,1393200,Homogyne alpina,61.046921
CBN-PdlC-E6-20180905,3,1357220,Anthemis cretica,59.357384
CBN-PdlC-E6-20190722,1,1362273,Cardamine resedifolia,64.121552
CBN-PdlC-E6-20190722,2,1390793,Carex curvula,63.932735
CBN-PdlC-E6-20190722,3,1396843,Trifolium alpinum,63.370712
CBN-PdlC-E6-20190812,1,1393224,Hydrocotyle bonariensis,58.260117
CBN-PdlC-E6-20190812,2,1363303,Cyperus laevigatus,57.121532
CBN-PdlC-E6-20190812,3,1384658,Hydrocotyle verticillata,56.106400
CBN-PdlC-E6-20190909,1,1396253,Sibbaldia procumbens,60.806427
CBN-PdlC-E6-20190909,2,1396869,Trifolium thalii,60.316727
CBN-PdlC-E6-20190909,3,1395807,Salix herbacea,60.179726
CBN-PdlC-E6-20200629,1,1393200,Homogyne alpina,66.259415
CBN-PdlC-E6-20200629,2,1392535,Gentiana alpina,60.866467
CBN-PdlC-E6-20200629,3,1392541,Gentiana brachyphylla,60.835205
CBN-PdlC-E6-20200722,1,1393200,Homogyne alpina,65.621666
CBN-PdlC-E6-20200722,2,1396843,Trifolium alpinum,64.444427
CBN-PdlC-E6-20200722,3,1362273,Cardamine resedifolia,62.472736
CBN-PdlC-E6-20200812,1,1393200,Homogyne alpina,63.795567
CBN-PdlC-E6-20200812,2,1396843,Trifolium alpinum,61.927391
CBN-PdlC-E6-20200812,3,1395807,Salix herbacea,60.898163
CBN-PdlC-F1-20130723,1,1392541,Gentiana brachyphylla,67.019897
CBN-PdlC-F1-20130723,2,1396144,Sedum alpestre,64.006721
CBN-PdlC-F1-20130723,3,1392565,Gentiana terglouensis,63.644112
CBN-PdlC-F1-20130807,1,1392535,Gentiana alpina,64.698463
CBN-PdlC-F1-20130807,2,1392534,Gentiana acaulis,63.537270
CBN-PdlC-F1-20130807,3,1396253,Sibbaldia procumbens,63.381706
CBN-PdlC-F1-20130903,1,1392534,Gentiana acaulis,64.151436
CBN-PdlC-F1-20130903,2,1392535,Gentiana alpina,62.890045
CBN-PdlC-F1-20130903,3,1741880,Salix serpillifolia,62.719528
CBN-PdlC-F1-20140630,1,1396144,Sedum alpestre,65.020599
CBN-PdlC-F1-20140630,2,1396253,Sibbaldia procumbens,62.683365
CBN-PdlC-F1-20140630,3,1392541,Gentiana brachyphylla,61.591415
CBN-PdlC-F1-20140721,1,1393584,Linaria alpina,64.836166
CBN-PdlC-F1-20140721,2,1362273,Cardamine resedifolia,64.807922
CBN-PdlC-F1-20140721,3,1396144,Sedum alpestre,64.411652
CBN-PdlC-F1-20140811,1,1396144,Sedum alpestre,67.566399
CBN-PdlC-F1-20140811,2,1393584,Linaria alpina,66.440941
CBN-PdlC-F1-20140811,3,1412857,Omalotheca supina,65.241814
CBN-PdlC-F1-20140901,1,1412857,Omalotheca supina,66.310249
CBN-PdlC-F1-20140901,2,1392541,Gentiana brachyphylla,64.680412
CBN-PdlC-F1-20140901,3,1742053,Omalotheca hoppeana,64.316711
CBN-PdlC-F1-20150701,1,1396144,Sedum alpestre,67.877640
CBN-PdlC-F1-20150701,2,1392535,Gentiana alpina,64.641975
CBN-PdlC-F1-20150701,3,1396253,Sibbaldia procumbens,64.302101
CBN-PdlC-F1-20150720,1,1396253,Sibbaldia procumbens,63.591213
CBN-PdlC-F1-20150720,2,1412857,Omalotheca supina,62.761536
CBN-PdlC-F1-20150720,3,1396144,Sedum alpestre,62.522007
CBN-PdlC-F1-20150810,1,1396253,Sibbaldia procumbens,63.438416
CBN-PdlC-F1-20150810,2,1412857,Omalotheca supina,61.500599
CBN-PdlC-F1-20150810,3,1395807,Salix herbacea,60.905048
CBN-PdlC-F1-20150831,1,1396253,Sibbaldia procumbens,62.989334
CBN-PdlC-F1-20150831,2,1412857,Omalotheca supina,61.923111
CBN-PdlC-F1-20150831,3,1392541,Gentiana brachyphylla,61.730545
CBN-PdlC-F1-20160705,1,1396253,Sibbaldia procumbens,65.269501
CBN-PdlC-F1-20160705,2,1396144,Sedum alpestre,63.823578
CBN-PdlC-F1-20160705,3,1392541,Gentiana brachyphylla,63.294102
CBN-PdlC-F1-20160726,1,1396144,Sedum alpestre,64.682137
CBN-PdlC-F1-20160726,2,1396253,Sibbaldia procumbens,64.365959
CBN-PdlC-F1-20160726,3,1397381,Euphrasia minima,63.114071
CBN-PdlC-F1-20170816,1,1396144,Sedum alpestre,63.451729
CBN-PdlC-F1-20170816,2,1392541,Gentiana brachyphylla,62.961666
CBN-PdlC-F1-20170816,3,1396253,Sibbaldia procumbens,62.960861
CBN-PdlC-F1-20170906,1,1396253,Sibbaldia procumbens,64.246323
CBN-PdlC-F1-20170906,2,1396144,Sedum alpestre,63.329857
CBN-PdlC-F1-20170906,3,1394911,Primula integrifolia,61.382080
CBN-PdlC-F1-20180702,1,1396253,Sibbaldia procumbens,63.267555
CBN-PdlC-F1-20180702,2,1396180,Sempervivum montanum,61.153187
CBN-PdlC-F1-20180702,3,1396144,Sedum alpestre,60.152145
CBN-PdlC-F1-20180723,1,1396144,Sedum alpestre,64.401726
CBN-PdlC-F1-20180723,2,1396253,Sibbaldia procumbens,62.803940
CBN-PdlC-F1-20180723,3,1388915,Lysimachia minima,62.282253
CBN-PdlC-F1-20180815,1,1396253,Sibbaldia procumbens,61.908573
CBN-PdlC-F1-20180815,2,1396144,Sedum alpestre,61.235455
CBN-PdlC-F1-20180815,3,1397381,Euphrasia minima,60.235924
CBN-PdlC-F1-20180905,1,1392541,Gentiana brachyphylla,64.267838
CBN-PdlC-F1-20180905,2,1396253,Sibbaldia procumbens,63.981678
CBN-PdlC-F1-20180905,3,1412857,Omalotheca supina,63.010811
CBN-PdlC-F1-20190701,1,1396253,Sibbaldia procumbens,62.532032
CBN-PdlC-F1-20190701,2,1396144,Sedum alpestre,62.295162
CBN-PdlC-F1-20190701,3,1741880,Salix serpillifolia,60.404903
CBN-PdlC-F1-20190812,1,1396253,Sibbaldia procumbens,62.826202
CBN-PdlC-F1-20190812,2,1738658,Petrosedum forsterianum,59.068043
CBN-PdlC-F1-20190812,3,1392047,Erigeron glaucus,58.240730
CBN-PdlC-F1-20190909,1,1396253,Sibbaldia procumbens,63.279396
CBN-PdlC-F1-20190909,2,1396144,Sedum alpestre,61.804031
CBN-PdlC-F1-20190909,3,1395807,Salix herbacea,60.916607
CBN-PdlC-F1-20200629,1,1396253,Sibbaldia procumbens,64.596718
CBN-PdlC-F1-20200629,2,1392541,Gentiana brachyphylla,64.355148
CBN-PdlC-F1-20200629,3,1396144,Sedum alpestre,61.570732
CBN-PdlC-F1-20200722,1,1393584,Linaria alpina,65.854889
CBN-PdlC-F1-20200722,2,1396144,Sedum alpestre,64.670456
CBN-PdlC-F1-20200722,3,1396843,Trifolium alpinum,64.577461
CBN-PdlC-F1-20200812,1,1412857,Omalotheca supina,64.824760
CBN-PdlC-F1-20200812,2,1396253,Sibbaldia procumbens,64.025574
CBN-PdlC-F1-20200812,3,1392541,Gentiana brachyphylla,62.485516
CBN-PdlC-F2-20130723,1,1396253,Sibbaldia procumbens,64.938286
CBN-PdlC-F2-20130723,2,1397528,Cardamine bellidifolia,61.212425
CBN-PdlC-F2-20130723,3,1392534,Gentiana acaulis,60.350082
CBN-PdlC-F2-20130807,1,1396253,Sibbaldia procumbens,64.701263
CBN-PdlC-F2-20130807,2,1390693,Cardamine crassifolia,61.994675
CBN-PdlC-F2-20130807,3,1397528,Cardamine bellidifolia,61.476448
CBN-PdlC-F2-20130903,1,1396253,Sibbaldia procumbens,64.160751
CBN-PdlC-F2-20130903,2,1395870,Salix retusa,61.593208
CBN-PdlC-F2-20130903,3,1395807,Salix herbacea,61.026001
CBN-PdlC-F2-20140630,1,1396144,Sedum alpestre,64.328018
CBN-PdlC-F2-20140630,2,1392608,Geum montanum,63.702911
CBN-PdlC-F2-20140630,3,1396253,Sibbaldia procumbens,61.850883
CBN-PdlC-F2-20140721,1,1396144,Sedum alpestre,68.165855
CBN-PdlC-F2-20140721,2,1396253,Sibbaldia procumbens,65.544189
CBN-PdlC-F2-20140721,3,1362273,Cardamine resedifolia,63.503654
CBN-PdlC-F2-20140811,1,1412857,Omalotheca supina,64.928108
CBN-PdlC-F2-20140811,2,1397381,Euphrasia minima,64.621628
CBN-PdlC-F2-20140811,3,1396144,Sedum alpestre,64.424759
CBN-PdlC-F2-20140901,1,1395807,Salix herbacea,61.938522
CBN-PdlC-F2-20140901,2,1396253,Sibbaldia procumbens,61.668739
CBN-PdlC-F2-20140901,3,1392541,Gentiana brachyphylla,61.205772
CBN-PdlC-F2-20150701,1,1396253,Sibbaldia procumbens,64.773956
CBN-PdlC-F2-20150701,2,1392608,Geum montanum,62.006229
CBN-PdlC-F2-20150701,3,1397528,Cardamine bellidifolia,61.871323
CBN-PdlC-F2-20150720,1,1396253,Sibbaldia procumbens,62.648232
CBN-PdlC-F2-20150720,2,1395807,Salix herbacea,60.110687
CBN-PdlC-F2-20150720,3,1397528,Cardamine bellidifolia,59.669617
CBN-PdlC-F2-20150810,1,1412857,Omalotheca supina,64.299393
CBN-PdlC-F2-20150810,2,1396253,Sibbaldia procumbens,63.224991
CBN-PdlC-F2-20150810,3,1395807,Salix herbacea,62.773933
CBN-PdlC-F2-20150831,1,1396253,Sibbaldia procumbens,63.729088
CBN-PdlC-F2-20150831,2,1395807,Salix herbacea,61.305153
CBN-PdlC-F2-20150831,3,1412857,Omalotheca supina,60.328922
CBN-PdlC-F2-20160705,1,1396253,Sibbaldia procumbens,64.543320
CBN-PdlC-F2-20160705,2,1397528,Cardamine bellidifolia,62.474548
CBN-PdlC-F2-20160705,3,1395807,Salix herbacea,61.044777
CBN-PdlC-F2-20160726,1,1396253,Sibbaldia procumbens,64.775833
CBN-PdlC-F2-20160726,2,1395807,Salix herbacea,62.012371
CBN-PdlC-F2-20160726,3,1412857,Omalotheca supina,59.895771
CBN-PdlC-F2-20170906,1,1396253,Sibbaldia procumbens,64.198006
CBN-PdlC-F2-20170906,2,1396843,Trifolium alpinum,63.496677
CBN-PdlC-F2-20170906,3,1395807,Salix herbacea,59.599159
CBN-PdlC-F2-20180702,1,1396253,Sibbaldia procumbens,63.678860
CBN-PdlC-F2-20180702,2,1741880,Salix serpillifolia,61.054943
CBN-PdlC-F2-20180702,3,1744293,Pinguicula tejedensis,60.265285
CBN-PdlC-F2-20180723,1,1393584,Linaria alpina,64.212006
CBN-PdlC-F2-20180723,2,1396253,Sibbaldia procumbens,62.857601
CBN-PdlC-F2-20180723,3,1392241,Alchemilla pentaphyllea,61.623779
CBN-PdlC-F2-20180815,1,1396253,Sibbaldia procumbens,62.841686
CBN-PdlC-F2-20180815,2,1742053,Omalotheca hoppeana,61.127686
CBN-PdlC-F2-20180815,3,1412857,Omalotheca supina,61.056614
CBN-PdlC-F2-20180905,1,1396253,Sibbaldia procumbens,64.102524
CBN-PdlC-F2-20180905,2,1396144,Sedum alpestre,63.616501
CBN-PdlC-F2-20180905,3,1392541,Gentiana brachyphylla,62.371422
CBN-PdlC-F2-20190701,1,1396253,Sibbaldia procumbens,61.837578
CBN-PdlC-F2-20190701,2,1392541,Gentiana brachyphylla,60.577713
CBN-PdlC-F2-20190701,3,1392608,Geum montanum,59.842632
CBN-PdlC-F2-20190812,1,1396253,Sibbaldia procumbens,63.367546
CBN-PdlC-F2-20190812,2,1395807,Salix herbacea,60.618176
CBN-PdlC-F2-20190812,3,1396144,Sedum alpestre,58.848736
CBN-PdlC-F2-20190909,1,1396253,Sibbaldia procumbens,64.907509
CBN-PdlC-F2-20190909,2,1361367,Poa alpina,62.840557
CBN-PdlC-F2-20190909,3,1395807,Salix herbacea,61.999645
CBN-PdlC-F2-20200629,1,1396253,Sibbaldia procumbens,64.554390
CBN-PdlC-F2-20200629,2,1396144,Sedum alpestre,63.020069
CBN-PdlC-F2-20200629,3,1393584,Linaria alpina,62.410744
CBN-PdlC-F2-20200722,1,1396253,Sibbaldia procumbens,64.031448
CBN-PdlC-F2-20200722,2,1392608,Geum montanum,64.004051
CBN-PdlC-F2-20200722,3,1396144,Sedum alpestre,62.737900
CBN-PdlC-F2-20200812,1,1396144,Sedum alpestre,63.000679
CBN-PdlC-F2-20200812,2,1397381,Euphrasia minima,62.753716
CBN-PdlC-F2-20200812,3,1396253,Sibbaldia procumbens,62.615467
CBN-PdlC-F3-20130723,1,1356422,Botrychium lunaria,60.086693
CBN-PdlC-F3-20130723,2,1393200,Homogyne alpina,59.125954
CBN-PdlC-F3-20130723,3,1418688,Arctous alpina,58.857513
CBN-PdlC-F3-20130807,1,1392608,Geum montanum,63.378414
CBN-PdlC-F3-20130807,2,1396253,Sibbaldia procumbens,61.059555
CBN-PdlC-F3-20130807,3,1360299,Geum sylvaticum,59.716385
CBN-PdlC-F3-20130903,1,1396253,Sibbaldia procumbens,62.578014
CBN-PdlC-F3-20130903,2,1392608,Geum montanum,61.406441
CBN-PdlC-F3-20130903,3,1360748,Hydrocotyle vulgaris,60.983841
CBN-PdlC-F3-20140630,1,1392608,Geum montanum,62.427567
CBN-PdlC-F3-20140630,2,1392611,Geum pyrenaicum,57.934948
CBN-PdlC-F3-20140630,3,1363543,Stenotaphrum secundatum,56.878204
CBN-PdlC-F3-20140721,1,1396253,Sibbaldia procumbens,62.794456
CBN-PdlC-F3-20140721,2,1392608,Geum montanum,62.753639
CBN-PdlC-F3-20140721,3,1395807,Salix herbacea,61.255302
CBN-PdlC-F3-20140811,1,1393200,Homogyne alpina,65.206161
CBN-PdlC-F3-20140811,2,1397381,Euphrasia minima,64.831261
CBN-PdlC-F3-20140811,3,1395807,Salix herbacea,63.435280
CBN-PdlC-F3-20140901,1,1396253,Sibbaldia procumbens,63.462387
CBN-PdlC-F3-20140901,2,1392608,Geum montanum,63.012627
CBN-PdlC-F3-20140901,3,1393494,Leucanthemopsis alpina,61.256027
CBN-PdlC-F3-20150701,1,1392608,Geum montanum,62.397461
CBN-PdlC-F3-20150701,2,1395807,Salix herbacea,61.988190
CBN-PdlC-F3-20150701,3,1361592,Luzula campestris,61.590706
CBN-PdlC-F3-20150720,1,1392608,Geum montanum,64.134918
CBN-PdlC-F3-20150720,2,1395807,Salix herbacea,60.988441
CBN-PdlC-F3-20150720,3,1360299,Geum sylvaticum,60.545437
CBN-PdlC-F3-20150810,1,1392608,Geum montanum,60.768410
CBN-PdlC-F3-20150810,2,1395807,Salix herbacea,60.720020
CBN-PdlC-F3-20150810,3,1412857,Omalotheca supina,60.561813
CBN-PdlC-F3-20150831,1,1392608,Geum montanum,63.768375
CBN-PdlC-F3-20150831,2,1412857,Omalotheca supina,62.568844
CBN-PdlC-F3-20150831,3,1396253,Sibbaldia procumbens,61.690987
CBN-PdlC-F3-20160705,1,1392608,Geum montanum,63.361187
CBN-PdlC-F3-20160705,2,1412857,Omalotheca supina,63.030483
CBN-PdlC-F3-20160705,3,1393659,Luzula alpina,62.395779
CBN-PdlC-F3-20160726,1,1395807,Salix herbacea,60.019424
CBN-PdlC-F3-20160726,2,1395870,Salix retusa,57.654945
CBN-PdlC-F3-20160726,3,1394599,Pinguicula leptoceras,57.487244
CBN-PdlC-F3-20170816,1,1396253,Sibbaldia procumbens,61.242432
CBN-PdlC-F3-20170816,2,1392608,Geum montanum,58.834137
CBN-PdlC-F3-20170816,3,1392612,Geum reptans,58.109528
CBN-PdlC-F3-20170906,1,1392608,Geum montanum,60.107513
CBN-PdlC-F3-20170906,2,1396253,Sibbaldia procumbens,59.469082
CBN-PdlC-F3-20170906,3,1360130,Rumex lunaria,58.260887
CBN-PdlC-F3-20180702,1,1396253,Sibbaldia procumbens,62.421585
CBN-PdlC-F3-20180702,2,1393681,Luzula luzuloides,59.321083
CBN-PdlC-F3-20180702,3,1558272,Luzula lactea,59.275784
CBN-PdlC-F3-20180723,1,1392534,Gentiana acaulis,62.885254
CBN-PdlC-F3-20180723,2,1395807,Salix herbacea,61.159214
CBN-PdlC-F3-20180723,3,1397430,Luzula sylvatica,59.321457
CBN-PdlC-F3-20180815,1,1397381,Euphrasia minima,59.536041
CBN-PdlC-F3-20180815,2,1392608,Geum montanum,58.811626
CBN-PdlC-F3-20180815,3,1395807,Salix herbacea,58.510887
CBN-PdlC-F3-20180905,1,1392608,Geum montanum,64.393593
CBN-PdlC-F3-20180905,2,1396253,Sibbaldia procumbens,61.806309
CBN-PdlC-F3-20180905,3,1363543,Stenotaphrum secundatum,60.858303
CBN-PdlC-F3-20190701,1,1393708,Lysimachia nummularia,60.851479
CBN-PdlC-F3-20190701,2,1393200,Homogyne alpina,60.839081
CBN-PdlC-F3-20190701,3,1397430,Luzula sylvatica,59.592545
CBN-PdlC-F3-20190722,1,1395807,Salix herbacea,63.131958
CBN-PdlC-F3-20190722,2,1392608,Geum montanum,63.003063
CBN-PdlC-F3-20190722,3,1722436,Festuca bromoides,59.349174
CBN-PdlC-F3-20190812,1,1396253,Sibbaldia procumbens,61.537308
CBN-PdlC-F3-20190812,2,1392608,Geum montanum,61.411983
CBN-PdlC-F3-20190812,3,1395807,Salix herbacea,60.339996
CBN-PdlC-F3-20190909,1,1396253,Sibbaldia procumbens,63.506134
CBN-PdlC-F3-20190909,2,1395807,Salix herbacea,61.221245
CBN-PdlC-F3-20190909,3,1397386,Festuca scabriculmis,59.989548
CBN-PdlC-F3-20200629,1,1392608,Geum montanum,65.996658
CBN-PdlC-F3-20200629,2,1396253,Sibbaldia procumbens,64.062836
CBN-PdlC-F3-20200629,3,1393200,Homogyne alpina,63.083038
CBN-PdlC-F3-20200722,1,1392608,Geum montanum,63.485184
CBN-PdlC-F3-20200722,2,1395807,Salix herbacea,62.579697
CBN-PdlC-F3-20200722,3,1396253,Sibbaldia procumbens,62.485733
CBN-PdlC-F3-20200812,1,1395807,Salix herbacea,60.754639
CBN-PdlC-F3-20200812,2,1392608,Geum montanum,60.211643
CBN-PdlC-F3-20200812,3,1396253,Sibbaldia procumbens,60.026302
CBN-PdlC-F4-20130723,1,1393200,Homogyne alpina,65.677727
CBN-PdlC-F4-20130723,2,1396253,Sibbaldia procumbens,64.864967
CBN-PdlC-F4-20130723,3,1396843,Trifolium alpinum,61.622284
CBN-PdlC-F4-20130807,1,1396843,Trifolium alpinum,61.899151
CBN-PdlC-F4-20130807,2,1393200,Homogyne alpina,61.217091
CBN-PdlC-F4-20130807,3,1396253,Sibbaldia procumbens,59.730133
CBN-PdlC-F4-20130903,1,1394542,Phyteuma hemisphaericum,65.679794
CBN-PdlC-F4-20130903,2,1392608,Geum montanum,63.325470
CBN-PdlC-F4-20130903,3,1393200,Homogyne alpina,62.883656
CBN-PdlC-F4-20140630,1,1393200,Homogyne alpina,66.528801
CBN-PdlC-F4-20140630,2,1392608,Geum montanum,62.569565
CBN-PdlC-F4-20140630,3,1396253,Sibbaldia procumbens,61.815163
CBN-PdlC-F4-20140811,1,1393200,Homogyne alpina,66.904640
CBN-PdlC-F4-20140811,2,1396843,Trifolium alpinum,62.470398
CBN-PdlC-F4-20140811,3,1395807,Salix herbacea,62.302765
CBN-PdlC-F4-20140901,1,1392608,Geum montanum,63.963547
CBN-PdlC-F4-20140901,2,1392611,Geum pyrenaicum,62.529148
CBN-PdlC-F4-20140901,3,1396253,Sibbaldia procumbens,62.445175
CBN-PdlC-F4-20150701,1,1393200,Homogyne alpina,63.933853
CBN-PdlC-F4-20150701,2,1392608,Geum montanum,62.984085
CBN-PdlC-F4-20150701,3,1396253,Sibbaldia procumbens,62.762875
CBN-PdlC-F4-20150720,1,1396253,Sibbaldia procumbens,63.142639
CBN-PdlC-F4-20150720,2,1396843,Trifolium alpinum,62.373055
CBN-PdlC-F4-20150720,3,1393659,Luzula alpina,62.111900
CBN-PdlC-F4-20150810,1,1393200,Homogyne alpina,65.295609
CBN-PdlC-F4-20150810,2,1392608,Geum montanum,62.799950
CBN-PdlC-F4-20150810,3,1396843,Trifolium alpinum,60.762070
CBN-PdlC-F4-20150831,1,1393200,Homogyne alpina,65.603981
CBN-PdlC-F4-20150831,2,1392534,Gentiana acaulis,63.858406
CBN-PdlC-F4-20150831,3,1392608,Geum montanum,63.535744
CBN-PdlC-F4-20160705,1,1393200,Homogyne alpina,66.846397
CBN-PdlC-F4-20160705,2,1397528,Cardamine bellidifolia,62.835045
CBN-PdlC-F4-20160705,3,1392608,Geum montanum,62.325172
CBN-PdlC-F4-20160726,1,1396253,Sibbaldia procumbens,63.055252
CBN-PdlC-F4-20160726,2,1396843,Trifolium alpinum,62.325195
CBN-PdlC-F4-20160726,3,1392608,Geum montanum,62.316536
CBN-PdlC-F4-20170816,1,1396843,Trifolium alpinum,62.419273
CBN-PdlC-F4-20170816,2,1394366,Oxyria digyna,61.604099
CBN-PdlC-F4-20170816,3,1396253,Sibbaldia procumbens,61.090069
CBN-PdlC-F4-20170906,1,1396253,Sibbaldia procumbens,61.647655
CBN-PdlC-F4-20170906,2,1392241,Alchemilla pentaphyllea,61.016609
CBN-PdlC-F4-20170906,3,1396843,Trifolium alpinum,60.797707
CBN-PdlC-F4-20180702,1,1393200,Homogyne alpina,65.017754
CBN-PdlC-F4-20180702,2,1397430,Luzula sylvatica,62.829414
CBN-PdlC-F4-20180702,3,1396253,Sibbaldia procumbens,62.242046
CBN-PdlC-F4-20180723,1,1392608,Geum montanum,63.580887
CBN-PdlC-F4-20180723,2,1393200,Homogyne alpina,62.703201
CBN-PdlC-F4-20180723,3,1397430,Luzula sylvatica,62.114552
CBN-PdlC-F4-20180815,1,1393200,Homogyne alpina,61.695377
CBN-PdlC-F4-20180815,2,1396253,Sibbaldia procumbens,60.865456
CBN-PdlC-F4-20180815,3,1396869,Trifolium thalii,59.872047
CBN-PdlC-F4-20180905,1,1392608,Geum montanum,65.938881
CBN-PdlC-F4-20180905,2,1396253,Sibbaldia procumbens,63.814045
CBN-PdlC-F4-20180905,3,1393200,Homogyne alpina,62.346104
CBN-PdlC-F4-20190701,1,1393200,Homogyne alpina,67.142784
CBN-PdlC-F4-20190701,2,1392608,Geum montanum,64.578949
CBN-PdlC-F4-20190701,3,1396253,Sibbaldia procumbens,61.785744
CBN-PdlC-F4-20190722,1,1396843,Trifolium alpinum,64.391960
CBN-PdlC-F4-20190722,2,1393200,Homogyne alpina,62.704262
CBN-PdlC-F4-20190722,3,1359508,Trifolium montanum,62.613319
CBN-PdlC-F4-20190812,1,1360299,Geum sylvaticum,63.081882
CBN-PdlC-F4-20190812,2,1396253,Sibbaldia procumbens,61.879803
CBN-PdlC-F4-20190812,3,1647187,Armeria welwitschii,60.541862
CBN-PdlC-F4-20190909,1,1392608,Geum montanum,63.562592
CBN-PdlC-F4-20190909,2,1396843,Trifolium alpinum,61.095493
CBN-PdlC-F4-20190909,3,1392059,Eriophorum angustifolium,60.959682
CBN-PdlC-F4-20200629,1,1393200,Homogyne alpina,64.953102
CBN-PdlC-F4-20200629,2,1392608,Geum montanum,64.853302
CBN-PdlC-F4-20200629,3,1397430,Luzula sylvatica,63.720963
CBN-PdlC-F4-20200722,1,1396843,Trifolium alpinum,62.120480
CBN-PdlC-F4-20200722,2,1395807,Salix herbacea,61.586357
CBN-PdlC-F4-20200722,3,1392608,Geum montanum,61.564621
CBN-PdlC-F4-20200812,1,1397430,Luzula sylvatica,62.199047
CBN-PdlC-F4-20200812,2,1393200,Homogyne alpina,61.327400
CBN-PdlC-F4-20200812,3,1392608,Geum montanum,61.245880
CBN-PdlC-F5-20130723,1,1396253,Sibbaldia procumbens,63.947105
CBN-PdlC-F5-20130723,2,1392541,Gentiana brachyphylla,58.950874
CBN-PdlC-F5-20130723,3,1396843,Trifolium alpinum,58.783802
CBN-PdlC-F5-20130903,1,1392608,Geum montanum,63.725533
CBN-PdlC-F5-20130903,2,1394311,Oreochloa disticha,61.838703
CBN-PdlC-F5-20130903,3,1396253,Sibbaldia procumbens,61.301491
CBN-PdlC-F5-20140630,1,1396253,Sibbaldia procumbens,63.029282
CBN-PdlC-F5-20140630,2,1392608,Geum montanum,61.269730
CBN-PdlC-F5-20140630,3,1392541,Gentiana brachyphylla,59.385761
CBN-PdlC-F5-20140721,1,1396253,Sibbaldia procumbens,64.404182
CBN-PdlC-F5-20140721,2,1392608,Geum montanum,63.885601
CBN-PdlC-F5-20140721,3,1392612,Geum reptans,61.871601
CBN-PdlC-F5-20140811,1,1396253,Sibbaldia procumbens,65.004311
CBN-PdlC-F5-20140811,2,1392608,Geum montanum,64.688789
CBN-PdlC-F5-20140811,3,1396843,Trifolium alpinum,62.353973
CBN-PdlC-F5-20150701,1,1392608,Geum montanum,65.503830
CBN-PdlC-F5-20150701,2,1396253,Sibbaldia procumbens,64.216415
CBN-PdlC-F5-20150701,3,1394311,Oreochloa disticha,62.981392
CBN-PdlC-F5-20150720,1,1392608,Geum montanum,64.926102
CBN-PdlC-F5-20150720,2,1394548,Phyteuma orbiculare,63.412186
CBN-PdlC-F5-20150720,3,1396253,Sibbaldia procumbens,63.059383
CBN-PdlC-F5-20150810,1,1396253,Sibbaldia procumbens,63.369980
CBN-PdlC-F5-20150810,2,1396843,Trifolium alpinum,63.016239
CBN-PdlC-F5-20150810,3,1390761,Carex arenaria,61.389076
CBN-PdlC-F5-20150831,1,1396843,Trifolium alpinum,63.359406
CBN-PdlC-F5-20150831,2,1396253,Sibbaldia procumbens,62.537132
CBN-PdlC-F5-20150831,3,1390761,Carex arenaria,61.992825
CBN-PdlC-F5-20160705,1,1394311,Oreochloa disticha,63.972347
CBN-PdlC-F5-20160705,2,1396253,Sibbaldia procumbens,63.531151
CBN-PdlC-F5-20160705,3,1392608,Geum montanum,62.138741
CBN-PdlC-F5-20160726,1,1361367,Poa alpina,63.788944
CBN-PdlC-F5-20160726,2,1396843,Trifolium alpinum,62.765579
CBN-PdlC-F5-20160726,3,1396253,Sibbaldia procumbens,61.416466
CBN-PdlC-F5-20170816,1,1396253,Sibbaldia procumbens,63.174595
CBN-PdlC-F5-20170816,2,1396843,Trifolium alpinum,62.448418
CBN-PdlC-F5-20170816,3,1390793,Carex curvula,59.609959
CBN-PdlC-F5-20170906,1,1396253,Sibbaldia procumbens,65.598373
CBN-PdlC-F5-20170906,2,1396843,Trifolium alpinum,60.403290
CBN-PdlC-F5-20170906,3,1363543,Stenotaphrum secundatum,59.338215
CBN-PdlC-F5-20180702,1,1396253,Sibbaldia procumbens,64.102211
CBN-PdlC-F5-20180702,2,1396843,Trifolium alpinum,62.723457
CBN-PdlC-F5-20180702,3,1392541,Gentiana brachyphylla,62.244514
CBN-PdlC-F5-20180723,1,1396253,Sibbaldia procumbens,64.233688
CBN-PdlC-F5-20180723,2,1392608,Geum montanum,64.138885
CBN-PdlC-F5-20180723,3,1396843,Trifolium alpinum,62.777206
CBN-PdlC-F5-20180815,1,1396253,Sibbaldia procumbens,61.469593
CBN-PdlC-F5-20180815,2,1390793,Carex curvula,61.199394
CBN-PdlC-F5-20180815,3,1396843,Trifolium alpinum,60.775196
CBN-PdlC-F5-20180905,1,1396253,Sibbaldia procumbens,63.726639
CBN-PdlC-F5-20180905,2,1396843,Trifolium alpinum,62.502495
CBN-PdlC-F5-20180905,3,1390793,Carex curvula,60.836685
CBN-PdlC-F5-20190722,1,1396843,Trifolium alpinum,63.834637
CBN-PdlC-F5-20190722,2,1392608,Geum montanum,63.543297
CBN-PdlC-F5-20190722,3,1396253,Sibbaldia procumbens,62.301914
CBN-PdlC-F5-20190812,1,1392608,Geum montanum,61.658440
CBN-PdlC-F5-20190812,2,1396253,Sibbaldia procumbens,60.541233
CBN-PdlC-F5-20190812,3,1360299,Geum sylvaticum,60.536774
CBN-PdlC-F5-20190909,1,1392608,Geum montanum,64.073532
CBN-PdlC-F5-20190909,2,1396253,Sibbaldia procumbens,62.658142
CBN-PdlC-F5-20190909,3,1396843,Trifolium alpinum,60.845173
CBN-PdlC-F5-20200629,1,1392608,Geum montanum,63.944035
CBN-PdlC-F5-20200629,2,1396253,Sibbaldia procumbens,63.720997
CBN-PdlC-F5-20200629,3,1390793,Carex curvula,61.798283
CBN-PdlC-F5-20200722,1,1396843,Trifolium alpinum,64.327980
CBN-PdlC-F5-20200722,2,1390793,Carex curvula,63.820271
CBN-PdlC-F5-20200722,3,1396253,Sibbaldia procumbens,62.532658
CBN-PdlC-F5-20200812,1,1396843,Trifolium alpinum,63.129196
CBN-PdlC-F5-20200812,2,1390793,Carex curvula,62.927002
CBN-PdlC-F5-20200812,3,1396253,Sibbaldia procumbens,62.824089
CBN-PdlC-F6-20130723,1,1393200,Homogyne alpina,62.441341
CBN-PdlC-F6-20130723,2,1396843,Trifolium alpinum,60.037594
CBN-PdlC-F6-20130723,3,1394542,Phyteuma hemisphaericum,59.677990
CBN-PdlC-F6-20130807,1,1393200,Homogyne alpina,62.667389
CBN-PdlC-F6-20130807,2,1390793,Carex curvula,60.952843
CBN-PdlC-F6-20130807,3,1396843,Trifolium alpinum,60.517433
CBN-PdlC-F6-20130903,1,1390793,Carex curvula,65.427811
CBN-PdlC-F6-20130903,2,1396843,Trifolium alpinum,60.324680
CBN-PdlC-F6-20130903,3,1397497,Silene ciliata,59.640945
CBN-PdlC-F6-20140630,1,1390761,Carex arenaria,61.078758
CBN-PdlC-F6-20140630,2,1390793,Carex curvula,59.912537
CBN-PdlC-F6-20140630,3,1390837,Carex humilis,57.659790
CBN-PdlC-F6-20140721,1,1392535,Gentiana alpina,60.619858
CBN-PdlC-F6-20140721,2,1396843,Trifolium alpinum,60.037193
CBN-PdlC-F6-20140721,3,1390793,Carex curvula,59.724602
CBN-PdlC-F6-20140811,1,1392535,Gentiana alpina,64.235863
CBN-PdlC-F6-20140811,2,1396843,Trifolium alpinum,63.182678
CBN-PdlC-F6-20140811,3,1394311,Oreochloa disticha,63.054337
CBN-PdlC-F6-20150701,1,1393200,Homogyne alpina,67.222672
CBN-PdlC-F6-20150701,2,1392535,Gentiana alpina,64.040558
CBN-PdlC-F6-20150701,3,1396843,Trifolium alpinum,62.221916
CBN-PdlC-F6-20150720,1,1394542,Phyteuma hemisphaericum,63.913399
CBN-PdlC-F6-20150720,2,1396843,Trifolium alpinum,60.926888
CBN-PdlC-F6-20150720,3,1394543,Phyteuma humile,60.925190
CBN-PdlC-F6-20150810,1,1392608,Geum montanum,63.475342
CBN-PdlC-F6-20150810,2,1361367,Poa alpina,61.606659
CBN-PdlC-F6-20150810,3,1396843,Trifolium alpinum,61.300182
CBN-PdlC-F6-20150831,1,1392608,Geum montanum,64.343811
CBN-PdlC-F6-20150831,2,1390793,Carex curvula,61.940067
CBN-PdlC-F6-20150831,3,1396843,Trifolium alpinum,61.074501
CBN-PdlC-F6-20160705,1,1396843,Trifolium alpinum,63.243240
CBN-PdlC-F6-20160705,2,1390793,Carex curvula,62.112705
CBN-PdlC-F6-20160705,3,1392608,Geum montanum,61.934593
CBN-PdlC-F6-20160726,1,1392534,Gentiana acaulis,66.083435
CBN-PdlC-F6-20160726,2,1396843,Trifolium alpinum,61.454693
CBN-PdlC-F6-20160726,3,1392561,Gentiana pyrenaica,61.291889
CBN-PdlC-F6-20170816,1,1393200,Homogyne alpina,65.890068
CBN-PdlC-F6-20170816,2,1392608,Geum montanum,62.961365
CBN-PdlC-F6-20170816,3,1390793,Carex curvula,61.819012
CBN-PdlC-F6-20170906,1,1392608,Geum montanum,62.846870
CBN-PdlC-F6-20170906,2,1396843,Trifolium alpinum,62.213856
CBN-PdlC-F6-20170906,3,1412857,Omalotheca supina,60.118919
CBN-PdlC-F6-20180702,1,1356422,Botrychium lunaria,62.474857
CBN-PdlC-F6-20180702,2,1390793,Carex curvula,60.677597
CBN-PdlC-F6-20180702,3,1396843,Trifolium alpinum,60.645081
CBN-PdlC-F6-20180723,1,1396843,Trifolium alpinum,62.459572
CBN-PdlC-F6-20180723,2,1395807,Salix herbacea,59.433987
CBN-PdlC-F6-20180723,3,1392534,Gentiana acaulis,59.423012
CBN-PdlC-F6-20180815,1,1396843,Trifolium alpinum,62.561691
CBN-PdlC-F6-20180815,2,1393200,Homogyne alpina,60.778809
CBN-PdlC-F6-20180815,3,1396253,Sibbaldia procumbens,60.724770
CBN-PdlC-F6-20180905,1,1393200,Homogyne alpina,69.736038
CBN-PdlC-F6-20180905,2,1396843,Trifolium alpinum,62.410904
CBN-PdlC-F6-20180905,3,1390793,Carex curvula,59.843266
CBN-PdlC-F6-20190722,1,1396869,Trifolium thalii,63.412575
CBN-PdlC-F6-20190722,2,1396843,Trifolium alpinum,63.026840
CBN-PdlC-F6-20190722,3,1390793,Carex curvula,62.588226
CBN-PdlC-F6-20190812,1,1361367,Poa alpina,61.872231
CBN-PdlC-F6-20190812,2,1396843,Trifolium alpinum,61.064735
CBN-PdlC-F6-20190812,3,1395807,Salix herbacea,58.757854
CBN-PdlC-F6-20190909,1,1393200,Homogyne alpina,63.347649
CBN-PdlC-F6-20190909,2,1396843,Trifolium alpinum,63.104958
CBN-PdlC-F6-20190909,3,1390793,Carex curvula,61.901001
CBN-PdlC-F6-20200629,1,1393200,Homogyne alpina,61.778248
CBN-PdlC-F6-20200629,2,1390793,Carex curvula,61.607529
CBN-PdlC-F6-20200629,3,1392608,Geum montanum,60.323189
CBN-PdlC-F6-20200722,1,1396843,Trifolium alpinum,65.356705
CBN-PdlC-F6-20200722,2,1390793,Carex curvula,65.168564
CBN-PdlC-F6-20200722,3,1392534,Gentiana acaulis,64.995071
CBN-PdlC-F6-20200812,1,1390793,Carex curvula,66.063461
CBN-PdlC-F6-20200812,2,1392541,Gentiana brachyphylla,63.709095
CBN-PdlC-F6-20200812,3,1393200,Homogyne alpina,63.521580
CBN-Pla-A1-20130808,1,1396253,Sibbaldia procumbens,63.781219
CBN-Pla-A1-20130808,2,1397475,Rhododendron ferrugineum,62.865181
CBN-Pla-A1-20130808,3,1412857,Omalotheca supina,62.774784
CBN-Pla-A1-20130904,1,1397475,Rhododendron ferrugineum,63.267784
CBN-Pla-A1-20130904,2,1395807,Salix herbacea,62.421513
CBN-Pla-A1-20130904,3,1396253,Sibbaldia procumbens,61.822491
CBN-Pla-A1-20140722,1,1397475,Rhododendron ferrugineum,64.768822
CBN-Pla-A1-20140722,2,1396253,Sibbaldia procumbens,60.841320
CBN-Pla-A1-20140722,3,1497667,Tradescantia sillamontana,60.191147
CBN-Pla-A1-20140812,1,1742053,Omalotheca hoppeana,64.908150
CBN-Pla-A1-20140812,2,1397475,Rhododendron ferrugineum,64.634933
CBN-Pla-A1-20140812,3,1395807,Salix herbacea,63.460590
CBN-Pla-A1-20140902,1,1397475,Rhododendron ferrugineum,62.347664
CBN-Pla-A1-20140902,2,1396253,Sibbaldia procumbens,58.158436
CBN-Pla-A1-20140902,3,1393968,Noccaea rotundifolia,57.942230
CBN-Pla-A1-20150702,1,1396253,Sibbaldia procumbens,59.745228
CBN-Pla-A1-20150702,2,1390904,Carex rupestris,58.652531
CBN-Pla-A1-20150702,3,1398222,Carex glacialis,58.040199
CBN-Pla-A1-20150723,1,1397475,Rhododendron ferrugineum,62.591454
CBN-Pla-A1-20150723,2,1400176,Bistorta vivipara,61.406731
CBN-Pla-A1-20150723,3,1395807,Salix herbacea,61.374352
CBN-Pla-A1-20150811,1,1397475,Rhododendron ferrugineum,63.810249
CBN-Pla-A1-20150811,2,1412857,Omalotheca supina,63.080860
CBN-Pla-A1-20150811,3,1396253,Sibbaldia procumbens,62.056267
CBN-Pla-A1-20150901,1,1400176,Bistorta vivipara,64.386520
CBN-Pla-A1-20150901,2,1397475,Rhododendron ferrugineum,63.303032
CBN-Pla-A1-20150901,3,1742053,Omalotheca hoppeana,62.845268
CBN-Pla-A1-20160707,1,1397475,Rhododendron ferrugineum,62.284065
CBN-Pla-A1-20160707,2,1742052,Leontopodium nivale,59.043549
CBN-Pla-A1-20160707,3,1357575,Filago carpetana,57.740353
CBN-Pla-A1-20160728,1,1397475,Rhododendron ferrugineum,63.737762
CBN-Pla-A1-20160728,2,1395807,Salix herbacea,61.671783
CBN-Pla-A1-20160728,3,1396253,Sibbaldia procumbens,61.379028
CBN-Pla-A1-20180724,1,1397475,Rhododendron ferrugineum,60.834297
CBN-Pla-A1-20180724,2,1394375,Oxytropis lapponica,55.094978
CBN-Pla-A1-20180724,3,1363543,Stenotaphrum secundatum,54.930756
CBN-Pla-A1-20180816,1,1396253,Sibbaldia procumbens,62.550274
CBN-Pla-A1-20180816,2,1397475,Rhododendron ferrugineum,62.014526
CBN-Pla-A1-20180816,3,1395807,Salix herbacea,61.152912
CBN-Pla-A1-20180906,1,1395807,Salix herbacea,60.570744
CBN-Pla-A1-20180906,2,1397475,Rhododendron ferrugineum,60.560379
CBN-Pla-A1-20180906,3,1394366,Oxyria digyna,59.635246
CBN-Pla-A1-20190723,1,1397475,Rhododendron ferrugineum,62.917866
CBN-Pla-A1-20190723,2,1396253,Sibbaldia procumbens,62.133251
CBN-Pla-A1-20190723,3,1395807,Salix herbacea,60.184326
CBN-Pla-A1-20190814,1,1397475,Rhododendron ferrugineum,62.614933
CBN-Pla-A1-20190814,2,1396253,Sibbaldia procumbens,62.214958
CBN-Pla-A1-20190814,3,1392655,Goodyera repens,60.372509
CBN-Pla-A1-20200630,1,1366028,Utricularia subulata,52.945595
CBN-Pla-A1-20200630,2,1400182,Bolboschoenus planiculmis,51.977226
CBN-Pla-A1-20200630,3,1741564,Carex aterrima,51.745926
CBN-Pla-A1-20200723,1,1412857,Omalotheca supina,62.794777
CBN-Pla-A1-20200723,2,1396253,Sibbaldia procumbens,62.434307
CBN-Pla-A1-20200723,3,1400176,Bistorta vivipara,61.991531
CBN-Pla-A1-20200814,1,1412857,Omalotheca supina,64.828987
CBN-Pla-A1-20200814,2,1392552,Gentiana nivalis,64.697754
CBN-Pla-A1-20200814,3,1397475,Rhododendron ferrugineum,63.460472
CBN-Pla-A2-20130724,1,1396015,Saxifraga moschata,59.278160
CBN-Pla-A2-20130724,2,1395949,Saxifraga bryoides,59.170982
CBN-Pla-A2-20130724,3,1390793,Carex curvula,56.326824
CBN-Pla-A2-20130808,1,1396253,Sibbaldia procumbens,61.517185
CBN-Pla-A2-20130808,2,1395807,Salix herbacea,61.474602
CBN-Pla-A2-20130808,3,1412857,Omalotheca supina,61.331833
CBN-Pla-A2-20130904,1,1395973,Saxifraga exarata,63.542900
CBN-Pla-A2-20130904,2,1396015,Saxifraga moschata,62.852921
CBN-Pla-A2-20130904,3,1395807,Salix herbacea,62.579517
CBN-Pla-A2-20140722,1,1395949,Saxifraga bryoides,62.042419
CBN-Pla-A2-20140722,2,1396015,Saxifraga moschata,61.715485
CBN-Pla-A2-20140722,3,1395973,Saxifraga exarata,61.342106
CBN-Pla-A2-20140812,1,1396144,Sedum alpestre,64.991982
CBN-Pla-A2-20140812,2,1395807,Salix herbacea,63.456657
CBN-Pla-A2-20140812,3,1395949,Saxifraga bryoides,62.661137
CBN-Pla-A2-20140902,1,1396015,Saxifraga moschata,63.961037
CBN-Pla-A2-20140902,2,1395973,Saxifraga exarata,62.612545
CBN-Pla-A2-20140902,3,1395949,Saxifraga bryoides,62.541290
CBN-Pla-A2-20150702,1,1412857,Omalotheca supina,61.829956
CBN-Pla-A2-20150702,2,1396015,Saxifraga moschata,61.551956
CBN-Pla-A2-20150702,3,1396253,Sibbaldia procumbens,60.913750
CBN-Pla-A2-20150723,1,1396015,Saxifraga moschata,62.353111
CBN-Pla-A2-20150723,2,1395949,Saxifraga bryoides,62.320389
CBN-Pla-A2-20150723,3,1742053,Omalotheca hoppeana,61.396378
CBN-Pla-A2-20150811,1,1392552,Gentiana nivalis,65.431442
CBN-Pla-A2-20150811,2,1741880,Salix serpillifolia,61.732452
CBN-Pla-A2-20150811,3,1396015,Saxifraga moschata,61.697021
CBN-Pla-A2-20150901,1,1396015,Saxifraga moschata,64.215141
CBN-Pla-A2-20150901,2,1412857,Omalotheca supina,63.036606
CBN-Pla-A2-20150901,3,1396253,Sibbaldia procumbens,61.381756
CBN-Pla-A2-20160707,1,1396015,Saxifraga moschata,63.800945
CBN-Pla-A2-20160707,2,1396253,Sibbaldia procumbens,62.802097
CBN-Pla-A2-20160707,3,1395870,Salix retusa,62.080284
CBN-Pla-A2-20160728,1,1395949,Saxifraga bryoides,60.645752
CBN-Pla-A2-20160728,2,1395807,Salix herbacea,60.560661
CBN-Pla-A2-20160728,3,1394643,Antennaria dioica,60.031307
CBN-Pla-A2-20180724,1,1396180,Sempervivum montanum,62.720924
CBN-Pla-A2-20180724,2,1395949,Saxifraga bryoides,61.498611
CBN-Pla-A2-20180724,3,1363543,Stenotaphrum secundatum,60.152348
CBN-Pla-A2-20180816,1,1396253,Sibbaldia procumbens,63.187855
CBN-Pla-A2-20180816,2,1396015,Saxifraga moschata,62.904327
CBN-Pla-A2-20180816,3,1412857,Omalotheca supina,62.559242
CBN-Pla-A2-20180906,1,1395949,Saxifraga bryoides,63.716560
CBN-Pla-A2-20180906,2,1396015,Saxifraga moschata,63.404877
CBN-Pla-A2-20180906,3,1396253,Sibbaldia procumbens,61.973835
CBN-Pla-A2-20190723,1,1412857,Omalotheca supina,62.994804
CBN-Pla-A2-20190723,2,1742053,Omalotheca hoppeana,62.890163
CBN-Pla-A2-20190723,3,1396253,Sibbaldia procumbens,62.560791
CBN-Pla-A2-20190814,1,1396253,Sibbaldia procumbens,64.091454
CBN-Pla-A2-20190814,2,1396015,Saxifraga moschata,63.142654
CBN-Pla-A2-20190814,3,1396144,Sedum alpestre,62.558098
CBN-Pla-A2-20200723,1,1397043,Veronica alpina,63.090469
CBN-Pla-A2-20200723,2,1396253,Sibbaldia procumbens,62.950035
CBN-Pla-A2-20200723,3,1395949,Saxifraga bryoides,62.583656
CBN-Pla-A2-20200814,1,1742053,Omalotheca hoppeana,67.125931
CBN-Pla-A2-20200814,2,1412857,Omalotheca supina,65.833328
CBN-Pla-A2-20200814,3,1396015,Saxifraga moschata,64.648514
CBN-Pla-A3-20130724,1,1743465,Aloe succotrina,57.856636
CBN-Pla-A3-20130724,2,1391427,Crassula pubescens,56.512131
CBN-Pla-A3-20130724,3,1418688,Arctous alpina,56.207031
CBN-Pla-A3-20130808,1,1396253,Sibbaldia procumbens,62.546497
CBN-Pla-A3-20130808,2,1395807,Salix herbacea,62.026230
CBN-Pla-A3-20130808,3,1395870,Salix retusa,61.758507
CBN-Pla-A3-20130904,1,1395870,Salix retusa,61.630348
CBN-Pla-A3-20130904,2,1395807,Salix herbacea,61.337914
CBN-Pla-A3-20130904,3,1741880,Salix serpillifolia,59.633072
CBN-Pla-A3-20140722,1,1396144,Sedum alpestre,59.028889
CBN-Pla-A3-20140722,2,1744293,Pinguicula tejedensis,57.678272
CBN-Pla-A3-20140722,3,1399800,Pinguicula nevadensis,57.557884
CBN-Pla-A3-20140812,1,1395807,Salix herbacea,62.010384
CBN-Pla-A3-20140812,2,1395870,Salix retusa,61.335716
CBN-Pla-A3-20140812,3,1741880,Salix serpillifolia,60.111904
CBN-Pla-A3-20140902,1,1395807,Salix herbacea,62.535500
CBN-Pla-A3-20140902,2,1361367,Poa alpina,61.128468
CBN-Pla-A3-20140902,3,1395870,Salix retusa,60.903564
CBN-Pla-A3-20150702,1,1532190,Carex rorulenta,59.804153
CBN-Pla-A3-20150702,2,1390793,Carex curvula,58.897186
CBN-Pla-A3-20150702,3,1396144,Sedum alpestre,58.572681
CBN-Pla-A3-20150723,1,1395807,Salix herbacea,60.057194
CBN-Pla-A3-20150723,2,1363543,Stenotaphrum secundatum,59.894993
CBN-Pla-A3-20150723,3,1396843,Trifolium alpinum,58.766670
CBN-Pla-A3-20150811,1,1395807,Salix herbacea,60.536621
CBN-Pla-A3-20150811,2,1412857,Omalotheca supina,60.008511
CBN-Pla-A3-20150811,3,1395870,Salix retusa,59.214287
CBN-Pla-A3-20150901,1,1396253,Sibbaldia procumbens,62.826084
CBN-Pla-A3-20150901,2,1412857,Omalotheca supina,61.398529
CBN-Pla-A3-20150901,3,1395807,Salix herbacea,61.298367
CBN-Pla-A3-20160707,1,1396144,Sedum alpestre,63.139584
CBN-Pla-A3-20160707,2,1395870,Salix retusa,59.330448
CBN-Pla-A3-20160707,3,1396843,Trifolium alpinum,59.088589
CBN-Pla-A3-20160728,1,1396144,Sedum alpestre,65.788177
CBN-Pla-A3-20160728,2,1397043,Veronica alpina,62.143356
CBN-Pla-A3-20160728,3,1395807,Salix herbacea,61.664822
CBN-Pla-A3-20180724,1,1395870,Salix retusa,58.292900
CBN-Pla-A3-20180724,2,1396144,Sedum alpestre,58.245255
CBN-Pla-A3-20180724,3,1741880,Salix serpillifolia,57.240303
CBN-Pla-A3-20180816,1,1396144,Sedum alpestre,63.436913
CBN-Pla-A3-20180816,2,1397043,Veronica alpina,63.221058
CBN-Pla-A3-20180816,3,1395807,Salix herbacea,61.457073
CBN-Pla-A3-20180906,1,1396144,Sedum alpestre,62.885742
CBN-Pla-A3-20180906,2,1412857,Omalotheca supina,62.199100
CBN-Pla-A3-20180906,3,1395807,Salix herbacea,61.813705
CBN-Pla-A3-20190723,1,1361367,Poa alpina,61.575756
CBN-Pla-A3-20190723,2,1396253,Sibbaldia procumbens,61.209335
CBN-Pla-A3-20190723,3,1395807,Salix herbacea,60.695763
CBN-Pla-A3-20190814,1,1360130,Rumex lunaria,60.042053
CBN-Pla-A3-20190814,2,1395870,Salix retusa,59.686718
CBN-Pla-A3-20190814,3,1741880,Salix serpillifolia,59.574474
CBN-Pla-A3-20200723,1,1397043,Veronica alpina,62.333229
CBN-Pla-A3-20200723,2,1396144,Sedum alpestre,62.235531
CBN-Pla-A3-20200723,3,1395807,Salix herbacea,62.083740
CBN-Pla-A3-20200814,1,1396144,Sedum alpestre,64.170006
CBN-Pla-A3-20200814,2,1741880,Salix serpillifolia,62.678082
CBN-Pla-A3-20200814,3,1392541,Gentiana brachyphylla,62.162395
CBN-Pla-A4-20130724,1,1363543,Stenotaphrum secundatum,58.008438
CBN-Pla-A4-20130724,2,1392109,Eryngium viviparum,56.343048
CBN-Pla-A4-20130724,3,1394603,Pinguicula vulgaris,55.943642
CBN-Pla-A4-20130808,1,1741880,Salix serpillifolia,65.946976
CBN-Pla-A4-20130808,2,1395870,Salix retusa,64.632805
CBN-Pla-A4-20130808,3,1395807,Salix herbacea,62.281807
CBN-Pla-A4-20130904,1,1741880,Salix serpillifolia,65.964798
CBN-Pla-A4-20130904,2,1395870,Salix retusa,65.446884
CBN-Pla-A4-20130904,3,1395807,Salix herbacea,62.807926
CBN-Pla-A4-20140722,1,1394311,Oreochloa disticha,59.018135
CBN-Pla-A4-20140722,2,1363543,Stenotaphrum secundatum,57.260475
CBN-Pla-A4-20140722,3,1361141,Agrostis rupestris,56.961334
CBN-Pla-A4-20140812,1,1395870,Salix retusa,65.349396
CBN-Pla-A4-20140812,2,1741880,Salix serpillifolia,64.310425
CBN-Pla-A4-20140812,3,1395807,Salix herbacea,63.722870
CBN-Pla-A4-20140902,1,1741880,Salix serpillifolia,66.925674
CBN-Pla-A4-20140902,2,1395870,Salix retusa,66.404259
CBN-Pla-A4-20140902,3,1395807,Salix herbacea,61.544895
CBN-Pla-A4-20150702,1,1418688,Arctous alpina,59.491608
CBN-Pla-A4-20150702,2,1363543,Stenotaphrum secundatum,57.493996
CBN-Pla-A4-20150702,3,1412857,Omalotheca supina,57.280361
CBN-Pla-A4-20150723,1,1395870,Salix retusa,66.885147
CBN-Pla-A4-20150723,2,1741880,Salix serpillifolia,66.036858
CBN-Pla-A4-20150723,3,1395862,Salix pyrenaica,61.595325
CBN-Pla-A4-20150811,1,1741880,Salix serpillifolia,67.497482
CBN-Pla-A4-20150811,2,1395870,Salix retusa,66.514557
CBN-Pla-A4-20150811,3,1395718,Sagina saginoides,62.821972
CBN-Pla-A4-20150901,1,1395870,Salix retusa,65.010139
CBN-Pla-A4-20150901,2,1741880,Salix serpillifolia,64.854523
CBN-Pla-A4-20150901,3,1395807,Salix herbacea,62.290344
CBN-Pla-A4-20160707,1,1741880,Salix serpillifolia,59.159763
CBN-Pla-A4-20160707,2,1363543,Stenotaphrum secundatum,58.793594
CBN-Pla-A4-20160707,3,1395870,Salix retusa,58.155762
CBN-Pla-A4-20160728,1,1395870,Salix retusa,62.348129
CBN-Pla-A4-20160728,2,1397043,Veronica alpina,61.911476
CBN-Pla-A4-20160728,3,1395807,Salix herbacea,61.203972
CBN-Pla-A4-20180724,1,1363133,Triglochin striata,57.491150
CBN-Pla-A4-20180724,2,1390783,Carex cespitosa,57.444267
CBN-Pla-A4-20180724,3,1390837,Carex humilis,56.192345
CBN-Pla-A4-20180816,1,1741880,Salix serpillifolia,64.723244
CBN-Pla-A4-20180816,2,1395870,Salix retusa,64.425293
CBN-Pla-A4-20180816,3,1395807,Salix herbacea,61.150169
CBN-Pla-A4-20180906,1,1395870,Salix retusa,64.540421
CBN-Pla-A4-20180906,2,1741880,Salix serpillifolia,64.068214
CBN-Pla-A4-20180906,3,1397043,Veronica alpina,63.862473
CBN-Pla-A4-20190723,1,1741880,Salix serpillifolia,63.833607
CBN-Pla-A4-20190723,2,1395870,Salix retusa,63.016350
CBN-Pla-A4-20190723,3,1395807,Salix herbacea,61.349125
CBN-Pla-A4-20190814,1,1741880,Salix serpillifolia,64.463509
CBN-Pla-A4-20190814,2,1395870,Salix retusa,62.901291
CBN-Pla-A4-20190814,3,1395807,Salix herbacea,60.286068
CBN-Pla-A4-20200723,1,1741880,Salix serpillifolia,65.601494
CBN-Pla-A4-20200723,2,1395870,Salix retusa,63.296989
CBN-Pla-A4-20200723,3,1395807,Salix herbacea,62.632072
CBN-Pla-A4-20200814,1,1395870,Salix retusa,63.136276
CBN-Pla-A4-20200814,2,1741880,Salix serpillifolia,62.158276
CBN-Pla-A4-20200814,3,1363133,Triglochin striata,62.121742
CBN-Pla-A5-20130724,1,1741880,Salix serpillifolia,57.852070
CBN-Pla-A5-20130724,2,1392522,Genista pulchella,56.961037
CBN-Pla-A5-20130724,3,1418688,Arctous alpina,56.717033
CBN-Pla-A5-20130808,1,1741880,Salix serpillifolia,67.073700
CBN-Pla-A5-20130808,2,1395870,Salix retusa,65.796745
CBN-Pla-A5-20130808,3,1392541,Gentiana brachyphylla,61.026909
CBN-Pla-A5-20130904,1,1741880,Salix serpillifolia,67.216049
CBN-Pla-A5-20130904,2,1395870,Salix retusa,65.986221
CBN-Pla-A5-20130904,3,1394643,Antennaria dioica,62.790527
CBN-Pla-A5-20140722,1,1647156,Armeria humilis,59.026581
CBN-Pla-A5-20140722,2,1394270,Androsace adfinis,57.833778
CBN-Pla-A5-20140722,3,1390811,Carex ericetorum,57.259144
CBN-Pla-A5-20140812,1,1395870,Salix retusa,65.467422
CBN-Pla-A5-20140812,2,1741880,Salix serpillifolia,65.362717
CBN-Pla-A5-20140812,3,1396144,Sedum alpestre,64.821098
CBN-Pla-A5-20140902,1,1395870,Salix retusa,65.010376
CBN-Pla-A5-20140902,2,1741880,Salix serpillifolia,64.884155
CBN-Pla-A5-20140902,3,1361367,Poa alpina,61.777283
CBN-Pla-A5-20150702,1,1394643,Antennaria dioica,57.969238
CBN-Pla-A5-20150702,2,1609716,Epilobium komarovianum,57.962917
CBN-Pla-A5-20150702,3,1741880,Salix serpillifolia,57.416916
CBN-Pla-A5-20150723,1,1741880,Salix serpillifolia,66.414230
CBN-Pla-A5-20150723,2,1395870,Salix retusa,65.913513
CBN-Pla-A5-20150723,3,1394643,Antennaria dioica,61.712040
CBN-Pla-A5-20150811,1,1395870,Salix retusa,66.361435
CBN-Pla-A5-20150811,2,1741880,Salix serpillifolia,65.597374
CBN-Pla-A5-20150811,3,1742053,Omalotheca hoppeana,64.261177
CBN-Pla-A5-20160707,1,1741880,Salix serpillifolia,60.950642
CBN-Pla-A5-20160707,2,1395870,Salix retusa,60.290680
CBN-Pla-A5-20160707,3,1412857,Omalotheca supina,59.638847
CBN-Pla-A5-20160728,1,1395870,Salix retusa,65.081749
CBN-Pla-A5-20160728,2,1741880,Salix serpillifolia,63.487343
CBN-Pla-A5-20160728,3,1396843,Trifolium alpinum,63.035408
CBN-Pla-A5-20180724,1,1741880,Salix serpillifolia,59.230804
CBN-Pla-A5-20180724,2,1396111,Arenaria erinacea,58.037834
CBN-Pla-A5-20180724,3,1395870,Salix retusa,57.883736
CBN-Pla-A5-20180816,1,1395870,Salix retusa,66.370354
CBN-Pla-A5-20180816,2,1741880,Salix serpillifolia,65.057251
CBN-Pla-A5-20180816,3,1395807,Salix herbacea,61.131908
CBN-Pla-A5-20180906,1,1741880,Salix serpillifolia,66.517105
CBN-Pla-A5-20180906,2,1395870,Salix retusa,66.264359
CBN-Pla-A5-20180906,3,1395807,Salix herbacea,61.709755
CBN-Pla-A5-20190723,1,1395870,Salix retusa,66.165726
CBN-Pla-A5-20190723,2,1741880,Salix serpillifolia,65.827499
CBN-Pla-A5-20190723,3,1395807,Salix herbacea,60.291363
CBN-Pla-A5-20190814,1,1395870,Salix retusa,65.771729
CBN-Pla-A5-20190814,2,1412857,Omalotheca supina,65.443848
CBN-Pla-A5-20190814,3,1741880,Salix serpillifolia,65.069328
CBN-Pla-A5-20200723,1,1741880,Salix serpillifolia,65.321289
CBN-Pla-A5-20200723,2,1395870,Salix retusa,63.984344
CBN-Pla-A5-20200723,3,1395807,Salix herbacea,61.328735
CBN-Pla-A5-20200814,1,1395870,Salix retusa,65.646576
CBN-Pla-A5-20200814,2,1742053,Omalotheca hoppeana,65.163498
CBN-Pla-A5-20200814,3,1741880,Salix serpillifolia,64.272774
CBN-Pla-A6-20130724,1,1395870,Salix retusa,57.743641
CBN-Pla-A6-20130724,2,1529402,Sempervivum minutum,57.316456
CBN-Pla-A6-20130724,3,1396143,Sedum sarmentosum,56.422859
CBN-Pla-A6-20130808,1,1741880,Salix serpillifolia,64.537003
CBN-Pla-A6-20130808,2,1395870,Salix retusa,63.957195
CBN-Pla-A6-20130808,3,1396253,Sibbaldia procumbens,63.506802
CBN-Pla-A6-20130904,1,1741880,Salix serpillifolia,67.705437
CBN-Pla-A6-20130904,2,1395870,Salix retusa,64.991562
CBN-Pla-A6-20130904,3,1395807,Salix herbacea,61.438568
CBN-Pla-A6-20140722,1,1741880,Salix serpillifolia,62.322941
CBN-Pla-A6-20140722,2,1395870,Salix retusa,59.961380
CBN-Pla-A6-20140722,3,1390904,Carex rupestris,58.959320
CBN-Pla-A6-20140812,1,1396144,Sedum alpestre,64.348503
CBN-Pla-A6-20140812,2,1395870,Salix retusa,64.329819
CBN-Pla-A6-20140812,3,1741880,Salix serpillifolia,63.878220
CBN-Pla-A6-20140902,1,1741880,Salix serpillifolia,64.835968
CBN-Pla-A6-20140902,2,1395870,Salix retusa,64.641891
CBN-Pla-A6-20140902,3,1395807,Salix herbacea,60.859570
CBN-Pla-A6-20150702,1,1396253,Sibbaldia procumbens,62.244400
CBN-Pla-A6-20150702,2,1741880,Salix serpillifolia,60.767372
CBN-Pla-A6-20150702,3,1396144,Sedum alpestre,59.878548
CBN-Pla-A6-20150723,1,1741880,Salix serpillifolia,65.521683
CBN-Pla-A6-20150723,2,1395870,Salix retusa,64.356438
CBN-Pla-A6-20150723,3,1396869,Trifolium thalii,63.987518
CBN-Pla-A6-20150811,1,1741880,Salix serpillifolia,65.728554
CBN-Pla-A6-20150811,2,1395870,Salix retusa,63.812149
CBN-Pla-A6-20150811,3,1396253,Sibbaldia procumbens,62.147171
CBN-Pla-A6-20150901,1,1392541,Gentiana brachyphylla,63.799435
CBN-Pla-A6-20150901,2,1396843,Trifolium alpinum,63.319164
CBN-Pla-A6-20150901,3,1396253,Sibbaldia procumbens,63.222427
CBN-Pla-A6-20160707,1,1609716,Epilobium komarovianum,60.567963
CBN-Pla-A6-20160707,2,1396253,Sibbaldia procumbens,60.105984
CBN-Pla-A6-20160707,3,1395807,Salix herbacea,59.890423
CBN-Pla-A6-20160728,1,1741880,Salix serpillifolia,62.529945
CBN-Pla-A6-20160728,2,1395870,Salix retusa,61.577347
CBN-Pla-A6-20160728,3,1395807,Salix herbacea,61.363602
CBN-Pla-A6-20180724,1,1395948,Saxifraga biflora,57.376671
CBN-Pla-A6-20180724,2,1418688,Arctous alpina,56.832176
CBN-Pla-A6-20180724,3,1394311,Oreochloa disticha,56.695076
CBN-Pla-A6-20180816,1,1395870,Salix retusa,63.463692
CBN-Pla-A6-20180816,2,1741880,Salix serpillifolia,61.996292
CBN-Pla-A6-20180816,3,1395807,Salix herbacea,60.822227
CBN-Pla-A6-20180906,1,1741880,Salix serpillifolia,62.545074
CBN-Pla-A6-20180906,2,1396144,Sedum alpestre,62.384499
CBN-Pla-A6-20180906,3,1396253,Sibbaldia procumbens,62.032467
CBN-Pla-A6-20190723,1,1395870,Salix retusa,62.779732
CBN-Pla-A6-20190723,2,1395862,Salix pyrenaica,61.890659
CBN-Pla-A6-20190723,3,1399798,Pinguicula dertosensis,60.222469
CBN-Pla-A6-20190814,1,1396843,Trifolium alpinum,63.649864
CBN-Pla-A6-20190814,2,1395870,Salix retusa,63.321846
CBN-Pla-A6-20190814,3,1397381,Euphrasia minima,63.304947
CBN-Pla-A6-20200723,1,1741880,Salix serpillifolia,64.126434
CBN-Pla-A6-20200723,2,1580587,Lotus glacialis,62.780666
CBN-Pla-A6-20200723,3,1395870,Salix retusa,61.928776
CBN-Pla-A6-20200814,1,1741624,Lotus alpinus,61.971054
CBN-Pla-A6-20200814,2,1395862,Salix pyrenaica,61.570488
CBN-Pla-A6-20200814,3,1395870,Salix retusa,61.258743
CBN-Pla-B1-20130724,1,1392341,Festuca vasconcensis,57.944637
CBN-Pla-B1-20130724,2,1449488,Ruschia caroli,54.989174
CBN-Pla-B1-20130724,3,1390793,Carex curvula,54.745808
CBN-Pla-B1-20130808,1,1396253,Sibbaldia procumbens,63.966717
CBN-Pla-B1-20130808,2,1741880,Salix serpillifolia,61.138851
CBN-Pla-B1-20130808,3,1395807,Salix herbacea,60.148331
CBN-Pla-B1-20130904,1,1396253,Sibbaldia procumbens,62.161827
CBN-Pla-B1-20130904,2,1390899,Carex pyrenaica,59.599380
CBN-Pla-B1-20130904,3,1395807,Salix herbacea,59.284725
CBN-Pla-B1-20140722,1,1392241,Alchemilla pentaphyllea,59.647911
CBN-Pla-B1-20140722,2,1723119,Furcraea selloana,57.785187
CBN-Pla-B1-20140722,3,1390793,Carex curvula,57.363781
CBN-Pla-B1-20140812,1,1412857,Omalotheca supina,64.476273
CBN-Pla-B1-20140812,2,1742053,Omalotheca hoppeana,63.260990
CBN-Pla-B1-20140812,3,1395807,Salix herbacea,63.054409
CBN-Pla-B1-20140902,1,1742053,Omalotheca hoppeana,62.229759
CBN-Pla-B1-20140902,2,1396253,Sibbaldia procumbens,62.148430
CBN-Pla-B1-20140902,3,1361367,Poa alpina,61.983978
CBN-Pla-B1-20150702,1,1396253,Sibbaldia procumbens,57.913883
CBN-Pla-B1-20150702,2,1418612,Carex firma,57.320839
CBN-Pla-B1-20150702,3,1737507,Pulsatilla vernalis,56.895874
CBN-Pla-B1-20150723,1,1361367,Poa alpina,61.979057
CBN-Pla-B1-20150723,2,1742053,Omalotheca hoppeana,61.057728
CBN-Pla-B1-20150723,3,1396253,Sibbaldia procumbens,60.974136
CBN-Pla-B1-20150811,1,1396253,Sibbaldia procumbens,63.372135
CBN-Pla-B1-20150811,2,1392241,Alchemilla pentaphyllea,59.440514
CBN-Pla-B1-20150811,3,1395807,Salix herbacea,59.093552
CBN-Pla-B1-20150901,1,1396253,Sibbaldia procumbens,63.824711
CBN-Pla-B1-20150901,2,1394311,Oreochloa disticha,61.179466
CBN-Pla-B1-20150901,3,1400176,Bistorta vivipara,59.998138
CBN-Pla-B1-20160707,1,1396253,Sibbaldia procumbens,63.114075
CBN-Pla-B1-20160707,2,1742053,Omalotheca hoppeana,62.336632
CBN-Pla-B1-20160707,3,1412857,Omalotheca supina,61.944679
CBN-Pla-B1-20160728,1,1396253,Sibbaldia procumbens,64.497696
CBN-Pla-B1-20160728,2,1397465,Polygala alpina,59.965176
CBN-Pla-B1-20160728,3,1742052,Leontopodium nivale,59.059216
CBN-Pla-B1-20180724,1,1396253,Sibbaldia procumbens,57.753876
CBN-Pla-B1-20180724,2,1609716,Epilobium komarovianum,56.391811
CBN-Pla-B1-20180724,3,1394828,Potentilla alba,54.695232
CBN-Pla-B1-20180816,1,1396253,Sibbaldia procumbens,60.495728
CBN-Pla-B1-20180816,2,1742053,Omalotheca hoppeana,59.970131
CBN-Pla-B1-20180816,3,1392241,Alchemilla pentaphyllea,59.379097
CBN-Pla-B1-20180906,1,1396253,Sibbaldia procumbens,62.283371
CBN-Pla-B1-20180906,2,1412857,Omalotheca supina,61.232548
CBN-Pla-B1-20180906,3,1742053,Omalotheca hoppeana,61.155483
CBN-Pla-B1-20190723,1,1396253,Sibbaldia procumbens,61.090572
CBN-Pla-B1-20190723,2,1392541,Gentiana brachyphylla,58.763851
CBN-Pla-B1-20190723,3,1741880,Salix serpillifolia,58.657482
CBN-Pla-B1-20190814,1,1392260,Festuca alpina,61.194336
CBN-Pla-B1-20190814,2,1396253,Sibbaldia procumbens,60.256252
CBN-Pla-B1-20190814,3,1743471,Festuca glacialis,58.881145
CBN-Pla-B1-20200630,1,1743300,Sulla spinosissima,48.403397
CBN-Pla-B1-20200630,2,1361090,Cyperus rotundus,48.210121
CBN-Pla-B1-20200630,3,1389797,Myriolimon diffusum,47.887466
CBN-Pla-B1-20200723,1,1741880,Salix serpillifolia,62.801445
CBN-Pla-B1-20200723,2,1396253,Sibbaldia procumbens,61.789970
CBN-Pla-B1-20200723,3,1395807,Salix herbacea,60.138123
CBN-Pla-B1-20200814,1,1363618,Crassula multicava,61.082035
CBN-Pla-B1-20200814,2,1400176,Bistorta vivipara,60.425411
CBN-Pla-B1-20200814,3,1392293,Festuca eskia,59.565456
CBN-Pla-B2-20130724,1,1390495,Fascicularia bicolor,54.229038
CBN-Pla-B2-20130724,2,1390532,Salvinia molesta,53.361889
CBN-Pla-B2-20130724,3,1390793,Carex curvula,53.314438
CBN-Pla-B2-20130808,1,1412857,Omalotheca supina,64.334427
CBN-Pla-B2-20130808,2,1396253,Sibbaldia procumbens,64.082497
CBN-Pla-B2-20130808,3,1742053,Omalotheca hoppeana,61.713783
CBN-Pla-B2-20130904,1,1395807,Salix herbacea,61.343170
CBN-Pla-B2-20130904,2,1363543,Stenotaphrum secundatum,61.047981
CBN-Pla-B2-20130904,3,1360307,Potentilla erecta,58.080196
CBN-Pla-B2-20140722,1,1529410,Sempervivum vicentei,58.413918
CBN-Pla-B2-20140722,2,1529402,Sempervivum minutum,58.402691
CBN-Pla-B2-20140722,3,1609716,Epilobium komarovianum,58.276108
CBN-Pla-B2-20140812,1,1395807,Salix herbacea,62.538956
CBN-Pla-B2-20140812,2,1360748,Hydrocotyle vulgaris,62.025799
CBN-Pla-B2-20140812,3,1390793,Carex curvula,61.045952
CBN-Pla-B2-20140902,1,1395807,Salix herbacea,60.773708
CBN-Pla-B2-20140902,2,1363133,Triglochin striata,58.818970
CBN-Pla-B2-20140902,3,1396843,Trifolium alpinum,58.631313
CBN-Pla-B2-20150702,1,1418688,Arctous alpina,57.410126
CBN-Pla-B2-20150702,2,1396253,Sibbaldia procumbens,57.064911
CBN-Pla-B2-20150702,3,1742052,Leontopodium nivale,56.391193
CBN-Pla-B2-20150723,1,1741880,Salix serpillifolia,62.435440
CBN-Pla-B2-20150723,2,1396253,Sibbaldia procumbens,61.548271
CBN-Pla-B2-20150723,3,1395807,Salix herbacea,60.043930
CBN-Pla-B2-20150811,1,1392552,Gentiana nivalis,67.605675
CBN-Pla-B2-20150811,2,1396843,Trifolium alpinum,61.746296
CBN-Pla-B2-20150811,3,1361275,Festuca indigesta,60.641884
CBN-Pla-B2-20150901,1,1741880,Salix serpillifolia,62.558075
CBN-Pla-B2-20150901,2,1396253,Sibbaldia procumbens,62.021297
CBN-Pla-B2-20150901,3,1396843,Trifolium alpinum,61.296829
CBN-Pla-B2-20160707,1,1396253,Sibbaldia procumbens,62.605408
CBN-Pla-B2-20160707,2,1396970,Vaccinium uliginosum,58.388222
CBN-Pla-B2-20160707,3,1393708,Lysimachia nummularia,58.104362
CBN-Pla-B2-20160728,1,1741880,Salix serpillifolia,61.385609
CBN-Pla-B2-20160728,2,1395807,Salix herbacea,61.340206
CBN-Pla-B2-20160728,3,1396843,Trifolium alpinum,61.055065
CBN-Pla-B2-20180724,1,1418688,Arctous alpina,57.334545
CBN-Pla-B2-20180724,2,1390837,Carex humilis,55.294209
CBN-Pla-B2-20180724,3,1529410,Sempervivum vicentei,54.802834
CBN-Pla-B2-20180816,1,1741880,Salix serpillifolia,65.255859
CBN-Pla-B2-20180816,2,1396843,Trifolium alpinum,62.781250
CBN-Pla-B2-20180816,3,1395807,Salix herbacea,61.605476
CBN-Pla-B2-20180906,1,1395807,Salix herbacea,61.456581
CBN-Pla-B2-20180906,2,1360748,Hydrocotyle vulgaris,60.344215
CBN-Pla-B2-20180906,3,1396253,Sibbaldia procumbens,60.233940
CBN-Pla-B2-20190723,1,1395807,Salix herbacea,61.675220
CBN-Pla-B2-20190723,2,1741880,Salix serpillifolia,60.487389
CBN-Pla-B2-20190723,3,1396253,Sibbaldia procumbens,60.385704
CBN-Pla-B2-20190814,1,1362482,Phleum alpinum,63.670300
CBN-Pla-B2-20190814,2,1396253,Sibbaldia procumbens,63.275787
CBN-Pla-B2-20190814,3,1392487,Galium saxatile,62.283646
CBN-Pla-B2-20200723,1,1397043,Veronica alpina,64.369537
CBN-Pla-B2-20200723,2,1396253,Sibbaldia procumbens,63.904770
CBN-Pla-B2-20200723,3,1395807,Salix herbacea,63.227032
CBN-Pla-B2-20200814,1,1394366,Oxyria digyna,60.738777
CBN-Pla-B2-20200814,2,1395807,Salix herbacea,60.478218
CBN-Pla-B2-20200814,3,1396869,Trifolium thalii,60.026119
CBN-Pla-B3-20130724,1,1528543,Crassula nudicaulis,57.514351
CBN-Pla-B3-20130724,2,1360951,Lapiedra martinezii,56.746532
CBN-Pla-B3-20130724,3,1743465,Aloe succotrina,56.732586
CBN-Pla-B3-20130808,1,1396253,Sibbaldia procumbens,64.330620
CBN-Pla-B3-20130808,2,1395807,Salix herbacea,63.074249
CBN-Pla-B3-20130808,3,1360874,Viola palustris,60.773350
CBN-Pla-B3-20130904,1,1396253,Sibbaldia procumbens,63.554237
CBN-Pla-B3-20130904,2,1395807,Salix herbacea,62.808807
CBN-Pla-B3-20130904,3,1394311,Oreochloa disticha,60.101967
CBN-Pla-B3-20140722,1,1390811,Carex ericetorum,58.088398
CBN-Pla-B3-20140722,2,1361703,Posidonia oceanica,57.871422
CBN-Pla-B3-20140722,3,1418688,Arctous alpina,57.488304
CBN-Pla-B3-20140812,1,1396253,Sibbaldia procumbens,64.311180
CBN-Pla-B3-20140812,2,1395807,Salix herbacea,63.054077
CBN-Pla-B3-20140812,3,1397043,Veronica alpina,62.305740
CBN-Pla-B3-20140902,1,1396253,Sibbaldia procumbens,61.840191
CBN-Pla-B3-20140902,2,1361367,Poa alpina,61.810303
CBN-Pla-B3-20140902,3,1363455,Poa annua,60.760166
CBN-Pla-B3-20150811,1,1396253,Sibbaldia procumbens,62.932251
CBN-Pla-B3-20150811,2,1412857,Omalotheca supina,59.699295
CBN-Pla-B3-20150811,3,1395807,Salix herbacea,59.569489
CBN-Pla-B3-20150901,1,1396253,Sibbaldia procumbens,64.172295
CBN-Pla-B3-20150901,2,1395807,Salix herbacea,61.665028
CBN-Pla-B3-20150901,3,1361347,Nardus stricta,60.998550
CBN-Pla-B3-20160707,1,1396253,Sibbaldia procumbens,62.186607
CBN-Pla-B3-20160707,2,1397386,Festuca scabriculmis,59.711308
CBN-Pla-B3-20160707,3,1361347,Nardus stricta,58.730030
CBN-Pla-B3-20160728,1,1396253,Sibbaldia procumbens,62.323517
CBN-Pla-B3-20160728,2,1395807,Salix herbacea,60.494576
CBN-Pla-B3-20160728,3,1394311,Oreochloa disticha,58.945110
CBN-Pla-B3-20180724,1,1394414,Parapholis incurva,54.637615
CBN-Pla-B3-20180724,2,1392657,Allium lusitanicum,53.583351
CBN-Pla-B3-20180724,3,1363543,Stenotaphrum secundatum,53.441624
CBN-Pla-B3-20180816,1,1396253,Sibbaldia procumbens,62.658630
CBN-Pla-B3-20180816,2,1395807,Salix herbacea,61.407326
CBN-Pla-B3-20180816,3,1364066,Veronica serpyllifolia,60.119823
CBN-Pla-B3-20180906,1,1396253,Sibbaldia procumbens,63.118885
CBN-Pla-B3-20180906,2,1395807,Salix herbacea,60.465706
CBN-Pla-B3-20180906,3,1394366,Oxyria digyna,59.495949
CBN-Pla-B3-20190723,1,1395807,Salix herbacea,61.356998
CBN-Pla-B3-20190723,2,1396253,Sibbaldia procumbens,60.651691
CBN-Pla-B3-20190723,3,1394366,Oxyria digyna,58.233658
CBN-Pla-B3-20190814,1,1697384,Viola nummulariifolia,60.949913
CBN-Pla-B3-20190814,2,1395807,Salix herbacea,60.654243
CBN-Pla-B3-20190814,3,1492665,Dianthus laricifolius,58.668476
CBN-Pla-B3-20200723,1,1396253,Sibbaldia procumbens,63.334728
CBN-Pla-B3-20200723,2,1412857,Omalotheca supina,62.302349
CBN-Pla-B3-20200723,3,1742053,Omalotheca hoppeana,61.611946
CBN-Pla-B3-20200814,1,1397468,Primula pedemontana,63.565247
CBN-Pla-B3-20200814,2,1396253,Sibbaldia procumbens,62.527771
CBN-Pla-B3-20200814,3,1392293,Festuca eskia,61.841415
CBN-Pla-B4-20130724,1,1651267,Festuca michaelis,55.475422
CBN-Pla-B4-20130724,2,1418612,Carex firma,55.092388
CBN-Pla-B4-20130724,3,1486742,Cylindropuntia tunicata,54.986607
CBN-Pla-B4-20130808,1,1395807,Salix herbacea,63.494011
CBN-Pla-B4-20130808,2,1395870,Salix retusa,61.519852
CBN-Pla-B4-20130808,3,1397386,Festuca scabriculmis,60.259506
CBN-Pla-B4-20130904,1,1395807,Salix herbacea,61.041702
CBN-Pla-B4-20130904,2,1394311,Oreochloa disticha,60.833832
CBN-Pla-B4-20130904,3,1363336,Smilax aspera,59.141445
CBN-Pla-B4-20140722,1,1397386,Festuca scabriculmis,58.901684
CBN-Pla-B4-20140722,2,1390793,Carex curvula,56.614010
CBN-Pla-B4-20140722,3,1397376,Ephedra distachya,56.555603
CBN-Pla-B4-20140812,1,1651363,Festuca quadriflora,61.323383
CBN-Pla-B4-20140812,2,1395807,Salix herbacea,61.307941
CBN-Pla-B4-20140812,3,1396253,Sibbaldia procumbens,60.234131
CBN-Pla-B4-20140902,1,1397386,Festuca scabriculmis,62.053764
CBN-Pla-B4-20140902,2,1647187,Armeria welwitschii,59.462051
CBN-Pla-B4-20140902,3,1651427,Festuca summilusitana,59.370922
CBN-Pla-B4-20150702,1,1390793,Carex curvula,58.047222
CBN-Pla-B4-20150702,2,1390837,Carex humilis,57.870831
CBN-Pla-B4-20150702,3,1361141,Agrostis rupestris,57.533165
CBN-Pla-B4-20150723,1,1741880,Salix serpillifolia,62.540230
CBN-Pla-B4-20150723,2,1395807,Salix herbacea,60.920048
CBN-Pla-B4-20150723,3,1393200,Homogyne alpina,58.282967
CBN-Pla-B4-20150811,1,1396253,Sibbaldia procumbens,58.780331
CBN-Pla-B4-20150811,2,1395807,Salix herbacea,57.807709
CBN-Pla-B4-20150811,3,1651363,Festuca quadriflora,57.595985
CBN-Pla-B4-20150901,1,1361347,Nardus stricta,60.833988
CBN-Pla-B4-20150901,2,1396843,Trifolium alpinum,60.803547
CBN-Pla-B4-20150901,3,1361367,Poa alpina,60.299179
CBN-Pla-B4-20160707,1,1397386,Festuca scabriculmis,58.897331
CBN-Pla-B4-20160707,2,1363543,Stenotaphrum secundatum,57.973869
CBN-Pla-B4-20160707,3,1361347,Nardus stricta,56.924877
CBN-Pla-B4-20160728,1,1397043,Veronica alpina,62.617683
CBN-Pla-B4-20160728,2,1395807,Salix herbacea,62.590973
CBN-Pla-B4-20160728,3,1396253,Sibbaldia procumbens,61.224117
CBN-Pla-B4-20180724,1,1390793,Carex curvula,55.626236
CBN-Pla-B4-20180724,2,1392338,Festuca trichophylla,55.550114
CBN-Pla-B4-20180724,3,1397386,Festuca scabriculmis,55.432919
CBN-Pla-B4-20180816,1,1397043,Veronica alpina,63.706970
CBN-Pla-B4-20180816,2,1395807,Salix herbacea,60.759617
CBN-Pla-B4-20180816,3,1396843,Trifolium alpinum,58.979057
CBN-Pla-B4-20180906,1,1397043,Veronica alpina,63.257217
CBN-Pla-B4-20180906,2,1396253,Sibbaldia procumbens,62.318554
CBN-Pla-B4-20180906,3,1395807,Salix herbacea,61.206039
CBN-Pla-B4-20190723,1,1395807,Salix herbacea,60.559601
CBN-Pla-B4-20190723,2,1396843,Trifolium alpinum,59.419701
CBN-Pla-B4-20190723,3,1395862,Salix pyrenaica,58.784782
CBN-Pla-B4-20190814,1,1394542,Phyteuma hemisphaericum,60.077244
CBN-Pla-B4-20190814,2,1359835,Parnassia palustris,59.962341
CBN-Pla-B4-20190814,3,1396253,Sibbaldia procumbens,59.209305
CBN-Pla-B4-20200723,1,1395807,Salix herbacea,62.096214
CBN-Pla-B4-20200723,2,1361347,Nardus stricta,60.327232
CBN-Pla-B4-20200723,3,1360874,Viola palustris,57.733624
CBN-Pla-B4-20200814,1,1395807,Salix herbacea,60.901649
CBN-Pla-B4-20200814,2,1360748,Hydrocotyle vulgaris,60.649502
CBN-Pla-B4-20200814,3,1394311,Oreochloa disticha,60.458599
CBN-Pla-B5-20130724,1,1396253,Sibbaldia procumbens,58.395824
CBN-Pla-B5-20130724,2,1363619,Crassula muscosa,56.654091
CBN-Pla-B5-20130724,3,1418688,Arctous alpina,54.785477
CBN-Pla-B5-20130808,1,1395807,Salix herbacea,62.064819
CBN-Pla-B5-20130808,2,1741880,Salix serpillifolia,61.597801
CBN-Pla-B5-20130808,3,1395870,Salix retusa,61.211876
CBN-Pla-B5-20130904,1,1395807,Salix herbacea,60.593857
CBN-Pla-B5-20130904,2,1390793,Carex curvula,60.132931
CBN-Pla-B5-20130904,3,1393887,Myosotis corsicana,59.278191
CBN-Pla-B5-20140722,1,1363543,Stenotaphrum secundatum,57.282291
CBN-Pla-B5-20140722,2,1390811,Carex ericetorum,56.129101
CBN-Pla-B5-20140722,3,1397386,Festuca scabriculmis,55.468971
CBN-Pla-B5-20140812,1,1396144,Sedum alpestre,64.252983
CBN-Pla-B5-20140812,2,1397043,Veronica alpina,63.046219
CBN-Pla-B5-20140812,3,1396843,Trifolium alpinum,62.699074
CBN-Pla-B5-20140902,1,1395870,Salix retusa,61.893589
CBN-Pla-B5-20140902,2,1363133,Triglochin striata,61.697258
CBN-Pla-B5-20140902,3,1395807,Salix herbacea,60.913399
CBN-Pla-B5-20150702,1,1393708,Lysimachia nummularia,60.153755
CBN-Pla-B5-20150702,2,1744194,Bouteloua dactyloides,57.228298
CBN-Pla-B5-20150702,3,1390837,Carex humilis,56.699593
CBN-Pla-B5-20150723,1,1395807,Salix herbacea,61.218243
CBN-Pla-B5-20150723,2,1395870,Salix retusa,61.121414
CBN-Pla-B5-20150723,3,1362482,Phleum alpinum,59.676067
CBN-Pla-B5-20150811,1,1395870,Salix retusa,62.719524
CBN-Pla-B5-20150811,2,1741880,Salix serpillifolia,60.519066
CBN-Pla-B5-20150811,3,1362482,Phleum alpinum,59.969296
CBN-Pla-B5-20150901,1,1396144,Sedum alpestre,63.885632
CBN-Pla-B5-20150901,2,1395870,Salix retusa,63.828625
CBN-Pla-B5-20150901,3,1394311,Oreochloa disticha,63.814842
CBN-Pla-B5-20160707,1,1395120,Ranunculus pyrenaeus,58.878113
CBN-Pla-B5-20160707,2,1741880,Salix serpillifolia,58.316574
CBN-Pla-B5-20160707,3,1397386,Festuca scabriculmis,58.239265
CBN-Pla-B5-20160728,1,1397043,Veronica alpina,60.862762
CBN-Pla-B5-20160728,2,1392330,Festuca pyrenaica,59.162224
CBN-Pla-B5-20160728,3,1394671,Poa laxa,58.845284
CBN-Pla-B5-20180724,1,1743465,Aloe succotrina,58.555077
CBN-Pla-B5-20180724,2,1363543,Stenotaphrum secundatum,55.979584
CBN-Pla-B5-20180724,3,1393020,Aloe humilis,54.679325
CBN-Pla-B5-20180816,1,1395870,Salix retusa,64.714081
CBN-Pla-B5-20180816,2,1741880,Salix serpillifolia,62.469299
CBN-Pla-B5-20180816,3,1395807,Salix herbacea,60.548420
CBN-Pla-B5-20180906,1,1395870,Salix retusa,61.529362
CBN-Pla-B5-20180906,2,1418688,Arctous alpina,60.673843
CBN-Pla-B5-20180906,3,1741880,Salix serpillifolia,60.342426
CBN-Pla-B5-20190723,1,1396309,Aristolochia tyrrhena,59.716362
CBN-Pla-B5-20190723,2,1360874,Viola palustris,59.423698
CBN-Pla-B5-20190723,3,1396843,Trifolium alpinum,58.873344
CBN-Pla-B5-20190814,1,1741880,Salix serpillifolia,64.509621
CBN-Pla-B5-20190814,2,1361367,Poa alpina,63.445389
CBN-Pla-B5-20190814,3,1395870,Salix retusa,62.445648
CBN-Pla-B5-20200723,1,1395807,Salix herbacea,62.040359
CBN-Pla-B5-20200723,2,1397049,Veronica fruticans,61.673256
CBN-Pla-B5-20200723,3,1397043,Veronica alpina,59.797909
CBN-Pla-B5-20200814,1,1741880,Salix serpillifolia,64.335709
CBN-Pla-B5-20200814,2,1395870,Salix retusa,63.538094
CBN-Pla-B5-20200814,3,1397049,Veronica fruticans,62.578255
CBN-Pla-B6-20130724,1,1396144,Sedum alpestre,61.161175
CBN-Pla-B6-20130724,2,1358099,Sedum brevifolium,60.125824
CBN-Pla-B6-20130724,3,1397491,Sedum atratum,58.840179
CBN-Pla-B6-20130808,1,1396144,Sedum alpestre,64.368729
CBN-Pla-B6-20130808,2,1396253,Sibbaldia procumbens,63.857288
CBN-Pla-B6-20130808,3,1395807,Salix herbacea,62.043907
CBN-Pla-B6-20130904,1,1396144,Sedum alpestre,67.076859
CBN-Pla-B6-20130904,2,1395807,Salix herbacea,60.339363
CBN-Pla-B6-20130904,3,1396253,Sibbaldia procumbens,60.057930
CBN-Pla-B6-20140722,1,1396144,Sedum alpestre,64.556870
CBN-Pla-B6-20140722,2,1397491,Sedum atratum,59.819382
CBN-Pla-B6-20140722,3,1358095,Sedum album,59.601032
CBN-Pla-B6-20140812,1,1396144,Sedum alpestre,67.321533
CBN-Pla-B6-20140812,2,1397491,Sedum atratum,62.177681
CBN-Pla-B6-20140812,3,1395807,Salix herbacea,62.155128
CBN-Pla-B6-20140902,1,1396144,Sedum alpestre,66.801750
CBN-Pla-B6-20140902,2,1397386,Festuca scabriculmis,63.322334
CBN-Pla-B6-20140902,3,1361273,Festuca hystrix,63.305954
CBN-Pla-B6-20150702,1,1395940,Saxifraga aizoides,60.198170
CBN-Pla-B6-20150702,2,1396253,Sibbaldia procumbens,59.975483
CBN-Pla-B6-20150702,3,1687875,Saxifraga babiana,58.475334
CBN-Pla-B6-20150723,1,1396144,Sedum alpestre,63.210411
CBN-Pla-B6-20150723,2,1396015,Saxifraga moschata,62.065170
CBN-Pla-B6-20150723,3,1396869,Trifolium thalii,61.308395
CBN-Pla-B6-20150811,1,1396144,Sedum alpestre,65.350883
CBN-Pla-B6-20150811,2,1395940,Saxifraga aizoides,62.278893
CBN-Pla-B6-20150811,3,1395807,Salix herbacea,61.729988
CBN-Pla-B6-20150901,1,1396843,Trifolium alpinum,63.370609
CBN-Pla-B6-20150901,2,1396015,Saxifraga moschata,62.604393
CBN-Pla-B6-20150901,3,1396253,Sibbaldia procumbens,62.566269
CBN-Pla-B6-20160707,1,1396144,Sedum alpestre,64.285805
CBN-Pla-B6-20160707,2,1396015,Saxifraga moschata,62.384769
CBN-Pla-B6-20160707,3,1396023,Saxifraga praetermissa,60.785309
CBN-Pla-B6-20160728,1,1396015,Saxifraga moschata,63.007202
CBN-Pla-B6-20160728,2,1396144,Sedum alpestre,62.615456
CBN-Pla-B6-20160728,3,1395973,Saxifraga exarata,62.032997
CBN-Pla-B6-20180816,1,1396144,Sedum alpestre,64.291809
CBN-Pla-B6-20180816,2,1397043,Veronica alpina,63.624622
CBN-Pla-B6-20180816,3,1397491,Sedum atratum,62.207924
CBN-Pla-B6-20180906,1,1396144,Sedum alpestre,65.830040
CBN-Pla-B6-20180906,2,1396015,Saxifraga moschata,64.723709
CBN-Pla-B6-20180906,3,1396253,Sibbaldia procumbens,62.945465
CBN-Pla-B6-20190723,1,1396144,Sedum alpestre,64.740219
CBN-Pla-B6-20190723,2,1396253,Sibbaldia procumbens,61.390873
CBN-Pla-B6-20190723,3,1397491,Sedum atratum,60.824066
CBN-Pla-B6-20190814,1,1396015,Saxifraga moschata,65.071953
CBN-Pla-B6-20190814,2,1396144,Sedum alpestre,63.700592
CBN-Pla-B6-20190814,3,1395973,Saxifraga exarata,63.356617
CBN-Pla-B6-20200723,1,1396144,Sedum alpestre,63.418518
CBN-Pla-B6-20200723,2,1395807,Salix herbacea,62.111809
CBN-Pla-B6-20200723,3,1396015,Saxifraga moschata,59.924660
CBN-Pla-B6-20200814,1,1396144,Sedum alpestre,63.857819
CBN-Pla-B6-20200814,2,1396015,Saxifraga moschata,63.503452
CBN-Pla-B6-20200814,3,1397381,Euphrasia minima,61.783531
CBN-Pla-C1-20130808,1,1392534,Gentiana acaulis,63.020454
CBN-Pla-C1-20130808,2,1741880,Salix serpillifolia,63.018417
CBN-Pla-C1-20130808,3,1395870,Salix retusa,62.570854
CBN-Pla-C1-20130904,1,1363618,Crassula multicava,60.275459
CBN-Pla-C1-20130904,2,1395870,Salix retusa,60.000641
CBN-Pla-C1-20130904,3,1400017,Armeria linkiana,59.676525
CBN-Pla-C1-20150702,1,1360141,Portulaca oleracea,59.375160
CBN-Pla-C1-20150702,2,1395870,Salix retusa,58.270721
CBN-Pla-C1-20150702,3,1418688,Arctous alpina,58.171566
CBN-Pla-C1-20150723,1,1395870,Salix retusa,63.087616
CBN-Pla-C1-20150723,2,1742052,Leontopodium nivale,61.911579
CBN-Pla-C1-20150723,3,1741880,Salix serpillifolia,61.474857
CBN-Pla-C1-20150811,1,1395870,Salix retusa,63.506599
CBN-Pla-C1-20150811,2,1741880,Salix serpillifolia,62.925613
CBN-Pla-C1-20150811,3,1392534,Gentiana acaulis,60.933556
CBN-Pla-C1-20150901,1,1392534,Gentiana acaulis,62.076328
CBN-Pla-C1-20150901,2,1741880,Salix serpillifolia,61.445873
CBN-Pla-C1-20150901,3,1395870,Salix retusa,61.232449
CBN-Pla-C1-20160707,1,1741880,Salix serpillifolia,62.438515
CBN-Pla-C1-20160707,2,1395870,Salix retusa,62.079910
CBN-Pla-C1-20160707,3,1394911,Primula integrifolia,61.295532
CBN-Pla-C1-20160728,1,1741880,Salix serpillifolia,63.384193
CBN-Pla-C1-20160728,2,1395870,Salix retusa,62.716156
CBN-Pla-C1-20160728,3,1741624,Lotus alpinus,61.910023
CBN-Pla-C1-20180816,1,1395870,Salix retusa,63.494652
CBN-Pla-C1-20180816,2,1741880,Salix serpillifolia,63.476608
CBN-Pla-C1-20180816,3,1741624,Lotus alpinus,62.537136
CBN-Pla-C1-20180906,1,1395870,Salix retusa,62.799095
CBN-Pla-C1-20180906,2,1392534,Gentiana acaulis,60.792320
CBN-Pla-C1-20180906,3,1741880,Salix serpillifolia,60.395489
CBN-Pla-C1-20190723,1,1392534,Gentiana acaulis,65.045708
CBN-Pla-C1-20190723,2,1392535,Gentiana alpina,63.906540
CBN-Pla-C1-20190723,3,1392541,Gentiana brachyphylla,62.340462
CBN-Pla-C1-20190814,1,1395870,Salix retusa,62.790565
CBN-Pla-C1-20190814,2,1392534,Gentiana acaulis,62.360420
CBN-Pla-C1-20190814,3,1392535,Gentiana alpina,61.531567
CBN-Pla-C1-20200723,1,1395870,Salix retusa,62.955914
CBN-Pla-C1-20200723,2,1741880,Salix serpillifolia,61.429329
CBN-Pla-C1-20200723,3,1392534,Gentiana acaulis,61.151005
CBN-Pla-C1-20200814,1,1741880,Salix serpillifolia,61.252968
CBN-Pla-C1-20200814,2,1395870,Salix retusa,60.558388
CBN-Pla-C1-20200814,3,1742053,Omalotheca hoppeana,60.548820
CBN-Pla-C2-20130808,1,1396253,Sibbaldia procumbens,64.330406
CBN-Pla-C2-20130808,2,1741880,Salix serpillifolia,61.547592
CBN-Pla-C2-20130808,3,1412857,Omalotheca supina,59.199432
CBN-Pla-C2-20130904,1,1741880,Salix serpillifolia,64.456810
CBN-Pla-C2-20130904,2,1395870,Salix retusa,63.601624
CBN-Pla-C2-20130904,3,1355928,Taraxacum bessarabicum,60.249588
CBN-Pla-C2-20140722,1,1395949,Saxifraga bryoides,59.491222
CBN-Pla-C2-20140722,2,1396144,Sedum alpestre,57.756611
CBN-Pla-C2-20140722,3,1390811,Carex ericetorum,57.636700
CBN-Pla-C2-20140902,1,1741880,Salix serpillifolia,63.296452
CBN-Pla-C2-20140902,2,1412857,Omalotheca supina,62.324654
CBN-Pla-C2-20140902,3,1395870,Salix retusa,62.203674
CBN-Pla-C2-20150702,1,1741880,Salix serpillifolia,59.628834
CBN-Pla-C2-20150702,2,1412857,Omalotheca supina,58.664974
CBN-Pla-C2-20150702,3,1396144,Sedum alpestre,58.382172
CBN-Pla-C2-20150723,1,1741880,Salix serpillifolia,64.139084
CBN-Pla-C2-20150723,2,1395870,Salix retusa,61.437832
CBN-Pla-C2-20150723,3,1742052,Leontopodium nivale,59.680569
CBN-Pla-C2-20150811,1,1741880,Salix serpillifolia,65.911652
CBN-Pla-C2-20150811,2,1395870,Salix retusa,64.055084
CBN-Pla-C2-20150811,3,1395807,Salix herbacea,61.330585
CBN-Pla-C2-20150901,1,1394542,Phyteuma hemisphaericum,64.639214
CBN-Pla-C2-20150901,2,1741880,Salix serpillifolia,64.098457
CBN-Pla-C2-20150901,3,1395870,Salix retusa,63.132744
CBN-Pla-C2-20160707,1,1361347,Nardus stricta,58.780441
CBN-Pla-C2-20160707,2,1396253,Sibbaldia procumbens,58.677635
CBN-Pla-C2-20160707,3,1394641,Antennaria carpatica,57.230263
CBN-Pla-C2-20160728,1,1412857,Omalotheca supina,63.624313
CBN-Pla-C2-20160728,2,1742053,Omalotheca hoppeana,63.568954
CBN-Pla-C2-20160728,3,1395807,Salix herbacea,60.715363
CBN-Pla-C2-20180724,1,1744194,Bouteloua dactyloides,55.282303
CBN-Pla-C2-20180724,2,1396253,Sibbaldia procumbens,55.281105
CBN-Pla-C2-20180724,3,1390837,Carex humilis,55.158310
CBN-Pla-C2-20180816,1,1396253,Sibbaldia procumbens,63.336746
CBN-Pla-C2-20180816,2,1412857,Omalotheca supina,62.562164
CBN-Pla-C2-20180816,3,1364066,Veronica serpyllifolia,61.073002
CBN-Pla-C2-20180906,1,1412857,Omalotheca supina,62.162441
CBN-Pla-C2-20180906,2,1742053,Omalotheca hoppeana,61.339664
CBN-Pla-C2-20180906,3,1357608,Gnaphalium uliginosum,59.529343
CBN-Pla-C2-20190723,1,1396253,Sibbaldia procumbens,63.058193
CBN-Pla-C2-20190723,2,1741554,Gymnadenia intermedia,62.326698
CBN-Pla-C2-20190723,3,1392534,Gentiana acaulis,60.469261
CBN-Pla-C2-20190814,1,1396253,Sibbaldia procumbens,62.865734
CBN-Pla-C2-20190814,2,1397046,Veronica bellidioides,62.724537
CBN-Pla-C2-20190814,3,1742053,Omalotheca hoppeana,61.794750
CBN-Pla-C2-20200723,1,1396253,Sibbaldia procumbens,64.007591
CBN-Pla-C2-20200723,2,1412857,Omalotheca supina,62.654305
CBN-Pla-C2-20200723,3,1400176,Bistorta vivipara,62.569672
CBN-Pla-C2-20200814,1,1742053,Omalotheca hoppeana,64.372253
CBN-Pla-C2-20200814,2,1396253,Sibbaldia procumbens,63.602760
CBN-Pla-C2-20200814,3,1390899,Carex pyrenaica,61.320217
CBN-Pla-C3-20130808,1,1395807,Salix herbacea,62.310287
CBN-Pla-C3-20130808,2,1400176,Bistorta vivipara,59.102821
CBN-Pla-C3-20130808,3,1394643,Antennaria dioica,58.865192
CBN-Pla-C3-20130904,1,1361703,Posidonia oceanica,61.463486
CBN-Pla-C3-20130904,2,1395807,Salix herbacea,59.377556
CBN-Pla-C3-20130904,3,1363133,Triglochin striata,59.241180
CBN-Pla-C3-20140722,1,1390811,Carex ericetorum,57.126678
CBN-Pla-C3-20140722,2,1532190,Carex rorulenta,57.048428
CBN-Pla-C3-20140722,3,1390793,Carex curvula,56.570396
CBN-Pla-C3-20140902,1,1400176,Bistorta vivipara,63.061401
CBN-Pla-C3-20140902,2,1395807,Salix herbacea,60.401920
CBN-Pla-C3-20140902,3,1741880,Salix serpillifolia,58.695538
CBN-Pla-C3-20150702,1,1389228,Graptopetalum paraguayense,57.473885
CBN-Pla-C3-20150702,2,1361374,Poa ligulata,57.303478
CBN-Pla-C3-20150702,3,1394911,Primula integrifolia,56.493752
CBN-Pla-C3-20150723,1,1395870,Salix retusa,61.599930
CBN-Pla-C3-20150723,2,1400176,Bistorta vivipara,60.957066
CBN-Pla-C3-20150723,3,1392541,Gentiana brachyphylla,59.534267
CBN-Pla-C3-20150811,1,1400176,Bistorta vivipara,63.936325
CBN-Pla-C3-20150811,2,1395807,Salix herbacea,63.301701
CBN-Pla-C3-20150811,3,1741880,Salix serpillifolia,61.574806
CBN-Pla-C3-20150901,1,1395870,Salix retusa,62.305489
CBN-Pla-C3-20150901,2,1741880,Salix serpillifolia,61.169735
CBN-Pla-C3-20150901,3,1400176,Bistorta vivipara,59.458321
CBN-Pla-C3-20160707,1,1390793,Carex curvula,60.052937
CBN-Pla-C3-20160707,2,1741880,Salix serpillifolia,59.880951
CBN-Pla-C3-20160707,3,1742053,Omalotheca hoppeana,59.819153
CBN-Pla-C3-20160728,1,1395870,Salix retusa,64.944107
CBN-Pla-C3-20160728,2,1741880,Salix serpillifolia,64.083328
CBN-Pla-C3-20160728,3,1393200,Homogyne alpina,60.857445
CBN-Pla-C3-20180724,1,1418688,Arctous alpina,57.720020
CBN-Pla-C3-20180724,2,1743359,Narthecium reverchonii,56.127487
CBN-Pla-C3-20180724,3,1390793,Carex curvula,55.436806
CBN-Pla-C3-20180816,1,1412857,Omalotheca supina,63.547951
CBN-Pla-C3-20180816,2,1395870,Salix retusa,62.557297
CBN-Pla-C3-20180816,3,1400176,Bistorta vivipara,62.453735
CBN-Pla-C3-20180906,1,1390899,Carex pyrenaica,64.670837
CBN-Pla-C3-20180906,2,1395870,Salix retusa,63.912163
CBN-Pla-C3-20180906,3,1741880,Salix serpillifolia,63.597843
CBN-Pla-C3-20190723,1,1741880,Salix serpillifolia,64.871124
CBN-Pla-C3-20190723,2,1395807,Salix herbacea,61.456985
CBN-Pla-C3-20190723,3,1395870,Salix retusa,61.057747
CBN-Pla-C3-20190814,1,1741880,Salix serpillifolia,62.796974
CBN-Pla-C3-20190814,2,1361367,Poa alpina,61.687584
CBN-Pla-C3-20190814,3,1395870,Salix retusa,61.509693
CBN-Pla-C3-20200723,1,1397043,Veronica alpina,62.337799
CBN-Pla-C3-20200723,2,1741880,Salix serpillifolia,62.067616
CBN-Pla-C3-20200723,3,1395807,Salix herbacea,61.347454
CBN-Pla-C3-20200814,1,1400176,Bistorta vivipara,64.619164
CBN-Pla-C3-20200814,2,1395862,Salix pyrenaica,63.277172
CBN-Pla-C3-20200814,3,1390899,Carex pyrenaica,62.370811
CBN-Pla-C4-20130808,1,1395807,Salix herbacea,61.655937
CBN-Pla-C4-20130808,2,1363543,Stenotaphrum secundatum,60.092964
CBN-Pla-C4-20130808,3,1364066,Veronica serpyllifolia,56.731300
CBN-Pla-C4-20130904,1,1400017,Armeria linkiana,60.533920
CBN-Pla-C4-20130904,2,1395807,Salix herbacea,60.097355
CBN-Pla-C4-20130904,3,1742053,Omalotheca hoppeana,57.895531
CBN-Pla-C4-20140902,1,1395807,Salix herbacea,60.431908
CBN-Pla-C4-20140902,2,1394311,Oreochloa disticha,59.296394
CBN-Pla-C4-20140902,3,1363455,Poa annua,58.718937
CBN-Pla-C4-20150702,1,1396094,Arenaria biflora,59.222427
CBN-Pla-C4-20150702,2,1363543,Stenotaphrum secundatum,58.601768
CBN-Pla-C4-20150702,3,1396253,Sibbaldia procumbens,58.399117
CBN-Pla-C4-20150723,1,1395807,Salix herbacea,61.402348
CBN-Pla-C4-20150723,2,1396441,Armeria ruscinonensis,59.625061
CBN-Pla-C4-20150723,3,1400017,Armeria linkiana,58.245888
CBN-Pla-C4-20150811,1,1741880,Salix serpillifolia,62.121166
CBN-Pla-C4-20150811,2,1396843,Trifolium alpinum,62.003204
CBN-Pla-C4-20150811,3,1395870,Salix retusa,61.255383
CBN-Pla-C4-20150901,1,1396843,Trifolium alpinum,59.652428
CBN-Pla-C4-20150901,2,1395807,Salix herbacea,59.578270
CBN-Pla-C4-20150901,3,1396869,Trifolium thalii,59.491344
CBN-Pla-C4-20160707,1,1397500,Soldanella alpina,61.626968
CBN-Pla-C4-20160707,2,1395807,Salix herbacea,60.202278
CBN-Pla-C4-20160707,3,1396253,Sibbaldia procumbens,58.992805
CBN-Pla-C4-20160728,1,1397046,Veronica bellidioides,62.275829
CBN-Pla-C4-20160728,2,1397043,Veronica alpina,62.124985
CBN-Pla-C4-20160728,3,1395807,Salix herbacea,61.980766
CBN-Pla-C4-20180724,1,1390811,Carex ericetorum,57.975365
CBN-Pla-C4-20180724,2,1396253,Sibbaldia procumbens,55.471451
CBN-Pla-C4-20180724,3,1397500,Soldanella alpina,55.426075
CBN-Pla-C4-20180816,1,1396253,Sibbaldia procumbens,65.463127
CBN-Pla-C4-20180816,2,1395807,Salix herbacea,60.568695
CBN-Pla-C4-20180816,3,1397500,Soldanella alpina,60.546005
CBN-Pla-C4-20180906,1,1396253,Sibbaldia procumbens,63.990646
CBN-Pla-C4-20180906,2,1395807,Salix herbacea,62.004738
CBN-Pla-C4-20180906,3,1397500,Soldanella alpina,61.187851
CBN-Pla-C4-20190723,1,1396253,Sibbaldia procumbens,63.038792
CBN-Pla-C4-20190723,2,1395807,Salix herbacea,61.736801
CBN-Pla-C4-20190723,3,1392241,Alchemilla pentaphyllea,59.494926
CBN-Pla-C4-20190814,1,1396253,Sibbaldia procumbens,64.048409
CBN-Pla-C4-20190814,2,1396869,Trifolium thalii,62.569397
CBN-Pla-C4-20190814,3,1395807,Salix herbacea,62.111450
CBN-Pla-C4-20200723,1,1396253,Sibbaldia procumbens,64.329025
CBN-Pla-C4-20200723,2,1397043,Veronica alpina,62.000301
CBN-Pla-C4-20200723,3,1395807,Salix herbacea,61.615944
CBN-Pla-C4-20200814,1,1742053,Omalotheca hoppeana,64.746681
CBN-Pla-C4-20200814,2,1396253,Sibbaldia procumbens,63.010361
CBN-Pla-C4-20200814,3,1412857,Omalotheca supina,62.970604
CBN-Pla-C5-20130808,1,1395807,Salix herbacea,61.691795
CBN-Pla-C5-20130808,2,1396144,Sedum alpestre,61.229828
CBN-Pla-C5-20130808,3,1396869,Trifolium thalii,60.419777
CBN-Pla-C5-20130904,1,1396144,Sedum alpestre,64.382362
CBN-Pla-C5-20130904,2,1397491,Sedum atratum,61.001160
CBN-Pla-C5-20130904,3,1395807,Salix herbacea,60.815315
CBN-Pla-C5-20140722,1,1396144,Sedum alpestre,62.839493
CBN-Pla-C5-20140722,2,1397491,Sedum atratum,57.166943
CBN-Pla-C5-20140722,3,1362489,Sedum anglicum,56.905312
CBN-Pla-C5-20140902,1,1396144,Sedum alpestre,64.520119
CBN-Pla-C5-20140902,2,1395807,Salix herbacea,59.454819
CBN-Pla-C5-20140902,3,1392293,Festuca eskia,59.267651
CBN-Pla-C5-20150702,1,1396144,Sedum alpestre,59.873848
CBN-Pla-C5-20150702,2,1393708,Lysimachia nummularia,57.837830
CBN-Pla-C5-20150702,3,1744194,Bouteloua dactyloides,57.812836
CBN-Pla-C5-20150723,1,1396857,Trifolium occidentale,60.553753
CBN-Pla-C5-20150723,2,1395807,Salix herbacea,60.520191
CBN-Pla-C5-20150723,3,1390837,Carex humilis,58.937920
CBN-Pla-C5-20150811,1,1396144,Sedum alpestre,65.886688
CBN-Pla-C5-20150811,2,1395807,Salix herbacea,59.140228
CBN-Pla-C5-20150811,3,1529402,Sempervivum minutum,59.095482
CBN-Pla-C5-20150901,1,1395807,Salix herbacea,63.109612
CBN-Pla-C5-20150901,2,1396869,Trifolium thalii,62.286755
CBN-Pla-C5-20150901,3,1396144,Sedum alpestre,62.235172
CBN-Pla-C5-20160707,1,1394911,Primula integrifolia,59.802948
CBN-Pla-C5-20160707,2,1363543,Stenotaphrum secundatum,58.678104
CBN-Pla-C5-20160707,3,1392534,Gentiana acaulis,58.184589
CBN-Pla-C5-20160728,1,1395807,Salix herbacea,60.806953
CBN-Pla-C5-20160728,2,1394366,Oxyria digyna,59.711140
CBN-Pla-C5-20160728,3,1359835,Parnassia palustris,59.642296
CBN-Pla-C5-20180724,1,1396144,Sedum alpestre,56.434235
CBN-Pla-C5-20180724,2,1361374,Poa ligulata,56.292717
CBN-Pla-C5-20180724,3,1397491,Sedum atratum,55.904274
CBN-Pla-C5-20180816,1,1395807,Salix herbacea,60.179932
CBN-Pla-C5-20180816,2,1741880,Salix serpillifolia,57.781292
CBN-Pla-C5-20180816,3,1394366,Oxyria digyna,57.551941
CBN-Pla-C5-20180906,1,1395807,Salix herbacea,62.444305
CBN-Pla-C5-20180906,2,1388766,Botrychium simplex,57.731682
CBN-Pla-C5-20180906,3,1390793,Carex curvula,57.538902
CBN-Pla-C5-20190723,1,1395807,Salix herbacea,59.062080
CBN-Pla-C5-20190723,2,1394311,Oreochloa disticha,58.394165
CBN-Pla-C5-20190723,3,1741880,Salix serpillifolia,58.376259
CBN-Pla-C5-20190814,1,1395807,Salix herbacea,61.836117
CBN-Pla-C5-20190814,2,1395870,Salix retusa,58.947712
CBN-Pla-C5-20190814,3,1741880,Salix serpillifolia,58.685455
CBN-Pla-C5-20200723,1,1395807,Salix herbacea,63.167046
CBN-Pla-C5-20200723,2,1412857,Omalotheca supina,60.358902
CBN-Pla-C5-20200723,3,1394366,Oxyria digyna,59.728504
CBN-Pla-C5-20200814,1,1395807,Salix herbacea,60.715958
CBN-Pla-C5-20200814,2,1390837,Carex humilis,59.096985
CBN-Pla-C5-20200814,3,1361141,Agrostis rupestris,58.653633
CBN-Pla-C6-20130808,1,1396253,Sibbaldia procumbens,64.525024
CBN-Pla-C6-20130808,2,1395807,Salix herbacea,61.981422
CBN-Pla-C6-20130808,3,1360874,Viola palustris,59.865974
CBN-Pla-C6-20130904,1,1395807,Salix herbacea,60.549309
CBN-Pla-C6-20130904,2,1395870,Salix retusa,60.168064
CBN-Pla-C6-20130904,3,1396253,Sibbaldia procumbens,59.812130
CBN-Pla-C6-20140902,1,1395807,Salix herbacea,60.016247
CBN-Pla-C6-20140902,2,1393200,Homogyne alpina,59.390610
CBN-Pla-C6-20140902,3,1390793,Carex curvula,59.332230
CBN-Pla-C6-20150702,1,1396253,Sibbaldia procumbens,58.824924
CBN-Pla-C6-20150702,2,1399798,Pinguicula dertosensis,57.516582
CBN-Pla-C6-20150702,3,1363543,Stenotaphrum secundatum,57.218628
CBN-Pla-C6-20150723,1,1412857,Omalotheca supina,60.690231
CBN-Pla-C6-20150723,2,1741880,Salix serpillifolia,60.629539
CBN-Pla-C6-20150723,3,1395807,Salix herbacea,59.966225
CBN-Pla-C6-20150811,1,1396253,Sibbaldia procumbens,59.969032
CBN-Pla-C6-20150811,2,1395807,Salix herbacea,59.665363
CBN-Pla-C6-20150811,3,1741880,Salix serpillifolia,57.019730
CBN-Pla-C6-20150901,1,1742053,Omalotheca hoppeana,63.620747
CBN-Pla-C6-20150901,2,1390793,Carex curvula,63.051033
CBN-Pla-C6-20150901,3,1396253,Sibbaldia procumbens,62.514847
CBN-Pla-C6-20160707,1,1396253,Sibbaldia procumbens,62.389412
CBN-Pla-C6-20160707,2,1363543,Stenotaphrum secundatum,58.208488
CBN-Pla-C6-20160707,3,1361347,Nardus stricta,57.485111
CBN-Pla-C6-20160728,1,1395807,Salix herbacea,62.120865
CBN-Pla-C6-20160728,2,1397043,Veronica alpina,60.086807
CBN-Pla-C6-20160728,3,1396253,Sibbaldia procumbens,59.364990
CBN-Pla-C6-20180724,1,1396253,Sibbaldia procumbens,58.854351
CBN-Pla-C6-20180724,2,1390793,Carex curvula,58.739483
CBN-Pla-C6-20180724,3,1394311,Oreochloa disticha,57.826767
CBN-Pla-C6-20180816,1,1412857,Omalotheca supina,63.330811
CBN-Pla-C6-20180816,2,1396253,Sibbaldia procumbens,62.634354
CBN-Pla-C6-20180816,3,1395807,Salix herbacea,62.318859
CBN-Pla-C6-20180906,1,1395807,Salix herbacea,60.951069
CBN-Pla-C6-20180906,2,1394366,Oxyria digyna,58.404900
CBN-Pla-C6-20180906,3,1397123,Viola biflora,57.841419
CBN-Pla-C6-20190723,1,1395807,Salix herbacea,61.432137
CBN-Pla-C6-20190723,2,1741880,Salix serpillifolia,61.395920
CBN-Pla-C6-20190723,3,1397123,Viola biflora,58.571281
CBN-Pla-C6-20190814,1,1395807,Salix herbacea,61.285412
CBN-Pla-C6-20190814,2,1741880,Salix serpillifolia,60.437592
CBN-Pla-C6-20190814,3,1396253,Sibbaldia procumbens,59.605022
CBN-Pla-C6-20200723,1,1396144,Sedum alpestre,65.461113
CBN-Pla-C6-20200723,2,1396253,Sibbaldia procumbens,65.374321
CBN-Pla-C6-20200723,3,1395807,Salix herbacea,63.078903
CBN-Pla-C6-20200814,1,1359511,Trifolium ornithopodioides,62.338715
CBN-Pla-C6-20200814,2,1395807,Salix herbacea,61.482262
CBN-Pla-C6-20200814,3,1741880,Salix serpillifolia,60.869198
CBN-Pla-D1-20130808,1,1396253,Sibbaldia procumbens,63.460632
CBN-Pla-D1-20130808,2,1395807,Salix herbacea,61.102520
CBN-Pla-D1-20130808,3,1361347,Nardus stricta,58.857082
CBN-Pla-D1-20130904,1,1396253,Sibbaldia procumbens,63.037106
CBN-Pla-D1-20130904,2,1396144,Sedum alpestre,62.811729
CBN-Pla-D1-20130904,3,1396145,Sedum annuum,60.402046
CBN-Pla-D1-20140722,1,1396253,Sibbaldia procumbens,59.681042
CBN-Pla-D1-20140722,2,1412857,Omalotheca supina,57.738445
CBN-Pla-D1-20140722,3,1742053,Omalotheca hoppeana,57.130989
CBN-Pla-D1-20140902,1,1396253,Sibbaldia procumbens,62.713749
CBN-Pla-D1-20140902,2,1395870,Salix retusa,60.343124
CBN-Pla-D1-20140902,3,1395807,Salix herbacea,60.064194
CBN-Pla-D1-20150702,1,1741880,Salix serpillifolia,60.597878
CBN-Pla-D1-20150702,2,1396253,Sibbaldia procumbens,59.577415
CBN-Pla-D1-20150702,3,1363543,Stenotaphrum secundatum,58.180935
CBN-Pla-D1-20150723,1,1741880,Salix serpillifolia,61.311726
CBN-Pla-D1-20150723,2,1396253,Sibbaldia procumbens,61.126915
CBN-Pla-D1-20150723,3,1395870,Salix retusa,60.582550
CBN-Pla-D1-20150811,1,1412857,Omalotheca supina,61.118652
CBN-Pla-D1-20150811,2,1395870,Salix retusa,60.844711
CBN-Pla-D1-20150811,3,1395807,Salix herbacea,60.334625
CBN-Pla-D1-20150901,1,1396253,Sibbaldia procumbens,63.901550
CBN-Pla-D1-20150901,2,1395807,Salix herbacea,60.671776
CBN-Pla-D1-20150901,3,1388766,Botrychium simplex,60.440323
CBN-Pla-D1-20160707,1,1396253,Sibbaldia procumbens,62.434826
CBN-Pla-D1-20160707,2,1361347,Nardus stricta,62.377594
CBN-Pla-D1-20160707,3,1412857,Omalotheca supina,60.330635
CBN-Pla-D1-20160728,1,1396253,Sibbaldia procumbens,61.831360
CBN-Pla-D1-20160728,2,1393200,Homogyne alpina,60.406288
CBN-Pla-D1-20160728,3,1361367,Poa alpina,59.877438
CBN-Pla-D1-20180724,1,1361347,Nardus stricta,57.575676
CBN-Pla-D1-20180724,2,1412857,Omalotheca supina,57.311119
CBN-Pla-D1-20180724,3,1391363,Corydalis intermedia,56.989220
CBN-Pla-D1-20180816,1,1400176,Bistorta vivipara,61.509480
CBN-Pla-D1-20180816,2,1397043,Veronica alpina,61.119812
CBN-Pla-D1-20180816,3,1395807,Salix herbacea,60.466011
CBN-Pla-D1-20180906,1,1356422,Botrychium lunaria,60.860992
CBN-Pla-D1-20180906,2,1395807,Salix herbacea,60.480911
CBN-Pla-D1-20180906,3,1397386,Festuca scabriculmis,60.433529
CBN-Pla-D1-20190723,1,1395807,Salix herbacea,58.780251
CBN-Pla-D1-20190723,2,1356427,Ophioglossum vulgatum,58.136475
CBN-Pla-D1-20190723,3,1741880,Salix serpillifolia,58.040260
CBN-Pla-D1-20190814,1,1741880,Salix serpillifolia,64.304428
CBN-Pla-D1-20190814,2,1394311,Oreochloa disticha,62.728432
CBN-Pla-D1-20190814,3,1395870,Salix retusa,62.684418
CBN-Pla-D1-20200723,1,1395870,Salix retusa,60.515953
CBN-Pla-D1-20200723,2,1394911,Primula integrifolia,60.102806
CBN-Pla-D1-20200723,3,1393708,Lysimachia nummularia,60.083664
CBN-Pla-D1-20200814,1,1412857,Omalotheca supina,64.577545
CBN-Pla-D1-20200814,2,1397386,Festuca scabriculmis,63.291519
CBN-Pla-D1-20200814,3,1741624,Lotus alpinus,63.269501
CBN-Pla-D2-20130808,1,1395807,Salix herbacea,61.047543
CBN-Pla-D2-20130808,2,1396253,Sibbaldia procumbens,60.936417
CBN-Pla-D2-20130808,3,1412857,Omalotheca supina,60.596092
CBN-Pla-D2-20130904,1,1400176,Bistorta vivipara,61.461143
CBN-Pla-D2-20130904,2,1396843,Trifolium alpinum,61.327637
CBN-Pla-D2-20130904,3,1388890,Lysimachia maritima,60.429668
CBN-Pla-D2-20140722,1,1390761,Carex arenaria,57.207733
CBN-Pla-D2-20140722,2,1651267,Festuca michaelis,56.138729
CBN-Pla-D2-20140722,3,1394311,Oreochloa disticha,56.129509
CBN-Pla-D2-20140902,1,1393200,Homogyne alpina,63.576420
CBN-Pla-D2-20140902,2,1396843,Trifolium alpinum,62.261269
CBN-Pla-D2-20140902,3,1394311,Oreochloa disticha,58.468285
CBN-Pla-D2-20150702,1,1418612,Carex firma,59.081345
CBN-Pla-D2-20150702,2,1396253,Sibbaldia procumbens,57.910019
CBN-Pla-D2-20150702,3,1742053,Omalotheca hoppeana,57.747803
CBN-Pla-D2-20150723,1,1396843,Trifolium alpinum,63.634964
CBN-Pla-D2-20150723,2,1391706,Dianthus pavonius,61.751724
CBN-Pla-D2-20150723,3,1396253,Sibbaldia procumbens,60.098232
CBN-Pla-D2-20150811,1,1400176,Bistorta vivipara,60.374199
CBN-Pla-D2-20150811,2,1394311,Oreochloa disticha,59.140667
CBN-Pla-D2-20150811,3,1396253,Sibbaldia procumbens,58.601345
CBN-Pla-D2-20150901,1,1396843,Trifolium alpinum,63.733791
CBN-Pla-D2-20150901,2,1412857,Omalotheca supina,61.598122
CBN-Pla-D2-20150901,3,1742053,Omalotheca hoppeana,61.111534
CBN-Pla-D2-20160707,1,1396843,Trifolium alpinum,60.183071
CBN-Pla-D2-20160707,2,1396253,Sibbaldia procumbens,59.789986
CBN-Pla-D2-20160707,3,1741880,Salix serpillifolia,59.094444
CBN-Pla-D2-20160728,1,1412857,Omalotheca supina,62.527618
CBN-Pla-D2-20160728,2,1742053,Omalotheca hoppeana,62.169815
CBN-Pla-D2-20160728,3,1395807,Salix herbacea,60.324886
CBN-Pla-D2-20180724,1,1412857,Omalotheca supina,58.744087
CBN-Pla-D2-20180724,2,1646497,Plantago nivalis,57.089218
CBN-Pla-D2-20180724,3,1742053,Omalotheca hoppeana,56.609268
CBN-Pla-D2-20180816,1,1397043,Veronica alpina,63.377491
CBN-Pla-D2-20180816,2,1396253,Sibbaldia procumbens,63.293407
CBN-Pla-D2-20180816,3,1412857,Omalotheca supina,62.422829
CBN-Pla-D2-20180906,1,1400176,Bistorta vivipara,64.223724
CBN-Pla-D2-20180906,2,1396843,Trifolium alpinum,64.049171
CBN-Pla-D2-20180906,3,1396253,Sibbaldia procumbens,63.817791
CBN-Pla-D2-20190723,1,1412857,Omalotheca supina,62.468204
CBN-Pla-D2-20190723,2,1397043,Veronica alpina,61.246101
CBN-Pla-D2-20190723,3,1741880,Salix serpillifolia,61.183609
CBN-Pla-D2-20190814,1,1396253,Sibbaldia procumbens,63.157726
CBN-Pla-D2-20190814,2,1395807,Salix herbacea,62.467667
CBN-Pla-D2-20190814,3,1742052,Leontopodium nivale,62.020233
CBN-Pla-D2-20200723,1,1396253,Sibbaldia procumbens,63.272709
CBN-Pla-D2-20200723,2,1396843,Trifolium alpinum,62.529858
CBN-Pla-D2-20200723,3,1742053,Omalotheca hoppeana,61.454418
CBN-Pla-D2-20200814,1,1742053,Omalotheca hoppeana,65.762726
CBN-Pla-D2-20200814,2,1392552,Gentiana nivalis,65.544312
CBN-Pla-D2-20200814,3,1397043,Veronica alpina,65.456207
CBN-Pla-D3-20130808,1,1741880,Salix serpillifolia,64.831009
CBN-Pla-D3-20130808,2,1395870,Salix retusa,64.330406
CBN-Pla-D3-20130808,3,1395807,Salix herbacea,62.088417
CBN-Pla-D3-20130904,1,1395870,Salix retusa,64.981773
CBN-Pla-D3-20130904,2,1741880,Salix serpillifolia,64.394913
CBN-Pla-D3-20130904,3,1392241,Alchemilla pentaphyllea,61.551933
CBN-Pla-D3-20140722,1,1396253,Sibbaldia procumbens,58.819229
CBN-Pla-D3-20140722,2,1397376,Ephedra distachya,57.789246
CBN-Pla-D3-20140722,3,1727501,Soliva mexicana,57.530136
CBN-Pla-D3-20140902,1,1395870,Salix retusa,63.515255
CBN-Pla-D3-20140902,2,1396253,Sibbaldia procumbens,62.816742
CBN-Pla-D3-20140902,3,1392352,Filago tyrrhenica,62.729397
CBN-Pla-D3-20150702,1,1396253,Sibbaldia procumbens,61.019096
CBN-Pla-D3-20150702,2,1397500,Soldanella alpina,60.045898
CBN-Pla-D3-20150702,3,1499416,Arctotis stoechadifolia,57.585220
CBN-Pla-D3-20150723,1,1741880,Salix serpillifolia,63.624901
CBN-Pla-D3-20150723,2,1395870,Salix retusa,62.296539
CBN-Pla-D3-20150723,3,1396253,Sibbaldia procumbens,60.258629
CBN-Pla-D3-20150811,1,1396253,Sibbaldia procumbens,62.292545
CBN-Pla-D3-20150811,2,1395870,Salix retusa,62.185417
CBN-Pla-D3-20150811,3,1741880,Salix serpillifolia,61.124397
CBN-Pla-D3-20150901,1,1396253,Sibbaldia procumbens,64.276169
CBN-Pla-D3-20150901,2,1395870,Salix retusa,63.836796
CBN-Pla-D3-20150901,3,1741880,Salix serpillifolia,62.664219
CBN-Pla-D3-20160707,1,1397500,Soldanella alpina,63.866371
CBN-Pla-D3-20160707,2,1396094,Arenaria biflora,61.989742
CBN-Pla-D3-20160707,3,1737461,Phedimus spurius,60.115986
CBN-Pla-D3-20160728,1,1395870,Salix retusa,65.009499
CBN-Pla-D3-20160728,2,1741880,Salix serpillifolia,63.307034
CBN-Pla-D3-20160728,3,1363543,Stenotaphrum secundatum,61.172462
CBN-Pla-D3-20180724,1,1396253,Sibbaldia procumbens,56.581165
CBN-Pla-D3-20180724,2,1361347,Nardus stricta,56.354393
CBN-Pla-D3-20180724,3,1390793,Carex curvula,55.133053
CBN-Pla-D3-20180816,1,1397043,Veronica alpina,60.847336
CBN-Pla-D3-20180816,2,1412857,Omalotheca supina,60.622631
CBN-Pla-D3-20180816,3,1395870,Salix retusa,60.256096
CBN-Pla-D3-20180906,1,1396253,Sibbaldia procumbens,61.997688
CBN-Pla-D3-20180906,2,1397500,Soldanella alpina,60.197617
CBN-Pla-D3-20180906,3,1412857,Omalotheca supina,60.131527
CBN-Pla-D3-20190723,1,1741880,Salix serpillifolia,63.997982
CBN-Pla-D3-20190723,2,1395870,Salix retusa,62.174625
CBN-Pla-D3-20190723,3,1396253,Sibbaldia procumbens,61.610554
CBN-Pla-D3-20190814,1,1741880,Salix serpillifolia,64.115273
CBN-Pla-D3-20190814,2,1395870,Salix retusa,62.996548
CBN-Pla-D3-20190814,3,1396253,Sibbaldia procumbens,61.439316
CBN-Pla-D3-20200723,1,1396253,Sibbaldia procumbens,62.798508
CBN-Pla-D3-20200723,2,1741880,Salix serpillifolia,61.994934
CBN-Pla-D3-20200723,3,1395870,Salix retusa,60.197678
CBN-Pla-D3-20200814,1,1741880,Salix serpillifolia,66.575111
CBN-Pla-D3-20200814,2,1392552,Gentiana nivalis,65.579895
CBN-Pla-D3-20200814,3,1395870,Salix retusa,64.496872
CBN-Pla-D4-20130808,1,1741880,Salix serpillifolia,64.241028
CBN-Pla-D4-20130808,2,1395870,Salix retusa,63.730820
CBN-Pla-D4-20130808,3,1395807,Salix herbacea,61.232220
CBN-Pla-D4-20130904,1,1396253,Sibbaldia procumbens,62.789078
CBN-Pla-D4-20130904,2,1395870,Salix retusa,62.089737
CBN-Pla-D4-20130904,3,1395807,Salix herbacea,61.099525
CBN-Pla-D4-20140722,1,1396253,Sibbaldia procumbens,62.371185
CBN-Pla-D4-20140722,2,1396144,Sedum alpestre,59.568764
CBN-Pla-D4-20140722,3,1363133,Triglochin striata,57.263153
CBN-Pla-D4-20140902,1,1395870,Salix retusa,62.349823
CBN-Pla-D4-20140902,2,1741880,Salix serpillifolia,62.163651
CBN-Pla-D4-20140902,3,1396253,Sibbaldia procumbens,60.935841
CBN-Pla-D4-20150702,1,1392300,Alchemilla transiens,58.506763
CBN-Pla-D4-20150702,2,1396253,Sibbaldia procumbens,58.391518
CBN-Pla-D4-20150702,3,1393708,Lysimachia nummularia,56.131615
CBN-Pla-D4-20150723,1,1395807,Salix herbacea,62.684521
CBN-Pla-D4-20150723,2,1742052,Leontopodium nivale,60.264267
CBN-Pla-D4-20150723,3,1395862,Salix pyrenaica,58.932831
CBN-Pla-D4-20150811,1,1396253,Sibbaldia procumbens,64.324898
CBN-Pla-D4-20150811,2,1395870,Salix retusa,62.230942
CBN-Pla-D4-20150811,3,1741880,Salix serpillifolia,62.226433
CBN-Pla-D4-20150901,1,1396253,Sibbaldia procumbens,64.086380
CBN-Pla-D4-20150901,2,1395870,Salix retusa,62.008911
CBN-Pla-D4-20150901,3,1394311,Oreochloa disticha,61.329266
CBN-Pla-D4-20160707,1,1396253,Sibbaldia procumbens,61.653393
CBN-Pla-D4-20160707,2,1390793,Carex curvula,58.904732
CBN-Pla-D4-20160707,3,1399800,Pinguicula nevadensis,58.531509
CBN-Pla-D4-20160728,1,1397043,Veronica alpina,61.918198
CBN-Pla-D4-20160728,2,1363016,Cenchrus clandestinus,59.625320
CBN-Pla-D4-20160728,3,1363543,Stenotaphrum secundatum,59.375725
CBN-Pla-D4-20180724,1,1396253,Sibbaldia procumbens,58.842175
CBN-Pla-D4-20180724,2,1398699,Marsilea batardae,56.495174
CBN-Pla-D4-20180724,3,1390837,Carex humilis,55.615547
CBN-Pla-D4-20180816,1,1396253,Sibbaldia procumbens,63.475822
CBN-Pla-D4-20180816,2,1395870,Salix retusa,62.815159
CBN-Pla-D4-20180816,3,1397046,Veronica bellidioides,62.785645
CBN-Pla-D4-20180906,1,1396253,Sibbaldia procumbens,64.179665
CBN-Pla-D4-20180906,2,1395870,Salix retusa,63.954781
CBN-Pla-D4-20180906,3,1741880,Salix serpillifolia,62.701973
CBN-Pla-D4-20190723,1,1396253,Sibbaldia procumbens,61.061787
CBN-Pla-D4-20190723,2,1395870,Salix retusa,60.914085
CBN-Pla-D4-20190723,3,1395807,Salix herbacea,60.757469
CBN-Pla-D4-20190814,1,1395870,Salix retusa,66.453972
CBN-Pla-D4-20190814,2,1741880,Salix serpillifolia,63.563431
CBN-Pla-D4-20190814,3,1395807,Salix herbacea,61.920303
CBN-Pla-D4-20200723,1,1396253,Sibbaldia procumbens,62.723412
CBN-Pla-D4-20200723,2,1395870,Salix retusa,62.296715
CBN-Pla-D4-20200723,3,1390793,Carex curvula,61.441017
CBN-Pla-D4-20200814,1,1395870,Salix retusa,66.151115
CBN-Pla-D4-20200814,2,1741880,Salix serpillifolia,62.557686
CBN-Pla-D4-20200814,3,1396253,Sibbaldia procumbens,62.216194
CBN-Pla-D5-20130808,1,1396253,Sibbaldia procumbens,63.498360
CBN-Pla-D5-20130808,2,1395807,Salix herbacea,61.725983
CBN-Pla-D5-20130808,3,1396144,Sedum alpestre,61.417801
CBN-Pla-D5-20130904,1,1395807,Salix herbacea,61.242878
CBN-Pla-D5-20130904,2,1396253,Sibbaldia procumbens,59.640705
CBN-Pla-D5-20130904,3,1396843,Trifolium alpinum,59.441998
CBN-Pla-D5-20140722,1,1396144,Sedum alpestre,58.324516
CBN-Pla-D5-20140722,2,1390811,Carex ericetorum,55.791885
CBN-Pla-D5-20140722,3,1358127,Sedum multiceps,54.407955
CBN-Pla-D5-20140902,1,1361367,Poa alpina,62.511322
CBN-Pla-D5-20140902,2,1394311,Oreochloa disticha,62.302517
CBN-Pla-D5-20140902,3,1396144,Sedum alpestre,61.954338
CBN-Pla-D5-20150702,1,1396253,Sibbaldia procumbens,61.035755
CBN-Pla-D5-20150702,2,1742052,Leontopodium nivale,57.922729
CBN-Pla-D5-20150702,3,1388766,Botrychium simplex,57.282890
CBN-Pla-D5-20150723,1,1395807,Salix herbacea,62.574909
CBN-Pla-D5-20150723,2,1363543,Stenotaphrum secundatum,60.849316
CBN-Pla-D5-20150723,3,1390883,Carex parviflora,59.427689
CBN-Pla-D5-20150811,1,1396253,Sibbaldia procumbens,60.392204
CBN-Pla-D5-20150811,2,1395807,Salix herbacea,60.363800
CBN-Pla-D5-20150811,3,1396843,Trifolium alpinum,59.823372
CBN-Pla-D5-20150901,1,1394311,Oreochloa disticha,64.582886
CBN-Pla-D5-20150901,2,1396843,Trifolium alpinum,61.569550
CBN-Pla-D5-20150901,3,1396253,Sibbaldia procumbens,60.784985
CBN-Pla-D5-20160707,1,1395807,Salix herbacea,59.754971
CBN-Pla-D5-20160707,2,1396144,Sedum alpestre,58.451939
CBN-Pla-D5-20160707,3,1392541,Gentiana brachyphylla,57.492256
CBN-Pla-D5-20160728,1,1395807,Salix herbacea,61.567013
CBN-Pla-D5-20160728,2,1363543,Stenotaphrum secundatum,58.454166
CBN-Pla-D5-20160728,3,1393200,Homogyne alpina,57.729988
CBN-Pla-D5-20180724,1,1396253,Sibbaldia procumbens,60.360771
CBN-Pla-D5-20180724,2,1390953,Carpobrotus acinaciformis,55.598789
CBN-Pla-D5-20180724,3,1532190,Carex rorulenta,55.117313
CBN-Pla-D5-20180816,1,1396253,Sibbaldia procumbens,63.616547
CBN-Pla-D5-20180816,2,1397043,Veronica alpina,62.179970
CBN-Pla-D5-20180816,3,1395807,Salix herbacea,60.013306
CBN-Pla-D5-20180906,1,1396253,Sibbaldia procumbens,63.759537
CBN-Pla-D5-20180906,2,1396843,Trifolium alpinum,61.809898
CBN-Pla-D5-20180906,3,1411089,Carex bicolor,61.335159
CBN-Pla-D5-20190723,1,1395807,Salix herbacea,61.334877
CBN-Pla-D5-20190723,2,1396843,Trifolium alpinum,60.230225
CBN-Pla-D5-20190723,3,1396253,Sibbaldia procumbens,59.863800
CBN-Pla-D5-20190814,1,1397043,Veronica alpina,63.994293
CBN-Pla-D5-20190814,2,1396144,Sedum alpestre,62.904968
CBN-Pla-D5-20190814,3,1397046,Veronica bellidioides,62.350704
CBN-Pla-D5-20200723,1,1396253,Sibbaldia procumbens,63.812294
CBN-Pla-D5-20200723,2,1395807,Salix herbacea,61.600735
CBN-Pla-D5-20200723,3,1396843,Trifolium alpinum,59.523163
CBN-Pla-D6-20130808,1,1395807,Salix herbacea,62.359879
CBN-Pla-D6-20130808,2,1396253,Sibbaldia procumbens,60.424244
CBN-Pla-D6-20130808,3,1741624,Lotus alpinus,60.196823
CBN-Pla-D6-20130904,1,1392535,Gentiana alpina,62.000694
CBN-Pla-D6-20130904,2,1392534,Gentiana acaulis,61.228764
CBN-Pla-D6-20130904,3,1395807,Salix herbacea,61.052761
CBN-Pla-D6-20140722,1,1412857,Omalotheca supina,58.392185
CBN-Pla-D6-20140722,2,1418688,Arctous alpina,57.580120
CBN-Pla-D6-20140722,3,1390495,Fascicularia bicolor,57.012741
CBN-Pla-D6-20140902,1,1392552,Gentiana nivalis,62.223347
CBN-Pla-D6-20140902,2,1647156,Armeria humilis,60.464516
CBN-Pla-D6-20140902,3,1395807,Salix herbacea,60.046062
CBN-Pla-D6-20150702,1,1744293,Pinguicula tejedensis,57.948433
CBN-Pla-D6-20150702,2,1407739,Bromus catharticus,57.084152
CBN-Pla-D6-20150702,3,1388766,Botrychium simplex,57.039516
CBN-Pla-D6-20150723,1,1741880,Salix serpillifolia,63.551464
CBN-Pla-D6-20150723,2,1395807,Salix herbacea,60.826057
CBN-Pla-D6-20150723,3,1396843,Trifolium alpinum,60.615700
CBN-Pla-D6-20150811,1,1392552,Gentiana nivalis,64.370346
CBN-Pla-D6-20150811,2,1396253,Sibbaldia procumbens,60.249874
CBN-Pla-D6-20150811,3,1395807,Salix herbacea,60.196209
CBN-Pla-D6-20150901,1,1396843,Trifolium alpinum,64.701096
CBN-Pla-D6-20150901,2,1392541,Gentiana brachyphylla,62.183960
CBN-Pla-D6-20150901,3,1396253,Sibbaldia procumbens,61.870560
CBN-Pla-D6-20160707,1,1396253,Sibbaldia procumbens,60.143036
CBN-Pla-D6-20160707,2,1741880,Salix serpillifolia,60.002697
CBN-Pla-D6-20160707,3,1395807,Salix herbacea,58.990406
CBN-Pla-D6-20160728,1,1396253,Sibbaldia procumbens,62.870689
CBN-Pla-D6-20160728,2,1395807,Salix herbacea,61.511726
CBN-Pla-D6-20160728,3,1741880,Salix serpillifolia,59.638344
CBN-Pla-D6-20180724,1,1412857,Omalotheca supina,61.167549
CBN-Pla-D6-20180724,2,1744293,Pinguicula tejedensis,61.008640
CBN-Pla-D6-20180724,3,1399800,Pinguicula nevadensis,58.826435
CBN-Pla-D6-20180816,1,1395807,Salix herbacea,61.815029
CBN-Pla-D6-20180816,2,1397043,Veronica alpina,61.748638
CBN-Pla-D6-20180816,3,1396843,Trifolium alpinum,61.519310
CBN-Pla-D6-20180906,1,1396253,Sibbaldia procumbens,62.362221
CBN-Pla-D6-20180906,2,1395807,Salix herbacea,61.256340
CBN-Pla-D6-20180906,3,1397381,Euphrasia minima,60.258537
CBN-Pla-D6-20190723,1,1396144,Sedum alpestre,63.315186
CBN-Pla-D6-20190723,2,1395807,Salix herbacea,61.329712
CBN-Pla-D6-20190723,3,1741880,Salix serpillifolia,60.765602
CBN-Pla-D6-20190814,1,1399800,Pinguicula nevadensis,60.814926
CBN-Pla-D6-20190814,2,1394597,Pinguicula corsica,60.102020
CBN-Pla-D6-20190814,3,1395870,Salix retusa,59.891560
CBN-Pla-D6-20200723,1,1395807,Salix herbacea,62.647366
CBN-Pla-D6-20200723,2,1412857,Omalotheca supina,61.989513
CBN-Pla-D6-20200723,3,1742053,Omalotheca hoppeana,60.363705
CBN-Pla-D6-20200814,1,1392552,Gentiana nivalis,65.018013
CBN-Pla-D6-20200814,2,1395807,Salix herbacea,61.395493
CBN-Pla-D6-20200814,3,1396253,Sibbaldia procumbens,61.268890
CBN-Pla-E1-20130808,1,1396144,Sedum alpestre,65.908539
CBN-Pla-E1-20130808,2,1396253,Sibbaldia procumbens,61.906647
CBN-Pla-E1-20130808,3,1392534,Gentiana acaulis,60.926495
CBN-Pla-E1-20130904,1,1396144,Sedum alpestre,62.930710
CBN-Pla-E1-20130904,2,1396253,Sibbaldia procumbens,62.238247
CBN-Pla-E1-20130904,3,1396015,Saxifraga moschata,62.140404
CBN-Pla-E1-20140722,1,1396144,Sedum alpestre,64.178268
CBN-Pla-E1-20140722,2,1744293,Pinguicula tejedensis,61.892250
CBN-Pla-E1-20140722,3,1396253,Sibbaldia procumbens,61.052349
CBN-Pla-E1-20140902,1,1396144,Sedum alpestre,63.913929
CBN-Pla-E1-20140902,2,1397491,Sedum atratum,61.112549
CBN-Pla-E1-20140902,3,1744479,Armeria bigerrensis,60.920204
CBN-Pla-E1-20150702,1,1396144,Sedum alpestre,64.362984
CBN-Pla-E1-20150702,2,1396015,Saxifraga moschata,61.593117
CBN-Pla-E1-20150702,3,1397491,Sedum atratum,61.094036
CBN-Pla-E1-20150723,1,1741624,Lotus alpinus,62.501144
CBN-Pla-E1-20150723,2,1396272,Silene acaulis,62.406849
CBN-Pla-E1-20150723,3,1396144,Sedum alpestre,62.051888
CBN-Pla-E1-20150901,1,1396144,Sedum alpestre,65.312141
CBN-Pla-E1-20150901,2,1396253,Sibbaldia procumbens,62.164967
CBN-Pla-E1-20150901,3,1396272,Silene acaulis,61.599869
CBN-Pla-E1-20160707,1,1396144,Sedum alpestre,65.895943
CBN-Pla-E1-20160707,2,1392541,Gentiana brachyphylla,61.663025
CBN-Pla-E1-20160707,3,1396253,Sibbaldia procumbens,60.991497
CBN-Pla-E1-20160728,1,1396144,Sedum alpestre,65.202408
CBN-Pla-E1-20160728,2,1392535,Gentiana alpina,64.041458
CBN-Pla-E1-20160728,3,1396253,Sibbaldia procumbens,63.469826
CBN-Pla-E1-20180816,1,1744479,Armeria bigerrensis,65.667557
CBN-Pla-E1-20180816,2,1396144,Sedum alpestre,65.456833
CBN-Pla-E1-20180816,3,1647128,Armeria alpina,64.874985
CBN-Pla-E1-20180906,1,1396144,Sedum alpestre,66.806213
CBN-Pla-E1-20180906,2,1394542,Phyteuma hemisphaericum,64.947197
CBN-Pla-E1-20180906,3,1396253,Sibbaldia procumbens,64.181580
CBN-Pla-E1-20190723,1,1392541,Gentiana brachyphylla,64.955353
CBN-Pla-E1-20190723,2,1392535,Gentiana alpina,64.059486
CBN-Pla-E1-20190723,3,1392534,Gentiana acaulis,64.027664
CBN-Pla-E1-20190814,1,1396253,Sibbaldia procumbens,64.416306
CBN-Pla-E1-20190814,2,1396144,Sedum alpestre,64.252831
CBN-Pla-E1-20190814,3,1413349,Armeria maritima,62.397850
CBN-Pla-E1-20200630,1,1396253,Sibbaldia procumbens,60.365295
CBN-Pla-E1-20200630,2,1399798,Pinguicula dertosensis,57.160221
CBN-Pla-E1-20200630,3,1529410,Sempervivum vicentei,56.967361
CBN-Pla-E1-20200723,1,1396144,Sedum alpestre,65.065033
CBN-Pla-E1-20200723,2,1396843,Trifolium alpinum,64.470177
CBN-Pla-E1-20200723,3,1396253,Sibbaldia procumbens,63.983910
CBN-Pla-E1-20200814,1,1396362,Armeria leucocephala,64.977112
CBN-Pla-E1-20200814,2,1647128,Armeria alpina,64.320526
CBN-Pla-E1-20200814,3,1396441,Armeria ruscinonensis,63.782249
CBN-Pla-E2-20130808,1,1396144,Sedum alpestre,64.973328
CBN-Pla-E2-20130808,2,1396253,Sibbaldia procumbens,63.057068
CBN-Pla-E2-20130808,3,1397491,Sedum atratum,61.833778
CBN-Pla-E2-20130904,1,1396144,Sedum alpestre,65.268433
CBN-Pla-E2-20130904,2,1396253,Sibbaldia procumbens,63.299236
CBN-Pla-E2-20130904,3,1363618,Crassula multicava,61.713875
CBN-Pla-E2-20140722,1,1396144,Sedum alpestre,65.756081
CBN-Pla-E2-20140722,2,1396253,Sibbaldia procumbens,63.963936
CBN-Pla-E2-20140722,3,1397491,Sedum atratum,62.251213
CBN-Pla-E2-20140902,1,1396144,Sedum alpestre,65.968887
CBN-Pla-E2-20140902,2,1394542,Phyteuma hemisphaericum,64.643478
CBN-Pla-E2-20140902,3,1396253,Sibbaldia procumbens,64.172447
CBN-Pla-E2-20150702,1,1396144,Sedum alpestre,66.303795
CBN-Pla-E2-20150702,2,1396253,Sibbaldia procumbens,64.583076
CBN-Pla-E2-20150702,3,1396272,Silene acaulis,61.676369
CBN-Pla-E2-20150723,1,1396253,Sibbaldia procumbens,64.468193
CBN-Pla-E2-20150723,2,1396144,Sedum alpestre,63.120537
CBN-Pla-E2-20150723,3,1738749,Cherleria sedoides,62.016861
CBN-Pla-E2-20150901,1,1396253,Sibbaldia procumbens,64.704056
CBN-Pla-E2-20150901,2,1396272,Silene acaulis,62.034111
CBN-Pla-E2-20150901,3,1396144,Sedum alpestre,61.985199
CBN-Pla-E2-20160707,1,1396253,Sibbaldia procumbens,63.613358
CBN-Pla-E2-20160707,2,1396144,Sedum alpestre,61.520191
CBN-Pla-E2-20160707,3,1742053,Omalotheca hoppeana,60.162323
CBN-Pla-E2-20160728,1,1396144,Sedum alpestre,64.737602
CBN-Pla-E2-20160728,2,1396253,Sibbaldia procumbens,63.809082
CBN-Pla-E2-20160728,3,1400176,Bistorta vivipara,63.594875
CBN-Pla-E2-20180724,1,1396253,Sibbaldia procumbens,64.067024
CBN-Pla-E2-20180724,2,1396144,Sedum alpestre,62.956566
CBN-Pla-E2-20180724,3,1397491,Sedum atratum,58.704666
CBN-Pla-E2-20180816,1,1396253,Sibbaldia procumbens,64.422890
CBN-Pla-E2-20180816,2,1396144,Sedum alpestre,64.227417
CBN-Pla-E2-20180816,3,1412857,Omalotheca supina,62.714096
CBN-Pla-E2-20180906,1,1396253,Sibbaldia procumbens,64.263931
CBN-Pla-E2-20180906,2,1742053,Omalotheca hoppeana,63.163704
CBN-Pla-E2-20180906,3,1744479,Armeria bigerrensis,62.602802
CBN-Pla-E2-20190723,1,1396144,Sedum alpestre,65.234947
CBN-Pla-E2-20190723,2,1396253,Sibbaldia procumbens,63.491669
CBN-Pla-E2-20190723,3,1741624,Lotus alpinus,63.196342
CBN-Pla-E2-20190814,1,1396144,Sedum alpestre,64.679848
CBN-Pla-E2-20190814,2,1742053,Omalotheca hoppeana,64.670471
CBN-Pla-E2-20190814,3,1396253,Sibbaldia procumbens,64.268997
CBN-Pla-E2-20200630,1,1363543,Stenotaphrum secundatum,58.865376
CBN-Pla-E2-20200630,2,1396253,Sibbaldia procumbens,58.474995
CBN-Pla-E2-20200630,3,1418688,Arctous alpina,56.907787
CBN-Pla-E2-20200723,1,1396253,Sibbaldia procumbens,64.796143
CBN-Pla-E2-20200723,2,1412857,Omalotheca supina,60.219196
CBN-Pla-E2-20200723,3,1742053,Omalotheca hoppeana,59.952705
CBN-Pla-E2-20200814,1,1396253,Sibbaldia procumbens,64.971848
CBN-Pla-E2-20200814,2,1744479,Armeria bigerrensis,64.566246
CBN-Pla-E2-20200814,3,1396144,Sedum alpestre,64.253220
CBN-Pla-E3-20130808,1,1396144,Sedum alpestre,65.515213
CBN-Pla-E3-20130808,2,1396253,Sibbaldia procumbens,64.600266
CBN-Pla-E3-20130808,3,1397491,Sedum atratum,59.410046
CBN-Pla-E3-20130904,1,1396144,Sedum alpestre,64.659309
CBN-Pla-E3-20130904,2,1396253,Sibbaldia procumbens,63.867954
CBN-Pla-E3-20130904,3,1394311,Oreochloa disticha,61.647976
CBN-Pla-E3-20140722,1,1396144,Sedum alpestre,64.558823
CBN-Pla-E3-20140722,2,1396253,Sibbaldia procumbens,64.316833
CBN-Pla-E3-20140722,3,1394311,Oreochloa disticha,60.425949
CBN-Pla-E3-20140902,1,1396843,Trifolium alpinum,64.762856
CBN-Pla-E3-20140902,2,1396253,Sibbaldia procumbens,63.561775
CBN-Pla-E3-20140902,3,1412857,Omalotheca supina,63.426788
CBN-Pla-E3-20150702,1,1396253,Sibbaldia procumbens,64.571335
CBN-Pla-E3-20150702,2,1396144,Sedum alpestre,61.302254
CBN-Pla-E3-20150702,3,1412857,Omalotheca supina,61.136879
CBN-Pla-E3-20150723,1,1396253,Sibbaldia procumbens,64.532280
CBN-Pla-E3-20150723,2,1397043,Veronica alpina,62.566067
CBN-Pla-E3-20150723,3,1412857,Omalotheca supina,60.495995
CBN-Pla-E3-20150811,1,1396253,Sibbaldia procumbens,64.890686
CBN-Pla-E3-20150811,2,1412857,Omalotheca supina,60.572750
CBN-Pla-E3-20150811,3,1396843,Trifolium alpinum,59.074108
CBN-Pla-E3-20150901,1,1412857,Omalotheca supina,65.211960
CBN-Pla-E3-20150901,2,1396253,Sibbaldia procumbens,64.972374
CBN-Pla-E3-20150901,3,1742053,Omalotheca hoppeana,64.790794
CBN-Pla-E3-20160707,1,1396253,Sibbaldia procumbens,62.831879
CBN-Pla-E3-20160707,2,1396144,Sedum alpestre,61.922638
CBN-Pla-E3-20160707,3,1394311,Oreochloa disticha,59.514214
CBN-Pla-E3-20160728,1,1412857,Omalotheca supina,66.305168
CBN-Pla-E3-20160728,2,1396253,Sibbaldia procumbens,63.336830
CBN-Pla-E3-20160728,3,1742053,Omalotheca hoppeana,62.432316
CBN-Pla-E3-20180724,1,1396253,Sibbaldia procumbens,63.717869
CBN-Pla-E3-20180724,2,1394641,Antennaria carpatica,57.714256
CBN-Pla-E3-20180724,3,1412857,Omalotheca supina,57.192558
CBN-Pla-E3-20180816,1,1397043,Veronica alpina,63.634197
CBN-Pla-E3-20180816,2,1396253,Sibbaldia procumbens,63.201477
CBN-Pla-E3-20180816,3,1412857,Omalotheca supina,60.622749
CBN-Pla-E3-20180906,1,1412857,Omalotheca supina,64.742813
CBN-Pla-E3-20180906,2,1742053,Omalotheca hoppeana,63.644089
CBN-Pla-E3-20180906,3,1396253,Sibbaldia procumbens,63.147343
CBN-Pla-E3-20190723,1,1396253,Sibbaldia procumbens,64.618332
CBN-Pla-E3-20190723,2,1412857,Omalotheca supina,64.412888
CBN-Pla-E3-20190723,3,1392535,Gentiana alpina,63.782562
CBN-Pla-E3-20190814,1,1396253,Sibbaldia procumbens,64.096077
CBN-Pla-E3-20190814,2,1412857,Omalotheca supina,61.202934
CBN-Pla-E3-20190814,3,1742053,Omalotheca hoppeana,61.039101
CBN-Pla-E3-20200630,1,1647156,Armeria humilis,56.951057
CBN-Pla-E3-20200630,2,1390495,Fascicularia bicolor,56.621574
CBN-Pla-E3-20200630,3,1396144,Sedum alpestre,56.403748
CBN-Pla-E3-20200723,1,1396253,Sibbaldia procumbens,65.266365
CBN-Pla-E3-20200723,2,1397043,Veronica alpina,62.431843
CBN-Pla-E3-20200723,3,1397049,Veronica fruticans,61.936821
CBN-Pla-E3-20200814,1,1400176,Bistorta vivipara,63.388763
CBN-Pla-E3-20200814,2,1396253,Sibbaldia procumbens,62.145134
CBN-Pla-E3-20200814,3,1412857,Omalotheca supina,61.688080
CBN-Pla-E4-20130808,1,1396253,Sibbaldia procumbens,64.473808
CBN-Pla-E4-20130808,2,1392541,Gentiana brachyphylla,61.564163
CBN-Pla-E4-20130808,3,1396843,Trifolium alpinum,60.196609
CBN-Pla-E4-20130904,1,1396253,Sibbaldia procumbens,63.994553
CBN-Pla-E4-20130904,2,1396843,Trifolium alpinum,61.776657
CBN-Pla-E4-20130904,3,1392696,Allium narcissiflorum,59.348255
CBN-Pla-E4-20140722,1,1396253,Sibbaldia procumbens,63.252357
CBN-Pla-E4-20140722,2,1395967,Saxifraga cuneata,59.324944
CBN-Pla-E4-20140722,3,1392241,Alchemilla pentaphyllea,57.375977
CBN-Pla-E4-20140902,1,1396253,Sibbaldia procumbens,62.444214
CBN-Pla-E4-20140902,2,1396843,Trifolium alpinum,61.661102
CBN-Pla-E4-20140902,3,1361367,Poa alpina,60.968891
CBN-Pla-E4-20150702,1,1396253,Sibbaldia procumbens,63.110596
CBN-Pla-E4-20150702,2,1396843,Trifolium alpinum,58.719894
CBN-Pla-E4-20150702,3,1418688,Arctous alpina,57.815041
CBN-Pla-E4-20150811,1,1396843,Trifolium alpinum,64.991722
CBN-Pla-E4-20150811,2,1396253,Sibbaldia procumbens,63.276802
CBN-Pla-E4-20150811,3,1392541,Gentiana brachyphylla,59.805016
CBN-Pla-E4-20150901,1,1396843,Trifolium alpinum,64.355278
CBN-Pla-E4-20150901,2,1396253,Sibbaldia procumbens,64.100266
CBN-Pla-E4-20150901,3,1391881,Epilobium anagallidifolium,60.471321
CBN-Pla-E4-20160707,1,1396253,Sibbaldia procumbens,63.040009
CBN-Pla-E4-20160707,2,1396843,Trifolium alpinum,58.574081
CBN-Pla-E4-20160707,3,1361367,Poa alpina,58.293114
CBN-Pla-E4-20160728,1,1396253,Sibbaldia procumbens,64.237671
CBN-Pla-E4-20160728,2,1396843,Trifolium alpinum,61.371101
CBN-Pla-E4-20160728,3,1392241,Alchemilla pentaphyllea,60.498169
CBN-Pla-E4-20180724,1,1396253,Sibbaldia procumbens,62.406219
CBN-Pla-E4-20180724,2,1363543,Stenotaphrum secundatum,60.266304
CBN-Pla-E4-20180724,3,1418688,Arctous alpina,57.332783
CBN-Pla-E4-20180816,1,1396253,Sibbaldia procumbens,64.525208
CBN-Pla-E4-20180816,2,1392534,Gentiana acaulis,62.089649
CBN-Pla-E4-20180816,3,1397043,Veronica alpina,61.423534
CBN-Pla-E4-20180906,1,1397043,Veronica alpina,64.088760
CBN-Pla-E4-20180906,2,1396253,Sibbaldia procumbens,63.550587
CBN-Pla-E4-20180906,3,1396843,Trifolium alpinum,63.243023
CBN-Pla-E4-20190723,1,1396253,Sibbaldia procumbens,64.865967
CBN-Pla-E4-20190723,2,1396843,Trifolium alpinum,61.189682
CBN-Pla-E4-20190723,3,1395807,Salix herbacea,60.940125
CBN-Pla-E4-20190814,1,1396843,Trifolium alpinum,65.772301
CBN-Pla-E4-20190814,2,1396253,Sibbaldia procumbens,63.423111
CBN-Pla-E4-20190814,3,1361275,Festuca indigesta,61.500809
CBN-Pla-E4-20200630,1,1399798,Pinguicula dertosensis,62.427391
CBN-Pla-E4-20200630,2,1396253,Sibbaldia procumbens,62.117928
CBN-Pla-E4-20200630,3,1399800,Pinguicula nevadensis,61.513557
CBN-Pla-E4-20200723,1,1397043,Veronica alpina,64.009903
CBN-Pla-E4-20200723,2,1396253,Sibbaldia procumbens,63.535805
CBN-Pla-E4-20200723,3,1397046,Veronica bellidioides,63.446964
CBN-Pla-E4-20200814,1,1396843,Trifolium alpinum,64.406311
CBN-Pla-E4-20200814,2,1396253,Sibbaldia procumbens,63.843513
CBN-Pla-E4-20200814,3,1394911,Primula integrifolia,63.172314
CBN-Pla-E5-20130808,1,1396253,Sibbaldia procumbens,62.680908
CBN-Pla-E5-20130808,2,1395807,Salix herbacea,60.355858
CBN-Pla-E5-20130808,3,1363618,Crassula multicava,59.858391
CBN-Pla-E5-20130904,1,1395807,Salix herbacea,61.426258
CBN-Pla-E5-20130904,2,1396843,Trifolium alpinum,59.856606
CBN-Pla-E5-20130904,3,1647156,Armeria humilis,59.622257
CBN-Pla-E5-20140722,1,1392534,Gentiana acaulis,58.083977
CBN-Pla-E5-20140722,2,1399798,Pinguicula dertosensis,57.479679
CBN-Pla-E5-20140722,3,1359587,Pinguicula lusitanica,57.121178
CBN-Pla-E5-20140902,1,1744194,Bouteloua dactyloides,61.547493
CBN-Pla-E5-20140902,2,1394542,Phyteuma hemisphaericum,60.587830
CBN-Pla-E5-20140902,3,1361367,Poa alpina,59.189297
CBN-Pla-E5-20150702,1,1396843,Trifolium alpinum,61.705116
CBN-Pla-E5-20150702,2,1392541,Gentiana brachyphylla,59.955318
CBN-Pla-E5-20150702,3,1394911,Primula integrifolia,59.455368
CBN-Pla-E5-20150723,1,1400176,Bistorta vivipara,60.078373
CBN-Pla-E5-20150723,2,1391359,Coronilla vaginalis,59.499023
CBN-Pla-E5-20150723,3,1414270,Bacopa rotundifolia,59.265053
CBN-Pla-E5-20150811,1,1363618,Crassula multicava,61.608818
CBN-Pla-E5-20150811,2,1392534,Gentiana acaulis,60.835304
CBN-Pla-E5-20150811,3,1412857,Omalotheca supina,60.756916
CBN-Pla-E5-20150901,1,1396843,Trifolium alpinum,62.622360
CBN-Pla-E5-20150901,2,1363618,Crassula multicava,61.446198
CBN-Pla-E5-20150901,3,1395807,Salix herbacea,60.312229
CBN-Pla-E5-20160707,1,1651427,Festuca summilusitana,58.230965
CBN-Pla-E5-20160707,2,1390793,Carex curvula,58.217422
CBN-Pla-E5-20160707,3,1394311,Oreochloa disticha,57.824547
CBN-Pla-E5-20160728,1,1392535,Gentiana alpina,62.986271
CBN-Pla-E5-20160728,2,1392534,Gentiana acaulis,61.668468
CBN-Pla-E5-20160728,3,1549015,Gentiana clusii,59.950756
CBN-Pla-E5-20180724,1,1391427,Crassula pubescens,58.597363
CBN-Pla-E5-20180724,2,1399798,Pinguicula dertosensis,57.502632
CBN-Pla-E5-20180724,3,1363618,Crassula multicava,56.659443
CBN-Pla-E5-20180816,1,1392535,Gentiana alpina,62.595215
CBN-Pla-E5-20180816,2,1392534,Gentiana acaulis,61.211346
CBN-Pla-E5-20180816,3,1395807,Salix herbacea,60.141823
CBN-Pla-E5-20180906,1,1396843,Trifolium alpinum,62.054020
CBN-Pla-E5-20180906,2,1392541,Gentiana brachyphylla,61.580566
CBN-Pla-E5-20180906,3,1392535,Gentiana alpina,61.269508
CBN-Pla-E5-20190723,1,1400176,Bistorta vivipara,62.942810
CBN-Pla-E5-20190723,2,1363618,Crassula multicava,60.849628
CBN-Pla-E5-20190723,3,1394595,Pinguicula alpina,60.774815
CBN-Pla-E5-20190814,1,1395807,Salix herbacea,61.439686
CBN-Pla-E5-20190814,2,1396843,Trifolium alpinum,60.509270
CBN-Pla-E5-20190814,3,1392541,Gentiana brachyphylla,59.524132
CBN-Pla-E5-20200630,1,1364066,Veronica serpyllifolia,55.563950
CBN-Pla-E5-20200630,2,1392541,Gentiana brachyphylla,54.801033
CBN-Pla-E5-20200630,3,1392534,Gentiana acaulis,53.685219
CBN-Pla-E5-20200723,1,1392534,Gentiana acaulis,62.591713
CBN-Pla-E5-20200723,2,1392561,Gentiana pyrenaica,62.413391
CBN-Pla-E5-20200723,3,1395807,Salix herbacea,61.832092
CBN-Pla-E5-20200814,1,1647677,Alopecurus gerardii,62.409004
CBN-Pla-E5-20200814,2,1395807,Salix herbacea,62.056129
CBN-Pla-E5-20200814,3,1392541,Gentiana brachyphylla,61.767296
CBN-Pla-E6-20130808,1,1396253,Sibbaldia procumbens,64.202385
CBN-Pla-E6-20130808,2,1395807,Salix herbacea,61.851593
CBN-Pla-E6-20130808,3,1395870,Salix retusa,61.622562
CBN-Pla-E6-20130904,1,1393224,Hydrocotyle bonariensis,62.327980
CBN-Pla-E6-20130904,2,1396253,Sibbaldia procumbens,61.758781
CBN-Pla-E6-20130904,3,1395807,Salix herbacea,61.654327
CBN-Pla-E6-20140722,1,1396253,Sibbaldia procumbens,60.213646
CBN-Pla-E6-20140722,2,1737701,Kalmia procumbens,56.492592
CBN-Pla-E6-20140722,3,1412857,Omalotheca supina,55.702877
CBN-Pla-E6-20140902,1,1412857,Omalotheca supina,62.455902
CBN-Pla-E6-20140902,2,1395807,Salix herbacea,62.394154
CBN-Pla-E6-20140902,3,1742053,Omalotheca hoppeana,61.235428
CBN-Pla-E6-20150702,1,1396253,Sibbaldia procumbens,60.685741
CBN-Pla-E6-20150702,2,1412857,Omalotheca supina,58.073360
CBN-Pla-E6-20150702,3,1361347,Nardus stricta,57.990780
CBN-Pla-E6-20150723,1,1412857,Omalotheca supina,63.270405
CBN-Pla-E6-20150723,2,1743456,Carex macrostylos,61.864914
CBN-Pla-E6-20150723,3,1395807,Salix herbacea,60.171753
CBN-Pla-E6-20150811,1,1412857,Omalotheca supina,62.754368
CBN-Pla-E6-20150811,2,1742053,Omalotheca hoppeana,61.433998
CBN-Pla-E6-20150811,3,1395870,Salix retusa,60.600899
CBN-Pla-E6-20150901,1,1396253,Sibbaldia procumbens,63.805759
CBN-Pla-E6-20150901,2,1412857,Omalotheca supina,62.745651
CBN-Pla-E6-20150901,3,1742053,Omalotheca hoppeana,60.581566
CBN-Pla-E6-20160707,1,1396253,Sibbaldia procumbens,64.406570
CBN-Pla-E6-20160707,2,1742053,Omalotheca hoppeana,62.287117
CBN-Pla-E6-20160707,3,1396144,Sedum alpestre,62.123840
CBN-Pla-E6-20160728,1,1396253,Sibbaldia procumbens,63.393578
CBN-Pla-E6-20160728,2,1396843,Trifolium alpinum,63.272888
CBN-Pla-E6-20160728,3,1395807,Salix herbacea,61.916622
CBN-Pla-E6-20180724,1,1389228,Graptopetalum paraguayense,56.256874
CBN-Pla-E6-20180724,2,1390783,Carex cespitosa,54.561142
CBN-Pla-E6-20180724,3,1391092,Cerastium tomentosum,54.263298
CBN-Pla-E6-20180816,1,1396253,Sibbaldia procumbens,63.981262
CBN-Pla-E6-20180816,2,1397043,Veronica alpina,62.820927
CBN-Pla-E6-20180816,3,1412857,Omalotheca supina,62.230453
CBN-Pla-E6-20180906,1,1742053,Omalotheca hoppeana,68.208015
CBN-Pla-E6-20180906,2,1412857,Omalotheca supina,65.211655
CBN-Pla-E6-20180906,3,1396253,Sibbaldia procumbens,62.996437
CBN-Pla-E6-20190723,1,1395807,Salix herbacea,63.506798
CBN-Pla-E6-20190723,2,1396253,Sibbaldia procumbens,63.349716
CBN-Pla-E6-20190723,3,1361708,Potamogeton polygonifolius,58.485130
CBN-Pla-E6-20190814,1,1396253,Sibbaldia procumbens,63.213234
CBN-Pla-E6-20190814,2,1741624,Lotus alpinus,62.241653
CBN-Pla-E6-20190814,3,1395807,Salix herbacea,60.603466
CBN-Pla-E6-20200723,1,1396253,Sibbaldia procumbens,63.542015
CBN-Pla-E6-20200723,2,1412857,Omalotheca supina,61.536217
CBN-Pla-E6-20200723,3,1742052,Leontopodium nivale,61.413471
CBN-Pla-E6-20200814,1,1396253,Sibbaldia procumbens,64.217407
CBN-Pla-E6-20200814,2,1412857,Omalotheca supina,64.008621
CBN-Pla-E6-20200814,3,1742053,Omalotheca hoppeana,63.849335
CBN-Pla-F1-20130808,1,1741624,Lotus alpinus,58.083168
CBN-Pla-F1-20130808,2,1356042,Radiola linoides,57.417007
CBN-Pla-F1-20130808,3,1363543,Stenotaphrum secundatum,57.151573
CBN-Pla-F1-20130904,1,1397461,Plantago alpina,59.300106
CBN-Pla-F1-20130904,2,1741624,Lotus alpinus,59.133049
CBN-Pla-F1-20130904,3,1399082,Armeria sardoa,58.772099
CBN-Pla-F1-20140722,1,1363543,Stenotaphrum secundatum,59.224243
CBN-Pla-F1-20140722,2,1396094,Arenaria biflora,58.777748
CBN-Pla-F1-20140722,3,1647677,Alopecurus gerardii,57.975689
CBN-Pla-F1-20140902,1,1647156,Armeria humilis,62.364410
CBN-Pla-F1-20140902,2,1744479,Armeria bigerrensis,61.680855
CBN-Pla-F1-20140902,3,1647128,Armeria alpina,60.047806
CBN-Pla-F1-20150702,1,1413349,Armeria maritima,58.544060
CBN-Pla-F1-20150702,2,1647156,Armeria humilis,58.525177
CBN-Pla-F1-20150702,3,1393679,Luzula lutea,57.996723
CBN-Pla-F1-20150723,1,1413349,Armeria maritima,64.063873
CBN-Pla-F1-20150723,2,1647128,Armeria alpina,61.961624
CBN-Pla-F1-20150723,3,1399082,Armeria sardoa,61.482113
CBN-Pla-F1-20150901,1,1647128,Armeria alpina,63.797913
CBN-Pla-F1-20150901,2,1741624,Lotus alpinus,61.323650
CBN-Pla-F1-20150901,3,1394311,Oreochloa disticha,60.881313
CBN-Pla-F1-20160707,1,1647128,Armeria alpina,60.445717
CBN-Pla-F1-20160707,2,1363543,Stenotaphrum secundatum,60.300369
CBN-Pla-F1-20160707,3,1361367,Poa alpina,59.586014
CBN-Pla-F1-20160728,1,1396296,Silene uniflora,61.720436
CBN-Pla-F1-20160728,2,1647156,Armeria humilis,61.319061
CBN-Pla-F1-20160728,3,1741624,Lotus alpinus,61.055336
CBN-Pla-F1-20180724,1,1389597,Bupleurum stellatum,58.106663
CBN-Pla-F1-20180724,2,1647128,Armeria alpina,57.502823
CBN-Pla-F1-20180724,3,1356042,Radiola linoides,56.519146
CBN-Pla-F1-20180816,1,1741624,Lotus alpinus,58.690620
CBN-Pla-F1-20180816,2,1359296,Lotus corniculatus,58.546967
CBN-Pla-F1-20180816,3,1392487,Galium saxatile,57.714870
CBN-Pla-F1-20180906,1,1392534,Gentiana acaulis,62.314133
CBN-Pla-F1-20180906,2,1728573,Atocion rupestre,62.038784
CBN-Pla-F1-20180906,3,1392260,Festuca alpina,62.001343
CBN-Pla-F1-20190723,1,1741624,Lotus alpinus,62.261894
CBN-Pla-F1-20190723,2,1580587,Lotus glacialis,60.301453
CBN-Pla-F1-20190723,3,1580588,Lotus glareosus,59.840012
CBN-Pla-F1-20190814,1,1400176,Bistorta vivipara,60.709244
CBN-Pla-F1-20190814,2,1394311,Oreochloa disticha,60.243542
CBN-Pla-F1-20190814,3,1392737,Heliosperma pusillum,58.378643
CBN-Pla-F1-20200630,1,1363543,Stenotaphrum secundatum,58.708931
CBN-Pla-F1-20200630,2,1396144,Sedum alpestre,54.830555
CBN-Pla-F1-20200630,3,1363409,Themeda triandra,54.773926
CBN-Pla-F1-20200723,1,1397043,Veronica alpina,63.969948
CBN-Pla-F1-20200723,2,1741624,Lotus alpinus,61.145733
CBN-Pla-F1-20200723,3,1397046,Veronica bellidioides,61.091290
CBN-Pla-F1-20200814,1,1400176,Bistorta vivipara,64.175659
CBN-Pla-F1-20200814,2,1361275,Festuca indigesta,61.081612
CBN-Pla-F1-20200814,3,1392260,Festuca alpina,61.048328
CBN-Pla-F2-20130808,1,1396253,Sibbaldia procumbens,61.797108
CBN-Pla-F2-20130808,2,1395174,Rhodiola rosea,61.508301
CBN-Pla-F2-20130808,3,1396144,Sedum alpestre,61.418015
CBN-Pla-F2-20130904,1,1647156,Armeria humilis,66.010475
CBN-Pla-F2-20130904,2,1744479,Armeria bigerrensis,65.860680
CBN-Pla-F2-20130904,3,1399082,Armeria sardoa,63.986153
CBN-Pla-F2-20140722,1,1396144,Sedum alpestre,62.708881
CBN-Pla-F2-20140722,2,1397491,Sedum atratum,60.711006
CBN-Pla-F2-20140722,3,1363543,Stenotaphrum secundatum,58.371670
CBN-Pla-F2-20140902,1,1396253,Sibbaldia procumbens,61.554382
CBN-Pla-F2-20140902,2,1361099,Isolepis cernua,60.409107
CBN-Pla-F2-20140902,3,1647128,Armeria alpina,60.281631
CBN-Pla-F2-20150702,1,1396144,Sedum alpestre,61.844933
CBN-Pla-F2-20150702,2,1396253,Sibbaldia procumbens,60.116810
CBN-Pla-F2-20150702,3,1359973,Plantago subulata,56.923843
CBN-Pla-F2-20150723,1,1741624,Lotus alpinus,62.195946
CBN-Pla-F2-20150723,2,1580588,Lotus glareosus,60.571587
CBN-Pla-F2-20150723,3,1413349,Armeria maritima,59.711185
CBN-Pla-F2-20150901,1,1412857,Omalotheca supina,63.070286
CBN-Pla-F2-20150901,2,1396253,Sibbaldia procumbens,60.705219
CBN-Pla-F2-20150901,3,1361367,Poa alpina,59.454819
CBN-Pla-F2-20160707,1,1396253,Sibbaldia procumbens,63.306503
CBN-Pla-F2-20160707,2,1647128,Armeria alpina,58.581406
CBN-Pla-F2-20160707,3,1361367,Poa alpina,58.404755
CBN-Pla-F2-20160728,1,1395718,Sagina saginoides,63.065048
CBN-Pla-F2-20160728,2,1741624,Lotus alpinus,62.257259
CBN-Pla-F2-20160728,3,1652912,Nassella trichotoma,61.732597
CBN-Pla-F2-20180724,1,1396253,Sibbaldia procumbens,61.874214
CBN-Pla-F2-20180724,2,1412857,Omalotheca supina,58.324146
CBN-Pla-F2-20180724,3,1396144,Sedum alpestre,58.097763
CBN-Pla-F2-20180816,1,1412857,Omalotheca supina,62.685360
CBN-Pla-F2-20180816,2,1396253,Sibbaldia procumbens,62.465469
CBN-Pla-F2-20180816,3,1395718,Sagina saginoides,59.424160
CBN-Pla-F2-20180906,1,1395718,Sagina saginoides,65.335327
CBN-Pla-F2-20180906,2,1412857,Omalotheca supina,63.151512
CBN-Pla-F2-20180906,3,1738699,Sabulina verna,61.116882
CBN-Pla-F2-20190723,1,1741624,Lotus alpinus,60.574596
CBN-Pla-F2-20190723,2,1391359,Coronilla vaginalis,60.313641
CBN-Pla-F2-20190723,3,1392241,Alchemilla pentaphyllea,60.058670
CBN-Pla-F2-20190814,1,1388915,Lysimachia minima,63.100761
CBN-Pla-F2-20190814,2,1395718,Sagina saginoides,61.979752
CBN-Pla-F2-20190814,3,1412857,Omalotheca supina,59.731804
CBN-Pla-F2-20200630,1,1396253,Sibbaldia procumbens,59.454529
CBN-Pla-F2-20200630,2,1392241,Alchemilla pentaphyllea,58.025894
CBN-Pla-F2-20200630,3,1418612,Carex firma,56.684673
CBN-Pla-F2-20200723,1,1396253,Sibbaldia procumbens,63.812340
CBN-Pla-F2-20200723,2,1390899,Carex pyrenaica,60.575752
CBN-Pla-F2-20200723,3,1394865,Potentilla nitida,60.185478
CBN-Pla-F2-20200814,1,1396253,Sibbaldia procumbens,60.657352
CBN-Pla-F2-20200814,2,1400155,Biscutella brevifolia,59.802826
CBN-Pla-F2-20200814,3,1651162,Festuca guestfalica,59.725082
CBN-Pla-F3-20130808,1,1396253,Sibbaldia procumbens,63.297630
CBN-Pla-F3-20130808,2,1394542,Phyteuma hemisphaericum,61.289993
CBN-Pla-F3-20130808,3,1394441,Pedicularis mixta,60.936649
CBN-Pla-F3-20130904,1,1390495,Fascicularia bicolor,60.489979
CBN-Pla-F3-20130904,2,1394438,Pedicularis kerneri,59.629349
CBN-Pla-F3-20130904,3,1396253,Sibbaldia procumbens,59.078701
CBN-Pla-F3-20140722,1,1396144,Sedum alpestre,61.297215
CBN-Pla-F3-20140722,2,1396253,Sibbaldia procumbens,60.166466
CBN-Pla-F3-20140722,3,1397491,Sedum atratum,58.582787
CBN-Pla-F3-20140902,1,1396144,Sedum alpestre,65.150108
CBN-Pla-F3-20140902,2,1394438,Pedicularis kerneri,64.414444
CBN-Pla-F3-20140902,3,1413349,Armeria maritima,62.257408
CBN-Pla-F3-20150702,1,1396253,Sibbaldia procumbens,63.337669
CBN-Pla-F3-20150702,2,1360306,Potentilla caulescens,58.093155
CBN-Pla-F3-20150702,3,1399800,Pinguicula nevadensis,57.584816
CBN-Pla-F3-20150723,1,1396253,Sibbaldia procumbens,61.877510
CBN-Pla-F3-20150723,2,1741624,Lotus alpinus,60.006233
CBN-Pla-F3-20150723,3,1418612,Carex firma,59.962837
CBN-Pla-F3-20150811,1,1744479,Armeria bigerrensis,61.535862
CBN-Pla-F3-20150811,2,1396253,Sibbaldia procumbens,61.209995
CBN-Pla-F3-20150811,3,1742053,Omalotheca hoppeana,60.133301
CBN-Pla-F3-20150901,1,1396144,Sedum alpestre,64.370125
CBN-Pla-F3-20150901,2,1396253,Sibbaldia procumbens,62.834175
CBN-Pla-F3-20150901,3,1413349,Armeria maritima,61.595161
CBN-Pla-F3-20160707,1,1396253,Sibbaldia procumbens,63.377335
CBN-Pla-F3-20160707,2,1390793,Carex curvula,62.553810
CBN-Pla-F3-20160707,3,1359740,Pedicularis sylvatica,60.315033
CBN-Pla-F3-20160728,1,1394438,Pedicularis kerneri,63.507191
CBN-Pla-F3-20160728,2,1396253,Sibbaldia procumbens,60.061554
CBN-Pla-F3-20160728,3,1412857,Omalotheca supina,58.773319
CBN-Pla-F3-20180724,1,1396253,Sibbaldia procumbens,61.954311
CBN-Pla-F3-20180724,2,1412857,Omalotheca supina,57.699772
CBN-Pla-F3-20180724,3,1391427,Crassula pubescens,57.178932
CBN-Pla-F3-20180816,1,1396253,Sibbaldia procumbens,63.517433
CBN-Pla-F3-20180816,2,1412857,Omalotheca supina,61.846767
CBN-Pla-F3-20180816,3,1397528,Cardamine bellidifolia,60.057411
CBN-Pla-F3-20180906,1,1396253,Sibbaldia procumbens,64.299965
CBN-Pla-F3-20180906,2,1412857,Omalotheca supina,62.688530
CBN-Pla-F3-20180906,3,1395718,Sagina saginoides,60.004360
CBN-Pla-F3-20190723,1,1396253,Sibbaldia procumbens,63.433502
CBN-Pla-F3-20190723,2,1412857,Omalotheca supina,61.302086
CBN-Pla-F3-20190723,3,1392241,Alchemilla pentaphyllea,61.072845
CBN-Pla-F3-20190814,1,1394438,Pedicularis kerneri,61.999573
CBN-Pla-F3-20190814,2,1397106,Vicia pyrenaica,61.985355
CBN-Pla-F3-20190814,3,1396253,Sibbaldia procumbens,61.458019
CBN-Pla-F3-20200630,1,1396253,Sibbaldia procumbens,57.708328
CBN-Pla-F3-20200630,2,1363133,Triglochin striata,56.816437
CBN-Pla-F3-20200630,3,1419963,Armeria splendens,55.289360
CBN-Pla-F3-20200723,1,1396144,Sedum alpestre,65.114464
CBN-Pla-F3-20200723,2,1396253,Sibbaldia procumbens,64.451538
CBN-Pla-F3-20200723,3,1741624,Lotus alpinus,60.736752
CBN-Pla-F3-20200814,1,1396144,Sedum alpestre,64.827568
CBN-Pla-F3-20200814,2,1396253,Sibbaldia procumbens,63.221138
CBN-Pla-F3-20200814,3,1394438,Pedicularis kerneri,63.048222
CBN-Pla-F4-20130808,1,1647128,Armeria alpina,60.835911
CBN-Pla-F4-20130808,2,1396253,Sibbaldia procumbens,60.757320
CBN-Pla-F4-20130808,3,1394655,Poa badensis,60.311741
CBN-Pla-F4-20130904,1,1394643,Antennaria dioica,63.437119
CBN-Pla-F4-20130904,2,1396144,Sedum alpestre,62.737892
CBN-Pla-F4-20130904,3,1396253,Sibbaldia procumbens,61.451027
CBN-Pla-F4-20140722,1,1396144,Sedum alpestre,60.955795
CBN-Pla-F4-20140722,2,1359965,Plantago maritima,59.340546
CBN-Pla-F4-20140722,3,1394643,Antennaria dioica,58.273693
CBN-Pla-F4-20150723,1,1647156,Armeria humilis,61.327644
CBN-Pla-F4-20150723,2,1744479,Armeria bigerrensis,60.220104
CBN-Pla-F4-20150723,3,1391359,Coronilla vaginalis,57.978790
CBN-Pla-F4-20150811,1,1413349,Armeria maritima,61.147251
CBN-Pla-F4-20150811,2,1412857,Omalotheca supina,60.343197
CBN-Pla-F4-20150811,3,1394311,Oreochloa disticha,58.234570
CBN-Pla-F4-20150901,1,1396144,Sedum alpestre,62.631161
CBN-Pla-F4-20150901,2,1412857,Omalotheca supina,62.440815
CBN-Pla-F4-20150901,3,1742053,Omalotheca hoppeana,60.821632
CBN-Pla-F4-20160707,1,1412857,Omalotheca supina,61.291920
CBN-Pla-F4-20160707,2,1396253,Sibbaldia procumbens,60.372658
CBN-Pla-F4-20160707,3,1742052,Leontopodium nivale,59.811501
CBN-Pla-F4-20160728,1,1396253,Sibbaldia procumbens,63.054703
CBN-Pla-F4-20160728,2,1412857,Omalotheca supina,61.934616
CBN-Pla-F4-20160728,3,1396144,Sedum alpestre,60.844269
CBN-Pla-F4-20180724,1,1390904,Carex rupestris,58.137886
CBN-Pla-F4-20180724,2,1388766,Botrychium simplex,55.849621
CBN-Pla-F4-20180724,3,1363543,Stenotaphrum secundatum,55.746712
CBN-Pla-F4-20180816,1,1412857,Omalotheca supina,63.810032
CBN-Pla-F4-20180816,2,1394311,Oreochloa disticha,59.877045
CBN-Pla-F4-20180816,3,1742053,Omalotheca hoppeana,59.455021
CBN-Pla-F4-20180906,1,1412857,Omalotheca supina,63.857063
CBN-Pla-F4-20180906,2,1396253,Sibbaldia procumbens,62.561569
CBN-Pla-F4-20180906,3,1742053,Omalotheca hoppeana,61.165993
CBN-Pla-F4-20190723,1,1396253,Sibbaldia procumbens,63.354149
CBN-Pla-F4-20190723,2,1412857,Omalotheca supina,63.030018
CBN-Pla-F4-20190723,3,1395807,Salix herbacea,59.286594
CBN-Pla-F4-20190814,1,1396253,Sibbaldia procumbens,63.410194
CBN-Pla-F4-20190814,2,1412857,Omalotheca supina,62.336708
CBN-Pla-F4-20190814,3,1395807,Salix herbacea,60.424469
CBN-Pla-F4-20200630,1,1394595,Pinguicula alpina,58.374512
CBN-Pla-F4-20200630,2,1359587,Pinguicula lusitanica,56.666073
CBN-Pla-F4-20200630,3,1359937,Littorella uniflora,54.671364
CBN-Pla-F4-20200723,1,1412857,Omalotheca supina,63.541115
CBN-Pla-F4-20200723,2,1742053,Omalotheca hoppeana,63.083351
CBN-Pla-F4-20200723,3,1396253,Sibbaldia procumbens,62.216583
CBN-Pla-F4-20200814,1,1742053,Omalotheca hoppeana,66.707069
CBN-Pla-F4-20200814,2,1412857,Omalotheca supina,66.154526
CBN-Pla-F4-20200814,3,1647128,Armeria alpina,63.198925
CBN-Pla-F5-20130808,1,1396253,Sibbaldia procumbens,63.894218
CBN-Pla-F5-20130808,2,1396144,Sedum alpestre,60.762970
CBN-Pla-F5-20130808,3,1479447,Arabis stellulata,60.054764
CBN-Pla-F5-20130904,1,1396253,Sibbaldia procumbens,62.299896
CBN-Pla-F5-20130904,2,1396843,Trifolium alpinum,59.391220
CBN-Pla-F5-20130904,3,1396144,Sedum alpestre,59.378868
CBN-Pla-F5-20140722,1,1396144,Sedum alpestre,57.685349
CBN-Pla-F5-20140722,2,1361275,Festuca indigesta,56.670818
CBN-Pla-F5-20140722,3,1396253,Sibbaldia procumbens,56.392193
CBN-Pla-F5-20140902,1,1396253,Sibbaldia procumbens,63.218651
CBN-Pla-F5-20140902,2,1400176,Bistorta vivipara,62.417160
CBN-Pla-F5-20140902,3,1396843,Trifolium alpinum,60.673996
CBN-Pla-F5-20150702,1,1396253,Sibbaldia procumbens,63.363869
CBN-Pla-F5-20150702,2,1394311,Oreochloa disticha,59.414436
CBN-Pla-F5-20150702,3,1394865,Potentilla nitida,58.732632
CBN-Pla-F5-20150723,1,1396253,Sibbaldia procumbens,64.106392
CBN-Pla-F5-20150723,2,1397046,Veronica bellidioides,60.412453
CBN-Pla-F5-20150723,3,1744194,Bouteloua dactyloides,59.144161
CBN-Pla-F5-20150811,1,1396253,Sibbaldia procumbens,64.004272
CBN-Pla-F5-20150811,2,1396843,Trifolium alpinum,61.937698
CBN-Pla-F5-20150811,3,1647677,Alopecurus gerardii,61.839298
CBN-Pla-F5-20150901,1,1396253,Sibbaldia procumbens,63.741741
CBN-Pla-F5-20150901,2,1396843,Trifolium alpinum,62.547012
CBN-Pla-F5-20150901,3,1361141,Agrostis rupestris,60.666164
CBN-Pla-F5-20160707,1,1396253,Sibbaldia procumbens,63.139595
CBN-Pla-F5-20160707,2,1412857,Omalotheca supina,58.758045
CBN-Pla-F5-20160707,3,1388766,Botrychium simplex,58.362495
CBN-Pla-F5-20160728,1,1396253,Sibbaldia procumbens,63.903297
CBN-Pla-F5-20160728,2,1400176,Bistorta vivipara,60.633976
CBN-Pla-F5-20160728,3,1395807,Salix herbacea,59.130409
CBN-Pla-F5-20180724,1,1396253,Sibbaldia procumbens,57.036842
CBN-Pla-F5-20180724,2,1399773,Callitriche peploides,55.235172
CBN-Pla-F5-20180724,3,1399772,Callitriche terrestris,53.515133
CBN-Pla-F5-20180816,1,1397043,Veronica alpina,64.262154
CBN-Pla-F5-20180816,2,1396253,Sibbaldia procumbens,63.904381
CBN-Pla-F5-20180816,3,1397046,Veronica bellidioides,61.977535
CBN-Pla-F5-20180906,1,1396253,Sibbaldia procumbens,64.143326
CBN-Pla-F5-20180906,2,1396843,Trifolium alpinum,63.136734
CBN-Pla-F5-20180906,3,1400176,Bistorta vivipara,60.847183
CBN-Pla-F5-20190723,1,1396253,Sibbaldia procumbens,64.624458
CBN-Pla-F5-20190723,2,1395807,Salix herbacea,59.562435
CBN-Pla-F5-20190723,3,1389986,Dioscorea chouardii,55.355980
CBN-Pla-F5-20190814,1,1396253,Sibbaldia procumbens,63.594475
CBN-Pla-F5-20190814,2,1397043,Veronica alpina,62.009964
CBN-Pla-F5-20190814,3,1397046,Veronica bellidioides,60.832611
CBN-Pla-F5-20200723,1,1396253,Sibbaldia procumbens,63.095505
CBN-Pla-F5-20200723,2,1397043,Veronica alpina,62.596069
CBN-Pla-F5-20200723,3,1400176,Bistorta vivipara,60.534325
CBN-Pla-F5-20200814,1,1396253,Sibbaldia procumbens,64.000381
CBN-Pla-F5-20200814,2,1400176,Bistorta vivipara,62.682930
CBN-Pla-F5-20200814,3,1362482,Phleum alpinum,60.973671
CBN-Pla-F6-20130808,1,1396253,Sibbaldia procumbens,61.437950
CBN-Pla-F6-20130808,2,1392541,Gentiana brachyphylla,60.379410
CBN-Pla-F6-20130808,3,1392535,Gentiana alpina,59.871361
CBN-Pla-F6-20130904,1,1396253,Sibbaldia procumbens,64.076157
CBN-Pla-F6-20130904,2,1396843,Trifolium alpinum,63.168327
CBN-Pla-F6-20130904,3,1392293,Festuca eskia,60.034714
CBN-Pla-F6-20140722,1,1396107,Sclerochloa dura,58.051277
CBN-Pla-F6-20140722,2,1743315,Helosciadium bermejoi,56.989460
CBN-Pla-F6-20140722,3,1609716,Epilobium komarovianum,56.648857
CBN-Pla-F6-20140902,1,1362482,Phleum alpinum,64.064072
CBN-Pla-F6-20140902,2,1392241,Alchemilla pentaphyllea,62.136669
CBN-Pla-F6-20140902,3,1361275,Festuca indigesta,61.095024
CBN-Pla-F6-20150702,1,1396253,Sibbaldia procumbens,63.238922
CBN-Pla-F6-20150702,2,1743903,Androsace delphinensis,58.139881
CBN-Pla-F6-20150702,3,1394270,Androsace adfinis,58.036247
CBN-Pla-F6-20150723,1,1396253,Sibbaldia procumbens,64.610771
CBN-Pla-F6-20150723,2,1396843,Trifolium alpinum,61.030361
CBN-Pla-F6-20150723,3,1397043,Veronica alpina,58.665215
CBN-Pla-F6-20150811,1,1396253,Sibbaldia procumbens,62.742844
CBN-Pla-F6-20150811,2,1396843,Trifolium alpinum,62.440960
CBN-Pla-F6-20150811,3,1359138,Astragalus monspessulanus,60.311287
CBN-Pla-F6-20150901,1,1742053,Omalotheca hoppeana,65.255608
CBN-Pla-F6-20150901,2,1396253,Sibbaldia procumbens,64.511986
CBN-Pla-F6-20150901,3,1396843,Trifolium alpinum,61.971249
CBN-Pla-F6-20160707,1,1396253,Sibbaldia procumbens,62.705261
CBN-Pla-F6-20160707,2,1394643,Antennaria dioica,58.054749
CBN-Pla-F6-20160707,3,1390793,Carex curvula,57.381157
CBN-Pla-F6-20160728,1,1396253,Sibbaldia procumbens,62.954128
CBN-Pla-F6-20160728,2,1392241,Alchemilla pentaphyllea,59.234081
CBN-Pla-F6-20160728,3,1392541,Gentiana brachyphylla,58.706184
CBN-Pla-F6-20180724,1,1396253,Sibbaldia procumbens,56.738228
CBN-Pla-F6-20180724,2,1360222,Ranunculus repens,53.326202
CBN-Pla-F6-20180724,3,1390837,Carex humilis,52.756947
CBN-Pla-F6-20180816,1,1396253,Sibbaldia procumbens,64.142174
CBN-Pla-F6-20180816,2,1397043,Veronica alpina,62.208065
CBN-Pla-F6-20180816,3,1396843,Trifolium alpinum,62.140045
CBN-Pla-F6-20180906,1,1396253,Sibbaldia procumbens,65.211235
CBN-Pla-F6-20180906,2,1396843,Trifolium alpinum,63.790131
CBN-Pla-F6-20180906,3,1397043,Veronica alpina,62.771336
CBN-Pla-F6-20190723,1,1396253,Sibbaldia procumbens,64.801941
CBN-Pla-F6-20190723,2,1396843,Trifolium alpinum,63.519062
CBN-Pla-F6-20190723,3,1396144,Sedum alpestre,62.865242
CBN-Pla-F6-20190814,1,1396253,Sibbaldia procumbens,63.833969
CBN-Pla-F6-20190814,2,1397046,Veronica bellidioides,63.368511
CBN-Pla-F6-20190814,3,1396843,Trifolium alpinum,63.357079
CBN-Pla-F6-20200723,1,1397043,Veronica alpina,63.805355
CBN-Pla-F6-20200723,2,1396253,Sibbaldia procumbens,62.905586
CBN-Pla-F6-20200723,3,1396843,Trifolium alpinum,62.228050
CBN-Pla-F6-20200814,1,1396253,Sibbaldia procumbens,63.074905
CBN-Pla-F6-20200814,2,1397043,Veronica alpina,63.011421
CBN-Pla-F6-20200814,3,1412857,Omalotheca supina,60.716347
CBN-Pyr-01-20230706,1,1396843,Trifolium alpinum,63.045418
CBN-Pyr-01-20230706,2,1359508,Trifolium montanum,61.674644
CBN-Pyr-01-20230706,3,1359965,Plantago maritima,61.045868
CBN-Pyr-03-20230706,1,1395973,Saxifraga exarata,64.699394
CBN-Pyr-03-20230706,2,1396015,Saxifraga moschata,63.919022
CBN-Pyr-03-20230706,3,1741624,Lotus alpinus,63.822365
CBN-can-A1-20230705,1,1360299,Geum sylvaticum,64.209854
CBN-can-A1-20230705,2,1396253,Sibbaldia procumbens,62.798538
CBN-can-A1-20230705,3,1392608,Geum montanum,62.600945
CBN-can-A2-20230705,1,1393659,Luzula alpina,61.758720
CBN-can-A2-20230705,2,1396253,Sibbaldia procumbens,59.856239
CBN-can-A2-20230705,3,1395807,Salix herbacea,58.816925
CBN-can-A3-20230705,1,1393200,Homogyne alpina,65.983017
CBN-can-A3-20230705,2,1392608,Geum montanum,64.925171
CBN-can-A3-20230705,3,1391092,Cerastium tomentosum,63.204441
CBN-can-A5-20230705,1,1397475,Rhododendron ferrugineum,64.575859
CBN-can-A5-20230705,2,1396253,Sibbaldia procumbens,63.755043
CBN-can-A5-20230705,3,1395807,Salix herbacea,61.715668
CBN-can-A6-20230705,1,1397475,Rhododendron ferrugineum,64.679909
CBN-can-A6-20230705,2,1393200,Homogyne alpina,63.174637
CBN-can-A6-20230705,3,1396253,Sibbaldia procumbens,61.842369
CBN-can-B1-20230705,1,1392608,Geum montanum,66.710419
CBN-can-B1-20230705,2,1396144,Sedum alpestre,66.215157
CBN-can-B1-20230705,3,1392611,Geum pyrenaicum,64.004227
CBN-can-B2-20230705,1,1392608,Geum montanum,64.649368
CBN-can-B2-20230705,2,1400101,Bartsia alpina,62.948650
CBN-can-B2-20230705,3,1360299,Geum sylvaticum,61.806507
CBN-can-B3-20230705,1,1393200,Homogyne alpina,62.042973
CBN-can-B3-20230705,2,1393619,Logfia minima,62.033710
CBN-can-B3-20230705,3,1391092,Cerastium tomentosum,61.355469
CBN-can-B4-20230705,1,1397475,Rhododendron ferrugineum,63.379253
CBN-can-B4-20230705,2,1393200,Homogyne alpina,62.143723
CBN-can-B4-20230705,3,1393874,Myoporum laetum,60.323212
CBN-can-B5-20230705,1,1397475,Rhododendron ferrugineum,66.752686
CBN-can-B5-20230705,2,1392535,Gentiana alpina,66.377647
CBN-can-B5-20230705,3,1392534,Gentiana acaulis,64.555237
CBN-can-B6-20230705,1,1397475,Rhododendron ferrugineum,64.050751
CBN-can-B6-20230705,2,1393679,Luzula lutea,63.546467
CBN-can-B6-20230705,3,1395807,Salix herbacea,62.937939
CBN-can-C1-20230705,1,1396253,Sibbaldia procumbens,61.800793
CBN-can-C1-20230705,2,1393200,Homogyne alpina,60.924828
CBN-can-C1-20230705,3,1363138,Anredera cordifolia,58.848282
CBN-can-C2-20230705,1,1393200,Homogyne alpina,65.647636
CBN-can-C2-20230705,2,1396253,Sibbaldia procumbens,63.098606
CBN-can-C2-20230705,3,1393584,Linaria alpina,61.904518
CBN-can-C3-20230705,1,1396253,Sibbaldia procumbens,62.439640
CBN-can-C3-20230705,2,1395807,Salix herbacea,62.391975
CBN-can-C3-20230705,3,1393679,Luzula lutea,60.019043
CBN-can-C4-20230705,1,1393200,Homogyne alpina,66.169487
CBN-can-C4-20230705,2,1395807,Salix herbacea,62.487343
CBN-can-C4-20230705,3,1364066,Veronica serpyllifolia,60.772148
CBN-can-D1-20230705,1,1396253,Sibbaldia procumbens,63.145073
CBN-can-D1-20230705,2,1397043,Veronica alpina,62.248520
CBN-can-D1-20230705,3,1395807,Salix herbacea,61.767185
CBN-can-D2-20230705,1,1391092,Cerastium tomentosum,63.267368
CBN-can-D2-20230705,2,1396253,Sibbaldia procumbens,63.062233
CBN-can-D2-20230705,3,1412857,Omalotheca supina,62.716686
CBN-can-D3-20230705,1,1396253,Sibbaldia procumbens,62.354702
CBN-can-D3-20230705,2,1413349,Armeria maritima,62.334831
CBN-can-D3-20230705,3,1356278,Trifolium fragiferum,61.045101
CBN-can-D4-20230705,1,1400101,Bartsia alpina,64.206863
CBN-can-D4-20230705,2,1396253,Sibbaldia procumbens,63.191784
CBN-can-D4-20230705,3,1395807,Salix herbacea,63.103016
CBN-can-E1-20230706,1,1392608,Geum montanum,65.528885
CBN-can-E1-20230706,2,1392612,Geum reptans,63.315823
CBN-can-E1-20230706,3,1395807,Salix herbacea,61.634583
CBN-can-E2-20230706,1,1395807,Salix herbacea,63.799938
CBN-can-E2-20230706,2,1393584,Linaria alpina,63.547852
CBN-can-E2-20230706,3,1393619,Logfia minima,62.594704
CBN-can-E3-20230706,1,1392535,Gentiana alpina,65.752884
CBN-can-E3-20230706,2,1392534,Gentiana acaulis,64.750847
CBN-can-E3-20230706,3,1397430,Luzula sylvatica,63.354305
CBN-can-E4-20230706,1,1397430,Luzula sylvatica,65.250160
CBN-can-E4-20230706,2,1360748,Hydrocotyle vulgaris,60.180325
CBN-can-E4-20230706,3,1393947,Neottia cordata,59.983078
CBN-can-E5-20230706,1,1392608,Geum montanum,64.376587
CBN-can-E5-20230706,2,1393200,Homogyne alpina,64.263527
CBN-can-E5-20230706,3,1392535,Gentiana alpina,63.955425
CBN-can-E6-20230706,1,1392535,Gentiana alpina,66.882965
CBN-can-E6-20230706,2,1392534,Gentiana acaulis,65.795303
CBN-can-E6-20230706,3,1392608,Geum montanum,65.225906
CBN-can-F1-20230705,1,1392535,Gentiana alpina,65.723129
CBN-can-F1-20230705,2,1392534,Gentiana acaulis,65.445107
CBN-can-F1-20230705,3,1396253,Sibbaldia procumbens,63.120293
CBN-can-F2-20230706,1,1396144,Sedum alpestre,62.841331
CBN-can-F2-20230706,2,1395807,Salix herbacea,62.073601
CBN-can-F2-20230706,3,1396253,Sibbaldia procumbens,61.825127
CBN-can-F3-20230706,1,1412857,Omalotheca supina,64.172180
CBN-can-F3-20230706,2,1393200,Homogyne alpina,62.368340
CBN-can-F3-20230706,3,1395807,Salix herbacea,61.633198
CBN-can-F4-20230706,1,1397430,Luzula sylvatica,63.010853
CBN-can-F4-20230706,2,1356278,Trifolium fragiferum,62.355942
CBN-can-F4-20230706,3,1360748,Hydrocotyle vulgaris,62.006012
CBN-can-F5-20230706,1,1392608,Geum montanum,62.126652
CBN-can-F5-20230706,2,1396253,Sibbaldia procumbens,62.012188
CBN-can-F5-20230706,3,1396843,Trifolium alpinum,61.827396
GUARDEN-AMB-CF04-1-10-20240325,1,1359344,Medicago marina,66.457748
GUARDEN-AMB-CF04-1-10-20240325,2,1360978,Pancratium maritimum,63.362785
GUARDEN-AMB-CF04-1-10-20240325,3,1363302,Cyperus capitatus,62.622372
GUARDEN-AMB-CF04-1-5-20240325,1,1363302,Cyperus capitatus,65.790833
GUARDEN-AMB-CF04-1-5-20240325,2,1359344,Medicago marina,64.959160
GUARDEN-AMB-CF04-1-5-20240325,3,1363882,Lobularia maritima,63.452919
GUARDEN-AMB-CF21-1-1-20240326,1,1388812,Achillea maritima,66.681068
GUARDEN-AMB-CF21-1-1-20240326,2,1357589,Filago mareotica,58.931541
GUARDEN-AMB-CF21-1-1-20240326,3,1357595,Filago ramosissima,58.698990
GUARDEN-AMB-CF21-1-10-20240326,1,1744602,Alyssum gallaecicum,62.460114
GUARDEN-AMB-CF21-1-10-20240326,2,1363302,Cyperus capitatus,61.299866
GUARDEN-AMB-CF21-1-10-20240326,3,1399739,Linaria polygalifolia,58.597874
GUARDEN-AMB-CF21-1-2-20240326,1,1360719,Eryngium maritimum,62.220257
GUARDEN-AMB-CF21-1-2-20240326,2,1358203,Cakile maritima,61.262230
GUARDEN-AMB-CF21-1-2-20240326,3,1363302,Cyperus capitatus,60.992290
GUARDEN-AMB-CF21-1-3-20240326,1,1359344,Medicago marina,66.000076
GUARDEN-AMB-CF21-1-3-20240326,2,1360719,Eryngium maritimum,63.708145
GUARDEN-AMB-CF21-1-3-20240326,3,1360381,Crucianella maritima,60.581947
GUARDEN-AMB-CF21-1-4-20240326,1,1359344,Medicago marina,65.990089
GUARDEN-AMB-CF21-1-4-20240326,2,1360978,Pancratium maritimum,64.583572
GUARDEN-AMB-CF21-1-4-20240326,3,1363302,Cyperus capitatus,63.740398
GUARDEN-AMB-CF21-1-5-20240326,1,1359344,Medicago marina,66.175278
GUARDEN-AMB-CF21-1-5-20240326,2,1359297,Lotus creticus,61.606750
GUARDEN-AMB-CF21-1-5-20240326,3,1359298,Lotus cytisoides,59.259399
GUARDEN-AMB-CF21-1-6-20240326,1,1359344,Medicago marina,66.397110
GUARDEN-AMB-CF21-1-6-20240326,2,1359297,Lotus creticus,60.940697
GUARDEN-AMB-CF21-1-6-20240326,3,1393770,Medicago littoralis,59.414902
GUARDEN-AMB-CF21-1-7-20240326,1,1363302,Cyperus capitatus,62.359997
GUARDEN-AMB-CF21-1-7-20240326,2,1724816,Matthiola incana,62.074905
GUARDEN-AMB-CF21-1-7-20240326,3,1360701,Echinophora spinosa,61.507896
GUARDEN-AMB-CF21-1-8-20240326,1,1359344,Medicago marina,66.357437
GUARDEN-AMB-CF21-1-8-20240326,2,1363302,Cyperus capitatus,63.768078
GUARDEN-AMB-CF21-1-8-20240326,3,1399739,Linaria polygalifolia,63.084801
GUARDEN-AMB-CF21-1-9-20240326,1,1399739,Linaria polygalifolia,62.237694
GUARDEN-AMB-CF21-1-9-20240326,2,1724816,Matthiola incana,60.934132
GUARDEN-AMB-CF21-1-9-20240326,3,1357129,Helianthemum caput-felis,60.651932
GUARDEN-AMB-GV04-1-3-20240326,1,1359297,Lotus creticus,64.946236
GUARDEN-AMB-GV04-1-3-20240326,2,1359344,Medicago marina,63.861828
GUARDEN-AMB-GV04-1-3-20240326,3,1359298,Lotus cytisoides,63.825249
GUARDEN-AMB-GV04-1-4-20240326,1,1359297,Lotus creticus,65.204582
GUARDEN-AMB-GV04-1-4-20240326,2,1359344,Medicago marina,63.963089
GUARDEN-AMB-GV04-1-4-20240326,3,1359298,Lotus cytisoides,63.495377
GUARDEN-AMB-GV04-1-5-20240326,1,1359297,Lotus creticus,65.935547
GUARDEN-AMB-GV04-1-5-20240326,2,1359298,Lotus cytisoides,62.989220
GUARDEN-AMB-GV04-1-5-20240326,3,1359344,Medicago marina,61.329117
GUARDEN-AMB-GV04-1-6-20240326,1,1359297,Lotus creticus,64.472336
GUARDEN-AMB-GV04-1-6-20240326,2,1359298,Lotus cytisoides,63.294575
GUARDEN-AMB-GV04-1-6-20240326,3,1743990,Adenocarpus argyrophyllus,60.853344
GUARDEN-AMB-GV04-1-7-20240326,1,1359297,Lotus creticus,66.779564
GUARDEN-AMB-GV04-1-7-20240326,2,1359298,Lotus cytisoides,63.275108
GUARDEN-AMB-GV04-1-7-20240326,3,1363882,Lobularia maritima,62.650883
GUARDEN-AMB-PR13-1-10-20240417,1,1359298,Lotus cytisoides,64.061890
GUARDEN-AMB-PR13-1-10-20240417,2,1721018,Calystegia soldanella,64.025497
GUARDEN-AMB-PR13-1-10-20240417,3,1359297,Lotus creticus,63.701923
GUARDEN-AMB-PR13-1-2-20240417,1,1360701,Echinophora spinosa,65.572388
GUARDEN-AMB-PR13-1-2-20240417,2,1722578,Daucus pumilus,64.340065
GUARDEN-AMB-PR13-1-2-20240417,3,1721018,Calystegia soldanella,63.924194
GUARDEN-AMB-PR13-1-3-20240417,1,1360701,Echinophora spinosa,67.323654
GUARDEN-AMB-PR13-1-3-20240417,2,1721018,Calystegia soldanella,64.141731
GUARDEN-AMB-PR13-1-3-20240417,3,1359297,Lotus creticus,62.205360
GUARDEN-AMB-PR13-1-4-20240417,1,1721018,Calystegia soldanella,63.994232
GUARDEN-AMB-PR13-1-4-20240417,2,1364037,Ipomoea imperati,58.863701
GUARDEN-AMB-PR13-1-4-20240417,3,1722578,Daucus pumilus,58.318413
GUARDEN-AMB-PR13-1-8-20240417,1,1359344,Medicago marina,67.157974
GUARDEN-AMB-PR13-1-8-20240417,2,1359297,Lotus creticus,63.894451
GUARDEN-AMB-PR13-1-8-20240417,3,1721018,Calystegia soldanella,63.864105
GUARDEN-AMB-PR20-1-1-20240424,1,1393522,Leymus arenarius,60.364155
GUARDEN-AMB-PR20-1-1-20240424,2,1722433,Calamagrostis arenaria,58.095886
GUARDEN-AMB-PR20-1-1-20240424,3,1722441,Thinopyrum junceum,57.126797
GUARDEN-AMB-PR20-1-10-20240424,1,1359297,Lotus creticus,66.347961
GUARDEN-AMB-PR20-1-10-20240424,2,1399739,Linaria polygalifolia,64.861511
GUARDEN-AMB-PR20-1-10-20240424,3,1359344,Medicago marina,64.207932
GUARDEN-AMB-PR20-1-8-20240424,1,1359344,Medicago marina,66.813477
GUARDEN-AMB-PR20-1-8-20240424,2,1359297,Lotus creticus,62.827885
GUARDEN-AMB-PR20-1-8-20240424,3,1363840,Heliotropium supinum,61.078114
GUARDEN-AMB-SA03-1-1-20240626,1,1359344,Medicago marina,64.262199
GUARDEN-AMB-SA03-1-1-20240626,2,1359297,Lotus creticus,61.675621
GUARDEN-AMB-SA03-1-1-20240626,3,1393754,Marrubium incanum,60.053043
GUARDEN-AMB-SA03-1-10-20240626,1,1356333,Tribulus terrestris,60.311260
GUARDEN-AMB-SA03-1-10-20240626,2,1361732,Salsola tragus,55.214100
GUARDEN-AMB-SA03-1-10-20240626,3,1360035,Limonium echioides,53.887253
GUARDEN-AMB-SA03-1-2-20240626,1,1359344,Medicago marina,65.711327
GUARDEN-AMB-SA03-1-2-20240626,2,1359297,Lotus creticus,59.870724
GUARDEN-AMB-SA03-1-2-20240626,3,1722441,Thinopyrum junceum,59.725700
GUARDEN-AMB-SA03-1-3-20240626,1,1359344,Medicago marina,65.056480
GUARDEN-AMB-SA03-1-3-20240626,2,1358203,Cakile maritima,62.509556
GUARDEN-AMB-SA03-1-3-20240626,3,1743249,Matthiola tricuspidata,60.743793
GUARDEN-AMB-SA03-1-4-20240626,1,1359344,Medicago marina,65.868134
GUARDEN-AMB-SA03-1-4-20240626,2,1360978,Pancratium maritimum,62.570412
GUARDEN-AMB-SA03-1-4-20240626,3,1359297,Lotus creticus,61.118694
GUARDEN-AMB-SA03-1-5-20240626,1,1359344,Medicago marina,66.546371
GUARDEN-AMB-SA03-1-5-20240626,2,1359424,Ononis ramosissima,64.218513
GUARDEN-AMB-SA03-1-5-20240626,3,1358203,Cakile maritima,61.637009
GUARDEN-AMB-SA03-1-9-20240626,1,1356905,Paronychia argentea,66.684776
GUARDEN-AMB-SA03-1-9-20240626,2,1359297,Lotus creticus,64.464165
GUARDEN-AMB-SA03-1-9-20240626,3,1359298,Lotus cytisoides,64.201767
GUARDEN-AMB-VC03-1-3-20240417,1,1356905,Paronychia argentea,66.760620
GUARDEN-AMB-VC03-1-3-20240417,2,1359344,Medicago marina,66.722427
GUARDEN-AMB-VC03-1-3-20240417,3,1394421,Paronychia kapela,64.242622
GUARDEN-AMB-VC03-1-4-20240417,1,1356905,Paronychia argentea,67.766602
GUARDEN-AMB-VC03-1-4-20240417,2,1359344,Medicago marina,66.805222
GUARDEN-AMB-VC03-1-4-20240417,3,1359297,Lotus creticus,63.420925
GUARDEN-AMB-VC03-1-5-20240417,1,1356905,Paronychia argentea,66.264008
GUARDEN-AMB-VC03-1-5-20240417,2,1359297,Lotus creticus,64.700836
GUARDEN-AMB-VC03-1-5-20240417,3,1359298,Lotus cytisoides,63.339832
GUARDEN-AMB-VC03-1-6-20240417,1,1356905,Paronychia argentea,66.800140
GUARDEN-AMB-VC03-1-6-20240417,2,1359344,Medicago marina,66.368317
GUARDEN-AMB-VC03-1-6-20240417,3,1359297,Lotus creticus,64.639084
GUARDEN-CBNMed-10-1-16-34-20240429,1,1358503,Erica arborea,62.003521
GUARDEN-CBNMed-10-1-16-34-20240429,2,1722409,Salvia rosmarinus,58.388134
GUARDEN-CBNMed-10-1-16-34-20240429,3,1358504,Erica australis,58.104172
GUARDEN-CBNMed-10-10-17-19-20240429,1,1358613,Quercus coccifera,62.897545
GUARDEN-CBNMed-10-10-17-19-20240429,2,1548487,Quercus senneniana,57.170300
GUARDEN-CBNMed-10-10-17-19-20240429,3,1548459,Quercus rotundifolia,56.938499
GUARDEN-CBNMed-10-5-16-55-20240429,1,1356785,Lonicera implexa,63.731598
GUARDEN-CBNMed-10-5-16-55-20240429,2,1357111,Cistus salviifolius,63.432964
GUARDEN-CBNMed-10-5-16-55-20240429,3,1358503,Erica arborea,63.356205
GUARDEN-CBNMed-10-6-17-02-20240429,1,1358613,Quercus coccifera,61.483738
GUARDEN-CBNMed-10-6-17-02-20240429,2,1356785,Lonicera implexa,61.381283
GUARDEN-CBNMed-10-6-17-02-20240429,3,1431896,Lycium cinereum,57.543282
GUARDEN-CBNMed-10-7-17-05-20240429,1,1357111,Cistus salviifolius,62.389141
GUARDEN-CBNMed-10-7-17-05-20240429,2,1358866,Salvia fruticosa,60.783134
GUARDEN-CBNMed-10-7-17-05-20240429,3,1358613,Quercus coccifera,60.652786
GUARDEN-CBNMed-10-8-17-11-20240429,1,1358613,Quercus coccifera,62.845932
GUARDEN-CBNMed-10-8-17-11-20240429,2,1548459,Quercus rotundifolia,56.593670
GUARDEN-CBNMed-10-8-17-11-20240429,3,1390466,Thymelaea velutina,56.355682
GUARDEN-CBNMed-10-9-17-16-20240429,1,1358613,Quercus coccifera,62.947678
GUARDEN-CBNMed-10-9-17-16-20240429,2,1358503,Erica arborea,59.117584
GUARDEN-CBNMed-10-9-17-16-20240429,3,1359435,Ononis tridentata,58.815819
GUARDEN-CBNMed-14-3-9-45-20240429,1,1359676,Olea europaea,57.737701
GUARDEN-CBNMed-14-3-9-45-20240429,2,1361710,Ruscus aculeatus,56.959930
GUARDEN-CBNMed-14-3-9-45-20240429,3,1356145,Lycium ferocissimum,55.785294
GUARDEN-CBNMed-14-4-9-49-20240429,1,1359676,Olea europaea,61.297920
GUARDEN-CBNMed-14-4-9-49-20240429,2,1392520,Genista monspessulana,55.984455
GUARDEN-CBNMed-14-4-9-49-20240429,3,1391357,Coronilla scorpioides,55.751072
GUARDEN-CBNMed-14-9-10-09-20240429,1,1359676,Olea europaea,62.063244
GUARDEN-CBNMed-14-9-10-09-20240429,2,1359677,Phillyrea angustifolia,57.656803
GUARDEN-CBNMed-14-9-10-09-20240429,3,1359678,Phillyrea latifolia,55.789139
GUARDEN-CBNMed-15-10-12-17-20240429,1,1363413,Eleusine tristachya,63.159248
GUARDEN-CBNMed-15-10-12-17-20240429,2,1363731,Medicago polymorpha,60.984280
GUARDEN-CBNMed-15-10-12-17-20240429,3,1363468,Avena fatua,59.566994
GUARDEN-CBNMed-15-5-11-44-20240429,1,1364171,Sonchus tenerrimus,63.925720
GUARDEN-CBNMed-15-5-11-44-20240429,2,1361190,Avena sterilis,60.757488
GUARDEN-CBNMed-15-5-11-44-20240429,3,1363468,Avena fatua,60.739044
GUARDEN-CBNMed-15-7-12-02-20240429,1,1364171,Sonchus tenerrimus,63.121788
GUARDEN-CBNMed-15-7-12-02-20240429,2,1359676,Olea europaea,60.425335
GUARDEN-CBNMed-15-7-12-02-20240429,3,1361190,Avena sterilis,60.008839
GUARDEN-CBNMed-15-9-12-15-20240429,1,1363413,Eleusine tristachya,59.960773
GUARDEN-CBNMed-15-9-12-15-20240429,2,1364171,Sonchus tenerrimus,59.941429
GUARDEN-CBNMed-15-9-12-15-20240429,3,1363491,Phalaris canariensis,59.299324
GUARDEN-CBNMed-16-1-13-37-20240429,1,1722409,Salvia rosmarinus,63.744156
GUARDEN-CBNMed-16-1-13-37-20240429,2,1356108,Thymus vulgaris,62.214138
GUARDEN-CBNMed-16-1-13-37-20240429,3,1388990,Brachypodium retusum,62.205132
GUARDEN-CBNMed-16-10-14-33-20240429,1,1722409,Salvia rosmarinus,61.884571
GUARDEN-CBNMed-16-10-14-33-20240429,2,1743966,Ulex erinaceus,59.782776
GUARDEN-CBNMed-16-10-14-33-20240429,3,1357566,Echinops strigosus,59.283772
GUARDEN-CBNMed-16-2-13-45-20240429,1,1399771,Astragalus balearicus,62.389336
GUARDEN-CBNMed-16-2-13-45-20240429,2,1388990,Brachypodium retusum,59.567379
GUARDEN-CBNMed-16-2-13-45-20240429,3,1398408,Astragalus terraccianoi,59.288013
GUARDEN-CBNMed-16-3-13-51-20240429,1,1722409,Salvia rosmarinus,62.964748
GUARDEN-CBNMed-16-3-13-51-20240429,2,1743966,Ulex erinaceus,62.409729
GUARDEN-CBNMed-16-3-13-51-20240429,3,1744347,Ulex canescens,61.089264
GUARDEN-CBNMed-16-4-13-57-20240429,1,1722409,Salvia rosmarinus,63.154137
GUARDEN-CBNMed-16-4-13-57-20240429,2,1744243,Salvia jordanii,59.423916
GUARDEN-CBNMed-16-4-13-57-20240429,3,1509616,Helichrysum pendulum,58.847652
GUARDEN-CBNMed-16-6-14-07-20240429,1,1722409,Salvia rosmarinus,61.586792
GUARDEN-CBNMed-16-6-14-07-20240429,2,1744243,Salvia jordanii,59.196976
GUARDEN-CBNMed-16-6-14-07-20240429,3,1743303,Anthyllis hystrix,58.796848
GUARDEN-CBNMed-16-7-14-1-20240429,1,1722409,Salvia rosmarinus,62.125191
GUARDEN-CBNMed-16-7-14-1-20240429,2,1744243,Salvia jordanii,57.157528
GUARDEN-CBNMed-16-7-14-1-20240429,3,1743965,Ulex argenteus,56.897934
GUARDEN-CBNMed-16-8-14-14-20240429,1,1360999,Aphyllanthes monspeliensis,63.315510
GUARDEN-CBNMed-16-8-14-14-20240429,2,1722409,Salvia rosmarinus,62.125969
GUARDEN-CBNMed-16-8-14-14-20240429,3,1392725,Helichrysum italicum,57.690109
GUARDEN-CBNMed-17-3-10-56-20240429,1,1363292,Cyperus difformis,61.322117
GUARDEN-CBNMed-17-3-10-56-20240429,2,1361106,Scirpoides holoschoenus,61.039055
GUARDEN-CBNMed-17-3-10-56-20240429,3,1425884,Borrichia frutescens,56.705036
GUARDEN-CBNMed-17-5-11-2-20240429,1,1361106,Scirpoides holoschoenus,63.706818
GUARDEN-CBNMed-17-5-11-2-20240429,2,1363212,Torilis arvensis,61.380653
GUARDEN-CBNMed-17-5-11-2-20240429,3,1359171,Coronilla repanda,60.585270
GUARDEN-CBNMed-19-1-15-24-20240429,1,1357743,Pallenis spinosa,66.188690
GUARDEN-CBNMed-19-1-15-24-20240429,2,1357293,Asteriscus aquaticus,62.846970
GUARDEN-CBNMed-19-1-15-24-20240429,3,1355964,Euphorbia helioscopia,62.068077
GUARDEN-CBNMed-19-10-16-02-20240429,1,1359813,Hypecoum procumbens,59.035042
GUARDEN-CBNMed-19-10-16-02-20240429,2,1356323,Linum strictum,58.905388
GUARDEN-CBNMed-19-10-16-02-20240429,3,1437978,Scorzonera laciniata,58.896042
GUARDEN-CBNMed-19-2-15-31-20240429,1,1363413,Eleusine tristachya,60.642998
GUARDEN-CBNMed-19-2-15-31-20240429,2,1502682,Centaurea limbata,58.779640
GUARDEN-CBNMed-19-2-15-31-20240429,3,1400017,Armeria linkiana,57.968369
GUARDEN-CBNMed-19-3-15-35-20240429,1,1359521,Trifolium scabrum,63.534561
GUARDEN-CBNMed-19-3-15-35-20240429,2,1742349,Lysimachia monelli,61.630325
GUARDEN-CBNMed-19-3-15-35-20240429,3,1357815,Reichardia picroides,61.492794
GUARDEN-CBNMed-19-4-15-39-20240429,1,1493549,Silene longicilia,61.641163
GUARDEN-CBNMed-19-4-15-39-20240429,2,1358477,Pycnocomon rutifolium,60.680519
GUARDEN-CBNMed-19-4-15-39-20240429,3,1359521,Trifolium scabrum,58.705368
GUARDEN-CBNMed-19-5-15-44-20240429,1,1359521,Trifolium scabrum,61.922226
GUARDEN-CBNMed-19-5-15-44-20240429,2,1361926,Scabiosa columbaria,60.801620
GUARDEN-CBNMed-19-5-15-44-20240429,3,1502682,Centaurea limbata,59.779850
GUARDEN-CBNMed-19-6-15-48-20240429,1,1361926,Scabiosa columbaria,59.997482
GUARDEN-CBNMed-19-6-15-48-20240429,2,1363413,Eleusine tristachya,58.210136
GUARDEN-CBNMed-19-6-15-48-20240429,3,1358469,Lomelosia stellata,57.884144
GUARDEN-CBNMed-19-7-15-51-20240429,1,1425238,Medicago minima,62.699032
GUARDEN-CBNMed-19-7-15-51-20240429,2,1392628,Globularia cordifolia,60.153294
GUARDEN-CBNMed-19-7-15-51-20240429,3,1400017,Armeria linkiana,59.341606
GUARDEN-CBNMed-19-8-15-53-20240429,1,1359521,Trifolium scabrum,65.377487
GUARDEN-CBNMed-19-8-15-53-20240429,2,1425238,Medicago minima,63.584175
GUARDEN-CBNMed-19-8-15-53-20240429,3,1357815,Reichardia picroides,61.228481
GUARDEN-CBNMed-19-9-15-58-20240429,1,1363413,Eleusine tristachya,60.182606
GUARDEN-CBNMed-19-9-15-58-20240429,2,1728575,Moenchia erecta,59.564960
GUARDEN-CBNMed-19-9-15-58-20240429,3,1400017,Armeria linkiana,58.843071
GUARDEN-CBNMed-20-1-9-35-20240428,1,1360443,Ruta angustifolia,64.847954
GUARDEN-CBNMed-20-1-9-35-20240428,2,1364040,Ruta chalepensis,61.262001
GUARDEN-CBNMed-20-1-9-35-20240428,3,1394527,Phlomis lychnitis,60.620384
GUARDEN-CBNMed-20-10-10-31-20240428,1,1359216,Genista scorpius,63.267860
GUARDEN-CBNMed-20-10-10-31-20240428,2,1357122,Fumana thymifolia,61.520058
GUARDEN-CBNMed-20-10-10-31-20240428,3,1357114,Fumana ericoides,61.479031
GUARDEN-CBNMed-20-8-10-19-20240428,1,1360999,Aphyllanthes monspeliensis,62.613167
GUARDEN-CBNMed-20-8-10-19-20240428,2,1399771,Astragalus balearicus,59.188416
GUARDEN-CBNMed-20-8-10-19-20240428,3,1356397,Equisetum ramosissimum,58.686317
GUARDEN-CBNMed-20-9-10-23-20240428,1,1389002,Linaria oblongifolia,63.561928
GUARDEN-CBNMed-20-9-10-23-20240428,2,1357122,Fumana thymifolia,63.275162
GUARDEN-CBNMed-20-9-10-23-20240428,3,1578131,Genista hystrix,63.249409
GUARDEN-CBNMed-21-10-11-42-20240428,1,1357122,Fumana thymifolia,59.928101
GUARDEN-CBNMed-21-10-11-42-20240428,2,1360999,Aphyllanthes monspeliensis,59.041313
GUARDEN-CBNMed-21-10-11-42-20240428,3,1400017,Armeria linkiana,58.527542
GUARDEN-CBNMed-21-2-11-07-20240428,1,1357122,Fumana thymifolia,65.222221
GUARDEN-CBNMed-21-2-11-07-20240428,2,1357121,Fumana scoparia,61.720161
GUARDEN-CBNMed-21-2-11-07-20240428,3,1357114,Fumana ericoides,60.432945
GUARDEN-CBNMed-21-3-11-09-20240428,1,1357122,Fumana thymifolia,64.781662
GUARDEN-CBNMed-21-3-11-09-20240428,2,1393365,Juniperus oxycedrus,63.651871
GUARDEN-CBNMed-21-3-11-09-20240428,3,1357121,Fumana scoparia,61.580540
GUARDEN-CBNMed-21-6-11-17-20240428,1,1357114,Fumana ericoides,62.593224
GUARDEN-CBNMed-21-6-11-17-20240428,2,1357122,Fumana thymifolia,62.105705
GUARDEN-CBNMed-21-6-11-17-20240428,3,1357116,Fumana juniperina,61.610573
GUARDEN-CBNMed-21-8-11-23-20240428,1,1357122,Fumana thymifolia,64.786049
GUARDEN-CBNMed-21-8-11-23-20240428,2,1357117,Fumana laevipes,61.578327
GUARDEN-CBNMed-21-8-11-23-20240428,3,1357116,Fumana juniperina,61.183529
GUARDEN-CBNMed-21-9-11-32-20240428,1,1388990,Brachypodium retusum,59.714722
GUARDEN-CBNMed-21-9-11-32-20240428,2,1360999,Aphyllanthes monspeliensis,59.567703
GUARDEN-CBNMed-21-9-11-32-20240428,3,1359973,Plantago subulata,59.329399
GUARDEN-CBNMed-22-1-13-39-20240428,1,1360054,Limonium narbonense,64.584320
GUARDEN-CBNMed-22-1-13-39-20240428,2,1722625,Arthrocaulon macrostachyum,64.217323
GUARDEN-CBNMed-22-1-13-39-20240428,3,1743979,Limonium multiflorum,62.973999
GUARDEN-CBNMed-22-10-14-48-20240428,1,1360006,Limoniastrum monopetalum,64.097656
GUARDEN-CBNMed-22-10-14-48-20240428,2,1743275,Limonium ebusitanum,61.309540
GUARDEN-CBNMed-22-10-14-48-20240428,3,1393568,Limonium obtusifolium,61.139778
GUARDEN-CBNMed-22-2-14-05-20240428,1,1393574,Limonium tarcoense,62.366531
GUARDEN-CBNMed-22-2-14-05-20240428,2,1722522,Salicornia fruticosa,60.575859
GUARDEN-CBNMed-22-2-14-05-20240428,3,1363200,Anabasis articulata,60.032028
GUARDEN-CBNMed-22-5-14-21-20240428,1,1722522,Salicornia fruticosa,61.048397
GUARDEN-CBNMed-22-5-14-21-20240428,2,1722521,Salicornia perennis,60.130974
GUARDEN-CBNMed-22-5-14-21-20240428,3,1389328,Malephora crocea,60.113106
GUARDEN-CBNMed-22-6-14-23-20240428,1,1722522,Salicornia fruticosa,63.234142
GUARDEN-CBNMed-22-6-14-23-20240428,2,1722625,Arthrocaulon macrostachyum,62.671783
GUARDEN-CBNMed-22-6-14-23-20240428,3,1722521,Salicornia perennis,62.586163
GUARDEN-CBNMed-22-7-14-25-20240428,1,1722522,Salicornia fruticosa,61.411228
GUARDEN-CBNMed-22-7-14-25-20240428,2,1722521,Salicornia perennis,61.340710
GUARDEN-CBNMed-22-7-14-25-20240428,3,1738887,Salicornia marshallii,60.358162
GUARDEN-CBNMed-22-9-14-42-20240428,1,1722625,Arthrocaulon macrostachyum,63.852234
GUARDEN-CBNMed-22-9-14-42-20240428,2,1360006,Limoniastrum monopetalum,62.545456
GUARDEN-CBNMed-22-9-14-42-20240428,3,1363200,Anabasis articulata,62.260178
GUARDEN-CBNMed-23-1-9-56-20240428,1,1360999,Aphyllanthes monspeliensis,63.373009
GUARDEN-CBNMed-23-1-9-56-20240428,2,1492564,Dianthus charidemi,59.538208
GUARDEN-CBNMed-23-1-9-56-20240428,3,1391710,Dianthus pyrenaicus,58.998810
GUARDEN-CBNMed-23-10-10-42-20240428,1,1502610,Centaurea horrida,61.229534
GUARDEN-CBNMed-23-10-10-42-20240428,2,1499749,Artemisia nesiotica,60.450787
GUARDEN-CBNMed-23-10-10-42-20240428,3,1363136,Frankenia laevis,58.566322
GUARDEN-CBNMed-23-3-10-14-20240428,1,1499749,Artemisia nesiotica,60.865829
GUARDEN-CBNMed-23-3-10-14-20240428,2,1362415,Atractylis humilis,59.546997
GUARDEN-CBNMed-23-3-10-14-20240428,3,1744504,Genista legionensis,59.332428
GUARDEN-CBNMed-23-4-10-17-20240428,1,1356108,Thymus vulgaris,63.789589
GUARDEN-CBNMed-23-4-10-17-20240428,2,1564339,Teucrium intricatum,63.081505
GUARDEN-CBNMed-23-4-10-17-20240428,3,1389394,Thymus longiflorus,62.493462
GUARDEN-CBNMed-23-5-10-21-20240428,1,1360711,Eryngium campestre,62.277176
GUARDEN-CBNMed-23-5-10-21-20240428,2,1360706,Eryngium aquifolium,61.284843
GUARDEN-CBNMed-23-5-10-21-20240428,3,1359216,Genista scorpius,60.742584
GUARDEN-CBNMed-23-6-10-24-20240428,1,1393365,Juniperus oxycedrus,63.348282
GUARDEN-CBNMed-23-6-10-24-20240428,2,1391710,Dianthus pyrenaicus,58.648483
GUARDEN-CBNMed-23-6-10-24-20240428,3,1743303,Anthyllis hystrix,58.376137
GUARDEN-CBNMed-23-7-10-28-20240428,1,1393365,Juniperus oxycedrus,62.387043
GUARDEN-CBNMed-23-7-10-28-20240428,2,1564441,Teucrium vincentinum,60.741234
GUARDEN-CBNMed-23-7-10-28-20240428,3,1399677,Phagnalon graecum,60.274410
GUARDEN-CBNMed-23-8-10-34-20240428,1,1564276,Teucrium balearicum,61.177563
GUARDEN-CBNMed-23-8-10-34-20240428,2,1399423,Teucrium subspinosum,59.716244
GUARDEN-CBNMed-23-8-10-34-20240428,3,1564596,Thymus lacaitae,59.664749
GUARDEN-CBNMed-23-9-10-39-20240428,1,1399423,Teucrium subspinosum,62.110905
GUARDEN-CBNMed-23-9-10-39-20240428,2,1398815,Thymus camphoratus,61.558357
GUARDEN-CBNMed-23-9-10-39-20240428,3,1362044,Teucrium marum,61.400986
GUARDEN-CBNMed-24-10-13-06-20240428,1,1357771,Phagnalon sordidum,56.741302
GUARDEN-CBNMed-24-10-13-06-20240428,2,1744002,Echinospartum ibericum,56.569614
GUARDEN-CBNMed-24-10-13-06-20240428,3,1359952,Plantago crassifolia,55.435169
GUARDEN-CBNMed-24-2-12-04-20240428,1,1357351,Carduus pycnocephalus,60.924015
GUARDEN-CBNMed-24-2-12-04-20240428,2,1362462,Iris lutescens,58.528610
GUARDEN-CBNMed-24-2-12-04-20240428,3,1360978,Pancratium maritimum,58.191593
GUARDEN-CBNMed-24-3-12-15-20240428,1,1357351,Carduus pycnocephalus,63.461227
GUARDEN-CBNMed-24-3-12-15-20240428,2,1357335,Carduus argyroa,63.398739
GUARDEN-CBNMed-24-3-12-15-20240428,3,1357670,Jurinea humilis,60.604210
GUARDEN-CBNMed-24-5-12-36-20240428,1,1357351,Carduus pycnocephalus,64.131866
GUARDEN-CBNMed-24-5-12-36-20240428,2,1360701,Echinophora spinosa,60.860035
GUARDEN-CBNMed-24-5-12-36-20240428,3,1357401,Centaurea aspera,60.630978
GUARDEN-CBNMed-24-6-12-46-20240428,1,1357351,Carduus pycnocephalus,65.654182
GUARDEN-CBNMed-24-6-12-46-20240428,2,1360711,Eryngium campestre,63.977982
GUARDEN-CBNMed-24-6-12-46-20240428,3,1357734,Onopordum macracanthum,63.183632
GUARDEN-CBNMed-24-7-12-54-20240428,1,1360711,Eryngium campestre,62.600777
GUARDEN-CBNMed-24-7-12-54-20240428,2,1360715,Eryngium dilatatum,59.465847
GUARDEN-CBNMed-24-7-12-54-20240428,3,1360716,Eryngium glaciale,57.927139
GUARDEN-CBNMed-24-8-14-58-20240428,1,1357351,Carduus pycnocephalus,63.332268
GUARDEN-CBNMed-24-8-14-58-20240428,2,1357335,Carduus argyroa,59.347458
GUARDEN-CBNMed-24-8-14-58-20240428,3,1357722,Notobasis syriaca,59.238808
GUARDEN-CBNMed-24-9-13-02-20240428,1,1360711,Eryngium campestre,59.230118
GUARDEN-CBNMed-24-9-13-02-20240428,2,1360706,Eryngium aquifolium,57.602394
GUARDEN-CBNMed-24-9-13-02-20240428,3,1360715,Eryngium dilatatum,55.983177
GUARDEN-CBNMed-25-1-13-52-20240428,1,1394527,Phlomis lychnitis,66.834702
GUARDEN-CBNMed-25-1-13-52-20240428,2,1561314,Phlomis composita,62.524849
GUARDEN-CBNMed-25-1-13-52-20240428,3,1360739,Foeniculum vulgare,61.424286
GUARDEN-CBNMed-25-10-14-49-20240428,1,1357743,Pallenis spinosa,65.977631
GUARDEN-CBNMed-25-10-14-49-20240428,2,1394527,Phlomis lychnitis,65.284340
GUARDEN-CBNMed-25-10-14-49-20240428,3,1357293,Asteriscus aquaticus,64.812302
GUARDEN-CBNMed-25-2-13-57-20240428,1,1388990,Brachypodium retusum,58.566475
GUARDEN-CBNMed-25-2-13-57-20240428,2,1743319,Cotoneaster majoricensis,56.696018
GUARDEN-CBNMed-25-2-13-57-20240428,3,1679961,Rubia balearica,56.488850
GUARDEN-CBNMed-25-3-14-06-20240428,1,1394527,Phlomis lychnitis,65.556862
GUARDEN-CBNMed-25-3-14-06-20240428,2,1561314,Phlomis composita,61.780785
GUARDEN-CBNMed-25-3-14-06-20240428,3,1742100,Takhtajaniantha austriaca,61.535458
GUARDEN-CBNMed-25-4-14-15-20240428,1,1357743,Pallenis spinosa,66.283623
GUARDEN-CBNMed-25-4-14-15-20240428,2,1394527,Phlomis lychnitis,65.369621
GUARDEN-CBNMed-25-4-14-15-20240428,3,1742109,Petrosedum sediforme,64.227066
GUARDEN-CBNMed-25-7-14-28-20240428,1,1742109,Petrosedum sediforme,63.797291
GUARDEN-CBNMed-25-7-14-28-20240428,2,1357981,Convolvulus lineatus,63.038551
GUARDEN-CBNMed-25-7-14-28-20240428,3,1360443,Ruta angustifolia,62.815388
GUARDEN-CBNMed-25-8-14-39-20240428,1,1357981,Convolvulus lineatus,66.279793
GUARDEN-CBNMed-25-8-14-39-20240428,2,1357743,Pallenis spinosa,65.510765
GUARDEN-CBNMed-25-8-14-39-20240428,3,1357293,Asteriscus aquaticus,62.429783
GUARDEN-CBNMed-25-9-14-43-20240428,1,1357981,Convolvulus lineatus,66.020683
GUARDEN-CBNMed-25-9-14-43-20240428,2,1742109,Petrosedum sediforme,63.965981
GUARDEN-CBNMed-25-9-14-43-20240428,3,1357815,Reichardia picroides,60.737999
GUARDEN-CBNMed-26-10-10-01-20240428,1,1359344,Medicago marina,64.826805
GUARDEN-CBNMed-26-10-10-01-20240428,2,1359297,Lotus creticus,57.639656
GUARDEN-CBNMed-26-10-10-01-20240428,3,1359298,Lotus cytisoides,56.035637
GUARDEN-CBNMed-26-6-9-34-20240428,1,1738652,Matthiola sinuata,66.100655
GUARDEN-CBNMed-26-6-9-34-20240428,2,1362333,Matthiola perennis,61.145153
GUARDEN-CBNMed-26-6-9-34-20240428,3,1743249,Matthiola tricuspidata,60.952785
GUARDEN-CBNMed-26-8-9-45-20240428,1,1359344,Medicago marina,65.301819
GUARDEN-CBNMed-26-8-9-45-20240428,2,1357742,Pallenis maritima,56.528225
GUARDEN-CBNMed-26-8-9-45-20240428,3,1744602,Alyssum gallaecicum,56.274712
GUARDEN-CBNMed-26-9-9-48-20240428,1,1359344,Medicago marina,66.014702
GUARDEN-CBNMed-26-9-9-48-20240428,2,1359298,Lotus cytisoides,60.729504
GUARDEN-CBNMed-26-9-9-48-20240428,3,1358782,Marrubium supinum,60.419006
GUARDEN-CBNMed-27-1-11-17-20240428,1,1393547,Limonium binervosum,64.490974
GUARDEN-CBNMed-27-1-11-17-20240428,2,1360059,Limonium ovalifolium,62.322269
GUARDEN-CBNMed-27-1-11-17-20240428,3,1744399,Limonium malacitanum,62.204857
GUARDEN-CBNMed-27-10-11-55-20240428,1,1722625,Arthrocaulon macrostachyum,60.884487
GUARDEN-CBNMed-27-10-11-55-20240428,2,1360054,Limonium narbonense,60.461746
GUARDEN-CBNMed-27-10-11-55-20240428,3,1738887,Salicornia marshallii,60.440178
GUARDEN-CBNMed-27-2-11-32-20240428,1,1360026,Limonium cossonianum,61.079514
GUARDEN-CBNMed-27-2-11-32-20240428,2,1744019,Limonium maritimum,60.403847
GUARDEN-CBNMed-27-2-11-32-20240428,3,1370637,Limonium vulgare,58.823978
GUARDEN-CBNMed-27-3-11-36-20240428,1,1363200,Anabasis articulata,62.400082
GUARDEN-CBNMed-27-3-11-36-20240428,2,1722625,Arthrocaulon macrostachyum,61.973824
GUARDEN-CBNMed-27-3-11-36-20240428,3,1722522,Salicornia fruticosa,61.906036
GUARDEN-CBNMed-27-4-11-39-20240428,1,1722522,Salicornia fruticosa,61.859943
GUARDEN-CBNMed-27-4-11-39-20240428,2,1393574,Limonium tarcoense,61.622292
GUARDEN-CBNMed-27-4-11-39-20240428,3,1722625,Arthrocaulon macrostachyum,61.343807
GUARDEN-CBNMed-27-5-11-4-20240428,1,1393574,Limonium tarcoense,63.796379
GUARDEN-CBNMed-27-5-11-4-20240428,2,1722522,Salicornia fruticosa,62.142944
GUARDEN-CBNMed-27-5-11-4-20240428,3,1722625,Arthrocaulon macrostachyum,61.849327
GUARDEN-CBNMed-27-6-11-42-20240428,1,1449488,Ruschia caroli,59.857727
GUARDEN-CBNMed-27-6-11-42-20240428,2,1722522,Salicornia fruticosa,59.728001
GUARDEN-CBNMed-27-6-11-42-20240428,3,1393574,Limonium tarcoense,59.296059
GUARDEN-CBNMed-27-7-11-43-20240428,1,1722522,Salicornia fruticosa,63.149082
GUARDEN-CBNMed-27-7-11-43-20240428,2,1722625,Arthrocaulon macrostachyum,61.791752
GUARDEN-CBNMed-27-7-11-43-20240428,3,1449488,Ruschia caroli,61.658730
GUARDEN-CBNMed-27-8-11-45-20240428,1,1393574,Limonium tarcoense,64.385574
GUARDEN-CBNMed-27-8-11-45-20240428,2,1449488,Ruschia caroli,63.722435
GUARDEN-CBNMed-27-8-11-45-20240428,3,1647291,Limonium furfuraceum,62.053650
GUARDEN-CBNMed-27-9-11-47-20240428,1,1393569,Limonium patrimoniense,59.692619
GUARDEN-CBNMed-27-9-11-47-20240428,2,1360054,Limonium narbonense,59.625423
GUARDEN-CBNMed-27-9-11-47-20240428,3,1360009,Limonium algarvense,58.601273
GUARDEN-CBNMed-28-1-12-46-20240428,1,1360006,Limoniastrum monopetalum,62.942841
GUARDEN-CBNMed-28-1-12-46-20240428,2,1393574,Limonium tarcoense,62.438332
GUARDEN-CBNMed-28-1-12-46-20240428,3,1743275,Limonium ebusitanum,61.171883
GUARDEN-CBNMed-28-10-13-23-20240428,1,1357705,Limbarda crithmoides,64.636864
GUARDEN-CBNMed-28-10-13-23-20240428,2,1393571,Limonium pseudominutum,60.476562
GUARDEN-CBNMed-28-10-13-23-20240428,3,1360558,Lycium intricatum,59.845764
GUARDEN-CBNMed-28-2-12-48-20240428,1,1360006,Limoniastrum monopetalum,62.210514
GUARDEN-CBNMed-28-2-12-48-20240428,2,1722625,Arthrocaulon macrostachyum,61.497128
GUARDEN-CBNMed-28-2-12-48-20240428,3,1363200,Anabasis articulata,61.172844
GUARDEN-CBNMed-28-3-12-51-20240428,1,1722625,Arthrocaulon macrostachyum,61.843102
GUARDEN-CBNMed-28-3-12-51-20240428,2,1738887,Salicornia marshallii,61.114845
GUARDEN-CBNMed-28-3-12-51-20240428,3,1722522,Salicornia fruticosa,60.571434
GUARDEN-CBNMed-28-4-12-52-20240428,1,1357705,Limbarda crithmoides,63.314030
GUARDEN-CBNMed-28-4-12-52-20240428,2,1360054,Limonium narbonense,62.987400
GUARDEN-CBNMed-28-4-12-52-20240428,3,1722625,Arthrocaulon macrostachyum,60.537804
GUARDEN-CBNMed-28-5-13-02-20240428,1,1360026,Limonium cossonianum,64.847130
GUARDEN-CBNMed-28-5-13-02-20240428,2,1360006,Limoniastrum monopetalum,61.361935
GUARDEN-CBNMed-28-5-13-02-20240428,3,1360009,Limonium algarvense,60.694675
GUARDEN-CBNMed-28-6-13-06-20240428,1,1357705,Limbarda crithmoides,64.962410
GUARDEN-CBNMed-28-6-13-06-20240428,2,1738887,Salicornia marshallii,61.685406
GUARDEN-CBNMed-28-6-13-06-20240428,3,1393568,Limonium obtusifolium,61.394043
GUARDEN-CBNMed-28-7-13-11-20240428,1,1357705,Limbarda crithmoides,64.400986
GUARDEN-CBNMed-28-7-13-11-20240428,2,1722625,Arthrocaulon macrostachyum,60.344109
GUARDEN-CBNMed-28-7-13-11-20240428,3,1722522,Salicornia fruticosa,60.235649
GUARDEN-CBNMed-28-8-13-14-20240428,1,1357705,Limbarda crithmoides,64.455566
GUARDEN-CBNMed-28-8-13-14-20240428,2,1391750,Disphyma crassifolium,63.384903
GUARDEN-CBNMed-28-8-13-14-20240428,3,1357401,Centaurea aspera,60.347923
GUARDEN-CBNMed-28-9-13-17-20240428,1,1722625,Arthrocaulon macrostachyum,63.797302
GUARDEN-CBNMed-28-9-13-17-20240428,2,1357705,Limbarda crithmoides,62.009811
GUARDEN-CBNMed-28-9-13-17-20240428,3,1722521,Salicornia perennis,61.753174
GUARDEN-CBNMed-29-6-14-31-20240428,1,1357227,Anthemis maritima,65.651321
GUARDEN-CBNMed-29-6-14-31-20240428,2,1360719,Eryngium maritimum,65.041435
GUARDEN-CBNMed-29-6-14-31-20240428,3,1359344,Medicago marina,64.647964
GUARDEN-CBNMed-29-7-14-34-20240428,1,1360701,Echinophora spinosa,65.012619
GUARDEN-CBNMed-29-7-14-34-20240428,2,1360719,Eryngium maritimum,64.759155
GUARDEN-CBNMed-29-7-14-34-20240428,3,1360715,Eryngium dilatatum,56.545135
GUARDEN-CBNMed-30-1-16-07-20240428,1,1357401,Centaurea aspera,64.530670
GUARDEN-CBNMed-30-1-16-07-20240428,2,1393770,Medicago littoralis,64.430496
GUARDEN-CBNMed-30-1-16-07-20240428,3,1359344,Medicago marina,62.276402
GUARDEN-CBNMed-30-10-16-41-20240428,1,1357227,Anthemis maritima,67.076065
GUARDEN-CBNMed-30-10-16-41-20240428,2,1359344,Medicago marina,64.956451
GUARDEN-CBNMed-30-10-16-41-20240428,3,1391491,Cutandia maritima,59.516140
GUARDEN-CBNMed-30-2-16-23-20240428,1,1357227,Anthemis maritima,67.990479
GUARDEN-CBNMed-30-2-16-23-20240428,2,1359344,Medicago marina,64.827217
GUARDEN-CBNMed-30-2-16-23-20240428,3,1357651,Hymenostemma pseudanthemis,62.277298
GUARDEN-CBNMed-30-4-16-3-20240428,1,1357227,Anthemis maritima,69.995346
GUARDEN-CBNMed-30-4-16-3-20240428,2,1394664,Anthemis tomentosa,67.245255
GUARDEN-CBNMed-30-4-16-3-20240428,3,1357236,Anthemis secundiramea,65.370270
GUARDEN-CBNMed-30-6-16-34-20240428,1,1357227,Anthemis maritima,70.135414
GUARDEN-CBNMed-30-6-16-34-20240428,2,1394664,Anthemis tomentosa,65.443405
GUARDEN-CBNMed-30-6-16-34-20240428,3,1357236,Anthemis secundiramea,65.261147
GUARDEN-CBNMed-30-7-16-35-20240428,1,1357227,Anthemis maritima,69.483025
GUARDEN-CBNMed-30-7-16-35-20240428,2,1394664,Anthemis tomentosa,65.282761
GUARDEN-CBNMed-30-7-16-35-20240428,3,1359344,Medicago marina,64.694389
GUARDEN-CBNMed-30-8-16-37-20240428,1,1357227,Anthemis maritima,69.779106
GUARDEN-CBNMed-30-8-16-37-20240428,2,1394664,Anthemis tomentosa,65.376991
GUARDEN-CBNMed-30-8-16-37-20240428,3,1359344,Medicago marina,64.572624
GUARDEN-CBNMed-30-9-16-4-20240428,1,1357227,Anthemis maritima,68.635742
GUARDEN-CBNMed-30-9-16-4-20240428,2,1394664,Anthemis tomentosa,65.145782
GUARDEN-CBNMed-30-9-16-4-20240428,3,1359344,Medicago marina,64.337135
GUARDEN-CBNMed-31-1-9-37-20240428,1,1359952,Plantago crassifolia,60.032249
GUARDEN-CBNMed-31-1-9-37-20240428,2,1393770,Medicago littoralis,59.751797
GUARDEN-CBNMed-31-1-9-37-20240428,3,1359344,Medicago marina,58.303116
GUARDEN-CBNMed-31-10-10-06-20240428,1,1722578,Daucus pumilus,68.986084
GUARDEN-CBNMed-31-10-10-06-20240428,2,1744001,Daucus minusculus,64.071663
GUARDEN-CBNMed-31-10-10-06-20240428,3,1414353,Bromus diandrus,61.417034
GUARDEN-CBNMed-31-2-9-4-20240428,1,1355977,Euphorbia paralias,63.401901
GUARDEN-CBNMed-31-2-9-4-20240428,2,1358590,Euphorbia segetalis,61.626545
GUARDEN-CBNMed-31-2-9-4-20240428,3,1359298,Lotus cytisoides,60.745975
GUARDEN-CBNMed-31-3-9-44-20240428,1,1393770,Medicago littoralis,65.710770
GUARDEN-CBNMed-31-3-9-44-20240428,2,1564441,Teucrium vincentinum,62.523151
GUARDEN-CBNMed-31-3-9-44-20240428,3,1425238,Medicago minima,61.401447
GUARDEN-CBNMed-31-4-9-48-20240428,1,1357227,Anthemis maritima,66.895096
GUARDEN-CBNMed-31-4-9-48-20240428,2,1564441,Teucrium vincentinum,65.736481
GUARDEN-CBNMed-31-4-9-48-20240428,3,1393770,Medicago littoralis,64.453186
GUARDEN-CBNMed-31-5-9-51-20240428,1,1564441,Teucrium vincentinum,66.171867
GUARDEN-CBNMed-31-5-9-51-20240428,2,1393770,Medicago littoralis,65.888115
GUARDEN-CBNMed-31-5-9-51-20240428,3,1396726,Teucrium dunense,63.556931
GUARDEN-CBNMed-31-6-9-54-20240428,1,1393770,Medicago littoralis,62.040565
GUARDEN-CBNMed-31-6-9-54-20240428,2,1564441,Teucrium vincentinum,61.166222
GUARDEN-CBNMed-31-6-9-54-20240428,3,1396726,Teucrium dunense,61.010036
GUARDEN-CBNMed-31-7-9-56-20240428,1,1722578,Daucus pumilus,63.173447
GUARDEN-CBNMed-31-7-9-56-20240428,2,1393770,Medicago littoralis,61.545502
GUARDEN-CBNMed-31-7-9-56-20240428,3,1363882,Lobularia maritima,60.216633
GUARDEN-CBNMed-31-8-10-20240428,1,1396726,Teucrium dunense,65.826942
GUARDEN-CBNMed-31-8-10-20240428,2,1564441,Teucrium vincentinum,65.824898
GUARDEN-CBNMed-31-8-10-20240428,3,1358968,Teucrium capitatum,63.122959
GUARDEN-CBNMed-31-9-10-02-20240428,1,1722578,Daucus pumilus,64.823730
GUARDEN-CBNMed-31-9-10-02-20240428,2,1357227,Anthemis maritima,62.878857
GUARDEN-CBNMed-31-9-10-02-20240428,3,1364151,Anacyclus clavatus,61.239937
GUARDEN-CBNMed-32-1-11-46-20240428,1,1564441,Teucrium vincentinum,64.767548
GUARDEN-CBNMed-32-1-11-46-20240428,2,1357630,Helichrysum stoechas,64.643173
GUARDEN-CBNMed-32-1-11-46-20240428,3,1397398,Helichrysum arenarium,64.089912
GUARDEN-CBNMed-32-10-13-12-20240428,1,1396726,Teucrium dunense,65.325981
GUARDEN-CBNMed-32-10-13-12-20240428,2,1393770,Medicago littoralis,64.736954
GUARDEN-CBNMed-32-10-13-12-20240428,3,1359952,Plantago crassifolia,64.114441
GUARDEN-CBNMed-32-2-11-58-20240428,1,1564441,Teucrium vincentinum,65.650490
GUARDEN-CBNMed-32-2-11-58-20240428,2,1396726,Teucrium dunense,64.681732
GUARDEN-CBNMed-32-2-11-58-20240428,3,1358968,Teucrium capitatum,63.044498
GUARDEN-CBNMed-32-3-12-01-20240428,1,1564441,Teucrium vincentinum,65.770638
GUARDEN-CBNMed-32-3-12-01-20240428,2,1396726,Teucrium dunense,64.804474
GUARDEN-CBNMed-32-3-12-01-20240428,3,1358968,Teucrium capitatum,62.471741
GUARDEN-CBNMed-32-4-12-12-20240428,1,1564441,Teucrium vincentinum,65.286293
GUARDEN-CBNMed-32-4-12-12-20240428,2,1396726,Teucrium dunense,65.264328
GUARDEN-CBNMed-32-4-12-12-20240428,3,1358968,Teucrium capitatum,62.598923
GUARDEN-CBNMed-32-9-13-07-20240428,1,1357401,Centaurea aspera,65.853424
GUARDEN-CBNMed-32-9-13-07-20240428,2,1359952,Plantago crassifolia,63.551235
GUARDEN-CBNMed-32-9-13-07-20240428,3,1356069,Plantago albicans,61.311687
GUARDEN-CBNMed-33-1-14-48-20240428,1,1357630,Helichrysum stoechas,65.191498
GUARDEN-CBNMed-33-1-14-48-20240428,2,1397398,Helichrysum arenarium,62.171051
GUARDEN-CBNMed-33-1-14-48-20240428,3,1392725,Helichrysum italicum,61.777557
GUARDEN-CBNMed-33-10-15-59-20240428,1,1357401,Centaurea aspera,64.821274
GUARDEN-CBNMed-33-10-15-59-20240428,2,1502684,Centaurea linifolia,62.230488
GUARDEN-CBNMed-33-10-15-59-20240428,3,1363882,Lobularia maritima,61.533237
GUARDEN-CBNMed-33-2-15-01-20240428,1,1357630,Helichrysum stoechas,64.846916
GUARDEN-CBNMed-33-2-15-01-20240428,2,1392725,Helichrysum italicum,63.442833
GUARDEN-CBNMed-33-2-15-01-20240428,3,1397398,Helichrysum arenarium,63.235489
GUARDEN-CBNMed-33-3-15-04-20240428,1,1357630,Helichrysum stoechas,65.230492
GUARDEN-CBNMed-33-3-15-04-20240428,2,1392726,Helichrysum orientale,64.563164
GUARDEN-CBNMed-33-3-15-04-20240428,3,1397398,Helichrysum arenarium,63.262833
GUARDEN-CBNMed-33-4-15-26-20240428,1,1742109,Petrosedum sediforme,63.822727
GUARDEN-CBNMed-33-4-15-26-20240428,2,1357630,Helichrysum stoechas,59.683968
GUARDEN-CBNMed-33-4-15-26-20240428,3,1493539,Silene legionensis,59.617764
GUARDEN-CBNMed-33-5-15-29-20240428,1,1357630,Helichrysum stoechas,64.071770
GUARDEN-CBNMed-33-5-15-29-20240428,2,1742109,Petrosedum sediforme,63.395824
GUARDEN-CBNMed-33-5-15-29-20240428,3,1392725,Helichrysum italicum,62.835236
GUARDEN-CBNMed-33-6-15-36-20240428,1,1357630,Helichrysum stoechas,64.870216
GUARDEN-CBNMed-33-6-15-36-20240428,2,1397398,Helichrysum arenarium,62.794975
GUARDEN-CBNMed-33-6-15-36-20240428,3,1392725,Helichrysum italicum,61.431469
GUARDEN-CBNMed-33-7-15-43-20240428,1,1356976,Silene conica,66.479675
GUARDEN-CBNMed-33-7-15-43-20240428,2,1397499,Silene subconica,62.747734
GUARDEN-CBNMed-33-7-15-43-20240428,3,1357630,Helichrysum stoechas,62.582455
GUARDEN-CBNMed-33-8-15-5-20240428,1,1357630,Helichrysum stoechas,64.250259
GUARDEN-CBNMed-33-8-15-5-20240428,2,1392726,Helichrysum orientale,63.778130
GUARDEN-CBNMed-33-8-15-5-20240428,3,1397398,Helichrysum arenarium,63.754070
GUARDEN-CBNMed-33-9-15-56-20240428,1,1357630,Helichrysum stoechas,63.765255
GUARDEN-CBNMed-33-9-15-56-20240428,2,1392726,Helichrysum orientale,61.644005
GUARDEN-CBNMed-33-9-15-56-20240428,3,1358358,Lepidium subulatum,61.522415
GUARDEN-CBNMed-38-1-12-58-20240428,1,1360711,Eryngium campestre,63.493057
GUARDEN-CBNMed-38-1-12-58-20240428,2,1437245,Rhinanthus major,62.650108
GUARDEN-CBNMed-38-1-12-58-20240428,3,1395169,Rhinanthus minor,62.394127
GUARDEN-CBNMed-38-4-14-39-20240428,1,1395162,Rhinanthus alectorolophus,64.445526
GUARDEN-CBNMed-38-4-14-39-20240428,2,1360711,Eryngium campestre,63.119736
GUARDEN-CBNMed-38-4-14-39-20240428,3,1395169,Rhinanthus minor,62.075485
GUARDEN-CBNMed-38-6-15-04-20240428,1,1360711,Eryngium campestre,64.432533
GUARDEN-CBNMed-38-6-15-04-20240428,2,1743588,Rhinanthus pumilus,63.778324
GUARDEN-CBNMed-38-6-15-04-20240428,3,1395162,Rhinanthus alectorolophus,63.376606
GUARDEN-CBNMed-39-10-12-02-20240531,1,1360711,Eryngium campestre,64.621765
GUARDEN-CBNMed-39-10-12-02-20240531,2,1360709,Eryngium bourgatii,62.012154
GUARDEN-CBNMed-39-10-12-02-20240531,3,1360716,Eryngium glaciale,59.368813
GUARDEN-CBNMed-39-7-11-3-20240531,1,1360711,Eryngium campestre,60.573414
GUARDEN-CBNMed-39-7-11-3-20240531,2,1360706,Eryngium aquifolium,57.810116
GUARDEN-CBNMed-39-7-11-3-20240531,3,1359488,Trifolium campestre,57.472710
GUARDEN-CBNMed-39-8-11-39-20240531,1,1407739,Bromus catharticus,56.043743
GUARDEN-CBNMed-39-8-11-39-20240531,2,1392699,Hedypnois rhagadioloides,55.991974
GUARDEN-CBNMed-39-8-11-39-20240531,3,1359603,Linum trigynum,54.581749
GUARDEN-CBNMed-39-9-11-5-20240531,1,1359591,Linum bienne,63.077515
GUARDEN-CBNMed-39-9-11-5-20240531,2,1394477,Petrorhagia nanteuilii,61.968964
GUARDEN-CBNMed-39-9-11-5-20240531,3,1657500,Polygala serpyllifolia,59.898636
GUARDEN-CBNMed-44-7-12-03-20240629,1,1392059,Eriophorum angustifolium,64.210678
GUARDEN-CBNMed-44-7-12-03-20240629,2,1358501,Calluna vulgaris,61.408840
GUARDEN-CBNMed-44-7-12-03-20240629,3,1363593,Molinia caerulea,59.933083
GUARDEN-CBNMed-5-1-12-38-20240430,1,1414366,Bromus sterilis,61.044956
GUARDEN-CBNMed-5-1-12-38-20240430,2,1363490,Phalaris arundinacea,60.390255
GUARDEN-CBNMed-5-1-12-38-20240430,3,1414353,Bromus diandrus,58.110344
GUARDEN-CBNMed-5-10-13-32-20240430,1,1414366,Bromus sterilis,61.848511
GUARDEN-CBNMed-5-10-13-32-20240430,2,1356007,Geranium dissectum,58.663460
GUARDEN-CBNMed-5-10-13-32-20240430,3,1361058,Carex hirta,57.992691
GUARDEN-CBNMed-5-2-12-45-20240430,1,1414366,Bromus sterilis,60.966858
GUARDEN-CBNMed-5-2-12-45-20240430,2,1363501,Dactylis glomerata,58.102463
GUARDEN-CBNMed-5-2-12-45-20240430,3,1414353,Bromus diandrus,57.600029
GUARDEN-CBNMed-5-3-12-56-20240430,1,1391823,Echinochloa crus-galli,58.767406
GUARDEN-CBNMed-5-3-12-56-20240430,2,1363446,Panicum miliaceum,57.026634
GUARDEN-CBNMed-5-3-12-56-20240430,3,1424916,Echinochloa colonum,56.721691
GUARDEN-CBNMed-5-4-13-20240430,1,1391823,Echinochloa crus-galli,59.906147
GUARDEN-CBNMed-5-4-13-20240430,2,1424916,Echinochloa colonum,57.292622
GUARDEN-CBNMed-5-4-13-20240430,3,1363490,Phalaris arundinacea,56.484093
GUARDEN-CBNMed-5-5-13-04-20240430,1,1363543,Stenotaphrum secundatum,55.755699
GUARDEN-CBNMed-5-5-13-04-20240430,2,1414366,Bromus sterilis,55.396290
GUARDEN-CBNMed-5-5-13-04-20240430,3,1363489,Phalaris aquatica,55.110149
GUARDEN-CBNMed-5-6-13-07-20240430,1,1414366,Bromus sterilis,61.548016
GUARDEN-CBNMed-5-6-13-07-20240430,2,1414353,Bromus diandrus,60.799736
GUARDEN-CBNMed-5-6-13-07-20240430,3,1363458,Poa pratensis,58.535202
GUARDEN-CBNMed-5-7-13-17-20240430,1,1414366,Bromus sterilis,58.872055
GUARDEN-CBNMed-5-7-13-17-20240430,2,1363501,Dactylis glomerata,56.521385
GUARDEN-CBNMed-5-7-13-17-20240430,3,1414353,Bromus diandrus,55.129265
GUARDEN-CBNMed-5-8-13-22-20240430,1,1363459,Poa trivialis,59.444191
GUARDEN-CBNMed-5-8-13-22-20240430,2,1414366,Bromus sterilis,58.514229
GUARDEN-CBNMed-5-8-13-22-20240430,3,1363458,Poa pratensis,57.179665
GUARDEN-CBNMed-5-9-13-27-20240430,1,1363490,Phalaris arundinacea,59.662224
GUARDEN-CBNMed-5-9-13-27-20240430,2,1363501,Dactylis glomerata,58.976986
GUARDEN-CBNMed-5-9-13-27-20240430,3,1396638,Arrhenatherum elatius,57.900627
GUARDEN-CBNMed-6-9-15-28-20240430,1,1360399,Galium mollugo,61.802044
GUARDEN-CBNMed-6-9-15-28-20240430,2,1392487,Galium saxatile,59.125168
GUARDEN-CBNMed-6-9-15-28-20240430,3,1392445,Galium boreale,59.083408
GUARDEN-CBNMed-8-10-12-59-20240429,1,1358613,Quercus coccifera,63.610718
GUARDEN-CBNMed-8-10-12-59-20240429,2,1743916,Quercus pseudococcifera,57.519348
GUARDEN-CBNMed-8-10-12-59-20240429,3,1743448,Quercus auzendei,56.716721
GUARDEN-CBNMed-8-4-12-33-20240429,1,1722409,Salvia rosmarinus,60.758595
GUARDEN-CBNMed-8-4-12-33-20240429,2,1743989,Ulex densus,60.324032
GUARDEN-CBNMed-8-4-12-33-20240429,3,1743651,Echinospartum horridum,59.919441
GUARDEN-CBNMed-8-8-12-51-20240429,1,1361000,Asparagus acutifolius,62.928528
GUARDEN-CBNMed-8-8-12-51-20240429,2,1743966,Ulex erinaceus,61.453812
GUARDEN-CBNMed-8-8-12-51-20240429,3,1360701,Echinophora spinosa,60.280060
GUARDEN-CBNMed-8-9-12-56-20240429,1,1358613,Quercus coccifera,63.462158
GUARDEN-CBNMed-8-9-12-56-20240429,2,1361000,Asparagus acutifolius,63.364780
GUARDEN-CBNMed-8-9-12-56-20240429,3,1743966,Ulex erinaceus,59.187141
GUARDEN-CBNMed-9-10-16-16-20240429,1,1360701,Echinophora spinosa,61.475327
GUARDEN-CBNMed-9-10-16-16-20240429,2,1358613,Quercus coccifera,60.196609
GUARDEN-CBNMed-9-10-16-16-20240429,3,1743966,Ulex erinaceus,59.703445
GUARDEN-CBNMed-9-2-15-46-20240429,1,1358511,Erica scoparia,57.855232
GUARDEN-CBNMed-9-2-15-46-20240429,2,1390468,Thymelaea coridifolia,57.664463
GUARDEN-CBNMed-9-2-15-46-20240429,3,1418701,Corema album,56.994781
GUARDEN-CBNMed-9-6-16-04-20240429,1,1358613,Quercus coccifera,63.458393
GUARDEN-CBNMed-9-6-16-04-20240429,2,1548487,Quercus senneniana,57.461670
GUARDEN-CBNMed-9-6-16-04-20240429,3,1743916,Quercus pseudococcifera,55.153439
GUARDEN-CBNMed-9-7-16-06-20240429,1,1358613,Quercus coccifera,62.074535
GUARDEN-CBNMed-9-7-16-06-20240429,2,1743916,Quercus pseudococcifera,55.104019
GUARDEN-CBNMed-9-7-16-06-20240429,3,1548487,Quercus senneniana,54.911270
GUARDEN-CBNMed-9-8-16-08-20240429,1,1358613,Quercus coccifera,62.702942
GUARDEN-CBNMed-9-8-16-08-20240429,2,1743916,Quercus pseudococcifera,55.740692
GUARDEN-CBNMed-9-8-16-08-20240429,3,1360558,Lycium intricatum,55.122189
GUARDEN-CBNMed-9-9-16-14-20240429,1,1358613,Quercus coccifera,61.922775
GUARDEN-CBNMed-9-9-16-14-20240429,2,1360701,Echinophora spinosa,61.449059
GUARDEN-CBNMed-9-9-16-14-20240429,3,1577392,Echinospartum boissieri,60.519798
LISAH-BOU-0-10-20230523,1,1356013,Geranium rotundifolium,61.167679
LISAH-BOU-0-10-20230523,2,1363835,Borago officinalis,60.976601
LISAH-BOU-0-10-20230523,3,1744001,Daucus minusculus,60.696095
LISAH-BOU-0-101-20240425,1,1425238,Medicago minima,65.502159
LISAH-BOU-0-101-20240425,2,1390637,Calendula arvensis,64.459846
LISAH-BOU-0-101-20240425,3,1359344,Medicago marina,62.668854
LISAH-BOU-0-104-20240502,1,1360385,Galium aparine,60.539089
LISAH-BOU-0-104-20240502,2,1356397,Equisetum ramosissimum,60.384945
LISAH-BOU-0-104-20240502,3,1394246,Opopanax chironium,58.180466
LISAH-BOU-0-105-20240502,1,1356397,Equisetum ramosissimum,61.751877
LISAH-BOU-0-105-20240502,2,1355908,Erigeron sumatrensis,60.354080
LISAH-BOU-0-105-20240502,3,1356276,Sambucus ebulus,59.141182
LISAH-BOU-0-108-20240502,1,1359772,Fumaria capreolata,65.307373
LISAH-BOU-0-108-20240502,2,1392384,Fumaria muralis,63.056431
LISAH-BOU-0-108-20240502,3,1397347,Ceratocapnos claviculata,62.247734
LISAH-BOU-0-109-20240502,1,1355990,Mercurialis annua,62.997704
LISAH-BOU-0-109-20240502,2,1359772,Fumaria capreolata,61.476097
LISAH-BOU-0-109-20240502,3,1364173,Lactuca serriola,61.320091
LISAH-BOU-0-110-20240502,1,1360385,Galium aparine,60.897987
LISAH-BOU-0-110-20240502,2,1356397,Equisetum ramosissimum,58.614292
LISAH-BOU-0-110-20240502,3,1360399,Galium mollugo,57.615051
LISAH-BOU-0-111-20240502,1,1359792,Fumaria officinalis,63.594105
LISAH-BOU-0-111-20240502,2,1392384,Fumaria muralis,60.270302
LISAH-BOU-0-111-20240502,3,1360385,Galium aparine,60.082733
LISAH-BOU-0-113-20240502,1,1356013,Geranium rotundifolium,65.073730
LISAH-BOU-0-113-20240502,2,1392594,Geranium pusillum,60.979618
LISAH-BOU-0-113-20240502,3,1360385,Galium aparine,58.621231
LISAH-BOU-0-114-20240502,1,1360385,Galium aparine,61.715855
LISAH-BOU-0-114-20240502,2,1389576,Buglossoides arvensis,59.592228
LISAH-BOU-0-114-20240502,3,1360420,Galium verrucosum,58.711842
LISAH-BOU-0-117-20240502,1,1356013,Geranium rotundifolium,66.683395
LISAH-BOU-0-117-20240502,2,1364100,Silybum marianum,62.507675
LISAH-BOU-0-117-20240502,3,1360385,Galium aparine,61.501621
LISAH-BOU-0-118-20240502,1,1356013,Geranium rotundifolium,66.960457
LISAH-BOU-0-118-20240502,2,1356276,Sambucus ebulus,61.668934
LISAH-BOU-0-118-20240502,3,1360385,Galium aparine,61.144531
LISAH-BOU-0-14-20230511,1,1361190,Avena sterilis,61.447742
LISAH-BOU-0-14-20230511,2,1556990,Ixia paniculata,58.048336
LISAH-BOU-0-14-20230511,3,1363467,Avena barbata,57.886044
LISAH-BOU-0-15-20230511,1,1356013,Geranium rotundifolium,62.373184
LISAH-BOU-0-15-20230511,2,1650228,Elymus athericus,60.387306
LISAH-BOU-0-15-20230511,3,1650353,Elymus pungens,58.583336
LISAH-BOU-0-153-20240502,1,1356008,Geranium molle,63.077404
LISAH-BOU-0-153-20240502,2,1392594,Geranium pusillum,60.616310
LISAH-BOU-0-153-20240502,3,1355881,Carduus tenuiflorus,59.916618
LISAH-BOU-0-154-20240502,1,1356013,Geranium rotundifolium,65.589058
LISAH-BOU-0-154-20240502,2,1390637,Calendula arvensis,61.724098
LISAH-BOU-0-154-20240502,3,1357351,Carduus pycnocephalus,61.428093
LISAH-BOU-0-157-20240502,1,1356013,Geranium rotundifolium,66.659950
LISAH-BOU-0-157-20240502,2,1358643,Erodium ciconium,62.950676
LISAH-BOU-0-157-20240502,3,1355964,Euphorbia helioscopia,62.801170
LISAH-BOU-0-16-20230511,1,1363835,Borago officinalis,60.689560
LISAH-BOU-0-16-20230511,2,1363129,Papaver dubium,57.878731
LISAH-BOU-0-16-20230511,3,1400186,Borago pygmaea,57.444859
LISAH-BOU-0-160-20240502,1,1356013,Geranium rotundifolium,67.022301
LISAH-BOU-0-160-20240502,2,1358643,Erodium ciconium,65.977211
LISAH-BOU-0-160-20240502,3,1356008,Geranium molle,64.030869
LISAH-BOU-0-163-20240502,1,1363944,Malva neglecta,65.729065
LISAH-BOU-0-163-20240502,2,1356008,Geranium molle,63.490963
LISAH-BOU-0-163-20240502,3,1392594,Geranium pusillum,63.053490
LISAH-BOU-0-164-20240502,1,1356013,Geranium rotundifolium,66.644447
LISAH-BOU-0-164-20240502,2,1390637,Calendula arvensis,64.160530
LISAH-BOU-0-164-20240502,3,1393770,Medicago littoralis,63.545059
LISAH-BOU-0-165-20240502,1,1356013,Geranium rotundifolium,64.887924
LISAH-BOU-0-165-20240502,2,1392594,Geranium pusillum,63.430412
LISAH-BOU-0-165-20240502,3,1358643,Erodium ciconium,63.348198
LISAH-BOU-0-167-20240502,1,1363731,Medicago polymorpha,63.400620
LISAH-BOU-0-167-20240502,2,1359333,Medicago arabica,60.841171
LISAH-BOU-0-167-20240502,3,1363730,Medicago lupulina,58.915699
LISAH-BOU-0-168-20240502,1,1363731,Medicago polymorpha,63.217682
LISAH-BOU-0-168-20240502,2,1361307,Hordeum murinum,61.711651
LISAH-BOU-0-168-20240502,3,1355994,Erodium cicutarium,60.478027
LISAH-BOU-0-170-20240502,1,1363731,Medicago polymorpha,62.487942
LISAH-BOU-0-170-20240502,2,1355994,Erodium cicutarium,62.189232
LISAH-BOU-0-170-20240502,3,1356008,Geranium molle,61.695236
LISAH-BOU-0-171-20240502,1,1363731,Medicago polymorpha,63.344872
LISAH-BOU-0-171-20240502,2,1358654,Erodium malacoides,61.887520
LISAH-BOU-0-171-20240502,3,1392594,Geranium pusillum,59.918991
LISAH-BOU-0-172-20240502,1,1363731,Medicago polymorpha,63.067619
LISAH-BOU-0-172-20240502,2,1425238,Medicago minima,62.713955
LISAH-BOU-0-172-20240502,3,1355881,Carduus tenuiflorus,62.640541
LISAH-BOU-0-173-20240502,1,1358654,Erodium malacoides,64.814949
LISAH-BOU-0-173-20240502,2,1363731,Medicago polymorpha,62.807175
LISAH-BOU-0-173-20240502,3,1355881,Carduus tenuiflorus,62.074963
LISAH-BOU-0-174-20240502,1,1425238,Medicago minima,63.706131
LISAH-BOU-0-174-20240502,2,1363731,Medicago polymorpha,62.758171
LISAH-BOU-0-174-20240502,3,1363730,Medicago lupulina,60.149769
LISAH-BOU-0-175-20240502,1,1363734,Medicago orbicularis,64.905579
LISAH-BOU-0-175-20240502,2,1425238,Medicago minima,64.879272
LISAH-BOU-0-175-20240502,3,1359443,Ornithopus perpusillus,63.163513
LISAH-BOU-0-183-20240502,1,1363731,Medicago polymorpha,62.949783
LISAH-BOU-0-183-20240502,2,1363944,Malva neglecta,60.564224
LISAH-BOU-0-183-20240502,3,1359639,Malva parviflora,59.666656
LISAH-BOU-0-187-20240502,1,1363734,Medicago orbicularis,63.896732
LISAH-BOU-0-187-20240502,2,1363731,Medicago polymorpha,62.292442
LISAH-BOU-0-187-20240502,3,1361307,Hordeum murinum,62.017200
LISAH-BOU-0-191-20240502,1,1359268,Lathyrus cicera,66.236588
LISAH-BOU-0-191-20240502,2,1358654,Erodium malacoides,65.004440
LISAH-BOU-0-191-20240502,3,1359265,Lathyrus amphicarpos,64.907677
LISAH-BOU-0-2-20240425,1,1397387,Fragaria viridis,62.285805
LISAH-BOU-0-2-20240425,2,1356697,Cerastium glomeratum,62.212265
LISAH-BOU-0-2-20240425,3,1356397,Equisetum ramosissimum,59.396786
LISAH-BOU-0-24-20230512,1,1361000,Asparagus acutifolius,64.232887
LISAH-BOU-0-24-20230512,2,1360385,Galium aparine,61.079151
LISAH-BOU-0-24-20230512,3,1363804,Lathyrus sativus,60.045818
LISAH-BOU-0-24-20240425,1,1356013,Geranium rotundifolium,67.024376
LISAH-BOU-0-24-20240425,2,1360433,Rubia peregrina,61.866592
LISAH-BOU-0-24-20240425,3,1391113,Chaerophyllum villarsii,60.670982
LISAH-BOU-0-25-20230512,1,1356013,Geranium rotundifolium,60.384563
LISAH-BOU-0-25-20230512,2,1360385,Galium aparine,59.231449
LISAH-BOU-0-25-20230512,3,1360420,Galium verrucosum,58.628815
LISAH-BOU-0-25-20230711,1,1360825,Parietaria judaica,61.741333
LISAH-BOU-0-25-20230711,2,1356395,Equisetum fluviatile,59.231148
LISAH-BOU-0-25-20230711,3,1362353,Parietaria officinalis,58.015491
LISAH-BOU-0-28-20240425,1,1361000,Asparagus acutifolius,65.180763
LISAH-BOU-0-28-20240425,2,1360385,Galium aparine,61.825836
LISAH-BOU-0-28-20240425,3,1363229,Carum carvi,59.200874
LISAH-BOU-0-29-20230523,1,1356013,Geranium rotundifolium,64.391228
LISAH-BOU-0-29-20230523,2,1422218,Bromus rubens,60.084019
LISAH-BOU-0-29-20230523,3,1397356,Cornus sanguinea,59.845650
LISAH-BOU-0-29-20230621,1,1363212,Torilis arvensis,62.989689
LISAH-BOU-0-29-20230621,2,1356397,Equisetum ramosissimum,61.154579
LISAH-BOU-0-29-20230621,3,1360816,Torilis japonica,59.646431
LISAH-BOU-0-29-20240425,1,1361000,Asparagus acutifolius,63.242714
LISAH-BOU-0-29-20240425,2,1397356,Cornus sanguinea,60.813118
LISAH-BOU-0-29-20240425,3,1360385,Galium aparine,60.146351
LISAH-BOU-0-3-20230721,1,1425238,Medicago minima,58.137623
LISAH-BOU-0-3-20230721,2,1357815,Reichardia picroides,55.946564
LISAH-BOU-0-3-20230721,3,1363212,Torilis arvensis,55.942757
LISAH-BOU-0-30-20230512,1,1356012,Geranium purpureum,65.152481
LISAH-BOU-0-30-20230512,2,1356017,Geranium robertianum,62.273636
LISAH-BOU-0-30-20230512,3,1358671,Geranium columbinum,59.819908
LISAH-BOU-0-30-20240425,1,1356013,Geranium rotundifolium,67.562370
LISAH-BOU-0-30-20240425,2,1360385,Galium aparine,61.083530
LISAH-BOU-0-30-20240425,3,1391113,Chaerophyllum villarsii,60.021900
LISAH-BOU-0-31-20230919,1,1722433,Calamagrostis arenaria,58.431694
LISAH-BOU-0-31-20230919,2,1358909,Sideritis incana,57.560284
LISAH-BOU-0-31-20230919,3,1744413,Linaria orbensis,55.297226
LISAH-BOU-0-31-20240425,1,1356013,Geranium rotundifolium,66.204887
LISAH-BOU-0-31-20240425,2,1356012,Geranium purpureum,63.027519
LISAH-BOU-0-31-20240425,3,1392594,Geranium pusillum,62.030014
LISAH-BOU-0-32-20230516,1,1390879,Carex otrubae,62.635677
LISAH-BOU-0-32-20230516,2,1363212,Torilis arvensis,58.696663
LISAH-BOU-0-32-20230516,3,1357875,Sonchus asper,58.357201
LISAH-BOU-0-32-20240425,1,1356013,Geranium rotundifolium,65.654251
LISAH-BOU-0-32-20240425,2,1355964,Euphorbia helioscopia,63.876259
LISAH-BOU-0-32-20240425,3,1356012,Geranium purpureum,63.093605
LISAH-BOU-0-34-20230516,1,1356013,Geranium rotundifolium,61.640373
LISAH-BOU-0-34-20230516,2,1650228,Elymus athericus,61.108021
LISAH-BOU-0-34-20230516,3,1363212,Torilis arvensis,59.250626
LISAH-BOU-0-35-20240425,1,1356012,Geranium purpureum,63.757851
LISAH-BOU-0-35-20240425,2,1356017,Geranium robertianum,62.484085
LISAH-BOU-0-35-20240425,3,1397356,Cornus sanguinea,62.315407
LISAH-BOU-0-36-20240425,1,1356013,Geranium rotundifolium,65.885406
LISAH-BOU-0-36-20240425,2,1356012,Geranium purpureum,64.582321
LISAH-BOU-0-36-20240425,3,1356017,Geranium robertianum,62.680862
LISAH-BOU-0-37-20230512,1,1397356,Cornus sanguinea,61.776768
LISAH-BOU-0-37-20230512,2,1361000,Asparagus acutifolius,59.333355
LISAH-BOU-0-37-20230512,3,1360358,Rubus ulmifolius,59.183678
LISAH-BOU-0-37-20240425,1,1361000,Asparagus acutifolius,63.479984
LISAH-BOU-0-37-20240425,2,1356012,Geranium purpureum,63.336533
LISAH-BOU-0-37-20240425,3,1356017,Geranium robertianum,63.155136
LISAH-BOU-0-38-20230516,1,1356013,Geranium rotundifolium,65.816864
LISAH-BOU-0-38-20230516,2,1390879,Carex otrubae,62.432030
LISAH-BOU-0-38-20230516,3,1363835,Borago officinalis,61.049889
LISAH-BOU-0-39-20230512,1,1356013,Geranium rotundifolium,64.831886
LISAH-BOU-0-39-20230512,2,1361000,Asparagus acutifolius,62.986271
LISAH-BOU-0-39-20230512,3,1397356,Cornus sanguinea,61.973450
LISAH-BOU-0-4-20230511,1,1356013,Geranium rotundifolium,59.865032
LISAH-BOU-0-4-20230511,2,1363213,Torilis nodosa,59.852257
LISAH-BOU-0-4-20230511,3,1422217,Bromus madritensis,58.858879
LISAH-BOU-0-4-20230711,1,1364006,Convolvulus arvensis,59.395294
LISAH-BOU-0-4-20230711,2,1356397,Equisetum ramosissimum,59.074635
LISAH-BOU-0-4-20230711,3,1360358,Rubus ulmifolius,58.327995
LISAH-BOU-0-4-20240425,1,1356013,Geranium rotundifolium,67.772644
LISAH-BOU-0-4-20240425,2,1356397,Equisetum ramosissimum,61.388371
LISAH-BOU-0-4-20240425,3,1356008,Geranium molle,61.011272
LISAH-BOU-0-40-20230512,1,1361000,Asparagus acutifolius,63.876724
LISAH-BOU-0-40-20230512,2,1391112,Chaerophyllum hirsutum,62.271202
LISAH-BOU-0-40-20230512,3,1391113,Chaerophyllum villarsii,62.017395
LISAH-BOU-0-40-20240425,1,1361000,Asparagus acutifolius,63.192963
LISAH-BOU-0-40-20240425,2,1397356,Cornus sanguinea,61.163094
LISAH-BOU-0-40-20240425,3,1391112,Chaerophyllum hirsutum,59.789459
LISAH-BOU-0-41-20230512,1,1397356,Cornus sanguinea,60.181145
LISAH-BOU-0-41-20230512,2,1392594,Geranium pusillum,59.534012
LISAH-BOU-0-41-20230512,3,1391112,Chaerophyllum hirsutum,58.933853
LISAH-BOU-0-42-20230511,1,1356013,Geranium rotundifolium,62.164310
LISAH-BOU-0-42-20230511,2,1356395,Equisetum fluviatile,60.487408
LISAH-BOU-0-42-20230511,3,1392594,Geranium pusillum,59.609818
LISAH-BOU-0-43-20230512,1,1356013,Geranium rotundifolium,63.729225
LISAH-BOU-0-43-20230512,2,1397356,Cornus sanguinea,62.588329
LISAH-BOU-0-43-20230512,3,1363835,Borago officinalis,61.813854
LISAH-BOU-0-44-20240425,1,1363944,Malva neglecta,58.563858
LISAH-BOU-0-44-20240425,2,1359639,Malva parviflora,57.851326
LISAH-BOU-0-44-20240425,3,1355908,Erigeron sumatrensis,57.118896
LISAH-BOU-0-5-20230512,1,1722433,Calamagrostis arenaria,60.650314
LISAH-BOU-0-5-20230512,2,1355881,Carduus tenuiflorus,59.893059
LISAH-BOU-0-5-20230512,3,1356276,Sambucus ebulus,59.432476
LISAH-BOU-0-5-20230711,1,1361691,Platanthera bifolia,59.445587
LISAH-BOU-0-5-20230711,2,1356803,Saponaria officinalis,58.817127
LISAH-BOU-0-5-20230711,3,1356397,Equisetum ramosissimum,58.727097
LISAH-BOU-0-50-20230512,1,1392699,Hedypnois rhagadioloides,63.258301
LISAH-BOU-0-50-20230512,2,1361117,Aegilops geniculata,62.817799
LISAH-BOU-0-50-20230512,3,1356013,Geranium rotundifolium,62.570915
LISAH-BOU-0-52-20230512,1,1358654,Erodium malacoides,63.260464
LISAH-BOU-0-52-20230512,2,1425238,Medicago minima,61.168930
LISAH-BOU-0-52-20230512,3,1359639,Malva parviflora,59.330620
LISAH-BOU-0-54-20230512,1,1392699,Hedypnois rhagadioloides,62.551563
LISAH-BOU-0-54-20230512,2,1363944,Malva neglecta,59.777367
LISAH-BOU-0-54-20230512,3,1361117,Aegilops geniculata,59.474297
LISAH-BOU-0-55-20230512,1,1356008,Geranium molle,62.407173
LISAH-BOU-0-55-20230512,2,1363944,Malva neglecta,61.085754
LISAH-BOU-0-55-20230512,3,1361307,Hordeum murinum,60.177868
LISAH-BOU-0-56-20230512,1,1359298,Lotus cytisoides,60.819580
LISAH-BOU-0-56-20230512,2,1361307,Hordeum murinum,59.808250
LISAH-BOU-0-56-20230512,3,1359639,Malva parviflora,57.975281
LISAH-BOU-0-58-20230512,1,1356286,Bromus hordeaceus,61.238106
LISAH-BOU-0-58-20230512,2,1358654,Erodium malacoides,60.872894
LISAH-BOU-0-58-20230512,3,1363838,Heliotropium curassavicum,59.969902
LISAH-BOU-0-6-20240425,1,1356395,Equisetum fluviatile,62.838623
LISAH-BOU-0-6-20240425,2,1722433,Calamagrostis arenaria,59.454540
LISAH-BOU-0-6-20240425,3,1393522,Leymus arenarius,57.495983
LISAH-BOU-0-63-20230512,1,1356286,Bromus hordeaceus,61.466358
LISAH-BOU-0-63-20230512,2,1390637,Calendula arvensis,60.551834
LISAH-BOU-0-63-20230512,3,1358257,Diplotaxis tenuifolia,59.896542
LISAH-BOU-0-65-20230512,1,1392176,Euphorbia myrsinites,59.730289
LISAH-BOU-0-65-20230512,2,1743316,Malva lusitanica,59.665627
LISAH-BOU-0-65-20230512,3,1358572,Euphorbia nicaeensis,59.490982
LISAH-BOU-0-75-20230516,1,1363797,Lathyrus sphaericus,59.273972
LISAH-BOU-0-75-20230516,2,1359277,Lathyrus nissolia,58.662926
LISAH-BOU-0-75-20230516,3,1363805,Lathyrus annuus,58.573566
LISAH-BOU-0-79-20230512,1,1425238,Medicago minima,63.047691
LISAH-BOU-0-79-20230512,2,1359488,Trifolium campestre,62.630753
LISAH-BOU-0-79-20230512,3,1357526,Crepis bursifolia,61.674526
LISAH-BOU-0-8-20240425,1,1358347,Lepidium draba,61.822586
LISAH-BOU-0-8-20240425,2,1357351,Carduus pycnocephalus,61.715584
LISAH-BOU-0-8-20240425,3,1355881,Carduus tenuiflorus,59.831284
LISAH-BOU-0-84-20230512,1,1425238,Medicago minima,63.489239
LISAH-BOU-0-84-20230512,2,1361361,Phleum arenarium,60.605225
LISAH-BOU-0-84-20230512,3,1361394,Rostraria cristata,60.602356
LISAH-BOU-0-9-20240425,1,1356397,Equisetum ramosissimum,62.288177
LISAH-BOU-0-9-20240425,2,1356395,Equisetum fluviatile,61.446602
LISAH-BOU-0-9-20240425,3,1393522,Leymus arenarius,60.831154
LISAH-BOU-0-98-20240425,1,1425238,Medicago minima,65.928284
LISAH-BOU-0-98-20240425,2,1359279,Lathyrus ochrus,62.483131
LISAH-BOU-0-98-20240425,3,1359344,Medicago marina,62.278381
LISAH-BVD-0-100-20230510,1,1356286,Bromus hordeaceus,63.652687
LISAH-BVD-0-100-20230510,2,1361307,Hordeum murinum,62.360542
LISAH-BVD-0-100-20230510,3,1359333,Medicago arabica,59.395733
LISAH-BVD-0-101-20230510,1,1362406,Alopecurus pratensis,58.847504
LISAH-BVD-0-101-20230510,2,1356066,Plantago lanceolata,58.256908
LISAH-BVD-0-101-20230510,3,1361155,Alopecurus geniculatus,57.011967
LISAH-BVD-0-152-20230511,1,1363638,Oxalis corniculata,60.557274
LISAH-BVD-0-152-20230511,2,1364065,Veronica persica,59.192871
LISAH-BVD-0-152-20230511,3,1357635,Helminthotheca echioides,58.790703
LISAH-BVD-0-155-20230511,1,1364065,Veronica persica,60.016350
LISAH-BVD-0-155-20230511,2,1363455,Poa annua,59.430302
LISAH-BVD-0-155-20230511,3,1363213,Torilis nodosa,58.707275
LISAH-BVD-0-158-20230511,1,1359279,Lathyrus ochrus,59.369987
LISAH-BVD-0-158-20230511,2,1363740,Trifolium repens,59.080994
LISAH-BVD-0-158-20230511,3,1364065,Veronica persica,58.136631
LISAH-BVD-0-191-20230511,1,1390967,Catapodium rigidum,59.341621
LISAH-BVD-0-191-20230511,2,1364065,Veronica persica,59.193203
LISAH-BVD-0-191-20230511,3,1390966,Catapodium marinum,57.507614
LISAH-BVD-0-192-20230511,1,1363459,Poa trivialis,55.475327
LISAH-BVD-0-192-20230511,2,1360406,Galium palustre,55.349926
LISAH-BVD-0-192-20230511,3,1361256,Eragrostis multicaulis,55.080723
LISAH-BVD-0-195-20230511,1,1363508,Sorghum halepense,54.838642
LISAH-BVD-0-195-20230511,2,1356066,Plantago lanceolata,54.098442
LISAH-BVD-0-195-20230511,3,1718548,Megathyrsus maximus,53.131508
LISAH-BVD-0-196-20230511,1,1364065,Veronica persica,55.527676
LISAH-BVD-0-196-20230511,2,1359171,Coronilla repanda,55.293793
LISAH-BVD-0-196-20230511,3,1363805,Lathyrus annuus,55.199600
LISAH-BVD-0-197-20230511,1,1359333,Medicago arabica,60.215858
LISAH-BVD-0-197-20230511,2,1363740,Trifolium repens,55.913620
LISAH-BVD-0-197-20230511,3,1363731,Medicago polymorpha,55.515171
LISAH-BVD-0-200-20230511,1,1363993,Potentilla reptans,61.165905
LISAH-BVD-0-200-20230511,2,1356278,Trifolium fragiferum,58.889397
LISAH-BVD-0-200-20230511,3,1363455,Poa annua,57.102749
LISAH-BVD-0-203-20230511,1,1356278,Trifolium fragiferum,58.193588
LISAH-BVD-0-203-20230511,2,1363740,Trifolium repens,57.649040
LISAH-BVD-0-203-20230511,3,1363739,Trifolium nigrescens,57.445164
LISAH-BVD-0-205-20230511,1,1363740,Trifolium repens,57.610477
LISAH-BVD-0-205-20230511,2,1361369,Poa compressa,55.973221
LISAH-BVD-0-205-20230511,3,1361256,Eragrostis multicaulis,55.451630
LISAH-BVD-0-206-20230511,1,1363740,Trifolium repens,57.547897
LISAH-BVD-0-206-20230511,2,1361245,Eleusine indica,57.038525
LISAH-BVD-0-206-20230511,3,1363455,Poa annua,56.679451
LISAH-BVD-0-208-20230511,1,1363455,Poa annua,58.695862
LISAH-BVD-0-208-20230511,2,1390967,Catapodium rigidum,56.419044
LISAH-BVD-0-208-20230511,3,1390966,Catapodium marinum,55.838928
LISAH-BVD-0-209-20230511,1,1363740,Trifolium repens,57.459251
LISAH-BVD-0-209-20230511,2,1356278,Trifolium fragiferum,57.126205
LISAH-BVD-0-209-20230511,3,1356066,Plantago lanceolata,56.949829
LISAH-BVD-0-25-20230510,1,1357875,Sonchus asper,56.295921
LISAH-BVD-0-25-20230510,2,1363739,Trifolium nigrescens,55.826084
LISAH-BVD-0-25-20230510,3,1362232,Setaria parviflora,55.755104
LISAH-BVD-0-275-20230516,1,1361307,Hordeum murinum,62.446793
LISAH-BVD-0-275-20230516,2,1363993,Potentilla reptans,59.896442
LISAH-BVD-0-275-20230516,3,1363468,Avena fatua,59.842968
LISAH-BVD-0-277-20230516,1,1363993,Potentilla reptans,63.932640
LISAH-BVD-0-277-20230516,2,1407739,Bromus catharticus,59.772720
LISAH-BVD-0-277-20230516,3,1361307,Hordeum murinum,59.723904
LISAH-BVD-0-278-20230516,1,1363993,Potentilla reptans,64.572800
LISAH-BVD-0-278-20230516,2,1360304,Potentilla anglica,59.284328
LISAH-BVD-0-278-20230516,3,1361307,Hordeum murinum,58.431007
LISAH-BVD-0-281-20230516,1,1363993,Potentilla reptans,64.649643
LISAH-BVD-0-281-20230516,2,1361190,Avena sterilis,60.831764
LISAH-BVD-0-281-20230516,3,1395667,Rumex longifolius,60.507275
LISAH-BVD-0-282-20230516,1,1363993,Potentilla reptans,62.373238
LISAH-BVD-0-282-20230516,2,1361190,Avena sterilis,61.981571
LISAH-BVD-0-282-20230516,3,1414366,Bromus sterilis,61.391582
LISAH-BVD-0-283-20230516,1,1363993,Potentilla reptans,66.109116
LISAH-BVD-0-283-20230516,2,1360304,Potentilla anglica,59.146702
LISAH-BVD-0-283-20230516,3,1728592,Potentilla verna,57.820377
LISAH-BVD-0-285-20230516,1,1361307,Hordeum murinum,62.722488
LISAH-BVD-0-285-20230516,2,1363993,Potentilla reptans,61.734901
LISAH-BVD-0-285-20230516,3,1360304,Potentilla anglica,60.443901
LISAH-BVD-0-287-20230516,1,1363993,Potentilla reptans,61.997391
LISAH-BVD-0-287-20230516,2,1361307,Hordeum murinum,61.103226
LISAH-BVD-0-287-20230516,3,1425584,Setaria viridis,59.828335
LISAH-BVD-0-288-20230516,1,1363993,Potentilla reptans,62.439335
LISAH-BVD-0-288-20230516,2,1737440,Lolium pratense,56.899620
LISAH-BVD-0-288-20230516,3,1363460,Holcus lanatus,56.855457
LISAH-BVD-0-292-20230516,1,1363993,Potentilla reptans,64.671524
LISAH-BVD-0-292-20230516,2,1360304,Potentilla anglica,61.013313
LISAH-BVD-0-292-20230516,3,1361307,Hordeum murinum,57.967266
LISAH-BVD-0-293-20230516,1,1363993,Potentilla reptans,62.219631
LISAH-BVD-0-293-20230516,2,1407739,Bromus catharticus,61.709236
LISAH-BVD-0-293-20230516,3,1363459,Poa trivialis,61.309349
LISAH-BVD-0-294-20230516,1,1363993,Potentilla reptans,63.153122
LISAH-BVD-0-294-20230516,2,1360304,Potentilla anglica,58.274521
LISAH-BVD-0-294-20230516,3,1407739,Bromus catharticus,56.448929
LISAH-BVD-0-295-20230516,1,1363993,Potentilla reptans,59.448761
LISAH-BVD-0-295-20230516,2,1362023,Festuca filiformis,55.510494
LISAH-BVD-0-295-20230516,3,1356278,Trifolium fragiferum,55.368774
LISAH-BVD-0-296-20230516,1,1363993,Potentilla reptans,63.017479
LISAH-BVD-0-296-20230516,2,1360304,Potentilla anglica,56.325226
LISAH-BVD-0-296-20230516,3,1394592,Pimpinella major,55.986305
LISAH-BVD-0-297-20230516,1,1363993,Potentilla reptans,59.969593
LISAH-BVD-0-297-20230516,2,1407739,Bromus catharticus,59.921860
LISAH-BVD-0-297-20230516,3,1359277,Lathyrus nissolia,57.646770
LISAH-BVD-0-298-20230516,1,1363993,Potentilla reptans,61.848099
LISAH-BVD-0-298-20230516,2,1390967,Catapodium rigidum,59.538525
LISAH-BVD-0-298-20230516,3,1407739,Bromus catharticus,58.164597
LISAH-BVD-0-299-20230516,1,1363993,Potentilla reptans,61.276711
LISAH-BVD-0-299-20230516,2,1355869,Crepis capillaris,56.039627
LISAH-BVD-0-299-20230516,3,1390967,Catapodium rigidum,55.748154
LISAH-BVD-0-300-20230516,1,1363993,Potentilla reptans,63.242317
LISAH-BVD-0-300-20230516,2,1422217,Bromus madritensis,60.577496
LISAH-BVD-0-300-20230516,3,1360793,Scandix pecten-veneris,58.092201
LISAH-BVD-0-301-20230516,1,1363993,Potentilla reptans,63.615929
LISAH-BVD-0-301-20230516,2,1407739,Bromus catharticus,63.379158
LISAH-BVD-0-301-20230516,3,1360304,Potentilla anglica,57.700333
LISAH-BVD-0-302-20230516,1,1363993,Potentilla reptans,62.209160
LISAH-BVD-0-302-20230516,2,1400126,Betonica officinalis,59.151237
LISAH-BVD-0-302-20230516,3,1360313,Potentilla recta,56.191032
LISAH-BVD-0-309-20230516,1,1363993,Potentilla reptans,63.842827
LISAH-BVD-0-309-20230516,2,1360304,Potentilla anglica,58.233665
LISAH-BVD-0-309-20230516,3,1400126,Betonica officinalis,57.912922
LISAH-BVD-0-310-20230516,1,1363993,Potentilla reptans,64.687576
LISAH-BVD-0-310-20230516,2,1355869,Crepis capillaris,59.621506
LISAH-BVD-0-310-20230516,3,1360304,Potentilla anglica,57.112892
LISAH-BVD-0-337-20230516,1,1361307,Hordeum murinum,60.498646
LISAH-BVD-0-337-20230516,2,1364006,Convolvulus arvensis,60.199280
LISAH-BVD-0-337-20230516,3,1360985,Arisarum simorrhinum,59.038395
LISAH-BVD-0-338-20230516,1,1356286,Bromus hordeaceus,63.163818
LISAH-BVD-0-338-20230516,2,1361307,Hordeum murinum,61.047981
LISAH-BVD-0-338-20230516,3,1363805,Lathyrus annuus,59.552200
LISAH-BVD-0-339-20230516,1,1356286,Bromus hordeaceus,63.314568
LISAH-BVD-0-339-20230516,2,1414353,Bromus diandrus,60.856785
LISAH-BVD-0-339-20230516,3,1407739,Bromus catharticus,60.807327
LISAH-BVD-0-341-20230516,1,1356286,Bromus hordeaceus,62.704681
LISAH-BVD-0-341-20230516,2,1364006,Convolvulus arvensis,60.283379
LISAH-BVD-0-341-20230516,3,1362626,Colocasia esculenta,57.796013
LISAH-BVD-0-342-20230516,1,1356286,Bromus hordeaceus,63.961716
LISAH-BVD-0-342-20230516,2,1364006,Convolvulus arvensis,61.899841
LISAH-BVD-0-342-20230516,3,1394636,Plantago media,59.370781
LISAH-BVD-0-343-20230516,1,1356286,Bromus hordeaceus,62.461365
LISAH-BVD-0-343-20230516,2,1363740,Trifolium repens,57.009079
LISAH-BVD-0-343-20230516,3,1363213,Torilis nodosa,56.957664
LISAH-BVD-0-344-20230516,1,1364006,Convolvulus arvensis,59.580872
LISAH-BVD-0-344-20230516,2,1720971,Lolium arundinaceum,57.208626
LISAH-BVD-0-344-20230516,3,1356286,Bromus hordeaceus,56.657967
LISAH-BVD-0-345-20230516,1,1356286,Bromus hordeaceus,64.091812
LISAH-BVD-0-345-20230516,2,1364006,Convolvulus arvensis,58.232773
LISAH-BVD-0-345-20230516,3,1722432,Bromus ferronii,55.929100
LISAH-BVD-0-346-20230516,1,1356286,Bromus hordeaceus,62.227158
LISAH-BVD-0-346-20230516,2,1364006,Convolvulus arvensis,59.587196
LISAH-BVD-0-346-20230516,3,1361155,Alopecurus geniculatus,57.917786
LISAH-BVD-0-347-20230516,1,1356286,Bromus hordeaceus,63.366638
LISAH-BVD-0-347-20230516,2,1364006,Convolvulus arvensis,59.990524
LISAH-BVD-0-347-20230516,3,1357815,Reichardia picroides,56.798698
LISAH-BVD-0-348-20230516,1,1356286,Bromus hordeaceus,64.281143
LISAH-BVD-0-348-20230516,2,1357875,Sonchus asper,59.867569
LISAH-BVD-0-348-20230516,3,1364006,Convolvulus arvensis,57.716248
LISAH-BVD-0-349-20230516,1,1356286,Bromus hordeaceus,63.705269
LISAH-BVD-0-349-20230516,2,1364006,Convolvulus arvensis,61.741501
LISAH-BVD-0-349-20230516,3,1363467,Avena barbata,60.333500
LISAH-BVD-0-35-20230510,1,1363803,Lathyrus pratensis,57.516342
LISAH-BVD-0-35-20230510,2,1361316,Leersia oryzoides,56.865921
LISAH-BVD-0-35-20230510,3,1721301,Stellaria palustris,56.544342
LISAH-BVD-0-350-20230516,1,1356286,Bromus hordeaceus,63.474606
LISAH-BVD-0-350-20230516,2,1364006,Convolvulus arvensis,59.981018
LISAH-BVD-0-350-20230516,3,1357635,Helminthotheca echioides,57.708790
LISAH-BVD-0-351-20230516,1,1364006,Convolvulus arvensis,60.746059
LISAH-BVD-0-351-20230516,2,1356066,Plantago lanceolata,57.609367
LISAH-BVD-0-351-20230516,3,1363798,Lathyrus aphaca,56.448654
LISAH-BVD-0-352-20230516,1,1356286,Bromus hordeaceus,60.848221
LISAH-BVD-0-352-20230516,2,1391963,Epipactis palustris,58.925301
LISAH-BVD-0-352-20230516,3,1411890,Elymus repens,58.901146
LISAH-BVD-0-353-20230516,1,1363402,Polypogon monspeliensis,62.697258
LISAH-BVD-0-353-20230516,2,1356286,Bromus hordeaceus,61.326000
LISAH-BVD-0-353-20230516,3,1364006,Convolvulus arvensis,60.501312
LISAH-BVD-0-354-20230516,1,1364006,Convolvulus arvensis,60.803482
LISAH-BVD-0-354-20230516,2,1363490,Phalaris arundinacea,57.400715
LISAH-BVD-0-354-20230516,3,1391337,Convolvulus betonicifolius,57.288387
LISAH-BVD-0-364-20230516,1,1361307,Hordeum murinum,60.513912
LISAH-BVD-0-364-20230516,2,1364173,Lactuca serriola,60.376740
LISAH-BVD-0-364-20230516,3,1358654,Erodium malacoides,58.510464
LISAH-BVD-0-372-20230516,1,1361307,Hordeum murinum,60.259964
LISAH-BVD-0-372-20230516,2,1359970,Plantago serraria,57.234619
LISAH-BVD-0-372-20230516,3,1389966,Cenchrus longisetus,56.322712
LISAH-BVD-0-379-20230516,1,1361307,Hordeum murinum,60.031448
LISAH-BVD-0-379-20230516,2,1356397,Equisetum ramosissimum,59.238285
LISAH-BVD-0-379-20230516,3,1364006,Convolvulus arvensis,57.846199
LISAH-BVD-0-380-20230516,1,1361307,Hordeum murinum,61.316696
LISAH-BVD-0-380-20230516,2,1364006,Convolvulus arvensis,59.453831
LISAH-BVD-0-380-20230516,3,1363475,Lolium perenne,58.582470
LISAH-BVD-0-383-20230516,1,1414353,Bromus diandrus,58.565296
LISAH-BVD-0-383-20230516,2,1722436,Festuca bromoides,58.004509
LISAH-BVD-0-383-20230516,3,1722501,Rumex spinosus,57.514141
LISAH-BVD-0-392-20230516,1,1364006,Convolvulus arvensis,60.349079
LISAH-BVD-0-392-20230516,2,1407739,Bromus catharticus,57.186012
LISAH-BVD-0-392-20230516,3,1363740,Trifolium repens,57.095245
LISAH-BVD-0-397-20230517,1,1363460,Holcus lanatus,59.933510
LISAH-BVD-0-397-20230517,2,1361307,Hordeum murinum,58.237827
LISAH-BVD-0-397-20230517,3,1414353,Bromus diandrus,57.762402
LISAH-BVD-0-398-20230517,1,1363740,Trifolium repens,58.593330
LISAH-BVD-0-398-20230517,2,1728568,Jacobaea erucifolia,57.994961
LISAH-BVD-0-398-20230517,3,1356066,Plantago lanceolata,56.837543
LISAH-BVD-0-412-20230517,1,1360860,Verbena officinalis,60.152061
LISAH-BVD-0-412-20230517,2,1357549,Crepis vesicaria,60.101925
LISAH-BVD-0-412-20230517,3,1391445,Crepis biennis,59.679573
LISAH-BVD-0-417-20230517,1,1356286,Bromus hordeaceus,63.264832
LISAH-BVD-0-417-20230517,2,1361307,Hordeum murinum,60.543251
LISAH-BVD-0-417-20230517,3,1363740,Trifolium repens,59.158840
LISAH-BVD-0-428-20230517,1,1356286,Bromus hordeaceus,62.002235
LISAH-BVD-0-428-20230517,2,1361307,Hordeum murinum,60.705223
LISAH-BVD-0-428-20230517,3,1396416,Sporobolus indicus,60.386372
LISAH-BVD-0-430-20230517,1,1356286,Bromus hordeaceus,64.087952
LISAH-BVD-0-430-20230517,2,1364006,Convolvulus arvensis,59.944405
LISAH-BVD-0-430-20230517,3,1363802,Lathyrus odoratus,58.754261
LISAH-BVD-0-431-20230517,1,1407739,Bromus catharticus,62.696194
LISAH-BVD-0-431-20230517,2,1356286,Bromus hordeaceus,60.761810
LISAH-BVD-0-431-20230517,3,1364006,Convolvulus arvensis,60.691589
LISAH-BVD-0-432-20230517,1,1356286,Bromus hordeaceus,64.093369
LISAH-BVD-0-432-20230517,2,1357635,Helminthotheca echioides,61.398872
LISAH-BVD-0-432-20230517,3,1364006,Convolvulus arvensis,61.091751
LISAH-BVD-0-463-20230517,1,1364065,Veronica persica,59.818855
LISAH-BVD-0-463-20230517,2,1359517,Trifolium pratense,57.899704
LISAH-BVD-0-463-20230517,3,1363496,Paspalum dilatatum,57.895714
LISAH-BVD-0-465-20230517,1,1364065,Veronica persica,60.056011
LISAH-BVD-0-465-20230517,2,1363740,Trifolium repens,58.581249
LISAH-BVD-0-465-20230517,3,1356066,Plantago lanceolata,57.916706
LISAH-BVD-0-471-20230517,1,1356286,Bromus hordeaceus,64.415329
LISAH-BVD-0-471-20230517,2,1407739,Bromus catharticus,59.249760
LISAH-BVD-0-471-20230517,3,1364063,Veronica arvensis,58.293655
LISAH-BVD-0-54-20230510,1,1722501,Rumex spinosus,61.721062
LISAH-BVD-0-54-20230510,2,1356314,Rumex pulcher,58.423504
LISAH-BVD-0-54-20230510,3,1359639,Malva parviflora,57.822861
LISAH-BVD-0-99-20230510,1,1356286,Bromus hordeaceus,62.298637
LISAH-BVD-0-99-20230510,2,1363731,Medicago polymorpha,60.975525
LISAH-BVD-0-99-20230510,3,1361307,Hordeum murinum,58.988586
LISAH-JAS-0-1-20220505,1,1357526,Crepis bursifolia,64.232880
LISAH-JAS-0-1-20220505,2,1357546,Crepis sancta,63.413208
LISAH-JAS-0-1-20220505,3,1743328,Crepis triasii,60.934799
LISAH-JAS-0-11-20220505,1,1359519,Trifolium resupinatum,63.337685
LISAH-JAS-0-11-20220505,2,1357875,Sonchus asper,60.847389
LISAH-JAS-0-11-20220505,3,1357338,Carduus bourgeanus,59.902824
LISAH-JAS-0-12-20220505,1,1359519,Trifolium resupinatum,66.560471
LISAH-JAS-0-12-20220505,2,1359860,Chaenorhinum minus,62.970520
LISAH-JAS-0-12-20220505,3,1359268,Lathyrus cicera,61.884991
LISAH-JAS-0-13-20220505,1,1359519,Trifolium resupinatum,65.785362
LISAH-JAS-0-13-20220505,2,1363731,Medicago polymorpha,62.388626
LISAH-JAS-0-13-20220505,3,1363739,Trifolium nigrescens,62.221886
LISAH-JAS-0-15-20220505,1,1359519,Trifolium resupinatum,66.234138
LISAH-JAS-0-15-20220505,2,1422217,Bromus madritensis,64.061836
LISAH-JAS-0-15-20220505,3,1362236,Fumaria parviflora,63.159538
LISAH-JAS-0-16-20220505,1,1359519,Trifolium resupinatum,67.255165
LISAH-JAS-0-16-20220505,2,1363878,Diplotaxis erucoides,63.099052
LISAH-JAS-0-16-20220505,3,1356278,Trifolium fragiferum,62.919903
LISAH-JAS-0-17-20220505,1,1393770,Medicago littoralis,64.233475
LISAH-JAS-0-17-20220505,2,1362236,Fumaria parviflora,63.763542
LISAH-JAS-0-17-20220505,3,1363731,Medicago polymorpha,62.624176
LISAH-JAS-0-2-20220505,1,1356111,Lamium amplexicaule,62.814598
LISAH-JAS-0-2-20220505,2,1363179,Chenopodium ficifolium,62.213203
LISAH-JAS-0-2-20220505,3,1364065,Veronica persica,61.291504
LISAH-JAS-0-6-20220505,1,1359519,Trifolium resupinatum,66.414093
LISAH-JAS-0-6-20220505,2,1364138,Senecio vulgaris,62.916473
LISAH-JAS-0-6-20220505,3,1356084,Polygonum aviculare,62.374580
LISAH-JAS-0-7-20220505,1,1359519,Trifolium resupinatum,63.874977
LISAH-JAS-0-7-20220505,2,1364138,Senecio vulgaris,63.018623
LISAH-JAS-0-7-20220505,3,1356084,Polygonum aviculare,60.949791
LISAH-JAS-0-9-20220505,1,1359519,Trifolium resupinatum,65.396187
LISAH-JAS-0-9-20220505,2,1357546,Crepis sancta,63.659393
LISAH-JAS-0-9-20220505,3,1743544,Trifolium clusii,62.667343
LISAH-JAS-1-25-20220505,1,1363213,Torilis nodosa,61.759655
LISAH-JAS-1-25-20220505,2,1414366,Bromus sterilis,59.140900
LISAH-JAS-1-25-20220505,3,1355994,Erodium cicutarium,58.988602
LISAH-JAS-1-27-20220505,1,1361307,Hordeum murinum,62.884392
LISAH-JAS-1-27-20220505,2,1361190,Avena sterilis,62.025478
LISAH-JAS-1-27-20220505,3,1363730,Medicago lupulina,61.449409
LISAH-JAS-1-28-20220505,1,1362898,Malva multiflora,60.939930
LISAH-JAS-1-28-20220505,2,1363947,Malva sylvestris,60.829891
LISAH-JAS-1-28-20220505,3,1422217,Bromus madritensis,60.377697
LISAH-JAS-1-5-20220505,1,1364065,Veronica persica,61.175472
LISAH-JAS-1-5-20220505,2,1357546,Crepis sancta,60.429054
LISAH-JAS-1-5-20220505,3,1396956,Urospermum picroides,59.991219
LISAH-PEC-0-0-20220608,1,1357945,Tolpis umbellata,63.972771
LISAH-PEC-0-0-20220608,2,1744673,Mantisalca spinulosa,60.880177
LISAH-PEC-0-0-20220608,3,1361926,Scabiosa columbaria,60.788803
LISAH-PEC-0-1-20230411,1,1356013,Geranium rotundifolium,67.544739
LISAH-PEC-0-1-20230411,2,1364138,Senecio vulgaris,61.143147
LISAH-PEC-0-1-20230411,3,1356008,Geranium molle,60.815887
LISAH-PEC-0-10-20230405,1,1364138,Senecio vulgaris,62.748428
LISAH-PEC-0-10-20230405,2,1357635,Helminthotheca echioides,59.852394
LISAH-PEC-0-10-20230405,3,1363878,Diplotaxis erucoides,58.674683
LISAH-PEC-0-11-20230405,1,1357635,Helminthotheca echioides,60.583599
LISAH-PEC-0-11-20230405,2,1396208,Senecio vernalis,59.683533
LISAH-PEC-0-11-20230405,3,1357861,Senecio leucanthemifolius,59.611744
LISAH-PEC-0-11-20230411,1,1356013,Geranium rotundifolium,62.340607
LISAH-PEC-0-11-20230411,2,1363878,Diplotaxis erucoides,59.662270
LISAH-PEC-0-11-20230411,3,1357934,Tolpis barbata,57.566391
LISAH-PEC-0-12-20230411,1,1356013,Geranium rotundifolium,66.959824
LISAH-PEC-0-12-20230411,2,1398723,Ranunculus ollissiponensis,60.082024
LISAH-PEC-0-12-20230411,3,1519648,Scorzoneroides carpetana,58.682304
LISAH-PEC-0-13-20230411,1,1356013,Geranium rotundifolium,66.070450
LISAH-PEC-0-13-20230411,2,1357635,Helminthotheca echioides,60.351994
LISAH-PEC-0-13-20230411,3,1550154,Erodium cazorlanum,60.097687
LISAH-PEC-0-13-20230413,1,1356013,Geranium rotundifolium,61.981689
LISAH-PEC-0-13-20230413,2,1357514,Cladanthus mixtus,58.936207
LISAH-PEC-0-13-20230413,3,1518014,Prolongoa hispanica,58.887512
LISAH-PEC-0-14-20230407,1,1363988,Crataegus monogyna,55.934307
LISAH-PEC-0-14-20230407,2,1738679,Trocdaris verticillatum,54.570454
LISAH-PEC-0-14-20230407,3,1360293,Crataegus laevigata,54.333176
LISAH-PEC-0-15-20230407,1,1361000,Asparagus acutifolius,55.966461
LISAH-PEC-0-15-20230407,2,1386159,Asparagus aethiopicus,55.426231
LISAH-PEC-0-15-20230407,3,1360701,Echinophora spinosa,54.781837
LISAH-PEC-0-17-20230413,1,1362258,Armeria gaditana,58.725182
LISAH-PEC-0-17-20230413,2,1359279,Lathyrus ochrus,57.608063
LISAH-PEC-0-17-20230413,3,1397373,Ecballium elaterium,56.902676
LISAH-PEC-0-18-20230411,1,1356013,Geranium rotundifolium,63.861069
LISAH-PEC-0-18-20230411,2,1363875,Diplotaxis muralis,59.176750
LISAH-PEC-0-18-20230411,3,1357635,Helminthotheca echioides,58.241295
LISAH-PEC-0-19-20230413,1,1356013,Geranium rotundifolium,66.695816
LISAH-PEC-0-19-20230413,2,1363676,Vicia faba,62.108601
LISAH-PEC-0-19-20230413,3,1550154,Erodium cazorlanum,59.079594
LISAH-PEC-0-20-20230411,1,1356013,Geranium rotundifolium,65.512413
LISAH-PEC-0-20-20230411,2,1355964,Euphorbia helioscopia,60.909069
LISAH-PEC-0-20-20230411,3,1550154,Erodium cazorlanum,59.392704
LISAH-PEC-0-4-20230407,1,1578145,Genista mugronensis,51.663651
LISAH-PEC-0-4-20230407,2,1361081,Carex riparia,50.970036
LISAH-PEC-0-4-20230407,3,1358625,Centaurium maritimum,50.863705
LISAH-PEC-0-4-20230411,1,1356013,Geranium rotundifolium,66.975784
LISAH-PEC-0-4-20230411,2,1550154,Erodium cazorlanum,60.245979
LISAH-PEC-0-4-20230411,3,1359171,Coronilla repanda,60.027626
LISAH-PEC-0-6-20220608,1,1357401,Centaurea aspera,65.203690
LISAH-PEC-0-6-20220608,2,1744677,Centaurea bofilliana,62.092285
LISAH-PEC-0-6-20220608,3,1502684,Centaurea linifolia,62.075058
LISAH-PEC-0-6-20230411,1,1356013,Geranium rotundifolium,66.452766
LISAH-PEC-0-6-20230411,2,1357635,Helminthotheca echioides,60.181011
LISAH-PEC-0-6-20230411,3,1550154,Erodium cazorlanum,59.937435
LISAH-PEC-0-8-20230405,1,1363878,Diplotaxis erucoides,63.118782
LISAH-PEC-0-8-20230405,2,1363791,Scorpiurus muricatus,61.239292
LISAH-PEC-0-8-20230405,3,1480138,Diplotaxis ilorcitana,61.079807
LISAH-PEC-0-9-20230411,1,1356013,Geranium rotundifolium,67.196831
LISAH-PEC-0-9-20230411,2,1355964,Euphorbia helioscopia,61.188423
LISAH-PEC-0-9-20230411,3,1550154,Erodium cazorlanum,60.440434
LISAH-PEC-0-9-20230413,1,1356013,Geranium rotundifolium,65.826988
LISAH-PEC-0-9-20230413,2,1357598,Galactites tomentosus,63.821709
LISAH-PEC-0-9-20230413,3,1357596,Galactites duriaei,60.802879
LISAH-PEC-1-13-20230405,1,1363878,Diplotaxis erucoides,65.691711
LISAH-PEC-1-13-20230405,2,1357635,Helminthotheca echioides,62.238354
LISAH-PEC-1-13-20230405,3,1362951,Bothriochloa ischaemum,62.229168
LISAH-PEC-1-18-20230407,1,1363878,Diplotaxis erucoides,61.155369
LISAH-PEC-1-18-20230407,2,1355869,Crepis capillaris,60.926346
LISAH-PEC-1-18-20230407,3,1437978,Scorzonera laciniata,60.759892
LISAH-PEC-2-0-20220609,1,1357227,Anthemis maritima,64.819023
LISAH-PEC-2-0-20220609,2,1356013,Geranium rotundifolium,64.321838
LISAH-PEC-2-0-20220609,3,1364151,Anacyclus clavatus,64.231445
LISAH-PEC-2-11-20220609,1,1357351,Carduus pycnocephalus,62.532619
LISAH-PEC-2-11-20220609,2,1356013,Geranium rotundifolium,62.160938
LISAH-PEC-2-11-20220609,3,1355881,Carduus tenuiflorus,60.880993
LISAH-PEC-2-17-20230407,1,1355995,Erodium moschatum,59.519112
LISAH-PEC-2-17-20230407,2,1687885,Saxifraga bourgaeana,59.354233
LISAH-PEC-2-17-20230407,3,1355994,Erodium cicutarium,59.304024
LISAH-PEC-2-2-20220609,1,1356013,Geranium rotundifolium,65.994705
LISAH-PEC-2-2-20220609,2,1422217,Bromus madritensis,60.318096
LISAH-PEC-2-2-20220609,3,1356012,Geranium purpureum,59.511772
LISAH-PEC-2-20-20230407,1,1356013,Geranium rotundifolium,65.071548
LISAH-PEC-2-20-20230407,2,1363878,Diplotaxis erucoides,61.005890
LISAH-PEC-2-20-20230407,3,1743300,Sulla spinosissima,60.524635
LISAH-PEC-2-4-20220609,1,1356013,Geranium rotundifolium,63.993435
LISAH-PEC-2-4-20220609,2,1357351,Carduus pycnocephalus,62.021973
LISAH-PEC-2-4-20220609,3,1357335,Carduus argyroa,61.034424
LISAH-PEC-2-5-20220609,1,1357514,Cladanthus mixtus,63.602257
LISAH-PEC-2-5-20220609,2,1364151,Anacyclus clavatus,63.503193
LISAH-PEC-2-5-20220609,3,1357351,Carduus pycnocephalus,63.439362
LISAH-PEC-2-5-20230407,1,1356013,Geranium rotundifolium,66.774849
LISAH-PEC-2-5-20230407,2,1722525,Stellaria apetala,60.593342
LISAH-PEC-2-5-20230407,3,1355998,Erodium laciniatum,59.169037
LISAH-PEC-2-6-20220609,1,1356149,Datura ferox,60.748150
LISAH-PEC-2-6-20220609,2,1422217,Bromus madritensis,59.941055
LISAH-PEC-2-6-20220609,3,1355950,Scolymus maculatus,59.530655
LISAH-PEC-3-10-20230407,1,1363804,Lathyrus sativus,66.069397
LISAH-PEC-3-10-20230407,2,1359268,Lathyrus cicera,61.410358
LISAH-PEC-3-10-20230407,3,1363799,Lathyrus clymenum,61.012085
LISAH-PEC-3-16-20230407,1,1363676,Vicia faba,62.767372
LISAH-PEC-3-16-20230407,2,1359279,Lathyrus ochrus,60.975819
LISAH-PEC-3-16-20230407,3,1363804,Lathyrus sativus,59.876526
LISAH-PEC-3-20-20230407,1,1363676,Vicia faba,61.975040
LISAH-PEC-3-20-20230407,2,1363703,Lupinus albus,60.278786
LISAH-PEC-3-20-20230407,3,1722569,Atriplex suberecta,59.231865
OPTMix-0108-P1-312-20231006,1,1392669,Gymnocarpium dryopteris,55.374760
OPTMix-0108-P1-312-20231006,2,1391805,Dryopteris carthusiana,52.019718
OPTMix-0108-P1-312-20231006,3,1358612,Quercus canariensis,51.889214
OPTMix-0108-P1-422-20231006,1,1363593,Molinia caerulea,57.512932
OPTMix-0108-P1-422-20231006,2,1357413,Quercus robur,55.344086
OPTMix-0108-P1-422-20231006,3,1363933,Ehrharta erecta,54.944489
OPTMix-0108-P1-427-20231006,1,1356404,Pteridium aquilinum,55.723564
OPTMix-0108-P1-427-20231006,2,1391805,Dryopteris carthusiana,53.924881
OPTMix-0108-P1-427-20231006,3,1392669,Gymnocarpium dryopteris,51.143608
OPTMix-0108-P1-533-20231006,1,1363526,Cynodon dactylon,56.097771
OPTMix-0108-P1-533-20231006,2,1363593,Molinia caerulea,53.314075
OPTMix-0108-P1-533-20231006,3,1363543,Stenotaphrum secundatum,52.809570
OPTMix-0108-P1-95-20231006,1,1417672,Furcraea parmentieri,50.479851
OPTMix-0108-P1-95-20231006,2,1396117,Scorzoneroides autumnalis,50.309723
OPTMix-0108-P1-95-20231006,3,1364114,Launaea arborescens,49.175167
OPTMix-012-P1-143-20231201,1,1419076,Quercus petraea,55.124710
OPTMix-012-P1-143-20231201,2,1400084,Avenella flexuosa,54.154552
OPTMix-012-P1-143-20231201,3,1357413,Quercus robur,53.942532
OPTMix-012-P1-208-20231201,1,1419076,Quercus petraea,55.905182
OPTMix-012-P1-208-20231201,2,1359973,Plantago subulata,55.147049
OPTMix-012-P1-208-20231201,3,1357413,Quercus robur,55.117302
OPTMix-012-P2-192-20231201,1,1419076,Quercus petraea,56.860939
OPTMix-012-P2-192-20231201,2,1392697,Hedera colchica,55.987938
OPTMix-012-P2-192-20231201,3,1467321,Hedera maroccana,55.914619
OPTMix-012-P2-207-20231201,1,1360945,Allium vineale,58.327381
OPTMix-012-P2-207-20231201,2,1357413,Quercus robur,56.504169
OPTMix-012-P2-207-20231201,3,1393725,Maianthemum bifolium,54.836639
OPTMix-012-P2-240-20231201,1,1400084,Avenella flexuosa,56.637466
OPTMix-012-P2-240-20231201,2,1361585,Juncus squarrosus,56.229084
OPTMix-012-P2-240-20231201,3,1357413,Quercus robur,54.353966
OPTMix-012-P3-190-20231201,1,1359973,Plantago subulata,57.746262
OPTMix-012-P3-190-20231201,2,1419076,Quercus petraea,57.730953
OPTMix-012-P3-190-20231201,3,1400084,Avenella flexuosa,57.556072
OPTMix-012-P3-218-20231201,1,1419076,Quercus petraea,58.958496
OPTMix-012-P3-218-20231201,2,1400084,Avenella flexuosa,55.939205
OPTMix-012-P3-218-20231201,3,1362023,Festuca filiformis,54.566410
OPTMix-012-P3-220-20231201,1,1362023,Festuca filiformis,55.166836
OPTMix-012-P3-220-20231201,2,1400084,Avenella flexuosa,54.207401
OPTMix-012-P3-220-20231201,3,1396752,Thelypteris palustris,53.844482
OPTMix-0178-P1-1060-20231006,1,1356382,Dryopteris filix-mas,58.768776
OPTMix-0178-P1-1060-20231006,2,1396752,Thelypteris palustris,55.075104
OPTMix-0178-P1-1060-20231006,3,1391807,Dryopteris cristata,54.717785
OPTMix-0178-P1-1061-20231006,1,1357413,Quercus robur,53.667164
OPTMix-0178-P1-1061-20231006,2,1394611,Pinus pinaster,52.154350
OPTMix-0178-P1-1061-20231006,3,1396168,Selaginella kraussiana,51.073948
OPTMix-0178-P1-552-20231006,1,1391805,Dryopteris carthusiana,57.830563
OPTMix-0178-P1-552-20231006,2,1391809,Dryopteris dilatata,57.020748
OPTMix-0178-P1-552-20231006,3,1356382,Dryopteris filix-mas,56.894070
OPTMix-0178-P1-661-20231006,1,1356404,Pteridium aquilinum,60.372864
OPTMix-0178-P1-661-20231006,2,1396752,Thelypteris palustris,59.100880
OPTMix-0178-P1-661-20231006,3,1356382,Dryopteris filix-mas,57.932156
OPTMix-0178-P1-663-20231006,1,1419076,Quercus petraea,55.276905
OPTMix-0178-P1-663-20231006,2,1358612,Quercus canariensis,54.717453
OPTMix-0178-P1-663-20231006,3,1395026,Quercus pubescens,53.829475
OPTMix-0178-P1-669-20231006,1,1357413,Quercus robur,55.191269
OPTMix-0178-P1-669-20231006,2,1419076,Quercus petraea,53.434929
OPTMix-0178-P1-669-20231006,3,1407770,Callitriche deflexa,52.810364
OPTMix-0200-11006-20231009,1,1391809,Dryopteris dilatata,56.395493
OPTMix-0200-11006-20231009,2,1358612,Quercus canariensis,54.703545
OPTMix-0200-11006-20231009,3,1743914,Quercus estremadurensis,53.822227
OPTMix-0200-P2-53-20231009,1,1358504,Erica australis,61.447372
OPTMix-0200-P2-53-20231009,2,1359460,Stauracanthus boivinii,60.895256
OPTMix-0200-P2-53-20231009,3,1358514,Erica umbellata,60.014004
OPTMix-0200-P2-54-20231009,1,1363337,Typha domingensis,57.097260
OPTMix-0200-P2-54-20231009,2,1363543,Stenotaphrum secundatum,53.890766
OPTMix-0200-P2-54-20231009,3,1361316,Leersia oryzoides,53.847454
OPTMix-0200-P2-68-20231009,1,1358501,Calluna vulgaris,61.133739
OPTMix-0200-P2-68-20231009,2,1357274,Artemisia barrelieri,59.098736
OPTMix-0200-P2-68-20231009,3,1362319,Herniaria fruticosa,57.560253
OPTMix-0200-P3-108-20231009,1,1356404,Pteridium aquilinum,58.011040
OPTMix-0200-P3-108-20231009,2,1392524,Genista sagittalis,55.679768
OPTMix-0200-P3-108-20231009,3,1363087,Carex reuteriana,54.231560
OPTMix-0200-P3-127-20231009,1,1356404,Pteridium aquilinum,55.997238
OPTMix-0200-P3-127-20231009,2,1398295,Rubus saltuum,55.500366
OPTMix-0200-P3-127-20231009,3,1363401,Imperata cylindrica,55.461899
OPTMix-0200-P3-139-20231009,1,1363593,Molinia caerulea,56.372078
OPTMix-0200-P3-139-20231009,2,1358349,Lepidium graminifolium,55.894989
OPTMix-0200-P3-139-20231009,3,1722433,Calamagrostis arenaria,55.446518
OPTMix-0214-P1-207-20231010,1,1741608,Achnatherum virescens,56.807316
OPTMix-0214-P1-207-20231010,2,1397983,Nassella tenuissima,55.051094
OPTMix-0214-P1-207-20231010,3,1652912,Nassella trichotoma,53.514645
OPTMix-0214-P1-208-20231010,1,1362023,Festuca filiformis,56.048569
OPTMix-0214-P1-208-20231010,2,1392309,Festuca heterophylla,55.290146
OPTMix-0214-P1-208-20231010,3,1400084,Avenella flexuosa,55.248997
OPTMix-0214-P1-235-20231010,1,1357413,Quercus robur,54.552246
OPTMix-0214-P1-235-20231010,2,1744168,Quercus orocantabrica,51.778820
OPTMix-0214-P1-235-20231010,3,1432847,Hesperocyparis macrocarpa,51.661709
OPTMix-0214-P2-22-20231010,1,1358501,Calluna vulgaris,61.406380
OPTMix-0214-P2-22-20231010,2,1578171,Genista tridentata,58.718868
OPTMix-0214-P2-22-20231010,3,1358514,Erica umbellata,57.837471
OPTMix-0214-P2-64-20231010,1,1358501,Calluna vulgaris,62.132473
OPTMix-0214-P2-64-20231010,2,1394416,Parapholis strigosa,57.408752
OPTMix-0214-P2-64-20231010,3,1356442,Selaginella denticulata,56.941891
OPTMix-0214-P2-84-20231010,1,1419076,Quercus petraea,57.648632
OPTMix-0214-P2-84-20231010,2,1738627,Hesperocodon hederaceus,57.264709
OPTMix-0214-P2-84-20231010,3,1357413,Quercus robur,55.833561
OPTMix-0214-P3-186-20231010,1,1396168,Selaginella kraussiana,52.136734
OPTMix-0214-P3-186-20231010,2,1391148,Chloris truncata,50.946789
OPTMix-0214-P3-186-20231010,3,1388990,Brachypodium retusum,50.867996
OPTMix-0214-P3-196-20231010,1,1395026,Quercus pubescens,59.394936
OPTMix-0214-P3-196-20231010,2,1419076,Quercus petraea,55.635960
OPTMix-0214-P3-196-20231010,3,1358612,Quercus canariensis,55.103508
OPTMix-0214-P3-278-20231010,1,1390761,Carex arenaria,58.384636
OPTMix-0214-P3-278-20231010,2,1390887,Carex pilosa,57.112370
OPTMix-0214-P3-278-20231010,3,1392059,Eriophorum angustifolium,54.829849
OPTMix-0216-P4-208-20231009,1,1358501,Calluna vulgaris,61.206589
OPTMix-0216-P4-208-20231009,2,1358357,Lepidium ruderale,56.621666
OPTMix-0216-P4-208-20231009,3,1392524,Genista sagittalis,55.685684
OPTMix-0255-11233-20231009,1,1652912,Nassella trichotoma,53.073048
OPTMix-0255-11233-20231009,2,1361256,Eragrostis multicaulis,52.969475
OPTMix-0255-11233-20231009,3,1391148,Chloris truncata,52.814003
OPTMix-0255-11372-20231009,1,1363593,Molinia caerulea,57.808727
OPTMix-0255-11372-20231009,2,1395026,Quercus pubescens,56.505665
OPTMix-0255-11372-20231009,3,1358612,Quercus canariensis,54.668804
OPTMix-0255-11382-20231009,1,1418618,Cyperus albostriatus,53.802452
OPTMix-0255-11382-20231009,2,1360433,Rubia peregrina,53.529514
OPTMix-0255-11382-20231009,3,1363442,Arundo donax,53.098366
OPTMix-033-P3-107-20231201,1,1356404,Pteridium aquilinum,60.218239
OPTMix-033-P3-107-20231201,2,1396752,Thelypteris palustris,59.633827
OPTMix-033-P3-107-20231201,3,1363281,Carex acutiformis,58.466133
OPTMix-0333-P1-107-20231212,1,1356404,Pteridium aquilinum,59.068214
OPTMix-0333-P1-107-20231212,2,1356382,Dryopteris filix-mas,52.693882
OPTMix-0333-P1-107-20231212,3,1391809,Dryopteris dilatata,51.767891
OPTMix-0333-P1-112-20231212,1,1356404,Pteridium aquilinum,58.420254
OPTMix-0333-P1-112-20231212,2,1397763,Eragrostis curtipedicellata,57.484848
OPTMix-0333-P1-112-20231212,3,1358986,Teucrium fruticans,55.729977
OPTMix-0333-P2-108-20231212,1,1356404,Pteridium aquilinum,56.322575
OPTMix-0333-P2-108-20231212,2,1356382,Dryopteris filix-mas,56.129593
OPTMix-0333-P2-108-20231212,3,1356373,Blechnum spicant,51.782936
OPTMix-0333-P2-112-20231212,1,1390837,Carex humilis,53.157078
OPTMix-0333-P2-112-20231212,2,1390870,Carex montana,53.112747
OPTMix-0333-P2-112-20231212,3,1361703,Posidonia oceanica,52.513329
OPTMix-0333-P2-115-20231212,1,1356404,Pteridium aquilinum,59.094364
OPTMix-0333-P2-115-20231212,2,1361703,Posidonia oceanica,55.537537
OPTMix-0333-P2-115-20231212,3,1356382,Dryopteris filix-mas,54.303993
OPTMix-0333-P3-100-20231201,1,1356404,Pteridium aquilinum,54.744347
OPTMix-0333-P3-100-20231201,2,1401438,Thelypteris dentata,50.042671
OPTMix-0333-P3-100-20231201,3,1394503,Phegopteris connectilis,49.694851
OPTMix-0333-P3-76-20231201,1,1356404,Pteridium aquilinum,59.794910
OPTMix-0333-P3-76-20231201,2,1363593,Molinia caerulea,55.756187
OPTMix-0333-P3-76-20231201,3,1396752,Thelypteris palustris,55.416714
OPTMix-057-P1-1699-20231010,1,1390532,Salvinia molesta,54.212337
OPTMix-057-P1-1699-20231010,2,1487694,Opuntia aurantiaca,54.114937
OPTMix-057-P1-1699-20231010,3,1361696,Serapias parviflora,53.528942
OPTMix-057-P1-1901-20231010,1,1401438,Thelypteris dentata,52.061920
OPTMix-057-P1-1901-20231010,2,1577392,Echinospartum boissieri,51.949867
OPTMix-057-P1-1901-20231010,3,1737658,Dryopteris cambrensis,51.756332
OPTMix-057-P1-1902-20231010,1,1391805,Dryopteris carthusiana,54.852661
OPTMix-057-P1-1902-20231010,2,1722693,Polystichum setiferum,53.395348
OPTMix-057-P1-1902-20231010,3,1392669,Gymnocarpium dryopteris,53.261578
OPTMix-057-P1-1913-20231010,1,1356404,Pteridium aquilinum,59.104038
OPTMix-057-P1-1913-20231010,2,1356382,Dryopteris filix-mas,56.388905
OPTMix-057-P1-1913-20231010,3,1359720,Orobanche clausonis,55.604923
OPTMix-057-P1-1917-20231010,1,1394044,Onoclea sensibilis,61.536697
OPTMix-057-P1-1917-20231010,2,1356428,Osmunda regalis,60.257980
OPTMix-057-P1-1917-20231010,3,1356382,Dryopteris filix-mas,58.809063
OPTMix-0593-P1-129-20231205,1,1400084,Avenella flexuosa,50.785286
OPTMix-0593-P1-129-20231205,2,1357413,Quercus robur,50.429710
OPTMix-0593-P1-129-20231205,3,1419076,Quercus petraea,50.091793
OPTMix-0593-P1-134-20231205,1,1359973,Plantago subulata,58.522949
OPTMix-0593-P1-134-20231205,2,1357413,Quercus robur,51.397762
OPTMix-0593-P1-134-20231205,3,1397406,Huperzia selago,51.270840
OPTMix-0593-P1-86-20231205,1,1358515,Monotropa hypopitys,50.918434
OPTMix-0593-P1-86-20231205,2,1362023,Festuca filiformis,48.711491
OPTMix-0593-P1-86-20231205,3,1361376,Poa nemoralis,48.517265
OPTMix-0593-P2-180-20231205,1,1743914,Quercus estremadurensis,53.514553
OPTMix-0593-P2-180-20231205,2,1651162,Festuca guestfalica,53.295151
OPTMix-0593-P2-180-20231205,3,1361389,Puccinellia maritima,53.245777
OPTMix-0593-P2-84-20231205,1,1356576,Ilex aquifolium,56.723183
OPTMix-0593-P2-84-20231205,2,1419076,Quercus petraea,53.023335
OPTMix-0593-P2-84-20231205,3,1357413,Quercus robur,52.220753
OPTMix-0593-P2-92-20231205,1,1558009,Juncus capillaceus,55.024029
OPTMix-0593-P2-92-20231205,2,1360945,Allium vineale,54.285862
OPTMix-0593-P2-92-20231205,3,1362023,Festuca filiformis,54.109955
OPTMix-0593-P3-130-20231205,1,1400017,Armeria linkiana,56.701725
OPTMix-0593-P3-130-20231205,2,1400084,Avenella flexuosa,56.690430
OPTMix-0593-P3-130-20231205,3,1651162,Festuca guestfalica,55.464104
OPTMix-0593-P3-146-20231205,1,1391809,Dryopteris dilatata,57.077522
OPTMix-0593-P3-146-20231205,2,1390761,Carex arenaria,56.247078
OPTMix-0593-P3-146-20231205,3,1360945,Allium vineale,54.992310
OPTMix-0593-P3-87-20231205,1,1359973,Plantago subulata,59.649605
OPTMix-0593-P3-87-20231205,2,1419076,Quercus petraea,56.380470
OPTMix-0593-P3-87-20231205,3,1390761,Carex arenaria,55.995022
OPTMix-0598-P1-118-20231205,1,1393522,Leymus arenarius,54.404427
OPTMix-0598-P1-118-20231205,2,1363337,Typha domingensis,52.820763
OPTMix-0598-P1-118-20231205,3,1390811,Carex ericetorum,51.159340
OPTMix-0598-P1-132-20231205,1,1359973,Plantago subulata,59.214645
OPTMix-0598-P1-132-20231205,2,1743914,Quercus estremadurensis,57.434502
OPTMix-0598-P1-132-20231205,3,1357413,Quercus robur,57.161896
OPTMix-0598-P1-133-20231205,1,1419076,Quercus petraea,57.906979
OPTMix-0598-P1-133-20231205,2,1395026,Quercus pubescens,56.667213
OPTMix-0598-P1-133-20231205,3,1357413,Quercus robur,55.615486
OPTMix-0598-P1-149-20231205,1,1738658,Petrosedum forsterianum,50.814606
OPTMix-0598-P1-149-20231205,2,1392006,Eragrostis parviflora,50.605988
OPTMix-0598-P1-149-20231205,3,1356402,Hymenophyllum wilsonii,50.438583
OPTMix-0598-P1-197-20231205,1,1358501,Calluna vulgaris,60.378086
OPTMix-0598-P1-197-20231205,2,1364090,Tamarix gallica,58.955132
OPTMix-0598-P1-197-20231205,3,1364089,Tamarix canariensis,57.370621
OPTMix-0598-P1-198-20231205,1,1486742,Cylindropuntia tunicata,51.982185
OPTMix-0598-P1-198-20231205,2,1502610,Centaurea horrida,50.674126
OPTMix-0598-P1-198-20231205,3,1400084,Avenella flexuosa,50.061806
OPTMix-0598-P2-102-20231205,1,1363409,Themeda triandra,47.538307
OPTMix-0598-P2-102-20231205,2,1361148,Potamogeton pusillus,46.143536
OPTMix-0598-P2-102-20231205,3,1363534,Ehrharta calycina,45.983902
OPTMix-0598-P2-139-20231207,1,1356404,Pteridium aquilinum,59.075981
OPTMix-0598-P2-139-20231207,2,1356382,Dryopteris filix-mas,57.265640
OPTMix-0598-P2-139-20231207,3,1391418,Cotoneaster salicifolius,55.605267
OPTMix-0598-P2-86-20231207,1,1356790,Lonicera periclymenum,64.123505
OPTMix-0598-P2-86-20231207,2,1356404,Pteridium aquilinum,60.176323
OPTMix-0598-P2-86-20231207,3,1737658,Dryopteris cambrensis,54.672234
OPTMix-0598-P2-99-20231205,1,1356404,Pteridium aquilinum,58.385361
OPTMix-0598-P2-99-20231205,2,1356790,Lonicera periclymenum,56.822594
OPTMix-0598-P2-99-20231205,3,1356401,Hymenophyllum tunbrigense,53.916969
OPTMix-0598-P4-104-20231207,1,1358501,Calluna vulgaris,60.311790
OPTMix-0598-P4-104-20231207,2,1396168,Selaginella kraussiana,55.198154
OPTMix-0598-P4-104-20231207,3,1743811,Santolina ericoides,54.583176
OPTMix-0598-P4-108-20231207,1,1391652,Daphne mezereum,55.369919
OPTMix-0598-P4-108-20231207,2,1395476,Rubus foliosus,54.186089
OPTMix-0598-P4-108-20231207,3,1398295,Rubus saltuum,53.735756
OPTMix-0598-P4-128-20231207,1,1357413,Quercus robur,55.168915
OPTMix-0598-P4-128-20231207,2,1397406,Huperzia selago,53.112450
OPTMix-0598-P4-128-20231207,3,1419076,Quercus petraea,53.052006
OPTMix-083-P3-139-20231110,1,1356404,Pteridium aquilinum,60.379330
OPTMix-083-P3-139-20231110,2,1722693,Polystichum setiferum,55.979958
OPTMix-083-P3-139-20231110,3,1356387,Polystichum aculeatum,54.866234
OPTMix-083-P3-186-20231110,1,1356404,Pteridium aquilinum,61.011436
OPTMix-083-P3-186-20231110,2,1361472,Barnardia numidica,55.242565
OPTMix-083-P3-186-20231110,3,1396752,Thelypteris palustris,55.128563
OPTMix-083-P3-96-20231110,1,1358501,Calluna vulgaris,58.930553
OPTMix-083-P3-96-20231110,2,1393009,Aloe brevifolia,54.861534
OPTMix-083-P3-96-20231110,3,1578171,Genista tridentata,54.708431
OPTMix-108-P1-000-20231006,1,1668635,Rubus castellarnaui,49.750660
OPTMix-108-P1-000-20231006,2,1737565,Rubus affinis,48.781734
OPTMix-108-P1-000-20231006,3,1359754,Oxalis debilis,47.992359
RNNB-1-1-20230512,1,1363540,Sphenopus divaricatus,62.491737
RNNB-1-1-20230512,2,1722522,Salicornia fruticosa,62.301876
RNNB-1-1-20230512,3,1738887,Salicornia marshallii,62.072582
RNNB-1-1-20240117,1,1655422,Stipa iberica,58.459866
RNNB-1-1-20240117,2,1722433,Calamagrostis arenaria,57.952335
RNNB-1-1-20240117,3,1361326,Macrochloa tenacissima,57.514633
RNNB-1-10-20230512,1,1722625,Arthrocaulon macrostachyum,65.673660
RNNB-1-10-20230512,2,1452062,Suaeda vermiculata,63.663670
RNNB-1-10-20230512,3,1738887,Salicornia marshallii,62.984169
RNNB-1-10-20240117,1,1578145,Genista mugronensis,60.248726
RNNB-1-10-20240117,2,1722433,Calamagrostis arenaria,59.409615
RNNB-1-10-20240117,3,1578157,Genista sardoa,58.991798
RNNB-1-2-20230512,1,1722521,Salicornia perennis,63.012920
RNNB-1-2-20230512,2,1738887,Salicornia marshallii,62.854546
RNNB-1-2-20230512,3,1722522,Salicornia fruticosa,62.229084
RNNB-1-2-20240117,1,1391491,Cutandia maritima,53.663387
RNNB-1-2-20240117,2,1394414,Parapholis incurva,52.923538
RNNB-1-2-20240117,3,1361354,Parapholis marginata,52.486202
RNNB-1-3-20230512,1,1722522,Salicornia fruticosa,63.366699
RNNB-1-3-20230512,2,1738887,Salicornia marshallii,63.365356
RNNB-1-3-20230512,3,1722625,Arthrocaulon macrostachyum,63.214241
RNNB-1-3-20240117,1,1361389,Puccinellia maritima,50.850929
RNNB-1-3-20240117,2,1361412,Sporobolus pungens,50.603531
RNNB-1-3-20240117,3,1363302,Cyperus capitatus,49.833736
RNNB-1-4-20230512,1,1722625,Arthrocaulon macrostachyum,63.840332
RNNB-1-4-20230512,2,1738887,Salicornia marshallii,63.552334
RNNB-1-4-20230512,3,1722522,Salicornia fruticosa,62.409569
RNNB-1-4-20240117,1,1357227,Anthemis maritima,62.293175
RNNB-1-4-20240117,2,1357236,Anthemis secundiramea,60.095589
RNNB-1-4-20240117,3,1722578,Daucus pumilus,59.068039
RNNB-1-5-20230512,1,1722625,Arthrocaulon macrostachyum,64.500290
RNNB-1-5-20230512,2,1738887,Salicornia marshallii,63.971375
RNNB-1-5-20230512,3,1722522,Salicornia fruticosa,62.238152
RNNB-1-5-20240117,1,1722433,Calamagrostis arenaria,59.287632
RNNB-1-5-20240117,2,1363302,Cyperus capitatus,57.987091
RNNB-1-5-20240117,3,1722441,Thinopyrum junceum,55.966618
RNNB-1-6-20230512,1,1738887,Salicornia marshallii,63.214809
RNNB-1-6-20230512,2,1360381,Crucianella maritima,63.114037
RNNB-1-6-20230512,3,1722625,Arthrocaulon macrostachyum,62.410255
RNNB-1-6-20240117,1,1722433,Calamagrostis arenaria,61.719555
RNNB-1-6-20240117,2,1650228,Elymus athericus,57.137329
RNNB-1-6-20240117,3,1722441,Thinopyrum junceum,57.085480
RNNB-1-7-20230512,1,1722625,Arthrocaulon macrostachyum,65.297188
RNNB-1-7-20230512,2,1722522,Salicornia fruticosa,63.887093
RNNB-1-7-20230512,3,1738887,Salicornia marshallii,62.455715
RNNB-1-7-20240117,1,1393522,Leymus arenarius,60.561382
RNNB-1-7-20240117,2,1722433,Calamagrostis arenaria,60.269371
RNNB-1-7-20240117,3,1731667,Sporobolus montevidensis,58.037041
RNNB-1-8-20230512,1,1722625,Arthrocaulon macrostachyum,63.589211
RNNB-1-8-20230512,2,1363200,Anabasis articulata,61.911098
RNNB-1-8-20230512,3,1722522,Salicornia fruticosa,61.451462
RNNB-1-8-20240117,1,1363302,Cyperus capitatus,56.463203
RNNB-1-8-20240117,2,1722434,Festuca alopecuros,55.845505
RNNB-1-8-20240117,3,1722433,Calamagrostis arenaria,55.819126
RNNB-1-9-20230512,1,1722625,Arthrocaulon macrostachyum,65.346489
RNNB-1-9-20230512,2,1738887,Salicornia marshallii,65.040604
RNNB-1-9-20230512,3,1722522,Salicornia fruticosa,62.355412
RNNB-1-9-20240117,1,1722433,Calamagrostis arenaria,58.887550
RNNB-1-9-20240117,2,1722434,Festuca alopecuros,57.000694
RNNB-1-9-20240117,3,1738610,Festuca fasciculata,55.550667
RNNB-2-1-20230512,1,1722521,Salicornia perennis,62.733330
RNNB-2-1-20230512,2,1722522,Salicornia fruticosa,62.582996
RNNB-2-1-20230512,3,1722625,Arthrocaulon macrostachyum,62.497223
RNNB-2-1-20240117,1,1357227,Anthemis maritima,68.077309
RNNB-2-1-20240117,2,1357742,Pallenis maritima,60.914730
RNNB-2-1-20240117,3,1400016,Glebionis coronaria,60.881023
RNNB-2-10-20230512,1,1360006,Limoniastrum monopetalum,62.430481
RNNB-2-10-20230512,2,1426004,Atriplex portulacoides,59.078899
RNNB-2-10-20230512,3,1743297,Limonium fontqueri,58.876167
RNNB-2-10-20240117,1,1357227,Anthemis maritima,66.319962
RNNB-2-10-20240117,2,1357236,Anthemis secundiramea,63.659729
RNNB-2-10-20240117,3,1722578,Daucus pumilus,62.351456
RNNB-2-2-20230512,1,1722522,Salicornia fruticosa,64.336197
RNNB-2-2-20230512,2,1722625,Arthrocaulon macrostachyum,63.498596
RNNB-2-2-20230512,3,1722521,Salicornia perennis,62.617165
RNNB-2-2-20240117,1,1357227,Anthemis maritima,67.699013
RNNB-2-2-20240117,2,1357236,Anthemis secundiramea,63.809559
RNNB-2-2-20240117,3,1359344,Medicago marina,61.575401
RNNB-2-3-20230512,1,1360006,Limoniastrum monopetalum,62.201500
RNNB-2-3-20230512,2,1426004,Atriplex portulacoides,58.528549
RNNB-2-3-20230512,3,1357742,Pallenis maritima,58.133865
RNNB-2-3-20240117,1,1357227,Anthemis maritima,67.870789
RNNB-2-3-20240117,2,1357236,Anthemis secundiramea,62.618614
RNNB-2-3-20240117,3,1357192,Anacyclus homogamos,61.536839
RNNB-2-4-20230512,1,1360006,Limoniastrum monopetalum,63.853020
RNNB-2-4-20230512,2,1360676,Crithmum maritimum,61.476551
RNNB-2-4-20230512,3,1356284,Atriplex halimus,58.758694
RNNB-2-4-20240117,1,1357227,Anthemis maritima,67.540939
RNNB-2-4-20240117,2,1722578,Daucus pumilus,59.928368
RNNB-2-4-20240117,3,1360701,Echinophora spinosa,59.910755
RNNB-2-5-20230512,1,1360006,Limoniastrum monopetalum,61.178108
RNNB-2-5-20230512,2,1389328,Malephora crocea,58.898483
RNNB-2-5-20230512,3,1495481,Helianthemum squamatum,58.606705
RNNB-2-5-20240117,1,1357227,Anthemis maritima,67.813484
RNNB-2-5-20240117,2,1359344,Medicago marina,65.004974
RNNB-2-5-20240117,3,1397317,Argyrolobium zanonii,60.932007
RNNB-2-6-20230512,1,1360006,Limoniastrum monopetalum,61.755417
RNNB-2-6-20230512,2,1357742,Pallenis maritima,61.257305
RNNB-2-6-20230512,3,1743297,Limonium fontqueri,59.825371
RNNB-2-6-20240117,1,1357227,Anthemis maritima,69.887985
RNNB-2-6-20240117,2,1357236,Anthemis secundiramea,66.555588
RNNB-2-6-20240117,3,1359344,Medicago marina,62.982925
RNNB-2-7-20230512,1,1360006,Limoniastrum monopetalum,64.242416
RNNB-2-7-20230512,2,1393574,Limonium tarcoense,60.720974
RNNB-2-7-20230512,3,1360036,Limonium emarginatum,60.530624
RNNB-2-7-20240117,1,1357227,Anthemis maritima,66.020309
RNNB-2-7-20240117,2,1357236,Anthemis secundiramea,61.003628
RNNB-2-7-20240117,3,1722441,Thinopyrum junceum,59.071320
RNNB-2-8-20230512,1,1360006,Limoniastrum monopetalum,64.340553
RNNB-2-8-20230512,2,1356284,Atriplex halimus,60.549149
RNNB-2-8-20230512,3,1426004,Atriplex portulacoides,59.248291
RNNB-2-8-20240117,1,1360701,Echinophora spinosa,66.170692
RNNB-2-8-20240117,2,1359344,Medicago marina,63.180244
RNNB-2-8-20240117,3,1360381,Crucianella maritima,60.683838
RNNB-2-9-20230512,1,1360006,Limoniastrum monopetalum,63.036606
RNNB-2-9-20230512,2,1357742,Pallenis maritima,61.695671
RNNB-2-9-20230512,3,1360676,Crithmum maritimum,60.119125
RNNB-2-9-20240117,1,1357227,Anthemis maritima,67.332085
RNNB-2-9-20240117,2,1357236,Anthemis secundiramea,62.527740
RNNB-2-9-20240117,3,1393494,Leucanthemopsis alpina,60.380474
RNNB-3-1-20230512,1,1360026,Limonium cossonianum,57.934498
RNNB-3-1-20230512,2,1426004,Atriplex portulacoides,57.295975
RNNB-3-1-20230512,3,1744377,Limonium tabernense,57.145874
RNNB-3-1-20240117,1,1359344,Medicago marina,65.921982
RNNB-3-1-20240117,2,1738652,Matthiola sinuata,60.737072
RNNB-3-1-20240117,3,1363852,Echium arenarium,60.630836
RNNB-3-10-20230512,1,1393522,Leymus arenarius,62.245949
RNNB-3-10-20230512,2,1650228,Elymus athericus,61.484764
RNNB-3-10-20230512,3,1425884,Borrichia frutescens,58.955616
RNNB-3-10-20240117,1,1738652,Matthiola sinuata,61.228291
RNNB-3-10-20240117,2,1360381,Crucianella maritima,59.912827
RNNB-3-10-20240117,3,1743249,Matthiola tricuspidata,59.764194
RNNB-3-11-20230512,1,1393522,Leymus arenarius,60.812283
RNNB-3-11-20230512,2,1650228,Elymus athericus,59.540352
RNNB-3-11-20230512,3,1722433,Calamagrostis arenaria,56.999363
RNNB-3-12-20230512,1,1393522,Leymus arenarius,62.858215
RNNB-3-12-20230512,2,1650228,Elymus athericus,60.895798
RNNB-3-12-20230512,3,1722433,Calamagrostis arenaria,60.353027
RNNB-3-2-20230512,1,1722569,Atriplex suberecta,61.647179
RNNB-3-2-20230512,2,1360006,Limoniastrum monopetalum,59.541710
RNNB-3-2-20230512,3,1744019,Limonium maritimum,59.206497
RNNB-3-2-20240117,1,1359344,Medicago marina,62.831833
RNNB-3-2-20240117,2,1363302,Cyperus capitatus,59.591953
RNNB-3-2-20240117,3,1722578,Daucus pumilus,58.649490
RNNB-3-3-20240117,1,1359344,Medicago marina,63.253296
RNNB-3-3-20240117,2,1363852,Echium arenarium,58.859009
RNNB-3-3-20240117,3,1388812,Achillea maritima,58.524429
RNNB-3-4-20230512,1,1391596,Dactylorhiza majalis,61.426861
RNNB-3-4-20230512,2,1390953,Carpobrotus acinaciformis,57.693691
RNNB-3-4-20230512,3,1363798,Lathyrus aphaca,57.558479
RNNB-3-4-20240117,1,1359344,Medicago marina,64.736847
RNNB-3-4-20240117,2,1357742,Pallenis maritima,64.071457
RNNB-3-4-20240117,3,1744033,Centaurea cordubensis,62.846756
RNNB-3-5-20230512,1,1650228,Elymus athericus,59.532112
RNNB-3-5-20230512,2,1722433,Calamagrostis arenaria,58.062054
RNNB-3-5-20230512,3,1360006,Limoniastrum monopetalum,56.570389
RNNB-3-5-20240117,1,1738652,Matthiola sinuata,61.793945
RNNB-3-5-20240117,2,1357742,Pallenis maritima,60.640598
RNNB-3-5-20240117,3,1722501,Rumex spinosus,60.182133
RNNB-3-6-20230512,1,1650228,Elymus athericus,61.151184
RNNB-3-6-20230512,2,1722433,Calamagrostis arenaria,60.831646
RNNB-3-6-20230512,3,1393522,Leymus arenarius,60.801407
RNNB-3-6-20240117,1,1355977,Euphorbia paralias,62.651005
RNNB-3-6-20240117,2,1360381,Crucianella maritima,60.115452
RNNB-3-6-20240117,3,1358581,Euphorbia pithyusa,59.010204
RNNB-3-7-20230512,1,1650228,Elymus athericus,60.728477
RNNB-3-7-20230512,2,1731667,Sporobolus montevidensis,60.677109
RNNB-3-7-20230512,3,1393522,Leymus arenarius,60.420208
RNNB-3-7-20240117,1,1360978,Pancratium maritimum,63.189350
RNNB-3-7-20240117,2,1359344,Medicago marina,63.037270
RNNB-3-7-20240117,3,1355977,Euphorbia paralias,61.761246
RNNB-3-8-20230512,1,1393522,Leymus arenarius,65.842918
RNNB-3-8-20230512,2,1650228,Elymus athericus,62.337418
RNNB-3-8-20230512,3,1722433,Calamagrostis arenaria,60.777554
RNNB-3-8-20240117,1,1359344,Medicago marina,63.110756
RNNB-3-8-20240117,2,1359297,Lotus creticus,57.202312
RNNB-3-8-20240117,3,1388812,Achillea maritima,56.481441
RNNB-3-9-20230512,1,1393522,Leymus arenarius,63.982319
RNNB-3-9-20230512,2,1650228,Elymus athericus,61.243816
RNNB-3-9-20230512,3,1731657,Sporobolus alterniflorus,59.934616
RNNB-3-9-20240117,1,1360701,Echinophora spinosa,62.943695
RNNB-3-9-20240117,2,1360715,Eryngium dilatatum,60.780441
RNNB-3-9-20240117,3,1360711,Eryngium campestre,60.560993
RNNB-4-1-20240117,1,1359344,Medicago marina,63.391357
RNNB-4-1-20240117,2,1357630,Helichrysum stoechas,60.419571
RNNB-4-1-20240117,3,1399609,Helichrysum saxatile,59.980106
RNNB-4-1-20240118,1,1392725,Helichrysum italicum,61.027554
RNNB-4-1-20240118,2,1363610,Kalanchoe delagoensis,60.257973
RNNB-4-1-20240118,3,1357630,Helichrysum stoechas,60.067913
RNNB-4-10-20240117,1,1359344,Medicago marina,64.125328
RNNB-4-10-20240117,2,1722433,Calamagrostis arenaria,57.407719
RNNB-4-10-20240117,3,1359127,Astragalus incanus,57.175240
RNNB-4-10-20240118,1,1499749,Artemisia nesiotica,60.872742
RNNB-4-10-20240118,2,1357026,Silene nutans,60.309986
RNNB-4-10-20240118,3,1357742,Pallenis maritima,59.276432
RNNB-4-2-20240117,1,1359344,Medicago marina,65.621048
RNNB-4-2-20240117,2,1357742,Pallenis maritima,58.404728
RNNB-4-2-20240117,3,1393770,Medicago littoralis,58.142506
RNNB-4-2-20240118,1,1392725,Helichrysum italicum,57.452599
RNNB-4-2-20240118,2,1393619,Logfia minima,57.345501
RNNB-4-2-20240118,3,1396726,Teucrium dunense,55.842945
RNNB-4-3-20240117,1,1722441,Thinopyrum junceum,60.231392
RNNB-4-3-20240117,2,1650228,Elymus athericus,58.365143
RNNB-4-3-20240117,3,1391491,Cutandia maritima,56.734890
RNNB-4-3-20240118,1,1357026,Silene nutans,59.417778
RNNB-4-3-20240118,2,1499749,Artemisia nesiotica,57.848427
RNNB-4-3-20240118,3,1363791,Scorpiurus muricatus,55.095512
RNNB-4-4-20240117,1,1359344,Medicago marina,65.148621
RNNB-4-4-20240117,2,1398322,Aurinia sinuata,57.796230
RNNB-4-4-20240117,3,1738652,Matthiola sinuata,57.728676
RNNB-4-4-20240118,1,1499749,Artemisia nesiotica,59.851990
RNNB-4-4-20240118,2,1397497,Silene ciliata,58.169254
RNNB-4-4-20240118,3,1492939,Gymnocarpos sclerocephalus,57.014404
RNNB-4-5-20240117,1,1359344,Medicago marina,61.515930
RNNB-4-5-20240117,2,1738652,Matthiola sinuata,61.397194
RNNB-4-5-20240117,3,1357227,Anthemis maritima,61.084099
RNNB-4-5-20240118,1,1392725,Helichrysum italicum,60.558990
RNNB-4-5-20240118,2,1356951,Silene andryalifolia,59.756767
RNNB-4-5-20240118,3,1357742,Pallenis maritima,59.553612
RNNB-4-6-20240117,1,1359344,Medicago marina,64.702446
RNNB-4-6-20240117,2,1738652,Matthiola sinuata,61.460316
RNNB-4-6-20240117,3,1393770,Medicago littoralis,58.986359
RNNB-4-6-20240118,1,1357630,Helichrysum stoechas,61.106739
RNNB-4-6-20240118,2,1499749,Artemisia nesiotica,57.764328
RNNB-4-6-20240118,3,1396159,Sedum mexicanum,57.619102
RNNB-4-7-20240117,1,1359344,Medicago marina,63.501129
RNNB-4-7-20240117,2,1388812,Achillea maritima,60.283539
RNNB-4-7-20240117,3,1363852,Echium arenarium,60.158615
RNNB-4-7-20240118,1,1393619,Logfia minima,61.181999
RNNB-4-7-20240118,2,1357630,Helichrysum stoechas,60.765862
RNNB-4-7-20240118,3,1499749,Artemisia nesiotica,60.628773
RNNB-4-8-20240117,1,1359344,Medicago marina,64.428246
RNNB-4-8-20240117,2,1355950,Scolymus maculatus,63.302551
RNNB-4-8-20240117,3,1357848,Scolymus hispanicus,62.663723
RNNB-4-8-20240118,1,1357630,Helichrysum stoechas,62.160980
RNNB-4-8-20240118,2,1392725,Helichrysum italicum,62.032684
RNNB-4-8-20240118,3,1499749,Artemisia nesiotica,61.072754
RNNB-4-9-20240117,1,1359344,Medicago marina,65.169662
RNNB-4-9-20240117,2,1357848,Scolymus hispanicus,63.676208
RNNB-4-9-20240117,3,1355950,Scolymus maculatus,61.855907
RNNB-4-9-20240118,1,1499749,Artemisia nesiotica,60.115326
RNNB-4-9-20240118,2,1509616,Helichrysum pendulum,59.322693
RNNB-4-9-20240118,3,1392725,Helichrysum italicum,59.121494
RNNB-5-1-20240117,1,1360542,Verbascum sinuatum,63.039566
RNNB-5-1-20240117,2,1357630,Helichrysum stoechas,60.177391
RNNB-5-1-20240117,3,1392725,Helichrysum italicum,58.451977
RNNB-5-1-20240118,1,1392725,Helichrysum italicum,60.602654
RNNB-5-1-20240118,2,1502707,Centaurea mariana,59.449753
RNNB-5-1-20240118,3,1357630,Helichrysum stoechas,59.307518
RNNB-5-10-20240117,1,1357742,Pallenis maritima,59.962109
RNNB-5-10-20240117,2,1738652,Matthiola sinuata,59.183884
RNNB-5-10-20240117,3,1362333,Matthiola perennis,58.676243
RNNB-5-10-20240118,1,1499749,Artemisia nesiotica,61.058670
RNNB-5-10-20240118,2,1357630,Helichrysum stoechas,59.733917
RNNB-5-10-20240118,3,1392725,Helichrysum italicum,59.559158
RNNB-5-2-20240117,1,1357630,Helichrysum stoechas,62.743492
RNNB-5-2-20240117,2,1392725,Helichrysum italicum,62.485081
RNNB-5-2-20240117,3,1564354,Teucrium libanitis,62.217926
RNNB-5-2-20240118,1,1361825,Lavandula viridis,56.188805
RNNB-5-2-20240118,2,1392725,Helichrysum italicum,55.968388
RNNB-5-2-20240118,3,1398821,Santolina impressa,55.620041
RNNB-5-3-20240117,1,1357630,Helichrysum stoechas,64.227234
RNNB-5-3-20240117,2,1392725,Helichrysum italicum,63.307781
RNNB-5-3-20240117,3,1360542,Verbascum sinuatum,62.963249
RNNB-5-3-20240118,1,1499749,Artemisia nesiotica,58.735115
RNNB-5-3-20240118,2,1392725,Helichrysum italicum,57.671711
RNNB-5-3-20240118,3,1743297,Limonium fontqueri,56.780952
RNNB-5-4-20240117,1,1357630,Helichrysum stoechas,63.277821
RNNB-5-4-20240117,2,1392725,Helichrysum italicum,62.579514
RNNB-5-4-20240117,3,1363433,Lagurus ovatus,61.962555
RNNB-5-4-20240118,1,1393574,Limonium tarcoense,61.181057
RNNB-5-4-20240118,2,1357630,Helichrysum stoechas,61.163273
RNNB-5-4-20240118,3,1392725,Helichrysum italicum,60.308708
RNNB-5-5-20240117,1,1357630,Helichrysum stoechas,62.942425
RNNB-5-5-20240117,2,1518245,Pseudognaphalium undulatum,62.660191
RNNB-5-5-20240117,3,1392725,Helichrysum italicum,62.386059
RNNB-5-5-20240118,1,1499749,Artemisia nesiotica,63.507790
RNNB-5-5-20240118,2,1357630,Helichrysum stoechas,61.942589
RNNB-5-5-20240118,3,1392725,Helichrysum italicum,59.915836
RNNB-5-6-20240117,1,1357630,Helichrysum stoechas,64.709785
RNNB-5-6-20240117,2,1360542,Verbascum sinuatum,63.981007
RNNB-5-6-20240117,3,1392725,Helichrysum italicum,62.843338
RNNB-5-6-20240118,1,1392725,Helichrysum italicum,61.046375
RNNB-5-6-20240118,2,1499749,Artemisia nesiotica,60.748573
RNNB-5-6-20240118,3,1357630,Helichrysum stoechas,60.356663
RNNB-5-7-20240117,1,1357401,Centaurea aspera,61.020790
RNNB-5-7-20240117,2,1722578,Daucus pumilus,60.242558
RNNB-5-7-20240117,3,1360542,Verbascum sinuatum,60.218056
RNNB-5-7-20240118,1,1499749,Artemisia nesiotica,57.942551
RNNB-5-7-20240118,2,1397320,Artemisia maritima,57.706429
RNNB-5-7-20240118,3,1362038,Jacobaea maritima,55.451935
RNNB-5-8-20240117,1,1396197,Senecio inaequidens,62.837769
RNNB-5-8-20240117,2,1393770,Medicago littoralis,61.086281
RNNB-5-8-20240117,3,1741619,Cynanchica aristata,60.488499
RNNB-5-8-20240118,1,1737447,Sporobolus anglicus,55.119568
RNNB-5-8-20240118,2,1722441,Thinopyrum junceum,53.868919
RNNB-5-8-20240118,3,1741614,Thinopyrum obtusiflorum,53.856621
RNNB-5-9-20240117,1,1396197,Senecio inaequidens,64.567200
RNNB-5-9-20240117,2,1359952,Plantago crassifolia,58.790932
RNNB-5-9-20240117,3,1363734,Medicago orbicularis,58.278706
RNNB-5-9-20240118,1,1393619,Logfia minima,54.990753
RNNB-5-9-20240118,2,1722433,Calamagrostis arenaria,54.960964
RNNB-5-9-20240118,3,1393442,Alyssoides utriculata,54.732674
RNNB-6-1-20240117,1,1356951,Silene andryalifolia,57.423550
RNNB-6-1-20240117,2,1502750,Centaurea occasus,57.396763
RNNB-6-1-20240117,3,1743327,Leuzea conifera,56.842484
RNNB-6-1-20240118,1,1397398,Helichrysum arenarium,58.796402
RNNB-6-1-20240118,2,1512544,Jacobaea boissieri,57.166969
RNNB-6-1-20240118,3,1361354,Parapholis marginata,57.036766
RNNB-6-10-20240117,1,1357401,Centaurea aspera,58.988392
RNNB-6-10-20240117,2,1502406,Centaurea aristata,57.302010
RNNB-6-10-20240117,3,1744033,Centaurea cordubensis,56.645378
RNNB-6-10-20240118,1,1357630,Helichrysum stoechas,61.650780
RNNB-6-10-20240118,2,1518245,Pseudognaphalium undulatum,61.294186
RNNB-6-10-20240118,3,1396726,Teucrium dunense,60.212082
RNNB-6-2-20240117,1,1363526,Cynodon dactylon,57.296543
RNNB-6-2-20240117,2,1360035,Limonium echioides,57.271439
RNNB-6-2-20240117,3,1743297,Limonium fontqueri,56.987926
RNNB-6-2-20240118,1,1357962,Volutaria tubuliflora,61.703773
RNNB-6-2-20240118,2,1722578,Daucus pumilus,59.378796
RNNB-6-2-20240118,3,1361127,Aeluropus littoralis,59.042442
RNNB-6-3-20240117,1,1738652,Matthiola sinuata,60.524982
RNNB-6-3-20240117,2,1394527,Phlomis lychnitis,60.375870
RNNB-6-3-20240117,3,1362333,Matthiola perennis,58.636868
RNNB-6-3-20240118,1,1361996,Gazania rigens,61.018978
RNNB-6-3-20240118,2,1361412,Sporobolus pungens,60.839542
RNNB-6-3-20240118,3,1398322,Aurinia sinuata,58.478416
RNNB-6-4-20240117,1,1357401,Centaurea aspera,59.140472
RNNB-6-4-20240117,2,1357456,Centaurea sphaerocephala,57.668552
RNNB-6-4-20240117,3,1393770,Medicago littoralis,57.647942
RNNB-6-4-20240118,1,1361926,Scabiosa columbaria,57.581558
RNNB-6-4-20240118,2,1357212,Andryala ragusina,55.318699
RNNB-6-4-20240118,3,1722578,Daucus pumilus,55.068626
RNNB-6-5-20240117,1,1743227,Catapodium balearicum,59.971951
RNNB-6-5-20240117,2,1390966,Catapodium marinum,59.126553
RNNB-6-5-20240117,3,1363302,Cyperus capitatus,58.441620
RNNB-6-5-20240118,1,1722433,Calamagrostis arenaria,57.839981
RNNB-6-5-20240118,2,1512544,Jacobaea boissieri,57.756035
RNNB-6-5-20240118,3,1357670,Jurinea humilis,57.272453
RNNB-6-6-20240117,1,1743750,Iberodes littoralis,59.710106
RNNB-6-6-20240117,2,1363526,Cynodon dactylon,58.260128
RNNB-6-6-20240117,3,1361412,Sporobolus pungens,57.616913
RNNB-6-6-20240118,1,1357630,Helichrysum stoechas,60.340302
RNNB-6-6-20240118,2,1738652,Matthiola sinuata,59.248688
RNNB-6-6-20240118,3,1398786,Lavandula lanata,59.021610
RNNB-6-7-20240117,1,1362333,Matthiola perennis,57.064991
RNNB-6-7-20240117,2,1391148,Chloris truncata,56.981094
RNNB-6-7-20240117,3,1398322,Aurinia sinuata,56.947300
RNNB-6-7-20240118,1,1392725,Helichrysum italicum,63.181534
RNNB-6-7-20240118,2,1357630,Helichrysum stoechas,62.202393
RNNB-6-7-20240118,3,1499749,Artemisia nesiotica,61.252506
RNNB-6-8-20240117,1,1355950,Scolymus maculatus,63.158813
RNNB-6-8-20240117,2,1356149,Datura ferox,60.357857
RNNB-6-8-20240117,3,1357848,Scolymus hispanicus,59.077808
RNNB-6-8-20240118,1,1392725,Helichrysum italicum,62.224957
RNNB-6-8-20240118,2,1357630,Helichrysum stoechas,60.083755
RNNB-6-8-20240118,3,1357770,Phagnalon saxatile,59.557552
RNNB-6-9-20240117,1,1357303,Atractylis cancellata,56.365013
RNNB-6-9-20240117,2,1502831,Centaurea pulvinata,56.213005
RNNB-6-9-20240117,3,1356111,Lamium amplexicaule,55.986332
RNNB-6-9-20240118,1,1357742,Pallenis maritima,59.144081
RNNB-6-9-20240118,2,1357630,Helichrysum stoechas,58.258888
RNNB-6-9-20240118,3,1361824,Lavandula angustifolia,58.094154
RNNB-7-1-20240118,1,1362333,Matthiola perennis,63.503952
RNNB-7-1-20240118,2,1738652,Matthiola sinuata,62.721558
RNNB-7-1-20240118,3,1502831,Centaurea pulvinata,60.491524
RNNB-7-10-20240118,1,1392725,Helichrysum italicum,63.128159
RNNB-7-10-20240118,2,1357630,Helichrysum stoechas,61.272068
RNNB-7-10-20240118,3,1499749,Artemisia nesiotica,60.069588
RNNB-7-2-20240118,1,1361412,Sporobolus pungens,57.903992
RNNB-7-2-20240118,2,1499749,Artemisia nesiotica,56.574444
RNNB-7-2-20240118,3,1502610,Centaurea horrida,56.439816
RNNB-7-3-20240118,1,1361412,Sporobolus pungens,57.884026
RNNB-7-3-20240118,2,1499749,Artemisia nesiotica,57.712685
RNNB-7-3-20240118,3,1357771,Phagnalon sordidum,55.912952
RNNB-7-4-20240118,1,1361412,Sporobolus pungens,58.624008
RNNB-7-4-20240118,2,1357227,Anthemis maritima,53.312386
RNNB-7-4-20240118,3,1357702,Leontodon tuberosus,53.216953
RNNB-7-5-20240118,1,1398821,Santolina impressa,61.993881
RNNB-7-5-20240118,2,1518932,Santolina canescens,61.484730
RNNB-7-5-20240118,3,1392725,Helichrysum italicum,60.661259
RNNB-7-6-20240118,1,1357630,Helichrysum stoechas,61.011822
RNNB-7-6-20240118,2,1499749,Artemisia nesiotica,59.761971
RNNB-7-6-20240118,3,1564354,Teucrium libanitis,59.458984
RNNB-7-7-20240118,1,1396726,Teucrium dunense,58.248535
RNNB-7-7-20240118,2,1564441,Teucrium vincentinum,57.914173
RNNB-7-7-20240118,3,1361412,Sporobolus pungens,57.595226
RNNB-7-8-20240118,1,1361412,Sporobolus pungens,59.945633
RNNB-7-8-20240118,2,1394416,Parapholis strigosa,56.573868
RNNB-7-8-20240118,3,1741601,Sporobolus aculeatus,56.305428
RNNB-7-9-20240118,1,1357742,Pallenis maritima,57.645294
RNNB-7-9-20240118,2,1361412,Sporobolus pungens,56.202301
RNNB-7-9-20240118,3,1499749,Artemisia nesiotica,55.833351
RNNB-8-1-20240118,1,1359344,Medicago marina,65.894524
RNNB-8-1-20240118,2,1393770,Medicago littoralis,59.786995
RNNB-8-1-20240118,3,1639681,Hypecoum torulosum,59.400890
RNNB-8-10-20240118,1,1361412,Sporobolus pungens,62.050613
RNNB-8-10-20240118,2,1363302,Cyperus capitatus,59.279091
RNNB-8-10-20240118,3,1722433,Calamagrostis arenaria,57.619949
RNNB-8-2-20240118,1,1357227,Anthemis maritima,61.582321
RNNB-8-2-20240118,2,1397320,Artemisia maritima,58.889702
RNNB-8-2-20240118,3,1722433,Calamagrostis arenaria,58.729805
RNNB-8-3-20240118,1,1364100,Silybum marianum,59.533096
RNNB-8-3-20240118,2,1357951,Tyrimnus leucographus,59.198174
RNNB-8-3-20240118,3,1722433,Calamagrostis arenaria,58.612511
RNNB-8-4-20240118,1,1361412,Sporobolus pungens,56.755276
RNNB-8-4-20240118,2,1722441,Thinopyrum junceum,56.708210
RNNB-8-4-20240118,3,1363302,Cyperus capitatus,56.320213
RNNB-8-5-20240118,1,1359344,Medicago marina,64.913261
RNNB-8-5-20240118,2,1363840,Heliotropium supinum,58.533073
RNNB-8-5-20240118,3,1363302,Cyperus capitatus,57.905106
RNNB-8-6-20240118,1,1359344,Medicago marina,65.305489
RNNB-8-6-20240118,2,1393770,Medicago littoralis,61.744591
RNNB-8-6-20240118,3,1360381,Crucianella maritima,58.794762
RNNB-8-7-20240118,1,1357848,Scolymus hispanicus,64.986923
RNNB-8-7-20240118,2,1359344,Medicago marina,64.838783
RNNB-8-7-20240118,3,1357227,Anthemis maritima,63.819916
RNNB-8-8-20240118,1,1359344,Medicago marina,66.158340
RNNB-8-8-20240118,2,1357227,Anthemis maritima,63.865997
RNNB-8-8-20240118,3,1357236,Anthemis secundiramea,62.306709
RNNB-8-9-20240118,1,1359344,Medicago marina,64.187447
RNNB-8-9-20240118,2,1393770,Medicago littoralis,62.087891
RNNB-8-9-20240118,3,1360381,Crucianella maritima,61.483967
