image_name,rank,species_id,species_name,logit_score
2024-CEV3-20240602,1,1395045,Ranunculus aconitifolius,65.785774
2024-CEV3-20240602,2,1363461,Anthoxanthum odoratum,62.606865
2024-CEV3-20240602,3,1361592,Luzula campestris,62.585411
CBN-PdlC-A1-20130807,1,1392608,Geum montanum,64.134399
CBN-PdlC-A1-20130807,2,1412857,Omalotheca supina,63.536800
CBN-PdlC-A1-20130807,3,1395807,Salix herbacea,62.928940
CBN-PdlC-A1-20130903,1,1412857,Omalotheca supina,64.557632
CBN-PdlC-A1-20130903,2,1392608,Geum montanum,64.296242
CBN-PdlC-A1-20130903,3,1396144,Sedum alpestre,64.105759
CBN-PdlC-A1-20140721,1,1392608,Geum montanum,66.093163
CBN-PdlC-A1-20140721,2,1412857,Omalotheca supina,65.299347
CBN-PdlC-A1-20140721,3,1396144,Sedum alpestre,63.305672
CBN-PdlC-A1-20140811,1,1392608,Geum montanum,65.202347
CBN-PdlC-A1-20140811,2,1412857,Omalotheca supina,64.567978
CBN-PdlC-A1-20140811,3,1742053,Omalotheca hoppeana,64.236900
CBN-PdlC-A1-20140901,1,1392608,Geum montanum,64.459015
CBN-PdlC-A1-20140901,2,1396144,Sedum alpestre,63.442802
CBN-PdlC-A1-20140901,3,1361367,Poa alpina,62.902313
CBN-PdlC-A1-20150701,1,1396253,Sibbaldia procumbens,65.247055
CBN-PdlC-A1-20150701,2,1412857,Omalotheca supina,63.587986
CBN-PdlC-A1-20150701,3,1392608,Geum montanum,62.115936
CBN-PdlC-A1-20150720,1,1392608,Geum montanum,67.244331
CBN-PdlC-A1-20150720,2,1392534,Gentiana acaulis,65.438850
CBN-PdlC-A1-20150720,3,1412857,Omalotheca supina,64.041977
CBN-PdlC-A1-20150831,1,1392608,Geum montanum,65.596672
CBN-PdlC-A1-20150831,2,1396843,Trifolium alpinum,65.431183
CBN-PdlC-A1-20150831,3,1392534,Gentiana acaulis,65.382599
CBN-PdlC-A1-20160705,1,1394911,Primula integrifolia,64.930840
CBN-PdlC-A1-20160705,2,1412857,Omalotheca supina,64.155922
CBN-PdlC-A1-20160705,3,1390793,Carex curvula,63.561729
CBN-PdlC-A1-20160726,1,1392534,Gentiana acaulis,65.341080
CBN-PdlC-A1-20160726,2,1392535,Gentiana alpina,65.305000
CBN-PdlC-A1-20160726,3,1549015,Gentiana clusii,62.860046
CBN-PdlC-A1-20170816,1,1392534,Gentiana acaulis,64.970016
CBN-PdlC-A1-20170816,2,1394643,Antennaria dioica,63.131351
CBN-PdlC-A1-20170816,3,1742053,Omalotheca hoppeana,63.091885
CBN-PdlC-A1-20170906,1,1392534,Gentiana acaulis,67.477509
CBN-PdlC-A1-20170906,2,1412857,Omalotheca supina,65.651237
CBN-PdlC-A1-20170906,3,1742053,Omalotheca hoppeana,63.674767
CBN-PdlC-A1-20180702,1,1412857,Omalotheca supina,62.350471
CBN-PdlC-A1-20180702,2,1392534,Gentiana acaulis,62.024879
CBN-PdlC-A1-20180702,3,1392535,Gentiana alpina,60.492558
CBN-PdlC-A1-20180815,1,1412857,Omalotheca supina,64.672066
CBN-PdlC-A1-20180815,2,1393584,Linaria alpina,63.180450
CBN-PdlC-A1-20180815,3,1392541,Gentiana brachyphylla,62.083351
CBN-PdlC-A1-20180905,1,1742053,Omalotheca hoppeana,65.922714
CBN-PdlC-A1-20180905,2,1412857,Omalotheca supina,65.318558
CBN-PdlC-A1-20180905,3,1394311,Oreochloa disticha,63.559021
CBN-PdlC-A1-20190701,1,1391781,Draba subnivalis,60.630089
CBN-PdlC-A1-20190701,2,1479447,Arabis stellulata,60.606850
CBN-PdlC-A1-20190701,3,1392541,Gentiana brachyphylla,60.315788
CBN-PdlC-A1-20190722,1,1396843,Trifolium alpinum,65.111145
CBN-PdlC-A1-20190722,2,1392608,Geum montanum,64.729477
CBN-PdlC-A1-20190722,3,1412857,Omalotheca supina,64.264694
CBN-PdlC-A1-20190812,1,1742053,Omalotheca hoppeana,65.030708
CBN-PdlC-A1-20190812,2,1412857,Omalotheca supina,64.403831
CBN-PdlC-A1-20190812,3,1392608,Geum montanum,63.723553
CBN-PdlC-A1-20190909,1,1392608,Geum montanum,63.424168
CBN-PdlC-A1-20190909,2,1742053,Omalotheca hoppeana,62.913139
CBN-PdlC-A1-20190909,3,1356422,Botrychium lunaria,62.801529
CBN-PdlC-A1-20200629,1,1588853,Gagea soleirolii,57.157856
CBN-PdlC-A1-20200629,2,1647156,Armeria humilis,56.762756
CBN-PdlC-A1-20200629,3,1588800,Gagea luberonensis,55.934216
CBN-PdlC-A1-20200722,1,1392535,Gentiana alpina,66.834129
CBN-PdlC-A1-20200722,2,1392534,Gentiana acaulis,66.235443
CBN-PdlC-A1-20200722,3,1392608,Geum montanum,64.989296
CBN-PdlC-A1-20200812,1,1742053,Omalotheca hoppeana,67.242592
CBN-PdlC-A1-20200812,2,1412857,Omalotheca supina,65.299026
CBN-PdlC-A1-20200812,3,1392541,Gentiana brachyphylla,64.882996
CBN-PdlC-A2-20130807,1,1396144,Sedum alpestre,65.147842
CBN-PdlC-A2-20130807,2,1412857,Omalotheca supina,64.022095
CBN-PdlC-A2-20130807,3,1394911,Primula integrifolia,63.679596
CBN-PdlC-A2-20130903,1,1393200,Homogyne alpina,64.011215
CBN-PdlC-A2-20130903,2,1742053,Omalotheca hoppeana,62.183319
CBN-PdlC-A2-20130903,3,1412857,Omalotheca supina,61.609570
CBN-PdlC-A2-20140721,1,1396144,Sedum alpestre,66.597023
CBN-PdlC-A2-20140721,2,1396253,Sibbaldia procumbens,64.106888
CBN-PdlC-A2-20140721,3,1395807,Salix herbacea,61.979851
CBN-PdlC-A2-20140901,1,1392534,Gentiana acaulis,64.278320
CBN-PdlC-A2-20140901,2,1396253,Sibbaldia procumbens,64.023201
CBN-PdlC-A2-20140901,3,1412857,Omalotheca supina,63.316265
CBN-PdlC-A2-20150720,1,1393200,Homogyne alpina,68.596306
CBN-PdlC-A2-20150720,2,1412857,Omalotheca supina,64.853470
CBN-PdlC-A2-20150720,3,1396253,Sibbaldia procumbens,63.457615
CBN-PdlC-A2-20150810,1,1393200,Homogyne alpina,66.784973
CBN-PdlC-A2-20150810,2,1412857,Omalotheca supina,64.316437
CBN-PdlC-A2-20150810,3,1742053,Omalotheca hoppeana,62.832813
CBN-PdlC-A2-20150831,1,1393200,Homogyne alpina,67.651505
CBN-PdlC-A2-20150831,2,1412857,Omalotheca supina,66.105499
CBN-PdlC-A2-20150831,3,1742053,Omalotheca hoppeana,64.473221
CBN-PdlC-A2-20160705,1,1393200,Homogyne alpina,65.657486
CBN-PdlC-A2-20160705,2,1396253,Sibbaldia procumbens,64.955177
CBN-PdlC-A2-20160705,3,1412857,Omalotheca supina,64.397087
CBN-PdlC-A2-20160726,1,1392535,Gentiana alpina,69.188202
CBN-PdlC-A2-20160726,2,1393200,Homogyne alpina,67.698250
CBN-PdlC-A2-20160726,3,1392534,Gentiana acaulis,65.534348
CBN-PdlC-A2-20170816,1,1393200,Homogyne alpina,65.790894
CBN-PdlC-A2-20170816,2,1395807,Salix herbacea,63.638382
CBN-PdlC-A2-20170816,3,1742053,Omalotheca hoppeana,63.509052
CBN-PdlC-A2-20180702,1,1396144,Sedum alpestre,61.303101
CBN-PdlC-A2-20180702,2,1413349,Armeria maritima,60.969093
CBN-PdlC-A2-20180702,3,1394643,Antennaria dioica,60.207283
CBN-PdlC-A2-20180723,1,1393200,Homogyne alpina,67.697243
CBN-PdlC-A2-20180723,2,1396144,Sedum alpestre,65.285042
CBN-PdlC-A2-20180723,3,1396253,Sibbaldia procumbens,62.636040
CBN-PdlC-A2-20180815,1,1412857,Omalotheca supina,64.593498
CBN-PdlC-A2-20180815,2,1396253,Sibbaldia procumbens,63.609730
CBN-PdlC-A2-20180815,3,1393200,Homogyne alpina,63.405788
CBN-PdlC-A2-20180905,1,1396144,Sedum alpestre,67.955963
CBN-PdlC-A2-20180905,2,1742053,Omalotheca hoppeana,66.140625
CBN-PdlC-A2-20180905,3,1412857,Omalotheca supina,65.930664
CBN-PdlC-A2-20190701,1,1396144,Sedum alpestre,63.138859
CBN-PdlC-A2-20190701,2,1392260,Festuca alpina,62.980927
CBN-PdlC-A2-20190701,3,1361275,Festuca indigesta,62.378044
CBN-PdlC-A2-20190722,1,1393200,Homogyne alpina,65.227585
CBN-PdlC-A2-20190722,2,1392534,Gentiana acaulis,64.769600
CBN-PdlC-A2-20190722,3,1549015,Gentiana clusii,63.974415
CBN-PdlC-A2-20190812,1,1412857,Omalotheca supina,66.076897
CBN-PdlC-A2-20190812,2,1396898,Artemisia umbelliformis,65.310104
CBN-PdlC-A2-20190812,3,1396253,Sibbaldia procumbens,63.946602
CBN-PdlC-A2-20190909,1,1742053,Omalotheca hoppeana,65.160660
CBN-PdlC-A2-20190909,2,1412857,Omalotheca supina,64.010025
CBN-PdlC-A2-20190909,3,1392565,Gentiana terglouensis,63.447735
CBN-PdlC-A2-20200629,1,1392655,Goodyera repens,58.377693
CBN-PdlC-A2-20200629,2,1360981,Sternbergia colchiciflora,55.544495
CBN-PdlC-A2-20200629,3,1361707,Potamogeton nodosus,55.534725
CBN-PdlC-A2-20200722,1,1392534,Gentiana acaulis,65.314568
CBN-PdlC-A2-20200722,2,1392535,Gentiana alpina,63.527660
CBN-PdlC-A2-20200722,3,1396253,Sibbaldia procumbens,63.074455
CBN-PdlC-A2-20200812,1,1412857,Omalotheca supina,65.336197
CBN-PdlC-A2-20200812,2,1392534,Gentiana acaulis,65.130424
CBN-PdlC-A2-20200812,3,1392608,Geum montanum,64.652328
CBN-PdlC-A3-20130807,1,1393200,Homogyne alpina,65.561661
CBN-PdlC-A3-20130807,2,1392608,Geum montanum,65.210747
CBN-PdlC-A3-20130807,3,1412857,Omalotheca supina,64.937988
CBN-PdlC-A3-20130903,1,1392608,Geum montanum,64.576569
CBN-PdlC-A3-20130903,2,1360985,Arisarum simorrhinum,64.295334
CBN-PdlC-A3-20130903,3,1412857,Omalotheca supina,63.591141
CBN-PdlC-A3-20140721,1,1393200,Homogyne alpina,65.470230
CBN-PdlC-A3-20140721,2,1396144,Sedum alpestre,64.293465
CBN-PdlC-A3-20140721,3,1392608,Geum montanum,62.466488
CBN-PdlC-A3-20140811,1,1396144,Sedum alpestre,68.287445
CBN-PdlC-A3-20140811,2,1393200,Homogyne alpina,67.650330
CBN-PdlC-A3-20140811,3,1392608,Geum montanum,66.249329
CBN-PdlC-A3-20140901,1,1393200,Homogyne alpina,64.735733
CBN-PdlC-A3-20140901,2,1396144,Sedum alpestre,64.526352
CBN-PdlC-A3-20140901,3,1392608,Geum montanum,63.991779
CBN-PdlC-A3-20150701,1,1393200,Homogyne alpina,66.752190
CBN-PdlC-A3-20150701,2,1396144,Sedum alpestre,66.390465
CBN-PdlC-A3-20150701,3,1392608,Geum montanum,63.796234
CBN-PdlC-A3-20150720,1,1393200,Homogyne alpina,67.081543
CBN-PdlC-A3-20150720,2,1396144,Sedum alpestre,65.225288
CBN-PdlC-A3-20150720,3,1392608,Geum montanum,63.819710
CBN-PdlC-A3-20150810,1,1393200,Homogyne alpina,67.205597
CBN-PdlC-A3-20150810,2,1392608,Geum montanum,66.462639
CBN-PdlC-A3-20150810,3,1396144,Sedum alpestre,66.348724
CBN-PdlC-A3-20150831,1,1396144,Sedum alpestre,67.826721
CBN-PdlC-A3-20150831,2,1393200,Homogyne alpina,67.525024
CBN-PdlC-A3-20150831,3,1392608,Geum montanum,65.366020
CBN-PdlC-A3-20160705,1,1396144,Sedum alpestre,67.253906
CBN-PdlC-A3-20160705,2,1393200,Homogyne alpina,67.149933
CBN-PdlC-A3-20160705,3,1397475,Rhododendron ferrugineum,64.381447
CBN-PdlC-A3-20160726,1,1393200,Homogyne alpina,68.747543
CBN-PdlC-A3-20160726,2,1392535,Gentiana alpina,65.845810
CBN-PdlC-A3-20160726,3,1412857,Omalotheca supina,65.786530
CBN-PdlC-A3-20170816,1,1396144,Sedum alpestre,66.854462
CBN-PdlC-A3-20170816,2,1412857,Omalotheca supina,64.897324
CBN-PdlC-A3-20170816,3,1742053,Omalotheca hoppeana,63.478840
CBN-PdlC-A3-20170906,1,1393200,Homogyne alpina,67.212936
CBN-PdlC-A3-20170906,2,1396144,Sedum alpestre,66.182343
CBN-PdlC-A3-20170906,3,1412857,Omalotheca supina,65.753189
CBN-PdlC-A3-20180702,1,1396144,Sedum alpestre,65.550339
CBN-PdlC-A3-20180702,2,1392534,Gentiana acaulis,63.705444
CBN-PdlC-A3-20180702,3,1393200,Homogyne alpina,63.265045
CBN-PdlC-A3-20180723,1,1393200,Homogyne alpina,65.275383
CBN-PdlC-A3-20180723,2,1412857,Omalotheca supina,64.570084
CBN-PdlC-A3-20180723,3,1392534,Gentiana acaulis,64.103043
CBN-PdlC-A3-20180815,1,1392608,Geum montanum,63.435474
CBN-PdlC-A3-20180815,2,1393200,Homogyne alpina,63.430092
CBN-PdlC-A3-20180815,3,1394643,Antennaria dioica,62.637280
CBN-PdlC-A3-20180905,1,1412857,Omalotheca supina,66.710419
CBN-PdlC-A3-20180905,2,1742053,Omalotheca hoppeana,65.151855
CBN-PdlC-A3-20180905,3,1393200,Homogyne alpina,64.813164
CBN-PdlC-A3-20190701,1,1393200,Homogyne alpina,66.933792
CBN-PdlC-A3-20190701,2,1392534,Gentiana acaulis,61.951191
CBN-PdlC-A3-20190701,3,1412857,Omalotheca supina,59.798523
CBN-PdlC-A3-20190722,1,1393200,Homogyne alpina,66.784882
CBN-PdlC-A3-20190722,2,1412857,Omalotheca supina,64.329056
CBN-PdlC-A3-20190722,3,1397043,Veronica alpina,63.863216
CBN-PdlC-A3-20190812,1,1393200,Homogyne alpina,68.591850
CBN-PdlC-A3-20190812,2,1392608,Geum montanum,63.873756
CBN-PdlC-A3-20190812,3,1742053,Omalotheca hoppeana,63.279266
CBN-PdlC-A3-20190909,1,1412857,Omalotheca supina,64.465515
CBN-PdlC-A3-20190909,2,1393200,Homogyne alpina,63.811821
CBN-PdlC-A3-20190909,3,1742053,Omalotheca hoppeana,63.495850
CBN-PdlC-A3-20200629,1,1743903,Androsace delphinensis,58.367805
CBN-PdlC-A3-20200629,2,1744294,Pinguicula casperiana,58.134884
CBN-PdlC-A3-20200629,3,1399798,Pinguicula dertosensis,57.982513
CBN-PdlC-A3-20200722,1,1393200,Homogyne alpina,66.726967
CBN-PdlC-A3-20200722,2,1392608,Geum montanum,63.825844
CBN-PdlC-A3-20200722,3,1412857,Omalotheca supina,63.110470
CBN-PdlC-A3-20200812,1,1393200,Homogyne alpina,68.054298
CBN-PdlC-A3-20200812,2,1742053,Omalotheca hoppeana,67.867340
CBN-PdlC-A3-20200812,3,1412857,Omalotheca supina,66.489334
CBN-PdlC-A4-20130807,1,1393200,Homogyne alpina,66.754204
CBN-PdlC-A4-20130807,2,1392608,Geum montanum,64.086670
CBN-PdlC-A4-20130807,3,1397475,Rhododendron ferrugineum,62.422016
CBN-PdlC-A4-20130903,1,1393200,Homogyne alpina,67.387421
CBN-PdlC-A4-20130903,2,1392608,Geum montanum,64.381302
CBN-PdlC-A4-20130903,3,1397475,Rhododendron ferrugineum,64.041817
CBN-PdlC-A4-20140811,1,1393200,Homogyne alpina,69.019974
CBN-PdlC-A4-20140811,2,1396144,Sedum alpestre,68.202209
CBN-PdlC-A4-20140811,3,1392608,Geum montanum,65.051109
CBN-PdlC-A4-20140901,1,1393200,Homogyne alpina,66.639046
CBN-PdlC-A4-20140901,2,1392608,Geum montanum,62.356758
CBN-PdlC-A4-20140901,3,1397475,Rhododendron ferrugineum,61.616714
CBN-PdlC-A4-20150701,1,1393200,Homogyne alpina,67.352234
CBN-PdlC-A4-20150701,2,1392608,Geum montanum,66.738075
CBN-PdlC-A4-20150701,3,1397475,Rhododendron ferrugineum,64.816643
CBN-PdlC-A4-20150810,1,1393200,Homogyne alpina,68.968361
CBN-PdlC-A4-20150810,2,1390674,Campanula scheuchzeri,64.485802
CBN-PdlC-A4-20150810,3,1397475,Rhododendron ferrugineum,64.150810
CBN-PdlC-A4-20150831,1,1393200,Homogyne alpina,68.448975
CBN-PdlC-A4-20150831,2,1396144,Sedum alpestre,67.228142
CBN-PdlC-A4-20150831,3,1392534,Gentiana acaulis,63.909050
CBN-PdlC-A4-20160705,1,1393200,Homogyne alpina,68.029251
CBN-PdlC-A4-20160705,2,1397475,Rhododendron ferrugineum,65.217201
CBN-PdlC-A4-20160705,3,1392608,Geum montanum,63.945347
CBN-PdlC-A4-20160726,1,1396144,Sedum alpestre,68.824814
CBN-PdlC-A4-20160726,2,1393200,Homogyne alpina,68.026505
CBN-PdlC-A4-20160726,3,1392608,Geum montanum,64.107529
CBN-PdlC-A4-20170816,1,1396144,Sedum alpestre,64.894173
CBN-PdlC-A4-20170816,2,1393200,Homogyne alpina,64.598389
CBN-PdlC-A4-20170816,3,1742053,Omalotheca hoppeana,62.940594
CBN-PdlC-A4-20170906,1,1396144,Sedum alpestre,68.049858
CBN-PdlC-A4-20170906,2,1393200,Homogyne alpina,66.727043
CBN-PdlC-A4-20170906,3,1397475,Rhododendron ferrugineum,64.121513
CBN-PdlC-A4-20180702,1,1397475,Rhododendron ferrugineum,64.435341
CBN-PdlC-A4-20180702,2,1361771,Petasites albus,63.456951
CBN-PdlC-A4-20180702,3,1393200,Homogyne alpina,63.030373
CBN-PdlC-A4-20180723,1,1393200,Homogyne alpina,66.981277
CBN-PdlC-A4-20180723,2,1396144,Sedum alpestre,65.969269
CBN-PdlC-A4-20180723,3,1400101,Bartsia alpina,64.791252
CBN-PdlC-A4-20180815,1,1393200,Homogyne alpina,66.536118
CBN-PdlC-A4-20180815,2,1397475,Rhododendron ferrugineum,64.187988
CBN-PdlC-A4-20180815,3,1396144,Sedum alpestre,61.921791
CBN-PdlC-A4-20180905,1,1396144,Sedum alpestre,67.951218
CBN-PdlC-A4-20180905,2,1393200,Homogyne alpina,67.521370
CBN-PdlC-A4-20180905,3,1392534,Gentiana acaulis,64.221596
CBN-PdlC-A4-20190701,1,1397475,Rhododendron ferrugineum,64.544434
CBN-PdlC-A4-20190701,2,1393200,Homogyne alpina,63.677853
CBN-PdlC-A4-20190701,3,1393874,Myoporum laetum,60.556404
CBN-PdlC-A4-20190722,1,1393200,Homogyne alpina,66.742188
CBN-PdlC-A4-20190722,2,1397475,Rhododendron ferrugineum,65.010170
CBN-PdlC-A4-20190722,3,1396144,Sedum alpestre,63.257713
CBN-PdlC-A4-20190812,1,1393200,Homogyne alpina,64.607376
CBN-PdlC-A4-20190812,2,1396180,Sempervivum montanum,63.968910
CBN-PdlC-A4-20190812,3,1529402,Sempervivum minutum,63.757469
CBN-PdlC-A4-20190909,1,1397475,Rhododendron ferrugineum,64.645409
CBN-PdlC-A4-20190909,2,1397450,Orthilia secunda,63.240547
CBN-PdlC-A4-20190909,3,1393200,Homogyne alpina,63.032448
CBN-PdlC-A4-20200629,1,1397475,Rhododendron ferrugineum,63.043449
CBN-PdlC-A4-20200629,2,1744293,Pinguicula tejedensis,62.323654
CBN-PdlC-A4-20200629,3,1393200,Homogyne alpina,62.116161
CBN-PdlC-A4-20200722,1,1393200,Homogyne alpina,67.944366
CBN-PdlC-A4-20200722,2,1397475,Rhododendron ferrugineum,64.810036
CBN-PdlC-A4-20200722,3,1397430,Luzula sylvatica,62.605026
CBN-PdlC-A4-20200812,1,1393200,Homogyne alpina,67.187576
CBN-PdlC-A4-20200812,2,1397475,Rhododendron ferrugineum,64.652252
CBN-PdlC-A4-20200812,3,1392608,Geum montanum,64.588722
CBN-PdlC-A5-20130807,1,1393200,Homogyne alpina,66.792404
CBN-PdlC-A5-20130807,2,1397475,Rhododendron ferrugineum,64.460434
CBN-PdlC-A5-20130807,3,1396253,Sibbaldia procumbens,64.068115
CBN-PdlC-A5-20130903,1,1397475,Rhododendron ferrugineum,64.039856
CBN-PdlC-A5-20130903,2,1391363,Corydalis intermedia,63.345367
CBN-PdlC-A5-20130903,3,1396253,Sibbaldia procumbens,63.230919
CBN-PdlC-A5-20140721,1,1393200,Homogyne alpina,66.565979
CBN-PdlC-A5-20140721,2,1397475,Rhododendron ferrugineum,65.200256
CBN-PdlC-A5-20140721,3,1393659,Luzula alpina,64.683090
CBN-PdlC-A5-20140811,1,1393660,Luzula alpinopilosa,64.887436
CBN-PdlC-A5-20140811,2,1361598,Luzula pilosa,64.066132
CBN-PdlC-A5-20140811,3,1392541,Gentiana brachyphylla,63.732918
CBN-PdlC-A5-20150701,1,1393200,Homogyne alpina,67.542145
CBN-PdlC-A5-20150701,2,1397475,Rhododendron ferrugineum,63.857239
CBN-PdlC-A5-20150701,3,1396253,Sibbaldia procumbens,62.708534
CBN-PdlC-A5-20150831,1,1396253,Sibbaldia procumbens,65.122261
CBN-PdlC-A5-20150831,2,1397475,Rhododendron ferrugineum,64.597298
CBN-PdlC-A5-20150831,3,1393660,Luzula alpinopilosa,63.001190
CBN-PdlC-A5-20160705,1,1397475,Rhododendron ferrugineum,65.442635
CBN-PdlC-A5-20160705,2,1396253,Sibbaldia procumbens,63.785496
CBN-PdlC-A5-20160705,3,1392541,Gentiana brachyphylla,60.660316
CBN-PdlC-A5-20160726,1,1392534,Gentiana acaulis,67.394501
CBN-PdlC-A5-20160726,2,1393200,Homogyne alpina,66.621902
CBN-PdlC-A5-20160726,3,1392541,Gentiana brachyphylla,64.297943
CBN-PdlC-A5-20170816,1,1397475,Rhododendron ferrugineum,64.815582
CBN-PdlC-A5-20170816,2,1396253,Sibbaldia procumbens,63.864189
CBN-PdlC-A5-20170816,3,1393200,Homogyne alpina,62.048653
CBN-PdlC-A5-20170906,1,1393200,Homogyne alpina,66.386002
CBN-PdlC-A5-20170906,2,1396253,Sibbaldia procumbens,64.904495
CBN-PdlC-A5-20170906,3,1397475,Rhododendron ferrugineum,64.856712
CBN-PdlC-A5-20180815,1,1393200,Homogyne alpina,64.728065
CBN-PdlC-A5-20180815,2,1396253,Sibbaldia procumbens,63.853840
CBN-PdlC-A5-20180815,3,1363543,Stenotaphrum secundatum,62.090683
CBN-PdlC-A5-20180905,1,1393200,Homogyne alpina,66.984818
CBN-PdlC-A5-20180905,2,1396253,Sibbaldia procumbens,65.098618
CBN-PdlC-A5-20180905,3,1397475,Rhododendron ferrugineum,62.784767
CBN-PdlC-A5-20190909,1,1397475,Rhododendron ferrugineum,64.602806
CBN-PdlC-A5-20190909,2,1396253,Sibbaldia procumbens,62.263763
CBN-PdlC-A5-20190909,3,1419206,Freesia leichtlinii,60.698921
CBN-PdlC-A5-20200722,1,1397475,Rhododendron ferrugineum,64.339119
CBN-PdlC-A5-20200722,2,1396253,Sibbaldia procumbens,64.315788
CBN-PdlC-A5-20200722,3,1393200,Homogyne alpina,63.615032
CBN-PdlC-A6-20130807,1,1393200,Homogyne alpina,68.203819
CBN-PdlC-A6-20130807,2,1397475,Rhododendron ferrugineum,65.185410
CBN-PdlC-A6-20130807,3,1396253,Sibbaldia procumbens,64.327675
CBN-PdlC-A6-20130903,1,1397475,Rhododendron ferrugineum,64.682968
CBN-PdlC-A6-20130903,2,1396253,Sibbaldia procumbens,63.513474
CBN-PdlC-A6-20130903,3,1392534,Gentiana acaulis,61.990040
CBN-PdlC-A6-20140630,1,1396253,Sibbaldia procumbens,63.084736
CBN-PdlC-A6-20140630,2,1397475,Rhododendron ferrugineum,62.117817
CBN-PdlC-A6-20140630,3,1363615,Crassula ovata,57.005707
CBN-PdlC-A6-20140721,1,1397475,Rhododendron ferrugineum,65.210716
CBN-PdlC-A6-20140721,2,1393200,Homogyne alpina,63.877514
CBN-PdlC-A6-20140721,3,1396253,Sibbaldia procumbens,63.644188
CBN-PdlC-A6-20140901,1,1397475,Rhododendron ferrugineum,65.592880
CBN-PdlC-A6-20140901,2,1361367,Poa alpina,62.950809
CBN-PdlC-A6-20140901,3,1394548,Phyteuma orbiculare,62.194923
CBN-PdlC-A6-20150701,1,1393200,Homogyne alpina,68.439697
CBN-PdlC-A6-20150701,2,1397475,Rhododendron ferrugineum,63.162708
CBN-PdlC-A6-20150701,3,1396253,Sibbaldia procumbens,62.154167
CBN-PdlC-A6-20150810,1,1393200,Homogyne alpina,64.311699
CBN-PdlC-A6-20150810,2,1397475,Rhododendron ferrugineum,63.940041
CBN-PdlC-A6-20150810,3,1396253,Sibbaldia procumbens,63.911392
CBN-PdlC-A6-20150831,1,1393200,Homogyne alpina,64.836060
CBN-PdlC-A6-20150831,2,1397475,Rhododendron ferrugineum,64.823227
CBN-PdlC-A6-20150831,3,1396253,Sibbaldia procumbens,63.044983
CBN-PdlC-A6-20160705,1,1393200,Homogyne alpina,66.164993
CBN-PdlC-A6-20160705,2,1397475,Rhododendron ferrugineum,65.430145
CBN-PdlC-A6-20160705,3,1396253,Sibbaldia procumbens,65.022812
CBN-PdlC-A6-20160726,1,1393200,Homogyne alpina,65.290596
CBN-PdlC-A6-20160726,2,1393659,Luzula alpina,64.802193
CBN-PdlC-A6-20160726,3,1397475,Rhododendron ferrugineum,64.289612
CBN-PdlC-A6-20170816,1,1393200,Homogyne alpina,66.459702
CBN-PdlC-A6-20170816,2,1397475,Rhododendron ferrugineum,64.781479
CBN-PdlC-A6-20170816,3,1396253,Sibbaldia procumbens,63.114052
CBN-PdlC-A6-20170906,1,1393200,Homogyne alpina,66.919823
CBN-PdlC-A6-20170906,2,1397475,Rhododendron ferrugineum,64.686760
CBN-PdlC-A6-20170906,3,1360759,Meum athamanticum,62.375336
CBN-PdlC-A6-20180702,1,1393200,Homogyne alpina,66.913231
CBN-PdlC-A6-20180702,2,1397475,Rhododendron ferrugineum,65.116684
CBN-PdlC-A6-20180702,3,1396253,Sibbaldia procumbens,64.586334
CBN-PdlC-A6-20180723,1,1393200,Homogyne alpina,67.358398
CBN-PdlC-A6-20180723,2,1397475,Rhododendron ferrugineum,63.286530
CBN-PdlC-A6-20180723,3,1396253,Sibbaldia procumbens,62.081375
CBN-PdlC-A6-20180815,1,1394540,Phyteuma globulariifolium,64.788742
CBN-PdlC-A6-20180815,2,1397475,Rhododendron ferrugineum,64.321167
CBN-PdlC-A6-20180815,3,1393874,Myoporum laetum,63.855591
CBN-PdlC-A6-20180905,1,1393200,Homogyne alpina,65.282730
CBN-PdlC-A6-20180905,2,1397475,Rhododendron ferrugineum,65.008484
CBN-PdlC-A6-20180905,3,1393874,Myoporum laetum,63.117718
CBN-PdlC-A6-20190701,1,1393200,Homogyne alpina,66.275841
CBN-PdlC-A6-20190701,2,1397475,Rhododendron ferrugineum,63.851479
CBN-PdlC-A6-20190701,3,1396253,Sibbaldia procumbens,63.806347
CBN-PdlC-A6-20190722,1,1393660,Luzula alpinopilosa,65.064537
CBN-PdlC-A6-20190722,2,1393200,Homogyne alpina,65.041809
CBN-PdlC-A6-20190722,3,1397475,Rhododendron ferrugineum,64.478577
CBN-PdlC-A6-20190812,1,1397475,Rhododendron ferrugineum,64.541229
CBN-PdlC-A6-20190812,2,1396253,Sibbaldia procumbens,64.021126
CBN-PdlC-A6-20190812,3,1393200,Homogyne alpina,62.884254
CBN-PdlC-A6-20190909,1,1397475,Rhododendron ferrugineum,65.432190
CBN-PdlC-A6-20190909,2,1393200,Homogyne alpina,64.592667
CBN-PdlC-A6-20190909,3,1362482,Phleum alpinum,62.664360
CBN-PdlC-A6-20200722,1,1397475,Rhododendron ferrugineum,65.643509
CBN-PdlC-A6-20200722,2,1393200,Homogyne alpina,65.387939
CBN-PdlC-A6-20200722,3,1395807,Salix herbacea,63.574379
CBN-PdlC-A6-20200812,1,1393200,Homogyne alpina,66.538918
CBN-PdlC-A6-20200812,2,1397475,Rhododendron ferrugineum,65.024025
CBN-PdlC-A6-20200812,3,1396253,Sibbaldia procumbens,64.272423
CBN-PdlC-B1-20130807,1,1393200,Homogyne alpina,66.217194
CBN-PdlC-B1-20130807,2,1392608,Geum montanum,65.982338
CBN-PdlC-B1-20130807,3,1412857,Omalotheca supina,62.206348
CBN-PdlC-B1-20130903,1,1393200,Homogyne alpina,65.670624
CBN-PdlC-B1-20130903,2,1392608,Geum montanum,65.587288
CBN-PdlC-B1-20130903,3,1394643,Antennaria dioica,62.048485
CBN-PdlC-B1-20140721,1,1393200,Homogyne alpina,65.164711
CBN-PdlC-B1-20140721,2,1392608,Geum montanum,63.849937
CBN-PdlC-B1-20140721,3,1396253,Sibbaldia procumbens,63.333485
CBN-PdlC-B1-20140811,1,1396144,Sedum alpestre,66.177780
CBN-PdlC-B1-20140811,2,1392608,Geum montanum,65.391930
CBN-PdlC-B1-20140811,3,1393200,Homogyne alpina,64.206779
CBN-PdlC-B1-20140901,1,1392608,Geum montanum,65.855606
CBN-PdlC-B1-20140901,2,1393200,Homogyne alpina,65.226097
CBN-PdlC-B1-20140901,3,1393619,Logfia minima,64.909988
CBN-PdlC-B1-20150701,1,1393200,Homogyne alpina,66.671883
CBN-PdlC-B1-20150701,2,1392608,Geum montanum,65.222481
CBN-PdlC-B1-20150701,3,1396253,Sibbaldia procumbens,64.460480
CBN-PdlC-B1-20150720,1,1392608,Geum montanum,65.347961
CBN-PdlC-B1-20150720,2,1396253,Sibbaldia procumbens,64.005493
CBN-PdlC-B1-20150720,3,1393200,Homogyne alpina,63.753780
CBN-PdlC-B1-20150810,1,1393200,Homogyne alpina,67.725372
CBN-PdlC-B1-20150810,2,1392608,Geum montanum,64.456001
CBN-PdlC-B1-20150810,3,1412857,Omalotheca supina,63.937218
CBN-PdlC-B1-20150831,1,1396144,Sedum alpestre,67.532639
CBN-PdlC-B1-20150831,2,1393200,Homogyne alpina,66.877090
CBN-PdlC-B1-20150831,3,1412857,Omalotheca supina,66.120209
CBN-PdlC-B1-20160705,1,1393200,Homogyne alpina,67.324387
CBN-PdlC-B1-20160705,2,1392608,Geum montanum,64.957146
CBN-PdlC-B1-20160705,3,1396144,Sedum alpestre,64.932137
CBN-PdlC-B1-20160726,1,1396144,Sedum alpestre,68.017838
CBN-PdlC-B1-20160726,2,1393200,Homogyne alpina,66.282982
CBN-PdlC-B1-20160726,3,1392608,Geum montanum,65.296249
CBN-PdlC-B1-20170816,1,1392608,Geum montanum,64.935944
CBN-PdlC-B1-20170816,2,1394641,Antennaria carpatica,63.939907
CBN-PdlC-B1-20170816,3,1395807,Salix herbacea,63.812523
CBN-PdlC-B1-20170906,1,1392608,Geum montanum,64.303268
CBN-PdlC-B1-20170906,2,1412857,Omalotheca supina,63.524925
CBN-PdlC-B1-20170906,3,1393200,Homogyne alpina,63.475010
CBN-PdlC-B1-20180702,1,1413349,Armeria maritima,62.209499
CBN-PdlC-B1-20180702,2,1396144,Sedum alpestre,61.610085
CBN-PdlC-B1-20180702,3,1418688,Arctous alpina,58.588989
CBN-PdlC-B1-20180723,1,1393200,Homogyne alpina,66.975365
CBN-PdlC-B1-20180723,2,1392608,Geum montanum,64.557999
CBN-PdlC-B1-20180723,3,1396144,Sedum alpestre,63.516434
CBN-PdlC-B1-20180815,1,1396144,Sedum alpestre,66.524925
CBN-PdlC-B1-20180815,2,1412857,Omalotheca supina,65.555634
CBN-PdlC-B1-20180815,3,1392608,Geum montanum,65.465698
CBN-PdlC-B1-20180905,1,1412857,Omalotheca supina,66.241608
CBN-PdlC-B1-20180905,2,1647128,Armeria alpina,65.431519
CBN-PdlC-B1-20180905,3,1396144,Sedum alpestre,65.163177
CBN-PdlC-B1-20190701,1,1358095,Sedum album,61.904984
CBN-PdlC-B1-20190701,2,1392608,Geum montanum,61.514362
CBN-PdlC-B1-20190701,3,1396144,Sedum alpestre,61.434807
CBN-PdlC-B1-20190722,1,1392608,Geum montanum,65.938354
CBN-PdlC-B1-20190722,2,1361367,Poa alpina,64.011597
CBN-PdlC-B1-20190722,3,1396144,Sedum alpestre,63.699551
CBN-PdlC-B1-20190812,1,1396144,Sedum alpestre,67.451370
CBN-PdlC-B1-20190812,2,1392608,Geum montanum,65.164276
CBN-PdlC-B1-20190812,3,1356278,Trifolium fragiferum,64.063156
CBN-PdlC-B1-20190909,1,1392608,Geum montanum,64.234253
CBN-PdlC-B1-20190909,2,1412857,Omalotheca supina,63.696770
CBN-PdlC-B1-20190909,3,1396144,Sedum alpestre,62.869362
CBN-PdlC-B1-20200629,1,1393200,Homogyne alpina,63.279404
CBN-PdlC-B1-20200629,2,1356359,Asplenium septentrionale,61.499542
CBN-PdlC-B1-20200629,3,1396144,Sedum alpestre,57.182373
CBN-PdlC-B1-20200722,1,1396144,Sedum alpestre,66.127357
CBN-PdlC-B1-20200722,2,1392608,Geum montanum,65.172623
CBN-PdlC-B1-20200722,3,1393200,Homogyne alpina,65.058670
CBN-PdlC-B1-20200812,1,1742053,Omalotheca hoppeana,67.271408
CBN-PdlC-B1-20200812,2,1392608,Geum montanum,66.634010
CBN-PdlC-B1-20200812,3,1412857,Omalotheca supina,66.294357
CBN-PdlC-B2-20130807,1,1392608,Geum montanum,63.970676
CBN-PdlC-B2-20130807,2,1548995,Gentiana boryi,63.276390
CBN-PdlC-B2-20130807,3,1647128,Armeria alpina,62.516548
CBN-PdlC-B2-20130903,1,1392608,Geum montanum,63.368919
CBN-PdlC-B2-20130903,2,1395807,Salix herbacea,61.045506
CBN-PdlC-B2-20130903,3,1396441,Armeria ruscinonensis,60.969696
CBN-PdlC-B2-20140721,1,1392608,Geum montanum,66.113922
CBN-PdlC-B2-20140721,2,1392612,Geum reptans,61.020500
CBN-PdlC-B2-20140721,3,1360299,Geum sylvaticum,60.875813
CBN-PdlC-B2-20140811,1,1392608,Geum montanum,67.107910
CBN-PdlC-B2-20140811,2,1392611,Geum pyrenaicum,65.484505
CBN-PdlC-B2-20140811,3,1647128,Armeria alpina,63.756622
CBN-PdlC-B2-20140901,1,1392608,Geum montanum,63.969036
CBN-PdlC-B2-20140901,2,1392614,Geum rivale,62.447617
CBN-PdlC-B2-20140901,3,1394270,Androsace adfinis,60.931824
CBN-PdlC-B2-20150701,1,1392608,Geum montanum,61.907024
CBN-PdlC-B2-20150701,2,1392612,Geum reptans,60.686897
CBN-PdlC-B2-20150701,3,1360299,Geum sylvaticum,60.465134
CBN-PdlC-B2-20150720,1,1392608,Geum montanum,64.247757
CBN-PdlC-B2-20150720,2,1392541,Gentiana brachyphylla,63.805393
CBN-PdlC-B2-20150720,3,1394911,Primula integrifolia,61.981674
CBN-PdlC-B2-20150810,1,1392608,Geum montanum,63.569805
CBN-PdlC-B2-20150810,2,1742053,Omalotheca hoppeana,62.822319
CBN-PdlC-B2-20150810,3,1403533,Bacopa monnieri,61.540482
CBN-PdlC-B2-20150831,1,1392608,Geum montanum,64.748642
CBN-PdlC-B2-20150831,2,1647128,Armeria alpina,63.089386
CBN-PdlC-B2-20150831,3,1742053,Omalotheca hoppeana,62.213490
CBN-PdlC-B2-20160705,1,1392608,Geum montanum,65.356987
CBN-PdlC-B2-20160705,2,1394911,Primula integrifolia,61.532356
CBN-PdlC-B2-20160705,3,1403533,Bacopa monnieri,61.043091
CBN-PdlC-B2-20160726,1,1392608,Geum montanum,67.011063
CBN-PdlC-B2-20160726,2,1742053,Omalotheca hoppeana,66.738815
CBN-PdlC-B2-20160726,3,1412857,Omalotheca supina,63.676300
CBN-PdlC-B2-20170816,1,1362482,Phleum alpinum,64.671402
CBN-PdlC-B2-20170816,2,1392608,Geum montanum,64.559052
CBN-PdlC-B2-20170816,3,1412857,Omalotheca supina,64.311745
CBN-PdlC-B2-20170906,1,1412857,Omalotheca supina,63.250484
CBN-PdlC-B2-20170906,2,1392608,Geum montanum,62.238121
CBN-PdlC-B2-20170906,3,1394911,Primula integrifolia,61.976028
CBN-PdlC-B2-20180702,1,1394911,Primula integrifolia,60.863716
CBN-PdlC-B2-20180702,2,1392534,Gentiana acaulis,60.407616
CBN-PdlC-B2-20180702,3,1363618,Crassula multicava,59.685867
CBN-PdlC-B2-20180723,1,1392608,Geum montanum,65.711868
CBN-PdlC-B2-20180723,2,1392535,Gentiana alpina,64.703926
CBN-PdlC-B2-20180723,3,1392534,Gentiana acaulis,63.929298
CBN-PdlC-B2-20180815,1,1392534,Gentiana acaulis,65.466728
CBN-PdlC-B2-20180815,2,1412857,Omalotheca supina,64.099495
CBN-PdlC-B2-20180815,3,1392565,Gentiana terglouensis,62.462788
CBN-PdlC-B2-20180905,1,1392534,Gentiana acaulis,65.238342
CBN-PdlC-B2-20180905,2,1392541,Gentiana brachyphylla,63.898483
CBN-PdlC-B2-20180905,3,1392535,Gentiana alpina,63.390884
CBN-PdlC-B2-20190701,1,1394311,Oreochloa disticha,61.294571
CBN-PdlC-B2-20190701,2,1361771,Petasites albus,60.464989
CBN-PdlC-B2-20190701,3,1390532,Salvinia molesta,60.095978
CBN-PdlC-B2-20190722,1,1392534,Gentiana acaulis,66.013542
CBN-PdlC-B2-20190722,2,1392608,Geum montanum,64.316689
CBN-PdlC-B2-20190722,3,1400101,Bartsia alpina,63.432076
CBN-PdlC-B2-20190812,1,1397046,Veronica bellidioides,63.508121
CBN-PdlC-B2-20190812,2,1392534,Gentiana acaulis,63.447189
CBN-PdlC-B2-20190812,3,1412857,Omalotheca supina,63.091522
CBN-PdlC-B2-20190909,1,1362482,Phleum alpinum,64.531250
CBN-PdlC-B2-20190909,2,1392608,Geum montanum,64.368469
CBN-PdlC-B2-20190909,3,1742053,Omalotheca hoppeana,63.272964
CBN-PdlC-B2-20200629,1,1397468,Primula pedemontana,57.079597
CBN-PdlC-B2-20200629,2,1394911,Primula integrifolia,57.028511
CBN-PdlC-B2-20200629,3,1360026,Limonium cossonianum,56.677261
CBN-PdlC-B2-20200722,1,1392608,Geum montanum,66.028885
CBN-PdlC-B2-20200722,2,1392534,Gentiana acaulis,63.664925
CBN-PdlC-B2-20200722,3,1392611,Geum pyrenaicum,63.545723
CBN-PdlC-B2-20200812,1,1392608,Geum montanum,66.288239
CBN-PdlC-B2-20200812,2,1392612,Geum reptans,62.587288
CBN-PdlC-B2-20200812,3,1394911,Primula integrifolia,62.131031
CBN-PdlC-B3-20130807,1,1393200,Homogyne alpina,64.196060
CBN-PdlC-B3-20130807,2,1392534,Gentiana acaulis,62.527275
CBN-PdlC-B3-20130807,3,1394911,Primula integrifolia,61.662350
CBN-PdlC-B3-20130903,1,1393200,Homogyne alpina,66.141907
CBN-PdlC-B3-20130903,2,1394911,Primula integrifolia,61.103546
CBN-PdlC-B3-20130903,3,1392534,Gentiana acaulis,60.833565
CBN-PdlC-B3-20140721,1,1393200,Homogyne alpina,65.573952
CBN-PdlC-B3-20140721,2,1394911,Primula integrifolia,62.407669
CBN-PdlC-B3-20140721,3,1412857,Omalotheca supina,61.349419
CBN-PdlC-B3-20140811,1,1393200,Homogyne alpina,67.079376
CBN-PdlC-B3-20140811,2,1412857,Omalotheca supina,63.612717
CBN-PdlC-B3-20140811,3,1392541,Gentiana brachyphylla,63.117905
CBN-PdlC-B3-20140901,1,1742053,Omalotheca hoppeana,66.824158
CBN-PdlC-B3-20140901,2,1393200,Homogyne alpina,66.176094
CBN-PdlC-B3-20140901,3,1412857,Omalotheca supina,64.369118
CBN-PdlC-B3-20150701,1,1393200,Homogyne alpina,62.662308
CBN-PdlC-B3-20150701,2,1392535,Gentiana alpina,62.425529
CBN-PdlC-B3-20150701,3,1392541,Gentiana brachyphylla,61.462700
CBN-PdlC-B3-20150810,1,1393200,Homogyne alpina,63.628387
CBN-PdlC-B3-20150810,2,1392541,Gentiana brachyphylla,62.140881
CBN-PdlC-B3-20150810,3,1399800,Pinguicula nevadensis,61.970009
CBN-PdlC-B3-20150831,1,1393200,Homogyne alpina,67.418427
CBN-PdlC-B3-20150831,2,1392541,Gentiana brachyphylla,64.038284
CBN-PdlC-B3-20150831,3,1392534,Gentiana acaulis,62.197941
CBN-PdlC-B3-20160705,1,1393200,Homogyne alpina,66.551163
CBN-PdlC-B3-20160705,2,1394597,Pinguicula corsica,64.546547
CBN-PdlC-B3-20160705,3,1394911,Primula integrifolia,64.012672
CBN-PdlC-B3-20160726,1,1393200,Homogyne alpina,67.471443
CBN-PdlC-B3-20160726,2,1742053,Omalotheca hoppeana,63.955624
CBN-PdlC-B3-20160726,3,1397043,Veronica alpina,63.465668
CBN-PdlC-B3-20170816,1,1396144,Sedum alpestre,65.800537
CBN-PdlC-B3-20170816,2,1412857,Omalotheca supina,65.015770
CBN-PdlC-B3-20170816,3,1394542,Phyteuma hemisphaericum,64.993896
CBN-PdlC-B3-20170906,1,1393200,Homogyne alpina,66.596245
CBN-PdlC-B3-20170906,2,1396144,Sedum alpestre,63.692795
CBN-PdlC-B3-20170906,3,1412857,Omalotheca supina,63.497787
CBN-PdlC-B3-20180702,1,1393200,Homogyne alpina,61.860764
CBN-PdlC-B3-20180702,2,1399800,Pinguicula nevadensis,61.600891
CBN-PdlC-B3-20180702,3,1396144,Sedum alpestre,61.457203
CBN-PdlC-B3-20180723,1,1393200,Homogyne alpina,66.100998
CBN-PdlC-B3-20180723,2,1742053,Omalotheca hoppeana,62.442642
CBN-PdlC-B3-20180723,3,1394540,Phyteuma globulariifolium,60.703068
CBN-PdlC-B3-20180815,1,1393200,Homogyne alpina,66.132538
CBN-PdlC-B3-20180815,2,1742053,Omalotheca hoppeana,63.838158
CBN-PdlC-B3-20180815,3,1412857,Omalotheca supina,63.354179
CBN-PdlC-B3-20180905,1,1393200,Homogyne alpina,66.978180
CBN-PdlC-B3-20180905,2,1396144,Sedum alpestre,64.974091
CBN-PdlC-B3-20180905,3,1412857,Omalotheca supina,64.630638
CBN-PdlC-B3-20190701,1,1393200,Homogyne alpina,63.429863
CBN-PdlC-B3-20190701,2,1356348,Asplenium hemionitis,62.994034
CBN-PdlC-B3-20190701,3,1396144,Sedum alpestre,59.740891
CBN-PdlC-B3-20190722,1,1393200,Homogyne alpina,64.129120
CBN-PdlC-B3-20190722,2,1396144,Sedum alpestre,63.189552
CBN-PdlC-B3-20190722,3,1742053,Omalotheca hoppeana,61.504730
CBN-PdlC-B3-20190812,1,1393200,Homogyne alpina,66.980377
CBN-PdlC-B3-20190812,2,1412857,Omalotheca supina,64.971405
CBN-PdlC-B3-20190812,3,1742053,Omalotheca hoppeana,63.929390
CBN-PdlC-B3-20190909,1,1393200,Homogyne alpina,61.780903
CBN-PdlC-B3-20190909,2,1742053,Omalotheca hoppeana,61.089249
CBN-PdlC-B3-20190909,3,1363618,Crassula multicava,60.621441
CBN-PdlC-B3-20200629,1,1396144,Sedum alpestre,59.517357
CBN-PdlC-B3-20200629,2,1356228,Cymodocea nodosa,58.792694
CBN-PdlC-B3-20200629,3,1743514,Achnatherum parviflorum,58.237198
CBN-PdlC-B3-20200722,1,1393200,Homogyne alpina,66.005539
CBN-PdlC-B3-20200722,2,1742053,Omalotheca hoppeana,64.269478
CBN-PdlC-B3-20200722,3,1392541,Gentiana brachyphylla,63.426254
CBN-PdlC-B3-20200812,1,1393200,Homogyne alpina,68.161957
CBN-PdlC-B3-20200812,2,1742053,Omalotheca hoppeana,67.400848
CBN-PdlC-B3-20200812,3,1412857,Omalotheca supina,65.891808
CBN-PdlC-B4-20130807,1,1397475,Rhododendron ferrugineum,65.422722
CBN-PdlC-B4-20130807,2,1393200,Homogyne alpina,63.883900
CBN-PdlC-B4-20130807,3,1412857,Omalotheca supina,61.096031
CBN-PdlC-B4-20130903,1,1397475,Rhododendron ferrugineum,64.868912
CBN-PdlC-B4-20130903,2,1393200,Homogyne alpina,63.190128
CBN-PdlC-B4-20130903,3,1532190,Carex rorulenta,60.993690
CBN-PdlC-B4-20140721,1,1397475,Rhododendron ferrugineum,65.640228
CBN-PdlC-B4-20140721,2,1393874,Myoporum laetum,60.507915
CBN-PdlC-B4-20140721,3,1393200,Homogyne alpina,60.135742
CBN-PdlC-B4-20140811,1,1397475,Rhododendron ferrugineum,65.282845
CBN-PdlC-B4-20140811,2,1396144,Sedum alpestre,64.909760
CBN-PdlC-B4-20140811,3,1394311,Oreochloa disticha,64.707550
CBN-PdlC-B4-20140901,1,1412857,Omalotheca supina,65.282745
CBN-PdlC-B4-20140901,2,1397475,Rhododendron ferrugineum,64.399170
CBN-PdlC-B4-20140901,3,1742053,Omalotheca hoppeana,63.670307
CBN-PdlC-B4-20150701,1,1397475,Rhododendron ferrugineum,65.580254
CBN-PdlC-B4-20150701,2,1356422,Botrychium lunaria,62.482521
CBN-PdlC-B4-20150701,3,1393200,Homogyne alpina,62.014797
CBN-PdlC-B4-20150810,1,1393200,Homogyne alpina,65.055466
CBN-PdlC-B4-20150810,2,1390674,Campanula scheuchzeri,64.916321
CBN-PdlC-B4-20150810,3,1397475,Rhododendron ferrugineum,63.839924
CBN-PdlC-B4-20150831,1,1393200,Homogyne alpina,65.493088
CBN-PdlC-B4-20150831,2,1397475,Rhododendron ferrugineum,65.201088
CBN-PdlC-B4-20150831,3,1394311,Oreochloa disticha,64.022781
CBN-PdlC-B4-20160726,1,1393200,Homogyne alpina,67.674614
CBN-PdlC-B4-20160726,2,1397475,Rhododendron ferrugineum,65.633949
CBN-PdlC-B4-20160726,3,1396144,Sedum alpestre,63.780479
CBN-PdlC-B4-20170816,1,1393200,Homogyne alpina,66.343185
CBN-PdlC-B4-20170816,2,1397475,Rhododendron ferrugineum,64.087608
CBN-PdlC-B4-20170816,3,1396144,Sedum alpestre,63.904758
CBN-PdlC-B4-20170906,1,1397475,Rhododendron ferrugineum,65.064339
CBN-PdlC-B4-20170906,2,1393200,Homogyne alpina,63.791092
CBN-PdlC-B4-20170906,3,1393874,Myoporum laetum,62.361084
CBN-PdlC-B4-20180702,1,1397475,Rhododendron ferrugineum,64.605377
CBN-PdlC-B4-20180702,2,1396144,Sedum alpestre,62.763527
CBN-PdlC-B4-20180702,3,1393874,Myoporum laetum,60.769104
CBN-PdlC-B4-20180723,1,1396144,Sedum alpestre,67.020172
CBN-PdlC-B4-20180723,2,1397475,Rhododendron ferrugineum,65.391571
CBN-PdlC-B4-20180723,3,1393200,Homogyne alpina,64.237839
CBN-PdlC-B4-20180815,1,1396144,Sedum alpestre,66.551987
CBN-PdlC-B4-20180815,2,1397475,Rhododendron ferrugineum,64.433510
CBN-PdlC-B4-20180815,3,1393200,Homogyne alpina,61.773209
CBN-PdlC-B4-20180905,1,1393200,Homogyne alpina,67.473824
CBN-PdlC-B4-20180905,2,1396144,Sedum alpestre,65.708580
CBN-PdlC-B4-20180905,3,1412857,Omalotheca supina,64.964188
CBN-PdlC-B4-20190701,1,1397475,Rhododendron ferrugineum,64.706604
CBN-PdlC-B4-20190701,2,1741661,Rhododendron intermedium,58.324806
CBN-PdlC-B4-20190701,3,1395190,Rhododendron hirsutum,58.093513
CBN-PdlC-B4-20190722,1,1397475,Rhododendron ferrugineum,66.151611
CBN-PdlC-B4-20190722,2,1393200,Homogyne alpina,61.042904
CBN-PdlC-B4-20190722,3,1393874,Myoporum laetum,60.999840
CBN-PdlC-B4-20190812,1,1397475,Rhododendron ferrugineum,64.534576
CBN-PdlC-B4-20190812,2,1362482,Phleum alpinum,64.308723
CBN-PdlC-B4-20190812,3,1393200,Homogyne alpina,61.730705
CBN-PdlC-B4-20190909,1,1397475,Rhododendron ferrugineum,64.834518
CBN-PdlC-B4-20190909,2,1361367,Poa alpina,61.010868
CBN-PdlC-B4-20190909,3,1393874,Myoporum laetum,59.832092
CBN-PdlC-B4-20200629,1,1397475,Rhododendron ferrugineum,64.949944
CBN-PdlC-B4-20200629,2,1393200,Homogyne alpina,60.772865
CBN-PdlC-B4-20200629,3,1395870,Salix retusa,58.563156
CBN-PdlC-B4-20200722,1,1397475,Rhododendron ferrugineum,65.798485
CBN-PdlC-B4-20200722,2,1393200,Homogyne alpina,65.755295
CBN-PdlC-B4-20200722,3,1741776,Polygaloides chamaebuxus,63.252541
CBN-PdlC-B4-20200812,1,1393200,Homogyne alpina,67.482239
CBN-PdlC-B4-20200812,2,1394911,Primula integrifolia,65.151398
CBN-PdlC-B4-20200812,3,1397475,Rhododendron ferrugineum,64.596565
CBN-PdlC-B5-20130807,1,1397475,Rhododendron ferrugineum,65.752007
CBN-PdlC-B5-20130807,2,1395807,Salix herbacea,62.287445
CBN-PdlC-B5-20130807,3,1394911,Primula integrifolia,61.301819
CBN-PdlC-B5-20130903,1,1397475,Rhododendron ferrugineum,64.509674
CBN-PdlC-B5-20130903,2,1395807,Salix herbacea,62.295784
CBN-PdlC-B5-20130903,3,1394643,Antennaria dioica,59.877895
CBN-PdlC-B5-20140630,1,1369309,Vinca minor,56.739662
CBN-PdlC-B5-20140630,2,1492045,Arenaria alfacarensis,54.745102
CBN-PdlC-B5-20140630,3,1392767,Heteranthera reniformis,54.406422
CBN-PdlC-B5-20140721,1,1396253,Sibbaldia procumbens,65.360413
CBN-PdlC-B5-20140721,2,1397475,Rhododendron ferrugineum,65.126595
CBN-PdlC-B5-20140721,3,1395807,Salix herbacea,62.932419
CBN-PdlC-B5-20140811,1,1397475,Rhododendron ferrugineum,65.533951
CBN-PdlC-B5-20140811,2,1395807,Salix herbacea,64.334869
CBN-PdlC-B5-20140811,3,1394311,Oreochloa disticha,63.890881
CBN-PdlC-B5-20140901,1,1397475,Rhododendron ferrugineum,65.083565
CBN-PdlC-B5-20140901,2,1361367,Poa alpina,63.830101
CBN-PdlC-B5-20140901,3,1396253,Sibbaldia procumbens,62.358440
CBN-PdlC-B5-20150701,1,1397475,Rhododendron ferrugineum,65.095039
CBN-PdlC-B5-20150701,2,1394911,Primula integrifolia,62.872520
CBN-PdlC-B5-20150701,3,1395807,Salix herbacea,62.644539
CBN-PdlC-B5-20150720,1,1397475,Rhododendron ferrugineum,65.552643
CBN-PdlC-B5-20150720,2,1400101,Bartsia alpina,63.194405
CBN-PdlC-B5-20150720,3,1395807,Salix herbacea,63.043724
CBN-PdlC-B5-20150810,1,1397475,Rhododendron ferrugineum,64.931061
CBN-PdlC-B5-20150810,2,1395807,Salix herbacea,63.531376
CBN-PdlC-B5-20150810,3,1400101,Bartsia alpina,62.196121
CBN-PdlC-B5-20150831,1,1397475,Rhododendron ferrugineum,65.269974
CBN-PdlC-B5-20150831,2,1395807,Salix herbacea,63.351269
CBN-PdlC-B5-20150831,3,1396253,Sibbaldia procumbens,62.772072
CBN-PdlC-B5-20160705,1,1397475,Rhododendron ferrugineum,65.354813
CBN-PdlC-B5-20160705,2,1396253,Sibbaldia procumbens,64.046165
CBN-PdlC-B5-20160705,3,1394911,Primula integrifolia,63.941254
CBN-PdlC-B5-20160726,1,1397475,Rhododendron ferrugineum,66.192520
CBN-PdlC-B5-20160726,2,1395807,Salix herbacea,63.037987
CBN-PdlC-B5-20160726,3,1396253,Sibbaldia procumbens,61.787704
CBN-PdlC-B5-20170816,1,1397475,Rhododendron ferrugineum,65.254066
CBN-PdlC-B5-20170816,2,1394311,Oreochloa disticha,64.766541
CBN-PdlC-B5-20170816,3,1393874,Myoporum laetum,62.685280
CBN-PdlC-B5-20170906,1,1397475,Rhododendron ferrugineum,64.979507
CBN-PdlC-B5-20170906,2,1395807,Salix herbacea,62.576775
CBN-PdlC-B5-20170906,3,1363618,Crassula multicava,60.190857
CBN-PdlC-B5-20180702,1,1397475,Rhododendron ferrugineum,64.476608
CBN-PdlC-B5-20180702,2,1391427,Crassula pubescens,59.822510
CBN-PdlC-B5-20180702,3,1395190,Rhododendron hirsutum,59.128616
CBN-PdlC-B5-20180723,1,1397475,Rhododendron ferrugineum,65.488968
CBN-PdlC-B5-20180723,2,1395807,Salix herbacea,62.780746
CBN-PdlC-B5-20180723,3,1397353,Claytonia perfoliata,61.946556
CBN-PdlC-B5-20180815,1,1397475,Rhododendron ferrugineum,64.472015
CBN-PdlC-B5-20180815,2,1393200,Homogyne alpina,60.772907
CBN-PdlC-B5-20180815,3,1395807,Salix herbacea,60.199181
CBN-PdlC-B5-20180905,1,1397475,Rhododendron ferrugineum,64.664978
CBN-PdlC-B5-20180905,2,1392541,Gentiana brachyphylla,62.342258
CBN-PdlC-B5-20180905,3,1393874,Myoporum laetum,61.707790
CBN-PdlC-B5-20190701,1,1397475,Rhododendron ferrugineum,64.166687
CBN-PdlC-B5-20190701,2,1392534,Gentiana acaulis,61.540157
CBN-PdlC-B5-20190701,3,1396970,Vaccinium uliginosum,60.466240
CBN-PdlC-B5-20190722,1,1397475,Rhododendron ferrugineum,67.106621
CBN-PdlC-B5-20190722,2,1397043,Veronica alpina,63.850006
CBN-PdlC-B5-20190722,3,1396253,Sibbaldia procumbens,63.143314
CBN-PdlC-B5-20190812,1,1397475,Rhododendron ferrugineum,65.875580
CBN-PdlC-B5-20190812,2,1392552,Gentiana nivalis,65.276756
CBN-PdlC-B5-20190812,3,1400101,Bartsia alpina,63.828796
CBN-PdlC-B5-20190909,1,1397475,Rhododendron ferrugineum,65.770050
CBN-PdlC-B5-20190909,2,1394911,Primula integrifolia,63.623032
CBN-PdlC-B5-20190909,3,1393857,Moneses uniflora,63.545807
CBN-PdlC-B5-20200629,1,1397475,Rhododendron ferrugineum,65.242714
CBN-PdlC-B5-20200629,2,1392541,Gentiana brachyphylla,62.274651
CBN-PdlC-B5-20200629,3,1392534,Gentiana acaulis,62.047775
CBN-PdlC-B5-20200722,1,1397475,Rhododendron ferrugineum,64.333893
CBN-PdlC-B5-20200722,2,1400101,Bartsia alpina,62.828842
CBN-PdlC-B5-20200722,3,1395807,Salix herbacea,61.876396
CBN-PdlC-B5-20200812,1,1397475,Rhododendron ferrugineum,64.441689
CBN-PdlC-B5-20200812,2,1392541,Gentiana brachyphylla,63.695576
CBN-PdlC-B5-20200812,3,1395807,Salix herbacea,62.897655
CBN-PdlC-B6-20130807,1,1392535,Gentiana alpina,65.532532
CBN-PdlC-B6-20130807,2,1392534,Gentiana acaulis,65.171036
CBN-PdlC-B6-20130807,3,1396253,Sibbaldia procumbens,62.678139
CBN-PdlC-B6-20130903,1,1393200,Homogyne alpina,65.487625
CBN-PdlC-B6-20130903,2,1397475,Rhododendron ferrugineum,64.286209
CBN-PdlC-B6-20130903,3,1743474,Oreochloa elegans,62.832596
CBN-PdlC-B6-20140630,1,1392534,Gentiana acaulis,59.829094
CBN-PdlC-B6-20140630,2,1744235,Pinguicula mundi,58.710754
CBN-PdlC-B6-20140630,3,1399798,Pinguicula dertosensis,58.628632
CBN-PdlC-B6-20140721,1,1396253,Sibbaldia procumbens,64.541328
CBN-PdlC-B6-20140721,2,1395807,Salix herbacea,62.854259
CBN-PdlC-B6-20140721,3,1394911,Primula integrifolia,62.427700
CBN-PdlC-B6-20140811,1,1395807,Salix herbacea,65.137337
CBN-PdlC-B6-20140811,2,1393200,Homogyne alpina,64.918945
CBN-PdlC-B6-20140811,3,1396253,Sibbaldia procumbens,64.376884
CBN-PdlC-B6-20140901,1,1394542,Phyteuma hemisphaericum,65.075035
CBN-PdlC-B6-20140901,2,1394540,Phyteuma globulariifolium,64.553841
CBN-PdlC-B6-20140901,3,1396253,Sibbaldia procumbens,63.128311
CBN-PdlC-B6-20150701,1,1394911,Primula integrifolia,64.997490
CBN-PdlC-B6-20150701,2,1396253,Sibbaldia procumbens,63.396576
CBN-PdlC-B6-20150701,3,1395807,Salix herbacea,62.660622
CBN-PdlC-B6-20150720,1,1396253,Sibbaldia procumbens,62.894749
CBN-PdlC-B6-20150720,2,1395807,Salix herbacea,62.869457
CBN-PdlC-B6-20150720,3,1392541,Gentiana brachyphylla,62.516235
CBN-PdlC-B6-20150810,1,1397475,Rhododendron ferrugineum,64.004326
CBN-PdlC-B6-20150810,2,1397450,Orthilia secunda,62.956081
CBN-PdlC-B6-20150810,3,1395807,Salix herbacea,62.137318
CBN-PdlC-B6-20150831,1,1393200,Homogyne alpina,63.664337
CBN-PdlC-B6-20150831,2,1395807,Salix herbacea,63.311405
CBN-PdlC-B6-20150831,3,1389929,Helictochloa versicolor,62.593506
CBN-PdlC-B6-20160705,1,1393200,Homogyne alpina,64.401642
CBN-PdlC-B6-20160705,2,1396253,Sibbaldia procumbens,64.394089
CBN-PdlC-B6-20160705,3,1395807,Salix herbacea,63.503830
CBN-PdlC-B6-20160726,1,1396253,Sibbaldia procumbens,63.060207
CBN-PdlC-B6-20160726,2,1395807,Salix herbacea,61.679935
CBN-PdlC-B6-20160726,3,1361801,Vaccinium myrtillus,61.580074
CBN-PdlC-B6-20170816,1,1396253,Sibbaldia procumbens,62.768105
CBN-PdlC-B6-20170816,2,1720959,Anthoxanthum nipponicum,62.193966
CBN-PdlC-B6-20170816,3,1393200,Homogyne alpina,61.417725
CBN-PdlC-B6-20170906,1,1393200,Homogyne alpina,64.472198
CBN-PdlC-B6-20170906,2,1396253,Sibbaldia procumbens,64.127625
CBN-PdlC-B6-20170906,3,1395807,Salix herbacea,62.502083
CBN-PdlC-B6-20180702,1,1394911,Primula integrifolia,66.609627
CBN-PdlC-B6-20180702,2,1393200,Homogyne alpina,64.760872
CBN-PdlC-B6-20180702,3,1392534,Gentiana acaulis,64.375488
CBN-PdlC-B6-20180723,1,1395807,Salix herbacea,62.995506
CBN-PdlC-B6-20180723,2,1396253,Sibbaldia procumbens,61.869869
CBN-PdlC-B6-20180723,3,1363543,Stenotaphrum secundatum,61.322880
CBN-PdlC-B6-20180905,1,1396253,Sibbaldia procumbens,64.229492
CBN-PdlC-B6-20180905,2,1393679,Luzula lutea,60.203850
CBN-PdlC-B6-20180905,3,1363543,Stenotaphrum secundatum,60.009682
CBN-PdlC-B6-20190701,1,1393200,Homogyne alpina,66.680435
CBN-PdlC-B6-20190701,2,1394911,Primula integrifolia,64.429047
CBN-PdlC-B6-20190701,3,1397475,Rhododendron ferrugineum,63.099072
CBN-PdlC-B6-20190722,1,1393200,Homogyne alpina,65.982231
CBN-PdlC-B6-20190722,2,1396253,Sibbaldia procumbens,64.434853
CBN-PdlC-B6-20190722,3,1395807,Salix herbacea,62.780117
CBN-PdlC-B6-20190812,1,1397475,Rhododendron ferrugineum,64.421265
CBN-PdlC-B6-20190812,2,1396253,Sibbaldia procumbens,64.073135
CBN-PdlC-B6-20190812,3,1393200,Homogyne alpina,63.718292
CBN-PdlC-B6-20190909,1,1393200,Homogyne alpina,63.643860
CBN-PdlC-B6-20190909,2,1395807,Salix herbacea,63.147850
CBN-PdlC-B6-20190909,3,1396253,Sibbaldia procumbens,62.341705
CBN-PdlC-B6-20200629,1,1397475,Rhododendron ferrugineum,63.840992
CBN-PdlC-B6-20200629,2,1396253,Sibbaldia procumbens,63.404224
CBN-PdlC-B6-20200629,3,1393200,Homogyne alpina,60.966629
CBN-PdlC-B6-20200722,1,1393200,Homogyne alpina,67.939087
CBN-PdlC-B6-20200722,2,1392534,Gentiana acaulis,66.440254
CBN-PdlC-B6-20200722,3,1392535,Gentiana alpina,65.631783
CBN-PdlC-B6-20200812,1,1393200,Homogyne alpina,68.089546
CBN-PdlC-B6-20200812,2,1392534,Gentiana acaulis,63.753490
CBN-PdlC-B6-20200812,3,1393659,Luzula alpina,63.503139
CBN-PdlC-C1-20130807,1,1397500,Soldanella alpina,65.890259
CBN-PdlC-C1-20130807,2,1393708,Lysimachia nummularia,63.298832
CBN-PdlC-C1-20130807,3,1396332,Soldanella villosa,61.802216
CBN-PdlC-C1-20130903,1,1393200,Homogyne alpina,67.463776
CBN-PdlC-C1-20130903,2,1396253,Sibbaldia procumbens,64.475342
CBN-PdlC-C1-20130903,3,1394911,Primula integrifolia,62.843922
CBN-PdlC-C1-20140721,1,1393200,Homogyne alpina,66.573891
CBN-PdlC-C1-20140721,2,1397500,Soldanella alpina,66.306572
CBN-PdlC-C1-20140721,3,1396253,Sibbaldia procumbens,64.122108
CBN-PdlC-C1-20140811,1,1393200,Homogyne alpina,67.423065
CBN-PdlC-C1-20140811,2,1395807,Salix herbacea,63.650192
CBN-PdlC-C1-20140811,3,1396253,Sibbaldia procumbens,62.264374
CBN-PdlC-C1-20140901,1,1393200,Homogyne alpina,65.538010
CBN-PdlC-C1-20140901,2,1395807,Salix herbacea,62.788185
CBN-PdlC-C1-20140901,3,1392534,Gentiana acaulis,62.255074
CBN-PdlC-C1-20150701,1,1397500,Soldanella alpina,66.682510
CBN-PdlC-C1-20150701,2,1393200,Homogyne alpina,66.677193
CBN-PdlC-C1-20150701,3,1392534,Gentiana acaulis,61.427719
CBN-PdlC-C1-20150720,1,1393200,Homogyne alpina,67.221664
CBN-PdlC-C1-20150720,2,1412857,Omalotheca supina,64.123108
CBN-PdlC-C1-20150720,3,1396253,Sibbaldia procumbens,64.085640
CBN-PdlC-C1-20150810,1,1393200,Homogyne alpina,66.646545
CBN-PdlC-C1-20150810,2,1395807,Salix herbacea,63.916939
CBN-PdlC-C1-20150810,3,1362482,Phleum alpinum,63.433002
CBN-PdlC-C1-20150831,1,1393200,Homogyne alpina,67.295090
CBN-PdlC-C1-20150831,2,1742053,Omalotheca hoppeana,66.010391
CBN-PdlC-C1-20150831,3,1412857,Omalotheca supina,64.621498
CBN-PdlC-C1-20160705,1,1393200,Homogyne alpina,66.572716
CBN-PdlC-C1-20160705,2,1396253,Sibbaldia procumbens,63.391808
CBN-PdlC-C1-20160705,3,1397500,Soldanella alpina,62.851379
CBN-PdlC-C1-20160726,1,1361367,Poa alpina,63.852562
CBN-PdlC-C1-20160726,2,1396253,Sibbaldia procumbens,63.647160
CBN-PdlC-C1-20160726,3,1393200,Homogyne alpina,63.209923
CBN-PdlC-C1-20170816,1,1393200,Homogyne alpina,67.239922
CBN-PdlC-C1-20170816,2,1392534,Gentiana acaulis,64.799072
CBN-PdlC-C1-20170816,3,1396253,Sibbaldia procumbens,64.220139
CBN-PdlC-C1-20170906,1,1396253,Sibbaldia procumbens,63.304394
CBN-PdlC-C1-20170906,2,1361347,Nardus stricta,60.920448
CBN-PdlC-C1-20170906,3,1363618,Crassula multicava,60.531330
CBN-PdlC-C1-20180723,1,1393200,Homogyne alpina,67.228836
CBN-PdlC-C1-20180723,2,1396253,Sibbaldia procumbens,63.045238
CBN-PdlC-C1-20180723,3,1393708,Lysimachia nummularia,62.058815
CBN-PdlC-C1-20180815,1,1393200,Homogyne alpina,63.855301
CBN-PdlC-C1-20180815,2,1395807,Salix herbacea,60.149685
CBN-PdlC-C1-20180815,3,1743315,Helosciadium bermejoi,60.068081
CBN-PdlC-C1-20180905,1,1393200,Homogyne alpina,67.223930
CBN-PdlC-C1-20180905,2,1396253,Sibbaldia procumbens,64.373062
CBN-PdlC-C1-20180905,3,1392534,Gentiana acaulis,62.366821
CBN-PdlC-C1-20190701,1,1392534,Gentiana acaulis,60.482723
CBN-PdlC-C1-20190701,2,1393200,Homogyne alpina,60.238789
CBN-PdlC-C1-20190701,3,1359937,Littorella uniflora,58.818089
CBN-PdlC-C1-20190722,1,1393200,Homogyne alpina,67.333809
CBN-PdlC-C1-20190722,2,1396253,Sibbaldia procumbens,63.724976
CBN-PdlC-C1-20190722,3,1397043,Veronica alpina,62.766815
CBN-PdlC-C1-20190812,1,1392534,Gentiana acaulis,65.599754
CBN-PdlC-C1-20190812,2,1392535,Gentiana alpina,64.718033
CBN-PdlC-C1-20190812,3,1396253,Sibbaldia procumbens,64.094757
CBN-PdlC-C1-20190909,1,1393200,Homogyne alpina,64.133560
CBN-PdlC-C1-20190909,2,1396253,Sibbaldia procumbens,62.439651
CBN-PdlC-C1-20190909,3,1395807,Salix herbacea,61.841785
CBN-PdlC-C1-20200722,1,1393200,Homogyne alpina,66.442482
CBN-PdlC-C1-20200722,2,1392535,Gentiana alpina,62.157356
CBN-PdlC-C1-20200722,3,1395807,Salix herbacea,61.376278
CBN-PdlC-C1-20200812,1,1393200,Homogyne alpina,67.557907
CBN-PdlC-C1-20200812,2,1392534,Gentiana acaulis,67.143990
CBN-PdlC-C1-20200812,3,1362482,Phleum alpinum,64.455467
CBN-PdlC-C2-20130903,1,1412857,Omalotheca supina,66.769150
CBN-PdlC-C2-20130903,2,1742053,Omalotheca hoppeana,65.892883
CBN-PdlC-C2-20130903,3,1395807,Salix herbacea,64.530960
CBN-PdlC-C2-20140721,1,1396144,Sedum alpestre,65.723938
CBN-PdlC-C2-20140721,2,1393200,Homogyne alpina,64.798576
CBN-PdlC-C2-20140721,3,1412857,Omalotheca supina,64.420494
CBN-PdlC-C2-20140811,1,1392535,Gentiana alpina,66.888000
CBN-PdlC-C2-20140811,2,1412857,Omalotheca supina,66.769592
CBN-PdlC-C2-20140811,3,1396144,Sedum alpestre,66.491508
CBN-PdlC-C2-20140901,1,1412857,Omalotheca supina,66.673851
CBN-PdlC-C2-20140901,2,1392535,Gentiana alpina,66.552483
CBN-PdlC-C2-20140901,3,1397381,Euphrasia minima,65.345444
CBN-PdlC-C2-20150701,1,1393200,Homogyne alpina,67.616318
CBN-PdlC-C2-20150701,2,1412857,Omalotheca supina,64.526726
CBN-PdlC-C2-20150701,3,1396144,Sedum alpestre,64.029434
CBN-PdlC-C2-20150720,1,1412857,Omalotheca supina,65.852119
CBN-PdlC-C2-20150720,2,1742053,Omalotheca hoppeana,64.004570
CBN-PdlC-C2-20150720,3,1396253,Sibbaldia procumbens,62.981117
CBN-PdlC-C2-20150810,1,1742053,Omalotheca hoppeana,66.217094
CBN-PdlC-C2-20150810,2,1412857,Omalotheca supina,65.103767
CBN-PdlC-C2-20150810,3,1396144,Sedum alpestre,63.031578
CBN-PdlC-C2-20150831,1,1742053,Omalotheca hoppeana,66.549278
CBN-PdlC-C2-20150831,2,1412857,Omalotheca supina,65.020271
CBN-PdlC-C2-20150831,3,1396144,Sedum alpestre,64.310646
CBN-PdlC-C2-20160705,1,1396144,Sedum alpestre,65.910301
CBN-PdlC-C2-20160705,2,1412857,Omalotheca supina,64.867256
CBN-PdlC-C2-20160705,3,1742053,Omalotheca hoppeana,63.526665
CBN-PdlC-C2-20160726,1,1393200,Homogyne alpina,67.187805
CBN-PdlC-C2-20160726,2,1392535,Gentiana alpina,66.740044
CBN-PdlC-C2-20160726,3,1412857,Omalotheca supina,66.240456
CBN-PdlC-C2-20170816,1,1393200,Homogyne alpina,66.588425
CBN-PdlC-C2-20170816,2,1412857,Omalotheca supina,65.685226
CBN-PdlC-C2-20170816,3,1392534,Gentiana acaulis,65.606911
CBN-PdlC-C2-20170906,1,1392534,Gentiana acaulis,65.607018
CBN-PdlC-C2-20170906,2,1412857,Omalotheca supina,65.545219
CBN-PdlC-C2-20170906,3,1393200,Homogyne alpina,65.101074
CBN-PdlC-C2-20180723,1,1393200,Homogyne alpina,65.213882
CBN-PdlC-C2-20180723,2,1412857,Omalotheca supina,63.538277
CBN-PdlC-C2-20180723,3,1396253,Sibbaldia procumbens,63.113216
CBN-PdlC-C2-20180815,1,1412857,Omalotheca supina,63.869205
CBN-PdlC-C2-20180815,2,1392541,Gentiana brachyphylla,62.532631
CBN-PdlC-C2-20180815,3,1392534,Gentiana acaulis,62.111313
CBN-PdlC-C2-20180905,1,1393200,Homogyne alpina,67.707809
CBN-PdlC-C2-20180905,2,1412857,Omalotheca supina,66.679131
CBN-PdlC-C2-20180905,3,1742053,Omalotheca hoppeana,66.059601
CBN-PdlC-C2-20190701,1,1393200,Homogyne alpina,58.536869
CBN-PdlC-C2-20190701,2,1390532,Salvinia molesta,57.854176
CBN-PdlC-C2-20190701,3,1609716,Epilobium komarovianum,57.524303
CBN-PdlC-C2-20190722,1,1393200,Homogyne alpina,67.136345
CBN-PdlC-C2-20190722,2,1392534,Gentiana acaulis,63.904842
CBN-PdlC-C2-20190722,3,1392535,Gentiana alpina,63.802773
CBN-PdlC-C2-20190812,1,1412857,Omalotheca supina,66.298042
CBN-PdlC-C2-20190812,2,1396253,Sibbaldia procumbens,64.508018
CBN-PdlC-C2-20190812,3,1392534,Gentiana acaulis,64.283226
CBN-PdlC-C2-20190909,1,1393200,Homogyne alpina,64.760910
CBN-PdlC-C2-20190909,2,1392541,Gentiana brachyphylla,64.231041
CBN-PdlC-C2-20190909,3,1412857,Omalotheca supina,64.057106
CBN-PdlC-C2-20200722,1,1392534,Gentiana acaulis,64.215942
CBN-PdlC-C2-20200722,2,1412857,Omalotheca supina,64.173981
CBN-PdlC-C2-20200722,3,1393200,Homogyne alpina,63.581604
CBN-PdlC-C2-20200812,1,1392534,Gentiana acaulis,65.970833
CBN-PdlC-C2-20200812,2,1392535,Gentiana alpina,64.860550
CBN-PdlC-C2-20200812,3,1412857,Omalotheca supina,64.430847
CBN-PdlC-C3-20130807,1,1396253,Sibbaldia procumbens,64.562752
CBN-PdlC-C3-20130807,2,1393200,Homogyne alpina,62.883709
CBN-PdlC-C3-20130807,3,1361347,Nardus stricta,61.109779
CBN-PdlC-C3-20130903,1,1742053,Omalotheca hoppeana,64.590393
CBN-PdlC-C3-20130903,2,1412857,Omalotheca supina,64.369362
CBN-PdlC-C3-20130903,3,1396253,Sibbaldia procumbens,62.915363
CBN-PdlC-C3-20140721,1,1396253,Sibbaldia procumbens,62.624966
CBN-PdlC-C3-20140721,2,1393200,Homogyne alpina,62.499989
CBN-PdlC-C3-20140721,3,1392534,Gentiana acaulis,61.883301
CBN-PdlC-C3-20140811,1,1412857,Omalotheca supina,64.830704
CBN-PdlC-C3-20140811,2,1395807,Salix herbacea,63.712914
CBN-PdlC-C3-20140811,3,1392541,Gentiana brachyphylla,63.481277
CBN-PdlC-C3-20140901,1,1361367,Poa alpina,63.544403
CBN-PdlC-C3-20140901,2,1396253,Sibbaldia procumbens,63.159035
CBN-PdlC-C3-20140901,3,1412857,Omalotheca supina,62.721012
CBN-PdlC-C3-20150701,1,1393200,Homogyne alpina,63.359123
CBN-PdlC-C3-20150701,2,1392534,Gentiana acaulis,62.226822
CBN-PdlC-C3-20150701,3,1392541,Gentiana brachyphylla,61.924133
CBN-PdlC-C3-20150720,1,1397430,Luzula sylvatica,63.853733
CBN-PdlC-C3-20150720,2,1396253,Sibbaldia procumbens,63.402126
CBN-PdlC-C3-20150720,3,1361367,Poa alpina,62.751411
CBN-PdlC-C3-20150831,1,1396253,Sibbaldia procumbens,64.180077
CBN-PdlC-C3-20150831,2,1394311,Oreochloa disticha,62.984650
CBN-PdlC-C3-20150831,3,1392541,Gentiana brachyphylla,62.784622
CBN-PdlC-C3-20160705,1,1396253,Sibbaldia procumbens,64.117188
CBN-PdlC-C3-20160705,2,1361347,Nardus stricta,63.458824
CBN-PdlC-C3-20160705,3,1394311,Oreochloa disticha,61.817352
CBN-PdlC-C3-20160726,1,1393660,Luzula alpinopilosa,66.735832
CBN-PdlC-C3-20160726,2,1396253,Sibbaldia procumbens,64.827652
CBN-PdlC-C3-20160726,3,1397043,Veronica alpina,64.465622
CBN-PdlC-C3-20170816,1,1392534,Gentiana acaulis,65.704361
CBN-PdlC-C3-20170816,2,1396253,Sibbaldia procumbens,64.259911
CBN-PdlC-C3-20170816,3,1392541,Gentiana brachyphylla,62.265930
CBN-PdlC-C3-20170906,1,1396253,Sibbaldia procumbens,64.740402
CBN-PdlC-C3-20170906,2,1395807,Salix herbacea,61.725636
CBN-PdlC-C3-20170906,3,1742053,Omalotheca hoppeana,61.618492
CBN-PdlC-C3-20180723,1,1396253,Sibbaldia procumbens,64.327545
CBN-PdlC-C3-20180723,2,1395807,Salix herbacea,60.946781
CBN-PdlC-C3-20180723,3,1741880,Salix serpillifolia,60.855721
CBN-PdlC-C3-20180815,1,1396253,Sibbaldia procumbens,64.096375
CBN-PdlC-C3-20180815,2,1394911,Primula integrifolia,61.212646
CBN-PdlC-C3-20180815,3,1392541,Gentiana brachyphylla,60.644512
CBN-PdlC-C3-20180905,1,1396253,Sibbaldia procumbens,64.754684
CBN-PdlC-C3-20180905,2,1392534,Gentiana acaulis,62.462997
CBN-PdlC-C3-20180905,3,1395807,Salix herbacea,62.027687
CBN-PdlC-C3-20190701,1,1390532,Salvinia molesta,60.376976
CBN-PdlC-C3-20190701,2,1399798,Pinguicula dertosensis,59.943840
CBN-PdlC-C3-20190701,3,1392541,Gentiana brachyphylla,59.838120
CBN-PdlC-C3-20190722,1,1396253,Sibbaldia procumbens,64.503609
CBN-PdlC-C3-20190722,2,1361598,Luzula pilosa,64.459564
CBN-PdlC-C3-20190722,3,1393200,Homogyne alpina,63.819111
CBN-PdlC-C3-20190812,1,1396253,Sibbaldia procumbens,60.322914
CBN-PdlC-C3-20190812,2,1395807,Salix herbacea,59.905945
CBN-PdlC-C3-20190812,3,1396733,Thalictrum alpinum,58.597198
CBN-PdlC-C3-20190909,1,1392534,Gentiana acaulis,64.571808
CBN-PdlC-C3-20190909,2,1392535,Gentiana alpina,64.022659
CBN-PdlC-C3-20190909,3,1396253,Sibbaldia procumbens,63.593102
CBN-PdlC-C3-20200722,1,1392608,Geum montanum,64.208633
CBN-PdlC-C3-20200722,2,1393659,Luzula alpina,63.762909
CBN-PdlC-C3-20200722,3,1393679,Luzula lutea,63.708839
CBN-PdlC-C3-20200812,1,1396253,Sibbaldia procumbens,63.164627
CBN-PdlC-C3-20200812,2,1392534,Gentiana acaulis,62.483467
CBN-PdlC-C3-20200812,3,1395807,Salix herbacea,62.091446
CBN-PdlC-C4-20130807,1,1395807,Salix herbacea,61.091911
CBN-PdlC-C4-20130807,2,1363543,Stenotaphrum secundatum,59.241447
CBN-PdlC-C4-20130807,3,1395870,Salix retusa,59.168129
CBN-PdlC-C4-20130903,1,1393200,Homogyne alpina,67.151443
CBN-PdlC-C4-20130903,2,1395807,Salix herbacea,62.338985
CBN-PdlC-C4-20130903,3,1396253,Sibbaldia procumbens,61.435886
CBN-PdlC-C4-20140721,1,1396253,Sibbaldia procumbens,59.952728
CBN-PdlC-C4-20140721,2,1396970,Vaccinium uliginosum,59.855061
CBN-PdlC-C4-20140721,3,1390793,Carex curvula,59.836987
CBN-PdlC-C4-20140811,1,1742053,Omalotheca hoppeana,65.730118
CBN-PdlC-C4-20140811,2,1393200,Homogyne alpina,63.172523
CBN-PdlC-C4-20140811,3,1395807,Salix herbacea,63.104439
CBN-PdlC-C4-20140901,1,1392608,Geum montanum,64.857666
CBN-PdlC-C4-20140901,2,1361367,Poa alpina,64.720352
CBN-PdlC-C4-20140901,3,1396253,Sibbaldia procumbens,63.431019
CBN-PdlC-C4-20150701,1,1393200,Homogyne alpina,64.008301
CBN-PdlC-C4-20150701,2,1390793,Carex curvula,61.409702
CBN-PdlC-C4-20150701,3,1361367,Poa alpina,61.327957
CBN-PdlC-C4-20150720,1,1361367,Poa alpina,64.362900
CBN-PdlC-C4-20150720,2,1397043,Veronica alpina,62.539829
CBN-PdlC-C4-20150720,3,1395807,Salix herbacea,62.424332
CBN-PdlC-C4-20150831,1,1744194,Bouteloua dactyloides,62.904747
CBN-PdlC-C4-20150831,2,1395807,Salix herbacea,62.412727
CBN-PdlC-C4-20150831,3,1396253,Sibbaldia procumbens,62.375198
CBN-PdlC-C4-20160705,1,1390793,Carex curvula,63.467014
CBN-PdlC-C4-20160705,2,1392608,Geum montanum,62.614643
CBN-PdlC-C4-20160705,3,1392611,Geum pyrenaicum,61.991123
CBN-PdlC-C4-20160726,1,1397043,Veronica alpina,62.751408
CBN-PdlC-C4-20160726,2,1395807,Salix herbacea,61.286011
CBN-PdlC-C4-20160726,3,1364066,Veronica serpyllifolia,60.573055
CBN-PdlC-C4-20170816,1,1395807,Salix herbacea,63.570759
CBN-PdlC-C4-20170816,2,1390693,Cardamine crassifolia,61.444748
CBN-PdlC-C4-20170816,3,1390793,Carex curvula,60.439030
CBN-PdlC-C4-20170906,1,1393200,Homogyne alpina,64.558846
CBN-PdlC-C4-20170906,2,1396253,Sibbaldia procumbens,64.300217
CBN-PdlC-C4-20170906,3,1395862,Salix pyrenaica,61.307735
CBN-PdlC-C4-20180723,1,1393200,Homogyne alpina,64.211250
CBN-PdlC-C4-20180723,2,1393708,Lysimachia nummularia,63.044807
CBN-PdlC-C4-20180723,3,1396253,Sibbaldia procumbens,62.210373
CBN-PdlC-C4-20180815,1,1396253,Sibbaldia procumbens,61.923332
CBN-PdlC-C4-20180815,2,1394366,Oxyria digyna,58.616096
CBN-PdlC-C4-20180815,3,1718504,Pontederia crassipes,58.538807
CBN-PdlC-C4-20180905,1,1395807,Salix herbacea,62.478378
CBN-PdlC-C4-20180905,2,1392657,Allium lusitanicum,59.296158
CBN-PdlC-C4-20180905,3,1394911,Primula integrifolia,59.094978
CBN-PdlC-C4-20190701,1,1743359,Narthecium reverchonii,60.917740
CBN-PdlC-C4-20190701,2,1363595,Phleum pratense,59.966381
CBN-PdlC-C4-20190701,3,1393228,Hylotelephium anacampseros,58.341114
CBN-PdlC-C4-20190722,1,1396253,Sibbaldia procumbens,63.732288
CBN-PdlC-C4-20190722,2,1395807,Salix herbacea,62.034241
CBN-PdlC-C4-20190722,3,1364066,Veronica serpyllifolia,61.443283
CBN-PdlC-C4-20190812,1,1393200,Homogyne alpina,64.811806
CBN-PdlC-C4-20190812,2,1397043,Veronica alpina,62.894764
CBN-PdlC-C4-20190812,3,1395807,Salix herbacea,62.599201
CBN-PdlC-C4-20190909,1,1393200,Homogyne alpina,63.771751
CBN-PdlC-C4-20190909,2,1394311,Oreochloa disticha,61.965538
CBN-PdlC-C4-20190909,3,1361367,Poa alpina,61.923779
CBN-PdlC-C4-20200722,1,1393660,Luzula alpinopilosa,64.374283
CBN-PdlC-C4-20200722,2,1396253,Sibbaldia procumbens,63.246120
CBN-PdlC-C4-20200722,3,1395870,Salix retusa,62.023575
CBN-PdlC-C4-20200812,1,1396253,Sibbaldia procumbens,64.102036
CBN-PdlC-C4-20200812,2,1395870,Salix retusa,62.528519
CBN-PdlC-C4-20200812,3,1395807,Salix herbacea,62.404793
CBN-PdlC-C5-20130807,1,1394311,Oreochloa disticha,63.300575
CBN-PdlC-C5-20130807,2,1396253,Sibbaldia procumbens,62.156673
CBN-PdlC-C5-20130807,3,1395807,Salix herbacea,62.153542
CBN-PdlC-C5-20130903,1,1394311,Oreochloa disticha,66.103622
CBN-PdlC-C5-20130903,2,1395807,Salix herbacea,61.872429
CBN-PdlC-C5-20130903,3,1396253,Sibbaldia procumbens,61.531322
CBN-PdlC-C5-20140721,1,1396253,Sibbaldia procumbens,63.686272
CBN-PdlC-C5-20140721,2,1364066,Veronica serpyllifolia,61.681458
CBN-PdlC-C5-20140721,3,1395870,Salix retusa,60.985703
CBN-PdlC-C5-20140811,1,1394311,Oreochloa disticha,65.598373
CBN-PdlC-C5-20140811,2,1743474,Oreochloa elegans,65.591827
CBN-PdlC-C5-20140811,3,1397043,Veronica alpina,65.475594
CBN-PdlC-C5-20140901,1,1396253,Sibbaldia procumbens,64.363441
CBN-PdlC-C5-20140901,2,1397043,Veronica alpina,63.518990
CBN-PdlC-C5-20140901,3,1361367,Poa alpina,62.809498
CBN-PdlC-C5-20150701,1,1396253,Sibbaldia procumbens,62.661911
CBN-PdlC-C5-20150701,2,1395870,Salix retusa,60.839043
CBN-PdlC-C5-20150701,3,1390793,Carex curvula,60.612190
CBN-PdlC-C5-20150720,1,1396253,Sibbaldia procumbens,65.160934
CBN-PdlC-C5-20150720,2,1392608,Geum montanum,64.665985
CBN-PdlC-C5-20150720,3,1390899,Carex pyrenaica,64.576691
CBN-PdlC-C5-20150810,1,1390793,Carex curvula,64.910965
CBN-PdlC-C5-20150810,2,1395862,Salix pyrenaica,64.305618
CBN-PdlC-C5-20150810,3,1392608,Geum montanum,64.064667
CBN-PdlC-C5-20150831,1,1396253,Sibbaldia procumbens,64.157982
CBN-PdlC-C5-20150831,2,1392608,Geum montanum,63.183731
CBN-PdlC-C5-20150831,3,1395807,Salix herbacea,63.140404
CBN-PdlC-C5-20160705,1,1396253,Sibbaldia procumbens,65.472748
CBN-PdlC-C5-20160705,2,1390793,Carex curvula,62.811607
CBN-PdlC-C5-20160705,3,1394311,Oreochloa disticha,61.760643
CBN-PdlC-C5-20160726,1,1396733,Thalictrum alpinum,64.260551
CBN-PdlC-C5-20160726,2,1395807,Salix herbacea,63.409058
CBN-PdlC-C5-20160726,3,1396253,Sibbaldia procumbens,63.121571
CBN-PdlC-C5-20170816,1,1396253,Sibbaldia procumbens,64.841286
CBN-PdlC-C5-20170816,2,1394311,Oreochloa disticha,63.181690
CBN-PdlC-C5-20170816,3,1392608,Geum montanum,62.809914
CBN-PdlC-C5-20170906,1,1392608,Geum montanum,64.724495
CBN-PdlC-C5-20170906,2,1396253,Sibbaldia procumbens,64.027634
CBN-PdlC-C5-20170906,3,1360299,Geum sylvaticum,60.831013
CBN-PdlC-C5-20180723,1,1396253,Sibbaldia procumbens,63.439552
CBN-PdlC-C5-20180723,2,1392608,Geum montanum,63.174023
CBN-PdlC-C5-20180723,3,1394311,Oreochloa disticha,62.806080
CBN-PdlC-C5-20180815,1,1394311,Oreochloa disticha,65.019455
CBN-PdlC-C5-20180815,2,1396253,Sibbaldia procumbens,62.837738
CBN-PdlC-C5-20180815,3,1364066,Veronica serpyllifolia,60.688362
CBN-PdlC-C5-20180905,1,1396253,Sibbaldia procumbens,64.908501
CBN-PdlC-C5-20180905,2,1397043,Veronica alpina,62.355942
CBN-PdlC-C5-20180905,3,1395807,Salix herbacea,61.617020
CBN-PdlC-C5-20190701,1,1392541,Gentiana brachyphylla,62.107300
CBN-PdlC-C5-20190701,2,1392608,Geum montanum,61.522110
CBN-PdlC-C5-20190701,3,1390837,Carex humilis,60.009071
CBN-PdlC-C5-20190722,1,1396253,Sibbaldia procumbens,65.236786
CBN-PdlC-C5-20190722,2,1390793,Carex curvula,65.109215
CBN-PdlC-C5-20190722,3,1392608,Geum montanum,65.041534
CBN-PdlC-C5-20190812,1,1396253,Sibbaldia procumbens,64.864685
CBN-PdlC-C5-20190812,2,1392608,Geum montanum,64.204590
CBN-PdlC-C5-20190812,3,1397043,Veronica alpina,63.070103
CBN-PdlC-C5-20190909,1,1396253,Sibbaldia procumbens,64.674561
CBN-PdlC-C5-20190909,2,1395807,Salix herbacea,63.173988
CBN-PdlC-C5-20190909,3,1390899,Carex pyrenaica,61.750858
CBN-PdlC-C5-20200722,1,1394311,Oreochloa disticha,64.902969
CBN-PdlC-C5-20200722,2,1396253,Sibbaldia procumbens,64.152847
CBN-PdlC-C5-20200722,3,1397043,Veronica alpina,63.118172
CBN-PdlC-C5-20200812,1,1396253,Sibbaldia procumbens,64.029594
CBN-PdlC-C5-20200812,2,1392608,Geum montanum,62.099735
CBN-PdlC-C5-20200812,3,1395807,Salix herbacea,61.869774
CBN-PdlC-C6-20130807,1,1396253,Sibbaldia procumbens,63.602707
CBN-PdlC-C6-20130807,2,1393200,Homogyne alpina,63.029930
CBN-PdlC-C6-20130807,3,1392608,Geum montanum,62.437824
CBN-PdlC-C6-20130903,1,1397043,Veronica alpina,64.611885
CBN-PdlC-C6-20130903,2,1396253,Sibbaldia procumbens,63.440086
CBN-PdlC-C6-20130903,3,1394311,Oreochloa disticha,63.309704
CBN-PdlC-C6-20140721,1,1396253,Sibbaldia procumbens,65.855576
CBN-PdlC-C6-20140721,2,1393200,Homogyne alpina,64.639015
CBN-PdlC-C6-20140721,3,1392608,Geum montanum,63.835907
CBN-PdlC-C6-20140811,1,1395807,Salix herbacea,63.972015
CBN-PdlC-C6-20140811,2,1360748,Hydrocotyle vulgaris,63.799713
CBN-PdlC-C6-20140811,3,1392608,Geum montanum,63.022224
CBN-PdlC-C6-20140901,1,1396253,Sibbaldia procumbens,65.002876
CBN-PdlC-C6-20140901,2,1393200,Homogyne alpina,64.173080
CBN-PdlC-C6-20140901,3,1361367,Poa alpina,64.060692
CBN-PdlC-C6-20150701,1,1393200,Homogyne alpina,65.029137
CBN-PdlC-C6-20150701,2,1396253,Sibbaldia procumbens,64.601906
CBN-PdlC-C6-20150701,3,1392241,Alchemilla pentaphyllea,60.001869
CBN-PdlC-C6-20150720,1,1393200,Homogyne alpina,66.604134
CBN-PdlC-C6-20150720,2,1396253,Sibbaldia procumbens,64.188660
CBN-PdlC-C6-20150720,3,1390793,Carex curvula,63.724491
CBN-PdlC-C6-20150810,1,1743456,Carex macrostylos,65.108948
CBN-PdlC-C6-20150810,2,1393200,Homogyne alpina,64.827766
CBN-PdlC-C6-20150810,3,1396253,Sibbaldia procumbens,64.637100
CBN-PdlC-C6-20150831,1,1393200,Homogyne alpina,63.946812
CBN-PdlC-C6-20150831,2,1396253,Sibbaldia procumbens,63.580769
CBN-PdlC-C6-20150831,3,1390899,Carex pyrenaica,63.016487
CBN-PdlC-C6-20160705,1,1393200,Homogyne alpina,65.494400
CBN-PdlC-C6-20160705,2,1396253,Sibbaldia procumbens,64.996758
CBN-PdlC-C6-20160705,3,1392608,Geum montanum,64.905380
CBN-PdlC-C6-20160726,1,1393200,Homogyne alpina,66.778732
CBN-PdlC-C6-20160726,2,1396253,Sibbaldia procumbens,64.255096
CBN-PdlC-C6-20160726,3,1392608,Geum montanum,64.030983
CBN-PdlC-C6-20170816,1,1393200,Homogyne alpina,68.547928
CBN-PdlC-C6-20170816,2,1396253,Sibbaldia procumbens,64.586182
CBN-PdlC-C6-20170816,3,1362482,Phleum alpinum,63.253971
CBN-PdlC-C6-20170906,1,1393200,Homogyne alpina,65.251030
CBN-PdlC-C6-20170906,2,1396253,Sibbaldia procumbens,62.464684
CBN-PdlC-C6-20170906,3,1395807,Salix herbacea,61.562393
CBN-PdlC-C6-20180723,1,1393200,Homogyne alpina,66.466087
CBN-PdlC-C6-20180723,2,1396253,Sibbaldia procumbens,62.832703
CBN-PdlC-C6-20180723,3,1396186,Senecio angulatus,61.038277
CBN-PdlC-C6-20180815,1,1393200,Homogyne alpina,64.513466
CBN-PdlC-C6-20180815,2,1396253,Sibbaldia procumbens,63.597782
CBN-PdlC-C6-20180815,3,1362482,Phleum alpinum,62.492622
CBN-PdlC-C6-20180905,1,1393200,Homogyne alpina,66.144737
CBN-PdlC-C6-20180905,2,1396253,Sibbaldia procumbens,64.102936
CBN-PdlC-C6-20180905,3,1395807,Salix herbacea,61.261398
CBN-PdlC-C6-20190701,1,1393200,Homogyne alpina,64.850647
CBN-PdlC-C6-20190701,2,1392608,Geum montanum,58.471951
CBN-PdlC-C6-20190701,3,1392612,Geum reptans,58.148098
CBN-PdlC-C6-20190722,1,1393200,Homogyne alpina,66.393990
CBN-PdlC-C6-20190722,2,1396253,Sibbaldia procumbens,64.765732
CBN-PdlC-C6-20190722,3,1392608,Geum montanum,64.569748
CBN-PdlC-C6-20190812,1,1392608,Geum montanum,66.337296
CBN-PdlC-C6-20190812,2,1362482,Phleum alpinum,64.889145
CBN-PdlC-C6-20190812,3,1393200,Homogyne alpina,64.119812
CBN-PdlC-C6-20190909,1,1393200,Homogyne alpina,67.082817
CBN-PdlC-C6-20190909,2,1396253,Sibbaldia procumbens,64.898262
CBN-PdlC-C6-20190909,3,1362482,Phleum alpinum,64.645447
CBN-PdlC-C6-20200722,1,1396253,Sibbaldia procumbens,64.921402
CBN-PdlC-C6-20200722,2,1392608,Geum montanum,64.889023
CBN-PdlC-C6-20200722,3,1393200,Homogyne alpina,64.663757
CBN-PdlC-C6-20200812,1,1396253,Sibbaldia procumbens,64.627464
CBN-PdlC-C6-20200812,2,1392608,Geum montanum,63.555946
CBN-PdlC-C6-20200812,3,1395807,Salix herbacea,62.309250
CBN-PdlC-D1-20130807,1,1396253,Sibbaldia procumbens,64.682678
CBN-PdlC-D1-20130807,2,1395807,Salix herbacea,62.831001
CBN-PdlC-D1-20130807,3,1393708,Lysimachia nummularia,62.803520
CBN-PdlC-D1-20130903,1,1396253,Sibbaldia procumbens,64.297386
CBN-PdlC-D1-20130903,2,1390899,Carex pyrenaica,63.864365
CBN-PdlC-D1-20130903,3,1392608,Geum montanum,63.324684
CBN-PdlC-D1-20140721,1,1396253,Sibbaldia procumbens,64.496956
CBN-PdlC-D1-20140721,2,1394911,Primula integrifolia,63.659203
CBN-PdlC-D1-20140721,3,1392534,Gentiana acaulis,62.859810
CBN-PdlC-D1-20140811,1,1396253,Sibbaldia procumbens,64.386131
CBN-PdlC-D1-20140811,2,1395807,Salix herbacea,64.054581
CBN-PdlC-D1-20140811,3,1392608,Geum montanum,63.873177
CBN-PdlC-D1-20140901,1,1396253,Sibbaldia procumbens,65.291550
CBN-PdlC-D1-20140901,2,1742053,Omalotheca hoppeana,63.841167
CBN-PdlC-D1-20140901,3,1412857,Omalotheca supina,63.556316
CBN-PdlC-D1-20150701,1,1396253,Sibbaldia procumbens,64.366455
CBN-PdlC-D1-20150701,2,1392241,Alchemilla pentaphyllea,60.800976
CBN-PdlC-D1-20150701,3,1392534,Gentiana acaulis,59.952091
CBN-PdlC-D1-20150720,1,1396253,Sibbaldia procumbens,66.133896
CBN-PdlC-D1-20150720,2,1392534,Gentiana acaulis,66.115776
CBN-PdlC-D1-20150720,3,1392535,Gentiana alpina,64.202744
CBN-PdlC-D1-20150810,1,1392534,Gentiana acaulis,65.573059
CBN-PdlC-D1-20150810,2,1396253,Sibbaldia procumbens,65.381989
CBN-PdlC-D1-20150810,3,1397049,Veronica fruticans,63.849319
CBN-PdlC-D1-20150831,1,1392534,Gentiana acaulis,65.106140
CBN-PdlC-D1-20150831,2,1396253,Sibbaldia procumbens,64.786453
CBN-PdlC-D1-20150831,3,1392608,Geum montanum,63.193768
CBN-PdlC-D1-20160705,1,1396253,Sibbaldia procumbens,64.766624
CBN-PdlC-D1-20160705,2,1741880,Salix serpillifolia,62.836685
CBN-PdlC-D1-20160705,3,1395870,Salix retusa,61.618927
CBN-PdlC-D1-20160726,1,1396253,Sibbaldia procumbens,64.781799
CBN-PdlC-D1-20160726,2,1392535,Gentiana alpina,63.131317
CBN-PdlC-D1-20160726,3,1392534,Gentiana acaulis,63.116791
CBN-PdlC-D1-20170816,1,1396253,Sibbaldia procumbens,65.279709
CBN-PdlC-D1-20170816,2,1742053,Omalotheca hoppeana,63.377705
CBN-PdlC-D1-20170816,3,1412857,Omalotheca supina,63.220470
CBN-PdlC-D1-20170906,1,1396253,Sibbaldia procumbens,64.365479
CBN-PdlC-D1-20170906,2,1361367,Poa alpina,60.593391
CBN-PdlC-D1-20170906,3,1395807,Salix herbacea,60.280403
CBN-PdlC-D1-20180723,1,1396253,Sibbaldia procumbens,64.258499
CBN-PdlC-D1-20180723,2,1393200,Homogyne alpina,64.157066
CBN-PdlC-D1-20180723,3,1392541,Gentiana brachyphylla,61.494431
CBN-PdlC-D1-20180815,1,1396253,Sibbaldia procumbens,63.424927
CBN-PdlC-D1-20180815,2,1395807,Salix herbacea,60.057808
CBN-PdlC-D1-20180815,3,1395870,Salix retusa,59.739372
CBN-PdlC-D1-20180905,1,1742053,Omalotheca hoppeana,65.911728
CBN-PdlC-D1-20180905,2,1396253,Sibbaldia procumbens,65.536705
CBN-PdlC-D1-20180905,3,1412857,Omalotheca supina,64.214142
CBN-PdlC-D1-20190701,1,1396253,Sibbaldia procumbens,64.457314
CBN-PdlC-D1-20190701,2,1397560,Helleborus niger,59.807041
CBN-PdlC-D1-20190701,3,1651061,Festuca clementei,58.133507
CBN-PdlC-D1-20190722,1,1396253,Sibbaldia procumbens,65.616066
CBN-PdlC-D1-20190722,2,1393200,Homogyne alpina,63.702728
CBN-PdlC-D1-20190722,3,1395807,Salix herbacea,62.671535
CBN-PdlC-D1-20190812,1,1396253,Sibbaldia procumbens,65.266060
CBN-PdlC-D1-20190812,2,1392534,Gentiana acaulis,63.478294
CBN-PdlC-D1-20190812,3,1395807,Salix herbacea,63.360832
CBN-PdlC-D1-20190909,1,1396253,Sibbaldia procumbens,63.810661
CBN-PdlC-D1-20190909,2,1742053,Omalotheca hoppeana,63.188091
CBN-PdlC-D1-20190909,3,1412857,Omalotheca supina,62.294186
CBN-PdlC-D1-20200722,1,1392535,Gentiana alpina,65.811966
CBN-PdlC-D1-20200722,2,1392534,Gentiana acaulis,65.620155
CBN-PdlC-D1-20200722,3,1396253,Sibbaldia procumbens,65.350815
CBN-PdlC-D1-20200812,1,1392534,Gentiana acaulis,65.565323
CBN-PdlC-D1-20200812,2,1396253,Sibbaldia procumbens,65.428909
CBN-PdlC-D1-20200812,3,1392608,Geum montanum,63.954792
CBN-PdlC-D2-20130807,1,1394643,Antennaria dioica,64.896591
CBN-PdlC-D2-20130807,2,1393619,Logfia minima,64.766846
CBN-PdlC-D2-20130807,3,1396253,Sibbaldia procumbens,64.387848
CBN-PdlC-D2-20130903,1,1412857,Omalotheca supina,65.663055
CBN-PdlC-D2-20130903,2,1396253,Sibbaldia procumbens,64.599464
CBN-PdlC-D2-20130903,3,1742053,Omalotheca hoppeana,64.556412
CBN-PdlC-D2-20140721,1,1396253,Sibbaldia procumbens,64.078400
CBN-PdlC-D2-20140721,2,1392534,Gentiana acaulis,63.903351
CBN-PdlC-D2-20140721,3,1394643,Antennaria dioica,62.844990
CBN-PdlC-D2-20140811,1,1412857,Omalotheca supina,64.702774
CBN-PdlC-D2-20140811,2,1396253,Sibbaldia procumbens,63.907341
CBN-PdlC-D2-20140811,3,1393619,Logfia minima,62.208027
CBN-PdlC-D2-20140901,1,1742053,Omalotheca hoppeana,67.207512
CBN-PdlC-D2-20140901,2,1412857,Omalotheca supina,64.835297
CBN-PdlC-D2-20140901,3,1394643,Antennaria dioica,64.769600
CBN-PdlC-D2-20150720,1,1392535,Gentiana alpina,64.981949
CBN-PdlC-D2-20150720,2,1742053,Omalotheca hoppeana,64.891472
CBN-PdlC-D2-20150720,3,1392534,Gentiana acaulis,64.870094
CBN-PdlC-D2-20150810,1,1742053,Omalotheca hoppeana,67.244110
CBN-PdlC-D2-20150810,2,1412857,Omalotheca supina,64.446396
CBN-PdlC-D2-20150810,3,1396253,Sibbaldia procumbens,63.882969
CBN-PdlC-D2-20150831,1,1412857,Omalotheca supina,66.309471
CBN-PdlC-D2-20150831,2,1742053,Omalotheca hoppeana,66.103836
CBN-PdlC-D2-20150831,3,1396253,Sibbaldia procumbens,63.784252
CBN-PdlC-D2-20160705,1,1396253,Sibbaldia procumbens,64.905479
CBN-PdlC-D2-20160705,2,1412857,Omalotheca supina,63.216755
CBN-PdlC-D2-20160705,3,1742053,Omalotheca hoppeana,62.482761
CBN-PdlC-D2-20160726,1,1392535,Gentiana alpina,65.857903
CBN-PdlC-D2-20160726,2,1392534,Gentiana acaulis,65.410057
CBN-PdlC-D2-20160726,3,1396253,Sibbaldia procumbens,65.322029
CBN-PdlC-D2-20170816,1,1742053,Omalotheca hoppeana,64.196594
CBN-PdlC-D2-20170816,2,1412857,Omalotheca supina,64.178230
CBN-PdlC-D2-20170816,3,1396253,Sibbaldia procumbens,64.041542
CBN-PdlC-D2-20170906,1,1396253,Sibbaldia procumbens,64.628235
CBN-PdlC-D2-20170906,2,1412857,Omalotheca supina,62.910351
CBN-PdlC-D2-20170906,3,1742053,Omalotheca hoppeana,61.715302
CBN-PdlC-D2-20180723,1,1396253,Sibbaldia procumbens,64.845558
CBN-PdlC-D2-20180723,2,1393200,Homogyne alpina,63.781845
CBN-PdlC-D2-20180723,3,1394643,Antennaria dioica,63.218899
CBN-PdlC-D2-20180815,1,1396253,Sibbaldia procumbens,63.746792
CBN-PdlC-D2-20180815,2,1394643,Antennaria dioica,63.525742
CBN-PdlC-D2-20180815,3,1412857,Omalotheca supina,62.700035
CBN-PdlC-D2-20180905,1,1742053,Omalotheca hoppeana,65.720474
CBN-PdlC-D2-20180905,2,1412857,Omalotheca supina,65.240486
CBN-PdlC-D2-20180905,3,1396253,Sibbaldia procumbens,64.421043
CBN-PdlC-D2-20190701,1,1396144,Sedum alpestre,61.297356
CBN-PdlC-D2-20190701,2,1396253,Sibbaldia procumbens,61.196014
CBN-PdlC-D2-20190701,3,1390532,Salvinia molesta,60.827557
CBN-PdlC-D2-20190722,1,1396253,Sibbaldia procumbens,64.464745
CBN-PdlC-D2-20190722,2,1412857,Omalotheca supina,62.975060
CBN-PdlC-D2-20190722,3,1395807,Salix herbacea,62.519215
CBN-PdlC-D2-20190812,1,1396253,Sibbaldia procumbens,64.891930
CBN-PdlC-D2-20190812,2,1412857,Omalotheca supina,64.841591
CBN-PdlC-D2-20190812,3,1742053,Omalotheca hoppeana,61.349998
CBN-PdlC-D2-20190909,1,1742053,Omalotheca hoppeana,64.426498
CBN-PdlC-D2-20190909,2,1396253,Sibbaldia procumbens,63.812233
CBN-PdlC-D2-20190909,3,1412857,Omalotheca supina,63.770332
CBN-PdlC-D2-20200722,1,1396253,Sibbaldia procumbens,64.319847
CBN-PdlC-D2-20200722,2,1394643,Antennaria dioica,62.546333
CBN-PdlC-D2-20200722,3,1395807,Salix herbacea,62.082458
CBN-PdlC-D2-20200812,1,1742053,Omalotheca hoppeana,66.729126
CBN-PdlC-D2-20200812,2,1394643,Antennaria dioica,64.681572
CBN-PdlC-D2-20200812,3,1396253,Sibbaldia procumbens,64.429977
CBN-PdlC-D3-20130807,1,1413349,Armeria maritima,63.538685
CBN-PdlC-D3-20130807,2,1647128,Armeria alpina,62.923836
CBN-PdlC-D3-20130807,3,1419963,Armeria splendens,62.603092
CBN-PdlC-D3-20130903,1,1647128,Armeria alpina,66.678070
CBN-PdlC-D3-20130903,2,1744479,Armeria bigerrensis,65.450989
CBN-PdlC-D3-20130903,3,1412857,Omalotheca supina,63.415829
CBN-PdlC-D3-20140721,1,1390793,Carex curvula,63.076481
CBN-PdlC-D3-20140721,2,1647156,Armeria humilis,62.967339
CBN-PdlC-D3-20140721,3,1413349,Armeria maritima,62.904694
CBN-PdlC-D3-20140811,1,1412857,Omalotheca supina,64.083672
CBN-PdlC-D3-20140811,2,1742053,Omalotheca hoppeana,63.725452
CBN-PdlC-D3-20140811,3,1413349,Armeria maritima,63.517319
CBN-PdlC-D3-20140901,1,1412857,Omalotheca supina,64.708351
CBN-PdlC-D3-20140901,2,1396253,Sibbaldia procumbens,64.075554
CBN-PdlC-D3-20140901,3,1390899,Carex pyrenaica,64.008713
CBN-PdlC-D3-20150701,1,1400017,Armeria linkiana,62.853493
CBN-PdlC-D3-20150701,2,1396253,Sibbaldia procumbens,62.391296
CBN-PdlC-D3-20150701,3,1396441,Armeria ruscinonensis,61.312508
CBN-PdlC-D3-20150720,1,1392534,Gentiana acaulis,66.975021
CBN-PdlC-D3-20150720,2,1390793,Carex curvula,65.083305
CBN-PdlC-D3-20150720,3,1396362,Armeria leucocephala,64.632446
CBN-PdlC-D3-20150831,1,1742053,Omalotheca hoppeana,67.430229
CBN-PdlC-D3-20150831,2,1412857,Omalotheca supina,65.320801
CBN-PdlC-D3-20150831,3,1647128,Armeria alpina,64.952568
CBN-PdlC-D3-20160705,1,1361347,Nardus stricta,63.238106
CBN-PdlC-D3-20160705,2,1358097,Sedum andegavense,63.072365
CBN-PdlC-D3-20160705,3,1647128,Armeria alpina,62.930527
CBN-PdlC-D3-20160726,1,1744479,Armeria bigerrensis,66.043961
CBN-PdlC-D3-20160726,2,1392534,Gentiana acaulis,65.219177
CBN-PdlC-D3-20160726,3,1399082,Armeria sardoa,64.548370
CBN-PdlC-D3-20170816,1,1647128,Armeria alpina,63.681679
CBN-PdlC-D3-20170816,2,1412857,Omalotheca supina,63.521709
CBN-PdlC-D3-20170816,3,1413349,Armeria maritima,63.311947
CBN-PdlC-D3-20170906,1,1396253,Sibbaldia procumbens,64.023254
CBN-PdlC-D3-20170906,2,1744479,Armeria bigerrensis,63.483246
CBN-PdlC-D3-20170906,3,1413349,Armeria maritima,63.342171
CBN-PdlC-D3-20180723,1,1393200,Homogyne alpina,64.909157
CBN-PdlC-D3-20180723,2,1413349,Armeria maritima,63.755180
CBN-PdlC-D3-20180723,3,1744479,Armeria bigerrensis,63.494209
CBN-PdlC-D3-20180815,1,1396253,Sibbaldia procumbens,62.452396
CBN-PdlC-D3-20180815,2,1394643,Antennaria dioica,62.193607
CBN-PdlC-D3-20180815,3,1742053,Omalotheca hoppeana,61.262001
CBN-PdlC-D3-20180905,1,1396253,Sibbaldia procumbens,65.163322
CBN-PdlC-D3-20180905,2,1412857,Omalotheca supina,64.049538
CBN-PdlC-D3-20180905,3,1397043,Veronica alpina,63.793953
CBN-PdlC-D3-20190701,1,1390532,Salvinia molesta,61.019043
CBN-PdlC-D3-20190701,2,1359952,Plantago crassifolia,60.265640
CBN-PdlC-D3-20190701,3,1394643,Antennaria dioica,60.148346
CBN-PdlC-D3-20190722,1,1744479,Armeria bigerrensis,66.598412
CBN-PdlC-D3-20190722,2,1647128,Armeria alpina,65.235550
CBN-PdlC-D3-20190722,3,1647156,Armeria humilis,64.505959
CBN-PdlC-D3-20190812,1,1413349,Armeria maritima,64.120026
CBN-PdlC-D3-20190812,2,1742053,Omalotheca hoppeana,63.384701
CBN-PdlC-D3-20190812,3,1647128,Armeria alpina,63.338600
CBN-PdlC-D3-20190909,1,1742053,Omalotheca hoppeana,66.802269
CBN-PdlC-D3-20190909,2,1390793,Carex curvula,65.988014
CBN-PdlC-D3-20190909,3,1744479,Armeria bigerrensis,64.830154
CBN-PdlC-D3-20200722,1,1392535,Gentiana alpina,65.878883
CBN-PdlC-D3-20200722,2,1393200,Homogyne alpina,65.415802
CBN-PdlC-D3-20200722,3,1396253,Sibbaldia procumbens,64.730629
CBN-PdlC-D3-20200812,1,1392535,Gentiana alpina,65.599030
CBN-PdlC-D3-20200812,2,1396253,Sibbaldia procumbens,64.928596
CBN-PdlC-D3-20200812,3,1392534,Gentiana acaulis,64.847137
CBN-PdlC-D4-20130807,1,1396253,Sibbaldia procumbens,64.436348
CBN-PdlC-D4-20130807,2,1647128,Armeria alpina,63.200745
CBN-PdlC-D4-20130807,3,1744479,Armeria bigerrensis,61.767574
CBN-PdlC-D4-20130903,1,1647128,Armeria alpina,65.008965
CBN-PdlC-D4-20130903,2,1744479,Armeria bigerrensis,64.167938
CBN-PdlC-D4-20130903,3,1742053,Omalotheca hoppeana,64.067551
CBN-PdlC-D4-20140721,1,1392608,Geum montanum,66.362595
CBN-PdlC-D4-20140721,2,1396253,Sibbaldia procumbens,65.078499
CBN-PdlC-D4-20140721,3,1391363,Corydalis intermedia,63.340443
CBN-PdlC-D4-20140811,1,1392541,Gentiana brachyphylla,65.290085
CBN-PdlC-D4-20140811,2,1392535,Gentiana alpina,64.648758
CBN-PdlC-D4-20140811,3,1395807,Salix herbacea,64.509308
CBN-PdlC-D4-20140901,1,1396253,Sibbaldia procumbens,65.550583
CBN-PdlC-D4-20140901,2,1412857,Omalotheca supina,65.264229
CBN-PdlC-D4-20140901,3,1742053,Omalotheca hoppeana,64.632996
CBN-PdlC-D4-20150701,1,1396253,Sibbaldia procumbens,65.072906
CBN-PdlC-D4-20150701,2,1412857,Omalotheca supina,63.084862
CBN-PdlC-D4-20150701,3,1363543,Stenotaphrum secundatum,62.521240
CBN-PdlC-D4-20150720,1,1396253,Sibbaldia procumbens,65.408897
CBN-PdlC-D4-20150720,2,1392534,Gentiana acaulis,64.433151
CBN-PdlC-D4-20150720,3,1392535,Gentiana alpina,63.949539
CBN-PdlC-D4-20150831,1,1412857,Omalotheca supina,65.803802
CBN-PdlC-D4-20150831,2,1392608,Geum montanum,65.541275
CBN-PdlC-D4-20150831,3,1396253,Sibbaldia procumbens,64.350349
CBN-PdlC-D4-20160705,1,1396253,Sibbaldia procumbens,65.986267
CBN-PdlC-D4-20160705,2,1412857,Omalotheca supina,63.154778
CBN-PdlC-D4-20160705,3,1394643,Antennaria dioica,62.156502
CBN-PdlC-D4-20160726,1,1396253,Sibbaldia procumbens,64.595001
CBN-PdlC-D4-20160726,2,1392608,Geum montanum,63.669346
CBN-PdlC-D4-20160726,3,1392534,Gentiana acaulis,63.546432
CBN-PdlC-D4-20170816,1,1396253,Sibbaldia procumbens,64.703308
CBN-PdlC-D4-20170816,2,1412857,Omalotheca supina,63.585999
CBN-PdlC-D4-20170816,3,1395870,Salix retusa,63.043678
CBN-PdlC-D4-20170906,1,1396253,Sibbaldia procumbens,64.377747
CBN-PdlC-D4-20170906,2,1393567,Limonium normannicum,62.907764
CBN-PdlC-D4-20170906,3,1412857,Omalotheca supina,62.643761
CBN-PdlC-D4-20180723,1,1396253,Sibbaldia procumbens,65.136253
CBN-PdlC-D4-20180723,2,1395807,Salix herbacea,61.855080
CBN-PdlC-D4-20180723,3,1412857,Omalotheca supina,61.319397
CBN-PdlC-D4-20180815,1,1396253,Sibbaldia procumbens,64.185204
CBN-PdlC-D4-20180815,2,1412857,Omalotheca supina,63.166061
CBN-PdlC-D4-20180815,3,1742053,Omalotheca hoppeana,63.161903
CBN-PdlC-D4-20180905,1,1396253,Sibbaldia procumbens,64.720314
CBN-PdlC-D4-20180905,2,1412857,Omalotheca supina,63.730209
CBN-PdlC-D4-20180905,3,1742053,Omalotheca hoppeana,63.190331
CBN-PdlC-D4-20190701,1,1397279,Alchemilla alpina,61.441292
CBN-PdlC-D4-20190701,2,1392534,Gentiana acaulis,60.846668
CBN-PdlC-D4-20190701,3,1396253,Sibbaldia procumbens,60.171505
CBN-PdlC-D4-20190722,1,1396253,Sibbaldia procumbens,64.957748
CBN-PdlC-D4-20190722,2,1396118,Scorzoneroides montana,62.439831
CBN-PdlC-D4-20190722,3,1395807,Salix herbacea,61.589821
CBN-PdlC-D4-20190812,1,1742053,Omalotheca hoppeana,65.969498
CBN-PdlC-D4-20190812,2,1396253,Sibbaldia procumbens,65.151337
CBN-PdlC-D4-20190812,3,1412857,Omalotheca supina,64.481995
CBN-PdlC-D4-20190909,1,1396253,Sibbaldia procumbens,64.570396
CBN-PdlC-D4-20190909,2,1395807,Salix herbacea,63.070721
CBN-PdlC-D4-20190909,3,1742053,Omalotheca hoppeana,62.759579
CBN-PdlC-D4-20200722,1,1396253,Sibbaldia procumbens,64.982216
CBN-PdlC-D4-20200722,2,1392535,Gentiana alpina,64.754601
CBN-PdlC-D4-20200722,3,1395807,Salix herbacea,62.278683
CBN-PdlC-D4-20200812,1,1742053,Omalotheca hoppeana,66.642548
CBN-PdlC-D4-20200812,2,1396253,Sibbaldia procumbens,64.473877
CBN-PdlC-D4-20200812,3,1397043,Veronica alpina,63.996456
CBN-PdlC-D5-20130807,1,1396253,Sibbaldia procumbens,63.778381
CBN-PdlC-D5-20130807,2,1395807,Salix herbacea,60.671955
CBN-PdlC-D5-20130807,3,1393708,Lysimachia nummularia,59.679729
CBN-PdlC-D5-20130903,1,1395870,Salix retusa,62.495796
CBN-PdlC-D5-20130903,2,1394911,Primula integrifolia,62.312592
CBN-PdlC-D5-20130903,3,1395807,Salix herbacea,61.713326
CBN-PdlC-D5-20140721,1,1392608,Geum montanum,63.799809
CBN-PdlC-D5-20140721,2,1396253,Sibbaldia procumbens,62.946068
CBN-PdlC-D5-20140721,3,1392534,Gentiana acaulis,61.480629
CBN-PdlC-D5-20140811,1,1395807,Salix herbacea,64.013283
CBN-PdlC-D5-20140811,2,1396253,Sibbaldia procumbens,62.081951
CBN-PdlC-D5-20140811,3,1742053,Omalotheca hoppeana,61.941975
CBN-PdlC-D5-20140901,1,1361367,Poa alpina,63.820057
CBN-PdlC-D5-20140901,2,1392608,Geum montanum,61.986416
CBN-PdlC-D5-20140901,3,1396253,Sibbaldia procumbens,61.851601
CBN-PdlC-D5-20150701,1,1396253,Sibbaldia procumbens,62.326263
CBN-PdlC-D5-20150701,2,1363543,Stenotaphrum secundatum,60.207771
CBN-PdlC-D5-20150701,3,1395807,Salix herbacea,59.762077
CBN-PdlC-D5-20150720,1,1396253,Sibbaldia procumbens,64.157860
CBN-PdlC-D5-20150720,2,1395807,Salix herbacea,62.141579
CBN-PdlC-D5-20150720,3,1394311,Oreochloa disticha,61.759888
CBN-PdlC-D5-20150810,1,1396253,Sibbaldia procumbens,63.618969
CBN-PdlC-D5-20150810,2,1395807,Salix herbacea,62.346607
CBN-PdlC-D5-20150810,3,1395870,Salix retusa,61.642658
CBN-PdlC-D5-20150831,1,1389929,Helictochloa versicolor,66.848190
CBN-PdlC-D5-20150831,2,1396253,Sibbaldia procumbens,63.478046
CBN-PdlC-D5-20150831,3,1395807,Salix herbacea,63.213131
CBN-PdlC-D5-20160705,1,1396253,Sibbaldia procumbens,63.781376
CBN-PdlC-D5-20160705,2,1392608,Geum montanum,63.566040
CBN-PdlC-D5-20160705,3,1394911,Primula integrifolia,63.472519
CBN-PdlC-D5-20160726,1,1392608,Geum montanum,64.442207
CBN-PdlC-D5-20160726,2,1397043,Veronica alpina,64.338676
CBN-PdlC-D5-20160726,3,1395807,Salix herbacea,63.024242
CBN-PdlC-D5-20170816,1,1396253,Sibbaldia procumbens,62.924126
CBN-PdlC-D5-20170816,2,1395807,Salix herbacea,62.559647
CBN-PdlC-D5-20170816,3,1361367,Poa alpina,61.023872
CBN-PdlC-D5-20170906,1,1396253,Sibbaldia procumbens,62.549953
CBN-PdlC-D5-20170906,2,1395807,Salix herbacea,61.031075
CBN-PdlC-D5-20170906,3,1363543,Stenotaphrum secundatum,60.945580
CBN-PdlC-D5-20180723,1,1400101,Bartsia alpina,64.894958
CBN-PdlC-D5-20180723,2,1392608,Geum montanum,62.918983
CBN-PdlC-D5-20180723,3,1393708,Lysimachia nummularia,61.189232
CBN-PdlC-D5-20180815,1,1392608,Geum montanum,63.928699
CBN-PdlC-D5-20180815,2,1395870,Salix retusa,60.610432
CBN-PdlC-D5-20180815,3,1395807,Salix herbacea,59.816307
CBN-PdlC-D5-20180905,1,1396253,Sibbaldia procumbens,64.934105
CBN-PdlC-D5-20180905,2,1395807,Salix herbacea,62.427708
CBN-PdlC-D5-20180905,3,1361367,Poa alpina,60.910622
CBN-PdlC-D5-20190701,1,1394911,Primula integrifolia,60.530441
CBN-PdlC-D5-20190701,2,1392655,Goodyera repens,59.491112
CBN-PdlC-D5-20190701,3,1363944,Malva neglecta,59.061050
CBN-PdlC-D5-20190722,1,1392534,Gentiana acaulis,64.423225
CBN-PdlC-D5-20190722,2,1392535,Gentiana alpina,63.715130
CBN-PdlC-D5-20190722,3,1392608,Geum montanum,63.400696
CBN-PdlC-D5-20190812,1,1362482,Phleum alpinum,65.064362
CBN-PdlC-D5-20190812,2,1392534,Gentiana acaulis,65.026123
CBN-PdlC-D5-20190812,3,1395870,Salix retusa,63.996651
CBN-PdlC-D5-20190909,1,1392608,Geum montanum,64.277008
CBN-PdlC-D5-20190909,2,1392534,Gentiana acaulis,63.894882
CBN-PdlC-D5-20190909,3,1395807,Salix herbacea,63.741959
CBN-PdlC-D5-20200722,1,1392608,Geum montanum,62.093517
CBN-PdlC-D5-20200722,2,1395807,Salix herbacea,61.682007
CBN-PdlC-D5-20200722,3,1364066,Veronica serpyllifolia,61.570461
CBN-PdlC-D5-20200812,1,1392608,Geum montanum,64.871048
CBN-PdlC-D5-20200812,2,1362482,Phleum alpinum,63.901638
CBN-PdlC-D5-20200812,3,1397043,Veronica alpina,63.352509
CBN-PdlC-D6-20130807,1,1396253,Sibbaldia procumbens,63.587002
CBN-PdlC-D6-20130807,2,1393708,Lysimachia nummularia,62.743099
CBN-PdlC-D6-20130807,3,1395807,Salix herbacea,61.086983
CBN-PdlC-D6-20130903,1,1396253,Sibbaldia procumbens,63.279716
CBN-PdlC-D6-20130903,2,1395870,Salix retusa,62.355942
CBN-PdlC-D6-20130903,3,1395807,Salix herbacea,62.285259
CBN-PdlC-D6-20140721,1,1396253,Sibbaldia procumbens,64.724693
CBN-PdlC-D6-20140721,2,1742053,Omalotheca hoppeana,63.227669
CBN-PdlC-D6-20140721,3,1412857,Omalotheca supina,62.070065
CBN-PdlC-D6-20140811,1,1397043,Veronica alpina,64.805397
CBN-PdlC-D6-20140811,2,1395807,Salix herbacea,64.312309
CBN-PdlC-D6-20140811,3,1396253,Sibbaldia procumbens,63.565498
CBN-PdlC-D6-20140901,1,1412857,Omalotheca supina,64.417435
CBN-PdlC-D6-20140901,2,1396253,Sibbaldia procumbens,64.112564
CBN-PdlC-D6-20140901,3,1394311,Oreochloa disticha,63.296627
CBN-PdlC-D6-20150701,1,1396253,Sibbaldia procumbens,63.925385
CBN-PdlC-D6-20150701,2,1609716,Epilobium komarovianum,60.198265
CBN-PdlC-D6-20150701,3,1412857,Omalotheca supina,59.494629
CBN-PdlC-D6-20150720,1,1396253,Sibbaldia procumbens,63.291920
CBN-PdlC-D6-20150720,2,1395807,Salix herbacea,63.133537
CBN-PdlC-D6-20150720,3,1393679,Luzula lutea,61.053143
CBN-PdlC-D6-20150810,1,1389929,Helictochloa versicolor,66.386391
CBN-PdlC-D6-20150810,2,1390761,Carex arenaria,63.818645
CBN-PdlC-D6-20150810,3,1396253,Sibbaldia procumbens,63.798439
CBN-PdlC-D6-20150831,1,1742053,Omalotheca hoppeana,65.157013
CBN-PdlC-D6-20150831,2,1395807,Salix herbacea,64.863144
CBN-PdlC-D6-20150831,3,1393494,Leucanthemopsis alpina,64.117661
CBN-PdlC-D6-20160705,1,1396253,Sibbaldia procumbens,64.136795
CBN-PdlC-D6-20160705,2,1390793,Carex curvula,62.851433
CBN-PdlC-D6-20160705,3,1609716,Epilobium komarovianum,61.488815
CBN-PdlC-D6-20160726,1,1396253,Sibbaldia procumbens,63.984406
CBN-PdlC-D6-20160726,2,1397043,Veronica alpina,63.922424
CBN-PdlC-D6-20160726,3,1412857,Omalotheca supina,63.042343
CBN-PdlC-D6-20170816,1,1412857,Omalotheca supina,63.849304
CBN-PdlC-D6-20170816,2,1742053,Omalotheca hoppeana,63.319939
CBN-PdlC-D6-20170816,3,1395807,Salix herbacea,63.166603
CBN-PdlC-D6-20170906,1,1395807,Salix herbacea,64.257454
CBN-PdlC-D6-20170906,2,1412857,Omalotheca supina,63.521576
CBN-PdlC-D6-20170906,3,1396253,Sibbaldia procumbens,62.230503
CBN-PdlC-D6-20180723,1,1396253,Sibbaldia procumbens,64.258133
CBN-PdlC-D6-20180723,2,1394911,Primula integrifolia,61.289124
CBN-PdlC-D6-20180723,3,1395870,Salix retusa,61.113693
CBN-PdlC-D6-20180815,1,1393679,Luzula lutea,62.658592
CBN-PdlC-D6-20180815,2,1396253,Sibbaldia procumbens,62.020866
CBN-PdlC-D6-20180815,3,1363543,Stenotaphrum secundatum,61.134056
CBN-PdlC-D6-20180905,1,1396253,Sibbaldia procumbens,64.177673
CBN-PdlC-D6-20180905,2,1395807,Salix herbacea,62.447975
CBN-PdlC-D6-20180905,3,1412857,Omalotheca supina,62.027702
CBN-PdlC-D6-20190701,1,1609716,Epilobium komarovianum,60.434906
CBN-PdlC-D6-20190701,2,1392522,Genista pulchella,59.739365
CBN-PdlC-D6-20190701,3,1392407,Gagea serotina,59.681881
CBN-PdlC-D6-20190722,1,1394311,Oreochloa disticha,65.786125
CBN-PdlC-D6-20190722,2,1397043,Veronica alpina,64.953987
CBN-PdlC-D6-20190722,3,1397046,Veronica bellidioides,64.003098
CBN-PdlC-D6-20190812,1,1396253,Sibbaldia procumbens,65.591949
CBN-PdlC-D6-20190812,2,1397043,Veronica alpina,64.186722
CBN-PdlC-D6-20190812,3,1397046,Veronica bellidioides,64.069908
CBN-PdlC-D6-20190909,1,1393660,Luzula alpinopilosa,65.606033
CBN-PdlC-D6-20190909,2,1396253,Sibbaldia procumbens,65.227669
CBN-PdlC-D6-20190909,3,1412857,Omalotheca supina,63.793526
CBN-PdlC-D6-20200722,1,1397043,Veronica alpina,64.849686
CBN-PdlC-D6-20200722,2,1396253,Sibbaldia procumbens,62.971298
CBN-PdlC-D6-20200722,3,1743474,Oreochloa elegans,62.151154
CBN-PdlC-D6-20200812,1,1362482,Phleum alpinum,64.228027
CBN-PdlC-D6-20200812,2,1396253,Sibbaldia procumbens,63.407684
CBN-PdlC-D6-20200812,3,1395807,Salix herbacea,62.257793
CBN-PdlC-E1-20130723,1,1396253,Sibbaldia procumbens,64.547783
CBN-PdlC-E1-20130723,2,1392541,Gentiana brachyphylla,62.728024
CBN-PdlC-E1-20130723,3,1393966,Noccaea corymbosa,62.539543
CBN-PdlC-E1-20130807,1,1390793,Carex curvula,64.460144
CBN-PdlC-E1-20130807,2,1396253,Sibbaldia procumbens,64.000496
CBN-PdlC-E1-20130807,3,1392608,Geum montanum,63.669220
CBN-PdlC-E1-20130903,1,1392608,Geum montanum,66.479111
CBN-PdlC-E1-20130903,2,1412857,Omalotheca supina,64.759735
CBN-PdlC-E1-20130903,3,1396253,Sibbaldia procumbens,63.994610
CBN-PdlC-E1-20140630,1,1392608,Geum montanum,64.251175
CBN-PdlC-E1-20140630,2,1396144,Sedum alpestre,62.583244
CBN-PdlC-E1-20140630,3,1394643,Antennaria dioica,61.616558
CBN-PdlC-E1-20140721,1,1396253,Sibbaldia procumbens,65.253403
CBN-PdlC-E1-20140721,2,1393584,Linaria alpina,64.725815
CBN-PdlC-E1-20140721,3,1362273,Cardamine resedifolia,64.339928
CBN-PdlC-E1-20140811,1,1392535,Gentiana alpina,67.641747
CBN-PdlC-E1-20140811,2,1742053,Omalotheca hoppeana,66.576233
CBN-PdlC-E1-20140811,3,1392608,Geum montanum,65.771301
CBN-PdlC-E1-20140901,1,1412857,Omalotheca supina,67.478951
CBN-PdlC-E1-20140901,2,1742053,Omalotheca hoppeana,66.886139
CBN-PdlC-E1-20140901,3,1396253,Sibbaldia procumbens,64.259903
CBN-PdlC-E1-20150701,1,1392608,Geum montanum,66.703537
CBN-PdlC-E1-20150701,2,1396253,Sibbaldia procumbens,65.277893
CBN-PdlC-E1-20150701,3,1393584,Linaria alpina,64.706932
CBN-PdlC-E1-20150720,1,1392608,Geum montanum,66.276337
CBN-PdlC-E1-20150720,2,1412857,Omalotheca supina,64.125610
CBN-PdlC-E1-20150720,3,1396253,Sibbaldia procumbens,63.774872
CBN-PdlC-E1-20150810,1,1393200,Homogyne alpina,67.105598
CBN-PdlC-E1-20150810,2,1397475,Rhododendron ferrugineum,65.009224
CBN-PdlC-E1-20150810,3,1396144,Sedum alpestre,64.879593
CBN-PdlC-E1-20150831,1,1392608,Geum montanum,65.994659
CBN-PdlC-E1-20150831,2,1390793,Carex curvula,65.124580
CBN-PdlC-E1-20150831,3,1396144,Sedum alpestre,63.302509
CBN-PdlC-E1-20160705,1,1396253,Sibbaldia procumbens,65.346214
CBN-PdlC-E1-20160705,2,1396144,Sedum alpestre,64.729736
CBN-PdlC-E1-20160705,3,1392541,Gentiana brachyphylla,63.658543
CBN-PdlC-E1-20160726,1,1396253,Sibbaldia procumbens,64.786415
CBN-PdlC-E1-20160726,2,1392614,Geum rivale,61.964600
CBN-PdlC-E1-20160726,3,1392608,Geum montanum,61.880325
CBN-PdlC-E1-20170816,1,1392608,Geum montanum,63.649994
CBN-PdlC-E1-20170816,2,1396253,Sibbaldia procumbens,63.636211
CBN-PdlC-E1-20170816,3,1392541,Gentiana brachyphylla,63.066795
CBN-PdlC-E1-20170906,1,1392608,Geum montanum,65.257446
CBN-PdlC-E1-20170906,2,1396253,Sibbaldia procumbens,64.435211
CBN-PdlC-E1-20170906,3,1392541,Gentiana brachyphylla,63.215630
CBN-PdlC-E1-20180702,1,1396253,Sibbaldia procumbens,64.659843
CBN-PdlC-E1-20180702,2,1396144,Sedum alpestre,61.776115
CBN-PdlC-E1-20180702,3,1396145,Sedum annuum,60.854347
CBN-PdlC-E1-20180723,1,1396144,Sedum alpestre,65.779198
CBN-PdlC-E1-20180723,2,1392535,Gentiana alpina,65.775253
CBN-PdlC-E1-20180723,3,1393494,Leucanthemopsis alpina,64.439117
CBN-PdlC-E1-20180815,1,1392608,Geum montanum,64.447769
CBN-PdlC-E1-20180815,2,1396144,Sedum alpestre,64.039375
CBN-PdlC-E1-20180815,3,1392534,Gentiana acaulis,62.607033
CBN-PdlC-E1-20180905,1,1392608,Geum montanum,65.805374
CBN-PdlC-E1-20180905,2,1396253,Sibbaldia procumbens,64.440773
CBN-PdlC-E1-20180905,3,1394911,Primula integrifolia,63.085106
CBN-PdlC-E1-20190701,1,1396253,Sibbaldia procumbens,63.499142
CBN-PdlC-E1-20190701,2,1359649,Menyanthes trifoliata,60.140717
CBN-PdlC-E1-20190701,3,1392541,Gentiana brachyphylla,59.262756
CBN-PdlC-E1-20190812,1,1392608,Geum montanum,65.032990
CBN-PdlC-E1-20190812,2,1392565,Gentiana terglouensis,64.766647
CBN-PdlC-E1-20190812,3,1392534,Gentiana acaulis,64.522133
CBN-PdlC-E1-20190909,1,1397386,Festuca scabriculmis,64.373474
CBN-PdlC-E1-20190909,2,1395807,Salix herbacea,64.061073
CBN-PdlC-E1-20190909,3,1396144,Sedum alpestre,63.934044
CBN-PdlC-E1-20200629,1,1396253,Sibbaldia procumbens,65.707863
CBN-PdlC-E1-20200629,2,1392608,Geum montanum,64.269096
CBN-PdlC-E1-20200629,3,1392541,Gentiana brachyphylla,63.501732
CBN-PdlC-E1-20200722,1,1392608,Geum montanum,66.863777
CBN-PdlC-E1-20200722,2,1412857,Omalotheca supina,63.778694
CBN-PdlC-E1-20200722,3,1393584,Linaria alpina,63.150017
CBN-PdlC-E1-20200812,1,1392608,Geum montanum,66.016571
CBN-PdlC-E1-20200812,2,1743471,Festuca glacialis,64.852081
CBN-PdlC-E1-20200812,3,1390793,Carex curvula,63.115093
CBN-PdlC-E2-20130723,1,1396253,Sibbaldia procumbens,64.957352
CBN-PdlC-E2-20130723,2,1397528,Cardamine bellidifolia,64.514450
CBN-PdlC-E2-20130723,3,1393584,Linaria alpina,62.419685
CBN-PdlC-E2-20130807,1,1412857,Omalotheca supina,63.182785
CBN-PdlC-E2-20130807,2,1392541,Gentiana brachyphylla,61.889778
CBN-PdlC-E2-20130807,3,1396253,Sibbaldia procumbens,61.832794
CBN-PdlC-E2-20130903,1,1395807,Salix herbacea,63.545647
CBN-PdlC-E2-20130903,2,1394643,Antennaria dioica,62.912991
CBN-PdlC-E2-20130903,3,1395870,Salix retusa,62.420746
CBN-PdlC-E2-20140630,1,1396144,Sedum alpestre,63.852570
CBN-PdlC-E2-20140630,2,1396253,Sibbaldia procumbens,63.519875
CBN-PdlC-E2-20140630,3,1741880,Salix serpillifolia,61.455494
CBN-PdlC-E2-20140721,1,1412857,Omalotheca supina,64.851555
CBN-PdlC-E2-20140721,2,1396144,Sedum alpestre,64.333641
CBN-PdlC-E2-20140721,3,1396253,Sibbaldia procumbens,63.497272
CBN-PdlC-E2-20140811,1,1396144,Sedum alpestre,68.663139
CBN-PdlC-E2-20140811,2,1392608,Geum montanum,66.014389
CBN-PdlC-E2-20140811,3,1392535,Gentiana alpina,65.328789
CBN-PdlC-E2-20140901,1,1396144,Sedum alpestre,65.438812
CBN-PdlC-E2-20140901,2,1412857,Omalotheca supina,64.989655
CBN-PdlC-E2-20140901,3,1396253,Sibbaldia procumbens,64.605904
CBN-PdlC-E2-20150720,1,1393584,Linaria alpina,66.392075
CBN-PdlC-E2-20150720,2,1396253,Sibbaldia procumbens,63.779858
CBN-PdlC-E2-20150720,3,1395807,Salix herbacea,63.563538
CBN-PdlC-E2-20150810,1,1412857,Omalotheca supina,64.510231
CBN-PdlC-E2-20150810,2,1395807,Salix herbacea,64.171783
CBN-PdlC-E2-20150810,3,1395870,Salix retusa,63.524658
CBN-PdlC-E2-20150831,1,1392608,Geum montanum,63.400703
CBN-PdlC-E2-20150831,2,1395807,Salix herbacea,63.111382
CBN-PdlC-E2-20150831,3,1738658,Petrosedum forsterianum,63.098099
CBN-PdlC-E2-20160705,1,1396253,Sibbaldia procumbens,65.510849
CBN-PdlC-E2-20160705,2,1393584,Linaria alpina,65.247398
CBN-PdlC-E2-20160705,3,1397528,Cardamine bellidifolia,64.922058
CBN-PdlC-E2-20160726,1,1412857,Omalotheca supina,64.187889
CBN-PdlC-E2-20160726,2,1396253,Sibbaldia procumbens,62.620007
CBN-PdlC-E2-20160726,3,1395807,Salix herbacea,62.531693
CBN-PdlC-E2-20170816,1,1396253,Sibbaldia procumbens,63.693718
CBN-PdlC-E2-20170816,2,1412857,Omalotheca supina,63.425137
CBN-PdlC-E2-20170816,3,1395807,Salix herbacea,63.056534
CBN-PdlC-E2-20170906,1,1396253,Sibbaldia procumbens,64.017830
CBN-PdlC-E2-20170906,2,1412857,Omalotheca supina,62.751122
CBN-PdlC-E2-20170906,3,1395807,Salix herbacea,61.671806
CBN-PdlC-E2-20180702,1,1396253,Sibbaldia procumbens,63.618546
CBN-PdlC-E2-20180702,2,1394911,Primula integrifolia,62.856232
CBN-PdlC-E2-20180702,3,1394643,Antennaria dioica,61.587364
CBN-PdlC-E2-20180723,1,1393584,Linaria alpina,65.536903
CBN-PdlC-E2-20180723,2,1396253,Sibbaldia procumbens,64.525742
CBN-PdlC-E2-20180723,3,1392608,Geum montanum,64.019936
CBN-PdlC-E2-20180815,1,1742053,Omalotheca hoppeana,63.677452
CBN-PdlC-E2-20180815,2,1394643,Antennaria dioica,62.731209
CBN-PdlC-E2-20180815,3,1396253,Sibbaldia procumbens,62.601997
CBN-PdlC-E2-20180905,1,1396253,Sibbaldia procumbens,64.264587
CBN-PdlC-E2-20180905,2,1412857,Omalotheca supina,63.760807
CBN-PdlC-E2-20180905,3,1396144,Sedum alpestre,63.744820
CBN-PdlC-E2-20190701,1,1396253,Sibbaldia procumbens,62.632881
CBN-PdlC-E2-20190701,2,1394911,Primula integrifolia,61.637512
CBN-PdlC-E2-20190701,3,1395807,Salix herbacea,59.965614
CBN-PdlC-E2-20190812,1,1412857,Omalotheca supina,63.468597
CBN-PdlC-E2-20190812,2,1395807,Salix herbacea,62.365124
CBN-PdlC-E2-20190812,3,1742053,Omalotheca hoppeana,62.088211
CBN-PdlC-E2-20190909,1,1396144,Sedum alpestre,64.079819
CBN-PdlC-E2-20190909,2,1396253,Sibbaldia procumbens,62.124760
CBN-PdlC-E2-20190909,3,1395807,Salix herbacea,62.085602
CBN-PdlC-E2-20200629,1,1396144,Sedum alpestre,64.628426
CBN-PdlC-E2-20200629,2,1396253,Sibbaldia procumbens,64.516563
CBN-PdlC-E2-20200629,3,1412857,Omalotheca supina,61.243744
CBN-PdlC-E2-20200722,1,1396144,Sedum alpestre,66.591728
CBN-PdlC-E2-20200722,2,1412857,Omalotheca supina,66.018311
CBN-PdlC-E2-20200722,3,1742053,Omalotheca hoppeana,64.972420
CBN-PdlC-E2-20200812,1,1412857,Omalotheca supina,63.493702
CBN-PdlC-E2-20200812,2,1396253,Sibbaldia procumbens,63.357758
CBN-PdlC-E2-20200812,3,1395807,Salix herbacea,62.690319
CBN-PdlC-E3-20130723,1,1396253,Sibbaldia procumbens,65.100143
CBN-PdlC-E3-20130723,2,1392534,Gentiana acaulis,60.659889
CBN-PdlC-E3-20130723,3,1388766,Botrychium simplex,59.415840
CBN-PdlC-E3-20130807,1,1396253,Sibbaldia procumbens,63.380692
CBN-PdlC-E3-20130807,2,1395807,Salix herbacea,59.999184
CBN-PdlC-E3-20130807,3,1651162,Festuca guestfalica,59.518578
CBN-PdlC-E3-20130903,1,1395870,Salix retusa,63.446781
CBN-PdlC-E3-20130903,2,1396253,Sibbaldia procumbens,62.774891
CBN-PdlC-E3-20130903,3,1363087,Carex reuteriana,61.062344
CBN-PdlC-E3-20140630,1,1396253,Sibbaldia procumbens,62.689793
CBN-PdlC-E3-20140630,2,1361347,Nardus stricta,58.697502
CBN-PdlC-E3-20140630,3,1390811,Carex ericetorum,57.548744
CBN-PdlC-E3-20140721,1,1396253,Sibbaldia procumbens,65.657249
CBN-PdlC-E3-20140721,2,1395807,Salix herbacea,62.695026
CBN-PdlC-E3-20140721,3,1397528,Cardamine bellidifolia,61.967560
CBN-PdlC-E3-20140811,1,1397381,Euphrasia minima,64.987335
CBN-PdlC-E3-20140811,2,1396253,Sibbaldia procumbens,64.235474
CBN-PdlC-E3-20140811,3,1395807,Salix herbacea,63.880726
CBN-PdlC-E3-20140901,1,1396253,Sibbaldia procumbens,64.728828
CBN-PdlC-E3-20140901,2,1397381,Euphrasia minima,62.756138
CBN-PdlC-E3-20140901,3,1395807,Salix herbacea,62.416958
CBN-PdlC-E3-20150701,1,1396253,Sibbaldia procumbens,64.592514
CBN-PdlC-E3-20150701,2,1394311,Oreochloa disticha,64.293480
CBN-PdlC-E3-20150701,3,1397528,Cardamine bellidifolia,62.322510
CBN-PdlC-E3-20150720,1,1394311,Oreochloa disticha,63.420364
CBN-PdlC-E3-20150720,2,1396253,Sibbaldia procumbens,63.035164
CBN-PdlC-E3-20150720,3,1397386,Festuca scabriculmis,62.252956
CBN-PdlC-E3-20150810,1,1396253,Sibbaldia procumbens,63.950668
CBN-PdlC-E3-20150810,2,1397381,Euphrasia minima,62.549049
CBN-PdlC-E3-20150810,3,1397386,Festuca scabriculmis,62.436485
CBN-PdlC-E3-20150831,1,1392293,Festuca eskia,63.201832
CBN-PdlC-E3-20150831,2,1396253,Sibbaldia procumbens,63.171413
CBN-PdlC-E3-20150831,3,1397386,Festuca scabriculmis,63.144257
CBN-PdlC-E3-20160705,1,1393200,Homogyne alpina,64.655891
CBN-PdlC-E3-20160705,2,1396253,Sibbaldia procumbens,64.297173
CBN-PdlC-E3-20160705,3,1397430,Luzula sylvatica,62.814003
CBN-PdlC-E3-20160726,1,1396253,Sibbaldia procumbens,63.666855
CBN-PdlC-E3-20160726,2,1397381,Euphrasia minima,63.149574
CBN-PdlC-E3-20160726,3,1395807,Salix herbacea,62.932781
CBN-PdlC-E3-20170816,1,1396253,Sibbaldia procumbens,64.387650
CBN-PdlC-E3-20170816,2,1395807,Salix herbacea,59.737823
CBN-PdlC-E3-20170816,3,1396970,Vaccinium uliginosum,59.097645
CBN-PdlC-E3-20170906,1,1396253,Sibbaldia procumbens,64.056892
CBN-PdlC-E3-20170906,2,1394911,Primula integrifolia,61.607597
CBN-PdlC-E3-20170906,3,1395807,Salix herbacea,59.448555
CBN-PdlC-E3-20180702,1,1396253,Sibbaldia procumbens,63.878422
CBN-PdlC-E3-20180702,2,1397430,Luzula sylvatica,61.528625
CBN-PdlC-E3-20180702,3,1393681,Luzula luzuloides,60.510612
CBN-PdlC-E3-20180723,1,1396253,Sibbaldia procumbens,63.110828
CBN-PdlC-E3-20180723,2,1392241,Alchemilla pentaphyllea,62.757980
CBN-PdlC-E3-20180723,3,1395807,Salix herbacea,60.513573
CBN-PdlC-E3-20180815,1,1396253,Sibbaldia procumbens,63.275169
CBN-PdlC-E3-20180815,2,1397386,Festuca scabriculmis,62.676563
CBN-PdlC-E3-20180815,3,1397381,Euphrasia minima,62.628616
CBN-PdlC-E3-20180905,1,1396253,Sibbaldia procumbens,65.062134
CBN-PdlC-E3-20180905,2,1392534,Gentiana acaulis,62.867966
CBN-PdlC-E3-20180905,3,1397386,Festuca scabriculmis,61.560009
CBN-PdlC-E3-20190701,1,1396253,Sibbaldia procumbens,63.479416
CBN-PdlC-E3-20190701,2,1397430,Luzula sylvatica,63.026062
CBN-PdlC-E3-20190701,3,1393659,Luzula alpina,62.449852
CBN-PdlC-E3-20190812,1,1396253,Sibbaldia procumbens,64.319977
CBN-PdlC-E3-20190812,2,1395807,Salix herbacea,62.175117
CBN-PdlC-E3-20190812,3,1397381,Euphrasia minima,60.739655
CBN-PdlC-E3-20190909,1,1392059,Eriophorum angustifolium,63.379295
CBN-PdlC-E3-20190909,2,1396253,Sibbaldia procumbens,61.973835
CBN-PdlC-E3-20190909,3,1651162,Festuca guestfalica,61.050713
CBN-PdlC-E3-20200629,1,1396253,Sibbaldia procumbens,64.326759
CBN-PdlC-E3-20200629,2,1393659,Luzula alpina,63.916096
CBN-PdlC-E3-20200629,3,1392541,Gentiana brachyphylla,62.662819
CBN-PdlC-E3-20200722,1,1396253,Sibbaldia procumbens,65.406410
CBN-PdlC-E3-20200722,2,1395807,Salix herbacea,62.766876
CBN-PdlC-E3-20200722,3,1393659,Luzula alpina,61.270134
CBN-PdlC-E3-20200812,1,1396253,Sibbaldia procumbens,64.770988
CBN-PdlC-E3-20200812,2,1392059,Eriophorum angustifolium,62.997890
CBN-PdlC-E3-20200812,3,1394911,Primula integrifolia,62.361557
CBN-PdlC-E4-20130807,1,1396253,Sibbaldia procumbens,63.744850
CBN-PdlC-E4-20130807,2,1392608,Geum montanum,62.688278
CBN-PdlC-E4-20130807,3,1396843,Trifolium alpinum,61.627014
CBN-PdlC-E4-20130903,1,1396253,Sibbaldia procumbens,64.711044
CBN-PdlC-E4-20130903,2,1392608,Geum montanum,62.868103
CBN-PdlC-E4-20130903,3,1741880,Salix serpillifolia,61.721577
CBN-PdlC-E4-20140630,1,1396253,Sibbaldia procumbens,64.865501
CBN-PdlC-E4-20140630,2,1392608,Geum montanum,63.130611
CBN-PdlC-E4-20140630,3,1407739,Bromus catharticus,60.471230
CBN-PdlC-E4-20140721,1,1392608,Geum montanum,65.942337
CBN-PdlC-E4-20140721,2,1396253,Sibbaldia procumbens,65.833481
CBN-PdlC-E4-20140721,3,1395807,Salix herbacea,61.983433
CBN-PdlC-E4-20140811,1,1395807,Salix herbacea,65.090813
CBN-PdlC-E4-20140811,2,1396253,Sibbaldia procumbens,64.954430
CBN-PdlC-E4-20140811,3,1392608,Geum montanum,64.327576
CBN-PdlC-E4-20140901,1,1396253,Sibbaldia procumbens,64.701378
CBN-PdlC-E4-20140901,2,1395807,Salix herbacea,62.342670
CBN-PdlC-E4-20140901,3,1392608,Geum montanum,62.274380
CBN-PdlC-E4-20150701,1,1396253,Sibbaldia procumbens,65.398209
CBN-PdlC-E4-20150701,2,1392608,Geum montanum,64.675751
CBN-PdlC-E4-20150701,3,1397430,Luzula sylvatica,63.115551
CBN-PdlC-E4-20150720,1,1396843,Trifolium alpinum,65.288513
CBN-PdlC-E4-20150720,2,1396253,Sibbaldia procumbens,64.703766
CBN-PdlC-E4-20150720,3,1392608,Geum montanum,63.435810
CBN-PdlC-E4-20150810,1,1393200,Homogyne alpina,64.589951
CBN-PdlC-E4-20150810,2,1396253,Sibbaldia procumbens,64.302132
CBN-PdlC-E4-20150810,3,1392608,Geum montanum,63.481937
CBN-PdlC-E4-20160705,1,1396253,Sibbaldia procumbens,64.490540
CBN-PdlC-E4-20160705,2,1393200,Homogyne alpina,64.303589
CBN-PdlC-E4-20160705,3,1392608,Geum montanum,64.041237
CBN-PdlC-E4-20160726,1,1396253,Sibbaldia procumbens,63.675110
CBN-PdlC-E4-20160726,2,1360748,Hydrocotyle vulgaris,61.174889
CBN-PdlC-E4-20160726,3,1395807,Salix herbacea,59.697929
CBN-PdlC-E4-20170816,1,1396253,Sibbaldia procumbens,63.460926
CBN-PdlC-E4-20170816,2,1396843,Trifolium alpinum,61.013077
CBN-PdlC-E4-20170816,3,1361275,Festuca indigesta,60.771103
CBN-PdlC-E4-20170906,1,1396253,Sibbaldia procumbens,64.426834
CBN-PdlC-E4-20170906,2,1361233,Danthonia decumbens,64.418449
CBN-PdlC-E4-20170906,3,1393494,Leucanthemopsis alpina,63.794327
CBN-PdlC-E4-20180702,1,1396253,Sibbaldia procumbens,64.126839
CBN-PdlC-E4-20180702,2,1393200,Homogyne alpina,61.805630
CBN-PdlC-E4-20180702,3,1397430,Luzula sylvatica,61.152252
CBN-PdlC-E4-20180723,1,1392608,Geum montanum,62.626583
CBN-PdlC-E4-20180723,2,1396253,Sibbaldia procumbens,61.211834
CBN-PdlC-E4-20180723,3,1393200,Homogyne alpina,60.347031
CBN-PdlC-E4-20180815,1,1393494,Leucanthemopsis alpina,63.135132
CBN-PdlC-E4-20180815,2,1396253,Sibbaldia procumbens,62.373310
CBN-PdlC-E4-20180815,3,1356422,Botrychium lunaria,60.838985
CBN-PdlC-E4-20180905,1,1396253,Sibbaldia procumbens,63.843819
CBN-PdlC-E4-20180905,2,1392608,Geum montanum,62.598862
CBN-PdlC-E4-20180905,3,1393494,Leucanthemopsis alpina,62.406044
CBN-PdlC-E4-20190701,1,1396253,Sibbaldia procumbens,62.871231
CBN-PdlC-E4-20190701,2,1397430,Luzula sylvatica,62.588600
CBN-PdlC-E4-20190701,3,1393681,Luzula luzuloides,61.030109
CBN-PdlC-E4-20190812,1,1395807,Salix herbacea,59.230091
CBN-PdlC-E4-20190812,2,1396253,Sibbaldia procumbens,58.776459
CBN-PdlC-E4-20190812,3,1393359,Juncus triglumis,58.467628
CBN-PdlC-E4-20190909,1,1392608,Geum montanum,65.466660
CBN-PdlC-E4-20190909,2,1392059,Eriophorum angustifolium,63.142941
CBN-PdlC-E4-20190909,3,1396843,Trifolium alpinum,62.029308
CBN-PdlC-E4-20200629,1,1396253,Sibbaldia procumbens,64.419151
CBN-PdlC-E4-20200629,2,1361592,Luzula campestris,63.233932
CBN-PdlC-E4-20200629,3,1397430,Luzula sylvatica,62.288494
CBN-PdlC-E4-20200722,1,1396253,Sibbaldia procumbens,65.294052
CBN-PdlC-E4-20200722,2,1392608,Geum montanum,65.191223
CBN-PdlC-E4-20200722,3,1396843,Trifolium alpinum,62.665070
CBN-PdlC-E4-20200812,1,1392059,Eriophorum angustifolium,63.337181
CBN-PdlC-E4-20200812,2,1396253,Sibbaldia procumbens,63.255409
CBN-PdlC-E4-20200812,3,1395807,Salix herbacea,62.634464
CBN-PdlC-E5-20130723,1,1393200,Homogyne alpina,64.738068
CBN-PdlC-E5-20130723,2,1399800,Pinguicula nevadensis,60.949543
CBN-PdlC-E5-20130723,3,1392565,Gentiana terglouensis,60.086296
CBN-PdlC-E5-20130807,1,1393200,Homogyne alpina,66.045074
CBN-PdlC-E5-20130807,2,1392608,Geum montanum,63.877167
CBN-PdlC-E5-20130807,3,1390793,Carex curvula,62.355247
CBN-PdlC-E5-20130903,1,1360748,Hydrocotyle vulgaris,63.411358
CBN-PdlC-E5-20130903,2,1392608,Geum montanum,63.124653
CBN-PdlC-E5-20130903,3,1393494,Leucanthemopsis alpina,62.765991
CBN-PdlC-E5-20140630,1,1393200,Homogyne alpina,64.291512
CBN-PdlC-E5-20140630,2,1392608,Geum montanum,63.161415
CBN-PdlC-E5-20140630,3,1392611,Geum pyrenaicum,61.487568
CBN-PdlC-E5-20140721,1,1393200,Homogyne alpina,65.265251
CBN-PdlC-E5-20140721,2,1392608,Geum montanum,64.910309
CBN-PdlC-E5-20140721,3,1396253,Sibbaldia procumbens,64.048378
CBN-PdlC-E5-20140811,1,1393200,Homogyne alpina,66.222000
CBN-PdlC-E5-20140811,2,1392541,Gentiana brachyphylla,64.220116
CBN-PdlC-E5-20140811,3,1396843,Trifolium alpinum,63.961956
CBN-PdlC-E5-20150720,1,1392608,Geum montanum,67.084297
CBN-PdlC-E5-20150720,2,1392534,Gentiana acaulis,65.880363
CBN-PdlC-E5-20150720,3,1390761,Carex arenaria,64.814232
CBN-PdlC-E5-20150810,1,1392608,Geum montanum,64.793381
CBN-PdlC-E5-20150810,2,1396253,Sibbaldia procumbens,64.685272
CBN-PdlC-E5-20150810,3,1393200,Homogyne alpina,64.295288
CBN-PdlC-E5-20150831,1,1393200,Homogyne alpina,65.669312
CBN-PdlC-E5-20150831,2,1392608,Geum montanum,65.563538
CBN-PdlC-E5-20150831,3,1392534,Gentiana acaulis,65.364334
CBN-PdlC-E5-20160705,1,1393200,Homogyne alpina,66.770187
CBN-PdlC-E5-20160705,2,1392608,Geum montanum,65.685951
CBN-PdlC-E5-20160705,3,1396843,Trifolium alpinum,62.973244
CBN-PdlC-E5-20160726,1,1392608,Geum montanum,67.094666
CBN-PdlC-E5-20160726,2,1396253,Sibbaldia procumbens,64.317772
CBN-PdlC-E5-20160726,3,1361367,Poa alpina,63.652592
CBN-PdlC-E5-20170816,1,1392608,Geum montanum,64.415894
CBN-PdlC-E5-20170816,2,1396253,Sibbaldia procumbens,63.208771
CBN-PdlC-E5-20170816,3,1396843,Trifolium alpinum,62.703773
CBN-PdlC-E5-20170906,1,1393200,Homogyne alpina,65.986519
CBN-PdlC-E5-20170906,2,1392608,Geum montanum,65.491905
CBN-PdlC-E5-20170906,3,1396253,Sibbaldia procumbens,63.483246
CBN-PdlC-E5-20180702,1,1396253,Sibbaldia procumbens,64.685181
CBN-PdlC-E5-20180702,2,1392608,Geum montanum,64.583717
CBN-PdlC-E5-20180702,3,1393200,Homogyne alpina,63.418701
CBN-PdlC-E5-20180723,1,1392608,Geum montanum,64.465897
CBN-PdlC-E5-20180723,2,1396253,Sibbaldia procumbens,64.208862
CBN-PdlC-E5-20180723,3,1396843,Trifolium alpinum,64.196938
CBN-PdlC-E5-20180815,1,1393200,Homogyne alpina,65.740974
CBN-PdlC-E5-20180815,2,1396843,Trifolium alpinum,64.212128
CBN-PdlC-E5-20180815,3,1392608,Geum montanum,63.276661
CBN-PdlC-E5-20180905,1,1392608,Geum montanum,64.793633
CBN-PdlC-E5-20180905,2,1396253,Sibbaldia procumbens,64.734520
CBN-PdlC-E5-20180905,3,1393200,Homogyne alpina,64.102516
CBN-PdlC-E5-20190722,1,1393200,Homogyne alpina,65.193604
CBN-PdlC-E5-20190722,2,1392608,Geum montanum,64.555595
CBN-PdlC-E5-20190722,3,1396253,Sibbaldia procumbens,64.043671
CBN-PdlC-E5-20190812,1,1392608,Geum montanum,66.260864
CBN-PdlC-E5-20190812,2,1396253,Sibbaldia procumbens,63.543556
CBN-PdlC-E5-20190812,3,1396843,Trifolium alpinum,62.676468
CBN-PdlC-E5-20190909,1,1392608,Geum montanum,66.272911
CBN-PdlC-E5-20190909,2,1396253,Sibbaldia procumbens,64.711159
CBN-PdlC-E5-20190909,3,1390793,Carex curvula,62.817181
CBN-PdlC-E5-20200629,1,1393200,Homogyne alpina,66.789223
CBN-PdlC-E5-20200629,2,1392608,Geum montanum,65.503532
CBN-PdlC-E5-20200629,3,1396253,Sibbaldia procumbens,65.238937
CBN-PdlC-E5-20200722,1,1393200,Homogyne alpina,65.971169
CBN-PdlC-E5-20200722,2,1396843,Trifolium alpinum,65.457382
CBN-PdlC-E5-20200722,3,1392608,Geum montanum,64.819115
CBN-PdlC-E5-20200812,1,1392608,Geum montanum,65.365005
CBN-PdlC-E5-20200812,2,1396253,Sibbaldia procumbens,65.191437
CBN-PdlC-E5-20200812,3,1393200,Homogyne alpina,64.166748
CBN-PdlC-E6-20130723,1,1392534,Gentiana acaulis,64.376534
CBN-PdlC-E6-20130723,2,1394599,Pinguicula leptoceras,62.812607
CBN-PdlC-E6-20130723,3,1392608,Geum montanum,62.809486
CBN-PdlC-E6-20130807,1,1393200,Homogyne alpina,62.025841
CBN-PdlC-E6-20130807,2,1392608,Geum montanum,61.739964
CBN-PdlC-E6-20130807,3,1394911,Primula integrifolia,61.636841
CBN-PdlC-E6-20130903,1,1393200,Homogyne alpina,64.137573
CBN-PdlC-E6-20130903,2,1390793,Carex curvula,63.073647
CBN-PdlC-E6-20130903,3,1396843,Trifolium alpinum,62.424011
CBN-PdlC-E6-20140630,1,1359750,Oxalis acetosella,63.374054
CBN-PdlC-E6-20140630,2,1393200,Homogyne alpina,63.323975
CBN-PdlC-E6-20140630,3,1399800,Pinguicula nevadensis,60.654705
CBN-PdlC-E6-20140721,1,1393708,Lysimachia nummularia,61.291916
CBN-PdlC-E6-20140721,2,1396843,Trifolium alpinum,61.027225
CBN-PdlC-E6-20140721,3,1397353,Claytonia perfoliata,60.640228
CBN-PdlC-E6-20140811,1,1393200,Homogyne alpina,66.152084
CBN-PdlC-E6-20140811,2,1396843,Trifolium alpinum,65.626785
CBN-PdlC-E6-20140811,3,1392541,Gentiana brachyphylla,64.360641
CBN-PdlC-E6-20150701,1,1392535,Gentiana alpina,65.118294
CBN-PdlC-E6-20150701,2,1392608,Geum montanum,65.048523
CBN-PdlC-E6-20150701,3,1392534,Gentiana acaulis,64.961464
CBN-PdlC-E6-20150720,1,1396843,Trifolium alpinum,64.024002
CBN-PdlC-E6-20150720,2,1392608,Geum montanum,61.881523
CBN-PdlC-E6-20150720,3,1742053,Omalotheca hoppeana,61.581940
CBN-PdlC-E6-20150810,1,1392608,Geum montanum,64.490555
CBN-PdlC-E6-20150810,2,1742053,Omalotheca hoppeana,63.495117
CBN-PdlC-E6-20150810,3,1394311,Oreochloa disticha,63.028355
CBN-PdlC-E6-20150831,1,1393200,Homogyne alpina,64.921616
CBN-PdlC-E6-20150831,2,1392608,Geum montanum,64.581924
CBN-PdlC-E6-20150831,3,1395807,Salix herbacea,62.735718
CBN-PdlC-E6-20160705,1,1392612,Geum reptans,62.494587
CBN-PdlC-E6-20160705,2,1392534,Gentiana acaulis,62.147896
CBN-PdlC-E6-20160705,3,1392608,Geum montanum,62.027084
CBN-PdlC-E6-20160726,1,1392534,Gentiana acaulis,67.335060
CBN-PdlC-E6-20160726,2,1392608,Geum montanum,65.724167
CBN-PdlC-E6-20160726,3,1392535,Gentiana alpina,63.661331
CBN-PdlC-E6-20170816,1,1396843,Trifolium alpinum,61.921539
CBN-PdlC-E6-20170816,2,1392541,Gentiana brachyphylla,60.875053
CBN-PdlC-E6-20170816,3,1390793,Carex curvula,60.376945
CBN-PdlC-E6-20170906,1,1396843,Trifolium alpinum,63.957123
CBN-PdlC-E6-20170906,2,1394311,Oreochloa disticha,61.087399
CBN-PdlC-E6-20170906,3,1392534,Gentiana acaulis,60.991959
CBN-PdlC-E6-20180702,1,1393200,Homogyne alpina,64.421623
CBN-PdlC-E6-20180702,2,1741880,Salix serpillifolia,63.571442
CBN-PdlC-E6-20180702,3,1392608,Geum montanum,63.127853
CBN-PdlC-E6-20180723,1,1392535,Gentiana alpina,64.259048
CBN-PdlC-E6-20180723,2,1392608,Geum montanum,64.204788
CBN-PdlC-E6-20180723,3,1392534,Gentiana acaulis,63.176342
CBN-PdlC-E6-20180815,1,1393200,Homogyne alpina,65.915146
CBN-PdlC-E6-20180815,2,1396253,Sibbaldia procumbens,62.920975
CBN-PdlC-E6-20180815,3,1392534,Gentiana acaulis,62.486267
CBN-PdlC-E6-20180905,1,1393200,Homogyne alpina,65.843506
CBN-PdlC-E6-20180905,2,1392608,Geum montanum,64.842896
CBN-PdlC-E6-20180905,3,1396843,Trifolium alpinum,63.120888
CBN-PdlC-E6-20190722,1,1393200,Homogyne alpina,66.801765
CBN-PdlC-E6-20190722,2,1362273,Cardamine resedifolia,66.520042
CBN-PdlC-E6-20190722,3,1392608,Geum montanum,65.626755
CBN-PdlC-E6-20190812,1,1391427,Crassula pubescens,58.612453
CBN-PdlC-E6-20190812,2,1363618,Crassula multicava,58.133141
CBN-PdlC-E6-20190812,3,1495503,Tuberaria globulariifolia,58.002296
CBN-PdlC-E6-20190909,1,1392608,Geum montanum,64.588020
CBN-PdlC-E6-20190909,2,1396843,Trifolium alpinum,63.635445
CBN-PdlC-E6-20190909,3,1388916,Lysimachia europaea,62.526581
CBN-PdlC-E6-20200629,1,1393200,Homogyne alpina,66.625450
CBN-PdlC-E6-20200629,2,1390793,Carex curvula,63.034676
CBN-PdlC-E6-20200629,3,1392541,Gentiana brachyphylla,62.984039
CBN-PdlC-E6-20200722,1,1393200,Homogyne alpina,66.739952
CBN-PdlC-E6-20200722,2,1362273,Cardamine resedifolia,66.312256
CBN-PdlC-E6-20200722,3,1392534,Gentiana acaulis,66.088409
CBN-PdlC-E6-20200812,1,1393200,Homogyne alpina,64.007309
CBN-PdlC-E6-20200812,2,1396843,Trifolium alpinum,63.389019
CBN-PdlC-E6-20200812,3,1392608,Geum montanum,62.973938
CBN-PdlC-F1-20130723,1,1396144,Sedum alpestre,66.192429
CBN-PdlC-F1-20130723,2,1397528,Cardamine bellidifolia,65.485291
CBN-PdlC-F1-20130723,3,1392535,Gentiana alpina,64.894569
CBN-PdlC-F1-20130807,1,1396144,Sedum alpestre,66.315277
CBN-PdlC-F1-20130807,2,1392541,Gentiana brachyphylla,63.375229
CBN-PdlC-F1-20130807,3,1392535,Gentiana alpina,63.325829
CBN-PdlC-F1-20130903,1,1392534,Gentiana acaulis,65.982590
CBN-PdlC-F1-20130903,2,1392541,Gentiana brachyphylla,65.690689
CBN-PdlC-F1-20130903,3,1741880,Salix serpillifolia,65.097260
CBN-PdlC-F1-20140630,1,1396144,Sedum alpestre,64.759323
CBN-PdlC-F1-20140630,2,1392541,Gentiana brachyphylla,63.502457
CBN-PdlC-F1-20140630,3,1396253,Sibbaldia procumbens,63.402508
CBN-PdlC-F1-20140721,1,1362273,Cardamine resedifolia,64.888359
CBN-PdlC-F1-20140721,2,1396253,Sibbaldia procumbens,64.018425
CBN-PdlC-F1-20140721,3,1390793,Carex curvula,63.898674
CBN-PdlC-F1-20140811,1,1396144,Sedum alpestre,68.422127
CBN-PdlC-F1-20140811,2,1394542,Phyteuma hemisphaericum,67.334442
CBN-PdlC-F1-20140811,3,1397381,Euphrasia minima,66.166168
CBN-PdlC-F1-20140901,1,1742053,Omalotheca hoppeana,66.723122
CBN-PdlC-F1-20140901,2,1412857,Omalotheca supina,66.501404
CBN-PdlC-F1-20140901,3,1392541,Gentiana brachyphylla,65.575775
CBN-PdlC-F1-20150701,1,1392534,Gentiana acaulis,65.493271
CBN-PdlC-F1-20150701,2,1392535,Gentiana alpina,64.859589
CBN-PdlC-F1-20150701,3,1396253,Sibbaldia procumbens,64.533249
CBN-PdlC-F1-20150720,1,1396144,Sedum alpestre,66.148697
CBN-PdlC-F1-20150720,2,1396253,Sibbaldia procumbens,65.175102
CBN-PdlC-F1-20150720,3,1742053,Omalotheca hoppeana,65.115570
CBN-PdlC-F1-20150810,1,1396253,Sibbaldia procumbens,64.145477
CBN-PdlC-F1-20150810,2,1412857,Omalotheca supina,63.496071
CBN-PdlC-F1-20150810,3,1392534,Gentiana acaulis,63.096889
CBN-PdlC-F1-20150831,1,1396144,Sedum alpestre,64.801819
CBN-PdlC-F1-20150831,2,1412857,Omalotheca supina,64.493240
CBN-PdlC-F1-20150831,3,1396253,Sibbaldia procumbens,63.869633
CBN-PdlC-F1-20160705,1,1396144,Sedum alpestre,65.914734
CBN-PdlC-F1-20160705,2,1396253,Sibbaldia procumbens,65.738052
CBN-PdlC-F1-20160705,3,1741880,Salix serpillifolia,63.452801
CBN-PdlC-F1-20160726,1,1396144,Sedum alpestre,68.954323
CBN-PdlC-F1-20160726,2,1742053,Omalotheca hoppeana,65.281883
CBN-PdlC-F1-20160726,3,1396253,Sibbaldia procumbens,65.155212
CBN-PdlC-F1-20170816,1,1396144,Sedum alpestre,64.357765
CBN-PdlC-F1-20170816,2,1392541,Gentiana brachyphylla,64.020996
CBN-PdlC-F1-20170816,3,1396253,Sibbaldia procumbens,63.134422
CBN-PdlC-F1-20170906,1,1396144,Sedum alpestre,65.686035
CBN-PdlC-F1-20170906,2,1396253,Sibbaldia procumbens,64.983192
CBN-PdlC-F1-20170906,3,1392541,Gentiana brachyphylla,64.855843
CBN-PdlC-F1-20180702,1,1396144,Sedum alpestre,65.206322
CBN-PdlC-F1-20180702,2,1396253,Sibbaldia procumbens,64.589775
CBN-PdlC-F1-20180702,3,1392541,Gentiana brachyphylla,63.754570
CBN-PdlC-F1-20180723,1,1396144,Sedum alpestre,65.537041
CBN-PdlC-F1-20180723,2,1412857,Omalotheca supina,63.682571
CBN-PdlC-F1-20180723,3,1388915,Lysimachia minima,63.077782
CBN-PdlC-F1-20180815,1,1396144,Sedum alpestre,64.087570
CBN-PdlC-F1-20180815,2,1397381,Euphrasia minima,62.994370
CBN-PdlC-F1-20180815,3,1396180,Sempervivum montanum,62.974739
CBN-PdlC-F1-20180905,1,1396253,Sibbaldia procumbens,64.686310
CBN-PdlC-F1-20180905,2,1396144,Sedum alpestre,64.641907
CBN-PdlC-F1-20180905,3,1392541,Gentiana brachyphylla,63.724850
CBN-PdlC-F1-20190701,1,1396253,Sibbaldia procumbens,63.295544
CBN-PdlC-F1-20190701,2,1396144,Sedum alpestre,63.023170
CBN-PdlC-F1-20190701,3,1392541,Gentiana brachyphylla,61.632626
CBN-PdlC-F1-20190812,1,1396253,Sibbaldia procumbens,64.353645
CBN-PdlC-F1-20190812,2,1359697,Euphrasia willkommii,61.205147
CBN-PdlC-F1-20190812,3,1388766,Botrychium simplex,61.154152
CBN-PdlC-F1-20190909,1,1396144,Sedum alpestre,64.825302
CBN-PdlC-F1-20190909,2,1394311,Oreochloa disticha,64.482430
CBN-PdlC-F1-20190909,3,1396253,Sibbaldia procumbens,63.320251
CBN-PdlC-F1-20200629,1,1396144,Sedum alpestre,65.653152
CBN-PdlC-F1-20200629,2,1392541,Gentiana brachyphylla,65.060883
CBN-PdlC-F1-20200629,3,1396253,Sibbaldia procumbens,64.947945
CBN-PdlC-F1-20200722,1,1393584,Linaria alpina,67.321175
CBN-PdlC-F1-20200722,2,1396144,Sedum alpestre,66.339485
CBN-PdlC-F1-20200722,3,1396843,Trifolium alpinum,65.644936
CBN-PdlC-F1-20200812,1,1396144,Sedum alpestre,64.525589
CBN-PdlC-F1-20200812,2,1396253,Sibbaldia procumbens,64.258804
CBN-PdlC-F1-20200812,3,1412857,Omalotheca supina,63.554977
CBN-PdlC-F2-20130723,1,1396253,Sibbaldia procumbens,65.234940
CBN-PdlC-F2-20130723,2,1397528,Cardamine bellidifolia,63.399559
CBN-PdlC-F2-20130723,3,1362273,Cardamine resedifolia,62.734741
CBN-PdlC-F2-20130807,1,1396253,Sibbaldia procumbens,64.876503
CBN-PdlC-F2-20130807,2,1412857,Omalotheca supina,64.261955
CBN-PdlC-F2-20130807,3,1362273,Cardamine resedifolia,62.385933
CBN-PdlC-F2-20130903,1,1396253,Sibbaldia procumbens,64.823372
CBN-PdlC-F2-20130903,2,1392541,Gentiana brachyphylla,64.082062
CBN-PdlC-F2-20130903,3,1412857,Omalotheca supina,63.697975
CBN-PdlC-F2-20140630,1,1392608,Geum montanum,65.351517
CBN-PdlC-F2-20140630,2,1392541,Gentiana brachyphylla,63.923122
CBN-PdlC-F2-20140630,3,1396144,Sedum alpestre,63.905319
CBN-PdlC-F2-20140721,1,1396253,Sibbaldia procumbens,65.456223
CBN-PdlC-F2-20140721,2,1742053,Omalotheca hoppeana,64.715019
CBN-PdlC-F2-20140721,3,1396144,Sedum alpestre,64.430084
CBN-PdlC-F2-20140811,1,1412857,Omalotheca supina,66.014328
CBN-PdlC-F2-20140811,2,1392541,Gentiana brachyphylla,64.850677
CBN-PdlC-F2-20140811,3,1396253,Sibbaldia procumbens,64.842934
CBN-PdlC-F2-20140901,1,1412857,Omalotheca supina,63.692059
CBN-PdlC-F2-20140901,2,1392541,Gentiana brachyphylla,63.347153
CBN-PdlC-F2-20140901,3,1396253,Sibbaldia procumbens,63.340870
CBN-PdlC-F2-20150701,1,1396253,Sibbaldia procumbens,64.953377
CBN-PdlC-F2-20150701,2,1392608,Geum montanum,64.092033
CBN-PdlC-F2-20150701,3,1397528,Cardamine bellidifolia,63.879955
CBN-PdlC-F2-20150720,1,1396253,Sibbaldia procumbens,64.772270
CBN-PdlC-F2-20150720,2,1395807,Salix herbacea,62.700481
CBN-PdlC-F2-20150720,3,1363618,Crassula multicava,61.983822
CBN-PdlC-F2-20150810,1,1412857,Omalotheca supina,65.488312
CBN-PdlC-F2-20150810,2,1742053,Omalotheca hoppeana,65.156815
CBN-PdlC-F2-20150810,3,1392608,Geum montanum,65.087250
CBN-PdlC-F2-20150831,1,1396253,Sibbaldia procumbens,63.945492
CBN-PdlC-F2-20150831,2,1395807,Salix herbacea,62.989803
CBN-PdlC-F2-20150831,3,1412857,Omalotheca supina,62.876637
CBN-PdlC-F2-20160705,1,1396253,Sibbaldia procumbens,66.220886
CBN-PdlC-F2-20160705,2,1397528,Cardamine bellidifolia,63.494194
CBN-PdlC-F2-20160705,3,1363618,Crassula multicava,62.473175
CBN-PdlC-F2-20160726,1,1392534,Gentiana acaulis,64.561104
CBN-PdlC-F2-20160726,2,1742053,Omalotheca hoppeana,64.216492
CBN-PdlC-F2-20160726,3,1396253,Sibbaldia procumbens,64.113327
CBN-PdlC-F2-20170906,1,1396253,Sibbaldia procumbens,65.059860
CBN-PdlC-F2-20170906,2,1392608,Geum montanum,64.047455
CBN-PdlC-F2-20170906,3,1396843,Trifolium alpinum,64.044975
CBN-PdlC-F2-20180702,1,1396253,Sibbaldia procumbens,64.381676
CBN-PdlC-F2-20180702,2,1412857,Omalotheca supina,62.120903
CBN-PdlC-F2-20180702,3,1742053,Omalotheca hoppeana,62.027893
CBN-PdlC-F2-20180723,1,1393584,Linaria alpina,66.372078
CBN-PdlC-F2-20180723,2,1396253,Sibbaldia procumbens,63.970406
CBN-PdlC-F2-20180723,3,1392541,Gentiana brachyphylla,62.677238
CBN-PdlC-F2-20180815,1,1396843,Trifolium alpinum,64.601173
CBN-PdlC-F2-20180815,2,1396253,Sibbaldia procumbens,64.286255
CBN-PdlC-F2-20180815,3,1742053,Omalotheca hoppeana,63.122082
CBN-PdlC-F2-20180905,1,1396253,Sibbaldia procumbens,64.560463
CBN-PdlC-F2-20180905,2,1392541,Gentiana brachyphylla,64.055084
CBN-PdlC-F2-20180905,3,1742053,Omalotheca hoppeana,63.950912
CBN-PdlC-F2-20190701,1,1392608,Geum montanum,64.378494
CBN-PdlC-F2-20190701,2,1396253,Sibbaldia procumbens,62.878292
CBN-PdlC-F2-20190701,3,1392534,Gentiana acaulis,62.852665
CBN-PdlC-F2-20190812,1,1396253,Sibbaldia procumbens,64.179604
CBN-PdlC-F2-20190812,2,1396144,Sedum alpestre,62.312344
CBN-PdlC-F2-20190812,3,1394911,Primula integrifolia,61.914597
CBN-PdlC-F2-20190909,1,1389658,Pilosella breviscapa,65.221436
CBN-PdlC-F2-20190909,2,1396253,Sibbaldia procumbens,64.924271
CBN-PdlC-F2-20190909,3,1396144,Sedum alpestre,64.064293
CBN-PdlC-F2-20200629,1,1396253,Sibbaldia procumbens,65.367409
CBN-PdlC-F2-20200629,2,1396144,Sedum alpestre,64.815392
CBN-PdlC-F2-20200629,3,1393584,Linaria alpina,63.669167
CBN-PdlC-F2-20200722,1,1396144,Sedum alpestre,66.236511
CBN-PdlC-F2-20200722,2,1392534,Gentiana acaulis,64.173080
CBN-PdlC-F2-20200722,3,1412857,Omalotheca supina,63.752419
CBN-PdlC-F2-20200812,1,1397381,Euphrasia minima,64.131607
CBN-PdlC-F2-20200812,2,1359697,Euphrasia willkommii,63.715042
CBN-PdlC-F2-20200812,3,1396144,Sedum alpestre,63.465919
CBN-PdlC-F3-20130723,1,1393200,Homogyne alpina,63.253468
CBN-PdlC-F3-20130723,2,1396253,Sibbaldia procumbens,62.982933
CBN-PdlC-F3-20130723,3,1393584,Linaria alpina,61.915924
CBN-PdlC-F3-20130807,1,1392608,Geum montanum,64.559593
CBN-PdlC-F3-20130807,2,1396253,Sibbaldia procumbens,64.524277
CBN-PdlC-F3-20130807,3,1360299,Geum sylvaticum,61.653595
CBN-PdlC-F3-20130903,1,1393200,Homogyne alpina,64.249161
CBN-PdlC-F3-20130903,2,1392608,Geum montanum,63.952709
CBN-PdlC-F3-20130903,3,1360748,Hydrocotyle vulgaris,63.388000
CBN-PdlC-F3-20140630,1,1392608,Geum montanum,66.053703
CBN-PdlC-F3-20140630,2,1392611,Geum pyrenaicum,60.323051
CBN-PdlC-F3-20140630,3,1396144,Sedum alpestre,59.868950
CBN-PdlC-F3-20140721,1,1392608,Geum montanum,63.694496
CBN-PdlC-F3-20140721,2,1397528,Cardamine bellidifolia,63.017769
CBN-PdlC-F3-20140721,3,1396253,Sibbaldia procumbens,62.450378
CBN-PdlC-F3-20140811,1,1392608,Geum montanum,66.550499
CBN-PdlC-F3-20140811,2,1393200,Homogyne alpina,65.951973
CBN-PdlC-F3-20140811,3,1395807,Salix herbacea,64.816521
CBN-PdlC-F3-20140901,1,1397381,Euphrasia minima,62.575191
CBN-PdlC-F3-20140901,2,1396253,Sibbaldia procumbens,62.446014
CBN-PdlC-F3-20140901,3,1392608,Geum montanum,61.952473
CBN-PdlC-F3-20150701,1,1392608,Geum montanum,64.870392
CBN-PdlC-F3-20150701,2,1397528,Cardamine bellidifolia,64.817299
CBN-PdlC-F3-20150701,3,1393584,Linaria alpina,64.408318
CBN-PdlC-F3-20150720,1,1392608,Geum montanum,65.849945
CBN-PdlC-F3-20150720,2,1396253,Sibbaldia procumbens,61.856110
CBN-PdlC-F3-20150720,3,1397386,Festuca scabriculmis,61.662643
CBN-PdlC-F3-20150810,1,1392608,Geum montanum,65.374817
CBN-PdlC-F3-20150810,2,1395807,Salix herbacea,62.830769
CBN-PdlC-F3-20150810,3,1396253,Sibbaldia procumbens,62.576656
CBN-PdlC-F3-20150831,1,1392608,Geum montanum,64.635994
CBN-PdlC-F3-20150831,2,1742053,Omalotheca hoppeana,64.133369
CBN-PdlC-F3-20150831,3,1396253,Sibbaldia procumbens,63.431824
CBN-PdlC-F3-20160705,1,1393659,Luzula alpina,66.736435
CBN-PdlC-F3-20160705,2,1412857,Omalotheca supina,63.681976
CBN-PdlC-F3-20160705,3,1361592,Luzula campestris,63.494614
CBN-PdlC-F3-20160726,1,1392608,Geum montanum,63.149551
CBN-PdlC-F3-20160726,2,1359508,Trifolium montanum,61.876114
CBN-PdlC-F3-20160726,3,1395807,Salix herbacea,61.781551
CBN-PdlC-F3-20170816,1,1396253,Sibbaldia procumbens,61.248657
CBN-PdlC-F3-20170816,2,1392608,Geum montanum,61.242397
CBN-PdlC-F3-20170816,3,1397381,Euphrasia minima,59.854759
CBN-PdlC-F3-20170906,1,1392608,Geum montanum,62.824505
CBN-PdlC-F3-20170906,2,1393200,Homogyne alpina,61.960468
CBN-PdlC-F3-20170906,3,1395807,Salix herbacea,61.443668
CBN-PdlC-F3-20180702,1,1393200,Homogyne alpina,63.144295
CBN-PdlC-F3-20180702,2,1363543,Stenotaphrum secundatum,62.915367
CBN-PdlC-F3-20180702,3,1396253,Sibbaldia procumbens,62.295937
CBN-PdlC-F3-20180723,1,1392608,Geum montanum,63.527271
CBN-PdlC-F3-20180723,2,1412857,Omalotheca supina,63.525982
CBN-PdlC-F3-20180723,3,1392534,Gentiana acaulis,63.320801
CBN-PdlC-F3-20180815,1,1394311,Oreochloa disticha,62.480522
CBN-PdlC-F3-20180815,2,1397381,Euphrasia minima,62.275215
CBN-PdlC-F3-20180815,3,1392608,Geum montanum,60.995972
CBN-PdlC-F3-20180905,1,1392608,Geum montanum,63.436768
CBN-PdlC-F3-20180905,2,1393200,Homogyne alpina,62.701458
CBN-PdlC-F3-20180905,3,1396253,Sibbaldia procumbens,62.068596
CBN-PdlC-F3-20190701,1,1393659,Luzula alpina,64.122704
CBN-PdlC-F3-20190701,2,1393200,Homogyne alpina,62.943695
CBN-PdlC-F3-20190701,3,1359750,Oxalis acetosella,62.092216
CBN-PdlC-F3-20190722,1,1393659,Luzula alpina,64.537529
CBN-PdlC-F3-20190722,2,1395807,Salix herbacea,63.799751
CBN-PdlC-F3-20190722,3,1392608,Geum montanum,63.442543
CBN-PdlC-F3-20190812,1,1392608,Geum montanum,63.850945
CBN-PdlC-F3-20190812,2,1396253,Sibbaldia procumbens,63.848602
CBN-PdlC-F3-20190812,3,1395807,Salix herbacea,63.181118
CBN-PdlC-F3-20190909,1,1396253,Sibbaldia procumbens,63.447914
CBN-PdlC-F3-20190909,2,1395807,Salix herbacea,63.063225
CBN-PdlC-F3-20190909,3,1392608,Geum montanum,62.464073
CBN-PdlC-F3-20200629,1,1392608,Geum montanum,67.512100
CBN-PdlC-F3-20200629,2,1393200,Homogyne alpina,65.813660
CBN-PdlC-F3-20200629,3,1397430,Luzula sylvatica,64.938721
CBN-PdlC-F3-20200722,1,1392608,Geum montanum,64.693436
CBN-PdlC-F3-20200722,2,1361592,Luzula campestris,63.258347
CBN-PdlC-F3-20200722,3,1395807,Salix herbacea,63.113152
CBN-PdlC-F3-20200812,1,1395807,Salix herbacea,63.201252
CBN-PdlC-F3-20200812,2,1396253,Sibbaldia procumbens,62.059521
CBN-PdlC-F3-20200812,3,1397381,Euphrasia minima,62.021378
CBN-PdlC-F4-20130723,1,1393200,Homogyne alpina,66.939331
CBN-PdlC-F4-20130723,2,1396253,Sibbaldia procumbens,64.410385
CBN-PdlC-F4-20130723,3,1392608,Geum montanum,63.093994
CBN-PdlC-F4-20130807,1,1392608,Geum montanum,64.865067
CBN-PdlC-F4-20130807,2,1396843,Trifolium alpinum,64.229630
CBN-PdlC-F4-20130807,3,1393200,Homogyne alpina,63.218708
CBN-PdlC-F4-20130903,1,1394542,Phyteuma hemisphaericum,69.513824
CBN-PdlC-F4-20130903,2,1393200,Homogyne alpina,65.457870
CBN-PdlC-F4-20130903,3,1392608,Geum montanum,64.628952
CBN-PdlC-F4-20140630,1,1393200,Homogyne alpina,68.266479
CBN-PdlC-F4-20140630,2,1392608,Geum montanum,65.943497
CBN-PdlC-F4-20140630,3,1396253,Sibbaldia procumbens,63.146637
CBN-PdlC-F4-20140811,1,1393200,Homogyne alpina,68.044266
CBN-PdlC-F4-20140811,2,1392608,Geum montanum,65.662369
CBN-PdlC-F4-20140811,3,1395807,Salix herbacea,64.602219
CBN-PdlC-F4-20140901,1,1392608,Geum montanum,63.909100
CBN-PdlC-F4-20140901,2,1393200,Homogyne alpina,63.835777
CBN-PdlC-F4-20140901,3,1396253,Sibbaldia procumbens,63.784012
CBN-PdlC-F4-20150701,1,1393200,Homogyne alpina,65.745476
CBN-PdlC-F4-20150701,2,1392608,Geum montanum,65.312950
CBN-PdlC-F4-20150701,3,1361592,Luzula campestris,63.731544
CBN-PdlC-F4-20150720,1,1393659,Luzula alpina,64.756508
CBN-PdlC-F4-20150720,2,1392608,Geum montanum,64.135330
CBN-PdlC-F4-20150720,3,1396253,Sibbaldia procumbens,63.921402
CBN-PdlC-F4-20150810,1,1393200,Homogyne alpina,66.049728
CBN-PdlC-F4-20150810,2,1392608,Geum montanum,65.242264
CBN-PdlC-F4-20150810,3,1361141,Agrostis rupestris,64.360992
CBN-PdlC-F4-20150831,1,1393200,Homogyne alpina,67.794289
CBN-PdlC-F4-20150831,2,1392608,Geum montanum,64.516556
CBN-PdlC-F4-20150831,3,1396253,Sibbaldia procumbens,64.089058
CBN-PdlC-F4-20160705,1,1392608,Geum montanum,66.523109
CBN-PdlC-F4-20160705,2,1393200,Homogyne alpina,66.097374
CBN-PdlC-F4-20160705,3,1397430,Luzula sylvatica,65.681137
CBN-PdlC-F4-20160726,1,1392608,Geum montanum,65.931129
CBN-PdlC-F4-20160726,2,1396253,Sibbaldia procumbens,63.588779
CBN-PdlC-F4-20160726,3,1397430,Luzula sylvatica,63.015236
CBN-PdlC-F4-20170816,1,1396253,Sibbaldia procumbens,63.093872
CBN-PdlC-F4-20170816,2,1392608,Geum montanum,62.778305
CBN-PdlC-F4-20170816,3,1393200,Homogyne alpina,61.930420
CBN-PdlC-F4-20170906,1,1393200,Homogyne alpina,63.834648
CBN-PdlC-F4-20170906,2,1396253,Sibbaldia procumbens,62.592537
CBN-PdlC-F4-20170906,3,1396843,Trifolium alpinum,61.368324
CBN-PdlC-F4-20180702,1,1393200,Homogyne alpina,65.829849
CBN-PdlC-F4-20180702,2,1392608,Geum montanum,64.895081
CBN-PdlC-F4-20180702,3,1392541,Gentiana brachyphylla,64.210793
CBN-PdlC-F4-20180723,1,1393200,Homogyne alpina,65.862625
CBN-PdlC-F4-20180723,2,1392608,Geum montanum,64.912117
CBN-PdlC-F4-20180723,3,1396843,Trifolium alpinum,62.810074
CBN-PdlC-F4-20180815,1,1392608,Geum montanum,65.321625
CBN-PdlC-F4-20180815,2,1396253,Sibbaldia procumbens,64.783379
CBN-PdlC-F4-20180815,3,1393200,Homogyne alpina,64.559769
CBN-PdlC-F4-20180905,1,1392608,Geum montanum,64.090576
CBN-PdlC-F4-20180905,2,1396253,Sibbaldia procumbens,63.537987
CBN-PdlC-F4-20180905,3,1393200,Homogyne alpina,62.963913
CBN-PdlC-F4-20190701,1,1393200,Homogyne alpina,67.660484
CBN-PdlC-F4-20190701,2,1392608,Geum montanum,65.786461
CBN-PdlC-F4-20190701,3,1392612,Geum reptans,65.026703
CBN-PdlC-F4-20190722,1,1393200,Homogyne alpina,65.863701
CBN-PdlC-F4-20190722,2,1396843,Trifolium alpinum,65.353180
CBN-PdlC-F4-20190722,3,1392608,Geum montanum,64.873192
CBN-PdlC-F4-20190812,1,1392608,Geum montanum,64.092484
CBN-PdlC-F4-20190812,2,1396253,Sibbaldia procumbens,63.444431
CBN-PdlC-F4-20190812,3,1397386,Festuca scabriculmis,62.913712
CBN-PdlC-F4-20190909,1,1393200,Homogyne alpina,65.294189
CBN-PdlC-F4-20190909,2,1392608,Geum montanum,64.673264
CBN-PdlC-F4-20190909,3,1396843,Trifolium alpinum,62.217171
CBN-PdlC-F4-20200629,1,1393200,Homogyne alpina,66.792801
CBN-PdlC-F4-20200629,2,1392608,Geum montanum,64.865250
CBN-PdlC-F4-20200629,3,1396253,Sibbaldia procumbens,63.470894
CBN-PdlC-F4-20200722,1,1392608,Geum montanum,64.820190
CBN-PdlC-F4-20200722,2,1393200,Homogyne alpina,64.155151
CBN-PdlC-F4-20200722,3,1396843,Trifolium alpinum,63.143463
CBN-PdlC-F4-20200812,1,1392608,Geum montanum,65.971283
CBN-PdlC-F4-20200812,2,1393200,Homogyne alpina,64.650269
CBN-PdlC-F4-20200812,3,1396253,Sibbaldia procumbens,63.156845
CBN-PdlC-F5-20130723,1,1396253,Sibbaldia procumbens,63.906662
CBN-PdlC-F5-20130723,2,1392608,Geum montanum,61.552841
CBN-PdlC-F5-20130723,3,1396843,Trifolium alpinum,60.100742
CBN-PdlC-F5-20130903,1,1392608,Geum montanum,64.298210
CBN-PdlC-F5-20130903,2,1396253,Sibbaldia procumbens,63.173073
CBN-PdlC-F5-20130903,3,1394311,Oreochloa disticha,61.626690
CBN-PdlC-F5-20140630,1,1396253,Sibbaldia procumbens,64.267212
CBN-PdlC-F5-20140630,2,1392608,Geum montanum,62.598602
CBN-PdlC-F5-20140630,3,1390837,Carex humilis,61.866638
CBN-PdlC-F5-20140721,1,1392608,Geum montanum,66.134033
CBN-PdlC-F5-20140721,2,1392611,Geum pyrenaicum,65.172211
CBN-PdlC-F5-20140721,3,1396253,Sibbaldia procumbens,65.080406
CBN-PdlC-F5-20140811,1,1392608,Geum montanum,65.087875
CBN-PdlC-F5-20140811,2,1396253,Sibbaldia procumbens,64.588280
CBN-PdlC-F5-20140811,3,1396843,Trifolium alpinum,64.578064
CBN-PdlC-F5-20150701,1,1392608,Geum montanum,66.758553
CBN-PdlC-F5-20150701,2,1394311,Oreochloa disticha,66.481895
CBN-PdlC-F5-20150701,3,1396253,Sibbaldia procumbens,64.987579
CBN-PdlC-F5-20150720,1,1394542,Phyteuma hemisphaericum,65.680099
CBN-PdlC-F5-20150720,2,1392608,Geum montanum,65.284592
CBN-PdlC-F5-20150720,3,1396253,Sibbaldia procumbens,64.076172
CBN-PdlC-F5-20150810,1,1392608,Geum montanum,65.486465
CBN-PdlC-F5-20150810,2,1396253,Sibbaldia procumbens,64.809608
CBN-PdlC-F5-20150810,3,1396843,Trifolium alpinum,63.223831
CBN-PdlC-F5-20150831,1,1396253,Sibbaldia procumbens,64.166824
CBN-PdlC-F5-20150831,2,1396843,Trifolium alpinum,63.612724
CBN-PdlC-F5-20150831,3,1394311,Oreochloa disticha,63.156929
CBN-PdlC-F5-20160705,1,1392608,Geum montanum,64.555557
CBN-PdlC-F5-20160705,2,1396253,Sibbaldia procumbens,63.968735
CBN-PdlC-F5-20160705,3,1396843,Trifolium alpinum,63.115009
CBN-PdlC-F5-20160726,1,1361367,Poa alpina,63.976501
CBN-PdlC-F5-20160726,2,1392608,Geum montanum,63.524643
CBN-PdlC-F5-20160726,3,1396843,Trifolium alpinum,63.045818
CBN-PdlC-F5-20170816,1,1396253,Sibbaldia procumbens,64.272835
CBN-PdlC-F5-20170816,2,1396843,Trifolium alpinum,62.958008
CBN-PdlC-F5-20170816,3,1394311,Oreochloa disticha,62.445457
CBN-PdlC-F5-20170906,1,1396253,Sibbaldia procumbens,64.133987
CBN-PdlC-F5-20170906,2,1392608,Geum montanum,62.658474
CBN-PdlC-F5-20170906,3,1396843,Trifolium alpinum,61.680038
CBN-PdlC-F5-20180702,1,1396253,Sibbaldia procumbens,64.959290
CBN-PdlC-F5-20180702,2,1392608,Geum montanum,63.637833
CBN-PdlC-F5-20180702,3,1392541,Gentiana brachyphylla,62.854378
CBN-PdlC-F5-20180723,1,1392608,Geum montanum,66.614029
CBN-PdlC-F5-20180723,2,1396253,Sibbaldia procumbens,64.171921
CBN-PdlC-F5-20180723,3,1396843,Trifolium alpinum,62.714863
CBN-PdlC-F5-20180815,1,1396253,Sibbaldia procumbens,62.795071
CBN-PdlC-F5-20180815,2,1390793,Carex curvula,62.435879
CBN-PdlC-F5-20180815,3,1396843,Trifolium alpinum,62.063862
CBN-PdlC-F5-20180905,1,1396253,Sibbaldia procumbens,64.399506
CBN-PdlC-F5-20180905,2,1392608,Geum montanum,62.534447
CBN-PdlC-F5-20180905,3,1396843,Trifolium alpinum,61.949814
CBN-PdlC-F5-20190722,1,1392608,Geum montanum,66.698746
CBN-PdlC-F5-20190722,2,1396843,Trifolium alpinum,64.212059
CBN-PdlC-F5-20190722,3,1390793,Carex curvula,63.106773
CBN-PdlC-F5-20190812,1,1392608,Geum montanum,64.885910
CBN-PdlC-F5-20190812,2,1396253,Sibbaldia procumbens,62.414909
CBN-PdlC-F5-20190812,3,1392611,Geum pyrenaicum,62.270203
CBN-PdlC-F5-20190909,1,1397386,Festuca scabriculmis,64.314270
CBN-PdlC-F5-20190909,2,1396253,Sibbaldia procumbens,63.940773
CBN-PdlC-F5-20190909,3,1390793,Carex curvula,62.307564
CBN-PdlC-F5-20200629,1,1392608,Geum montanum,65.427414
CBN-PdlC-F5-20200629,2,1396253,Sibbaldia procumbens,64.434853
CBN-PdlC-F5-20200629,3,1390793,Carex curvula,61.852413
CBN-PdlC-F5-20200722,1,1396843,Trifolium alpinum,64.297455
CBN-PdlC-F5-20200722,2,1392608,Geum montanum,64.102051
CBN-PdlC-F5-20200722,3,1390793,Carex curvula,63.363583
CBN-PdlC-F5-20200812,1,1390793,Carex curvula,63.961861
CBN-PdlC-F5-20200812,2,1396843,Trifolium alpinum,63.243114
CBN-PdlC-F5-20200812,3,1396253,Sibbaldia procumbens,63.234318
CBN-PdlC-F6-20130723,1,1396843,Trifolium alpinum,63.381496
CBN-PdlC-F6-20130723,2,1390793,Carex curvula,62.129333
CBN-PdlC-F6-20130723,3,1393200,Homogyne alpina,60.911003
CBN-PdlC-F6-20130807,1,1390793,Carex curvula,64.086693
CBN-PdlC-F6-20130807,2,1393200,Homogyne alpina,62.786736
CBN-PdlC-F6-20130807,3,1396843,Trifolium alpinum,62.243919
CBN-PdlC-F6-20130903,1,1390793,Carex curvula,68.406357
CBN-PdlC-F6-20130903,2,1393200,Homogyne alpina,64.192795
CBN-PdlC-F6-20130903,3,1396843,Trifolium alpinum,62.753670
CBN-PdlC-F6-20140630,1,1390793,Carex curvula,62.010006
CBN-PdlC-F6-20140630,2,1390761,Carex arenaria,61.522366
CBN-PdlC-F6-20140630,3,1397279,Alchemilla alpina,60.051662
CBN-PdlC-F6-20140721,1,1393200,Homogyne alpina,64.565681
CBN-PdlC-F6-20140721,2,1390793,Carex curvula,64.563705
CBN-PdlC-F6-20140721,3,1392534,Gentiana acaulis,64.241974
CBN-PdlC-F6-20140811,1,1393200,Homogyne alpina,67.976830
CBN-PdlC-F6-20140811,2,1392535,Gentiana alpina,65.205025
CBN-PdlC-F6-20140811,3,1396843,Trifolium alpinum,64.709625
CBN-PdlC-F6-20150701,1,1393200,Homogyne alpina,67.966911
CBN-PdlC-F6-20150701,2,1392535,Gentiana alpina,64.840225
CBN-PdlC-F6-20150701,3,1396843,Trifolium alpinum,63.069847
CBN-PdlC-F6-20150720,1,1394542,Phyteuma hemisphaericum,64.147614
CBN-PdlC-F6-20150720,2,1392608,Geum montanum,63.883102
CBN-PdlC-F6-20150720,3,1396843,Trifolium alpinum,62.887199
CBN-PdlC-F6-20150810,1,1396843,Trifolium alpinum,65.305000
CBN-PdlC-F6-20150810,2,1392608,Geum montanum,63.682732
CBN-PdlC-F6-20150810,3,1393200,Homogyne alpina,63.086044
CBN-PdlC-F6-20150831,1,1392608,Geum montanum,65.806389
CBN-PdlC-F6-20150831,2,1390793,Carex curvula,64.276962
CBN-PdlC-F6-20150831,3,1396843,Trifolium alpinum,63.549431
CBN-PdlC-F6-20160705,1,1397528,Cardamine bellidifolia,64.593071
CBN-PdlC-F6-20160705,2,1396843,Trifolium alpinum,63.470787
CBN-PdlC-F6-20160705,3,1393200,Homogyne alpina,63.174126
CBN-PdlC-F6-20160726,1,1392534,Gentiana acaulis,66.533417
CBN-PdlC-F6-20160726,2,1392608,Geum montanum,66.166718
CBN-PdlC-F6-20160726,3,1396843,Trifolium alpinum,64.364746
CBN-PdlC-F6-20170816,1,1393200,Homogyne alpina,67.340515
CBN-PdlC-F6-20170816,2,1392608,Geum montanum,65.410118
CBN-PdlC-F6-20170816,3,1392534,Gentiana acaulis,65.041878
CBN-PdlC-F6-20170906,1,1392608,Geum montanum,64.526321
CBN-PdlC-F6-20170906,2,1393200,Homogyne alpina,63.885662
CBN-PdlC-F6-20170906,3,1396843,Trifolium alpinum,62.375858
CBN-PdlC-F6-20180702,1,1390793,Carex curvula,62.018486
CBN-PdlC-F6-20180702,2,1396843,Trifolium alpinum,61.091721
CBN-PdlC-F6-20180702,3,1393200,Homogyne alpina,60.855675
CBN-PdlC-F6-20180723,1,1396843,Trifolium alpinum,64.331345
CBN-PdlC-F6-20180723,2,1390793,Carex curvula,62.079880
CBN-PdlC-F6-20180723,3,1392534,Gentiana acaulis,62.032429
CBN-PdlC-F6-20180815,1,1393200,Homogyne alpina,63.671677
CBN-PdlC-F6-20180815,2,1396843,Trifolium alpinum,61.515915
CBN-PdlC-F6-20180815,3,1396253,Sibbaldia procumbens,61.173405
CBN-PdlC-F6-20180905,1,1393200,Homogyne alpina,69.147049
CBN-PdlC-F6-20180905,2,1396843,Trifolium alpinum,63.165497
CBN-PdlC-F6-20180905,3,1363543,Stenotaphrum secundatum,60.856884
CBN-PdlC-F6-20190722,1,1396843,Trifolium alpinum,64.606567
CBN-PdlC-F6-20190722,2,1390793,Carex curvula,64.466843
CBN-PdlC-F6-20190722,3,1392608,Geum montanum,64.364395
CBN-PdlC-F6-20190812,1,1392608,Geum montanum,65.406830
CBN-PdlC-F6-20190812,2,1391706,Dianthus pavonius,63.262917
CBN-PdlC-F6-20190812,3,1392612,Geum reptans,62.758743
CBN-PdlC-F6-20190909,1,1390793,Carex curvula,65.031181
CBN-PdlC-F6-20190909,2,1394311,Oreochloa disticha,64.737297
CBN-PdlC-F6-20190909,3,1396843,Trifolium alpinum,63.583130
CBN-PdlC-F6-20200629,1,1392608,Geum montanum,65.135475
CBN-PdlC-F6-20200629,2,1393200,Homogyne alpina,63.873398
CBN-PdlC-F6-20200629,3,1390793,Carex curvula,63.027832
CBN-PdlC-F6-20200722,1,1393200,Homogyne alpina,67.247833
CBN-PdlC-F6-20200722,2,1390793,Carex curvula,65.797852
CBN-PdlC-F6-20200722,3,1392534,Gentiana acaulis,65.723312
CBN-PdlC-F6-20200812,1,1390793,Carex curvula,66.264740
CBN-PdlC-F6-20200812,2,1393200,Homogyne alpina,65.495285
CBN-PdlC-F6-20200812,3,1392534,Gentiana acaulis,64.803200
CBN-Pla-A1-20130808,1,1396253,Sibbaldia procumbens,64.462067
CBN-Pla-A1-20130808,2,1397475,Rhododendron ferrugineum,64.447220
CBN-Pla-A1-20130808,3,1395807,Salix herbacea,63.565372
CBN-Pla-A1-20130904,1,1397475,Rhododendron ferrugineum,64.244858
CBN-Pla-A1-20130904,2,1395870,Salix retusa,62.594391
CBN-Pla-A1-20130904,3,1396253,Sibbaldia procumbens,62.517540
CBN-Pla-A1-20140722,1,1397475,Rhododendron ferrugineum,64.450233
CBN-Pla-A1-20140722,2,1395949,Saxifraga bryoides,63.288147
CBN-Pla-A1-20140722,3,1396253,Sibbaldia procumbens,62.226387
CBN-Pla-A1-20140812,1,1397475,Rhododendron ferrugineum,64.686485
CBN-Pla-A1-20140812,2,1400176,Bistorta vivipara,64.440506
CBN-Pla-A1-20140812,3,1396253,Sibbaldia procumbens,64.196251
CBN-Pla-A1-20140902,1,1397475,Rhododendron ferrugineum,62.959419
CBN-Pla-A1-20140902,2,1392241,Alchemilla pentaphyllea,62.388405
CBN-Pla-A1-20140902,3,1400176,Bistorta vivipara,61.418423
CBN-Pla-A1-20150702,1,1397475,Rhododendron ferrugineum,64.518219
CBN-Pla-A1-20150702,2,1396253,Sibbaldia procumbens,61.552696
CBN-Pla-A1-20150702,3,1412857,Omalotheca supina,59.187523
CBN-Pla-A1-20150723,1,1397475,Rhododendron ferrugineum,63.856117
CBN-Pla-A1-20150723,2,1396253,Sibbaldia procumbens,62.398167
CBN-Pla-A1-20150723,3,1395807,Salix herbacea,62.061546
CBN-Pla-A1-20150811,1,1397475,Rhododendron ferrugineum,64.162949
CBN-Pla-A1-20150811,2,1394311,Oreochloa disticha,64.139053
CBN-Pla-A1-20150811,3,1400176,Bistorta vivipara,63.638573
CBN-Pla-A1-20150901,1,1400176,Bistorta vivipara,66.454124
CBN-Pla-A1-20150901,2,1397475,Rhododendron ferrugineum,64.465652
CBN-Pla-A1-20150901,3,1396253,Sibbaldia procumbens,64.339478
CBN-Pla-A1-20160707,1,1397475,Rhododendron ferrugineum,63.340019
CBN-Pla-A1-20160707,2,1396253,Sibbaldia procumbens,62.125416
CBN-Pla-A1-20160707,3,1742052,Leontopodium nivale,59.908577
CBN-Pla-A1-20160728,1,1741880,Salix serpillifolia,63.917976
CBN-Pla-A1-20160728,2,1397475,Rhododendron ferrugineum,63.743374
CBN-Pla-A1-20160728,3,1396253,Sibbaldia procumbens,62.714245
CBN-Pla-A1-20180724,1,1397475,Rhododendron ferrugineum,64.462936
CBN-Pla-A1-20180724,2,1394643,Antennaria dioica,60.433964
CBN-Pla-A1-20180724,3,1397279,Alchemilla alpina,58.498043
CBN-Pla-A1-20180816,1,1397475,Rhododendron ferrugineum,64.693756
CBN-Pla-A1-20180816,2,1396253,Sibbaldia procumbens,63.382374
CBN-Pla-A1-20180816,3,1400176,Bistorta vivipara,62.670498
CBN-Pla-A1-20180906,1,1397475,Rhododendron ferrugineum,62.091827
CBN-Pla-A1-20180906,2,1395807,Salix herbacea,60.714359
CBN-Pla-A1-20180906,3,1412857,Omalotheca supina,60.488541
CBN-Pla-A1-20190723,1,1396253,Sibbaldia procumbens,62.655586
CBN-Pla-A1-20190723,2,1400176,Bistorta vivipara,62.433376
CBN-Pla-A1-20190723,3,1395870,Salix retusa,62.177479
CBN-Pla-A1-20190814,1,1397475,Rhododendron ferrugineum,63.481709
CBN-Pla-A1-20190814,2,1396253,Sibbaldia procumbens,62.410210
CBN-Pla-A1-20190814,3,1395807,Salix herbacea,62.403625
CBN-Pla-A1-20200630,1,1400182,Bolboschoenus planiculmis,56.688374
CBN-Pla-A1-20200630,2,1366028,Utricularia subulata,55.437035
CBN-Pla-A1-20200630,3,1737685,Carex subviridula,52.749512
CBN-Pla-A1-20200723,1,1397475,Rhododendron ferrugineum,64.966316
CBN-Pla-A1-20200723,2,1400176,Bistorta vivipara,64.850555
CBN-Pla-A1-20200723,3,1742053,Omalotheca hoppeana,64.349709
CBN-Pla-A1-20200814,1,1412857,Omalotheca supina,66.781647
CBN-Pla-A1-20200814,2,1392552,Gentiana nivalis,66.563789
CBN-Pla-A1-20200814,3,1394311,Oreochloa disticha,64.986488
CBN-Pla-A2-20130724,1,1396015,Saxifraga moschata,60.173950
CBN-Pla-A2-20130724,2,1397549,Saxifraga paniculata,58.724651
CBN-Pla-A2-20130724,3,1390793,Carex curvula,57.769417
CBN-Pla-A2-20130808,1,1395807,Salix herbacea,63.029976
CBN-Pla-A2-20130808,2,1396015,Saxifraga moschata,62.151047
CBN-Pla-A2-20130808,3,1396253,Sibbaldia procumbens,61.372276
CBN-Pla-A2-20130904,1,1396015,Saxifraga moschata,64.933380
CBN-Pla-A2-20130904,2,1395973,Saxifraga exarata,64.177139
CBN-Pla-A2-20130904,3,1395807,Salix herbacea,62.797703
CBN-Pla-A2-20140722,1,1396015,Saxifraga moschata,63.730667
CBN-Pla-A2-20140722,2,1395949,Saxifraga bryoides,63.249588
CBN-Pla-A2-20140722,3,1395973,Saxifraga exarata,61.885849
CBN-Pla-A2-20140812,1,1396144,Sedum alpestre,65.496819
CBN-Pla-A2-20140812,2,1395949,Saxifraga bryoides,63.926163
CBN-Pla-A2-20140812,3,1412857,Omalotheca supina,63.669685
CBN-Pla-A2-20140902,1,1395949,Saxifraga bryoides,66.121674
CBN-Pla-A2-20140902,2,1396015,Saxifraga moschata,64.587570
CBN-Pla-A2-20140902,3,1395973,Saxifraga exarata,63.167843
CBN-Pla-A2-20150702,1,1412857,Omalotheca supina,62.834442
CBN-Pla-A2-20150702,2,1396253,Sibbaldia procumbens,62.643684
CBN-Pla-A2-20150702,3,1396015,Saxifraga moschata,62.100830
CBN-Pla-A2-20150723,1,1396015,Saxifraga moschata,64.337479
CBN-Pla-A2-20150723,2,1742053,Omalotheca hoppeana,63.205875
CBN-Pla-A2-20150723,3,1395807,Salix herbacea,62.524677
CBN-Pla-A2-20150811,1,1392552,Gentiana nivalis,66.069328
CBN-Pla-A2-20150811,2,1396015,Saxifraga moschata,65.147316
CBN-Pla-A2-20150811,3,1742053,Omalotheca hoppeana,64.923355
CBN-Pla-A2-20150901,1,1396015,Saxifraga moschata,66.108177
CBN-Pla-A2-20150901,2,1392552,Gentiana nivalis,65.943710
CBN-Pla-A2-20150901,3,1412857,Omalotheca supina,64.533600
CBN-Pla-A2-20160707,1,1396015,Saxifraga moschata,64.818520
CBN-Pla-A2-20160707,2,1395949,Saxifraga bryoides,62.502998
CBN-Pla-A2-20160707,3,1396253,Sibbaldia procumbens,62.436653
CBN-Pla-A2-20160728,1,1394643,Antennaria dioica,64.426811
CBN-Pla-A2-20160728,2,1742053,Omalotheca hoppeana,63.151680
CBN-Pla-A2-20160728,3,1412857,Omalotheca supina,62.363243
CBN-Pla-A2-20180724,1,1396180,Sempervivum montanum,64.286736
CBN-Pla-A2-20180724,2,1396018,Saxifraga oppositifolia,63.133072
CBN-Pla-A2-20180724,3,1395949,Saxifraga bryoides,61.985313
CBN-Pla-A2-20180816,1,1412857,Omalotheca supina,65.335892
CBN-Pla-A2-20180816,2,1396015,Saxifraga moschata,63.765102
CBN-Pla-A2-20180816,3,1396253,Sibbaldia procumbens,63.155960
CBN-Pla-A2-20180906,1,1396015,Saxifraga moschata,65.496887
CBN-Pla-A2-20180906,2,1742053,Omalotheca hoppeana,64.135315
CBN-Pla-A2-20180906,3,1395949,Saxifraga bryoides,64.116241
CBN-Pla-A2-20190723,1,1742053,Omalotheca hoppeana,65.232880
CBN-Pla-A2-20190723,2,1412857,Omalotheca supina,64.587227
CBN-Pla-A2-20190723,3,1396253,Sibbaldia procumbens,62.470284
CBN-Pla-A2-20190814,1,1396144,Sedum alpestre,64.947800
CBN-Pla-A2-20190814,2,1396015,Saxifraga moschata,64.321243
CBN-Pla-A2-20190814,3,1396253,Sibbaldia procumbens,63.505783
CBN-Pla-A2-20200723,1,1412857,Omalotheca supina,64.835030
CBN-Pla-A2-20200723,2,1397043,Veronica alpina,63.943085
CBN-Pla-A2-20200723,3,1742053,Omalotheca hoppeana,63.722618
CBN-Pla-A2-20200814,1,1742053,Omalotheca hoppeana,67.384598
CBN-Pla-A2-20200814,2,1412857,Omalotheca supina,66.452431
CBN-Pla-A2-20200814,3,1396015,Saxifraga moschata,66.262810
CBN-Pla-A3-20130724,1,1392534,Gentiana acaulis,59.670311
CBN-Pla-A3-20130724,2,1418688,Arctous alpina,58.542603
CBN-Pla-A3-20130724,3,1399800,Pinguicula nevadensis,58.104652
CBN-Pla-A3-20130808,1,1396253,Sibbaldia procumbens,64.127518
CBN-Pla-A3-20130808,2,1395807,Salix herbacea,62.361618
CBN-Pla-A3-20130808,3,1412857,Omalotheca supina,62.036316
CBN-Pla-A3-20130904,1,1741880,Salix serpillifolia,62.857056
CBN-Pla-A3-20130904,2,1412857,Omalotheca supina,62.695900
CBN-Pla-A3-20130904,3,1397046,Veronica bellidioides,62.172565
CBN-Pla-A3-20140722,1,1396144,Sedum alpestre,61.653374
CBN-Pla-A3-20140722,2,1390793,Carex curvula,60.037247
CBN-Pla-A3-20140722,3,1390955,Carpobrotus glaucescens,58.973232
CBN-Pla-A3-20140812,1,1395807,Salix herbacea,63.253582
CBN-Pla-A3-20140812,2,1396843,Trifolium alpinum,62.757000
CBN-Pla-A3-20140812,3,1394542,Phyteuma hemisphaericum,62.669273
CBN-Pla-A3-20140902,1,1361367,Poa alpina,63.395878
CBN-Pla-A3-20140902,2,1395807,Salix herbacea,62.144806
CBN-Pla-A3-20140902,3,1361374,Poa ligulata,61.355259
CBN-Pla-A3-20150702,1,1396144,Sedum alpestre,63.849922
CBN-Pla-A3-20150702,2,1396843,Trifolium alpinum,60.389187
CBN-Pla-A3-20150702,3,1737461,Phedimus spurius,59.255081
CBN-Pla-A3-20150723,1,1395807,Salix herbacea,61.840500
CBN-Pla-A3-20150723,2,1397043,Veronica alpina,61.638409
CBN-Pla-A3-20150723,3,1362482,Phleum alpinum,61.401825
CBN-Pla-A3-20150811,1,1396144,Sedum alpestre,63.974586
CBN-Pla-A3-20150811,2,1395807,Salix herbacea,62.024387
CBN-Pla-A3-20150811,3,1742053,Omalotheca hoppeana,61.661057
CBN-Pla-A3-20150901,1,1396253,Sibbaldia procumbens,63.109898
CBN-Pla-A3-20150901,2,1396843,Trifolium alpinum,63.080879
CBN-Pla-A3-20150901,3,1392541,Gentiana brachyphylla,62.673321
CBN-Pla-A3-20160707,1,1396144,Sedum alpestre,65.165138
CBN-Pla-A3-20160707,2,1395870,Salix retusa,61.455063
CBN-Pla-A3-20160707,3,1741880,Salix serpillifolia,60.995762
CBN-Pla-A3-20160728,1,1396144,Sedum alpestre,65.172844
CBN-Pla-A3-20160728,2,1412857,Omalotheca supina,63.637104
CBN-Pla-A3-20160728,3,1397043,Veronica alpina,63.229771
CBN-Pla-A3-20180724,1,1394643,Antennaria dioica,59.572166
CBN-Pla-A3-20180724,2,1396144,Sedum alpestre,59.249283
CBN-Pla-A3-20180724,3,1418688,Arctous alpina,58.795631
CBN-Pla-A3-20180816,1,1396144,Sedum alpestre,63.570747
CBN-Pla-A3-20180816,2,1397043,Veronica alpina,63.213074
CBN-Pla-A3-20180816,3,1363543,Stenotaphrum secundatum,62.668510
CBN-Pla-A3-20180906,1,1396144,Sedum alpestre,65.167953
CBN-Pla-A3-20180906,2,1395807,Salix herbacea,62.567936
CBN-Pla-A3-20180906,3,1392541,Gentiana brachyphylla,62.163879
CBN-Pla-A3-20190723,1,1396144,Sedum alpestre,63.360352
CBN-Pla-A3-20190723,2,1395807,Salix herbacea,62.085892
CBN-Pla-A3-20190723,3,1397491,Sedum atratum,61.104721
CBN-Pla-A3-20190814,1,1396843,Trifolium alpinum,61.738785
CBN-Pla-A3-20190814,2,1396144,Sedum alpestre,61.163074
CBN-Pla-A3-20190814,3,1395807,Salix herbacea,61.037567
CBN-Pla-A3-20200723,1,1395807,Salix herbacea,63.857010
CBN-Pla-A3-20200723,2,1361367,Poa alpina,62.739628
CBN-Pla-A3-20200723,3,1397043,Veronica alpina,62.460472
CBN-Pla-A3-20200814,1,1392541,Gentiana brachyphylla,64.478706
CBN-Pla-A3-20200814,2,1396144,Sedum alpestre,64.202553
CBN-Pla-A3-20200814,3,1396843,Trifolium alpinum,63.770615
CBN-Pla-A4-20130724,1,1392541,Gentiana brachyphylla,60.706890
CBN-Pla-A4-20130724,2,1363543,Stenotaphrum secundatum,59.819233
CBN-Pla-A4-20130724,3,1394599,Pinguicula leptoceras,59.196182
CBN-Pla-A4-20130808,1,1741880,Salix serpillifolia,67.482040
CBN-Pla-A4-20130808,2,1395870,Salix retusa,64.475853
CBN-Pla-A4-20130808,3,1395807,Salix herbacea,62.723969
CBN-Pla-A4-20130904,1,1741880,Salix serpillifolia,67.139015
CBN-Pla-A4-20130904,2,1395870,Salix retusa,65.825531
CBN-Pla-A4-20130904,3,1395807,Salix herbacea,63.011017
CBN-Pla-A4-20140722,1,1395870,Salix retusa,60.123634
CBN-Pla-A4-20140722,2,1741880,Salix serpillifolia,59.785706
CBN-Pla-A4-20140722,3,1395949,Saxifraga bryoides,59.279163
CBN-Pla-A4-20140812,1,1395870,Salix retusa,66.212158
CBN-Pla-A4-20140812,2,1741880,Salix serpillifolia,65.409363
CBN-Pla-A4-20140812,3,1392541,Gentiana brachyphylla,64.594452
CBN-Pla-A4-20140902,1,1741880,Salix serpillifolia,66.728683
CBN-Pla-A4-20140902,2,1395870,Salix retusa,66.342850
CBN-Pla-A4-20140902,3,1363543,Stenotaphrum secundatum,62.682667
CBN-Pla-A4-20150702,1,1588800,Gagea luberonensis,59.967140
CBN-Pla-A4-20150702,2,1418688,Arctous alpina,59.794613
CBN-Pla-A4-20150702,3,1361141,Agrostis rupestris,59.750969
CBN-Pla-A4-20150723,1,1395870,Salix retusa,67.398506
CBN-Pla-A4-20150723,2,1741880,Salix serpillifolia,67.302322
CBN-Pla-A4-20150723,3,1396869,Trifolium thalii,63.454178
CBN-Pla-A4-20150811,1,1741880,Salix serpillifolia,68.183105
CBN-Pla-A4-20150811,2,1395870,Salix retusa,66.517715
CBN-Pla-A4-20150811,3,1395807,Salix herbacea,63.846176
CBN-Pla-A4-20150901,1,1395870,Salix retusa,66.706657
CBN-Pla-A4-20150901,2,1741880,Salix serpillifolia,66.645737
CBN-Pla-A4-20150901,3,1395718,Sagina saginoides,65.291855
CBN-Pla-A4-20160707,1,1741880,Salix serpillifolia,62.178802
CBN-Pla-A4-20160707,2,1395870,Salix retusa,60.000862
CBN-Pla-A4-20160707,3,1418688,Arctous alpina,59.470116
CBN-Pla-A4-20160728,1,1395870,Salix retusa,63.816330
CBN-Pla-A4-20160728,2,1397043,Veronica alpina,62.952877
CBN-Pla-A4-20160728,3,1741880,Salix serpillifolia,62.563038
CBN-Pla-A4-20180724,1,1392522,Genista pulchella,59.281342
CBN-Pla-A4-20180724,2,1363543,Stenotaphrum secundatum,57.711685
CBN-Pla-A4-20180724,3,1391797,Dryas octopetala,57.303158
CBN-Pla-A4-20180816,1,1741880,Salix serpillifolia,65.957695
CBN-Pla-A4-20180816,2,1395870,Salix retusa,64.605331
CBN-Pla-A4-20180816,3,1397043,Veronica alpina,63.617546
CBN-Pla-A4-20180906,1,1741880,Salix serpillifolia,66.021317
CBN-Pla-A4-20180906,2,1395870,Salix retusa,65.973686
CBN-Pla-A4-20180906,3,1397043,Veronica alpina,64.378227
CBN-Pla-A4-20190723,1,1741880,Salix serpillifolia,64.249107
CBN-Pla-A4-20190723,2,1395870,Salix retusa,63.252827
CBN-Pla-A4-20190723,3,1396843,Trifolium alpinum,61.427452
CBN-Pla-A4-20190814,1,1741880,Salix serpillifolia,65.158356
CBN-Pla-A4-20190814,2,1395870,Salix retusa,64.028442
CBN-Pla-A4-20190814,3,1396843,Trifolium alpinum,61.530182
CBN-Pla-A4-20200723,1,1741880,Salix serpillifolia,66.002281
CBN-Pla-A4-20200723,2,1395870,Salix retusa,64.525124
CBN-Pla-A4-20200723,3,1396869,Trifolium thalii,63.608818
CBN-Pla-A4-20200814,1,1395870,Salix retusa,64.037910
CBN-Pla-A4-20200814,2,1741880,Salix serpillifolia,63.189125
CBN-Pla-A4-20200814,3,1395807,Salix herbacea,62.735977
CBN-Pla-A5-20130724,1,1741880,Salix serpillifolia,58.681042
CBN-Pla-A5-20130724,2,1395870,Salix retusa,58.199867
CBN-Pla-A5-20130724,3,1727501,Soliva mexicana,58.178112
CBN-Pla-A5-20130808,1,1741880,Salix serpillifolia,67.940979
CBN-Pla-A5-20130808,2,1395870,Salix retusa,66.016159
CBN-Pla-A5-20130808,3,1742053,Omalotheca hoppeana,61.438652
CBN-Pla-A5-20130904,1,1741880,Salix serpillifolia,67.787148
CBN-Pla-A5-20130904,2,1395870,Salix retusa,66.932144
CBN-Pla-A5-20130904,3,1397386,Festuca scabriculmis,63.674362
CBN-Pla-A5-20140722,1,1741880,Salix serpillifolia,60.929535
CBN-Pla-A5-20140722,2,1396144,Sedum alpestre,60.622662
CBN-Pla-A5-20140722,3,1588800,Gagea luberonensis,59.211487
CBN-Pla-A5-20140812,1,1741880,Salix serpillifolia,66.439224
CBN-Pla-A5-20140812,2,1395870,Salix retusa,66.065834
CBN-Pla-A5-20140812,3,1396144,Sedum alpestre,65.017494
CBN-Pla-A5-20140902,1,1741880,Salix serpillifolia,67.850647
CBN-Pla-A5-20140902,2,1395870,Salix retusa,66.083481
CBN-Pla-A5-20140902,3,1361367,Poa alpina,61.385349
CBN-Pla-A5-20150702,1,1743999,Crassula peduncularis,59.427296
CBN-Pla-A5-20150702,2,1396094,Arenaria biflora,59.275131
CBN-Pla-A5-20150702,3,1388766,Botrychium simplex,59.204926
CBN-Pla-A5-20150723,1,1741880,Salix serpillifolia,67.191849
CBN-Pla-A5-20150723,2,1395870,Salix retusa,66.401405
CBN-Pla-A5-20150723,3,1742053,Omalotheca hoppeana,63.877781
CBN-Pla-A5-20150811,1,1395870,Salix retusa,67.016556
CBN-Pla-A5-20150811,2,1741880,Salix serpillifolia,66.689255
CBN-Pla-A5-20150811,3,1742053,Omalotheca hoppeana,62.290749
CBN-Pla-A5-20160707,1,1741880,Salix serpillifolia,62.610149
CBN-Pla-A5-20160707,2,1395870,Salix retusa,61.893696
CBN-Pla-A5-20160707,3,1395949,Saxifraga bryoides,60.536896
CBN-Pla-A5-20160728,1,1395870,Salix retusa,66.339622
CBN-Pla-A5-20160728,2,1741880,Salix serpillifolia,65.138863
CBN-Pla-A5-20160728,3,1396144,Sedum alpestre,63.652531
CBN-Pla-A5-20180724,1,1390837,Carex humilis,61.878601
CBN-Pla-A5-20180724,2,1741880,Salix serpillifolia,57.539783
CBN-Pla-A5-20180724,3,1390793,Carex curvula,56.893471
CBN-Pla-A5-20180816,1,1395870,Salix retusa,67.262634
CBN-Pla-A5-20180816,2,1741880,Salix serpillifolia,66.532005
CBN-Pla-A5-20180816,3,1742053,Omalotheca hoppeana,64.297836
CBN-Pla-A5-20180906,1,1395870,Salix retusa,67.482193
CBN-Pla-A5-20180906,2,1741880,Salix serpillifolia,66.641380
CBN-Pla-A5-20180906,3,1742053,Omalotheca hoppeana,66.269379
CBN-Pla-A5-20190723,1,1741880,Salix serpillifolia,66.920479
CBN-Pla-A5-20190723,2,1395870,Salix retusa,65.360077
CBN-Pla-A5-20190723,3,1394542,Phyteuma hemisphaericum,62.378796
CBN-Pla-A5-20190814,1,1395870,Salix retusa,66.439682
CBN-Pla-A5-20190814,2,1741880,Salix serpillifolia,65.555672
CBN-Pla-A5-20190814,3,1361367,Poa alpina,64.925667
CBN-Pla-A5-20200723,1,1741880,Salix serpillifolia,65.970810
CBN-Pla-A5-20200723,2,1395870,Salix retusa,65.523453
CBN-Pla-A5-20200723,3,1396843,Trifolium alpinum,61.832756
CBN-Pla-A5-20200814,1,1395870,Salix retusa,66.836708
CBN-Pla-A5-20200814,2,1741880,Salix serpillifolia,64.576813
CBN-Pla-A5-20200814,3,1395862,Salix pyrenaica,62.528713
CBN-Pla-A6-20130724,1,1396030,Saxifraga retusa,59.619240
CBN-Pla-A6-20130724,2,1529402,Sempervivum minutum,59.526100
CBN-Pla-A6-20130724,3,1358099,Sedum brevifolium,58.873291
CBN-Pla-A6-20130808,1,1741880,Salix serpillifolia,65.728470
CBN-Pla-A6-20130808,2,1395870,Salix retusa,64.528473
CBN-Pla-A6-20130808,3,1396253,Sibbaldia procumbens,63.255367
CBN-Pla-A6-20130904,1,1741880,Salix serpillifolia,67.107300
CBN-Pla-A6-20130904,2,1395870,Salix retusa,66.286987
CBN-Pla-A6-20130904,3,1396253,Sibbaldia procumbens,62.506027
CBN-Pla-A6-20140722,1,1741880,Salix serpillifolia,64.107643
CBN-Pla-A6-20140722,2,1396144,Sedum alpestre,62.470955
CBN-Pla-A6-20140722,3,1395870,Salix retusa,61.523495
CBN-Pla-A6-20140812,1,1395870,Salix retusa,65.994949
CBN-Pla-A6-20140812,2,1741880,Salix serpillifolia,65.733475
CBN-Pla-A6-20140812,3,1396144,Sedum alpestre,64.720718
CBN-Pla-A6-20140902,1,1395870,Salix retusa,65.109909
CBN-Pla-A6-20140902,2,1741880,Salix serpillifolia,64.701530
CBN-Pla-A6-20140902,3,1394366,Oxyria digyna,62.256901
CBN-Pla-A6-20150702,1,1396253,Sibbaldia procumbens,62.020527
CBN-Pla-A6-20150702,2,1392241,Alchemilla pentaphyllea,60.547546
CBN-Pla-A6-20150702,3,1363543,Stenotaphrum secundatum,60.326775
CBN-Pla-A6-20150723,1,1741880,Salix serpillifolia,65.208908
CBN-Pla-A6-20150723,2,1396869,Trifolium thalii,65.057114
CBN-Pla-A6-20150723,3,1395870,Salix retusa,64.888901
CBN-Pla-A6-20150811,1,1741880,Salix serpillifolia,65.724289
CBN-Pla-A6-20150811,2,1395870,Salix retusa,65.151146
CBN-Pla-A6-20150811,3,1741624,Lotus alpinus,62.495293
CBN-Pla-A6-20150901,1,1395870,Salix retusa,65.228851
CBN-Pla-A6-20150901,2,1741880,Salix serpillifolia,64.296951
CBN-Pla-A6-20150901,3,1397381,Euphrasia minima,63.373234
CBN-Pla-A6-20160707,1,1390793,Carex curvula,61.515770
CBN-Pla-A6-20160707,2,1394311,Oreochloa disticha,60.271854
CBN-Pla-A6-20160707,3,1395807,Salix herbacea,60.155205
CBN-Pla-A6-20160728,1,1395870,Salix retusa,64.160873
CBN-Pla-A6-20160728,2,1741880,Salix serpillifolia,63.661392
CBN-Pla-A6-20160728,3,1395807,Salix herbacea,62.376289
CBN-Pla-A6-20180724,1,1396018,Saxifraga oppositifolia,60.821960
CBN-Pla-A6-20180724,2,1396030,Saxifraga retusa,57.987801
CBN-Pla-A6-20180724,3,1529402,Sempervivum minutum,57.787605
CBN-Pla-A6-20180816,1,1395870,Salix retusa,64.836700
CBN-Pla-A6-20180816,2,1741880,Salix serpillifolia,64.672874
CBN-Pla-A6-20180816,3,1395807,Salix herbacea,61.739746
CBN-Pla-A6-20180906,1,1396144,Sedum alpestre,64.214081
CBN-Pla-A6-20180906,2,1395870,Salix retusa,63.113911
CBN-Pla-A6-20180906,3,1741880,Salix serpillifolia,63.047344
CBN-Pla-A6-20190723,1,1395870,Salix retusa,64.615929
CBN-Pla-A6-20190723,2,1741880,Salix serpillifolia,61.756294
CBN-Pla-A6-20190723,3,1395862,Salix pyrenaica,61.296280
CBN-Pla-A6-20190814,1,1361367,Poa alpina,65.096550
CBN-Pla-A6-20190814,2,1397381,Euphrasia minima,64.947433
CBN-Pla-A6-20190814,3,1395870,Salix retusa,63.982216
CBN-Pla-A6-20200723,1,1741880,Salix serpillifolia,65.011734
CBN-Pla-A6-20200723,2,1395870,Salix retusa,64.203201
CBN-Pla-A6-20200723,3,1741624,Lotus alpinus,63.488052
CBN-Pla-A6-20200814,1,1741624,Lotus alpinus,63.839531
CBN-Pla-A6-20200814,2,1395870,Salix retusa,62.611889
CBN-Pla-A6-20200814,3,1395807,Salix herbacea,62.204376
CBN-Pla-B1-20130724,1,1363133,Triglochin striata,58.321495
CBN-Pla-B1-20130724,2,1390801,Carex digitata,56.897812
CBN-Pla-B1-20130724,3,1392341,Festuca vasconcensis,56.643414
CBN-Pla-B1-20130808,1,1396253,Sibbaldia procumbens,65.399261
CBN-Pla-B1-20130808,2,1395807,Salix herbacea,61.671505
CBN-Pla-B1-20130808,3,1360874,Viola palustris,60.969418
CBN-Pla-B1-20130904,1,1396253,Sibbaldia procumbens,63.865993
CBN-Pla-B1-20130904,2,1395807,Salix herbacea,61.287548
CBN-Pla-B1-20130904,3,1532190,Carex rorulenta,58.509335
CBN-Pla-B1-20140722,1,1396253,Sibbaldia procumbens,60.637398
CBN-Pla-B1-20140722,2,1390793,Carex curvula,60.262375
CBN-Pla-B1-20140722,3,1392241,Alchemilla pentaphyllea,58.491264
CBN-Pla-B1-20140812,1,1742053,Omalotheca hoppeana,64.921768
CBN-Pla-B1-20140812,2,1396253,Sibbaldia procumbens,64.687614
CBN-Pla-B1-20140812,3,1412857,Omalotheca supina,64.241409
CBN-Pla-B1-20140902,1,1361367,Poa alpina,64.219620
CBN-Pla-B1-20140902,2,1361374,Poa ligulata,63.757561
CBN-Pla-B1-20140902,3,1394311,Oreochloa disticha,63.121483
CBN-Pla-B1-20150702,1,1396253,Sibbaldia procumbens,60.808880
CBN-Pla-B1-20150702,2,1392352,Filago tyrrhenica,59.880463
CBN-Pla-B1-20150702,3,1743471,Festuca glacialis,59.741146
CBN-Pla-B1-20150723,1,1742053,Omalotheca hoppeana,63.545547
CBN-Pla-B1-20150723,2,1361367,Poa alpina,62.289196
CBN-Pla-B1-20150723,3,1395870,Salix retusa,62.133247
CBN-Pla-B1-20150811,1,1396253,Sibbaldia procumbens,63.696503
CBN-Pla-B1-20150811,2,1400176,Bistorta vivipara,62.655167
CBN-Pla-B1-20150811,3,1742053,Omalotheca hoppeana,61.737450
CBN-Pla-B1-20150901,1,1396253,Sibbaldia procumbens,64.403091
CBN-Pla-B1-20150901,2,1394311,Oreochloa disticha,62.902504
CBN-Pla-B1-20150901,3,1395870,Salix retusa,61.728371
CBN-Pla-B1-20160707,1,1741880,Salix serpillifolia,64.064621
CBN-Pla-B1-20160707,2,1396253,Sibbaldia procumbens,63.291000
CBN-Pla-B1-20160707,3,1395870,Salix retusa,61.832272
CBN-Pla-B1-20160728,1,1396253,Sibbaldia procumbens,63.734932
CBN-Pla-B1-20160728,2,1395807,Salix herbacea,61.738091
CBN-Pla-B1-20160728,3,1742053,Omalotheca hoppeana,61.079796
CBN-Pla-B1-20180724,1,1396253,Sibbaldia procumbens,60.346016
CBN-Pla-B1-20180724,2,1390837,Carex humilis,58.504868
CBN-Pla-B1-20180724,3,1393679,Luzula lutea,57.343624
CBN-Pla-B1-20180816,1,1742053,Omalotheca hoppeana,62.983868
CBN-Pla-B1-20180816,2,1395870,Salix retusa,62.586983
CBN-Pla-B1-20180816,3,1741880,Salix serpillifolia,61.792015
CBN-Pla-B1-20180906,1,1396253,Sibbaldia procumbens,63.390572
CBN-Pla-B1-20180906,2,1412857,Omalotheca supina,62.382103
CBN-Pla-B1-20180906,3,1742053,Omalotheca hoppeana,62.101933
CBN-Pla-B1-20190723,1,1396253,Sibbaldia procumbens,61.513462
CBN-Pla-B1-20190723,2,1741880,Salix serpillifolia,61.171516
CBN-Pla-B1-20190723,3,1395807,Salix herbacea,59.719749
CBN-Pla-B1-20190814,1,1742053,Omalotheca hoppeana,62.795570
CBN-Pla-B1-20190814,2,1647677,Alopecurus gerardii,62.222313
CBN-Pla-B1-20190814,3,1396253,Sibbaldia procumbens,62.037289
CBN-Pla-B1-20200630,1,1393911,Najas gracillima,50.968773
CBN-Pla-B1-20200630,2,1396447,Armeria soleirolii,50.753929
CBN-Pla-B1-20200630,3,1419104,Erodium rupestre,50.598938
CBN-Pla-B1-20200723,1,1741880,Salix serpillifolia,63.462631
CBN-Pla-B1-20200723,2,1395807,Salix herbacea,61.945576
CBN-Pla-B1-20200723,3,1395870,Salix retusa,61.604111
CBN-Pla-B1-20200814,1,1397381,Euphrasia minima,61.388088
CBN-Pla-B1-20200814,2,1412857,Omalotheca supina,61.193268
CBN-Pla-B1-20200814,3,1395807,Salix herbacea,60.648251
CBN-Pla-B2-20130724,1,1395807,Salix herbacea,56.193031
CBN-Pla-B2-20130724,2,1743315,Helosciadium bermejoi,56.093632
CBN-Pla-B2-20130724,3,1359587,Pinguicula lusitanica,55.852707
CBN-Pla-B2-20130808,1,1412857,Omalotheca supina,64.536499
CBN-Pla-B2-20130808,2,1396253,Sibbaldia procumbens,63.146183
CBN-Pla-B2-20130808,3,1742053,Omalotheca hoppeana,62.842659
CBN-Pla-B2-20130904,1,1395807,Salix herbacea,61.988365
CBN-Pla-B2-20130904,2,1363543,Stenotaphrum secundatum,60.972763
CBN-Pla-B2-20130904,3,1396843,Trifolium alpinum,59.899471
CBN-Pla-B2-20140722,1,1390837,Carex humilis,60.794662
CBN-Pla-B2-20140722,2,1396253,Sibbaldia procumbens,59.706642
CBN-Pla-B2-20140722,3,1741880,Salix serpillifolia,57.749123
CBN-Pla-B2-20140812,1,1395807,Salix herbacea,63.629864
CBN-Pla-B2-20140812,2,1396843,Trifolium alpinum,61.568596
CBN-Pla-B2-20140812,3,1651363,Festuca quadriflora,61.416393
CBN-Pla-B2-20140902,1,1396843,Trifolium alpinum,64.496498
CBN-Pla-B2-20140902,2,1395807,Salix herbacea,62.542435
CBN-Pla-B2-20140902,3,1397106,Vicia pyrenaica,62.080460
CBN-Pla-B2-20150702,1,1390793,Carex curvula,60.620903
CBN-Pla-B2-20150702,2,1742053,Omalotheca hoppeana,60.496323
CBN-Pla-B2-20150702,3,1412857,Omalotheca supina,60.490475
CBN-Pla-B2-20150723,1,1396253,Sibbaldia procumbens,63.269154
CBN-Pla-B2-20150723,2,1395870,Salix retusa,62.651165
CBN-Pla-B2-20150723,3,1396843,Trifolium alpinum,62.529800
CBN-Pla-B2-20150811,1,1392552,Gentiana nivalis,67.003319
CBN-Pla-B2-20150811,2,1396843,Trifolium alpinum,64.500610
CBN-Pla-B2-20150811,3,1395807,Salix herbacea,61.903393
CBN-Pla-B2-20150901,1,1396253,Sibbaldia procumbens,64.016960
CBN-Pla-B2-20150901,2,1392552,Gentiana nivalis,63.196335
CBN-Pla-B2-20150901,3,1741880,Salix serpillifolia,63.020195
CBN-Pla-B2-20160707,1,1741880,Salix serpillifolia,63.056023
CBN-Pla-B2-20160707,2,1396253,Sibbaldia procumbens,62.513908
CBN-Pla-B2-20160707,3,1395870,Salix retusa,60.907082
CBN-Pla-B2-20160728,1,1741880,Salix serpillifolia,64.014275
CBN-Pla-B2-20160728,2,1395807,Salix herbacea,62.603790
CBN-Pla-B2-20160728,3,1395870,Salix retusa,62.118309
CBN-Pla-B2-20180724,1,1418688,Arctous alpina,58.914398
CBN-Pla-B2-20180724,2,1744504,Genista legionensis,58.095726
CBN-Pla-B2-20180724,3,1578131,Genista hystrix,58.062054
CBN-Pla-B2-20180816,1,1741880,Salix serpillifolia,63.791157
CBN-Pla-B2-20180816,2,1395807,Salix herbacea,63.115025
CBN-Pla-B2-20180816,3,1396843,Trifolium alpinum,61.922073
CBN-Pla-B2-20180906,1,1396843,Trifolium alpinum,63.741348
CBN-Pla-B2-20180906,2,1741880,Salix serpillifolia,62.522316
CBN-Pla-B2-20180906,3,1396253,Sibbaldia procumbens,61.688568
CBN-Pla-B2-20190723,1,1741880,Salix serpillifolia,61.808575
CBN-Pla-B2-20190723,2,1395807,Salix herbacea,61.372658
CBN-Pla-B2-20190723,3,1396843,Trifolium alpinum,61.236462
CBN-Pla-B2-20190814,1,1362482,Phleum alpinum,63.505203
CBN-Pla-B2-20190814,2,1741880,Salix serpillifolia,62.833477
CBN-Pla-B2-20190814,3,1397386,Festuca scabriculmis,62.256554
CBN-Pla-B2-20200723,1,1397043,Veronica alpina,64.097473
CBN-Pla-B2-20200723,2,1396253,Sibbaldia procumbens,63.462051
CBN-Pla-B2-20200723,3,1396843,Trifolium alpinum,62.509430
CBN-Pla-B2-20200814,1,1741880,Salix serpillifolia,63.624157
CBN-Pla-B2-20200814,2,1392186,Euphorbia pyrenaica,62.061409
CBN-Pla-B2-20200814,3,1396869,Trifolium thalii,61.868275
CBN-Pla-B3-20130724,1,1528543,Crassula nudicaulis,58.969429
CBN-Pla-B3-20130724,2,1395807,Salix herbacea,57.788914
CBN-Pla-B3-20130724,3,1397386,Festuca scabriculmis,57.124134
CBN-Pla-B3-20130808,1,1396253,Sibbaldia procumbens,64.706009
CBN-Pla-B3-20130808,2,1395807,Salix herbacea,62.749710
CBN-Pla-B3-20130808,3,1360874,Viola palustris,61.700027
CBN-Pla-B3-20130904,1,1396253,Sibbaldia procumbens,64.438576
CBN-Pla-B3-20130904,2,1395807,Salix herbacea,61.565868
CBN-Pla-B3-20130904,3,1393200,Homogyne alpina,61.285835
CBN-Pla-B3-20140722,1,1361275,Festuca indigesta,61.320297
CBN-Pla-B3-20140722,2,1396253,Sibbaldia procumbens,60.702927
CBN-Pla-B3-20140722,3,1361273,Festuca hystrix,59.408058
CBN-Pla-B3-20140812,1,1395807,Salix herbacea,64.075043
CBN-Pla-B3-20140812,2,1396253,Sibbaldia procumbens,63.987587
CBN-Pla-B3-20140812,3,1397043,Veronica alpina,62.875790
CBN-Pla-B3-20140902,1,1361367,Poa alpina,63.794281
CBN-Pla-B3-20140902,2,1396253,Sibbaldia procumbens,63.560333
CBN-Pla-B3-20140902,3,1395807,Salix herbacea,63.537292
CBN-Pla-B3-20150811,1,1396253,Sibbaldia procumbens,62.891068
CBN-Pla-B3-20150811,2,1395807,Salix herbacea,61.915974
CBN-Pla-B3-20150811,3,1397386,Festuca scabriculmis,61.693928
CBN-Pla-B3-20150901,1,1396253,Sibbaldia procumbens,63.987846
CBN-Pla-B3-20150901,2,1395807,Salix herbacea,62.740204
CBN-Pla-B3-20150901,3,1396843,Trifolium alpinum,61.989426
CBN-Pla-B3-20160707,1,1396253,Sibbaldia procumbens,63.465164
CBN-Pla-B3-20160707,2,1361347,Nardus stricta,61.060265
CBN-Pla-B3-20160707,3,1397386,Festuca scabriculmis,60.047256
CBN-Pla-B3-20160728,1,1396253,Sibbaldia procumbens,63.469387
CBN-Pla-B3-20160728,2,1395807,Salix herbacea,61.684296
CBN-Pla-B3-20160728,3,1394311,Oreochloa disticha,60.936668
CBN-Pla-B3-20180724,1,1361347,Nardus stricta,58.751041
CBN-Pla-B3-20180724,2,1418688,Arctous alpina,57.662163
CBN-Pla-B3-20180724,3,1394311,Oreochloa disticha,57.260391
CBN-Pla-B3-20180816,1,1396253,Sibbaldia procumbens,63.961201
CBN-Pla-B3-20180816,2,1395807,Salix herbacea,62.036476
CBN-Pla-B3-20180816,3,1394311,Oreochloa disticha,60.886841
CBN-Pla-B3-20180906,1,1396253,Sibbaldia procumbens,63.190266
CBN-Pla-B3-20180906,2,1395807,Salix herbacea,62.598579
CBN-Pla-B3-20180906,3,1412857,Omalotheca supina,61.979202
CBN-Pla-B3-20190723,1,1395807,Salix herbacea,61.589626
CBN-Pla-B3-20190723,2,1394366,Oxyria digyna,61.356720
CBN-Pla-B3-20190723,3,1396253,Sibbaldia procumbens,61.224945
CBN-Pla-B3-20190814,1,1395807,Salix herbacea,62.046509
CBN-Pla-B3-20190814,2,1362482,Phleum alpinum,60.610912
CBN-Pla-B3-20190814,3,1394311,Oreochloa disticha,60.146408
CBN-Pla-B3-20200723,1,1396253,Sibbaldia procumbens,62.949432
CBN-Pla-B3-20200723,2,1395807,Salix herbacea,62.814434
CBN-Pla-B3-20200723,3,1394311,Oreochloa disticha,60.618118
CBN-Pla-B3-20200814,1,1397386,Festuca scabriculmis,64.436325
CBN-Pla-B3-20200814,2,1743471,Festuca glacialis,63.195953
CBN-Pla-B3-20200814,3,1396253,Sibbaldia procumbens,63.053070
CBN-Pla-B4-20130724,1,1397386,Festuca scabriculmis,57.743866
CBN-Pla-B4-20130724,2,1418688,Arctous alpina,57.599106
CBN-Pla-B4-20130724,3,1361347,Nardus stricta,57.433899
CBN-Pla-B4-20130808,1,1395870,Salix retusa,64.087555
CBN-Pla-B4-20130808,2,1395807,Salix herbacea,63.978508
CBN-Pla-B4-20130808,3,1741880,Salix serpillifolia,62.325005
CBN-Pla-B4-20130904,1,1397043,Veronica alpina,61.899364
CBN-Pla-B4-20130904,2,1396843,Trifolium alpinum,61.777824
CBN-Pla-B4-20130904,3,1395807,Salix herbacea,61.337654
CBN-Pla-B4-20140722,1,1397376,Ephedra distachya,59.013138
CBN-Pla-B4-20140722,2,1651267,Festuca michaelis,57.361267
CBN-Pla-B4-20140722,3,1394311,Oreochloa disticha,56.807323
CBN-Pla-B4-20140812,1,1396253,Sibbaldia procumbens,62.403248
CBN-Pla-B4-20140812,2,1412857,Omalotheca supina,62.177704
CBN-Pla-B4-20140812,3,1395807,Salix herbacea,61.712120
CBN-Pla-B4-20140902,1,1397043,Veronica alpina,63.861820
CBN-Pla-B4-20140902,2,1397386,Festuca scabriculmis,62.154366
CBN-Pla-B4-20140902,3,1395807,Salix herbacea,62.041924
CBN-Pla-B4-20150702,1,1390793,Carex curvula,58.084011
CBN-Pla-B4-20150702,2,1363543,Stenotaphrum secundatum,58.081497
CBN-Pla-B4-20150702,3,1396843,Trifolium alpinum,57.564072
CBN-Pla-B4-20150723,1,1394311,Oreochloa disticha,61.331226
CBN-Pla-B4-20150723,2,1395807,Salix herbacea,60.794952
CBN-Pla-B4-20150723,3,1394542,Phyteuma hemisphaericum,60.488552
CBN-Pla-B4-20150811,1,1361138,Agrostis nevadensis,61.867981
CBN-Pla-B4-20150811,2,1362325,Juncus compressus,61.129456
CBN-Pla-B4-20150811,3,1361141,Agrostis rupestris,60.777119
CBN-Pla-B4-20150901,1,1392293,Festuca eskia,62.705189
CBN-Pla-B4-20150901,2,1396843,Trifolium alpinum,61.945892
CBN-Pla-B4-20150901,3,1361347,Nardus stricta,61.055168
CBN-Pla-B4-20160707,1,1397386,Festuca scabriculmis,62.360519
CBN-Pla-B4-20160707,2,1394311,Oreochloa disticha,61.428703
CBN-Pla-B4-20160707,3,1363543,Stenotaphrum secundatum,61.002266
CBN-Pla-B4-20160728,1,1397043,Veronica alpina,63.083611
CBN-Pla-B4-20160728,2,1395807,Salix herbacea,62.943253
CBN-Pla-B4-20160728,3,1397046,Veronica bellidioides,62.170399
CBN-Pla-B4-20180724,1,1390793,Carex curvula,57.695602
CBN-Pla-B4-20180724,2,1390811,Carex ericetorum,57.158646
CBN-Pla-B4-20180724,3,1397386,Festuca scabriculmis,57.151848
CBN-Pla-B4-20180816,1,1397043,Veronica alpina,63.251793
CBN-Pla-B4-20180816,2,1397386,Festuca scabriculmis,62.047981
CBN-Pla-B4-20180816,3,1397046,Veronica bellidioides,61.226227
CBN-Pla-B4-20180906,1,1397043,Veronica alpina,65.935028
CBN-Pla-B4-20180906,2,1397046,Veronica bellidioides,62.996971
CBN-Pla-B4-20180906,3,1395870,Salix retusa,62.344711
CBN-Pla-B4-20190723,1,1394311,Oreochloa disticha,61.975437
CBN-Pla-B4-20190723,2,1396843,Trifolium alpinum,61.400051
CBN-Pla-B4-20190723,3,1395807,Salix herbacea,61.179474
CBN-Pla-B4-20190814,1,1412857,Omalotheca supina,62.968681
CBN-Pla-B4-20190814,2,1651427,Festuca summilusitana,60.793602
CBN-Pla-B4-20190814,3,1397043,Veronica alpina,60.775509
CBN-Pla-B4-20200723,1,1395807,Salix herbacea,62.552628
CBN-Pla-B4-20200723,2,1396253,Sibbaldia procumbens,61.855057
CBN-Pla-B4-20200723,3,1397043,Veronica alpina,61.322311
CBN-Pla-B4-20200814,1,1361141,Agrostis rupestris,61.574226
CBN-Pla-B4-20200814,2,1395807,Salix herbacea,61.094513
CBN-Pla-B4-20200814,3,1394311,Oreochloa disticha,59.977322
CBN-Pla-B5-20130724,1,1363619,Crassula muscosa,57.340752
CBN-Pla-B5-20130724,2,1647128,Armeria alpina,57.178452
CBN-Pla-B5-20130724,3,1418688,Arctous alpina,56.871262
CBN-Pla-B5-20130808,1,1395807,Salix herbacea,63.213730
CBN-Pla-B5-20130808,2,1395870,Salix retusa,62.193939
CBN-Pla-B5-20130808,3,1741880,Salix serpillifolia,61.242619
CBN-Pla-B5-20130904,1,1395807,Salix herbacea,62.603119
CBN-Pla-B5-20130904,2,1397043,Veronica alpina,61.169762
CBN-Pla-B5-20130904,3,1394311,Oreochloa disticha,60.868950
CBN-Pla-B5-20140722,1,1532190,Carex rorulenta,61.036182
CBN-Pla-B5-20140722,2,1390904,Carex rupestris,59.451645
CBN-Pla-B5-20140722,3,1363543,Stenotaphrum secundatum,59.331654
CBN-Pla-B5-20140812,1,1396144,Sedum alpestre,65.492828
CBN-Pla-B5-20140812,2,1395807,Salix herbacea,63.289368
CBN-Pla-B5-20140812,3,1397043,Veronica alpina,62.729984
CBN-Pla-B5-20140902,1,1361367,Poa alpina,63.928467
CBN-Pla-B5-20140902,2,1395807,Salix herbacea,63.075142
CBN-Pla-B5-20140902,3,1395870,Salix retusa,62.839897
CBN-Pla-B5-20150702,1,1396253,Sibbaldia procumbens,61.108635
CBN-Pla-B5-20150702,2,1392565,Gentiana terglouensis,58.483753
CBN-Pla-B5-20150702,3,1744194,Bouteloua dactyloides,58.347038
CBN-Pla-B5-20150723,1,1647677,Alopecurus gerardii,63.481464
CBN-Pla-B5-20150723,2,1395870,Salix retusa,63.103992
CBN-Pla-B5-20150723,3,1362482,Phleum alpinum,62.443974
CBN-Pla-B5-20150811,1,1395870,Salix retusa,64.543587
CBN-Pla-B5-20150811,2,1741880,Salix serpillifolia,63.610577
CBN-Pla-B5-20150811,3,1390899,Carex pyrenaica,61.898800
CBN-Pla-B5-20150901,1,1394311,Oreochloa disticha,64.542976
CBN-Pla-B5-20150901,2,1395870,Salix retusa,64.095703
CBN-Pla-B5-20150901,3,1396144,Sedum alpestre,63.880478
CBN-Pla-B5-20160707,1,1395870,Salix retusa,60.406509
CBN-Pla-B5-20160707,2,1396970,Vaccinium uliginosum,59.952095
CBN-Pla-B5-20160707,3,1395807,Salix herbacea,58.865204
CBN-Pla-B5-20160728,1,1741880,Salix serpillifolia,62.507729
CBN-Pla-B5-20160728,2,1397043,Veronica alpina,62.290512
CBN-Pla-B5-20160728,3,1395807,Salix herbacea,60.261120
CBN-Pla-B5-20180724,1,1381430,Aloiampelos ciliaris,57.225243
CBN-Pla-B5-20180724,2,1363543,Stenotaphrum secundatum,57.152172
CBN-Pla-B5-20180724,3,1529402,Sempervivum minutum,56.554008
CBN-Pla-B5-20180816,1,1395870,Salix retusa,67.186317
CBN-Pla-B5-20180816,2,1741880,Salix serpillifolia,65.280174
CBN-Pla-B5-20180816,3,1395807,Salix herbacea,62.257759
CBN-Pla-B5-20180906,1,1359835,Parnassia palustris,61.576488
CBN-Pla-B5-20180906,2,1394366,Oxyria digyna,60.853527
CBN-Pla-B5-20180906,3,1395870,Salix retusa,60.547482
CBN-Pla-B5-20190723,1,1396561,Taraxacum cucullatum,61.100822
CBN-Pla-B5-20190723,2,1395807,Salix herbacea,60.490776
CBN-Pla-B5-20190723,3,1396663,Taraxacum pyrenaicum,60.322914
CBN-Pla-B5-20190814,1,1395870,Salix retusa,65.891693
CBN-Pla-B5-20190814,2,1741880,Salix serpillifolia,65.236801
CBN-Pla-B5-20190814,3,1397043,Veronica alpina,64.858467
CBN-Pla-B5-20200723,1,1397043,Veronica alpina,64.142807
CBN-Pla-B5-20200723,2,1395807,Salix herbacea,63.113243
CBN-Pla-B5-20200723,3,1397049,Veronica fruticans,61.270916
CBN-Pla-B5-20200814,1,1397043,Veronica alpina,64.049881
CBN-Pla-B5-20200814,2,1741880,Salix serpillifolia,63.032009
CBN-Pla-B5-20200814,3,1395870,Salix retusa,62.937630
CBN-Pla-B6-20130724,1,1396144,Sedum alpestre,65.184280
CBN-Pla-B6-20130724,2,1396145,Sedum annuum,59.819023
CBN-Pla-B6-20130724,3,1397491,Sedum atratum,59.708450
CBN-Pla-B6-20130808,1,1396144,Sedum alpestre,67.514565
CBN-Pla-B6-20130808,2,1396253,Sibbaldia procumbens,63.522903
CBN-Pla-B6-20130808,3,1397491,Sedum atratum,62.368439
CBN-Pla-B6-20130904,1,1396144,Sedum alpestre,67.016701
CBN-Pla-B6-20130904,2,1396253,Sibbaldia procumbens,63.243183
CBN-Pla-B6-20130904,3,1742053,Omalotheca hoppeana,60.897652
CBN-Pla-B6-20140722,1,1396144,Sedum alpestre,64.323380
CBN-Pla-B6-20140722,2,1397491,Sedum atratum,60.426514
CBN-Pla-B6-20140722,3,1358095,Sedum album,59.872993
CBN-Pla-B6-20140812,1,1396144,Sedum alpestre,68.412506
CBN-Pla-B6-20140812,2,1395807,Salix herbacea,62.935478
CBN-Pla-B6-20140812,3,1395987,Saxifraga hariotii,62.595036
CBN-Pla-B6-20140902,1,1396144,Sedum alpestre,67.568581
CBN-Pla-B6-20140902,2,1396015,Saxifraga moschata,63.875095
CBN-Pla-B6-20140902,3,1395973,Saxifraga exarata,63.113411
CBN-Pla-B6-20150702,1,1396253,Sibbaldia procumbens,60.969521
CBN-Pla-B6-20150702,2,1395940,Saxifraga aizoides,60.147564
CBN-Pla-B6-20150702,3,1687875,Saxifraga babiana,58.511757
CBN-Pla-B6-20150723,1,1395807,Salix herbacea,63.566372
CBN-Pla-B6-20150723,2,1396843,Trifolium alpinum,63.092594
CBN-Pla-B6-20150723,3,1396015,Saxifraga moschata,62.956253
CBN-Pla-B6-20150811,1,1396144,Sedum alpestre,66.650063
CBN-Pla-B6-20150811,2,1396015,Saxifraga moschata,64.522141
CBN-Pla-B6-20150811,3,1396663,Taraxacum pyrenaicum,63.155434
CBN-Pla-B6-20150901,1,1396015,Saxifraga moschata,64.545326
CBN-Pla-B6-20150901,2,1396144,Sedum alpestre,64.426620
CBN-Pla-B6-20150901,3,1396253,Sibbaldia procumbens,63.185242
CBN-Pla-B6-20160707,1,1396144,Sedum alpestre,65.274826
CBN-Pla-B6-20160707,2,1396015,Saxifraga moschata,62.187752
CBN-Pla-B6-20160707,3,1396023,Saxifraga praetermissa,61.681953
CBN-Pla-B6-20160728,1,1396015,Saxifraga moschata,64.351990
CBN-Pla-B6-20160728,2,1395973,Saxifraga exarata,64.218002
CBN-Pla-B6-20160728,3,1396144,Sedum alpestre,63.475876
CBN-Pla-B6-20180816,1,1396144,Sedum alpestre,65.206573
CBN-Pla-B6-20180816,2,1397043,Veronica alpina,63.703697
CBN-Pla-B6-20180816,3,1396015,Saxifraga moschata,63.398308
CBN-Pla-B6-20180906,1,1396144,Sedum alpestre,67.414154
CBN-Pla-B6-20180906,2,1396015,Saxifraga moschata,66.158203
CBN-Pla-B6-20180906,3,1395940,Saxifraga aizoides,63.705875
CBN-Pla-B6-20190723,1,1396144,Sedum alpestre,64.196014
CBN-Pla-B6-20190723,2,1396015,Saxifraga moschata,63.662048
CBN-Pla-B6-20190723,3,1418612,Carex firma,61.799088
CBN-Pla-B6-20190814,1,1396144,Sedum alpestre,65.730721
CBN-Pla-B6-20190814,2,1396015,Saxifraga moschata,65.557564
CBN-Pla-B6-20190814,3,1396253,Sibbaldia procumbens,63.166924
CBN-Pla-B6-20200723,1,1396144,Sedum alpestre,64.730659
CBN-Pla-B6-20200723,2,1396015,Saxifraga moschata,62.762024
CBN-Pla-B6-20200723,3,1395807,Salix herbacea,62.106304
CBN-Pla-B6-20200814,1,1396144,Sedum alpestre,65.757797
CBN-Pla-B6-20200814,2,1396015,Saxifraga moschata,62.890457
CBN-Pla-B6-20200814,3,1395940,Saxifraga aizoides,62.688881
CBN-Pla-C1-20130808,1,1396144,Sedum alpestre,63.215546
CBN-Pla-C1-20130808,2,1394641,Antennaria carpatica,63.115681
CBN-Pla-C1-20130808,3,1741880,Salix serpillifolia,63.015358
CBN-Pla-C1-20130904,1,1741880,Salix serpillifolia,63.765259
CBN-Pla-C1-20130904,2,1395870,Salix retusa,63.580212
CBN-Pla-C1-20130904,3,1388766,Botrychium simplex,60.968307
CBN-Pla-C1-20150702,1,1741880,Salix serpillifolia,62.686958
CBN-Pla-C1-20150702,2,1392534,Gentiana acaulis,60.998577
CBN-Pla-C1-20150702,3,1363618,Crassula multicava,60.357948
CBN-Pla-C1-20150723,1,1395870,Salix retusa,64.487526
CBN-Pla-C1-20150723,2,1741880,Salix serpillifolia,63.463024
CBN-Pla-C1-20150723,3,1392534,Gentiana acaulis,63.161201
CBN-Pla-C1-20150811,1,1395870,Salix retusa,64.318390
CBN-Pla-C1-20150811,2,1741880,Salix serpillifolia,63.910324
CBN-Pla-C1-20150811,3,1395807,Salix herbacea,62.550823
CBN-Pla-C1-20150901,1,1395870,Salix retusa,65.883949
CBN-Pla-C1-20150901,2,1742053,Omalotheca hoppeana,65.305138
CBN-Pla-C1-20150901,3,1412857,Omalotheca supina,64.745682
CBN-Pla-C1-20160707,1,1741880,Salix serpillifolia,63.670479
CBN-Pla-C1-20160707,2,1395870,Salix retusa,62.405247
CBN-Pla-C1-20160707,3,1392541,Gentiana brachyphylla,60.902493
CBN-Pla-C1-20160728,1,1741880,Salix serpillifolia,64.773132
CBN-Pla-C1-20160728,2,1395870,Salix retusa,64.537308
CBN-Pla-C1-20160728,3,1395718,Sagina saginoides,62.527664
CBN-Pla-C1-20180816,1,1741880,Salix serpillifolia,64.812592
CBN-Pla-C1-20180816,2,1395870,Salix retusa,64.426117
CBN-Pla-C1-20180816,3,1741624,Lotus alpinus,64.374161
CBN-Pla-C1-20180906,1,1395870,Salix retusa,64.014359
CBN-Pla-C1-20180906,2,1741880,Salix serpillifolia,62.730526
CBN-Pla-C1-20180906,3,1394911,Primula integrifolia,62.319332
CBN-Pla-C1-20190723,1,1392534,Gentiana acaulis,65.570137
CBN-Pla-C1-20190723,2,1392535,Gentiana alpina,65.021652
CBN-Pla-C1-20190723,3,1741880,Salix serpillifolia,63.930801
CBN-Pla-C1-20190814,1,1395870,Salix retusa,65.040161
CBN-Pla-C1-20190814,2,1400176,Bistorta vivipara,64.388306
CBN-Pla-C1-20190814,3,1741880,Salix serpillifolia,63.722866
CBN-Pla-C1-20200723,1,1395870,Salix retusa,65.113770
CBN-Pla-C1-20200723,2,1741880,Salix serpillifolia,63.479301
CBN-Pla-C1-20200723,3,1392535,Gentiana alpina,63.069405
CBN-Pla-C1-20200814,1,1742053,Omalotheca hoppeana,64.212616
CBN-Pla-C1-20200814,2,1412857,Omalotheca supina,62.485867
CBN-Pla-C1-20200814,3,1395870,Salix retusa,62.432831
CBN-Pla-C2-20130808,1,1396253,Sibbaldia procumbens,65.073540
CBN-Pla-C2-20130808,2,1741880,Salix serpillifolia,64.998886
CBN-Pla-C2-20130808,3,1395807,Salix herbacea,61.654057
CBN-Pla-C2-20130904,1,1741880,Salix serpillifolia,65.578102
CBN-Pla-C2-20130904,2,1395870,Salix retusa,65.283989
CBN-Pla-C2-20130904,3,1412857,Omalotheca supina,62.291115
CBN-Pla-C2-20140722,1,1356228,Cymodocea nodosa,60.009750
CBN-Pla-C2-20140722,2,1396144,Sedum alpestre,59.577454
CBN-Pla-C2-20140722,3,1396145,Sedum annuum,59.415009
CBN-Pla-C2-20140902,1,1741880,Salix serpillifolia,64.812958
CBN-Pla-C2-20140902,2,1395870,Salix retusa,63.571762
CBN-Pla-C2-20140902,3,1412857,Omalotheca supina,62.801403
CBN-Pla-C2-20150702,1,1741880,Salix serpillifolia,60.522789
CBN-Pla-C2-20150702,2,1395870,Salix retusa,60.031998
CBN-Pla-C2-20150702,3,1412857,Omalotheca supina,59.053001
CBN-Pla-C2-20150723,1,1741880,Salix serpillifolia,66.099197
CBN-Pla-C2-20150723,2,1395870,Salix retusa,62.866489
CBN-Pla-C2-20150723,3,1397049,Veronica fruticans,60.034431
CBN-Pla-C2-20150811,1,1741880,Salix serpillifolia,66.393204
CBN-Pla-C2-20150811,2,1395870,Salix retusa,65.230965
CBN-Pla-C2-20150811,3,1412857,Omalotheca supina,63.220284
CBN-Pla-C2-20150901,1,1394542,Phyteuma hemisphaericum,67.229408
CBN-Pla-C2-20150901,2,1741880,Salix serpillifolia,65.321625
CBN-Pla-C2-20150901,3,1395870,Salix retusa,64.350883
CBN-Pla-C2-20160707,1,1396253,Sibbaldia procumbens,60.699894
CBN-Pla-C2-20160707,2,1392241,Alchemilla pentaphyllea,58.532005
CBN-Pla-C2-20160707,3,1361347,Nardus stricta,58.218018
CBN-Pla-C2-20160728,1,1742053,Omalotheca hoppeana,64.024353
CBN-Pla-C2-20160728,2,1412857,Omalotheca supina,63.935493
CBN-Pla-C2-20160728,3,1400176,Bistorta vivipara,62.721672
CBN-Pla-C2-20180724,1,1743471,Festuca glacialis,61.332264
CBN-Pla-C2-20180724,2,1396253,Sibbaldia procumbens,60.028652
CBN-Pla-C2-20180724,3,1412857,Omalotheca supina,59.504105
CBN-Pla-C2-20180816,1,1412857,Omalotheca supina,66.503815
CBN-Pla-C2-20180816,2,1396362,Armeria leucocephala,64.095161
CBN-Pla-C2-20180816,3,1396253,Sibbaldia procumbens,63.577686
CBN-Pla-C2-20180906,1,1742053,Omalotheca hoppeana,64.133781
CBN-Pla-C2-20180906,2,1412857,Omalotheca supina,63.847679
CBN-Pla-C2-20180906,3,1396253,Sibbaldia procumbens,63.004665
CBN-Pla-C2-20190723,1,1396253,Sibbaldia procumbens,63.944416
CBN-Pla-C2-20190723,2,1742053,Omalotheca hoppeana,62.703281
CBN-Pla-C2-20190723,3,1390899,Carex pyrenaica,61.327312
CBN-Pla-C2-20190814,1,1397046,Veronica bellidioides,63.423607
CBN-Pla-C2-20190814,2,1397043,Veronica alpina,63.355766
CBN-Pla-C2-20190814,3,1742053,Omalotheca hoppeana,62.822735
CBN-Pla-C2-20200723,1,1412857,Omalotheca supina,64.961548
CBN-Pla-C2-20200723,2,1396253,Sibbaldia procumbens,64.634056
CBN-Pla-C2-20200723,3,1742053,Omalotheca hoppeana,63.471176
CBN-Pla-C2-20200814,1,1742053,Omalotheca hoppeana,65.900925
CBN-Pla-C2-20200814,2,1396253,Sibbaldia procumbens,63.650200
CBN-Pla-C2-20200814,3,1412857,Omalotheca supina,62.981991
CBN-Pla-C3-20130808,1,1395807,Salix herbacea,62.819405
CBN-Pla-C3-20130808,2,1400176,Bistorta vivipara,62.554474
CBN-Pla-C3-20130808,3,1394643,Antennaria dioica,61.505096
CBN-Pla-C3-20130904,1,1400176,Bistorta vivipara,63.752022
CBN-Pla-C3-20130904,2,1394366,Oxyria digyna,60.765022
CBN-Pla-C3-20130904,3,1395807,Salix herbacea,60.326656
CBN-Pla-C3-20140722,1,1532190,Carex rorulenta,58.574921
CBN-Pla-C3-20140722,2,1390793,Carex curvula,58.358097
CBN-Pla-C3-20140722,3,1390837,Carex humilis,58.264732
CBN-Pla-C3-20140902,1,1400176,Bistorta vivipara,64.590843
CBN-Pla-C3-20140902,2,1412857,Omalotheca supina,62.915031
CBN-Pla-C3-20140902,3,1742053,Omalotheca hoppeana,62.617634
CBN-Pla-C3-20150702,1,1361374,Poa ligulata,58.862038
CBN-Pla-C3-20150702,2,1741880,Salix serpillifolia,58.818222
CBN-Pla-C3-20150702,3,1396094,Arenaria biflora,58.493980
CBN-Pla-C3-20150723,1,1400176,Bistorta vivipara,64.308289
CBN-Pla-C3-20150723,2,1395870,Salix retusa,61.337902
CBN-Pla-C3-20150723,3,1741880,Salix serpillifolia,60.846451
CBN-Pla-C3-20150811,1,1400176,Bistorta vivipara,65.001511
CBN-Pla-C3-20150811,2,1741880,Salix serpillifolia,64.987350
CBN-Pla-C3-20150811,3,1395807,Salix herbacea,63.776909
CBN-Pla-C3-20150901,1,1741880,Salix serpillifolia,65.076965
CBN-Pla-C3-20150901,2,1395870,Salix retusa,64.575287
CBN-Pla-C3-20150901,3,1742053,Omalotheca hoppeana,64.539452
CBN-Pla-C3-20160707,1,1396253,Sibbaldia procumbens,61.506817
CBN-Pla-C3-20160707,2,1390793,Carex curvula,60.596573
CBN-Pla-C3-20160707,3,1394643,Antennaria dioica,59.810570
CBN-Pla-C3-20160728,1,1741880,Salix serpillifolia,65.860916
CBN-Pla-C3-20160728,2,1395870,Salix retusa,64.328407
CBN-Pla-C3-20160728,3,1532190,Carex rorulenta,62.637455
CBN-Pla-C3-20180724,1,1356852,Dianthus lusitanus,57.716724
CBN-Pla-C3-20180724,2,1394643,Antennaria dioica,57.520557
CBN-Pla-C3-20180724,3,1743359,Narthecium reverchonii,57.158947
CBN-Pla-C3-20180816,1,1412857,Omalotheca supina,63.903522
CBN-Pla-C3-20180816,2,1741880,Salix serpillifolia,62.673489
CBN-Pla-C3-20180816,3,1395870,Salix retusa,62.440250
CBN-Pla-C3-20180906,1,1400176,Bistorta vivipara,64.512970
CBN-Pla-C3-20180906,2,1742053,Omalotheca hoppeana,63.971935
CBN-Pla-C3-20180906,3,1412857,Omalotheca supina,63.758873
CBN-Pla-C3-20190723,1,1741880,Salix serpillifolia,64.094864
CBN-Pla-C3-20190723,2,1395807,Salix herbacea,62.102032
CBN-Pla-C3-20190723,3,1742053,Omalotheca hoppeana,61.961082
CBN-Pla-C3-20190814,1,1741880,Salix serpillifolia,64.064087
CBN-Pla-C3-20190814,2,1361367,Poa alpina,62.503494
CBN-Pla-C3-20190814,3,1395870,Salix retusa,62.187393
CBN-Pla-C3-20200723,1,1741880,Salix serpillifolia,63.761768
CBN-Pla-C3-20200723,2,1395807,Salix herbacea,62.847542
CBN-Pla-C3-20200723,3,1400176,Bistorta vivipara,62.079453
CBN-Pla-C3-20200814,1,1400176,Bistorta vivipara,64.731262
CBN-Pla-C3-20200814,2,1392260,Festuca alpina,63.591633
CBN-Pla-C3-20200814,3,1741880,Salix serpillifolia,63.372566
CBN-Pla-C4-20130808,1,1395807,Salix herbacea,62.565754
CBN-Pla-C4-20130808,2,1363543,Stenotaphrum secundatum,61.393250
CBN-Pla-C4-20130808,3,1396253,Sibbaldia procumbens,61.360443
CBN-Pla-C4-20130904,1,1393200,Homogyne alpina,61.448360
CBN-Pla-C4-20130904,2,1395807,Salix herbacea,61.253059
CBN-Pla-C4-20130904,3,1741880,Salix serpillifolia,60.003639
CBN-Pla-C4-20140902,1,1363133,Triglochin striata,62.713409
CBN-Pla-C4-20140902,2,1395807,Salix herbacea,62.088478
CBN-Pla-C4-20140902,3,1361099,Isolepis cernua,60.793194
CBN-Pla-C4-20150702,1,1396253,Sibbaldia procumbens,60.420895
CBN-Pla-C4-20150702,2,1397500,Soldanella alpina,59.721367
CBN-Pla-C4-20150702,3,1396094,Arenaria biflora,59.338593
CBN-Pla-C4-20150723,1,1395807,Salix herbacea,63.544514
CBN-Pla-C4-20150723,2,1396253,Sibbaldia procumbens,60.491302
CBN-Pla-C4-20150723,3,1361077,Carex pilulifera,60.015034
CBN-Pla-C4-20150811,1,1396843,Trifolium alpinum,62.691673
CBN-Pla-C4-20150811,2,1388766,Botrychium simplex,61.339783
CBN-Pla-C4-20150811,3,1395807,Salix herbacea,61.048836
CBN-Pla-C4-20150901,1,1361141,Agrostis rupestris,63.205170
CBN-Pla-C4-20150901,2,1393200,Homogyne alpina,62.088188
CBN-Pla-C4-20150901,3,1395807,Salix herbacea,60.908352
CBN-Pla-C4-20160707,1,1532190,Carex rorulenta,61.986633
CBN-Pla-C4-20160707,2,1397500,Soldanella alpina,61.660820
CBN-Pla-C4-20160707,3,1396843,Trifolium alpinum,60.342701
CBN-Pla-C4-20160728,1,1397043,Veronica alpina,62.661789
CBN-Pla-C4-20160728,2,1397500,Soldanella alpina,62.467556
CBN-Pla-C4-20160728,3,1395807,Salix herbacea,62.329304
CBN-Pla-C4-20180724,1,1396253,Sibbaldia procumbens,59.738503
CBN-Pla-C4-20180724,2,1390837,Carex humilis,57.556999
CBN-Pla-C4-20180724,3,1394643,Antennaria dioica,57.224380
CBN-Pla-C4-20180816,1,1396253,Sibbaldia procumbens,65.551323
CBN-Pla-C4-20180816,2,1395807,Salix herbacea,63.003628
CBN-Pla-C4-20180816,3,1412857,Omalotheca supina,62.469631
CBN-Pla-C4-20180906,1,1396253,Sibbaldia procumbens,64.705078
CBN-Pla-C4-20180906,2,1412857,Omalotheca supina,63.475342
CBN-Pla-C4-20180906,3,1395807,Salix herbacea,63.192165
CBN-Pla-C4-20190723,1,1396253,Sibbaldia procumbens,63.046230
CBN-Pla-C4-20190723,2,1395807,Salix herbacea,62.144234
CBN-Pla-C4-20190723,3,1744603,Alyssum cacuminum,61.280300
CBN-Pla-C4-20190814,1,1396253,Sibbaldia procumbens,64.033173
CBN-Pla-C4-20190814,2,1397500,Soldanella alpina,63.909119
CBN-Pla-C4-20190814,3,1412857,Omalotheca supina,62.831909
CBN-Pla-C4-20200723,1,1397043,Veronica alpina,64.640961
CBN-Pla-C4-20200723,2,1396253,Sibbaldia procumbens,64.229767
CBN-Pla-C4-20200723,3,1741624,Lotus alpinus,62.935345
CBN-Pla-C4-20200814,1,1742053,Omalotheca hoppeana,67.005463
CBN-Pla-C4-20200814,2,1412857,Omalotheca supina,66.345299
CBN-Pla-C4-20200814,3,1396253,Sibbaldia procumbens,63.700298
CBN-Pla-C5-20130808,1,1396144,Sedum alpestre,63.758423
CBN-Pla-C5-20130808,2,1395807,Salix herbacea,62.579933
CBN-Pla-C5-20130808,3,1361367,Poa alpina,60.820435
CBN-Pla-C5-20130904,1,1396144,Sedum alpestre,64.636520
CBN-Pla-C5-20130904,2,1395807,Salix herbacea,62.134842
CBN-Pla-C5-20130904,3,1397491,Sedum atratum,60.868839
CBN-Pla-C5-20140722,1,1396144,Sedum alpestre,65.675674
CBN-Pla-C5-20140722,2,1532190,Carex rorulenta,59.633522
CBN-Pla-C5-20140722,3,1390904,Carex rupestris,59.571930
CBN-Pla-C5-20140902,1,1396144,Sedum alpestre,66.276321
CBN-Pla-C5-20140902,2,1362482,Phleum alpinum,62.313286
CBN-Pla-C5-20140902,3,1396869,Trifolium thalii,61.697102
CBN-Pla-C5-20150702,1,1396144,Sedum alpestre,64.831619
CBN-Pla-C5-20150702,2,1393224,Hydrocotyle bonariensis,61.976021
CBN-Pla-C5-20150702,3,1397491,Sedum atratum,59.395061
CBN-Pla-C5-20150723,1,1396144,Sedum alpestre,67.607498
CBN-Pla-C5-20150723,2,1397046,Veronica bellidioides,63.110928
CBN-Pla-C5-20150723,3,1396869,Trifolium thalii,62.520622
CBN-Pla-C5-20150811,1,1396144,Sedum alpestre,67.223816
CBN-Pla-C5-20150811,2,1396869,Trifolium thalii,64.691528
CBN-Pla-C5-20150811,3,1395807,Salix herbacea,62.286888
CBN-Pla-C5-20150901,1,1396869,Trifolium thalii,65.345306
CBN-Pla-C5-20150901,2,1396144,Sedum alpestre,64.821945
CBN-Pla-C5-20150901,3,1394311,Oreochloa disticha,64.539650
CBN-Pla-C5-20160707,1,1741880,Salix serpillifolia,61.617352
CBN-Pla-C5-20160707,2,1392541,Gentiana brachyphylla,60.145897
CBN-Pla-C5-20160707,3,1394597,Pinguicula corsica,59.728127
CBN-Pla-C5-20160728,1,1395807,Salix herbacea,61.920654
CBN-Pla-C5-20160728,2,1394311,Oreochloa disticha,59.479435
CBN-Pla-C5-20160728,3,1396144,Sedum alpestre,59.478806
CBN-Pla-C5-20180724,1,1394311,Oreochloa disticha,58.960304
CBN-Pla-C5-20180724,2,1361374,Poa ligulata,57.324131
CBN-Pla-C5-20180724,3,1396144,Sedum alpestre,57.142906
CBN-Pla-C5-20180816,1,1395807,Salix herbacea,61.641937
CBN-Pla-C5-20180816,2,1396869,Trifolium thalii,61.040565
CBN-Pla-C5-20180816,3,1412857,Omalotheca supina,60.490456
CBN-Pla-C5-20180906,1,1412857,Omalotheca supina,62.657990
CBN-Pla-C5-20180906,2,1395807,Salix herbacea,62.628521
CBN-Pla-C5-20180906,3,1741880,Salix serpillifolia,58.764366
CBN-Pla-C5-20190723,1,1395807,Salix herbacea,60.989178
CBN-Pla-C5-20190723,2,1393200,Homogyne alpina,59.892227
CBN-Pla-C5-20190723,3,1741880,Salix serpillifolia,59.751602
CBN-Pla-C5-20190814,1,1395807,Salix herbacea,63.011330
CBN-Pla-C5-20190814,2,1359333,Medicago arabica,62.667778
CBN-Pla-C5-20190814,3,1742053,Omalotheca hoppeana,61.179352
CBN-Pla-C5-20200723,1,1412857,Omalotheca supina,64.125046
CBN-Pla-C5-20200723,2,1395807,Salix herbacea,63.457100
CBN-Pla-C5-20200723,3,1742053,Omalotheca hoppeana,61.667255
CBN-Pla-C5-20200814,1,1395807,Salix herbacea,61.213490
CBN-Pla-C5-20200814,2,1652912,Nassella trichotoma,61.129681
CBN-Pla-C5-20200814,3,1394643,Antennaria dioica,60.388012
CBN-Pla-C6-20130808,1,1396253,Sibbaldia procumbens,64.735771
CBN-Pla-C6-20130808,2,1395807,Salix herbacea,62.522175
CBN-Pla-C6-20130808,3,1394641,Antennaria carpatica,61.877270
CBN-Pla-C6-20130904,1,1396253,Sibbaldia procumbens,62.747513
CBN-Pla-C6-20130904,2,1395870,Salix retusa,62.655113
CBN-Pla-C6-20130904,3,1741880,Salix serpillifolia,62.127766
CBN-Pla-C6-20140902,1,1742053,Omalotheca hoppeana,63.816303
CBN-Pla-C6-20140902,2,1412857,Omalotheca supina,61.695938
CBN-Pla-C6-20140902,3,1395807,Salix herbacea,61.131176
CBN-Pla-C6-20150702,1,1396253,Sibbaldia procumbens,62.774651
CBN-Pla-C6-20150702,2,1361367,Poa alpina,58.961967
CBN-Pla-C6-20150702,3,1399798,Pinguicula dertosensis,58.264809
CBN-Pla-C6-20150723,1,1395807,Salix herbacea,61.168221
CBN-Pla-C6-20150723,2,1741880,Salix serpillifolia,60.853909
CBN-Pla-C6-20150723,3,1412857,Omalotheca supina,60.272102
CBN-Pla-C6-20150811,1,1396253,Sibbaldia procumbens,61.642693
CBN-Pla-C6-20150811,2,1395807,Salix herbacea,61.345997
CBN-Pla-C6-20150811,3,1742053,Omalotheca hoppeana,61.072575
CBN-Pla-C6-20150901,1,1742053,Omalotheca hoppeana,65.377792
CBN-Pla-C6-20150901,2,1396253,Sibbaldia procumbens,65.021629
CBN-Pla-C6-20150901,3,1395807,Salix herbacea,62.090099
CBN-Pla-C6-20160707,1,1396253,Sibbaldia procumbens,62.340591
CBN-Pla-C6-20160707,2,1392260,Festuca alpina,60.065369
CBN-Pla-C6-20160707,3,1392241,Alchemilla pentaphyllea,60.034035
CBN-Pla-C6-20160728,1,1395870,Salix retusa,63.758865
CBN-Pla-C6-20160728,2,1741880,Salix serpillifolia,62.697308
CBN-Pla-C6-20160728,3,1395807,Salix herbacea,62.144184
CBN-Pla-C6-20180724,1,1396253,Sibbaldia procumbens,61.567039
CBN-Pla-C6-20180724,2,1391781,Draba subnivalis,58.825546
CBN-Pla-C6-20180724,3,1360306,Potentilla caulescens,58.772503
CBN-Pla-C6-20180816,1,1412857,Omalotheca supina,64.103355
CBN-Pla-C6-20180816,2,1395807,Salix herbacea,62.513561
CBN-Pla-C6-20180816,3,1742053,Omalotheca hoppeana,62.500130
CBN-Pla-C6-20180906,1,1742053,Omalotheca hoppeana,64.223846
CBN-Pla-C6-20180906,2,1412857,Omalotheca supina,62.257065
CBN-Pla-C6-20180906,3,1395807,Salix herbacea,62.090309
CBN-Pla-C6-20190723,1,1395807,Salix herbacea,61.912834
CBN-Pla-C6-20190723,2,1741880,Salix serpillifolia,60.455608
CBN-Pla-C6-20190723,3,1397386,Festuca scabriculmis,60.271378
CBN-Pla-C6-20190814,1,1741880,Salix serpillifolia,63.567360
CBN-Pla-C6-20190814,2,1396253,Sibbaldia procumbens,61.735970
CBN-Pla-C6-20190814,3,1397386,Festuca scabriculmis,61.594749
CBN-Pla-C6-20200723,1,1396144,Sedum alpestre,65.575951
CBN-Pla-C6-20200723,2,1396253,Sibbaldia procumbens,64.731911
CBN-Pla-C6-20200723,3,1395807,Salix herbacea,63.589867
CBN-Pla-C6-20200814,1,1395870,Salix retusa,62.878609
CBN-Pla-C6-20200814,2,1741880,Salix serpillifolia,62.274426
CBN-Pla-C6-20200814,3,1395807,Salix herbacea,61.810768
CBN-Pla-D1-20130808,1,1396253,Sibbaldia procumbens,64.448051
CBN-Pla-D1-20130808,2,1361347,Nardus stricta,62.673141
CBN-Pla-D1-20130808,3,1395807,Salix herbacea,62.203400
CBN-Pla-D1-20130904,1,1396253,Sibbaldia procumbens,64.013725
CBN-Pla-D1-20130904,2,1396144,Sedum alpestre,63.506409
CBN-Pla-D1-20130904,3,1742053,Omalotheca hoppeana,63.448196
CBN-Pla-D1-20140722,1,1396253,Sibbaldia procumbens,59.841415
CBN-Pla-D1-20140722,2,1418688,Arctous alpina,59.154202
CBN-Pla-D1-20140722,3,1390837,Carex humilis,58.804283
CBN-Pla-D1-20140902,1,1395870,Salix retusa,63.853004
CBN-Pla-D1-20140902,2,1396253,Sibbaldia procumbens,62.904640
CBN-Pla-D1-20140902,3,1741880,Salix serpillifolia,62.602127
CBN-Pla-D1-20150702,1,1396253,Sibbaldia procumbens,61.141785
CBN-Pla-D1-20150702,2,1361347,Nardus stricta,60.602951
CBN-Pla-D1-20150702,3,1741880,Salix serpillifolia,59.062546
CBN-Pla-D1-20150723,1,1741880,Salix serpillifolia,63.004089
CBN-Pla-D1-20150723,2,1395870,Salix retusa,62.402267
CBN-Pla-D1-20150723,3,1396253,Sibbaldia procumbens,61.477551
CBN-Pla-D1-20150811,1,1412857,Omalotheca supina,62.995327
CBN-Pla-D1-20150811,2,1396253,Sibbaldia procumbens,62.221653
CBN-Pla-D1-20150811,3,1742053,Omalotheca hoppeana,62.148209
CBN-Pla-D1-20150901,1,1400176,Bistorta vivipara,63.874832
CBN-Pla-D1-20150901,2,1742053,Omalotheca hoppeana,63.575062
CBN-Pla-D1-20150901,3,1396253,Sibbaldia procumbens,63.501137
CBN-Pla-D1-20160707,1,1396253,Sibbaldia procumbens,62.446182
CBN-Pla-D1-20160707,2,1361273,Festuca hystrix,61.525986
CBN-Pla-D1-20160707,3,1395807,Salix herbacea,61.515091
CBN-Pla-D1-20160728,1,1742053,Omalotheca hoppeana,62.252773
CBN-Pla-D1-20160728,2,1361141,Agrostis rupestris,62.166351
CBN-Pla-D1-20160728,3,1395718,Sagina saginoides,61.995548
CBN-Pla-D1-20180724,1,1412857,Omalotheca supina,62.556492
CBN-Pla-D1-20180724,2,1361347,Nardus stricta,60.910175
CBN-Pla-D1-20180724,3,1395807,Salix herbacea,59.911034
CBN-Pla-D1-20180816,1,1412857,Omalotheca supina,63.195919
CBN-Pla-D1-20180816,2,1742053,Omalotheca hoppeana,63.018517
CBN-Pla-D1-20180816,3,1397043,Veronica alpina,61.702332
CBN-Pla-D1-20180906,1,1412857,Omalotheca supina,64.850815
CBN-Pla-D1-20180906,2,1394542,Phyteuma hemisphaericum,62.449814
CBN-Pla-D1-20180906,3,1396843,Trifolium alpinum,61.938034
CBN-Pla-D1-20190723,1,1396253,Sibbaldia procumbens,61.061195
CBN-Pla-D1-20190723,2,1392352,Filago tyrrhenica,60.390026
CBN-Pla-D1-20190723,3,1358463,Lomelosia graminifolia,60.172760
CBN-Pla-D1-20190814,1,1394311,Oreochloa disticha,64.015434
CBN-Pla-D1-20190814,2,1395718,Sagina saginoides,63.076126
CBN-Pla-D1-20190814,3,1741880,Salix serpillifolia,62.963367
CBN-Pla-D1-20200723,1,1742053,Omalotheca hoppeana,61.744415
CBN-Pla-D1-20200723,2,1412857,Omalotheca supina,61.364075
CBN-Pla-D1-20200723,3,1647128,Armeria alpina,61.040230
CBN-Pla-D1-20200814,1,1742053,Omalotheca hoppeana,67.288589
CBN-Pla-D1-20200814,2,1412857,Omalotheca supina,65.946869
CBN-Pla-D1-20200814,3,1394311,Oreochloa disticha,65.141220
CBN-Pla-D2-20130808,1,1394911,Primula integrifolia,61.639877
CBN-Pla-D2-20130808,2,1412857,Omalotheca supina,61.618233
CBN-Pla-D2-20130808,3,1396253,Sibbaldia procumbens,61.329826
CBN-Pla-D2-20130904,1,1396843,Trifolium alpinum,64.315918
CBN-Pla-D2-20130904,2,1400176,Bistorta vivipara,62.103348
CBN-Pla-D2-20130904,3,1393200,Homogyne alpina,61.708279
CBN-Pla-D2-20140722,1,1396253,Sibbaldia procumbens,58.983124
CBN-Pla-D2-20140722,2,1393200,Homogyne alpina,58.599575
CBN-Pla-D2-20140722,3,1390793,Carex curvula,58.162125
CBN-Pla-D2-20140902,1,1393200,Homogyne alpina,63.330284
CBN-Pla-D2-20140902,2,1396843,Trifolium alpinum,62.543400
CBN-Pla-D2-20140902,3,1363133,Triglochin striata,61.365448
CBN-Pla-D2-20150702,1,1396253,Sibbaldia procumbens,60.188046
CBN-Pla-D2-20150702,2,1407739,Bromus catharticus,59.786732
CBN-Pla-D2-20150702,3,1361347,Nardus stricta,58.681679
CBN-Pla-D2-20150723,1,1396843,Trifolium alpinum,66.161720
CBN-Pla-D2-20150723,2,1397450,Orthilia secunda,62.898300
CBN-Pla-D2-20150723,3,1397386,Festuca scabriculmis,62.036560
CBN-Pla-D2-20150811,1,1412857,Omalotheca supina,63.526989
CBN-Pla-D2-20150811,2,1400176,Bistorta vivipara,63.443974
CBN-Pla-D2-20150811,3,1742053,Omalotheca hoppeana,62.653423
CBN-Pla-D2-20150901,1,1396843,Trifolium alpinum,65.151512
CBN-Pla-D2-20150901,2,1742053,Omalotheca hoppeana,62.734043
CBN-Pla-D2-20150901,3,1361141,Agrostis rupestris,62.643326
CBN-Pla-D2-20160707,1,1412857,Omalotheca supina,62.158997
CBN-Pla-D2-20160707,2,1742053,Omalotheca hoppeana,61.694553
CBN-Pla-D2-20160707,3,1396843,Trifolium alpinum,61.686516
CBN-Pla-D2-20160728,1,1412857,Omalotheca supina,62.281181
CBN-Pla-D2-20160728,2,1394643,Antennaria dioica,61.529984
CBN-Pla-D2-20160728,3,1396843,Trifolium alpinum,61.406796
CBN-Pla-D2-20180724,1,1412857,Omalotheca supina,60.651089
CBN-Pla-D2-20180724,2,1742053,Omalotheca hoppeana,58.357342
CBN-Pla-D2-20180724,3,1390837,Carex humilis,58.247242
CBN-Pla-D2-20180816,1,1396253,Sibbaldia procumbens,64.392433
CBN-Pla-D2-20180816,2,1412857,Omalotheca supina,64.031059
CBN-Pla-D2-20180816,3,1400176,Bistorta vivipara,63.680122
CBN-Pla-D2-20180906,1,1400176,Bistorta vivipara,65.190308
CBN-Pla-D2-20180906,2,1396253,Sibbaldia procumbens,64.715408
CBN-Pla-D2-20180906,3,1396843,Trifolium alpinum,64.679115
CBN-Pla-D2-20190723,1,1742053,Omalotheca hoppeana,62.263863
CBN-Pla-D2-20190723,2,1397043,Veronica alpina,62.166542
CBN-Pla-D2-20190723,3,1741880,Salix serpillifolia,61.885986
CBN-Pla-D2-20190814,1,1396253,Sibbaldia procumbens,64.323242
CBN-Pla-D2-20190814,2,1412857,Omalotheca supina,63.856979
CBN-Pla-D2-20190814,3,1742053,Omalotheca hoppeana,63.499100
CBN-Pla-D2-20200723,1,1400176,Bistorta vivipara,64.545776
CBN-Pla-D2-20200723,2,1396253,Sibbaldia procumbens,62.647545
CBN-Pla-D2-20200723,3,1396843,Trifolium alpinum,62.377556
CBN-Pla-D2-20200814,1,1742053,Omalotheca hoppeana,66.830093
CBN-Pla-D2-20200814,2,1400176,Bistorta vivipara,66.136978
CBN-Pla-D2-20200814,3,1392552,Gentiana nivalis,65.501648
CBN-Pla-D3-20130808,1,1741880,Salix serpillifolia,65.343651
CBN-Pla-D3-20130808,2,1395870,Salix retusa,64.307755
CBN-Pla-D3-20130808,3,1395807,Salix herbacea,62.108322
CBN-Pla-D3-20130904,1,1395870,Salix retusa,65.243286
CBN-Pla-D3-20130904,2,1741880,Salix serpillifolia,64.662071
CBN-Pla-D3-20130904,3,1396253,Sibbaldia procumbens,62.847511
CBN-Pla-D3-20140722,1,1392522,Genista pulchella,61.439053
CBN-Pla-D3-20140722,2,1743315,Helosciadium bermejoi,59.854252
CBN-Pla-D3-20140722,3,1743999,Crassula peduncularis,59.354317
CBN-Pla-D3-20140902,1,1395870,Salix retusa,64.735405
CBN-Pla-D3-20140902,2,1363133,Triglochin striata,63.901031
CBN-Pla-D3-20140902,3,1396253,Sibbaldia procumbens,63.672676
CBN-Pla-D3-20150702,1,1397500,Soldanella alpina,61.704437
CBN-Pla-D3-20150702,2,1396253,Sibbaldia procumbens,60.224022
CBN-Pla-D3-20150702,3,1396144,Sedum alpestre,57.610332
CBN-Pla-D3-20150723,1,1741880,Salix serpillifolia,64.285332
CBN-Pla-D3-20150723,2,1395870,Salix retusa,63.499439
CBN-Pla-D3-20150723,3,1360748,Hydrocotyle vulgaris,62.431068
CBN-Pla-D3-20150811,1,1395870,Salix retusa,64.771172
CBN-Pla-D3-20150811,2,1741880,Salix serpillifolia,63.575706
CBN-Pla-D3-20150811,3,1396253,Sibbaldia procumbens,62.857033
CBN-Pla-D3-20150901,1,1742053,Omalotheca hoppeana,65.744522
CBN-Pla-D3-20150901,2,1395870,Salix retusa,65.096649
CBN-Pla-D3-20150901,3,1741880,Salix serpillifolia,64.324699
CBN-Pla-D3-20160707,1,1397500,Soldanella alpina,64.341461
CBN-Pla-D3-20160707,2,1741880,Salix serpillifolia,62.969433
CBN-Pla-D3-20160707,3,1396094,Arenaria biflora,61.900841
CBN-Pla-D3-20160728,1,1741880,Salix serpillifolia,63.840755
CBN-Pla-D3-20160728,2,1395870,Salix retusa,62.922512
CBN-Pla-D3-20160728,3,1392541,Gentiana brachyphylla,61.808838
CBN-Pla-D3-20180724,1,1361347,Nardus stricta,58.465385
CBN-Pla-D3-20180724,2,1390793,Carex curvula,57.570271
CBN-Pla-D3-20180724,3,1737701,Kalmia procumbens,57.501167
CBN-Pla-D3-20180816,1,1412857,Omalotheca supina,62.686783
CBN-Pla-D3-20180816,2,1397043,Veronica alpina,62.446705
CBN-Pla-D3-20180816,3,1395870,Salix retusa,61.854431
CBN-Pla-D3-20180906,1,1400176,Bistorta vivipara,62.550591
CBN-Pla-D3-20180906,2,1742053,Omalotheca hoppeana,62.201633
CBN-Pla-D3-20180906,3,1395870,Salix retusa,61.969875
CBN-Pla-D3-20190723,1,1741880,Salix serpillifolia,64.876595
CBN-Pla-D3-20190723,2,1395870,Salix retusa,62.502769
CBN-Pla-D3-20190723,3,1396253,Sibbaldia procumbens,62.011875
CBN-Pla-D3-20190814,1,1395870,Salix retusa,65.714104
CBN-Pla-D3-20190814,2,1741880,Salix serpillifolia,64.800674
CBN-Pla-D3-20190814,3,1396253,Sibbaldia procumbens,61.779095
CBN-Pla-D3-20200723,1,1400176,Bistorta vivipara,64.824791
CBN-Pla-D3-20200723,2,1741880,Salix serpillifolia,63.596653
CBN-Pla-D3-20200723,3,1396253,Sibbaldia procumbens,62.764641
CBN-Pla-D3-20200814,1,1392552,Gentiana nivalis,66.106407
CBN-Pla-D3-20200814,2,1741880,Salix serpillifolia,65.701462
CBN-Pla-D3-20200814,3,1395870,Salix retusa,63.883240
CBN-Pla-D4-20130808,1,1395870,Salix retusa,65.359146
CBN-Pla-D4-20130808,2,1741880,Salix serpillifolia,64.605957
CBN-Pla-D4-20130808,3,1396253,Sibbaldia procumbens,63.496986
CBN-Pla-D4-20130904,1,1396144,Sedum alpestre,64.454010
CBN-Pla-D4-20130904,2,1741880,Salix serpillifolia,64.207062
CBN-Pla-D4-20130904,3,1395870,Salix retusa,63.486809
CBN-Pla-D4-20140722,1,1396144,Sedum alpestre,64.285172
CBN-Pla-D4-20140722,2,1396253,Sibbaldia procumbens,62.569145
CBN-Pla-D4-20140722,3,1528543,Crassula nudicaulis,58.782623
CBN-Pla-D4-20140902,1,1396253,Sibbaldia procumbens,62.818584
CBN-Pla-D4-20140902,2,1397043,Veronica alpina,62.434105
CBN-Pla-D4-20140902,3,1395870,Salix retusa,62.353870
CBN-Pla-D4-20150702,1,1396253,Sibbaldia procumbens,61.191200
CBN-Pla-D4-20150702,2,1388766,Botrychium simplex,59.641228
CBN-Pla-D4-20150702,3,1361703,Posidonia oceanica,59.051559
CBN-Pla-D4-20150723,1,1390899,Carex pyrenaica,63.443222
CBN-Pla-D4-20150723,2,1395870,Salix retusa,63.092628
CBN-Pla-D4-20150723,3,1395862,Salix pyrenaica,62.423775
CBN-Pla-D4-20150811,1,1395870,Salix retusa,64.132164
CBN-Pla-D4-20150811,2,1741880,Salix serpillifolia,64.097359
CBN-Pla-D4-20150811,3,1399082,Armeria sardoa,63.232796
CBN-Pla-D4-20150901,1,1395870,Salix retusa,65.376137
CBN-Pla-D4-20150901,2,1396253,Sibbaldia procumbens,64.591148
CBN-Pla-D4-20150901,3,1743471,Festuca glacialis,64.397430
CBN-Pla-D4-20160707,1,1396253,Sibbaldia procumbens,62.413719
CBN-Pla-D4-20160707,2,1395870,Salix retusa,61.265388
CBN-Pla-D4-20160707,3,1392541,Gentiana brachyphylla,59.238052
CBN-Pla-D4-20160728,1,1397043,Veronica alpina,62.665577
CBN-Pla-D4-20160728,2,1397465,Polygala alpina,62.580208
CBN-Pla-D4-20160728,3,1396253,Sibbaldia procumbens,62.248047
CBN-Pla-D4-20180724,1,1396253,Sibbaldia procumbens,61.529419
CBN-Pla-D4-20180724,2,1390904,Carex rupestris,58.951340
CBN-Pla-D4-20180724,3,1361347,Nardus stricta,55.822124
CBN-Pla-D4-20180816,1,1395870,Salix retusa,65.322212
CBN-Pla-D4-20180816,2,1396253,Sibbaldia procumbens,64.106087
CBN-Pla-D4-20180816,3,1741880,Salix serpillifolia,63.821495
CBN-Pla-D4-20180906,1,1395870,Salix retusa,65.033905
CBN-Pla-D4-20180906,2,1396253,Sibbaldia procumbens,64.467720
CBN-Pla-D4-20180906,3,1741880,Salix serpillifolia,64.270256
CBN-Pla-D4-20190723,1,1396253,Sibbaldia procumbens,62.628777
CBN-Pla-D4-20190723,2,1395870,Salix retusa,61.759171
CBN-Pla-D4-20190723,3,1741880,Salix serpillifolia,61.626221
CBN-Pla-D4-20190814,1,1395870,Salix retusa,66.757111
CBN-Pla-D4-20190814,2,1395807,Salix herbacea,63.318470
CBN-Pla-D4-20190814,3,1741880,Salix serpillifolia,62.687996
CBN-Pla-D4-20200723,1,1396253,Sibbaldia procumbens,63.968079
CBN-Pla-D4-20200723,2,1395870,Salix retusa,63.575600
CBN-Pla-D4-20200723,3,1390793,Carex curvula,62.668869
CBN-Pla-D4-20200814,1,1395870,Salix retusa,66.505363
CBN-Pla-D4-20200814,2,1741880,Salix serpillifolia,64.101662
CBN-Pla-D4-20200814,3,1392552,Gentiana nivalis,63.842411
CBN-Pla-D5-20130808,1,1412857,Omalotheca supina,66.553864
CBN-Pla-D5-20130808,2,1396253,Sibbaldia procumbens,64.193504
CBN-Pla-D5-20130808,3,1396144,Sedum alpestre,63.831848
CBN-Pla-D5-20130904,1,1742053,Omalotheca hoppeana,61.097893
CBN-Pla-D5-20130904,2,1395807,Salix herbacea,60.663712
CBN-Pla-D5-20130904,3,1396253,Sibbaldia procumbens,60.510376
CBN-Pla-D5-20140722,1,1396144,Sedum alpestre,62.477234
CBN-Pla-D5-20140722,2,1390811,Carex ericetorum,61.162266
CBN-Pla-D5-20140722,3,1391781,Draba subnivalis,59.690063
CBN-Pla-D5-20140902,1,1396144,Sedum alpestre,67.841766
CBN-Pla-D5-20140902,2,1361367,Poa alpina,64.187836
CBN-Pla-D5-20140902,3,1394311,Oreochloa disticha,64.043808
CBN-Pla-D5-20150702,1,1396253,Sibbaldia procumbens,61.217548
CBN-Pla-D5-20150702,2,1396843,Trifolium alpinum,59.636299
CBN-Pla-D5-20150702,3,1396144,Sedum alpestre,58.919624
CBN-Pla-D5-20150723,1,1396144,Sedum alpestre,66.290710
CBN-Pla-D5-20150723,2,1394911,Primula integrifolia,61.957691
CBN-Pla-D5-20150723,3,1390883,Carex parviflora,61.909569
CBN-Pla-D5-20150811,1,1396253,Sibbaldia procumbens,62.638626
CBN-Pla-D5-20150811,2,1390883,Carex parviflora,62.526699
CBN-Pla-D5-20150811,3,1361367,Poa alpina,61.587860
CBN-Pla-D5-20150901,1,1396144,Sedum alpestre,65.887650
CBN-Pla-D5-20150901,2,1394311,Oreochloa disticha,64.542763
CBN-Pla-D5-20150901,3,1396843,Trifolium alpinum,63.532898
CBN-Pla-D5-20160707,1,1392541,Gentiana brachyphylla,62.941246
CBN-Pla-D5-20160707,2,1395807,Salix herbacea,60.183361
CBN-Pla-D5-20160707,3,1418688,Arctous alpina,59.838432
CBN-Pla-D5-20160728,1,1395807,Salix herbacea,61.485775
CBN-Pla-D5-20160728,2,1396253,Sibbaldia procumbens,60.537083
CBN-Pla-D5-20160728,3,1397043,Veronica alpina,59.705292
CBN-Pla-D5-20180724,1,1396253,Sibbaldia procumbens,61.957508
CBN-Pla-D5-20180724,2,1418688,Arctous alpina,57.641167
CBN-Pla-D5-20180724,3,1486742,Cylindropuntia tunicata,56.601852
CBN-Pla-D5-20180816,1,1396253,Sibbaldia procumbens,64.139542
CBN-Pla-D5-20180816,2,1395807,Salix herbacea,62.276745
CBN-Pla-D5-20180816,3,1397043,Veronica alpina,61.826111
CBN-Pla-D5-20180906,1,1396253,Sibbaldia procumbens,63.840481
CBN-Pla-D5-20180906,2,1396843,Trifolium alpinum,62.284813
CBN-Pla-D5-20180906,3,1395807,Salix herbacea,61.572227
CBN-Pla-D5-20190723,1,1396253,Sibbaldia procumbens,61.860115
CBN-Pla-D5-20190723,2,1395807,Salix herbacea,61.705894
CBN-Pla-D5-20190723,3,1741880,Salix serpillifolia,60.754238
CBN-Pla-D5-20190814,1,1396144,Sedum alpestre,64.858421
CBN-Pla-D5-20190814,2,1397043,Veronica alpina,64.436470
CBN-Pla-D5-20190814,3,1397046,Veronica bellidioides,63.567520
CBN-Pla-D5-20200723,1,1396253,Sibbaldia procumbens,64.532547
CBN-Pla-D5-20200723,2,1742053,Omalotheca hoppeana,64.401726
CBN-Pla-D5-20200723,3,1412857,Omalotheca supina,62.779770
CBN-Pla-D6-20130808,1,1392541,Gentiana brachyphylla,63.413803
CBN-Pla-D6-20130808,2,1412857,Omalotheca supina,63.068199
CBN-Pla-D6-20130808,3,1395807,Salix herbacea,62.642677
CBN-Pla-D6-20130904,1,1392534,Gentiana acaulis,64.469986
CBN-Pla-D6-20130904,2,1395870,Salix retusa,63.547417
CBN-Pla-D6-20130904,3,1392541,Gentiana brachyphylla,62.928650
CBN-Pla-D6-20140722,1,1394599,Pinguicula leptoceras,59.416439
CBN-Pla-D6-20140722,2,1392541,Gentiana brachyphylla,59.367683
CBN-Pla-D6-20140722,3,1412857,Omalotheca supina,58.990067
CBN-Pla-D6-20140902,1,1392552,Gentiana nivalis,64.290199
CBN-Pla-D6-20140902,2,1395807,Salix herbacea,62.029346
CBN-Pla-D6-20140902,3,1392541,Gentiana brachyphylla,61.880203
CBN-Pla-D6-20150702,1,1744293,Pinguicula tejedensis,62.917625
CBN-Pla-D6-20150702,2,1399800,Pinguicula nevadensis,62.389179
CBN-Pla-D6-20150702,3,1399798,Pinguicula dertosensis,62.210728
CBN-Pla-D6-20150723,1,1395807,Salix herbacea,62.229462
CBN-Pla-D6-20150723,2,1396843,Trifolium alpinum,61.442070
CBN-Pla-D6-20150723,3,1741880,Salix serpillifolia,61.401089
CBN-Pla-D6-20150811,1,1392552,Gentiana nivalis,65.313194
CBN-Pla-D6-20150811,2,1395807,Salix herbacea,61.231533
CBN-Pla-D6-20150811,3,1396843,Trifolium alpinum,60.605217
CBN-Pla-D6-20150901,1,1392541,Gentiana brachyphylla,64.796700
CBN-Pla-D6-20150901,2,1396843,Trifolium alpinum,64.178329
CBN-Pla-D6-20150901,3,1396869,Trifolium thalii,63.654060
CBN-Pla-D6-20160707,1,1392541,Gentiana brachyphylla,63.199371
CBN-Pla-D6-20160707,2,1388766,Botrychium simplex,62.543404
CBN-Pla-D6-20160707,3,1394597,Pinguicula corsica,60.914345
CBN-Pla-D6-20160728,1,1397043,Veronica alpina,64.043465
CBN-Pla-D6-20160728,2,1396253,Sibbaldia procumbens,63.523548
CBN-Pla-D6-20160728,3,1741880,Salix serpillifolia,62.609516
CBN-Pla-D6-20180724,1,1744293,Pinguicula tejedensis,61.383347
CBN-Pla-D6-20180724,2,1412857,Omalotheca supina,60.595928
CBN-Pla-D6-20180724,3,1532190,Carex rorulenta,60.127548
CBN-Pla-D6-20180816,1,1397043,Veronica alpina,63.717033
CBN-Pla-D6-20180816,2,1395807,Salix herbacea,62.703781
CBN-Pla-D6-20180816,3,1397046,Veronica bellidioides,62.661461
CBN-Pla-D6-20180906,1,1396253,Sibbaldia procumbens,63.976341
CBN-Pla-D6-20180906,2,1397043,Veronica alpina,62.509792
CBN-Pla-D6-20180906,3,1395807,Salix herbacea,62.058594
CBN-Pla-D6-20190723,1,1396144,Sedum alpestre,63.351166
CBN-Pla-D6-20190723,2,1742053,Omalotheca hoppeana,62.766624
CBN-Pla-D6-20190723,3,1412857,Omalotheca supina,62.506462
CBN-Pla-D6-20190814,1,1394311,Oreochloa disticha,62.925694
CBN-Pla-D6-20190814,2,1399800,Pinguicula nevadensis,62.699669
CBN-Pla-D6-20190814,3,1394597,Pinguicula corsica,62.560089
CBN-Pla-D6-20200723,1,1412857,Omalotheca supina,63.700283
CBN-Pla-D6-20200723,2,1395807,Salix herbacea,63.352398
CBN-Pla-D6-20200723,3,1742053,Omalotheca hoppeana,62.377064
CBN-Pla-D6-20200814,1,1392552,Gentiana nivalis,65.751205
CBN-Pla-D6-20200814,2,1395807,Salix herbacea,63.020325
CBN-Pla-D6-20200814,3,1396253,Sibbaldia procumbens,62.986153
CBN-Pla-E1-20130808,1,1396144,Sedum alpestre,66.210236
CBN-Pla-E1-20130808,2,1396253,Sibbaldia procumbens,63.126785
CBN-Pla-E1-20130808,3,1397491,Sedum atratum,60.892677
CBN-Pla-E1-20130904,1,1396144,Sedum alpestre,65.466858
CBN-Pla-E1-20130904,2,1396253,Sibbaldia procumbens,62.791878
CBN-Pla-E1-20130904,3,1395940,Saxifraga aizoides,62.112072
CBN-Pla-E1-20140722,1,1396144,Sedum alpestre,67.129929
CBN-Pla-E1-20140722,2,1399800,Pinguicula nevadensis,62.952686
CBN-Pla-E1-20140722,3,1396843,Trifolium alpinum,62.270267
CBN-Pla-E1-20140902,1,1396144,Sedum alpestre,66.595871
CBN-Pla-E1-20140902,2,1396253,Sibbaldia procumbens,63.582668
CBN-Pla-E1-20140902,3,1397491,Sedum atratum,62.200798
CBN-Pla-E1-20150702,1,1396144,Sedum alpestre,66.251305
CBN-Pla-E1-20150702,2,1397491,Sedum atratum,62.391884
CBN-Pla-E1-20150702,3,1396253,Sibbaldia procumbens,62.368107
CBN-Pla-E1-20150723,1,1396144,Sedum alpestre,65.070198
CBN-Pla-E1-20150723,2,1396272,Silene acaulis,63.868904
CBN-Pla-E1-20150723,3,1412857,Omalotheca supina,63.161057
CBN-Pla-E1-20150901,1,1396144,Sedum alpestre,65.488548
CBN-Pla-E1-20150901,2,1361141,Agrostis rupestris,63.996506
CBN-Pla-E1-20150901,3,1396272,Silene acaulis,63.445511
CBN-Pla-E1-20160707,1,1396144,Sedum alpestre,66.289780
CBN-Pla-E1-20160707,2,1392541,Gentiana brachyphylla,64.286308
CBN-Pla-E1-20160707,3,1392535,Gentiana alpina,62.277950
CBN-Pla-E1-20160728,1,1392535,Gentiana alpina,65.828613
CBN-Pla-E1-20160728,2,1396144,Sedum alpestre,65.563660
CBN-Pla-E1-20160728,3,1392534,Gentiana acaulis,64.474762
CBN-Pla-E1-20180816,1,1744479,Armeria bigerrensis,66.433533
CBN-Pla-E1-20180816,2,1396144,Sedum alpestre,65.996193
CBN-Pla-E1-20180816,3,1396253,Sibbaldia procumbens,65.183899
CBN-Pla-E1-20180906,1,1394542,Phyteuma hemisphaericum,67.765182
CBN-Pla-E1-20180906,2,1396144,Sedum alpestre,67.612816
CBN-Pla-E1-20180906,3,1396253,Sibbaldia procumbens,64.968269
CBN-Pla-E1-20190723,1,1744479,Armeria bigerrensis,67.281952
CBN-Pla-E1-20190723,2,1392535,Gentiana alpina,65.690620
CBN-Pla-E1-20190723,3,1392534,Gentiana acaulis,65.529411
CBN-Pla-E1-20190814,1,1744479,Armeria bigerrensis,66.334106
CBN-Pla-E1-20190814,2,1396144,Sedum alpestre,65.829323
CBN-Pla-E1-20190814,3,1396253,Sibbaldia procumbens,64.906609
CBN-Pla-E1-20200630,1,1396253,Sibbaldia procumbens,63.271698
CBN-Pla-E1-20200630,2,1395949,Saxifraga bryoides,62.129005
CBN-Pla-E1-20200630,3,1395948,Saxifraga biflora,61.304893
CBN-Pla-E1-20200723,1,1396843,Trifolium alpinum,66.505890
CBN-Pla-E1-20200723,2,1396144,Sedum alpestre,66.371262
CBN-Pla-E1-20200723,3,1744479,Armeria bigerrensis,65.358063
CBN-Pla-E1-20200814,1,1744479,Armeria bigerrensis,68.078529
CBN-Pla-E1-20200814,2,1647128,Armeria alpina,65.462921
CBN-Pla-E1-20200814,3,1396362,Armeria leucocephala,64.899246
CBN-Pla-E2-20130808,1,1396144,Sedum alpestre,67.140366
CBN-Pla-E2-20130808,2,1396253,Sibbaldia procumbens,63.972775
CBN-Pla-E2-20130808,3,1738749,Cherleria sedoides,63.360664
CBN-Pla-E2-20130904,1,1396144,Sedum alpestre,65.190994
CBN-Pla-E2-20130904,2,1396272,Silene acaulis,64.299889
CBN-Pla-E2-20130904,3,1396253,Sibbaldia procumbens,63.898743
CBN-Pla-E2-20140722,1,1396144,Sedum alpestre,65.755913
CBN-Pla-E2-20140722,2,1396253,Sibbaldia procumbens,64.002174
CBN-Pla-E2-20140722,3,1738749,Cherleria sedoides,63.579113
CBN-Pla-E2-20140902,1,1396144,Sedum alpestre,66.653030
CBN-Pla-E2-20140902,2,1394542,Phyteuma hemisphaericum,65.233559
CBN-Pla-E2-20140902,3,1396253,Sibbaldia procumbens,64.413498
CBN-Pla-E2-20150702,1,1396144,Sedum alpestre,66.714737
CBN-Pla-E2-20150702,2,1396253,Sibbaldia procumbens,65.298546
CBN-Pla-E2-20150702,3,1396272,Silene acaulis,63.931351
CBN-Pla-E2-20150723,1,1396144,Sedum alpestre,65.923286
CBN-Pla-E2-20150723,2,1396253,Sibbaldia procumbens,64.339218
CBN-Pla-E2-20150723,3,1396272,Silene acaulis,63.675362
CBN-Pla-E2-20150901,1,1396144,Sedum alpestre,65.389191
CBN-Pla-E2-20150901,2,1742053,Omalotheca hoppeana,64.968857
CBN-Pla-E2-20150901,3,1396253,Sibbaldia procumbens,64.589775
CBN-Pla-E2-20160707,1,1412857,Omalotheca supina,64.662323
CBN-Pla-E2-20160707,2,1396253,Sibbaldia procumbens,64.206932
CBN-Pla-E2-20160707,3,1396144,Sedum alpestre,64.062675
CBN-Pla-E2-20160728,1,1396144,Sedum alpestre,65.142944
CBN-Pla-E2-20160728,2,1400176,Bistorta vivipara,64.593674
CBN-Pla-E2-20160728,3,1396253,Sibbaldia procumbens,63.831619
CBN-Pla-E2-20180724,1,1396253,Sibbaldia procumbens,64.838013
CBN-Pla-E2-20180724,2,1396144,Sedum alpestre,64.710106
CBN-Pla-E2-20180724,3,1396111,Arenaria erinacea,62.985691
CBN-Pla-E2-20180816,1,1396253,Sibbaldia procumbens,65.511948
CBN-Pla-E2-20180816,2,1412857,Omalotheca supina,64.796417
CBN-Pla-E2-20180816,3,1396144,Sedum alpestre,64.547882
CBN-Pla-E2-20180906,1,1742053,Omalotheca hoppeana,66.714493
CBN-Pla-E2-20180906,2,1412857,Omalotheca supina,66.122627
CBN-Pla-E2-20180906,3,1396253,Sibbaldia procumbens,64.902496
CBN-Pla-E2-20190723,1,1396144,Sedum alpestre,65.957657
CBN-Pla-E2-20190723,2,1744479,Armeria bigerrensis,64.526314
CBN-Pla-E2-20190723,3,1396362,Armeria leucocephala,64.021370
CBN-Pla-E2-20190814,1,1742053,Omalotheca hoppeana,66.732391
CBN-Pla-E2-20190814,2,1396253,Sibbaldia procumbens,64.595703
CBN-Pla-E2-20190814,3,1647128,Armeria alpina,64.264709
CBN-Pla-E2-20200630,1,1396144,Sedum alpestre,61.453995
CBN-Pla-E2-20200630,2,1395944,Saxifraga aretioides,60.119217
CBN-Pla-E2-20200630,3,1395949,Saxifraga bryoides,59.807690
CBN-Pla-E2-20200723,1,1396253,Sibbaldia procumbens,65.330643
CBN-Pla-E2-20200723,2,1744479,Armeria bigerrensis,63.391335
CBN-Pla-E2-20200723,3,1647128,Armeria alpina,62.461292
CBN-Pla-E2-20200814,1,1744479,Armeria bigerrensis,67.893356
CBN-Pla-E2-20200814,2,1742053,Omalotheca hoppeana,66.124664
CBN-Pla-E2-20200814,3,1396253,Sibbaldia procumbens,65.079391
CBN-Pla-E3-20130808,1,1396144,Sedum alpestre,66.763138
CBN-Pla-E3-20130808,2,1396253,Sibbaldia procumbens,64.690994
CBN-Pla-E3-20130808,3,1397491,Sedum atratum,61.401749
CBN-Pla-E3-20130904,1,1396144,Sedum alpestre,66.411514
CBN-Pla-E3-20130904,2,1396253,Sibbaldia procumbens,64.441856
CBN-Pla-E3-20130904,3,1400176,Bistorta vivipara,62.575180
CBN-Pla-E3-20140722,1,1396144,Sedum alpestre,66.600922
CBN-Pla-E3-20140722,2,1396253,Sibbaldia procumbens,64.595360
CBN-Pla-E3-20140722,3,1647128,Armeria alpina,61.564259
CBN-Pla-E3-20140902,1,1396144,Sedum alpestre,66.041809
CBN-Pla-E3-20140902,2,1412857,Omalotheca supina,65.205368
CBN-Pla-E3-20140902,3,1396843,Trifolium alpinum,64.788422
CBN-Pla-E3-20150702,1,1396253,Sibbaldia procumbens,65.025810
CBN-Pla-E3-20150702,2,1396144,Sedum alpestre,63.069511
CBN-Pla-E3-20150702,3,1742053,Omalotheca hoppeana,61.191563
CBN-Pla-E3-20150723,1,1392541,Gentiana brachyphylla,64.561470
CBN-Pla-E3-20150723,2,1396253,Sibbaldia procumbens,64.518356
CBN-Pla-E3-20150723,3,1392535,Gentiana alpina,64.448952
CBN-Pla-E3-20150811,1,1396253,Sibbaldia procumbens,65.453354
CBN-Pla-E3-20150811,2,1394311,Oreochloa disticha,63.387497
CBN-Pla-E3-20150811,3,1412857,Omalotheca supina,61.670364
CBN-Pla-E3-20150901,1,1412857,Omalotheca supina,65.964142
CBN-Pla-E3-20150901,2,1361141,Agrostis rupestris,65.357117
CBN-Pla-E3-20150901,3,1396253,Sibbaldia procumbens,65.207382
CBN-Pla-E3-20160707,1,1396253,Sibbaldia procumbens,64.321335
CBN-Pla-E3-20160707,2,1396144,Sedum alpestre,63.934132
CBN-Pla-E3-20160707,3,1397491,Sedum atratum,59.639328
CBN-Pla-E3-20160728,1,1412857,Omalotheca supina,65.421173
CBN-Pla-E3-20160728,2,1396253,Sibbaldia procumbens,64.705109
CBN-Pla-E3-20160728,3,1742053,Omalotheca hoppeana,64.430222
CBN-Pla-E3-20180724,1,1396253,Sibbaldia procumbens,64.455582
CBN-Pla-E3-20180724,2,1647156,Armeria humilis,60.061081
CBN-Pla-E3-20180724,3,1394641,Antennaria carpatica,59.950470
CBN-Pla-E3-20180816,1,1397043,Veronica alpina,64.807045
CBN-Pla-E3-20180816,2,1396253,Sibbaldia procumbens,63.841858
CBN-Pla-E3-20180816,3,1412857,Omalotheca supina,63.027283
CBN-Pla-E3-20180906,1,1742053,Omalotheca hoppeana,65.113617
CBN-Pla-E3-20180906,2,1412857,Omalotheca supina,64.722939
CBN-Pla-E3-20180906,3,1396253,Sibbaldia procumbens,64.411850
CBN-Pla-E3-20190723,1,1392535,Gentiana alpina,65.859474
CBN-Pla-E3-20190723,2,1392534,Gentiana acaulis,65.321014
CBN-Pla-E3-20190723,3,1396253,Sibbaldia procumbens,64.766472
CBN-Pla-E3-20190814,1,1397043,Veronica alpina,64.376038
CBN-Pla-E3-20190814,2,1396253,Sibbaldia procumbens,64.221107
CBN-Pla-E3-20190814,3,1622895,Gymnadenia austriaca,62.422028
CBN-Pla-E3-20200630,1,1647156,Armeria humilis,57.755615
CBN-Pla-E3-20200630,2,1356424,Ophioglossum lusitanicum,57.642586
CBN-Pla-E3-20200630,3,1363619,Crassula muscosa,57.187592
CBN-Pla-E3-20200723,1,1396253,Sibbaldia procumbens,65.228989
CBN-Pla-E3-20200723,2,1412857,Omalotheca supina,63.681824
CBN-Pla-E3-20200723,3,1397049,Veronica fruticans,62.976864
CBN-Pla-E3-20200814,1,1742053,Omalotheca hoppeana,66.840134
CBN-Pla-E3-20200814,2,1412857,Omalotheca supina,65.908340
CBN-Pla-E3-20200814,3,1400176,Bistorta vivipara,64.015221
CBN-Pla-E4-20130808,1,1396253,Sibbaldia procumbens,64.904175
CBN-Pla-E4-20130808,2,1412857,Omalotheca supina,61.858349
CBN-Pla-E4-20130808,3,1396843,Trifolium alpinum,60.639565
CBN-Pla-E4-20130904,1,1396843,Trifolium alpinum,65.412560
CBN-Pla-E4-20130904,2,1396253,Sibbaldia procumbens,62.611851
CBN-Pla-E4-20130904,3,1392535,Gentiana alpina,61.929733
CBN-Pla-E4-20140722,1,1396253,Sibbaldia procumbens,63.253464
CBN-Pla-E4-20140722,2,1392565,Gentiana terglouensis,59.200687
CBN-Pla-E4-20140722,3,1392541,Gentiana brachyphylla,59.169632
CBN-Pla-E4-20140902,1,1396843,Trifolium alpinum,64.168770
CBN-Pla-E4-20140902,2,1361367,Poa alpina,63.668694
CBN-Pla-E4-20140902,3,1395718,Sagina saginoides,63.336845
CBN-Pla-E4-20150702,1,1396253,Sibbaldia procumbens,65.035629
CBN-Pla-E4-20150702,2,1396843,Trifolium alpinum,61.116234
CBN-Pla-E4-20150702,3,1394311,Oreochloa disticha,60.635536
CBN-Pla-E4-20150811,1,1396843,Trifolium alpinum,64.940132
CBN-Pla-E4-20150811,2,1396253,Sibbaldia procumbens,63.472649
CBN-Pla-E4-20150811,3,1400176,Bistorta vivipara,62.170593
CBN-Pla-E4-20150901,1,1396253,Sibbaldia procumbens,64.723114
CBN-Pla-E4-20150901,2,1396843,Trifolium alpinum,64.180161
CBN-Pla-E4-20150901,3,1396869,Trifolium thalii,64.067627
CBN-Pla-E4-20160707,1,1396253,Sibbaldia procumbens,63.963001
CBN-Pla-E4-20160707,2,1392186,Euphorbia pyrenaica,61.830296
CBN-Pla-E4-20160707,3,1396843,Trifolium alpinum,60.720974
CBN-Pla-E4-20160728,1,1395718,Sagina saginoides,65.124405
CBN-Pla-E4-20160728,2,1396253,Sibbaldia procumbens,64.274376
CBN-Pla-E4-20160728,3,1396843,Trifolium alpinum,63.426422
CBN-Pla-E4-20180724,1,1396253,Sibbaldia procumbens,63.757362
CBN-Pla-E4-20180724,2,1392541,Gentiana brachyphylla,61.226761
CBN-Pla-E4-20180724,3,1392535,Gentiana alpina,60.983570
CBN-Pla-E4-20180816,1,1392534,Gentiana acaulis,66.877892
CBN-Pla-E4-20180816,2,1396253,Sibbaldia procumbens,64.176056
CBN-Pla-E4-20180816,3,1392535,Gentiana alpina,63.632702
CBN-Pla-E4-20180906,1,1395718,Sagina saginoides,65.774246
CBN-Pla-E4-20180906,2,1396843,Trifolium alpinum,65.658615
CBN-Pla-E4-20180906,3,1396253,Sibbaldia procumbens,64.607407
CBN-Pla-E4-20190723,1,1396253,Sibbaldia procumbens,65.359863
CBN-Pla-E4-20190723,2,1412857,Omalotheca supina,64.922195
CBN-Pla-E4-20190723,3,1396843,Trifolium alpinum,62.897396
CBN-Pla-E4-20190814,1,1396843,Trifolium alpinum,66.453911
CBN-Pla-E4-20190814,2,1396253,Sibbaldia procumbens,63.528885
CBN-Pla-E4-20190814,3,1396869,Trifolium thalii,60.665588
CBN-Pla-E4-20200630,1,1396253,Sibbaldia procumbens,63.267433
CBN-Pla-E4-20200630,2,1399798,Pinguicula dertosensis,61.668694
CBN-Pla-E4-20200630,3,1744293,Pinguicula tejedensis,61.306984
CBN-Pla-E4-20200723,1,1397043,Veronica alpina,64.035774
CBN-Pla-E4-20200723,2,1396144,Sedum alpestre,63.786133
CBN-Pla-E4-20200723,3,1397046,Veronica bellidioides,63.606750
CBN-Pla-E4-20200814,1,1396869,Trifolium thalii,65.655975
CBN-Pla-E4-20200814,2,1397046,Veronica bellidioides,65.028030
CBN-Pla-E4-20200814,3,1396843,Trifolium alpinum,63.674725
CBN-Pla-E5-20130808,1,1396253,Sibbaldia procumbens,63.228882
CBN-Pla-E5-20130808,2,1399798,Pinguicula dertosensis,61.674644
CBN-Pla-E5-20130808,3,1744293,Pinguicula tejedensis,61.570599
CBN-Pla-E5-20130904,1,1395807,Salix herbacea,62.436138
CBN-Pla-E5-20130904,2,1399798,Pinguicula dertosensis,61.248383
CBN-Pla-E5-20130904,3,1399800,Pinguicula nevadensis,60.716125
CBN-Pla-E5-20140722,1,1399798,Pinguicula dertosensis,62.033745
CBN-Pla-E5-20140722,2,1394597,Pinguicula corsica,61.774879
CBN-Pla-E5-20140722,3,1744235,Pinguicula mundi,61.290508
CBN-Pla-E5-20140902,1,1361367,Poa alpina,61.761017
CBN-Pla-E5-20140902,2,1396843,Trifolium alpinum,61.254967
CBN-Pla-E5-20140902,3,1394542,Phyteuma hemisphaericum,60.636116
CBN-Pla-E5-20150702,1,1396843,Trifolium alpinum,61.154045
CBN-Pla-E5-20150702,2,1392541,Gentiana brachyphylla,60.950104
CBN-Pla-E5-20150702,3,1392260,Festuca alpina,60.838402
CBN-Pla-E5-20150723,1,1397106,Vicia pyrenaica,61.720642
CBN-Pla-E5-20150723,2,1400176,Bistorta vivipara,60.980057
CBN-Pla-E5-20150723,3,1392541,Gentiana brachyphylla,60.583092
CBN-Pla-E5-20150811,1,1356278,Trifolium fragiferum,61.871983
CBN-Pla-E5-20150811,2,1394311,Oreochloa disticha,61.708374
CBN-Pla-E5-20150811,3,1392534,Gentiana acaulis,61.494389
CBN-Pla-E5-20150901,1,1396843,Trifolium alpinum,64.689819
CBN-Pla-E5-20150901,2,1394311,Oreochloa disticha,63.591106
CBN-Pla-E5-20150901,3,1396869,Trifolium thalii,62.853111
CBN-Pla-E5-20160707,1,1396253,Sibbaldia procumbens,62.105431
CBN-Pla-E5-20160707,2,1394643,Antennaria dioica,61.415863
CBN-Pla-E5-20160707,3,1394641,Antennaria carpatica,59.797260
CBN-Pla-E5-20160728,1,1392534,Gentiana acaulis,64.214607
CBN-Pla-E5-20160728,2,1392535,Gentiana alpina,63.399441
CBN-Pla-E5-20160728,3,1412857,Omalotheca supina,61.620911
CBN-Pla-E5-20180724,1,1391427,Crassula pubescens,60.240383
CBN-Pla-E5-20180724,2,1399798,Pinguicula dertosensis,59.857868
CBN-Pla-E5-20180724,3,1363618,Crassula multicava,58.385132
CBN-Pla-E5-20180816,1,1392535,Gentiana alpina,63.467484
CBN-Pla-E5-20180816,2,1392541,Gentiana brachyphylla,63.020622
CBN-Pla-E5-20180816,3,1392534,Gentiana acaulis,62.918350
CBN-Pla-E5-20180906,1,1396843,Trifolium alpinum,63.605415
CBN-Pla-E5-20180906,2,1392541,Gentiana brachyphylla,62.016953
CBN-Pla-E5-20180906,3,1403533,Bacopa monnieri,61.652836
CBN-Pla-E5-20190723,1,1400176,Bistorta vivipara,63.171967
CBN-Pla-E5-20190723,2,1395807,Salix herbacea,61.360611
CBN-Pla-E5-20190723,3,1400175,Bistorta officinalis,60.877674
CBN-Pla-E5-20190814,1,1392541,Gentiana brachyphylla,62.000809
CBN-Pla-E5-20190814,2,1396843,Trifolium alpinum,61.287968
CBN-Pla-E5-20190814,3,1403533,Bacopa monnieri,61.064983
CBN-Pla-E5-20200630,1,1392541,Gentiana brachyphylla,58.732513
CBN-Pla-E5-20200630,2,1364066,Veronica serpyllifolia,57.213230
CBN-Pla-E5-20200630,3,1392534,Gentiana acaulis,55.968975
CBN-Pla-E5-20200723,1,1392534,Gentiana acaulis,64.383095
CBN-Pla-E5-20200723,2,1392541,Gentiana brachyphylla,62.420673
CBN-Pla-E5-20200723,3,1400176,Bistorta vivipara,62.041260
CBN-Pla-E5-20200814,1,1362482,Phleum alpinum,65.365723
CBN-Pla-E5-20200814,2,1392541,Gentiana brachyphylla,63.595387
CBN-Pla-E5-20200814,3,1400176,Bistorta vivipara,63.549587
CBN-Pla-E6-20130808,1,1396253,Sibbaldia procumbens,64.635956
CBN-Pla-E6-20130808,2,1397450,Orthilia secunda,62.420799
CBN-Pla-E6-20130808,3,1396144,Sedum alpestre,62.045670
CBN-Pla-E6-20130904,1,1396253,Sibbaldia procumbens,64.272141
CBN-Pla-E6-20130904,2,1397386,Festuca scabriculmis,62.344685
CBN-Pla-E6-20130904,3,1395807,Salix herbacea,61.662418
CBN-Pla-E6-20140722,1,1396253,Sibbaldia procumbens,61.101196
CBN-Pla-E6-20140722,2,1412857,Omalotheca supina,58.533195
CBN-Pla-E6-20140722,3,1390904,Carex rupestris,58.473927
CBN-Pla-E6-20140902,1,1412857,Omalotheca supina,65.550247
CBN-Pla-E6-20140902,2,1742053,Omalotheca hoppeana,65.198608
CBN-Pla-E6-20140902,3,1395807,Salix herbacea,63.213928
CBN-Pla-E6-20150702,1,1396253,Sibbaldia procumbens,63.569931
CBN-Pla-E6-20150702,2,1412857,Omalotheca supina,62.720139
CBN-Pla-E6-20150702,3,1742053,Omalotheca hoppeana,61.239285
CBN-Pla-E6-20150723,1,1743456,Carex macrostylos,63.061344
CBN-Pla-E6-20150723,2,1395807,Salix herbacea,62.438843
CBN-Pla-E6-20150723,3,1742053,Omalotheca hoppeana,62.254379
CBN-Pla-E6-20150811,1,1412857,Omalotheca supina,62.845306
CBN-Pla-E6-20150811,2,1741880,Salix serpillifolia,62.255730
CBN-Pla-E6-20150811,3,1395807,Salix herbacea,61.984138
CBN-Pla-E6-20150901,1,1412857,Omalotheca supina,64.417000
CBN-Pla-E6-20150901,2,1396253,Sibbaldia procumbens,63.691101
CBN-Pla-E6-20150901,3,1742053,Omalotheca hoppeana,63.026604
CBN-Pla-E6-20160707,1,1396253,Sibbaldia procumbens,63.539284
CBN-Pla-E6-20160707,2,1412857,Omalotheca supina,62.638287
CBN-Pla-E6-20160707,3,1396144,Sedum alpestre,62.122375
CBN-Pla-E6-20160728,1,1396253,Sibbaldia procumbens,64.814529
CBN-Pla-E6-20160728,2,1396144,Sedum alpestre,64.301697
CBN-Pla-E6-20160728,3,1742053,Omalotheca hoppeana,62.630032
CBN-Pla-E6-20180724,1,1389228,Graptopetalum paraguayense,57.641357
CBN-Pla-E6-20180724,2,1394643,Antennaria dioica,57.617508
CBN-Pla-E6-20180724,3,1399798,Pinguicula dertosensis,56.805508
CBN-Pla-E6-20180816,1,1397043,Veronica alpina,64.014503
CBN-Pla-E6-20180816,2,1412857,Omalotheca supina,63.990047
CBN-Pla-E6-20180816,3,1395718,Sagina saginoides,63.977394
CBN-Pla-E6-20180906,1,1742053,Omalotheca hoppeana,67.799637
CBN-Pla-E6-20180906,2,1412857,Omalotheca supina,65.101425
CBN-Pla-E6-20180906,3,1396253,Sibbaldia procumbens,64.530350
CBN-Pla-E6-20190723,1,1396253,Sibbaldia procumbens,63.785301
CBN-Pla-E6-20190723,2,1395807,Salix herbacea,63.747700
CBN-Pla-E6-20190723,3,1396843,Trifolium alpinum,60.871208
CBN-Pla-E6-20190814,1,1741624,Lotus alpinus,63.530998
CBN-Pla-E6-20190814,2,1396253,Sibbaldia procumbens,63.046261
CBN-Pla-E6-20190814,3,1397043,Veronica alpina,62.364189
CBN-Pla-E6-20200723,1,1412857,Omalotheca supina,65.100777
CBN-Pla-E6-20200723,2,1396253,Sibbaldia procumbens,64.938873
CBN-Pla-E6-20200723,3,1395807,Salix herbacea,62.571503
CBN-Pla-E6-20200814,1,1742053,Omalotheca hoppeana,66.761856
CBN-Pla-E6-20200814,2,1412857,Omalotheca supina,66.051437
CBN-Pla-E6-20200814,3,1396253,Sibbaldia procumbens,64.793449
CBN-Pla-F1-20130808,1,1647128,Armeria alpina,61.074211
CBN-Pla-F1-20130808,2,1580587,Lotus glacialis,61.020248
CBN-Pla-F1-20130808,3,1741624,Lotus alpinus,60.428753
CBN-Pla-F1-20130904,1,1741624,Lotus alpinus,62.431973
CBN-Pla-F1-20130904,2,1391359,Coronilla vaginalis,60.630592
CBN-Pla-F1-20130904,3,1394311,Oreochloa disticha,60.262356
CBN-Pla-F1-20140722,1,1395948,Saxifraga biflora,60.813873
CBN-Pla-F1-20140722,2,1647128,Armeria alpina,59.858231
CBN-Pla-F1-20140722,3,1399800,Pinguicula nevadensis,59.813175
CBN-Pla-F1-20140902,1,1744479,Armeria bigerrensis,68.180038
CBN-Pla-F1-20140902,2,1647156,Armeria humilis,64.619698
CBN-Pla-F1-20140902,3,1399082,Armeria sardoa,62.464737
CBN-Pla-F1-20150702,1,1413349,Armeria maritima,61.326431
CBN-Pla-F1-20150702,2,1744194,Bouteloua dactyloides,61.167328
CBN-Pla-F1-20150702,3,1741624,Lotus alpinus,61.055820
CBN-Pla-F1-20150723,1,1647128,Armeria alpina,64.351929
CBN-Pla-F1-20150723,2,1413349,Armeria maritima,62.993301
CBN-Pla-F1-20150723,3,1391359,Coronilla vaginalis,62.341404
CBN-Pla-F1-20150901,1,1741624,Lotus alpinus,63.806950
CBN-Pla-F1-20150901,2,1647128,Armeria alpina,63.707714
CBN-Pla-F1-20150901,3,1728573,Atocion rupestre,63.159489
CBN-Pla-F1-20160707,1,1393679,Luzula lutea,61.951088
CBN-Pla-F1-20160707,2,1647128,Armeria alpina,61.299778
CBN-Pla-F1-20160707,3,1647677,Alopecurus gerardii,60.484043
CBN-Pla-F1-20160728,1,1744479,Armeria bigerrensis,65.896782
CBN-Pla-F1-20160728,2,1647156,Armeria humilis,65.053513
CBN-Pla-F1-20160728,3,1393679,Luzula lutea,64.453712
CBN-Pla-F1-20180724,1,1396144,Sedum alpestre,60.356426
CBN-Pla-F1-20180724,2,1647128,Armeria alpina,60.103729
CBN-Pla-F1-20180724,3,1392541,Gentiana brachyphylla,59.263100
CBN-Pla-F1-20180816,1,1741624,Lotus alpinus,62.789734
CBN-Pla-F1-20180816,2,1580587,Lotus glacialis,60.148808
CBN-Pla-F1-20180816,3,1392534,Gentiana acaulis,59.570992
CBN-Pla-F1-20180906,1,1728573,Atocion rupestre,64.320854
CBN-Pla-F1-20180906,2,1400176,Bistorta vivipara,62.578281
CBN-Pla-F1-20180906,3,1647128,Armeria alpina,61.947178
CBN-Pla-F1-20190723,1,1392534,Gentiana acaulis,62.200233
CBN-Pla-F1-20190723,2,1741624,Lotus alpinus,62.044563
CBN-Pla-F1-20190723,3,1580587,Lotus glacialis,61.773460
CBN-Pla-F1-20190814,1,1400176,Bistorta vivipara,64.423309
CBN-Pla-F1-20190814,2,1394311,Oreochloa disticha,62.701073
CBN-Pla-F1-20190814,3,1743474,Oreochloa elegans,61.374920
CBN-Pla-F1-20200630,1,1479447,Arabis stellulata,57.867683
CBN-Pla-F1-20200630,2,1363543,Stenotaphrum secundatum,56.951187
CBN-Pla-F1-20200630,3,1392541,Gentiana brachyphylla,55.854889
CBN-Pla-F1-20200723,1,1397046,Veronica bellidioides,63.547665
CBN-Pla-F1-20200723,2,1397043,Veronica alpina,63.519558
CBN-Pla-F1-20200723,3,1392541,Gentiana brachyphylla,62.994392
CBN-Pla-F1-20200814,1,1400176,Bistorta vivipara,63.824699
CBN-Pla-F1-20200814,2,1392260,Festuca alpina,63.080116
CBN-Pla-F1-20200814,3,1741624,Lotus alpinus,62.401184
CBN-Pla-F2-20130808,1,1396144,Sedum alpestre,61.735973
CBN-Pla-F2-20130808,2,1741624,Lotus alpinus,61.508873
CBN-Pla-F2-20130808,3,1396253,Sibbaldia procumbens,61.194481
CBN-Pla-F2-20130904,1,1647156,Armeria humilis,67.835815
CBN-Pla-F2-20130904,2,1744479,Armeria bigerrensis,67.193604
CBN-Pla-F2-20130904,3,1419963,Armeria splendens,64.324890
CBN-Pla-F2-20140722,1,1396144,Sedum alpestre,63.754410
CBN-Pla-F2-20140722,2,1395948,Saxifraga biflora,61.649441
CBN-Pla-F2-20140722,3,1397491,Sedum atratum,61.559883
CBN-Pla-F2-20140902,1,1392541,Gentiana brachyphylla,61.770905
CBN-Pla-F2-20140902,2,1412857,Omalotheca supina,61.665165
CBN-Pla-F2-20140902,3,1741624,Lotus alpinus,61.607491
CBN-Pla-F2-20150702,1,1396253,Sibbaldia procumbens,63.339203
CBN-Pla-F2-20150702,2,1396144,Sedum alpestre,62.882309
CBN-Pla-F2-20150702,3,1397491,Sedum atratum,59.488510
CBN-Pla-F2-20150723,1,1741624,Lotus alpinus,63.127769
CBN-Pla-F2-20150723,2,1580588,Lotus glareosus,61.539562
CBN-Pla-F2-20150723,3,1412857,Omalotheca supina,60.388107
CBN-Pla-F2-20150901,1,1412857,Omalotheca supina,65.048088
CBN-Pla-F2-20150901,2,1359169,Coronilla minima,63.227909
CBN-Pla-F2-20150901,3,1742053,Omalotheca hoppeana,62.747654
CBN-Pla-F2-20160707,1,1396253,Sibbaldia procumbens,63.961704
CBN-Pla-F2-20160707,2,1392260,Festuca alpina,60.778923
CBN-Pla-F2-20160707,3,1412857,Omalotheca supina,60.183739
CBN-Pla-F2-20160728,1,1741624,Lotus alpinus,64.366730
CBN-Pla-F2-20160728,2,1395718,Sagina saginoides,63.111660
CBN-Pla-F2-20160728,3,1396253,Sibbaldia procumbens,62.582191
CBN-Pla-F2-20180724,1,1396253,Sibbaldia procumbens,62.191719
CBN-Pla-F2-20180724,2,1396144,Sedum alpestre,60.212742
CBN-Pla-F2-20180724,3,1395174,Rhodiola rosea,57.712387
CBN-Pla-F2-20180816,1,1396253,Sibbaldia procumbens,63.829857
CBN-Pla-F2-20180816,2,1412857,Omalotheca supina,62.844513
CBN-Pla-F2-20180816,3,1395718,Sagina saginoides,62.233513
CBN-Pla-F2-20180906,1,1395718,Sagina saginoides,65.459717
CBN-Pla-F2-20180906,2,1396253,Sibbaldia procumbens,63.749969
CBN-Pla-F2-20180906,3,1412857,Omalotheca supina,63.483936
CBN-Pla-F2-20190723,1,1363543,Stenotaphrum secundatum,62.493584
CBN-Pla-F2-20190723,2,1741624,Lotus alpinus,62.360287
CBN-Pla-F2-20190723,3,1412857,Omalotheca supina,61.261665
CBN-Pla-F2-20190814,1,1396253,Sibbaldia procumbens,63.336269
CBN-Pla-F2-20190814,2,1395718,Sagina saginoides,62.529766
CBN-Pla-F2-20190814,3,1397106,Vicia pyrenaica,62.085316
CBN-Pla-F2-20200630,1,1392241,Alchemilla pentaphyllea,61.395557
CBN-Pla-F2-20200630,2,1397279,Alchemilla alpina,59.683205
CBN-Pla-F2-20200630,3,1647156,Armeria humilis,58.641525
CBN-Pla-F2-20200723,1,1396253,Sibbaldia procumbens,64.873314
CBN-Pla-F2-20200723,2,1397046,Veronica bellidioides,62.985760
CBN-Pla-F2-20200723,3,1397043,Veronica alpina,62.799599
CBN-Pla-F2-20200814,1,1741624,Lotus alpinus,62.431633
CBN-Pla-F2-20200814,2,1742053,Omalotheca hoppeana,62.061047
CBN-Pla-F2-20200814,3,1361275,Festuca indigesta,61.214584
CBN-Pla-F3-20130808,1,1396253,Sibbaldia procumbens,64.686050
CBN-Pla-F3-20130808,2,1412857,Omalotheca supina,62.616440
CBN-Pla-F3-20130808,3,1361367,Poa alpina,61.848198
CBN-Pla-F3-20130904,1,1394438,Pedicularis kerneri,63.841488
CBN-Pla-F3-20130904,2,1390793,Carex curvula,61.227222
CBN-Pla-F3-20130904,3,1394441,Pedicularis mixta,60.612755
CBN-Pla-F3-20140722,1,1396253,Sibbaldia procumbens,63.267731
CBN-Pla-F3-20140722,2,1647156,Armeria humilis,62.582695
CBN-Pla-F3-20140722,3,1396144,Sedum alpestre,62.375656
CBN-Pla-F3-20140902,1,1394438,Pedicularis kerneri,66.488052
CBN-Pla-F3-20140902,2,1396144,Sedum alpestre,65.830627
CBN-Pla-F3-20140902,3,1744479,Armeria bigerrensis,65.731384
CBN-Pla-F3-20150702,1,1396253,Sibbaldia procumbens,63.652477
CBN-Pla-F3-20150702,2,1361347,Nardus stricta,60.159264
CBN-Pla-F3-20150702,3,1744194,Bouteloua dactyloides,59.136879
CBN-Pla-F3-20150723,1,1396253,Sibbaldia procumbens,62.333588
CBN-Pla-F3-20150723,2,1741624,Lotus alpinus,61.854546
CBN-Pla-F3-20150723,3,1394911,Primula integrifolia,59.623894
CBN-Pla-F3-20150811,1,1744479,Armeria bigerrensis,67.649826
CBN-Pla-F3-20150811,2,1647128,Armeria alpina,64.791817
CBN-Pla-F3-20150811,3,1647156,Armeria humilis,64.283890
CBN-Pla-F3-20150901,1,1744479,Armeria bigerrensis,67.970825
CBN-Pla-F3-20150901,2,1396144,Sedum alpestre,65.469704
CBN-Pla-F3-20150901,3,1647128,Armeria alpina,64.113297
CBN-Pla-F3-20160707,1,1396253,Sibbaldia procumbens,64.342148
CBN-Pla-F3-20160707,2,1394438,Pedicularis kerneri,62.858604
CBN-Pla-F3-20160707,3,1412857,Omalotheca supina,62.464443
CBN-Pla-F3-20160728,1,1394438,Pedicularis kerneri,63.011833
CBN-Pla-F3-20160728,2,1396253,Sibbaldia procumbens,61.382488
CBN-Pla-F3-20160728,3,1412857,Omalotheca supina,61.014847
CBN-Pla-F3-20180724,1,1396144,Sedum alpestre,61.145870
CBN-Pla-F3-20180724,2,1412857,Omalotheca supina,61.027397
CBN-Pla-F3-20180724,3,1396253,Sibbaldia procumbens,60.201336
CBN-Pla-F3-20180816,1,1396253,Sibbaldia procumbens,64.390556
CBN-Pla-F3-20180816,2,1412857,Omalotheca supina,63.361191
CBN-Pla-F3-20180816,3,1741624,Lotus alpinus,62.740341
CBN-Pla-F3-20180906,1,1396253,Sibbaldia procumbens,65.012909
CBN-Pla-F3-20180906,2,1412857,Omalotheca supina,63.507740
CBN-Pla-F3-20180906,3,1395718,Sagina saginoides,63.083485
CBN-Pla-F3-20190723,1,1396253,Sibbaldia procumbens,65.181091
CBN-Pla-F3-20190723,2,1412857,Omalotheca supina,64.159325
CBN-Pla-F3-20190723,3,1394595,Pinguicula alpina,62.261028
CBN-Pla-F3-20190814,1,1394444,Pedicularis pyrenaica,65.930382
CBN-Pla-F3-20190814,2,1394438,Pedicularis kerneri,65.907944
CBN-Pla-F3-20190814,3,1394441,Pedicularis mixta,62.795143
CBN-Pla-F3-20200630,1,1744293,Pinguicula tejedensis,58.466007
CBN-Pla-F3-20200630,2,1399800,Pinguicula nevadensis,58.335140
CBN-Pla-F3-20200630,3,1394595,Pinguicula alpina,58.110367
CBN-Pla-F3-20200723,1,1396144,Sedum alpestre,65.258316
CBN-Pla-F3-20200723,2,1396253,Sibbaldia procumbens,64.484604
CBN-Pla-F3-20200723,3,1412857,Omalotheca supina,63.382023
CBN-Pla-F3-20200814,1,1395718,Sagina saginoides,64.441978
CBN-Pla-F3-20200814,2,1396253,Sibbaldia procumbens,64.139496
CBN-Pla-F3-20200814,3,1396144,Sedum alpestre,63.763725
CBN-Pla-F4-20130808,1,1396144,Sedum alpestre,63.250076
CBN-Pla-F4-20130808,2,1396253,Sibbaldia procumbens,63.084885
CBN-Pla-F4-20130808,3,1418688,Arctous alpina,61.844395
CBN-Pla-F4-20130904,1,1396144,Sedum alpestre,63.180405
CBN-Pla-F4-20130904,2,1396253,Sibbaldia procumbens,61.226894
CBN-Pla-F4-20130904,3,1394643,Antennaria dioica,61.197002
CBN-Pla-F4-20140722,1,1396144,Sedum alpestre,62.159916
CBN-Pla-F4-20140722,2,1395949,Saxifraga bryoides,59.733841
CBN-Pla-F4-20140722,3,1397491,Sedum atratum,58.731506
CBN-Pla-F4-20150723,1,1744479,Armeria bigerrensis,63.175037
CBN-Pla-F4-20150723,2,1647156,Armeria humilis,62.708481
CBN-Pla-F4-20150723,3,1396362,Armeria leucocephala,62.444977
CBN-Pla-F4-20150811,1,1744479,Armeria bigerrensis,64.373466
CBN-Pla-F4-20150811,2,1647128,Armeria alpina,63.488441
CBN-Pla-F4-20150811,3,1413349,Armeria maritima,63.096901
CBN-Pla-F4-20150901,1,1396144,Sedum alpestre,64.722427
CBN-Pla-F4-20150901,2,1412857,Omalotheca supina,63.422085
CBN-Pla-F4-20150901,3,1413349,Armeria maritima,62.442764
CBN-Pla-F4-20160707,1,1412857,Omalotheca supina,63.661774
CBN-Pla-F4-20160707,2,1396144,Sedum alpestre,61.766651
CBN-Pla-F4-20160707,3,1742053,Omalotheca hoppeana,61.741329
CBN-Pla-F4-20160728,1,1412857,Omalotheca supina,64.702400
CBN-Pla-F4-20160728,2,1742053,Omalotheca hoppeana,63.639366
CBN-Pla-F4-20160728,3,1396144,Sedum alpestre,63.089874
CBN-Pla-F4-20180724,1,1390793,Carex curvula,59.823982
CBN-Pla-F4-20180724,2,1394311,Oreochloa disticha,58.147854
CBN-Pla-F4-20180724,3,1390904,Carex rupestris,57.805748
CBN-Pla-F4-20180816,1,1412857,Omalotheca supina,64.189034
CBN-Pla-F4-20180816,2,1396253,Sibbaldia procumbens,63.781574
CBN-Pla-F4-20180816,3,1395807,Salix herbacea,61.883797
CBN-Pla-F4-20180906,1,1412857,Omalotheca supina,66.153412
CBN-Pla-F4-20180906,2,1742053,Omalotheca hoppeana,62.608723
CBN-Pla-F4-20180906,3,1396253,Sibbaldia procumbens,62.082691
CBN-Pla-F4-20190723,1,1412857,Omalotheca supina,64.286957
CBN-Pla-F4-20190723,2,1396253,Sibbaldia procumbens,64.056717
CBN-Pla-F4-20190723,3,1395807,Salix herbacea,62.017426
CBN-Pla-F4-20190814,1,1412857,Omalotheca supina,65.465340
CBN-Pla-F4-20190814,2,1742053,Omalotheca hoppeana,64.165001
CBN-Pla-F4-20190814,3,1396253,Sibbaldia procumbens,62.559784
CBN-Pla-F4-20200630,1,1356228,Cymodocea nodosa,57.027344
CBN-Pla-F4-20200630,2,1359937,Littorella uniflora,57.007748
CBN-Pla-F4-20200630,3,1392260,Festuca alpina,56.774330
CBN-Pla-F4-20200723,1,1412857,Omalotheca supina,64.909950
CBN-Pla-F4-20200723,2,1744479,Armeria bigerrensis,63.145988
CBN-Pla-F4-20200723,3,1396362,Armeria leucocephala,62.938282
CBN-Pla-F4-20200814,1,1744479,Armeria bigerrensis,68.062950
CBN-Pla-F4-20200814,2,1412857,Omalotheca supina,67.663422
CBN-Pla-F4-20200814,3,1647128,Armeria alpina,67.004402
CBN-Pla-F5-20130808,1,1396253,Sibbaldia procumbens,65.324226
CBN-Pla-F5-20130808,2,1396144,Sedum alpestre,61.794846
CBN-Pla-F5-20130808,3,1397491,Sedum atratum,59.408112
CBN-Pla-F5-20130904,1,1396144,Sedum alpestre,65.676544
CBN-Pla-F5-20130904,2,1396253,Sibbaldia procumbens,63.306126
CBN-Pla-F5-20130904,3,1396843,Trifolium alpinum,61.363609
CBN-Pla-F5-20140722,1,1395949,Saxifraga bryoides,59.554314
CBN-Pla-F5-20140722,2,1396144,Sedum alpestre,59.529388
CBN-Pla-F5-20140722,3,1396253,Sibbaldia procumbens,59.424282
CBN-Pla-F5-20140902,1,1400176,Bistorta vivipara,64.040199
CBN-Pla-F5-20140902,2,1396253,Sibbaldia procumbens,63.190918
CBN-Pla-F5-20140902,3,1396843,Trifolium alpinum,62.283531
CBN-Pla-F5-20150702,1,1396253,Sibbaldia procumbens,63.899422
CBN-Pla-F5-20150702,2,1390793,Carex curvula,60.156273
CBN-Pla-F5-20150702,3,1396843,Trifolium alpinum,59.589458
CBN-Pla-F5-20150723,1,1396253,Sibbaldia procumbens,63.914898
CBN-Pla-F5-20150723,2,1396843,Trifolium alpinum,63.409542
CBN-Pla-F5-20150723,3,1361049,Carex distachya,60.661743
CBN-Pla-F5-20150811,1,1396253,Sibbaldia procumbens,63.497566
CBN-Pla-F5-20150811,2,1396843,Trifolium alpinum,63.415470
CBN-Pla-F5-20150811,3,1361141,Agrostis rupestris,62.040455
CBN-Pla-F5-20150901,1,1361141,Agrostis rupestris,64.203323
CBN-Pla-F5-20150901,2,1396253,Sibbaldia procumbens,64.102882
CBN-Pla-F5-20150901,3,1396843,Trifolium alpinum,63.359665
CBN-Pla-F5-20160707,1,1396253,Sibbaldia procumbens,63.697357
CBN-Pla-F5-20160707,2,1412857,Omalotheca supina,61.602226
CBN-Pla-F5-20160707,3,1742053,Omalotheca hoppeana,59.661827
CBN-Pla-F5-20160728,1,1396253,Sibbaldia procumbens,64.468132
CBN-Pla-F5-20160728,2,1400176,Bistorta vivipara,61.741760
CBN-Pla-F5-20160728,3,1363133,Triglochin striata,61.491951
CBN-Pla-F5-20180724,1,1363526,Cynodon dactylon,56.493881
CBN-Pla-F5-20180724,2,1388915,Lysimachia minima,55.981094
CBN-Pla-F5-20180724,3,1358099,Sedum brevifolium,55.067429
CBN-Pla-F5-20180816,1,1400176,Bistorta vivipara,65.699005
CBN-Pla-F5-20180816,2,1396253,Sibbaldia procumbens,64.545273
CBN-Pla-F5-20180816,3,1397043,Veronica alpina,64.000893
CBN-Pla-F5-20180906,1,1396253,Sibbaldia procumbens,64.276291
CBN-Pla-F5-20180906,2,1396843,Trifolium alpinum,63.557762
CBN-Pla-F5-20180906,3,1397043,Veronica alpina,61.920235
CBN-Pla-F5-20190723,1,1396253,Sibbaldia procumbens,64.954811
CBN-Pla-F5-20190723,2,1395807,Salix herbacea,62.635006
CBN-Pla-F5-20190723,3,1392241,Alchemilla pentaphyllea,59.461731
CBN-Pla-F5-20190814,1,1396253,Sibbaldia procumbens,64.532860
CBN-Pla-F5-20190814,2,1397043,Veronica alpina,63.880375
CBN-Pla-F5-20190814,3,1392541,Gentiana brachyphylla,61.964661
CBN-Pla-F5-20200723,1,1396253,Sibbaldia procumbens,63.985565
CBN-Pla-F5-20200723,2,1400176,Bistorta vivipara,63.209591
CBN-Pla-F5-20200723,3,1397043,Veronica alpina,61.873676
CBN-Pla-F5-20200814,1,1396253,Sibbaldia procumbens,63.918392
CBN-Pla-F5-20200814,2,1400176,Bistorta vivipara,63.769196
CBN-Pla-F5-20200814,3,1397043,Veronica alpina,62.163658
CBN-Pla-F6-20130808,1,1396253,Sibbaldia procumbens,62.944870
CBN-Pla-F6-20130808,2,1388890,Lysimachia maritima,61.763088
CBN-Pla-F6-20130808,3,1394641,Antennaria carpatica,60.766090
CBN-Pla-F6-20130904,1,1396843,Trifolium alpinum,64.733269
CBN-Pla-F6-20130904,2,1396253,Sibbaldia procumbens,64.416443
CBN-Pla-F6-20130904,3,1388890,Lysimachia maritima,60.300686
CBN-Pla-F6-20140722,1,1396253,Sibbaldia procumbens,60.098713
CBN-Pla-F6-20140722,2,1356228,Cymodocea nodosa,59.357986
CBN-Pla-F6-20140722,3,1397376,Ephedra distachya,58.390697
CBN-Pla-F6-20140902,1,1392241,Alchemilla pentaphyllea,64.525711
CBN-Pla-F6-20140902,2,1396253,Sibbaldia procumbens,63.022614
CBN-Pla-F6-20140902,3,1392293,Festuca eskia,62.963242
CBN-Pla-F6-20150702,1,1396253,Sibbaldia procumbens,63.707359
CBN-Pla-F6-20150702,2,1396843,Trifolium alpinum,62.116806
CBN-Pla-F6-20150702,3,1392484,Galium pyrenaicum,60.362595
CBN-Pla-F6-20150723,1,1396253,Sibbaldia procumbens,64.319099
CBN-Pla-F6-20150723,2,1396843,Trifolium alpinum,63.932461
CBN-Pla-F6-20150723,3,1395718,Sagina saginoides,61.808788
CBN-Pla-F6-20150811,1,1396843,Trifolium alpinum,66.529991
CBN-Pla-F6-20150811,2,1412857,Omalotheca supina,64.294540
CBN-Pla-F6-20150811,3,1396253,Sibbaldia procumbens,64.038437
CBN-Pla-F6-20150901,1,1396253,Sibbaldia procumbens,64.380295
CBN-Pla-F6-20150901,2,1396843,Trifolium alpinum,62.510986
CBN-Pla-F6-20150901,3,1361347,Nardus stricta,61.093533
CBN-Pla-F6-20160707,1,1396253,Sibbaldia procumbens,64.631149
CBN-Pla-F6-20160707,2,1359750,Oxalis acetosella,61.618122
CBN-Pla-F6-20160707,3,1396843,Trifolium alpinum,61.463097
CBN-Pla-F6-20160728,1,1396253,Sibbaldia procumbens,64.637939
CBN-Pla-F6-20160728,2,1397043,Veronica alpina,61.202248
CBN-Pla-F6-20160728,3,1391120,Chamorchis alpina,60.544609
CBN-Pla-F6-20180724,1,1396253,Sibbaldia procumbens,57.892982
CBN-Pla-F6-20180724,2,1390837,Carex humilis,56.177567
CBN-Pla-F6-20180724,3,1360222,Ranunculus repens,55.305843
CBN-Pla-F6-20180816,1,1397043,Veronica alpina,64.840454
CBN-Pla-F6-20180816,2,1396253,Sibbaldia procumbens,64.474113
CBN-Pla-F6-20180816,3,1395807,Salix herbacea,61.726269
CBN-Pla-F6-20180906,1,1396253,Sibbaldia procumbens,65.313507
CBN-Pla-F6-20180906,2,1397043,Veronica alpina,64.269867
CBN-Pla-F6-20180906,3,1396843,Trifolium alpinum,64.132057
CBN-Pla-F6-20190723,1,1396144,Sedum alpestre,66.471375
CBN-Pla-F6-20190723,2,1396253,Sibbaldia procumbens,65.068222
CBN-Pla-F6-20190723,3,1396843,Trifolium alpinum,63.439182
CBN-Pla-F6-20190814,1,1397043,Veronica alpina,64.764801
CBN-Pla-F6-20190814,2,1396253,Sibbaldia procumbens,64.607643
CBN-Pla-F6-20190814,3,1397386,Festuca scabriculmis,64.469162
CBN-Pla-F6-20200723,1,1397043,Veronica alpina,65.105125
CBN-Pla-F6-20200723,2,1396253,Sibbaldia procumbens,64.420479
CBN-Pla-F6-20200723,3,1397046,Veronica bellidioides,63.561218
CBN-Pla-F6-20200814,1,1396144,Sedum alpestre,64.666191
CBN-Pla-F6-20200814,2,1397046,Veronica bellidioides,64.154388
CBN-Pla-F6-20200814,3,1396253,Sibbaldia procumbens,63.989120
CBN-Pyr-01-20230706,1,1396843,Trifolium alpinum,64.912720
CBN-Pyr-01-20230706,2,1359965,Plantago maritima,61.855103
CBN-Pyr-01-20230706,3,1359508,Trifolium montanum,61.642773
CBN-Pyr-03-20230706,1,1395973,Saxifraga exarata,64.657997
CBN-Pyr-03-20230706,2,1396015,Saxifraga moschata,64.449875
CBN-Pyr-03-20230706,3,1741624,Lotus alpinus,64.380211
CBN-can-A1-20230705,1,1392608,Geum montanum,65.947327
CBN-can-A1-20230705,2,1395807,Salix herbacea,63.223885
CBN-can-A1-20230705,3,1396253,Sibbaldia procumbens,62.609093
CBN-can-A2-20230705,1,1393200,Homogyne alpina,63.584637
CBN-can-A2-20230705,2,1393659,Luzula alpina,62.465847
CBN-can-A2-20230705,3,1395807,Salix herbacea,61.020996
CBN-can-A3-20230705,1,1396144,Sedum alpestre,67.524994
CBN-can-A3-20230705,2,1393200,Homogyne alpina,66.400719
CBN-can-A3-20230705,3,1391092,Cerastium tomentosum,63.853706
CBN-can-A5-20230705,1,1392534,Gentiana acaulis,65.833595
CBN-can-A5-20230705,2,1397475,Rhododendron ferrugineum,65.002419
CBN-can-A5-20230705,3,1396253,Sibbaldia procumbens,64.126320
CBN-can-A6-20230705,1,1393200,Homogyne alpina,66.083588
CBN-can-A6-20230705,2,1397475,Rhododendron ferrugineum,65.794823
CBN-can-A6-20230705,3,1396253,Sibbaldia procumbens,63.336235
CBN-can-B1-20230705,1,1396144,Sedum alpestre,66.783188
CBN-can-B1-20230705,2,1393200,Homogyne alpina,65.860298
CBN-can-B1-20230705,3,1392608,Geum montanum,65.823181
CBN-can-B2-20230705,1,1392608,Geum montanum,66.115204
CBN-can-B2-20230705,2,1400101,Bartsia alpina,64.833260
CBN-can-B2-20230705,3,1360299,Geum sylvaticum,63.554104
CBN-can-B3-20230705,1,1393200,Homogyne alpina,65.243492
CBN-can-B3-20230705,2,1393619,Logfia minima,63.522789
CBN-can-B3-20230705,3,1396144,Sedum alpestre,63.493507
CBN-can-B4-20230705,1,1393200,Homogyne alpina,65.726936
CBN-can-B4-20230705,2,1397475,Rhododendron ferrugineum,65.368225
CBN-can-B4-20230705,3,1412857,Omalotheca supina,60.206505
CBN-can-B5-20230705,1,1397475,Rhododendron ferrugineum,67.196640
CBN-can-B5-20230705,2,1392535,Gentiana alpina,66.946487
CBN-can-B5-20230705,3,1400101,Bartsia alpina,64.605209
CBN-can-B6-20230705,1,1393679,Luzula lutea,66.968895
CBN-can-B6-20230705,2,1397475,Rhododendron ferrugineum,66.229599
CBN-can-B6-20230705,3,1395807,Salix herbacea,64.772560
CBN-can-C1-20230705,1,1393200,Homogyne alpina,64.677277
CBN-can-C1-20230705,2,1391310,Cochlearia danica,61.636688
CBN-can-C1-20230705,3,1396253,Sibbaldia procumbens,61.182682
CBN-can-C2-20230705,1,1393200,Homogyne alpina,65.216827
CBN-can-C2-20230705,2,1412857,Omalotheca supina,64.513313
CBN-can-C2-20230705,3,1396253,Sibbaldia procumbens,63.560631
CBN-can-C3-20230705,1,1396253,Sibbaldia procumbens,63.482452
CBN-can-C3-20230705,2,1395807,Salix herbacea,63.045471
CBN-can-C3-20230705,3,1392608,Geum montanum,61.959206
CBN-can-C4-20230705,1,1393200,Homogyne alpina,66.057320
CBN-can-C4-20230705,2,1395807,Salix herbacea,63.247219
CBN-can-C4-20230705,3,1364066,Veronica serpyllifolia,61.671227
CBN-can-D1-20230705,1,1396253,Sibbaldia procumbens,64.222328
CBN-can-D1-20230705,2,1395807,Salix herbacea,62.923275
CBN-can-D1-20230705,3,1360748,Hydrocotyle vulgaris,62.731903
CBN-can-D2-20230705,1,1396253,Sibbaldia procumbens,64.113113
CBN-can-D2-20230705,2,1412857,Omalotheca supina,63.568916
CBN-can-D2-20230705,3,1395807,Salix herbacea,63.300816
CBN-can-D3-20230705,1,1396253,Sibbaldia procumbens,63.938454
CBN-can-D3-20230705,2,1413349,Armeria maritima,63.261147
CBN-can-D3-20230705,3,1412857,Omalotheca supina,62.603546
CBN-can-D4-20230705,1,1400101,Bartsia alpina,64.738586
CBN-can-D4-20230705,2,1392535,Gentiana alpina,64.057465
CBN-can-D4-20230705,3,1395807,Salix herbacea,63.992081
CBN-can-E1-20230706,1,1392608,Geum montanum,66.083580
CBN-can-E1-20230706,2,1396806,Tofieldia calyculata,63.911110
CBN-can-E1-20230706,3,1396253,Sibbaldia procumbens,63.460060
CBN-can-E2-20230706,1,1395807,Salix herbacea,64.513863
CBN-can-E2-20230706,2,1393584,Linaria alpina,63.712608
CBN-can-E2-20230706,3,1396253,Sibbaldia procumbens,61.970940
CBN-can-E3-20230706,1,1392534,Gentiana acaulis,65.739159
CBN-can-E3-20230706,2,1392535,Gentiana alpina,65.142021
CBN-can-E3-20230706,3,1395807,Salix herbacea,63.509411
CBN-can-E4-20230706,1,1397430,Luzula sylvatica,65.406990
CBN-can-E4-20230706,2,1396253,Sibbaldia procumbens,62.701584
CBN-can-E4-20230706,3,1361598,Luzula pilosa,61.193233
CBN-can-E5-20230706,1,1392608,Geum montanum,65.795738
CBN-can-E5-20230706,2,1360299,Geum sylvaticum,65.441811
CBN-can-E5-20230706,3,1392535,Gentiana alpina,64.908318
CBN-can-E6-20230706,1,1392535,Gentiana alpina,66.562874
CBN-can-E6-20230706,2,1393200,Homogyne alpina,66.304451
CBN-can-E6-20230706,3,1392534,Gentiana acaulis,65.894585
CBN-can-F1-20230705,1,1392534,Gentiana acaulis,65.498970
CBN-can-F1-20230705,2,1392535,Gentiana alpina,64.779999
CBN-can-F1-20230705,3,1396253,Sibbaldia procumbens,63.961704
CBN-can-F2-20230706,1,1396144,Sedum alpestre,66.888176
CBN-can-F2-20230706,2,1396253,Sibbaldia procumbens,63.730068
CBN-can-F2-20230706,3,1395807,Salix herbacea,63.197445
CBN-can-F3-20230706,1,1412857,Omalotheca supina,63.525871
CBN-can-F3-20230706,2,1392608,Geum montanum,63.460617
CBN-can-F3-20230706,3,1395807,Salix herbacea,63.355171
CBN-can-F4-20230706,1,1397430,Luzula sylvatica,64.494423
CBN-can-F4-20230706,2,1392608,Geum montanum,63.791695
CBN-can-F4-20230706,3,1393200,Homogyne alpina,62.617050
CBN-can-F5-20230706,1,1392608,Geum montanum,65.793022
CBN-can-F5-20230706,2,1392611,Geum pyrenaicum,62.410938
CBN-can-F5-20230706,3,1396843,Trifolium alpinum,61.963200
GUARDEN-AMB-CF04-1-10-20240325,1,1359344,Medicago marina,66.884262
GUARDEN-AMB-CF04-1-10-20240325,2,1363302,Cyperus capitatus,65.945915
GUARDEN-AMB-CF04-1-10-20240325,3,1360978,Pancratium maritimum,64.234352
GUARDEN-AMB-CF04-1-5-20240325,1,1363302,Cyperus capitatus,68.253990
GUARDEN-AMB-CF04-1-5-20240325,2,1359344,Medicago marina,65.329346
GUARDEN-AMB-CF04-1-5-20240325,3,1363882,Lobularia maritima,64.404297
GUARDEN-AMB-CF21-1-1-20240326,1,1388812,Achillea maritima,67.523987
GUARDEN-AMB-CF21-1-1-20240326,2,1363302,Cyperus capitatus,61.299969
GUARDEN-AMB-CF21-1-1-20240326,3,1357589,Filago mareotica,59.760590
GUARDEN-AMB-CF21-1-10-20240326,1,1363302,Cyperus capitatus,62.653553
GUARDEN-AMB-CF21-1-10-20240326,2,1360701,Echinophora spinosa,60.949219
GUARDEN-AMB-CF21-1-10-20240326,3,1744602,Alyssum gallaecicum,60.654434
GUARDEN-AMB-CF21-1-2-20240326,1,1360719,Eryngium maritimum,61.861454
GUARDEN-AMB-CF21-1-2-20240326,2,1363302,Cyperus capitatus,61.544556
GUARDEN-AMB-CF21-1-2-20240326,3,1358203,Cakile maritima,61.047207
GUARDEN-AMB-CF21-1-3-20240326,1,1359344,Medicago marina,65.793999
GUARDEN-AMB-CF21-1-3-20240326,2,1360719,Eryngium maritimum,64.632339
GUARDEN-AMB-CF21-1-3-20240326,3,1363302,Cyperus capitatus,63.546276
GUARDEN-AMB-CF21-1-4-20240326,1,1359344,Medicago marina,66.999702
GUARDEN-AMB-CF21-1-4-20240326,2,1363302,Cyperus capitatus,65.624222
GUARDEN-AMB-CF21-1-4-20240326,3,1360978,Pancratium maritimum,65.414352
GUARDEN-AMB-CF21-1-5-20240326,1,1359344,Medicago marina,67.562019
GUARDEN-AMB-CF21-1-5-20240326,2,1363302,Cyperus capitatus,64.165375
GUARDEN-AMB-CF21-1-5-20240326,3,1359297,Lotus creticus,60.619106
GUARDEN-AMB-CF21-1-6-20240326,1,1359344,Medicago marina,66.345596
GUARDEN-AMB-CF21-1-6-20240326,2,1363302,Cyperus capitatus,61.946712
GUARDEN-AMB-CF21-1-6-20240326,3,1393770,Medicago littoralis,60.826164
GUARDEN-AMB-CF21-1-7-20240326,1,1724816,Matthiola incana,63.107941
GUARDEN-AMB-CF21-1-7-20240326,2,1363302,Cyperus capitatus,62.511036
GUARDEN-AMB-CF21-1-7-20240326,3,1743664,Hormathophylla lapeyrouseana,61.187347
GUARDEN-AMB-CF21-1-8-20240326,1,1359344,Medicago marina,67.160919
GUARDEN-AMB-CF21-1-8-20240326,2,1363302,Cyperus capitatus,67.045631
GUARDEN-AMB-CF21-1-8-20240326,3,1743249,Matthiola tricuspidata,65.141922
GUARDEN-AMB-CF21-1-9-20240326,1,1399739,Linaria polygalifolia,64.055473
GUARDEN-AMB-CF21-1-9-20240326,2,1744602,Alyssum gallaecicum,63.259922
GUARDEN-AMB-CF21-1-9-20240326,3,1398786,Lavandula lanata,62.100861
GUARDEN-AMB-GV04-1-3-20240326,1,1359297,Lotus creticus,65.279831
GUARDEN-AMB-GV04-1-3-20240326,2,1359298,Lotus cytisoides,65.039452
GUARDEN-AMB-GV04-1-3-20240326,3,1359344,Medicago marina,64.229591
GUARDEN-AMB-GV04-1-4-20240326,1,1359297,Lotus creticus,66.166290
GUARDEN-AMB-GV04-1-4-20240326,2,1359344,Medicago marina,64.882599
GUARDEN-AMB-GV04-1-4-20240326,3,1359298,Lotus cytisoides,63.363247
GUARDEN-AMB-GV04-1-5-20240326,1,1359297,Lotus creticus,66.607224
GUARDEN-AMB-GV04-1-5-20240326,2,1359298,Lotus cytisoides,64.075233
GUARDEN-AMB-GV04-1-5-20240326,3,1359344,Medicago marina,61.724220
GUARDEN-AMB-GV04-1-6-20240326,1,1359297,Lotus creticus,65.617302
GUARDEN-AMB-GV04-1-6-20240326,2,1359298,Lotus cytisoides,62.832226
GUARDEN-AMB-GV04-1-6-20240326,3,1359344,Medicago marina,61.346760
GUARDEN-AMB-GV04-1-7-20240326,1,1359297,Lotus creticus,66.135010
GUARDEN-AMB-GV04-1-7-20240326,2,1359298,Lotus cytisoides,64.067039
GUARDEN-AMB-GV04-1-7-20240326,3,1363882,Lobularia maritima,63.126183
GUARDEN-AMB-PR13-1-10-20240417,1,1360701,Echinophora spinosa,66.554131
GUARDEN-AMB-PR13-1-10-20240417,2,1359297,Lotus creticus,65.592377
GUARDEN-AMB-PR13-1-10-20240417,3,1721018,Calystegia soldanella,64.411110
GUARDEN-AMB-PR13-1-2-20240417,1,1360701,Echinophora spinosa,66.047501
GUARDEN-AMB-PR13-1-2-20240417,2,1722578,Daucus pumilus,64.912857
GUARDEN-AMB-PR13-1-2-20240417,3,1721018,Calystegia soldanella,63.926678
GUARDEN-AMB-PR13-1-3-20240417,1,1360701,Echinophora spinosa,68.066467
GUARDEN-AMB-PR13-1-3-20240417,2,1721018,Calystegia soldanella,65.001251
GUARDEN-AMB-PR13-1-3-20240417,3,1359297,Lotus creticus,63.284569
GUARDEN-AMB-PR13-1-4-20240417,1,1721018,Calystegia soldanella,64.464249
GUARDEN-AMB-PR13-1-4-20240417,2,1364037,Ipomoea imperati,58.822334
GUARDEN-AMB-PR13-1-4-20240417,3,1359344,Medicago marina,56.652027
GUARDEN-AMB-PR13-1-8-20240417,1,1359344,Medicago marina,66.838669
GUARDEN-AMB-PR13-1-8-20240417,2,1359297,Lotus creticus,64.589249
GUARDEN-AMB-PR13-1-8-20240417,3,1721018,Calystegia soldanella,64.585930
GUARDEN-AMB-PR20-1-1-20240424,1,1393522,Leymus arenarius,61.356331
GUARDEN-AMB-PR20-1-1-20240424,2,1722441,Thinopyrum junceum,59.723618
GUARDEN-AMB-PR20-1-1-20240424,3,1722433,Calamagrostis arenaria,59.154457
GUARDEN-AMB-PR20-1-10-20240424,1,1359344,Medicago marina,65.410774
GUARDEN-AMB-PR20-1-10-20240424,2,1359297,Lotus creticus,65.171661
GUARDEN-AMB-PR20-1-10-20240424,3,1359298,Lotus cytisoides,64.881210
GUARDEN-AMB-PR20-1-8-20240424,1,1359344,Medicago marina,66.996735
GUARDEN-AMB-PR20-1-8-20240424,2,1359297,Lotus creticus,63.789955
GUARDEN-AMB-PR20-1-8-20240424,3,1360701,Echinophora spinosa,62.896301
GUARDEN-AMB-SA03-1-1-20240626,1,1359344,Medicago marina,65.733917
GUARDEN-AMB-SA03-1-1-20240626,2,1360381,Crucianella maritima,62.158989
GUARDEN-AMB-SA03-1-1-20240626,3,1359297,Lotus creticus,61.940151
GUARDEN-AMB-SA03-1-10-20240626,1,1356333,Tribulus terrestris,61.001507
GUARDEN-AMB-SA03-1-10-20240626,2,1361732,Salsola tragus,56.836662
GUARDEN-AMB-SA03-1-10-20240626,3,1360035,Limonium echioides,56.039490
GUARDEN-AMB-SA03-1-2-20240626,1,1359344,Medicago marina,66.024399
GUARDEN-AMB-SA03-1-2-20240626,2,1722441,Thinopyrum junceum,61.664986
GUARDEN-AMB-SA03-1-2-20240626,3,1359297,Lotus creticus,60.358784
GUARDEN-AMB-SA03-1-3-20240626,1,1359344,Medicago marina,66.520538
GUARDEN-AMB-SA03-1-3-20240626,2,1358203,Cakile maritima,62.906433
GUARDEN-AMB-SA03-1-3-20240626,3,1359297,Lotus creticus,60.034462
GUARDEN-AMB-SA03-1-4-20240626,1,1359344,Medicago marina,66.527710
GUARDEN-AMB-SA03-1-4-20240626,2,1360978,Pancratium maritimum,64.902245
GUARDEN-AMB-SA03-1-4-20240626,3,1359437,Ononis variegata,63.145226
GUARDEN-AMB-SA03-1-5-20240626,1,1359344,Medicago marina,66.429901
GUARDEN-AMB-SA03-1-5-20240626,2,1359424,Ononis ramosissima,66.041672
GUARDEN-AMB-SA03-1-5-20240626,3,1360978,Pancratium maritimum,63.746819
GUARDEN-AMB-SA03-1-9-20240626,1,1356905,Paronychia argentea,68.489189
GUARDEN-AMB-SA03-1-9-20240626,2,1359297,Lotus creticus,65.056061
GUARDEN-AMB-SA03-1-9-20240626,3,1359298,Lotus cytisoides,64.872726
GUARDEN-AMB-VC03-1-3-20240417,1,1359344,Medicago marina,67.730766
GUARDEN-AMB-VC03-1-3-20240417,2,1356905,Paronychia argentea,67.550400
GUARDEN-AMB-VC03-1-3-20240417,3,1394421,Paronychia kapela,62.918953
GUARDEN-AMB-VC03-1-4-20240417,1,1356905,Paronychia argentea,67.959908
GUARDEN-AMB-VC03-1-4-20240417,2,1359344,Medicago marina,67.120697
GUARDEN-AMB-VC03-1-4-20240417,3,1359297,Lotus creticus,64.384193
GUARDEN-AMB-VC03-1-5-20240417,1,1356905,Paronychia argentea,66.917892
GUARDEN-AMB-VC03-1-5-20240417,2,1359297,Lotus creticus,65.592102
GUARDEN-AMB-VC03-1-5-20240417,3,1359298,Lotus cytisoides,64.606979
GUARDEN-AMB-VC03-1-6-20240417,1,1356905,Paronychia argentea,66.987503
GUARDEN-AMB-VC03-1-6-20240417,2,1359344,Medicago marina,66.704323
GUARDEN-AMB-VC03-1-6-20240417,3,1359297,Lotus creticus,65.555565
GUARDEN-CBNMed-10-1-16-34-20240429,1,1358503,Erica arborea,62.633614
GUARDEN-CBNMed-10-1-16-34-20240429,2,1722409,Salvia rosmarinus,59.963245
GUARDEN-CBNMed-10-1-16-34-20240429,3,1358514,Erica umbellata,59.549717
GUARDEN-CBNMed-10-10-17-19-20240429,1,1358613,Quercus coccifera,63.050365
GUARDEN-CBNMed-10-10-17-19-20240429,2,1548487,Quercus senneniana,58.674820
GUARDEN-CBNMed-10-10-17-19-20240429,3,1743916,Quercus pseudococcifera,56.481770
GUARDEN-CBNMed-10-5-16-55-20240429,1,1357111,Cistus salviifolius,65.696625
GUARDEN-CBNMed-10-5-16-55-20240429,2,1356785,Lonicera implexa,64.950424
GUARDEN-CBNMed-10-5-16-55-20240429,3,1358503,Erica arborea,63.055401
GUARDEN-CBNMed-10-6-17-02-20240429,1,1356785,Lonicera implexa,63.744724
GUARDEN-CBNMed-10-6-17-02-20240429,2,1358613,Quercus coccifera,62.492065
GUARDEN-CBNMed-10-6-17-02-20240429,3,1361710,Ruscus aculeatus,59.923313
GUARDEN-CBNMed-10-7-17-05-20240429,1,1357111,Cistus salviifolius,64.535324
GUARDEN-CBNMed-10-7-17-05-20240429,2,1398783,Satureja intricata,63.213272
GUARDEN-CBNMed-10-7-17-05-20240429,3,1388990,Brachypodium retusum,62.932487
GUARDEN-CBNMed-10-8-17-11-20240429,1,1358613,Quercus coccifera,63.347382
GUARDEN-CBNMed-10-8-17-11-20240429,2,1548487,Quercus senneniana,57.867538
GUARDEN-CBNMed-10-8-17-11-20240429,3,1744511,Genista tribracteolata,57.360512
GUARDEN-CBNMed-10-9-17-16-20240429,1,1358613,Quercus coccifera,63.643227
GUARDEN-CBNMed-10-9-17-16-20240429,2,1358503,Erica arborea,62.254852
GUARDEN-CBNMed-10-9-17-16-20240429,3,1393698,Lycium afrum,59.238262
GUARDEN-CBNMed-14-3-9-45-20240429,1,1359676,Olea europaea,60.138699
GUARDEN-CBNMed-14-3-9-45-20240429,2,1361710,Ruscus aculeatus,58.543510
GUARDEN-CBNMed-14-3-9-45-20240429,3,1364048,Osyris lanceolata,58.044350
GUARDEN-CBNMed-14-4-9-49-20240429,1,1359676,Olea europaea,61.698452
GUARDEN-CBNMed-14-4-9-49-20240429,2,1356728,Buxus balearica,58.339245
GUARDEN-CBNMed-14-4-9-49-20240429,3,1425884,Borrichia frutescens,56.581749
GUARDEN-CBNMed-14-9-10-09-20240429,1,1359676,Olea europaea,62.899151
GUARDEN-CBNMed-14-9-10-09-20240429,2,1359677,Phillyrea angustifolia,58.983742
GUARDEN-CBNMed-14-9-10-09-20240429,3,1359678,Phillyrea latifolia,57.283730
GUARDEN-CBNMed-15-10-12-17-20240429,1,1363413,Eleusine tristachya,65.823441
GUARDEN-CBNMed-15-10-12-17-20240429,2,1361190,Avena sterilis,62.204266
GUARDEN-CBNMed-15-10-12-17-20240429,3,1363467,Avena barbata,61.056023
GUARDEN-CBNMed-15-5-11-44-20240429,1,1364171,Sonchus tenerrimus,65.304420
GUARDEN-CBNMed-15-5-11-44-20240429,2,1361190,Avena sterilis,64.856728
GUARDEN-CBNMed-15-5-11-44-20240429,3,1357351,Carduus pycnocephalus,63.258835
GUARDEN-CBNMed-15-7-12-02-20240429,1,1361190,Avena sterilis,62.404850
GUARDEN-CBNMed-15-7-12-02-20240429,2,1364171,Sonchus tenerrimus,62.222046
GUARDEN-CBNMed-15-7-12-02-20240429,3,1359676,Olea europaea,62.157761
GUARDEN-CBNMed-15-9-12-15-20240429,1,1363413,Eleusine tristachya,62.189758
GUARDEN-CBNMed-15-9-12-15-20240429,2,1361190,Avena sterilis,61.010204
GUARDEN-CBNMed-15-9-12-15-20240429,3,1363467,Avena barbata,60.035694
GUARDEN-CBNMed-16-1-13-37-20240429,1,1356108,Thymus vulgaris,64.222641
GUARDEN-CBNMed-16-1-13-37-20240429,2,1388990,Brachypodium retusum,63.755707
GUARDEN-CBNMed-16-1-13-37-20240429,3,1722409,Salvia rosmarinus,63.534958
GUARDEN-CBNMed-16-10-14-33-20240429,1,1722409,Salvia rosmarinus,63.213177
GUARDEN-CBNMed-16-10-14-33-20240429,2,1744347,Ulex canescens,62.538345
GUARDEN-CBNMed-16-10-14-33-20240429,3,1359548,Ulex parviflorus,61.261581
GUARDEN-CBNMed-16-2-13-45-20240429,1,1399771,Astragalus balearicus,62.140938
GUARDEN-CBNMed-16-2-13-45-20240429,2,1388990,Brachypodium retusum,60.908192
GUARDEN-CBNMed-16-2-13-45-20240429,3,1743965,Ulex argenteus,60.419994
GUARDEN-CBNMed-16-3-13-51-20240429,1,1358572,Euphorbia nicaeensis,63.681820
GUARDEN-CBNMed-16-3-13-51-20240429,2,1743966,Ulex erinaceus,63.555710
GUARDEN-CBNMed-16-3-13-51-20240429,3,1722409,Salvia rosmarinus,62.792992
GUARDEN-CBNMed-16-4-13-57-20240429,1,1722409,Salvia rosmarinus,63.120483
GUARDEN-CBNMed-16-4-13-57-20240429,2,1360701,Echinophora spinosa,60.173370
GUARDEN-CBNMed-16-4-13-57-20240429,3,1359029,Thymbra capitata,59.718845
GUARDEN-CBNMed-16-6-14-07-20240429,1,1722409,Salvia rosmarinus,62.790600
GUARDEN-CBNMed-16-6-14-07-20240429,2,1743989,Ulex densus,61.028915
GUARDEN-CBNMed-16-6-14-07-20240429,3,1743966,Ulex erinaceus,60.696613
GUARDEN-CBNMed-16-7-14-1-20240429,1,1722409,Salvia rosmarinus,61.790680
GUARDEN-CBNMed-16-7-14-1-20240429,2,1357566,Echinops strigosus,58.461544
GUARDEN-CBNMed-16-7-14-1-20240429,3,1359548,Ulex parviflorus,57.431572
GUARDEN-CBNMed-16-8-14-14-20240429,1,1360999,Aphyllanthes monspeliensis,65.756050
GUARDEN-CBNMed-16-8-14-14-20240429,2,1722409,Salvia rosmarinus,62.383202
GUARDEN-CBNMed-16-8-14-14-20240429,3,1358318,Hormathophylla spinosa,59.205048
GUARDEN-CBNMed-17-3-10-56-20240429,1,1361106,Scirpoides holoschoenus,64.193909
GUARDEN-CBNMed-17-3-10-56-20240429,2,1363292,Cyperus difformis,62.574539
GUARDEN-CBNMed-17-3-10-56-20240429,3,1360385,Galium aparine,56.765144
GUARDEN-CBNMed-17-5-11-2-20240429,1,1361106,Scirpoides holoschoenus,63.895248
GUARDEN-CBNMed-17-5-11-2-20240429,2,1363212,Torilis arvensis,63.401169
GUARDEN-CBNMed-17-5-11-2-20240429,3,1361088,Cyperus fuscus,62.825657
GUARDEN-CBNMed-19-1-15-24-20240429,1,1357743,Pallenis spinosa,66.610146
GUARDEN-CBNMed-19-1-15-24-20240429,2,1357293,Asteriscus aquaticus,64.344345
GUARDEN-CBNMed-19-1-15-24-20240429,3,1357594,Filago pyramidata,63.869698
GUARDEN-CBNMed-19-10-16-02-20240429,1,1400017,Armeria linkiana,62.446331
GUARDEN-CBNMed-19-10-16-02-20240429,2,1396059,Scabiosa corsica,60.616562
GUARDEN-CBNMed-19-10-16-02-20240429,3,1361926,Scabiosa columbaria,60.017746
GUARDEN-CBNMed-19-2-15-31-20240429,1,1363413,Eleusine tristachya,62.455635
GUARDEN-CBNMed-19-2-15-31-20240429,2,1492665,Dianthus laricifolius,59.733612
GUARDEN-CBNMed-19-2-15-31-20240429,3,1492564,Dianthus charidemi,59.662361
GUARDEN-CBNMed-19-3-15-35-20240429,1,1359521,Trifolium scabrum,67.975014
GUARDEN-CBNMed-19-3-15-35-20240429,2,1363467,Avena barbata,61.996399
GUARDEN-CBNMed-19-3-15-35-20240429,3,1361190,Avena sterilis,61.641113
GUARDEN-CBNMed-19-4-15-39-20240429,1,1359521,Trifolium scabrum,62.365463
GUARDEN-CBNMed-19-4-15-39-20240429,2,1493549,Silene longicilia,62.066345
GUARDEN-CBNMed-19-4-15-39-20240429,3,1358477,Pycnocomon rutifolium,61.829514
GUARDEN-CBNMed-19-5-15-44-20240429,1,1359521,Trifolium scabrum,65.795998
GUARDEN-CBNMed-19-5-15-44-20240429,2,1363738,Trifolium glomeratum,63.033295
GUARDEN-CBNMed-19-5-15-44-20240429,3,1744483,Astragalus nitidiflorus,62.259079
GUARDEN-CBNMed-19-6-15-48-20240429,1,1363413,Eleusine tristachya,63.532791
GUARDEN-CBNMed-19-6-15-48-20240429,2,1359521,Trifolium scabrum,62.197868
GUARDEN-CBNMed-19-6-15-48-20240429,3,1361926,Scabiosa columbaria,60.500290
GUARDEN-CBNMed-19-7-15-51-20240429,1,1364168,Tragopogon porrifolius,60.721062
GUARDEN-CBNMed-19-7-15-51-20240429,2,1358213,Cardamine pratensis,59.694065
GUARDEN-CBNMed-19-7-15-51-20240429,3,1647187,Armeria welwitschii,59.631248
GUARDEN-CBNMed-19-8-15-53-20240429,1,1359521,Trifolium scabrum,67.244614
GUARDEN-CBNMed-19-8-15-53-20240429,2,1358654,Erodium malacoides,64.725555
GUARDEN-CBNMed-19-8-15-53-20240429,3,1425238,Medicago minima,62.843159
GUARDEN-CBNMed-19-9-15-58-20240429,1,1361926,Scabiosa columbaria,59.437557
GUARDEN-CBNMed-19-9-15-58-20240429,2,1360869,Viola kitaibeliana,58.926147
GUARDEN-CBNMed-19-9-15-58-20240429,3,1358478,Scabiosa ochroleuca,58.784958
GUARDEN-CBNMed-20-1-9-35-20240428,1,1360443,Ruta angustifolia,65.014099
GUARDEN-CBNMed-20-1-9-35-20240428,2,1394527,Phlomis lychnitis,64.544891
GUARDEN-CBNMed-20-1-9-35-20240428,3,1364039,Ruta graveolens,61.192284
GUARDEN-CBNMed-20-10-10-31-20240428,1,1357114,Fumana ericoides,64.267410
GUARDEN-CBNMed-20-10-10-31-20240428,2,1359216,Genista scorpius,64.147629
GUARDEN-CBNMed-20-10-10-31-20240428,3,1357122,Fumana thymifolia,63.501556
GUARDEN-CBNMed-20-8-10-19-20240428,1,1360999,Aphyllanthes monspeliensis,64.660767
GUARDEN-CBNMed-20-8-10-19-20240428,2,1363053,Helictochloa bromoides,63.064457
GUARDEN-CBNMed-20-8-10-19-20240428,3,1397376,Ephedra distachya,60.736778
GUARDEN-CBNMed-20-9-10-23-20240428,1,1357122,Fumana thymifolia,65.041817
GUARDEN-CBNMed-20-9-10-23-20240428,2,1360999,Aphyllanthes monspeliensis,64.705170
GUARDEN-CBNMed-20-9-10-23-20240428,3,1357114,Fumana ericoides,64.122116
GUARDEN-CBNMed-21-10-11-42-20240428,1,1360999,Aphyllanthes monspeliensis,64.529030
GUARDEN-CBNMed-21-10-11-42-20240428,2,1357122,Fumana thymifolia,63.719692
GUARDEN-CBNMed-21-10-11-42-20240428,3,1356108,Thymus vulgaris,62.021175
GUARDEN-CBNMed-21-2-11-07-20240428,1,1357122,Fumana thymifolia,64.556503
GUARDEN-CBNMed-21-2-11-07-20240428,2,1357121,Fumana scoparia,63.064938
GUARDEN-CBNMed-21-2-11-07-20240428,3,1357114,Fumana ericoides,61.907181
GUARDEN-CBNMed-21-3-11-09-20240428,1,1357122,Fumana thymifolia,66.065186
GUARDEN-CBNMed-21-3-11-09-20240428,2,1393365,Juniperus oxycedrus,64.374542
GUARDEN-CBNMed-21-3-11-09-20240428,3,1357117,Fumana laevipes,63.091908
GUARDEN-CBNMed-21-6-11-17-20240428,1,1357122,Fumana thymifolia,65.259560
GUARDEN-CBNMed-21-6-11-17-20240428,2,1357114,Fumana ericoides,64.399506
GUARDEN-CBNMed-21-6-11-17-20240428,3,1388990,Brachypodium retusum,62.574471
GUARDEN-CBNMed-21-8-11-23-20240428,1,1357122,Fumana thymifolia,66.488419
GUARDEN-CBNMed-21-8-11-23-20240428,2,1362454,Helianthemum hirtum,63.135262
GUARDEN-CBNMed-21-8-11-23-20240428,3,1357121,Fumana scoparia,63.034065
GUARDEN-CBNMed-21-9-11-32-20240428,1,1388990,Brachypodium retusum,63.140568
GUARDEN-CBNMed-21-9-11-32-20240428,2,1360999,Aphyllanthes monspeliensis,62.466545
GUARDEN-CBNMed-21-9-11-32-20240428,3,1399771,Astragalus balearicus,61.205193
GUARDEN-CBNMed-22-1-13-39-20240428,1,1722625,Arthrocaulon macrostachyum,65.629349
GUARDEN-CBNMed-22-1-13-39-20240428,2,1360054,Limonium narbonense,64.706451
GUARDEN-CBNMed-22-1-13-39-20240428,3,1393569,Limonium patrimoniense,63.352730
GUARDEN-CBNMed-22-10-14-48-20240428,1,1360006,Limoniastrum monopetalum,63.281048
GUARDEN-CBNMed-22-10-14-48-20240428,2,1393574,Limonium tarcoense,62.946259
GUARDEN-CBNMed-22-10-14-48-20240428,3,1357124,Helianthemum almeriense,62.775185
GUARDEN-CBNMed-22-2-14-05-20240428,1,1393574,Limonium tarcoense,63.669830
GUARDEN-CBNMed-22-2-14-05-20240428,2,1722625,Arthrocaulon macrostachyum,62.948463
GUARDEN-CBNMed-22-2-14-05-20240428,3,1722522,Salicornia fruticosa,61.861225
GUARDEN-CBNMed-22-5-14-21-20240428,1,1393574,Limonium tarcoense,62.877899
GUARDEN-CBNMed-22-5-14-21-20240428,2,1398646,Launaea cervicornis,61.642349
GUARDEN-CBNMed-22-5-14-21-20240428,3,1722521,Salicornia perennis,61.401134
GUARDEN-CBNMed-22-6-14-23-20240428,1,1722521,Salicornia perennis,63.576859
GUARDEN-CBNMed-22-6-14-23-20240428,2,1722522,Salicornia fruticosa,63.525169
GUARDEN-CBNMed-22-6-14-23-20240428,3,1722625,Arthrocaulon macrostachyum,62.752594
GUARDEN-CBNMed-22-7-14-25-20240428,1,1722522,Salicornia fruticosa,63.600056
GUARDEN-CBNMed-22-7-14-25-20240428,2,1389328,Malephora crocea,62.916569
GUARDEN-CBNMed-22-7-14-25-20240428,3,1722625,Arthrocaulon macrostachyum,62.510284
GUARDEN-CBNMed-22-9-14-42-20240428,1,1360006,Limoniastrum monopetalum,65.345001
GUARDEN-CBNMed-22-9-14-42-20240428,2,1722625,Arthrocaulon macrostachyum,64.317772
GUARDEN-CBNMed-22-9-14-42-20240428,3,1738887,Salicornia marshallii,63.019070
GUARDEN-CBNMed-23-1-9-56-20240428,1,1360999,Aphyllanthes monspeliensis,65.982941
GUARDEN-CBNMed-23-1-9-56-20240428,2,1391710,Dianthus pyrenaicus,60.942978
GUARDEN-CBNMed-23-1-9-56-20240428,3,1361092,Eleocharis multicaulis,60.734879
GUARDEN-CBNMed-23-10-10-42-20240428,1,1564646,Thymus orospedanus,61.515900
GUARDEN-CBNMed-23-10-10-42-20240428,2,1363137,Frankenia thymifolia,60.315010
GUARDEN-CBNMed-23-10-10-42-20240428,3,1743811,Santolina ericoides,60.081223
GUARDEN-CBNMed-23-3-10-14-20240428,1,1389424,Linaria aeruginea,63.630558
GUARDEN-CBNMed-23-3-10-14-20240428,2,1357114,Fumana ericoides,62.737656
GUARDEN-CBNMed-23-3-10-14-20240428,3,1357121,Fumana scoparia,61.955296
GUARDEN-CBNMed-23-4-10-17-20240428,1,1564646,Thymus orospedanus,65.189522
GUARDEN-CBNMed-23-4-10-17-20240428,2,1647291,Limonium furfuraceum,65.011887
GUARDEN-CBNMed-23-4-10-17-20240428,3,1356108,Thymus vulgaris,64.978447
GUARDEN-CBNMed-23-5-10-21-20240428,1,1398815,Thymus camphoratus,64.149376
GUARDEN-CBNMed-23-5-10-21-20240428,2,1360711,Eryngium campestre,64.014839
GUARDEN-CBNMed-23-5-10-21-20240428,3,1564646,Thymus orospedanus,62.728642
GUARDEN-CBNMed-23-6-10-24-20240428,1,1393365,Juniperus oxycedrus,64.341522
GUARDEN-CBNMed-23-6-10-24-20240428,2,1359216,Genista scorpius,60.483124
GUARDEN-CBNMed-23-6-10-24-20240428,3,1360655,Bupleurum spinosum,59.169327
GUARDEN-CBNMed-23-7-10-28-20240428,1,1360999,Aphyllanthes monspeliensis,65.351013
GUARDEN-CBNMed-23-7-10-28-20240428,2,1399677,Phagnalon graecum,63.665581
GUARDEN-CBNMed-23-7-10-28-20240428,3,1393365,Juniperus oxycedrus,63.321884
GUARDEN-CBNMed-23-8-10-34-20240428,1,1356108,Thymus vulgaris,61.431866
GUARDEN-CBNMed-23-8-10-34-20240428,2,1743336,Santolina magonica,61.420868
GUARDEN-CBNMed-23-8-10-34-20240428,3,1358318,Hormathophylla spinosa,60.959328
GUARDEN-CBNMed-23-9-10-39-20240428,1,1744504,Genista legionensis,62.985718
GUARDEN-CBNMed-23-9-10-39-20240428,2,1398815,Thymus camphoratus,62.446381
GUARDEN-CBNMed-23-9-10-39-20240428,3,1564276,Teucrium balearicum,62.259972
GUARDEN-CBNMed-24-10-13-06-20240428,1,1388990,Brachypodium retusum,61.921959
GUARDEN-CBNMed-24-10-13-06-20240428,2,1359210,Genista lobelii,60.196022
GUARDEN-CBNMed-24-10-13-06-20240428,3,1743889,Gelasia hirsuta,59.082947
GUARDEN-CBNMed-24-2-12-04-20240428,1,1357351,Carduus pycnocephalus,62.335663
GUARDEN-CBNMed-24-2-12-04-20240428,2,1357338,Carduus bourgeanus,61.649548
GUARDEN-CBNMed-24-2-12-04-20240428,3,1362462,Iris lutescens,61.578323
GUARDEN-CBNMed-24-3-12-15-20240428,1,1357351,Carduus pycnocephalus,64.408752
GUARDEN-CBNMed-24-3-12-15-20240428,2,1357335,Carduus argyroa,63.464706
GUARDEN-CBNMed-24-3-12-15-20240428,3,1357405,Centaurea boissieri,63.179565
GUARDEN-CBNMed-24-5-12-36-20240428,1,1357351,Carduus pycnocephalus,64.889038
GUARDEN-CBNMed-24-5-12-36-20240428,2,1744928,Eryngium ilicifolium,63.432373
GUARDEN-CBNMed-24-5-12-36-20240428,3,1360706,Eryngium aquifolium,62.504715
GUARDEN-CBNMed-24-6-12-46-20240428,1,1357351,Carduus pycnocephalus,65.306969
GUARDEN-CBNMed-24-6-12-46-20240428,2,1396956,Urospermum picroides,64.536880
GUARDEN-CBNMed-24-6-12-46-20240428,3,1360711,Eryngium campestre,64.096634
GUARDEN-CBNMed-24-7-12-54-20240428,1,1360711,Eryngium campestre,64.547623
GUARDEN-CBNMed-24-7-12-54-20240428,2,1360709,Eryngium bourgatii,60.045334
GUARDEN-CBNMed-24-7-12-54-20240428,3,1360715,Eryngium dilatatum,59.880814
GUARDEN-CBNMed-24-8-14-58-20240428,1,1360711,Eryngium campestre,63.836384
GUARDEN-CBNMed-24-8-14-58-20240428,2,1357351,Carduus pycnocephalus,62.893677
GUARDEN-CBNMed-24-8-14-58-20240428,3,1357338,Carduus bourgeanus,61.501617
GUARDEN-CBNMed-24-9-13-02-20240428,1,1492564,Dianthus charidemi,60.362099
GUARDEN-CBNMed-24-9-13-02-20240428,2,1396956,Urospermum picroides,59.884232
GUARDEN-CBNMed-24-9-13-02-20240428,3,1360711,Eryngium campestre,59.860023
GUARDEN-CBNMed-25-1-13-52-20240428,1,1394527,Phlomis lychnitis,66.784096
GUARDEN-CBNMed-25-1-13-52-20240428,2,1742109,Petrosedum sediforme,64.388855
GUARDEN-CBNMed-25-1-13-52-20240428,3,1561314,Phlomis composita,62.413441
GUARDEN-CBNMed-25-10-14-49-20240428,1,1357743,Pallenis spinosa,67.122948
GUARDEN-CBNMed-25-10-14-49-20240428,2,1394527,Phlomis lychnitis,65.763596
GUARDEN-CBNMed-25-10-14-49-20240428,3,1357981,Convolvulus lineatus,65.683098
GUARDEN-CBNMed-25-2-13-57-20240428,1,1742109,Petrosedum sediforme,61.989216
GUARDEN-CBNMed-25-2-13-57-20240428,2,1361412,Sporobolus pungens,60.000843
GUARDEN-CBNMed-25-2-13-57-20240428,3,1360739,Foeniculum vulgare,59.430710
GUARDEN-CBNMed-25-3-14-06-20240428,1,1394527,Phlomis lychnitis,66.041611
GUARDEN-CBNMed-25-3-14-06-20240428,2,1388990,Brachypodium retusum,61.783203
GUARDEN-CBNMed-25-3-14-06-20240428,3,1561314,Phlomis composita,61.087776
GUARDEN-CBNMed-25-4-14-15-20240428,1,1357743,Pallenis spinosa,66.434471
GUARDEN-CBNMed-25-4-14-15-20240428,2,1394527,Phlomis lychnitis,65.936600
GUARDEN-CBNMed-25-4-14-15-20240428,3,1742109,Petrosedum sediforme,65.097076
GUARDEN-CBNMed-25-7-14-28-20240428,1,1357981,Convolvulus lineatus,64.856987
GUARDEN-CBNMed-25-7-14-28-20240428,2,1742109,Petrosedum sediforme,64.147385
GUARDEN-CBNMed-25-7-14-28-20240428,3,1359676,Olea europaea,63.083775
GUARDEN-CBNMed-25-8-14-39-20240428,1,1357981,Convolvulus lineatus,67.129837
GUARDEN-CBNMed-25-8-14-39-20240428,2,1357743,Pallenis spinosa,65.732803
GUARDEN-CBNMed-25-8-14-39-20240428,3,1742109,Petrosedum sediforme,64.352051
GUARDEN-CBNMed-25-9-14-43-20240428,1,1357981,Convolvulus lineatus,65.672310
GUARDEN-CBNMed-25-9-14-43-20240428,2,1742109,Petrosedum sediforme,64.722176
GUARDEN-CBNMed-25-9-14-43-20240428,3,1744215,Convolvulus boissieri,61.303490
GUARDEN-CBNMed-26-10-10-01-20240428,1,1359344,Medicago marina,65.517349
GUARDEN-CBNMed-26-10-10-01-20240428,2,1359297,Lotus creticus,57.278698
GUARDEN-CBNMed-26-10-10-01-20240428,3,1359298,Lotus cytisoides,55.880985
GUARDEN-CBNMed-26-6-9-34-20240428,1,1738652,Matthiola sinuata,67.391777
GUARDEN-CBNMed-26-6-9-34-20240428,2,1481437,Matthiola fruticulosa,61.491531
GUARDEN-CBNMed-26-6-9-34-20240428,3,1358380,Matthiola lunata,61.361633
GUARDEN-CBNMed-26-8-9-45-20240428,1,1359344,Medicago marina,65.703789
GUARDEN-CBNMed-26-8-9-45-20240428,2,1359297,Lotus creticus,59.171814
GUARDEN-CBNMed-26-8-9-45-20240428,3,1394643,Antennaria dioica,58.712776
GUARDEN-CBNMed-26-9-9-48-20240428,1,1359344,Medicago marina,66.003006
GUARDEN-CBNMed-26-9-9-48-20240428,2,1359297,Lotus creticus,60.125114
GUARDEN-CBNMed-26-9-9-48-20240428,3,1359298,Lotus cytisoides,59.028774
GUARDEN-CBNMed-27-1-11-17-20240428,1,1393547,Limonium binervosum,66.843109
GUARDEN-CBNMed-27-1-11-17-20240428,2,1743977,Limonium auriculifolium,63.198105
GUARDEN-CBNMed-27-1-11-17-20240428,3,1360059,Limonium ovalifolium,62.424824
GUARDEN-CBNMed-27-10-11-55-20240428,1,1360026,Limonium cossonianum,62.553669
GUARDEN-CBNMed-27-10-11-55-20240428,2,1744392,Limonium alicunense,62.526218
GUARDEN-CBNMed-27-10-11-55-20240428,3,1360009,Limonium algarvense,61.993378
GUARDEN-CBNMed-27-2-11-32-20240428,1,1360026,Limonium cossonianum,61.166771
GUARDEN-CBNMed-27-2-11-32-20240428,2,1744019,Limonium maritimum,60.619301
GUARDEN-CBNMed-27-2-11-32-20240428,3,1744392,Limonium alicunense,60.362183
GUARDEN-CBNMed-27-3-11-36-20240428,1,1363200,Anabasis articulata,63.783203
GUARDEN-CBNMed-27-3-11-36-20240428,2,1722625,Arthrocaulon macrostachyum,62.769764
GUARDEN-CBNMed-27-3-11-36-20240428,3,1722522,Salicornia fruticosa,62.452591
GUARDEN-CBNMed-27-4-11-39-20240428,1,1722522,Salicornia fruticosa,62.767010
GUARDEN-CBNMed-27-4-11-39-20240428,2,1722625,Arthrocaulon macrostachyum,62.187599
GUARDEN-CBNMed-27-4-11-39-20240428,3,1393574,Limonium tarcoense,61.791115
GUARDEN-CBNMed-27-5-11-4-20240428,1,1722522,Salicornia fruticosa,62.768784
GUARDEN-CBNMed-27-5-11-4-20240428,2,1393574,Limonium tarcoense,62.525105
GUARDEN-CBNMed-27-5-11-4-20240428,3,1722625,Arthrocaulon macrostachyum,62.290062
GUARDEN-CBNMed-27-6-11-42-20240428,1,1449488,Ruschia caroli,62.666771
GUARDEN-CBNMed-27-6-11-42-20240428,2,1393574,Limonium tarcoense,61.461418
GUARDEN-CBNMed-27-6-11-42-20240428,3,1722625,Arthrocaulon macrostachyum,60.784470
GUARDEN-CBNMed-27-7-11-43-20240428,1,1722522,Salicornia fruticosa,64.148361
GUARDEN-CBNMed-27-7-11-43-20240428,2,1449488,Ruschia caroli,63.140488
GUARDEN-CBNMed-27-7-11-43-20240428,3,1722625,Arthrocaulon macrostachyum,62.825207
GUARDEN-CBNMed-27-8-11-45-20240428,1,1449488,Ruschia caroli,64.884659
GUARDEN-CBNMed-27-8-11-45-20240428,2,1393574,Limonium tarcoense,64.422356
GUARDEN-CBNMed-27-8-11-45-20240428,3,1743297,Limonium fontqueri,63.177757
GUARDEN-CBNMed-27-9-11-47-20240428,1,1722521,Salicornia perennis,60.562405
GUARDEN-CBNMed-27-9-11-47-20240428,2,1395727,Salicornia procumbens,59.616455
GUARDEN-CBNMed-27-9-11-47-20240428,3,1744365,Salicornia alpini,59.615463
GUARDEN-CBNMed-28-1-12-46-20240428,1,1360006,Limoniastrum monopetalum,64.059494
GUARDEN-CBNMed-28-1-12-46-20240428,2,1722521,Salicornia perennis,62.584663
GUARDEN-CBNMed-28-1-12-46-20240428,3,1722625,Arthrocaulon macrostachyum,62.199013
GUARDEN-CBNMed-28-10-13-23-20240428,1,1357705,Limbarda crithmoides,66.120155
GUARDEN-CBNMed-28-10-13-23-20240428,2,1395940,Saxifraga aizoides,60.830353
GUARDEN-CBNMed-28-10-13-23-20240428,3,1360036,Limonium emarginatum,60.532833
GUARDEN-CBNMed-28-2-12-48-20240428,1,1360006,Limoniastrum monopetalum,64.638184
GUARDEN-CBNMed-28-2-12-48-20240428,2,1722521,Salicornia perennis,63.294632
GUARDEN-CBNMed-28-2-12-48-20240428,3,1363200,Anabasis articulata,63.110901
GUARDEN-CBNMed-28-3-12-51-20240428,1,1722625,Arthrocaulon macrostachyum,63.019695
GUARDEN-CBNMed-28-3-12-51-20240428,2,1738887,Salicornia marshallii,61.856697
GUARDEN-CBNMed-28-3-12-51-20240428,3,1722522,Salicornia fruticosa,61.637371
GUARDEN-CBNMed-28-4-12-52-20240428,1,1360054,Limonium narbonense,65.919945
GUARDEN-CBNMed-28-4-12-52-20240428,2,1357705,Limbarda crithmoides,64.638214
GUARDEN-CBNMed-28-4-12-52-20240428,3,1363838,Heliotropium curassavicum,62.164799
GUARDEN-CBNMed-28-5-13-02-20240428,1,1360054,Limonium narbonense,62.775433
GUARDEN-CBNMed-28-5-13-02-20240428,2,1360026,Limonium cossonianum,62.570473
GUARDEN-CBNMed-28-5-13-02-20240428,3,1743977,Limonium auriculifolium,62.242004
GUARDEN-CBNMed-28-6-13-06-20240428,1,1357705,Limbarda crithmoides,65.198410
GUARDEN-CBNMed-28-6-13-06-20240428,2,1393568,Limonium obtusifolium,62.092175
GUARDEN-CBNMed-28-6-13-06-20240428,3,1738887,Salicornia marshallii,61.089901
GUARDEN-CBNMed-28-7-13-11-20240428,1,1357705,Limbarda crithmoides,65.193771
GUARDEN-CBNMed-28-7-13-11-20240428,2,1722625,Arthrocaulon macrostachyum,62.313248
GUARDEN-CBNMed-28-7-13-11-20240428,3,1393574,Limonium tarcoense,62.057770
GUARDEN-CBNMed-28-8-13-14-20240428,1,1357705,Limbarda crithmoides,65.603645
GUARDEN-CBNMed-28-8-13-14-20240428,2,1391750,Disphyma crassifolium,64.188988
GUARDEN-CBNMed-28-8-13-14-20240428,3,1738887,Salicornia marshallii,60.822922
GUARDEN-CBNMed-28-9-13-17-20240428,1,1722625,Arthrocaulon macrostachyum,65.300247
GUARDEN-CBNMed-28-9-13-17-20240428,2,1393574,Limonium tarcoense,65.088974
GUARDEN-CBNMed-28-9-13-17-20240428,3,1357705,Limbarda crithmoides,63.412354
GUARDEN-CBNMed-29-6-14-31-20240428,1,1357227,Anthemis maritima,67.351242
GUARDEN-CBNMed-29-6-14-31-20240428,2,1359344,Medicago marina,66.270805
GUARDEN-CBNMed-29-6-14-31-20240428,3,1360719,Eryngium maritimum,66.062164
GUARDEN-CBNMed-29-7-14-34-20240428,1,1360719,Eryngium maritimum,65.534653
GUARDEN-CBNMed-29-7-14-34-20240428,2,1360701,Echinophora spinosa,65.478668
GUARDEN-CBNMed-29-7-14-34-20240428,3,1360706,Eryngium aquifolium,58.183216
GUARDEN-CBNMed-30-1-16-07-20240428,1,1393770,Medicago littoralis,63.920254
GUARDEN-CBNMed-30-1-16-07-20240428,2,1357401,Centaurea aspera,63.560310
GUARDEN-CBNMed-30-1-16-07-20240428,3,1359344,Medicago marina,63.333755
GUARDEN-CBNMed-30-10-16-41-20240428,1,1359344,Medicago marina,65.799492
GUARDEN-CBNMed-30-10-16-41-20240428,2,1357227,Anthemis maritima,64.854355
GUARDEN-CBNMed-30-10-16-41-20240428,3,1394664,Anthemis tomentosa,60.835720
GUARDEN-CBNMed-30-2-16-23-20240428,1,1357227,Anthemis maritima,69.122208
GUARDEN-CBNMed-30-2-16-23-20240428,2,1359344,Medicago marina,65.425072
GUARDEN-CBNMed-30-2-16-23-20240428,3,1394664,Anthemis tomentosa,64.520401
GUARDEN-CBNMed-30-4-16-3-20240428,1,1357227,Anthemis maritima,69.966530
GUARDEN-CBNMed-30-4-16-3-20240428,2,1394664,Anthemis tomentosa,66.723488
GUARDEN-CBNMed-30-4-16-3-20240428,3,1359344,Medicago marina,66.586784
GUARDEN-CBNMed-30-6-16-34-20240428,1,1357227,Anthemis maritima,71.130402
GUARDEN-CBNMed-30-6-16-34-20240428,2,1394664,Anthemis tomentosa,66.493752
GUARDEN-CBNMed-30-6-16-34-20240428,3,1359344,Medicago marina,65.427284
GUARDEN-CBNMed-30-7-16-35-20240428,1,1357227,Anthemis maritima,70.213760
GUARDEN-CBNMed-30-7-16-35-20240428,2,1394664,Anthemis tomentosa,65.809944
GUARDEN-CBNMed-30-7-16-35-20240428,3,1359344,Medicago marina,65.030029
GUARDEN-CBNMed-30-8-16-37-20240428,1,1357227,Anthemis maritima,68.218208
GUARDEN-CBNMed-30-8-16-37-20240428,2,1359344,Medicago marina,66.712982
GUARDEN-CBNMed-30-8-16-37-20240428,3,1394664,Anthemis tomentosa,66.014694
GUARDEN-CBNMed-30-9-16-4-20240428,1,1357227,Anthemis maritima,71.890648
GUARDEN-CBNMed-30-9-16-4-20240428,2,1359344,Medicago marina,65.352539
GUARDEN-CBNMed-30-9-16-4-20240428,3,1394664,Anthemis tomentosa,65.213844
GUARDEN-CBNMed-31-1-9-37-20240428,1,1393770,Medicago littoralis,62.041191
GUARDEN-CBNMed-31-1-9-37-20240428,2,1359952,Plantago crassifolia,61.158775
GUARDEN-CBNMed-31-1-9-37-20240428,3,1359965,Plantago maritima,60.401169
GUARDEN-CBNMed-31-10-10-06-20240428,1,1722578,Daucus pumilus,66.903473
GUARDEN-CBNMed-31-10-10-06-20240428,2,1393770,Medicago littoralis,64.212067
GUARDEN-CBNMed-31-10-10-06-20240428,3,1414353,Bromus diandrus,63.998795
GUARDEN-CBNMed-31-2-9-4-20240428,1,1355977,Euphorbia paralias,64.781990
GUARDEN-CBNMed-31-2-9-4-20240428,2,1363433,Lagurus ovatus,63.933441
GUARDEN-CBNMed-31-2-9-4-20240428,3,1358590,Euphorbia segetalis,62.096519
GUARDEN-CBNMed-31-3-9-44-20240428,1,1393770,Medicago littoralis,65.338791
GUARDEN-CBNMed-31-3-9-44-20240428,2,1564441,Teucrium vincentinum,64.566101
GUARDEN-CBNMed-31-3-9-44-20240428,3,1363433,Lagurus ovatus,62.840878
GUARDEN-CBNMed-31-4-9-48-20240428,1,1357227,Anthemis maritima,67.842964
GUARDEN-CBNMed-31-4-9-48-20240428,2,1564441,Teucrium vincentinum,65.828415
GUARDEN-CBNMed-31-4-9-48-20240428,3,1396726,Teucrium dunense,65.297043
GUARDEN-CBNMed-31-5-9-51-20240428,1,1393770,Medicago littoralis,67.082161
GUARDEN-CBNMed-31-5-9-51-20240428,2,1564441,Teucrium vincentinum,66.457611
GUARDEN-CBNMed-31-5-9-51-20240428,3,1396726,Teucrium dunense,64.671280
GUARDEN-CBNMed-31-6-9-54-20240428,1,1396726,Teucrium dunense,64.973297
GUARDEN-CBNMed-31-6-9-54-20240428,2,1564441,Teucrium vincentinum,64.178680
GUARDEN-CBNMed-31-6-9-54-20240428,3,1363882,Lobularia maritima,63.268974
GUARDEN-CBNMed-31-7-9-56-20240428,1,1722578,Daucus pumilus,67.673332
GUARDEN-CBNMed-31-7-9-56-20240428,2,1393770,Medicago littoralis,63.394390
GUARDEN-CBNMed-31-7-9-56-20240428,3,1744001,Daucus minusculus,63.121307
GUARDEN-CBNMed-31-8-10-20240428,1,1396726,Teucrium dunense,68.071075
GUARDEN-CBNMed-31-8-10-20240428,2,1564441,Teucrium vincentinum,66.653732
GUARDEN-CBNMed-31-8-10-20240428,3,1393770,Medicago littoralis,65.105789
GUARDEN-CBNMed-31-9-10-02-20240428,1,1722578,Daucus pumilus,66.757378
GUARDEN-CBNMed-31-9-10-02-20240428,2,1357227,Anthemis maritima,66.660385
GUARDEN-CBNMed-31-9-10-02-20240428,3,1393770,Medicago littoralis,63.340271
GUARDEN-CBNMed-32-1-11-46-20240428,1,1396726,Teucrium dunense,65.638870
GUARDEN-CBNMed-32-1-11-46-20240428,2,1564441,Teucrium vincentinum,65.598640
GUARDEN-CBNMed-32-1-11-46-20240428,3,1357630,Helichrysum stoechas,65.097160
GUARDEN-CBNMed-32-10-13-12-20240428,1,1396726,Teucrium dunense,65.815353
GUARDEN-CBNMed-32-10-13-12-20240428,2,1359952,Plantago crassifolia,65.751274
GUARDEN-CBNMed-32-10-13-12-20240428,3,1357401,Centaurea aspera,65.488304
GUARDEN-CBNMed-32-2-11-58-20240428,1,1396726,Teucrium dunense,66.306282
GUARDEN-CBNMed-32-2-11-58-20240428,2,1564441,Teucrium vincentinum,66.179321
GUARDEN-CBNMed-32-2-11-58-20240428,3,1359952,Plantago crassifolia,65.893791
GUARDEN-CBNMed-32-3-12-01-20240428,1,1396726,Teucrium dunense,67.295929
GUARDEN-CBNMed-32-3-12-01-20240428,2,1564441,Teucrium vincentinum,67.188171
GUARDEN-CBNMed-32-3-12-01-20240428,3,1393770,Medicago littoralis,64.378372
GUARDEN-CBNMed-32-4-12-12-20240428,1,1564441,Teucrium vincentinum,66.173195
GUARDEN-CBNMed-32-4-12-12-20240428,2,1396726,Teucrium dunense,65.985764
GUARDEN-CBNMed-32-4-12-12-20240428,3,1358968,Teucrium capitatum,63.708755
GUARDEN-CBNMed-32-9-13-07-20240428,1,1357401,Centaurea aspera,66.685928
GUARDEN-CBNMed-32-9-13-07-20240428,2,1359952,Plantago crassifolia,66.399788
GUARDEN-CBNMed-32-9-13-07-20240428,3,1393770,Medicago littoralis,64.719604
GUARDEN-CBNMed-33-1-14-48-20240428,1,1357630,Helichrysum stoechas,64.911652
GUARDEN-CBNMed-33-1-14-48-20240428,2,1397398,Helichrysum arenarium,64.495811
GUARDEN-CBNMed-33-1-14-48-20240428,3,1392725,Helichrysum italicum,61.748020
GUARDEN-CBNMed-33-10-15-59-20240428,1,1357401,Centaurea aspera,65.339355
GUARDEN-CBNMed-33-10-15-59-20240428,2,1502684,Centaurea linifolia,63.401924
GUARDEN-CBNMed-33-10-15-59-20240428,3,1363882,Lobularia maritima,61.851486
GUARDEN-CBNMed-33-2-15-01-20240428,1,1357630,Helichrysum stoechas,65.248245
GUARDEN-CBNMed-33-2-15-01-20240428,2,1392725,Helichrysum italicum,63.543259
GUARDEN-CBNMed-33-2-15-01-20240428,3,1397398,Helichrysum arenarium,62.980465
GUARDEN-CBNMed-33-3-15-04-20240428,1,1357630,Helichrysum stoechas,65.476349
GUARDEN-CBNMed-33-3-15-04-20240428,2,1397398,Helichrysum arenarium,63.549568
GUARDEN-CBNMed-33-3-15-04-20240428,3,1392726,Helichrysum orientale,63.363411
GUARDEN-CBNMed-33-4-15-26-20240428,1,1357401,Centaurea aspera,65.957718
GUARDEN-CBNMed-33-4-15-26-20240428,2,1357630,Helichrysum stoechas,63.024918
GUARDEN-CBNMed-33-4-15-26-20240428,3,1742109,Petrosedum sediforme,62.731541
GUARDEN-CBNMed-33-5-15-29-20240428,1,1357630,Helichrysum stoechas,64.984627
GUARDEN-CBNMed-33-5-15-29-20240428,2,1742109,Petrosedum sediforme,64.707321
GUARDEN-CBNMed-33-5-15-29-20240428,3,1392726,Helichrysum orientale,64.378952
GUARDEN-CBNMed-33-6-15-36-20240428,1,1357630,Helichrysum stoechas,64.693932
GUARDEN-CBNMed-33-6-15-36-20240428,2,1392725,Helichrysum italicum,63.252548
GUARDEN-CBNMed-33-6-15-36-20240428,3,1397398,Helichrysum arenarium,62.663147
GUARDEN-CBNMed-33-7-15-43-20240428,1,1356976,Silene conica,66.900742
GUARDEN-CBNMed-33-7-15-43-20240428,2,1357401,Centaurea aspera,64.351967
GUARDEN-CBNMed-33-7-15-43-20240428,3,1357630,Helichrysum stoechas,63.399071
GUARDEN-CBNMed-33-8-15-5-20240428,1,1397398,Helichrysum arenarium,64.783676
GUARDEN-CBNMed-33-8-15-5-20240428,2,1357630,Helichrysum stoechas,64.742218
GUARDEN-CBNMed-33-8-15-5-20240428,3,1392726,Helichrysum orientale,64.070915
GUARDEN-CBNMed-33-9-15-56-20240428,1,1357630,Helichrysum stoechas,64.966957
GUARDEN-CBNMed-33-9-15-56-20240428,2,1397398,Helichrysum arenarium,63.139774
GUARDEN-CBNMed-33-9-15-56-20240428,3,1361412,Sporobolus pungens,62.302490
GUARDEN-CBNMed-38-1-12-58-20240428,1,1360711,Eryngium campestre,65.072037
GUARDEN-CBNMed-38-1-12-58-20240428,2,1363452,Aira caryophyllea,64.072014
GUARDEN-CBNMed-38-1-12-58-20240428,3,1743588,Rhinanthus pumilus,63.601166
GUARDEN-CBNMed-38-4-14-39-20240428,1,1360711,Eryngium campestre,64.644844
GUARDEN-CBNMed-38-4-14-39-20240428,2,1395162,Rhinanthus alectorolophus,64.306747
GUARDEN-CBNMed-38-4-14-39-20240428,3,1395169,Rhinanthus minor,63.698498
GUARDEN-CBNMed-38-6-15-04-20240428,1,1360711,Eryngium campestre,65.677399
GUARDEN-CBNMed-38-6-15-04-20240428,2,1743588,Rhinanthus pumilus,65.388580
GUARDEN-CBNMed-38-6-15-04-20240428,3,1395169,Rhinanthus minor,63.876392
GUARDEN-CBNMed-39-10-12-02-20240531,1,1360711,Eryngium campestre,64.865929
GUARDEN-CBNMed-39-10-12-02-20240531,2,1360719,Eryngium maritimum,61.754780
GUARDEN-CBNMed-39-10-12-02-20240531,3,1360709,Eryngium bourgatii,60.617615
GUARDEN-CBNMed-39-7-11-3-20240531,1,1360711,Eryngium campestre,63.365170
GUARDEN-CBNMed-39-7-11-3-20240531,2,1363452,Aira caryophyllea,60.642525
GUARDEN-CBNMed-39-7-11-3-20240531,3,1360709,Eryngium bourgatii,59.877678
GUARDEN-CBNMed-39-8-11-39-20240531,1,1360711,Eryngium campestre,61.246193
GUARDEN-CBNMed-39-8-11-39-20240531,2,1363452,Aira caryophyllea,60.032097
GUARDEN-CBNMed-39-8-11-39-20240531,3,1361233,Danthonia decumbens,58.279526
GUARDEN-CBNMed-39-9-11-5-20240531,1,1359591,Linum bienne,65.396095
GUARDEN-CBNMed-39-9-11-5-20240531,2,1363452,Aira caryophyllea,61.947311
GUARDEN-CBNMed-39-9-11-5-20240531,3,1390761,Carex arenaria,61.613880
GUARDEN-CBNMed-44-7-12-03-20240629,1,1392059,Eriophorum angustifolium,63.505390
GUARDEN-CBNMed-44-7-12-03-20240629,2,1392067,Eriophorum vaginatum,63.178513
GUARDEN-CBNMed-44-7-12-03-20240629,3,1360307,Potentilla erecta,62.867828
GUARDEN-CBNMed-5-1-12-38-20240430,1,1414366,Bromus sterilis,63.922421
GUARDEN-CBNMed-5-1-12-38-20240430,2,1363490,Phalaris arundinacea,60.838825
GUARDEN-CBNMed-5-1-12-38-20240430,3,1414353,Bromus diandrus,59.446213
GUARDEN-CBNMed-5-10-13-32-20240430,1,1414366,Bromus sterilis,64.503082
GUARDEN-CBNMed-5-10-13-32-20240430,2,1361058,Carex hirta,64.461693
GUARDEN-CBNMed-5-10-13-32-20240430,3,1356007,Geranium dissectum,61.411293
GUARDEN-CBNMed-5-2-12-45-20240430,1,1414366,Bromus sterilis,61.788715
GUARDEN-CBNMed-5-2-12-45-20240430,2,1400181,Blysmus compressus,61.493000
GUARDEN-CBNMed-5-2-12-45-20240430,3,1414365,Bromus sitchensis,60.137009
GUARDEN-CBNMed-5-3-12-56-20240430,1,1414366,Bromus sterilis,60.459053
GUARDEN-CBNMed-5-3-12-56-20240430,2,1392637,Glyceria maxima,58.676449
GUARDEN-CBNMed-5-3-12-56-20240430,3,1391823,Echinochloa crus-galli,58.349480
GUARDEN-CBNMed-5-4-13-20240430,1,1391823,Echinochloa crus-galli,58.454781
GUARDEN-CBNMed-5-4-13-20240430,2,1363490,Phalaris arundinacea,58.117325
GUARDEN-CBNMed-5-4-13-20240430,3,1424916,Echinochloa colonum,57.639500
GUARDEN-CBNMed-5-5-13-04-20240430,1,1362325,Juncus compressus,62.798271
GUARDEN-CBNMed-5-5-13-04-20240430,2,1356422,Botrychium lunaria,61.016495
GUARDEN-CBNMed-5-5-13-04-20240430,3,1363501,Dactylis glomerata,57.655926
GUARDEN-CBNMed-5-6-13-07-20240430,1,1414366,Bromus sterilis,64.316422
GUARDEN-CBNMed-5-6-13-07-20240430,2,1414353,Bromus diandrus,61.525581
GUARDEN-CBNMed-5-6-13-07-20240430,3,1414367,Bromus tectorum,59.930614
GUARDEN-CBNMed-5-7-13-17-20240430,1,1414366,Bromus sterilis,63.224571
GUARDEN-CBNMed-5-7-13-17-20240430,2,1414353,Bromus diandrus,57.007568
GUARDEN-CBNMed-5-7-13-17-20240430,3,1363501,Dactylis glomerata,56.171616
GUARDEN-CBNMed-5-8-13-22-20240430,1,1361058,Carex hirta,63.156914
GUARDEN-CBNMed-5-8-13-22-20240430,2,1414366,Bromus sterilis,60.460320
GUARDEN-CBNMed-5-8-13-22-20240430,3,1363459,Poa trivialis,60.240303
GUARDEN-CBNMed-5-9-13-27-20240430,1,1396638,Arrhenatherum elatius,62.057713
GUARDEN-CBNMed-5-9-13-27-20240430,2,1363501,Dactylis glomerata,60.473568
GUARDEN-CBNMed-5-9-13-27-20240430,3,1363490,Phalaris arundinacea,60.450821
GUARDEN-CBNMed-6-9-15-28-20240430,1,1363461,Anthoxanthum odoratum,62.689659
GUARDEN-CBNMed-6-9-15-28-20240430,2,1414366,Bromus sterilis,61.717972
GUARDEN-CBNMed-6-9-15-28-20240430,3,1360399,Galium mollugo,61.329712
GUARDEN-CBNMed-8-10-12-59-20240429,1,1358613,Quercus coccifera,63.869377
GUARDEN-CBNMed-8-10-12-59-20240429,2,1743916,Quercus pseudococcifera,57.614288
GUARDEN-CBNMed-8-10-12-59-20240429,3,1743448,Quercus auzendei,56.274628
GUARDEN-CBNMed-8-4-12-33-20240429,1,1743966,Ulex erinaceus,61.861423
GUARDEN-CBNMed-8-4-12-33-20240429,2,1722409,Salvia rosmarinus,61.302689
GUARDEN-CBNMed-8-4-12-33-20240429,3,1743989,Ulex densus,61.215454
GUARDEN-CBNMed-8-8-12-51-20240429,1,1359548,Ulex parviflorus,63.205723
GUARDEN-CBNMed-8-8-12-51-20240429,2,1361000,Asparagus acutifolius,63.098774
GUARDEN-CBNMed-8-8-12-51-20240429,3,1743966,Ulex erinaceus,62.470127
GUARDEN-CBNMed-8-9-12-56-20240429,1,1361000,Asparagus acutifolius,64.149048
GUARDEN-CBNMed-8-9-12-56-20240429,2,1358613,Quercus coccifera,63.456219
GUARDEN-CBNMed-8-9-12-56-20240429,3,1577392,Echinospartum boissieri,61.442112
GUARDEN-CBNMed-9-10-16-16-20240429,1,1358613,Quercus coccifera,61.684273
GUARDEN-CBNMed-9-10-16-16-20240429,2,1577392,Echinospartum boissieri,61.613430
GUARDEN-CBNMed-9-10-16-16-20240429,3,1743966,Ulex erinaceus,61.218884
GUARDEN-CBNMed-9-2-15-46-20240429,1,1358511,Erica scoparia,61.212074
GUARDEN-CBNMed-9-2-15-46-20240429,2,1694092,Thymelaea ruizii,59.668739
GUARDEN-CBNMed-9-2-15-46-20240429,3,1390468,Thymelaea coridifolia,58.743744
GUARDEN-CBNMed-9-6-16-04-20240429,1,1358613,Quercus coccifera,63.807816
GUARDEN-CBNMed-9-6-16-04-20240429,2,1548487,Quercus senneniana,57.368698
GUARDEN-CBNMed-9-6-16-04-20240429,3,1743916,Quercus pseudococcifera,56.604469
GUARDEN-CBNMed-9-7-16-06-20240429,1,1358613,Quercus coccifera,63.059921
GUARDEN-CBNMed-9-7-16-06-20240429,2,1743916,Quercus pseudococcifera,56.459435
GUARDEN-CBNMed-9-7-16-06-20240429,3,1548487,Quercus senneniana,55.098896
GUARDEN-CBNMed-9-8-16-08-20240429,1,1358613,Quercus coccifera,62.923740
GUARDEN-CBNMed-9-8-16-08-20240429,2,1360701,Echinophora spinosa,57.261658
GUARDEN-CBNMed-9-8-16-08-20240429,3,1360655,Bupleurum spinosum,57.255032
GUARDEN-CBNMed-9-9-16-14-20240429,1,1358613,Quercus coccifera,63.451775
GUARDEN-CBNMed-9-9-16-14-20240429,2,1360701,Echinophora spinosa,62.333916
GUARDEN-CBNMed-9-9-16-14-20240429,3,1502610,Centaurea horrida,60.516819
LISAH-BOU-0-10-20230523,1,1356013,Geranium rotundifolium,64.919914
LISAH-BOU-0-10-20230523,2,1744001,Daucus minusculus,63.665630
LISAH-BOU-0-10-20230523,3,1355881,Carduus tenuiflorus,62.099453
LISAH-BOU-0-101-20240425,1,1425238,Medicago minima,66.198914
LISAH-BOU-0-101-20240425,2,1390637,Calendula arvensis,65.142456
LISAH-BOU-0-101-20240425,3,1363731,Medicago polymorpha,62.939381
LISAH-BOU-0-104-20240502,1,1356397,Equisetum ramosissimum,62.633537
LISAH-BOU-0-104-20240502,2,1396319,Sium latifolium,60.983524
LISAH-BOU-0-104-20240502,3,1360385,Galium aparine,60.792744
LISAH-BOU-0-105-20240502,1,1356397,Equisetum ramosissimum,62.343742
LISAH-BOU-0-105-20240502,2,1356276,Sambucus ebulus,61.163742
LISAH-BOU-0-105-20240502,3,1355908,Erigeron sumatrensis,60.882408
LISAH-BOU-0-108-20240502,1,1359772,Fumaria capreolata,66.585709
LISAH-BOU-0-108-20240502,2,1359790,Fumaria munbyi,63.041588
LISAH-BOU-0-108-20240502,3,1359767,Fumaria bastardii,62.785583
LISAH-BOU-0-109-20240502,1,1359772,Fumaria capreolata,65.570763
LISAH-BOU-0-109-20240502,2,1355990,Mercurialis annua,64.749115
LISAH-BOU-0-109-20240502,3,1364173,Lactuca serriola,62.392643
LISAH-BOU-0-110-20240502,1,1356397,Equisetum ramosissimum,62.633392
LISAH-BOU-0-110-20240502,2,1360385,Galium aparine,61.663963
LISAH-BOU-0-110-20240502,3,1360420,Galium verrucosum,60.006016
LISAH-BOU-0-111-20240502,1,1359792,Fumaria officinalis,64.798447
LISAH-BOU-0-111-20240502,2,1356276,Sambucus ebulus,62.586605
LISAH-BOU-0-111-20240502,3,1360420,Galium verrucosum,62.293453
LISAH-BOU-0-113-20240502,1,1356013,Geranium rotundifolium,65.821304
LISAH-BOU-0-113-20240502,2,1392594,Geranium pusillum,63.899158
LISAH-BOU-0-113-20240502,3,1361947,Epilobium hirsutum,61.320721
LISAH-BOU-0-114-20240502,1,1360385,Galium aparine,62.303429
LISAH-BOU-0-114-20240502,2,1355908,Erigeron sumatrensis,60.308910
LISAH-BOU-0-114-20240502,3,1360416,Galium spurium,59.467026
LISAH-BOU-0-117-20240502,1,1356013,Geranium rotundifolium,66.489792
LISAH-BOU-0-117-20240502,2,1364100,Silybum marianum,63.660591
LISAH-BOU-0-117-20240502,3,1360385,Galium aparine,61.926952
LISAH-BOU-0-118-20240502,1,1356013,Geranium rotundifolium,67.910965
LISAH-BOU-0-118-20240502,2,1392594,Geranium pusillum,62.365612
LISAH-BOU-0-118-20240502,3,1356276,Sambucus ebulus,62.111771
LISAH-BOU-0-14-20230511,1,1361190,Avena sterilis,63.523537
LISAH-BOU-0-14-20230511,2,1393522,Leymus arenarius,60.774174
LISAH-BOU-0-14-20230511,3,1363468,Avena fatua,60.235596
LISAH-BOU-0-15-20230511,1,1356013,Geranium rotundifolium,66.281525
LISAH-BOU-0-15-20230511,2,1650228,Elymus athericus,60.051720
LISAH-BOU-0-15-20230511,3,1364101,Tolpis virgata,58.290504
LISAH-BOU-0-153-20240502,1,1356013,Geranium rotundifolium,65.481018
LISAH-BOU-0-153-20240502,2,1356008,Geranium molle,63.359558
LISAH-BOU-0-153-20240502,3,1355881,Carduus tenuiflorus,62.860046
LISAH-BOU-0-154-20240502,1,1356013,Geranium rotundifolium,66.599655
LISAH-BOU-0-154-20240502,2,1394478,Petrorhagia prolifera,63.973610
LISAH-BOU-0-154-20240502,3,1390637,Calendula arvensis,63.952995
LISAH-BOU-0-157-20240502,1,1356013,Geranium rotundifolium,66.457237
LISAH-BOU-0-157-20240502,2,1355964,Euphorbia helioscopia,64.523102
LISAH-BOU-0-157-20240502,3,1358643,Erodium ciconium,64.297234
LISAH-BOU-0-16-20230511,1,1363835,Borago officinalis,61.550823
LISAH-BOU-0-16-20230511,2,1363128,Papaver rhoeas,59.085560
LISAH-BOU-0-16-20230511,3,1363129,Papaver dubium,58.879402
LISAH-BOU-0-160-20240502,1,1356013,Geranium rotundifolium,67.443138
LISAH-BOU-0-160-20240502,2,1358643,Erodium ciconium,66.013695
LISAH-BOU-0-160-20240502,3,1355881,Carduus tenuiflorus,64.745842
LISAH-BOU-0-163-20240502,1,1363944,Malva neglecta,65.595222
LISAH-BOU-0-163-20240502,2,1358257,Diplotaxis tenuifolia,64.595993
LISAH-BOU-0-163-20240502,3,1390637,Calendula arvensis,64.511108
LISAH-BOU-0-164-20240502,1,1356013,Geranium rotundifolium,67.318398
LISAH-BOU-0-164-20240502,2,1358643,Erodium ciconium,65.143456
LISAH-BOU-0-164-20240502,3,1390637,Calendula arvensis,64.707359
LISAH-BOU-0-165-20240502,1,1356013,Geranium rotundifolium,66.821449
LISAH-BOU-0-165-20240502,2,1392594,Geranium pusillum,64.964172
LISAH-BOU-0-165-20240502,3,1356008,Geranium molle,64.123085
LISAH-BOU-0-167-20240502,1,1363731,Medicago polymorpha,63.799595
LISAH-BOU-0-167-20240502,2,1359333,Medicago arabica,62.336132
LISAH-BOU-0-167-20240502,3,1393766,Medicago ciliaris,61.138565
LISAH-BOU-0-168-20240502,1,1363731,Medicago polymorpha,64.076118
LISAH-BOU-0-168-20240502,2,1361307,Hordeum murinum,62.893269
LISAH-BOU-0-168-20240502,3,1355994,Erodium cicutarium,61.724545
LISAH-BOU-0-170-20240502,1,1363731,Medicago polymorpha,63.711288
LISAH-BOU-0-170-20240502,2,1355994,Erodium cicutarium,62.732342
LISAH-BOU-0-170-20240502,3,1359333,Medicago arabica,62.429070
LISAH-BOU-0-171-20240502,1,1363731,Medicago polymorpha,64.083641
LISAH-BOU-0-171-20240502,2,1357351,Carduus pycnocephalus,63.431862
LISAH-BOU-0-171-20240502,3,1358654,Erodium malacoides,62.978790
LISAH-BOU-0-172-20240502,1,1356013,Geranium rotundifolium,66.374008
LISAH-BOU-0-172-20240502,2,1363731,Medicago polymorpha,63.638573
LISAH-BOU-0-172-20240502,3,1357351,Carduus pycnocephalus,63.145012
LISAH-BOU-0-173-20240502,1,1358654,Erodium malacoides,66.172028
LISAH-BOU-0-173-20240502,2,1357351,Carduus pycnocephalus,64.319267
LISAH-BOU-0-173-20240502,3,1355881,Carduus tenuiflorus,63.660275
LISAH-BOU-0-174-20240502,1,1425238,Medicago minima,64.493034
LISAH-BOU-0-174-20240502,2,1363731,Medicago polymorpha,63.992889
LISAH-BOU-0-174-20240502,3,1392594,Geranium pusillum,61.820332
LISAH-BOU-0-175-20240502,1,1363734,Medicago orbicularis,67.288910
LISAH-BOU-0-175-20240502,2,1425238,Medicago minima,64.980278
LISAH-BOU-0-175-20240502,3,1363731,Medicago polymorpha,63.541424
LISAH-BOU-0-183-20240502,1,1363731,Medicago polymorpha,63.668602
LISAH-BOU-0-183-20240502,2,1363944,Malva neglecta,62.290779
LISAH-BOU-0-183-20240502,3,1364170,Sonchus oleraceus,62.256966
LISAH-BOU-0-187-20240502,1,1363734,Medicago orbicularis,66.981987
LISAH-BOU-0-187-20240502,2,1361307,Hordeum murinum,63.720448
LISAH-BOU-0-187-20240502,3,1363731,Medicago polymorpha,63.549206
LISAH-BOU-0-191-20240502,1,1359268,Lathyrus cicera,66.442719
LISAH-BOU-0-191-20240502,2,1358654,Erodium malacoides,66.308716
LISAH-BOU-0-191-20240502,3,1425238,Medicago minima,64.220161
LISAH-BOU-0-2-20240425,1,1356697,Cerastium glomeratum,64.833267
LISAH-BOU-0-2-20240425,2,1356276,Sambucus ebulus,62.411194
LISAH-BOU-0-2-20240425,3,1397387,Fragaria viridis,60.210457
LISAH-BOU-0-24-20230512,1,1361000,Asparagus acutifolius,64.258331
LISAH-BOU-0-24-20230512,2,1397356,Cornus sanguinea,62.312706
LISAH-BOU-0-24-20230512,3,1363799,Lathyrus clymenum,62.196255
LISAH-BOU-0-24-20240425,1,1356013,Geranium rotundifolium,67.089668
LISAH-BOU-0-24-20240425,2,1360433,Rubia peregrina,63.292599
LISAH-BOU-0-24-20240425,3,1392594,Geranium pusillum,62.183617
LISAH-BOU-0-25-20230512,1,1356013,Geranium rotundifolium,63.004417
LISAH-BOU-0-25-20230512,2,1397356,Cornus sanguinea,61.699604
LISAH-BOU-0-25-20230512,3,1360385,Galium aparine,60.852882
LISAH-BOU-0-25-20230711,1,1360825,Parietaria judaica,62.402412
LISAH-BOU-0-25-20230711,2,1356395,Equisetum fluviatile,59.836102
LISAH-BOU-0-25-20230711,3,1362353,Parietaria officinalis,58.901402
LISAH-BOU-0-28-20240425,1,1361000,Asparagus acutifolius,65.674194
LISAH-BOU-0-28-20240425,2,1360385,Galium aparine,62.048737
LISAH-BOU-0-28-20240425,3,1360759,Meum athamanticum,60.064678
LISAH-BOU-0-29-20230523,1,1356013,Geranium rotundifolium,67.328484
LISAH-BOU-0-29-20230523,2,1397356,Cornus sanguinea,62.107628
LISAH-BOU-0-29-20230523,3,1422217,Bromus madritensis,62.043903
LISAH-BOU-0-29-20230621,1,1363212,Torilis arvensis,64.160294
LISAH-BOU-0-29-20230621,2,1360816,Torilis japonica,62.988037
LISAH-BOU-0-29-20230621,3,1356397,Equisetum ramosissimum,61.726273
LISAH-BOU-0-29-20240425,1,1397356,Cornus sanguinea,63.023224
LISAH-BOU-0-29-20240425,2,1361000,Asparagus acutifolius,62.572857
LISAH-BOU-0-29-20240425,3,1360385,Galium aparine,61.669453
LISAH-BOU-0-3-20230721,1,1363212,Torilis arvensis,60.059593
LISAH-BOU-0-3-20230721,2,1357815,Reichardia picroides,57.759651
LISAH-BOU-0-3-20230721,3,1355941,Reichardia tingitana,56.861626
LISAH-BOU-0-30-20230512,1,1356012,Geranium purpureum,65.446503
LISAH-BOU-0-30-20230512,2,1356017,Geranium robertianum,62.709892
LISAH-BOU-0-30-20230512,3,1358671,Geranium columbinum,62.676620
LISAH-BOU-0-30-20240425,1,1356013,Geranium rotundifolium,67.711372
LISAH-BOU-0-30-20240425,2,1391113,Chaerophyllum villarsii,62.814896
LISAH-BOU-0-30-20240425,3,1360385,Galium aparine,61.959000
LISAH-BOU-0-31-20230919,1,1359124,Astragalus hamosus,58.717232
LISAH-BOU-0-31-20230919,2,1722433,Calamagrostis arenaria,57.905590
LISAH-BOU-0-31-20230919,3,1356069,Plantago albicans,57.619270
LISAH-BOU-0-31-20240425,1,1356013,Geranium rotundifolium,67.063423
LISAH-BOU-0-31-20240425,2,1356012,Geranium purpureum,64.719818
LISAH-BOU-0-31-20240425,3,1356017,Geranium robertianum,62.767548
LISAH-BOU-0-32-20230516,1,1390879,Carex otrubae,65.464233
LISAH-BOU-0-32-20230516,2,1391113,Chaerophyllum villarsii,61.871559
LISAH-BOU-0-32-20230516,3,1391112,Chaerophyllum hirsutum,60.130314
LISAH-BOU-0-32-20240425,1,1356013,Geranium rotundifolium,67.348488
LISAH-BOU-0-32-20240425,2,1355964,Euphorbia helioscopia,64.604858
LISAH-BOU-0-32-20240425,3,1361000,Asparagus acutifolius,64.028427
LISAH-BOU-0-34-20230516,1,1650228,Elymus athericus,62.614746
LISAH-BOU-0-34-20230516,2,1356013,Geranium rotundifolium,62.430275
LISAH-BOU-0-34-20230516,3,1650353,Elymus pungens,61.069435
LISAH-BOU-0-35-20240425,1,1356012,Geranium purpureum,65.345612
LISAH-BOU-0-35-20240425,2,1356013,Geranium rotundifolium,63.589378
LISAH-BOU-0-35-20240425,3,1356017,Geranium robertianum,63.511829
LISAH-BOU-0-36-20240425,1,1356013,Geranium rotundifolium,66.507484
LISAH-BOU-0-36-20240425,2,1356012,Geranium purpureum,65.757240
LISAH-BOU-0-36-20240425,3,1391113,Chaerophyllum villarsii,63.981003
LISAH-BOU-0-37-20230512,1,1397356,Cornus sanguinea,62.623318
LISAH-BOU-0-37-20230512,2,1360614,Anthriscus sylvestris,61.545864
LISAH-BOU-0-37-20230512,3,1360608,Aethusa cynapium,60.598694
LISAH-BOU-0-37-20240425,1,1356012,Geranium purpureum,65.056755
LISAH-BOU-0-37-20240425,2,1361000,Asparagus acutifolius,64.623024
LISAH-BOU-0-37-20240425,3,1391113,Chaerophyllum villarsii,63.470734
LISAH-BOU-0-38-20230516,1,1356013,Geranium rotundifolium,67.514122
LISAH-BOU-0-38-20230516,2,1650228,Elymus athericus,63.541306
LISAH-BOU-0-38-20230516,3,1390879,Carex otrubae,62.877342
LISAH-BOU-0-39-20230512,1,1356013,Geranium rotundifolium,64.990738
LISAH-BOU-0-39-20230512,2,1361000,Asparagus acutifolius,64.454018
LISAH-BOU-0-39-20230512,3,1397356,Cornus sanguinea,62.895035
LISAH-BOU-0-4-20230511,1,1356013,Geranium rotundifolium,64.705246
LISAH-BOU-0-4-20230511,2,1363213,Torilis nodosa,63.481293
LISAH-BOU-0-4-20230511,3,1357351,Carduus pycnocephalus,61.413548
LISAH-BOU-0-4-20230711,1,1364006,Convolvulus arvensis,62.270309
LISAH-BOU-0-4-20230711,2,1356397,Equisetum ramosissimum,61.079453
LISAH-BOU-0-4-20230711,3,1356803,Saponaria officinalis,58.701630
LISAH-BOU-0-4-20240425,1,1356013,Geranium rotundifolium,67.891273
LISAH-BOU-0-4-20240425,2,1390637,Calendula arvensis,64.457207
LISAH-BOU-0-4-20240425,3,1356397,Equisetum ramosissimum,62.010948
LISAH-BOU-0-40-20230512,1,1361000,Asparagus acutifolius,65.642754
LISAH-BOU-0-40-20230512,2,1391112,Chaerophyllum hirsutum,62.930603
LISAH-BOU-0-40-20230512,3,1397356,Cornus sanguinea,62.612450
LISAH-BOU-0-40-20240425,1,1361000,Asparagus acutifolius,64.661041
LISAH-BOU-0-40-20240425,2,1397356,Cornus sanguinea,62.197262
LISAH-BOU-0-40-20240425,3,1363212,Torilis arvensis,61.792969
LISAH-BOU-0-41-20230512,1,1414366,Bromus sterilis,62.636181
LISAH-BOU-0-41-20230512,2,1397356,Cornus sanguinea,62.141415
LISAH-BOU-0-41-20230512,3,1392594,Geranium pusillum,61.922222
LISAH-BOU-0-42-20230511,1,1356013,Geranium rotundifolium,65.649162
LISAH-BOU-0-42-20230511,2,1392594,Geranium pusillum,62.461304
LISAH-BOU-0-42-20230511,3,1356008,Geranium molle,58.916161
LISAH-BOU-0-43-20230512,1,1356013,Geranium rotundifolium,67.203468
LISAH-BOU-0-43-20230512,2,1397356,Cornus sanguinea,62.489990
LISAH-BOU-0-43-20230512,3,1363835,Borago officinalis,62.390030
LISAH-BOU-0-44-20240425,1,1363944,Malva neglecta,61.101772
LISAH-BOU-0-44-20240425,2,1394478,Petrorhagia prolifera,60.390091
LISAH-BOU-0-44-20240425,3,1359639,Malva parviflora,60.024460
LISAH-BOU-0-5-20230512,1,1356276,Sambucus ebulus,62.745659
LISAH-BOU-0-5-20230512,2,1357351,Carduus pycnocephalus,62.689041
LISAH-BOU-0-5-20230512,3,1722433,Calamagrostis arenaria,62.663067
LISAH-BOU-0-5-20230711,1,1389369,Lysimachia foemina,60.954212
LISAH-BOU-0-5-20230711,2,1408867,Cyclospermum leptophyllum,60.744839
LISAH-BOU-0-5-20230711,3,1356397,Equisetum ramosissimum,60.490677
LISAH-BOU-0-50-20230512,1,1356013,Geranium rotundifolium,65.891510
LISAH-BOU-0-50-20230512,2,1356286,Bromus hordeaceus,63.117161
LISAH-BOU-0-50-20230512,3,1361307,Hordeum murinum,61.969593
LISAH-BOU-0-52-20230512,1,1358654,Erodium malacoides,64.775719
LISAH-BOU-0-52-20230512,2,1425238,Medicago minima,61.380863
LISAH-BOU-0-52-20230512,3,1359639,Malva parviflora,60.561436
LISAH-BOU-0-54-20230512,1,1356286,Bromus hordeaceus,64.260918
LISAH-BOU-0-54-20230512,2,1392699,Hedypnois rhagadioloides,63.963104
LISAH-BOU-0-54-20230512,3,1550162,Erodium daucoides,61.776772
LISAH-BOU-0-55-20230512,1,1356286,Bromus hordeaceus,63.813400
LISAH-BOU-0-55-20230512,2,1356008,Geranium molle,62.427364
LISAH-BOU-0-55-20230512,3,1363944,Malva neglecta,60.383965
LISAH-BOU-0-56-20230512,1,1392699,Hedypnois rhagadioloides,64.042595
LISAH-BOU-0-56-20230512,2,1358654,Erodium malacoides,63.579872
LISAH-BOU-0-56-20230512,3,1361307,Hordeum murinum,60.680611
LISAH-BOU-0-58-20230512,1,1358654,Erodium malacoides,62.515137
LISAH-BOU-0-58-20230512,2,1356286,Bromus hordeaceus,62.469814
LISAH-BOU-0-58-20230512,3,1363838,Heliotropium curassavicum,61.093849
LISAH-BOU-0-6-20240425,1,1356395,Equisetum fluviatile,63.382725
LISAH-BOU-0-6-20240425,2,1650228,Elymus athericus,59.576000
LISAH-BOU-0-6-20240425,3,1722433,Calamagrostis arenaria,58.887112
LISAH-BOU-0-63-20230512,1,1358257,Diplotaxis tenuifolia,64.353912
LISAH-BOU-0-63-20230512,2,1357603,Glebionis segetum,63.499462
LISAH-BOU-0-63-20230512,3,1358543,Euphorbia characias,62.825657
LISAH-BOU-0-65-20230512,1,1359171,Coronilla repanda,61.773167
LISAH-BOU-0-65-20230512,2,1393770,Medicago littoralis,61.186272
LISAH-BOU-0-65-20230512,3,1396296,Silene uniflora,60.898689
LISAH-BOU-0-75-20230516,1,1356013,Geranium rotundifolium,62.031597
LISAH-BOU-0-75-20230516,2,1414366,Bromus sterilis,60.105801
LISAH-BOU-0-75-20230516,3,1397330,Bupleurum baldense,59.493065
LISAH-BOU-0-79-20230512,1,1359525,Trifolium stellatum,64.702377
LISAH-BOU-0-79-20230512,2,1425238,Medicago minima,64.675972
LISAH-BOU-0-79-20230512,3,1357526,Crepis bursifolia,63.985615
LISAH-BOU-0-8-20240425,1,1357351,Carduus pycnocephalus,63.261772
LISAH-BOU-0-8-20240425,2,1358347,Lepidium draba,62.646049
LISAH-BOU-0-8-20240425,3,1355881,Carduus tenuiflorus,60.487267
LISAH-BOU-0-84-20230512,1,1425238,Medicago minima,63.879887
LISAH-BOU-0-84-20230512,2,1359336,Medicago disciformis,61.464191
LISAH-BOU-0-84-20230512,3,1357635,Helminthotheca echioides,60.957535
LISAH-BOU-0-9-20240425,1,1356397,Equisetum ramosissimum,62.581615
LISAH-BOU-0-9-20240425,2,1358347,Lepidium draba,62.257351
LISAH-BOU-0-9-20240425,3,1356395,Equisetum fluviatile,60.212357
LISAH-BOU-0-98-20240425,1,1425238,Medicago minima,66.230499
LISAH-BOU-0-98-20240425,2,1359336,Medicago disciformis,63.259258
LISAH-BOU-0-98-20240425,3,1359344,Medicago marina,63.194778
LISAH-BVD-0-100-20230510,1,1356286,Bromus hordeaceus,63.651443
LISAH-BVD-0-100-20230510,2,1414366,Bromus sterilis,63.494415
LISAH-BVD-0-100-20230510,3,1361307,Hordeum murinum,62.925987
LISAH-BVD-0-101-20230510,1,1356066,Plantago lanceolata,58.461029
LISAH-BVD-0-101-20230510,2,1362406,Alopecurus pratensis,58.416451
LISAH-BVD-0-101-20230510,3,1363433,Lagurus ovatus,57.824982
LISAH-BVD-0-152-20230511,1,1363638,Oxalis corniculata,61.482681
LISAH-BVD-0-152-20230511,2,1357635,Helminthotheca echioides,60.694771
LISAH-BVD-0-152-20230511,3,1394360,Oxalis exilis,60.299801
LISAH-BVD-0-155-20230511,1,1363213,Torilis nodosa,62.600601
LISAH-BVD-0-155-20230511,2,1364064,Veronica hederifolia,60.965164
LISAH-BVD-0-155-20230511,3,1364063,Veronica arvensis,60.818214
LISAH-BVD-0-158-20230511,1,1363740,Trifolium repens,59.995785
LISAH-BVD-0-158-20230511,2,1364065,Veronica persica,58.770725
LISAH-BVD-0-158-20230511,3,1363455,Poa annua,58.757446
LISAH-BVD-0-191-20230511,1,1364065,Veronica persica,60.672665
LISAH-BVD-0-191-20230511,2,1363455,Poa annua,59.660858
LISAH-BVD-0-191-20230511,3,1390967,Catapodium rigidum,59.087059
LISAH-BVD-0-192-20230511,1,1359508,Trifolium montanum,59.738560
LISAH-BVD-0-192-20230511,2,1363455,Poa annua,58.215916
LISAH-BVD-0-192-20230511,3,1363459,Poa trivialis,58.046360
LISAH-BVD-0-195-20230511,1,1363508,Sorghum halepense,57.514912
LISAH-BVD-0-195-20230511,2,1356278,Trifolium fragiferum,57.168232
LISAH-BVD-0-195-20230511,3,1356066,Plantago lanceolata,55.111671
LISAH-BVD-0-196-20230511,1,1363798,Lathyrus aphaca,58.628227
LISAH-BVD-0-196-20230511,2,1359279,Lathyrus ochrus,57.720757
LISAH-BVD-0-196-20230511,3,1363800,Lathyrus hirsutus,57.674309
LISAH-BVD-0-197-20230511,1,1356278,Trifolium fragiferum,61.605175
LISAH-BVD-0-197-20230511,2,1363734,Medicago orbicularis,59.611023
LISAH-BVD-0-197-20230511,3,1363801,Lathyrus latifolius,58.442623
LISAH-BVD-0-200-20230511,1,1356278,Trifolium fragiferum,60.966438
LISAH-BVD-0-200-20230511,2,1363993,Potentilla reptans,60.458107
LISAH-BVD-0-200-20230511,3,1359333,Medicago arabica,59.129887
LISAH-BVD-0-203-20230511,1,1363739,Trifolium nigrescens,62.742352
LISAH-BVD-0-203-20230511,2,1356278,Trifolium fragiferum,61.865467
LISAH-BVD-0-203-20230511,3,1363740,Trifolium repens,58.321381
LISAH-BVD-0-205-20230511,1,1363740,Trifolium repens,58.756828
LISAH-BVD-0-205-20230511,2,1363455,Poa annua,57.329456
LISAH-BVD-0-205-20230511,3,1363458,Poa pratensis,56.477123
LISAH-BVD-0-206-20230511,1,1363739,Trifolium nigrescens,57.738472
LISAH-BVD-0-206-20230511,2,1363740,Trifolium repens,57.667099
LISAH-BVD-0-206-20230511,3,1363455,Poa annua,56.606590
LISAH-BVD-0-208-20230511,1,1356278,Trifolium fragiferum,61.352432
LISAH-BVD-0-208-20230511,2,1363455,Poa annua,59.700439
LISAH-BVD-0-208-20230511,3,1363474,Lolium multiflorum,57.688019
LISAH-BVD-0-209-20230511,1,1356278,Trifolium fragiferum,62.419586
LISAH-BVD-0-209-20230511,2,1363740,Trifolium repens,58.316978
LISAH-BVD-0-209-20230511,3,1363455,Poa annua,58.146614
LISAH-BVD-0-25-20230510,1,1357875,Sonchus asper,59.138714
LISAH-BVD-0-25-20230510,2,1361316,Leersia oryzoides,57.009701
LISAH-BVD-0-25-20230510,3,1363740,Trifolium repens,56.189762
LISAH-BVD-0-275-20230516,1,1361307,Hordeum murinum,63.395802
LISAH-BVD-0-275-20230516,2,1363993,Potentilla reptans,61.519508
LISAH-BVD-0-275-20230516,3,1363469,Avena sativa,61.297630
LISAH-BVD-0-277-20230516,1,1363993,Potentilla reptans,65.349731
LISAH-BVD-0-277-20230516,2,1414366,Bromus sterilis,63.864979
LISAH-BVD-0-277-20230516,3,1360304,Potentilla anglica,62.171158
LISAH-BVD-0-278-20230516,1,1363993,Potentilla reptans,65.271980
LISAH-BVD-0-278-20230516,2,1414366,Bromus sterilis,63.083122
LISAH-BVD-0-278-20230516,3,1361307,Hordeum murinum,61.957787
LISAH-BVD-0-281-20230516,1,1363993,Potentilla reptans,64.968765
LISAH-BVD-0-281-20230516,2,1395667,Rumex longifolius,62.503815
LISAH-BVD-0-281-20230516,3,1360399,Galium mollugo,61.036484
LISAH-BVD-0-282-20230516,1,1363993,Potentilla reptans,64.365005
LISAH-BVD-0-282-20230516,2,1414366,Bromus sterilis,63.043816
LISAH-BVD-0-282-20230516,3,1407739,Bromus catharticus,62.153351
LISAH-BVD-0-283-20230516,1,1363993,Potentilla reptans,66.624390
LISAH-BVD-0-283-20230516,2,1360304,Potentilla anglica,62.976238
LISAH-BVD-0-283-20230516,3,1728592,Potentilla verna,61.595146
LISAH-BVD-0-285-20230516,1,1361307,Hordeum murinum,64.416756
LISAH-BVD-0-285-20230516,2,1363993,Potentilla reptans,63.851395
LISAH-BVD-0-285-20230516,3,1360304,Potentilla anglica,61.091175
LISAH-BVD-0-287-20230516,1,1361307,Hordeum murinum,63.282913
LISAH-BVD-0-287-20230516,2,1363993,Potentilla reptans,62.363052
LISAH-BVD-0-287-20230516,3,1414366,Bromus sterilis,60.899845
LISAH-BVD-0-288-20230516,1,1363993,Potentilla reptans,61.809437
LISAH-BVD-0-288-20230516,2,1363468,Avena fatua,60.452335
LISAH-BVD-0-288-20230516,3,1363456,Poa bulbosa,59.772530
LISAH-BVD-0-292-20230516,1,1363993,Potentilla reptans,65.050903
LISAH-BVD-0-292-20230516,2,1390967,Catapodium rigidum,62.033829
LISAH-BVD-0-292-20230516,3,1360307,Potentilla erecta,61.300423
LISAH-BVD-0-293-20230516,1,1363993,Potentilla reptans,65.122780
LISAH-BVD-0-293-20230516,2,1356286,Bromus hordeaceus,60.860973
LISAH-BVD-0-293-20230516,3,1357635,Helminthotheca echioides,60.734058
LISAH-BVD-0-294-20230516,1,1363993,Potentilla reptans,64.965050
LISAH-BVD-0-294-20230516,2,1363403,Polypogon viridis,61.237144
LISAH-BVD-0-294-20230516,3,1363526,Cynodon dactylon,60.223915
LISAH-BVD-0-295-20230516,1,1363993,Potentilla reptans,60.973251
LISAH-BVD-0-295-20230516,2,1361245,Eleusine indica,55.588211
LISAH-BVD-0-295-20230516,3,1362023,Festuca filiformis,55.579422
LISAH-BVD-0-296-20230516,1,1363993,Potentilla reptans,64.006958
LISAH-BVD-0-296-20230516,2,1360859,Phyla nodiflora,60.755703
LISAH-BVD-0-296-20230516,3,1414366,Bromus sterilis,59.744011
LISAH-BVD-0-297-20230516,1,1407739,Bromus catharticus,62.942482
LISAH-BVD-0-297-20230516,2,1363993,Potentilla reptans,60.853336
LISAH-BVD-0-297-20230516,3,1360313,Potentilla recta,58.277145
LISAH-BVD-0-298-20230516,1,1407739,Bromus catharticus,63.759239
LISAH-BVD-0-298-20230516,2,1363993,Potentilla reptans,63.684811
LISAH-BVD-0-298-20230516,3,1360304,Potentilla anglica,58.659698
LISAH-BVD-0-299-20230516,1,1363993,Potentilla reptans,63.144295
LISAH-BVD-0-299-20230516,2,1363740,Trifolium repens,57.640076
LISAH-BVD-0-299-20230516,3,1360313,Potentilla recta,57.253922
LISAH-BVD-0-300-20230516,1,1363993,Potentilla reptans,63.508831
LISAH-BVD-0-300-20230516,2,1414366,Bromus sterilis,60.780167
LISAH-BVD-0-300-20230516,3,1422217,Bromus madritensis,59.901768
LISAH-BVD-0-301-20230516,1,1407739,Bromus catharticus,64.681290
LISAH-BVD-0-301-20230516,2,1363993,Potentilla reptans,64.138275
LISAH-BVD-0-301-20230516,3,1394592,Pimpinella major,60.780247
LISAH-BVD-0-302-20230516,1,1363993,Potentilla reptans,64.281670
LISAH-BVD-0-302-20230516,2,1400126,Betonica officinalis,61.581219
LISAH-BVD-0-302-20230516,3,1394592,Pimpinella major,58.319214
LISAH-BVD-0-309-20230516,1,1363993,Potentilla reptans,64.312904
LISAH-BVD-0-309-20230516,2,1363994,Agrimonia eupatoria,59.333866
LISAH-BVD-0-309-20230516,3,1400126,Betonica officinalis,58.344807
LISAH-BVD-0-310-20230516,1,1363993,Potentilla reptans,64.627487
LISAH-BVD-0-310-20230516,2,1414366,Bromus sterilis,60.621037
LISAH-BVD-0-310-20230516,3,1390966,Catapodium marinum,58.939903
LISAH-BVD-0-337-20230516,1,1356286,Bromus hordeaceus,62.508034
LISAH-BVD-0-337-20230516,2,1361307,Hordeum murinum,61.406387
LISAH-BVD-0-337-20230516,3,1364006,Convolvulus arvensis,60.476398
LISAH-BVD-0-338-20230516,1,1356286,Bromus hordeaceus,64.662338
LISAH-BVD-0-338-20230516,2,1361307,Hordeum murinum,61.733452
LISAH-BVD-0-338-20230516,3,1364006,Convolvulus arvensis,60.315182
LISAH-BVD-0-339-20230516,1,1356286,Bromus hordeaceus,63.958694
LISAH-BVD-0-339-20230516,2,1414353,Bromus diandrus,62.830109
LISAH-BVD-0-339-20230516,3,1407739,Bromus catharticus,61.329628
LISAH-BVD-0-341-20230516,1,1356286,Bromus hordeaceus,63.441963
LISAH-BVD-0-341-20230516,2,1364006,Convolvulus arvensis,61.726387
LISAH-BVD-0-341-20230516,3,1363740,Trifolium repens,57.219086
LISAH-BVD-0-342-20230516,1,1356286,Bromus hordeaceus,65.204788
LISAH-BVD-0-342-20230516,2,1364006,Convolvulus arvensis,62.989326
LISAH-BVD-0-342-20230516,3,1363798,Lathyrus aphaca,58.881935
LISAH-BVD-0-343-20230516,1,1356286,Bromus hordeaceus,64.180527
LISAH-BVD-0-343-20230516,2,1363213,Torilis nodosa,62.449257
LISAH-BVD-0-343-20230516,3,1364006,Convolvulus arvensis,60.543930
LISAH-BVD-0-344-20230516,1,1356286,Bromus hordeaceus,61.293011
LISAH-BVD-0-344-20230516,2,1361850,Trifolium rubens,59.405418
LISAH-BVD-0-344-20230516,3,1364006,Convolvulus arvensis,59.306160
LISAH-BVD-0-345-20230516,1,1356286,Bromus hordeaceus,64.339859
LISAH-BVD-0-345-20230516,2,1361302,Holcus mollis,60.159752
LISAH-BVD-0-345-20230516,3,1364006,Convolvulus arvensis,59.554588
LISAH-BVD-0-346-20230516,1,1356286,Bromus hordeaceus,63.137131
LISAH-BVD-0-346-20230516,2,1364006,Convolvulus arvensis,60.116615
LISAH-BVD-0-346-20230516,3,1363403,Polypogon viridis,58.401192
LISAH-BVD-0-347-20230516,1,1356286,Bromus hordeaceus,64.470787
LISAH-BVD-0-347-20230516,2,1364006,Convolvulus arvensis,60.003757
LISAH-BVD-0-347-20230516,3,1407739,Bromus catharticus,59.219715
LISAH-BVD-0-348-20230516,1,1356286,Bromus hordeaceus,64.994423
LISAH-BVD-0-348-20230516,2,1357875,Sonchus asper,60.475777
LISAH-BVD-0-348-20230516,3,1362380,Sonchus arvensis,60.452122
LISAH-BVD-0-349-20230516,1,1356286,Bromus hordeaceus,64.952187
LISAH-BVD-0-349-20230516,2,1364006,Convolvulus arvensis,62.544144
LISAH-BVD-0-349-20230516,3,1363468,Avena fatua,58.822208
LISAH-BVD-0-35-20230510,1,1396446,Stellaria graminea,61.117805
LISAH-BVD-0-35-20230510,2,1363455,Poa annua,59.117916
LISAH-BVD-0-35-20230510,3,1363543,Stenotaphrum secundatum,57.596428
LISAH-BVD-0-350-20230516,1,1356286,Bromus hordeaceus,64.567703
LISAH-BVD-0-350-20230516,2,1357635,Helminthotheca echioides,61.417229
LISAH-BVD-0-350-20230516,3,1364006,Convolvulus arvensis,60.245083
LISAH-BVD-0-351-20230516,1,1364006,Convolvulus arvensis,61.340500
LISAH-BVD-0-351-20230516,2,1356286,Bromus hordeaceus,61.152409
LISAH-BVD-0-351-20230516,3,1363798,Lathyrus aphaca,58.314026
LISAH-BVD-0-352-20230516,1,1356286,Bromus hordeaceus,63.465004
LISAH-BVD-0-352-20230516,2,1411890,Elymus repens,60.024963
LISAH-BVD-0-352-20230516,3,1364006,Convolvulus arvensis,59.825111
LISAH-BVD-0-353-20230516,1,1356286,Bromus hordeaceus,63.904194
LISAH-BVD-0-353-20230516,2,1363805,Lathyrus annuus,61.797348
LISAH-BVD-0-353-20230516,3,1364006,Convolvulus arvensis,61.367874
LISAH-BVD-0-354-20230516,1,1364006,Convolvulus arvensis,61.033306
LISAH-BVD-0-354-20230516,2,1361190,Avena sterilis,59.259930
LISAH-BVD-0-354-20230516,3,1363468,Avena fatua,58.954529
LISAH-BVD-0-364-20230516,1,1361307,Hordeum murinum,61.006557
LISAH-BVD-0-364-20230516,2,1364173,Lactuca serriola,60.808838
LISAH-BVD-0-364-20230516,3,1363944,Malva neglecta,59.707100
LISAH-BVD-0-372-20230516,1,1361307,Hordeum murinum,62.820503
LISAH-BVD-0-372-20230516,2,1744928,Eryngium ilicifolium,59.325726
LISAH-BVD-0-372-20230516,3,1361308,Hordeum secalinum,58.767006
LISAH-BVD-0-379-20230516,1,1361307,Hordeum murinum,62.801369
LISAH-BVD-0-379-20230516,2,1356397,Equisetum ramosissimum,59.814629
LISAH-BVD-0-379-20230516,3,1363731,Medicago polymorpha,59.414169
LISAH-BVD-0-380-20230516,1,1361307,Hordeum murinum,62.489876
LISAH-BVD-0-380-20230516,2,1360120,Rumex acetosa,61.926140
LISAH-BVD-0-380-20230516,3,1363476,Lolium rigidum,59.139816
LISAH-BVD-0-383-20230516,1,1414353,Bromus diandrus,61.354153
LISAH-BVD-0-383-20230516,2,1422217,Bromus madritensis,58.884232
LISAH-BVD-0-383-20230516,3,1363476,Lolium rigidum,58.010910
LISAH-BVD-0-392-20230516,1,1359835,Parnassia palustris,61.285797
LISAH-BVD-0-392-20230516,2,1364006,Convolvulus arvensis,60.267265
LISAH-BVD-0-392-20230516,3,1355936,Cirsium arvense,58.475075
LISAH-BVD-0-397-20230517,1,1414353,Bromus diandrus,59.596725
LISAH-BVD-0-397-20230517,2,1361307,Hordeum murinum,58.333931
LISAH-BVD-0-397-20230517,3,1414366,Bromus sterilis,58.008354
LISAH-BVD-0-398-20230517,1,1728568,Jacobaea erucifolia,59.713768
LISAH-BVD-0-398-20230517,2,1363740,Trifolium repens,58.783905
LISAH-BVD-0-398-20230517,3,1360860,Verbena officinalis,57.980621
LISAH-BVD-0-412-20230517,1,1357697,Leontodon hispidus,62.605164
LISAH-BVD-0-412-20230517,2,1360860,Verbena officinalis,61.130272
LISAH-BVD-0-412-20230517,3,1391445,Crepis biennis,59.576355
LISAH-BVD-0-417-20230517,1,1356286,Bromus hordeaceus,64.791183
LISAH-BVD-0-417-20230517,2,1361307,Hordeum murinum,63.212029
LISAH-BVD-0-417-20230517,3,1355869,Crepis capillaris,61.859577
LISAH-BVD-0-428-20230517,1,1361307,Hordeum murinum,63.208633
LISAH-BVD-0-428-20230517,2,1356286,Bromus hordeaceus,62.958908
LISAH-BVD-0-428-20230517,3,1357875,Sonchus asper,61.034042
LISAH-BVD-0-430-20230517,1,1356286,Bromus hordeaceus,64.507622
LISAH-BVD-0-430-20230517,2,1364006,Convolvulus arvensis,61.075848
LISAH-BVD-0-430-20230517,3,1407739,Bromus catharticus,60.912102
LISAH-BVD-0-431-20230517,1,1407739,Bromus catharticus,64.823074
LISAH-BVD-0-431-20230517,2,1364006,Convolvulus arvensis,61.881775
LISAH-BVD-0-431-20230517,3,1356286,Bromus hordeaceus,60.964668
LISAH-BVD-0-432-20230517,1,1356286,Bromus hordeaceus,64.203232
LISAH-BVD-0-432-20230517,2,1357635,Helminthotheca echioides,62.358177
LISAH-BVD-0-432-20230517,3,1364006,Convolvulus arvensis,61.415562
LISAH-BVD-0-463-20230517,1,1364065,Veronica persica,61.517036
LISAH-BVD-0-463-20230517,2,1356278,Trifolium fragiferum,60.031395
LISAH-BVD-0-463-20230517,3,1356111,Lamium amplexicaule,59.946815
LISAH-BVD-0-465-20230517,1,1364065,Veronica persica,60.670395
LISAH-BVD-0-465-20230517,2,1363413,Eleusine tristachya,60.163364
LISAH-BVD-0-465-20230517,3,1397048,Veronica filiformis,59.268322
LISAH-BVD-0-471-20230517,1,1356286,Bromus hordeaceus,64.544830
LISAH-BVD-0-471-20230517,2,1407739,Bromus catharticus,62.776657
LISAH-BVD-0-471-20230517,3,1393619,Logfia minima,60.598351
LISAH-BVD-0-54-20230510,1,1722501,Rumex spinosus,62.711105
LISAH-BVD-0-54-20230510,2,1356314,Rumex pulcher,62.135521
LISAH-BVD-0-54-20230510,3,1356081,Rumex dentatus,58.898186
LISAH-BVD-0-99-20230510,1,1363731,Medicago polymorpha,62.782471
LISAH-BVD-0-99-20230510,2,1363805,Lathyrus annuus,62.535168
LISAH-BVD-0-99-20230510,3,1356286,Bromus hordeaceus,62.095543
LISAH-JAS-0-1-20220505,1,1357526,Crepis bursifolia,64.975006
LISAH-JAS-0-1-20220505,2,1357546,Crepis sancta,63.658520
LISAH-JAS-0-1-20220505,3,1357702,Leontodon tuberosus,61.153881
LISAH-JAS-0-11-20220505,1,1359519,Trifolium resupinatum,64.937012
LISAH-JAS-0-11-20220505,2,1363739,Trifolium nigrescens,63.098160
LISAH-JAS-0-11-20220505,3,1357875,Sonchus asper,61.306946
LISAH-JAS-0-12-20220505,1,1359519,Trifolium resupinatum,67.190933
LISAH-JAS-0-12-20220505,2,1359860,Chaenorhinum minus,63.840637
LISAH-JAS-0-12-20220505,3,1363731,Medicago polymorpha,62.256016
LISAH-JAS-0-13-20220505,1,1359519,Trifolium resupinatum,66.977882
LISAH-JAS-0-13-20220505,2,1363739,Trifolium nigrescens,63.566338
LISAH-JAS-0-13-20220505,3,1393770,Medicago littoralis,63.342575
LISAH-JAS-0-15-20220505,1,1362236,Fumaria parviflora,66.714371
LISAH-JAS-0-15-20220505,2,1359519,Trifolium resupinatum,66.681717
LISAH-JAS-0-15-20220505,3,1422217,Bromus madritensis,64.544205
LISAH-JAS-0-16-20220505,1,1359519,Trifolium resupinatum,68.372322
LISAH-JAS-0-16-20220505,2,1363878,Diplotaxis erucoides,65.209267
LISAH-JAS-0-16-20220505,3,1393770,Medicago littoralis,64.020279
LISAH-JAS-0-17-20220505,1,1362236,Fumaria parviflora,65.993484
LISAH-JAS-0-17-20220505,2,1393770,Medicago littoralis,63.808594
LISAH-JAS-0-17-20220505,3,1359528,Trifolium subterraneum,62.761089
LISAH-JAS-0-2-20220505,1,1356111,Lamium amplexicaule,63.501514
LISAH-JAS-0-2-20220505,2,1363179,Chenopodium ficifolium,62.639103
LISAH-JAS-0-2-20220505,3,1364065,Veronica persica,61.744652
LISAH-JAS-0-6-20220505,1,1359519,Trifolium resupinatum,65.997490
LISAH-JAS-0-6-20220505,2,1364138,Senecio vulgaris,63.523766
LISAH-JAS-0-6-20220505,3,1356084,Polygonum aviculare,62.903526
LISAH-JAS-0-7-20220505,1,1364138,Senecio vulgaris,63.413380
LISAH-JAS-0-7-20220505,2,1359519,Trifolium resupinatum,63.375404
LISAH-JAS-0-7-20220505,3,1356084,Polygonum aviculare,62.251331
LISAH-JAS-0-9-20220505,1,1359519,Trifolium resupinatum,66.858856
LISAH-JAS-0-9-20220505,2,1357546,Crepis sancta,65.723976
LISAH-JAS-0-9-20220505,3,1355869,Crepis capillaris,62.954502
LISAH-JAS-1-25-20220505,1,1363213,Torilis nodosa,62.550987
LISAH-JAS-1-25-20220505,2,1422217,Bromus madritensis,60.765224
LISAH-JAS-1-25-20220505,3,1414366,Bromus sterilis,60.486340
LISAH-JAS-1-27-20220505,1,1361307,Hordeum murinum,63.792290
LISAH-JAS-1-27-20220505,2,1361117,Aegilops geniculata,63.230450
LISAH-JAS-1-27-20220505,3,1422217,Bromus madritensis,61.787937
LISAH-JAS-1-28-20220505,1,1422217,Bromus madritensis,62.152882
LISAH-JAS-1-28-20220505,2,1363944,Malva neglecta,62.097511
LISAH-JAS-1-28-20220505,3,1360437,Valantia muralis,61.565567
LISAH-JAS-1-5-20220505,1,1356697,Cerastium glomeratum,63.155964
LISAH-JAS-1-5-20220505,2,1357546,Crepis sancta,63.131248
LISAH-JAS-1-5-20220505,3,1360748,Hydrocotyle vulgaris,62.109886
LISAH-PEC-0-0-20220608,1,1744673,Mantisalca spinulosa,61.261009
LISAH-PEC-0-0-20220608,2,1361926,Scabiosa columbaria,61.032219
LISAH-PEC-0-0-20220608,3,1357945,Tolpis umbellata,60.977539
LISAH-PEC-0-1-20230411,1,1356013,Geranium rotundifolium,68.025330
LISAH-PEC-0-1-20230411,2,1364138,Senecio vulgaris,62.364010
LISAH-PEC-0-1-20230411,3,1550154,Erodium cazorlanum,61.372116
LISAH-PEC-0-10-20230405,1,1363878,Diplotaxis erucoides,65.756683
LISAH-PEC-0-10-20230405,2,1364138,Senecio vulgaris,62.900078
LISAH-PEC-0-10-20230405,3,1357635,Helminthotheca echioides,61.157520
LISAH-PEC-0-11-20230405,1,1364138,Senecio vulgaris,61.576851
LISAH-PEC-0-11-20230405,2,1396208,Senecio vernalis,60.911228
LISAH-PEC-0-11-20230405,3,1363878,Diplotaxis erucoides,60.883671
LISAH-PEC-0-11-20230411,1,1356013,Geranium rotundifolium,66.781296
LISAH-PEC-0-11-20230411,2,1358217,Cleome violacea,61.602852
LISAH-PEC-0-11-20230411,3,1363878,Diplotaxis erucoides,60.220127
LISAH-PEC-0-12-20230411,1,1356013,Geranium rotundifolium,67.333984
LISAH-PEC-0-12-20230411,2,1355964,Euphorbia helioscopia,60.787724
LISAH-PEC-0-12-20230411,3,1364138,Senecio vulgaris,59.889000
LISAH-PEC-0-13-20230411,1,1356013,Geranium rotundifolium,66.823975
LISAH-PEC-0-13-20230411,2,1360793,Scandix pecten-veneris,60.447979
LISAH-PEC-0-13-20230411,3,1480138,Diplotaxis ilorcitana,60.421211
LISAH-PEC-0-13-20230413,1,1356013,Geranium rotundifolium,66.612007
LISAH-PEC-0-13-20230413,2,1357192,Anacyclus homogamos,61.564388
LISAH-PEC-0-13-20230413,3,1363676,Vicia faba,60.907337
LISAH-PEC-0-14-20230407,1,1360290,Crataegus azarolus,61.294380
LISAH-PEC-0-14-20230407,2,1361000,Asparagus acutifolius,60.091675
LISAH-PEC-0-14-20230407,3,1363988,Crataegus monogyna,59.819672
LISAH-PEC-0-15-20230407,1,1361000,Asparagus acutifolius,62.103546
LISAH-PEC-0-15-20230407,2,1392158,Euphorbia esula,58.565231
LISAH-PEC-0-15-20230407,3,1669039,Rubus lainzii,58.006153
LISAH-PEC-0-17-20230413,1,1363676,Vicia faba,60.887062
LISAH-PEC-0-17-20230413,2,1357682,Lactuca tenerrima,58.318733
LISAH-PEC-0-17-20230413,3,1357981,Convolvulus lineatus,58.179356
LISAH-PEC-0-18-20230411,1,1356013,Geranium rotundifolium,66.700714
LISAH-PEC-0-18-20230411,2,1355964,Euphorbia helioscopia,61.381477
LISAH-PEC-0-18-20230411,3,1357635,Helminthotheca echioides,61.196396
LISAH-PEC-0-19-20230413,1,1356013,Geranium rotundifolium,66.955917
LISAH-PEC-0-19-20230413,2,1363676,Vicia faba,62.914009
LISAH-PEC-0-19-20230413,3,1356008,Geranium molle,60.422207
LISAH-PEC-0-20-20230411,1,1356013,Geranium rotundifolium,66.832253
LISAH-PEC-0-20-20230411,2,1355964,Euphorbia helioscopia,62.510384
LISAH-PEC-0-20-20230411,3,1364138,Senecio vulgaris,62.323986
LISAH-PEC-0-4-20230407,1,1360433,Rubia peregrina,57.790405
LISAH-PEC-0-4-20230407,2,1361081,Carex riparia,54.100548
LISAH-PEC-0-4-20230407,3,1359279,Lathyrus ochrus,53.237930
LISAH-PEC-0-4-20230411,1,1356013,Geranium rotundifolium,67.976814
LISAH-PEC-0-4-20230411,2,1550154,Erodium cazorlanum,62.781631
LISAH-PEC-0-4-20230411,3,1363878,Diplotaxis erucoides,61.667179
LISAH-PEC-0-6-20220608,1,1357401,Centaurea aspera,67.226593
LISAH-PEC-0-6-20220608,2,1390967,Catapodium rigidum,64.086884
LISAH-PEC-0-6-20220608,3,1502684,Centaurea linifolia,63.336258
LISAH-PEC-0-6-20230411,1,1356013,Geranium rotundifolium,67.614563
LISAH-PEC-0-6-20230411,2,1363791,Scorpiurus muricatus,63.330288
LISAH-PEC-0-6-20230411,3,1550154,Erodium cazorlanum,61.897350
LISAH-PEC-0-8-20230405,1,1363878,Diplotaxis erucoides,64.423172
LISAH-PEC-0-8-20230405,2,1363791,Scorpiurus muricatus,62.778709
LISAH-PEC-0-8-20230405,3,1358260,Diplotaxis virgata,62.211903
LISAH-PEC-0-9-20230411,1,1356013,Geranium rotundifolium,67.784416
LISAH-PEC-0-9-20230411,2,1550154,Erodium cazorlanum,60.145615
LISAH-PEC-0-9-20230411,3,1363467,Avena barbata,59.989437
LISAH-PEC-0-9-20230413,1,1356013,Geranium rotundifolium,66.244514
LISAH-PEC-0-9-20230413,2,1357598,Galactites tomentosus,64.380203
LISAH-PEC-0-9-20230413,3,1357596,Galactites duriaei,61.606506
LISAH-PEC-1-13-20230405,1,1363878,Diplotaxis erucoides,65.833473
LISAH-PEC-1-13-20230405,2,1356013,Geranium rotundifolium,63.106003
LISAH-PEC-1-13-20230405,3,1357635,Helminthotheca echioides,62.619175
LISAH-PEC-1-18-20230407,1,1363878,Diplotaxis erucoides,63.197365
LISAH-PEC-1-18-20230407,2,1355869,Crepis capillaris,63.015423
LISAH-PEC-1-18-20230407,3,1398824,Linaria nigricans,60.419109
LISAH-PEC-2-0-20220609,1,1364151,Anacyclus clavatus,66.174255
LISAH-PEC-2-0-20220609,2,1356013,Geranium rotundifolium,65.526970
LISAH-PEC-2-0-20220609,3,1357227,Anthemis maritima,63.073879
LISAH-PEC-2-11-20220609,1,1356013,Geranium rotundifolium,65.376953
LISAH-PEC-2-11-20220609,2,1357351,Carduus pycnocephalus,65.234627
LISAH-PEC-2-11-20220609,3,1355881,Carduus tenuiflorus,62.837509
LISAH-PEC-2-17-20230407,1,1390637,Calendula arvensis,62.685474
LISAH-PEC-2-17-20230407,2,1363878,Diplotaxis erucoides,62.504440
LISAH-PEC-2-17-20230407,3,1355994,Erodium cicutarium,61.033119
LISAH-PEC-2-2-20220609,1,1356013,Geranium rotundifolium,66.051071
LISAH-PEC-2-2-20220609,2,1392594,Geranium pusillum,62.028404
LISAH-PEC-2-2-20220609,3,1422217,Bromus madritensis,61.574654
LISAH-PEC-2-20-20230407,1,1356013,Geranium rotundifolium,66.246086
LISAH-PEC-2-20-20230407,2,1363878,Diplotaxis erucoides,63.467686
LISAH-PEC-2-20-20230407,3,1355994,Erodium cicutarium,60.415161
LISAH-PEC-2-4-20220609,1,1356013,Geranium rotundifolium,64.576645
LISAH-PEC-2-4-20220609,2,1355881,Carduus tenuiflorus,63.771591
LISAH-PEC-2-4-20220609,3,1357351,Carduus pycnocephalus,62.482376
LISAH-PEC-2-5-20220609,1,1364151,Anacyclus clavatus,66.093201
LISAH-PEC-2-5-20220609,2,1357514,Cladanthus mixtus,64.590576
LISAH-PEC-2-5-20220609,3,1357598,Galactites tomentosus,64.503265
LISAH-PEC-2-5-20230407,1,1356013,Geranium rotundifolium,66.984604
LISAH-PEC-2-5-20230407,2,1363878,Diplotaxis erucoides,63.591423
LISAH-PEC-2-5-20230407,3,1355998,Erodium laciniatum,60.809036
LISAH-PEC-2-6-20220609,1,1356013,Geranium rotundifolium,64.049431
LISAH-PEC-2-6-20220609,2,1355881,Carduus tenuiflorus,63.076324
LISAH-PEC-2-6-20220609,3,1422218,Bromus rubens,62.424194
LISAH-PEC-3-10-20230407,1,1363804,Lathyrus sativus,65.612030
LISAH-PEC-3-10-20230407,2,1359266,Lathyrus angulatus,63.484379
LISAH-PEC-3-10-20230407,3,1363805,Lathyrus annuus,62.764244
LISAH-PEC-3-16-20230407,1,1363804,Lathyrus sativus,65.063637
LISAH-PEC-3-16-20230407,2,1396879,Trigonella gladiata,63.906067
LISAH-PEC-3-16-20230407,3,1363676,Vicia faba,63.337753
LISAH-PEC-3-20-20230407,1,1363676,Vicia faba,65.013847
LISAH-PEC-3-20-20230407,2,1396879,Trigonella gladiata,61.911743
LISAH-PEC-3-20-20230407,3,1356013,Geranium rotundifolium,61.499325
OPTMix-0108-P1-312-20231006,1,1356404,Pteridium aquilinum,58.097206
OPTMix-0108-P1-312-20231006,2,1356382,Dryopteris filix-mas,57.676296
OPTMix-0108-P1-312-20231006,3,1396752,Thelypteris palustris,57.667809
OPTMix-0108-P1-422-20231006,1,1363593,Molinia caerulea,64.622543
OPTMix-0108-P1-422-20231006,2,1741584,Molinia arundinacea,58.488266
OPTMix-0108-P1-422-20231006,3,1361080,Carex remota,57.769779
OPTMix-0108-P1-427-20231006,1,1356404,Pteridium aquilinum,58.557953
OPTMix-0108-P1-427-20231006,2,1743914,Quercus estremadurensis,58.463531
OPTMix-0108-P1-427-20231006,3,1358612,Quercus canariensis,58.183273
OPTMix-0108-P1-533-20231006,1,1363593,Molinia caerulea,59.434155
OPTMix-0108-P1-533-20231006,2,1363455,Poa annua,56.627716
OPTMix-0108-P1-533-20231006,3,1357413,Quercus robur,55.482857
OPTMix-0108-P1-95-20231006,1,1363593,Molinia caerulea,56.798340
OPTMix-0108-P1-95-20231006,2,1360945,Allium vineale,55.555023
OPTMix-0108-P1-95-20231006,3,1356404,Pteridium aquilinum,51.692459
OPTMix-012-P1-143-20231201,1,1391809,Dryopteris dilatata,60.440624
OPTMix-012-P1-143-20231201,2,1361389,Puccinellia maritima,58.957428
OPTMix-012-P1-143-20231201,3,1419076,Quercus petraea,58.701614
OPTMix-012-P1-208-20231201,1,1419076,Quercus petraea,60.833149
OPTMix-012-P1-208-20231201,2,1359973,Plantago subulata,57.940685
OPTMix-012-P1-208-20231201,3,1396168,Selaginella kraussiana,56.966995
OPTMix-012-P2-192-20231201,1,1419076,Quercus petraea,59.298706
OPTMix-012-P2-192-20231201,2,1738583,Hedera algeriensis,58.729004
OPTMix-012-P2-192-20231201,3,1392697,Hedera colchica,58.563557
OPTMix-012-P2-207-20231201,1,1360945,Allium vineale,59.344093
OPTMix-012-P2-207-20231201,2,1400084,Avenella flexuosa,59.269867
OPTMix-012-P2-207-20231201,3,1419076,Quercus petraea,58.976639
OPTMix-012-P2-240-20231201,1,1400084,Avenella flexuosa,61.002960
OPTMix-012-P2-240-20231201,2,1393317,Isolepis fluitans,58.452400
OPTMix-012-P2-240-20231201,3,1360945,Allium vineale,58.431976
OPTMix-012-P3-190-20231201,1,1400084,Avenella flexuosa,62.978344
OPTMix-012-P3-190-20231201,2,1359973,Plantago subulata,60.630554
OPTMix-012-P3-190-20231201,3,1391994,Equisetum sylvaticum,58.955982
OPTMix-012-P3-218-20231201,1,1400084,Avenella flexuosa,61.021500
OPTMix-012-P3-218-20231201,2,1419076,Quercus petraea,59.827507
OPTMix-012-P3-218-20231201,3,1357413,Quercus robur,56.485779
OPTMix-012-P3-220-20231201,1,1393681,Luzula luzuloides,60.131294
OPTMix-012-P3-220-20231201,2,1361914,Agrostis canina,59.102753
OPTMix-012-P3-220-20231201,3,1362023,Festuca filiformis,57.841499
OPTMix-0178-P1-1060-20231006,1,1394044,Onoclea sensibilis,61.189949
OPTMix-0178-P1-1060-20231006,2,1356382,Dryopteris filix-mas,59.305061
OPTMix-0178-P1-1060-20231006,3,1396752,Thelypteris palustris,57.255440
OPTMix-0178-P1-1061-20231006,1,1357413,Quercus robur,54.894844
OPTMix-0178-P1-1061-20231006,2,1396168,Selaginella kraussiana,52.858326
OPTMix-0178-P1-1061-20231006,3,1419076,Quercus petraea,52.847084
OPTMix-0178-P1-552-20231006,1,1391809,Dryopteris dilatata,59.738815
OPTMix-0178-P1-552-20231006,2,1356382,Dryopteris filix-mas,58.131943
OPTMix-0178-P1-552-20231006,3,1356404,Pteridium aquilinum,57.267391
OPTMix-0178-P1-661-20231006,1,1356382,Dryopteris filix-mas,60.896130
OPTMix-0178-P1-661-20231006,2,1356404,Pteridium aquilinum,60.591782
OPTMix-0178-P1-661-20231006,3,1396752,Thelypteris palustris,59.998653
OPTMix-0178-P1-663-20231006,1,1356433,Polypodium vulgare,57.927845
OPTMix-0178-P1-663-20231006,2,1358612,Quercus canariensis,56.706959
OPTMix-0178-P1-663-20231006,3,1419076,Quercus petraea,55.888977
OPTMix-0178-P1-669-20231006,1,1357413,Quercus robur,54.734283
OPTMix-0178-P1-669-20231006,2,1419076,Quercus petraea,54.187840
OPTMix-0178-P1-669-20231006,3,1397565,Asplenium cuneifolium,53.807487
OPTMix-0200-11006-20231009,1,1391809,Dryopteris dilatata,58.759548
OPTMix-0200-11006-20231009,2,1356404,Pteridium aquilinum,58.157303
OPTMix-0200-11006-20231009,3,1419076,Quercus petraea,56.423763
OPTMix-0200-P2-53-20231009,1,1358504,Erica australis,62.954456
OPTMix-0200-P2-53-20231009,2,1358503,Erica arborea,62.751385
OPTMix-0200-P2-53-20231009,3,1359548,Ulex parviflorus,61.596123
OPTMix-0200-P2-54-20231009,1,1363593,Molinia caerulea,61.372177
OPTMix-0200-P2-54-20231009,2,1361316,Leersia oryzoides,58.682201
OPTMix-0200-P2-54-20231009,3,1361074,Carex paniculata,58.171970
OPTMix-0200-P2-68-20231009,1,1358501,Calluna vulgaris,62.438057
OPTMix-0200-P2-68-20231009,2,1357274,Artemisia barrelieri,58.780502
OPTMix-0200-P2-68-20231009,3,1392745,Helosciadium inundatum,57.759163
OPTMix-0200-P3-108-20231009,1,1356404,Pteridium aquilinum,58.440216
OPTMix-0200-P3-108-20231009,2,1361052,Carex elata,58.220154
OPTMix-0200-P3-108-20231009,3,1742100,Takhtajaniantha austriaca,55.079422
OPTMix-0200-P3-127-20231009,1,1356404,Pteridium aquilinum,59.234161
OPTMix-0200-P3-127-20231009,2,1668635,Rubus castellarnaui,58.547565
OPTMix-0200-P3-127-20231009,3,1363413,Eleusine tristachya,57.180004
OPTMix-0200-P3-139-20231009,1,1392764,Herniaria litardierei,59.479202
OPTMix-0200-P3-139-20231009,2,1356873,Herniaria hirsuta,59.371162
OPTMix-0200-P3-139-20231009,3,1392762,Herniaria ciliolata,58.030941
OPTMix-0214-P1-207-20231010,1,1392309,Festuca heterophylla,60.333149
OPTMix-0214-P1-207-20231010,2,1362023,Festuca filiformis,55.488312
OPTMix-0214-P1-207-20231010,3,1356359,Asplenium septentrionale,54.876072
OPTMix-0214-P1-208-20231010,1,1362023,Festuca filiformis,58.865669
OPTMix-0214-P1-208-20231010,2,1400084,Avenella flexuosa,58.503799
OPTMix-0214-P1-208-20231010,3,1651162,Festuca guestfalica,57.981983
OPTMix-0214-P1-235-20231010,1,1358612,Quercus canariensis,57.583504
OPTMix-0214-P1-235-20231010,2,1738588,Quercus crenata,56.739288
OPTMix-0214-P1-235-20231010,3,1395026,Quercus pubescens,56.578182
OPTMix-0214-P2-22-20231010,1,1358501,Calluna vulgaris,62.280182
OPTMix-0214-P2-22-20231010,2,1359222,Genista triacanthos,59.691071
OPTMix-0214-P2-22-20231010,3,1364138,Senecio vulgaris,59.199081
OPTMix-0214-P2-64-20231010,1,1358501,Calluna vulgaris,62.210754
OPTMix-0214-P2-64-20231010,2,1394416,Parapholis strigosa,60.357212
OPTMix-0214-P2-64-20231010,3,1482204,Teesdalia nudicaulis,58.654678
OPTMix-0214-P2-84-20231010,1,1419076,Quercus petraea,60.072227
OPTMix-0214-P2-84-20231010,2,1358612,Quercus canariensis,58.465565
OPTMix-0214-P2-84-20231010,3,1359973,Plantago subulata,57.015175
OPTMix-0214-P3-186-20231010,1,1361233,Danthonia decumbens,56.551468
OPTMix-0214-P3-186-20231010,2,1650970,Festuca altissima,56.119671
OPTMix-0214-P3-186-20231010,3,1389018,Brachypodium sylvaticum,55.059982
OPTMix-0214-P3-196-20231010,1,1358615,Quercus lusitanica,59.281090
OPTMix-0214-P3-196-20231010,2,1358612,Quercus canariensis,58.315033
OPTMix-0214-P3-196-20231010,3,1395026,Quercus pubescens,58.161217
OPTMix-0214-P3-278-20231010,1,1390761,Carex arenaria,61.242188
OPTMix-0214-P3-278-20231010,2,1532449,Carex trinervis,56.428478
OPTMix-0214-P3-278-20231010,3,1363593,Molinia caerulea,56.307102
OPTMix-0216-P4-208-20231009,1,1578171,Genista tridentata,62.395279
OPTMix-0216-P4-208-20231009,2,1358501,Calluna vulgaris,62.027004
OPTMix-0216-P4-208-20231009,3,1362309,Genista anglica,58.760326
OPTMix-0255-11233-20231009,1,1363593,Molinia caerulea,55.297997
OPTMix-0255-11233-20231009,2,1361256,Eragrostis multicaulis,55.123554
OPTMix-0255-11233-20231009,3,1361000,Asparagus acutifolius,53.677692
OPTMix-0255-11372-20231009,1,1363593,Molinia caerulea,61.735767
OPTMix-0255-11372-20231009,2,1395026,Quercus pubescens,58.920246
OPTMix-0255-11372-20231009,3,1392319,Festuca marginata,56.807777
OPTMix-0255-11382-20231009,1,1360433,Rubia peregrina,57.045883
OPTMix-0255-11382-20231009,2,1363593,Molinia caerulea,56.140068
OPTMix-0255-11382-20231009,3,1363490,Phalaris arundinacea,55.898270
OPTMix-033-P3-107-20231201,1,1356404,Pteridium aquilinum,60.709770
OPTMix-033-P3-107-20231201,2,1396752,Thelypteris palustris,60.021629
OPTMix-033-P3-107-20231201,3,1356373,Blechnum spicant,57.290466
OPTMix-0333-P1-107-20231212,1,1356404,Pteridium aquilinum,60.470016
OPTMix-0333-P1-107-20231212,2,1391809,Dryopteris dilatata,56.680313
OPTMix-0333-P1-107-20231212,3,1356382,Dryopteris filix-mas,55.732697
OPTMix-0333-P1-112-20231212,1,1356404,Pteridium aquilinum,60.130322
OPTMix-0333-P1-112-20231212,2,1397763,Eragrostis curtipedicellata,59.313553
OPTMix-0333-P1-112-20231212,3,1391809,Dryopteris dilatata,58.808811
OPTMix-0333-P2-108-20231212,1,1356404,Pteridium aquilinum,59.399166
OPTMix-0333-P2-108-20231212,2,1356382,Dryopteris filix-mas,56.766960
OPTMix-0333-P2-108-20231212,3,1356436,Pteris incompleta,56.072319
OPTMix-0333-P2-112-20231212,1,1356404,Pteridium aquilinum,56.194283
OPTMix-0333-P2-112-20231212,2,1394416,Parapholis strigosa,55.830128
OPTMix-0333-P2-112-20231212,3,1390807,Carex elongata,55.236759
OPTMix-0333-P2-115-20231212,1,1356404,Pteridium aquilinum,59.945892
OPTMix-0333-P2-115-20231212,2,1356382,Dryopteris filix-mas,55.660503
OPTMix-0333-P2-115-20231212,3,1389018,Brachypodium sylvaticum,53.721817
OPTMix-0333-P3-100-20231201,1,1356404,Pteridium aquilinum,58.347088
OPTMix-0333-P3-100-20231201,2,1363593,Molinia caerulea,54.315895
OPTMix-0333-P3-100-20231201,3,1400004,Opuntia leucotricha,53.661018
OPTMix-0333-P3-76-20231201,1,1356404,Pteridium aquilinum,61.679783
OPTMix-0333-P3-76-20231201,2,1358501,Calluna vulgaris,60.770386
OPTMix-0333-P3-76-20231201,3,1356442,Selaginella denticulata,59.351601
OPTMix-057-P1-1699-20231010,1,1356382,Dryopteris filix-mas,57.049187
OPTMix-057-P1-1699-20231010,2,1356433,Polypodium vulgare,56.728344
OPTMix-057-P1-1699-20231010,3,1356440,Salvinia natans,56.574661
OPTMix-057-P1-1901-20231010,1,1362038,Jacobaea maritima,56.168598
OPTMix-057-P1-1901-20231010,2,1401438,Thelypteris dentata,55.101128
OPTMix-057-P1-1901-20231010,3,1361654,Neottia nidus-avis,54.705509
OPTMix-057-P1-1902-20231010,1,1356382,Dryopteris filix-mas,58.180134
OPTMix-057-P1-1902-20231010,2,1356404,Pteridium aquilinum,56.489532
OPTMix-057-P1-1902-20231010,3,1391805,Dryopteris carthusiana,55.712914
OPTMix-057-P1-1913-20231010,1,1356404,Pteridium aquilinum,60.704712
OPTMix-057-P1-1913-20231010,2,1391809,Dryopteris dilatata,56.631939
OPTMix-057-P1-1913-20231010,3,1356382,Dryopteris filix-mas,55.560314
OPTMix-057-P1-1917-20231010,1,1394044,Onoclea sensibilis,62.661461
OPTMix-057-P1-1917-20231010,2,1396752,Thelypteris palustris,62.439972
OPTMix-057-P1-1917-20231010,3,1722693,Polystichum setiferum,60.689995
OPTMix-0593-P1-129-20231205,1,1548153,Quercus cerrioides,56.499596
OPTMix-0593-P1-129-20231205,2,1389018,Brachypodium sylvaticum,56.282425
OPTMix-0593-P1-129-20231205,3,1363526,Cynodon dactylon,56.027344
OPTMix-0593-P1-134-20231205,1,1359973,Plantago subulata,60.444336
OPTMix-0593-P1-134-20231205,2,1400084,Avenella flexuosa,57.532032
OPTMix-0593-P1-134-20231205,3,1419076,Quercus petraea,54.652100
OPTMix-0593-P1-86-20231205,1,1400084,Avenella flexuosa,59.957531
OPTMix-0593-P1-86-20231205,2,1362023,Festuca filiformis,55.679260
OPTMix-0593-P1-86-20231205,3,1358515,Monotropa hypopitys,54.038273
OPTMix-0593-P2-180-20231205,1,1396168,Selaginella kraussiana,56.903191
OPTMix-0593-P2-180-20231205,2,1395026,Quercus pubescens,56.627739
OPTMix-0593-P2-180-20231205,3,1419076,Quercus petraea,56.459854
OPTMix-0593-P2-84-20231205,1,1419076,Quercus petraea,57.728119
OPTMix-0593-P2-84-20231205,2,1357413,Quercus robur,56.740761
OPTMix-0593-P2-84-20231205,3,1359274,Lathyrus linifolius,55.652672
OPTMix-0593-P2-92-20231205,1,1400084,Avenella flexuosa,57.125923
OPTMix-0593-P2-92-20231205,2,1651162,Festuca guestfalica,56.542896
OPTMix-0593-P2-92-20231205,3,1361270,Festuca elegans,56.485970
OPTMix-0593-P3-130-20231205,1,1400084,Avenella flexuosa,60.044689
OPTMix-0593-P3-130-20231205,2,1361585,Juncus squarrosus,58.650787
OPTMix-0593-P3-130-20231205,3,1361092,Eleocharis multicaulis,58.160370
OPTMix-0593-P3-146-20231205,1,1400084,Avenella flexuosa,60.709007
OPTMix-0593-P3-146-20231205,2,1392309,Festuca heterophylla,58.115181
OPTMix-0593-P3-146-20231205,3,1390756,Carex alba,57.667267
OPTMix-0593-P3-87-20231205,1,1359973,Plantago subulata,57.931496
OPTMix-0593-P3-87-20231205,2,1361585,Juncus squarrosus,56.979664
OPTMix-0593-P3-87-20231205,3,1400084,Avenella flexuosa,56.971489
OPTMix-0598-P1-118-20231205,1,1393522,Leymus arenarius,53.957172
OPTMix-0598-P1-118-20231205,2,1361245,Eleusine indica,53.751125
OPTMix-0598-P1-118-20231205,3,1394416,Parapholis strigosa,52.284790
OPTMix-0598-P1-132-20231205,1,1359973,Plantago subulata,59.986099
OPTMix-0598-P1-132-20231205,2,1419076,Quercus petraea,58.349003
OPTMix-0598-P1-132-20231205,3,1357413,Quercus robur,58.171341
OPTMix-0598-P1-133-20231205,1,1395026,Quercus pubescens,58.294952
OPTMix-0598-P1-133-20231205,2,1419076,Quercus petraea,56.980701
OPTMix-0598-P1-133-20231205,3,1548153,Quercus cerrioides,56.702709
OPTMix-0598-P1-149-20231205,1,1358515,Monotropa hypopitys,52.330757
OPTMix-0598-P1-149-20231205,2,1356401,Hymenophyllum tunbrigense,51.526108
OPTMix-0598-P1-149-20231205,3,1357413,Quercus robur,51.185913
OPTMix-0598-P1-197-20231205,1,1358501,Calluna vulgaris,61.535805
OPTMix-0598-P1-197-20231205,2,1356442,Selaginella denticulata,57.911156
OPTMix-0598-P1-197-20231205,3,1391809,Dryopteris dilatata,57.163216
OPTMix-0598-P1-198-20231205,1,1361245,Eleusine indica,54.289062
OPTMix-0598-P1-198-20231205,2,1360701,Echinophora spinosa,53.041916
OPTMix-0598-P1-198-20231205,3,1389018,Brachypodium sylvaticum,52.981350
OPTMix-0598-P2-102-20231205,1,1362592,Agrostis vinealis,51.057938
OPTMix-0598-P2-102-20231205,2,1356404,Pteridium aquilinum,50.627331
OPTMix-0598-P2-102-20231205,3,1356387,Polystichum aculeatum,48.591286
OPTMix-0598-P2-139-20231207,1,1356404,Pteridium aquilinum,60.748642
OPTMix-0598-P2-139-20231207,2,1391418,Cotoneaster salicifolius,58.904358
OPTMix-0598-P2-139-20231207,3,1356382,Dryopteris filix-mas,58.355125
OPTMix-0598-P2-86-20231207,1,1356790,Lonicera periclymenum,63.506721
OPTMix-0598-P2-86-20231207,2,1356404,Pteridium aquilinum,60.697781
OPTMix-0598-P2-86-20231207,3,1356382,Dryopteris filix-mas,56.775726
OPTMix-0598-P2-99-20231205,1,1356790,Lonicera periclymenum,61.083778
OPTMix-0598-P2-99-20231205,2,1356404,Pteridium aquilinum,60.112118
OPTMix-0598-P2-99-20231205,3,1419076,Quercus petraea,56.179932
OPTMix-0598-P4-104-20231207,1,1358501,Calluna vulgaris,61.788712
OPTMix-0598-P4-104-20231207,2,1396167,Selaginella helvetica,57.869354
OPTMix-0598-P4-104-20231207,3,1396168,Selaginella kraussiana,56.841064
OPTMix-0598-P4-108-20231207,1,1398295,Rubus saltuum,58.652939
OPTMix-0598-P4-108-20231207,2,1395476,Rubus foliosus,58.564606
OPTMix-0598-P4-108-20231207,3,1391418,Cotoneaster salicifolius,58.254883
OPTMix-0598-P4-128-20231207,1,1419076,Quercus petraea,59.725975
OPTMix-0598-P4-128-20231207,2,1395026,Quercus pubescens,55.250645
OPTMix-0598-P4-128-20231207,3,1357413,Quercus robur,55.238297
OPTMix-083-P3-139-20231110,1,1356404,Pteridium aquilinum,60.970627
OPTMix-083-P3-139-20231110,2,1356382,Dryopteris filix-mas,56.602417
OPTMix-083-P3-139-20231110,3,1722693,Polystichum setiferum,56.046135
OPTMix-083-P3-186-20231110,1,1356404,Pteridium aquilinum,61.446411
OPTMix-083-P3-186-20231110,2,1397430,Luzula sylvatica,58.264381
OPTMix-083-P3-186-20231110,3,1396752,Thelypteris palustris,58.035248
OPTMix-083-P3-96-20231110,1,1358501,Calluna vulgaris,60.438118
OPTMix-083-P3-96-20231110,2,1741452,Senecio gallicus,59.185764
OPTMix-083-P3-96-20231110,3,1361891,Falcaria vulgaris,57.824818
OPTMix-108-P1-000-20231006,1,1359760,Chelidonium majus,52.608288
OPTMix-108-P1-000-20231006,2,1356382,Dryopteris filix-mas,52.589085
OPTMix-108-P1-000-20231006,3,1358612,Quercus canariensis,51.744781
RNNB-1-1-20230512,1,1363540,Sphenopus divaricatus,66.132988
RNNB-1-1-20230512,2,1394416,Parapholis strigosa,64.583336
RNNB-1-1-20230512,3,1722522,Salicornia fruticosa,63.747520
RNNB-1-1-20240117,1,1655422,Stipa iberica,59.306099
RNNB-1-1-20240117,2,1361326,Macrochloa tenacissima,58.516441
RNNB-1-1-20240117,3,1722433,Calamagrostis arenaria,58.098217
RNNB-1-10-20230512,1,1722625,Arthrocaulon macrostachyum,67.589508
RNNB-1-10-20230512,2,1738887,Salicornia marshallii,64.461441
RNNB-1-10-20230512,3,1452062,Suaeda vermiculata,64.338608
RNNB-1-10-20240117,1,1722433,Calamagrostis arenaria,60.716057
RNNB-1-10-20240117,2,1393522,Leymus arenarius,60.091328
RNNB-1-10-20240117,3,1359218,Genista spartioides,59.726124
RNNB-1-2-20230512,1,1722625,Arthrocaulon macrostachyum,63.766422
RNNB-1-2-20230512,2,1722521,Salicornia perennis,63.655243
RNNB-1-2-20230512,3,1738887,Salicornia marshallii,63.341919
RNNB-1-2-20240117,1,1391491,Cutandia maritima,54.448204
RNNB-1-2-20240117,2,1363302,Cyperus capitatus,53.848309
RNNB-1-2-20240117,3,1356228,Cymodocea nodosa,53.047310
RNNB-1-3-20230512,1,1722521,Salicornia perennis,64.704674
RNNB-1-3-20230512,2,1738887,Salicornia marshallii,64.262016
RNNB-1-3-20230512,3,1722625,Arthrocaulon macrostachyum,63.691174
RNNB-1-3-20240117,1,1722441,Thinopyrum junceum,52.559074
RNNB-1-3-20240117,2,1363302,Cyperus capitatus,52.177811
RNNB-1-3-20240117,3,1361412,Sporobolus pungens,51.747803
RNNB-1-4-20230512,1,1722625,Arthrocaulon macrostachyum,65.756454
RNNB-1-4-20230512,2,1738887,Salicornia marshallii,64.317177
RNNB-1-4-20230512,3,1722522,Salicornia fruticosa,63.748688
RNNB-1-4-20240117,1,1357227,Anthemis maritima,65.454163
RNNB-1-4-20240117,2,1722672,Soliva stolonifera,61.016964
RNNB-1-4-20240117,3,1357236,Anthemis secundiramea,60.572632
RNNB-1-5-20230512,1,1722625,Arthrocaulon macrostachyum,65.513550
RNNB-1-5-20230512,2,1722522,Salicornia fruticosa,64.428436
RNNB-1-5-20230512,3,1356560,Suaeda spicata,62.918221
RNNB-1-5-20240117,1,1722433,Calamagrostis arenaria,59.889297
RNNB-1-5-20240117,2,1655422,Stipa iberica,59.549919
RNNB-1-5-20240117,3,1363302,Cyperus capitatus,59.360344
RNNB-1-6-20230512,1,1722625,Arthrocaulon macrostachyum,64.409973
RNNB-1-6-20230512,2,1738887,Salicornia marshallii,63.501472
RNNB-1-6-20230512,3,1722522,Salicornia fruticosa,63.474022
RNNB-1-6-20240117,1,1722433,Calamagrostis arenaria,62.163994
RNNB-1-6-20240117,2,1357227,Anthemis maritima,59.224319
RNNB-1-6-20240117,3,1361106,Scirpoides holoschoenus,58.104683
RNNB-1-7-20230512,1,1722625,Arthrocaulon macrostachyum,66.204926
RNNB-1-7-20230512,2,1738887,Salicornia marshallii,64.654678
RNNB-1-7-20230512,3,1722522,Salicornia fruticosa,63.450188
RNNB-1-7-20240117,1,1393522,Leymus arenarius,62.102474
RNNB-1-7-20240117,2,1722433,Calamagrostis arenaria,61.473808
RNNB-1-7-20240117,3,1731667,Sporobolus montevidensis,59.118465
RNNB-1-8-20230512,1,1722625,Arthrocaulon macrostachyum,65.146690
RNNB-1-8-20230512,2,1722522,Salicornia fruticosa,62.824879
RNNB-1-8-20230512,3,1738887,Salicornia marshallii,62.122295
RNNB-1-8-20240117,1,1738610,Festuca fasciculata,56.708267
RNNB-1-8-20240117,2,1391491,Cutandia maritima,56.266045
RNNB-1-8-20240117,3,1722434,Festuca alopecuros,56.260586
RNNB-1-9-20230512,1,1722625,Arthrocaulon macrostachyum,66.854134
RNNB-1-9-20230512,2,1738887,Salicornia marshallii,64.456543
RNNB-1-9-20230512,3,1363200,Anabasis articulata,63.561195
RNNB-1-9-20240117,1,1722433,Calamagrostis arenaria,59.077396
RNNB-1-9-20240117,2,1731667,Sporobolus montevidensis,56.412033
RNNB-1-9-20240117,3,1363052,Helictochloa gervaisii,55.193977
RNNB-2-1-20230512,1,1722625,Arthrocaulon macrostachyum,64.293930
RNNB-2-1-20230512,2,1722522,Salicornia fruticosa,63.686310
RNNB-2-1-20230512,3,1722521,Salicornia perennis,63.227242
RNNB-2-1-20240117,1,1357227,Anthemis maritima,70.235008
RNNB-2-1-20240117,2,1357236,Anthemis secundiramea,63.414001
RNNB-2-1-20240117,3,1722433,Calamagrostis arenaria,61.440033
RNNB-2-10-20230512,1,1360006,Limoniastrum monopetalum,62.710976
RNNB-2-10-20230512,2,1452062,Suaeda vermiculata,60.162590
RNNB-2-10-20230512,3,1360034,Limonium duriusculum,59.945038
RNNB-2-10-20240117,1,1357227,Anthemis maritima,68.977905
RNNB-2-10-20240117,2,1357236,Anthemis secundiramea,63.514450
RNNB-2-10-20240117,3,1408638,Argyranthemum frutescens,61.064575
RNNB-2-2-20230512,1,1722522,Salicornia fruticosa,64.728462
RNNB-2-2-20230512,2,1722625,Arthrocaulon macrostachyum,63.638298
RNNB-2-2-20230512,3,1360006,Limoniastrum monopetalum,63.366001
RNNB-2-2-20240117,1,1357227,Anthemis maritima,70.613625
RNNB-2-2-20240117,2,1357236,Anthemis secundiramea,66.211075
RNNB-2-2-20240117,3,1359344,Medicago marina,65.524139
RNNB-2-3-20230512,1,1360006,Limoniastrum monopetalum,62.075142
RNNB-2-3-20230512,2,1722490,Patellifolia procumbens,59.185745
RNNB-2-3-20230512,3,1743297,Limonium fontqueri,59.158730
RNNB-2-3-20240117,1,1357227,Anthemis maritima,70.037750
RNNB-2-3-20240117,2,1357236,Anthemis secundiramea,63.379417
RNNB-2-3-20240117,3,1357514,Cladanthus mixtus,62.040844
RNNB-2-4-20230512,1,1360006,Limoniastrum monopetalum,64.001961
RNNB-2-4-20230512,2,1743297,Limonium fontqueri,61.380089
RNNB-2-4-20230512,3,1743275,Limonium ebusitanum,60.506737
RNNB-2-4-20240117,1,1357227,Anthemis maritima,68.522781
RNNB-2-4-20240117,2,1360701,Echinophora spinosa,61.885014
RNNB-2-4-20240117,3,1722578,Daucus pumilus,61.097839
RNNB-2-5-20230512,1,1360006,Limoniastrum monopetalum,63.249687
RNNB-2-5-20230512,2,1426005,Atriplex semibaccata,59.606010
RNNB-2-5-20230512,3,1356086,Polygonum maritimum,59.462410
RNNB-2-5-20240117,1,1357227,Anthemis maritima,68.669540
RNNB-2-5-20240117,2,1359344,Medicago marina,65.727104
RNNB-2-5-20240117,3,1388812,Achillea maritima,63.336357
RNNB-2-6-20230512,1,1360006,Limoniastrum monopetalum,62.267319
RNNB-2-6-20230512,2,1743297,Limonium fontqueri,61.702892
RNNB-2-6-20230512,3,1743275,Limonium ebusitanum,60.459129
RNNB-2-6-20240117,1,1357227,Anthemis maritima,71.644806
RNNB-2-6-20240117,2,1357236,Anthemis secundiramea,65.184662
RNNB-2-6-20240117,3,1408638,Argyranthemum frutescens,64.451653
RNNB-2-7-20230512,1,1360006,Limoniastrum monopetalum,63.928085
RNNB-2-7-20230512,2,1393574,Limonium tarcoense,61.207458
RNNB-2-7-20230512,3,1743297,Limonium fontqueri,60.209702
RNNB-2-7-20240117,1,1357227,Anthemis maritima,67.452652
RNNB-2-7-20240117,2,1357236,Anthemis secundiramea,61.737305
RNNB-2-7-20240117,3,1722441,Thinopyrum junceum,60.051003
RNNB-2-8-20230512,1,1360006,Limoniastrum monopetalum,64.600128
RNNB-2-8-20230512,2,1357742,Pallenis maritima,60.911011
RNNB-2-8-20230512,3,1356284,Atriplex halimus,59.199814
RNNB-2-8-20240117,1,1360701,Echinophora spinosa,68.856812
RNNB-2-8-20240117,2,1359344,Medicago marina,64.908928
RNNB-2-8-20240117,3,1360719,Eryngium maritimum,62.750862
RNNB-2-9-20230512,1,1360006,Limoniastrum monopetalum,63.163605
RNNB-2-9-20230512,2,1743297,Limonium fontqueri,61.379387
RNNB-2-9-20230512,3,1393568,Limonium obtusifolium,60.536575
RNNB-2-9-20240117,1,1357227,Anthemis maritima,69.576370
RNNB-2-9-20240117,2,1357236,Anthemis secundiramea,63.567467
RNNB-2-9-20240117,3,1727501,Soliva mexicana,61.269180
RNNB-3-1-20230512,1,1360054,Limonium narbonense,60.056084
RNNB-3-1-20230512,2,1426088,Aetheorhiza bulbosa,59.605885
RNNB-3-1-20230512,3,1357815,Reichardia picroides,58.773720
RNNB-3-1-20240117,1,1359344,Medicago marina,65.563988
RNNB-3-1-20240117,2,1360381,Crucianella maritima,61.416946
RNNB-3-1-20240117,3,1357049,Silene succulenta,60.682838
RNNB-3-10-20230512,1,1393522,Leymus arenarius,63.654854
RNNB-3-10-20230512,2,1650228,Elymus athericus,63.370464
RNNB-3-10-20230512,3,1722433,Calamagrostis arenaria,60.025692
RNNB-3-10-20240117,1,1738652,Matthiola sinuata,62.139473
RNNB-3-10-20240117,2,1743249,Matthiola tricuspidata,60.488888
RNNB-3-10-20240117,3,1357049,Silene succulenta,60.465385
RNNB-3-11-20230512,1,1393522,Leymus arenarius,61.558811
RNNB-3-11-20230512,2,1650228,Elymus athericus,61.421173
RNNB-3-11-20230512,3,1650353,Elymus pungens,59.799152
RNNB-3-12-20230512,1,1393522,Leymus arenarius,64.388344
RNNB-3-12-20230512,2,1650228,Elymus athericus,64.174026
RNNB-3-12-20230512,3,1722433,Calamagrostis arenaria,61.665913
RNNB-3-2-20230512,1,1360006,Limoniastrum monopetalum,61.091705
RNNB-3-2-20230512,2,1425884,Borrichia frutescens,60.805046
RNNB-3-2-20230512,3,1390761,Carex arenaria,59.942017
RNNB-3-2-20240117,1,1359344,Medicago marina,63.707153
RNNB-3-2-20240117,2,1363852,Echium arenarium,61.083496
RNNB-3-2-20240117,3,1722433,Calamagrostis arenaria,59.848339
RNNB-3-3-20240117,1,1359344,Medicago marina,65.505440
RNNB-3-3-20240117,2,1363302,Cyperus capitatus,60.107967
RNNB-3-3-20240117,3,1360701,Echinophora spinosa,57.967548
RNNB-3-4-20230512,1,1391596,Dactylorhiza majalis,60.289120
RNNB-3-4-20230512,2,1362443,Dactylorhiza maculata,59.481907
RNNB-3-4-20230512,3,1388913,Lysimachia arvensis,59.299946
RNNB-3-4-20240117,1,1359344,Medicago marina,64.546257
RNNB-3-4-20240117,2,1357742,Pallenis maritima,62.067669
RNNB-3-4-20240117,3,1502775,Centaurea paui,60.560665
RNNB-3-5-20230512,1,1650228,Elymus athericus,61.090969
RNNB-3-5-20230512,2,1722433,Calamagrostis arenaria,60.748104
RNNB-3-5-20230512,3,1361053,Carex extensa,59.284599
RNNB-3-5-20240117,1,1722501,Rumex spinosus,62.337711
RNNB-3-5-20240117,2,1356083,Rumex roseus,61.878841
RNNB-3-5-20240117,3,1743750,Iberodes littoralis,60.593727
RNNB-3-6-20230512,1,1722433,Calamagrostis arenaria,61.721760
RNNB-3-6-20230512,2,1393522,Leymus arenarius,61.653664
RNNB-3-6-20230512,3,1650228,Elymus athericus,61.038521
RNNB-3-6-20240117,1,1355977,Euphorbia paralias,63.730743
RNNB-3-6-20240117,2,1358581,Euphorbia pithyusa,60.175537
RNNB-3-6-20240117,3,1743750,Iberodes littoralis,59.410889
RNNB-3-7-20230512,1,1650228,Elymus athericus,62.684479
RNNB-3-7-20230512,2,1731667,Sporobolus montevidensis,62.230495
RNNB-3-7-20230512,3,1393522,Leymus arenarius,61.403355
RNNB-3-7-20240117,1,1359344,Medicago marina,64.563759
RNNB-3-7-20240117,2,1355977,Euphorbia paralias,63.587948
RNNB-3-7-20240117,3,1360978,Pancratium maritimum,63.003716
RNNB-3-8-20230512,1,1393522,Leymus arenarius,65.248741
RNNB-3-8-20230512,2,1650228,Elymus athericus,64.016937
RNNB-3-8-20230512,3,1722433,Calamagrostis arenaria,60.838348
RNNB-3-8-20240117,1,1359344,Medicago marina,63.218117
RNNB-3-8-20240117,2,1357049,Silene succulenta,58.385834
RNNB-3-8-20240117,3,1743297,Limonium fontqueri,57.953865
RNNB-3-9-20230512,1,1393522,Leymus arenarius,65.110519
RNNB-3-9-20230512,2,1650228,Elymus athericus,62.406509
RNNB-3-9-20230512,3,1722433,Calamagrostis arenaria,60.649044
RNNB-3-9-20240117,1,1360701,Echinophora spinosa,66.396149
RNNB-3-9-20240117,2,1360711,Eryngium campestre,61.067772
RNNB-3-9-20240117,3,1722441,Thinopyrum junceum,60.978954
RNNB-4-1-20240117,1,1357630,Helichrysum stoechas,64.553925
RNNB-4-1-20240117,2,1359344,Medicago marina,62.489456
RNNB-4-1-20240117,3,1392725,Helichrysum italicum,62.353825
RNNB-4-1-20240118,1,1392725,Helichrysum italicum,62.333656
RNNB-4-1-20240118,2,1357630,Helichrysum stoechas,60.933403
RNNB-4-1-20240118,3,1499749,Artemisia nesiotica,60.237240
RNNB-4-10-20240117,1,1359344,Medicago marina,66.024864
RNNB-4-10-20240117,2,1363302,Cyperus capitatus,59.034336
RNNB-4-10-20240117,3,1360138,Rumex tuberosus,58.756062
RNNB-4-10-20240118,1,1499749,Artemisia nesiotica,64.179787
RNNB-4-10-20240118,2,1357742,Pallenis maritima,61.479252
RNNB-4-10-20240118,3,1356951,Silene andryalifolia,61.056808
RNNB-4-2-20240117,1,1359344,Medicago marina,66.733711
RNNB-4-2-20240117,2,1357742,Pallenis maritima,59.066387
RNNB-4-2-20240117,3,1393770,Medicago littoralis,58.056309
RNNB-4-2-20240118,1,1393619,Logfia minima,59.409809
RNNB-4-2-20240118,2,1357026,Silene nutans,58.953289
RNNB-4-2-20240118,3,1394643,Antennaria dioica,58.743309
RNNB-4-3-20240117,1,1722441,Thinopyrum junceum,63.279877
RNNB-4-3-20240117,2,1359344,Medicago marina,60.983925
RNNB-4-3-20240117,3,1393770,Medicago littoralis,59.017708
RNNB-4-3-20240118,1,1357026,Silene nutans,59.474762
RNNB-4-3-20240118,2,1499749,Artemisia nesiotica,58.549839
RNNB-4-3-20240118,3,1396292,Silene paradoxa,56.808891
RNNB-4-4-20240117,1,1359344,Medicago marina,64.159431
RNNB-4-4-20240117,2,1738652,Matthiola sinuata,60.606739
RNNB-4-4-20240117,3,1363302,Cyperus capitatus,58.244232
RNNB-4-4-20240118,1,1392725,Helichrysum italicum,59.451767
RNNB-4-4-20240118,2,1397497,Silene ciliata,59.447510
RNNB-4-4-20240118,3,1357026,Silene nutans,59.204464
RNNB-4-5-20240117,1,1357227,Anthemis maritima,65.364700
RNNB-4-5-20240117,2,1359344,Medicago marina,64.136909
RNNB-4-5-20240117,3,1393770,Medicago littoralis,63.688858
RNNB-4-5-20240118,1,1357630,Helichrysum stoechas,62.193016
RNNB-4-5-20240118,2,1518245,Pseudognaphalium undulatum,61.752502
RNNB-4-5-20240118,3,1356951,Silene andryalifolia,61.029724
RNNB-4-6-20240117,1,1359344,Medicago marina,65.864456
RNNB-4-6-20240117,2,1738652,Matthiola sinuata,62.087471
RNNB-4-6-20240117,3,1357023,Silene nicaeensis,59.995670
RNNB-4-6-20240118,1,1499749,Artemisia nesiotica,60.733887
RNNB-4-6-20240118,2,1357630,Helichrysum stoechas,60.708618
RNNB-4-6-20240118,3,1744842,Curio ficoides,59.885635
RNNB-4-7-20240117,1,1359344,Medicago marina,64.888802
RNNB-4-7-20240117,2,1388812,Achillea maritima,62.254066
RNNB-4-7-20240117,3,1738652,Matthiola sinuata,60.654823
RNNB-4-7-20240118,1,1357630,Helichrysum stoechas,62.642365
RNNB-4-7-20240118,2,1499749,Artemisia nesiotica,62.438023
RNNB-4-7-20240118,3,1392725,Helichrysum italicum,60.968140
RNNB-4-8-20240117,1,1359344,Medicago marina,66.540726
RNNB-4-8-20240117,2,1355950,Scolymus maculatus,64.425995
RNNB-4-8-20240117,3,1357848,Scolymus hispanicus,63.242283
RNNB-4-8-20240118,1,1357630,Helichrysum stoechas,63.158089
RNNB-4-8-20240118,2,1392725,Helichrysum italicum,62.671547
RNNB-4-8-20240118,3,1499749,Artemisia nesiotica,60.844181
RNNB-4-9-20240117,1,1359344,Medicago marina,65.533661
RNNB-4-9-20240117,2,1357848,Scolymus hispanicus,64.478508
RNNB-4-9-20240117,3,1357358,Carlina hispanica,63.152702
RNNB-4-9-20240118,1,1499749,Artemisia nesiotica,63.282913
RNNB-4-9-20240118,2,1357630,Helichrysum stoechas,61.476486
RNNB-4-9-20240118,3,1743750,Iberodes littoralis,60.447693
RNNB-5-1-20240117,1,1360542,Verbascum sinuatum,65.109818
RNNB-5-1-20240117,2,1357630,Helichrysum stoechas,61.443436
RNNB-5-1-20240117,3,1357771,Phagnalon sordidum,61.282356
RNNB-5-1-20240118,1,1738652,Matthiola sinuata,61.572910
RNNB-5-1-20240118,2,1502831,Centaurea pulvinata,60.754097
RNNB-5-1-20240118,3,1357405,Centaurea boissieri,60.644241
RNNB-5-10-20240117,1,1357742,Pallenis maritima,62.906410
RNNB-5-10-20240117,2,1398322,Aurinia sinuata,61.581120
RNNB-5-10-20240117,3,1738652,Matthiola sinuata,60.607445
RNNB-5-10-20240118,1,1357630,Helichrysum stoechas,62.916061
RNNB-5-10-20240118,2,1392725,Helichrysum italicum,62.420219
RNNB-5-10-20240118,3,1499749,Artemisia nesiotica,60.460289
RNNB-5-2-20240117,1,1363433,Lagurus ovatus,63.665958
RNNB-5-2-20240117,2,1509616,Helichrysum pendulum,63.649837
RNNB-5-2-20240117,3,1357630,Helichrysum stoechas,63.490288
RNNB-5-2-20240118,1,1392725,Helichrysum italicum,60.485809
RNNB-5-2-20240118,2,1357630,Helichrysum stoechas,59.749355
RNNB-5-2-20240118,3,1361825,Lavandula viridis,59.475430
RNNB-5-3-20240117,1,1357630,Helichrysum stoechas,64.767426
RNNB-5-3-20240117,2,1360542,Verbascum sinuatum,64.731247
RNNB-5-3-20240117,3,1357770,Phagnalon saxatile,64.345932
RNNB-5-3-20240118,1,1392725,Helichrysum italicum,59.297432
RNNB-5-3-20240118,2,1499749,Artemisia nesiotica,58.713364
RNNB-5-3-20240118,3,1564441,Teucrium vincentinum,56.959229
RNNB-5-4-20240117,1,1357630,Helichrysum stoechas,64.391586
RNNB-5-4-20240117,2,1363433,Lagurus ovatus,63.082558
RNNB-5-4-20240117,3,1392725,Helichrysum italicum,62.993900
RNNB-5-4-20240118,1,1499749,Artemisia nesiotica,63.299278
RNNB-5-4-20240118,2,1357630,Helichrysum stoechas,62.072365
RNNB-5-4-20240118,3,1392725,Helichrysum italicum,61.642342
RNNB-5-5-20240117,1,1357630,Helichrysum stoechas,64.172821
RNNB-5-5-20240117,2,1357770,Phagnalon saxatile,63.317036
RNNB-5-5-20240117,3,1392725,Helichrysum italicum,63.311558
RNNB-5-5-20240118,1,1357630,Helichrysum stoechas,63.281792
RNNB-5-5-20240118,2,1392725,Helichrysum italicum,63.159592
RNNB-5-5-20240118,3,1499749,Artemisia nesiotica,62.042885
RNNB-5-6-20240117,1,1360542,Verbascum sinuatum,64.984787
RNNB-5-6-20240117,2,1392725,Helichrysum italicum,64.878960
RNNB-5-6-20240117,3,1357630,Helichrysum stoechas,64.665436
RNNB-5-6-20240118,1,1392725,Helichrysum italicum,61.904831
RNNB-5-6-20240118,2,1357630,Helichrysum stoechas,61.520370
RNNB-5-6-20240118,3,1499749,Artemisia nesiotica,60.531387
RNNB-5-7-20240117,1,1360542,Verbascum sinuatum,62.964333
RNNB-5-7-20240117,2,1357401,Centaurea aspera,62.306065
RNNB-5-7-20240117,3,1744055,Centaurea francoi,61.797791
RNNB-5-7-20240118,1,1499749,Artemisia nesiotica,59.718254
RNNB-5-7-20240118,2,1388812,Achillea maritima,59.395203
RNNB-5-7-20240118,3,1362038,Jacobaea maritima,58.937248
RNNB-5-8-20240117,1,1396197,Senecio inaequidens,63.974480
RNNB-5-8-20240117,2,1392699,Hedypnois rhagadioloides,60.760986
RNNB-5-8-20240117,3,1357401,Centaurea aspera,59.525131
RNNB-5-8-20240118,1,1722441,Thinopyrum junceum,56.145367
RNNB-5-8-20240118,2,1361412,Sporobolus pungens,55.193710
RNNB-5-8-20240118,3,1363447,Panicum repens,55.042454
RNNB-5-9-20240117,1,1396197,Senecio inaequidens,64.986145
RNNB-5-9-20240117,2,1393770,Medicago littoralis,61.584846
RNNB-5-9-20240117,3,1743332,Senecio malacitanus,58.534416
RNNB-5-9-20240118,1,1394643,Antennaria dioica,60.206169
RNNB-5-9-20240118,2,1363165,Suaeda maritima,58.448711
RNNB-5-9-20240118,3,1397498,Silene otites,58.018223
RNNB-6-1-20240117,1,1357401,Centaurea aspera,61.939926
RNNB-6-1-20240117,2,1502775,Centaurea paui,60.582340
RNNB-6-1-20240117,3,1744035,Centaurea susannae,60.308319
RNNB-6-1-20240118,1,1357425,Centaurea hyalolepis,59.948025
RNNB-6-1-20240118,2,1355886,Centaurea solstitialis,59.529213
RNNB-6-1-20240118,3,1397398,Helichrysum arenarium,59.165840
RNNB-6-10-20240117,1,1357401,Centaurea aspera,60.077599
RNNB-6-10-20240117,2,1502406,Centaurea aristata,59.909760
RNNB-6-10-20240117,3,1391122,Cheirolophus intybaceus,59.838791
RNNB-6-10-20240118,1,1357630,Helichrysum stoechas,62.240326
RNNB-6-10-20240118,2,1564441,Teucrium vincentinum,62.044640
RNNB-6-10-20240118,3,1392725,Helichrysum italicum,61.890049
RNNB-6-2-20240117,1,1357401,Centaurea aspera,61.045033
RNNB-6-2-20240117,2,1363526,Cynodon dactylon,59.744488
RNNB-6-2-20240117,3,1647281,Limonium dufourii,59.058708
RNNB-6-2-20240118,1,1357962,Volutaria tubuliflora,61.199593
RNNB-6-2-20240118,2,1722578,Daucus pumilus,60.691139
RNNB-6-2-20240118,3,1394416,Parapholis strigosa,58.975716
RNNB-6-3-20240117,1,1738652,Matthiola sinuata,62.915615
RNNB-6-3-20240117,2,1636863,Orobanche arenaria,61.875839
RNNB-6-3-20240117,3,1356141,Cistanche phelypaea,61.146519
RNNB-6-3-20240118,1,1744033,Centaurea cordubensis,62.105953
RNNB-6-3-20240118,2,1361412,Sporobolus pungens,60.073494
RNNB-6-3-20240118,3,1357443,Centaurea parviflora,58.605835
RNNB-6-4-20240117,1,1361412,Sporobolus pungens,60.284363
RNNB-6-4-20240117,2,1357456,Centaurea sphaerocephala,57.930656
RNNB-6-4-20240117,3,1398322,Aurinia sinuata,57.701057
RNNB-6-4-20240118,1,1357212,Andryala ragusina,59.991997
RNNB-6-4-20240118,2,1722578,Daucus pumilus,59.331615
RNNB-6-4-20240118,3,1361926,Scabiosa columbaria,59.065247
RNNB-6-5-20240117,1,1360978,Pancratium maritimum,62.067715
RNNB-6-5-20240117,2,1363302,Cyperus capitatus,59.563530
RNNB-6-5-20240117,3,1363544,Dactyloctenium aegyptium,58.889202
RNNB-6-5-20240118,1,1397398,Helichrysum arenarium,58.265621
RNNB-6-5-20240118,2,1512544,Jacobaea boissieri,58.058098
RNNB-6-5-20240118,3,1744602,Alyssum gallaecicum,57.734936
RNNB-6-6-20240117,1,1361412,Sporobolus pungens,62.172707
RNNB-6-6-20240117,2,1363526,Cynodon dactylon,59.235176
RNNB-6-6-20240117,3,1361245,Eleusine indica,57.648441
RNNB-6-6-20240118,1,1357630,Helichrysum stoechas,61.778648
RNNB-6-6-20240118,2,1359344,Medicago marina,61.081047
RNNB-6-6-20240118,3,1743664,Hormathophylla lapeyrouseana,60.088390
RNNB-6-7-20240117,1,1361412,Sporobolus pungens,61.300617
RNNB-6-7-20240117,2,1738652,Matthiola sinuata,61.247231
RNNB-6-7-20240117,3,1363526,Cynodon dactylon,59.626957
RNNB-6-7-20240118,1,1392725,Helichrysum italicum,63.662388
RNNB-6-7-20240118,2,1357630,Helichrysum stoechas,63.096851
RNNB-6-7-20240118,3,1499749,Artemisia nesiotica,62.984035
RNNB-6-8-20240117,1,1355950,Scolymus maculatus,65.187752
RNNB-6-8-20240117,2,1357848,Scolymus hispanicus,62.636127
RNNB-6-8-20240117,3,1357303,Atractylis cancellata,60.976444
RNNB-6-8-20240118,1,1357630,Helichrysum stoechas,63.468895
RNNB-6-8-20240118,2,1392725,Helichrysum italicum,62.223675
RNNB-6-8-20240118,3,1357770,Phagnalon saxatile,61.426975
RNNB-6-9-20240117,1,1356149,Datura ferox,59.487728
RNNB-6-9-20240117,2,1363526,Cynodon dactylon,59.368053
RNNB-6-9-20240117,3,1357401,Centaurea aspera,59.084641
RNNB-6-9-20240118,1,1357630,Helichrysum stoechas,61.356102
RNNB-6-9-20240118,2,1393619,Logfia minima,60.951916
RNNB-6-9-20240118,3,1392725,Helichrysum italicum,59.460197
RNNB-7-1-20240118,1,1738652,Matthiola sinuata,63.958145
RNNB-7-1-20240118,2,1362333,Matthiola perennis,62.842751
RNNB-7-1-20240118,3,1357742,Pallenis maritima,61.938721
RNNB-7-10-20240118,1,1392725,Helichrysum italicum,64.382744
RNNB-7-10-20240118,2,1357742,Pallenis maritima,62.751343
RNNB-7-10-20240118,3,1361412,Sporobolus pungens,61.719116
RNNB-7-2-20240118,1,1361412,Sporobolus pungens,60.552937
RNNB-7-2-20240118,2,1357771,Phagnalon sordidum,58.140709
RNNB-7-2-20240118,3,1361127,Aeluropus littoralis,57.741535
RNNB-7-3-20240118,1,1357770,Phagnalon saxatile,60.338226
RNNB-7-3-20240118,2,1357630,Helichrysum stoechas,59.695213
RNNB-7-3-20240118,3,1361412,Sporobolus pungens,59.023048
RNNB-7-4-20240118,1,1361412,Sporobolus pungens,59.726452
RNNB-7-4-20240118,2,1744399,Limonium malacitanum,56.669868
RNNB-7-4-20240118,3,1492564,Dianthus charidemi,56.600780
RNNB-7-5-20240118,1,1361412,Sporobolus pungens,64.613503
RNNB-7-5-20240118,2,1518932,Santolina canescens,62.439877
RNNB-7-5-20240118,3,1398821,Santolina impressa,62.347385
RNNB-7-6-20240118,1,1357770,Phagnalon saxatile,61.767159
RNNB-7-6-20240118,2,1392725,Helichrysum italicum,61.568977
RNNB-7-6-20240118,3,1357630,Helichrysum stoechas,61.438904
RNNB-7-7-20240118,1,1361412,Sporobolus pungens,60.618774
RNNB-7-7-20240118,2,1399739,Linaria polygalifolia,58.638527
RNNB-7-7-20240118,3,1499749,Artemisia nesiotica,58.633156
RNNB-7-8-20240118,1,1361412,Sporobolus pungens,60.290783
RNNB-7-8-20240118,2,1357962,Volutaria tubuliflora,58.569592
RNNB-7-8-20240118,3,1492564,Dianthus charidemi,58.482216
RNNB-7-9-20240118,1,1361412,Sporobolus pungens,58.861244
RNNB-7-9-20240118,2,1388990,Brachypodium retusum,58.314190
RNNB-7-9-20240118,3,1394527,Phlomis lychnitis,57.075481
RNNB-8-1-20240118,1,1359344,Medicago marina,66.195915
RNNB-8-1-20240118,2,1399739,Linaria polygalifolia,60.953102
RNNB-8-1-20240118,3,1393770,Medicago littoralis,60.886894
RNNB-8-10-20240118,1,1361412,Sporobolus pungens,61.959862
RNNB-8-10-20240118,2,1363302,Cyperus capitatus,60.222919
RNNB-8-10-20240118,3,1722433,Calamagrostis arenaria,59.558907
RNNB-8-2-20240118,1,1357227,Anthemis maritima,62.977760
RNNB-8-2-20240118,2,1397320,Artemisia maritima,61.528725
RNNB-8-2-20240118,3,1357236,Anthemis secundiramea,59.506630
RNNB-8-3-20240118,1,1357871,Silybum eburneum,60.233589
RNNB-8-3-20240118,2,1364100,Silybum marianum,59.768303
RNNB-8-3-20240118,3,1393522,Leymus arenarius,58.742294
RNNB-8-4-20240118,1,1357227,Anthemis maritima,58.830502
RNNB-8-4-20240118,2,1363302,Cyperus capitatus,58.430782
RNNB-8-4-20240118,3,1722441,Thinopyrum junceum,57.550102
RNNB-8-5-20240118,1,1359344,Medicago marina,64.793594
RNNB-8-5-20240118,2,1388812,Achillea maritima,61.231480
RNNB-8-5-20240118,3,1393770,Medicago littoralis,58.673084
RNNB-8-6-20240118,1,1359344,Medicago marina,66.145195
RNNB-8-6-20240118,2,1393770,Medicago littoralis,61.913898
RNNB-8-6-20240118,3,1357227,Anthemis maritima,58.909027
RNNB-8-7-20240118,1,1359344,Medicago marina,65.969879
RNNB-8-7-20240118,2,1357227,Anthemis maritima,64.774368
RNNB-8-7-20240118,3,1355950,Scolymus maculatus,64.713425
RNNB-8-8-20240118,1,1357227,Anthemis maritima,67.388733
RNNB-8-8-20240118,2,1359344,Medicago marina,65.979759
RNNB-8-8-20240118,3,1357236,Anthemis secundiramea,64.628418
RNNB-8-9-20240118,1,1359344,Medicago marina,65.397316
RNNB-8-9-20240118,2,1360381,Crucianella maritima,63.789204
RNNB-8-9-20240118,3,1359297,Lotus creticus,60.951672
