"quadrat_id","species_ids"
"2024-CEV3-20240602","[1395045, 1363461, 1361592]"
"CBN-PdlC-A1-20130807","[1392608, 1412857, 1395807]"
"CBN-PdlC-A1-20130903","[1412857, 1392608, 1396144]"
"CBN-PdlC-A1-20140721","[1392608, 1412857, 1396144]"
"CBN-PdlC-A1-20140811","[1392608, 1412857, 1742053]"
"CBN-PdlC-A1-20140901","[1392608, 1396144, 1361367]"
"CBN-PdlC-A1-20150701","[1396253, 1412857, 1392608]"
"CBN-PdlC-A1-20150720","[1392608, 1392534, 1412857]"
"CBN-PdlC-A1-20150831","[1392608, 1396843, 1392534]"
"CBN-PdlC-A1-20160705","[1394911, 1412857, 1390793]"
"CBN-PdlC-A1-20160726","[1392534, 1392535, 1549015]"
"CBN-PdlC-A1-20170816","[1392534, 1394643, 1742053]"
"CBN-PdlC-A1-20170906","[1392534, 1412857, 1742053]"
"CBN-PdlC-A1-20180702","[1412857, 1392534, 1392535]"
"CBN-PdlC-A1-20180815","[1412857, 1393584, 1392541]"
"CBN-PdlC-A1-20180905","[1742053, 1412857, 1394311]"
"CBN-PdlC-A1-20190701","[1391781, 1479447, 1392541]"
"CBN-PdlC-A1-20190722","[1396843, 1392608, 1412857]"
"CBN-PdlC-A1-20190812","[1742053, 1412857, 1392608]"
"CBN-PdlC-A1-20190909","[1392608, 1742053, 1356422]"
"CBN-PdlC-A1-20200629","[1588853, 1647156, 1588800]"
"CBN-PdlC-A1-20200722","[1392535, 1392534, 1392608]"
"CBN-PdlC-A1-20200812","[1742053, 1412857, 1392541]"
"CBN-PdlC-A2-20130807","[1396144, 1412857, 1394911]"
"CBN-PdlC-A2-20130903","[1393200, 1742053, 1412857]"
"CBN-PdlC-A2-20140721","[1396144, 1396253, 1395807]"
"CBN-PdlC-A2-20140901","[1392534, 1396253, 1412857]"
"CBN-PdlC-A2-20150720","[1393200, 1412857, 1396253]"
"CBN-PdlC-A2-20150810","[1393200, 1412857, 1742053]"
"CBN-PdlC-A2-20150831","[1393200, 1412857, 1742053]"
"CBN-PdlC-A2-20160705","[1393200, 1396253, 1412857]"
"CBN-PdlC-A2-20160726","[1392535, 1393200, 1392534]"
"CBN-PdlC-A2-20170816","[1393200, 1395807, 1742053]"
"CBN-PdlC-A2-20180702","[1396144, 1413349, 1394643]"
"CBN-PdlC-A2-20180723","[1393200, 1396144, 1396253]"
"CBN-PdlC-A2-20180815","[1412857, 1396253, 1393200]"
"CBN-PdlC-A2-20180905","[1396144, 1742053, 1412857]"
"CBN-PdlC-A2-20190701","[1396144, 1392260, 1361275]"
"CBN-PdlC-A2-20190722","[1393200, 1392534, 1549015]"
"CBN-PdlC-A2-20190812","[1412857, 1396898, 1396253]"
"CBN-PdlC-A2-20190909","[1742053, 1412857, 1392565]"
"CBN-PdlC-A2-20200629","[1392655, 1360981, 1361707]"
"CBN-PdlC-A2-20200722","[1392534, 1392535, 1396253]"
"CBN-PdlC-A2-20200812","[1412857, 1392534, 1392608]"
"CBN-PdlC-A3-20130807","[1393200, 1392608, 1412857]"
"CBN-PdlC-A3-20130903","[1392608, 1360985, 1412857]"
"CBN-PdlC-A3-20140721","[1393200, 1396144, 1392608]"
"CBN-PdlC-A3-20140811","[1396144, 1393200, 1392608]"
"CBN-PdlC-A3-20140901","[1393200, 1396144, 1392608]"
"CBN-PdlC-A3-20150701","[1393200, 1396144, 1392608]"
"CBN-PdlC-A3-20150720","[1393200, 1396144, 1392608]"
"CBN-PdlC-A3-20150810","[1393200, 1392608, 1396144]"
"CBN-PdlC-A3-20150831","[1396144, 1393200, 1392608]"
"CBN-PdlC-A3-20160705","[1396144, 1393200, 1397475]"
"CBN-PdlC-A3-20160726","[1393200, 1392535, 1412857]"
"CBN-PdlC-A3-20170816","[1396144, 1412857, 1742053]"
"CBN-PdlC-A3-20170906","[1393200, 1396144, 1412857]"
"CBN-PdlC-A3-20180702","[1396144, 1392534, 1393200]"
"CBN-PdlC-A3-20180723","[1393200, 1412857, 1392534]"
"CBN-PdlC-A3-20180815","[1392608, 1393200, 1394643]"
"CBN-PdlC-A3-20180905","[1412857, 1742053, 1393200]"
"CBN-PdlC-A3-20190701","[1393200, 1392534, 1412857]"
"CBN-PdlC-A3-20190722","[1393200, 1412857, 1397043]"
"CBN-PdlC-A3-20190812","[1393200, 1392608, 1742053]"
"CBN-PdlC-A3-20190909","[1412857, 1393200, 1742053]"
"CBN-PdlC-A3-20200629","[1743903, 1744294, 1399798]"
"CBN-PdlC-A3-20200722","[1393200, 1392608, 1412857]"
"CBN-PdlC-A3-20200812","[1393200, 1742053, 1412857]"
"CBN-PdlC-A4-20130807","[1393200, 1392608, 1397475]"
"CBN-PdlC-A4-20130903","[1393200, 1392608, 1397475]"
"CBN-PdlC-A4-20140811","[1393200, 1396144, 1392608]"
"CBN-PdlC-A4-20140901","[1393200, 1392608, 1397475]"
"CBN-PdlC-A4-20150701","[1393200, 1392608, 1397475]"
"CBN-PdlC-A4-20150810","[1393200, 1390674, 1397475]"
"CBN-PdlC-A4-20150831","[1393200, 1396144, 1392534]"
"CBN-PdlC-A4-20160705","[1393200, 1397475, 1392608]"
"CBN-PdlC-A4-20160726","[1396144, 1393200, 1392608]"
"CBN-PdlC-A4-20170816","[1396144, 1393200, 1742053]"
"CBN-PdlC-A4-20170906","[1396144, 1393200, 1397475]"
"CBN-PdlC-A4-20180702","[1397475, 1361771, 1393200]"
"CBN-PdlC-A4-20180723","[1393200, 1396144, 1400101]"
"CBN-PdlC-A4-20180815","[1393200, 1397475, 1396144]"
"CBN-PdlC-A4-20180905","[1396144, 1393200, 1392534]"
"CBN-PdlC-A4-20190701","[1397475, 1393200, 1393874]"
"CBN-PdlC-A4-20190722","[1393200, 1397475, 1396144]"
"CBN-PdlC-A4-20190812","[1393200, 1396180, 1529402]"
"CBN-PdlC-A4-20190909","[1397475, 1397450, 1393200]"
"CBN-PdlC-A4-20200629","[1397475, 1744293, 1393200]"
"CBN-PdlC-A4-20200722","[1393200, 1397475, 1397430]"
"CBN-PdlC-A4-20200812","[1393200, 1397475, 1392608]"
"CBN-PdlC-A5-20130807","[1393200, 1397475, 1396253]"
"CBN-PdlC-A5-20130903","[1397475, 1391363, 1396253]"
"CBN-PdlC-A5-20140721","[1393200, 1397475, 1393659]"
"CBN-PdlC-A5-20140811","[1393660, 1361598, 1392541]"
"CBN-PdlC-A5-20150701","[1393200, 1397475, 1396253]"
"CBN-PdlC-A5-20150831","[1396253, 1397475, 1393660]"
"CBN-PdlC-A5-20160705","[1397475, 1396253, 1392541]"
"CBN-PdlC-A5-20160726","[1392534, 1393200, 1392541]"
"CBN-PdlC-A5-20170816","[1397475, 1396253, 1393200]"
"CBN-PdlC-A5-20170906","[1393200, 1396253, 1397475]"
"CBN-PdlC-A5-20180815","[1393200, 1396253, 1363543]"
"CBN-PdlC-A5-20180905","[1393200, 1396253, 1397475]"
"CBN-PdlC-A5-20190909","[1397475, 1396253, 1419206]"
"CBN-PdlC-A5-20200722","[1397475, 1396253, 1393200]"
"CBN-PdlC-A6-20130807","[1393200, 1397475, 1396253]"
"CBN-PdlC-A6-20130903","[1397475, 1396253, 1392534]"
"CBN-PdlC-A6-20140630","[1396253, 1397475, 1363615]"
"CBN-PdlC-A6-20140721","[1397475, 1393200, 1396253]"
"CBN-PdlC-A6-20140901","[1397475, 1361367, 1394548]"
"CBN-PdlC-A6-20150701","[1393200, 1397475, 1396253]"
"CBN-PdlC-A6-20150810","[1393200, 1397475, 1396253]"
"CBN-PdlC-A6-20150831","[1393200, 1397475, 1396253]"
"CBN-PdlC-A6-20160705","[1393200, 1397475, 1396253]"
"CBN-PdlC-A6-20160726","[1393200, 1393659, 1397475]"
"CBN-PdlC-A6-20170816","[1393200, 1397475, 1396253]"
"CBN-PdlC-A6-20170906","[1393200, 1397475, 1360759]"
"CBN-PdlC-A6-20180702","[1393200, 1397475, 1396253]"
"CBN-PdlC-A6-20180723","[1393200, 1397475, 1396253]"
"CBN-PdlC-A6-20180815","[1394540, 1397475, 1393874]"
"CBN-PdlC-A6-20180905","[1393200, 1397475, 1393874]"
"CBN-PdlC-A6-20190701","[1393200, 1397475, 1396253]"
"CBN-PdlC-A6-20190722","[1393660, 1393200, 1397475]"
"CBN-PdlC-A6-20190812","[1397475, 1396253, 1393200]"
"CBN-PdlC-A6-20190909","[1397475, 1393200, 1362482]"
"CBN-PdlC-A6-20200722","[1397475, 1393200, 1395807]"
"CBN-PdlC-A6-20200812","[1393200, 1397475, 1396253]"
"CBN-PdlC-B1-20130807","[1393200, 1392608, 1412857]"
"CBN-PdlC-B1-20130903","[1393200, 1392608, 1394643]"
"CBN-PdlC-B1-20140721","[1393200, 1392608, 1396253]"
"CBN-PdlC-B1-20140811","[1396144, 1392608, 1393200]"
"CBN-PdlC-B1-20140901","[1392608, 1393200, 1393619]"
"CBN-PdlC-B1-20150701","[1393200, 1392608, 1396253]"
"CBN-PdlC-B1-20150720","[1392608, 1396253, 1393200]"
"CBN-PdlC-B1-20150810","[1393200, 1392608, 1412857]"
"CBN-PdlC-B1-20150831","[1396144, 1393200, 1412857]"
"CBN-PdlC-B1-20160705","[1393200, 1392608, 1396144]"
"CBN-PdlC-B1-20160726","[1396144, 1393200, 1392608]"
"CBN-PdlC-B1-20170816","[1392608, 1394641, 1395807]"
"CBN-PdlC-B1-20170906","[1392608, 1412857, 1393200]"
"CBN-PdlC-B1-20180702","[1413349, 1396144, 1418688]"
"CBN-PdlC-B1-20180723","[1393200, 1392608, 1396144]"
"CBN-PdlC-B1-20180815","[1396144, 1412857, 1392608]"
"CBN-PdlC-B1-20180905","[1412857, 1647128, 1396144]"
"CBN-PdlC-B1-20190701","[1358095, 1392608, 1396144]"
"CBN-PdlC-B1-20190722","[1392608, 1361367, 1396144]"
"CBN-PdlC-B1-20190812","[1396144, 1392608, 1356278]"
"CBN-PdlC-B1-20190909","[1392608, 1412857, 1396144]"
"CBN-PdlC-B1-20200629","[1393200, 1356359, 1396144]"
"CBN-PdlC-B1-20200722","[1396144, 1392608, 1393200]"
"CBN-PdlC-B1-20200812","[1742053, 1392608, 1412857]"
"CBN-PdlC-B2-20130807","[1392608, 1548995, 1647128]"
"CBN-PdlC-B2-20130903","[1392608, 1395807, 1396441]"
"CBN-PdlC-B2-20140721","[1392608, 1392612, 1360299]"
"CBN-PdlC-B2-20140811","[1392608, 1392611, 1647128]"
"CBN-PdlC-B2-20140901","[1392608, 1392614, 1394270]"
"CBN-PdlC-B2-20150701","[1392608, 1392612, 1360299]"
"CBN-PdlC-B2-20150720","[1392608, 1392541, 1394911]"
"CBN-PdlC-B2-20150810","[1392608, 1742053, 1403533]"
"CBN-PdlC-B2-20150831","[1392608, 1647128, 1742053]"
"CBN-PdlC-B2-20160705","[1392608, 1394911, 1403533]"
"CBN-PdlC-B2-20160726","[1392608, 1742053, 1412857]"
"CBN-PdlC-B2-20170816","[1362482, 1392608, 1412857]"
"CBN-PdlC-B2-20170906","[1412857, 1392608, 1394911]"
"CBN-PdlC-B2-20180702","[1394911, 1392534, 1363618]"
"CBN-PdlC-B2-20180723","[1392608, 1392535, 1392534]"
"CBN-PdlC-B2-20180815","[1392534, 1412857, 1392565]"
"CBN-PdlC-B2-20180905","[1392534, 1392541, 1392535]"
"CBN-PdlC-B2-20190701","[1394311, 1361771, 1390532]"
"CBN-PdlC-B2-20190722","[1392534, 1392608, 1400101]"
"CBN-PdlC-B2-20190812","[1397046, 1392534, 1412857]"
"CBN-PdlC-B2-20190909","[1362482, 1392608, 1742053]"
"CBN-PdlC-B2-20200629","[1397468, 1394911, 1360026]"
"CBN-PdlC-B2-20200722","[1392608, 1392534, 1392611]"
"CBN-PdlC-B2-20200812","[1392608, 1392612, 1394911]"
"CBN-PdlC-B3-20130807","[1393200, 1392534, 1394911]"
"CBN-PdlC-B3-20130903","[1393200, 1394911, 1392534]"
"CBN-PdlC-B3-20140721","[1393200, 1394911, 1412857]"
"CBN-PdlC-B3-20140811","[1393200, 1412857, 1392541]"
"CBN-PdlC-B3-20140901","[1742053, 1393200, 1412857]"
"CBN-PdlC-B3-20150701","[1393200, 1392535, 1392541]"
"CBN-PdlC-B3-20150810","[1393200, 1392541, 1399800]"
"CBN-PdlC-B3-20150831","[1393200, 1392541, 1392534]"
"CBN-PdlC-B3-20160705","[1393200, 1394597, 1394911]"
"CBN-PdlC-B3-20160726","[1393200, 1742053, 1397043]"
"CBN-PdlC-B3-20170816","[1396144, 1412857, 1394542]"
"CBN-PdlC-B3-20170906","[1393200, 1396144, 1412857]"
"CBN-PdlC-B3-20180702","[1393200, 1399800, 1396144]"
"CBN-PdlC-B3-20180723","[1393200, 1742053, 1394540]"
"CBN-PdlC-B3-20180815","[1393200, 1742053, 1412857]"
"CBN-PdlC-B3-20180905","[1393200, 1396144, 1412857]"
"CBN-PdlC-B3-20190701","[1393200, 1356348, 1396144]"
"CBN-PdlC-B3-20190722","[1393200, 1396144, 1742053]"
"CBN-PdlC-B3-20190812","[1393200, 1412857, 1742053]"
"CBN-PdlC-B3-20190909","[1393200, 1742053, 1363618]"
"CBN-PdlC-B3-20200629","[1396144, 1356228, 1743514]"
"CBN-PdlC-B3-20200722","[1393200, 1742053, 1392541]"
"CBN-PdlC-B3-20200812","[1393200, 1742053, 1412857]"
"CBN-PdlC-B4-20130807","[1397475, 1393200, 1412857]"
"CBN-PdlC-B4-20130903","[1397475, 1393200, 1532190]"
"CBN-PdlC-B4-20140721","[1397475, 1393874, 1393200]"
"CBN-PdlC-B4-20140811","[1397475, 1396144, 1394311]"
"CBN-PdlC-B4-20140901","[1412857, 1397475, 1742053]"
"CBN-PdlC-B4-20150701","[1397475, 1356422, 1393200]"
"CBN-PdlC-B4-20150810","[1393200, 1390674, 1397475]"
"CBN-PdlC-B4-20150831","[1393200, 1397475, 1394311]"
"CBN-PdlC-B4-20160726","[1393200, 1397475, 1396144]"
"CBN-PdlC-B4-20170816","[1393200, 1397475, 1396144]"
"CBN-PdlC-B4-20170906","[1397475, 1393200, 1393874]"
"CBN-PdlC-B4-20180702","[1397475, 1396144, 1393874]"
"CBN-PdlC-B4-20180723","[1396144, 1397475, 1393200]"
"CBN-PdlC-B4-20180815","[1396144, 1397475, 1393200]"
"CBN-PdlC-B4-20180905","[1393200, 1396144, 1412857]"
"CBN-PdlC-B4-20190701","[1397475, 1741661, 1395190]"
"CBN-PdlC-B4-20190722","[1397475, 1393200, 1393874]"
"CBN-PdlC-B4-20190812","[1397475, 1362482, 1393200]"
"CBN-PdlC-B4-20190909","[1397475, 1361367, 1393874]"
"CBN-PdlC-B4-20200629","[1397475, 1393200, 1395870]"
"CBN-PdlC-B4-20200722","[1397475, 1393200, 1741776]"
"CBN-PdlC-B4-20200812","[1393200, 1394911, 1397475]"
"CBN-PdlC-B5-20130807","[1397475, 1395807, 1394911]"
"CBN-PdlC-B5-20130903","[1397475, 1395807, 1394643]"
"CBN-PdlC-B5-20140630","[1369309, 1492045, 1392767]"
"CBN-PdlC-B5-20140721","[1396253, 1397475, 1395807]"
"CBN-PdlC-B5-20140811","[1397475, 1395807, 1394311]"
"CBN-PdlC-B5-20140901","[1397475, 1361367, 1396253]"
"CBN-PdlC-B5-20150701","[1397475, 1394911, 1395807]"
"CBN-PdlC-B5-20150720","[1397475, 1400101, 1395807]"
"CBN-PdlC-B5-20150810","[1397475, 1395807, 1400101]"
"CBN-PdlC-B5-20150831","[1397475, 1395807, 1396253]"
"CBN-PdlC-B5-20160705","[1397475, 1396253, 1394911]"
"CBN-PdlC-B5-20160726","[1397475, 1395807, 1396253]"
"CBN-PdlC-B5-20170816","[1397475, 1394311, 1393874]"
"CBN-PdlC-B5-20170906","[1397475, 1395807, 1363618]"
"CBN-PdlC-B5-20180702","[1397475, 1391427, 1395190]"
"CBN-PdlC-B5-20180723","[1397475, 1395807, 1397353]"
"CBN-PdlC-B5-20180815","[1397475, 1393200, 1395807]"
"CBN-PdlC-B5-20180905","[1397475, 1392541, 1393874]"
"CBN-PdlC-B5-20190701","[1397475, 1392534, 1396970]"
"CBN-PdlC-B5-20190722","[1397475, 1397043, 1396253]"
"CBN-PdlC-B5-20190812","[1397475, 1392552, 1400101]"
"CBN-PdlC-B5-20190909","[1397475, 1394911, 1393857]"
"CBN-PdlC-B5-20200629","[1397475, 1392541, 1392534]"
"CBN-PdlC-B5-20200722","[1397475, 1400101, 1395807]"
"CBN-PdlC-B5-20200812","[1397475, 1392541, 1395807]"
"CBN-PdlC-B6-20130807","[1392535, 1392534, 1396253]"
"CBN-PdlC-B6-20130903","[1393200, 1397475, 1743474]"
"CBN-PdlC-B6-20140630","[1392534, 1744235, 1399798]"
"CBN-PdlC-B6-20140721","[1396253, 1395807, 1394911]"
"CBN-PdlC-B6-20140811","[1395807, 1393200, 1396253]"
"CBN-PdlC-B6-20140901","[1394542, 1394540, 1396253]"
"CBN-PdlC-B6-20150701","[1394911, 1396253, 1395807]"
"CBN-PdlC-B6-20150720","[1396253, 1395807, 1392541]"
"CBN-PdlC-B6-20150810","[1397475, 1397450, 1395807]"
"CBN-PdlC-B6-20150831","[1393200, 1395807, 1389929]"
"CBN-PdlC-B6-20160705","[1393200, 1396253, 1395807]"
"CBN-PdlC-B6-20160726","[1396253, 1395807, 1361801]"
"CBN-PdlC-B6-20170816","[1396253, 1720959, 1393200]"
"CBN-PdlC-B6-20170906","[1393200, 1396253, 1395807]"
"CBN-PdlC-B6-20180702","[1394911, 1393200, 1392534]"
"CBN-PdlC-B6-20180723","[1395807, 1396253, 1363543]"
"CBN-PdlC-B6-20180905","[1396253, 1393679, 1363543]"
"CBN-PdlC-B6-20190701","[1393200, 1394911, 1397475]"
"CBN-PdlC-B6-20190722","[1393200, 1396253, 1395807]"
"CBN-PdlC-B6-20190812","[1397475, 1396253, 1393200]"
"CBN-PdlC-B6-20190909","[1393200, 1395807, 1396253]"
"CBN-PdlC-B6-20200629","[1397475, 1396253, 1393200]"
"CBN-PdlC-B6-20200722","[1393200, 1392534, 1392535]"
"CBN-PdlC-B6-20200812","[1393200, 1392534, 1393659]"
"CBN-PdlC-C1-20130807","[1397500, 1393708, 1396332]"
"CBN-PdlC-C1-20130903","[1393200, 1396253, 1394911]"
"CBN-PdlC-C1-20140721","[1393200, 1397500, 1396253]"
"CBN-PdlC-C1-20140811","[1393200, 1395807, 1396253]"
"CBN-PdlC-C1-20140901","[1393200, 1395807, 1392534]"
"CBN-PdlC-C1-20150701","[1397500, 1393200, 1392534]"
"CBN-PdlC-C1-20150720","[1393200, 1412857, 1396253]"
"CBN-PdlC-C1-20150810","[1393200, 1395807, 1362482]"
"CBN-PdlC-C1-20150831","[1393200, 1742053, 1412857]"
"CBN-PdlC-C1-20160705","[1393200, 1396253, 1397500]"
"CBN-PdlC-C1-20160726","[1361367, 1396253, 1393200]"
"CBN-PdlC-C1-20170816","[1393200, 1392534, 1396253]"
"CBN-PdlC-C1-20170906","[1396253, 1361347, 1363618]"
"CBN-PdlC-C1-20180723","[1393200, 1396253, 1393708]"
"CBN-PdlC-C1-20180815","[1393200, 1395807, 1743315]"
"CBN-PdlC-C1-20180905","[1393200, 1396253, 1392534]"
"CBN-PdlC-C1-20190701","[1392534, 1393200, 1359937]"
"CBN-PdlC-C1-20190722","[1393200, 1396253, 1397043]"
"CBN-PdlC-C1-20190812","[1392534, 1392535, 1396253]"
"CBN-PdlC-C1-20190909","[1393200, 1396253, 1395807]"
"CBN-PdlC-C1-20200722","[1393200, 1392535, 1395807]"
"CBN-PdlC-C1-20200812","[1393200, 1392534, 1362482]"
"CBN-PdlC-C2-20130903","[1412857, 1742053, 1395807]"
"CBN-PdlC-C2-20140721","[1396144, 1393200, 1412857]"
"CBN-PdlC-C2-20140811","[1392535, 1412857, 1396144]"
"CBN-PdlC-C2-20140901","[1412857, 1392535, 1397381]"
"CBN-PdlC-C2-20150701","[1393200, 1412857, 1396144]"
"CBN-PdlC-C2-20150720","[1412857, 1742053, 1396253]"
"CBN-PdlC-C2-20150810","[1742053, 1412857, 1396144]"
"CBN-PdlC-C2-20150831","[1742053, 1412857, 1396144]"
"CBN-PdlC-C2-20160705","[1396144, 1412857, 1742053]"
"CBN-PdlC-C2-20160726","[1393200, 1392535, 1412857]"
"CBN-PdlC-C2-20170816","[1393200, 1412857, 1392534]"
"CBN-PdlC-C2-20170906","[1392534, 1412857, 1393200]"
"CBN-PdlC-C2-20180723","[1393200, 1412857, 1396253]"
"CBN-PdlC-C2-20180815","[1412857, 1392541, 1392534]"
"CBN-PdlC-C2-20180905","[1393200, 1412857, 1742053]"
"CBN-PdlC-C2-20190701","[1393200, 1390532, 1609716]"
"CBN-PdlC-C2-20190722","[1393200, 1392534, 1392535]"
"CBN-PdlC-C2-20190812","[1412857, 1396253, 1392534]"
"CBN-PdlC-C2-20190909","[1393200, 1392541, 1412857]"
"CBN-PdlC-C2-20200722","[1392534, 1412857, 1393200]"
"CBN-PdlC-C2-20200812","[1392534, 1392535, 1412857]"
"CBN-PdlC-C3-20130807","[1396253, 1393200, 1361347]"
"CBN-PdlC-C3-20130903","[1742053, 1412857, 1396253]"
"CBN-PdlC-C3-20140721","[1396253, 1393200, 1392534]"
"CBN-PdlC-C3-20140811","[1412857, 1395807, 1392541]"
"CBN-PdlC-C3-20140901","[1361367, 1396253, 1412857]"
"CBN-PdlC-C3-20150701","[1393200, 1392534, 1392541]"
"CBN-PdlC-C3-20150720","[1397430, 1396253, 1361367]"
"CBN-PdlC-C3-20150831","[1396253, 1394311, 1392541]"
"CBN-PdlC-C3-20160705","[1396253, 1361347, 1394311]"
"CBN-PdlC-C3-20160726","[1393660, 1396253, 1397043]"
"CBN-PdlC-C3-20170816","[1392534, 1396253, 1392541]"
"CBN-PdlC-C3-20170906","[1396253, 1395807, 1742053]"
"CBN-PdlC-C3-20180723","[1396253, 1395807, 1741880]"
"CBN-PdlC-C3-20180815","[1396253, 1394911, 1392541]"
"CBN-PdlC-C3-20180905","[1396253, 1392534, 1395807]"
"CBN-PdlC-C3-20190701","[1390532, 1399798, 1392541]"
"CBN-PdlC-C3-20190722","[1396253, 1361598, 1393200]"
"CBN-PdlC-C3-20190812","[1396253, 1395807, 1396733]"
"CBN-PdlC-C3-20190909","[1392534, 1392535, 1396253]"
"CBN-PdlC-C3-20200722","[1392608, 1393659, 1393679]"
"CBN-PdlC-C3-20200812","[1396253, 1392534, 1395807]"
"CBN-PdlC-C4-20130807","[1395807, 1363543, 1395870]"
"CBN-PdlC-C4-20130903","[1393200, 1395807, 1396253]"
"CBN-PdlC-C4-20140721","[1396253, 1396970, 1390793]"
"CBN-PdlC-C4-20140811","[1742053, 1393200, 1395807]"
"CBN-PdlC-C4-20140901","[1392608, 1361367, 1396253]"
"CBN-PdlC-C4-20150701","[1393200, 1390793, 1361367]"
"CBN-PdlC-C4-20150720","[1361367, 1397043, 1395807]"
"CBN-PdlC-C4-20150831","[1744194, 1395807, 1396253]"
"CBN-PdlC-C4-20160705","[1390793, 1392608, 1392611]"
"CBN-PdlC-C4-20160726","[1397043, 1395807, 1364066]"
"CBN-PdlC-C4-20170816","[1395807, 1390693, 1390793]"
"CBN-PdlC-C4-20170906","[1393200, 1396253, 1395862]"
"CBN-PdlC-C4-20180723","[1393200, 1393708, 1396253]"
"CBN-PdlC-C4-20180815","[1396253, 1394366, 1718504]"
"CBN-PdlC-C4-20180905","[1395807, 1392657, 1394911]"
"CBN-PdlC-C4-20190701","[1743359, 1363595, 1393228]"
"CBN-PdlC-C4-20190722","[1396253, 1395807, 1364066]"
"CBN-PdlC-C4-20190812","[1393200, 1397043, 1395807]"
"CBN-PdlC-C4-20190909","[1393200, 1394311, 1361367]"
"CBN-PdlC-C4-20200722","[1393660, 1396253, 1395870]"
"CBN-PdlC-C4-20200812","[1396253, 1395870, 1395807]"
"CBN-PdlC-C5-20130807","[1394311, 1396253, 1395807]"
"CBN-PdlC-C5-20130903","[1394311, 1395807, 1396253]"
"CBN-PdlC-C5-20140721","[1396253, 1364066, 1395870]"
"CBN-PdlC-C5-20140811","[1394311, 1743474, 1397043]"
"CBN-PdlC-C5-20140901","[1396253, 1397043, 1361367]"
"CBN-PdlC-C5-20150701","[1396253, 1395870, 1390793]"
"CBN-PdlC-C5-20150720","[1396253, 1392608, 1390899]"
"CBN-PdlC-C5-20150810","[1390793, 1395862, 1392608]"
"CBN-PdlC-C5-20150831","[1396253, 1392608, 1395807]"
"CBN-PdlC-C5-20160705","[1396253, 1390793, 1394311]"
"CBN-PdlC-C5-20160726","[1396733, 1395807, 1396253]"
"CBN-PdlC-C5-20170816","[1396253, 1394311, 1392608]"
"CBN-PdlC-C5-20170906","[1392608, 1396253, 1360299]"
"CBN-PdlC-C5-20180723","[1396253, 1392608, 1394311]"
"CBN-PdlC-C5-20180815","[1394311, 1396253, 1364066]"
"CBN-PdlC-C5-20180905","[1396253, 1397043, 1395807]"
"CBN-PdlC-C5-20190701","[1392541, 1392608, 1390837]"
"CBN-PdlC-C5-20190722","[1396253, 1390793, 1392608]"
"CBN-PdlC-C5-20190812","[1396253, 1392608, 1397043]"
"CBN-PdlC-C5-20190909","[1396253, 1395807, 1390899]"
"CBN-PdlC-C5-20200722","[1394311, 1396253, 1397043]"
"CBN-PdlC-C5-20200812","[1396253, 1392608, 1395807]"
"CBN-PdlC-C6-20130807","[1396253, 1393200, 1392608]"
"CBN-PdlC-C6-20130903","[1397043, 1396253, 1394311]"
"CBN-PdlC-C6-20140721","[1396253, 1393200, 1392608]"
"CBN-PdlC-C6-20140811","[1395807, 1360748, 1392608]"
"CBN-PdlC-C6-20140901","[1396253, 1393200, 1361367]"
"CBN-PdlC-C6-20150701","[1393200, 1396253, 1392241]"
"CBN-PdlC-C6-20150720","[1393200, 1396253, 1390793]"
"CBN-PdlC-C6-20150810","[1743456, 1393200, 1396253]"
"CBN-PdlC-C6-20150831","[1393200, 1396253, 1390899]"
"CBN-PdlC-C6-20160705","[1393200, 1396253, 1392608]"
"CBN-PdlC-C6-20160726","[1393200, 1396253, 1392608]"
"CBN-PdlC-C6-20170816","[1393200, 1396253, 1362482]"
"CBN-PdlC-C6-20170906","[1393200, 1396253, 1395807]"
"CBN-PdlC-C6-20180723","[1393200, 1396253, 1396186]"
"CBN-PdlC-C6-20180815","[1393200, 1396253, 1362482]"
"CBN-PdlC-C6-20180905","[1393200, 1396253, 1395807]"
"CBN-PdlC-C6-20190701","[1393200, 1392608, 1392612]"
"CBN-PdlC-C6-20190722","[1393200, 1396253, 1392608]"
"CBN-PdlC-C6-20190812","[1392608, 1362482, 1393200]"
"CBN-PdlC-C6-20190909","[1393200, 1396253, 1362482]"
"CBN-PdlC-C6-20200722","[1396253, 1392608, 1393200]"
"CBN-PdlC-C6-20200812","[1396253, 1392608, 1395807]"
"CBN-PdlC-D1-20130807","[1396253, 1395807, 1393708]"
"CBN-PdlC-D1-20130903","[1396253, 1390899, 1392608]"
"CBN-PdlC-D1-20140721","[1396253, 1394911, 1392534]"
"CBN-PdlC-D1-20140811","[1396253, 1395807, 1392608]"
"CBN-PdlC-D1-20140901","[1396253, 1742053, 1412857]"
"CBN-PdlC-D1-20150701","[1396253, 1392241, 1392534]"
"CBN-PdlC-D1-20150720","[1396253, 1392534, 1392535]"
"CBN-PdlC-D1-20150810","[1392534, 1396253, 1397049]"
"CBN-PdlC-D1-20150831","[1392534, 1396253, 1392608]"
"CBN-PdlC-D1-20160705","[1396253, 1741880, 1395870]"
"CBN-PdlC-D1-20160726","[1396253, 1392535, 1392534]"
"CBN-PdlC-D1-20170816","[1396253, 1742053, 1412857]"
"CBN-PdlC-D1-20170906","[1396253, 1361367, 1395807]"
"CBN-PdlC-D1-20180723","[1396253, 1393200, 1392541]"
"CBN-PdlC-D1-20180815","[1396253, 1395807, 1395870]"
"CBN-PdlC-D1-20180905","[1742053, 1396253, 1412857]"
"CBN-PdlC-D1-20190701","[1396253, 1397560, 1651061]"
"CBN-PdlC-D1-20190722","[1396253, 1393200, 1395807]"
"CBN-PdlC-D1-20190812","[1396253, 1392534, 1395807]"
"CBN-PdlC-D1-20190909","[1396253, 1742053, 1412857]"
"CBN-PdlC-D1-20200722","[1392535, 1392534, 1396253]"
"CBN-PdlC-D1-20200812","[1392534, 1396253, 1392608]"
"CBN-PdlC-D2-20130807","[1394643, 1393619, 1396253]"
"CBN-PdlC-D2-20130903","[1412857, 1396253, 1742053]"
"CBN-PdlC-D2-20140721","[1396253, 1392534, 1394643]"
"CBN-PdlC-D2-20140811","[1412857, 1396253, 1393619]"
"CBN-PdlC-D2-20140901","[1742053, 1412857, 1394643]"
"CBN-PdlC-D2-20150720","[1392535, 1742053, 1392534]"
"CBN-PdlC-D2-20150810","[1742053, 1412857, 1396253]"
"CBN-PdlC-D2-20150831","[1412857, 1742053, 1396253]"
"CBN-PdlC-D2-20160705","[1396253, 1412857, 1742053]"
"CBN-PdlC-D2-20160726","[1392535, 1392534, 1396253]"
"CBN-PdlC-D2-20170816","[1742053, 1412857, 1396253]"
"CBN-PdlC-D2-20170906","[1396253, 1412857, 1742053]"
"CBN-PdlC-D2-20180723","[1396253, 1393200, 1394643]"
"CBN-PdlC-D2-20180815","[1396253, 1394643, 1412857]"
"CBN-PdlC-D2-20180905","[1742053, 1412857, 1396253]"
"CBN-PdlC-D2-20190701","[1396144, 1396253, 1390532]"
"CBN-PdlC-D2-20190722","[1396253, 1412857, 1395807]"
"CBN-PdlC-D2-20190812","[1396253, 1412857, 1742053]"
"CBN-PdlC-D2-20190909","[1742053, 1396253, 1412857]"
"CBN-PdlC-D2-20200722","[1396253, 1394643, 1395807]"
"CBN-PdlC-D2-20200812","[1742053, 1394643, 1396253]"
"CBN-PdlC-D3-20130807","[1413349, 1647128, 1419963]"
"CBN-PdlC-D3-20130903","[1647128, 1744479, 1412857]"
"CBN-PdlC-D3-20140721","[1390793, 1647156, 1413349]"
"CBN-PdlC-D3-20140811","[1412857, 1742053, 1413349]"
"CBN-PdlC-D3-20140901","[1412857, 1396253, 1390899]"
"CBN-PdlC-D3-20150701","[1400017, 1396253, 1396441]"
"CBN-PdlC-D3-20150720","[1392534, 1390793, 1396362]"
"CBN-PdlC-D3-20150831","[1742053, 1412857, 1647128]"
"CBN-PdlC-D3-20160705","[1361347, 1358097, 1647128]"
"CBN-PdlC-D3-20160726","[1744479, 1392534, 1399082]"
"CBN-PdlC-D3-20170816","[1647128, 1412857, 1413349]"
"CBN-PdlC-D3-20170906","[1396253, 1744479, 1413349]"
"CBN-PdlC-D3-20180723","[1393200, 1413349, 1744479]"
"CBN-PdlC-D3-20180815","[1396253, 1394643, 1742053]"
"CBN-PdlC-D3-20180905","[1396253, 1412857, 1397043]"
"CBN-PdlC-D3-20190701","[1390532, 1359952, 1394643]"
"CBN-PdlC-D3-20190722","[1744479, 1647128, 1647156]"
"CBN-PdlC-D3-20190812","[1413349, 1742053, 1647128]"
"CBN-PdlC-D3-20190909","[1742053, 1390793, 1744479]"
"CBN-PdlC-D3-20200722","[1392535, 1393200, 1396253]"
"CBN-PdlC-D3-20200812","[1392535, 1396253, 1392534]"
"CBN-PdlC-D4-20130807","[1396253, 1647128, 1744479]"
"CBN-PdlC-D4-20130903","[1647128, 1744479, 1742053]"
"CBN-PdlC-D4-20140721","[1392608, 1396253, 1391363]"
"CBN-PdlC-D4-20140811","[1392541, 1392535, 1395807]"
"CBN-PdlC-D4-20140901","[1396253, 1412857, 1742053]"
"CBN-PdlC-D4-20150701","[1396253, 1412857, 1363543]"
"CBN-PdlC-D4-20150720","[1396253, 1392534, 1392535]"
"CBN-PdlC-D4-20150831","[1412857, 1392608, 1396253]"
"CBN-PdlC-D4-20160705","[1396253, 1412857, 1394643]"
"CBN-PdlC-D4-20160726","[1396253, 1392608, 1392534]"
"CBN-PdlC-D4-20170816","[1396253, 1412857, 1395870]"
"CBN-PdlC-D4-20170906","[1396253, 1393567, 1412857]"
"CBN-PdlC-D4-20180723","[1396253, 1395807, 1412857]"
"CBN-PdlC-D4-20180815","[1396253, 1412857, 1742053]"
"CBN-PdlC-D4-20180905","[1396253, 1412857, 1742053]"
"CBN-PdlC-D4-20190701","[1397279, 1392534, 1396253]"
"CBN-PdlC-D4-20190722","[1396253, 1396118, 1395807]"
"CBN-PdlC-D4-20190812","[1742053, 1396253, 1412857]"
"CBN-PdlC-D4-20190909","[1396253, 1395807, 1742053]"
"CBN-PdlC-D4-20200722","[1396253, 1392535, 1395807]"
"CBN-PdlC-D4-20200812","[1742053, 1396253, 1397043]"
"CBN-PdlC-D5-20130807","[1396253, 1395807, 1393708]"
"CBN-PdlC-D5-20130903","[1395870, 1394911, 1395807]"
"CBN-PdlC-D5-20140721","[1392608, 1396253, 1392534]"
"CBN-PdlC-D5-20140811","[1395807, 1396253, 1742053]"
"CBN-PdlC-D5-20140901","[1361367, 1392608, 1396253]"
"CBN-PdlC-D5-20150701","[1396253, 1363543, 1395807]"
"CBN-PdlC-D5-20150720","[1396253, 1395807, 1394311]"
"CBN-PdlC-D5-20150810","[1396253, 1395807, 1395870]"
"CBN-PdlC-D5-20150831","[1389929, 1396253, 1395807]"
"CBN-PdlC-D5-20160705","[1396253, 1392608, 1394911]"
"CBN-PdlC-D5-20160726","[1392608, 1397043, 1395807]"
"CBN-PdlC-D5-20170816","[1396253, 1395807, 1361367]"
"CBN-PdlC-D5-20170906","[1396253, 1395807, 1363543]"
"CBN-PdlC-D5-20180723","[1400101, 1392608, 1393708]"
"CBN-PdlC-D5-20180815","[1392608, 1395870, 1395807]"
"CBN-PdlC-D5-20180905","[1396253, 1395807, 1361367]"
"CBN-PdlC-D5-20190701","[1394911, 1392655, 1363944]"
"CBN-PdlC-D5-20190722","[1392534, 1392535, 1392608]"
"CBN-PdlC-D5-20190812","[1362482, 1392534, 1395870]"
"CBN-PdlC-D5-20190909","[1392608, 1392534, 1395807]"
"CBN-PdlC-D5-20200722","[1392608, 1395807, 1364066]"
"CBN-PdlC-D5-20200812","[1392608, 1362482, 1397043]"
"CBN-PdlC-D6-20130807","[1396253, 1393708, 1395807]"
"CBN-PdlC-D6-20130903","[1396253, 1395870, 1395807]"
"CBN-PdlC-D6-20140721","[1396253, 1742053, 1412857]"
"CBN-PdlC-D6-20140811","[1397043, 1395807, 1396253]"
"CBN-PdlC-D6-20140901","[1412857, 1396253, 1394311]"
"CBN-PdlC-D6-20150701","[1396253, 1609716, 1412857]"
"CBN-PdlC-D6-20150720","[1396253, 1395807, 1393679]"
"CBN-PdlC-D6-20150810","[1389929, 1390761, 1396253]"
"CBN-PdlC-D6-20150831","[1742053, 1395807, 1393494]"
"CBN-PdlC-D6-20160705","[1396253, 1390793, 1609716]"
"CBN-PdlC-D6-20160726","[1396253, 1397043, 1412857]"
"CBN-PdlC-D6-20170816","[1412857, 1742053, 1395807]"
"CBN-PdlC-D6-20170906","[1395807, 1412857, 1396253]"
"CBN-PdlC-D6-20180723","[1396253, 1394911, 1395870]"
"CBN-PdlC-D6-20180815","[1393679, 1396253, 1363543]"
"CBN-PdlC-D6-20180905","[1396253, 1395807, 1412857]"
"CBN-PdlC-D6-20190701","[1609716, 1392522, 1392407]"
"CBN-PdlC-D6-20190722","[1394311, 1397043, 1397046]"
"CBN-PdlC-D6-20190812","[1396253, 1397043, 1397046]"
"CBN-PdlC-D6-20190909","[1393660, 1396253, 1412857]"
"CBN-PdlC-D6-20200722","[1397043, 1396253, 1743474]"
"CBN-PdlC-D6-20200812","[1362482, 1396253, 1395807]"
"CBN-PdlC-E1-20130723","[1396253, 1392541, 1393966]"
"CBN-PdlC-E1-20130807","[1390793, 1396253, 1392608]"
"CBN-PdlC-E1-20130903","[1392608, 1412857, 1396253]"
"CBN-PdlC-E1-20140630","[1392608, 1396144, 1394643]"
"CBN-PdlC-E1-20140721","[1396253, 1393584, 1362273]"
"CBN-PdlC-E1-20140811","[1392535, 1742053, 1392608]"
"CBN-PdlC-E1-20140901","[1412857, 1742053, 1396253]"
"CBN-PdlC-E1-20150701","[1392608, 1396253, 1393584]"
"CBN-PdlC-E1-20150720","[1392608, 1412857, 1396253]"
"CBN-PdlC-E1-20150810","[1393200, 1397475, 1396144]"
"CBN-PdlC-E1-20150831","[1392608, 1390793, 1396144]"
"CBN-PdlC-E1-20160705","[1396253, 1396144, 1392541]"
"CBN-PdlC-E1-20160726","[1396253, 1392614, 1392608]"
"CBN-PdlC-E1-20170816","[1392608, 1396253, 1392541]"
"CBN-PdlC-E1-20170906","[1392608, 1396253, 1392541]"
"CBN-PdlC-E1-20180702","[1396253, 1396144, 1396145]"
"CBN-PdlC-E1-20180723","[1396144, 1392535, 1393494]"
"CBN-PdlC-E1-20180815","[1392608, 1396144, 1392534]"
"CBN-PdlC-E1-20180905","[1392608, 1396253, 1394911]"
"CBN-PdlC-E1-20190701","[1396253, 1359649, 1392541]"
"CBN-PdlC-E1-20190812","[1392608, 1392565, 1392534]"
"CBN-PdlC-E1-20190909","[1397386, 1395807, 1396144]"
"CBN-PdlC-E1-20200629","[1396253, 1392608, 1392541]"
"CBN-PdlC-E1-20200722","[1392608, 1412857, 1393584]"
"CBN-PdlC-E1-20200812","[1392608, 1743471, 1390793]"
"CBN-PdlC-E2-20130723","[1396253, 1397528, 1393584]"
"CBN-PdlC-E2-20130807","[1412857, 1392541, 1396253]"
"CBN-PdlC-E2-20130903","[1395807, 1394643, 1395870]"
"CBN-PdlC-E2-20140630","[1396144, 1396253, 1741880]"
"CBN-PdlC-E2-20140721","[1412857, 1396144, 1396253]"
"CBN-PdlC-E2-20140811","[1396144, 1392608, 1392535]"
"CBN-PdlC-E2-20140901","[1396144, 1412857, 1396253]"
"CBN-PdlC-E2-20150720","[1393584, 1396253, 1395807]"
"CBN-PdlC-E2-20150810","[1412857, 1395807, 1395870]"
"CBN-PdlC-E2-20150831","[1392608, 1395807, 1738658]"
"CBN-PdlC-E2-20160705","[1396253, 1393584, 1397528]"
"CBN-PdlC-E2-20160726","[1412857, 1396253, 1395807]"
"CBN-PdlC-E2-20170816","[1396253, 1412857, 1395807]"
"CBN-PdlC-E2-20170906","[1396253, 1412857, 1395807]"
"CBN-PdlC-E2-20180702","[1396253, 1394911, 1394643]"
"CBN-PdlC-E2-20180723","[1393584, 1396253, 1392608]"
"CBN-PdlC-E2-20180815","[1742053, 1394643, 1396253]"
"CBN-PdlC-E2-20180905","[1396253, 1412857, 1396144]"
"CBN-PdlC-E2-20190701","[1396253, 1394911, 1395807]"
"CBN-PdlC-E2-20190812","[1412857, 1395807, 1742053]"
"CBN-PdlC-E2-20190909","[1396144, 1396253, 1395807]"
"CBN-PdlC-E2-20200629","[1396144, 1396253, 1412857]"
"CBN-PdlC-E2-20200722","[1396144, 1412857, 1742053]"
"CBN-PdlC-E2-20200812","[1412857, 1396253, 1395807]"
"CBN-PdlC-E3-20130723","[1396253, 1392534, 1388766]"
"CBN-PdlC-E3-20130807","[1396253, 1395807, 1651162]"
"CBN-PdlC-E3-20130903","[1395870, 1396253, 1363087]"
"CBN-PdlC-E3-20140630","[1396253, 1361347, 1390811]"
"CBN-PdlC-E3-20140721","[1396253, 1395807, 1397528]"
"CBN-PdlC-E3-20140811","[1397381, 1396253, 1395807]"
"CBN-PdlC-E3-20140901","[1396253, 1397381, 1395807]"
"CBN-PdlC-E3-20150701","[1396253, 1394311, 1397528]"
"CBN-PdlC-E3-20150720","[1394311, 1396253, 1397386]"
"CBN-PdlC-E3-20150810","[1396253, 1397381, 1397386]"
"CBN-PdlC-E3-20150831","[1392293, 1396253, 1397386]"
"CBN-PdlC-E3-20160705","[1393200, 1396253, 1397430]"
"CBN-PdlC-E3-20160726","[1396253, 1397381, 1395807]"
"CBN-PdlC-E3-20170816","[1396253, 1395807, 1396970]"
"CBN-PdlC-E3-20170906","[1396253, 1394911, 1395807]"
"CBN-PdlC-E3-20180702","[1396253, 1397430, 1393681]"
"CBN-PdlC-E3-20180723","[1396253, 1392241, 1395807]"
"CBN-PdlC-E3-20180815","[1396253, 1397386, 1397381]"
"CBN-PdlC-E3-20180905","[1396253, 1392534, 1397386]"
"CBN-PdlC-E3-20190701","[1396253, 1397430, 1393659]"
"CBN-PdlC-E3-20190812","[1396253, 1395807, 1397381]"
"CBN-PdlC-E3-20190909","[1392059, 1396253, 1651162]"
"CBN-PdlC-E3-20200629","[1396253, 1393659, 1392541]"
"CBN-PdlC-E3-20200722","[1396253, 1395807, 1393659]"
"CBN-PdlC-E3-20200812","[1396253, 1392059, 1394911]"
"CBN-PdlC-E4-20130807","[1396253, 1392608, 1396843]"
"CBN-PdlC-E4-20130903","[1396253, 1392608, 1741880]"
"CBN-PdlC-E4-20140630","[1396253, 1392608, 1407739]"
"CBN-PdlC-E4-20140721","[1392608, 1396253, 1395807]"
"CBN-PdlC-E4-20140811","[1395807, 1396253, 1392608]"
"CBN-PdlC-E4-20140901","[1396253, 1395807, 1392608]"
"CBN-PdlC-E4-20150701","[1396253, 1392608, 1397430]"
"CBN-PdlC-E4-20150720","[1396843, 1396253, 1392608]"
"CBN-PdlC-E4-20150810","[1393200, 1396253, 1392608]"
"CBN-PdlC-E4-20160705","[1396253, 1393200, 1392608]"
"CBN-PdlC-E4-20160726","[1396253, 1360748, 1395807]"
"CBN-PdlC-E4-20170816","[1396253, 1396843, 1361275]"
"CBN-PdlC-E4-20170906","[1396253, 1361233, 1393494]"
"CBN-PdlC-E4-20180702","[1396253, 1393200, 1397430]"
"CBN-PdlC-E4-20180723","[1392608, 1396253, 1393200]"
"CBN-PdlC-E4-20180815","[1393494, 1396253, 1356422]"
"CBN-PdlC-E4-20180905","[1396253, 1392608, 1393494]"
"CBN-PdlC-E4-20190701","[1396253, 1397430, 1393681]"
"CBN-PdlC-E4-20190812","[1395807, 1396253, 1393359]"
"CBN-PdlC-E4-20190909","[1392608, 1392059, 1396843]"
"CBN-PdlC-E4-20200629","[1396253, 1361592, 1397430]"
"CBN-PdlC-E4-20200722","[1396253, 1392608, 1396843]"
"CBN-PdlC-E4-20200812","[1392059, 1396253, 1395807]"
"CBN-PdlC-E5-20130723","[1393200, 1399800, 1392565]"
"CBN-PdlC-E5-20130807","[1393200, 1392608, 1390793]"
"CBN-PdlC-E5-20130903","[1360748, 1392608, 1393494]"
"CBN-PdlC-E5-20140630","[1393200, 1392608, 1392611]"
"CBN-PdlC-E5-20140721","[1393200, 1392608, 1396253]"
"CBN-PdlC-E5-20140811","[1393200, 1392541, 1396843]"
"CBN-PdlC-E5-20150720","[1392608, 1392534, 1390761]"
"CBN-PdlC-E5-20150810","[1392608, 1396253, 1393200]"
"CBN-PdlC-E5-20150831","[1393200, 1392608, 1392534]"
"CBN-PdlC-E5-20160705","[1393200, 1392608, 1396843]"
"CBN-PdlC-E5-20160726","[1392608, 1396253, 1361367]"
"CBN-PdlC-E5-20170816","[1392608, 1396253, 1396843]"
"CBN-PdlC-E5-20170906","[1393200, 1392608, 1396253]"
"CBN-PdlC-E5-20180702","[1396253, 1392608, 1393200]"
"CBN-PdlC-E5-20180723","[1392608, 1396253, 1396843]"
"CBN-PdlC-E5-20180815","[1393200, 1396843, 1392608]"
"CBN-PdlC-E5-20180905","[1392608, 1396253, 1393200]"
"CBN-PdlC-E5-20190722","[1393200, 1392608, 1396253]"
"CBN-PdlC-E5-20190812","[1392608, 1396253, 1396843]"
"CBN-PdlC-E5-20190909","[1392608, 1396253, 1390793]"
"CBN-PdlC-E5-20200629","[1393200, 1392608, 1396253]"
"CBN-PdlC-E5-20200722","[1393200, 1396843, 1392608]"
"CBN-PdlC-E5-20200812","[1392608, 1396253, 1393200]"
"CBN-PdlC-E6-20130723","[1392534, 1394599, 1392608]"
"CBN-PdlC-E6-20130807","[1393200, 1392608, 1394911]"
"CBN-PdlC-E6-20130903","[1393200, 1390793, 1396843]"
"CBN-PdlC-E6-20140630","[1359750, 1393200, 1399800]"
"CBN-PdlC-E6-20140721","[1393708, 1396843, 1397353]"
"CBN-PdlC-E6-20140811","[1393200, 1396843, 1392541]"
"CBN-PdlC-E6-20150701","[1392535, 1392608, 1392534]"
"CBN-PdlC-E6-20150720","[1396843, 1392608, 1742053]"
"CBN-PdlC-E6-20150810","[1392608, 1742053, 1394311]"
"CBN-PdlC-E6-20150831","[1393200, 1392608, 1395807]"
"CBN-PdlC-E6-20160705","[1392612, 1392534, 1392608]"
"CBN-PdlC-E6-20160726","[1392534, 1392608, 1392535]"
"CBN-PdlC-E6-20170816","[1396843, 1392541, 1390793]"
"CBN-PdlC-E6-20170906","[1396843, 1394311, 1392534]"
"CBN-PdlC-E6-20180702","[1393200, 1741880, 1392608]"
"CBN-PdlC-E6-20180723","[1392535, 1392608, 1392534]"
"CBN-PdlC-E6-20180815","[1393200, 1396253, 1392534]"
"CBN-PdlC-E6-20180905","[1393200, 1392608, 1396843]"
"CBN-PdlC-E6-20190722","[1393200, 1362273, 1392608]"
"CBN-PdlC-E6-20190812","[1391427, 1363618, 1495503]"
"CBN-PdlC-E6-20190909","[1392608, 1396843, 1388916]"
"CBN-PdlC-E6-20200629","[1393200, 1390793, 1392541]"
"CBN-PdlC-E6-20200722","[1393200, 1362273, 1392534]"
"CBN-PdlC-E6-20200812","[1393200, 1396843, 1392608]"
"CBN-PdlC-F1-20130723","[1396144, 1397528, 1392535]"
"CBN-PdlC-F1-20130807","[1396144, 1392541, 1392535]"
"CBN-PdlC-F1-20130903","[1392534, 1392541, 1741880]"
"CBN-PdlC-F1-20140630","[1396144, 1392541, 1396253]"
"CBN-PdlC-F1-20140721","[1362273, 1396253, 1390793]"
"CBN-PdlC-F1-20140811","[1396144, 1394542, 1397381]"
"CBN-PdlC-F1-20140901","[1742053, 1412857, 1392541]"
"CBN-PdlC-F1-20150701","[1392534, 1392535, 1396253]"
"CBN-PdlC-F1-20150720","[1396144, 1396253, 1742053]"
"CBN-PdlC-F1-20150810","[1396253, 1412857, 1392534]"
"CBN-PdlC-F1-20150831","[1396144, 1412857, 1396253]"
"CBN-PdlC-F1-20160705","[1396144, 1396253, 1741880]"
"CBN-PdlC-F1-20160726","[1396144, 1742053, 1396253]"
"CBN-PdlC-F1-20170816","[1396144, 1392541, 1396253]"
"CBN-PdlC-F1-20170906","[1396144, 1396253, 1392541]"
"CBN-PdlC-F1-20180702","[1396144, 1396253, 1392541]"
"CBN-PdlC-F1-20180723","[1396144, 1412857, 1388915]"
"CBN-PdlC-F1-20180815","[1396144, 1397381, 1396180]"
"CBN-PdlC-F1-20180905","[1396253, 1396144, 1392541]"
"CBN-PdlC-F1-20190701","[1396253, 1396144, 1392541]"
"CBN-PdlC-F1-20190812","[1396253, 1359697, 1388766]"
"CBN-PdlC-F1-20190909","[1396144, 1394311, 1396253]"
"CBN-PdlC-F1-20200629","[1396144, 1392541, 1396253]"
"CBN-PdlC-F1-20200722","[1393584, 1396144, 1396843]"
"CBN-PdlC-F1-20200812","[1396144, 1396253, 1412857]"
"CBN-PdlC-F2-20130723","[1396253, 1397528, 1362273]"
"CBN-PdlC-F2-20130807","[1396253, 1412857, 1362273]"
"CBN-PdlC-F2-20130903","[1396253, 1392541, 1412857]"
"CBN-PdlC-F2-20140630","[1392608, 1392541, 1396144]"
"CBN-PdlC-F2-20140721","[1396253, 1742053, 1396144]"
"CBN-PdlC-F2-20140811","[1412857, 1392541, 1396253]"
"CBN-PdlC-F2-20140901","[1412857, 1392541, 1396253]"
"CBN-PdlC-F2-20150701","[1396253, 1392608, 1397528]"
"CBN-PdlC-F2-20150720","[1396253, 1395807, 1363618]"
"CBN-PdlC-F2-20150810","[1412857, 1742053, 1392608]"
"CBN-PdlC-F2-20150831","[1396253, 1395807, 1412857]"
"CBN-PdlC-F2-20160705","[1396253, 1397528, 1363618]"
"CBN-PdlC-F2-20160726","[1392534, 1742053, 1396253]"
"CBN-PdlC-F2-20170906","[1396253, 1392608, 1396843]"
"CBN-PdlC-F2-20180702","[1396253, 1412857, 1742053]"
"CBN-PdlC-F2-20180723","[1393584, 1396253, 1392541]"
"CBN-PdlC-F2-20180815","[1396843, 1396253, 1742053]"
"CBN-PdlC-F2-20180905","[1396253, 1392541, 1742053]"
"CBN-PdlC-F2-20190701","[1392608, 1396253, 1392534]"
"CBN-PdlC-F2-20190812","[1396253, 1396144, 1394911]"
"CBN-PdlC-F2-20190909","[1389658, 1396253, 1396144]"
"CBN-PdlC-F2-20200629","[1396253, 1396144, 1393584]"
"CBN-PdlC-F2-20200722","[1396144, 1392534, 1412857]"
"CBN-PdlC-F2-20200812","[1397381, 1359697, 1396144]"
"CBN-PdlC-F3-20130723","[1393200, 1396253, 1393584]"
"CBN-PdlC-F3-20130807","[1392608, 1396253, 1360299]"
"CBN-PdlC-F3-20130903","[1393200, 1392608, 1360748]"
"CBN-PdlC-F3-20140630","[1392608, 1392611, 1396144]"
"CBN-PdlC-F3-20140721","[1392608, 1397528, 1396253]"
"CBN-PdlC-F3-20140811","[1392608, 1393200, 1395807]"
"CBN-PdlC-F3-20140901","[1397381, 1396253, 1392608]"
"CBN-PdlC-F3-20150701","[1392608, 1397528, 1393584]"
"CBN-PdlC-F3-20150720","[1392608, 1396253, 1397386]"
"CBN-PdlC-F3-20150810","[1392608, 1395807, 1396253]"
"CBN-PdlC-F3-20150831","[1392608, 1742053, 1396253]"
"CBN-PdlC-F3-20160705","[1393659, 1412857, 1361592]"
"CBN-PdlC-F3-20160726","[1392608, 1359508, 1395807]"
"CBN-PdlC-F3-20170816","[1396253, 1392608, 1397381]"
"CBN-PdlC-F3-20170906","[1392608, 1393200, 1395807]"
"CBN-PdlC-F3-20180702","[1393200, 1363543, 1396253]"
"CBN-PdlC-F3-20180723","[1392608, 1412857, 1392534]"
"CBN-PdlC-F3-20180815","[1394311, 1397381, 1392608]"
"CBN-PdlC-F3-20180905","[1392608, 1393200, 1396253]"
"CBN-PdlC-F3-20190701","[1393659, 1393200, 1359750]"
"CBN-PdlC-F3-20190722","[1393659, 1395807, 1392608]"
"CBN-PdlC-F3-20190812","[1392608, 1396253, 1395807]"
"CBN-PdlC-F3-20190909","[1396253, 1395807, 1392608]"
"CBN-PdlC-F3-20200629","[1392608, 1393200, 1397430]"
"CBN-PdlC-F3-20200722","[1392608, 1361592, 1395807]"
"CBN-PdlC-F3-20200812","[1395807, 1396253, 1397381]"
"CBN-PdlC-F4-20130723","[1393200, 1396253, 1392608]"
"CBN-PdlC-F4-20130807","[1392608, 1396843, 1393200]"
"CBN-PdlC-F4-20130903","[1394542, 1393200, 1392608]"
"CBN-PdlC-F4-20140630","[1393200, 1392608, 1396253]"
"CBN-PdlC-F4-20140811","[1393200, 1392608, 1395807]"
"CBN-PdlC-F4-20140901","[1392608, 1393200, 1396253]"
"CBN-PdlC-F4-20150701","[1393200, 1392608, 1361592]"
"CBN-PdlC-F4-20150720","[1393659, 1392608, 1396253]"
"CBN-PdlC-F4-20150810","[1393200, 1392608, 1361141]"
"CBN-PdlC-F4-20150831","[1393200, 1392608, 1396253]"
"CBN-PdlC-F4-20160705","[1392608, 1393200, 1397430]"
"CBN-PdlC-F4-20160726","[1392608, 1396253, 1397430]"
"CBN-PdlC-F4-20170816","[1396253, 1392608, 1393200]"
"CBN-PdlC-F4-20170906","[1393200, 1396253, 1396843]"
"CBN-PdlC-F4-20180702","[1393200, 1392608, 1392541]"
"CBN-PdlC-F4-20180723","[1393200, 1392608, 1396843]"
"CBN-PdlC-F4-20180815","[1392608, 1396253, 1393200]"
"CBN-PdlC-F4-20180905","[1392608, 1396253, 1393200]"
"CBN-PdlC-F4-20190701","[1393200, 1392608, 1392612]"
"CBN-PdlC-F4-20190722","[1393200, 1396843, 1392608]"
"CBN-PdlC-F4-20190812","[1392608, 1396253, 1397386]"
"CBN-PdlC-F4-20190909","[1393200, 1392608, 1396843]"
"CBN-PdlC-F4-20200629","[1393200, 1392608, 1396253]"
"CBN-PdlC-F4-20200722","[1392608, 1393200, 1396843]"
"CBN-PdlC-F4-20200812","[1392608, 1393200, 1396253]"
"CBN-PdlC-F5-20130723","[1396253, 1392608, 1396843]"
"CBN-PdlC-F5-20130903","[1392608, 1396253, 1394311]"
"CBN-PdlC-F5-20140630","[1396253, 1392608, 1390837]"
"CBN-PdlC-F5-20140721","[1392608, 1392611, 1396253]"
"CBN-PdlC-F5-20140811","[1392608, 1396253, 1396843]"
"CBN-PdlC-F5-20150701","[1392608, 1394311, 1396253]"
"CBN-PdlC-F5-20150720","[1394542, 1392608, 1396253]"
"CBN-PdlC-F5-20150810","[1392608, 1396253, 1396843]"
"CBN-PdlC-F5-20150831","[1396253, 1396843, 1394311]"
"CBN-PdlC-F5-20160705","[1392608, 1396253, 1396843]"
"CBN-PdlC-F5-20160726","[1361367, 1392608, 1396843]"
"CBN-PdlC-F5-20170816","[1396253, 1396843, 1394311]"
"CBN-PdlC-F5-20170906","[1396253, 1392608, 1396843]"
"CBN-PdlC-F5-20180702","[1396253, 1392608, 1392541]"
"CBN-PdlC-F5-20180723","[1392608, 1396253, 1396843]"
"CBN-PdlC-F5-20180815","[1396253, 1390793, 1396843]"
"CBN-PdlC-F5-20180905","[1396253, 1392608, 1396843]"
"CBN-PdlC-F5-20190722","[1392608, 1396843, 1390793]"
"CBN-PdlC-F5-20190812","[1392608, 1396253, 1392611]"
"CBN-PdlC-F5-20190909","[1397386, 1396253, 1390793]"
"CBN-PdlC-F5-20200629","[1392608, 1396253, 1390793]"
"CBN-PdlC-F5-20200722","[1396843, 1392608, 1390793]"
"CBN-PdlC-F5-20200812","[1390793, 1396843, 1396253]"
"CBN-PdlC-F6-20130723","[1396843, 1390793, 1393200]"
"CBN-PdlC-F6-20130807","[1390793, 1393200, 1396843]"
"CBN-PdlC-F6-20130903","[1390793, 1393200, 1396843]"
"CBN-PdlC-F6-20140630","[1390793, 1390761, 1397279]"
"CBN-PdlC-F6-20140721","[1393200, 1390793, 1392534]"
"CBN-PdlC-F6-20140811","[1393200, 1392535, 1396843]"
"CBN-PdlC-F6-20150701","[1393200, 1392535, 1396843]"
"CBN-PdlC-F6-20150720","[1394542, 1392608, 1396843]"
"CBN-PdlC-F6-20150810","[1396843, 1392608, 1393200]"
"CBN-PdlC-F6-20150831","[1392608, 1390793, 1396843]"
"CBN-PdlC-F6-20160705","[1397528, 1396843, 1393200]"
"CBN-PdlC-F6-20160726","[1392534, 1392608, 1396843]"
"CBN-PdlC-F6-20170816","[1393200, 1392608, 1392534]"
"CBN-PdlC-F6-20170906","[1392608, 1393200, 1396843]"
"CBN-PdlC-F6-20180702","[1390793, 1396843, 1393200]"
"CBN-PdlC-F6-20180723","[1396843, 1390793, 1392534]"
"CBN-PdlC-F6-20180815","[1393200, 1396843, 1396253]"
"CBN-PdlC-F6-20180905","[1393200, 1396843, 1363543]"
"CBN-PdlC-F6-20190722","[1396843, 1390793, 1392608]"
"CBN-PdlC-F6-20190812","[1392608, 1391706, 1392612]"
"CBN-PdlC-F6-20190909","[1390793, 1394311, 1396843]"
"CBN-PdlC-F6-20200629","[1392608, 1393200, 1390793]"
"CBN-PdlC-F6-20200722","[1393200, 1390793, 1392534]"
"CBN-PdlC-F6-20200812","[1390793, 1393200, 1392534]"
"CBN-Pla-A1-20130808","[1396253, 1397475, 1395807]"
"CBN-Pla-A1-20130904","[1397475, 1395870, 1396253]"
"CBN-Pla-A1-20140722","[1397475, 1395949, 1396253]"
"CBN-Pla-A1-20140812","[1397475, 1400176, 1396253]"
"CBN-Pla-A1-20140902","[1397475, 1392241, 1400176]"
"CBN-Pla-A1-20150702","[1397475, 1396253, 1412857]"
"CBN-Pla-A1-20150723","[1397475, 1396253, 1395807]"
"CBN-Pla-A1-20150811","[1397475, 1394311, 1400176]"
"CBN-Pla-A1-20150901","[1400176, 1397475, 1396253]"
"CBN-Pla-A1-20160707","[1397475, 1396253, 1742052]"
"CBN-Pla-A1-20160728","[1741880, 1397475, 1396253]"
"CBN-Pla-A1-20180724","[1397475, 1394643, 1397279]"
"CBN-Pla-A1-20180816","[1397475, 1396253, 1400176]"
"CBN-Pla-A1-20180906","[1397475, 1395807, 1412857]"
"CBN-Pla-A1-20190723","[1396253, 1400176, 1395870]"
"CBN-Pla-A1-20190814","[1397475, 1396253, 1395807]"
"CBN-Pla-A1-20200630","[1400182, 1366028, 1737685]"
"CBN-Pla-A1-20200723","[1397475, 1400176, 1742053]"
"CBN-Pla-A1-20200814","[1412857, 1392552, 1394311]"
"CBN-Pla-A2-20130724","[1396015, 1397549, 1390793]"
"CBN-Pla-A2-20130808","[1395807, 1396015, 1396253]"
"CBN-Pla-A2-20130904","[1396015, 1395973, 1395807]"
"CBN-Pla-A2-20140722","[1396015, 1395949, 1395973]"
"CBN-Pla-A2-20140812","[1396144, 1395949, 1412857]"
"CBN-Pla-A2-20140902","[1395949, 1396015, 1395973]"
"CBN-Pla-A2-20150702","[1412857, 1396253, 1396015]"
"CBN-Pla-A2-20150723","[1396015, 1742053, 1395807]"
"CBN-Pla-A2-20150811","[1392552, 1396015, 1742053]"
"CBN-Pla-A2-20150901","[1396015, 1392552, 1412857]"
"CBN-Pla-A2-20160707","[1396015, 1395949, 1396253]"
"CBN-Pla-A2-20160728","[1394643, 1742053, 1412857]"
"CBN-Pla-A2-20180724","[1396180, 1396018, 1395949]"
"CBN-Pla-A2-20180816","[1412857, 1396015, 1396253]"
"CBN-Pla-A2-20180906","[1396015, 1742053, 1395949]"
"CBN-Pla-A2-20190723","[1742053, 1412857, 1396253]"
"CBN-Pla-A2-20190814","[1396144, 1396015, 1396253]"
"CBN-Pla-A2-20200723","[1412857, 1397043, 1742053]"
"CBN-Pla-A2-20200814","[1742053, 1412857, 1396015]"
"CBN-Pla-A3-20130724","[1392534, 1418688, 1399800]"
"CBN-Pla-A3-20130808","[1396253, 1395807, 1412857]"
"CBN-Pla-A3-20130904","[1741880, 1412857, 1397046]"
"CBN-Pla-A3-20140722","[1396144, 1390793, 1390955]"
"CBN-Pla-A3-20140812","[1395807, 1396843, 1394542]"
"CBN-Pla-A3-20140902","[1361367, 1395807, 1361374]"
"CBN-Pla-A3-20150702","[1396144, 1396843, 1737461]"
"CBN-Pla-A3-20150723","[1395807, 1397043, 1362482]"
"CBN-Pla-A3-20150811","[1396144, 1395807, 1742053]"
"CBN-Pla-A3-20150901","[1396253, 1396843, 1392541]"
"CBN-Pla-A3-20160707","[1396144, 1395870, 1741880]"
"CBN-Pla-A3-20160728","[1396144, 1412857, 1397043]"
"CBN-Pla-A3-20180724","[1394643, 1396144, 1418688]"
"CBN-Pla-A3-20180816","[1396144, 1397043, 1363543]"
"CBN-Pla-A3-20180906","[1396144, 1395807, 1392541]"
"CBN-Pla-A3-20190723","[1396144, 1395807, 1397491]"
"CBN-Pla-A3-20190814","[1396843, 1396144, 1395807]"
"CBN-Pla-A3-20200723","[1395807, 1361367, 1397043]"
"CBN-Pla-A3-20200814","[1392541, 1396144, 1396843]"
"CBN-Pla-A4-20130724","[1392541, 1363543, 1394599]"
"CBN-Pla-A4-20130808","[1741880, 1395870, 1395807]"
"CBN-Pla-A4-20130904","[1741880, 1395870, 1395807]"
"CBN-Pla-A4-20140722","[1395870, 1741880, 1395949]"
"CBN-Pla-A4-20140812","[1395870, 1741880, 1392541]"
"CBN-Pla-A4-20140902","[1741880, 1395870, 1363543]"
"CBN-Pla-A4-20150702","[1588800, 1418688, 1361141]"
"CBN-Pla-A4-20150723","[1395870, 1741880, 1396869]"
"CBN-Pla-A4-20150811","[1741880, 1395870, 1395807]"
"CBN-Pla-A4-20150901","[1395870, 1741880, 1395718]"
"CBN-Pla-A4-20160707","[1741880, 1395870, 1418688]"
"CBN-Pla-A4-20160728","[1395870, 1397043, 1741880]"
"CBN-Pla-A4-20180724","[1392522, 1363543, 1391797]"
"CBN-Pla-A4-20180816","[1741880, 1395870, 1397043]"
"CBN-Pla-A4-20180906","[1741880, 1395870, 1397043]"
"CBN-Pla-A4-20190723","[1741880, 1395870, 1396843]"
"CBN-Pla-A4-20190814","[1741880, 1395870, 1396843]"
"CBN-Pla-A4-20200723","[1741880, 1395870, 1396869]"
"CBN-Pla-A4-20200814","[1395870, 1741880, 1395807]"
"CBN-Pla-A5-20130724","[1741880, 1395870, 1727501]"
"CBN-Pla-A5-20130808","[1741880, 1395870, 1742053]"
"CBN-Pla-A5-20130904","[1741880, 1395870, 1397386]"
"CBN-Pla-A5-20140722","[1741880, 1396144, 1588800]"
"CBN-Pla-A5-20140812","[1741880, 1395870, 1396144]"
"CBN-Pla-A5-20140902","[1741880, 1395870, 1361367]"
"CBN-Pla-A5-20150702","[1743999, 1396094, 1388766]"
"CBN-Pla-A5-20150723","[1741880, 1395870, 1742053]"
"CBN-Pla-A5-20150811","[1395870, 1741880, 1742053]"
"CBN-Pla-A5-20160707","[1741880, 1395870, 1395949]"
"CBN-Pla-A5-20160728","[1395870, 1741880, 1396144]"
"CBN-Pla-A5-20180724","[1390837, 1741880, 1390793]"
"CBN-Pla-A5-20180816","[1395870, 1741880, 1742053]"
"CBN-Pla-A5-20180906","[1395870, 1741880, 1742053]"
"CBN-Pla-A5-20190723","[1741880, 1395870, 1394542]"
"CBN-Pla-A5-20190814","[1395870, 1741880, 1361367]"
"CBN-Pla-A5-20200723","[1741880, 1395870, 1396843]"
"CBN-Pla-A5-20200814","[1395870, 1741880, 1395862]"
"CBN-Pla-A6-20130724","[1396030, 1529402, 1358099]"
"CBN-Pla-A6-20130808","[1741880, 1395870, 1396253]"
"CBN-Pla-A6-20130904","[1741880, 1395870, 1396253]"
"CBN-Pla-A6-20140722","[1741880, 1396144, 1395870]"
"CBN-Pla-A6-20140812","[1395870, 1741880, 1396144]"
"CBN-Pla-A6-20140902","[1395870, 1741880, 1394366]"
"CBN-Pla-A6-20150702","[1396253, 1392241, 1363543]"
"CBN-Pla-A6-20150723","[1741880, 1396869, 1395870]"
"CBN-Pla-A6-20150811","[1741880, 1395870, 1741624]"
"CBN-Pla-A6-20150901","[1395870, 1741880, 1397381]"
"CBN-Pla-A6-20160707","[1390793, 1394311, 1395807]"
"CBN-Pla-A6-20160728","[1395870, 1741880, 1395807]"
"CBN-Pla-A6-20180724","[1396018, 1396030, 1529402]"
"CBN-Pla-A6-20180816","[1395870, 1741880, 1395807]"
"CBN-Pla-A6-20180906","[1396144, 1395870, 1741880]"
"CBN-Pla-A6-20190723","[1395870, 1741880, 1395862]"
"CBN-Pla-A6-20190814","[1361367, 1397381, 1395870]"
"CBN-Pla-A6-20200723","[1741880, 1395870, 1741624]"
"CBN-Pla-A6-20200814","[1741624, 1395870, 1395807]"
"CBN-Pla-B1-20130724","[1363133, 1390801, 1392341]"
"CBN-Pla-B1-20130808","[1396253, 1395807, 1360874]"
"CBN-Pla-B1-20130904","[1396253, 1395807, 1532190]"
"CBN-Pla-B1-20140722","[1396253, 1390793, 1392241]"
"CBN-Pla-B1-20140812","[1742053, 1396253, 1412857]"
"CBN-Pla-B1-20140902","[1361367, 1361374, 1394311]"
"CBN-Pla-B1-20150702","[1396253, 1392352, 1743471]"
"CBN-Pla-B1-20150723","[1742053, 1361367, 1395870]"
"CBN-Pla-B1-20150811","[1396253, 1400176, 1742053]"
"CBN-Pla-B1-20150901","[1396253, 1394311, 1395870]"
"CBN-Pla-B1-20160707","[1741880, 1396253, 1395870]"
"CBN-Pla-B1-20160728","[1396253, 1395807, 1742053]"
"CBN-Pla-B1-20180724","[1396253, 1390837, 1393679]"
"CBN-Pla-B1-20180816","[1742053, 1395870, 1741880]"
"CBN-Pla-B1-20180906","[1396253, 1412857, 1742053]"
"CBN-Pla-B1-20190723","[1396253, 1741880, 1395807]"
"CBN-Pla-B1-20190814","[1742053, 1647677, 1396253]"
"CBN-Pla-B1-20200630","[1393911, 1396447, 1419104]"
"CBN-Pla-B1-20200723","[1741880, 1395807, 1395870]"
"CBN-Pla-B1-20200814","[1397381, 1412857, 1395807]"
"CBN-Pla-B2-20130724","[1395807, 1743315, 1359587]"
"CBN-Pla-B2-20130808","[1412857, 1396253, 1742053]"
"CBN-Pla-B2-20130904","[1395807, 1363543, 1396843]"
"CBN-Pla-B2-20140722","[1390837, 1396253, 1741880]"
"CBN-Pla-B2-20140812","[1395807, 1396843, 1651363]"
"CBN-Pla-B2-20140902","[1396843, 1395807, 1397106]"
"CBN-Pla-B2-20150702","[1390793, 1742053, 1412857]"
"CBN-Pla-B2-20150723","[1396253, 1395870, 1396843]"
"CBN-Pla-B2-20150811","[1392552, 1396843, 1395807]"
"CBN-Pla-B2-20150901","[1396253, 1392552, 1741880]"
"CBN-Pla-B2-20160707","[1741880, 1396253, 1395870]"
"CBN-Pla-B2-20160728","[1741880, 1395807, 1395870]"
"CBN-Pla-B2-20180724","[1418688, 1744504, 1578131]"
"CBN-Pla-B2-20180816","[1741880, 1395807, 1396843]"
"CBN-Pla-B2-20180906","[1396843, 1741880, 1396253]"
"CBN-Pla-B2-20190723","[1741880, 1395807, 1396843]"
"CBN-Pla-B2-20190814","[1362482, 1741880, 1397386]"
"CBN-Pla-B2-20200723","[1397043, 1396253, 1396843]"
"CBN-Pla-B2-20200814","[1741880, 1392186, 1396869]"
"CBN-Pla-B3-20130724","[1528543, 1395807, 1397386]"
"CBN-Pla-B3-20130808","[1396253, 1395807, 1360874]"
"CBN-Pla-B3-20130904","[1396253, 1395807, 1393200]"
"CBN-Pla-B3-20140722","[1361275, 1396253, 1361273]"
"CBN-Pla-B3-20140812","[1395807, 1396253, 1397043]"
"CBN-Pla-B3-20140902","[1361367, 1396253, 1395807]"
"CBN-Pla-B3-20150811","[1396253, 1395807, 1397386]"
"CBN-Pla-B3-20150901","[1396253, 1395807, 1396843]"
"CBN-Pla-B3-20160707","[1396253, 1361347, 1397386]"
"CBN-Pla-B3-20160728","[1396253, 1395807, 1394311]"
"CBN-Pla-B3-20180724","[1361347, 1418688, 1394311]"
"CBN-Pla-B3-20180816","[1396253, 1395807, 1394311]"
"CBN-Pla-B3-20180906","[1396253, 1395807, 1412857]"
"CBN-Pla-B3-20190723","[1395807, 1394366, 1396253]"
"CBN-Pla-B3-20190814","[1395807, 1362482, 1394311]"
"CBN-Pla-B3-20200723","[1396253, 1395807, 1394311]"
"CBN-Pla-B3-20200814","[1397386, 1743471, 1396253]"
"CBN-Pla-B4-20130724","[1397386, 1418688, 1361347]"
"CBN-Pla-B4-20130808","[1395870, 1395807, 1741880]"
"CBN-Pla-B4-20130904","[1397043, 1396843, 1395807]"
"CBN-Pla-B4-20140722","[1397376, 1651267, 1394311]"
"CBN-Pla-B4-20140812","[1396253, 1412857, 1395807]"
"CBN-Pla-B4-20140902","[1397043, 1397386, 1395807]"
"CBN-Pla-B4-20150702","[1390793, 1363543, 1396843]"
"CBN-Pla-B4-20150723","[1394311, 1395807, 1394542]"
"CBN-Pla-B4-20150811","[1361138, 1362325, 1361141]"
"CBN-Pla-B4-20150901","[1392293, 1396843, 1361347]"
"CBN-Pla-B4-20160707","[1397386, 1394311, 1363543]"
"CBN-Pla-B4-20160728","[1397043, 1395807, 1397046]"
"CBN-Pla-B4-20180724","[1390793, 1390811, 1397386]"
"CBN-Pla-B4-20180816","[1397043, 1397386, 1397046]"
"CBN-Pla-B4-20180906","[1397043, 1397046, 1395870]"
"CBN-Pla-B4-20190723","[1394311, 1396843, 1395807]"
"CBN-Pla-B4-20190814","[1412857, 1651427, 1397043]"
"CBN-Pla-B4-20200723","[1395807, 1396253, 1397043]"
"CBN-Pla-B4-20200814","[1361141, 1395807, 1394311]"
"CBN-Pla-B5-20130724","[1363619, 1647128, 1418688]"
"CBN-Pla-B5-20130808","[1395807, 1395870, 1741880]"
"CBN-Pla-B5-20130904","[1395807, 1397043, 1394311]"
"CBN-Pla-B5-20140722","[1532190, 1390904, 1363543]"
"CBN-Pla-B5-20140812","[1396144, 1395807, 1397043]"
"CBN-Pla-B5-20140902","[1361367, 1395807, 1395870]"
"CBN-Pla-B5-20150702","[1396253, 1392565, 1744194]"
"CBN-Pla-B5-20150723","[1647677, 1395870, 1362482]"
"CBN-Pla-B5-20150811","[1395870, 1741880, 1390899]"
"CBN-Pla-B5-20150901","[1394311, 1395870, 1396144]"
"CBN-Pla-B5-20160707","[1395870, 1396970, 1395807]"
"CBN-Pla-B5-20160728","[1741880, 1397043, 1395807]"
"CBN-Pla-B5-20180724","[1381430, 1363543, 1529402]"
"CBN-Pla-B5-20180816","[1395870, 1741880, 1395807]"
"CBN-Pla-B5-20180906","[1359835, 1394366, 1395870]"
"CBN-Pla-B5-20190723","[1396561, 1395807, 1396663]"
"CBN-Pla-B5-20190814","[1395870, 1741880, 1397043]"
"CBN-Pla-B5-20200723","[1397043, 1395807, 1397049]"
"CBN-Pla-B5-20200814","[1397043, 1741880, 1395870]"
"CBN-Pla-B6-20130724","[1396144, 1396145, 1397491]"
"CBN-Pla-B6-20130808","[1396144, 1396253, 1397491]"
"CBN-Pla-B6-20130904","[1396144, 1396253, 1742053]"
"CBN-Pla-B6-20140722","[1396144, 1397491, 1358095]"
"CBN-Pla-B6-20140812","[1396144, 1395807, 1395987]"
"CBN-Pla-B6-20140902","[1396144, 1396015, 1395973]"
"CBN-Pla-B6-20150702","[1396253, 1395940, 1687875]"
"CBN-Pla-B6-20150723","[1395807, 1396843, 1396015]"
"CBN-Pla-B6-20150811","[1396144, 1396015, 1396663]"
"CBN-Pla-B6-20150901","[1396015, 1396144, 1396253]"
"CBN-Pla-B6-20160707","[1396144, 1396015, 1396023]"
"CBN-Pla-B6-20160728","[1396015, 1395973, 1396144]"
"CBN-Pla-B6-20180816","[1396144, 1397043, 1396015]"
"CBN-Pla-B6-20180906","[1396144, 1396015, 1395940]"
"CBN-Pla-B6-20190723","[1396144, 1396015, 1418612]"
"CBN-Pla-B6-20190814","[1396144, 1396015, 1396253]"
"CBN-Pla-B6-20200723","[1396144, 1396015, 1395807]"
"CBN-Pla-B6-20200814","[1396144, 1396015, 1395940]"
"CBN-Pla-C1-20130808","[1396144, 1394641, 1741880]"
"CBN-Pla-C1-20130904","[1741880, 1395870, 1388766]"
"CBN-Pla-C1-20150702","[1741880, 1392534, 1363618]"
"CBN-Pla-C1-20150723","[1395870, 1741880, 1392534]"
"CBN-Pla-C1-20150811","[1395870, 1741880, 1395807]"
"CBN-Pla-C1-20150901","[1395870, 1742053, 1412857]"
"CBN-Pla-C1-20160707","[1741880, 1395870, 1392541]"
"CBN-Pla-C1-20160728","[1741880, 1395870, 1395718]"
"CBN-Pla-C1-20180816","[1741880, 1395870, 1741624]"
"CBN-Pla-C1-20180906","[1395870, 1741880, 1394911]"
"CBN-Pla-C1-20190723","[1392534, 1392535, 1741880]"
"CBN-Pla-C1-20190814","[1395870, 1400176, 1741880]"
"CBN-Pla-C1-20200723","[1395870, 1741880, 1392535]"
"CBN-Pla-C1-20200814","[1742053, 1412857, 1395870]"
"CBN-Pla-C2-20130808","[1396253, 1741880, 1395807]"
"CBN-Pla-C2-20130904","[1741880, 1395870, 1412857]"
"CBN-Pla-C2-20140722","[1356228, 1396144, 1396145]"
"CBN-Pla-C2-20140902","[1741880, 1395870, 1412857]"
"CBN-Pla-C2-20150702","[1741880, 1395870, 1412857]"
"CBN-Pla-C2-20150723","[1741880, 1395870, 1397049]"
"CBN-Pla-C2-20150811","[1741880, 1395870, 1412857]"
"CBN-Pla-C2-20150901","[1394542, 1741880, 1395870]"
"CBN-Pla-C2-20160707","[1396253, 1392241, 1361347]"
"CBN-Pla-C2-20160728","[1742053, 1412857, 1400176]"
"CBN-Pla-C2-20180724","[1743471, 1396253, 1412857]"
"CBN-Pla-C2-20180816","[1412857, 1396362, 1396253]"
"CBN-Pla-C2-20180906","[1742053, 1412857, 1396253]"
"CBN-Pla-C2-20190723","[1396253, 1742053, 1390899]"
"CBN-Pla-C2-20190814","[1397046, 1397043, 1742053]"
"CBN-Pla-C2-20200723","[1412857, 1396253, 1742053]"
"CBN-Pla-C2-20200814","[1742053, 1396253, 1412857]"
"CBN-Pla-C3-20130808","[1395807, 1400176, 1394643]"
"CBN-Pla-C3-20130904","[1400176, 1394366, 1395807]"
"CBN-Pla-C3-20140722","[1532190, 1390793, 1390837]"
"CBN-Pla-C3-20140902","[1400176, 1412857, 1742053]"
"CBN-Pla-C3-20150702","[1361374, 1741880, 1396094]"
"CBN-Pla-C3-20150723","[1400176, 1395870, 1741880]"
"CBN-Pla-C3-20150811","[1400176, 1741880, 1395807]"
"CBN-Pla-C3-20150901","[1741880, 1395870, 1742053]"
"CBN-Pla-C3-20160707","[1396253, 1390793, 1394643]"
"CBN-Pla-C3-20160728","[1741880, 1395870, 1532190]"
"CBN-Pla-C3-20180724","[1356852, 1394643, 1743359]"
"CBN-Pla-C3-20180816","[1412857, 1741880, 1395870]"
"CBN-Pla-C3-20180906","[1400176, 1742053, 1412857]"
"CBN-Pla-C3-20190723","[1741880, 1395807, 1742053]"
"CBN-Pla-C3-20190814","[1741880, 1361367, 1395870]"
"CBN-Pla-C3-20200723","[1741880, 1395807, 1400176]"
"CBN-Pla-C3-20200814","[1400176, 1392260, 1741880]"
"CBN-Pla-C4-20130808","[1395807, 1363543, 1396253]"
"CBN-Pla-C4-20130904","[1393200, 1395807, 1741880]"
"CBN-Pla-C4-20140902","[1363133, 1395807, 1361099]"
"CBN-Pla-C4-20150702","[1396253, 1397500, 1396094]"
"CBN-Pla-C4-20150723","[1395807, 1396253, 1361077]"
"CBN-Pla-C4-20150811","[1396843, 1388766, 1395807]"
"CBN-Pla-C4-20150901","[1361141, 1393200, 1395807]"
"CBN-Pla-C4-20160707","[1532190, 1397500, 1396843]"
"CBN-Pla-C4-20160728","[1397043, 1397500, 1395807]"
"CBN-Pla-C4-20180724","[1396253, 1390837, 1394643]"
"CBN-Pla-C4-20180816","[1396253, 1395807, 1412857]"
"CBN-Pla-C4-20180906","[1396253, 1412857, 1395807]"
"CBN-Pla-C4-20190723","[1396253, 1395807, 1744603]"
"CBN-Pla-C4-20190814","[1396253, 1397500, 1412857]"
"CBN-Pla-C4-20200723","[1397043, 1396253, 1741624]"
"CBN-Pla-C4-20200814","[1742053, 1412857, 1396253]"
"CBN-Pla-C5-20130808","[1396144, 1395807, 1361367]"
"CBN-Pla-C5-20130904","[1396144, 1395807, 1397491]"
"CBN-Pla-C5-20140722","[1396144, 1532190, 1390904]"
"CBN-Pla-C5-20140902","[1396144, 1362482, 1396869]"
"CBN-Pla-C5-20150702","[1396144, 1393224, 1397491]"
"CBN-Pla-C5-20150723","[1396144, 1397046, 1396869]"
"CBN-Pla-C5-20150811","[1396144, 1396869, 1395807]"
"CBN-Pla-C5-20150901","[1396869, 1396144, 1394311]"
"CBN-Pla-C5-20160707","[1741880, 1392541, 1394597]"
"CBN-Pla-C5-20160728","[1395807, 1394311, 1396144]"
"CBN-Pla-C5-20180724","[1394311, 1361374, 1396144]"
"CBN-Pla-C5-20180816","[1395807, 1396869, 1412857]"
"CBN-Pla-C5-20180906","[1412857, 1395807, 1741880]"
"CBN-Pla-C5-20190723","[1395807, 1393200, 1741880]"
"CBN-Pla-C5-20190814","[1395807, 1359333, 1742053]"
"CBN-Pla-C5-20200723","[1412857, 1395807, 1742053]"
"CBN-Pla-C5-20200814","[1395807, 1652912, 1394643]"
"CBN-Pla-C6-20130808","[1396253, 1395807, 1394641]"
"CBN-Pla-C6-20130904","[1396253, 1395870, 1741880]"
"CBN-Pla-C6-20140902","[1742053, 1412857, 1395807]"
"CBN-Pla-C6-20150702","[1396253, 1361367, 1399798]"
"CBN-Pla-C6-20150723","[1395807, 1741880, 1412857]"
"CBN-Pla-C6-20150811","[1396253, 1395807, 1742053]"
"CBN-Pla-C6-20150901","[1742053, 1396253, 1395807]"
"CBN-Pla-C6-20160707","[1396253, 1392260, 1392241]"
"CBN-Pla-C6-20160728","[1395870, 1741880, 1395807]"
"CBN-Pla-C6-20180724","[1396253, 1391781, 1360306]"
"CBN-Pla-C6-20180816","[1412857, 1395807, 1742053]"
"CBN-Pla-C6-20180906","[1742053, 1412857, 1395807]"
"CBN-Pla-C6-20190723","[1395807, 1741880, 1397386]"
"CBN-Pla-C6-20190814","[1741880, 1396253, 1397386]"
"CBN-Pla-C6-20200723","[1396144, 1396253, 1395807]"
"CBN-Pla-C6-20200814","[1395870, 1741880, 1395807]"
"CBN-Pla-D1-20130808","[1396253, 1361347, 1395807]"
"CBN-Pla-D1-20130904","[1396253, 1396144, 1742053]"
"CBN-Pla-D1-20140722","[1396253, 1418688, 1390837]"
"CBN-Pla-D1-20140902","[1395870, 1396253, 1741880]"
"CBN-Pla-D1-20150702","[1396253, 1361347, 1741880]"
"CBN-Pla-D1-20150723","[1741880, 1395870, 1396253]"
"CBN-Pla-D1-20150811","[1412857, 1396253, 1742053]"
"CBN-Pla-D1-20150901","[1400176, 1742053, 1396253]"
"CBN-Pla-D1-20160707","[1396253, 1361273, 1395807]"
"CBN-Pla-D1-20160728","[1742053, 1361141, 1395718]"
"CBN-Pla-D1-20180724","[1412857, 1361347, 1395807]"
"CBN-Pla-D1-20180816","[1412857, 1742053, 1397043]"
"CBN-Pla-D1-20180906","[1412857, 1394542, 1396843]"
"CBN-Pla-D1-20190723","[1396253, 1392352, 1358463]"
"CBN-Pla-D1-20190814","[1394311, 1395718, 1741880]"
"CBN-Pla-D1-20200723","[1742053, 1412857, 1647128]"
"CBN-Pla-D1-20200814","[1742053, 1412857, 1394311]"
"CBN-Pla-D2-20130808","[1394911, 1412857, 1396253]"
"CBN-Pla-D2-20130904","[1396843, 1400176, 1393200]"
"CBN-Pla-D2-20140722","[1396253, 1393200, 1390793]"
"CBN-Pla-D2-20140902","[1393200, 1396843, 1363133]"
"CBN-Pla-D2-20150702","[1396253, 1407739, 1361347]"
"CBN-Pla-D2-20150723","[1396843, 1397450, 1397386]"
"CBN-Pla-D2-20150811","[1412857, 1400176, 1742053]"
"CBN-Pla-D2-20150901","[1396843, 1742053, 1361141]"
"CBN-Pla-D2-20160707","[1412857, 1742053, 1396843]"
"CBN-Pla-D2-20160728","[1412857, 1394643, 1396843]"
"CBN-Pla-D2-20180724","[1412857, 1742053, 1390837]"
"CBN-Pla-D2-20180816","[1396253, 1412857, 1400176]"
"CBN-Pla-D2-20180906","[1400176, 1396253, 1396843]"
"CBN-Pla-D2-20190723","[1742053, 1397043, 1741880]"
"CBN-Pla-D2-20190814","[1396253, 1412857, 1742053]"
"CBN-Pla-D2-20200723","[1400176, 1396253, 1396843]"
"CBN-Pla-D2-20200814","[1742053, 1400176, 1392552]"
"CBN-Pla-D3-20130808","[1741880, 1395870, 1395807]"
"CBN-Pla-D3-20130904","[1395870, 1741880, 1396253]"
"CBN-Pla-D3-20140722","[1392522, 1743315, 1743999]"
"CBN-Pla-D3-20140902","[1395870, 1363133, 1396253]"
"CBN-Pla-D3-20150702","[1397500, 1396253, 1396144]"
"CBN-Pla-D3-20150723","[1741880, 1395870, 1360748]"
"CBN-Pla-D3-20150811","[1395870, 1741880, 1396253]"
"CBN-Pla-D3-20150901","[1742053, 1395870, 1741880]"
"CBN-Pla-D3-20160707","[1397500, 1741880, 1396094]"
"CBN-Pla-D3-20160728","[1741880, 1395870, 1392541]"
"CBN-Pla-D3-20180724","[1361347, 1390793, 1737701]"
"CBN-Pla-D3-20180816","[1412857, 1397043, 1395870]"
"CBN-Pla-D3-20180906","[1400176, 1742053, 1395870]"
"CBN-Pla-D3-20190723","[1741880, 1395870, 1396253]"
"CBN-Pla-D3-20190814","[1395870, 1741880, 1396253]"
"CBN-Pla-D3-20200723","[1400176, 1741880, 1396253]"
"CBN-Pla-D3-20200814","[1392552, 1741880, 1395870]"
"CBN-Pla-D4-20130808","[1395870, 1741880, 1396253]"
"CBN-Pla-D4-20130904","[1396144, 1741880, 1395870]"
"CBN-Pla-D4-20140722","[1396144, 1396253, 1528543]"
"CBN-Pla-D4-20140902","[1396253, 1397043, 1395870]"
"CBN-Pla-D4-20150702","[1396253, 1388766, 1361703]"
"CBN-Pla-D4-20150723","[1390899, 1395870, 1395862]"
"CBN-Pla-D4-20150811","[1395870, 1741880, 1399082]"
"CBN-Pla-D4-20150901","[1395870, 1396253, 1743471]"
"CBN-Pla-D4-20160707","[1396253, 1395870, 1392541]"
"CBN-Pla-D4-20160728","[1397043, 1397465, 1396253]"
"CBN-Pla-D4-20180724","[1396253, 1390904, 1361347]"
"CBN-Pla-D4-20180816","[1395870, 1396253, 1741880]"
"CBN-Pla-D4-20180906","[1395870, 1396253, 1741880]"
"CBN-Pla-D4-20190723","[1396253, 1395870, 1741880]"
"CBN-Pla-D4-20190814","[1395870, 1395807, 1741880]"
"CBN-Pla-D4-20200723","[1396253, 1395870, 1390793]"
"CBN-Pla-D4-20200814","[1395870, 1741880, 1392552]"
"CBN-Pla-D5-20130808","[1412857, 1396253, 1396144]"
"CBN-Pla-D5-20130904","[1742053, 1395807, 1396253]"
"CBN-Pla-D5-20140722","[1396144, 1390811, 1391781]"
"CBN-Pla-D5-20140902","[1396144, 1361367, 1394311]"
"CBN-Pla-D5-20150702","[1396253, 1396843, 1396144]"
"CBN-Pla-D5-20150723","[1396144, 1394911, 1390883]"
"CBN-Pla-D5-20150811","[1396253, 1390883, 1361367]"
"CBN-Pla-D5-20150901","[1396144, 1394311, 1396843]"
"CBN-Pla-D5-20160707","[1392541, 1395807, 1418688]"
"CBN-Pla-D5-20160728","[1395807, 1396253, 1397043]"
"CBN-Pla-D5-20180724","[1396253, 1418688, 1486742]"
"CBN-Pla-D5-20180816","[1396253, 1395807, 1397043]"
"CBN-Pla-D5-20180906","[1396253, 1396843, 1395807]"
"CBN-Pla-D5-20190723","[1396253, 1395807, 1741880]"
"CBN-Pla-D5-20190814","[1396144, 1397043, 1397046]"
"CBN-Pla-D5-20200723","[1396253, 1742053, 1412857]"
"CBN-Pla-D6-20130808","[1392541, 1412857, 1395807]"
"CBN-Pla-D6-20130904","[1392534, 1395870, 1392541]"
"CBN-Pla-D6-20140722","[1394599, 1392541, 1412857]"
"CBN-Pla-D6-20140902","[1392552, 1395807, 1392541]"
"CBN-Pla-D6-20150702","[1744293, 1399800, 1399798]"
"CBN-Pla-D6-20150723","[1395807, 1396843, 1741880]"
"CBN-Pla-D6-20150811","[1392552, 1395807, 1396843]"
"CBN-Pla-D6-20150901","[1392541, 1396843, 1396869]"
"CBN-Pla-D6-20160707","[1392541, 1388766, 1394597]"
"CBN-Pla-D6-20160728","[1397043, 1396253, 1741880]"
"CBN-Pla-D6-20180724","[1744293, 1412857, 1532190]"
"CBN-Pla-D6-20180816","[1397043, 1395807, 1397046]"
"CBN-Pla-D6-20180906","[1396253, 1397043, 1395807]"
"CBN-Pla-D6-20190723","[1396144, 1742053, 1412857]"
"CBN-Pla-D6-20190814","[1394311, 1399800, 1394597]"
"CBN-Pla-D6-20200723","[1412857, 1395807, 1742053]"
"CBN-Pla-D6-20200814","[1392552, 1395807, 1396253]"
"CBN-Pla-E1-20130808","[1396144, 1396253, 1397491]"
"CBN-Pla-E1-20130904","[1396144, 1396253, 1395940]"
"CBN-Pla-E1-20140722","[1396144, 1399800, 1396843]"
"CBN-Pla-E1-20140902","[1396144, 1396253, 1397491]"
"CBN-Pla-E1-20150702","[1396144, 1397491, 1396253]"
"CBN-Pla-E1-20150723","[1396144, 1396272, 1412857]"
"CBN-Pla-E1-20150901","[1396144, 1361141, 1396272]"
"CBN-Pla-E1-20160707","[1396144, 1392541, 1392535]"
"CBN-Pla-E1-20160728","[1392535, 1396144, 1392534]"
"CBN-Pla-E1-20180816","[1744479, 1396144, 1396253]"
"CBN-Pla-E1-20180906","[1394542, 1396144, 1396253]"
"CBN-Pla-E1-20190723","[1744479, 1392535, 1392534]"
"CBN-Pla-E1-20190814","[1744479, 1396144, 1396253]"
"CBN-Pla-E1-20200630","[1396253, 1395949, 1395948]"
"CBN-Pla-E1-20200723","[1396843, 1396144, 1744479]"
"CBN-Pla-E1-20200814","[1744479, 1647128, 1396362]"
"CBN-Pla-E2-20130808","[1396144, 1396253, 1738749]"
"CBN-Pla-E2-20130904","[1396144, 1396272, 1396253]"
"CBN-Pla-E2-20140722","[1396144, 1396253, 1738749]"
"CBN-Pla-E2-20140902","[1396144, 1394542, 1396253]"
"CBN-Pla-E2-20150702","[1396144, 1396253, 1396272]"
"CBN-Pla-E2-20150723","[1396144, 1396253, 1396272]"
"CBN-Pla-E2-20150901","[1396144, 1742053, 1396253]"
"CBN-Pla-E2-20160707","[1412857, 1396253, 1396144]"
"CBN-Pla-E2-20160728","[1396144, 1400176, 1396253]"
"CBN-Pla-E2-20180724","[1396253, 1396144, 1396111]"
"CBN-Pla-E2-20180816","[1396253, 1412857, 1396144]"
"CBN-Pla-E2-20180906","[1742053, 1412857, 1396253]"
"CBN-Pla-E2-20190723","[1396144, 1744479, 1396362]"
"CBN-Pla-E2-20190814","[1742053, 1396253, 1647128]"
"CBN-Pla-E2-20200630","[1396144, 1395944, 1395949]"
"CBN-Pla-E2-20200723","[1396253, 1744479, 1647128]"
"CBN-Pla-E2-20200814","[1744479, 1742053, 1396253]"
"CBN-Pla-E3-20130808","[1396144, 1396253, 1397491]"
"CBN-Pla-E3-20130904","[1396144, 1396253, 1400176]"
"CBN-Pla-E3-20140722","[1396144, 1396253, 1647128]"
"CBN-Pla-E3-20140902","[1396144, 1412857, 1396843]"
"CBN-Pla-E3-20150702","[1396253, 1396144, 1742053]"
"CBN-Pla-E3-20150723","[1392541, 1396253, 1392535]"
"CBN-Pla-E3-20150811","[1396253, 1394311, 1412857]"
"CBN-Pla-E3-20150901","[1412857, 1361141, 1396253]"
"CBN-Pla-E3-20160707","[1396253, 1396144, 1397491]"
"CBN-Pla-E3-20160728","[1412857, 1396253, 1742053]"
"CBN-Pla-E3-20180724","[1396253, 1647156, 1394641]"
"CBN-Pla-E3-20180816","[1397043, 1396253, 1412857]"
"CBN-Pla-E3-20180906","[1742053, 1412857, 1396253]"
"CBN-Pla-E3-20190723","[1392535, 1392534, 1396253]"
"CBN-Pla-E3-20190814","[1397043, 1396253, 1622895]"
"CBN-Pla-E3-20200630","[1647156, 1356424, 1363619]"
"CBN-Pla-E3-20200723","[1396253, 1412857, 1397049]"
"CBN-Pla-E3-20200814","[1742053, 1412857, 1400176]"
"CBN-Pla-E4-20130808","[1396253, 1412857, 1396843]"
"CBN-Pla-E4-20130904","[1396843, 1396253, 1392535]"
"CBN-Pla-E4-20140722","[1396253, 1392565, 1392541]"
"CBN-Pla-E4-20140902","[1396843, 1361367, 1395718]"
"CBN-Pla-E4-20150702","[1396253, 1396843, 1394311]"
"CBN-Pla-E4-20150811","[1396843, 1396253, 1400176]"
"CBN-Pla-E4-20150901","[1396253, 1396843, 1396869]"
"CBN-Pla-E4-20160707","[1396253, 1392186, 1396843]"
"CBN-Pla-E4-20160728","[1395718, 1396253, 1396843]"
"CBN-Pla-E4-20180724","[1396253, 1392541, 1392535]"
"CBN-Pla-E4-20180816","[1392534, 1396253, 1392535]"
"CBN-Pla-E4-20180906","[1395718, 1396843, 1396253]"
"CBN-Pla-E4-20190723","[1396253, 1412857, 1396843]"
"CBN-Pla-E4-20190814","[1396843, 1396253, 1396869]"
"CBN-Pla-E4-20200630","[1396253, 1399798, 1744293]"
"CBN-Pla-E4-20200723","[1397043, 1396144, 1397046]"
"CBN-Pla-E4-20200814","[1396869, 1397046, 1396843]"
"CBN-Pla-E5-20130808","[1396253, 1399798, 1744293]"
"CBN-Pla-E5-20130904","[1395807, 1399798, 1399800]"
"CBN-Pla-E5-20140722","[1399798, 1394597, 1744235]"
"CBN-Pla-E5-20140902","[1361367, 1396843, 1394542]"
"CBN-Pla-E5-20150702","[1396843, 1392541, 1392260]"
"CBN-Pla-E5-20150723","[1397106, 1400176, 1392541]"
"CBN-Pla-E5-20150811","[1356278, 1394311, 1392534]"
"CBN-Pla-E5-20150901","[1396843, 1394311, 1396869]"
"CBN-Pla-E5-20160707","[1396253, 1394643, 1394641]"
"CBN-Pla-E5-20160728","[1392534, 1392535, 1412857]"
"CBN-Pla-E5-20180724","[1391427, 1399798, 1363618]"
"CBN-Pla-E5-20180816","[1392535, 1392541, 1392534]"
"CBN-Pla-E5-20180906","[1396843, 1392541, 1403533]"
"CBN-Pla-E5-20190723","[1400176, 1395807, 1400175]"
"CBN-Pla-E5-20190814","[1392541, 1396843, 1403533]"
"CBN-Pla-E5-20200630","[1392541, 1364066, 1392534]"
"CBN-Pla-E5-20200723","[1392534, 1392541, 1400176]"
"CBN-Pla-E5-20200814","[1362482, 1392541, 1400176]"
"CBN-Pla-E6-20130808","[1396253, 1397450, 1396144]"
"CBN-Pla-E6-20130904","[1396253, 1397386, 1395807]"
"CBN-Pla-E6-20140722","[1396253, 1412857, 1390904]"
"CBN-Pla-E6-20140902","[1412857, 1742053, 1395807]"
"CBN-Pla-E6-20150702","[1396253, 1412857, 1742053]"
"CBN-Pla-E6-20150723","[1743456, 1395807, 1742053]"
"CBN-Pla-E6-20150811","[1412857, 1741880, 1395807]"
"CBN-Pla-E6-20150901","[1412857, 1396253, 1742053]"
"CBN-Pla-E6-20160707","[1396253, 1412857, 1396144]"
"CBN-Pla-E6-20160728","[1396253, 1396144, 1742053]"
"CBN-Pla-E6-20180724","[1389228, 1394643, 1399798]"
"CBN-Pla-E6-20180816","[1397043, 1412857, 1395718]"
"CBN-Pla-E6-20180906","[1742053, 1412857, 1396253]"
"CBN-Pla-E6-20190723","[1396253, 1395807, 1396843]"
"CBN-Pla-E6-20190814","[1741624, 1396253, 1397043]"
"CBN-Pla-E6-20200723","[1412857, 1396253, 1395807]"
"CBN-Pla-E6-20200814","[1742053, 1412857, 1396253]"
"CBN-Pla-F1-20130808","[1647128, 1580587, 1741624]"
"CBN-Pla-F1-20130904","[1741624, 1391359, 1394311]"
"CBN-Pla-F1-20140722","[1395948, 1647128, 1399800]"
"CBN-Pla-F1-20140902","[1744479, 1647156, 1399082]"
"CBN-Pla-F1-20150702","[1413349, 1744194, 1741624]"
"CBN-Pla-F1-20150723","[1647128, 1413349, 1391359]"
"CBN-Pla-F1-20150901","[1741624, 1647128, 1728573]"
"CBN-Pla-F1-20160707","[1393679, 1647128, 1647677]"
"CBN-Pla-F1-20160728","[1744479, 1647156, 1393679]"
"CBN-Pla-F1-20180724","[1396144, 1647128, 1392541]"
"CBN-Pla-F1-20180816","[1741624, 1580587, 1392534]"
"CBN-Pla-F1-20180906","[1728573, 1400176, 1647128]"
"CBN-Pla-F1-20190723","[1392534, 1741624, 1580587]"
"CBN-Pla-F1-20190814","[1400176, 1394311, 1743474]"
"CBN-Pla-F1-20200630","[1479447, 1363543, 1392541]"
"CBN-Pla-F1-20200723","[1397046, 1397043, 1392541]"
"CBN-Pla-F1-20200814","[1400176, 1392260, 1741624]"
"CBN-Pla-F2-20130808","[1396144, 1741624, 1396253]"
"CBN-Pla-F2-20130904","[1647156, 1744479, 1419963]"
"CBN-Pla-F2-20140722","[1396144, 1395948, 1397491]"
"CBN-Pla-F2-20140902","[1392541, 1412857, 1741624]"
"CBN-Pla-F2-20150702","[1396253, 1396144, 1397491]"
"CBN-Pla-F2-20150723","[1741624, 1580588, 1412857]"
"CBN-Pla-F2-20150901","[1412857, 1359169, 1742053]"
"CBN-Pla-F2-20160707","[1396253, 1392260, 1412857]"
"CBN-Pla-F2-20160728","[1741624, 1395718, 1396253]"
"CBN-Pla-F2-20180724","[1396253, 1396144, 1395174]"
"CBN-Pla-F2-20180816","[1396253, 1412857, 1395718]"
"CBN-Pla-F2-20180906","[1395718, 1396253, 1412857]"
"CBN-Pla-F2-20190723","[1363543, 1741624, 1412857]"
"CBN-Pla-F2-20190814","[1396253, 1395718, 1397106]"
"CBN-Pla-F2-20200630","[1392241, 1397279, 1647156]"
"CBN-Pla-F2-20200723","[1396253, 1397046, 1397043]"
"CBN-Pla-F2-20200814","[1741624, 1742053, 1361275]"
"CBN-Pla-F3-20130808","[1396253, 1412857, 1361367]"
"CBN-Pla-F3-20130904","[1394438, 1390793, 1394441]"
"CBN-Pla-F3-20140722","[1396253, 1647156, 1396144]"
"CBN-Pla-F3-20140902","[1394438, 1396144, 1744479]"
"CBN-Pla-F3-20150702","[1396253, 1361347, 1744194]"
"CBN-Pla-F3-20150723","[1396253, 1741624, 1394911]"
"CBN-Pla-F3-20150811","[1744479, 1647128, 1647156]"
"CBN-Pla-F3-20150901","[1744479, 1396144, 1647128]"
"CBN-Pla-F3-20160707","[1396253, 1394438, 1412857]"
"CBN-Pla-F3-20160728","[1394438, 1396253, 1412857]"
"CBN-Pla-F3-20180724","[1396144, 1412857, 1396253]"
"CBN-Pla-F3-20180816","[1396253, 1412857, 1741624]"
"CBN-Pla-F3-20180906","[1396253, 1412857, 1395718]"
"CBN-Pla-F3-20190723","[1396253, 1412857, 1394595]"
"CBN-Pla-F3-20190814","[1394444, 1394438, 1394441]"
"CBN-Pla-F3-20200630","[1744293, 1399800, 1394595]"
"CBN-Pla-F3-20200723","[1396144, 1396253, 1412857]"
"CBN-Pla-F3-20200814","[1395718, 1396253, 1396144]"
"CBN-Pla-F4-20130808","[1396144, 1396253, 1418688]"
"CBN-Pla-F4-20130904","[1396144, 1396253, 1394643]"
"CBN-Pla-F4-20140722","[1396144, 1395949, 1397491]"
"CBN-Pla-F4-20150723","[1744479, 1647156, 1396362]"
"CBN-Pla-F4-20150811","[1744479, 1647128, 1413349]"
"CBN-Pla-F4-20150901","[1396144, 1412857, 1413349]"
"CBN-Pla-F4-20160707","[1412857, 1396144, 1742053]"
"CBN-Pla-F4-20160728","[1412857, 1742053, 1396144]"
"CBN-Pla-F4-20180724","[1390793, 1394311, 1390904]"
"CBN-Pla-F4-20180816","[1412857, 1396253, 1395807]"
"CBN-Pla-F4-20180906","[1412857, 1742053, 1396253]"
"CBN-Pla-F4-20190723","[1412857, 1396253, 1395807]"
"CBN-Pla-F4-20190814","[1412857, 1742053, 1396253]"
"CBN-Pla-F4-20200630","[1356228, 1359937, 1392260]"
"CBN-Pla-F4-20200723","[1412857, 1744479, 1396362]"
"CBN-Pla-F4-20200814","[1744479, 1412857, 1647128]"
"CBN-Pla-F5-20130808","[1396253, 1396144, 1397491]"
"CBN-Pla-F5-20130904","[1396144, 1396253, 1396843]"
"CBN-Pla-F5-20140722","[1395949, 1396144, 1396253]"
"CBN-Pla-F5-20140902","[1400176, 1396253, 1396843]"
"CBN-Pla-F5-20150702","[1396253, 1390793, 1396843]"
"CBN-Pla-F5-20150723","[1396253, 1396843, 1361049]"
"CBN-Pla-F5-20150811","[1396253, 1396843, 1361141]"
"CBN-Pla-F5-20150901","[1361141, 1396253, 1396843]"
"CBN-Pla-F5-20160707","[1396253, 1412857, 1742053]"
"CBN-Pla-F5-20160728","[1396253, 1400176, 1363133]"
"CBN-Pla-F5-20180724","[1363526, 1388915, 1358099]"
"CBN-Pla-F5-20180816","[1400176, 1396253, 1397043]"
"CBN-Pla-F5-20180906","[1396253, 1396843, 1397043]"
"CBN-Pla-F5-20190723","[1396253, 1395807, 1392241]"
"CBN-Pla-F5-20190814","[1396253, 1397043, 1392541]"
"CBN-Pla-F5-20200723","[1396253, 1400176, 1397043]"
"CBN-Pla-F5-20200814","[1396253, 1400176, 1397043]"
"CBN-Pla-F6-20130808","[1396253, 1388890, 1394641]"
"CBN-Pla-F6-20130904","[1396843, 1396253, 1388890]"
"CBN-Pla-F6-20140722","[1396253, 1356228, 1397376]"
"CBN-Pla-F6-20140902","[1392241, 1396253, 1392293]"
"CBN-Pla-F6-20150702","[1396253, 1396843, 1392484]"
"CBN-Pla-F6-20150723","[1396253, 1396843, 1395718]"
"CBN-Pla-F6-20150811","[1396843, 1412857, 1396253]"
"CBN-Pla-F6-20150901","[1396253, 1396843, 1361347]"
"CBN-Pla-F6-20160707","[1396253, 1359750, 1396843]"
"CBN-Pla-F6-20160728","[1396253, 1397043, 1391120]"
"CBN-Pla-F6-20180724","[1396253, 1390837, 1360222]"
"CBN-Pla-F6-20180816","[1397043, 1396253, 1395807]"
"CBN-Pla-F6-20180906","[1396253, 1397043, 1396843]"
"CBN-Pla-F6-20190723","[1396144, 1396253, 1396843]"
"CBN-Pla-F6-20190814","[1397043, 1396253, 1397386]"
"CBN-Pla-F6-20200723","[1397043, 1396253, 1397046]"
"CBN-Pla-F6-20200814","[1396144, 1397046, 1396253]"
"CBN-Pyr-01-20230706","[1396843, 1359965, 1359508]"
"CBN-Pyr-03-20230706","[1395973, 1396015, 1741624]"
"CBN-can-A1-20230705","[1392608, 1395807, 1396253]"
"CBN-can-A2-20230705","[1393200, 1393659, 1395807]"
"CBN-can-A3-20230705","[1396144, 1393200, 1391092]"
"CBN-can-A5-20230705","[1392534, 1397475, 1396253]"
"CBN-can-A6-20230705","[1393200, 1397475, 1396253]"
"CBN-can-B1-20230705","[1396144, 1393200, 1392608]"
"CBN-can-B2-20230705","[1392608, 1400101, 1360299]"
"CBN-can-B3-20230705","[1393200, 1393619, 1396144]"
"CBN-can-B4-20230705","[1393200, 1397475, 1412857]"
"CBN-can-B5-20230705","[1397475, 1392535, 1400101]"
"CBN-can-B6-20230705","[1393679, 1397475, 1395807]"
"CBN-can-C1-20230705","[1393200, 1391310, 1396253]"
"CBN-can-C2-20230705","[1393200, 1412857, 1396253]"
"CBN-can-C3-20230705","[1396253, 1395807, 1392608]"
"CBN-can-C4-20230705","[1393200, 1395807, 1364066]"
"CBN-can-D1-20230705","[1396253, 1395807, 1360748]"
"CBN-can-D2-20230705","[1396253, 1412857, 1395807]"
"CBN-can-D3-20230705","[1396253, 1413349, 1412857]"
"CBN-can-D4-20230705","[1400101, 1392535, 1395807]"
"CBN-can-E1-20230706","[1392608, 1396806, 1396253]"
"CBN-can-E2-20230706","[1395807, 1393584, 1396253]"
"CBN-can-E3-20230706","[1392534, 1392535, 1395807]"
"CBN-can-E4-20230706","[1397430, 1396253, 1361598]"
"CBN-can-E5-20230706","[1392608, 1360299, 1392535]"
"CBN-can-E6-20230706","[1392535, 1393200, 1392534]"
"CBN-can-F1-20230705","[1392534, 1392535, 1396253]"
"CBN-can-F2-20230706","[1396144, 1396253, 1395807]"
"CBN-can-F3-20230706","[1412857, 1392608, 1395807]"
"CBN-can-F4-20230706","[1397430, 1392608, 1393200]"
"CBN-can-F5-20230706","[1392608, 1392611, 1396843]"
"GUARDEN-AMB-CF04-1-10-20240325","[1359344, 1363302, 1360978]"
"GUARDEN-AMB-CF04-1-5-20240325","[1363302, 1359344, 1363882]"
"GUARDEN-AMB-CF21-1-1-20240326","[1388812, 1363302, 1357589]"
"GUARDEN-AMB-CF21-1-10-20240326","[1363302, 1360701, 1744602]"
"GUARDEN-AMB-CF21-1-2-20240326","[1360719, 1363302, 1358203]"
"GUARDEN-AMB-CF21-1-3-20240326","[1359344, 1360719, 1363302]"
"GUARDEN-AMB-CF21-1-4-20240326","[1359344, 1363302, 1360978]"
"GUARDEN-AMB-CF21-1-5-20240326","[1359344, 1363302, 1359297]"
"GUARDEN-AMB-CF21-1-6-20240326","[1359344, 1363302, 1393770]"
"GUARDEN-AMB-CF21-1-7-20240326","[1724816, 1363302, 1743664]"
"GUARDEN-AMB-CF21-1-8-20240326","[1359344, 1363302, 1743249]"
"GUARDEN-AMB-CF21-1-9-20240326","[1399739, 1744602, 1398786]"
"GUARDEN-AMB-GV04-1-3-20240326","[1359297, 1359298, 1359344]"
"GUARDEN-AMB-GV04-1-4-20240326","[1359297, 1359344, 1359298]"
"GUARDEN-AMB-GV04-1-5-20240326","[1359297, 1359298, 1359344]"
"GUARDEN-AMB-GV04-1-6-20240326","[1359297, 1359298, 1359344]"
"GUARDEN-AMB-GV04-1-7-20240326","[1359297, 1359298, 1363882]"
"GUARDEN-AMB-PR13-1-10-20240417","[1360701, 1359297, 1721018]"
"GUARDEN-AMB-PR13-1-2-20240417","[1360701, 1722578, 1721018]"
"GUARDEN-AMB-PR13-1-3-20240417","[1360701, 1721018, 1359297]"
"GUARDEN-AMB-PR13-1-4-20240417","[1721018, 1364037, 1359344]"
"GUARDEN-AMB-PR13-1-8-20240417","[1359344, 1359297, 1721018]"
"GUARDEN-AMB-PR20-1-1-20240424","[1393522, 1722441, 1722433]"
"GUARDEN-AMB-PR20-1-10-20240424","[1359344, 1359297, 1359298]"
"GUARDEN-AMB-PR20-1-8-20240424","[1359344, 1359297, 1360701]"
"GUARDEN-AMB-SA03-1-1-20240626","[1359344, 1360381, 1359297]"
"GUARDEN-AMB-SA03-1-10-20240626","[1356333, 1361732, 1360035]"
"GUARDEN-AMB-SA03-1-2-20240626","[1359344, 1722441, 1359297]"
"GUARDEN-AMB-SA03-1-3-20240626","[1359344, 1358203, 1359297]"
"GUARDEN-AMB-SA03-1-4-20240626","[1359344, 1360978, 1359437]"
"GUARDEN-AMB-SA03-1-5-20240626","[1359344, 1359424, 1360978]"
"GUARDEN-AMB-SA03-1-9-20240626","[1356905, 1359297, 1359298]"
"GUARDEN-AMB-VC03-1-3-20240417","[1359344, 1356905, 1394421]"
"GUARDEN-AMB-VC03-1-4-20240417","[1356905, 1359344, 1359297]"
"GUARDEN-AMB-VC03-1-5-20240417","[1356905, 1359297, 1359298]"
"GUARDEN-AMB-VC03-1-6-20240417","[1356905, 1359344, 1359297]"
"GUARDEN-CBNMed-10-1-16-34-20240429","[1358503, 1722409, 1358514]"
"GUARDEN-CBNMed-10-10-17-19-20240429","[1358613, 1548487, 1743916]"
"GUARDEN-CBNMed-10-5-16-55-20240429","[1357111, 1356785, 1358503]"
"GUARDEN-CBNMed-10-6-17-02-20240429","[1356785, 1358613, 1361710]"
"GUARDEN-CBNMed-10-7-17-05-20240429","[1357111, 1398783, 1388990]"
"GUARDEN-CBNMed-10-8-17-11-20240429","[1358613, 1548487, 1744511]"
"GUARDEN-CBNMed-10-9-17-16-20240429","[1358613, 1358503, 1393698]"
"GUARDEN-CBNMed-14-3-9-45-20240429","[1359676, 1361710, 1364048]"
"GUARDEN-CBNMed-14-4-9-49-20240429","[1359676, 1356728, 1425884]"
"GUARDEN-CBNMed-14-9-10-09-20240429","[1359676, 1359677, 1359678]"
"GUARDEN-CBNMed-15-10-12-17-20240429","[1363413, 1361190, 1363467]"
"GUARDEN-CBNMed-15-5-11-44-20240429","[1364171, 1361190, 1357351]"
"GUARDEN-CBNMed-15-7-12-02-20240429","[1361190, 1364171, 1359676]"
"GUARDEN-CBNMed-15-9-12-15-20240429","[1363413, 1361190, 1363467]"
"GUARDEN-CBNMed-16-1-13-37-20240429","[1356108, 1388990, 1722409]"
"GUARDEN-CBNMed-16-10-14-33-20240429","[1722409, 1744347, 1359548]"
"GUARDEN-CBNMed-16-2-13-45-20240429","[1399771, 1388990, 1743965]"
"GUARDEN-CBNMed-16-3-13-51-20240429","[1358572, 1743966, 1722409]"
"GUARDEN-CBNMed-16-4-13-57-20240429","[1722409, 1360701, 1359029]"
"GUARDEN-CBNMed-16-6-14-07-20240429","[1722409, 1743989, 1743966]"
"GUARDEN-CBNMed-16-7-14-1-20240429","[1722409, 1357566, 1359548]"
"GUARDEN-CBNMed-16-8-14-14-20240429","[1360999, 1722409, 1358318]"
"GUARDEN-CBNMed-17-3-10-56-20240429","[1361106, 1363292, 1360385]"
"GUARDEN-CBNMed-17-5-11-2-20240429","[1361106, 1363212, 1361088]"
"GUARDEN-CBNMed-19-1-15-24-20240429","[1357743, 1357293, 1357594]"
"GUARDEN-CBNMed-19-10-16-02-20240429","[1400017, 1396059, 1361926]"
"GUARDEN-CBNMed-19-2-15-31-20240429","[1363413, 1492665, 1492564]"
"GUARDEN-CBNMed-19-3-15-35-20240429","[1359521, 1363467, 1361190]"
"GUARDEN-CBNMed-19-4-15-39-20240429","[1359521, 1493549, 1358477]"
"GUARDEN-CBNMed-19-5-15-44-20240429","[1359521, 1363738, 1744483]"
"GUARDEN-CBNMed-19-6-15-48-20240429","[1363413, 1359521, 1361926]"
"GUARDEN-CBNMed-19-7-15-51-20240429","[1364168, 1358213, 1647187]"
"GUARDEN-CBNMed-19-8-15-53-20240429","[1359521, 1358654, 1425238]"
"GUARDEN-CBNMed-19-9-15-58-20240429","[1361926, 1360869, 1358478]"
"GUARDEN-CBNMed-20-1-9-35-20240428","[1360443, 1394527, 1364039]"
"GUARDEN-CBNMed-20-10-10-31-20240428","[1357114, 1359216, 1357122]"
"GUARDEN-CBNMed-20-8-10-19-20240428","[1360999, 1363053, 1397376]"
"GUARDEN-CBNMed-20-9-10-23-20240428","[1357122, 1360999, 1357114]"
"GUARDEN-CBNMed-21-10-11-42-20240428","[1360999, 1357122, 1356108]"
"GUARDEN-CBNMed-21-2-11-07-20240428","[1357122, 1357121, 1357114]"
"GUARDEN-CBNMed-21-3-11-09-20240428","[1357122, 1393365, 1357117]"
"GUARDEN-CBNMed-21-6-11-17-20240428","[1357122, 1357114, 1388990]"
"GUARDEN-CBNMed-21-8-11-23-20240428","[1357122, 1362454, 1357121]"
"GUARDEN-CBNMed-21-9-11-32-20240428","[1388990, 1360999, 1399771]"
"GUARDEN-CBNMed-22-1-13-39-20240428","[1722625, 1360054, 1393569]"
"GUARDEN-CBNMed-22-10-14-48-20240428","[1360006, 1393574, 1357124]"
"GUARDEN-CBNMed-22-2-14-05-20240428","[1393574, 1722625, 1722522]"
"GUARDEN-CBNMed-22-5-14-21-20240428","[1393574, 1398646, 1722521]"
"GUARDEN-CBNMed-22-6-14-23-20240428","[1722521, 1722522, 1722625]"
"GUARDEN-CBNMed-22-7-14-25-20240428","[1722522, 1389328, 1722625]"
"GUARDEN-CBNMed-22-9-14-42-20240428","[1360006, 1722625, 1738887]"
"GUARDEN-CBNMed-23-1-9-56-20240428","[1360999, 1391710, 1361092]"
"GUARDEN-CBNMed-23-10-10-42-20240428","[1564646, 1363137, 1743811]"
"GUARDEN-CBNMed-23-3-10-14-20240428","[1389424, 1357114, 1357121]"
"GUARDEN-CBNMed-23-4-10-17-20240428","[1564646, 1647291, 1356108]"
"GUARDEN-CBNMed-23-5-10-21-20240428","[1398815, 1360711, 1564646]"
"GUARDEN-CBNMed-23-6-10-24-20240428","[1393365, 1359216, 1360655]"
"GUARDEN-CBNMed-23-7-10-28-20240428","[1360999, 1399677, 1393365]"
"GUARDEN-CBNMed-23-8-10-34-20240428","[1356108, 1743336, 1358318]"
"GUARDEN-CBNMed-23-9-10-39-20240428","[1744504, 1398815, 1564276]"
"GUARDEN-CBNMed-24-10-13-06-20240428","[1388990, 1359210, 1743889]"
"GUARDEN-CBNMed-24-2-12-04-20240428","[1357351, 1357338, 1362462]"
"GUARDEN-CBNMed-24-3-12-15-20240428","[1357351, 1357335, 1357405]"
"GUARDEN-CBNMed-24-5-12-36-20240428","[1357351, 1744928, 1360706]"
"GUARDEN-CBNMed-24-6-12-46-20240428","[1357351, 1396956, 1360711]"
"GUARDEN-CBNMed-24-7-12-54-20240428","[1360711, 1360709, 1360715]"
"GUARDEN-CBNMed-24-8-14-58-20240428","[1360711, 1357351, 1357338]"
"GUARDEN-CBNMed-24-9-13-02-20240428","[1492564, 1396956, 1360711]"
"GUARDEN-CBNMed-25-1-13-52-20240428","[1394527, 1742109, 1561314]"
"GUARDEN-CBNMed-25-10-14-49-20240428","[1357743, 1394527, 1357981]"
"GUARDEN-CBNMed-25-2-13-57-20240428","[1742109, 1361412, 1360739]"
"GUARDEN-CBNMed-25-3-14-06-20240428","[1394527, 1388990, 1561314]"
"GUARDEN-CBNMed-25-4-14-15-20240428","[1357743, 1394527, 1742109]"
"GUARDEN-CBNMed-25-7-14-28-20240428","[1357981, 1742109, 1359676]"
"GUARDEN-CBNMed-25-8-14-39-20240428","[1357981, 1357743, 1742109]"
"GUARDEN-CBNMed-25-9-14-43-20240428","[1357981, 1742109, 1744215]"
"GUARDEN-CBNMed-26-10-10-01-20240428","[1359344, 1359297, 1359298]"
"GUARDEN-CBNMed-26-6-9-34-20240428","[1738652, 1481437, 1358380]"
"GUARDEN-CBNMed-26-8-9-45-20240428","[1359344, 1359297, 1394643]"
"GUARDEN-CBNMed-26-9-9-48-20240428","[1359344, 1359297, 1359298]"
"GUARDEN-CBNMed-27-1-11-17-20240428","[1393547, 1743977, 1360059]"
"GUARDEN-CBNMed-27-10-11-55-20240428","[1360026, 1744392, 1360009]"
"GUARDEN-CBNMed-27-2-11-32-20240428","[1360026, 1744019, 1744392]"
"GUARDEN-CBNMed-27-3-11-36-20240428","[1363200, 1722625, 1722522]"
"GUARDEN-CBNMed-27-4-11-39-20240428","[1722522, 1722625, 1393574]"
"GUARDEN-CBNMed-27-5-11-4-20240428","[1722522, 1393574, 1722625]"
"GUARDEN-CBNMed-27-6-11-42-20240428","[1449488, 1393574, 1722625]"
"GUARDEN-CBNMed-27-7-11-43-20240428","[1722522, 1449488, 1722625]"
"GUARDEN-CBNMed-27-8-11-45-20240428","[1449488, 1393574, 1743297]"
"GUARDEN-CBNMed-27-9-11-47-20240428","[1722521, 1395727, 1744365]"
"GUARDEN-CBNMed-28-1-12-46-20240428","[1360006, 1722521, 1722625]"
"GUARDEN-CBNMed-28-10-13-23-20240428","[1357705, 1395940, 1360036]"
"GUARDEN-CBNMed-28-2-12-48-20240428","[1360006, 1722521, 1363200]"
"GUARDEN-CBNMed-28-3-12-51-20240428","[1722625, 1738887, 1722522]"
"GUARDEN-CBNMed-28-4-12-52-20240428","[1360054, 1357705, 1363838]"
"GUARDEN-CBNMed-28-5-13-02-20240428","[1360054, 1360026, 1743977]"
"GUARDEN-CBNMed-28-6-13-06-20240428","[1357705, 1393568, 1738887]"
"GUARDEN-CBNMed-28-7-13-11-20240428","[1357705, 1722625, 1393574]"
"GUARDEN-CBNMed-28-8-13-14-20240428","[1357705, 1391750, 1738887]"
"GUARDEN-CBNMed-28-9-13-17-20240428","[1722625, 1393574, 1357705]"
"GUARDEN-CBNMed-29-6-14-31-20240428","[1357227, 1359344, 1360719]"
"GUARDEN-CBNMed-29-7-14-34-20240428","[1360719, 1360701, 1360706]"
"GUARDEN-CBNMed-30-1-16-07-20240428","[1393770, 1357401, 1359344]"
"GUARDEN-CBNMed-30-10-16-41-20240428","[1359344, 1357227, 1394664]"
"GUARDEN-CBNMed-30-2-16-23-20240428","[1357227, 1359344, 1394664]"
"GUARDEN-CBNMed-30-4-16-3-20240428","[1357227, 1394664, 1359344]"
"GUARDEN-CBNMed-30-6-16-34-20240428","[1357227, 1394664, 1359344]"
"GUARDEN-CBNMed-30-7-16-35-20240428","[1357227, 1394664, 1359344]"
"GUARDEN-CBNMed-30-8-16-37-20240428","[1357227, 1359344, 1394664]"
"GUARDEN-CBNMed-30-9-16-4-20240428","[1357227, 1359344, 1394664]"
"GUARDEN-CBNMed-31-1-9-37-20240428","[1393770, 1359952, 1359965]"
"GUARDEN-CBNMed-31-10-10-06-20240428","[1722578, 1393770, 1414353]"
"GUARDEN-CBNMed-31-2-9-4-20240428","[1355977, 1363433, 1358590]"
"GUARDEN-CBNMed-31-3-9-44-20240428","[1393770, 1564441, 1363433]"
"GUARDEN-CBNMed-31-4-9-48-20240428","[1357227, 1564441, 1396726]"
"GUARDEN-CBNMed-31-5-9-51-20240428","[1393770, 1564441, 1396726]"
"GUARDEN-CBNMed-31-6-9-54-20240428","[1396726, 1564441, 1363882]"
"GUARDEN-CBNMed-31-7-9-56-20240428","[1722578, 1393770, 1744001]"
"GUARDEN-CBNMed-31-8-10-20240428","[1396726, 1564441, 1393770]"
"GUARDEN-CBNMed-31-9-10-02-20240428","[1722578, 1357227, 1393770]"
"GUARDEN-CBNMed-32-1-11-46-20240428","[1396726, 1564441, 1357630]"
"GUARDEN-CBNMed-32-10-13-12-20240428","[1396726, 1359952, 1357401]"
"GUARDEN-CBNMed-32-2-11-58-20240428","[1396726, 1564441, 1359952]"
"GUARDEN-CBNMed-32-3-12-01-20240428","[1396726, 1564441, 1393770]"
"GUARDEN-CBNMed-32-4-12-12-20240428","[1564441, 1396726, 1358968]"
"GUARDEN-CBNMed-32-9-13-07-20240428","[1357401, 1359952, 1393770]"
"GUARDEN-CBNMed-33-1-14-48-20240428","[1357630, 1397398, 1392725]"
"GUARDEN-CBNMed-33-10-15-59-20240428","[1357401, 1502684, 1363882]"
"GUARDEN-CBNMed-33-2-15-01-20240428","[1357630, 1392725, 1397398]"
"GUARDEN-CBNMed-33-3-15-04-20240428","[1357630, 1397398, 1392726]"
"GUARDEN-CBNMed-33-4-15-26-20240428","[1357401, 1357630, 1742109]"
"GUARDEN-CBNMed-33-5-15-29-20240428","[1357630, 1742109, 1392726]"
"GUARDEN-CBNMed-33-6-15-36-20240428","[1357630, 1392725, 1397398]"
"GUARDEN-CBNMed-33-7-15-43-20240428","[1356976, 1357401, 1357630]"
"GUARDEN-CBNMed-33-8-15-5-20240428","[1397398, 1357630, 1392726]"
"GUARDEN-CBNMed-33-9-15-56-20240428","[1357630, 1397398, 1361412]"
"GUARDEN-CBNMed-38-1-12-58-20240428","[1360711, 1363452, 1743588]"
"GUARDEN-CBNMed-38-4-14-39-20240428","[1360711, 1395162, 1395169]"
"GUARDEN-CBNMed-38-6-15-04-20240428","[1360711, 1743588, 1395169]"
"GUARDEN-CBNMed-39-10-12-02-20240531","[1360711, 1360719, 1360709]"
"GUARDEN-CBNMed-39-7-11-3-20240531","[1360711, 1363452, 1360709]"
"GUARDEN-CBNMed-39-8-11-39-20240531","[1360711, 1363452, 1361233]"
"GUARDEN-CBNMed-39-9-11-5-20240531","[1359591, 1363452, 1390761]"
"GUARDEN-CBNMed-44-7-12-03-20240629","[1392059, 1392067, 1360307]"
"GUARDEN-CBNMed-5-1-12-38-20240430","[1414366, 1363490, 1414353]"
"GUARDEN-CBNMed-5-10-13-32-20240430","[1414366, 1361058, 1356007]"
"GUARDEN-CBNMed-5-2-12-45-20240430","[1414366, 1400181, 1414365]"
"GUARDEN-CBNMed-5-3-12-56-20240430","[1414366, 1392637, 1391823]"
"GUARDEN-CBNMed-5-4-13-20240430","[1391823, 1363490, 1424916]"
"GUARDEN-CBNMed-5-5-13-04-20240430","[1362325, 1356422, 1363501]"
"GUARDEN-CBNMed-5-6-13-07-20240430","[1414366, 1414353, 1414367]"
"GUARDEN-CBNMed-5-7-13-17-20240430","[1414366, 1414353, 1363501]"
"GUARDEN-CBNMed-5-8-13-22-20240430","[1361058, 1414366, 1363459]"
"GUARDEN-CBNMed-5-9-13-27-20240430","[1396638, 1363501, 1363490]"
"GUARDEN-CBNMed-6-9-15-28-20240430","[1363461, 1414366, 1360399]"
"GUARDEN-CBNMed-8-10-12-59-20240429","[1358613, 1743916, 1743448]"
"GUARDEN-CBNMed-8-4-12-33-20240429","[1743966, 1722409, 1743989]"
"GUARDEN-CBNMed-8-8-12-51-20240429","[1359548, 1361000, 1743966]"
"GUARDEN-CBNMed-8-9-12-56-20240429","[1361000, 1358613, 1577392]"
"GUARDEN-CBNMed-9-10-16-16-20240429","[1358613, 1577392, 1743966]"
"GUARDEN-CBNMed-9-2-15-46-20240429","[1358511, 1694092, 1390468]"
"GUARDEN-CBNMed-9-6-16-04-20240429","[1358613, 1548487, 1743916]"
"GUARDEN-CBNMed-9-7-16-06-20240429","[1358613, 1743916, 1548487]"
"GUARDEN-CBNMed-9-8-16-08-20240429","[1358613, 1360701, 1360655]"
"GUARDEN-CBNMed-9-9-16-14-20240429","[1358613, 1360701, 1502610]"
"LISAH-BOU-0-10-20230523","[1356013, 1744001, 1355881]"
"LISAH-BOU-0-101-20240425","[1425238, 1390637, 1363731]"
"LISAH-BOU-0-104-20240502","[1356397, 1396319, 1360385]"
"LISAH-BOU-0-105-20240502","[1356397, 1356276, 1355908]"
"LISAH-BOU-0-108-20240502","[1359772, 1359790, 1359767]"
"LISAH-BOU-0-109-20240502","[1359772, 1355990, 1364173]"
"LISAH-BOU-0-110-20240502","[1356397, 1360385, 1360420]"
"LISAH-BOU-0-111-20240502","[1359792, 1356276, 1360420]"
"LISAH-BOU-0-113-20240502","[1356013, 1392594, 1361947]"
"LISAH-BOU-0-114-20240502","[1360385, 1355908, 1360416]"
"LISAH-BOU-0-117-20240502","[1356013, 1364100, 1360385]"
"LISAH-BOU-0-118-20240502","[1356013, 1392594, 1356276]"
"LISAH-BOU-0-14-20230511","[1361190, 1393522, 1363468]"
"LISAH-BOU-0-15-20230511","[1356013, 1650228, 1364101]"
"LISAH-BOU-0-153-20240502","[1356013, 1356008, 1355881]"
"LISAH-BOU-0-154-20240502","[1356013, 1394478, 1390637]"
"LISAH-BOU-0-157-20240502","[1356013, 1355964, 1358643]"
"LISAH-BOU-0-16-20230511","[1363835, 1363128, 1363129]"
"LISAH-BOU-0-160-20240502","[1356013, 1358643, 1355881]"
"LISAH-BOU-0-163-20240502","[1363944, 1358257, 1390637]"
"LISAH-BOU-0-164-20240502","[1356013, 1358643, 1390637]"
"LISAH-BOU-0-165-20240502","[1356013, 1392594, 1356008]"
"LISAH-BOU-0-167-20240502","[1363731, 1359333, 1393766]"
"LISAH-BOU-0-168-20240502","[1363731, 1361307, 1355994]"
"LISAH-BOU-0-170-20240502","[1363731, 1355994, 1359333]"
"LISAH-BOU-0-171-20240502","[1363731, 1357351, 1358654]"
"LISAH-BOU-0-172-20240502","[1356013, 1363731, 1357351]"
"LISAH-BOU-0-173-20240502","[1358654, 1357351, 1355881]"
"LISAH-BOU-0-174-20240502","[1425238, 1363731, 1392594]"
"LISAH-BOU-0-175-20240502","[1363734, 1425238, 1363731]"
"LISAH-BOU-0-183-20240502","[1363731, 1363944, 1364170]"
"LISAH-BOU-0-187-20240502","[1363734, 1361307, 1363731]"
"LISAH-BOU-0-191-20240502","[1359268, 1358654, 1425238]"
"LISAH-BOU-0-2-20240425","[1356697, 1356276, 1397387]"
"LISAH-BOU-0-24-20230512","[1361000, 1397356, 1363799]"
"LISAH-BOU-0-24-20240425","[1356013, 1360433, 1392594]"
"LISAH-BOU-0-25-20230512","[1356013, 1397356, 1360385]"
"LISAH-BOU-0-25-20230711","[1360825, 1356395, 1362353]"
"LISAH-BOU-0-28-20240425","[1361000, 1360385, 1360759]"
"LISAH-BOU-0-29-20230523","[1356013, 1397356, 1422217]"
"LISAH-BOU-0-29-20230621","[1363212, 1360816, 1356397]"
"LISAH-BOU-0-29-20240425","[1397356, 1361000, 1360385]"
"LISAH-BOU-0-3-20230721","[1363212, 1357815, 1355941]"
"LISAH-BOU-0-30-20230512","[1356012, 1356017, 1358671]"
"LISAH-BOU-0-30-20240425","[1356013, 1391113, 1360385]"
"LISAH-BOU-0-31-20230919","[1359124, 1722433, 1356069]"
"LISAH-BOU-0-31-20240425","[1356013, 1356012, 1356017]"
"LISAH-BOU-0-32-20230516","[1390879, 1391113, 1391112]"
"LISAH-BOU-0-32-20240425","[1356013, 1355964, 1361000]"
"LISAH-BOU-0-34-20230516","[1650228, 1356013, 1650353]"
"LISAH-BOU-0-35-20240425","[1356012, 1356013, 1356017]"
"LISAH-BOU-0-36-20240425","[1356013, 1356012, 1391113]"
"LISAH-BOU-0-37-20230512","[1397356, 1360614, 1360608]"
"LISAH-BOU-0-37-20240425","[1356012, 1361000, 1391113]"
"LISAH-BOU-0-38-20230516","[1356013, 1650228, 1390879]"
"LISAH-BOU-0-39-20230512","[1356013, 1361000, 1397356]"
"LISAH-BOU-0-4-20230511","[1356013, 1363213, 1357351]"
"LISAH-BOU-0-4-20230711","[1364006, 1356397, 1356803]"
"LISAH-BOU-0-4-20240425","[1356013, 1390637, 1356397]"
"LISAH-BOU-0-40-20230512","[1361000, 1391112, 1397356]"
"LISAH-BOU-0-40-20240425","[1361000, 1397356, 1363212]"
"LISAH-BOU-0-41-20230512","[1414366, 1397356, 1392594]"
"LISAH-BOU-0-42-20230511","[1356013, 1392594, 1356008]"
"LISAH-BOU-0-43-20230512","[1356013, 1397356, 1363835]"
"LISAH-BOU-0-44-20240425","[1363944, 1394478, 1359639]"
"LISAH-BOU-0-5-20230512","[1356276, 1357351, 1722433]"
"LISAH-BOU-0-5-20230711","[1389369, 1408867, 1356397]"
"LISAH-BOU-0-50-20230512","[1356013, 1356286, 1361307]"
"LISAH-BOU-0-52-20230512","[1358654, 1425238, 1359639]"
"LISAH-BOU-0-54-20230512","[1356286, 1392699, 1550162]"
"LISAH-BOU-0-55-20230512","[1356286, 1356008, 1363944]"
"LISAH-BOU-0-56-20230512","[1392699, 1358654, 1361307]"
"LISAH-BOU-0-58-20230512","[1358654, 1356286, 1363838]"
"LISAH-BOU-0-6-20240425","[1356395, 1650228, 1722433]"
"LISAH-BOU-0-63-20230512","[1358257, 1357603, 1358543]"
"LISAH-BOU-0-65-20230512","[1359171, 1393770, 1396296]"
"LISAH-BOU-0-75-20230516","[1356013, 1414366, 1397330]"
"LISAH-BOU-0-79-20230512","[1359525, 1425238, 1357526]"
"LISAH-BOU-0-8-20240425","[1357351, 1358347, 1355881]"
"LISAH-BOU-0-84-20230512","[1425238, 1359336, 1357635]"
"LISAH-BOU-0-9-20240425","[1356397, 1358347, 1356395]"
"LISAH-BOU-0-98-20240425","[1425238, 1359336, 1359344]"
"LISAH-BVD-0-100-20230510","[1356286, 1414366, 1361307]"
"LISAH-BVD-0-101-20230510","[1356066, 1362406, 1363433]"
"LISAH-BVD-0-152-20230511","[1363638, 1357635, 1394360]"
"LISAH-BVD-0-155-20230511","[1363213, 1364064, 1364063]"
"LISAH-BVD-0-158-20230511","[1363740, 1364065, 1363455]"
"LISAH-BVD-0-191-20230511","[1364065, 1363455, 1390967]"
"LISAH-BVD-0-192-20230511","[1359508, 1363455, 1363459]"
"LISAH-BVD-0-195-20230511","[1363508, 1356278, 1356066]"
"LISAH-BVD-0-196-20230511","[1363798, 1359279, 1363800]"
"LISAH-BVD-0-197-20230511","[1356278, 1363734, 1363801]"
"LISAH-BVD-0-200-20230511","[1356278, 1363993, 1359333]"
"LISAH-BVD-0-203-20230511","[1363739, 1356278, 1363740]"
"LISAH-BVD-0-205-20230511","[1363740, 1363455, 1363458]"
"LISAH-BVD-0-206-20230511","[1363739, 1363740, 1363455]"
"LISAH-BVD-0-208-20230511","[1356278, 1363455, 1363474]"
"LISAH-BVD-0-209-20230511","[1356278, 1363740, 1363455]"
"LISAH-BVD-0-25-20230510","[1357875, 1361316, 1363740]"
"LISAH-BVD-0-275-20230516","[1361307, 1363993, 1363469]"
"LISAH-BVD-0-277-20230516","[1363993, 1414366, 1360304]"
"LISAH-BVD-0-278-20230516","[1363993, 1414366, 1361307]"
"LISAH-BVD-0-281-20230516","[1363993, 1395667, 1360399]"
"LISAH-BVD-0-282-20230516","[1363993, 1414366, 1407739]"
"LISAH-BVD-0-283-20230516","[1363993, 1360304, 1728592]"
"LISAH-BVD-0-285-20230516","[1361307, 1363993, 1360304]"
"LISAH-BVD-0-287-20230516","[1361307, 1363993, 1414366]"
"LISAH-BVD-0-288-20230516","[1363993, 1363468, 1363456]"
"LISAH-BVD-0-292-20230516","[1363993, 1390967, 1360307]"
"LISAH-BVD-0-293-20230516","[1363993, 1356286, 1357635]"
"LISAH-BVD-0-294-20230516","[1363993, 1363403, 1363526]"
"LISAH-BVD-0-295-20230516","[1363993, 1361245, 1362023]"
"LISAH-BVD-0-296-20230516","[1363993, 1360859, 1414366]"
"LISAH-BVD-0-297-20230516","[1407739, 1363993, 1360313]"
"LISAH-BVD-0-298-20230516","[1407739, 1363993, 1360304]"
"LISAH-BVD-0-299-20230516","[1363993, 1363740, 1360313]"
"LISAH-BVD-0-300-20230516","[1363993, 1414366, 1422217]"
"LISAH-BVD-0-301-20230516","[1407739, 1363993, 1394592]"
"LISAH-BVD-0-302-20230516","[1363993, 1400126, 1394592]"
"LISAH-BVD-0-309-20230516","[1363993, 1363994, 1400126]"
"LISAH-BVD-0-310-20230516","[1363993, 1414366, 1390966]"
"LISAH-BVD-0-337-20230516","[1356286, 1361307, 1364006]"
"LISAH-BVD-0-338-20230516","[1356286, 1361307, 1364006]"
"LISAH-BVD-0-339-20230516","[1356286, 1414353, 1407739]"
"LISAH-BVD-0-341-20230516","[1356286, 1364006, 1363740]"
"LISAH-BVD-0-342-20230516","[1356286, 1364006, 1363798]"
"LISAH-BVD-0-343-20230516","[1356286, 1363213, 1364006]"
"LISAH-BVD-0-344-20230516","[1356286, 1361850, 1364006]"
"LISAH-BVD-0-345-20230516","[1356286, 1361302, 1364006]"
"LISAH-BVD-0-346-20230516","[1356286, 1364006, 1363403]"
"LISAH-BVD-0-347-20230516","[1356286, 1364006, 1407739]"
"LISAH-BVD-0-348-20230516","[1356286, 1357875, 1362380]"
"LISAH-BVD-0-349-20230516","[1356286, 1364006, 1363468]"
"LISAH-BVD-0-35-20230510","[1396446, 1363455, 1363543]"
"LISAH-BVD-0-350-20230516","[1356286, 1357635, 1364006]"
"LISAH-BVD-0-351-20230516","[1364006, 1356286, 1363798]"
"LISAH-BVD-0-352-20230516","[1356286, 1411890, 1364006]"
"LISAH-BVD-0-353-20230516","[1356286, 1363805, 1364006]"
"LISAH-BVD-0-354-20230516","[1364006, 1361190, 1363468]"
"LISAH-BVD-0-364-20230516","[1361307, 1364173, 1363944]"
"LISAH-BVD-0-372-20230516","[1361307, 1744928, 1361308]"
"LISAH-BVD-0-379-20230516","[1361307, 1356397, 1363731]"
"LISAH-BVD-0-380-20230516","[1361307, 1360120, 1363476]"
"LISAH-BVD-0-383-20230516","[1414353, 1422217, 1363476]"
"LISAH-BVD-0-392-20230516","[1359835, 1364006, 1355936]"
"LISAH-BVD-0-397-20230517","[1414353, 1361307, 1414366]"
"LISAH-BVD-0-398-20230517","[1728568, 1363740, 1360860]"
"LISAH-BVD-0-412-20230517","[1357697, 1360860, 1391445]"
"LISAH-BVD-0-417-20230517","[1356286, 1361307, 1355869]"
"LISAH-BVD-0-428-20230517","[1361307, 1356286, 1357875]"
"LISAH-BVD-0-430-20230517","[1356286, 1364006, 1407739]"
"LISAH-BVD-0-431-20230517","[1407739, 1364006, 1356286]"
"LISAH-BVD-0-432-20230517","[1356286, 1357635, 1364006]"
"LISAH-BVD-0-463-20230517","[1364065, 1356278, 1356111]"
"LISAH-BVD-0-465-20230517","[1364065, 1363413, 1397048]"
"LISAH-BVD-0-471-20230517","[1356286, 1407739, 1393619]"
"LISAH-BVD-0-54-20230510","[1722501, 1356314, 1356081]"
"LISAH-BVD-0-99-20230510","[1363731, 1363805, 1356286]"
"LISAH-JAS-0-1-20220505","[1357526, 1357546, 1357702]"
"LISAH-JAS-0-11-20220505","[1359519, 1363739, 1357875]"
"LISAH-JAS-0-12-20220505","[1359519, 1359860, 1363731]"
"LISAH-JAS-0-13-20220505","[1359519, 1363739, 1393770]"
"LISAH-JAS-0-15-20220505","[1362236, 1359519, 1422217]"
"LISAH-JAS-0-16-20220505","[1359519, 1363878, 1393770]"
"LISAH-JAS-0-17-20220505","[1362236, 1393770, 1359528]"
"LISAH-JAS-0-2-20220505","[1356111, 1363179, 1364065]"
"LISAH-JAS-0-6-20220505","[1359519, 1364138, 1356084]"
"LISAH-JAS-0-7-20220505","[1364138, 1359519, 1356084]"
"LISAH-JAS-0-9-20220505","[1359519, 1357546, 1355869]"
"LISAH-JAS-1-25-20220505","[1363213, 1422217, 1414366]"
"LISAH-JAS-1-27-20220505","[1361307, 1361117, 1422217]"
"LISAH-JAS-1-28-20220505","[1422217, 1363944, 1360437]"
"LISAH-JAS-1-5-20220505","[1356697, 1357546, 1360748]"
"LISAH-PEC-0-0-20220608","[1744673, 1361926, 1357945]"
"LISAH-PEC-0-1-20230411","[1356013, 1364138, 1550154]"
"LISAH-PEC-0-10-20230405","[1363878, 1364138, 1357635]"
"LISAH-PEC-0-11-20230405","[1364138, 1396208, 1363878]"
"LISAH-PEC-0-11-20230411","[1356013, 1358217, 1363878]"
"LISAH-PEC-0-12-20230411","[1356013, 1355964, 1364138]"
"LISAH-PEC-0-13-20230411","[1356013, 1360793, 1480138]"
"LISAH-PEC-0-13-20230413","[1356013, 1357192, 1363676]"
"LISAH-PEC-0-14-20230407","[1360290, 1361000, 1363988]"
"LISAH-PEC-0-15-20230407","[1361000, 1392158, 1669039]"
"LISAH-PEC-0-17-20230413","[1363676, 1357682, 1357981]"
"LISAH-PEC-0-18-20230411","[1356013, 1355964, 1357635]"
"LISAH-PEC-0-19-20230413","[1356013, 1363676, 1356008]"
"LISAH-PEC-0-20-20230411","[1356013, 1355964, 1364138]"
"LISAH-PEC-0-4-20230407","[1360433, 1361081, 1359279]"
"LISAH-PEC-0-4-20230411","[1356013, 1550154, 1363878]"
"LISAH-PEC-0-6-20220608","[1357401, 1390967, 1502684]"
"LISAH-PEC-0-6-20230411","[1356013, 1363791, 1550154]"
"LISAH-PEC-0-8-20230405","[1363878, 1363791, 1358260]"
"LISAH-PEC-0-9-20230411","[1356013, 1550154, 1363467]"
"LISAH-PEC-0-9-20230413","[1356013, 1357598, 1357596]"
"LISAH-PEC-1-13-20230405","[1363878, 1356013, 1357635]"
"LISAH-PEC-1-18-20230407","[1363878, 1355869, 1398824]"
"LISAH-PEC-2-0-20220609","[1364151, 1356013, 1357227]"
"LISAH-PEC-2-11-20220609","[1356013, 1357351, 1355881]"
"LISAH-PEC-2-17-20230407","[1390637, 1363878, 1355994]"
"LISAH-PEC-2-2-20220609","[1356013, 1392594, 1422217]"
"LISAH-PEC-2-20-20230407","[1356013, 1363878, 1355994]"
"LISAH-PEC-2-4-20220609","[1356013, 1355881, 1357351]"
"LISAH-PEC-2-5-20220609","[1364151, 1357514, 1357598]"
"LISAH-PEC-2-5-20230407","[1356013, 1363878, 1355998]"
"LISAH-PEC-2-6-20220609","[1356013, 1355881, 1422218]"
"LISAH-PEC-3-10-20230407","[1363804, 1359266, 1363805]"
"LISAH-PEC-3-16-20230407","[1363804, 1396879, 1363676]"
"LISAH-PEC-3-20-20230407","[1363676, 1396879, 1356013]"
"OPTMix-0108-P1-312-20231006","[1356404, 1356382, 1396752]"
"OPTMix-0108-P1-422-20231006","[1363593, 1741584, 1361080]"
"OPTMix-0108-P1-427-20231006","[1356404, 1743914, 1358612]"
"OPTMix-0108-P1-533-20231006","[1363593, 1363455, 1357413]"
"OPTMix-0108-P1-95-20231006","[1363593, 1360945, 1356404]"
"OPTMix-012-P1-143-20231201","[1391809, 1361389, 1419076]"
"OPTMix-012-P1-208-20231201","[1419076, 1359973, 1396168]"
"OPTMix-012-P2-192-20231201","[1419076, 1738583, 1392697]"
"OPTMix-012-P2-207-20231201","[1360945, 1400084, 1419076]"
"OPTMix-012-P2-240-20231201","[1400084, 1393317, 1360945]"
"OPTMix-012-P3-190-20231201","[1400084, 1359973, 1391994]"
"OPTMix-012-P3-218-20231201","[1400084, 1419076, 1357413]"
"OPTMix-012-P3-220-20231201","[1393681, 1361914, 1362023]"
"OPTMix-0178-P1-1060-20231006","[1394044, 1356382, 1396752]"
"OPTMix-0178-P1-1061-20231006","[1357413, 1396168, 1419076]"
"OPTMix-0178-P1-552-20231006","[1391809, 1356382, 1356404]"
"OPTMix-0178-P1-661-20231006","[1356382, 1356404, 1396752]"
"OPTMix-0178-P1-663-20231006","[1356433, 1358612, 1419076]"
"OPTMix-0178-P1-669-20231006","[1357413, 1419076, 1397565]"
"OPTMix-0200-11006-20231009","[1391809, 1356404, 1419076]"
"OPTMix-0200-P2-53-20231009","[1358504, 1358503, 1359548]"
"OPTMix-0200-P2-54-20231009","[1363593, 1361316, 1361074]"
"OPTMix-0200-P2-68-20231009","[1358501, 1357274, 1392745]"
"OPTMix-0200-P3-108-20231009","[1356404, 1361052, 1742100]"
"OPTMix-0200-P3-127-20231009","[1356404, 1668635, 1363413]"
"OPTMix-0200-P3-139-20231009","[1392764, 1356873, 1392762]"
"OPTMix-0214-P1-207-20231010","[1392309, 1362023, 1356359]"
"OPTMix-0214-P1-208-20231010","[1362023, 1400084, 1651162]"
"OPTMix-0214-P1-235-20231010","[1358612, 1738588, 1395026]"
"OPTMix-0214-P2-22-20231010","[1358501, 1359222, 1364138]"
"OPTMix-0214-P2-64-20231010","[1358501, 1394416, 1482204]"
"OPTMix-0214-P2-84-20231010","[1419076, 1358612, 1359973]"
"OPTMix-0214-P3-186-20231010","[1361233, 1650970, 1389018]"
"OPTMix-0214-P3-196-20231010","[1358615, 1358612, 1395026]"
"OPTMix-0214-P3-278-20231010","[1390761, 1532449, 1363593]"
"OPTMix-0216-P4-208-20231009","[1578171, 1358501, 1362309]"
"OPTMix-0255-11233-20231009","[1363593, 1361256, 1361000]"
"OPTMix-0255-11372-20231009","[1363593, 1395026, 1392319]"
"OPTMix-0255-11382-20231009","[1360433, 1363593, 1363490]"
"OPTMix-033-P3-107-20231201","[1356404, 1396752, 1356373]"
"OPTMix-0333-P1-107-20231212","[1356404, 1391809, 1356382]"
"OPTMix-0333-P1-112-20231212","[1356404, 1397763, 1391809]"
"OPTMix-0333-P2-108-20231212","[1356404, 1356382, 1356436]"
"OPTMix-0333-P2-112-20231212","[1356404, 1394416, 1390807]"
"OPTMix-0333-P2-115-20231212","[1356404, 1356382, 1389018]"
"OPTMix-0333-P3-100-20231201","[1356404, 1363593, 1400004]"
"OPTMix-0333-P3-76-20231201","[1356404, 1358501, 1356442]"
"OPTMix-057-P1-1699-20231010","[1356382, 1356433, 1356440]"
"OPTMix-057-P1-1901-20231010","[1362038, 1401438, 1361654]"
"OPTMix-057-P1-1902-20231010","[1356382, 1356404, 1391805]"
"OPTMix-057-P1-1913-20231010","[1356404, 1391809, 1356382]"
"OPTMix-057-P1-1917-20231010","[1394044, 1396752, 1722693]"
"OPTMix-0593-P1-129-20231205","[1548153, 1389018, 1363526]"
"OPTMix-0593-P1-134-20231205","[1359973, 1400084, 1419076]"
"OPTMix-0593-P1-86-20231205","[1400084, 1362023, 1358515]"
"OPTMix-0593-P2-180-20231205","[1396168, 1395026, 1419076]"
"OPTMix-0593-P2-84-20231205","[1419076, 1357413, 1359274]"
"OPTMix-0593-P2-92-20231205","[1400084, 1651162, 1361270]"
"OPTMix-0593-P3-130-20231205","[1400084, 1361585, 1361092]"
"OPTMix-0593-P3-146-20231205","[1400084, 1392309, 1390756]"
"OPTMix-0593-P3-87-20231205","[1359973, 1361585, 1400084]"
"OPTMix-0598-P1-118-20231205","[1393522, 1361245, 1394416]"
"OPTMix-0598-P1-132-20231205","[1359973, 1419076, 1357413]"
"OPTMix-0598-P1-133-20231205","[1395026, 1419076, 1548153]"
"OPTMix-0598-P1-149-20231205","[1358515, 1356401, 1357413]"
"OPTMix-0598-P1-197-20231205","[1358501, 1356442, 1391809]"
"OPTMix-0598-P1-198-20231205","[1361245, 1360701, 1389018]"
"OPTMix-0598-P2-102-20231205","[1362592, 1356404, 1356387]"
"OPTMix-0598-P2-139-20231207","[1356404, 1391418, 1356382]"
"OPTMix-0598-P2-86-20231207","[1356790, 1356404, 1356382]"
"OPTMix-0598-P2-99-20231205","[1356790, 1356404, 1419076]"
"OPTMix-0598-P4-104-20231207","[1358501, 1396167, 1396168]"
"OPTMix-0598-P4-108-20231207","[1398295, 1395476, 1391418]"
"OPTMix-0598-P4-128-20231207","[1419076, 1395026, 1357413]"
"OPTMix-083-P3-139-20231110","[1356404, 1356382, 1722693]"
"OPTMix-083-P3-186-20231110","[1356404, 1397430, 1396752]"
"OPTMix-083-P3-96-20231110","[1358501, 1741452, 1361891]"
"OPTMix-108-P1-000-20231006","[1359760, 1356382, 1358612]"
"RNNB-1-1-20230512","[1363540, 1394416, 1722522]"
"RNNB-1-1-20240117","[1655422, 1361326, 1722433]"
"RNNB-1-10-20230512","[1722625, 1738887, 1452062]"
"RNNB-1-10-20240117","[1722433, 1393522, 1359218]"
"RNNB-1-2-20230512","[1722625, 1722521, 1738887]"
"RNNB-1-2-20240117","[1391491, 1363302, 1356228]"
"RNNB-1-3-20230512","[1722521, 1738887, 1722625]"
"RNNB-1-3-20240117","[1722441, 1363302, 1361412]"
"RNNB-1-4-20230512","[1722625, 1738887, 1722522]"
"RNNB-1-4-20240117","[1357227, 1722672, 1357236]"
"RNNB-1-5-20230512","[1722625, 1722522, 1356560]"
"RNNB-1-5-20240117","[1722433, 1655422, 1363302]"
"RNNB-1-6-20230512","[1722625, 1738887, 1722522]"
"RNNB-1-6-20240117","[1722433, 1357227, 1361106]"
"RNNB-1-7-20230512","[1722625, 1738887, 1722522]"
"RNNB-1-7-20240117","[1393522, 1722433, 1731667]"
"RNNB-1-8-20230512","[1722625, 1722522, 1738887]"
"RNNB-1-8-20240117","[1738610, 1391491, 1722434]"
"RNNB-1-9-20230512","[1722625, 1738887, 1363200]"
"RNNB-1-9-20240117","[1722433, 1731667, 1363052]"
"RNNB-2-1-20230512","[1722625, 1722522, 1722521]"
"RNNB-2-1-20240117","[1357227, 1357236, 1722433]"
"RNNB-2-10-20230512","[1360006, 1452062, 1360034]"
"RNNB-2-10-20240117","[1357227, 1357236, 1408638]"
"RNNB-2-2-20230512","[1722522, 1722625, 1360006]"
"RNNB-2-2-20240117","[1357227, 1357236, 1359344]"
"RNNB-2-3-20230512","[1360006, 1722490, 1743297]"
"RNNB-2-3-20240117","[1357227, 1357236, 1357514]"
"RNNB-2-4-20230512","[1360006, 1743297, 1743275]"
"RNNB-2-4-20240117","[1357227, 1360701, 1722578]"
"RNNB-2-5-20230512","[1360006, 1426005, 1356086]"
"RNNB-2-5-20240117","[1357227, 1359344, 1388812]"
"RNNB-2-6-20230512","[1360006, 1743297, 1743275]"
"RNNB-2-6-20240117","[1357227, 1357236, 1408638]"
"RNNB-2-7-20230512","[1360006, 1393574, 1743297]"
"RNNB-2-7-20240117","[1357227, 1357236, 1722441]"
"RNNB-2-8-20230512","[1360006, 1357742, 1356284]"
"RNNB-2-8-20240117","[1360701, 1359344, 1360719]"
"RNNB-2-9-20230512","[1360006, 1743297, 1393568]"
"RNNB-2-9-20240117","[1357227, 1357236, 1727501]"
"RNNB-3-1-20230512","[1360054, 1426088, 1357815]"
"RNNB-3-1-20240117","[1359344, 1360381, 1357049]"
"RNNB-3-10-20230512","[1393522, 1650228, 1722433]"
"RNNB-3-10-20240117","[1738652, 1743249, 1357049]"
"RNNB-3-11-20230512","[1393522, 1650228, 1650353]"
"RNNB-3-12-20230512","[1393522, 1650228, 1722433]"
"RNNB-3-2-20230512","[1360006, 1425884, 1390761]"
"RNNB-3-2-20240117","[1359344, 1363852, 1722433]"
"RNNB-3-3-20240117","[1359344, 1363302, 1360701]"
"RNNB-3-4-20230512","[1391596, 1362443, 1388913]"
"RNNB-3-4-20240117","[1359344, 1357742, 1502775]"
"RNNB-3-5-20230512","[1650228, 1722433, 1361053]"
"RNNB-3-5-20240117","[1722501, 1356083, 1743750]"
"RNNB-3-6-20230512","[1722433, 1393522, 1650228]"
"RNNB-3-6-20240117","[1355977, 1358581, 1743750]"
"RNNB-3-7-20230512","[1650228, 1731667, 1393522]"
"RNNB-3-7-20240117","[1359344, 1355977, 1360978]"
"RNNB-3-8-20230512","[1393522, 1650228, 1722433]"
"RNNB-3-8-20240117","[1359344, 1357049, 1743297]"
"RNNB-3-9-20230512","[1393522, 1650228, 1722433]"
"RNNB-3-9-20240117","[1360701, 1360711, 1722441]"
"RNNB-4-1-20240117","[1357630, 1359344, 1392725]"
"RNNB-4-1-20240118","[1392725, 1357630, 1499749]"
"RNNB-4-10-20240117","[1359344, 1363302, 1360138]"
"RNNB-4-10-20240118","[1499749, 1357742, 1356951]"
"RNNB-4-2-20240117","[1359344, 1357742, 1393770]"
"RNNB-4-2-20240118","[1393619, 1357026, 1394643]"
"RNNB-4-3-20240117","[1722441, 1359344, 1393770]"
"RNNB-4-3-20240118","[1357026, 1499749, 1396292]"
"RNNB-4-4-20240117","[1359344, 1738652, 1363302]"
"RNNB-4-4-20240118","[1392725, 1397497, 1357026]"
"RNNB-4-5-20240117","[1357227, 1359344, 1393770]"
"RNNB-4-5-20240118","[1357630, 1518245, 1356951]"
"RNNB-4-6-20240117","[1359344, 1738652, 1357023]"
"RNNB-4-6-20240118","[1499749, 1357630, 1744842]"
"RNNB-4-7-20240117","[1359344, 1388812, 1738652]"
"RNNB-4-7-20240118","[1357630, 1499749, 1392725]"
"RNNB-4-8-20240117","[1359344, 1355950, 1357848]"
"RNNB-4-8-20240118","[1357630, 1392725, 1499749]"
"RNNB-4-9-20240117","[1359344, 1357848, 1357358]"
"RNNB-4-9-20240118","[1499749, 1357630, 1743750]"
"RNNB-5-1-20240117","[1360542, 1357630, 1357771]"
"RNNB-5-1-20240118","[1738652, 1502831, 1357405]"
"RNNB-5-10-20240117","[1357742, 1398322, 1738652]"
"RNNB-5-10-20240118","[1357630, 1392725, 1499749]"
"RNNB-5-2-20240117","[1363433, 1509616, 1357630]"
"RNNB-5-2-20240118","[1392725, 1357630, 1361825]"
"RNNB-5-3-20240117","[1357630, 1360542, 1357770]"
"RNNB-5-3-20240118","[1392725, 1499749, 1564441]"
"RNNB-5-4-20240117","[1357630, 1363433, 1392725]"
"RNNB-5-4-20240118","[1499749, 1357630, 1392725]"
"RNNB-5-5-20240117","[1357630, 1357770, 1392725]"
"RNNB-5-5-20240118","[1357630, 1392725, 1499749]"
"RNNB-5-6-20240117","[1360542, 1392725, 1357630]"
"RNNB-5-6-20240118","[1392725, 1357630, 1499749]"
"RNNB-5-7-20240117","[1360542, 1357401, 1744055]"
"RNNB-5-7-20240118","[1499749, 1388812, 1362038]"
"RNNB-5-8-20240117","[1396197, 1392699, 1357401]"
"RNNB-5-8-20240118","[1722441, 1361412, 1363447]"
"RNNB-5-9-20240117","[1396197, 1393770, 1743332]"
"RNNB-5-9-20240118","[1394643, 1363165, 1397498]"
"RNNB-6-1-20240117","[1357401, 1502775, 1744035]"
"RNNB-6-1-20240118","[1357425, 1355886, 1397398]"
"RNNB-6-10-20240117","[1357401, 1502406, 1391122]"
"RNNB-6-10-20240118","[1357630, 1564441, 1392725]"
"RNNB-6-2-20240117","[1357401, 1363526, 1647281]"
"RNNB-6-2-20240118","[1357962, 1722578, 1394416]"
"RNNB-6-3-20240117","[1738652, 1636863, 1356141]"
"RNNB-6-3-20240118","[1744033, 1361412, 1357443]"
"RNNB-6-4-20240117","[1361412, 1357456, 1398322]"
"RNNB-6-4-20240118","[1357212, 1722578, 1361926]"
"RNNB-6-5-20240117","[1360978, 1363302, 1363544]"
"RNNB-6-5-20240118","[1397398, 1512544, 1744602]"
"RNNB-6-6-20240117","[1361412, 1363526, 1361245]"
"RNNB-6-6-20240118","[1357630, 1359344, 1743664]"
"RNNB-6-7-20240117","[1361412, 1738652, 1363526]"
"RNNB-6-7-20240118","[1392725, 1357630, 1499749]"
"RNNB-6-8-20240117","[1355950, 1357848, 1357303]"
"RNNB-6-8-20240118","[1357630, 1392725, 1357770]"
"RNNB-6-9-20240117","[1356149, 1363526, 1357401]"
"RNNB-6-9-20240118","[1357630, 1393619, 1392725]"
"RNNB-7-1-20240118","[1738652, 1362333, 1357742]"
"RNNB-7-10-20240118","[1392725, 1357742, 1361412]"
"RNNB-7-2-20240118","[1361412, 1357771, 1361127]"
"RNNB-7-3-20240118","[1357770, 1357630, 1361412]"
"RNNB-7-4-20240118","[1361412, 1744399, 1492564]"
"RNNB-7-5-20240118","[1361412, 1518932, 1398821]"
"RNNB-7-6-20240118","[1357770, 1392725, 1357630]"
"RNNB-7-7-20240118","[1361412, 1399739, 1499749]"
"RNNB-7-8-20240118","[1361412, 1357962, 1492564]"
"RNNB-7-9-20240118","[1361412, 1388990, 1394527]"
"RNNB-8-1-20240118","[1359344, 1399739, 1393770]"
"RNNB-8-10-20240118","[1361412, 1363302, 1722433]"
"RNNB-8-2-20240118","[1357227, 1397320, 1357236]"
"RNNB-8-3-20240118","[1357871, 1364100, 1393522]"
"RNNB-8-4-20240118","[1357227, 1363302, 1722441]"
"RNNB-8-5-20240118","[1359344, 1388812, 1393770]"
"RNNB-8-6-20240118","[1359344, 1393770, 1357227]"
"RNNB-8-7-20240118","[1359344, 1357227, 1355950]"
"RNNB-8-8-20240118","[1357227, 1359344, 1357236]"
"RNNB-8-9-20240118","[1359344, 1360381, 1359297]"
