"quadrat_id","species_ids"
"2024-CEV3-20240602","[1395045, 1361592, 1363461]"
"CBN-PdlC-A1-20130807","[1395807, 1412857, 1396253]"
"CBN-PdlC-A1-20130903","[1395807, 1392608, 1412857]"
"CBN-PdlC-A1-20140721","[1396144, 1412857, 1392608]"
"CBN-PdlC-A1-20140811","[1392608, 1412857, 1394641]"
"CBN-PdlC-A1-20140901","[1361367, 1396144, 1397491]"
"CBN-PdlC-A1-20150701","[1393619, 1396253, 1394911]"
"CBN-PdlC-A1-20150720","[1392534, 1392608, 1742053]"
"CBN-PdlC-A1-20150831","[1392534, 1412857, 1396843]"
"CBN-PdlC-A1-20160705","[1394911, 1396253, 1412857]"
"CBN-PdlC-A1-20160726","[1392535, 1392534, 1395807]"
"CBN-PdlC-A1-20170816","[1742053, 1412857, 1392534]"
"CBN-PdlC-A1-20170906","[1392534, 1412857, 1396253]"
"CBN-PdlC-A1-20180702","[1412857, 1392534, 1392535]"
"CBN-PdlC-A1-20180815","[1412857, 1742053, 1396843]"
"CBN-PdlC-A1-20180905","[1412857, 1392541, 1392534]"
"CBN-PdlC-A1-20190701","[1391781, 1392541, 1479447]"
"CBN-PdlC-A1-20190722","[1396843, 1412857, 1392608]"
"CBN-PdlC-A1-20190812","[1361367, 1412857, 1392608]"
"CBN-PdlC-A1-20190909","[1392608, 1412857, 1392611]"
"CBN-PdlC-A1-20200629","[1356361, 1411089, 1391427]"
"CBN-PdlC-A1-20200722","[1392535, 1392534, 1392608]"
"CBN-PdlC-A1-20200812","[1742053, 1412857, 1396253]"
"CBN-PdlC-A2-20130807","[1412857, 1396253, 1394643]"
"CBN-PdlC-A2-20130903","[1395807, 1742053, 1396253]"
"CBN-PdlC-A2-20140721","[1396144, 1396253, 1397491]"
"CBN-PdlC-A2-20140901","[1412857, 1396144, 1742053]"
"CBN-PdlC-A2-20150720","[1393200, 1412857, 1396253]"
"CBN-PdlC-A2-20150810","[1393200, 1412857, 1395807]"
"CBN-PdlC-A2-20150831","[1392534, 1412857, 1396253]"
"CBN-PdlC-A2-20160705","[1393200, 1412857, 1396253]"
"CBN-PdlC-A2-20160726","[1392535, 1393200, 1392534]"
"CBN-PdlC-A2-20170816","[1393200, 1742053, 1412857]"
"CBN-PdlC-A2-20180702","[1359750, 1391427, 1394643]"
"CBN-PdlC-A2-20180723","[1393200, 1396253, 1396362]"
"CBN-PdlC-A2-20180815","[1412857, 1396253, 1392608]"
"CBN-PdlC-A2-20180905","[1412857, 1396253, 1742053]"
"CBN-PdlC-A2-20190701","[1396144, 1394643, 1391494]"
"CBN-PdlC-A2-20190722","[1393200, 1396253, 1392534]"
"CBN-PdlC-A2-20190812","[1412857, 1396253, 1357608]"
"CBN-PdlC-A2-20190909","[1742053, 1412857, 1392579]"
"CBN-PdlC-A2-20200629","[1744618, 1392129, 1724565]"
"CBN-PdlC-A2-20200722","[1392534, 1392535, 1395807]"
"CBN-PdlC-A2-20200812","[1396253, 1412857, 1742053]"
"CBN-PdlC-A3-20130807","[1392608, 1393200, 1393619]"
"CBN-PdlC-A3-20130903","[1392608, 1399800, 1392541]"
"CBN-PdlC-A3-20140721","[1393200, 1392608, 1396144]"
"CBN-PdlC-A3-20140811","[1396144, 1393200, 1392608]"
"CBN-PdlC-A3-20140901","[1392241, 1412857, 1742053]"
"CBN-PdlC-A3-20150701","[1396144, 1393200, 1396253]"
"CBN-PdlC-A3-20150720","[1393200, 1392608, 1412857]"
"CBN-PdlC-A3-20150810","[1396253, 1393200, 1412857]"
"CBN-PdlC-A3-20150831","[1393200, 1396144, 1392608]"
"CBN-PdlC-A3-20160705","[1393200, 1396144, 1392608]"
"CBN-PdlC-A3-20160726","[1393200, 1412857, 1392535]"
"CBN-PdlC-A3-20170816","[1412857, 1742053, 1393200]"
"CBN-PdlC-A3-20170906","[1396144, 1412857, 1390793]"
"CBN-PdlC-A3-20180702","[1393200, 1412857, 1394643]"
"CBN-PdlC-A3-20180723","[1393200, 1392608, 1363543]"
"CBN-PdlC-A3-20180815","[1394643, 1392608, 1412857]"
"CBN-PdlC-A3-20180905","[1412857, 1396253, 1742053]"
"CBN-PdlC-A3-20190701","[1393200, 1412857, 1392534]"
"CBN-PdlC-A3-20190722","[1393200, 1412857, 1392608]"
"CBN-PdlC-A3-20190812","[1393200, 1392608, 1516081]"
"CBN-PdlC-A3-20190909","[1394911, 1412857, 1392608]"
"CBN-PdlC-A3-20200629","[1356033, 1394065, 1360981]"
"CBN-PdlC-A3-20200722","[1393200, 1392608, 1412857]"
"CBN-PdlC-A3-20200812","[1742053, 1412857, 1393200]"
"CBN-PdlC-A4-20130807","[1393200, 1397475, 1363543]"
"CBN-PdlC-A4-20130903","[1393200, 1397475, 1392608]"
"CBN-PdlC-A4-20140811","[1393200, 1356424, 1395807]"
"CBN-PdlC-A4-20140901","[1393200, 1395807, 1397046]"
"CBN-PdlC-A4-20150701","[1393200, 1392608, 1392612]"
"CBN-PdlC-A4-20150810","[1393200, 1392608, 1396253]"
"CBN-PdlC-A4-20150831","[1396144, 1393200, 1400101]"
"CBN-PdlC-A4-20160705","[1393200, 1397475, 1358095]"
"CBN-PdlC-A4-20160726","[1396144, 1393200, 1392608]"
"CBN-PdlC-A4-20170816","[1393200, 1396144, 1742053]"
"CBN-PdlC-A4-20170906","[1393200, 1396144, 1412857]"
"CBN-PdlC-A4-20180702","[1397475, 1393200, 1396144]"
"CBN-PdlC-A4-20180723","[1393200, 1400101, 1396144]"
"CBN-PdlC-A4-20180815","[1393200, 1362100, 1394597]"
"CBN-PdlC-A4-20180905","[1393200, 1396144, 1392608]"
"CBN-PdlC-A4-20190701","[1397475, 1358622, 1393200]"
"CBN-PdlC-A4-20190722","[1397475, 1393200, 1360591]"
"CBN-PdlC-A4-20190812","[1392608, 1361347, 1397208]"
"CBN-PdlC-A4-20190909","[1397475, 1363491, 1363495]"
"CBN-PdlC-A4-20200629","[1393200, 1397475, 1392608]"
"CBN-PdlC-A4-20200722","[1393200, 1397475, 1397430]"
"CBN-PdlC-A4-20200812","[1393200, 1392608, 1412857]"
"CBN-PdlC-A5-20130807","[1393200, 1396253, 1397475]"
"CBN-PdlC-A5-20130903","[1397475, 1396253, 1361367]"
"CBN-PdlC-A5-20140721","[1393200, 1397475, 1396253]"
"CBN-PdlC-A5-20140811","[1361598, 1395807, 1394671]"
"CBN-PdlC-A5-20150701","[1393200, 1395807, 1397475]"
"CBN-PdlC-A5-20150831","[1396253, 1397475, 1395807]"
"CBN-PdlC-A5-20160705","[1396253, 1397475, 1393874]"
"CBN-PdlC-A5-20160726","[1392534, 1393200, 1392535]"
"CBN-PdlC-A5-20170816","[1397475, 1396253, 1394366]"
"CBN-PdlC-A5-20170906","[1396253, 1397475, 1393200]"
"CBN-PdlC-A5-20180815","[1393200, 1396253, 1363543]"
"CBN-PdlC-A5-20180905","[1396253, 1393200, 1394577]"
"CBN-PdlC-A5-20190909","[1397475, 1396253, 1361969]"
"CBN-PdlC-A5-20200722","[1396253, 1393200, 1397043]"
"CBN-PdlC-A6-20130807","[1397475, 1393200, 1392534]"
"CBN-PdlC-A6-20130903","[1396253, 1397475, 1393660]"
"CBN-PdlC-A6-20140630","[1397475, 1393200, 1395190]"
"CBN-PdlC-A6-20140721","[1393200, 1396253, 1397475]"
"CBN-PdlC-A6-20140901","[1397475, 1361367, 1394542]"
"CBN-PdlC-A6-20150701","[1397475, 1396253, 1395807]"
"CBN-PdlC-A6-20150810","[1393200, 1397475, 1395807]"
"CBN-PdlC-A6-20150831","[1397475, 1743984, 1396253]"
"CBN-PdlC-A6-20160705","[1393200, 1397475, 1395807]"
"CBN-PdlC-A6-20160726","[1397475, 1396253, 1395807]"
"CBN-PdlC-A6-20170816","[1397475, 1396253, 1393874]"
"CBN-PdlC-A6-20170906","[1397475, 1396253, 1393200]"
"CBN-PdlC-A6-20180702","[1396253, 1397475, 1393874]"
"CBN-PdlC-A6-20180723","[1393200, 1397475, 1396253]"
"CBN-PdlC-A6-20180815","[1393874, 1393200, 1397475]"
"CBN-PdlC-A6-20180905","[1397475, 1393200, 1396253]"
"CBN-PdlC-A6-20190701","[1393200, 1396253, 1397475]"
"CBN-PdlC-A6-20190722","[1396253, 1393660, 1393679]"
"CBN-PdlC-A6-20190812","[1397475, 1393200, 1396253]"
"CBN-PdlC-A6-20190909","[1397475, 1741661, 1393660]"
"CBN-PdlC-A6-20200722","[1397475, 1396253, 1395807]"
"CBN-PdlC-A6-20200812","[1397475, 1396253, 1393200]"
"CBN-PdlC-B1-20130807","[1393200, 1392608, 1412857]"
"CBN-PdlC-B1-20130903","[1392608, 1396144, 1393200]"
"CBN-PdlC-B1-20140721","[1393200, 1396253, 1392608]"
"CBN-PdlC-B1-20140811","[1392608, 1412857, 1393200]"
"CBN-PdlC-B1-20140901","[1393200, 1392608, 1412857]"
"CBN-PdlC-B1-20150701","[1396253, 1392608, 1393200]"
"CBN-PdlC-B1-20150720","[1392608, 1396253, 1395807]"
"CBN-PdlC-B1-20150810","[1392608, 1393200, 1396253]"
"CBN-PdlC-B1-20150831","[1396144, 1742053, 1412857]"
"CBN-PdlC-B1-20160705","[1396144, 1393200, 1412857]"
"CBN-PdlC-B1-20160726","[1393200, 1361367, 1392608]"
"CBN-PdlC-B1-20170816","[1394641, 1395807, 1742053]"
"CBN-PdlC-B1-20170906","[1392608, 1412857, 1396253]"
"CBN-PdlC-B1-20180702","[1413349, 1396347, 1418688]"
"CBN-PdlC-B1-20180723","[1392608, 1396144, 1393200]"
"CBN-PdlC-B1-20180815","[1396144, 1412857, 1397491]"
"CBN-PdlC-B1-20180905","[1412857, 1647128, 1392608]"
"CBN-PdlC-B1-20190701","[1396144, 1358095, 1412857]"
"CBN-PdlC-B1-20190722","[1392608, 1396253, 1396144]"
"CBN-PdlC-B1-20190812","[1412857, 1396144, 1392608]"
"CBN-PdlC-B1-20190909","[1392608, 1412857, 1742053]"
"CBN-PdlC-B1-20200629","[1356359, 1360299, 1532190]"
"CBN-PdlC-B1-20200722","[1396144, 1393200, 1392608]"
"CBN-PdlC-B1-20200812","[1392608, 1396144, 1742053]"
"CBN-PdlC-B2-20130807","[1392608, 1359649, 1392535]"
"CBN-PdlC-B2-20130903","[1392608, 1392614, 1394643]"
"CBN-PdlC-B2-20140721","[1392608, 1392611, 1647128]"
"CBN-PdlC-B2-20140811","[1392608, 1392611, 1395807]"
"CBN-PdlC-B2-20140901","[1647128, 1396362, 1744479]"
"CBN-PdlC-B2-20150701","[1392608, 1363618, 1392612]"
"CBN-PdlC-B2-20150720","[1392541, 1392608, 1394911]"
"CBN-PdlC-B2-20150810","[1392608, 1395807, 1412857]"
"CBN-PdlC-B2-20150831","[1392608, 1412857, 1392541]"
"CBN-PdlC-B2-20160705","[1362453, 1394911, 1392608]"
"CBN-PdlC-B2-20160726","[1392608, 1647187, 1392614]"
"CBN-PdlC-B2-20170816","[1412857, 1392541, 1362482]"
"CBN-PdlC-B2-20170906","[1392608, 1392534, 1394643]"
"CBN-PdlC-B2-20180702","[1391427, 1412857, 1413349]"
"CBN-PdlC-B2-20180723","[1549015, 1392534, 1392535]"
"CBN-PdlC-B2-20180815","[1392534, 1412857, 1392535]"
"CBN-PdlC-B2-20180905","[1392534, 1412857, 1363543]"
"CBN-PdlC-B2-20190701","[1528543, 1391427, 1492564]"
"CBN-PdlC-B2-20190722","[1392534, 1400101, 1397043]"
"CBN-PdlC-B2-20190812","[1392534, 1392535, 1412857]"
"CBN-PdlC-B2-20190909","[1362482, 1392608, 1392561]"
"CBN-PdlC-B2-20200629","[1391427, 1394911, 1528543]"
"CBN-PdlC-B2-20200722","[1392608, 1392612, 1392611]"
"CBN-PdlC-B2-20200812","[1392608, 1392612, 1394911]"
"CBN-PdlC-B3-20130807","[1393200, 1392541, 1394911]"
"CBN-PdlC-B3-20130903","[1393200, 1392541, 1394911]"
"CBN-PdlC-B3-20140721","[1396144, 1393200, 1392541]"
"CBN-PdlC-B3-20140811","[1393200, 1742053, 1392541]"
"CBN-PdlC-B3-20140901","[1361367, 1742053, 1412857]"
"CBN-PdlC-B3-20150701","[1393200, 1394597, 1399800]"
"CBN-PdlC-B3-20150810","[1393200, 1744235, 1744294]"
"CBN-PdlC-B3-20150831","[1393200, 1392541, 1742053]"
"CBN-PdlC-B3-20160705","[1393200, 1412857, 1392534]"
"CBN-PdlC-B3-20160726","[1393200, 1392541, 1364066]"
"CBN-PdlC-B3-20170816","[1412857, 1394542, 1399798]"
"CBN-PdlC-B3-20170906","[1412857, 1393200, 1742053]"
"CBN-PdlC-B3-20180702","[1363543, 1391427, 1396144]"
"CBN-PdlC-B3-20180723","[1393200, 1412857, 1742053]"
"CBN-PdlC-B3-20180815","[1393200, 1412857, 1400017]"
"CBN-PdlC-B3-20180905","[1396144, 1393200, 1412857]"
"CBN-PdlC-B3-20190701","[1396144, 1397491, 1356348]"
"CBN-PdlC-B3-20190722","[1392534, 1393200, 1412857]"
"CBN-PdlC-B3-20190812","[1412857, 1393200, 1742053]"
"CBN-PdlC-B3-20190909","[1394643, 1412857, 1389329]"
"CBN-PdlC-B3-20200629","[1356228, 1399798, 1744294]"
"CBN-PdlC-B3-20200722","[1393200, 1742053, 1394643]"
"CBN-PdlC-B3-20200812","[1393200, 1397381, 1412857]"
"CBN-PdlC-B4-20130807","[1397475, 1393200, 1388913]"
"CBN-PdlC-B4-20130903","[1397475, 1532190, 1393874]"
"CBN-PdlC-B4-20140721","[1397475, 1393874, 1400101]"
"CBN-PdlC-B4-20140811","[1397475, 1392534, 1396144]"
"CBN-PdlC-B4-20140901","[1412857, 1742053, 1397475]"
"CBN-PdlC-B4-20150701","[1397475, 1393874, 1418688]"
"CBN-PdlC-B4-20150810","[1397475, 1393200, 1390674]"
"CBN-PdlC-B4-20150831","[1397475, 1394311, 1363543]"
"CBN-PdlC-B4-20160726","[1742053, 1412857, 1397475]"
"CBN-PdlC-B4-20170816","[1397475, 1393874, 1393200]"
"CBN-PdlC-B4-20170906","[1397475, 1400101, 1393874]"
"CBN-PdlC-B4-20180702","[1397475, 1741661, 1363618]"
"CBN-PdlC-B4-20180723","[1396144, 1393200, 1397475]"
"CBN-PdlC-B4-20180815","[1396144, 1397475, 1393874]"
"CBN-PdlC-B4-20180905","[1393200, 1397475, 1392534]"
"CBN-PdlC-B4-20190701","[1397475, 1391427, 1393874]"
"CBN-PdlC-B4-20190722","[1397475, 1393874, 1743984]"
"CBN-PdlC-B4-20190812","[1393874, 1397475, 1362482]"
"CBN-PdlC-B4-20190909","[1397475, 1359678, 1357103]"
"CBN-PdlC-B4-20200629","[1397475, 1741661, 1395870]"
"CBN-PdlC-B4-20200722","[1397475, 1393200, 1388767]"
"CBN-PdlC-B4-20200812","[1397475, 1393200, 1412857]"
"CBN-PdlC-B5-20130807","[1397475, 1395807, 1396253]"
"CBN-PdlC-B5-20130903","[1397475, 1395807, 1360101]"
"CBN-PdlC-B5-20140630","[1743903, 1361801, 1529410]"
"CBN-PdlC-B5-20140721","[1396253, 1397475, 1395807]"
"CBN-PdlC-B5-20140811","[1397475, 1395807, 1400101]"
"CBN-PdlC-B5-20140901","[1361367, 1395807, 1738042]"
"CBN-PdlC-B5-20150701","[1397475, 1400101, 1395807]"
"CBN-PdlC-B5-20150720","[1397475, 1395807, 1400101]"
"CBN-PdlC-B5-20150810","[1397475, 1395807, 1361801]"
"CBN-PdlC-B5-20150831","[1397475, 1396253, 1395807]"
"CBN-PdlC-B5-20160705","[1397475, 1361801, 1395807]"
"CBN-PdlC-B5-20160726","[1397475, 1395807, 1361801]"
"CBN-PdlC-B5-20170816","[1397475, 1393874, 1394311]"
"CBN-PdlC-B5-20170906","[1397475, 1395807, 1393874]"
"CBN-PdlC-B5-20180702","[1397475, 1391427, 1395190]"
"CBN-PdlC-B5-20180723","[1397475, 1395807, 1418688]"
"CBN-PdlC-B5-20180815","[1397475, 1397468, 1395807]"
"CBN-PdlC-B5-20180905","[1397475, 1395807, 1396253]"
"CBN-PdlC-B5-20190701","[1397475, 1392407, 1394542]"
"CBN-PdlC-B5-20190722","[1397475, 1397043, 1396253]"
"CBN-PdlC-B5-20190812","[1397475, 1395807, 1396253]"
"CBN-PdlC-B5-20190909","[1397475, 1395807, 1400101]"
"CBN-PdlC-B5-20200629","[1397475, 1397465, 1361801]"
"CBN-PdlC-B5-20200722","[1397475, 1400101, 1395807]"
"CBN-PdlC-B5-20200812","[1397475, 1400101, 1395807]"
"CBN-PdlC-B6-20130807","[1392535, 1392534, 1396974]"
"CBN-PdlC-B6-20130903","[1395807, 1363543, 1393224]"
"CBN-PdlC-B6-20140630","[1361598, 1358099, 1743359]"
"CBN-PdlC-B6-20140721","[1395807, 1396253, 1393200]"
"CBN-PdlC-B6-20140811","[1396253, 1395807, 1397450]"
"CBN-PdlC-B6-20140901","[1394540, 1396253, 1394542]"
"CBN-PdlC-B6-20150701","[1396253, 1395807, 1394911]"
"CBN-PdlC-B6-20150720","[1396253, 1395807, 1361801]"
"CBN-PdlC-B6-20150810","[1397475, 1395807, 1396253]"
"CBN-PdlC-B6-20150831","[1395807, 1396253, 1389929]"
"CBN-PdlC-B6-20160705","[1393200, 1395807, 1396253]"
"CBN-PdlC-B6-20160726","[1396253, 1395807, 1361801]"
"CBN-PdlC-B6-20170816","[1395807, 1720959, 1396253]"
"CBN-PdlC-B6-20170906","[1396253, 1393200, 1400176]"
"CBN-PdlC-B6-20180702","[1393200, 1392541, 1394911]"
"CBN-PdlC-B6-20180723","[1395807, 1744843, 1361801]"
"CBN-PdlC-B6-20180905","[1396253, 1395862, 1394910]"
"CBN-PdlC-B6-20190701","[1393200, 1394911, 1396253]"
"CBN-PdlC-B6-20190722","[1396253, 1393200, 1395807]"
"CBN-PdlC-B6-20190812","[1397475, 1393200, 1396253]"
"CBN-PdlC-B6-20190909","[1397450, 1395807, 1361801]"
"CBN-PdlC-B6-20200629","[1396253, 1397475, 1394603]"
"CBN-PdlC-B6-20200722","[1392534, 1393200, 1396253]"
"CBN-PdlC-B6-20200812","[1393200, 1392541, 1395807]"
"CBN-PdlC-C1-20130807","[1393708, 1397500, 1396253]"
"CBN-PdlC-C1-20130903","[1393200, 1396253, 1395807]"
"CBN-PdlC-C1-20140721","[1397500, 1396253, 1392534]"
"CBN-PdlC-C1-20140811","[1393200, 1395807, 1392535]"
"CBN-PdlC-C1-20140901","[1393200, 1395807, 1363133]"
"CBN-PdlC-C1-20150701","[1397500, 1393200, 1392541]"
"CBN-PdlC-C1-20150720","[1393200, 1396253, 1412857]"
"CBN-PdlC-C1-20150810","[1393200, 1396253, 1362482]"
"CBN-PdlC-C1-20150831","[1393200, 1362482, 1647677]"
"CBN-PdlC-C1-20160705","[1393200, 1396253, 1397500]"
"CBN-PdlC-C1-20160726","[1361367, 1396253, 1397043]"
"CBN-PdlC-C1-20170816","[1396253, 1393200, 1395807]"
"CBN-PdlC-C1-20170906","[1396253, 1393200, 1495503]"
"CBN-PdlC-C1-20180723","[1393200, 1396253, 1393708]"
"CBN-PdlC-C1-20180815","[1393200, 1741706, 1395807]"
"CBN-PdlC-C1-20180905","[1393200, 1396253, 1392534]"
"CBN-PdlC-C1-20190701","[1362811, 1390532, 1392534]"
"CBN-PdlC-C1-20190722","[1393200, 1396253, 1395807]"
"CBN-PdlC-C1-20190812","[1392534, 1393200, 1392535]"
"CBN-PdlC-C1-20190909","[1393200, 1392534, 1394311]"
"CBN-PdlC-C1-20200722","[1393200, 1395807, 1397500]"
"CBN-PdlC-C1-20200812","[1393200, 1392534, 1396253]"
"CBN-PdlC-C2-20130903","[1412857, 1742053, 1395807]"
"CBN-PdlC-C2-20140721","[1396144, 1392541, 1412857]"
"CBN-PdlC-C2-20140811","[1392535, 1742053, 1412857]"
"CBN-PdlC-C2-20140901","[1412857, 1742053, 1396253]"
"CBN-PdlC-C2-20150701","[1412857, 1393200, 1396144]"
"CBN-PdlC-C2-20150720","[1412857, 1396253, 1742053]"
"CBN-PdlC-C2-20150810","[1742053, 1412857, 1395807]"
"CBN-PdlC-C2-20150831","[1412857, 1742053, 1395807]"
"CBN-PdlC-C2-20160705","[1396144, 1412857, 1742053]"
"CBN-PdlC-C2-20160726","[1392534, 1392535, 1393200]"
"CBN-PdlC-C2-20170816","[1392541, 1392565, 1412857]"
"CBN-PdlC-C2-20170906","[1392534, 1392535, 1392541]"
"CBN-PdlC-C2-20180723","[1393200, 1396253, 1412857]"
"CBN-PdlC-C2-20180815","[1412857, 1395807, 1394911]"
"CBN-PdlC-C2-20180905","[1392535, 1392534, 1412857]"
"CBN-PdlC-C2-20190701","[1356228, 1389475, 1361703]"
"CBN-PdlC-C2-20190722","[1393200, 1412857, 1395807]"
"CBN-PdlC-C2-20190812","[1396253, 1392534, 1412857]"
"CBN-PdlC-C2-20190909","[1396253, 1392541, 1395807]"
"CBN-PdlC-C2-20200722","[1412857, 1742053, 1395807]"
"CBN-PdlC-C2-20200812","[1392534, 1395807, 1392535]"
"CBN-PdlC-C3-20130807","[1396253, 1364066, 1395807]"
"CBN-PdlC-C3-20130903","[1412857, 1742053, 1741880]"
"CBN-PdlC-C3-20140721","[1396253, 1392352, 1392541]"
"CBN-PdlC-C3-20140811","[1395807, 1391092, 1412857]"
"CBN-PdlC-C3-20140901","[1412857, 1396253, 1743465]"
"CBN-PdlC-C3-20150701","[1393200, 1392541, 1392534]"
"CBN-PdlC-C3-20150720","[1397430, 1396253, 1395807]"
"CBN-PdlC-C3-20150831","[1396253, 1395807, 1394911]"
"CBN-PdlC-C3-20160705","[1396253, 1412857, 1392541]"
"CBN-PdlC-C3-20160726","[1392608, 1396253, 1393660]"
"CBN-PdlC-C3-20170816","[1396253, 1392534, 1361347]"
"CBN-PdlC-C3-20170906","[1396253, 1517350, 1647133]"
"CBN-PdlC-C3-20180723","[1396253, 1741880, 1395807]"
"CBN-PdlC-C3-20180815","[1396253, 1392766, 1418688]"
"CBN-PdlC-C3-20180905","[1396253, 1392534, 1395807]"
"CBN-PdlC-C3-20190701","[1356228, 1390532, 1738887]"
"CBN-PdlC-C3-20190722","[1396253, 1392608, 1395807]"
"CBN-PdlC-C3-20190812","[1361594, 1396253, 1361598]"
"CBN-PdlC-C3-20190909","[1396253, 1392534, 1393660]"
"CBN-PdlC-C3-20200722","[1393659, 1396253, 1393660]"
"CBN-PdlC-C3-20200812","[1396253, 1395807, 1741880]"
"CBN-PdlC-C4-20130807","[1395807, 1364066, 1393708]"
"CBN-PdlC-C4-20130903","[1395807, 1396253, 1395758]"
"CBN-PdlC-C4-20140721","[1390811, 1363543, 1390837]"
"CBN-PdlC-C4-20140811","[1395807, 1396253, 1361367]"
"CBN-PdlC-C4-20140901","[1392608, 1363455, 1361367]"
"CBN-PdlC-C4-20150701","[1361367, 1363543, 1743359]"
"CBN-PdlC-C4-20150720","[1397043, 1395807, 1392608]"
"CBN-PdlC-C4-20150831","[1395807, 1396253, 1394366]"
"CBN-PdlC-C4-20160705","[1390793, 1418688, 1741880]"
"CBN-PdlC-C4-20160726","[1395807, 1393708, 1741880]"
"CBN-PdlC-C4-20170816","[1395862, 1395807, 1393659]"
"CBN-PdlC-C4-20170906","[1396253, 1395807, 1743977]"
"CBN-PdlC-C4-20180723","[1393200, 1395870, 1393708]"
"CBN-PdlC-C4-20180815","[1363543, 1390532, 1396253]"
"CBN-PdlC-C4-20180905","[1364066, 1395807, 1391881]"
"CBN-PdlC-C4-20190701","[1363595, 1393228, 1395174]"
"CBN-PdlC-C4-20190722","[1396253, 1395807, 1364066]"
"CBN-PdlC-C4-20190812","[1397043, 1395807, 1394910]"
"CBN-PdlC-C4-20190909","[1393200, 1395807, 1361367]"
"CBN-PdlC-C4-20200722","[1393679, 1395807, 1393659]"
"CBN-PdlC-C4-20200812","[1395870, 1395862, 1392766]"
"CBN-PdlC-C5-20130807","[1395807, 1394311, 1737489]"
"CBN-PdlC-C5-20130903","[1395807, 1397450, 1396253]"
"CBN-PdlC-C5-20140721","[1396253, 1393708, 1364066]"
"CBN-PdlC-C5-20140811","[1397465, 1397043, 1395807]"
"CBN-PdlC-C5-20140901","[1396253, 1397043, 1361367]"
"CBN-PdlC-C5-20150701","[1396253, 1737701, 1396144]"
"CBN-PdlC-C5-20150720","[1396253, 1392608, 1395807]"
"CBN-PdlC-C5-20150810","[1743456, 1395870, 1392608]"
"CBN-PdlC-C5-20150831","[1396253, 1395807, 1361367]"
"CBN-PdlC-C5-20160705","[1396253, 1390793, 1392241]"
"CBN-PdlC-C5-20160726","[1396253, 1363543, 1397043]"
"CBN-PdlC-C5-20170816","[1396253, 1395807, 1395870]"
"CBN-PdlC-C5-20170906","[1396253, 1392608, 1395807]"
"CBN-PdlC-C5-20180723","[1396253, 1392608, 1395807]"
"CBN-PdlC-C5-20180815","[1392241, 1396253, 1397468]"
"CBN-PdlC-C5-20180905","[1396253, 1397043, 1395807]"
"CBN-PdlC-C5-20190701","[1418688, 1363543, 1393020]"
"CBN-PdlC-C5-20190722","[1397043, 1392608, 1396253]"
"CBN-PdlC-C5-20190812","[1396253, 1396733, 1395807]"
"CBN-PdlC-C5-20190909","[1396253, 1395807, 1397450]"
"CBN-PdlC-C5-20200722","[1397043, 1741880, 1396253]"
"CBN-PdlC-C5-20200812","[1396253, 1395807, 1393200]"
"CBN-PdlC-C6-20130807","[1396253, 1393200, 1393567]"
"CBN-PdlC-C6-20130903","[1397043, 1396253, 1395807]"
"CBN-PdlC-C6-20140721","[1396253, 1392608, 1396974]"
"CBN-PdlC-C6-20140811","[1394311, 1395807, 1396253]"
"CBN-PdlC-C6-20140901","[1396253, 1361367, 1361382]"
"CBN-PdlC-C6-20150701","[1393200, 1396253, 1397279]"
"CBN-PdlC-C6-20150720","[1396253, 1395807, 1393200]"
"CBN-PdlC-C6-20150810","[1396253, 1395807, 1390899]"
"CBN-PdlC-C6-20150831","[1396253, 1395807, 1393200]"
"CBN-PdlC-C6-20160705","[1396253, 1393200, 1388890]"
"CBN-PdlC-C6-20160726","[1393200, 1396253, 1397043]"
"CBN-PdlC-C6-20170816","[1393200, 1396253, 1362482]"
"CBN-PdlC-C6-20170906","[1356278, 1396253, 1420364]"
"CBN-PdlC-C6-20180723","[1393200, 1396253, 1395807]"
"CBN-PdlC-C6-20180815","[1393200, 1396253, 1363336]"
"CBN-PdlC-C6-20180905","[1396253, 1393200, 1395807]"
"CBN-PdlC-C6-20190701","[1393200, 1418688, 1391495]"
"CBN-PdlC-C6-20190722","[1396253, 1393200, 1392608]"
"CBN-PdlC-C6-20190812","[1396253, 1395807, 1392608]"
"CBN-PdlC-C6-20190909","[1393200, 1396253, 1362482]"
"CBN-PdlC-C6-20200722","[1396253, 1392608, 1395807]"
"CBN-PdlC-C6-20200812","[1396253, 1395807, 1392608]"
"CBN-PdlC-D1-20130807","[1396253, 1393708, 1395807]"
"CBN-PdlC-D1-20130903","[1396253, 1395807, 1390899]"
"CBN-PdlC-D1-20140721","[1396253, 1741880, 1418688]"
"CBN-PdlC-D1-20140811","[1396253, 1392608, 1395807]"
"CBN-PdlC-D1-20140901","[1396253, 1392241, 1395870]"
"CBN-PdlC-D1-20150701","[1396253, 1392241, 1742052]"
"CBN-PdlC-D1-20150720","[1392534, 1396253, 1392535]"
"CBN-PdlC-D1-20150810","[1396253, 1392534, 1392535]"
"CBN-PdlC-D1-20150831","[1392561, 1396253, 1392541]"
"CBN-PdlC-D1-20160705","[1396253, 1363543, 1395870]"
"CBN-PdlC-D1-20160726","[1396253, 1392534, 1392535]"
"CBN-PdlC-D1-20170816","[1396253, 1395807, 1361367]"
"CBN-PdlC-D1-20170906","[1396253, 1361367, 1395807]"
"CBN-PdlC-D1-20180723","[1396253, 1393200, 1395807]"
"CBN-PdlC-D1-20180815","[1396253, 1395807, 1395870]"
"CBN-PdlC-D1-20180905","[1396253, 1394911, 1394366]"
"CBN-PdlC-D1-20190701","[1396253, 1391427, 1528543]"
"CBN-PdlC-D1-20190722","[1396253, 1395807, 1393200]"
"CBN-PdlC-D1-20190812","[1396253, 1395807, 1397450]"
"CBN-PdlC-D1-20190909","[1396253, 1412857, 1742053]"
"CBN-PdlC-D1-20200722","[1396253, 1392535, 1395807]"
"CBN-PdlC-D1-20200812","[1396253, 1392534, 1395807]"
"CBN-PdlC-D2-20130807","[1396253, 1393619, 1412857]"
"CBN-PdlC-D2-20130903","[1412857, 1396253, 1390793]"
"CBN-PdlC-D2-20140721","[1396253, 1393619, 1392534]"
"CBN-PdlC-D2-20140811","[1412857, 1396253, 1393619]"
"CBN-PdlC-D2-20140901","[1412857, 1396253, 1742053]"
"CBN-PdlC-D2-20150720","[1396253, 1392535, 1392565]"
"CBN-PdlC-D2-20150810","[1396253, 1742053, 1412857]"
"CBN-PdlC-D2-20150831","[1396253, 1412857, 1742053]"
"CBN-PdlC-D2-20160705","[1412857, 1396253, 1394595]"
"CBN-PdlC-D2-20160726","[1392534, 1392535, 1396253]"
"CBN-PdlC-D2-20170816","[1742053, 1396253, 1412857]"
"CBN-PdlC-D2-20170906","[1396253, 1412857, 1742053]"
"CBN-PdlC-D2-20180723","[1396253, 1393708, 1394643]"
"CBN-PdlC-D2-20180815","[1396253, 1412857, 1391092]"
"CBN-PdlC-D2-20180905","[1396253, 1412857, 1394643]"
"CBN-PdlC-D2-20190701","[1390532, 1396253, 1363133]"
"CBN-PdlC-D2-20190722","[1396253, 1412857, 1394911]"
"CBN-PdlC-D2-20190812","[1396253, 1412857, 1742053]"
"CBN-PdlC-D2-20190909","[1394643, 1396253, 1742053]"
"CBN-PdlC-D2-20200722","[1396253, 1395807, 1394643]"
"CBN-PdlC-D2-20200812","[1742053, 1412857, 1743471]"
"CBN-PdlC-D3-20130807","[1647187, 1396253, 1413349]"
"CBN-PdlC-D3-20130903","[1647128, 1412857, 1413349]"
"CBN-PdlC-D3-20140721","[1413349, 1396253, 1647170]"
"CBN-PdlC-D3-20140811","[1412857, 1397043, 1392535]"
"CBN-PdlC-D3-20140901","[1397129, 1396253, 1412857]"
"CBN-PdlC-D3-20150701","[1396253, 1394643, 1396441]"
"CBN-PdlC-D3-20150720","[1390793, 1647128, 1396362]"
"CBN-PdlC-D3-20150831","[1412857, 1647187, 1647128]"
"CBN-PdlC-D3-20160705","[1413349, 1394643, 1647156]"
"CBN-PdlC-D3-20160726","[1392534, 1413349, 1647156]"
"CBN-PdlC-D3-20170816","[1647187, 1647170, 1413349]"
"CBN-PdlC-D3-20170906","[1413349, 1396253, 1392534]"
"CBN-PdlC-D3-20180723","[1744479, 1743393, 1396408]"
"CBN-PdlC-D3-20180815","[1394643, 1396253, 1647128]"
"CBN-PdlC-D3-20180905","[1742053, 1412857, 1397043]"
"CBN-PdlC-D3-20190701","[1390532, 1394643, 1363543]"
"CBN-PdlC-D3-20190722","[1743393, 1413349, 1647170]"
"CBN-PdlC-D3-20190812","[1392534, 1413349, 1647170]"
"CBN-PdlC-D3-20190909","[1744479, 1396441, 1396253]"
"CBN-PdlC-D3-20200722","[1393200, 1647128, 1396253]"
"CBN-PdlC-D3-20200812","[1392534, 1396253, 1742053]"
"CBN-PdlC-D4-20130807","[1396253, 1744479, 1647187]"
"CBN-PdlC-D4-20130903","[1396253, 1647128, 1413349]"
"CBN-PdlC-D4-20140721","[1396253, 1394643, 1395807]"
"CBN-PdlC-D4-20140811","[1392534, 1395807, 1412857]"
"CBN-PdlC-D4-20140901","[1396253, 1412857, 1742053]"
"CBN-PdlC-D4-20150701","[1396253, 1412857, 1391092]"
"CBN-PdlC-D4-20150720","[1393584, 1396253, 1392534]"
"CBN-PdlC-D4-20150831","[1396253, 1412857, 1392534]"
"CBN-PdlC-D4-20160705","[1396253, 1412857, 1413349]"
"CBN-PdlC-D4-20160726","[1396253, 1549015, 1412857]"
"CBN-PdlC-D4-20170816","[1396253, 1363618, 1363543]"
"CBN-PdlC-D4-20170906","[1396253, 1363016, 1363543]"
"CBN-PdlC-D4-20180723","[1396253, 1394643, 1741880]"
"CBN-PdlC-D4-20180815","[1396253, 1742053, 1392541]"
"CBN-PdlC-D4-20180905","[1412857, 1396253, 1742053]"
"CBN-PdlC-D4-20190701","[1396253, 1418688, 1360563]"
"CBN-PdlC-D4-20190722","[1396253, 1395807, 1395870]"
"CBN-PdlC-D4-20190812","[1396253, 1742053, 1392553]"
"CBN-PdlC-D4-20190909","[1396253, 1395807, 1363336]"
"CBN-PdlC-D4-20200722","[1396253, 1395807, 1395870]"
"CBN-PdlC-D4-20200812","[1396253, 1394311, 1395807]"
"CBN-PdlC-D5-20130807","[1396253, 1395807, 1395870]"
"CBN-PdlC-D5-20130903","[1395807, 1395870, 1741880]"
"CBN-PdlC-D5-20140721","[1396253, 1392608, 1392606]"
"CBN-PdlC-D5-20140811","[1395807, 1361367, 1360748]"
"CBN-PdlC-D5-20140901","[1361367, 1393200, 1361382]"
"CBN-PdlC-D5-20150701","[1742053, 1396253, 1743359]"
"CBN-PdlC-D5-20150720","[1396253, 1363455, 1363456]"
"CBN-PdlC-D5-20150810","[1396253, 1395807, 1395870]"
"CBN-PdlC-D5-20150831","[1389929, 1396253, 1395807]"
"CBN-PdlC-D5-20160705","[1392608, 1396253, 1395870]"
"CBN-PdlC-D5-20160726","[1397043, 1356704, 1396253]"
"CBN-PdlC-D5-20170816","[1361367, 1395807, 1363403]"
"CBN-PdlC-D5-20170906","[1396253, 1363543, 1356397]"
"CBN-PdlC-D5-20180723","[1400101, 1392608, 1395807]"
"CBN-PdlC-D5-20180815","[1395870, 1395807, 1517773]"
"CBN-PdlC-D5-20180905","[1396253, 1392608, 1400101]"
"CBN-PdlC-D5-20190701","[1392541, 1397046, 1396362]"
"CBN-PdlC-D5-20190722","[1392534, 1396253, 1395807]"
"CBN-PdlC-D5-20190812","[1392608, 1400101, 1392534]"
"CBN-PdlC-D5-20190909","[1396253, 1395807, 1400101]"
"CBN-PdlC-D5-20200722","[1392534, 1395807, 1392535]"
"CBN-PdlC-D5-20200812","[1395807, 1396253, 1392608]"
"CBN-PdlC-D6-20130807","[1396253, 1395807, 1397528]"
"CBN-PdlC-D6-20130903","[1397043, 1395807, 1396253]"
"CBN-PdlC-D6-20140721","[1396253, 1395949, 1395870]"
"CBN-PdlC-D6-20140811","[1397043, 1395807, 1396253]"
"CBN-PdlC-D6-20140901","[1396253, 1412857, 1397043]"
"CBN-PdlC-D6-20150701","[1396253, 1388916, 1738042]"
"CBN-PdlC-D6-20150720","[1395807, 1396253, 1472821]"
"CBN-PdlC-D6-20150810","[1412857, 1396253, 1742053]"
"CBN-PdlC-D6-20150831","[1395807, 1393494, 1742053]"
"CBN-PdlC-D6-20160705","[1396253, 1609716, 1743923]"
"CBN-PdlC-D6-20160726","[1397043, 1395807, 1412857]"
"CBN-PdlC-D6-20170816","[1393494, 1395807, 1357220]"
"CBN-PdlC-D6-20170906","[1412857, 1395807, 1396253]"
"CBN-PdlC-D6-20180723","[1396253, 1393708, 1395870]"
"CBN-PdlC-D6-20180815","[1393679, 1396253, 1392241]"
"CBN-PdlC-D6-20180905","[1396253, 1412857, 1519650]"
"CBN-PdlC-D6-20190701","[1486725, 1392632, 1486726]"
"CBN-PdlC-D6-20190722","[1397043, 1397046, 1395807]"
"CBN-PdlC-D6-20190812","[1396253, 1397043, 1395807]"
"CBN-PdlC-D6-20190909","[1396253, 1395807, 1395000]"
"CBN-PdlC-D6-20200722","[1397043, 1394311, 1396253]"
"CBN-PdlC-D6-20200812","[1396253, 1395807, 1363543]"
"CBN-PdlC-E1-20130723","[1396253, 1412857, 1393966]"
"CBN-PdlC-E1-20130807","[1396253, 1390793, 1392608]"
"CBN-PdlC-E1-20130903","[1396253, 1392608, 1392632]"
"CBN-PdlC-E1-20140630","[1392608, 1392534, 1390793]"
"CBN-PdlC-E1-20140721","[1362273, 1396253, 1392608]"
"CBN-PdlC-E1-20140811","[1412857, 1742053, 1392608]"
"CBN-PdlC-E1-20140901","[1396253, 1397381, 1392534]"
"CBN-PdlC-E1-20150701","[1392608, 1396253, 1393584]"
"CBN-PdlC-E1-20150720","[1392608, 1396253, 1395870]"
"CBN-PdlC-E1-20150810","[1393200, 1400101, 1396144]"
"CBN-PdlC-E1-20150831","[1390793, 1392608, 1396253]"
"CBN-PdlC-E1-20160705","[1393584, 1396253, 1412857]"
"CBN-PdlC-E1-20160726","[1396253, 1363618, 1392608]"
"CBN-PdlC-E1-20170816","[1396253, 1392541, 1392565]"
"CBN-PdlC-E1-20170906","[1396253, 1392608, 1737693]"
"CBN-PdlC-E1-20180702","[1396253, 1399800, 1392541]"
"CBN-PdlC-E1-20180723","[1392535, 1392534, 1396253]"
"CBN-PdlC-E1-20180815","[1392608, 1394311, 1392612]"
"CBN-PdlC-E1-20180905","[1392608, 1396253, 1392260]"
"CBN-PdlC-E1-20190701","[1396253, 1395807, 1392186]"
"CBN-PdlC-E1-20190812","[1392534, 1396253, 1392608]"
"CBN-PdlC-E1-20190909","[1412857, 1651427, 1396253]"
"CBN-PdlC-E1-20200629","[1396253, 1392608, 1392541]"
"CBN-PdlC-E1-20200722","[1392608, 1393584, 1396253]"
"CBN-PdlC-E1-20200812","[1392608, 1743471, 1390793]"
"CBN-PdlC-E2-20130723","[1397528, 1396253, 1393584]"
"CBN-PdlC-E2-20130807","[1395807, 1393584, 1393966]"
"CBN-PdlC-E2-20130903","[1395807, 1361099, 1742053]"
"CBN-PdlC-E2-20140630","[1396144, 1396253, 1738658]"
"CBN-PdlC-E2-20140721","[1396253, 1397528, 1395807]"
"CBN-PdlC-E2-20140811","[1392608, 1396144, 1395807]"
"CBN-PdlC-E2-20140901","[1396253, 1396144, 1742053]"
"CBN-PdlC-E2-20150720","[1393584, 1396253, 1412857]"
"CBN-PdlC-E2-20150810","[1412857, 1395807, 1397381]"
"CBN-PdlC-E2-20150831","[1412857, 1395807, 1392293]"
"CBN-PdlC-E2-20160705","[1396253, 1393584, 1395807]"
"CBN-PdlC-E2-20160726","[1412857, 1395807, 1396733]"
"CBN-PdlC-E2-20170816","[1412857, 1395807, 1396253]"
"CBN-PdlC-E2-20170906","[1412857, 1395807, 1396253]"
"CBN-PdlC-E2-20180702","[1396253, 1394911, 1393584]"
"CBN-PdlC-E2-20180723","[1396253, 1395807, 1392608]"
"CBN-PdlC-E2-20180815","[1412857, 1742053, 1397381]"
"CBN-PdlC-E2-20180905","[1396253, 1412857, 1395807]"
"CBN-PdlC-E2-20190701","[1396253, 1394911, 1392731]"
"CBN-PdlC-E2-20190812","[1395807, 1744395, 1651162]"
"CBN-PdlC-E2-20190909","[1390793, 1396253, 1390904]"
"CBN-PdlC-E2-20200629","[1396144, 1396253, 1741880]"
"CBN-PdlC-E2-20200722","[1412857, 1742053, 1396253]"
"CBN-PdlC-E2-20200812","[1412857, 1395807, 1396253]"
"CBN-PdlC-E3-20130723","[1396253, 1356427, 1392534]"
"CBN-PdlC-E3-20130807","[1396253, 1395807, 1397471]"
"CBN-PdlC-E3-20130903","[1395870, 1396253, 1395807]"
"CBN-PdlC-E3-20140630","[1396253, 1363133, 1361347]"
"CBN-PdlC-E3-20140721","[1396253, 1395807, 1360874]"
"CBN-PdlC-E3-20140811","[1396253, 1397381, 1395807]"
"CBN-PdlC-E3-20140901","[1396253, 1397381, 1395807]"
"CBN-PdlC-E3-20150701","[1396253, 1360874, 1395807]"
"CBN-PdlC-E3-20150720","[1396253, 1394311, 1395807]"
"CBN-PdlC-E3-20150810","[1396253, 1397386, 1395807]"
"CBN-PdlC-E3-20150831","[1396253, 1395807, 1361275]"
"CBN-PdlC-E3-20160705","[1396253, 1395807, 1393681]"
"CBN-PdlC-E3-20160726","[1396253, 1395807, 1397381]"
"CBN-PdlC-E3-20170816","[1396253, 1360874, 1495503]"
"CBN-PdlC-E3-20170906","[1396253, 1395807, 1394911]"
"CBN-PdlC-E3-20180702","[1396253, 1393681, 1361592]"
"CBN-PdlC-E3-20180723","[1390783, 1395807, 1360874]"
"CBN-PdlC-E3-20180815","[1396253, 1397381, 1392293]"
"CBN-PdlC-E3-20180905","[1396253, 1356845, 1392534]"
"CBN-PdlC-E3-20190701","[1396253, 1361592, 1360141]"
"CBN-PdlC-E3-20190812","[1396253, 1359333, 1360748]"
"CBN-PdlC-E3-20190909","[1392059, 1396253, 1396970]"
"CBN-PdlC-E3-20200629","[1396253, 1392541, 1397430]"
"CBN-PdlC-E3-20200722","[1396253, 1392241, 1395807]"
"CBN-PdlC-E3-20200812","[1396253, 1395807, 1721018]"
"CBN-PdlC-E4-20130807","[1396253, 1395807, 1397123]"
"CBN-PdlC-E4-20130903","[1396253, 1363336, 1392241]"
"CBN-PdlC-E4-20140630","[1396253, 1392300, 1418688]"
"CBN-PdlC-E4-20140721","[1396253, 1392608, 1395807]"
"CBN-PdlC-E4-20140811","[1743456, 1396253, 1395807]"
"CBN-PdlC-E4-20140901","[1396253, 1392608, 1393494]"
"CBN-PdlC-E4-20150701","[1396253, 1395807, 1397524]"
"CBN-PdlC-E4-20150720","[1396843, 1396253, 1397381]"
"CBN-PdlC-E4-20150810","[1396253, 1395807, 1392260]"
"CBN-PdlC-E4-20160705","[1361592, 1396253, 1397430]"
"CBN-PdlC-E4-20160726","[1396253, 1395807, 1390778]"
"CBN-PdlC-E4-20170816","[1396253, 1396843, 1360130]"
"CBN-PdlC-E4-20170906","[1396253, 1361233, 1394643]"
"CBN-PdlC-E4-20180702","[1396253, 1393681, 1397430]"
"CBN-PdlC-E4-20180723","[1392608, 1396843, 1397279]"
"CBN-PdlC-E4-20180815","[1396253, 1393659, 1362331]"
"CBN-PdlC-E4-20180905","[1393494, 1396253, 1357220]"
"CBN-PdlC-E4-20190701","[1396253, 1397430, 1393708]"
"CBN-PdlC-E4-20190812","[1393359, 1363409, 1396253]"
"CBN-PdlC-E4-20190909","[1396843, 1392608, 1392059]"
"CBN-PdlC-E4-20200629","[1396253, 1392608, 1397430]"
"CBN-PdlC-E4-20200722","[1392608, 1396253, 1395807]"
"CBN-PdlC-E4-20200812","[1396253, 1395807, 1396843]"
"CBN-PdlC-E5-20130723","[1393200, 1396843, 1392608]"
"CBN-PdlC-E5-20130807","[1392608, 1393200, 1396253]"
"CBN-PdlC-E5-20130903","[1396843, 1363618, 1392541]"
"CBN-PdlC-E5-20140630","[1393200, 1390761, 1392608]"
"CBN-PdlC-E5-20140721","[1396253, 1393494, 1393200]"
"CBN-PdlC-E5-20140811","[1393200, 1361367, 1392608]"
"CBN-PdlC-E5-20150720","[1392534, 1392608, 1396253]"
"CBN-PdlC-E5-20150810","[1392608, 1396253, 1393200]"
"CBN-PdlC-E5-20150831","[1393200, 1392611, 1396253]"
"CBN-PdlC-E5-20160705","[1392608, 1393200, 1396253]"
"CBN-PdlC-E5-20160726","[1392608, 1396253, 1392612]"
"CBN-PdlC-E5-20170816","[1392608, 1396253, 1393200]"
"CBN-PdlC-E5-20170906","[1393200, 1396253, 1392608]"
"CBN-PdlC-E5-20180702","[1396253, 1363543, 1393725]"
"CBN-PdlC-E5-20180723","[1396253, 1396843, 1392608]"
"CBN-PdlC-E5-20180815","[1396843, 1396253, 1393200]"
"CBN-PdlC-E5-20180905","[1392608, 1396253, 1393200]"
"CBN-PdlC-E5-20190722","[1396253, 1396843, 1392608]"
"CBN-PdlC-E5-20190812","[1392608, 1396253, 1396843]"
"CBN-PdlC-E5-20190909","[1396253, 1392608, 1396843]"
"CBN-PdlC-E5-20200629","[1393200, 1396253, 1392608]"
"CBN-PdlC-E5-20200722","[1392534, 1396843, 1396253]"
"CBN-PdlC-E5-20200812","[1393200, 1396253, 1392608]"
"CBN-PdlC-E6-20130723","[1393494, 1396970, 1396843]"
"CBN-PdlC-E6-20130807","[1390793, 1393200, 1396253]"
"CBN-PdlC-E6-20130903","[1390793, 1418612, 1396843]"
"CBN-PdlC-E6-20140630","[1359750, 1393200, 1390793]"
"CBN-PdlC-E6-20140721","[1396253, 1395807, 1396843]"
"CBN-PdlC-E6-20140811","[1396843, 1395807, 1362273]"
"CBN-PdlC-E6-20150701","[1393200, 1392608, 1392535]"
"CBN-PdlC-E6-20150720","[1396843, 1392608, 1395807]"
"CBN-PdlC-E6-20150810","[1395807, 1390793, 1392608]"
"CBN-PdlC-E6-20150831","[1393200, 1392608, 1395807]"
"CBN-PdlC-E6-20160705","[1392608, 1392534, 1395807]"
"CBN-PdlC-E6-20160726","[1392534, 1392535, 1361367]"
"CBN-PdlC-E6-20170816","[1396843, 1392608, 1395807]"
"CBN-PdlC-E6-20170906","[1396843, 1363543, 1396253]"
"CBN-PdlC-E6-20180702","[1392608, 1396253, 1398675]"
"CBN-PdlC-E6-20180723","[1392535, 1392534, 1396843]"
"CBN-PdlC-E6-20180815","[1396843, 1395807, 1396253]"
"CBN-PdlC-E6-20180905","[1396843, 1393200, 1392608]"
"CBN-PdlC-E6-20190722","[1362273, 1392608, 1396843]"
"CBN-PdlC-E6-20190812","[1391427, 1393224, 1395807]"
"CBN-PdlC-E6-20190909","[1392608, 1392534, 1396843]"
"CBN-PdlC-E6-20200629","[1393200, 1362273, 1394911]"
"CBN-PdlC-E6-20200722","[1393200, 1392534, 1396843]"
"CBN-PdlC-E6-20200812","[1393200, 1396843, 1395807]"
"CBN-PdlC-F1-20130723","[1362273, 1396144, 1396253]"
"CBN-PdlC-F1-20130807","[1396253, 1395870, 1392541]"
"CBN-PdlC-F1-20130903","[1392534, 1392541, 1396253]"
"CBN-PdlC-F1-20140630","[1396144, 1396253, 1393604]"
"CBN-PdlC-F1-20140721","[1396144, 1396253, 1362273]"
"CBN-PdlC-F1-20140811","[1396144, 1397381, 1412857]"
"CBN-PdlC-F1-20140901","[1412857, 1396144, 1742053]"
"CBN-PdlC-F1-20150701","[1396253, 1396144, 1392534]"
"CBN-PdlC-F1-20150720","[1396253, 1742053, 1412857]"
"CBN-PdlC-F1-20150810","[1396253, 1412857, 1395807]"
"CBN-PdlC-F1-20150831","[1396144, 1396253, 1397381]"
"CBN-PdlC-F1-20160705","[1396253, 1396144, 1392541]"
"CBN-PdlC-F1-20160726","[1396144, 1396253, 1395807]"
"CBN-PdlC-F1-20170816","[1396253, 1395807, 1392541]"
"CBN-PdlC-F1-20170906","[1396253, 1396144, 1412857]"
"CBN-PdlC-F1-20180702","[1396253, 1390793, 1394911]"
"CBN-PdlC-F1-20180723","[1396144, 1396253, 1741880]"
"CBN-PdlC-F1-20180815","[1396253, 1397381, 1392541]"
"CBN-PdlC-F1-20180905","[1396253, 1412857, 1392541]"
"CBN-PdlC-F1-20190701","[1396144, 1396253, 1363543]"
"CBN-PdlC-F1-20190812","[1396253, 1388766, 1395807]"
"CBN-PdlC-F1-20190909","[1396253, 1394311, 1396144]"
"CBN-PdlC-F1-20200629","[1392541, 1396253, 1412857]"
"CBN-PdlC-F1-20200722","[1393584, 1396843, 1412857]"
"CBN-PdlC-F1-20200812","[1397381, 1396253, 1396144]"
"CBN-PdlC-F2-20130723","[1396253, 1362273, 1397528]"
"CBN-PdlC-F2-20130807","[1396253, 1395870, 1741880]"
"CBN-PdlC-F2-20130903","[1396253, 1395807, 1741880]"
"CBN-PdlC-F2-20140630","[1396144, 1392608, 1394595]"
"CBN-PdlC-F2-20140721","[1396253, 1362273, 1395807]"
"CBN-PdlC-F2-20140811","[1396253, 1395807, 1742053]"
"CBN-PdlC-F2-20140901","[1397528, 1396253, 1395807]"
"CBN-PdlC-F2-20150701","[1396253, 1397528, 1395807]"
"CBN-PdlC-F2-20150720","[1396253, 1395807, 1360985]"
"CBN-PdlC-F2-20150810","[1396253, 1395807, 1412857]"
"CBN-PdlC-F2-20150831","[1396253, 1395807, 1412857]"
"CBN-PdlC-F2-20160705","[1396253, 1397528, 1394599]"
"CBN-PdlC-F2-20160726","[1396253, 1395807, 1412857]"
"CBN-PdlC-F2-20170906","[1396253, 1396843, 1395807]"
"CBN-PdlC-F2-20180702","[1396253, 1412857, 1742053]"
"CBN-PdlC-F2-20180723","[1393584, 1396253, 1395807]"
"CBN-PdlC-F2-20180815","[1396253, 1396843, 1392541]"
"CBN-PdlC-F2-20180905","[1396144, 1396253, 1392541]"
"CBN-PdlC-F2-20190701","[1396253, 1742052, 1396843]"
"CBN-PdlC-F2-20190812","[1396253, 1412857, 1396843]"
"CBN-PdlC-F2-20190909","[1396144, 1396253, 1392565]"
"CBN-PdlC-F2-20200629","[1396253, 1396144, 1393584]"
"CBN-PdlC-F2-20200722","[1392534, 1392608, 1395807]"
"CBN-PdlC-F2-20200812","[1412857, 1392534, 1396144]"
"CBN-PdlC-F3-20130723","[1418688, 1363543, 1393584]"
"CBN-PdlC-F3-20130807","[1392608, 1738658, 1396253]"
"CBN-PdlC-F3-20130903","[1392608, 1396253, 1395807]"
"CBN-PdlC-F3-20140630","[1392608, 1392611, 1392606]"
"CBN-PdlC-F3-20140721","[1396253, 1392352, 1392608]"
"CBN-PdlC-F3-20140811","[1395807, 1392608, 1362273]"
"CBN-PdlC-F3-20140901","[1396253, 1529289, 1392608]"
"CBN-PdlC-F3-20150701","[1622914, 1397528, 1393584]"
"CBN-PdlC-F3-20150720","[1392608, 1395807, 1396253]"
"CBN-PdlC-F3-20150810","[1396253, 1391797, 1395807]"
"CBN-PdlC-F3-20150831","[1395807, 1396253, 1738658]"
"CBN-PdlC-F3-20160705","[1361592, 1395807, 1393659]"
"CBN-PdlC-F3-20160726","[1392608, 1394643, 1396253]"
"CBN-PdlC-F3-20170816","[1392608, 1396253, 1392606]"
"CBN-PdlC-F3-20170906","[1392608, 1395000, 1395807]"
"CBN-PdlC-F3-20180702","[1396253, 1741880, 1397430]"
"CBN-PdlC-F3-20180723","[1412857, 1392534, 1393619]"
"CBN-PdlC-F3-20180815","[1397386, 1395807, 1397381]"
"CBN-PdlC-F3-20180905","[1392608, 1393200, 1743471]"
"CBN-PdlC-F3-20190701","[1395807, 1360985, 1393659]"
"CBN-PdlC-F3-20190722","[1395807, 1392608, 1397430]"
"CBN-PdlC-F3-20190812","[1395807, 1392608, 1396253]"
"CBN-PdlC-F3-20190909","[1396253, 1392059, 1397386]"
"CBN-PdlC-F3-20200629","[1392608, 1393200, 1396253]"
"CBN-PdlC-F3-20200722","[1392608, 1396253, 1393681]"
"CBN-PdlC-F3-20200812","[1359697, 1397381, 1396253]"
"CBN-PdlC-F4-20130723","[1396253, 1393200, 1397500]"
"CBN-PdlC-F4-20130807","[1392608, 1393200, 1396843]"
"CBN-PdlC-F4-20130903","[1394542, 1392608, 1393200]"
"CBN-PdlC-F4-20140630","[1393200, 1392608, 1396253]"
"CBN-PdlC-F4-20140811","[1393200, 1396843, 1396253]"
"CBN-PdlC-F4-20140901","[1396253, 1393200, 1396843]"
"CBN-PdlC-F4-20150701","[1392608, 1361592, 1396253]"
"CBN-PdlC-F4-20150720","[1396253, 1393659, 1396843]"
"CBN-PdlC-F4-20150810","[1392608, 1393200, 1395807]"
"CBN-PdlC-F4-20150831","[1393200, 1392608, 1396253]"
"CBN-PdlC-F4-20160705","[1392608, 1397430, 1397528]"
"CBN-PdlC-F4-20160726","[1397430, 1396253, 1392608]"
"CBN-PdlC-F4-20170816","[1392608, 1393200, 1396843]"
"CBN-PdlC-F4-20170906","[1393200, 1362482, 1396843]"
"CBN-PdlC-F4-20180702","[1393200, 1397430, 1394911]"
"CBN-PdlC-F4-20180723","[1393200, 1392608, 1393681]"
"CBN-PdlC-F4-20180815","[1396253, 1392608, 1393200]"
"CBN-PdlC-F4-20180905","[1392608, 1396253, 1392612]"
"CBN-PdlC-F4-20190701","[1393200, 1392608, 1393659]"
"CBN-PdlC-F4-20190722","[1396843, 1393200, 1392608]"
"CBN-PdlC-F4-20190812","[1396253, 1395807, 1396843]"
"CBN-PdlC-F4-20190909","[1396843, 1392608, 1394311]"
"CBN-PdlC-F4-20200629","[1393200, 1392608, 1396253]"
"CBN-PdlC-F4-20200722","[1397430, 1361592, 1393659]"
"CBN-PdlC-F4-20200812","[1392608, 1396253, 1393200]"
"CBN-PdlC-F5-20130723","[1396253, 1418688, 1356422]"
"CBN-PdlC-F5-20130903","[1392608, 1396253, 1396843]"
"CBN-PdlC-F5-20140630","[1396253, 1392608, 1392241]"
"CBN-PdlC-F5-20140721","[1392608, 1396253, 1396843]"
"CBN-PdlC-F5-20140811","[1396253, 1396843, 1395807]"
"CBN-PdlC-F5-20150701","[1396253, 1392608, 1392612]"
"CBN-PdlC-F5-20150720","[1394548, 1392608, 1394542]"
"CBN-PdlC-F5-20150810","[1396253, 1392608, 1390793]"
"CBN-PdlC-F5-20150831","[1396253, 1396441, 1390793]"
"CBN-PdlC-F5-20160705","[1396253, 1390793, 1396843]"
"CBN-PdlC-F5-20160726","[1361367, 1359649, 1396843]"
"CBN-PdlC-F5-20170816","[1396253, 1396843, 1394311]"
"CBN-PdlC-F5-20170906","[1396253, 1396843, 1363543]"
"CBN-PdlC-F5-20180702","[1396253, 1396843, 1363543]"
"CBN-PdlC-F5-20180723","[1392608, 1396253, 1397465]"
"CBN-PdlC-F5-20180815","[1361275, 1396253, 1392293]"
"CBN-PdlC-F5-20180905","[1396253, 1396843, 1363543]"
"CBN-PdlC-F5-20190722","[1392608, 1397386, 1396253]"
"CBN-PdlC-F5-20190812","[1392608, 1396253, 1393462]"
"CBN-PdlC-F5-20190909","[1396253, 1396843, 1397386]"
"CBN-PdlC-F5-20200629","[1392608, 1396253, 1360299]"
"CBN-PdlC-F5-20200722","[1392338, 1396253, 1396843]"
"CBN-PdlC-F5-20200812","[1395807, 1396843, 1392608]"
"CBN-PdlC-F6-20130723","[1357575, 1390793, 1396843]"
"CBN-PdlC-F6-20130807","[1393200, 1390793, 1396843]"
"CBN-PdlC-F6-20130903","[1390793, 1396843, 1394311]"
"CBN-PdlC-F6-20140630","[1390793, 1390761, 1390811]"
"CBN-PdlC-F6-20140721","[1396843, 1392534, 1393200]"
"CBN-PdlC-F6-20140811","[1396843, 1392535, 1395807]"
"CBN-PdlC-F6-20150701","[1393200, 1392535, 1356422]"
"CBN-PdlC-F6-20150720","[1394542, 1396843, 1394543]"
"CBN-PdlC-F6-20150810","[1392608, 1361367, 1396843]"
"CBN-PdlC-F6-20150831","[1392608, 1390793, 1397497]"
"CBN-PdlC-F6-20160705","[1392608, 1397528, 1396843]"
"CBN-PdlC-F6-20160726","[1392534, 1392608, 1390793]"
"CBN-PdlC-F6-20170816","[1393200, 1396843, 1390793]"
"CBN-PdlC-F6-20170906","[1396843, 1393200, 1392608]"
"CBN-PdlC-F6-20180702","[1397279, 1396843, 1390793]"
"CBN-PdlC-F6-20180723","[1396843, 1361367, 1390793]"
"CBN-PdlC-F6-20180815","[1396843, 1741624, 1396253]"
"CBN-PdlC-F6-20180905","[1396843, 1647156, 1390793]"
"CBN-PdlC-F6-20190722","[1390793, 1396843, 1361367]"
"CBN-PdlC-F6-20190812","[1396843, 1392608, 1361367]"
"CBN-PdlC-F6-20190909","[1390793, 1395807, 1396843]"
"CBN-PdlC-F6-20200629","[1393200, 1360299, 1390793]"
"CBN-PdlC-F6-20200722","[1392534, 1396843, 1393200]"
"CBN-PdlC-F6-20200812","[1392541, 1390793, 1396843]"
"CBN-Pla-A1-20130808","[1397475, 1396253, 1395807]"
"CBN-Pla-A1-20130904","[1397475, 1396253, 1400176]"
"CBN-Pla-A1-20140722","[1397475, 1396253, 1397279]"
"CBN-Pla-A1-20140812","[1397475, 1396144, 1742053]"
"CBN-Pla-A1-20140902","[1397475, 1395807, 1360120]"
"CBN-Pla-A1-20150702","[1396253, 1397475, 1396144]"
"CBN-Pla-A1-20150723","[1397475, 1395807, 1363455]"
"CBN-Pla-A1-20150811","[1397475, 1395807, 1396253]"
"CBN-Pla-A1-20150901","[1396253, 1412857, 1395807]"
"CBN-Pla-A1-20160707","[1397475, 1357575, 1357593]"
"CBN-Pla-A1-20160728","[1397043, 1395807, 1397475]"
"CBN-Pla-A1-20180724","[1397475, 1357104, 1564726]"
"CBN-Pla-A1-20180816","[1397475, 1396253, 1741880]"
"CBN-Pla-A1-20180906","[1397475, 1395807, 1397471]"
"CBN-Pla-A1-20190723","[1397475, 1392241, 1395870]"
"CBN-Pla-A1-20190814","[1397475, 1395807, 1396253]"
"CBN-Pla-A1-20200630","[1366028, 1558119, 1741564]"
"CBN-Pla-A1-20200723","[1400176, 1412857, 1395807]"
"CBN-Pla-A1-20200814","[1412857, 1392552, 1742053]"
"CBN-Pla-A2-20130724","[1396015, 1395949, 1396007]"
"CBN-Pla-A2-20130808","[1396253, 1395807, 1412857]"
"CBN-Pla-A2-20130904","[1395973, 1396015, 1395807]"
"CBN-Pla-A2-20140722","[1395949, 1396180, 1396015]"
"CBN-Pla-A2-20140812","[1395949, 1395807, 1396144]"
"CBN-Pla-A2-20140902","[1396015, 1361367, 1395949]"
"CBN-Pla-A2-20150702","[1412857, 1395949, 1396015]"
"CBN-Pla-A2-20150723","[1396015, 1741880, 1742053]"
"CBN-Pla-A2-20150811","[1392552, 1392541, 1396015]"
"CBN-Pla-A2-20150901","[1396015, 1412857, 1396253]"
"CBN-Pla-A2-20160707","[1396015, 1396253, 1412857]"
"CBN-Pla-A2-20160728","[1395807, 1412857, 1742053]"
"CBN-Pla-A2-20180724","[1396180, 1363543, 1396018]"
"CBN-Pla-A2-20180816","[1412857, 1396015, 1396253]"
"CBN-Pla-A2-20180906","[1396015, 1395949, 1396253]"
"CBN-Pla-A2-20190723","[1396144, 1396253, 1395807]"
"CBN-Pla-A2-20190814","[1396015, 1395973, 1395807]"
"CBN-Pla-A2-20200723","[1397043, 1396253, 1396144]"
"CBN-Pla-A2-20200814","[1392552, 1396144, 1396015]"
"CBN-Pla-A3-20130724","[1528543, 1392541, 1391424]"
"CBN-Pla-A3-20130808","[1395807, 1399800, 1396253]"
"CBN-Pla-A3-20130904","[1395807, 1396843, 1395870]"
"CBN-Pla-A3-20140722","[1528543, 1363543, 1390793]"
"CBN-Pla-A3-20140812","[1395807, 1395870, 1397043]"
"CBN-Pla-A3-20140902","[1395807, 1395870, 1361367]"
"CBN-Pla-A3-20150702","[1396144, 1394065, 1399798]"
"CBN-Pla-A3-20150723","[1395807, 1741880, 1397043]"
"CBN-Pla-A3-20150811","[1388766, 1395807, 1741880]"
"CBN-Pla-A3-20150901","[1396253, 1412857, 1396843]"
"CBN-Pla-A3-20160707","[1396144, 1397491, 1395870]"
"CBN-Pla-A3-20160728","[1396144, 1395807, 1742053]"
"CBN-Pla-A3-20180724","[1363619, 1396144, 1392241]"
"CBN-Pla-A3-20180816","[1396144, 1395807, 1397491]"
"CBN-Pla-A3-20180906","[1396144, 1396843, 1395807]"
"CBN-Pla-A3-20190723","[1395807, 1396253, 1361367]"
"CBN-Pla-A3-20190814","[1361367, 1396144, 1395807]"
"CBN-Pla-A3-20200723","[1395807, 1362482, 1647677]"
"CBN-Pla-A3-20200814","[1362482, 1396144, 1395807]"
"CBN-Pla-A4-20130724","[1418688, 1394597, 1363543]"
"CBN-Pla-A4-20130808","[1741880, 1395870, 1395807]"
"CBN-Pla-A4-20130904","[1741880, 1395870, 1395807]"
"CBN-Pla-A4-20140722","[1744340, 1395949, 1363543]"
"CBN-Pla-A4-20140812","[1395870, 1741880, 1395807]"
"CBN-Pla-A4-20140902","[1741880, 1395870, 1361367]"
"CBN-Pla-A4-20150702","[1418688, 1390793, 1394311]"
"CBN-Pla-A4-20150723","[1395870, 1741880, 1396869]"
"CBN-Pla-A4-20150811","[1741880, 1395870, 1392632]"
"CBN-Pla-A4-20150901","[1395870, 1741880, 1395718]"
"CBN-Pla-A4-20160707","[1741880, 1418688, 1363543]"
"CBN-Pla-A4-20160728","[1397043, 1395807, 1395870]"
"CBN-Pla-A4-20180724","[1588800, 1363133, 1391797]"
"CBN-Pla-A4-20180816","[1395870, 1741880, 1395807]"
"CBN-Pla-A4-20180906","[1395870, 1741880, 1360748]"
"CBN-Pla-A4-20190723","[1741880, 1396843, 1395807]"
"CBN-Pla-A4-20190814","[1741880, 1395870, 1396843]"
"CBN-Pla-A4-20200723","[1741880, 1396253, 1395870]"
"CBN-Pla-A4-20200814","[1395870, 1396869, 1741880]"
"CBN-Pla-A5-20130724","[1392632, 1393544, 1743903]"
"CBN-Pla-A5-20130808","[1741880, 1395870, 1395807]"
"CBN-Pla-A5-20130904","[1395870, 1741880, 1392632]"
"CBN-Pla-A5-20140722","[1418688, 1647156, 1392522]"
"CBN-Pla-A5-20140812","[1395870, 1741880, 1396144]"
"CBN-Pla-A5-20140902","[1395870, 1741880, 1395807]"
"CBN-Pla-A5-20150702","[1395870, 1741880, 1609716]"
"CBN-Pla-A5-20150723","[1395870, 1741880, 1394643]"
"CBN-Pla-A5-20150811","[1395870, 1741880, 1395862]"
"CBN-Pla-A5-20160707","[1412857, 1742053, 1741880]"
"CBN-Pla-A5-20160728","[1396843, 1741880, 1395870]"
"CBN-Pla-A5-20180724","[1363543, 1418688, 1412857]"
"CBN-Pla-A5-20180816","[1395870, 1741880, 1742053]"
"CBN-Pla-A5-20180906","[1741880, 1395870, 1395807]"
"CBN-Pla-A5-20190723","[1741880, 1395870, 1395807]"
"CBN-Pla-A5-20190814","[1395870, 1741880, 1361367]"
"CBN-Pla-A5-20200723","[1741880, 1395870, 1395862]"
"CBN-Pla-A5-20200814","[1395870, 1741880, 1742053]"
"CBN-Pla-A6-20130724","[1390904, 1396253, 1390532]"
"CBN-Pla-A6-20130808","[1741880, 1395870, 1396253]"
"CBN-Pla-A6-20130904","[1741880, 1395870, 1395807]"
"CBN-Pla-A6-20140722","[1741880, 1395948, 1396144]"
"CBN-Pla-A6-20140812","[1395870, 1396144, 1741880]"
"CBN-Pla-A6-20140902","[1395870, 1741880, 1395807]"
"CBN-Pla-A6-20150702","[1396253, 1741880, 1395949]"
"CBN-Pla-A6-20150723","[1395870, 1396869, 1741880]"
"CBN-Pla-A6-20150811","[1395870, 1741880, 1396253]"
"CBN-Pla-A6-20150901","[1396253, 1395870, 1741880]"
"CBN-Pla-A6-20160707","[1396253, 1392541, 1395807]"
"CBN-Pla-A6-20160728","[1396869, 1395807, 1395870]"
"CBN-Pla-A6-20180724","[1529410, 1396253, 1418688]"
"CBN-Pla-A6-20180816","[1395870, 1741880, 1741624]"
"CBN-Pla-A6-20180906","[1396144, 1741880, 1395807]"
"CBN-Pla-A6-20190723","[1395862, 1395870, 1395807]"
"CBN-Pla-A6-20190814","[1395870, 1741624, 1361367]"
"CBN-Pla-A6-20200723","[1580587, 1741880, 1395870]"
"CBN-Pla-A6-20200814","[1395807, 1395870, 1396970]"
"CBN-Pla-B1-20130724","[1395870, 1390793, 1363133]"
"CBN-Pla-B1-20130808","[1396253, 1395807, 1741880]"
"CBN-Pla-B1-20130904","[1396253, 1400176, 1395807]"
"CBN-Pla-B1-20140722","[1390793, 1532190, 1396253]"
"CBN-Pla-B1-20140812","[1395807, 1396253, 1412857]"
"CBN-Pla-B1-20140902","[1396253, 1742053, 1412857]"
"CBN-Pla-B1-20150702","[1396253, 1412857, 1651427]"
"CBN-Pla-B1-20150723","[1396253, 1395807, 1396362]"
"CBN-Pla-B1-20150811","[1396253, 1392260, 1395807]"
"CBN-Pla-B1-20150901","[1396253, 1394311, 1743474]"
"CBN-Pla-B1-20160707","[1396253, 1742052, 1363543]"
"CBN-Pla-B1-20160728","[1396253, 1395807, 1741880]"
"CBN-Pla-B1-20180724","[1358099, 1396253, 1390837]"
"CBN-Pla-B1-20180816","[1396253, 1412857, 1742053]"
"CBN-Pla-B1-20180906","[1609716, 1396253, 1412857]"
"CBN-Pla-B1-20190723","[1741880, 1364066, 1395807]"
"CBN-Pla-B1-20190814","[1651061, 1394311, 1392260]"
"CBN-Pla-B1-20200630","[1492046, 1363540, 1389797]"
"CBN-Pla-B1-20200723","[1396253, 1742052, 1361141]"
"CBN-Pla-B1-20200814","[1363618, 1397381, 1647156]"
"CBN-Pla-B2-20130724","[1743315, 1418688, 1390793]"
"CBN-Pla-B2-20130808","[1412857, 1396253, 1395807]"
"CBN-Pla-B2-20130904","[1363543, 1395807, 1397049]"
"CBN-Pla-B2-20140722","[1390837, 1741880, 1357046]"
"CBN-Pla-B2-20140812","[1395807, 1651363, 1390693]"
"CBN-Pla-B2-20140902","[1396843, 1395807, 1400017]"
"CBN-Pla-B2-20150702","[1390793, 1418688, 1395948]"
"CBN-Pla-B2-20150723","[1741880, 1396253, 1395870]"
"CBN-Pla-B2-20150811","[1392552, 1396843, 1392565]"
"CBN-Pla-B2-20150901","[1392552, 1396253, 1395807]"
"CBN-Pla-B2-20160707","[1741880, 1396253, 1363615]"
"CBN-Pla-B2-20160728","[1395807, 1741880, 1396843]"
"CBN-Pla-B2-20180724","[1396107, 1418688, 1394865]"
"CBN-Pla-B2-20180816","[1741880, 1395807, 1390837]"
"CBN-Pla-B2-20180906","[1364066, 1395807, 1396843]"
"CBN-Pla-B2-20190723","[1395807, 1741880, 1396253]"
"CBN-Pla-B2-20190814","[1362482, 1741880, 1412857]"
"CBN-Pla-B2-20200723","[1397043, 1396843, 1519650]"
"CBN-Pla-B2-20200814","[1395807, 1391706, 1394366]"
"CBN-Pla-B3-20130724","[1390811, 1360951, 1651267]"
"CBN-Pla-B3-20130808","[1396253, 1395807, 1412857]"
"CBN-Pla-B3-20130904","[1396253, 1395807, 1396843]"
"CBN-Pla-B3-20140722","[1363543, 1396253, 1361347]"
"CBN-Pla-B3-20140812","[1396253, 1395807, 1397043]"
"CBN-Pla-B3-20140902","[1361367, 1396253, 1363455]"
"CBN-Pla-B3-20150811","[1396253, 1412857, 1395807]"
"CBN-Pla-B3-20150901","[1396253, 1361347, 1395807]"
"CBN-Pla-B3-20160707","[1396253, 1394311, 1397386]"
"CBN-Pla-B3-20160728","[1396253, 1392260, 1395807]"
"CBN-Pla-B3-20180724","[1390837, 1397279, 1397376]"
"CBN-Pla-B3-20180816","[1396253, 1395807, 1364066]"
"CBN-Pla-B3-20180906","[1396253, 1395807, 1394366]"
"CBN-Pla-B3-20190723","[1396253, 1395807, 1394311]"
"CBN-Pla-B3-20190814","[1392260, 1395807, 1396253]"
"CBN-Pla-B3-20200723","[1396253, 1395807, 1361367]"
"CBN-Pla-B3-20200814","[1396253, 1743471, 1397386]"
"CBN-Pla-B4-20130724","[1397376, 1361347, 1390811]"
"CBN-Pla-B4-20130808","[1395870, 1395807, 1397386]"
"CBN-Pla-B4-20130904","[1395807, 1361347, 1397386]"
"CBN-Pla-B4-20140722","[1651267, 1390811, 1397376]"
"CBN-Pla-B4-20140812","[1395807, 1394311, 1396253]"
"CBN-Pla-B4-20140902","[1397386, 1395807, 1392293]"
"CBN-Pla-B4-20150702","[1396253, 1418612, 1390793]"
"CBN-Pla-B4-20150723","[1395807, 1395870, 1361141]"
"CBN-Pla-B4-20150811","[1396253, 1359835, 1395807]"
"CBN-Pla-B4-20150901","[1395807, 1396843, 1359649]"
"CBN-Pla-B4-20160707","[1363543, 1394311, 1359750]"
"CBN-Pla-B4-20160728","[1397043, 1395807, 1397046]"
"CBN-Pla-B4-20180724","[1577392, 1396253, 1390837]"
"CBN-Pla-B4-20180816","[1397043, 1395807, 1396253]"
"CBN-Pla-B4-20180906","[1397043, 1396253, 1395807]"
"CBN-Pla-B4-20190723","[1395807, 1395870, 1392541]"
"CBN-Pla-B4-20190814","[1395807, 1412857, 1400017]"
"CBN-Pla-B4-20200723","[1395807, 1396253, 1741880]"
"CBN-Pla-B4-20200814","[1395807, 1395870, 1418688]"
"CBN-Pla-B5-20130724","[1399798, 1390811, 1390495]"
"CBN-Pla-B5-20130808","[1395807, 1395870, 1741880]"
"CBN-Pla-B5-20130904","[1395807, 1397386, 1396843]"
"CBN-Pla-B5-20140722","[1363543, 1390811, 1532190]"
"CBN-Pla-B5-20140812","[1395807, 1396843, 1396144]"
"CBN-Pla-B5-20140902","[1395870, 1395807, 1741880]"
"CBN-Pla-B5-20150702","[1396253, 1390811, 1388766]"
"CBN-Pla-B5-20150723","[1395807, 1361367, 1362482]"
"CBN-Pla-B5-20150811","[1741880, 1395870, 1395807]"
"CBN-Pla-B5-20150901","[1395870, 1741880, 1396144]"
"CBN-Pla-B5-20160707","[1741880, 1395807, 1395870]"
"CBN-Pla-B5-20160728","[1397043, 1363543, 1395807]"
"CBN-Pla-B5-20180724","[1360951, 1738887, 1358099]"
"CBN-Pla-B5-20180816","[1395870, 1395807, 1741880]"
"CBN-Pla-B5-20180906","[1360130, 1741880, 1395807]"
"CBN-Pla-B5-20190723","[1395807, 1360874, 1390693]"
"CBN-Pla-B5-20190814","[1395870, 1741880, 1394655]"
"CBN-Pla-B5-20200723","[1397049, 1395807, 1397046]"
"CBN-Pla-B5-20200814","[1741880, 1395870, 1395807]"
"CBN-Pla-B6-20130724","[1396144, 1397491, 1588800]"
"CBN-Pla-B6-20130808","[1396253, 1396144, 1395807]"
"CBN-Pla-B6-20130904","[1396144, 1396253, 1394542]"
"CBN-Pla-B6-20140722","[1396144, 1396015, 1358099]"
"CBN-Pla-B6-20140812","[1396144, 1395807, 1397491]"
"CBN-Pla-B6-20140902","[1396663, 1396144, 1523674]"
"CBN-Pla-B6-20150702","[1396253, 1395940, 1687875]"
"CBN-Pla-B6-20150723","[1395807, 1394911, 1396253]"
"CBN-Pla-B6-20150811","[1395807, 1396253, 1392406]"
"CBN-Pla-B6-20150901","[1396015, 1396843, 1395807]"
"CBN-Pla-B6-20160707","[1396144, 1396023, 1395973]"
"CBN-Pla-B6-20160728","[1396144, 1396015, 1395973]"
"CBN-Pla-B6-20180816","[1395987, 1396015, 1396144]"
"CBN-Pla-B6-20180906","[1396144, 1396015, 1397491]"
"CBN-Pla-B6-20190723","[1396144, 1395807, 1397491]"
"CBN-Pla-B6-20190814","[1396015, 1396144, 1395973]"
"CBN-Pla-B6-20200723","[1396144, 1395807, 1396253]"
"CBN-Pla-B6-20200814","[1396144, 1396253, 1395807]"
"CBN-Pla-C1-20130808","[1392534, 1395870, 1741880]"
"CBN-Pla-C1-20130904","[1395870, 1741880, 1397450]"
"CBN-Pla-C1-20150702","[1395870, 1390811, 1392534]"
"CBN-Pla-C1-20150723","[1395870, 1741880, 1392534]"
"CBN-Pla-C1-20150811","[1741880, 1395870, 1363618]"
"CBN-Pla-C1-20150901","[1741880, 1395870, 1395718]"
"CBN-Pla-C1-20160707","[1741880, 1395870, 1392534]"
"CBN-Pla-C1-20160728","[1741880, 1395870, 1395718]"
"CBN-Pla-C1-20180816","[1395870, 1741880, 1741624]"
"CBN-Pla-C1-20180906","[1395870, 1741880, 1400176]"
"CBN-Pla-C1-20190723","[1392534, 1392535, 1392541]"
"CBN-Pla-C1-20190814","[1741880, 1395870, 1395758]"
"CBN-Pla-C1-20200723","[1393200, 1397106, 1742052]"
"CBN-Pla-C1-20200814","[1741880, 1395870, 1395807]"
"CBN-Pla-C2-20130808","[1396253, 1741880, 1395870]"
"CBN-Pla-C2-20130904","[1741880, 1395870, 1355928]"
"CBN-Pla-C2-20140722","[1363133, 1390811, 1394542]"
"CBN-Pla-C2-20140902","[1412857, 1741880, 1395870]"
"CBN-Pla-C2-20150702","[1396144, 1741880, 1395870]"
"CBN-Pla-C2-20150723","[1741880, 1395870, 1742052]"
"CBN-Pla-C2-20150811","[1741880, 1395870, 1392241]"
"CBN-Pla-C2-20150901","[1741880, 1395870, 1394542]"
"CBN-Pla-C2-20160707","[1393619, 1363016, 1396253]"
"CBN-Pla-C2-20160728","[1412857, 1395807, 1394366]"
"CBN-Pla-C2-20180724","[1412857, 1393619, 1397059]"
"CBN-Pla-C2-20180816","[1396253, 1412857, 1742053]"
"CBN-Pla-C2-20180906","[1412857, 1742053, 1394366]"
"CBN-Pla-C2-20190723","[1396253, 1392534, 1394643]"
"CBN-Pla-C2-20190814","[1397046, 1397043, 1396253]"
"CBN-Pla-C2-20200723","[1396253, 1412857, 1450108]"
"CBN-Pla-C2-20200814","[1396253, 1395807, 1397500]"
"CBN-Pla-C3-20130808","[1395807, 1400176, 1418688]"
"CBN-Pla-C3-20130904","[1400176, 1392767, 1647128]"
"CBN-Pla-C3-20140722","[1361374, 1532190, 1727501]"
"CBN-Pla-C3-20140902","[1400176, 1360141, 1361367]"
"CBN-Pla-C3-20150702","[1407739, 1741932, 1394643]"
"CBN-Pla-C3-20150723","[1741880, 1392541, 1400176]"
"CBN-Pla-C3-20150811","[1400176, 1395807, 1741880]"
"CBN-Pla-C3-20150901","[1741880, 1400176, 1395870]"
"CBN-Pla-C3-20160707","[1394643, 1394311, 1396362]"
"CBN-Pla-C3-20160728","[1741880, 1395870, 1397043]"
"CBN-Pla-C3-20180724","[1418688, 1532190, 1361347]"
"CBN-Pla-C3-20180816","[1400176, 1395807, 1395870]"
"CBN-Pla-C3-20180906","[1741880, 1395807, 1395870]"
"CBN-Pla-C3-20190723","[1741880, 1395807, 1395870]"
"CBN-Pla-C3-20190814","[1741880, 1395870, 1743471]"
"CBN-Pla-C3-20200723","[1741880, 1395807, 1397043]"
"CBN-Pla-C3-20200814","[1741880, 1394542, 1395870]"
"CBN-Pla-C4-20130808","[1395807, 1363543, 1393948]"
"CBN-Pla-C4-20130904","[1395807, 1394311, 1397386]"
"CBN-Pla-C4-20140902","[1395807, 1391706, 1361367]"
"CBN-Pla-C4-20150702","[1363543, 1393200, 1741932]"
"CBN-Pla-C4-20150723","[1395807, 1395870, 1590997]"
"CBN-Pla-C4-20150811","[1395870, 1395807, 1741880]"
"CBN-Pla-C4-20150901","[1395807, 1361141, 1392541]"
"CBN-Pla-C4-20160707","[1356422, 1396253, 1395807]"
"CBN-Pla-C4-20160728","[1392558, 1397500, 1397046]"
"CBN-Pla-C4-20180724","[1397500, 1396253, 1358099]"
"CBN-Pla-C4-20180816","[1396253, 1397500, 1395807]"
"CBN-Pla-C4-20180906","[1396253, 1395807, 1412857]"
"CBN-Pla-C4-20190723","[1396253, 1395807, 1393200]"
"CBN-Pla-C4-20190814","[1396253, 1395807, 1396869]"
"CBN-Pla-C4-20200723","[1396253, 1397043, 1395807]"
"CBN-Pla-C4-20200814","[1742053, 1412857, 1396253]"
"CBN-Pla-C5-20130808","[1395807, 1396144, 1391666]"
"CBN-Pla-C5-20130904","[1395807, 1396144, 1647156]"
"CBN-Pla-C5-20140722","[1396144, 1532190, 1390793]"
"CBN-Pla-C5-20140902","[1396144, 1395807, 1394311]"
"CBN-Pla-C5-20150702","[1396144, 1609716, 1393708]"
"CBN-Pla-C5-20150723","[1396144, 1395807, 1396869]"
"CBN-Pla-C5-20150811","[1396144, 1396869, 1397049]"
"CBN-Pla-C5-20150901","[1396869, 1395807, 1743471]"
"CBN-Pla-C5-20160707","[1395807, 1741880, 1412857]"
"CBN-Pla-C5-20160728","[1395807, 1394366, 1395870]"
"CBN-Pla-C5-20180724","[1396144, 1397491, 1390783]"
"CBN-Pla-C5-20180816","[1395807, 1397675, 1396869]"
"CBN-Pla-C5-20180906","[1395807, 1356418, 1396253]"
"CBN-Pla-C5-20190723","[1395807, 1427744, 1360874]"
"CBN-Pla-C5-20190814","[1742053, 1395807, 1412857]"
"CBN-Pla-C5-20200723","[1395807, 1412857, 1418688]"
"CBN-Pla-C5-20200814","[1361141, 1395807, 1394643]"
"CBN-Pla-C6-20130808","[1396253, 1395807, 1394366]"
"CBN-Pla-C6-20130904","[1395807, 1396253, 1395870]"
"CBN-Pla-C6-20140902","[1392352, 1395807, 1393200]"
"CBN-Pla-C6-20150702","[1396253, 1363543, 1361367]"
"CBN-Pla-C6-20150723","[1395807, 1395862, 1395870]"
"CBN-Pla-C6-20150811","[1395807, 1396253, 1395870]"
"CBN-Pla-C6-20150901","[1390793, 1396253, 1412857]"
"CBN-Pla-C6-20160707","[1396253, 1395807, 1388766]"
"CBN-Pla-C6-20160728","[1395807, 1363543, 1396253]"
"CBN-Pla-C6-20180724","[1396253, 1390793, 1360306]"
"CBN-Pla-C6-20180816","[1395807, 1396253, 1390884]"
"CBN-Pla-C6-20180906","[1412857, 1742053, 1396253]"
"CBN-Pla-C6-20190723","[1395807, 1395870, 1741880]"
"CBN-Pla-C6-20190814","[1396253, 1395807, 1741880]"
"CBN-Pla-C6-20200723","[1396144, 1395807, 1396253]"
"CBN-Pla-C6-20200814","[1741880, 1395807, 1395870]"
"CBN-Pla-D1-20130808","[1396253, 1412857, 1395807]"
"CBN-Pla-D1-20130904","[1396253, 1395807, 1395870]"
"CBN-Pla-D1-20140722","[1363543, 1390811, 1390837]"
"CBN-Pla-D1-20140902","[1395870, 1741880, 1396253]"
"CBN-Pla-D1-20150702","[1741880, 1399798, 1744194]"
"CBN-Pla-D1-20150723","[1741880, 1395870, 1363413]"
"CBN-Pla-D1-20150811","[1396253, 1395807, 1741880]"
"CBN-Pla-D1-20150901","[1396253, 1396869, 1395807]"
"CBN-Pla-D1-20160707","[1396253, 1361347, 1399798]"
"CBN-Pla-D1-20160728","[1394311, 1741880, 1361367]"
"CBN-Pla-D1-20180724","[1361347, 1397279, 1412857]"
"CBN-Pla-D1-20180816","[1395807, 1397043, 1400176]"
"CBN-Pla-D1-20180906","[1391706, 1395807, 1395718]"
"CBN-Pla-D1-20190723","[1396253, 1363543, 1393224]"
"CBN-Pla-D1-20190814","[1394311, 1741880, 1395807]"
"CBN-Pla-D1-20200723","[1395807, 1364066, 1412857]"
"CBN-Pla-D1-20200814","[1742053, 1412857, 1394311]"
"CBN-Pla-D2-20130808","[1396253, 1412857, 1361347]"
"CBN-Pla-D2-20130904","[1359531, 1396253, 1396843]"
"CBN-Pla-D2-20140722","[1396253, 1392241, 1412857]"
"CBN-Pla-D2-20140902","[1393200, 1399082, 1393702]"
"CBN-Pla-D2-20150702","[1418612, 1396843, 1396253]"
"CBN-Pla-D2-20150723","[1396843, 1396253, 1395807]"
"CBN-Pla-D2-20150811","[1395807, 1742053, 1393200]"
"CBN-Pla-D2-20150901","[1396843, 1742053, 1742052]"
"CBN-Pla-D2-20160707","[1396843, 1742052, 1392293]"
"CBN-Pla-D2-20160728","[1412857, 1742053, 1400176]"
"CBN-Pla-D2-20180724","[1412857, 1394828, 1396253]"
"CBN-Pla-D2-20180816","[1412857, 1396253, 1397043]"
"CBN-Pla-D2-20180906","[1400176, 1396253, 1396843]"
"CBN-Pla-D2-20190723","[1742053, 1395807, 1394641]"
"CBN-Pla-D2-20190814","[1396253, 1742053, 1396843]"
"CBN-Pla-D2-20200723","[1400176, 1396253, 1741880]"
"CBN-Pla-D2-20200814","[1742053, 1392552, 1400176]"
"CBN-Pla-D3-20130808","[1395870, 1741880, 1395807]"
"CBN-Pla-D3-20130904","[1395870, 1741880, 1396253]"
"CBN-Pla-D3-20140722","[1363133, 1363543, 1743999]"
"CBN-Pla-D3-20140902","[1395870, 1396253, 1392352]"
"CBN-Pla-D3-20150702","[1397500, 1396253, 1393200]"
"CBN-Pla-D3-20150723","[1395870, 1741880, 1360141]"
"CBN-Pla-D3-20150811","[1392534, 1395870, 1396253]"
"CBN-Pla-D3-20150901","[1396253, 1395870, 1741880]"
"CBN-Pla-D3-20160707","[1397500, 1741880, 1395870]"
"CBN-Pla-D3-20160728","[1741880, 1395870, 1397500]"
"CBN-Pla-D3-20180724","[1361347, 1397108, 1390837]"
"CBN-Pla-D3-20180816","[1741880, 1395870, 1396253]"
"CBN-Pla-D3-20180906","[1396253, 1395807, 1400176]"
"CBN-Pla-D3-20190723","[1741880, 1395870, 1395807]"
"CBN-Pla-D3-20190814","[1741880, 1395870, 1396253]"
"CBN-Pla-D3-20200723","[1400176, 1396253, 1741880]"
"CBN-Pla-D3-20200814","[1741880, 1395870, 1392552]"
"CBN-Pla-D4-20130808","[1741880, 1395870, 1395807]"
"CBN-Pla-D4-20130904","[1397465, 1397046, 1741880]"
"CBN-Pla-D4-20140722","[1396253, 1396144, 1390811]"
"CBN-Pla-D4-20140902","[1397043, 1396253, 1361367]"
"CBN-Pla-D4-20150702","[1743471, 1392260, 1651363]"
"CBN-Pla-D4-20150723","[1396253, 1395807, 1395870]"
"CBN-Pla-D4-20150811","[1396253, 1395807, 1395870]"
"CBN-Pla-D4-20150901","[1396253, 1395807, 1395870]"
"CBN-Pla-D4-20160707","[1396253, 1390793, 1395870]"
"CBN-Pla-D4-20160728","[1361367, 1396253, 1397043]"
"CBN-Pla-D4-20180724","[1396253, 1390904, 1398699]"
"CBN-Pla-D4-20180816","[1396253, 1395870, 1395807]"
"CBN-Pla-D4-20180906","[1396253, 1395870, 1395807]"
"CBN-Pla-D4-20190723","[1361077, 1396253, 1744603]"
"CBN-Pla-D4-20190814","[1395870, 1395807, 1392300]"
"CBN-Pla-D4-20200723","[1396253, 1395870, 1741880]"
"CBN-Pla-D4-20200814","[1395870, 1741880, 1392552]"
"CBN-Pla-D5-20130808","[1396253, 1395807, 1363543]"
"CBN-Pla-D5-20130904","[1396253, 1396843, 1397500]"
"CBN-Pla-D5-20140722","[1396144, 1396160, 1396145]"
"CBN-Pla-D5-20140902","[1396144, 1361367, 1395807]"
"CBN-Pla-D5-20150702","[1396253, 1396144, 1390904]"
"CBN-Pla-D5-20150723","[1396144, 1395807, 1743456]"
"CBN-Pla-D5-20150811","[1395807, 1361141, 1396253]"
"CBN-Pla-D5-20150901","[1395807, 1396144, 1396843]"
"CBN-Pla-D5-20160707","[1395807, 1395870, 1741880]"
"CBN-Pla-D5-20160728","[1395870, 1395807, 1396253]"
"CBN-Pla-D5-20180724","[1396253, 1390793, 1363543]"
"CBN-Pla-D5-20180816","[1396253, 1397043, 1395807]"
"CBN-Pla-D5-20180906","[1396253, 1395807, 1396843]"
"CBN-Pla-D5-20190723","[1396253, 1395807, 1393947]"
"CBN-Pla-D5-20190814","[1396144, 1397043, 1397046]"
"CBN-Pla-D5-20200723","[1395807, 1396253, 1396843]"
"CBN-Pla-D6-20130808","[1412857, 1395807, 1396253]"
"CBN-Pla-D6-20130904","[1741880, 1397043, 1395807]"
"CBN-Pla-D6-20140722","[1609716, 1396144, 1394595]"
"CBN-Pla-D6-20140902","[1395807, 1394366, 1396843]"
"CBN-Pla-D6-20150702","[1744293, 1399800, 1394597]"
"CBN-Pla-D6-20150723","[1395807, 1361141, 1495503]"
"CBN-Pla-D6-20150811","[1392552, 1395807, 1396253]"
"CBN-Pla-D6-20150901","[1395807, 1396843, 1396253]"
"CBN-Pla-D6-20160707","[1392541, 1741880, 1395807]"
"CBN-Pla-D6-20160728","[1396253, 1395807, 1397043]"
"CBN-Pla-D6-20180724","[1744293, 1412857, 1399800]"
"CBN-Pla-D6-20180816","[1397043, 1395807, 1395870]"
"CBN-Pla-D6-20180906","[1397043, 1395807, 1397046]"
"CBN-Pla-D6-20190723","[1412857, 1742053, 1395807]"
"CBN-Pla-D6-20190814","[1395807, 1395870, 1397542]"
"CBN-Pla-D6-20200723","[1395807, 1396253, 1392534]"
"CBN-Pla-D6-20200814","[1392552, 1392566, 1394366]"
"CBN-Pla-E1-20130808","[1396144, 1396253, 1397491]"
"CBN-Pla-E1-20130904","[1396144, 1396253, 1397491]"
"CBN-Pla-E1-20140722","[1396144, 1395974, 1399800]"
"CBN-Pla-E1-20140902","[1396144, 1397491, 1394678]"
"CBN-Pla-E1-20150702","[1396144, 1399798, 1397491]"
"CBN-Pla-E1-20150723","[1396144, 1396015, 1396253]"
"CBN-Pla-E1-20150901","[1396144, 1412857, 1391427]"
"CBN-Pla-E1-20160707","[1396144, 1396253, 1362273]"
"CBN-Pla-E1-20160728","[1396144, 1392535, 1396253]"
"CBN-Pla-E1-20180816","[1396144, 1396253, 1744479]"
"CBN-Pla-E1-20180906","[1396144, 1413349, 1394542]"
"CBN-Pla-E1-20190723","[1392541, 1744479, 1392535]"
"CBN-Pla-E1-20190814","[1396144, 1396253, 1413349]"
"CBN-Pla-E1-20200630","[1396253, 1396144, 1395949]"
"CBN-Pla-E1-20200723","[1744479, 1396253, 1396362]"
"CBN-Pla-E1-20200814","[1396362, 1647128, 1744479]"
"CBN-Pla-E2-20130808","[1396144, 1396253, 1738749]"
"CBN-Pla-E2-20130904","[1396144, 1396253, 1363618]"
"CBN-Pla-E2-20140722","[1396144, 1396253, 1396272]"
"CBN-Pla-E2-20140902","[1396144, 1396253, 1394311]"
"CBN-Pla-E2-20150702","[1396253, 1396144, 1396272]"
"CBN-Pla-E2-20150723","[1396253, 1396144, 1396272]"
"CBN-Pla-E2-20150901","[1396144, 1742053, 1396253]"
"CBN-Pla-E2-20160707","[1396253, 1396144, 1400176]"
"CBN-Pla-E2-20160728","[1396144, 1396253, 1413349]"
"CBN-Pla-E2-20180724","[1396253, 1396144, 1412857]"
"CBN-Pla-E2-20180816","[1396253, 1741624, 1396144]"
"CBN-Pla-E2-20180906","[1742053, 1396253, 1412857]"
"CBN-Pla-E2-20190723","[1396253, 1396144, 1396362]"
"CBN-Pla-E2-20190814","[1396144, 1396253, 1647128]"
"CBN-Pla-E2-20200630","[1413349, 1396253, 1396144]"
"CBN-Pla-E2-20200723","[1396253, 1412857, 1742053]"
"CBN-Pla-E2-20200814","[1396253, 1396144, 1744479]"
"CBN-Pla-E3-20130808","[1396253, 1396144, 1397491]"
"CBN-Pla-E3-20130904","[1396144, 1396253, 1394641]"
"CBN-Pla-E3-20140722","[1396144, 1396253, 1390793]"
"CBN-Pla-E3-20140902","[1396144, 1396253, 1396843]"
"CBN-Pla-E3-20150702","[1396253, 1412857, 1396144]"
"CBN-Pla-E3-20150723","[1396253, 1397049, 1397043]"
"CBN-Pla-E3-20150811","[1396253, 1396858, 1412857]"
"CBN-Pla-E3-20150901","[1396253, 1412857, 1396144]"
"CBN-Pla-E3-20160707","[1396253, 1396144, 1395948]"
"CBN-Pla-E3-20160728","[1400155, 1396253, 1397043]"
"CBN-Pla-E3-20180724","[1396253, 1394641, 1412857]"
"CBN-Pla-E3-20180816","[1397043, 1396253, 1412857]"
"CBN-Pla-E3-20180906","[1742053, 1396253, 1412857]"
"CBN-Pla-E3-20190723","[1392534, 1396253, 1412857]"
"CBN-Pla-E3-20190814","[1396253, 1412857, 1742052]"
"CBN-Pla-E3-20200630","[1742053, 1360981, 1390495]"
"CBN-Pla-E3-20200723","[1396253, 1397043, 1396843]"
"CBN-Pla-E3-20200814","[1396843, 1412857, 1400176]"
"CBN-Pla-E4-20130808","[1396253, 1396843, 1395807]"
"CBN-Pla-E4-20130904","[1396253, 1396843, 1397551]"
"CBN-Pla-E4-20140722","[1395967, 1396253, 1412857]"
"CBN-Pla-E4-20140902","[1396253, 1392534, 1361367]"
"CBN-Pla-E4-20150702","[1396253, 1396843, 1418688]"
"CBN-Pla-E4-20150811","[1400176, 1396253, 1396843]"
"CBN-Pla-E4-20150901","[1396253, 1396843, 1412857]"
"CBN-Pla-E4-20160707","[1396253, 1363543, 1356942]"
"CBN-Pla-E4-20160728","[1396253, 1392241, 1396843]"
"CBN-Pla-E4-20180724","[1396253, 1392534, 1361347]"
"CBN-Pla-E4-20180816","[1392534, 1396253, 1396843]"
"CBN-Pla-E4-20180906","[1396843, 1396253, 1397043]"
"CBN-Pla-E4-20190723","[1396253, 1395807, 1399800]"
"CBN-Pla-E4-20190814","[1396253, 1396843, 1361367]"
"CBN-Pla-E4-20200630","[1396144, 1396253, 1743471]"
"CBN-Pla-E4-20200723","[1396144, 1397046, 1397043]"
"CBN-Pla-E4-20200814","[1396843, 1396253, 1395807]"
"CBN-Pla-E5-20130808","[1396253, 1395807, 1361347]"
"CBN-Pla-E5-20130904","[1397386, 1395807, 1744235]"
"CBN-Pla-E5-20140722","[1392534, 1418211, 1399800]"
"CBN-Pla-E5-20140902","[1395870, 1741880, 1744194]"
"CBN-Pla-E5-20150702","[1396843, 1403533, 1394911]"
"CBN-Pla-E5-20150723","[1651267, 1392541, 1391427]"
"CBN-Pla-E5-20150811","[1363618, 1392534, 1396843]"
"CBN-Pla-E5-20150901","[1396843, 1396253, 1394311]"
"CBN-Pla-E5-20160707","[1394643, 1390793, 1363618]"
"CBN-Pla-E5-20160728","[1392535, 1392534, 1395807]"
"CBN-Pla-E5-20180724","[1363618, 1399798, 1398128]"
"CBN-Pla-E5-20180816","[1392535, 1396253, 1392534]"
"CBN-Pla-E5-20180906","[1356422, 1396843, 1392534]"
"CBN-Pla-E5-20190723","[1396843, 1395807, 1403533]"
"CBN-Pla-E5-20190814","[1396843, 1395807, 1403533]"
"CBN-Pla-E5-20200630","[1388766, 1392541, 1392534]"
"CBN-Pla-E5-20200723","[1392534, 1395807, 1412857]"
"CBN-Pla-E5-20200814","[1362482, 1395807, 1392541]"
"CBN-Pla-E6-20130808","[1396253, 1395807, 1395870]"
"CBN-Pla-E6-20130904","[1396253, 1741880, 1395807]"
"CBN-Pla-E6-20140722","[1396253, 1412857, 1394311]"
"CBN-Pla-E6-20140902","[1361275, 1412857, 1361367]"
"CBN-Pla-E6-20150702","[1396253, 1412857, 1394643]"
"CBN-Pla-E6-20150723","[1412857, 1395807, 1396253]"
"CBN-Pla-E6-20150811","[1395870, 1412857, 1388766]"
"CBN-Pla-E6-20150901","[1396253, 1412857, 1741624]"
"CBN-Pla-E6-20160707","[1396253, 1742053, 1412857]"
"CBN-Pla-E6-20160728","[1396253, 1396144, 1395807]"
"CBN-Pla-E6-20180724","[1390783, 1392352, 1391092]"
"CBN-Pla-E6-20180816","[1412857, 1397043, 1396253]"
"CBN-Pla-E6-20180906","[1742053, 1412857, 1396253]"
"CBN-Pla-E6-20190723","[1396253, 1395807, 1363543]"
"CBN-Pla-E6-20190814","[1396253, 1741624, 1395870]"
"CBN-Pla-E6-20200723","[1396253, 1412857, 1364066]"
"CBN-Pla-E6-20200814","[1742053, 1396253, 1412857]"
"CBN-Pla-F1-20130808","[1363543, 1741624, 1580587]"
"CBN-Pla-F1-20130904","[1741624, 1394311, 1388766]"
"CBN-Pla-F1-20140722","[1396144, 1363543, 1392541]"
"CBN-Pla-F1-20140902","[1744479, 1647156, 1399082]"
"CBN-Pla-F1-20150702","[1647156, 1744479, 1399082]"
"CBN-Pla-F1-20150723","[1413349, 1647128, 1399082]"
"CBN-Pla-F1-20150901","[1400017, 1647128, 1413349]"
"CBN-Pla-F1-20160707","[1647128, 1361367, 1388890]"
"CBN-Pla-F1-20160728","[1647156, 1394479, 1396296]"
"CBN-Pla-F1-20180724","[1356422, 1647128, 1389597]"
"CBN-Pla-F1-20180816","[1741624, 1492665, 1359296]"
"CBN-Pla-F1-20180906","[1728573, 1400176, 1738042]"
"CBN-Pla-F1-20190723","[1741624, 1580588, 1580587]"
"CBN-Pla-F1-20190814","[1400176, 1393494, 1393505]"
"CBN-Pla-F1-20200630","[1363543, 1390811, 1396144]"
"CBN-Pla-F1-20200723","[1397043, 1741624, 1397046]"
"CBN-Pla-F1-20200814","[1400176, 1394655, 1580587]"
"CBN-Pla-F2-20130808","[1392657, 1396253, 1412857]"
"CBN-Pla-F2-20130904","[1744479, 1647156, 1419963]"
"CBN-Pla-F2-20140722","[1396253, 1396144, 1395948]"
"CBN-Pla-F2-20140902","[1412857, 1647128, 1396253]"
"CBN-Pla-F2-20150702","[1396144, 1395948, 1396253]"
"CBN-Pla-F2-20150723","[1580588, 1741624, 1580587]"
"CBN-Pla-F2-20150901","[1412857, 1396253, 1395718]"
"CBN-Pla-F2-20160707","[1396253, 1413349, 1741624]"
"CBN-Pla-F2-20160728","[1395718, 1741624, 1396253]"
"CBN-Pla-F2-20180724","[1396253, 1396144, 1742052]"
"CBN-Pla-F2-20180816","[1356942, 1743471, 1412857]"
"CBN-Pla-F2-20180906","[1395718, 1396253, 1580587]"
"CBN-Pla-F2-20190723","[1397208, 1396253, 1363543]"
"CBN-Pla-F2-20190814","[1391359, 1397106, 1395718]"
"CBN-Pla-F2-20200630","[1396253, 1392241, 1391793]"
"CBN-Pla-F2-20200723","[1396253, 1391881, 1412857]"
"CBN-Pla-F2-20200814","[1741624, 1743471, 1400017]"
"CBN-Pla-F3-20130808","[1396253, 1390793, 1394438]"
"CBN-Pla-F3-20130904","[1396253, 1390793, 1390495]"
"CBN-Pla-F3-20140722","[1647156, 1396253, 1396144]"
"CBN-Pla-F3-20140902","[1396253, 1397106, 1361367]"
"CBN-Pla-F3-20150702","[1396253, 1392541, 1361347]"
"CBN-Pla-F3-20150723","[1396253, 1741624, 1418612]"
"CBN-Pla-F3-20150811","[1744479, 1396144, 1396253]"
"CBN-Pla-F3-20150901","[1396253, 1647128, 1395718]"
"CBN-Pla-F3-20160707","[1396253, 1396165, 1394438]"
"CBN-Pla-F3-20160728","[1396144, 1394438, 1394643]"
"CBN-Pla-F3-20180724","[1396253, 1391427, 1396144]"
"CBN-Pla-F3-20180816","[1396253, 1412857, 1395718]"
"CBN-Pla-F3-20180906","[1396253, 1741624, 1412857]"
"CBN-Pla-F3-20190723","[1396253, 1412857, 1394595]"
"CBN-Pla-F3-20190814","[1394438, 1394444, 1394441]"
"CBN-Pla-F3-20200630","[1396253, 1392397, 1744067]"
"CBN-Pla-F3-20200723","[1396253, 1396144, 1647128]"
"CBN-Pla-F3-20200814","[1396144, 1412857, 1396253]"
"CBN-Pla-F4-20130808","[1647128, 1396253, 1392241]"
"CBN-Pla-F4-20130904","[1396253, 1396144, 1394643]"
"CBN-Pla-F4-20140722","[1396144, 1394643, 1397491]"
"CBN-Pla-F4-20150723","[1396362, 1744479, 1647156]"
"CBN-Pla-F4-20150811","[1744479, 1413349, 1412857]"
"CBN-Pla-F4-20150901","[1396144, 1413349, 1394311]"
"CBN-Pla-F4-20160707","[1742053, 1412857, 1394641]"
"CBN-Pla-F4-20160728","[1742053, 1412857, 1396144]"
"CBN-Pla-F4-20180724","[1363543, 1394643, 1394641]"
"CBN-Pla-F4-20180816","[1412857, 1742053, 1396253]"
"CBN-Pla-F4-20180906","[1412857, 1742053, 1395711]"
"CBN-Pla-F4-20190723","[1396253, 1395807, 1412857]"
"CBN-Pla-F4-20190814","[1412857, 1396253, 1742053]"
"CBN-Pla-F4-20200630","[1356228, 1363133, 1366028]"
"CBN-Pla-F4-20200723","[1742053, 1412857, 1396253]"
"CBN-Pla-F4-20200814","[1412857, 1742053, 1744479]"
"CBN-Pla-F5-20130808","[1396253, 1392534, 1361347]"
"CBN-Pla-F5-20130904","[1390837, 1396253, 1396843]"
"CBN-Pla-F5-20140722","[1363543, 1396144, 1396180]"
"CBN-Pla-F5-20140902","[1396253, 1400176, 1399568]"
"CBN-Pla-F5-20150702","[1396253, 1418688, 1361141]"
"CBN-Pla-F5-20150723","[1396253, 1396843, 1400176]"
"CBN-Pla-F5-20150811","[1396253, 1396843, 1647677]"
"CBN-Pla-F5-20150901","[1396253, 1396843, 1361141]"
"CBN-Pla-F5-20160707","[1396253, 1394865, 1394366]"
"CBN-Pla-F5-20160728","[1396253, 1400176, 1397043]"
"CBN-Pla-F5-20180724","[1396253, 1358099, 1396143]"
"CBN-Pla-F5-20180816","[1397043, 1396253, 1397049]"
"CBN-Pla-F5-20180906","[1396843, 1396253, 1400176]"
"CBN-Pla-F5-20190723","[1396253, 1395807, 1364066]"
"CBN-Pla-F5-20190814","[1396253, 1397046, 1397043]"
"CBN-Pla-F5-20200723","[1396253, 1397043, 1395807]"
"CBN-Pla-F5-20200814","[1396253, 1400176, 1412857]"
"CBN-Pla-F6-20130808","[1396253, 1392541, 1392535]"
"CBN-Pla-F6-20130904","[1396843, 1396253, 1392241]"
"CBN-Pla-F6-20140722","[1609716, 1397376, 1396253]"
"CBN-Pla-F6-20140902","[1392241, 1396253, 1396843]"
"CBN-Pla-F6-20150702","[1396253, 1392484, 1394830]"
"CBN-Pla-F6-20150723","[1396253, 1396843, 1395718]"
"CBN-Pla-F6-20150811","[1396843, 1396253, 1359138]"
"CBN-Pla-F6-20150901","[1396253, 1396843, 1392241]"
"CBN-Pla-F6-20160707","[1396253, 1609716, 1396843]"
"CBN-Pla-F6-20160728","[1396253, 1397043, 1360130]"
"CBN-Pla-F6-20180724","[1486742, 1396253, 1502610]"
"CBN-Pla-F6-20180816","[1396253, 1395000, 1395807]"
"CBN-Pla-F6-20180906","[1396253, 1397043, 1396843]"
"CBN-Pla-F6-20190723","[1396144, 1396253, 1396843]"
"CBN-Pla-F6-20190814","[1396253, 1412857, 1742053]"
"CBN-Pla-F6-20200723","[1397043, 1396253, 1392241]"
"CBN-Pla-F6-20200814","[1396253, 1397043, 1396144]"
"CBN-Pyr-01-20230706","[1396843, 1359508, 1359965]"
"CBN-Pyr-03-20230706","[1396015, 1741624, 1395973]"
"CBN-can-A1-20230705","[1396253, 1396843, 1392608]"
"CBN-can-A2-20230705","[1393200, 1397450, 1393659]"
"CBN-can-A3-20230705","[1393200, 1396144, 1392608]"
"CBN-can-A5-20230705","[1392534, 1392535, 1397475]"
"CBN-can-A6-20230705","[1397475, 1393200, 1396253]"
"CBN-can-B1-20230705","[1392608, 1412857, 1742053]"
"CBN-can-B2-20230705","[1392608, 1418688, 1397123]"
"CBN-can-B3-20230705","[1393619, 1393200, 1392608]"
"CBN-can-B4-20230705","[1397475, 1393200, 1391648]"
"CBN-can-B5-20230705","[1397475, 1394643, 1392535]"
"CBN-can-B6-20230705","[1393679, 1393200, 1397475]"
"CBN-can-C1-20230705","[1396253, 1360872, 1360748]"
"CBN-can-C2-20230705","[1393200, 1395807, 1396253]"
"CBN-can-C3-20230705","[1396253, 1395807, 1364066]"
"CBN-can-C4-20230705","[1393200, 1395807, 1364066]"
"CBN-can-D1-20230705","[1396253, 1395807, 1393708]"
"CBN-can-D2-20230705","[1396253, 1412857, 1395807]"
"CBN-can-D3-20230705","[1413349, 1391092, 1396253]"
"CBN-can-D4-20230705","[1392535, 1400101, 1396253]"
"CBN-can-E1-20230706","[1392608, 1392612, 1395807]"
"CBN-can-E2-20230706","[1395807, 1393619, 1396253]"
"CBN-can-E3-20230706","[1392535, 1392534, 1396253]"
"CBN-can-E4-20230706","[1397430, 1363798, 1396843]"
"CBN-can-E5-20230706","[1392534, 1392608, 1360299]"
"CBN-can-E6-20230706","[1392535, 1393200, 1392534]"
"CBN-can-F1-20230705","[1392534, 1392535, 1396253]"
"CBN-can-F2-20230706","[1396253, 1393619, 1396144]"
"CBN-can-F3-20230706","[1412857, 1395807, 1396253]"
"CBN-can-F4-20230706","[1397430, 1361823, 1395807]"
"CBN-can-F5-20230706","[1392608, 1396843, 1392612]"
"GUARDEN-AMB-CF04-1-10-20240325","[1359344, 1363302, 1393770]"
"GUARDEN-AMB-CF04-1-5-20240325","[1363302, 1359344, 1363882]"
"GUARDEN-AMB-CF21-1-1-20240326","[1388812, 1357589, 1357595]"
"GUARDEN-AMB-CF21-1-10-20240326","[1363302, 1744602, 1399739]"
"GUARDEN-AMB-CF21-1-2-20240326","[1363302, 1358203, 1360719]"
"GUARDEN-AMB-CF21-1-3-20240326","[1359344, 1360719, 1363302]"
"GUARDEN-AMB-CF21-1-4-20240326","[1359344, 1360978, 1363302]"
"GUARDEN-AMB-CF21-1-5-20240326","[1359344, 1359297, 1393770]"
"GUARDEN-AMB-CF21-1-6-20240326","[1359344, 1363302, 1359297]"
"GUARDEN-AMB-CF21-1-7-20240326","[1744602, 1363302, 1743664]"
"GUARDEN-AMB-CF21-1-8-20240326","[1359344, 1363302, 1399739]"
"GUARDEN-AMB-CF21-1-9-20240326","[1398786, 1357129, 1744602]"
"GUARDEN-AMB-GV04-1-3-20240326","[1359297, 1359344, 1359298]"
"GUARDEN-AMB-GV04-1-4-20240326","[1359297, 1359298, 1359344]"
"GUARDEN-AMB-GV04-1-5-20240326","[1359297, 1359298, 1359344]"
"GUARDEN-AMB-GV04-1-6-20240326","[1359297, 1359298, 1399739]"
"GUARDEN-AMB-GV04-1-7-20240326","[1359297, 1359298, 1363882]"
"GUARDEN-AMB-PR13-1-10-20240417","[1359297, 1721018, 1359298]"
"GUARDEN-AMB-PR13-1-2-20240417","[1360701, 1721018, 1722578]"
"GUARDEN-AMB-PR13-1-3-20240417","[1360701, 1721018, 1359297]"
"GUARDEN-AMB-PR13-1-4-20240417","[1721018, 1364037, 1722578]"
"GUARDEN-AMB-PR13-1-8-20240417","[1359344, 1721018, 1359297]"
"GUARDEN-AMB-PR20-1-1-20240424","[1393522, 1722441, 1722433]"
"GUARDEN-AMB-PR20-1-10-20240424","[1359297, 1359344, 1359298]"
"GUARDEN-AMB-PR20-1-8-20240424","[1359344, 1391491, 1425238]"
"GUARDEN-AMB-SA03-1-1-20240626","[1359344, 1399739, 1360381]"
"GUARDEN-AMB-SA03-1-10-20240626","[1356333, 1360035, 1361732]"
"GUARDEN-AMB-SA03-1-2-20240626","[1359344, 1363840, 1738652]"
"GUARDEN-AMB-SA03-1-3-20240626","[1359344, 1358203, 1360381]"
"GUARDEN-AMB-SA03-1-4-20240626","[1359344, 1360978, 1359297]"
"GUARDEN-AMB-SA03-1-5-20240626","[1359344, 1359424, 1360978]"
"GUARDEN-AMB-SA03-1-9-20240626","[1356905, 1359297, 1359298]"
"GUARDEN-AMB-VC03-1-3-20240417","[1356905, 1359344, 1394421]"
"GUARDEN-AMB-VC03-1-4-20240417","[1356905, 1359344, 1394421]"
"GUARDEN-AMB-VC03-1-5-20240417","[1356905, 1359297, 1359298]"
"GUARDEN-AMB-VC03-1-6-20240417","[1359344, 1356905, 1359297]"
"GUARDEN-CBNMed-10-1-16-34-20240429","[1564276, 1358503, 1358509]"
"GUARDEN-CBNMed-10-10-17-19-20240429","[1358613, 1548487, 1743448]"
"GUARDEN-CBNMed-10-5-16-55-20240429","[1356785, 1357111, 1358503]"
"GUARDEN-CBNMed-10-6-17-02-20240429","[1358613, 1356785, 1357111]"
"GUARDEN-CBNMed-10-7-17-05-20240429","[1388990, 1388794, 1388770]"
"GUARDEN-CBNMed-10-8-17-11-20240429","[1358613, 1548487, 1743916]"
"GUARDEN-CBNMed-10-9-17-16-20240429","[1358613, 1358503, 1548487]"
"GUARDEN-CBNMed-14-3-9-45-20240429","[1359676, 1364048, 1358986]"
"GUARDEN-CBNMed-14-4-9-49-20240429","[1359676, 1359176, 1356728]"
"GUARDEN-CBNMed-14-9-10-09-20240429","[1359676, 1359677, 1359079]"
"GUARDEN-CBNMed-15-10-12-17-20240429","[1362465, 1361190, 1399739]"
"GUARDEN-CBNMed-15-5-11-44-20240429","[1364171, 1356013, 1357351]"
"GUARDEN-CBNMed-15-7-12-02-20240429","[1364171, 1358478, 1359676]"
"GUARDEN-CBNMed-15-9-12-15-20240429","[1363467, 1361190, 1502795]"
"GUARDEN-CBNMed-16-1-13-37-20240429","[1357114, 1722409, 1388990]"
"GUARDEN-CBNMed-16-10-14-33-20240429","[1722409, 1744347, 1743965]"
"GUARDEN-CBNMed-16-2-13-45-20240429","[1360782, 1743989, 1409031]"
"GUARDEN-CBNMed-16-3-13-51-20240429","[1722409, 1743966, 1359548]"
"GUARDEN-CBNMed-16-4-13-57-20240429","[1722409, 1359029, 1744347]"
"GUARDEN-CBNMed-16-6-14-07-20240429","[1722409, 1564354, 1363707]"
"GUARDEN-CBNMed-16-7-14-1-20240429","[1722409, 1743966, 1744243]"
"GUARDEN-CBNMed-16-8-14-14-20240429","[1722409, 1359596, 1744047]"
"GUARDEN-CBNMed-17-3-10-56-20240429","[1361106, 1363292, 1360399]"
"GUARDEN-CBNMed-17-5-11-2-20240429","[1363212, 1361088, 1363292]"
"GUARDEN-CBNMed-19-1-15-24-20240429","[1357743, 1357594, 1357293]"
"GUARDEN-CBNMed-19-10-16-02-20240429","[1360783, 1359102, 1358477]"
"GUARDEN-CBNMed-19-2-15-31-20240429","[1363413, 1502684, 1400017]"
"GUARDEN-CBNMed-19-3-15-35-20240429","[1359521, 1357815, 1389369]"
"GUARDEN-CBNMed-19-4-15-39-20240429","[1358477, 1359521, 1389142]"
"GUARDEN-CBNMed-19-5-15-44-20240429","[1744483, 1361926, 1363734]"
"GUARDEN-CBNMed-19-6-15-48-20240429","[1361926, 1400017, 1743313]"
"GUARDEN-CBNMed-19-7-15-51-20240429","[1392628, 1400017, 1399397]"
"GUARDEN-CBNMed-19-8-15-53-20240429","[1359521, 1358654, 1356001]"
"GUARDEN-CBNMed-19-9-15-58-20240429","[1363413, 1744471, 1397345]"
"GUARDEN-CBNMed-20-1-9-35-20240428","[1394527, 1360443, 1364040]"
"GUARDEN-CBNMed-20-10-10-31-20240428","[1744033, 1357121, 1357114]"
"GUARDEN-CBNMed-20-8-10-19-20240428","[1360999, 1363273, 1397376]"
"GUARDEN-CBNMed-20-9-10-23-20240428","[1359177, 1357114, 1362454]"
"GUARDEN-CBNMed-21-10-11-42-20240428","[1400017, 1363137, 1743336]"
"GUARDEN-CBNMed-21-2-11-07-20240428","[1357122, 1357121, 1357114]"
"GUARDEN-CBNMed-21-3-11-09-20240428","[1393365, 1357122, 1357170]"
"GUARDEN-CBNMed-21-6-11-17-20240428","[1357122, 1357116, 1357114]"
"GUARDEN-CBNMed-21-8-11-23-20240428","[1357122, 1357121, 1357117]"
"GUARDEN-CBNMed-21-9-11-32-20240428","[1360999, 1388990, 1391709]"
"GUARDEN-CBNMed-22-1-13-39-20240428","[1722625, 1393569, 1360026]"
"GUARDEN-CBNMed-22-10-14-48-20240428","[1360006, 1743275, 1393571]"
"GUARDEN-CBNMed-22-2-14-05-20240428","[1722625, 1722521, 1393574]"
"GUARDEN-CBNMed-22-5-14-21-20240428","[1722521, 1363200, 1722522]"
"GUARDEN-CBNMed-22-6-14-23-20240428","[1722522, 1722521, 1722625]"
"GUARDEN-CBNMed-22-7-14-25-20240428","[1722522, 1722625, 1363200]"
"GUARDEN-CBNMed-22-9-14-42-20240428","[1722625, 1363200, 1722521]"
"GUARDEN-CBNMed-23-1-9-56-20240428","[1360999, 1492564, 1391710]"
"GUARDEN-CBNMed-23-10-10-42-20240428","[1564646, 1358318, 1360701]"
"GUARDEN-CBNMed-23-3-10-14-20240428","[1389424, 1744504, 1398815]"
"GUARDEN-CBNMed-23-4-10-17-20240428","[1389394, 1564646, 1564630]"
"GUARDEN-CBNMed-23-5-10-21-20240428","[1360711, 1360701, 1360999]"
"GUARDEN-CBNMed-23-6-10-24-20240428","[1393365, 1399771, 1744307]"
"GUARDEN-CBNMed-23-7-10-28-20240428","[1360999, 1393365, 1518934]"
"GUARDEN-CBNMed-23-8-10-34-20240428","[1360558, 1356108, 1358318]"
"GUARDEN-CBNMed-23-9-10-39-20240428","[1389396, 1388990, 1398815]"
"GUARDEN-CBNMed-24-10-13-06-20240428","[1359952, 1358463, 1577392]"
"GUARDEN-CBNMed-24-2-12-04-20240428","[1357335, 1357121, 1362462]"
"GUARDEN-CBNMed-24-3-12-15-20240428","[1357405, 1357351, 1502831]"
"GUARDEN-CBNMed-24-5-12-36-20240428","[1357351, 1355881, 1357405]"
"GUARDEN-CBNMed-24-6-12-46-20240428","[1360711, 1744928, 1396956]"
"GUARDEN-CBNMed-24-7-12-54-20240428","[1360711, 1360715, 1360706]"
"GUARDEN-CBNMed-24-8-14-58-20240428","[1360711, 1360715, 1357722]"
"GUARDEN-CBNMed-24-9-13-02-20240428","[1356852, 1393481, 1391710]"
"GUARDEN-CBNMed-25-1-13-52-20240428","[1394527, 1742109, 1360739]"
"GUARDEN-CBNMed-25-10-14-49-20240428","[1394527, 1357743, 1357293]"
"GUARDEN-CBNMed-25-2-13-57-20240428","[1742109, 1679961, 1394527]"
"GUARDEN-CBNMed-25-3-14-06-20240428","[1394527, 1394526, 1359952]"
"GUARDEN-CBNMed-25-4-14-15-20240428","[1357743, 1394527, 1357981]"
"GUARDEN-CBNMed-25-7-14-28-20240428","[1742109, 1357981, 1359676]"
"GUARDEN-CBNMed-25-8-14-39-20240428","[1357981, 1357743, 1357293]"
"GUARDEN-CBNMed-25-9-14-43-20240428","[1357981, 1742109, 1357815]"
"GUARDEN-CBNMed-26-10-10-01-20240428","[1359344, 1359297, 1359298]"
"GUARDEN-CBNMed-26-6-9-34-20240428","[1738652, 1743249, 1724816]"
"GUARDEN-CBNMed-26-8-9-45-20240428","[1359344, 1388812, 1359297]"
"GUARDEN-CBNMed-26-9-9-48-20240428","[1359344, 1358782, 1393754]"
"GUARDEN-CBNMed-27-1-11-17-20240428","[1393547, 1360059, 1743977]"
"GUARDEN-CBNMed-27-10-11-55-20240428","[1360054, 1722625, 1722522]"
"GUARDEN-CBNMed-27-2-11-32-20240428","[1744019, 1360054, 1744399]"
"GUARDEN-CBNMed-27-3-11-36-20240428","[1449488, 1722625, 1363200]"
"GUARDEN-CBNMed-27-4-11-39-20240428","[1393574, 1722625, 1722522]"
"GUARDEN-CBNMed-27-5-11-4-20240428","[1722522, 1744365, 1722625]"
"GUARDEN-CBNMed-27-6-11-42-20240428","[1393574, 1449488, 1389328]"
"GUARDEN-CBNMed-27-7-11-43-20240428","[1722522, 1449488, 1722625]"
"GUARDEN-CBNMed-27-8-11-45-20240428","[1449488, 1393574, 1647291]"
"GUARDEN-CBNMed-27-9-11-47-20240428","[1449488, 1389328, 1393569]"
"GUARDEN-CBNMed-28-1-12-46-20240428","[1360006, 1722522, 1722625]"
"GUARDEN-CBNMed-28-10-13-23-20240428","[1357705, 1391750, 1393571]"
"GUARDEN-CBNMed-28-2-12-48-20240428","[1363200, 1360006, 1722522]"
"GUARDEN-CBNMed-28-3-12-51-20240428","[1738887, 1722625, 1722522]"
"GUARDEN-CBNMed-28-4-12-52-20240428","[1357705, 1722521, 1722625]"
"GUARDEN-CBNMed-28-5-13-02-20240428","[1360054, 1360026, 1393569]"
"GUARDEN-CBNMed-28-6-13-06-20240428","[1357705, 1738887, 1393571]"
"GUARDEN-CBNMed-28-7-13-11-20240428","[1357705, 1722625, 1744365]"
"GUARDEN-CBNMed-28-8-13-14-20240428","[1357705, 1391750, 1357405]"
"GUARDEN-CBNMed-28-9-13-17-20240428","[1357705, 1722625, 1722521]"
"GUARDEN-CBNMed-29-6-14-31-20240428","[1360719, 1359344, 1357227]"
"GUARDEN-CBNMed-29-7-14-34-20240428","[1360719, 1360701, 1360712]"
"GUARDEN-CBNMed-30-1-16-07-20240428","[1359344, 1393770, 1357401]"
"GUARDEN-CBNMed-30-10-16-41-20240428","[1357227, 1359344, 1394664]"
"GUARDEN-CBNMed-30-2-16-23-20240428","[1357227, 1359344, 1357236]"
"GUARDEN-CBNMed-30-4-16-3-20240428","[1357227, 1357236, 1394664]"
"GUARDEN-CBNMed-30-6-16-34-20240428","[1357227, 1394664, 1359344]"
"GUARDEN-CBNMed-30-7-16-35-20240428","[1357227, 1394664, 1359344]"
"GUARDEN-CBNMed-30-8-16-37-20240428","[1357227, 1359344, 1394664]"
"GUARDEN-CBNMed-30-9-16-4-20240428","[1357227, 1359344, 1394664]"
"GUARDEN-CBNMed-31-1-9-37-20240428","[1393770, 1359952, 1413349]"
"GUARDEN-CBNMed-31-10-10-06-20240428","[1722578, 1414353, 1393770]"
"GUARDEN-CBNMed-31-2-9-4-20240428","[1355977, 1363433, 1358590]"
"GUARDEN-CBNMed-31-3-9-44-20240428","[1393770, 1425238, 1359342]"
"GUARDEN-CBNMed-31-4-9-48-20240428","[1357227, 1564441, 1355977]"
"GUARDEN-CBNMed-31-5-9-51-20240428","[1564441, 1393770, 1396726]"
"GUARDEN-CBNMed-31-6-9-54-20240428","[1393770, 1396726, 1564441]"
"GUARDEN-CBNMed-31-7-9-56-20240428","[1393770, 1722578, 1425238]"
"GUARDEN-CBNMed-31-8-10-20240428","[1396726, 1564441, 1358968]"
"GUARDEN-CBNMed-31-9-10-02-20240428","[1722578, 1357227, 1393770]"
"GUARDEN-CBNMed-32-1-11-46-20240428","[1564441, 1357630, 1396726]"
"GUARDEN-CBNMed-32-10-13-12-20240428","[1393770, 1396726, 1357401]"
"GUARDEN-CBNMed-32-2-11-58-20240428","[1564441, 1396726, 1358968]"
"GUARDEN-CBNMed-32-3-12-01-20240428","[1564441, 1396726, 1358968]"
"GUARDEN-CBNMed-32-4-12-12-20240428","[1564441, 1396726, 1358968]"
"GUARDEN-CBNMed-32-9-13-07-20240428","[1357401, 1393770, 1359952]"
"GUARDEN-CBNMed-33-1-14-48-20240428","[1357630, 1392725, 1397398]"
"GUARDEN-CBNMed-33-10-15-59-20240428","[1357401, 1363882, 1502684]"
"GUARDEN-CBNMed-33-2-15-01-20240428","[1357630, 1392725, 1362756]"
"GUARDEN-CBNMed-33-3-15-04-20240428","[1392726, 1357630, 1392725]"
"GUARDEN-CBNMed-33-4-15-26-20240428","[1357401, 1742109, 1502831]"
"GUARDEN-CBNMed-33-5-15-29-20240428","[1357630, 1392726, 1392725]"
"GUARDEN-CBNMed-33-6-15-36-20240428","[1357630, 1397398, 1392725]"
"GUARDEN-CBNMed-33-7-15-43-20240428","[1357630, 1356951, 1356976]"
"GUARDEN-CBNMed-33-8-15-5-20240428","[1357630, 1397398, 1392726]"
"GUARDEN-CBNMed-33-9-15-56-20240428","[1357630, 1363882, 1397398]"
"GUARDEN-CBNMed-38-1-12-58-20240428","[1360711, 1395169, 1363452]"
"GUARDEN-CBNMed-38-4-14-39-20240428","[1360711, 1395162, 1437245]"
"GUARDEN-CBNMed-38-6-15-04-20240428","[1360711, 1395162, 1743588]"
"GUARDEN-CBNMed-39-10-12-02-20240531","[1360711, 1360709, 1360716]"
"GUARDEN-CBNMed-39-7-11-3-20240531","[1360711, 1356278, 1360712]"
"GUARDEN-CBNMed-39-8-11-39-20240531","[1395158, 1390761, 1361203]"
"GUARDEN-CBNMed-39-9-11-5-20240531","[1359591, 1363452, 1394742]"
"GUARDEN-CBNMed-44-7-12-03-20240629","[1392059, 1360307, 1358501]"
"GUARDEN-CBNMed-5-1-12-38-20240430","[1414366, 1363490, 1414353]"
"GUARDEN-CBNMed-5-10-13-32-20240430","[1361058, 1356007, 1414366]"
"GUARDEN-CBNMed-5-2-12-45-20240430","[1414366, 1720971, 1414353]"
"GUARDEN-CBNMed-5-3-12-56-20240430","[1363933, 1363543, 1390879]"
"GUARDEN-CBNMed-5-4-13-20240430","[1363490, 1363543, 1414353]"
"GUARDEN-CBNMed-5-5-13-04-20240430","[1362325, 1397416, 1363489]"
"GUARDEN-CBNMed-5-6-13-07-20240430","[1414353, 1414366, 1363458]"
"GUARDEN-CBNMed-5-7-13-17-20240430","[1363501, 1363543, 1414353]"
"GUARDEN-CBNMed-5-8-13-22-20240430","[1363459, 1414353, 1414366]"
"GUARDEN-CBNMed-5-9-13-27-20240430","[1363490, 1363501, 1363543]"
"GUARDEN-CBNMed-6-9-15-28-20240430","[1360399, 1362307, 1392487]"
"GUARDEN-CBNMed-8-10-12-59-20240429","[1358613, 1743448, 1743916]"
"GUARDEN-CBNMed-8-4-12-33-20240429","[1359460, 1722409, 1392509]"
"GUARDEN-CBNMed-8-8-12-51-20240429","[1361000, 1359546, 1360701]"
"GUARDEN-CBNMed-8-9-12-56-20240429","[1358613, 1361000, 1577392]"
"GUARDEN-CBNMed-9-10-16-16-20240429","[1357566, 1358613, 1360701]"
"GUARDEN-CBNMed-9-2-15-46-20240429","[1358509, 1694092, 1358511]"
"GUARDEN-CBNMed-9-6-16-04-20240429","[1358613, 1548487, 1743916]"
"GUARDEN-CBNMed-9-7-16-06-20240429","[1358613, 1743916, 1356583]"
"GUARDEN-CBNMed-9-8-16-08-20240429","[1358613, 1743916, 1548487]"
"GUARDEN-CBNMed-9-9-16-14-20240429","[1358613, 1577392, 1363707]"
"LISAH-BOU-0-10-20230523","[1356013, 1363835, 1744001]"
"LISAH-BOU-0-101-20240425","[1425238, 1390637, 1359344]"
"LISAH-BOU-0-104-20240502","[1360385, 1396319, 1356276]"
"LISAH-BOU-0-105-20240502","[1356397, 1356276, 1391501]"
"LISAH-BOU-0-108-20240502","[1359772, 1392384, 1359767]"
"LISAH-BOU-0-109-20240502","[1359772, 1355990, 1364173]"
"LISAH-BOU-0-110-20240502","[1360385, 1356397, 1360416]"
"LISAH-BOU-0-111-20240502","[1359792, 1360385, 1356276]"
"LISAH-BOU-0-113-20240502","[1392594, 1356013, 1360385]"
"LISAH-BOU-0-114-20240502","[1360385, 1355908, 1360420]"
"LISAH-BOU-0-117-20240502","[1356013, 1364100, 1360385]"
"LISAH-BOU-0-118-20240502","[1356013, 1360385, 1356008]"
"LISAH-BOU-0-14-20230511","[1361190, 1363469, 1363468]"
"LISAH-BOU-0-15-20230511","[1356013, 1392594, 1361357]"
"LISAH-BOU-0-153-20240502","[1355881, 1357351, 1392594]"
"LISAH-BOU-0-154-20240502","[1356013, 1390637, 1392594]"
"LISAH-BOU-0-157-20240502","[1356013, 1355964, 1358643]"
"LISAH-BOU-0-16-20230511","[1363835, 1358653, 1400186]"
"LISAH-BOU-0-160-20240502","[1356013, 1356008, 1357351]"
"LISAH-BOU-0-163-20240502","[1363944, 1356008, 1358257]"
"LISAH-BOU-0-164-20240502","[1356013, 1390637, 1358643]"
"LISAH-BOU-0-165-20240502","[1356013, 1392594, 1356008]"
"LISAH-BOU-0-167-20240502","[1363731, 1359333, 1359342]"
"LISAH-BOU-0-168-20240502","[1363731, 1361307, 1363467]"
"LISAH-BOU-0-170-20240502","[1363731, 1355994, 1356008]"
"LISAH-BOU-0-171-20240502","[1363731, 1359333, 1392594]"
"LISAH-BOU-0-172-20240502","[1356013, 1363731, 1425238]"
"LISAH-BOU-0-173-20240502","[1358654, 1357351, 1363731]"
"LISAH-BOU-0-174-20240502","[1425238, 1363731, 1363730]"
"LISAH-BOU-0-175-20240502","[1425238, 1363731, 1362394]"
"LISAH-BOU-0-183-20240502","[1363731, 1359333, 1364170]"
"LISAH-BOU-0-187-20240502","[1363734, 1363731, 1361307]"
"LISAH-BOU-0-191-20240502","[1359268, 1425238, 1358654]"
"LISAH-BOU-0-2-20240425","[1356276, 1363993, 1356397]"
"LISAH-BOU-0-24-20230512","[1361000, 1360385, 1397356]"
"LISAH-BOU-0-24-20240425","[1356013, 1360433, 1397395]"
"LISAH-BOU-0-25-20230512","[1360385, 1360420, 1397356]"
"LISAH-BOU-0-25-20230711","[1363993, 1360825, 1356397]"
"LISAH-BOU-0-28-20240425","[1361000, 1360385, 1361002]"
"LISAH-BOU-0-29-20230523","[1356013, 1397356, 1392594]"
"LISAH-BOU-0-29-20230621","[1360358, 1363212, 1356397]"
"LISAH-BOU-0-29-20240425","[1361000, 1397356, 1360385]"
"LISAH-BOU-0-3-20230721","[1357815, 1388770, 1361127]"
"LISAH-BOU-0-30-20230512","[1356012, 1356017, 1397356]"
"LISAH-BOU-0-30-20240425","[1356013, 1360385, 1392594]"
"LISAH-BOU-0-31-20230919","[1358924, 1360035, 1743300]"
"LISAH-BOU-0-31-20240425","[1356013, 1356012, 1356017]"
"LISAH-BOU-0-32-20230516","[1356422, 1390879, 1357875]"
"LISAH-BOU-0-32-20240425","[1356013, 1355964, 1356012]"
"LISAH-BOU-0-34-20230516","[1356013, 1650228, 1393522]"
"LISAH-BOU-0-35-20240425","[1356013, 1356012, 1356017]"
"LISAH-BOU-0-36-20240425","[1356013, 1356012, 1356017]"
"LISAH-BOU-0-37-20230512","[1397356, 1361000, 1363212]"
"LISAH-BOU-0-37-20240425","[1356012, 1361000, 1356017]"
"LISAH-BOU-0-38-20230516","[1356013, 1363835, 1363805]"
"LISAH-BOU-0-39-20230512","[1397356, 1363212, 1356013]"
"LISAH-BOU-0-4-20230511","[1356013, 1357351, 1363213]"
"LISAH-BOU-0-4-20230711","[1356397, 1364006, 1389311]"
"LISAH-BOU-0-4-20240425","[1356013, 1356397, 1397395]"
"LISAH-BOU-0-40-20230512","[1361000, 1391112, 1397356]"
"LISAH-BOU-0-40-20240425","[1397356, 1391113, 1361000]"
"LISAH-BOU-0-41-20230512","[1397356, 1414365, 1407739]"
"LISAH-BOU-0-42-20230511","[1356013, 1356395, 1360748]"
"LISAH-BOU-0-43-20230512","[1356013, 1363835, 1397356]"
"LISAH-BOU-0-44-20240425","[1359639, 1727503, 1363944]"
"LISAH-BOU-0-5-20230512","[1357351, 1722433, 1356276]"
"LISAH-BOU-0-5-20230711","[1356075, 1356803, 1408867]"
"LISAH-BOU-0-50-20230512","[1356013, 1361307, 1361117]"
"LISAH-BOU-0-52-20230512","[1358654, 1359639, 1363944]"
"LISAH-BOU-0-54-20230512","[1363944, 1425172, 1392699]"
"LISAH-BOU-0-55-20230512","[1356008, 1361307, 1359639]"
"LISAH-BOU-0-56-20230512","[1396296, 1356286, 1361307]"
"LISAH-BOU-0-58-20230512","[1361307, 1392594, 1361197]"
"LISAH-BOU-0-6-20240425","[1356395, 1650228, 1356397]"
"LISAH-BOU-0-63-20230512","[1390637, 1358257, 1357332]"
"LISAH-BOU-0-65-20230512","[1361117, 1361307, 1743316]"
"LISAH-BOU-0-75-20230516","[1356013, 1743227, 1360385]"
"LISAH-BOU-0-79-20230512","[1357526, 1425238, 1359488]"
"LISAH-BOU-0-8-20240425","[1357351, 1393522, 1364006]"
"LISAH-BOU-0-84-20230512","[1425238, 1361361, 1359336]"
"LISAH-BOU-0-9-20240425","[1356397, 1358347, 1356395]"
"LISAH-BOU-0-98-20240425","[1425238, 1359344, 1393770]"
"LISAH-BVD-0-100-20230510","[1356286, 1361307, 1363804]"
"LISAH-BVD-0-101-20230510","[1356066, 1359279, 1393458]"
"LISAH-BVD-0-152-20230511","[1364065, 1363638, 1356066]"
"LISAH-BVD-0-155-20230511","[1363455, 1364065, 1363740]"
"LISAH-BVD-0-158-20230511","[1356461, 1363740, 1356066]"
"LISAH-BVD-0-191-20230511","[1364065, 1390967, 1363740]"
"LISAH-BVD-0-192-20230511","[1363459, 1363455, 1362424]"
"LISAH-BVD-0-195-20230511","[1356066, 1363740, 1363734]"
"LISAH-BVD-0-196-20230511","[1392601, 1363740, 1403109]"
"LISAH-BVD-0-197-20230511","[1363740, 1359333, 1360159]"
"LISAH-BVD-0-200-20230511","[1356278, 1363993, 1356066]"
"LISAH-BVD-0-203-20230511","[1363739, 1363740, 1356278]"
"LISAH-BVD-0-205-20230511","[1363740, 1363455, 1363458]"
"LISAH-BVD-0-206-20230511","[1363740, 1359333, 1363455]"
"LISAH-BVD-0-208-20230511","[1356278, 1363455, 1396107]"
"LISAH-BVD-0-209-20230511","[1363455, 1363740, 1356278]"
"LISAH-BVD-0-25-20230510","[1357875, 1363460, 1397373]"
"LISAH-BVD-0-275-20230516","[1363468, 1414366, 1361307]"
"LISAH-BVD-0-277-20230516","[1363993, 1360304, 1379532]"
"LISAH-BVD-0-278-20230516","[1363993, 1721637, 1722437]"
"LISAH-BVD-0-281-20230516","[1363993, 1395667, 1356079]"
"LISAH-BVD-0-282-20230516","[1363993, 1414366, 1361190]"
"LISAH-BVD-0-283-20230516","[1363993, 1360304, 1721637]"
"LISAH-BVD-0-285-20230516","[1363993, 1361307, 1414353]"
"LISAH-BVD-0-287-20230516","[1361307, 1363993, 1407739]"
"LISAH-BVD-0-288-20230516","[1363993, 1363460, 1363413]"
"LISAH-BVD-0-292-20230516","[1363993, 1361307, 1360304]"
"LISAH-BVD-0-293-20230516","[1363993, 1363459, 1357635]"
"LISAH-BVD-0-294-20230516","[1363993, 1356286, 1360304]"
"LISAH-BVD-0-295-20230516","[1361245, 1384658, 1360748]"
"LISAH-BVD-0-296-20230516","[1363993, 1360313, 1414353]"
"LISAH-BVD-0-297-20230516","[1407739, 1363993, 1363740]"
"LISAH-BVD-0-298-20230516","[1363993, 1400126, 1360304]"
"LISAH-BVD-0-299-20230516","[1363993, 1390966, 1394850]"
"LISAH-BVD-0-300-20230516","[1363993, 1422217, 1394592]"
"LISAH-BVD-0-301-20230516","[1407739, 1363993, 1363994]"
"LISAH-BVD-0-302-20230516","[1363993, 1394592, 1397387]"
"LISAH-BVD-0-309-20230516","[1363993, 1394592, 1363994]"
"LISAH-BVD-0-310-20230516","[1363993, 1360304, 1395920]"
"LISAH-BVD-0-337-20230516","[1361307, 1356286, 1364006]"
"LISAH-BVD-0-338-20230516","[1356286, 1361307, 1364006]"
"LISAH-BVD-0-339-20230516","[1356286, 1414353, 1422217]"
"LISAH-BVD-0-341-20230516","[1356286, 1364006, 1363740]"
"LISAH-BVD-0-342-20230516","[1356286, 1364006, 1394636]"
"LISAH-BVD-0-343-20230516","[1356286, 1363213, 1357635]"
"LISAH-BVD-0-344-20230516","[1364006, 1356286, 1361850]"
"LISAH-BVD-0-345-20230516","[1356286, 1364006, 1722432]"
"LISAH-BVD-0-346-20230516","[1356286, 1363212, 1364006]"
"LISAH-BVD-0-347-20230516","[1356286, 1364006, 1361190]"
"LISAH-BVD-0-348-20230516","[1356286, 1357875, 1364006]"
"LISAH-BVD-0-349-20230516","[1356286, 1364006, 1363468]"
"LISAH-BVD-0-35-20230510","[1363455, 1361316, 1742100]"
"LISAH-BVD-0-350-20230516","[1356286, 1357635, 1364006]"
"LISAH-BVD-0-351-20230516","[1364006, 1356066, 1356286]"
"LISAH-BVD-0-352-20230516","[1356286, 1364006, 1411890]"
"LISAH-BVD-0-353-20230516","[1356286, 1364006, 1391337]"
"LISAH-BVD-0-354-20230516","[1364006, 1363489, 1356066]"
"LISAH-BVD-0-364-20230516","[1364173, 1361307, 1363944]"
"LISAH-BVD-0-372-20230516","[1425224, 1361307, 1357931]"
"LISAH-BVD-0-379-20230516","[1361307, 1356397, 1362929]"
"LISAH-BVD-0-380-20230516","[1361307, 1361245, 1360120]"
"LISAH-BVD-0-383-20230516","[1414353, 1422217, 1422218]"
"LISAH-BVD-0-392-20230516","[1364006, 1363740, 1363138]"
"LISAH-BVD-0-397-20230517","[1361307, 1357697, 1358347]"
"LISAH-BVD-0-398-20230517","[1363740, 1728568, 1356066]"
"LISAH-BVD-0-412-20230517","[1360860, 1357697, 1358969]"
"LISAH-BVD-0-417-20230517","[1356286, 1361307, 1363740]"
"LISAH-BVD-0-428-20230517","[1356286, 1361307, 1359959]"
"LISAH-BVD-0-430-20230517","[1356286, 1364006, 1357875]"
"LISAH-BVD-0-431-20230517","[1407739, 1364006, 1363805]"
"LISAH-BVD-0-432-20230517","[1356286, 1357635, 1364006]"
"LISAH-BVD-0-463-20230517","[1364065, 1356066, 1363740]"
"LISAH-BVD-0-465-20230517","[1364065, 1363455, 1363740]"
"LISAH-BVD-0-471-20230517","[1356286, 1407739, 1363803]"
"LISAH-BVD-0-54-20230510","[1722501, 1356314, 1356081]"
"LISAH-BVD-0-99-20230510","[1363731, 1414366, 1356286]"
"LISAH-JAS-0-1-20220505","[1357526, 1357546, 1364065]"
"LISAH-JAS-0-11-20220505","[1359519, 1357875, 1359530]"
"LISAH-JAS-0-12-20220505","[1359519, 1363731, 1359860]"
"LISAH-JAS-0-13-20220505","[1359519, 1393770, 1359342]"
"LISAH-JAS-0-15-20220505","[1359519, 1362236, 1422217]"
"LISAH-JAS-0-16-20220505","[1359519, 1356278, 1363878]"
"LISAH-JAS-0-17-20220505","[1362236, 1393770, 1363731]"
"LISAH-JAS-0-2-20220505","[1356111, 1363179, 1364065]"
"LISAH-JAS-0-6-20220505","[1359519, 1356084, 1364138]"
"LISAH-JAS-0-7-20220505","[1359519, 1364138, 1356084]"
"LISAH-JAS-0-9-20220505","[1359519, 1357546, 1355869]"
"LISAH-JAS-1-25-20220505","[1363213, 1422217, 1356066]"
"LISAH-JAS-1-27-20220505","[1361307, 1361190, 1363730]"
"LISAH-JAS-1-28-20220505","[1359639, 1362898, 1363947]"
"LISAH-JAS-1-5-20220505","[1357546, 1356697, 1396956]"
"LISAH-PEC-0-0-20220608","[1361926, 1358477, 1396059]"
"LISAH-PEC-0-1-20230411","[1356013, 1550154, 1364138]"
"LISAH-PEC-0-10-20230405","[1364138, 1357928, 1363878]"
"LISAH-PEC-0-11-20230405","[1357635, 1364138, 1396208]"
"LISAH-PEC-0-11-20230411","[1356013, 1357702, 1362667]"
"LISAH-PEC-0-12-20230411","[1356013, 1505455, 1357546]"
"LISAH-PEC-0-13-20230411","[1356013, 1357157, 1363213]"
"LISAH-PEC-0-13-20230413","[1356013, 1357465, 1363889]"
"LISAH-PEC-0-14-20230407","[1738679, 1361000, 1363988]"
"LISAH-PEC-0-15-20230407","[1361000, 1361001, 1361002]"
"LISAH-PEC-0-17-20230413","[1357690, 1397095, 1356611]"
"LISAH-PEC-0-18-20230411","[1356013, 1355964, 1363878]"
"LISAH-PEC-0-19-20230413","[1356013, 1550154, 1358654]"
"LISAH-PEC-0-20-20230411","[1356013, 1355964, 1364138]"
"LISAH-PEC-0-4-20230407","[1360433, 1363302, 1743300]"
"LISAH-PEC-0-4-20230411","[1356013, 1364138, 1550154]"
"LISAH-PEC-0-6-20220608","[1357401, 1502682, 1502750]"
"LISAH-PEC-0-6-20230411","[1356013, 1357635, 1550154]"
"LISAH-PEC-0-8-20230405","[1363878, 1356013, 1357817]"
"LISAH-PEC-0-9-20230411","[1356013, 1550154, 1355969]"
"LISAH-PEC-0-9-20230413","[1356013, 1357598, 1357722]"
"LISAH-PEC-1-13-20230405","[1363878, 1357635, 1356008]"
"LISAH-PEC-1-18-20230407","[1355869, 1363878, 1355994]"
"LISAH-PEC-2-0-20220609","[1364151, 1356013, 1361307]"
"LISAH-PEC-2-11-20220609","[1357351, 1356013, 1392594]"
"LISAH-PEC-2-17-20230407","[1355994, 1363878, 1356001]"
"LISAH-PEC-2-2-20220609","[1356013, 1361307, 1356012]"
"LISAH-PEC-2-20-20230407","[1356013, 1363878, 1550154]"
"LISAH-PEC-2-4-20220609","[1356013, 1422218, 1357335]"
"LISAH-PEC-2-5-20220609","[1364151, 1357351, 1357514]"
"LISAH-PEC-2-5-20230407","[1356013, 1363878, 1722525]"
"LISAH-PEC-2-6-20220609","[1422217, 1356013, 1422218]"
"LISAH-PEC-3-10-20230407","[1363804, 1359268, 1363800]"
"LISAH-PEC-3-16-20230407","[1363805, 1363676, 1363804]"
"LISAH-PEC-3-20-20230407","[1363676, 1645892, 1363703]"
"OPTMix-0108-P1-312-20231006","[1396752, 1356404, 1392669]"
"OPTMix-0108-P1-422-20231006","[1363593, 1393975, 1394759]"
"OPTMix-0108-P1-427-20231006","[1391809, 1391805, 1358612]"
"OPTMix-0108-P1-533-20231006","[1487694, 1363593, 1357413]"
"OPTMix-0108-P1-95-20231006","[1396117, 1382101, 1420863]"
"OPTMix-012-P1-143-20231201","[1358614, 1357413, 1394416]"
"OPTMix-012-P1-208-20231201","[1359973, 1358612, 1419076]"
"OPTMix-012-P2-192-20231201","[1738583, 1467321, 1391494]"
"OPTMix-012-P2-207-20231201","[1360945, 1400017, 1419076]"
"OPTMix-012-P2-240-20231201","[1359973, 1400084, 1361585]"
"OPTMix-012-P3-190-20231201","[1393215, 1400084, 1357454]"
"OPTMix-012-P3-218-20231201","[1419076, 1391809, 1400084]"
"OPTMix-012-P3-220-20231201","[1360945, 1363267, 1400017]"
"OPTMix-0178-P1-1060-20231006","[1356382, 1363575, 1396752]"
"OPTMix-0178-P1-1061-20231006","[1396168, 1357413, 1397406]"
"OPTMix-0178-P1-552-20231006","[1356382, 1356404, 1356433]"
"OPTMix-0178-P1-661-20231006","[1356404, 1356382, 1396752]"
"OPTMix-0178-P1-663-20231006","[1358612, 1743914, 1358614]"
"OPTMix-0178-P1-669-20231006","[1400084, 1392309, 1395026]"
"OPTMix-0200-11006-20231009","[1548487, 1548153, 1358612]"
"OPTMix-0200-P2-53-20231009","[1358504, 1361000, 1358514]"
"OPTMix-0200-P2-54-20231009","[1556990, 1361316, 1363401]"
"OPTMix-0200-P2-68-20231009","[1358501, 1357274, 1362811]"
"OPTMix-0200-P3-108-20231009","[1356404, 1363401, 1578171]"
"OPTMix-0200-P3-127-20231009","[1668635, 1356404, 1669625]"
"OPTMix-0200-P3-139-20231009","[1493092, 1392764, 1356873]"
"OPTMix-0214-P1-207-20231010","[1741608, 1362023, 1652912]"
"OPTMix-0214-P1-208-20231010","[1362023, 1651162, 1392309]"
"OPTMix-0214-P1-235-20231010","[1358615, 1358612, 1358614]"
"OPTMix-0214-P2-22-20231010","[1358501, 1364138, 1359222]"
"OPTMix-0214-P2-64-20231010","[1358501, 1359740, 1397455]"
"OPTMix-0214-P2-84-20231010","[1359973, 1357413, 1358612]"
"OPTMix-0214-P3-186-20231010","[1390778, 1356401, 1390894]"
"OPTMix-0214-P3-196-20231010","[1419076, 1395026, 1357413]"
"OPTMix-0214-P3-278-20231010","[1390761, 1360945, 1363801]"
"OPTMix-0216-P4-208-20231009","[1358501, 1358357, 1578171]"
"OPTMix-0255-11233-20231009","[1363401, 1363409, 1391148]"
"OPTMix-0255-11372-20231009","[1395026, 1363593, 1358612]"
"OPTMix-0255-11382-20231009","[1411890, 1417843, 1361002]"
"OPTMix-033-P3-107-20231201","[1356404, 1356373, 1396752]"
"OPTMix-0333-P1-107-20231212","[1356404, 1390966, 1502610]"
"OPTMix-0333-P1-112-20231212","[1356404, 1578171, 1399423]"
"OPTMix-0333-P2-108-20231212","[1356404, 1356382, 1356341]"
"OPTMix-0333-P2-112-20231212","[1356404, 1361347, 1363593]"
"OPTMix-0333-P2-115-20231212","[1356404, 1361703, 1396752]"
"OPTMix-0333-P3-100-20231201","[1356404, 1362038, 1391361]"
"OPTMix-0333-P3-76-20231201","[1356404, 1394503, 1391550]"
"OPTMix-057-P1-1699-20231010","[1358615, 1548153, 1390532]"
"OPTMix-057-P1-1901-20231010","[1737658, 1401438, 1356353]"
"OPTMix-057-P1-1902-20231010","[1356404, 1356436, 1391669]"
"OPTMix-057-P1-1913-20231010","[1356404, 1362038, 1391809]"
"OPTMix-057-P1-1917-20231010","[1394044, 1356387, 1396752]"
"OPTMix-0593-P1-129-20231205","[1359973, 1363526, 1400084]"
"OPTMix-0593-P1-134-20231205","[1359973, 1419076, 1358612]"
"OPTMix-0593-P1-86-20231205","[1400084, 1738640, 1650970]"
"OPTMix-0593-P2-180-20231205","[1548153, 1395026, 1357413]"
"OPTMix-0593-P2-84-20231205","[1419076, 1357413, 1515981]"
"OPTMix-0593-P2-92-20231205","[1392309, 1392299, 1361284]"
"OPTMix-0593-P3-130-20231205","[1360945, 1400017, 1558009]"
"OPTMix-0593-P3-146-20231205","[1400084, 1361573, 1362023]"
"OPTMix-0593-P3-87-20231205","[1390761, 1419076, 1357413]"
"OPTMix-0598-P1-118-20231205","[1393522, 1363337, 1361721]"
"OPTMix-0598-P1-132-20231205","[1743914, 1395026, 1359973]"
"OPTMix-0598-P1-133-20231205","[1357413, 1419076, 1358615]"
"OPTMix-0598-P1-149-20231205","[1467321, 1382844, 1356282]"
"OPTMix-0598-P1-197-20231205","[1358501, 1391809, 1356442]"
"OPTMix-0598-P1-198-20231205","[1361245, 1363413, 1388990]"
"OPTMix-0598-P2-102-20231205","[1363534, 1650228, 1362023]"
"OPTMix-0598-P2-139-20231207","[1356404, 1357413, 1388770]"
"OPTMix-0598-P2-86-20231207","[1356790, 1356404, 1392655]"
"OPTMix-0598-P2-99-20231205","[1356404, 1356790, 1358612]"
"OPTMix-0598-P4-104-20231207","[1358501, 1358514, 1357413]"
"OPTMix-0598-P4-108-20231207","[1395466, 1398295, 1395476]"
"OPTMix-0598-P4-128-20231207","[1395026, 1357413, 1359973]"
"OPTMix-083-P3-139-20231110","[1356404, 1356382, 1737658]"
"OPTMix-083-P3-186-20231110","[1356404, 1356382, 1396752]"
"OPTMix-083-P3-96-20231110","[1741452, 1358501, 1357862]"
"OPTMix-108-P1-000-20231006","[1668635, 1395628, 1391148]"
"RNNB-1-1-20230512","[1363540, 1722522, 1722625]"
"RNNB-1-1-20240117","[1361326, 1722433, 1363052]"
"RNNB-1-10-20230512","[1722625, 1363200, 1738887]"
"RNNB-1-10-20240117","[1722433, 1392819, 1393522]"
"RNNB-1-2-20230512","[1722522, 1722521, 1722625]"
"RNNB-1-2-20240117","[1391491, 1394414, 1361412]"
"RNNB-1-3-20230512","[1738887, 1722625, 1722522]"
"RNNB-1-3-20240117","[1392324, 1722578, 1651267]"
"RNNB-1-4-20230512","[1722625, 1722521, 1738887]"
"RNNB-1-4-20240117","[1357227, 1722672, 1357236]"
"RNNB-1-5-20230512","[1722625, 1738887, 1722521]"
"RNNB-1-5-20240117","[1722433, 1363302, 1393522]"
"RNNB-1-6-20230512","[1722522, 1722625, 1452062]"
"RNNB-1-6-20240117","[1722433, 1390761, 1363302]"
"RNNB-1-7-20230512","[1722625, 1738887, 1722521]"
"RNNB-1-7-20240117","[1722433, 1393522, 1731667]"
"RNNB-1-8-20230512","[1722625, 1722522, 1722521]"
"RNNB-1-8-20240117","[1738610, 1722437, 1722434]"
"RNNB-1-9-20230512","[1722625, 1738887, 1722522]"
"RNNB-1-9-20240117","[1722433, 1357023, 1722441]"
"RNNB-2-1-20230512","[1722625, 1722522, 1360006]"
"RNNB-2-1-20240117","[1357227, 1357236, 1400016]"
"RNNB-2-10-20230512","[1360006, 1743297, 1495481]"
"RNNB-2-10-20240117","[1357227, 1357236, 1722578]"
"RNNB-2-2-20230512","[1722522, 1722521, 1426005]"
"RNNB-2-2-20240117","[1357227, 1359344, 1357236]"
"RNNB-2-3-20230512","[1360006, 1426004, 1389328]"
"RNNB-2-3-20240117","[1357227, 1357236, 1400016]"
"RNNB-2-4-20230512","[1360006, 1360676, 1357742]"
"RNNB-2-4-20240117","[1357227, 1357236, 1360701]"
"RNNB-2-5-20230512","[1360006, 1744361, 1495481]"
"RNNB-2-5-20240117","[1357227, 1359344, 1357236]"
"RNNB-2-6-20230512","[1360006, 1743297, 1357742]"
"RNNB-2-6-20240117","[1357227, 1357236, 1359344]"
"RNNB-2-7-20230512","[1360006, 1426005, 1743297]"
"RNNB-2-7-20240117","[1357227, 1357236, 1722441]"
"RNNB-2-8-20230512","[1360006, 1356284, 1393568]"
"RNNB-2-8-20240117","[1360701, 1359344, 1360719]"
"RNNB-2-9-20230512","[1360006, 1393568, 1360036]"
"RNNB-2-9-20240117","[1357227, 1357236, 1727501]"
"RNNB-3-1-20230512","[1360054, 1426004, 1360859]"
"RNNB-3-1-20240117","[1359344, 1738652, 1359127]"
"RNNB-3-10-20230512","[1393522, 1650228, 1722433]"
"RNNB-3-10-20240117","[1738652, 1357049, 1357023]"
"RNNB-3-11-20230512","[1393522, 1650228, 1722433]"
"RNNB-3-12-20230512","[1393522, 1650228, 1722433]"
"RNNB-3-2-20230512","[1360006, 1356284, 1425884]"
"RNNB-3-2-20240117","[1359344, 1722433, 1722441]"
"RNNB-3-3-20240117","[1363302, 1359344, 1363733]"
"RNNB-3-4-20230512","[1391596, 1360006, 1362443]"
"RNNB-3-4-20240117","[1744033, 1359344, 1398322]"
"RNNB-3-5-20230512","[1650228, 1722433, 1360006]"
"RNNB-3-5-20240117","[1738652, 1356083, 1722501]"
"RNNB-3-6-20230512","[1393522, 1722433, 1650228]"
"RNNB-3-6-20240117","[1355977, 1357742, 1742109]"
"RNNB-3-7-20230512","[1650228, 1731667, 1722433]"
"RNNB-3-7-20240117","[1359344, 1355977, 1360978]"
"RNNB-3-8-20230512","[1393522, 1650228, 1722433]"
"RNNB-3-8-20240117","[1359344, 1357049, 1360978]"
"RNNB-3-9-20230512","[1393522, 1650228, 1722433]"
"RNNB-3-9-20240117","[1360701, 1650228, 1722441]"
"RNNB-4-1-20240117","[1388812, 1357630, 1518932]"
"RNNB-4-1-20240118","[1392725, 1393619, 1361412]"
"RNNB-4-10-20240117","[1359344, 1722501, 1722490]"
"RNNB-4-10-20240118","[1499749, 1357026, 1397398]"
"RNNB-4-2-20240117","[1359344, 1357212, 1357742]"
"RNNB-4-2-20240118","[1393619, 1564354, 1362225]"
"RNNB-4-3-20240117","[1359344, 1722441, 1393770]"
"RNNB-4-3-20240118","[1743750, 1397497, 1396292]"
"RNNB-4-4-20240117","[1359344, 1738652, 1398322]"
"RNNB-4-4-20240118","[1357630, 1509616, 1392725]"
"RNNB-4-5-20240117","[1359344, 1647291, 1393770]"
"RNNB-4-5-20240118","[1357630, 1357742, 1564441]"
"RNNB-4-6-20240117","[1359344, 1738652, 1393770]"
"RNNB-4-6-20240118","[1393619, 1499749, 1492939]"
"RNNB-4-7-20240117","[1359344, 1722441, 1393770]"
"RNNB-4-7-20240118","[1357705, 1357060, 1493749]"
"RNNB-4-8-20240117","[1359344, 1355950, 1357848]"
"RNNB-4-8-20240118","[1392725, 1357630, 1499749]"
"RNNB-4-9-20240117","[1359344, 1357848, 1394057]"
"RNNB-4-9-20240118","[1499749, 1357630, 1392725]"
"RNNB-5-1-20240117","[1360542, 1357401, 1502775]"
"RNNB-5-1-20240118","[1737651, 1357630, 1357670]"
"RNNB-5-10-20240117","[1357742, 1362333, 1493539]"
"RNNB-5-10-20240118","[1392725, 1744842, 1357630]"
"RNNB-5-2-20240117","[1357630, 1392725, 1357770]"
"RNNB-5-2-20240118","[1392725, 1361825, 1394416]"
"RNNB-5-3-20240117","[1357630, 1392725, 1360542]"
"RNNB-5-3-20240118","[1499749, 1722501, 1502610]"
"RNNB-5-4-20240117","[1357630, 1392725, 1564354]"
"RNNB-5-4-20240118","[1392725, 1357630, 1393619]"
"RNNB-5-5-20240117","[1518245, 1357630, 1392725]"
"RNNB-5-5-20240118","[1499749, 1357630, 1392725]"
"RNNB-5-6-20240117","[1357630, 1392725, 1357770]"
"RNNB-5-6-20240118","[1357630, 1499749, 1518934]"
"RNNB-5-7-20240117","[1357453, 1360542, 1357401]"
"RNNB-5-7-20240118","[1362038, 1499749, 1397320]"
"RNNB-5-8-20240117","[1396197, 1357227, 1357236]"
"RNNB-5-8-20240118","[1741614, 1722441, 1499749]"
"RNNB-5-9-20240117","[1396197, 1393770, 1391661]"
"RNNB-5-9-20240118","[1722433, 1393569, 1393442]"
"RNNB-6-1-20240117","[1357401, 1357456, 1357742]"
"RNNB-6-1-20240118","[1397398, 1361412, 1512544]"
"RNNB-6-10-20240117","[1356149, 1391122, 1357401]"
"RNNB-6-10-20240118","[1396726, 1392725, 1389328]"
"RNNB-6-2-20240117","[1743297, 1360035, 1363526]"
"RNNB-6-2-20240118","[1357962, 1722578, 1357227]"
"RNNB-6-3-20240117","[1738652, 1362333, 1357207]"
"RNNB-6-3-20240118","[1361996, 1361412, 1398322]"
"RNNB-6-4-20240117","[1357456, 1362525, 1357401]"
"RNNB-6-4-20240118","[1722578, 1361926, 1399397]"
"RNNB-6-5-20240117","[1647281, 1357401, 1360978]"
"RNNB-6-5-20240118","[1722433, 1397398, 1744602]"
"RNNB-6-6-20240117","[1363302, 1743750, 1722578]"
"RNNB-6-6-20240118","[1398322, 1738652, 1396726]"
"RNNB-6-7-20240117","[1391148, 1398322, 1362333]"
"RNNB-6-7-20240118","[1357630, 1392725, 1499749]"
"RNNB-6-8-20240117","[1355950, 1357848, 1360701]"
"RNNB-6-8-20240118","[1499749, 1357630, 1392725]"
"RNNB-6-9-20240117","[1357303, 1396955, 1452625]"
"RNNB-6-9-20240118","[1357630, 1398786, 1509616]"
"RNNB-7-1-20240118","[1738652, 1362333, 1743249]"
"RNNB-7-10-20240118","[1392725, 1357630, 1356951]"
"RNNB-7-2-20240118","[1737447, 1499749, 1361412]"
"RNNB-7-3-20240118","[1361412, 1499749, 1360701]"
"RNNB-7-4-20240118","[1361412, 1363052, 1492564]"
"RNNB-7-5-20240118","[1398821, 1518934, 1518932]"
"RNNB-7-6-20240118","[1392725, 1357630, 1564354]"
"RNNB-7-7-20240118","[1396726, 1564441, 1518932]"
"RNNB-7-8-20240118","[1361412, 1357962, 1722433]"
"RNNB-7-9-20240118","[1491329, 1357742, 1361412]"
"RNNB-8-1-20240118","[1359344, 1393754, 1359127]"
"RNNB-8-10-20240118","[1363302, 1390761, 1722433]"
"RNNB-8-2-20240118","[1357227, 1397320, 1722433]"
"RNNB-8-3-20240118","[1364100, 1357871, 1722433]"
"RNNB-8-4-20240118","[1361412, 1722441, 1390761]"
"RNNB-8-5-20240118","[1359344, 1393770, 1359297]"
"RNNB-8-6-20240118","[1359344, 1393770, 1357742]"
"RNNB-8-7-20240118","[1357227, 1359344, 1355950]"
"RNNB-8-8-20240118","[1359344, 1357227, 1357236]"
"RNNB-8-9-20240118","[1359344, 1355898, 1360381]"
