"quadrat_id","species_ids"
"2024-CEV3-20240602","[1489808, 1738785]"
"CBN-PdlC-A1-20130807","[1389135, 1647166, 1392317, 1523597, 1495430, 1564310, 1395074]"
"CBN-PdlC-A1-20130903","[1564310, 1523071, 1495430, 1450786]"
"CBN-PdlC-A1-20140721","[1450786, 1564310, 1395724]"
"CBN-PdlC-A1-20140811","[1564310, 1495430, 1688110, 1393923]"
"CBN-PdlC-A1-20140901","[1564310, 1647166, 1647348, 1495430, 1394843, 1395074, 1743474]"
"CBN-PdlC-A1-20150701","[1564310]"
"CBN-PdlC-A1-20150720","[1564310, 1495430, 1523071]"
"CBN-PdlC-A1-20150831","[1564310, 1738796, 1495430, 1743474, 1389687]"
"CBN-PdlC-A1-20160705","[1523597, 1450786, 1738796, 1743474, 1392317]"
"CBN-PdlC-A1-20160726","[1564310, 1523071, 1394843, 1495430, 1743786, 1548249, 1450786, 1743781]"
"CBN-PdlC-A1-20170816","[1495430, 1564310, 1738796, 1523071]"
"CBN-PdlC-A1-20170906","[1743474, 1389687, 1738796, 1450786, 1495430, 1743927, 1564310, 1523597, 1743904]"
"CBN-PdlC-A1-20180702","[1392317]"
"CBN-PdlC-A1-20180815","[1450786, 1738796, 1495430, 1743474, 1505488]"
"CBN-PdlC-A1-20180905","[1450786, 1389135, 1495430, 1738796, 1743474, 1560392, 1389687, 1392097, 1743904, 1523597]"
"CBN-PdlC-A1-20190701","[1392317, 1564310]"
"CBN-PdlC-A1-20190722","[1564310, 1389687, 1450786, 1390662, 1548249, 1523597]"
"CBN-PdlC-A1-20190812","[1450786, 1564310, 1389687, 1738796, 1393503, 1492736, 1743786, 1392097, 1396682]"
"CBN-PdlC-A1-20190909","[1505488, 1564310]"
"CBN-PdlC-A1-20200629","[1628862, 1743927]"
"CBN-PdlC-A1-20200722","[1564310, 1395074, 1450786, 1743781]"
"CBN-PdlC-A1-20200812","[1564310, 1389687, 1450786, 1389135, 1393503, 1738796]"
"CBN-PdlC-A2-20130807","[1548249, 1654025, 1628807, 1396294, 1395074]"
"CBN-PdlC-A2-20130903","[1548249, 1743927]"
"CBN-PdlC-A2-20140721","[1450786, 1743904, 1564310, 1456505, 1357866, 1395724, 1738796]"
"CBN-PdlC-A2-20140901","[1564310, 1523071, 1743904]"
"CBN-PdlC-A2-20150720","[1564310, 1450786, 1505488, 1743385, 1548249]"
"CBN-PdlC-A2-20150810","[1564310, 1450786, 1743385, 1502800, 1523597]"
"CBN-PdlC-A2-20150831","[1564310, 1743904, 1523597, 1363881, 1450786, 1743385, 1548249, 1523071, 1742026]"
"CBN-PdlC-A2-20160705","[1743904, 1564310, 1743474, 1357866, 1450786, 1738796, 1390662, 1744170, 1456505]"
"CBN-PdlC-A2-20160726","[1564310, 1523071, 1548249, 1502800]"
"CBN-PdlC-A2-20170816","[1564310, 1523071, 1450786, 1502800, 1548249, 1391077]"
"CBN-PdlC-A2-20180702","[1743904]"
"CBN-PdlC-A2-20180723","[1564310, 1523071, 1548249, 1502800]"
"CBN-PdlC-A2-20180815","[1450786, 1564310, 1743904]"
"CBN-PdlC-A2-20180905","[1564310, 1389687, 1450786, 1743904, 1523597, 1390467, 1743474]"
"CBN-PdlC-A2-20190701","[1502800]"
"CBN-PdlC-A2-20190722","[1564310, 1389687, 1450786, 1628807, 1390662, 1523071, 1722704]"
"CBN-PdlC-A2-20190812","[1564310, 1743904, 1389687, 1744170]"
"CBN-PdlC-A2-20190909","[1564310, 1391077, 1523071, 1548249, 1389687, 1450786, 1395074]"
"CBN-PdlC-A2-20200629","[1628862, 1743904, 1743927, 1357866]"
"CBN-PdlC-A2-20200722","[1564310, 1743927, 1396294]"
"CBN-PdlC-A2-20200812","[1564310, 1744170, 1389687, 1523071]"
"CBN-PdlC-A3-20130807","[1743786, 1564310, 1450786, 1456505, 1743927, 1560392, 1392317, 1389555, 1738785, 1744015]"
"CBN-PdlC-A3-20130903","[1647166, 1523071, 1389135, 1361761, 1564310, 1395074, 1560392, 1647348]"
"CBN-PdlC-A3-20140721","[1564310, 1450786, 1722704, 1357866, 1743786]"
"CBN-PdlC-A3-20140811","[1392097, 1743786, 1495430, 1393503, 1564310, 1560392, 1450786, 1738796, 1392317]"
"CBN-PdlC-A3-20140901","[1564310, 1523071, 1647348]"
"CBN-PdlC-A3-20150701","[1564310, 1361761, 1523071]"
"CBN-PdlC-A3-20150720","[1564310, 1393503, 1744170, 1505488, 1389135]"
"CBN-PdlC-A3-20150810","[1564310, 1743385, 1743786, 1743825]"
"CBN-PdlC-A3-20150831","[1564310, 1738796, 1743786, 1450786, 1393503, 1743927, 1523597]"
"CBN-PdlC-A3-20160705","[1722704, 1738796, 1564310, 1392317]"
"CBN-PdlC-A3-20160726","[1722704, 1564310, 1743786, 1495430, 1743306, 1743927]"
"CBN-PdlC-A3-20170816","[1523071, 1564310, 1743927, 1742054, 1392097]"
"CBN-PdlC-A3-20170906","[1450786, 1389687, 1564310, 1738796, 1722704, 1743927]"
"CBN-PdlC-A3-20180702","[1743927]"
"CBN-PdlC-A3-20180723","[1564310, 1361761, 1492610, 1523071, 1492055]"
"CBN-PdlC-A3-20180815","[1523071, 1564310, 1357866]"
"CBN-PdlC-A3-20180905","[1564310, 1389687, 1722704, 1450786, 1393503]"
"CBN-PdlC-A3-20190701","[1647823, 1392317]"
"CBN-PdlC-A3-20190722","[1564310, 1722704, 1395074, 1743825, 1389687, 1357866, 1450786]"
"CBN-PdlC-A3-20190812","[1564310, 1389687, 1420566, 1722704, 1393353, 1744170]"
"CBN-PdlC-A3-20190909","[1564310, 1523071, 1743927]"
"CBN-PdlC-A3-20200629","[1628862, 1743385, 1393544, 1743927, 1390367, 1395074]"
"CBN-PdlC-A3-20200722","[1564310]"
"CBN-PdlC-A3-20200812","[1564310, 1389687, 1450786, 1523597]"
"CBN-PdlC-A4-20130807","[1392097]"
"CBN-PdlC-A4-20130903","[1523071]"
"CBN-PdlC-A4-20140811","[1495430, 1741954, 1743825]"
"CBN-PdlC-A4-20140901","[1495430, 1505488, 1396682]"
"CBN-PdlC-A4-20150701","[1357866, 1548249, 1394843, 1495430]"
"CBN-PdlC-A4-20150810","[1743786, 1495430, 1523597, 1743927, 1564310, 1396682, 1392097, 1741954, 1395074]"
"CBN-PdlC-A4-20150831","[1741954, 1389687, 1722704, 1450786, 1456505, 1495430, 1742026, 1357866, 1564310, 1743385]"
"CBN-PdlC-A4-20160705","[1392317, 1523597, 1357866, 1743306]"
"CBN-PdlC-A4-20160726","[1357866, 1743781, 1495430, 1389135, 1657246, 1722704, 1396682, 1392201]"
"CBN-PdlC-A4-20170816","[1523071, 1505488, 1392317, 1495430]"
"CBN-PdlC-A4-20170906","[1495430, 1392317, 1743927, 1393503, 1738785]"
"CBN-PdlC-A4-20180702","[1744511, 1357866, 1548249, 1392317]"
"CBN-PdlC-A4-20180723","[1395074, 1564310, 1744618, 1495430]"
"CBN-PdlC-A4-20180815","[1523071, 1531441, 1361761, 1357866, 1560392]"
"CBN-PdlC-A4-20180905","[1741954, 1657246, 1420566, 1743927, 1392201, 1743786, 1743781, 1495430]"
"CBN-PdlC-A4-20190701","[1390367]"
"CBN-PdlC-A4-20190722","[1495430, 1741954, 1389555, 1420566, 1657246, 1743781]"
"CBN-PdlC-A4-20190812","[1741954, 1495430, 1392201, 1743781, 1743786, 1396682, 1392097, 1389555]"
"CBN-PdlC-A4-20190909","[1523071, 1495430, 1548249, 1722566]"
"CBN-PdlC-A4-20200629","[1392317, 1564457, 1744511]"
"CBN-PdlC-A4-20200722","[1495430, 1395074, 1743781, 1744618, 1393914, 1743786, 1505488]"
"CBN-PdlC-A4-20200812","[1743786, 1741954, 1495430, 1392201, 1744618, 1395724, 1743781]"
"CBN-PdlC-A5-20130807","[1647823, 1493381, 1722704, 1657246]"
"CBN-PdlC-A5-20130903","[1647823, 1722704, 1389555, 1548249, 1493381, 1657246, 1523071]"
"CBN-PdlC-A5-20140721","[1722704, 1357866]"
"CBN-PdlC-A5-20140811","[1722704, 1564310]"
"CBN-PdlC-A5-20150701","[1389555, 1722704, 1357866, 1396600, 1392081]"
"CBN-PdlC-A5-20150831","[1389687, 1722704, 1363881, 1399148, 1560392]"
"CBN-PdlC-A5-20160705","[1722704, 1357866, 1389555, 1548249, 1510341]"
"CBN-PdlC-A5-20160726","[1657246, 1389687, 1722704, 1357866, 1396600, 1743781, 1392201, 1548249]"
"CBN-PdlC-A5-20170816","[1722704, 1743781, 1548249]"
"CBN-PdlC-A5-20170906","[1722704, 1389555, 1389687, 1744170, 1505488]"
"CBN-PdlC-A5-20180815","[1657246, 1389555]"
"CBN-PdlC-A5-20180905","[1389687, 1722704, 1450786, 1357866, 1505488, 1560392]"
"CBN-PdlC-A5-20190909","[1389687, 1722704, 1564310]"
"CBN-PdlC-A5-20200722","[1722704, 1743385, 1363881, 1505488, 1478565, 1392201, 1389555, 1657246]"
"CBN-PdlC-A6-20130807","[1647141, 1741661, 1743781, 1395074, 1738785, 1502387]"
"CBN-PdlC-A6-20130903","[1743560]"
"CBN-PdlC-A6-20140630","[1395074, 1390541]"
"CBN-PdlC-A6-20140721","[1492610, 1741661, 1743786]"
"CBN-PdlC-A6-20140901","[1363881]"
"CBN-PdlC-A6-20150701","[1738785, 1743781]"
"CBN-PdlC-A6-20150810","[1394843]"
"CBN-PdlC-A6-20150831","[1743781, 1392201]"
"CBN-PdlC-A6-20160705","[1741661]"
"CBN-PdlC-A6-20160726","[1564310]"
"CBN-PdlC-A6-20170816","[1743781, 1398722]"
"CBN-PdlC-A6-20170906","[1657246]"
"CBN-PdlC-A6-20180702","[1657246, 1743781, 1393914, 1738785, 1741661]"
"CBN-PdlC-A6-20180723","[1743560, 1523071, 1395074, 1743781]"
"CBN-PdlC-A6-20180815","[1722566, 1743781, 1395074, 1564296, 1743560]"
"CBN-PdlC-A6-20180905","[1743781, 1657246]"
"CBN-PdlC-A6-20190701","[1392852, 1738785, 1657246, 1564296, 1743781, 1557427]"
"CBN-PdlC-A6-20190722","[1743781, 1657246, 1392201, 1392081]"
"CBN-PdlC-A6-20190812","[1564310, 1744077, 1457840, 1492736, 1394843, 1743781]"
"CBN-PdlC-A6-20190909","[1743781]"
"CBN-PdlC-A6-20200722","[1362113]"
"CBN-PdlC-A6-20200812","[1510341, 1743781, 1457840]"
"CBN-PdlC-B1-20130807","[1389135, 1396682, 1743927, 1390467, 1523597, 1564310, 1395074]"
"CBN-PdlC-B1-20130903","[1389135, 1564310, 1523597, 1395074, 1647166]"
"CBN-PdlC-B1-20140721","[1389135, 1395074, 1523597, 1743786, 1564310, 1456505, 1744170, 1393503, 1390467, 1396682]"
"CBN-PdlC-B1-20140811","[1392097, 1495430, 1564310, 1389135]"
"CBN-PdlC-B1-20140901","[1560392, 1395074]"
"CBN-PdlC-B1-20150701","[1564310, 1395074]"
"CBN-PdlC-B1-20150720","[1389135, 1564310, 1741954, 1495430]"
"CBN-PdlC-B1-20150810","[1564310, 1392097, 1743825, 1389135]"
"CBN-PdlC-B1-20150831","[1564310, 1389135, 1450786, 1743927, 1523597, 1492736]"
"CBN-PdlC-B1-20160705","[1523597, 1743474, 1744170, 1396682, 1389555, 1722704, 1738796]"
"CBN-PdlC-B1-20160726","[1523597, 1392097]"
"CBN-PdlC-B1-20170816","[1564310, 1523071, 1743927, 1450786, 1392097, 1389135, 1523597]"
"CBN-PdlC-B1-20170906","[1564310, 1743927, 1389687, 1744170, 1389135, 1392097, 1390467, 1393503, 1743786]"
"CBN-PdlC-B1-20180702","[1743927, 1392317]"
"CBN-PdlC-B1-20180723","[1564310, 1395074, 1389135, 1523597]"
"CBN-PdlC-B1-20180815","[1389135, 1495430, 1450786]"
"CBN-PdlC-B1-20180905","[1495430, 1564310, 1523597, 1450786, 1743927]"
"CBN-PdlC-B1-20190701","[1389555, 1564310]"
"CBN-PdlC-B1-20190722","[1564310, 1389135, 1396682, 1495430, 1743786, 1393503, 1492736, 1744170, 1722704, 1395074]"
"CBN-PdlC-B1-20190812","[1389135, 1564310, 1741954, 1744170, 1495430]"
"CBN-PdlC-B1-20190909","[1564310, 1389135, 1392097, 1450786, 1393553, 1744170, 1560392, 1743927, 1523597, 1396682]"
"CBN-PdlC-B1-20200629","[1392097]"
"CBN-PdlC-B1-20200722","[1564310, 1395074, 1389135, 1495430]"
"CBN-PdlC-B1-20200812","[1741954, 1389135, 1523597, 1393503, 1564310, 1392097, 1495430]"
"CBN-PdlC-B2-20130807","[1389135, 1396682, 1495430, 1743927]"
"CBN-PdlC-B2-20130903","[1389135, 1495430, 1523597, 1395074, 1564310]"
"CBN-PdlC-B2-20140721","[1389135, 1523597, 1456505, 1744170, 1393503]"
"CBN-PdlC-B2-20140811","[1389135, 1495430, 1741954, 1523597, 1564555, 1390467]"
"CBN-PdlC-B2-20140901","[1389135, 1560392, 1395074, 1392097]"
"CBN-PdlC-B2-20150701","[1523597, 1389135, 1495430, 1456505, 1523071]"
"CBN-PdlC-B2-20150720","[1523597, 1389135, 1495430, 1741954, 1456505]"
"CBN-PdlC-B2-20150810","[1389135, 1523597, 1495430, 1743904]"
"CBN-PdlC-B2-20150831","[1495430, 1523597, 1456505, 1392097, 1389135]"
"CBN-PdlC-B2-20160705","[1523597, 1456505, 1743474, 1744147, 1738796, 1744170]"
"CBN-PdlC-B2-20160726","[1389135, 1495430, 1743904]"
"CBN-PdlC-B2-20170816","[1743904, 1495430, 1651877]"
"CBN-PdlC-B2-20170906","[1389135, 1744170, 1743474, 1523597, 1389687, 1392097, 1495430]"
"CBN-PdlC-B2-20180702","[1523597, 1456505]"
"CBN-PdlC-B2-20180723","[1564310, 1389135, 1396600, 1395074, 1657246, 1523071]"
"CBN-PdlC-B2-20180815","[1743904, 1389135, 1495430, 1467324]"
"CBN-PdlC-B2-20180905","[1564310, 1389135, 1523597, 1396682, 1743904, 1495430]"
"CBN-PdlC-B2-20190701","[1357866]"
"CBN-PdlC-B2-20190722","[1495430, 1393503, 1389135, 1456505, 1389687, 1564310, 1492736, 1743904]"
"CBN-PdlC-B2-20190812","[1389687, 1495430, 1492736, 1564310, 1523597, 1743904, 1456505, 1392097, 1738796, 1393503]"
"CBN-PdlC-B2-20190909","[1523597, 1389135, 1564310, 1560392, 1523071]"
"CBN-PdlC-B2-20200629","[1357866, 1395074, 1743927]"
"CBN-PdlC-B2-20200722","[1389135, 1395074, 1741954, 1564310, 1390467, 1742054, 1523597, 1392315, 1492736, 1396600]"
"CBN-PdlC-B2-20200812","[1389135, 1495430, 1523597, 1393503, 1492736, 1741954, 1392315, 1564310]"
"CBN-PdlC-B3-20130807","[1743306, 1357866, 1743927, 1743164]"
"CBN-PdlC-B3-20130903","[1523071, 1357866, 1743927]"
"CBN-PdlC-B3-20140721","[1389555, 1738796, 1456505]"
"CBN-PdlC-B3-20140811","[1450786, 1389555]"
"CBN-PdlC-B3-20140901","[1744147, 1743786, 1390662, 1392097, 1743927]"
"CBN-PdlC-B3-20150701","[1389555, 1450786, 1738796, 1393503, 1564310]"
"CBN-PdlC-B3-20150810","[1743786, 1743927, 1523071, 1450786]"
"CBN-PdlC-B3-20150831","[1450786, 1564310, 1738796, 1456505, 1389687]"
"CBN-PdlC-B3-20160705","[1389555, 1392317]"
"CBN-PdlC-B3-20160726","[1722704, 1495430, 1357866, 1450786, 1456505, 1741954]"
"CBN-PdlC-B3-20170816","[1357866, 1456505, 1450786, 1505488, 1743904]"
"CBN-PdlC-B3-20170906","[1389687, 1450786, 1564310, 1743927, 1505488, 1722704]"
"CBN-PdlC-B3-20180702","[1743980]"
"CBN-PdlC-B3-20180723","[1564310, 1389555]"
"CBN-PdlC-B3-20180815","[1357866, 1722566, 1564310, 1502800, 1523071, 1359962]"
"CBN-PdlC-B3-20180905","[1450786, 1389687, 1722704, 1564310]"
"CBN-PdlC-B3-20190701","[1389555]"
"CBN-PdlC-B3-20190722","[1564310, 1450786, 1722704, 1357866]"
"CBN-PdlC-B3-20190812","[1450786, 1722704, 1564310, 1495430, 1456505, 1359962, 1393503]"
"CBN-PdlC-B3-20190909","[1450786, 1564310, 1495430]"
"CBN-PdlC-B3-20200629","[1357866, 1743927, 1489066]"
"CBN-PdlC-B3-20200722","[1564310, 1523071, 1392097, 1357866, 1743825]"
"CBN-PdlC-B3-20200812","[1564310, 1450786, 1495430, 1743927, 1523071, 1456505, 1741954]"
"CBN-PdlC-B4-20130807","[1495430, 1357866, 1395074, 1564457, 1392852]"
"CBN-PdlC-B4-20130903","[1647166, 1394843, 1548249, 1495430]"
"CBN-PdlC-B4-20140721","[1495430, 1548249, 1743786, 1743781]"
"CBN-PdlC-B4-20140811","[1495430, 1395074, 1743781, 1743786]"
"CBN-PdlC-B4-20140901","[1743786]"
"CBN-PdlC-B4-20150701","[1495430, 1420566, 1743781]"
"CBN-PdlC-B4-20150810","[1743781, 1420566, 1657246]"
"CBN-PdlC-B4-20150831","[1420566, 1743781, 1743904]"
"CBN-PdlC-B4-20160726","[1495430, 1743781, 1738785, 1743786, 1392201]"
"CBN-PdlC-B4-20170816","[1743781, 1495430, 1743786, 1398722, 1395074]"
"CBN-PdlC-B4-20170906","[1420566, 1389687, 1492736, 1743786, 1743781]"
"CBN-PdlC-B4-20180702","[1743781, 1744511, 1564457, 1420566, 1548249]"
"CBN-PdlC-B4-20180723","[1564457, 1395074, 1743560, 1693472, 1657246]"
"CBN-PdlC-B4-20180815","[1395074, 1722566, 1560392, 1361761, 1523071, 1548249, 1744511, 1564296, 1357866, 1395724]"
"CBN-PdlC-B4-20180905","[1420566, 1743781, 1398722, 1743786, 1743567, 1390467, 1722704]"
"CBN-PdlC-B4-20190701","[1744511, 1560392]"
"CBN-PdlC-B4-20190722","[1743781, 1495430, 1420566]"
"CBN-PdlC-B4-20190812","[1743781, 1743567, 1495430, 1510341]"
"CBN-PdlC-B4-20190909","[1392852, 1398722, 1693472, 1743781, 1392201, 1361138, 1363881]"
"CBN-PdlC-B4-20200629","[1743781, 1457840, 1744511]"
"CBN-PdlC-B4-20200722","[1495430, 1743786]"
"CBN-PdlC-B4-20200812","[1743781, 1390467, 1389687, 1396682, 1395074]"
"CBN-PdlC-B5-20130807","[1744480, 1478565, 1395074, 1743786, 1548249, 1493381]"
"CBN-PdlC-B5-20130903","[1548249]"
"CBN-PdlC-B5-20140630","[1489066]"
"CBN-PdlC-B5-20140721","[1357866]"
"CBN-PdlC-B5-20140811","[1395074, 1743781]"
"CBN-PdlC-B5-20140901","[1548249, 1523597]"
"CBN-PdlC-B5-20150701","[1738785, 1744511, 1744480, 1743781]"
"CBN-PdlC-B5-20150720","[1523597, 1743781, 1564310]"
"CBN-PdlC-B5-20150810","[1742054, 1654025, 1548249, 1363881, 1564310]"
"CBN-PdlC-B5-20150831","[1564310, 1394843, 1743781]"
"CBN-PdlC-B5-20160705","[1744480]"
"CBN-PdlC-B5-20160726","[1564310, 1505488]"
"CBN-PdlC-B5-20170816","[1743781, 1420566]"
"CBN-PdlC-B5-20170906","[1492736, 1420566, 1392097]"
"CBN-PdlC-B5-20180702","[1555195]"
"CBN-PdlC-B5-20180723","[1564310, 1548249]"
"CBN-PdlC-B5-20180815","[1564310, 1548249]"
"CBN-PdlC-B5-20180905","[1420566, 1398722, 1743781]"
"CBN-PdlC-B5-20190701","[1693472]"
"CBN-PdlC-B5-20190722","[1564310, 1548249, 1523597, 1743781, 1505488]"
"CBN-PdlC-B5-20190812","[1564310, 1492610, 1396294, 1393503]"
"CBN-PdlC-B5-20190909","[1564310]"
"CBN-PdlC-B5-20200629","[1743904, 1743472, 1555195, 1392317]"
"CBN-PdlC-B5-20200722","[1396294, 1564310, 1523597]"
"CBN-PdlC-B5-20200812","[1564310, 1396600, 1547096, 1548249, 1389135, 1495430]"
"CBN-PdlC-B6-20130807","[1492736, 1489066, 1389135, 1505488, 1564310]"
"CBN-PdlC-B6-20130903","[1548249, 1743927, 1564310]"
"CBN-PdlC-B6-20140630","[1502800]"
"CBN-PdlC-B6-20140721","[1722704, 1743474]"
"CBN-PdlC-B6-20140811","[1743904, 1564310]"
"CBN-PdlC-B6-20140901","[1392097, 1744170, 1743904, 1564310, 1742054, 1523071, 1688110]"
"CBN-PdlC-B6-20150701","[1647315, 1743825, 1396600, 1657246, 1564310]"
"CBN-PdlC-B6-20150720","[1548249, 1502800, 1564310]"
"CBN-PdlC-B6-20150810","[1396600, 1744473, 1492736, 1392097, 1564310]"
"CBN-PdlC-B6-20150831","[1564310, 1523597, 1520379, 1389687]"
"CBN-PdlC-B6-20160705","[1647823]"
"CBN-PdlC-B6-20160726","[1548249]"
"CBN-PdlC-B6-20170816","[1564310, 1502800]"
"CBN-PdlC-B6-20170906","[1392097, 1389687]"
"CBN-PdlC-B6-20180702","[1743904, 1392317, 1390388]"
"CBN-PdlC-B6-20180723","[1502800, 1548249, 1523071, 1564310, 1396294]"
"CBN-PdlC-B6-20180905","[1389687]"
"CBN-PdlC-B6-20190701","[1357866, 1647823, 1502800]"
"CBN-PdlC-B6-20190722","[1396600, 1548249, 1389555, 1564310]"
"CBN-PdlC-B6-20190812","[1564310, 1389687, 1744170, 1722704]"
"CBN-PdlC-B6-20190909","[1564310, 1744170, 1743986, 1628807, 1548249]"
"CBN-PdlC-B6-20200629","[1743474, 1722704, 1357866, 1390662, 1743904, 1743980]"
"CBN-PdlC-B6-20200722","[1564310, 1505488, 1722704, 1744170]"
"CBN-PdlC-B6-20200812","[1523071, 1564310, 1744170, 1389555, 1523597, 1389687]"
"CBN-PdlC-C1-20130807","[1688110, 1357866, 1743306]"
"CBN-PdlC-C1-20130903","[1389986]"
"CBN-PdlC-C1-20140721","[1357866, 1743306, 1743825]"
"CBN-PdlC-C1-20140811","[1523071]"
"CBN-PdlC-C1-20140901","[1395074]"
"CBN-PdlC-C1-20150701","[1389555, 1357866, 1361761]"
"CBN-PdlC-C1-20150720","[1493381, 1396600, 1392315]"
"CBN-PdlC-C1-20150810","[1395074, 1395106, 1495430]"
"CBN-PdlC-C1-20150831","[1523071, 1495430]"
"CBN-PdlC-C1-20160705","[1743472, 1743306, 1478565, 1357866, 1358012, 1452078, 1738785]"
"CBN-PdlC-C1-20160726","[1392081, 1493381, 1722704, 1396600, 1392315]"
"CBN-PdlC-C1-20170816","[1395074]"
"CBN-PdlC-C1-20170906","[1389687, 1744170]"
"CBN-PdlC-C1-20180723","[1395106, 1647823, 1523071]"
"CBN-PdlC-C1-20180815","[1395106]"
"CBN-PdlC-C1-20180905","[1742026, 1722704, 1395074, 1389687]"
"CBN-PdlC-C1-20190701","[1390541]"
"CBN-PdlC-C1-20190722","[1396600]"
"CBN-PdlC-C1-20190812","[1722704, 1564310]"
"CBN-PdlC-C1-20190909","[1523071]"
"CBN-PdlC-C1-20200722","[1548249, 1389555, 1743306, 1392081, 1654025, 1722704, 1396600]"
"CBN-PdlC-C1-20200812","[1651322, 1548249, 1395074, 1531441, 1523071]"
"CBN-PdlC-C2-20130903","[1523071, 1564310, 1548249]"
"CBN-PdlC-C2-20140721","[1450786, 1555195, 1395724, 1564310, 1456505, 1738796]"
"CBN-PdlC-C2-20140811","[1523071, 1564310, 1548249]"
"CBN-PdlC-C2-20140901","[1531441, 1523071, 1744147, 1647166, 1564310, 1548249, 1419963, 1651322, 1450786]"
"CBN-PdlC-C2-20150701","[1357866, 1523071, 1548249, 1743927]"
"CBN-PdlC-C2-20150720","[1564310, 1450786, 1744170, 1523071, 1495430]"
"CBN-PdlC-C2-20150810","[1564310, 1523071, 1743825, 1393553, 1357584, 1523597, 1742026]"
"CBN-PdlC-C2-20150831","[1564310, 1548249, 1523071, 1391077, 1502800, 1450786]"
"CBN-PdlC-C2-20160705","[1555195, 1357866, 1738796, 1744147, 1456505, 1450786]"
"CBN-PdlC-C2-20160726","[1564310, 1495430, 1357866, 1657246]"
"CBN-PdlC-C2-20170816","[1391077, 1523071, 1742026]"
"CBN-PdlC-C2-20170906","[1389687, 1523071, 1450786, 1392317, 1744170, 1495430, 1742026, 1647823]"
"CBN-PdlC-C2-20180723","[1523071, 1564310, 1647823, 1395106, 1389555]"
"CBN-PdlC-C2-20180815","[1523071, 1389555, 1395106, 1395074, 1548249, 1651322]"
"CBN-PdlC-C2-20180905","[1450786, 1523071, 1744147]"
"CBN-PdlC-C2-20190701","[1390541, 1742165, 1489066]"
"CBN-PdlC-C2-20190722","[1564310, 1651322, 1395106]"
"CBN-PdlC-C2-20190812","[1564310, 1722704, 1389555, 1744147, 1743385, 1389687]"
"CBN-PdlC-C2-20190909","[1564310, 1523071, 1391077, 1744147, 1450786, 1389135, 1743474]"
"CBN-PdlC-C2-20200722","[1523071, 1548249]"
"CBN-PdlC-C2-20200812","[1564310, 1523071]"
"CBN-PdlC-C3-20130807","[1392317, 1743306, 1389555, 1395074, 1722704, 1357866]"
"CBN-PdlC-C3-20130903","[1523071, 1531441, 1548249, 1395074]"
"CBN-PdlC-C3-20140721","[1392317, 1523071]"
"CBN-PdlC-C3-20140811","[1523071, 1531441, 1564310, 1495430, 1548249, 1743781]"
"CBN-PdlC-C3-20140901","[1389687, 1722704, 1450786, 1523071, 1495430]"
"CBN-PdlC-C3-20150701","[1392317, 1357866]"
"CBN-PdlC-C3-20150720","[1395106, 1742026, 1392081]"
"CBN-PdlC-C3-20150831","[1450786, 1523071, 1564310]"
"CBN-PdlC-C3-20160705","[1392317, 1743474, 1555195]"
"CBN-PdlC-C3-20160726","[1722704, 1392317, 1742026]"
"CBN-PdlC-C3-20170816","[1722704, 1523071, 1738785]"
"CBN-PdlC-C3-20170906","[1389687, 1393503, 1744170, 1395074, 1743474]"
"CBN-PdlC-C3-20180723","[1647823, 1395106]"
"CBN-PdlC-C3-20180815","[1523071, 1392097, 1395074]"
"CBN-PdlC-C3-20180905","[1722704, 1389687, 1495430]"
"CBN-PdlC-C3-20190701","[1489066, 1743927, 1523071, 1502800, 1743294, 1361761]"
"CBN-PdlC-C3-20190722","[1523071, 1395106, 1647823, 1548249]"
"CBN-PdlC-C3-20190812","[1722704, 1389687, 1495430]"
"CBN-PdlC-C3-20190909","[1523071, 1722704, 1389687, 1392097, 1743474]"
"CBN-PdlC-C3-20200722","[1395106, 1723185]"
"CBN-PdlC-C3-20200812","[1651322, 1395106, 1523071, 1395074]"
"CBN-PdlC-C4-20130807","[1357866]"
"CBN-PdlC-C4-20130903","[1548249]"
"CBN-PdlC-C4-20140721","[1743904]"
"CBN-PdlC-C4-20140811","[1523071, 1548249, 1396294, 1564310]"
"CBN-PdlC-C4-20140901","[1420566]"
"CBN-PdlC-C4-20150701","[1392317]"
"CBN-PdlC-C4-20150720","[1450786, 1492736, 1523597, 1390467]"
"CBN-PdlC-C4-20150831","[1389687, 1523071, 1450786]"
"CBN-PdlC-C4-20160705","[1743474, 1392317, 1743904]"
"CBN-PdlC-C4-20160726","[1492736, 1523597, 1391077, 1523071]"
"CBN-PdlC-C4-20170816","[1743904]"
"CBN-PdlC-C4-20170906","[1744170]"
"CBN-PdlC-C4-20180723","[1523071, 1395106, 1548249, 1389010, 1358523, 1647823]"
"CBN-PdlC-C4-20180815","[1502800, 1523071, 1564310, 1548249]"
"CBN-PdlC-C4-20180905","[1389135]"
"CBN-PdlC-C4-20190701","[1502800]"
"CBN-PdlC-C4-20190722","[1523071, 1564310, 1395074, 1548249, 1395106, 1502800, 1492610, 1450786]"
"CBN-PdlC-C4-20190812","[1395074, 1564310]"
"CBN-PdlC-C4-20190909","[1564310]"
"CBN-PdlC-C4-20200722","[1389555]"
"CBN-PdlC-C4-20200812","[1523071, 1547096]"
"CBN-PdlC-C5-20130807","[1389555, 1523597, 1647823]"
"CBN-PdlC-C5-20130903","[1523071]"
"CBN-PdlC-C5-20140721","[1722704]"
"CBN-PdlC-C5-20140811","[1523071, 1547096, 1657246]"
"CBN-PdlC-C5-20140901","[1450786, 1389135]"
"CBN-PdlC-C5-20150701","[1395074]"
"CBN-PdlC-C5-20150720","[1395106, 1742026]"
"CBN-PdlC-C5-20150810","[1523071]"
"CBN-PdlC-C5-20150831","[1389687, 1357584, 1390467, 1523597]"
"CBN-PdlC-C5-20160705","[1743474]"
"CBN-PdlC-C5-20160726","[1742026]"
"CBN-PdlC-C5-20170816","[1744413]"
"CBN-PdlC-C5-20170906","[1744170, 1523597, 1389555]"
"CBN-PdlC-C5-20180723","[1523071, 1395106, 1548249]"
"CBN-PdlC-C5-20180815","[1392097]"
"CBN-PdlC-C5-20180905","[1392097, 1390467, 1743474, 1389687]"
"CBN-PdlC-C5-20190701","[1392317]"
"CBN-PdlC-C5-20190722","[1395106]"
"CBN-PdlC-C5-20190812","[1564310, 1389135]"
"CBN-PdlC-C5-20190909","[1389687]"
"CBN-PdlC-C5-20200722","[1523071]"
"CBN-PdlC-C5-20200812","[1523071]"
"CBN-PdlC-C6-20130807","[1390467, 1647823, 1395106, 1389135]"
"CBN-PdlC-C6-20130903","[1523071]"
"CBN-PdlC-C6-20140721","[1395074, 1743474, 1389555, 1738796, 1743560, 1743306]"
"CBN-PdlC-C6-20140811","[1389555]"
"CBN-PdlC-C6-20140901","[1389135]"
"CBN-PdlC-C6-20150701","[1743560]"
"CBN-PdlC-C6-20150720","[1389555]"
"CBN-PdlC-C6-20150810","[1743311]"
"CBN-PdlC-C6-20150831","[1523597]"
"CBN-PdlC-C6-20160705","[1395074, 1743306, 1358012, 1743474]"
"CBN-PdlC-C6-20160726","[1647823, 1742026]"
"CBN-PdlC-C6-20170816","[1647823]"
"CBN-PdlC-C6-20170906","[1389687]"
"CBN-PdlC-C6-20180723","[1523071, 1647823, 1722704]"
"CBN-PdlC-C6-20180815","[1647823]"
"CBN-PdlC-C6-20180905","[1389687, 1392097]"
"CBN-PdlC-C6-20190701","[1743306]"
"CBN-PdlC-C6-20190722","[1564310]"
"CBN-PdlC-C6-20190812","[1395074, 1389135]"
"CBN-PdlC-C6-20190909","[1389687, 1742026]"
"CBN-PdlC-C6-20200722","[1389135]"
"CBN-PdlC-C6-20200812","[1392097]"
"CBN-PdlC-D1-20130807","[1389135, 1688110, 1743306, 1647823, 1741922, 1651061, 1523597]"
"CBN-PdlC-D1-20130903","[1548249]"
"CBN-PdlC-D1-20140721","[1357866]"
"CBN-PdlC-D1-20140811","[1523071, 1548249, 1564310]"
"CBN-PdlC-D1-20140901","[1523071, 1548249, 1392097, 1564310]"
"CBN-PdlC-D1-20150701","[1647315]"
"CBN-PdlC-D1-20150720","[1564310, 1389687, 1688110, 1493381, 1389135, 1548249]"
"CBN-PdlC-D1-20150810","[1523071, 1548249, 1564310, 1389687]"
"CBN-PdlC-D1-20150831","[1523071, 1564310, 1548249, 1389687]"
"CBN-PdlC-D1-20160705","[1743474]"
"CBN-PdlC-D1-20160726","[1493381, 1389135, 1657246, 1743781, 1392081, 1744293]"
"CBN-PdlC-D1-20170816","[1548249, 1744413]"
"CBN-PdlC-D1-20170906","[1744170, 1389687, 1743973]"
"CBN-PdlC-D1-20180723","[1523071, 1647823, 1548249]"
"CBN-PdlC-D1-20180815","[1523071]"
"CBN-PdlC-D1-20180905","[1743474]"
"CBN-PdlC-D1-20190701","[1743560]"
"CBN-PdlC-D1-20190722","[1523071, 1548249, 1395106, 1564310]"
"CBN-PdlC-D1-20190812","[1389687, 1389135, 1492736, 1744170, 1564310]"
"CBN-PdlC-D1-20190909","[1548249, 1523071, 1564310, 1392097]"
"CBN-PdlC-D1-20200722","[1548249, 1657246, 1396600, 1523071, 1392097]"
"CBN-PdlC-D1-20200812","[1523071, 1548249, 1564310]"
"CBN-PdlC-D2-20130807","[1531436, 1564310, 1495430, 1722704, 1456505, 1743306, 1743825, 1741922, 1395724]"
"CBN-PdlC-D2-20130903","[1395106]"
"CBN-PdlC-D2-20140721","[1564310, 1450786]"
"CBN-PdlC-D2-20140811","[1523071, 1564310, 1743294]"
"CBN-PdlC-D2-20140901","[1523071, 1391077]"
"CBN-PdlC-D2-20150720","[1564310, 1722704, 1361139, 1389687, 1393503, 1523071, 1688110, 1450786]"
"CBN-PdlC-D2-20150810","[1523071, 1395106, 1395074]"
"CBN-PdlC-D2-20150831","[1389687, 1523071, 1564310, 1742026]"
"CBN-PdlC-D2-20160705","[1722704, 1450786, 1742026, 1555195, 1743474, 1495430]"
"CBN-PdlC-D2-20160726","[1389687, 1393503, 1722704, 1742026, 1492736]"
"CBN-PdlC-D2-20170816","[1389687, 1743474]"
"CBN-PdlC-D2-20170906","[1744170, 1742026, 1523071, 1505488, 1399589, 1450786, 1392097]"
"CBN-PdlC-D2-20180723","[1523071, 1395106, 1722704]"
"CBN-PdlC-D2-20180815","[1523071, 1744170]"
"CBN-PdlC-D2-20180905","[1389687, 1564310, 1744170, 1523071, 1743474, 1722704, 1390467, 1361139]"
"CBN-PdlC-D2-20190701","[1358118, 1389555, 1392317, 1395074, 1361169]"
"CBN-PdlC-D2-20190722","[1523071, 1564310, 1392081]"
"CBN-PdlC-D2-20190812","[1564310, 1389687, 1722704, 1744170, 1531436, 1743385, 1492736]"
"CBN-PdlC-D2-20190909","[1523071, 1564310, 1396682, 1492736]"
"CBN-PdlC-D2-20200722","[1523071, 1395106, 1647823, 1392315, 1548249]"
"CBN-PdlC-D2-20200812","[1564310, 1523071, 1389687]"
"CBN-PdlC-D3-20130807","[1389555, 1743306, 1744551, 1523597, 1389135, 1395106]"
"CBN-PdlC-D3-20130903","[1647141]"
"CBN-PdlC-D3-20140721","[1564310, 1395074, 1722704]"
"CBN-PdlC-D3-20140811","[1523071, 1564310, 1651322]"
"CBN-PdlC-D3-20140901","[1389687, 1523071, 1743294, 1505488, 1651113, 1651322]"
"CBN-PdlC-D3-20150701","[1523071, 1389555, 1564310]"
"CBN-PdlC-D3-20150720","[1722704, 1389687, 1744170, 1743567, 1358191, 1743825]"
"CBN-PdlC-D3-20150831","[1389687, 1523071, 1647153, 1744525]"
"CBN-PdlC-D3-20160705","[1555195]"
"CBN-PdlC-D3-20160726","[1722704, 1744170, 1389687, 1738603, 1392081]"
"CBN-PdlC-D3-20170816","[1389687, 1395074]"
"CBN-PdlC-D3-20170906","[1389687, 1744170, 1741922]"
"CBN-PdlC-D3-20180723","[1523071, 1647823, 1395106, 1394843]"
"CBN-PdlC-D3-20180815","[1523071, 1395106]"
"CBN-PdlC-D3-20180905","[1523071, 1389687]"
"CBN-PdlC-D3-20190701","[1389555]"
"CBN-PdlC-D3-20190722","[1395106, 1564310, 1523071, 1396379, 1389135, 1419963]"
"CBN-PdlC-D3-20190812","[1389687, 1743825, 1523071, 1744170, 1393503, 1493381, 1564310, 1389135]"
"CBN-PdlC-D3-20190909","[1523071, 1389687]"
"CBN-PdlC-D3-20200722","[1523071, 1564310, 1395106, 1389687]"
"CBN-PdlC-D3-20200812","[1523071, 1389687, 1564310]"
"CBN-PdlC-D4-20130807","[1743306, 1389135, 1389555, 1393503, 1357866, 1357858, 1523597, 1741922]"
"CBN-PdlC-D4-20130903","[1548249]"
"CBN-PdlC-D4-20140721","[1357866, 1722704]"
"CBN-PdlC-D4-20140811","[1523071, 1564310, 1548249, 1389135]"
"CBN-PdlC-D4-20140901","[1564310, 1450786, 1523071, 1743385, 1389687, 1743825, 1744170, 1743786]"
"CBN-PdlC-D4-20150701","[1722704]"
"CBN-PdlC-D4-20150720","[1389135, 1657246, 1396600, 1743781, 1389555, 1396294, 1646671]"
"CBN-PdlC-D4-20150831","[1389687, 1450786, 1564310, 1523071, 1744170, 1389135, 1392097]"
"CBN-PdlC-D4-20160705","[1647315, 1357866, 1722704, 1744170, 1548249, 1738796, 1742165, 1395106]"
"CBN-PdlC-D4-20160726","[1742026]"
"CBN-PdlC-D4-20170816","[1744170, 1742026, 1548249, 1450786]"
"CBN-PdlC-D4-20170906","[1744170, 1389687, 1389555]"
"CBN-PdlC-D4-20180723","[1647823, 1523071, 1548249]"
"CBN-PdlC-D4-20180815","[1523071, 1548249]"
"CBN-PdlC-D4-20180905","[1392097, 1450786]"
"CBN-PdlC-D4-20190701","[1357866, 1548249]"
"CBN-PdlC-D4-20190722","[1548249]"
"CBN-PdlC-D4-20190812","[1564310, 1389135, 1389555, 1523071, 1389687, 1548249, 1523597, 1396600]"
"CBN-PdlC-D4-20190909","[1548249, 1389555, 1389135]"
"CBN-PdlC-D4-20200722","[1548249]"
"CBN-PdlC-D4-20200812","[1523071, 1548249, 1547096]"
"CBN-PdlC-D5-20130807","[1523597, 1357866, 1390467, 1389135]"
"CBN-PdlC-D5-20130903","[1531441, 1523071]"
"CBN-PdlC-D5-20140721","[1357866, 1389555, 1722704, 1647315]"
"CBN-PdlC-D5-20140811","[1523071, 1392097, 1564310]"
"CBN-PdlC-D5-20140901","[1389135, 1564310]"
"CBN-PdlC-D5-20150701","[1357866, 1647315]"
"CBN-PdlC-D5-20150720","[1548249, 1523071, 1493381]"
"CBN-PdlC-D5-20150810","[1531441, 1392097, 1523071, 1548249, 1743786, 1564310, 1395074, 1523597]"
"CBN-PdlC-D5-20150831","[1523071, 1564310, 1531441, 1392336]"
"CBN-PdlC-D5-20160705","[1357866, 1392317, 1743474, 1647315, 1722704, 1743781]"
"CBN-PdlC-D5-20160726","[1389135, 1564310, 1688110, 1493381, 1389687, 1392097]"
"CBN-PdlC-D5-20170816","[1392336, 1389687, 1361139]"
"CBN-PdlC-D5-20170906","[1389687, 1392336, 1744170]"
"CBN-PdlC-D5-20180723","[1523071, 1531441, 1395106, 1548249, 1651322, 1744618]"
"CBN-PdlC-D5-20180815","[1531441, 1523071, 1548249, 1395074, 1392097]"
"CBN-PdlC-D5-20180905","[1392097, 1389687, 1743474, 1722704]"
"CBN-PdlC-D5-20190701","[1357866]"
"CBN-PdlC-D5-20190722","[1531441, 1564310, 1389135, 1523071, 1523597]"
"CBN-PdlC-D5-20190812","[1389135, 1564310, 1523071, 1495430]"
"CBN-PdlC-D5-20190909","[1564310, 1523597, 1389687, 1390467]"
"CBN-PdlC-D5-20200722","[1531441, 1395074, 1564310, 1647823]"
"CBN-PdlC-D5-20200812","[1531441, 1523071, 1548249, 1564310, 1651322, 1395074, 1651113]"
"CBN-PdlC-D6-20130807","[1389135, 1357866, 1523597]"
"CBN-PdlC-D6-20130903","[1547096]"
"CBN-PdlC-D6-20140721","[1743474, 1722704, 1392317]"
"CBN-PdlC-D6-20140811","[1523071, 1564310]"
"CBN-PdlC-D6-20140901","[1495430]"
"CBN-PdlC-D6-20150701","[1392317]"
"CBN-PdlC-D6-20150720","[1450786, 1688110, 1389555]"
"CBN-PdlC-D6-20150810","[1564310, 1392852, 1450786]"
"CBN-PdlC-D6-20150831","[1564310, 1389687, 1688110]"
"CBN-PdlC-D6-20160705","[1743474, 1392317]"
"CBN-PdlC-D6-20160726","[1492736]"
"CBN-PdlC-D6-20170816","[1389687, 1450786, 1722704]"
"CBN-PdlC-D6-20170906","[1389687, 1450786, 1495430, 1743474]"
"CBN-PdlC-D6-20180723","[1647823, 1523071]"
"CBN-PdlC-D6-20180815","[1523071, 1502800]"
"CBN-PdlC-D6-20180905","[1392097, 1450786]"
"CBN-PdlC-D6-20190701","[1392317]"
"CBN-PdlC-D6-20190722","[1547096]"
"CBN-PdlC-D6-20190812","[1389687, 1564310, 1389135, 1495430, 1688110, 1389555]"
"CBN-PdlC-D6-20190909","[1564310, 1389687]"
"CBN-PdlC-D6-20200722","[1647823]"
"CBN-PdlC-D6-20200812","[1564310]"
"CBN-PdlC-E1-20130723","[1738796, 1357866, 1389555, 1555195, 1722704, 1393503]"
"CBN-PdlC-E1-20130807","[1393353, 1531436, 1390467, 1505488, 1564310, 1479995, 1492736, 1390662, 1743306, 1743927]"
"CBN-PdlC-E1-20130903","[1389135, 1523597, 1390467]"
"CBN-PdlC-E1-20140630","[1392317, 1357866, 1505488]"
"CBN-PdlC-E1-20140721","[1389135, 1456505, 1744147, 1743786, 1742026]"
"CBN-PdlC-E1-20140811","[1523071, 1389135, 1392097, 1564310, 1456505, 1495430, 1390467, 1548249]"
"CBN-PdlC-E1-20140901","[1523071, 1548249, 1390467, 1523597, 1743927]"
"CBN-PdlC-E1-20150701","[1743786, 1647823, 1742054, 1523071, 1742026, 1456505]"
"CBN-PdlC-E1-20150720","[1390467, 1389135, 1743927, 1744170]"
"CBN-PdlC-E1-20150810","[1564310, 1495430, 1395074, 1389135]"
"CBN-PdlC-E1-20150831","[1389135, 1523597, 1743474, 1390467, 1492736, 1489066, 1392097]"
"CBN-PdlC-E1-20160705","[1742026, 1743474, 1389135, 1393503]"
"CBN-PdlC-E1-20160726","[1389135, 1492736, 1741954, 1393503, 1389687, 1688110, 1395074]"
"CBN-PdlC-E1-20170816","[1389135, 1456505, 1743474, 1523597]"
"CBN-PdlC-E1-20170906","[1743474]"
"CBN-PdlC-E1-20180702","[1357866]"
"CBN-PdlC-E1-20180723","[1523071, 1389135, 1564310]"
"CBN-PdlC-E1-20180815","[1523071, 1523597, 1564310]"
"CBN-PdlC-E1-20180905","[1389687, 1743474, 1741954, 1390467]"
"CBN-PdlC-E1-20190701","[1389555, 1523071, 1548249]"
"CBN-PdlC-E1-20190812","[1741954, 1389687, 1389135, 1492736, 1393503, 1390467, 1523597, 1744015, 1743927, 1647153]"
"CBN-PdlC-E1-20190909","[1389687, 1741954, 1390467, 1743474, 1550154, 1492736, 1647153, 1743927, 1392097, 1389135]"
"CBN-PdlC-E1-20200629","[1357866, 1456505]"
"CBN-PdlC-E1-20200722","[1741954, 1456505, 1389687, 1523597, 1393503, 1495430, 1738796]"
"CBN-PdlC-E1-20200812","[1523071, 1392097, 1741954, 1647153, 1389135, 1523597, 1390467]"
"CBN-PdlC-E2-20130723","[1392317, 1456505]"
"CBN-PdlC-E2-20130807","[1505488, 1393503, 1523597, 1564310, 1393353, 1688110, 1493381, 1357866]"
"CBN-PdlC-E2-20130903","[1531441, 1548249, 1523071, 1505488]"
"CBN-PdlC-E2-20140630","[1392317]"
"CBN-PdlC-E2-20140721","[1564310]"
"CBN-PdlC-E2-20140811","[1531441, 1523071, 1548249, 1688110]"
"CBN-PdlC-E2-20140901","[1531441, 1548249, 1505488, 1391077, 1743474, 1495430, 1395074, 1688110]"
"CBN-PdlC-E2-20150720","[1450786, 1548249, 1647823, 1505488, 1688110, 1492736, 1744170, 1743927, 1742026]"
"CBN-PdlC-E2-20150810","[1505488, 1651322, 1741954, 1564310]"
"CBN-PdlC-E2-20150831","[1523071, 1505488, 1531441, 1391077, 1523597, 1548249, 1392336, 1450786]"
"CBN-PdlC-E2-20160705","[1493381, 1688110, 1743474, 1743927]"
"CBN-PdlC-E2-20160726","[1688110, 1393503, 1492736]"
"CBN-PdlC-E2-20170816","[1392336, 1392097, 1548249]"
"CBN-PdlC-E2-20170906","[1505488, 1450786, 1389687, 1523071, 1743474, 1392317]"
"CBN-PdlC-E2-20180702","[1743760]"
"CBN-PdlC-E2-20180723","[1743474]"
"CBN-PdlC-E2-20180815","[1743474, 1531441, 1743472, 1523071, 1502800]"
"CBN-PdlC-E2-20180905","[1743474, 1392317, 1389687, 1390467, 1744170, 1505488, 1392336, 1741922, 1688110, 1393503]"
"CBN-PdlC-E2-20190701","[1523071, 1688110]"
"CBN-PdlC-E2-20190812","[1505488, 1492736, 1744170, 1564310, 1389687, 1523597]"
"CBN-PdlC-E2-20190909","[1389687, 1743474, 1564310, 1741954, 1505488]"
"CBN-PdlC-E2-20200629","[1392317, 1456505, 1688110, 1743474]"
"CBN-PdlC-E2-20200722","[1389687, 1688110, 1741954, 1392336]"
"CBN-PdlC-E2-20200812","[1523071, 1688110, 1743474, 1523597]"
"CBN-PdlC-E3-20130723","[1744170, 1393503, 1357866]"
"CBN-PdlC-E3-20130807","[1493381]"
"CBN-PdlC-E3-20130903","[1531441, 1395074]"
"CBN-PdlC-E3-20140630","[1392317]"
"CBN-PdlC-E3-20140721","[1722704, 1393503]"
"CBN-PdlC-E3-20140811","[1523071]"
"CBN-PdlC-E3-20140901","[1392081, 1389687, 1395074, 1688110]"
"CBN-PdlC-E3-20150701","[1688110, 1493381, 1647823]"
"CBN-PdlC-E3-20150720","[1392336, 1688110, 1493381, 1389687, 1744170, 1647153, 1399589, 1393503, 1557427]"
"CBN-PdlC-E3-20150810","[1392336, 1741954, 1395074]"
"CBN-PdlC-E3-20150831","[1392336, 1688110, 1389687, 1505488]"
"CBN-PdlC-E3-20160705","[1493381]"
"CBN-PdlC-E3-20160726","[1389687]"
"CBN-PdlC-E3-20170816","[1392336, 1688110, 1395074, 1399589, 1489066]"
"CBN-PdlC-E3-20170906","[1392336, 1743472, 1744170, 1688110, 1389687, 1395074, 1647153, 1489066, 1361139, 1393503]"
"CBN-PdlC-E3-20180702","[1392317, 1389555, 1393923, 1688110, 1743474, 1493381, 1651322]"
"CBN-PdlC-E3-20180723","[1531441, 1651322, 1395074, 1493381]"
"CBN-PdlC-E3-20180815","[1531441, 1651322]"
"CBN-PdlC-E3-20180905","[1389687, 1743474, 1688110]"
"CBN-PdlC-E3-20190701","[1395106]"
"CBN-PdlC-E3-20190812","[1389687, 1393503, 1523071]"
"CBN-PdlC-E3-20190909","[1389687, 1688110]"
"CBN-PdlC-E3-20200629","[1456505, 1389555, 1688110]"
"CBN-PdlC-E3-20200722","[1389687, 1722704]"
"CBN-PdlC-E3-20200812","[1688110, 1523071]"
"CBN-PdlC-E4-20130807","[1479995, 1531436, 1393353, 1744003, 1495430, 1743560]"
"CBN-PdlC-E4-20130903","[1647823]"
"CBN-PdlC-E4-20140630","[1744551]"
"CBN-PdlC-E4-20140721","[1357866, 1389135, 1493381, 1647823]"
"CBN-PdlC-E4-20140811","[1389687]"
"CBN-PdlC-E4-20140901","[1492736, 1389135, 1389687]"
"CBN-PdlC-E4-20150701","[1647823, 1523071, 1390467, 1722704, 1647338]"
"CBN-PdlC-E4-20150720","[1389687, 1744015, 1390467, 1392081, 1647823, 1742026, 1492736]"
"CBN-PdlC-E4-20150810","[1523071, 1564310, 1395074, 1742026, 1392097]"
"CBN-PdlC-E4-20160705","[1742026, 1392081, 1647823]"
"CBN-PdlC-E4-20160726","[1389687, 1564310, 1393992]"
"CBN-PdlC-E4-20170816","[1389687]"
"CBN-PdlC-E4-20170906","[1390367, 1744170]"
"CBN-PdlC-E4-20180702","[1395074, 1548249]"
"CBN-PdlC-E4-20180723","[1523071, 1742026]"
"CBN-PdlC-E4-20180815","[1531441, 1523071, 1744003]"
"CBN-PdlC-E4-20180905","[1389687, 1742026, 1743933, 1395074, 1722704]"
"CBN-PdlC-E4-20190701","[1523071]"
"CBN-PdlC-E4-20190812","[1389687]"
"CBN-PdlC-E4-20190909","[1389687, 1564310, 1359199]"
"CBN-PdlC-E4-20200629","[1357866, 1743560, 1722704]"
"CBN-PdlC-E4-20200722","[1389687, 1742026, 1395074, 1647153, 1510341]"
"CBN-PdlC-E4-20200812","[1523071]"
"CBN-PdlC-E5-20130723","[1744170, 1390367, 1357866, 1743294]"
"CBN-PdlC-E5-20130807","[1389555, 1523597, 1495430, 1743306, 1531436, 1743786, 1389135, 1743927]"
"CBN-PdlC-E5-20130903","[1389135]"
"CBN-PdlC-E5-20140630","[1389135]"
"CBN-PdlC-E5-20140721","[1389135, 1523597, 1357866]"
"CBN-PdlC-E5-20140811","[1390662, 1743927, 1389135, 1523071, 1564310, 1395074, 1392097, 1390467]"
"CBN-PdlC-E5-20150720","[1389135, 1389687, 1523597, 1505488]"
"CBN-PdlC-E5-20150810","[1392097, 1523071, 1564310, 1743786, 1523597]"
"CBN-PdlC-E5-20150831","[1392097, 1389687, 1389135, 1742026, 1390467, 1505488, 1744170, 1450786, 1743927, 1743786]"
"CBN-PdlC-E5-20160705","[1389555, 1395074, 1523071, 1357866]"
"CBN-PdlC-E5-20160726","[1389687, 1389135, 1744170]"
"CBN-PdlC-E5-20170816","[1389687, 1742026, 1744170, 1392097, 1390467, 1647153, 1393503, 1688110]"
"CBN-PdlC-E5-20170906","[1389687, 1390467, 1742026, 1393503, 1392097]"
"CBN-PdlC-E5-20180702","[1743306, 1722704]"
"CBN-PdlC-E5-20180723","[1523071]"
"CBN-PdlC-E5-20180815","[1523071]"
"CBN-PdlC-E5-20180905","[1393503, 1389687, 1390467, 1742026]"
"CBN-PdlC-E5-20190722","[1743311, 1523071, 1392097, 1389135, 1389555]"
"CBN-PdlC-E5-20190812","[1389135, 1390467, 1523597, 1389687, 1743927]"
"CBN-PdlC-E5-20190909","[1392097, 1389687, 1743306, 1744170]"
"CBN-PdlC-E5-20200629","[1357866, 1743306, 1389555, 1743786, 1389135]"
"CBN-PdlC-E5-20200722","[1389135, 1741954, 1390467, 1523597, 1392839]"
"CBN-PdlC-E5-20200812","[1523597, 1390467, 1392097]"
"CBN-PdlC-E6-20130723","[1357866, 1743560, 1548249]"
"CBN-PdlC-E6-20130807","[1531436, 1743306, 1722704]"
"CBN-PdlC-E6-20130903","[1479995, 1363881]"
"CBN-PdlC-E6-20140630","[1357866, 1389555]"
"CBN-PdlC-E6-20140721","[1389687, 1722704, 1744147, 1389135]"
"CBN-PdlC-E6-20140811","[1523071, 1389687, 1742026, 1688110]"
"CBN-PdlC-E6-20150701","[1389555, 1389135, 1390467]"
"CBN-PdlC-E6-20150720","[1389135, 1505488, 1657246, 1548249]"
"CBN-PdlC-E6-20150810","[1523071, 1389555]"
"CBN-PdlC-E6-20150831","[1389687, 1744170, 1505488, 1390467]"
"CBN-PdlC-E6-20160705","[1523071, 1722704, 1548249]"
"CBN-PdlC-E6-20160726","[1389687, 1742026, 1742054, 1744170, 1493381, 1505488]"
"CBN-PdlC-E6-20170816","[1389687, 1744170, 1450786, 1390467, 1395074, 1688110]"
"CBN-PdlC-E6-20170906","[1742026, 1744170]"
"CBN-PdlC-E6-20180702","[1357866, 1389555, 1722704]"
"CBN-PdlC-E6-20180723","[1523071, 1548249]"
"CBN-PdlC-E6-20180815","[1523071, 1502800]"
"CBN-PdlC-E6-20180905","[1389687, 1744170, 1722704]"
"CBN-PdlC-E6-20190722","[1738785, 1742026, 1389687]"
"CBN-PdlC-E6-20190812","[1531436, 1389687, 1389555]"
"CBN-PdlC-E6-20190909","[1389687, 1450786, 1744170, 1390467, 1722704]"
"CBN-PdlC-E6-20200629","[1357866, 1722704, 1389555, 1738796, 1743306]"
"CBN-PdlC-E6-20200722","[1389555]"
"CBN-PdlC-E6-20200812","[1523071, 1390467, 1392081, 1450786]"
"CBN-PdlC-F1-20130723","[1738796, 1389555, 1722704, 1555195]"
"CBN-PdlC-F1-20130807","[1389555, 1531436, 1744147, 1393503, 1456505, 1358118, 1738796, 1743306]"
"CBN-PdlC-F1-20130903","[1523071, 1548249, 1647348, 1389555]"
"CBN-PdlC-F1-20140630","[1357866, 1392317]"
"CBN-PdlC-F1-20140721","[1722704, 1564310, 1391077, 1548249, 1743385, 1389555]"
"CBN-PdlC-F1-20140811","[1523071, 1548249, 1564310]"
"CBN-PdlC-F1-20140901","[1523071, 1395074, 1548249, 1523597]"
"CBN-PdlC-F1-20150701","[1548249, 1396600, 1564310, 1389135, 1392081, 1523071, 1657246]"
"CBN-PdlC-F1-20150720","[1450786, 1564310, 1389555, 1647823, 1492736]"
"CBN-PdlC-F1-20150810","[1548249, 1505488, 1523071, 1392317, 1389555]"
"CBN-PdlC-F1-20150831","[1523071, 1456505, 1548249, 1357866]"
"CBN-PdlC-F1-20160705","[1548249, 1393503, 1743560, 1357866, 1722704, 1743306]"
"CBN-PdlC-F1-20160726","[1393503, 1389687, 1492736, 1357866, 1548249, 1389555, 1358118]"
"CBN-PdlC-F1-20170816","[1450786, 1389687]"
"CBN-PdlC-F1-20170906","[1738796]"
"CBN-PdlC-F1-20180702","[1357866]"
"CBN-PdlC-F1-20180723","[1523071, 1548249]"
"CBN-PdlC-F1-20180815","[1523071, 1564310, 1548249]"
"CBN-PdlC-F1-20180905","[1389687, 1456505, 1743786, 1722704, 1450786]"
"CBN-PdlC-F1-20190701","[1548249]"
"CBN-PdlC-F1-20190812","[1389687, 1393503, 1456505, 1744170, 1741954]"
"CBN-PdlC-F1-20190909","[1389687, 1647153]"
"CBN-PdlC-F1-20200629","[1722704, 1357866, 1456505]"
"CBN-PdlC-F1-20200722","[1389687, 1456505, 1450786, 1741954, 1523071, 1564310]"
"CBN-PdlC-F1-20200812","[1389687, 1523071, 1741954]"
"CBN-PdlC-F2-20130723","[1357866, 1555195, 1738796, 1360372, 1743472, 1389555, 1456505]"
"CBN-PdlC-F2-20130807","[1531436, 1743306, 1358118, 1479995, 1393503, 1357866, 1407770, 1389555]"
"CBN-PdlC-F2-20130903","[1389555, 1523071, 1737489]"
"CBN-PdlC-F2-20140630","[1357866, 1548249, 1392317]"
"CBN-PdlC-F2-20140721","[1722704, 1743385]"
"CBN-PdlC-F2-20140811","[1548249, 1523071]"
"CBN-PdlC-F2-20140901","[1548249, 1744481, 1531436, 1399148]"
"CBN-PdlC-F2-20150701","[1548249]"
"CBN-PdlC-F2-20150720","[1450786, 1505488, 1357866]"
"CBN-PdlC-F2-20150810","[1548249, 1505488, 1523071, 1564310, 1389555]"
"CBN-PdlC-F2-20150831","[1523071, 1505488, 1392317, 1399148, 1548249, 1523597]"
"CBN-PdlC-F2-20160705","[1744170, 1505488, 1357866, 1357858, 1493381, 1743786, 1395106, 1548249]"
"CBN-PdlC-F2-20160726","[1493381, 1389687, 1743786, 1357858, 1357866, 1399148]"
"CBN-PdlC-F2-20170906","[1744170, 1505488, 1393503, 1523071]"
"CBN-PdlC-F2-20180702","[1357866]"
"CBN-PdlC-F2-20180723","[1523071, 1548249, 1723185, 1657246, 1395106]"
"CBN-PdlC-F2-20180815","[1523071, 1548249, 1744170, 1505488]"
"CBN-PdlC-F2-20180905","[1744170, 1389687, 1738785, 1390367, 1741954]"
"CBN-PdlC-F2-20190701","[1523071, 1389555]"
"CBN-PdlC-F2-20190812","[1393503, 1743786, 1389687, 1505488, 1744170, 1564310, 1390367]"
"CBN-PdlC-F2-20190909","[1390367, 1389687, 1505488, 1399148, 1523071]"
"CBN-PdlC-F2-20200629","[1357866]"
"CBN-PdlC-F2-20200722","[1389687, 1523071, 1450786]"
"CBN-PdlC-F2-20200812","[1523071, 1548249]"
"CBN-PdlC-F3-20130723","[1392317]"
"CBN-PdlC-F3-20130807","[1393503, 1392081, 1722704, 1478565]"
"CBN-PdlC-F3-20130903","[1531441, 1651322, 1505488, 1523071, 1495430]"
"CBN-PdlC-F3-20140630","[1357866, 1392317, 1394843, 1390367]"
"CBN-PdlC-F3-20140721","[1722704, 1389135, 1564310, 1743786, 1357866]"
"CBN-PdlC-F3-20140811","[1493381, 1495430, 1564310]"
"CBN-PdlC-F3-20140901","[1505488, 1390367, 1743786]"
"CBN-PdlC-F3-20150701","[1493381, 1564310, 1722704]"
"CBN-PdlC-F3-20150720","[1493381]"
"CBN-PdlC-F3-20150810","[1531441, 1651322, 1493381, 1505488, 1647153, 1688110, 1647823]"
"CBN-PdlC-F3-20150831","[1392336, 1505488, 1531441, 1647153, 1742026]"
"CBN-PdlC-F3-20160705","[1493381, 1647823]"
"CBN-PdlC-F3-20160726","[1741954, 1722704, 1389687]"
"CBN-PdlC-F3-20170816","[1392336, 1505488, 1744170, 1399589, 1395074]"
"CBN-PdlC-F3-20170906","[1647153, 1392336, 1744170, 1392317, 1505488]"
"CBN-PdlC-F3-20180702","[1357866, 1548249]"
"CBN-PdlC-F3-20180723","[1651322, 1493381, 1531441, 1548249]"
"CBN-PdlC-F3-20180815","[1395074]"
"CBN-PdlC-F3-20180905","[1395074, 1389687, 1392336, 1505488]"
"CBN-PdlC-F3-20190701","[1651322, 1389555, 1523071]"
"CBN-PdlC-F3-20190722","[1493381]"
"CBN-PdlC-F3-20190812","[1389687, 1361139, 1495430, 1722704]"
"CBN-PdlC-F3-20190909","[1389687, 1392336, 1647153]"
"CBN-PdlC-F3-20200629","[1357866, 1493381]"
"CBN-PdlC-F3-20200722","[1722704, 1492736, 1389687, 1531441, 1744170]"
"CBN-PdlC-F3-20200812","[1688110]"
"CBN-PdlC-F4-20130723","[1743306, 1393503, 1742026, 1743472]"
"CBN-PdlC-F4-20130807","[1738785, 1523597, 1531436]"
"CBN-PdlC-F4-20130903","[1531436]"
"CBN-PdlC-F4-20140630","[1743306]"
"CBN-PdlC-F4-20140811","[1395074, 1390467, 1392097, 1392081]"
"CBN-PdlC-F4-20140901","[1510341, 1389135]"
"CBN-PdlC-F4-20150701","[1743786, 1395074, 1722704, 1743560]"
"CBN-PdlC-F4-20150720","[1389135, 1738785, 1389687, 1505488]"
"CBN-PdlC-F4-20150810","[1392852, 1392097, 1722704, 1456505, 1523071, 1743786, 1523597, 1742026, 1647153, 1743294]"
"CBN-PdlC-F4-20150831","[1523597, 1742026, 1647153, 1390467, 1392097, 1389687]"
"CBN-PdlC-F4-20160705","[1389135, 1742026, 1395074, 1389687, 1523071, 1393914, 1743786, 1647823]"
"CBN-PdlC-F4-20160726","[1389687, 1523597]"
"CBN-PdlC-F4-20170816","[1399589, 1392336, 1744170, 1520379, 1738785, 1742026]"
"CBN-PdlC-F4-20170906","[1647153, 1392336, 1744170, 1390467]"
"CBN-PdlC-F4-20180702","[1395074]"
"CBN-PdlC-F4-20180723","[1523071]"
"CBN-PdlC-F4-20180815","[1531441, 1523071, 1395074]"
"CBN-PdlC-F4-20180905","[1389687, 1742026, 1390467, 1393503]"
"CBN-PdlC-F4-20190701","[1395074, 1523071, 1743294, 1723185]"
"CBN-PdlC-F4-20190722","[1389687]"
"CBN-PdlC-F4-20190812","[1389687, 1361139, 1647153, 1390467, 1389135]"
"CBN-PdlC-F4-20190909","[1647153, 1389687, 1550154, 1390467]"
"CBN-PdlC-F4-20200629","[1389135, 1742026, 1395074, 1722704]"
"CBN-PdlC-F4-20200722","[1389135, 1523597, 1393503, 1389687, 1495430]"
"CBN-PdlC-F4-20200812","[1395074, 1744551]"
"CBN-PdlC-F5-20130723","[1393544]"
"CBN-PdlC-F5-20130903","[1357584]"
"CBN-PdlC-F5-20140630","[1743560]"
"CBN-PdlC-F5-20140721","[1389687, 1389135, 1647153, 1743294]"
"CBN-PdlC-F5-20140811","[1389687, 1389135, 1390467]"
"CBN-PdlC-F5-20150701","[1743786, 1389135]"
"CBN-PdlC-F5-20150720","[1389687, 1744170, 1738785]"
"CBN-PdlC-F5-20150810","[1523071, 1742054, 1743786, 1392097, 1743311]"
"CBN-PdlC-F5-20150831","[1389687, 1390467, 1392097]"
"CBN-PdlC-F5-20160705","[1523071, 1743294]"
"CBN-PdlC-F5-20160726","[1389687, 1742026]"
"CBN-PdlC-F5-20170816","[1389687, 1744170, 1742026]"
"CBN-PdlC-F5-20170906","[1389687, 1743474, 1550154, 1744170, 1390467, 1742026, 1688110, 1505488, 1647153]"
"CBN-PdlC-F5-20180702","[1357866, 1722704, 1743306, 1743560]"
"CBN-PdlC-F5-20180723","[1564296]"
"CBN-PdlC-F5-20180815","[1523071, 1390467]"
"CBN-PdlC-F5-20180905","[1390467, 1357858, 1389687, 1550154, 1738785, 1742026]"
"CBN-PdlC-F5-20190722","[1523071, 1523597, 1357584, 1392097]"
"CBN-PdlC-F5-20190812","[1389135, 1390467, 1523597, 1738785, 1389687]"
"CBN-PdlC-F5-20190909","[1389687, 1550154, 1647153]"
"CBN-PdlC-F5-20200629","[1357866, 1742026, 1722704]"
"CBN-PdlC-F5-20200722","[1389687, 1390467, 1742026, 1743474, 1523597]"
"CBN-PdlC-F5-20200812","[1523071, 1390467]"
"CBN-PdlC-F6-20130723","[1743294, 1744402]"
"CBN-PdlC-F6-20130807","[1399589, 1743294]"
"CBN-PdlC-F6-20130903","[1395074]"
"CBN-PdlC-F6-20140630","[1389555]"
"CBN-PdlC-F6-20140721","[1389687, 1395106]"
"CBN-PdlC-F6-20140811","[1523597]"
"CBN-PdlC-F6-20150701","[1743560]"
"CBN-PdlC-F6-20150720","[1389687, 1657246]"
"CBN-PdlC-F6-20150810","[1743294]"
"CBN-PdlC-F6-20150831","[1389687, 1390467]"
"CBN-PdlC-F6-20160705","[1742026]"
"CBN-PdlC-F6-20160726","[1389687, 1743294]"
"CBN-PdlC-F6-20170816","[1389687, 1742026, 1395074]"
"CBN-PdlC-F6-20170906","[1742026, 1738785]"
"CBN-PdlC-F6-20180702","[1395074, 1743294, 1722704, 1743560, 1393503, 1392317]"
"CBN-PdlC-F6-20180723","[1523071]"
"CBN-PdlC-F6-20180815","[1743474, 1523071, 1357584, 1588800]"
"CBN-PdlC-F6-20180905","[1389687, 1742026, 1743294, 1395074]"
"CBN-PdlC-F6-20190722","[1389687, 1523597]"
"CBN-PdlC-F6-20190812","[1389687]"
"CBN-PdlC-F6-20190909","[1389687, 1450786, 1550154]"
"CBN-PdlC-F6-20200629","[1722704, 1742026, 1357866, 1743306, 1743560]"
"CBN-PdlC-F6-20200722","[1389687]"
"CBN-PdlC-F6-20200812","[1743474, 1389687]"
"CBN-Pla-A1-20130808","[1743927, 1478565, 1743306, 1456505, 1495430, 1393503, 1392852]"
"CBN-Pla-A1-20130904","[1564310]"
"CBN-Pla-A1-20140722","[1743927, 1495430, 1548249, 1392317]"
"CBN-Pla-A1-20140812","[1495430, 1743306, 1392081]"
"CBN-Pla-A1-20140902","[1647166, 1744618, 1743474, 1548249, 1742174]"
"CBN-Pla-A1-20150702","[1392317, 1744480, 1738785, 1743927, 1743474]"
"CBN-Pla-A1-20150723","[1564310, 1743927, 1651322]"
"CBN-Pla-A1-20150811","[1531441, 1523597, 1564310, 1495430]"
"CBN-Pla-A1-20150901","[1495430, 1743306, 1564310, 1450786, 1743474, 1505488]"
"CBN-Pla-A1-20160707","[1688110]"
"CBN-Pla-A1-20160728","[1743474, 1523071, 1548249, 1394843]"
"CBN-Pla-A1-20180724","[1392317, 1688110, 1743927]"
"CBN-Pla-A1-20180816","[1688110, 1495430, 1743474]"
"CBN-Pla-A1-20180906","[1688110, 1495430]"
"CBN-Pla-A1-20190723","[1495430, 1394843]"
"CBN-Pla-A1-20190814","[1531441, 1647315]"
"CBN-Pla-A1-20200630","[1743927, 1628862, 1390367, 1357866, 1395074]"
"CBN-Pla-A1-20200723","[1495430, 1564310, 1456505]"
"CBN-Pla-A1-20200814","[1688110, 1531441, 1389135, 1647135]"
"CBN-Pla-A2-20130724","[1392317, 1743927]"
"CBN-Pla-A2-20130808","[1392317, 1392081, 1523597, 1743306, 1456505]"
"CBN-Pla-A2-20130904","[1395074]"
"CBN-Pla-A2-20140722","[1392317]"
"CBN-Pla-A2-20140812","[1395074, 1688110, 1547096]"
"CBN-Pla-A2-20140902","[1651322, 1548249, 1531441, 1395074, 1394843, 1647166]"
"CBN-Pla-A2-20150702","[1392317, 1688110, 1393923]"
"CBN-Pla-A2-20150723","[1651322, 1564310, 1743474, 1548249, 1523071, 1651113]"
"CBN-Pla-A2-20150811","[1564310, 1742054]"
"CBN-Pla-A2-20150901","[1523597, 1564310, 1389687, 1744170, 1741954, 1450786]"
"CBN-Pla-A2-20160707","[1743474, 1392317, 1688110, 1548249]"
"CBN-Pla-A2-20160728","[1523071, 1743474, 1548249, 1394843]"
"CBN-Pla-A2-20180724","[1392317, 1743474, 1688110, 1395074]"
"CBN-Pla-A2-20180816","[1688110, 1395074, 1651322, 1456505, 1531441]"
"CBN-Pla-A2-20180906","[1688110, 1523597, 1743474, 1564310, 1395074, 1389687, 1743927]"
"CBN-Pla-A2-20190723","[1743474, 1564310]"
"CBN-Pla-A2-20190814","[1523071]"
"CBN-Pla-A2-20200723","[1743474, 1495430]"
"CBN-Pla-A2-20200814","[1389135, 1564310]"
"CBN-Pla-A3-20130724","[1688110, 1743927, 1395074, 1502831]"
"CBN-Pla-A3-20130808","[1688110, 1743306, 1742054, 1743927]"
"CBN-Pla-A3-20130904","[1742054, 1548249, 1395074, 1743927, 1523071]"
"CBN-Pla-A3-20140722","[1389555, 1548249]"
"CBN-Pla-A3-20140812","[1742054, 1548249, 1395074, 1564310, 1688110, 1390467, 1523597, 1743474]"
"CBN-Pla-A3-20140902","[1742054, 1395074, 1548249, 1743927]"
"CBN-Pla-A3-20150702","[1548249, 1742054, 1392852, 1743474]"
"CBN-Pla-A3-20150723","[1742054, 1548249, 1684273, 1688110, 1523071, 1392852, 1395074, 1743927]"
"CBN-Pla-A3-20150811","[1742054, 1741954, 1684273, 1688110, 1392852, 1651061]"
"CBN-Pla-A3-20150901","[1742054, 1741954, 1389687, 1688110, 1523597, 1743927, 1390467]"
"CBN-Pla-A3-20160707","[1688110]"
"CBN-Pla-A3-20160728","[1742054, 1523071, 1548249]"
"CBN-Pla-A3-20180724","[1395074, 1390467, 1688110, 1742054, 1743474]"
"CBN-Pla-A3-20180816","[1742054, 1548249, 1395074, 1688110, 1743986]"
"CBN-Pla-A3-20180906","[1743474, 1393503, 1741954, 1389687, 1523597, 1742054, 1744170]"
"CBN-Pla-A3-20190723","[1742054, 1395074, 1395106, 1548249, 1684273, 1392852, 1647823]"
"CBN-Pla-A3-20190814","[1742054, 1548249, 1395106, 1395074, 1523071, 1392852, 1688110]"
"CBN-Pla-A3-20200723","[1741954, 1742054, 1688110, 1743474]"
"CBN-Pla-A3-20200814","[1742054, 1523071, 1548249, 1395074, 1547096, 1743474]"
"CBN-Pla-A4-20130724","[1548249, 1743927, 1392317]"
"CBN-Pla-A4-20130808","[1738796, 1688110, 1523597]"
"CBN-Pla-A4-20130904","[1395074, 1742054, 1743927, 1548249, 1564310, 1647150, 1688110, 1523071]"
"CBN-Pla-A4-20140722","[1392317, 1647348, 1743927]"
"CBN-Pla-A4-20140812","[1743786, 1743474, 1523071]"
"CBN-Pla-A4-20140902","[1548249, 1523071, 1742054, 1393553, 1564310, 1651322, 1743927]"
"CBN-Pla-A4-20150702","[1392317, 1395074]"
"CBN-Pla-A4-20150723","[1548249, 1523071, 1743474, 1564310]"
"CBN-Pla-A4-20150811","[1548249, 1742054, 1651113]"
"CBN-Pla-A4-20150901","[1389687, 1741954, 1744170]"
"CBN-Pla-A4-20160707","[1392317, 1743474, 1395074]"
"CBN-Pla-A4-20160728","[1523071, 1548249, 1531441, 1395106, 1743474, 1392314]"
"CBN-Pla-A4-20180724","[1392317, 1548249]"
"CBN-Pla-A4-20180816","[1743474, 1395106, 1564310, 1548249, 1523071, 1651113, 1744147]"
"CBN-Pla-A4-20180906","[1743474, 1744170, 1741954, 1742026]"
"CBN-Pla-A4-20190723","[1395106, 1564310, 1523071, 1395074, 1547096, 1647823, 1651322]"
"CBN-Pla-A4-20190814","[1395106, 1651322, 1743474, 1393553, 1548249, 1502800, 1523071, 1531441]"
"CBN-Pla-A4-20200723","[1392081, 1743474]"
"CBN-Pla-A4-20200814","[1523071, 1547096, 1395106, 1393553, 1531441]"
"CBN-Pla-A5-20130724","[1392317, 1743927, 1688110]"
"CBN-Pla-A5-20130808","[1647823, 1523597]"
"CBN-Pla-A5-20130904","[1419963, 1395074, 1647166, 1523071, 1651113]"
"CBN-Pla-A5-20140722","[1392317, 1743927]"
"CBN-Pla-A5-20140812","[1547096, 1523071, 1688110, 1395106]"
"CBN-Pla-A5-20140902","[1651322, 1531441, 1393553]"
"CBN-Pla-A5-20150702","[1392317, 1688110]"
"CBN-Pla-A5-20150723","[1548249, 1523071, 1395074, 1688110, 1395106, 1396600]"
"CBN-Pla-A5-20150811","[1393553, 1489066, 1390467, 1395106, 1523071, 1647823]"
"CBN-Pla-A5-20160707","[1688110, 1392317, 1548249, 1395074]"
"CBN-Pla-A5-20160728","[1523071, 1393553, 1688110, 1647166]"
"CBN-Pla-A5-20180724","[1392317, 1395074]"
"CBN-Pla-A5-20180816","[1523071, 1743474]"
"CBN-Pla-A5-20180906","[1395074, 1523597]"
"CBN-Pla-A5-20190723","[1395106, 1523071, 1548249]"
"CBN-Pla-A5-20190814","[1547096, 1395074]"
"CBN-Pla-A5-20200723","[1395106, 1523071, 1647823]"
"CBN-Pla-A5-20200814","[1743474, 1395074, 1547096, 1395106]"
"CBN-Pla-A6-20130724","[1392317, 1743927, 1389135]"
"CBN-Pla-A6-20130808","[1743306, 1548249, 1389135, 1743474, 1456505]"
"CBN-Pla-A6-20130904","[1548249, 1743927, 1744147, 1564310, 1742054, 1393553, 1523071]"
"CBN-Pla-A6-20140722","[1392317, 1743474, 1743927]"
"CBN-Pla-A6-20140812","[1495430]"
"CBN-Pla-A6-20140902","[1548249, 1564310, 1743474, 1647166]"
"CBN-Pla-A6-20150702","[1392317]"
"CBN-Pla-A6-20150723","[1744147, 1564310, 1548249, 1743474, 1502800, 1523597, 1523071]"
"CBN-Pla-A6-20150811","[1548249, 1456505, 1743474, 1742054, 1523071, 1564310]"
"CBN-Pla-A6-20150901","[1743474, 1450786, 1523597, 1741954, 1564310]"
"CBN-Pla-A6-20160707","[1392317, 1743474, 1394843, 1548249, 1564296]"
"CBN-Pla-A6-20160728","[1548249, 1523071, 1743474, 1744147, 1564310]"
"CBN-Pla-A6-20180724","[1392317, 1395074, 1647166, 1743927]"
"CBN-Pla-A6-20180816","[1548249, 1743474, 1495430, 1689257, 1743927]"
"CBN-Pla-A6-20180906","[1743474, 1744147, 1495430, 1564310]"
"CBN-Pla-A6-20190723","[1548249, 1523071, 1564310]"
"CBN-Pla-A6-20190814","[1743474, 1564310]"
"CBN-Pla-A6-20200723","[1548249, 1523071, 1395074]"
"CBN-Pla-A6-20200814","[1743474, 1547096, 1548249]"
"CBN-Pla-B1-20130724","[1548249, 1743927]"
"CBN-Pla-B1-20130808","[1743306, 1742054, 1688110, 1651061, 1738796, 1743474, 1392317, 1393503]"
"CBN-Pla-B1-20130904","[1651061, 1743474, 1548249, 1688110, 1647166, 1392314]"
"CBN-Pla-B1-20140722","[1392317, 1743474, 1389555, 1743927]"
"CBN-Pla-B1-20140812","[1495430, 1688110, 1743786, 1395074, 1548249, 1523597]"
"CBN-Pla-B1-20140902","[1564310, 1651322, 1743474, 1688110]"
"CBN-Pla-B1-20150702","[1742054, 1393923, 1392317, 1743474]"
"CBN-Pla-B1-20150723","[1548249, 1564310, 1688110, 1742054, 1523071, 1651322, 1647166]"
"CBN-Pla-B1-20150811","[1743474, 1741954, 1742054, 1688110, 1523071]"
"CBN-Pla-B1-20150901","[1743474, 1688110, 1523597, 1738796, 1741954, 1651061, 1742054, 1743927, 1393503, 1450786]"
"CBN-Pla-B1-20160707","[1743474, 1548249, 1651061]"
"CBN-Pla-B1-20160728","[1743474, 1523071, 1651061, 1742054, 1548249]"
"CBN-Pla-B1-20180724","[1743474, 1392317, 1548249]"
"CBN-Pla-B1-20180816","[1743474, 1548249]"
"CBN-Pla-B1-20180906","[1743474, 1523597, 1741954, 1688110, 1742054, 1743904]"
"CBN-Pla-B1-20190723","[1743474, 1564310, 1548249]"
"CBN-Pla-B1-20190814","[1743474, 1651322, 1564310, 1531441, 1395074, 1688110, 1392097]"
"CBN-Pla-B1-20200630","[1390541, 1743927, 1489066]"
"CBN-Pla-B1-20200723","[1743474, 1548249, 1651322, 1523071, 1564310, 1688110]"
"CBN-Pla-B1-20200814","[1743474, 1564310, 1548249, 1502800, 1395074]"
"CBN-Pla-B2-20130724","[1392317, 1743927, 1390541]"
"CBN-Pla-B2-20130808","[1743306, 1392317, 1743474, 1456505, 1523597, 1688110, 1651061]"
"CBN-Pla-B2-20130904","[1651322, 1548249, 1743474, 1647166, 1395074]"
"CBN-Pla-B2-20140722","[1392317, 1743474, 1743927]"
"CBN-Pla-B2-20140812","[1495430]"
"CBN-Pla-B2-20140902","[1651322, 1743474, 1395074, 1531441, 1548249]"
"CBN-Pla-B2-20150702","[1743474, 1392317, 1688110, 1393923, 1743927, 1358012]"
"CBN-Pla-B2-20150723","[1743474, 1651322, 1564310, 1688110, 1548249, 1505488]"
"CBN-Pla-B2-20150811","[1743474, 1651322, 1523597, 1495430, 1651113, 1564310, 1505488, 1531441]"
"CBN-Pla-B2-20150901","[1743474, 1744170, 1523597, 1389687, 1495430, 1450786]"
"CBN-Pla-B2-20160707","[1743474, 1392317, 1548249]"
"CBN-Pla-B2-20160728","[1743474, 1523071, 1548249, 1394843, 1651322, 1688110]"
"CBN-Pla-B2-20180724","[1743474, 1392317, 1651142, 1743927]"
"CBN-Pla-B2-20180816","[1743474, 1688110, 1564310]"
"CBN-Pla-B2-20180906","[1743474, 1523597, 1688110]"
"CBN-Pla-B2-20190723","[1743474, 1564310, 1688110, 1651322, 1394843]"
"CBN-Pla-B2-20190814","[1651322, 1743474, 1531441, 1688110, 1392330]"
"CBN-Pla-B2-20200723","[1743474]"
"CBN-Pla-B2-20200814","[1743474, 1651322, 1688110, 1502800]"
"CBN-Pla-B3-20130724","[1743927]"
"CBN-Pla-B3-20130808","[1742054, 1688110, 1523597]"
"CBN-Pla-B3-20130904","[1743474, 1548249, 1651322, 1395074]"
"CBN-Pla-B3-20140722","[1389555, 1743474, 1392317]"
"CBN-Pla-B3-20140812","[1743306, 1743786, 1564310, 1548249]"
"CBN-Pla-B3-20140902","[1651322, 1548249, 1743474, 1395074, 1688110, 1647166, 1523597, 1743927]"
"CBN-Pla-B3-20150811","[1742054, 1651322, 1743474, 1523597, 1743786, 1392852]"
"CBN-Pla-B3-20150901","[1389687, 1741954, 1743474, 1393503, 1450786, 1742054, 1742026, 1688110]"
"CBN-Pla-B3-20160707","[1743474, 1395074]"
"CBN-Pla-B3-20160728","[1564310, 1743474, 1523071, 1548249, 1743927, 1651322, 1395074, 1688110, 1647166, 1419963]"
"CBN-Pla-B3-20180724","[1743474, 1392317, 1688110, 1548249, 1395074]"
"CBN-Pla-B3-20180816","[1743474, 1564310, 1651322, 1548249, 1392314, 1505488, 1523071, 1688110, 1531441, 1495430]"
"CBN-Pla-B3-20180906","[1564310, 1688110, 1393503, 1389687, 1495430]"
"CBN-Pla-B3-20190723","[1548249, 1651322, 1743474, 1395074, 1523071, 1564310, 1688110]"
"CBN-Pla-B3-20190814","[1651322, 1743474, 1548249, 1564310]"
"CBN-Pla-B3-20200723","[1688110, 1548249, 1393503, 1392317, 1743474, 1564310, 1393923, 1741954]"
"CBN-Pla-B3-20200814","[1651322, 1743474, 1531441, 1564310]"
"CBN-Pla-B4-20130724","[1392317, 1358118, 1743927]"
"CBN-Pla-B4-20130808","[1743306, 1392317, 1393923]"
"CBN-Pla-B4-20130904","[1395074, 1651322, 1688110, 1743927, 1564310, 1390541]"
"CBN-Pla-B4-20140722","[1392317]"
"CBN-Pla-B4-20140812","[1742054, 1688110, 1743786, 1495430, 1395074]"
"CBN-Pla-B4-20140902","[1651322, 1361263, 1531441]"
"CBN-Pla-B4-20150702","[1392317, 1688110, 1393923]"
"CBN-Pla-B4-20150723","[1651322, 1548249, 1523071, 1688110, 1531441, 1395074]"
"CBN-Pla-B4-20150811","[1651322, 1393923, 1738785, 1742054]"
"CBN-Pla-B4-20150901","[1495430, 1389687, 1743927, 1743474]"
"CBN-Pla-B4-20160707","[1392317, 1688110, 1393923]"
"CBN-Pla-B4-20160728","[1523071, 1548249, 1743474, 1688110, 1651322, 1394843]"
"CBN-Pla-B4-20180724","[1392317, 1743927, 1395074, 1743474, 1688110]"
"CBN-Pla-B4-20180816","[1743474, 1548249]"
"CBN-Pla-B4-20180906","[1743474, 1688110, 1393503]"
"CBN-Pla-B4-20190723","[1651322, 1743474, 1688110]"
"CBN-Pla-B4-20190814","[1651322, 1688110, 1651113, 1743474, 1495430, 1548249, 1744618, 1395074]"
"CBN-Pla-B4-20200723","[1393503, 1688110, 1743306, 1743474]"
"CBN-Pla-B4-20200814","[1651322, 1688110, 1743474]"
"CBN-Pla-B5-20130724","[1743927]"
"CBN-Pla-B5-20130808","[1742054, 1523597, 1688110, 1744413, 1395074, 1392317, 1684273]"
"CBN-Pla-B5-20130904","[1395074, 1548249, 1742054, 1743927, 1456505, 1744473, 1392852]"
"CBN-Pla-B5-20140722","[1395074, 1743927]"
"CBN-Pla-B5-20140812","[1742054, 1688110, 1395074, 1744413, 1395106]"
"CBN-Pla-B5-20140902","[1743474, 1742054, 1395074, 1564310, 1548249]"
"CBN-Pla-B5-20150702","[1743474, 1392317, 1392852, 1395074]"
"CBN-Pla-B5-20150723","[1548249, 1742054, 1651322, 1743474, 1523071]"
"CBN-Pla-B5-20150811","[1742054, 1392852, 1548249, 1743786, 1395074, 1684273, 1392317, 1688110]"
"CBN-Pla-B5-20150901","[1523597, 1742054, 1688110, 1741954, 1395074, 1392852, 1389687, 1390467]"
"CBN-Pla-B5-20160707","[1548249]"
"CBN-Pla-B5-20160728","[1742054, 1548249, 1743474, 1395074, 1392852, 1523071]"
"CBN-Pla-B5-20180724","[1395074, 1743474]"
"CBN-Pla-B5-20180816","[1395074, 1548249, 1742054, 1564310, 1392852, 1684273]"
"CBN-Pla-B5-20180906","[1743474, 1392852, 1742054, 1395074, 1523597, 1688110]"
"CBN-Pla-B5-20190723","[1742054, 1548249, 1395074, 1564310, 1392852, 1523071, 1396998]"
"CBN-Pla-B5-20190814","[1548249, 1742054, 1688110, 1741954, 1744413]"
"CBN-Pla-B5-20200723","[1743474, 1548249, 1742054, 1743986]"
"CBN-Pla-B5-20200814","[1743474, 1548249, 1742054, 1395074, 1688110, 1651322, 1392852]"
"CBN-Pla-B6-20130724","[1392317, 1743927]"
"CBN-Pla-B6-20130808","[1456505, 1393503, 1743306, 1523597]"
"CBN-Pla-B6-20130904","[1531441, 1651322, 1456505, 1548249, 1523071, 1395074, 1744618]"
"CBN-Pla-B6-20140722","[1392317, 1743474, 1743927]"
"CBN-Pla-B6-20140812","[1564310, 1495430, 1743786, 1741954, 1688110]"
"CBN-Pla-B6-20140902","[1531441, 1651322, 1743474, 1523071, 1739040, 1395074, 1398780, 1647166, 1564310]"
"CBN-Pla-B6-20150702","[1688110, 1743474, 1392317]"
"CBN-Pla-B6-20150723","[1651322, 1743474, 1531441, 1548249, 1395106, 1744147, 1523071]"
"CBN-Pla-B6-20150811","[1743474, 1548249, 1523071, 1742054]"
"CBN-Pla-B6-20150901","[1389687, 1523597, 1743474, 1450786, 1741954]"
"CBN-Pla-B6-20160707","[1419963, 1392317, 1651061]"
"CBN-Pla-B6-20160728","[1743474, 1651322, 1523071, 1548249]"
"CBN-Pla-B6-20180816","[1743474, 1531441, 1651322, 1548249]"
"CBN-Pla-B6-20180906","[1743474, 1495430, 1531441, 1523597, 1651322, 1688110, 1742174]"
"CBN-Pla-B6-20190723","[1651322, 1395106, 1548249, 1564310, 1523071, 1394843, 1742054, 1395074, 1743474]"
"CBN-Pla-B6-20190814","[1743474, 1523597, 1495430, 1564310]"
"CBN-Pla-B6-20200723","[1743474, 1651322, 1688110]"
"CBN-Pla-B6-20200814","[1743474, 1651322, 1548249, 1688110, 1564310]"
"CBN-Pla-C1-20130808","[1392317, 1628807, 1393923, 1688110]"
"CBN-Pla-C1-20130904","[1651322, 1548249]"
"CBN-Pla-C1-20150702","[1688110]"
"CBN-Pla-C1-20150723","[1651322, 1394843, 1743786, 1548249, 1492736, 1523071, 1564310, 1688110, 1743474]"
"CBN-Pla-C1-20150811","[1743786, 1523071, 1688110]"
"CBN-Pla-C1-20150901","[1523071, 1688110, 1744635, 1395074, 1450786, 1393923]"
"CBN-Pla-C1-20160707","[1392317, 1393923, 1688110, 1523071, 1394843, 1357866, 1493381, 1548249, 1395074, 1495430]"
"CBN-Pla-C1-20160728","[1523071, 1651322, 1394843, 1393923, 1743786, 1548249]"
"CBN-Pla-C1-20180816","[1456505, 1688110, 1493381, 1392081, 1495430, 1564310, 1395213, 1743786, 1673309, 1523597]"
"CBN-Pla-C1-20180906","[1523597, 1688110, 1523071, 1456505]"
"CBN-Pla-C1-20190723","[1523071, 1548249, 1651322, 1564310, 1395106, 1688110, 1495430, 1394843]"
"CBN-Pla-C1-20190814","[1394843, 1651322, 1523071, 1743474, 1564310]"
"CBN-Pla-C1-20200723","[1651322, 1395074, 1394843, 1688110]"
"CBN-Pla-C1-20200814","[1523071]"
"CBN-Pla-C2-20130808","[1688110, 1392317, 1523597, 1393923, 1743474, 1495430, 1395724, 1393503, 1743786]"
"CBN-Pla-C2-20130904","[1531441, 1651322, 1395074, 1743474]"
"CBN-Pla-C2-20140722","[1392317, 1743927, 1395724]"
"CBN-Pla-C2-20140902","[1531441, 1651322, 1743474, 1395074]"
"CBN-Pla-C2-20150702","[1688110]"
"CBN-Pla-C2-20150723","[1531441, 1651322, 1393923, 1398780, 1548249, 1395074, 1495430, 1743927, 1523071, 1394843]"
"CBN-Pla-C2-20150811","[1531441, 1393923, 1548249, 1395074, 1651322, 1743474]"
"CBN-Pla-C2-20150901","[1688110, 1547096, 1743474]"
"CBN-Pla-C2-20160707","[1743474, 1392317, 1393923, 1395074]"
"CBN-Pla-C2-20160728","[1743474, 1651322, 1531441, 1495430, 1393923, 1394843]"
"CBN-Pla-C2-20180724","[1743474, 1395074, 1392317]"
"CBN-Pla-C2-20180816","[1523597, 1743474, 1743786, 1393503, 1688110, 1495430, 1741954, 1564310]"
"CBN-Pla-C2-20180906","[1531441, 1743474, 1743786, 1523597, 1688110, 1495430]"
"CBN-Pla-C2-20190723","[1393923, 1564310, 1743474, 1743786, 1495430, 1395074, 1398780]"
"CBN-Pla-C2-20190814","[1531441, 1651322, 1743474, 1688110, 1396998]"
"CBN-Pla-C2-20200723","[1743474, 1651322, 1531441]"
"CBN-Pla-C2-20200814","[1743786, 1743474, 1564310, 1688110, 1389135]"
"CBN-Pla-C3-20130808","[1523597, 1392317, 1688110, 1393503]"
"CBN-Pla-C3-20130904","[1523071, 1743474, 1651322, 1548249]"
"CBN-Pla-C3-20140722","[1392317, 1743474]"
"CBN-Pla-C3-20140902","[1531441, 1651322, 1743474, 1523071, 1505488, 1548249, 1389555, 1688110, 1395724]"
"CBN-Pla-C3-20150702","[1743474, 1392317, 1743927, 1393923]"
"CBN-Pla-C3-20150723","[1531441, 1651322, 1688110, 1395074, 1743474, 1398780]"
"CBN-Pla-C3-20150811","[1651322, 1743786, 1393923, 1742054, 1531441, 1523071, 1688110, 1505488, 1456505, 1743474]"
"CBN-Pla-C3-20150901","[1743474, 1523597, 1688110, 1456505, 1495430, 1389687, 1393923]"
"CBN-Pla-C3-20160707","[1743474, 1392317, 1393923]"
"CBN-Pla-C3-20160728","[1531441, 1523071, 1548249, 1651322, 1688110, 1743474]"
"CBN-Pla-C3-20180724","[1392317, 1743474, 1395074, 1688110]"
"CBN-Pla-C3-20180816","[1688110, 1393503, 1392317]"
"CBN-Pla-C3-20180906","[1743474, 1523597, 1688110, 1392317]"
"CBN-Pla-C3-20190723","[1743474, 1564310, 1395106, 1742054]"
"CBN-Pla-C3-20190814","[1743474, 1419963, 1564310, 1647166, 1523071, 1688110]"
"CBN-Pla-C3-20200723","[1743474, 1564310, 1523071]"
"CBN-Pla-C3-20200814","[1743474, 1564310, 1688110, 1396998, 1505488, 1651322, 1495430]"
"CBN-Pla-C4-20130808","[1743306]"
"CBN-Pla-C4-20130904","[1395074, 1651322, 1548249, 1688110]"
"CBN-Pla-C4-20140902","[1651322, 1531441, 1548249]"
"CBN-Pla-C4-20150702","[1392317, 1419963]"
"CBN-Pla-C4-20150723","[1651322, 1688110]"
"CBN-Pla-C4-20150811","[1688110]"
"CBN-Pla-C4-20150901","[1523597]"
"CBN-Pla-C4-20160707","[1394843]"
"CBN-Pla-C4-20160728","[1523071, 1688110]"
"CBN-Pla-C4-20180724","[1392317, 1395074, 1688110]"
"CBN-Pla-C4-20180816","[1393503]"
"CBN-Pla-C4-20180906","[1744170, 1389687, 1523597]"
"CBN-Pla-C4-20190723","[1548249, 1523071, 1392081, 1395106]"
"CBN-Pla-C4-20190814","[1395074]"
"CBN-Pla-C4-20200723","[1564310]"
"CBN-Pla-C4-20200814","[1688110, 1389687, 1741954]"
"CBN-Pla-C5-20130808","[1743927, 1738796, 1495430]"
"CBN-Pla-C5-20130904","[1548249, 1523071, 1743927]"
"CBN-Pla-C5-20140722","[1392317, 1743474]"
"CBN-Pla-C5-20140902","[1548249, 1651322, 1531441]"
"CBN-Pla-C5-20150702","[1392317, 1360659]"
"CBN-Pla-C5-20150723","[1743786, 1456505, 1392097]"
"CBN-Pla-C5-20150811","[1548249, 1742054, 1743927, 1743474, 1393503]"
"CBN-Pla-C5-20150901","[1743474, 1389687, 1744170, 1450786, 1495430]"
"CBN-Pla-C5-20160707","[1548249, 1743474, 1392317]"
"CBN-Pla-C5-20160728","[1548249, 1651322, 1394843, 1742054]"
"CBN-Pla-C5-20180724","[1392317, 1743474]"
"CBN-Pla-C5-20180816","[1743474, 1456505, 1744170, 1744635, 1393503, 1495430]"
"CBN-Pla-C5-20180906","[1743474, 1495430, 1741954]"
"CBN-Pla-C5-20190723","[1548249, 1743474]"
"CBN-Pla-C5-20190814","[1743474, 1651322, 1548249]"
"CBN-Pla-C5-20200723","[1743474, 1688110, 1392317]"
"CBN-Pla-C5-20200814","[1548249, 1743474, 1651322, 1531441, 1523071, 1688110]"
"CBN-Pla-C6-20130808","[1743306, 1393923, 1392317, 1688110, 1393503, 1523597, 1743474]"
"CBN-Pla-C6-20130904","[1742054, 1548249]"
"CBN-Pla-C6-20140902","[1651322, 1523071, 1548249]"
"CBN-Pla-C6-20150702","[1393923]"
"CBN-Pla-C6-20150723","[1651322, 1523071, 1548249]"
"CBN-Pla-C6-20150811","[1548249, 1523071, 1392097, 1743474, 1393923]"
"CBN-Pla-C6-20150901","[1389687, 1743474, 1495430, 1456505]"
"CBN-Pla-C6-20160707","[1392317, 1389555]"
"CBN-Pla-C6-20160728","[1651322, 1523071, 1548249, 1393923, 1743474]"
"CBN-Pla-C6-20180724","[1392317, 1688110]"
"CBN-Pla-C6-20180816","[1688110, 1395074, 1743474, 1393503, 1393923, 1743786]"
"CBN-Pla-C6-20180906","[1688110, 1743474]"
"CBN-Pla-C6-20190723","[1523071, 1548249]"
"CBN-Pla-C6-20190814","[1651322, 1523071, 1743474, 1548249, 1688110]"
"CBN-Pla-C6-20200723","[1743306, 1743474]"
"CBN-Pla-C6-20200814","[1743474, 1523071]"
"CBN-Pla-D1-20130808","[1688110, 1743927, 1392317]"
"CBN-Pla-D1-20130904","[1647166, 1395724, 1495430, 1688110]"
"CBN-Pla-D1-20140722","[1743927, 1743474, 1392317, 1395074]"
"CBN-Pla-D1-20140902","[1743474, 1651322, 1688110, 1743927, 1395074, 1548249]"
"CBN-Pla-D1-20150702","[1392317, 1743474, 1688110, 1743927]"
"CBN-Pla-D1-20150723","[1651322, 1394843, 1548249, 1688110, 1743474, 1523071, 1743786, 1495430]"
"CBN-Pla-D1-20150811","[1393923, 1523071, 1743927, 1688110, 1743786, 1742054, 1548249, 1392852, 1495430, 1651322]"
"CBN-Pla-D1-20150901","[1495430, 1688110, 1743927, 1393503, 1523597]"
"CBN-Pla-D1-20160707","[1392317, 1688110, 1743927, 1495430, 1395074, 1361761, 1743474]"
"CBN-Pla-D1-20160728","[1651322, 1688110, 1523071, 1548249, 1743474, 1393923]"
"CBN-Pla-D1-20180724","[1392317, 1688110, 1395074]"
"CBN-Pla-D1-20180816","[1493381, 1688110, 1523597, 1743474, 1495430]"
"CBN-Pla-D1-20180906","[1523597, 1688110, 1495430, 1456505]"
"CBN-Pla-D1-20190723","[1651322, 1564310]"
"CBN-Pla-D1-20190814","[1651322, 1395074, 1531441, 1495430, 1564310, 1647141, 1743474]"
"CBN-Pla-D1-20200723","[1651322, 1392081]"
"CBN-Pla-D1-20200814","[1688110, 1456505, 1673309]"
"CBN-Pla-D2-20130808","[1392317, 1688110]"
"CBN-Pla-D2-20130904","[1651322, 1531441, 1523071]"
"CBN-Pla-D2-20140722","[1392317]"
"CBN-Pla-D2-20140902","[1651322, 1531441, 1523071, 1548249, 1398780]"
"CBN-Pla-D2-20150702","[1392317, 1395074, 1688110, 1393923]"
"CBN-Pla-D2-20150723","[1651322, 1564310, 1531441]"
"CBN-Pla-D2-20150811","[1357866, 1523071, 1392317, 1564310]"
"CBN-Pla-D2-20150901","[1564310, 1523071, 1450786, 1389687, 1742026, 1495430, 1392317, 1456505, 1743306, 1361139]"
"CBN-Pla-D2-20160707","[1392317, 1361761, 1393923, 1493381]"
"CBN-Pla-D2-20160728","[1651322, 1531441, 1495430, 1523071, 1548249, 1357866, 1493381, 1392317, 1361761, 1564310]"
"CBN-Pla-D2-20180724","[1392317, 1395074]"
"CBN-Pla-D2-20180816","[1564310]"
"CBN-Pla-D2-20180906","[1523071, 1456505, 1450786, 1393503]"
"CBN-Pla-D2-20190723","[1564310, 1419963]"
"CBN-Pla-D2-20190814","[1531441, 1651322, 1564310, 1523071, 1495430, 1399589, 1688110]"
"CBN-Pla-D2-20200723","[1564310, 1450786, 1523071]"
"CBN-Pla-D2-20200814","[1688110, 1495430, 1564310]"
"CBN-Pla-D3-20130808","[1743306, 1555195, 1389555]"
"CBN-Pla-D3-20130904","[1531441, 1523071, 1548249]"
"CBN-Pla-D3-20140722","[1392317, 1389555]"
"CBN-Pla-D3-20140902","[1523071, 1531441, 1651322, 1395074]"
"CBN-Pla-D3-20150702","[1392317]"
"CBN-Pla-D3-20150723","[1651322, 1389555, 1531441]"
"CBN-Pla-D3-20150811","[1523071]"
"CBN-Pla-D3-20150901","[1389687, 1450786]"
"CBN-Pla-D3-20160707","[1393923, 1419963]"
"CBN-Pla-D3-20160728","[1531441, 1651322, 1523071]"
"CBN-Pla-D3-20180724","[1392317, 1395074, 1688110, 1560392, 1743927]"
"CBN-Pla-D3-20180816","[1393503, 1743306, 1722704, 1493381]"
"CBN-Pla-D3-20180906","[1450786]"
"CBN-Pla-D3-20190723","[1523071]"
"CBN-Pla-D3-20190814","[1560392]"
"CBN-Pla-D3-20200723","[1647823]"
"CBN-Pla-D3-20200814","[1531441, 1523071]"
"CBN-Pla-D4-20130808","[1392317, 1456505, 1743474]"
"CBN-Pla-D4-20130904","[1395074, 1651113]"
"CBN-Pla-D4-20140722","[1389555]"
"CBN-Pla-D4-20140902","[1688110, 1742054, 1395074, 1548249, 1651322]"
"CBN-Pla-D4-20150702","[1744635, 1357866]"
"CBN-Pla-D4-20150723","[1651113, 1651322, 1523071, 1392852, 1531441]"
"CBN-Pla-D4-20150811","[1743786, 1392852, 1743927, 1523071]"
"CBN-Pla-D4-20150901","[1389687, 1743474, 1688110, 1450786, 1741954, 1495430]"
"CBN-Pla-D4-20160707","[1395074, 1357866, 1743786, 1495430]"
"CBN-Pla-D4-20160728","[1743474, 1688110, 1523071]"
"CBN-Pla-D4-20180724","[1392317, 1744635, 1743474]"
"CBN-Pla-D4-20180816","[1743474]"
"CBN-Pla-D4-20180906","[1743474, 1389687, 1456505, 1688110]"
"CBN-Pla-D4-20190723","[1392081, 1523071]"
"CBN-Pla-D4-20190814","[1743474, 1651322, 1647166]"
"CBN-Pla-D4-20200723","[1743474, 1523071]"
"CBN-Pla-D4-20200814","[1688110, 1741954]"
"CBN-Pla-D5-20130808","[1742026, 1393503, 1456505]"
"CBN-Pla-D5-20130904","[1742054]"
"CBN-Pla-D5-20140722","[1392317, 1743927, 1395074, 1688110]"
"CBN-Pla-D5-20140902","[1395074]"
"CBN-Pla-D5-20150702","[1392317, 1744635]"
"CBN-Pla-D5-20150723","[1743474]"
"CBN-Pla-D5-20150811","[1742054, 1743786]"
"CBN-Pla-D5-20150901","[1523597, 1741954]"
"CBN-Pla-D5-20160707","[1743927, 1548249]"
"CBN-Pla-D5-20160728","[1742054]"
"CBN-Pla-D5-20180724","[1392317]"
"CBN-Pla-D5-20180816","[1393503, 1744170]"
"CBN-Pla-D5-20180906","[1743786, 1744413]"
"CBN-Pla-D5-20190723","[1548249]"
"CBN-Pla-D5-20190814","[1651322, 1395074]"
"CBN-Pla-D5-20200723","[1742026]"
"CBN-Pla-D6-20130808","[1743306, 1393503, 1389555, 1392081, 1742054]"
"CBN-Pla-D6-20130904","[1548249, 1742054]"
"CBN-Pla-D6-20140722","[1392317, 1395074, 1743927, 1395724]"
"CBN-Pla-D6-20140902","[1742054, 1548249, 1523071, 1743927]"
"CBN-Pla-D6-20150702","[1392317]"
"CBN-Pla-D6-20150723","[1548249, 1523071, 1742054]"
"CBN-Pla-D6-20150811","[1742054, 1548249, 1505488, 1395106, 1395074, 1523071, 1743927]"
"CBN-Pla-D6-20150901","[1743306, 1548249, 1741954, 1450786, 1523071, 1456505, 1564310, 1392317]"
"CBN-Pla-D6-20160707","[1392317, 1548249]"
"CBN-Pla-D6-20160728","[1548249, 1742054, 1688110, 1523071, 1651061, 1357866]"
"CBN-Pla-D6-20180724","[1392317, 1743927, 1395074, 1395724]"
"CBN-Pla-D6-20180816","[1393503, 1743474, 1357866, 1741954, 1548249]"
"CBN-Pla-D6-20180906","[1743474]"
"CBN-Pla-D6-20190723","[1742054, 1548249, 1743786]"
"CBN-Pla-D6-20190814","[1548249, 1688110, 1564310]"
"CBN-Pla-D6-20200723","[1741954, 1564310, 1393503, 1357866]"
"CBN-Pla-D6-20200814","[1548249, 1505488, 1742054, 1390467, 1357866]"
"CBN-Pla-E1-20130808","[1395074, 1743927, 1743786, 1357866]"
"CBN-Pla-E1-20130904","[1548249]"
"CBN-Pla-E1-20140722","[1395074]"
"CBN-Pla-E1-20140902","[1651322, 1395724, 1564310, 1688110]"
"CBN-Pla-E1-20150702","[1495430, 1743786, 1395724]"
"CBN-Pla-E1-20150723","[1743786, 1688110, 1564310, 1395724, 1743927, 1395074, 1357866, 1419963, 1392852, 1389687]"
"CBN-Pla-E1-20150901","[1743786, 1389687, 1495430, 1456505, 1523597, 1395724]"
"CBN-Pla-E1-20160707","[1688110, 1395074, 1743474, 1743927, 1395724, 1394843, 1419963]"
"CBN-Pla-E1-20160728","[1419963, 1743786, 1523071, 1357866, 1743927, 1743474]"
"CBN-Pla-E1-20180816","[1389687, 1495430, 1743927, 1744480, 1744170, 1419963, 1743786, 1456505, 1673309, 1722704]"
"CBN-Pla-E1-20180906","[1495430, 1741954, 1419963, 1564310, 1743786, 1673309]"
"CBN-Pla-E1-20190723","[1419963, 1688110, 1395724, 1743927, 1395074, 1743786, 1564310, 1394843, 1389555]"
"CBN-Pla-E1-20190814","[1419963, 1647166, 1395074, 1743786, 1743927, 1743474, 1395724, 1688110]"
"CBN-Pla-E1-20200630","[1392317, 1548249, 1743927]"
"CBN-Pla-E1-20200723","[1389687, 1743786, 1495430, 1688110, 1647150, 1564310, 1395724, 1744480]"
"CBN-Pla-E1-20200814","[1688110, 1564310, 1743786]"
"CBN-Pla-E2-20130808","[1395724, 1743786, 1495430, 1393923, 1688110, 1523597, 1456505, 1392317]"
"CBN-Pla-E2-20130904","[1395074, 1647166, 1395724, 1688110, 1564310, 1689257, 1743786, 1394843, 1548249, 1419963]"
"CBN-Pla-E2-20140722","[1395724, 1564310]"
"CBN-Pla-E2-20140902","[1651322, 1395074, 1531441, 1395724]"
"CBN-Pla-E2-20150702","[1688110, 1393923, 1743786, 1743474, 1395724, 1392081]"
"CBN-Pla-E2-20150723","[1395724, 1395074, 1531441, 1419963, 1651322, 1688110, 1517496, 1564310, 1393923, 1743786]"
"CBN-Pla-E2-20150901","[1564310, 1456505, 1741954, 1743786, 1495430, 1389687, 1393503]"
"CBN-Pla-E2-20160707","[1393923, 1743474, 1419963, 1688110, 1395724, 1564310, 1495430]"
"CBN-Pla-E2-20160728","[1564310, 1651322, 1495430, 1395724, 1744170, 1743927, 1523071, 1361761, 1743786, 1647166]"
"CBN-Pla-E2-20180724","[1743474, 1392317, 1393923, 1395724]"
"CBN-Pla-E2-20180816","[1743786, 1456505, 1673309, 1389687, 1564310, 1744170]"
"CBN-Pla-E2-20180906","[1564310, 1456505, 1389687, 1495430, 1673309, 1743786, 1393503, 1741954]"
"CBN-Pla-E2-20190723","[1564310, 1688110, 1495430, 1395724, 1393923, 1651322, 1419963, 1743786, 1392317]"
"CBN-Pla-E2-20190814","[1564310, 1647166, 1651322, 1531441, 1419963, 1673309, 1395724]"
"CBN-Pla-E2-20200630","[1392317, 1564310, 1398780, 1395074]"
"CBN-Pla-E2-20200723","[1564310, 1495430, 1393923, 1743786, 1673309, 1744170, 1389687, 1744635, 1688110, 1393503]"
"CBN-Pla-E2-20200814","[1564310, 1688110, 1495430, 1743474, 1673309, 1395074]"
"CBN-Pla-E3-20130808","[1393923, 1495430, 1392317, 1743474, 1688110]"
"CBN-Pla-E3-20130904","[1743474, 1651322, 1688110, 1531441, 1548249, 1647166, 1495430, 1647315, 1395074, 1361263]"
"CBN-Pla-E3-20140722","[1743474, 1742054, 1419963, 1523597]"
"CBN-Pla-E3-20140902","[1743474, 1651322, 1688110, 1647166, 1419963, 1531441]"
"CBN-Pla-E3-20150702","[1393923, 1743474, 1392317, 1688110]"
"CBN-Pla-E3-20150723","[1743786, 1393923, 1688110, 1743474, 1495430, 1564310, 1393503, 1647315, 1523597, 1741954]"
"CBN-Pla-E3-20150811","[1743786, 1743474, 1741954, 1742054, 1651322, 1393923, 1564310, 1495430, 1651061]"
"CBN-Pla-E3-20150901","[1456505, 1741954, 1743474, 1564310, 1393503, 1389687, 1688110, 1523597, 1495430, 1742054]"
"CBN-Pla-E3-20160707","[1743474, 1393923, 1688110, 1392317, 1390818, 1548249, 1395074, 1564310, 1647315, 1394843]"
"CBN-Pla-E3-20160728","[1743474, 1651322, 1523071, 1564310, 1548249, 1394843, 1393923, 1651061, 1688110, 1647315]"
"CBN-Pla-E3-20180724","[1743474, 1392317]"
"CBN-Pla-E3-20180816","[1743474, 1688110, 1393923, 1741954, 1456505, 1564310, 1495430, 1738796, 1743786, 1742165]"
"CBN-Pla-E3-20180906","[1564310, 1688110, 1741954, 1523597, 1743474, 1393503, 1738796, 1743786]"
"CBN-Pla-E3-20190723","[1393923, 1743474, 1743786, 1495430, 1688110, 1564310, 1456505, 1741954]"
"CBN-Pla-E3-20190814","[1743474, 1564310, 1548249, 1394843, 1688110, 1647166, 1517496]"
"CBN-Pla-E3-20200630","[1392317, 1743474]"
"CBN-Pla-E3-20200723","[1743474, 1743786, 1688110, 1456505, 1389687, 1564310, 1495430, 1744635, 1393503, 1523597]"
"CBN-Pla-E3-20200814","[1743786, 1741954, 1564310, 1743474, 1688110, 1393503, 1738796, 1456505]"
"CBN-Pla-E4-20130808","[1393923, 1392317, 1743927, 1688110, 1495430]"
"CBN-Pla-E4-20130904","[1688110, 1651322, 1395074, 1743474, 1523071, 1548249]"
"CBN-Pla-E4-20140722","[1389555]"
"CBN-Pla-E4-20140902","[1651322, 1523071, 1531441]"
"CBN-Pla-E4-20150702","[1688110, 1395074]"
"CBN-Pla-E4-20150811","[1743786, 1523071, 1393923, 1495430]"
"CBN-Pla-E4-20150901","[1741954, 1389687, 1743474, 1495430, 1456505, 1743786, 1688110, 1393503]"
"CBN-Pla-E4-20160707","[1743474, 1548249, 1688110]"
"CBN-Pla-E4-20160728","[1743474, 1651322, 1394843, 1495430, 1743786, 1393923]"
"CBN-Pla-E4-20180724","[1392317, 1395074, 1688110, 1743474]"
"CBN-Pla-E4-20180816","[1495430, 1743786, 1392852, 1688110, 1389687]"
"CBN-Pla-E4-20180906","[1495430, 1743786, 1395724, 1673309, 1688110, 1393503]"
"CBN-Pla-E4-20190723","[1495430, 1743786, 1688110, 1743474, 1564310, 1389687, 1389555, 1393923]"
"CBN-Pla-E4-20190814","[1688110, 1395074, 1651322, 1495430, 1743786]"
"CBN-Pla-E4-20200630","[1395074, 1390541, 1743927, 1742165, 1392317, 1651142]"
"CBN-Pla-E4-20200723","[1392852, 1743786, 1743474, 1389687, 1688110, 1495430]"
"CBN-Pla-E4-20200814","[1688110, 1389687, 1743786, 1741954, 1393923, 1743474, 1492736]"
"CBN-Pla-E5-20130808","[1688110, 1738796, 1393923]"
"CBN-Pla-E5-20130904","[1651322, 1531441, 1523071]"
"CBN-Pla-E5-20140722","[1392317, 1389555]"
"CBN-Pla-E5-20140902","[1651322, 1531441, 1523071]"
"CBN-Pla-E5-20150702","[1392317, 1688110, 1743474]"
"CBN-Pla-E5-20150723","[1523071, 1531441, 1393923, 1651322, 1548249, 1394843]"
"CBN-Pla-E5-20150811","[1651322, 1531441, 1523071, 1548249, 1495430, 1493381]"
"CBN-Pla-E5-20150901","[1495430, 1393923, 1393503]"
"CBN-Pla-E5-20160707","[1394843, 1523071, 1688110, 1743474]"
"CBN-Pla-E5-20160728","[1393923, 1495430, 1744635, 1393503, 1456505, 1743786, 1392097, 1523071]"
"CBN-Pla-E5-20180724","[1389555, 1688110]"
"CBN-Pla-E5-20180816","[1393503, 1688110]"
"CBN-Pla-E5-20180906","[1523071, 1741954, 1688110, 1389687, 1647823]"
"CBN-Pla-E5-20190723","[1393503, 1393923]"
"CBN-Pla-E5-20190814","[1651322, 1523071, 1743474, 1394843, 1395106]"
"CBN-Pla-E5-20200630","[1743927, 1395074, 1390541]"
"CBN-Pla-E5-20200723","[1688110]"
"CBN-Pla-E5-20200814","[1389687, 1456505]"
"CBN-Pla-E6-20130808","[1743306, 1523597, 1393923, 1743927, 1688110, 1392317, 1395724]"
"CBN-Pla-E6-20130904","[1531441, 1651322, 1548249, 1395074, 1523071, 1743927]"
"CBN-Pla-E6-20140722","[1389555, 1743927, 1392317]"
"CBN-Pla-E6-20140902","[1531441, 1651322, 1395074, 1688110]"
"CBN-Pla-E6-20150702","[1393923, 1395074, 1743927, 1743786, 1688110]"
"CBN-Pla-E6-20150723","[1651322, 1743927, 1548249, 1688110, 1395074, 1523071, 1743786, 1393503, 1392852, 1531441]"
"CBN-Pla-E6-20150811","[1743927, 1743786, 1393923, 1495430]"
"CBN-Pla-E6-20150901","[1395074, 1744635, 1495430, 1393503, 1688110, 1564310, 1743786, 1393923, 1389687, 1673309]"
"CBN-Pla-E6-20160707","[1743927, 1392852, 1564310, 1495430, 1393923]"
"CBN-Pla-E6-20160728","[1743786, 1495430, 1743927, 1688110, 1393923]"
"CBN-Pla-E6-20180724","[1392317, 1395074]"
"CBN-Pla-E6-20180816","[1564310, 1495430, 1743786, 1688110, 1743927, 1393503, 1393923, 1395074, 1743306]"
"CBN-Pla-E6-20180906","[1531441, 1651322, 1741954, 1495430, 1395074, 1456505, 1523597, 1399589, 1743927, 1647141]"
"CBN-Pla-E6-20190723","[1743786, 1564310, 1395074, 1744635, 1743306, 1393923, 1688110]"
"CBN-Pla-E6-20190814","[1651322, 1395074, 1531441, 1495430, 1688110, 1548249, 1399589, 1564310]"
"CBN-Pla-E6-20200723","[1688110, 1393503, 1564310, 1741954, 1395074, 1523597, 1743786]"
"CBN-Pla-E6-20200814","[1389687, 1393503, 1744170, 1395074, 1743927, 1688110]"
"CBN-Pla-F1-20130808","[1495430, 1743786, 1395724]"
"CBN-Pla-F1-20130904","[1651322, 1495430, 1647166, 1395724, 1564310]"
"CBN-Pla-F1-20140722","[1395724]"
"CBN-Pla-F1-20140902","[1743474, 1651322, 1395724, 1495430, 1743786, 1564310, 1688110, 1389687]"
"CBN-Pla-F1-20150702","[1688110, 1395074]"
"CBN-Pla-F1-20150723","[1743786, 1743474, 1389555, 1395724, 1688110, 1647166]"
"CBN-Pla-F1-20150901","[1389687, 1647153, 1743786, 1741954, 1456505, 1688110, 1743474, 1564310, 1651061]"
"CBN-Pla-F1-20160707","[1743474, 1688110, 1495430, 1743786, 1564310, 1392852, 1651322, 1395074, 1394843, 1398780]"
"CBN-Pla-F1-20160728","[1744170, 1651322, 1564310]"
"CBN-Pla-F1-20180724","[1393923, 1688110, 1392317, 1743927, 1743474]"
"CBN-Pla-F1-20180816","[1389687, 1744170, 1580587, 1744147, 1743786, 1495430, 1393503, 1744473]"
"CBN-Pla-F1-20180906","[1389687, 1393503, 1741954, 1492736, 1743786, 1688110]"
"CBN-Pla-F1-20190723","[1564310, 1688110, 1743786, 1495430, 1395724]"
"CBN-Pla-F1-20190814","[1743786, 1389687, 1651322, 1564310, 1392097, 1495430]"
"CBN-Pla-F1-20200630","[1392317]"
"CBN-Pla-F1-20200723","[1743786, 1389687]"
"CBN-Pla-F1-20200814","[1688110, 1495430, 1651322, 1647315, 1743474]"
"CBN-Pla-F2-20130808","[1395724, 1743786, 1456505, 1495430, 1393503, 1743927]"
"CBN-Pla-F2-20130904","[1688110, 1743786, 1395724, 1395074, 1394843, 1419963]"
"CBN-Pla-F2-20140722","[1395724, 1419963]"
"CBN-Pla-F2-20140902","[1395724, 1743786, 1688110, 1389687, 1395074, 1495430, 1689257]"
"CBN-Pla-F2-20150702","[1395074, 1688110, 1395724]"
"CBN-Pla-F2-20150723","[1688110, 1395074, 1743786, 1743927, 1395724, 1647823, 1517496]"
"CBN-Pla-F2-20150901","[1743786, 1389687, 1395724, 1395074, 1393503, 1523597, 1688110, 1495430, 1456505]"
"CBN-Pla-F2-20160707","[1688110, 1743786, 1395724, 1743927, 1419963, 1495430, 1395074, 1564310]"
"CBN-Pla-F2-20160728","[1688110, 1743786, 1495430, 1419963, 1395074, 1523071, 1743927]"
"CBN-Pla-F2-20180724","[1395074, 1688110]"
"CBN-Pla-F2-20180816","[1389687, 1495430, 1743786, 1688110, 1395724, 1395074, 1744635, 1564310, 1393503]"
"CBN-Pla-F2-20180906","[1389687, 1688110, 1495430, 1564310, 1743786, 1456505, 1395724]"
"CBN-Pla-F2-20190723","[1495430, 1688110, 1395074, 1392852, 1395724, 1395213, 1743927, 1743786]"
"CBN-Pla-F2-20190814","[1395074, 1688110, 1743474, 1564310, 1651322, 1419963, 1743786]"
"CBN-Pla-F2-20200630","[1743927, 1392317]"
"CBN-Pla-F2-20200723","[1389687, 1688110, 1395074, 1743786, 1495430, 1564310, 1722704, 1741954]"
"CBN-Pla-F2-20200814","[1688110, 1564310, 1395724, 1389687, 1495430, 1395074]"
"CBN-Pla-F3-20130808","[1393923, 1743786, 1495430, 1743927, 1395724, 1456505, 1688110, 1393503]"
"CBN-Pla-F3-20130904","[1395074, 1395724, 1743786, 1651322, 1688110]"
"CBN-Pla-F3-20140722","[1389555]"
"CBN-Pla-F3-20140902","[1651322, 1688110, 1531441, 1419963, 1743474, 1743786, 1560392, 1395724]"
"CBN-Pla-F3-20150702","[1393923, 1392317, 1395724, 1393503, 1688110, 1744635, 1743786, 1564310]"
"CBN-Pla-F3-20150723","[1743786, 1688110, 1651322, 1743927, 1564310, 1357866, 1394843]"
"CBN-Pla-F3-20150811","[1743786, 1495430, 1392317, 1456505, 1392097, 1523071, 1393923, 1688110]"
"CBN-Pla-F3-20150901","[1564310, 1688110, 1393503, 1743786, 1456505, 1389687, 1741954, 1743474, 1393923]"
"CBN-Pla-F3-20160707","[1419963, 1523071, 1743786, 1688110, 1393923, 1357866, 1548249, 1495430]"
"CBN-Pla-F3-20160728","[1531441, 1688110, 1523071, 1651322, 1357866, 1743786]"
"CBN-Pla-F3-20180724","[1395074, 1688110]"
"CBN-Pla-F3-20180816","[1743786, 1564310, 1688110, 1673309, 1456505, 1389687, 1495430, 1744635]"
"CBN-Pla-F3-20180906","[1564310, 1456505, 1389687, 1743786, 1741954, 1688110, 1495430, 1395724]"
"CBN-Pla-F3-20190723","[1743786, 1688110, 1564310, 1393923, 1495430, 1456505, 1744635, 1743474, 1393503]"
"CBN-Pla-F3-20190814","[1651322, 1564310, 1743786, 1531441, 1523071, 1419963, 1688110, 1743474, 1495430, 1395724]"
"CBN-Pla-F3-20200630","[1392317, 1743927, 1395724]"
"CBN-Pla-F3-20200723","[1743786, 1564310, 1688110, 1744635, 1495430, 1741954]"
"CBN-Pla-F3-20200814","[1564310, 1688110, 1389687, 1741954, 1743474, 1743786, 1456505, 1492736]"
"CBN-Pla-F4-20130808","[1456505, 1393923, 1395724, 1392317, 1393503, 1688110, 1495430, 1743786]"
"CBN-Pla-F4-20130904","[1651322, 1743786, 1647315, 1395724, 1564310, 1495430]"
"CBN-Pla-F4-20140722","[1548249]"
"CBN-Pla-F4-20150723","[1564310, 1651322, 1743786, 1495430, 1393923, 1531441, 1548249, 1394843, 1505488, 1743474]"
"CBN-Pla-F4-20150811","[1743786, 1741954, 1393923, 1456505, 1495430]"
"CBN-Pla-F4-20150901","[1741954, 1456505, 1688110, 1495430, 1743786]"
"CBN-Pla-F4-20160707","[1743474, 1393923, 1688110]"
"CBN-Pla-F4-20160728","[1651322, 1523071, 1743786, 1394843, 1548249, 1743474, 1495430, 1688110, 1393923, 1456505]"
"CBN-Pla-F4-20180724","[1395074, 1392317]"
"CBN-Pla-F4-20180816","[1495430, 1743786, 1564310, 1456505, 1688110, 1741954, 1673309, 1393923, 1744635]"
"CBN-Pla-F4-20180906","[1456505, 1495430, 1564310, 1673309, 1688110, 1743786]"
"CBN-Pla-F4-20190723","[1564310, 1456505, 1744635, 1495430, 1393923, 1743786, 1393503, 1688110, 1722704, 1395724]"
"CBN-Pla-F4-20190814","[1651322, 1564310, 1395074, 1743786, 1688110, 1743474, 1495430, 1651113]"
"CBN-Pla-F4-20200630","[1743927, 1390541]"
"CBN-Pla-F4-20200723","[1743786, 1393923, 1564310, 1495430, 1688110, 1450786, 1744635, 1741954]"
"CBN-Pla-F4-20200814","[1564310, 1456505, 1743786, 1495430, 1741954, 1389687, 1393923, 1744635]"
"CBN-Pla-F5-20130808","[1688110]"
"CBN-Pla-F5-20130904","[1395724, 1392852, 1495430, 1395074, 1651322]"
"CBN-Pla-F5-20140722","[1392317, 1419963, 1395724]"
"CBN-Pla-F5-20140902","[1531441, 1651322, 1395724]"
"CBN-Pla-F5-20150702","[1393923, 1392317, 1688110]"
"CBN-Pla-F5-20150723","[1651322, 1531441, 1688110, 1495430, 1395074, 1743786, 1564310, 1361263]"
"CBN-Pla-F5-20150811","[1651322, 1393923, 1456505, 1531441, 1741954, 1495430, 1523071, 1393503, 1392097, 1743786]"
"CBN-Pla-F5-20150901","[1456505, 1389687, 1741954, 1495430, 1393503, 1395724, 1743786, 1392336]"
"CBN-Pla-F5-20160707","[1393923, 1743474, 1392317, 1688110, 1419963, 1395074]"
"CBN-Pla-F5-20160728","[1493381, 1548249]"
"CBN-Pla-F5-20180724","[1392317, 1743472]"
"CBN-Pla-F5-20180816","[1456505, 1393503, 1495430, 1688110, 1647315, 1564310, 1743786]"
"CBN-Pla-F5-20180906","[1495430, 1673309, 1456505, 1564310, 1389687, 1395724, 1523597]"
"CBN-Pla-F5-20190723","[1495430, 1743786, 1564310, 1393503, 1389687, 1688110, 1393923, 1722704, 1744635, 1743474]"
"CBN-Pla-F5-20190814","[1651322, 1564310, 1531441, 1395074, 1688110]"
"CBN-Pla-F5-20200723","[1495430, 1393503, 1743786, 1741954, 1395724, 1688110, 1647315, 1393923]"
"CBN-Pla-F5-20200814","[1389687, 1564310, 1456505, 1688110, 1743786, 1495430]"
"CBN-Pla-F6-20130808","[1393503, 1456505]"
"CBN-Pla-F6-20130904","[1456505, 1531441, 1560392]"
"CBN-Pla-F6-20140722","[1392317]"
"CBN-Pla-F6-20140902","[1531441, 1651322]"
"CBN-Pla-F6-20150702","[1393923, 1392317]"
"CBN-Pla-F6-20150723","[1393503, 1400079, 1393923, 1738785, 1743786]"
"CBN-Pla-F6-20150811","[1531441, 1523071, 1651322, 1495430, 1647823, 1548249]"
"CBN-Pla-F6-20150901","[1389687, 1393503, 1456505, 1744635, 1743786, 1495430, 1395074]"
"CBN-Pla-F6-20160707","[1393923, 1419963, 1392317, 1395074, 1743927, 1495430]"
"CBN-Pla-F6-20160728","[1495430, 1523071]"
"CBN-Pla-F6-20180724","[1392317, 1395074]"
"CBN-Pla-F6-20180816","[1495430, 1393503, 1389687, 1741954, 1743306]"
"CBN-Pla-F6-20180906","[1531441, 1523071, 1389687, 1456505]"
"CBN-Pla-F6-20190723","[1393503, 1389687, 1450786]"
"CBN-Pla-F6-20190814","[1531441, 1651322, 1523071, 1492736, 1548249]"
"CBN-Pla-F6-20200723","[1495430, 1393503, 1393923]"
"CBN-Pla-F6-20200814","[1389687, 1742026]"
"CBN-Pyr-01-20230706","[1531441, 1651322, 1456505]"
"CBN-Pyr-03-20230706","[1744147, 1395074, 1495430, 1722704, 1580587, 1744170, 1399768, 1393503, 1419963, 1510341]"
"CBN-can-A1-20230705","[1450786, 1389135, 1390467, 1564310, 1743927, 1456505, 1738796, 1743306, 1741954]"
"CBN-can-A2-20230705","[1523071, 1390467, 1548249, 1564310]"
"CBN-can-A3-20230705","[1564310, 1419963, 1743927, 1390467]"
"CBN-can-A5-20230705","[1399148, 1563496, 1743781, 1493381, 1743927]"
"CBN-can-A6-20230705","[1743927, 1419963, 1741661, 1647141, 1560392]"
"CBN-can-B1-20230705","[1389135, 1395074, 1741954, 1390467, 1456505, 1523597, 1495430, 1564310, 1743927]"
"CBN-can-B2-20230705","[1389135, 1495430, 1362113, 1390467, 1394596, 1548249]"
"CBN-can-B3-20230705","[1450786, 1419963, 1523071, 1564310]"
"CBN-can-B4-20230705","[1548249, 1743560, 1564296, 1744511, 1495430]"
"CBN-can-B5-20230705","[1744480, 1389135, 1548249, 1396294, 1357866, 1657246, 1743781, 1456505, 1396600]"
"CBN-can-B6-20230705","[1548249, 1456505]"
"CBN-can-C1-20230705","[1743306, 1548249, 1395074]"
"CBN-can-C2-20230705","[1548249, 1523071]"
"CBN-can-C3-20230705","[1478565, 1395106, 1389135, 1722704]"
"CBN-can-C4-20230705","[1389135, 1395074]"
"CBN-can-D1-20230705","[1548249]"
"CBN-can-D2-20230705","[1743306, 1722704, 1495430, 1395074, 1450786]"
"CBN-can-D3-20230705","[1395106, 1741922, 1743472, 1743306, 1744041]"
"CBN-can-D4-20230705","[1493381, 1396600, 1743164, 1389135, 1564310, 1548249]"
"CBN-can-E1-20230706","[1744551, 1456505, 1741954, 1743472]"
"CBN-can-E2-20230706","[1548249, 1456505, 1390467]"
"CBN-can-E3-20230706","[1651322, 1390467, 1399148, 1493381, 1722704, 1358118]"
"CBN-can-E4-20230706","[1392852, 1647823, 1744551]"
"CBN-can-E5-20230706","[1392097, 1743294, 1390467, 1389135, 1523071, 1663927, 1744207]"
"CBN-can-E6-20230706","[1523071, 1738785, 1743294]"
"CBN-can-F1-20230705","[1456505, 1389135, 1657246]"
"CBN-can-F2-20230706","[1456505, 1548249, 1523071, 1450786, 1492736]"
"CBN-can-F3-20230706","[1531441, 1651322, 1493381, 1548249, 1647823]"
"CBN-can-F4-20230706","[1744551, 1531441, 1647823, 1392852, 1395074, 1722704, 1456505]"
"CBN-can-F5-20230706","[1390467, 1531441, 1456505, 1362113]"
"GUARDEN-AMB-CF04-1-10-20240325","[1744412, 1722704, 1563755, 1392089, 1531432]"
"GUARDEN-AMB-CF04-1-5-20240325","[1722704, 1738795, 1392394, 1396682, 1588800]"
"GUARDEN-AMB-CF21-1-1-20240326","[1396600]"
"GUARDEN-AMB-CF21-1-10-20240326","[1743472, 1396600]"
"GUARDEN-AMB-CF21-1-2-20240326","[1396600, 1545700]"
"GUARDEN-AMB-CF21-1-3-20240326","[1396600, 1646126, 1396682, 1531432]"
"GUARDEN-AMB-CF21-1-4-20240326","[1396600, 1545700, 1396682]"
"GUARDEN-AMB-CF21-1-5-20240326","[1744412, 1563755, 1392089, 1395074, 1647166]"
"GUARDEN-AMB-CF21-1-6-20240326","[1396600, 1744412, 1396682, 1391774]"
"GUARDEN-AMB-CF21-1-7-20240326","[1492610, 1396600, 1564310, 1663927]"
"GUARDEN-AMB-CF21-1-8-20240326","[1744412]"
"GUARDEN-AMB-CF21-1-9-20240326","[1359796]"
"GUARDEN-AMB-GV04-1-3-20240326","[1396682, 1545700, 1663927, 1564310, 1744309]"
"GUARDEN-AMB-GV04-1-4-20240326","[1663927, 1743472, 1744309]"
"GUARDEN-AMB-GV04-1-5-20240326","[1743472, 1392852, 1744170, 1663927]"
"GUARDEN-AMB-GV04-1-6-20240326","[1392852, 1743472]"
"GUARDEN-AMB-GV04-1-7-20240326","[1743472]"
"GUARDEN-AMB-PR13-1-10-20240417","[1358537, 1564310]"
"GUARDEN-AMB-PR13-1-2-20240417","[1396600, 1743164, 1744412]"
"GUARDEN-AMB-PR13-1-3-20240417","[1744412, 1396600]"
"GUARDEN-AMB-PR13-1-4-20240417","[1389135]"
"GUARDEN-AMB-PR13-1-8-20240417","[1744526, 1396600]"
"GUARDEN-AMB-PR20-1-1-20240424","[1531436, 1744412]"
"GUARDEN-AMB-PR20-1-10-20240424","[1560392, 1399768, 1647166, 1744233, 1744526]"
"GUARDEN-AMB-PR20-1-8-20240424","[1651142, 1744551, 1647166]"
"GUARDEN-AMB-SA03-1-1-20240626","[1744412]"
"GUARDEN-AMB-SA03-1-10-20240626","[1395074]"
"GUARDEN-AMB-SA03-1-2-20240626","[1560392]"
"GUARDEN-AMB-SA03-1-3-20240626","[1473216]"
"GUARDEN-AMB-SA03-1-4-20240626","[1563755]"
"GUARDEN-AMB-SA03-1-5-20240626","[1743639]"
"GUARDEN-AMB-SA03-1-9-20240626","[1493381]"
"GUARDEN-AMB-VC03-1-3-20240417","[1392089, 1395074, 1563755]"
"GUARDEN-AMB-VC03-1-4-20240417","[1392089]"
"GUARDEN-AMB-VC03-1-5-20240417","[1392089]"
"GUARDEN-AMB-VC03-1-6-20240417","[1493381]"
"GUARDEN-CBNMed-10-1-16-34-20240429","[1743472]"
"GUARDEN-CBNMed-10-10-17-19-20240429","[1548249, 1399148, 1564296, 1395074]"
"GUARDEN-CBNMed-10-5-16-55-20240429","[1548249, 1564457, 1738603, 1358191, 1363881]"
"GUARDEN-CBNMed-10-6-17-02-20240429","[1548249, 1557427, 1743560, 1358191, 1564296, 1393353]"
"GUARDEN-CBNMed-10-7-17-05-20240429","[1548249, 1743560, 1358191, 1564296, 1741922, 1564323]"
"GUARDEN-CBNMed-10-8-17-11-20240429","[1548249]"
"GUARDEN-CBNMed-10-9-17-16-20240429","[1548249, 1564457, 1564296]"
"GUARDEN-CBNMed-14-3-9-45-20240429","[1744511, 1564457]"
"GUARDEN-CBNMed-14-4-9-49-20240429","[1744511, 1510341, 1505488, 1395724, 1492736]"
"GUARDEN-CBNMed-14-9-10-09-20240429","[1744511, 1555195, 1564457, 1395724, 1397833, 1456505]"
"GUARDEN-CBNMed-15-10-12-17-20240429","[1744551, 1505488, 1744170, 1390055, 1389687]"
"GUARDEN-CBNMed-15-5-11-44-20240429","[1738785, 1396682, 1743164, 1743472, 1357335, 1646244, 1363881, 1743786, 1744551, 1722704]"
"GUARDEN-CBNMed-15-7-12-02-20240429","[1647823, 1390467, 1722704, 1743472, 1397833]"
"GUARDEN-CBNMed-15-9-12-15-20240429","[1744551, 1744170, 1505488, 1389687, 1651142, 1390055, 1502791, 1359388, 1473216, 1393503]"
"GUARDEN-CBNMed-16-1-13-37-20240429","[1392317, 1392270, 1492610]"
"GUARDEN-CBNMed-16-10-14-33-20240429","[1744625, 1560392]"
"GUARDEN-CBNMed-16-2-13-45-20240429","[1390541]"
"GUARDEN-CBNMed-16-3-13-51-20240429","[1390541]"
"GUARDEN-CBNMed-16-4-13-57-20240429","[1560392, 1478565]"
"GUARDEN-CBNMed-16-6-14-07-20240429","[1560392, 1478565, 1744625]"
"GUARDEN-CBNMed-16-7-14-1-20240429","[1492736, 1564296, 1392317, 1392852]"
"GUARDEN-CBNMed-16-8-14-14-20240429","[1492610, 1664603, 1392852]"
"GUARDEN-CBNMed-17-3-10-56-20240429","[1666441, 1505488, 1392317, 1744233, 1744015]"
"GUARDEN-CBNMed-17-5-11-2-20240429","[1744473, 1744015, 1722704, 1399589, 1673309, 1358191, 1743228, 1560392]"
"GUARDEN-CBNMed-19-1-15-24-20240429","[1744170, 1744551, 1722704, 1393503, 1399589, 1398443, 1738785]"
"GUARDEN-CBNMed-19-10-16-02-20240429","[1560392, 1493381, 1744233, 1743786, 1722704, 1647315, 1744170]"
"GUARDEN-CBNMed-19-2-15-31-20240429","[1743786, 1722704, 1395074, 1741775, 1505488, 1651142, 1389687]"
"GUARDEN-CBNMed-19-3-15-35-20240429","[1722704, 1743786, 1744551, 1393503, 1395724]"
"GUARDEN-CBNMed-19-4-15-39-20240429","[1722704, 1510341, 1743786, 1390467]"
"GUARDEN-CBNMed-19-5-15-44-20240429","[1393503, 1722704, 1510341]"
"GUARDEN-CBNMed-19-6-15-48-20240429","[1722704, 1651142, 1743786, 1395074, 1505488, 1744170, 1389687, 1390367, 1510341, 1393503]"
"GUARDEN-CBNMed-19-7-15-51-20240429","[1393503, 1738785, 1743786, 1722704, 1389646, 1510341]"
"GUARDEN-CBNMed-19-8-15-53-20240429","[1722704, 1743786, 1395724, 1389646, 1510341]"
"GUARDEN-CBNMed-19-9-15-58-20240429","[1389135, 1389646, 1389687, 1390467, 1393503, 1688110, 1358191, 1456505]"
"GUARDEN-CBNMed-20-1-9-35-20240428","[1397833, 1457840, 1651322, 1666441, 1560392, 1743218, 1744551]"
"GUARDEN-CBNMed-20-10-10-31-20240428","[1399768, 1741758, 1651322, 1743472, 1688110, 1743639, 1510341, 1744170, 1651113]"
"GUARDEN-CBNMed-20-8-10-19-20240428","[1651322, 1743472, 1473216, 1399768, 1651113, 1743294, 1392317, 1478565, 1389135]"
"GUARDEN-CBNMed-20-9-10-23-20240428","[1651322, 1688110, 1744170, 1399768, 1588800, 1493381, 1560392]"
"GUARDEN-CBNMed-21-10-11-42-20240428","[1743472, 1390055, 1743927, 1489066, 1651322, 1651113, 1493662, 1510341]"
"GUARDEN-CBNMed-21-2-11-07-20240428","[1743472, 1560392, 1743927, 1495441, 1651322]"
"GUARDEN-CBNMed-21-3-11-09-20240428","[1510341, 1395724, 1738785, 1493381]"
"GUARDEN-CBNMed-21-6-11-17-20240428","[1510341, 1395074]"
"GUARDEN-CBNMed-21-8-11-23-20240428","[1389687, 1393503, 1492736, 1743927]"
"GUARDEN-CBNMed-21-9-11-32-20240428","[1743786, 1510341, 1393503, 1744077]"
"GUARDEN-CBNMed-22-1-13-39-20240428","[1738785]"
"GUARDEN-CBNMed-22-10-14-48-20240428","[1393548, 1647166]"
"GUARDEN-CBNMed-22-2-14-05-20240428","[1393574, 1395074, 1359407, 1392089]"
"GUARDEN-CBNMed-22-5-14-21-20240428","[1502800, 1397833]"
"GUARDEN-CBNMed-22-6-14-23-20240428","[1502800, 1393574, 1397833]"
"GUARDEN-CBNMed-22-7-14-25-20240428","[1393574, 1651142, 1452360]"
"GUARDEN-CBNMed-22-9-14-42-20240428","[1397833]"
"GUARDEN-CBNMed-23-1-9-56-20240428","[1743472, 1390541, 1359822, 1743294]"
"GUARDEN-CBNMed-23-10-10-42-20240428","[1548249, 1395724, 1688110, 1502800, 1647348, 1673309, 1693472]"
"GUARDEN-CBNMed-23-3-10-14-20240428","[1548249, 1647166]"
"GUARDEN-CBNMed-23-4-10-17-20240428","[1647166, 1564646, 1560392, 1419963, 1502800, 1452360, 1564466]"
"GUARDEN-CBNMed-23-5-10-21-20240428","[1688110, 1651113, 1548249, 1510341, 1743294, 1647166, 1743472]"
"GUARDEN-CBNMed-23-6-10-24-20240428","[1647348, 1548249]"
"GUARDEN-CBNMed-23-7-10-28-20240428","[1647348, 1743639, 1743218, 1392330, 1502800, 1473216]"
"GUARDEN-CBNMed-23-8-10-34-20240428","[1510341, 1548249, 1502800]"
"GUARDEN-CBNMed-23-9-10-39-20240428","[1548249, 1743218, 1510341]"
"GUARDEN-CBNMed-24-10-13-06-20240428","[1651322, 1744473, 1395074, 1390541, 1548249]"
"GUARDEN-CBNMed-24-2-12-04-20240428","[1465436]"
"GUARDEN-CBNMed-24-3-12-15-20240428","[1502123, 1548249, 1357335]"
"GUARDEN-CBNMed-24-5-12-36-20240428","[1744233]"
"GUARDEN-CBNMed-24-6-12-46-20240428","[1502123]"
"GUARDEN-CBNMed-24-7-12-54-20240428","[1548249, 1744473]"
"GUARDEN-CBNMed-24-8-14-58-20240428","[1744473]"
"GUARDEN-CBNMed-24-9-13-02-20240428","[1742054, 1548249, 1744473]"
"GUARDEN-CBNMed-25-1-13-52-20240428","[1548249, 1744618, 1560392, 1562548, 1688110]"
"GUARDEN-CBNMed-25-10-14-49-20240428","[1743567, 1392081, 1392488, 1560392]"
"GUARDEN-CBNMed-25-2-13-57-20240428","[1395074, 1392852, 1560392, 1744473, 1548249, 1651142, 1651322]"
"GUARDEN-CBNMed-25-3-14-06-20240428","[1560392, 1395074]"
"GUARDEN-CBNMed-25-4-14-15-20240428","[1395074, 1742054, 1651142]"
"GUARDEN-CBNMed-25-7-14-28-20240428","[1390467, 1393503, 1742054, 1563755, 1743164, 1392852, 1510341, 1738785, 1664603]"
"GUARDEN-CBNMed-25-8-14-39-20240428","[1478565]"
"GUARDEN-CBNMed-25-9-14-43-20240428","[1563496, 1357858, 1664603]"
"GUARDEN-CBNMed-26-10-10-01-20240428","[1743927, 1560392]"
"GUARDEN-CBNMed-26-6-9-34-20240428","[1744497]"
"GUARDEN-CBNMed-26-8-9-45-20240428","[1743639, 1744309, 1588800, 1744412]"
"GUARDEN-CBNMed-26-9-9-48-20240428","[1743639, 1744412, 1744309, 1666441]"
"GUARDEN-CBNMed-27-1-11-17-20240428","[1505488, 1560392]"
"GUARDEN-CBNMed-27-10-11-55-20240428","[1647348, 1505488, 1647166]"
"GUARDEN-CBNMed-27-2-11-32-20240428","[1744392, 1505488, 1489808, 1392317, 1560392, 1722704, 1651142, 1361761]"
"GUARDEN-CBNMed-27-3-11-36-20240428","[1743612, 1359407, 1390541, 1688110]"
"GUARDEN-CBNMed-27-4-11-39-20240428","[1651322, 1688110]"
"GUARDEN-CBNMed-27-5-11-4-20240428","[1651322]"
"GUARDEN-CBNMed-27-6-11-42-20240428","[1392089]"
"GUARDEN-CBNMed-27-7-11-43-20240428","[1688110, 1390541]"
"GUARDEN-CBNMed-27-8-11-45-20240428","[1393574, 1390541]"
"GUARDEN-CBNMed-27-9-11-47-20240428","[1647348, 1392317, 1505488, 1651142, 1357866, 1397833]"
"GUARDEN-CBNMed-28-1-12-46-20240428","[1390541]"
"GUARDEN-CBNMed-28-10-13-23-20240428","[1564296, 1744855, 1390541, 1502800, 1564457, 1743294]"
"GUARDEN-CBNMed-28-2-12-48-20240428","[1397833, 1393574, 1465436]"
"GUARDEN-CBNMed-28-3-12-51-20240428","[1743472, 1393574]"
"GUARDEN-CBNMed-28-4-12-52-20240428","[1465436, 1564296]"
"GUARDEN-CBNMed-28-5-13-02-20240428","[1722704, 1560392, 1505488, 1647348, 1744170]"
"GUARDEN-CBNMed-28-6-13-06-20240428","[1564457, 1493722]"
"GUARDEN-CBNMed-28-7-13-11-20240428","[1564726, 1393548, 1390541, 1564296, 1363354, 1744418]"
"GUARDEN-CBNMed-28-8-13-14-20240428","[1564296, 1393548, 1689257, 1390541, 1358191, 1397833, 1495441, 1744855]"
"GUARDEN-CBNMed-28-9-13-17-20240428","[1392317]"
"GUARDEN-CBNMed-29-6-14-31-20240428","[1358537, 1396600, 1548249, 1647348, 1359822, 1744392]"
"GUARDEN-CBNMed-29-7-14-34-20240428","[1396600, 1358537, 1548249, 1390369]"
"GUARDEN-CBNMed-30-1-16-07-20240428","[1548249, 1564310, 1396600]"
"GUARDEN-CBNMed-30-10-16-41-20240428","[1396600, 1564310]"
"GUARDEN-CBNMed-30-2-16-23-20240428","[1492610, 1560392]"
"GUARDEN-CBNMed-30-4-16-3-20240428","[1560392, 1743825]"
"GUARDEN-CBNMed-30-6-16-34-20240428","[1398443]"
"GUARDEN-CBNMed-30-7-16-35-20240428","[1398443, 1560392, 1743825]"
"GUARDEN-CBNMed-30-8-16-37-20240428","[1398443, 1560392]"
"GUARDEN-CBNMed-30-9-16-4-20240428","[1744309, 1560392]"
"GUARDEN-CBNMed-31-1-9-37-20240428","[1743927]"
"GUARDEN-CBNMed-31-10-10-06-20240428","[1390369, 1361444, 1493662]"
"GUARDEN-CBNMed-31-2-9-4-20240428","[1389687]"
"GUARDEN-CBNMed-31-3-9-44-20240428","[1359353]"
"GUARDEN-CBNMed-31-4-9-48-20240428","[1398443, 1560392, 1450786, 1390541, 1744170, 1744077, 1743927, 1399589, 1741922]"
"GUARDEN-CBNMed-31-5-9-51-20240428","[1359353]"
"GUARDEN-CBNMed-31-6-9-54-20240428","[1722704, 1489808, 1389135]"
"GUARDEN-CBNMed-31-7-9-56-20240428","[1744015]"
"GUARDEN-CBNMed-31-8-10-20240428","[1564310, 1396600, 1743567]"
"GUARDEN-CBNMed-31-9-10-02-20240428","[1393503, 1548249, 1505488]"
"GUARDEN-CBNMed-32-1-11-46-20240428","[1564310, 1743639, 1743406, 1456505, 1744170, 1744015, 1489066]"
"GUARDEN-CBNMed-32-10-13-12-20240428","[1722704, 1560392, 1450786, 1564310, 1744170, 1389646, 1744015, 1743927, 1390541, 1452078]"
"GUARDEN-CBNMed-32-2-11-58-20240428","[1564310, 1744551, 1396600, 1492610, 1564296, 1456505]"
"GUARDEN-CBNMed-32-3-12-01-20240428","[1564310, 1743567, 1396600, 1456505, 1450786, 1564296, 1396682, 1489808, 1743927, 1744170]"
"GUARDEN-CBNMed-32-4-12-12-20240428","[1564310, 1456505, 1743567, 1742165, 1743825, 1450786, 1396682, 1651061, 1744170, 1564296]"
"GUARDEN-CBNMed-32-9-13-07-20240428","[1560392, 1489808, 1744170, 1741775, 1389687, 1390541, 1743164, 1493678]"
"GUARDEN-CBNMed-33-1-14-48-20240428","[1743639, 1744526, 1357858, 1742026, 1392394, 1510341, 1399589, 1744170, 1493678]"
"GUARDEN-CBNMed-33-10-15-59-20240428","[1743639]"
"GUARDEN-CBNMed-33-2-15-01-20240428","[1357858, 1743639]"
"GUARDEN-CBNMed-33-3-15-04-20240428","[1357858, 1743639, 1743406, 1744551, 1722704, 1390369, 1741922, 1456505, 1744170, 1744049]"
"GUARDEN-CBNMed-33-4-15-26-20240428","[1743927, 1564726, 1399589, 1357858, 1393503, 1688110, 1392394]"
"GUARDEN-CBNMed-33-5-15-29-20240428","[1743639, 1510341, 1389400, 1742026, 1357858, 1392394, 1493381, 1520379, 1744526, 1560392]"
"GUARDEN-CBNMed-33-6-15-36-20240428","[1560392, 1357858]"
"GUARDEN-CBNMed-33-7-15-43-20240428","[1399589, 1743639, 1510341, 1493381, 1493662, 1564466, 1389687, 1457840, 1393503, 1493678]"
"GUARDEN-CBNMed-33-8-15-5-20240428","[1743406, 1743639, 1744049, 1389135, 1357858, 1722704, 1744170, 1742026, 1744551, 1456505]"
"GUARDEN-CBNMed-33-9-15-56-20240428","[1722704, 1744551]"
"GUARDEN-CBNMed-38-1-12-58-20240428","[1393553, 1399589, 1456505, 1392852]"
"GUARDEN-CBNMed-38-4-14-39-20240428","[1389687]"
"GUARDEN-CBNMed-38-6-15-04-20240428","[1637419, 1389687, 1564555]"
"GUARDEN-CBNMed-39-10-12-02-20240531","[1510341, 1564310]"
"GUARDEN-CBNMed-39-7-11-3-20240531","[1473216, 1722704, 1743472, 1510341]"
"GUARDEN-CBNMed-39-8-11-39-20240531","[1510341, 1493678]"
"GUARDEN-CBNMed-39-9-11-5-20240531","[1510341, 1557427, 1743472, 1473216]"
"GUARDEN-CBNMed-44-7-12-03-20240629","[1392336, 1393553]"
"GUARDEN-CBNMed-5-1-12-38-20240430","[1743472, 1744003, 1610791, 1478565]"
"GUARDEN-CBNMed-5-10-13-32-20240430","[1744003, 1530979]"
"GUARDEN-CBNMed-5-2-12-45-20240430","[1530979, 1722704, 1744003]"
"GUARDEN-CBNMed-5-3-12-56-20240430","[1722704, 1530979]"
"GUARDEN-CBNMed-5-4-13-20240430","[1744003]"
"GUARDEN-CBNMed-5-5-13-04-20240430","[1722704, 1744003]"
"GUARDEN-CBNMed-5-6-13-07-20240430","[1722704]"
"GUARDEN-CBNMed-5-7-13-17-20240430","[1743472]"
"GUARDEN-CBNMed-5-8-13-22-20240430","[1478565, 1744003]"
"GUARDEN-CBNMed-5-9-13-27-20240430","[1478565, 1493381, 1744003]"
"GUARDEN-CBNMed-6-9-15-28-20240430","[1722704]"
"GUARDEN-CBNMed-8-10-12-59-20240429","[1548249]"
"GUARDEN-CBNMed-8-4-12-33-20240429","[1361444]"
"GUARDEN-CBNMed-8-8-12-51-20240429","[1744625, 1478565]"
"GUARDEN-CBNMed-8-9-12-56-20240429","[1548249, 1492610, 1394625, 1743448, 1684273, 1739072]"
"GUARDEN-CBNMed-9-10-16-16-20240429","[1390541]"
"GUARDEN-CBNMed-9-2-15-46-20240429","[1564296, 1564457, 1743472]"
"GUARDEN-CBNMed-9-6-16-04-20240429","[1548249, 1739072, 1394625, 1564296, 1743472]"
"GUARDEN-CBNMed-9-7-16-06-20240429","[1548249, 1564296, 1743560, 1547096, 1557427, 1743472, 1394329]"
"GUARDEN-CBNMed-9-8-16-08-20240429","[1548249, 1547096, 1564296, 1647348, 1743560, 1557427, 1743472]"
"GUARDEN-CBNMed-9-9-16-14-20240429","[1394625, 1390541, 1647348]"
"LISAH-BOU-0-10-20230523","[1557427]"
"LISAH-BOU-0-101-20240425","[1359353, 1743472]"
"LISAH-BOU-0-104-20240502","[1456505, 1666441, 1393462, 1359228]"
"LISAH-BOU-0-105-20240502","[1456505, 1359228, 1479766, 1389135, 1393462, 1477194]"
"LISAH-BOU-0-108-20240502","[1456505, 1666441, 1493381, 1361139]"
"LISAH-BOU-0-109-20240502","[1666441, 1744147, 1399589, 1738796, 1479995, 1390534]"
"LISAH-BOU-0-110-20240502","[1666441, 1743905, 1722704, 1673285, 1456505, 1664603]"
"LISAH-BOU-0-111-20240502","[1666441, 1477194, 1456505, 1743905, 1479766, 1743612, 1722704]"
"LISAH-BOU-0-113-20240502","[1456505, 1477194, 1666441, 1393462, 1563755, 1687898, 1479766]"
"LISAH-BOU-0-114-20240502","[1666441, 1477194, 1722704, 1743905, 1548508, 1743472, 1392494, 1743612]"
"LISAH-BOU-0-117-20240502","[1666441, 1743905, 1392494, 1564310, 1744392, 1396682, 1722704, 1392477, 1392488]"
"LISAH-BOU-0-118-20240502","[1663927, 1564726, 1666441, 1550154, 1495430, 1393462, 1390362]"
"LISAH-BOU-0-14-20230511","[1389557, 1743472, 1361444, 1399768]"
"LISAH-BOU-0-15-20230511","[1359388, 1743472, 1744551, 1473216, 1588800, 1564609, 1399768]"
"LISAH-BOU-0-153-20240502","[1722704, 1399589, 1399148, 1357335]"
"LISAH-BOU-0-154-20240502","[1743472, 1722704, 1563496, 1744551]"
"LISAH-BOU-0-157-20240502","[1456505]"
"LISAH-BOU-0-16-20230511","[1743905, 1477204, 1359418, 1489808]"
"LISAH-BOU-0-160-20240502","[1663927, 1393914, 1357335, 1744233, 1550154, 1744392]"
"LISAH-BOU-0-163-20240502","[1393914, 1550154, 1663927, 1560392]"
"LISAH-BOU-0-164-20240502","[1362113, 1663927, 1744170, 1560392, 1493714, 1738690]"
"LISAH-BOU-0-165-20240502","[1658600, 1505488, 1666441, 1657246, 1392097, 1495430, 1744392, 1389555, 1646671, 1399589]"
"LISAH-BOU-0-167-20240502","[1563496, 1398247, 1392089, 1357858, 1744309]"
"LISAH-BOU-0-168-20240502","[1564310, 1357858, 1392089]"
"LISAH-BOU-0-170-20240502","[1357858, 1362113, 1741922, 1564310]"
"LISAH-BOU-0-171-20240502","[1357335, 1362113, 1564310, 1399589, 1502086, 1741922, 1357858]"
"LISAH-BOU-0-172-20240502","[1392089, 1744309, 1357335, 1502086, 1564310]"
"LISAH-BOU-0-173-20240502","[1392089, 1398247, 1744309, 1564310, 1362113, 1357858]"
"LISAH-BOU-0-174-20240502","[1398247, 1744309, 1392089, 1564310, 1722704]"
"LISAH-BOU-0-175-20240502","[1744309, 1398247, 1392089, 1357858]"
"LISAH-BOU-0-183-20240502","[1744309, 1357858, 1389135, 1564310, 1435579, 1392089, 1398247, 1392229]"
"LISAH-BOU-0-187-20240502","[1357858, 1435579, 1744309, 1392089, 1564310, 1389135, 1743227, 1741922]"
"LISAH-BOU-0-191-20240502","[1722704]"
"LISAH-BOU-0-2-20240425","[1456505, 1393462, 1361139, 1666441, 1495430]"
"LISAH-BOU-0-24-20230512","[1666441, 1741922, 1398247, 1744392, 1668694, 1399589, 1744309, 1392852, 1673405, 1392081]"
"LISAH-BOU-0-24-20240425","[1673309, 1742026, 1743255, 1392852, 1741922, 1399589, 1744392, 1389135, 1399827, 1398247]"
"LISAH-BOU-0-25-20230512","[1666441, 1741922, 1398247, 1744309, 1362113, 1399589, 1744392, 1493381]"
"LISAH-BOU-0-25-20230711","[1743472, 1493381]"
"LISAH-BOU-0-28-20240425","[1741922, 1666441, 1668694, 1392852]"
"LISAH-BOU-0-29-20230523","[1666441, 1473216, 1741922, 1688110, 1744077]"
"LISAH-BOU-0-29-20230621","[1744233, 1738585, 1564310, 1744800, 1741922, 1744309]"
"LISAH-BOU-0-29-20240425","[1741922, 1398247, 1666441, 1673309, 1392852, 1744392, 1356885]"
"LISAH-BOU-0-3-20230721","[1392488]"
"LISAH-BOU-0-30-20230512","[1741922, 1550154, 1744551, 1361139, 1358191, 1673309, 1743927, 1392317, 1393553, 1647141]"
"LISAH-BOU-0-30-20240425","[1741922, 1668694, 1392317, 1744392, 1389135, 1743927, 1673309, 1523597]"
"LISAH-BOU-0-31-20230919","[1743525]"
"LISAH-BOU-0-31-20240425","[1741922, 1743927]"
"LISAH-BOU-0-32-20230516","[1456505, 1435579, 1493662, 1742026, 1564310, 1744077, 1531436, 1510341]"
"LISAH-BOU-0-32-20240425","[1647141, 1358191, 1673309, 1493678, 1743643, 1744392, 1389135, 1744077]"
"LISAH-BOU-0-34-20230516","[1743472, 1744551, 1456505, 1390055, 1399589, 1493381, 1361138]"
"LISAH-BOU-0-35-20240425","[1359609, 1741922, 1399589, 1673309, 1435579]"
"LISAH-BOU-0-36-20240425","[1647141, 1359609, 1663927, 1392317]"
"LISAH-BOU-0-37-20230512","[1548249, 1744678, 1738585, 1743643, 1493381, 1744643]"
"LISAH-BOU-0-37-20240425","[1663927, 1647141, 1673309, 1456505]"
"LISAH-BOU-0-38-20230516","[1744551, 1673309, 1510341, 1361138, 1560392, 1738661, 1493381, 1392081, 1456505, 1505488]"
"LISAH-BOU-0-39-20230512","[1738585, 1392081, 1548249, 1651267, 1663927, 1673309, 1666441, 1744678, 1647141, 1493381]"
"LISAH-BOU-0-4-20230511","[1361444, 1744551, 1505488, 1502791, 1390369, 1653823, 1456505]"
"LISAH-BOU-0-4-20230711","[1563496, 1647823, 1743472, 1360382, 1393462, 1523071, 1361761, 1632961, 1738785, 1738796]"
"LISAH-BOU-0-4-20240425","[1743472, 1663927, 1359011, 1356885, 1393914, 1361138, 1392097, 1687979, 1359962, 1363354]"
"LISAH-BOU-0-40-20230512","[1738585, 1743643, 1392317, 1548249, 1663927, 1392852, 1673309, 1453509]"
"LISAH-BOU-0-40-20240425","[1741922, 1673309, 1668694, 1548249, 1738585, 1392852]"
"LISAH-BOU-0-41-20230512","[1738585, 1663927, 1523071, 1743643, 1435579, 1741922, 1548249, 1399589, 1647141, 1453509]"
"LISAH-BOU-0-42-20230511","[1722704, 1564310, 1744077, 1392852, 1741922, 1399148]"
"LISAH-BOU-0-43-20230512","[1744392, 1741922, 1666441, 1738585, 1392081, 1743905, 1744678, 1389135, 1744077, 1651142]"
"LISAH-BOU-0-44-20240425","[1738785]"
"LISAH-BOU-0-5-20230512","[1456505, 1361139, 1479766, 1393462, 1744413, 1666441, 1359609, 1743472, 1743748, 1510341]"
"LISAH-BOU-0-5-20230711","[1743472, 1473216, 1362113, 1398247, 1742026, 1563496, 1456505, 1741554, 1510341]"
"LISAH-BOU-0-50-20230512","[1493381]"
"LISAH-BOU-0-52-20230512","[1361139, 1396682, 1359822]"
"LISAH-BOU-0-54-20230512","[1361761]"
"LISAH-BOU-0-55-20230512","[1398247, 1743472]"
"LISAH-BOU-0-56-20230512","[1398247, 1390467, 1363354]"
"LISAH-BOU-0-58-20230512","[1738785, 1651142, 1493381]"
"LISAH-BOU-0-6-20240425","[1456505, 1479766, 1743472, 1666441, 1510341]"
"LISAH-BOU-0-63-20230512","[1651142, 1389555]"
"LISAH-BOU-0-65-20230512","[1389557, 1359796]"
"LISAH-BOU-0-75-20230516","[1743472, 1588800, 1564609]"
"LISAH-BOU-0-79-20230512","[1523071]"
"LISAH-BOU-0-8-20240425","[1743472, 1564310, 1399589]"
"LISAH-BOU-0-84-20230512","[1744077]"
"LISAH-BOU-0-9-20240425","[1743472, 1399589, 1489066]"
"LISAH-BOU-0-98-20240425","[1359353]"
"LISAH-BVD-0-100-20230510","[1722704, 1505488, 1495430, 1666441]"
"LISAH-BVD-0-101-20230510","[1666441, 1393462, 1505488, 1738785]"
"LISAH-BVD-0-152-20230511","[1743294, 1392081, 1722704]"
"LISAH-BVD-0-155-20230511","[1743927, 1722704, 1399589, 1399148]"
"LISAH-BVD-0-158-20230511","[1399148, 1392081]"
"LISAH-BVD-0-191-20230511","[1396523, 1722704, 1493714, 1744392]"
"LISAH-BVD-0-192-20230511","[1722704, 1361139]"
"LISAH-BVD-0-195-20230511","[1391514, 1647823, 1361761]"
"LISAH-BVD-0-196-20230511","[1722704]"
"LISAH-BVD-0-197-20230511","[1362113, 1673309, 1392081, 1647823]"
"LISAH-BVD-0-200-20230511","[1393310, 1392081, 1393553, 1505488, 1362113, 1743227, 1392317, 1564310, 1550214, 1563496]"
"LISAH-BVD-0-203-20230511","[1392081, 1396523, 1393310, 1362113, 1743227, 1722704, 1563496, 1564310, 1743231]"
"LISAH-BVD-0-205-20230511","[1743227, 1564310, 1392081, 1396523, 1362113, 1399589, 1452360, 1393310]"
"LISAH-BVD-0-206-20230511","[1399589, 1362113, 1396523, 1550214, 1743227]"
"LISAH-BVD-0-208-20230511","[1392081, 1743227, 1362113, 1505488]"
"LISAH-BVD-0-209-20230511","[1362113, 1393310, 1357858, 1743294, 1392081, 1399589, 1489808, 1396523]"
"LISAH-BVD-0-25-20230510","[1361761, 1390467, 1722704]"
"LISAH-BVD-0-275-20230516","[1361139, 1722704, 1478565, 1651877]"
"LISAH-BVD-0-277-20230516","[1361139, 1743639, 1493381]"
"LISAH-BVD-0-278-20230516","[1651877, 1722704]"
"LISAH-BVD-0-281-20230516","[1361139, 1722704, 1738785, 1495430, 1391514, 1663927]"
"LISAH-BVD-0-282-20230516","[1361139, 1722704, 1663927]"
"LISAH-BVD-0-283-20230516","[1493678, 1363079, 1391514]"
"LISAH-BVD-0-285-20230516","[1722704, 1391514, 1361139]"
"LISAH-BVD-0-287-20230516","[1391514, 1395074]"
"LISAH-BVD-0-288-20230516","[1722704, 1361139, 1396682, 1391514, 1744170]"
"LISAH-BVD-0-292-20230516","[1722704]"
"LISAH-BVD-0-293-20230516","[1722704]"
"LISAH-BVD-0-294-20230516","[1722704]"
"LISAH-BVD-0-295-20230516","[1361139, 1523071, 1456505, 1505488]"
"LISAH-BVD-0-296-20230516","[1361139]"
"LISAH-BVD-0-297-20230516","[1362113, 1550214, 1393310, 1392089, 1399589]"
"LISAH-BVD-0-298-20230516","[1361139, 1361266, 1651877]"
"LISAH-BVD-0-299-20230516","[1361139, 1647823, 1456505, 1493678]"
"LISAH-BVD-0-300-20230516","[1361139, 1667671, 1647823, 1456505]"
"LISAH-BVD-0-301-20230516","[1361139, 1722704, 1667671]"
"LISAH-BVD-0-302-20230516","[1361139, 1667671, 1647823, 1722704, 1452360, 1495430]"
"LISAH-BVD-0-309-20230516","[1722704, 1361139, 1667671, 1393553]"
"LISAH-BVD-0-310-20230516","[1722704, 1361139, 1667671]"
"LISAH-BVD-0-337-20230516","[1523071, 1361761, 1647823, 1361444]"
"LISAH-BVD-0-338-20230516","[1647823, 1523071, 1389557, 1357335, 1456505, 1361444]"
"LISAH-BVD-0-339-20230516","[1361761, 1361444, 1523071, 1647823, 1722704]"
"LISAH-BVD-0-341-20230516","[1523071, 1743704]"
"LISAH-BVD-0-342-20230516","[1523071, 1505488]"
"LISAH-BVD-0-343-20230516","[1523071, 1743227, 1362113, 1647823, 1456505, 1361139, 1392317, 1505488, 1651877]"
"LISAH-BVD-0-344-20230516","[1505488, 1399589, 1563496, 1738785, 1647823]"
"LISAH-BVD-0-345-20230516","[1523071, 1647823, 1505488]"
"LISAH-BVD-0-346-20230516","[1505488, 1647823, 1722704, 1361761, 1563496, 1666441]"
"LISAH-BVD-0-347-20230516","[1647823, 1666441, 1722704, 1505488]"
"LISAH-BVD-0-348-20230516","[1361761, 1396523, 1647823, 1397833, 1456505, 1722704]"
"LISAH-BVD-0-349-20230516","[1743227, 1743760, 1742026, 1523071, 1743231, 1722704, 1361761]"
"LISAH-BVD-0-35-20230510","[1722704, 1743472, 1390467]"
"LISAH-BVD-0-350-20230516","[1722704, 1523071, 1397833, 1357335, 1742026, 1743760, 1738785]"
"LISAH-BVD-0-351-20230516","[1666441, 1393462, 1738785, 1510341, 1531436, 1548249, 1477194]"
"LISAH-BVD-0-352-20230516","[1722704, 1357335, 1361138, 1743472, 1393462, 1399827, 1738785, 1523071]"
"LISAH-BVD-0-353-20230516","[1523071, 1722704, 1397833, 1505488, 1738785]"
"LISAH-BVD-0-354-20230516","[1505488, 1396523, 1361466, 1397833]"
"LISAH-BVD-0-364-20230516","[1688110]"
"LISAH-BVD-0-372-20230516","[1358118]"
"LISAH-BVD-0-379-20230516","[1389557]"
"LISAH-BVD-0-380-20230516","[1722704, 1743472, 1651142, 1359388]"
"LISAH-BVD-0-383-20230516","[1743472, 1564310, 1738785]"
"LISAH-BVD-0-392-20230516","[1392089, 1738785, 1399589, 1505488, 1361761, 1392317, 1399148, 1389555]"
"LISAH-BVD-0-397-20230517","[1743472, 1722704, 1493381]"
"LISAH-BVD-0-398-20230517","[1493381, 1743472]"
"LISAH-BVD-0-412-20230517","[1738785, 1743472, 1722704, 1493381, 1361139]"
"LISAH-BVD-0-417-20230517","[1357335, 1722704, 1396682, 1743472, 1390467, 1456505, 1392081]"
"LISAH-BVD-0-428-20230517","[1722704, 1456505, 1389687, 1505488]"
"LISAH-BVD-0-430-20230517","[1742026, 1722704, 1505488, 1361139, 1651877, 1743227]"
"LISAH-BVD-0-431-20230517","[1742026, 1563496, 1361139, 1651877, 1564310]"
"LISAH-BVD-0-432-20230517","[1738785, 1742026, 1361139, 1722704, 1743781]"
"LISAH-BVD-0-463-20230517","[1495430, 1478565]"
"LISAH-BVD-0-465-20230517","[1722704, 1666441]"
"LISAH-BVD-0-471-20230517","[1722704, 1742026, 1505488, 1495430, 1743472, 1564310, 1666441]"
"LISAH-BVD-0-54-20230510","[1451490, 1560392, 1450786]"
"LISAH-BVD-0-99-20230510","[1722704, 1357335, 1414059, 1358118, 1362113, 1744551, 1390467]"
"LISAH-JAS-0-1-20220505","[1744392, 1738785]"
"LISAH-JAS-0-11-20220505","[1392081, 1393503, 1396523, 1564310, 1357858, 1743825, 1362113, 1399589]"
"LISAH-JAS-0-12-20220505","[1362113, 1359609, 1502387, 1396523, 1743533, 1743227, 1564310]"
"LISAH-JAS-0-13-20220505","[1357858]"
"LISAH-JAS-0-15-20220505","[1435579, 1399589, 1502791, 1722704, 1390369, 1505488]"
"LISAH-JAS-0-16-20220505","[1359609, 1399589, 1393503, 1743760, 1493678, 1738785]"
"LISAH-JAS-0-17-20220505","[1362113, 1399589]"
"LISAH-JAS-0-2-20220505","[1560392, 1358191]"
"LISAH-JAS-0-6-20220505","[1563496, 1738785, 1478566, 1390467, 1510341]"
"LISAH-JAS-0-7-20220505","[1390467, 1738785, 1359796, 1555195, 1391077, 1396682, 1743164]"
"LISAH-JAS-0-9-20220505","[1391077, 1722704]"
"LISAH-JAS-1-25-20220505","[1722704, 1560392]"
"LISAH-JAS-1-27-20220505","[1357335, 1564310]"
"LISAH-JAS-1-28-20220505","[1744309, 1392089, 1564310]"
"LISAH-JAS-1-5-20220505","[1722704, 1564310, 1560392, 1359011]"
"LISAH-PEC-0-0-20220608","[1361139]"
"LISAH-PEC-0-1-20230411","[1359011]"
"LISAH-PEC-0-10-20230405","[1722704]"
"LISAH-PEC-0-11-20230405","[1738661, 1560392, 1722704]"
"LISAH-PEC-0-11-20230411","[1390467, 1744551]"
"LISAH-PEC-0-12-20230411","[1358118]"
"LISAH-PEC-0-13-20230411","[1738661]"
"LISAH-PEC-0-13-20230413","[1473216, 1744551]"
"LISAH-PEC-0-14-20230407","[1560392]"
"LISAH-PEC-0-15-20230407","[1456505, 1359388]"
"LISAH-PEC-0-17-20230413","[1744551, 1396600, 1399827]"
"LISAH-PEC-0-18-20230411","[1548249]"
"LISAH-PEC-0-19-20230413","[1744551, 1389135]"
"LISAH-PEC-0-20-20230411","[1744392]"
"LISAH-PEC-0-4-20230407","[1359388, 1505488]"
"LISAH-PEC-0-4-20230411","[1358118, 1744551, 1560392]"
"LISAH-PEC-0-6-20220608","[1744233]"
"LISAH-PEC-0-6-20230411","[1477194, 1738661]"
"LISAH-PEC-0-8-20230405","[1523071, 1738785, 1744392, 1560392, 1738661]"
"LISAH-PEC-0-9-20230411","[1358118]"
"LISAH-PEC-0-9-20230413","[1744392, 1363881, 1390369, 1647236, 1489066]"
"LISAH-PEC-1-13-20230405","[1738661, 1477194, 1647150, 1560392]"
"LISAH-PEC-1-18-20230407","[1560392, 1744551]"
"LISAH-PEC-2-0-20220609","[1361444, 1743472, 1548249, 1363881, 1647166, 1743164, 1741922]"
"LISAH-PEC-2-11-20220609","[1357335, 1363881]"
"LISAH-PEC-2-17-20230407","[1743228]"
"LISAH-PEC-2-2-20220609","[1743927]"
"LISAH-PEC-2-20-20230407","[1389555]"
"LISAH-PEC-2-4-20220609","[1357335, 1744147]"
"LISAH-PEC-2-5-20220609","[1357335, 1361444]"
"LISAH-PEC-2-5-20230407","[1492461, 1560392]"
"LISAH-PEC-2-6-20220609","[1363881]"
"LISAH-PEC-3-10-20230407","[1548249]"
"LISAH-PEC-3-16-20230407","[1744392, 1548249]"
"LISAH-PEC-3-20-20230407","[1548249]"
"OPTMix-0108-P1-312-20231006","[1742074, 1456505]"
"OPTMix-0108-P1-422-20231006","[1743472, 1358537, 1742026]"
"OPTMix-0108-P1-427-20231006","[1548182, 1548508, 1742074, 1531035]"
"OPTMix-0108-P1-533-20231006","[1742026, 1741922]"
"OPTMix-0108-P1-95-20231006","[1743472]"
"OPTMix-012-P1-143-20231201","[1548508]"
"OPTMix-012-P1-208-20231201","[1548508]"
"OPTMix-012-P2-192-20231201","[1548508]"
"OPTMix-012-P2-207-20231201","[1548249]"
"OPTMix-012-P2-240-20231201","[1548508, 1390367]"
"OPTMix-012-P3-190-20231201","[1743472, 1743927]"
"OPTMix-012-P3-218-20231201","[1390367]"
"OPTMix-012-P3-220-20231201","[1743472]"
"OPTMix-0178-P1-1060-20231006","[1399148, 1391802, 1392035]"
"OPTMix-0178-P1-1061-20231006","[1688110]"
"OPTMix-0178-P1-552-20231006","[1399148, 1742074]"
"OPTMix-0178-P1-661-20231006","[1391802, 1744319, 1399148, 1651142, 1399589, 1742074]"
"OPTMix-0178-P1-663-20231006","[1688110, 1358118]"
"OPTMix-0178-P1-669-20231006","[1688110, 1548508]"
"OPTMix-0200-11006-20231009","[1548182]"
"OPTMix-0200-P2-53-20231009","[1357584]"
"OPTMix-0200-P2-54-20231009","[1361761]"
"OPTMix-0200-P2-68-20231009","[1505488, 1392089]"
"OPTMix-0200-P3-108-20231009","[1399589]"
"OPTMix-0200-P3-127-20231009","[1743472]"
"OPTMix-0200-P3-139-20231009","[1743472, 1493381]"
"OPTMix-0214-P1-207-20231010","[1743933, 1651113, 1548508]"
"OPTMix-0214-P1-208-20231010","[1743933, 1744176]"
"OPTMix-0214-P1-235-20231010","[1392081, 1390367]"
"OPTMix-0214-P2-22-20231010","[1744368, 1564457]"
"OPTMix-0214-P2-64-20231010","[1393914]"
"OPTMix-0214-P2-84-20231010","[1548508, 1505488, 1548249]"
"OPTMix-0214-P3-186-20231010","[1743933, 1742026]"
"OPTMix-0214-P3-196-20231010","[1548249, 1743933, 1688110]"
"OPTMix-0214-P3-278-20231010","[1743472, 1392089, 1744551, 1588800]"
"OPTMix-0216-P4-208-20231009","[1743933, 1396682, 1742074]"
"OPTMix-0255-11233-20231009","[1743472]"
"OPTMix-0255-11372-20231009","[1743933]"
"OPTMix-0255-11382-20231009","[1743472, 1647823]"
"OPTMix-033-P3-107-20231201","[1744551]"
"OPTMix-0333-P1-107-20231212","[1358118]"
"OPTMix-0333-P1-112-20231212","[1358118]"
"OPTMix-0333-P2-108-20231212","[1358118]"
"OPTMix-0333-P2-112-20231212","[1392089]"
"OPTMix-0333-P2-115-20231212","[1358118, 1744551]"
"OPTMix-0333-P3-100-20231201","[1489066]"
"OPTMix-0333-P3-76-20231201","[1743507]"
"OPTMix-057-P1-1699-20231010","[1742074, 1399589, 1632961, 1458029, 1743933]"
"OPTMix-057-P1-1901-20231010","[1743933, 1456505]"
"OPTMix-057-P1-1902-20231010","[1742074]"
"OPTMix-057-P1-1913-20231010","[1743927, 1744551]"
"OPTMix-057-P1-1917-20231010","[1742074, 1744551, 1651142, 1739064, 1391802, 1399148, 1392315, 1688110, 1392035, 1531035]"
"OPTMix-0593-P1-129-20231205","[1548508]"
"OPTMix-0593-P1-134-20231205","[1390367]"
"OPTMix-0593-P1-86-20231205","[1390367, 1744176]"
"OPTMix-0593-P2-180-20231205","[1743933]"
"OPTMix-0593-P2-84-20231205","[1548508]"
"OPTMix-0593-P2-92-20231205","[1741922]"
"OPTMix-0593-P3-130-20231205","[1743933]"
"OPTMix-0593-P3-146-20231205","[1743933]"
"OPTMix-0593-P3-87-20231205","[1390467]"
"OPTMix-0598-P1-118-20231205","[1647823]"
"OPTMix-0598-P1-132-20231205","[1390367]"
"OPTMix-0598-P1-133-20231205","[1358118]"
"OPTMix-0598-P1-149-20231205","[1358118, 1688110]"
"OPTMix-0598-P1-197-20231205","[1492610]"
"OPTMix-0598-P1-198-20231205","[1358118]"
"OPTMix-0598-P2-102-20231205","[1399148]"
"OPTMix-0598-P2-139-20231207","[1741922]"
"OPTMix-0598-P2-86-20231207","[1743933]"
"OPTMix-0598-P2-99-20231205","[1358118]"
"OPTMix-0598-P4-104-20231207","[1492610]"
"OPTMix-0598-P4-108-20231207","[1741922]"
"OPTMix-0598-P4-128-20231207","[1548508]"
"OPTMix-083-P3-139-20231110","[1742074]"
"OPTMix-083-P3-186-20231110","[1358118, 1744551]"
"OPTMix-083-P3-96-20231110","[1564457]"
"OPTMix-108-P1-000-20231006","[1399148]"
"RNNB-1-1-20230512","[1489066, 1741922]"
"RNNB-1-1-20240117","[1545700, 1358118]"
"RNNB-1-10-20230512","[1744147]"
"RNNB-1-10-20240117","[1744412, 1493381]"
"RNNB-1-2-20230512","[1741922, 1688110, 1489066, 1738887]"
"RNNB-1-2-20240117","[1545700, 1358118, 1489066, 1743472, 1397833, 1744678]"
"RNNB-1-3-20230512","[1392317, 1744233]"
"RNNB-1-3-20240117","[1545700, 1358118, 1722704, 1396600, 1489066, 1743781]"
"RNNB-1-4-20230512","[1744147]"
"RNNB-1-4-20240117","[1545700]"
"RNNB-1-5-20230512","[1744147]"
"RNNB-1-5-20240117","[1531436]"
"RNNB-1-6-20230512","[1744233, 1610814]"
"RNNB-1-6-20240117","[1744412, 1531432]"
"RNNB-1-7-20230512","[1744147, 1666441]"
"RNNB-1-7-20240117","[1743472]"
"RNNB-1-8-20230512","[1492610]"
"RNNB-1-8-20240117","[1744412, 1358118, 1489066, 1390541, 1396600]"
"RNNB-1-9-20230512","[1744147]"
"RNNB-1-9-20240117","[1744412, 1493381]"
"RNNB-2-1-20230512","[1744170]"
"RNNB-2-1-20240117","[1744412, 1492610, 1493381]"
"RNNB-2-10-20230512","[1564457]"
"RNNB-2-10-20240117","[1399589, 1647141, 1744412]"
"RNNB-2-2-20230512","[1688110]"
"RNNB-2-2-20240117","[1492610, 1744412, 1396600]"
"RNNB-2-3-20230512","[1564457, 1647166]"
"RNNB-2-3-20240117","[1744412, 1492610, 1456747]"
"RNNB-2-4-20230512","[1505488]"
"RNNB-2-4-20240117","[1492610, 1688110]"
"RNNB-2-5-20230512","[1357866]"
"RNNB-2-5-20240117","[1492610]"
"RNNB-2-6-20230512","[1564457, 1647166]"
"RNNB-2-6-20240117","[1492610, 1560392]"
"RNNB-2-7-20230512","[1564457]"
"RNNB-2-7-20240117","[1744412]"
"RNNB-2-8-20230512","[1564457]"
"RNNB-2-8-20240117","[1492610, 1396600, 1743927, 1744412]"
"RNNB-2-9-20230512","[1564457]"
"RNNB-2-9-20240117","[1456747, 1357739, 1492610, 1399589, 1359011]"
"RNNB-3-1-20230512","[1722704, 1357866, 1531436]"
"RNNB-3-1-20240117","[1545700, 1744412, 1396600]"
"RNNB-3-10-20230512","[1743472, 1396860]"
"RNNB-3-10-20240117","[1744412]"
"RNNB-3-11-20230512","[1392336, 1493381, 1479995]"
"RNNB-3-12-20230512","[1479995, 1743472, 1493381, 1392336]"
"RNNB-3-2-20230512","[1564609, 1663927, 1390467]"
"RNNB-3-2-20240117","[1545700, 1744412]"
"RNNB-3-3-20240117","[1744412]"
"RNNB-3-4-20230512","[1531436, 1743472, 1473216, 1396682, 1744041, 1363881]"
"RNNB-3-4-20240117","[1396600, 1744412, 1492610]"
"RNNB-3-5-20230512","[1743472]"
"RNNB-3-5-20240117","[1396600, 1547096, 1744412, 1363881, 1651204]"
"RNNB-3-6-20230512","[1743472, 1493381, 1399768]"
"RNNB-3-6-20240117","[1399736, 1396600, 1744412]"
"RNNB-3-7-20230512","[1743472]"
"RNNB-3-7-20240117","[1545700, 1489066]"
"RNNB-3-8-20230512","[1743472, 1744412]"
"RNNB-3-8-20240117","[1396600, 1489066, 1651204, 1489808, 1389135, 1545700]"
"RNNB-3-9-20230512","[1743472, 1505488]"
"RNNB-3-9-20240117","[1396600]"
"RNNB-4-1-20240117","[1743927, 1666441, 1744392]"
"RNNB-4-1-20240118","[1588800]"
"RNNB-4-10-20240117","[1390541]"
"RNNB-4-10-20240118","[1399589]"
"RNNB-4-2-20240117","[1743927, 1560392, 1393503, 1548249]"
"RNNB-4-2-20240118","[1363881, 1651142]"
"RNNB-4-3-20240117","[1744412, 1743927, 1560392]"
"RNNB-4-3-20240118","[1394674, 1743927]"
"RNNB-4-4-20240117","[1743927, 1560392, 1396600, 1744412]"
"RNNB-4-4-20240118","[1743927, 1390541, 1744551, 1560392, 1744392]"
"RNNB-4-5-20240117","[1743927, 1744412, 1396600]"
"RNNB-4-5-20240118","[1363881]"
"RNNB-4-6-20240117","[1744412]"
"RNNB-4-6-20240118","[1743525]"
"RNNB-4-7-20240117","[1744412, 1396600]"
"RNNB-4-7-20240118","[1392081]"
"RNNB-4-8-20240117","[1396600, 1390541, 1744412, 1560392]"
"RNNB-4-8-20240118","[1743218]"
"RNNB-4-9-20240117","[1744412]"
"RNNB-4-9-20240118","[1392081, 1393474]"
"RNNB-5-1-20240117","[1743550]"
"RNNB-5-1-20240118","[1396600]"
"RNNB-5-10-20240117","[1489066]"
"RNNB-5-10-20240118","[1744233]"
"RNNB-5-2-20240117","[1392852]"
"RNNB-5-2-20240118","[1492610]"
"RNNB-5-3-20240117","[1390541]"
"RNNB-5-3-20240118","[1743927, 1744392, 1390541, 1399589]"
"RNNB-5-4-20240117","[1492610]"
"RNNB-5-4-20240118","[1744392]"
"RNNB-5-5-20240117","[1741922]"
"RNNB-5-5-20240118","[1688110]"
"RNNB-5-6-20240117","[1396682]"
"RNNB-5-6-20240118","[1363881]"
"RNNB-5-7-20240117","[1744392]"
"RNNB-5-7-20240118","[1493381]"
"RNNB-5-8-20240117","[1666441]"
"RNNB-5-8-20240118","[1489066, 1744392, 1493381]"
"RNNB-5-9-20240117","[1664603, 1744392, 1560392]"
"RNNB-5-9-20240118","[1744551]"
"RNNB-6-1-20240117","[1390541]"
"RNNB-6-1-20240118","[1560392, 1492461, 1743927, 1389135, 1396600]"
"RNNB-6-10-20240117","[1688110]"
"RNNB-6-10-20240118","[1743525]"
"RNNB-6-2-20240117","[1564609]"
"RNNB-6-2-20240118","[1393503, 1560392]"
"RNNB-6-3-20240117","[1493381]"
"RNNB-6-3-20240118","[1688110, 1363881, 1396600, 1493381]"
"RNNB-6-4-20240117","[1744551, 1744413, 1493678]"
"RNNB-6-4-20240118","[1560392, 1393503, 1390541, 1744392, 1396600, 1744412]"
"RNNB-6-5-20240117","[1390541, 1389135, 1744551, 1396600, 1505488, 1560392]"
"RNNB-6-5-20240118","[1744412, 1744392]"
"RNNB-6-6-20240117","[1560392, 1390541, 1744392, 1744551]"
"RNNB-6-6-20240118","[1560392, 1743927, 1744412, 1744392, 1390541]"
"RNNB-6-7-20240117","[1744551, 1560392]"
"RNNB-6-7-20240118","[1392081]"
"RNNB-6-8-20240117","[1744392, 1560392, 1743927, 1654025, 1744551]"
"RNNB-6-8-20240118","[1390541, 1560392, 1743927]"
"RNNB-6-9-20240117","[1489066, 1358118]"
"RNNB-6-9-20240118","[1744412, 1560392, 1743927, 1390541]"
"RNNB-7-1-20240118","[1647348]"
"RNNB-7-10-20240118","[1657246, 1399589]"
"RNNB-7-2-20240118","[1744551]"
"RNNB-7-3-20240118","[1744551]"
"RNNB-7-4-20240118","[1744413]"
"RNNB-7-5-20240118","[1647348]"
"RNNB-7-6-20240118","[1744233]"
"RNNB-7-7-20240118","[1688110]"
"RNNB-7-8-20240118","[1399589, 1744392, 1489066]"
"RNNB-7-9-20240118","[1688110, 1489066]"
"RNNB-8-1-20240118","[1688110, 1744551]"
"RNNB-8-10-20240118","[1392317]"
"RNNB-8-2-20240118","[1688110]"
"RNNB-8-3-20240118","[1744412]"
"RNNB-8-4-20240118","[1396600]"
"RNNB-8-5-20240118","[1545700, 1396600]"
"RNNB-8-6-20240118","[1396600, 1390467]"
"RNNB-8-7-20240118","[1390467, 1359140, 1492610]"
"RNNB-8-8-20240118","[1396600]"
"RNNB-8-9-20240118","[1396600, 1390467]"
