"quadrat_id","species_ids"
"2024-CEV3-20240602","[1673181, 1397516, 1673309, 1636854, 1743760, 1502922, 1392147, 1489808, 1741775, 1738785]"
"CBN-PdlC-A1-20130807","[1394915, 1399800, 1645887, 1741617, 1398827, 1546217, 1743375, 1737662, 1480731, 1396294]"
"CBN-PdlC-A1-20130903","[1645887, 1390899, 1399800, 1394843, 1504027, 1389508, 1744425, 1392291, 1394915, 1564310]"
"CBN-PdlC-A1-20140721","[1645887, 1394915, 1743375, 1399800, 1647175, 1580587, 1389250, 1392470, 1391781, 1452284]"
"CBN-PdlC-A1-20140811","[1645887, 1392291, 1399800, 1394915, 1391070, 1392075, 1361273, 1561314, 1547096, 1504027]"
"CBN-PdlC-A1-20140901","[1394843, 1399800, 1390899, 1645887, 1392291, 1664942, 1564310, 1722566, 1744425, 1400079]"
"CBN-PdlC-A1-20150701","[1399800, 1645887, 1389508, 1392291, 1723185, 1504027, 1744425, 1499783, 1394843, 1394915]"
"CBN-PdlC-A1-20150720","[1399800, 1645887, 1394915, 1561314, 1744169, 1739203, 1580587, 1394843, 1737561, 1564317]"
"CBN-PdlC-A1-20150831","[1399800, 1645887, 1390899, 1739203, 1744425, 1394843, 1394915, 1362179, 1561314, 1744635]"
"CBN-PdlC-A1-20160705","[1399800, 1743375, 1737662, 1743474, 1744425, 1647175, 1394915, 1390899, 1744169, 1645887]"
"CBN-PdlC-A1-20160726","[1399800, 1394843, 1645887, 1390899, 1392291, 1744425, 1392075, 1393887, 1564317, 1394543]"
"CBN-PdlC-A1-20170816","[1392291, 1399800, 1390899, 1744425, 1645887, 1739203, 1425299, 1394915, 1479520, 1389508]"
"CBN-PdlC-A1-20170906","[1645887, 1743474, 1739203, 1399800, 1738961, 1399082, 1743904, 1744425, 1356765, 1743375]"
"CBN-PdlC-A1-20180702","[1399800, 1645887, 1647175, 1504116, 1392317, 1393887, 1360525, 1393826, 1390899, 1367432]"
"CBN-PdlC-A1-20180815","[1399800, 1450786, 1739203, 1645887, 1744425, 1743474, 1363043, 1744635, 1722432, 1743904]"
"CBN-PdlC-A1-20180905","[1739203, 1399800, 1744425, 1743474, 1390899, 1743904, 1645887, 1450786, 1393973, 1392291]"
"CBN-PdlC-A1-20190701","[1645887, 1399800, 1744425, 1398780, 1393826, 1479520, 1392317, 1504116, 1398740, 1394915]"
"CBN-PdlC-A1-20190722","[1739203, 1399800, 1564310, 1722432, 1499783, 1392054, 1573648, 1480731, 1743375, 1743904]"
"CBN-PdlC-A1-20190812","[1739203, 1564310, 1450786, 1645887, 1399800, 1389687, 1647175, 1499783, 1479671, 1502831]"
"CBN-PdlC-A1-20190909","[1744425, 1389508, 1573648, 1738583, 1505488, 1499783, 1390899, 1399800, 1499638, 1360289]"
"CBN-PdlC-A1-20200629","[1628862, 1668525, 1361517, 1391400, 1392054, 1395470, 1393032, 1393544, 1390388, 1399800]"
"CBN-PdlC-A1-20200722","[1564310, 1645887, 1556685, 1499783, 1392291, 1744867, 1394915, 1392075, 1480731, 1399800]"
"CBN-PdlC-A1-20200812","[1399800, 1739203, 1564310, 1645887, 1480731, 1499783, 1743659, 1396294, 1737561, 1450786]"
"CBN-PdlC-A2-20130807","[1396294, 1506481, 1645887, 1741752, 1743375, 1744395, 1499783, 1722432, 1743101, 1399800]"
"CBN-PdlC-A2-20130903","[1645887, 1393952, 1362682, 1506481, 1743375, 1394915, 1398827, 1391400, 1548249, 1743714]"
"CBN-PdlC-A2-20140721","[1743904, 1392054, 1645887, 1647575, 1389535, 1744325, 1743474, 1507261, 1743375, 1738961]"
"CBN-PdlC-A2-20140901","[1645887, 1743904, 1392054, 1506481, 1564317, 1360289, 1360964, 1523071, 1389508, 1499783]"
"CBN-PdlC-A2-20150720","[1645887, 1564310, 1573648, 1739203, 1499783, 1697320, 1450786, 1652252, 1399800, 1506481]"
"CBN-PdlC-A2-20150810","[1499783, 1645887, 1506481, 1697320, 1564310, 1392054, 1564317, 1743385, 1652252, 1479671]"
"CBN-PdlC-A2-20150831","[1645887, 1743904, 1564310, 1506481, 1356708, 1739203, 1392054, 1564317, 1499783, 1738583]"
"CBN-PdlC-A2-20160705","[1743904, 1645887, 1564493, 1499783, 1390388, 1743474, 1392054, 1744425, 1399800, 1744325]"
"CBN-PdlC-A2-20160726","[1390899, 1645887, 1399800, 1390693, 1499783, 1392054, 1394843, 1362136, 1523071, 1652252]"
"CBN-PdlC-A2-20170816","[1499783, 1645887, 1399800, 1392054, 1390899, 1392044, 1743375, 1392291, 1744425, 1390693]"
"CBN-PdlC-A2-20180702","[1743904, 1392054, 1645887, 1507261, 1564493, 1741701, 1738961, 1360964, 1390388, 1356708]"
"CBN-PdlC-A2-20180723","[1645887, 1506481, 1499783, 1392054, 1564310, 1722432, 1362136, 1743904, 1390693, 1394843]"
"CBN-PdlC-A2-20180815","[1499783, 1743904, 1392054, 1450786, 1564310, 1743375, 1739203, 1396691, 1399800, 1647823]"
"CBN-PdlC-A2-20180905","[1392054, 1743904, 1499783, 1399800, 1645887, 1390899, 1744425, 1390693, 1564310, 1743375]"
"CBN-PdlC-A2-20190701","[1392291, 1393544, 1398827, 1359386, 1435507, 1645887]"
"CBN-PdlC-A2-20190722","[1499783, 1645887, 1564310, 1744473, 1743375, 1722432, 1739203, 1392054, 1390662, 1652252]"
"CBN-PdlC-A2-20190812","[1499783, 1743904, 1739203, 1392054, 1645887, 1396691, 1564310, 1392044, 1743375, 1513956]"
"CBN-PdlC-A2-20190909","[1499783, 1399800, 1744425, 1392054, 1392291, 1392044, 1564310, 1506481, 1390693, 1564317]"
"CBN-PdlC-A2-20200629","[1628862, 1744425, 1743904, 1399800, 1357543, 1396544, 1738683, 1392054, 1361517, 1359593]"
"CBN-PdlC-A2-20200722","[1645887, 1396294, 1506481, 1394543, 1743375, 1393952, 1389986, 1744473, 1399800, 1531358]"
"CBN-PdlC-A2-20200812","[1499783, 1392054, 1743904, 1744170, 1564310, 1636854, 1645887, 1722432, 1396691, 1507261]"
"CBN-PdlC-A3-20130807","[1499783, 1628811, 1392175, 1450786, 1743786, 1564310, 1632987, 1617119, 1744672, 1392470]"
"CBN-PdlC-A3-20130903","[1628811, 1392291, 1390899, 1722432, 1392175, 1645887, 1400074, 1391400, 1687979, 1737489]"
"CBN-PdlC-A3-20140721","[1389401, 1499783, 1563230, 1687979, 1628811, 1392470, 1743375, 1450786, 1617119, 1399800]"
"CBN-PdlC-A3-20140811","[1561314, 1392175, 1667408, 1396339, 1628811, 1743786, 1687979, 1495430, 1517630, 1564310]"
"CBN-PdlC-A3-20140901","[1392175, 1645887, 1392291, 1356708, 1564310, 1390693, 1399800, 1499638, 1390244, 1561314]"
"CBN-PdlC-A3-20150701","[1564310, 1392291, 1397838, 1499783, 1738583, 1628811, 1614893, 1492055, 1499638, 1452284]"
"CBN-PdlC-A3-20150720","[1499783, 1564310, 1389250, 1628811, 1563230, 1561314, 1647185, 1517630, 1452284, 1743385]"
"CBN-PdlC-A3-20150810","[1499783, 1743385, 1499638, 1564317, 1564310, 1561314, 1738583, 1357584, 1687979, 1645887]"
"CBN-PdlC-A3-20150831","[1561314, 1499783, 1392175, 1564310, 1739203, 1687979, 1502831, 1743385, 1392114, 1390899]"
"CBN-PdlC-A3-20160705","[1499783, 1399800, 1563230, 1564493, 1390225, 1392470, 1744169, 1645887, 1744389, 1652252]"
"CBN-PdlC-A3-20160726","[1399800, 1502831, 1390244, 1396691, 1628811, 1744473, 1556685, 1563230, 1744169, 1499783]"
"CBN-PdlC-A3-20170816","[1499783, 1744473, 1392291, 1564317, 1399800, 1499638, 1502831, 1738583, 1390693, 1580587]"
"CBN-PdlC-A3-20170906","[1499783, 1502831, 1563230, 1399800, 1495410, 1450786, 1396591, 1396691, 1392291, 1389687]"
"CBN-PdlC-A3-20180702","[1399800, 1744427, 1499783, 1452689, 1356800, 1393952, 1392175, 1744483, 1425299, 1362136]"
"CBN-PdlC-A3-20180723","[1564310, 1499783, 1645887, 1492055, 1392291, 1573648, 1394843, 1403435, 1744868, 1628811]"
"CBN-PdlC-A3-20180815","[1499783, 1499638, 1564317, 1392291, 1390693, 1744473, 1425299, 1390899, 1357584, 1506481]"
"CBN-PdlC-A3-20180905","[1499783, 1564310, 1396591, 1739203, 1392291, 1743385, 1389687, 1502831, 1744473, 1564317]"
"CBN-PdlC-A3-20190701","[1647823, 1356800, 1389508, 1452689, 1393952, 1392291, 1744427, 1493092, 1397838, 1399800]"
"CBN-PdlC-A3-20190722","[1499783, 1564310, 1744473, 1564317, 1392201, 1743385, 1392928, 1563230, 1741752, 1739203]"
"CBN-PdlC-A3-20190812","[1499783, 1564310, 1502831, 1645887, 1420566, 1396294, 1580587, 1739203, 1646778, 1389687]"
"CBN-PdlC-A3-20190909","[1499783, 1564310, 1744473, 1564317, 1400074, 1392291, 1573648, 1628811, 1652252, 1502831]"
"CBN-PdlC-A3-20200629","[1628862, 1356078, 1393544, 1425448, 1743385, 1687895, 1391400, 1743819, 1399800, 1457213]"
"CBN-PdlC-A3-20200722","[1499783, 1564310, 1499638, 1392291, 1573648, 1564317, 1390244, 1393462, 1357584, 1737551]"
"CBN-PdlC-A3-20200812","[1499783, 1564310, 1502831, 1392201, 1580587, 1392291, 1399800, 1358523, 1744473, 1390467]"
"CBN-PdlC-A4-20130807","[1399800, 1722432, 1362682, 1744395, 1637710, 1697320, 1389986, 1390225, 1738583, 1390467]"
"CBN-PdlC-A4-20130903","[1399800, 1722432, 1392175, 1362682, 1396123, 1502922, 1390225, 1744027, 1744868, 1393544]"
"CBN-PdlC-A4-20140811","[1741661, 1741954, 1392201, 1399800, 1360746, 1392892, 1498118, 1390467, 1495430, 1697320]"
"CBN-PdlC-A4-20140901","[1392201, 1392114, 1744618, 1399800, 1495430, 1362682, 1744868, 1518628, 1744425, 1517471]"
"CBN-PdlC-A4-20150701","[1394843, 1357866, 1399800, 1653641, 1392291, 1564317, 1400079, 1628811, 1687979, 1647575]"
"CBN-PdlC-A4-20150810","[1399800, 1392114, 1744618, 1362682, 1392075, 1743786, 1392201, 1614893, 1744868, 1741954]"
"CBN-PdlC-A4-20150831","[1741954, 1392201, 1399800, 1390899, 1556685, 1392892, 1393973, 1392291, 1362682, 1390467]"
"CBN-PdlC-A4-20160705","[1399800, 1390225, 1392317, 1392928, 1390388, 1498118, 1394765, 1523597, 1722432, 1392201]"
"CBN-PdlC-A4-20160726","[1392201, 1392075, 1399800, 1390693, 1392892, 1657246, 1390225, 1744618, 1360504, 1392928]"
"CBN-PdlC-A4-20170816","[1399800, 1362682, 1392291, 1502540, 1722432, 1390693, 1744473, 1425299, 1392513, 1358326]"
"CBN-PdlC-A4-20170906","[1392201, 1399800, 1392892, 1396591, 1744635, 1647155, 1392291, 1495430, 1392513, 1393973]"
"CBN-PdlC-A4-20180702","[1743448, 1452284, 1723185, 1393686, 1504116, 1743819, 1357866, 1498118, 1548249, 1741661]"
"CBN-PdlC-A4-20180723","[1744618, 1498118, 1399800, 1392114, 1413421, 1388918, 1389448, 1390899, 1390244, 1722432]"
"CBN-PdlC-A4-20180815","[1744868, 1399800, 1425299, 1396123, 1392175, 1653641, 1722432, 1669616, 1394843, 1390899]"
"CBN-PdlC-A4-20180905","[1392201, 1741954, 1399800, 1657246, 1393973, 1420566, 1743385, 1743933, 1390693, 1741661]"
"CBN-PdlC-A4-20190701","[1741661, 1393686, 1743448, 1687979, 1400079, 1392513, 1723185, 1722432, 1361058, 1502540]"
"CBN-PdlC-A4-20190722","[1741661, 1392201, 1743583, 1741954, 1697320, 1392075, 1420566, 1389401, 1495430, 1479524]"
"CBN-PdlC-A4-20190812","[1741954, 1392201, 1741661, 1495430, 1647155, 1517471, 1744618, 1392892, 1392114, 1359273]"
"CBN-PdlC-A4-20190909","[1741661, 1693472, 1637419, 1394843, 1744618, 1392201, 1399800, 1390899, 1362682, 1502540]"
"CBN-PdlC-A4-20200629","[1687979, 1744618, 1741661, 1743819, 1393686, 1392201, 1743448, 1389401, 1452284, 1743931]"
"CBN-PdlC-A4-20200722","[1744618, 1697320, 1687979, 1392201, 1392075, 1453584, 1741661, 1399800, 1498118, 1392114]"
"CBN-PdlC-A4-20200812","[1392201, 1744618, 1741661, 1687979, 1741954, 1697320, 1392114, 1744035, 1399800, 1743786]"
"CBN-PdlC-A5-20130807","[1573648, 1389986, 1647823, 1744395, 1499783, 1722432, 1744169, 1657246, 1493381, 1392928]"
"CBN-PdlC-A5-20130903","[1647823, 1744395, 1657246, 1573648, 1362367, 1722432, 1744208, 1499783, 1722704, 1723185]"
"CBN-PdlC-A5-20140721","[1392201, 1357866, 1744395, 1722704, 1744169, 1563230, 1390662, 1393668, 1657246, 1392928]"
"CBN-PdlC-A5-20140811","[1499783, 1392201, 1573648, 1744395, 1393927, 1361576, 1391802, 1647155, 1390693, 1564310]"
"CBN-PdlC-A5-20150701","[1723185, 1744395, 1389555, 1389986, 1390662, 1392201, 1722432, 1647338, 1397386, 1390225]"
"CBN-PdlC-A5-20150831","[1723185, 1573648, 1741661, 1392201, 1744395, 1393686, 1396315, 1399800, 1363710, 1744473]"
"CBN-PdlC-A5-20160705","[1741661, 1392201, 1357866, 1722704, 1657246, 1390388, 1362179, 1358568, 1743101, 1389530]"
"CBN-PdlC-A5-20160726","[1657246, 1392201, 1647155, 1744395, 1499783, 1573648, 1556685, 1563230, 1743456, 1532993]"
"CBN-PdlC-A5-20170816","[1741661, 1657246, 1532993, 1362367, 1743781, 1743448, 1392201, 1390225, 1723185, 1687979]"
"CBN-PdlC-A5-20170906","[1361387, 1399800, 1532993, 1392201, 1647155, 1722704, 1744067, 1397838, 1390899, 1573648]"
"CBN-PdlC-A5-20180815","[1723185, 1397838, 1657246, 1573648, 1376496, 1363710, 1361576, 1743933, 1391802, 1393686]"
"CBN-PdlC-A5-20180905","[1399800, 1744169, 1389687, 1392201, 1573648, 1722704, 1532993, 1479671, 1563230, 1647155]"
"CBN-PdlC-A5-20190909","[1744208, 1573648, 1389687, 1722704, 1647575, 1358523, 1532993, 1550154, 1722566, 1647153]"
"CBN-PdlC-A5-20200722","[1393668, 1392201, 1744208, 1722704, 1532993, 1744395, 1556685, 1743456, 1396523, 1743385]"
"CBN-PdlC-A6-20130807","[1741661, 1744035, 1357102, 1687979, 1393492, 1622910, 1743101, 1610802, 1363362, 1391053]"
"CBN-PdlC-A6-20130903","[1741661, 1693472, 1744035, 1363362, 1396242, 1687979, 1396007, 1363823, 1591002, 1389530]"
"CBN-PdlC-A6-20140630","[1738683, 1395074, 1357543, 1356078, 1396274, 1363823, 1741661, 1391400, 1391764, 1743447]"
"CBN-PdlC-A6-20140721","[1741661, 1363362, 1361058, 1392201, 1573648, 1356796, 1744362, 1479524, 1687979, 1657246]"
"CBN-PdlC-A6-20140901","[1741661, 1573648, 1744035, 1743819, 1396242, 1392201, 1393492, 1547096, 1394843, 1646244]"
"CBN-PdlC-A6-20150701","[1741661, 1363362, 1396242, 1743448, 1358517, 1356796, 1573648, 1743583, 1687979, 1392075]"
"CBN-PdlC-A6-20150810","[1396242, 1741661, 1356796, 1394843, 1363362, 1744035, 1499783, 1658641, 1564555, 1573648]"
"CBN-PdlC-A6-20150831","[1741661, 1392513, 1392201, 1392075, 1744035, 1393973, 1363362, 1637419, 1396242, 1390899]"
"CBN-PdlC-A6-20160705","[1741661, 1356796, 1363362, 1687979, 1392513, 1392201, 1396007, 1479524, 1504027, 1394843]"
"CBN-PdlC-A6-20160726","[1741661, 1392075, 1744362, 1573648, 1393492, 1363823, 1361058, 1392201, 1356796, 1743583]"
"CBN-PdlC-A6-20170816","[1741661, 1687979, 1743781, 1389401, 1363710, 1392513, 1737546, 1363362, 1396242, 1399082]"
"CBN-PdlC-A6-20170906","[1741661, 1499783, 1390467, 1396007, 1392513, 1657246, 1744473, 1513956, 1363823, 1393973]"
"CBN-PdlC-A6-20180702","[1741661, 1657246, 1622910, 1687979, 1389401, 1392513, 1396007, 1647153, 1743781, 1743583]"
"CBN-PdlC-A6-20180723","[1741661, 1363823, 1693472, 1744035, 1687979, 1573648, 1684273, 1743660, 1363362, 1400079]"
"CBN-PdlC-A6-20180815","[1741661, 1722566, 1394843, 1400079, 1687979, 1363710, 1693472, 1392513, 1743583, 1657246]"
"CBN-PdlC-A6-20180905","[1741661, 1657246, 1524876, 1687979, 1392513, 1363710, 1479524, 1391400, 1499783, 1532993]"
"CBN-PdlC-A6-20190701","[1741661, 1657246, 1737546, 1687979, 1741985, 1363710, 1622910, 1392165, 1744331, 1664444]"
"CBN-PdlC-A6-20190722","[1741661, 1687979, 1392201, 1744035, 1744362, 1573648, 1657246, 1479524, 1390467, 1393492]"
"CBN-PdlC-A6-20190812","[1741661, 1390899, 1392892, 1396294, 1394843, 1394064, 1499783, 1392201, 1389530, 1392341]"
"CBN-PdlC-A6-20190909","[1741661, 1693472, 1390899, 1363043, 1532190, 1392201, 1743398, 1392075, 1622910, 1392513]"
"CBN-PdlC-A6-20200722","[1741661, 1392201, 1479524, 1392075, 1687979, 1393973, 1363823, 1532190, 1393492, 1687981]"
"CBN-PdlC-A6-20200812","[1741661, 1744035, 1394843, 1363362, 1693472, 1392513, 1393973, 1499783, 1390899, 1392201]"
"CBN-PdlC-B1-20130807","[1390467, 1389135, 1502831, 1399800, 1668744, 1498118, 1392201, 1358326, 1392608, 1389986]"
"CBN-PdlC-B1-20130903","[1389135, 1395608, 1360504, 1744027, 1498118, 1722432, 1564555, 1400074, 1395074, 1361619]"
"CBN-PdlC-B1-20140721","[1389135, 1390467, 1687979, 1392892, 1550154, 1523597, 1395074, 1399800, 1480731, 1744027]"
"CBN-PdlC-B1-20140811","[1744425, 1495430, 1390244, 1397838, 1392159, 1392097, 1522444, 1645887, 1722432, 1390899]"
"CBN-PdlC-B1-20140901","[1390244, 1744868, 1560392, 1399800, 1744027, 1744425, 1389559, 1395608, 1390899, 1393574]"
"CBN-PdlC-B1-20150701","[1723185, 1564310, 1392291, 1744618, 1744425, 1744208, 1498118, 1394843, 1399800, 1667408]"
"CBN-PdlC-B1-20150720","[1389135, 1741954, 1390244, 1744868, 1395608, 1722432, 1739066, 1744021, 1479531, 1668744]"
"CBN-PdlC-B1-20150810","[1499783, 1362682, 1397086, 1564310, 1392755, 1390244, 1722432, 1360504, 1499638, 1392291]"
"CBN-PdlC-B1-20150831","[1399800, 1561314, 1390899, 1744425, 1389135, 1502831, 1722432, 1395608, 1737561, 1647150]"
"CBN-PdlC-B1-20160705","[1743474, 1399800, 1390244, 1392175, 1687979, 1391459, 1744868, 1523597, 1722432, 1392177]"
"CBN-PdlC-B1-20160726","[1389508, 1744868, 1744425, 1397086, 1392755, 1645887, 1390899, 1722432, 1392291, 1399800]"
"CBN-PdlC-B1-20170816","[1399800, 1393686, 1722432, 1390899, 1392291, 1425299, 1564310, 1499638, 1744868, 1499783]"
"CBN-PdlC-B1-20170906","[1550154, 1390467, 1363043, 1667408, 1392054, 1744868, 1742773, 1687979, 1502831, 1744425]"
"CBN-PdlC-B1-20180702","[1392054, 1360525, 1743375, 1393087, 1743904, 1400162, 1358326, 1390662, 1743474, 1367432]"
"CBN-PdlC-B1-20180723","[1390244, 1564310, 1394843, 1628811, 1397086, 1392291, 1398827, 1396628, 1744672, 1389135]"
"CBN-PdlC-B1-20180815","[1363043, 1561314, 1743375, 1744425, 1392513, 1667408, 1390693, 1744868, 1398827, 1495430]"
"CBN-PdlC-B1-20180905","[1744425, 1667408, 1390899, 1561314, 1392513, 1744868, 1399800, 1743474, 1392175, 1499638]"
"CBN-PdlC-B1-20190701","[1645887, 1396864, 1399800, 1367432, 1398780, 1389508, 1504116, 1389555, 1744425, 1723185]"
"CBN-PdlC-B1-20190722","[1564310, 1389135, 1502831, 1687979, 1739066, 1395608, 1495474, 1737490, 1480731, 1390244]"
"CBN-PdlC-B1-20190812","[1395608, 1389135, 1741954, 1564310, 1667408, 1390693, 1390244, 1502831, 1647150, 1687979]"
"CBN-PdlC-B1-20190909","[1564310, 1399800, 1744672, 1392114, 1743659, 1389135, 1395608, 1687979, 1392097, 1358523]"
"CBN-PdlC-B1-20200629","[1392054, 1356708, 1743904, 1359593, 1507261, 1743375, 1744027, 1358326, 1399800, 1390662]"
"CBN-PdlC-B1-20200722","[1564310, 1495474, 1389135, 1395608, 1667408, 1395074, 1744868, 1744027, 1392755, 1687979]"
"CBN-PdlC-B1-20200812","[1741954, 1667408, 1395608, 1389135, 1495474, 1687979, 1647150, 1550154, 1390693, 1502831]"
"CBN-PdlC-B2-20130807","[1645887, 1396294, 1389135, 1390225, 1743375, 1722432, 1498118, 1664942, 1392892, 1667408]"
"CBN-PdlC-B2-20130903","[1498118, 1395608, 1400074, 1397086, 1744425, 1564555, 1396527, 1389135, 1722432, 1392114]"
"CBN-PdlC-B2-20140721","[1687979, 1389135, 1390467, 1360780, 1550154, 1399800, 1360504, 1743474, 1564555, 1356001]"
"CBN-PdlC-B2-20140811","[1564555, 1744425, 1741954, 1390467, 1667408, 1395608, 1390693, 1398988, 1389135, 1397086]"
"CBN-PdlC-B2-20140901","[1667408, 1564555, 1498118, 1425299, 1361619, 1395608, 1400074, 1389135, 1399800, 1743309]"
"CBN-PdlC-B2-20150701","[1667408, 1390225, 1399800, 1645887, 1435507, 1744425, 1743309, 1743375, 1358326, 1523597]"
"CBN-PdlC-B2-20150720","[1645887, 1395608, 1563230, 1523597, 1389135, 1390693, 1743904, 1507261, 1722432, 1396691]"
"CBN-PdlC-B2-20150810","[1395608, 1390899, 1743904, 1722432, 1399800, 1562391, 1645887, 1392513, 1392291, 1389135]"
"CBN-PdlC-B2-20150831","[1390899, 1392513, 1722432, 1356708, 1743904, 1399800, 1645887, 1744425, 1392291, 1495430]"
"CBN-PdlC-B2-20160705","[1399800, 1743474, 1523597, 1563230, 1390899, 1390388, 1456505, 1392892, 1743375, 1743904]"
"CBN-PdlC-B2-20160726","[1743904, 1396294, 1390899, 1645887, 1399800, 1394843, 1744325, 1392044, 1743474, 1392513]"
"CBN-PdlC-B2-20170816","[1392044, 1743904, 1392513, 1356708, 1399800, 1667408, 1390899, 1392054, 1361619, 1664942]"
"CBN-PdlC-B2-20170906","[1399800, 1743474, 1563230, 1392513, 1390899, 1390467, 1390388, 1744496, 1667408, 1393973]"
"CBN-PdlC-B2-20180702","[1399800, 1645887, 1360907, 1392513, 1392054, 1358326, 1743904, 1738961, 1743474, 1356800]"
"CBN-PdlC-B2-20180723","[1645887, 1393174, 1399800, 1564310, 1744473, 1394543, 1744425, 1393952, 1390899, 1722432]"
"CBN-PdlC-B2-20180815","[1743904, 1744425, 1357646, 1392054, 1479671, 1392044, 1645887, 1392513, 1391226, 1738961]"
"CBN-PdlC-B2-20180905","[1390899, 1399800, 1743904, 1392044, 1722432, 1392513, 1392054, 1356708, 1390693, 1645887]"
"CBN-PdlC-B2-20190701","[1645887, 1399800, 1392054, 1356708, 1722432, 1396998, 1357866, 1390899, 1562391, 1398740]"
"CBN-PdlC-B2-20190722","[1645887, 1396294, 1743904, 1399800, 1744325, 1495430, 1396126, 1392513, 1395608, 1360780]"
"CBN-PdlC-B2-20190812","[1392513, 1743904, 1399800, 1392044, 1390899, 1722432, 1495430, 1645887, 1588647, 1390693]"
"CBN-PdlC-B2-20190909","[1399800, 1390899, 1744425, 1356708, 1392044, 1362682, 1394843, 1564555, 1359386, 1392513]"
"CBN-PdlC-B2-20200629","[1392054, 1399800, 1392928, 1628862, 1357866, 1356708, 1573648, 1391400, 1390388, 1741616]"
"CBN-PdlC-B2-20200722","[1390467, 1741954, 1397086, 1645887, 1392201, 1395074, 1393087, 1396628, 1502750, 1389135]"
"CBN-PdlC-B2-20200812","[1389135, 1395608, 1668744, 1392044, 1390899, 1396126, 1741954, 1647185, 1667408, 1480731]"
"CBN-PdlC-B3-20130807","[1722432, 1744169, 1376496, 1499783, 1564493, 1393952, 1396279, 1742895, 1743760, 1628811]"
"CBN-PdlC-B3-20130903","[1358523, 1390899, 1399800, 1645887, 1393952, 1356708, 1396123, 1743977, 1400074, 1506481]"
"CBN-PdlC-B3-20140721","[1645887, 1390225, 1399800, 1392470, 1743375, 1722432, 1390899, 1390388, 1652252, 1392513]"
"CBN-PdlC-B3-20140811","[1744169, 1399800, 1390899, 1645887, 1722432, 1356708, 1499783, 1392075, 1652252, 1450786]"
"CBN-PdlC-B3-20140901","[1744642, 1360964, 1562391, 1390662, 1743385, 1362273, 1392075, 1687993, 1505544, 1358568]"
"CBN-PdlC-B3-20150701","[1563230, 1390225, 1645887, 1617119, 1407770, 1723185, 1393686, 1389555, 1393864, 1744635]"
"CBN-PdlC-B3-20150810","[1645887, 1744642, 1390899, 1392291, 1479671, 1518628, 1392075, 1392054, 1743760, 1505544]"
"CBN-PdlC-B3-20150831","[1645887, 1450786, 1563230, 1390899, 1399800, 1738961, 1392054, 1744635, 1743375, 1390693]"
"CBN-PdlC-B3-20160705","[1399800, 1390388, 1744169, 1390899, 1359593, 1389555, 1390225, 1390693, 1392470, 1393864]"
"CBN-PdlC-B3-20160726","[1390693, 1399800, 1744169, 1743375, 1390899, 1392075, 1645887, 1738961, 1392470, 1396294]"
"CBN-PdlC-B3-20170816","[1743904, 1645887, 1392054, 1396294, 1743375, 1392983, 1564317, 1499783, 1738961, 1399800]"
"CBN-PdlC-B3-20170906","[1499783, 1744635, 1450786, 1645887, 1646778, 1647175, 1390693, 1739203, 1392054, 1564310]"
"CBN-PdlC-B3-20180702","[1645887, 1743980, 1390388, 1358326, 1389806, 1652252, 1399800, 1480601, 1393686, 1562391]"
"CBN-PdlC-B3-20180723","[1645887, 1394843, 1564310, 1399800, 1398780, 1390899, 1573648, 1390693, 1361619, 1358523]"
"CBN-PdlC-B3-20180815","[1645887, 1722566, 1394843, 1743904, 1653641, 1392983, 1399800, 1564317, 1628811, 1506481]"
"CBN-PdlC-B3-20180905","[1390693, 1450786, 1392054, 1399800, 1499783, 1743904, 1738961, 1495410, 1744169, 1645887]"
"CBN-PdlC-B3-20190701","[1645887, 1722432, 1399800, 1356708, 1562391, 1396864, 1628811, 1743447, 1393952, 1743760]"
"CBN-PdlC-B3-20190722","[1645887, 1392054, 1499783, 1743375, 1564317, 1564310, 1743760, 1357543, 1389250, 1617119]"
"CBN-PdlC-B3-20190812","[1645887, 1390693, 1450786, 1563230, 1499783, 1564310, 1392054, 1744635, 1743904, 1399800]"
"CBN-PdlC-B3-20190909","[1499783, 1645887, 1390899, 1399800, 1564317, 1363043, 1392054, 1506481, 1647175, 1564310]"
"CBN-PdlC-B3-20200629","[1392054, 1645887, 1628862, 1744425, 1357866, 1399800, 1356708, 1359593, 1743447, 1743819]"
"CBN-PdlC-B3-20200722","[1499783, 1564310, 1722432, 1362136, 1632987, 1358523, 1564317, 1739096, 1492055, 1645887]"
"CBN-PdlC-B3-20200812","[1399800, 1564310, 1392291, 1390899, 1739203, 1450786, 1744169, 1645887, 1741954, 1499783]"
"CBN-PdlC-B4-20130807","[1741661, 1693472, 1645887, 1358568, 1744425, 1396294, 1392513, 1396691, 1362136, 1723185]"
"CBN-PdlC-B4-20130903","[1741661, 1693472, 1744035, 1394843, 1394064, 1392513, 1363823, 1390899, 1400079, 1363710]"
"CBN-PdlC-B4-20140721","[1741661, 1392513, 1361058, 1363823, 1564555, 1392201, 1502939, 1479524, 1452284, 1393973]"
"CBN-PdlC-B4-20140811","[1741661, 1398768, 1396691, 1392054, 1392892, 1389530, 1550154, 1396587, 1744035, 1420566]"
"CBN-PdlC-B4-20140901","[1741661, 1744035, 1564555, 1362179, 1394843, 1360964, 1392324, 1389530, 1392513, 1744325]"
"CBN-PdlC-B4-20150701","[1741661, 1420566, 1392513, 1502939, 1743448, 1390899, 1361058, 1398827, 1669567, 1397746]"
"CBN-PdlC-B4-20150810","[1741661, 1389530, 1392513, 1356796, 1744035, 1743819, 1743781, 1357096, 1363710, 1420566]"
"CBN-PdlC-B4-20150831","[1741661, 1396762, 1392513, 1363043, 1393973, 1744035, 1502939, 1392201, 1743904, 1420566]"
"CBN-PdlC-B4-20160726","[1741661, 1392201, 1392114, 1392892, 1393973, 1398827, 1392513, 1744035, 1394064, 1504027]"
"CBN-PdlC-B4-20170816","[1741661, 1743448, 1363710, 1744035, 1392513, 1392201, 1687979, 1394064, 1722432, 1693472]"
"CBN-PdlC-B4-20170906","[1741661, 1420566, 1684220, 1394064, 1502939, 1363710, 1392513, 1743101, 1396762, 1392201]"
"CBN-PdlC-B4-20180702","[1741661, 1693472, 1392513, 1389401, 1420566, 1452284, 1743448, 1687979, 1495410, 1744035]"
"CBN-PdlC-B4-20180723","[1741661, 1363823, 1693472, 1394064, 1744425, 1744035, 1657246, 1743101, 1744618, 1743448]"
"CBN-PdlC-B4-20180815","[1693472, 1744035, 1653641, 1741661, 1363823, 1722566, 1394843, 1743309, 1400079, 1394064]"
"CBN-PdlC-B4-20180905","[1741661, 1420566, 1392201, 1743101, 1395021, 1744035, 1356394, 1390467, 1622910, 1389401]"
"CBN-PdlC-B4-20190701","[1741661, 1693472, 1564554, 1392513, 1741985, 1622910, 1389401, 1400079, 1495410, 1743448]"
"CBN-PdlC-B4-20190722","[1741661, 1363823, 1687979, 1392201, 1669567, 1502939, 1392513, 1420566, 1393462, 1458419]"
"CBN-PdlC-B4-20190812","[1741661, 1392201, 1363823, 1744035, 1396007, 1392513, 1390467, 1398827, 1743819, 1744362]"
"CBN-PdlC-B4-20190909","[1741661, 1693472, 1363823, 1392201, 1744035, 1400079, 1392044, 1458419, 1392513, 1743819]"
"CBN-PdlC-B4-20200629","[1741661, 1693472, 1392513, 1389401, 1687979, 1744035, 1744362, 1457840, 1357159, 1743781]"
"CBN-PdlC-B4-20200722","[1741661, 1693472, 1684273, 1392201, 1743375, 1744035, 1400079, 1743583, 1358568, 1573648]"
"CBN-PdlC-B4-20200812","[1741661, 1390467, 1744035, 1392201, 1396762, 1743781, 1399082, 1518628, 1357003, 1393992]"
"CBN-PdlC-B5-20130807","[1741661, 1722432, 1744395, 1573648, 1684273, 1743101, 1393492, 1389986, 1741752, 1502939]"
"CBN-PdlC-B5-20130903","[1356708, 1396294, 1394596, 1722432, 1741661, 1743101, 1360289, 1684273, 1744035, 1573648]"
"CBN-PdlC-B5-20140630","[1360907, 1628954, 1362320, 1361144, 1396587, 1361100, 1396527, 1425448, 1425200, 1396628]"
"CBN-PdlC-B5-20140721","[1502939, 1392513, 1396294, 1394843, 1743375, 1645887, 1390899, 1356708, 1652252, 1741661]"
"CBN-PdlC-B5-20140811","[1573648, 1356708, 1744035, 1394596, 1396294, 1722432, 1741661, 1502939, 1392035, 1390899]"
"CBN-PdlC-B5-20140901","[1744035, 1356708, 1548249, 1573648, 1743904, 1564555, 1744395, 1664942, 1684273, 1396294]"
"CBN-PdlC-B5-20150701","[1741661, 1723185, 1743583, 1744618, 1743448, 1684273, 1390662, 1744395, 1744425, 1504027]"
"CBN-PdlC-B5-20150720","[1573648, 1741661, 1502939, 1684273, 1396294, 1389986, 1723185, 1722432, 1362136, 1391070]"
"CBN-PdlC-B5-20150810","[1744395, 1722432, 1362682, 1573648, 1389986, 1394596, 1356708, 1392044, 1684273, 1396294]"
"CBN-PdlC-B5-20150831","[1396294, 1573648, 1743449, 1394843, 1356796, 1394596, 1741661, 1390899, 1392513, 1684273]"
"CBN-PdlC-B5-20160705","[1741661, 1390899, 1392513, 1743101, 1396294, 1502939, 1356796, 1573648, 1394843, 1743375]"
"CBN-PdlC-B5-20160726","[1573648, 1741661, 1362136, 1396294, 1390899, 1743456, 1389986, 1743583, 1744425, 1722432]"
"CBN-PdlC-B5-20170816","[1741661, 1744035, 1420566, 1399800, 1392513, 1573648, 1356708, 1362682, 1392044, 1723185]"
"CBN-PdlC-B5-20170906","[1399800, 1420566, 1741661, 1392201, 1502939, 1392513, 1392044, 1390388, 1390899, 1398699]"
"CBN-PdlC-B5-20180702","[1390388, 1392513, 1743448, 1743375, 1743904, 1399800, 1358568, 1390899, 1357543, 1502939]"
"CBN-PdlC-B5-20180723","[1741661, 1684273, 1573648, 1744035, 1390899, 1389986, 1723185, 1376496, 1743660, 1391802]"
"CBN-PdlC-B5-20180815","[1741661, 1723185, 1693472, 1744425, 1645887, 1393686, 1390899, 1363710, 1684273, 1743375]"
"CBN-PdlC-B5-20180905","[1741661, 1392513, 1420566, 1396294, 1743904, 1356708, 1394843, 1737662, 1362682, 1399800]"
"CBN-PdlC-B5-20190701","[1693472, 1645887, 1743375, 1495410, 1358568, 1396587, 1744425, 1389806, 1399800, 1723185]"
"CBN-PdlC-B5-20190722","[1573648, 1684273, 1396294, 1356708, 1741661, 1722432, 1743583, 1723185, 1652252, 1362136]"
"CBN-PdlC-B5-20190812","[1573648, 1390899, 1741661, 1396294, 1356796, 1743101, 1723185, 1394915, 1394843, 1645887]"
"CBN-PdlC-B5-20190909","[1399800, 1356708, 1744425, 1396294, 1394843, 1573648, 1389986, 1362050, 1684273, 1394596]"
"CBN-PdlC-B5-20200629","[1390388, 1744425, 1743904, 1399800, 1741661, 1645887, 1744384, 1495410, 1390899, 1392341]"
"CBN-PdlC-B5-20200722","[1573648, 1396294, 1645887, 1684273, 1723185, 1502939, 1356708, 1362136, 1390899, 1722432]"
"CBN-PdlC-B5-20200812","[1573648, 1741661, 1390899, 1396294, 1502939, 1744035, 1744658, 1684273, 1394843, 1392513]"
"CBN-PdlC-B6-20130807","[1390899, 1396294, 1684273, 1722432, 1399800, 1393952, 1645887, 1356708, 1393973, 1744395]"
"CBN-PdlC-B6-20130903","[1399800, 1390899, 1394596, 1744395, 1356708, 1362682, 1722432, 1744425, 1389508, 1499783]"
"CBN-PdlC-B6-20140630","[1645887, 1743904, 1356708, 1392054, 1392513, 1738683, 1562548, 1653641, 1743760, 1389508]"
"CBN-PdlC-B6-20140721","[1399800, 1390225, 1744395, 1723185, 1743474, 1556685, 1744169, 1390899, 1392201, 1394843]"
"CBN-PdlC-B6-20140811","[1499783, 1390899, 1356708, 1399800, 1573648, 1743904, 1744395, 1722432, 1739203, 1392201]"
"CBN-PdlC-B6-20140901","[1684273, 1357050, 1362682, 1499783, 1744395, 1360964, 1744473, 1396294, 1573648, 1393887]"
"CBN-PdlC-B6-20150701","[1744395, 1722432, 1392075, 1389986, 1390388, 1744473, 1562391, 1390225, 1392201, 1362682]"
"CBN-PdlC-B6-20150720","[1744395, 1396294, 1393668, 1360594, 1743456, 1645887, 1573648, 1392201, 1636854, 1362682]"
"CBN-PdlC-B6-20150810","[1744395, 1744473, 1362682, 1722432, 1357050, 1684273, 1393887, 1697320, 1389986, 1743449]"
"CBN-PdlC-B6-20150831","[1356708, 1392054, 1393887, 1399800, 1396294, 1564310, 1499783, 1744395, 1362682, 1684273]"
"CBN-PdlC-B6-20160705","[1399800, 1744395, 1390225, 1392201, 1390899, 1390388, 1645887, 1556685, 1722432, 1744496]"
"CBN-PdlC-B6-20160726","[1744395, 1356708, 1645887, 1722432, 1390899, 1573648, 1396294, 1394596, 1399800, 1743904]"
"CBN-PdlC-B6-20170816","[1356708, 1392054, 1399800, 1362682, 1396294, 1499783, 1392044, 1647575, 1744395, 1684273]"
"CBN-PdlC-B6-20170906","[1399800, 1356708, 1392054, 1396691, 1744425, 1392044, 1362682, 1390388, 1393973, 1392097]"
"CBN-PdlC-B6-20180702","[1743904, 1390388, 1744425, 1392054, 1564493, 1399800, 1744527, 1396691, 1358568, 1743474]"
"CBN-PdlC-B6-20180723","[1645887, 1396294, 1722432, 1390899, 1548249, 1744395, 1356708, 1664942, 1506481, 1723185]"
"CBN-PdlC-B6-20180905","[1399800, 1744425, 1356708, 1390225, 1722432, 1362682, 1389508, 1739203, 1392513, 1738583]"
"CBN-PdlC-B6-20190701","[1390388, 1647823, 1723185, 1357866, 1645887, 1399800, 1743447, 1389806, 1562391, 1657246]"
"CBN-PdlC-B6-20190722","[1723185, 1392201, 1744395, 1684273, 1652252, 1356708, 1399800, 1396294, 1743449, 1390899]"
"CBN-PdlC-B6-20190812","[1360594, 1392201, 1744395, 1399800, 1399485, 1390899, 1393342, 1739203, 1362682, 1395369]"
"CBN-PdlC-B6-20190909","[1399800, 1356708, 1743449, 1362682, 1396294, 1652252, 1744395, 1390899, 1744425, 1499783]"
"CBN-PdlC-B6-20200629","[1360372, 1743474, 1743904, 1390388, 1392054, 1392470, 1743980, 1744425, 1390662, 1507261]"
"CBN-PdlC-B6-20200722","[1399800, 1390899, 1392201, 1356708, 1722432, 1389986, 1744395, 1556685, 1645887, 1697320]"
"CBN-PdlC-B6-20200812","[1390899, 1744395, 1399800, 1393887, 1362682, 1722432, 1744169, 1684273, 1390225, 1393342]"
"CBN-PdlC-C1-20130807","[1392928, 1647823, 1390225, 1389010, 1744169, 1376496, 1389986, 1390388, 1688110, 1744395]"
"CBN-PdlC-C1-20130903","[1744395, 1389986, 1391802, 1573648, 1499783, 1389508, 1362682, 1389010, 1722432, 1403435]"
"CBN-PdlC-C1-20140721","[1390225, 1357866, 1399800, 1390662, 1550154, 1647150, 1389806, 1743306, 1741562, 1523343]"
"CBN-PdlC-C1-20140811","[1389986, 1573648, 1744395, 1391802, 1389010, 1688091, 1389508, 1743515, 1400079, 1499783]"
"CBN-PdlC-C1-20140901","[1391802, 1499783, 1744395, 1573648, 1389986, 1361576, 1722432, 1737546, 1492461, 1396123]"
"CBN-PdlC-C1-20150701","[1389555, 1391750, 1399800, 1357866, 1397838, 1390225, 1359593, 1632987, 1361576, 1502831]"
"CBN-PdlC-C1-20150720","[1744208, 1394543, 1737488, 1452585, 1393952, 1390244, 1400079, 1390662, 1393887, 1657246]"
"CBN-PdlC-C1-20150810","[1744395, 1357050, 1722432, 1744834, 1737551, 1744496, 1505544, 1362682, 1743449, 1744473]"
"CBN-PdlC-C1-20150831","[1390899, 1399800, 1722432, 1744395, 1523071, 1499783, 1362682, 1361576, 1744425, 1356708]"
"CBN-PdlC-C1-20160705","[1744027, 1358012, 1743472, 1399800, 1452689, 1744384, 1435507, 1390467, 1564493, 1492461]"
"CBN-PdlC-C1-20160726","[1452585, 1362367, 1744208, 1389986, 1394543, 1493381, 1392081, 1744473, 1617119, 1722432]"
"CBN-PdlC-C1-20170816","[1362682, 1722432, 1744395, 1399800, 1573648, 1361576, 1392201, 1390225, 1743922, 1392264]"
"CBN-PdlC-C1-20170906","[1399800, 1389687, 1499783, 1532993, 1393952, 1744425, 1744170, 1687875, 1743933, 1632987]"
"CBN-PdlC-C1-20180723","[1744395, 1647823, 1573648, 1395106, 1523071, 1358523, 1389986, 1499783, 1393952, 1376496]"
"CBN-PdlC-C1-20180815","[1744395, 1391802, 1389508, 1499783, 1399800, 1395106, 1573648, 1390225, 1722432, 1358459]"
"CBN-PdlC-C1-20180905","[1399800, 1390225, 1744395, 1722432, 1744169, 1743933, 1550154, 1741954, 1499783, 1361576]"
"CBN-PdlC-C1-20190701","[1398768, 1362320, 1390662, 1744331, 1392511, 1737489, 1390225, 1743819, 1357159, 1744294]"
"CBN-PdlC-C1-20190722","[1573648, 1389986, 1744395, 1362682, 1393353, 1647338, 1688091, 1389010, 1359833, 1392201]"
"CBN-PdlC-C1-20190812","[1392928, 1389986, 1744867, 1739203, 1617119, 1393992, 1392201, 1722704, 1738583, 1744208]"
"CBN-PdlC-C1-20190909","[1399800, 1389986, 1391802, 1362682, 1744395, 1573648, 1392044, 1499783, 1398699, 1361576]"
"CBN-PdlC-C1-20200722","[1573648, 1548249, 1697320, 1744395, 1647338, 1389986, 1498118, 1393887, 1723185, 1743447]"
"CBN-PdlC-C1-20200812","[1573648, 1393887, 1502922, 1399800, 1744395, 1389508, 1499783, 1435507, 1358523, 1390244]"
"CBN-PdlC-C2-20130903","[1390899, 1399800, 1645887, 1722432, 1499783, 1664942, 1506481, 1573648, 1394915, 1523071]"
"CBN-PdlC-C2-20140721","[1399800, 1744169, 1645887, 1450786, 1652252, 1628811, 1392054, 1739203, 1555195, 1504116]"
"CBN-PdlC-C2-20140811","[1645887, 1399800, 1396294, 1744473, 1390899, 1722432, 1743375, 1356708, 1743550, 1396591]"
"CBN-PdlC-C2-20140901","[1399800, 1390899, 1523071, 1645887, 1356708, 1722432, 1531441, 1392291, 1400074, 1359593]"
"CBN-PdlC-C2-20150701","[1645887, 1399800, 1744425, 1652252, 1392054, 1743375, 1374231, 1390899, 1357866, 1743101]"
"CBN-PdlC-C2-20150720","[1399800, 1739203, 1645887, 1573648, 1479671, 1564310, 1393887, 1743385, 1744169, 1392054]"
"CBN-PdlC-C2-20150810","[1499783, 1390899, 1722432, 1399800, 1561314, 1562391, 1573648, 1645887, 1741752, 1392054]"
"CBN-PdlC-C2-20150831","[1390899, 1645887, 1506481, 1399800, 1499783, 1564310, 1722432, 1743375, 1744425, 1744496]"
"CBN-PdlC-C2-20160705","[1399800, 1392054, 1744169, 1647175, 1687993, 1390899, 1360372, 1645887, 1563230, 1722432]"
"CBN-PdlC-C2-20160726","[1399800, 1390899, 1645887, 1722432, 1744473, 1390244, 1657246, 1556685, 1743456, 1362682]"
"CBN-PdlC-C2-20170816","[1399800, 1390899, 1499783, 1744425, 1722432, 1739203, 1392054, 1391077, 1523071, 1744395]"
"CBN-PdlC-C2-20170906","[1399800, 1744425, 1392054, 1499783, 1739203, 1390899, 1744496, 1360594, 1743933, 1647155]"
"CBN-PdlC-C2-20180723","[1722432, 1499783, 1744395, 1573648, 1647823, 1393952, 1506481, 1390899, 1399800, 1376496]"
"CBN-PdlC-C2-20180815","[1390899, 1399800, 1499783, 1645887, 1523071, 1744425, 1358523, 1376496, 1722432, 1356708]"
"CBN-PdlC-C2-20180905","[1399800, 1739203, 1390899, 1722432, 1645887, 1744395, 1744169, 1499783, 1390225, 1450786]"
"CBN-PdlC-C2-20190701","[1628960, 1744294, 1392928, 1362320, 1357543, 1360659, 1390541, 1395470, 1743819, 1504116]"
"CBN-PdlC-C2-20190722","[1741752, 1744395, 1722432, 1684273, 1399800, 1573648, 1390899, 1564310, 1393887, 1647338]"
"CBN-PdlC-C2-20190812","[1739203, 1399800, 1744169, 1393887, 1743385, 1722432, 1499783, 1502831, 1564310, 1563697]"
"CBN-PdlC-C2-20190909","[1399800, 1390899, 1744425, 1722432, 1564310, 1499783, 1739203, 1652252, 1645887, 1744169]"
"CBN-PdlC-C2-20200722","[1722432, 1399800, 1390899, 1502922, 1744395, 1523071, 1548249, 1356708, 1573648, 1652252]"
"CBN-PdlC-C2-20200812","[1390899, 1399800, 1744425, 1684273, 1573648, 1652252, 1744867, 1645887, 1722432, 1499783]"
"CBN-PdlC-C3-20130807","[1392317, 1392258, 1399800, 1393544, 1563230, 1637710, 1743306, 1390244, 1499783, 1744293]"
"CBN-PdlC-C3-20130903","[1399800, 1523071, 1744425, 1390899, 1389508, 1547096, 1394596, 1396527, 1425347, 1392513]"
"CBN-PdlC-C3-20140721","[1399800, 1392317, 1390899, 1504027, 1397838, 1518932, 1723185, 1667408, 1645887, 1452585]"
"CBN-PdlC-C3-20140811","[1399800, 1573648, 1523071, 1390899, 1389508, 1564310, 1645887, 1390693, 1495430, 1392314]"
"CBN-PdlC-C3-20140901","[1392264, 1399800, 1722704, 1502797, 1392291, 1389687, 1499783, 1513956, 1362367, 1394843]"
"CBN-PdlC-C3-20150701","[1399800, 1392317, 1392513, 1358568, 1723185, 1394672, 1390225, 1357866]"
"CBN-PdlC-C3-20150720","[1744395, 1390899, 1722432, 1399800, 1563230, 1647338, 1573648, 1392201, 1744208, 1723185]"
"CBN-PdlC-C3-20150831","[1390899, 1399800, 1744425, 1573648, 1722432, 1392291, 1532190, 1563230, 1392314, 1532993]"
"CBN-PdlC-C3-20160705","[1392317, 1743474, 1399800, 1356407, 1358568, 1390225, 1390899, 1390388, 1563230, 1744425]"
"CBN-PdlC-C3-20160726","[1390899, 1399800, 1744395, 1573648, 1647823, 1390693, 1737439, 1392314, 1743456, 1722432]"
"CBN-PdlC-C3-20170816","[1399800, 1390899, 1744425, 1573648, 1532993, 1722432, 1390225, 1513956, 1396628, 1622910]"
"CBN-PdlC-C3-20170906","[1399800, 1744425, 1390899, 1390225, 1743474, 1573648, 1392054, 1393503, 1394843, 1399082]"
"CBN-PdlC-C3-20180723","[1647823, 1723185, 1573648, 1744395, 1394843, 1394596, 1358523, 1393952, 1362179, 1652252]"
"CBN-PdlC-C3-20180815","[1744425, 1390899, 1723185, 1399800, 1389508, 1394843, 1397838, 1359386, 1744395, 1573648]"
"CBN-PdlC-C3-20180905","[1399800, 1390899, 1744425, 1573648, 1390225, 1390693, 1647575, 1532993, 1499783, 1737439]"
"CBN-PdlC-C3-20190701","[1628819, 1738683, 1362320, 1399800, 1628960, 1504116, 1398768, 1744672, 1392470, 1744294]"
"CBN-PdlC-C3-20190722","[1573648, 1744395, 1392075, 1399800, 1647823, 1652252, 1390899, 1393668, 1723185, 1614893]"
"CBN-PdlC-C3-20190812","[1399800, 1390899, 1722704, 1651485, 1452585, 1389687, 1532993, 1394843, 1392928, 1743922]"
"CBN-PdlC-C3-20190909","[1399800, 1390899, 1573648, 1392264, 1389508, 1392201, 1362682, 1744425, 1390467, 1390225]"
"CBN-PdlC-C3-20200722","[1723185, 1744395, 1573648, 1393668, 1358523, 1392075, 1435507, 1744834, 1652252, 1390899]"
"CBN-PdlC-C3-20200812","[1744834, 1399800, 1390899, 1573648, 1358523, 1744395, 1499783, 1389508, 1395106, 1614893]"
"CBN-PdlC-C4-20130807","[1390388, 1744642, 1396294, 1741752, 1357866, 1392341, 1564493, 1358568, 1391783, 1739203]"
"CBN-PdlC-C4-20130903","[1390899, 1396294, 1645887, 1399800, 1741752, 1664942, 1360289, 1548249, 1393952, 1389508]"
"CBN-PdlC-C4-20140721","[1645887, 1653641, 1743904, 1394843, 1399800, 1647575, 1390693, 1652252, 1361619, 1392175]"
"CBN-PdlC-C4-20140811","[1645887, 1396294, 1573648, 1399800, 1390899, 1356708, 1741752, 1499783, 1664942, 1390693]"
"CBN-PdlC-C4-20140901","[1435507, 1743904, 1502939, 1390899, 1744425, 1739203, 1399800, 1390225, 1394596, 1645887]"
"CBN-PdlC-C4-20150701","[1396691, 1400079, 1479415, 1357335, 1480601, 1743904, 1399800, 1390388, 1645887, 1358568]"
"CBN-PdlC-C4-20150720","[1390899, 1396294, 1722432, 1645887, 1502939, 1636854, 1573648, 1744642, 1356708, 1392201]"
"CBN-PdlC-C4-20150831","[1390899, 1399800, 1744425, 1390467, 1744395, 1362682, 1722432, 1356708, 1645887, 1499783]"
"CBN-PdlC-C4-20160705","[1743904, 1743474, 1357646, 1396691, 1392341, 1392317, 1358568, 1743375, 1364019, 1399800]"
"CBN-PdlC-C4-20160726","[1645887, 1390899, 1399800, 1744425, 1743375, 1636854, 1390693, 1358568, 1392513, 1722432]"
"CBN-PdlC-C4-20170816","[1390899, 1399800, 1356708, 1743904, 1392044, 1744425, 1390225, 1664942, 1396294, 1645887]"
"CBN-PdlC-C4-20170906","[1744425, 1399800, 1390225, 1392044, 1396691, 1743904, 1392054, 1743474, 1392892, 1356708]"
"CBN-PdlC-C4-20180723","[1358523, 1573648, 1523071, 1389010, 1393952, 1741752, 1744395, 1376496, 1652252, 1647823]"
"CBN-PdlC-C4-20180815","[1645887, 1358523, 1390899, 1743904, 1389508, 1392054, 1356708, 1743375, 1499783, 1664942]"
"CBN-PdlC-C4-20180905","[1399800, 1390225, 1356708, 1390899, 1744425, 1636854, 1739203, 1396691, 1744642, 1392513]"
"CBN-PdlC-C4-20190701","[1645887, 1743904, 1391764, 1361374, 1664942, 1396998, 1362273, 1392983, 1392054, 1357646]"
"CBN-PdlC-C4-20190722","[1573648, 1358523, 1741752, 1744642, 1392075, 1684273, 1722432, 1645887, 1723185, 1744395]"
"CBN-PdlC-C4-20190812","[1390899, 1744642, 1356708, 1396294, 1645887, 1664942, 1739203, 1636854, 1394843, 1362179]"
"CBN-PdlC-C4-20190909","[1390899, 1399800, 1356708, 1392044, 1743449, 1645887, 1744425, 1356967, 1396294, 1573648]"
"CBN-PdlC-C4-20200722","[1652252, 1358523, 1573648, 1744642, 1744395, 1697320, 1399800, 1392075, 1684273, 1392201]"
"CBN-PdlC-C4-20200812","[1390899, 1399800, 1392291, 1573648, 1664942, 1358523, 1744642, 1396294, 1645887, 1547096]"
"CBN-PdlC-C5-20130807","[1573648, 1399800, 1744169, 1390662, 1647823, 1499783, 1392201, 1523597, 1390899, 1744395]"
"CBN-PdlC-C5-20130903","[1399800, 1389508, 1391802, 1390225, 1361576, 1499783, 1396123, 1547096, 1390899, 1390467]"
"CBN-PdlC-C5-20140721","[1743474, 1722704, 1723185, 1392175, 1390225, 1647575, 1492739, 1394843, 1393826, 1395074]"
"CBN-PdlC-C5-20140811","[1573648, 1390899, 1547096, 1389986, 1657246, 1356708, 1399800, 1499783, 1744169, 1358523]"
"CBN-PdlC-C5-20140901","[1390899, 1390225, 1393952, 1743515, 1573648, 1480601, 1502540, 1743977, 1393353, 1389135]"
"CBN-PdlC-C5-20150701","[1452284, 1397838, 1358568, 1502797, 1400079, 1395074]"
"CBN-PdlC-C5-20150720","[1744395, 1722432, 1399800, 1392075, 1390899, 1563230, 1573648, 1744425, 1390467, 1647338]"
"CBN-PdlC-C5-20150810","[1390899, 1399800, 1392291, 1744425, 1573648, 1389508, 1397086, 1357584, 1358523, 1394843]"
"CBN-PdlC-C5-20150831","[1399800, 1390899, 1722432, 1390467, 1357584, 1744425, 1362682, 1389508, 1647153, 1499638]"
"CBN-PdlC-C5-20160705","[1743474, 1356407, 1358012, 1390899, 1396691, 1399800, 1392218, 1358568, 1391769, 1492739]"
"CBN-PdlC-C5-20160726","[1744395, 1390899, 1573648, 1722432, 1399800, 1389508, 1647823, 1396604, 1563230, 1393826]"
"CBN-PdlC-C5-20170816","[1399800, 1744425, 1743474, 1390467, 1390899, 1722432, 1499783, 1393952, 1392044, 1573648]"
"CBN-PdlC-C5-20170906","[1399800, 1744425, 1390225, 1687875, 1743474, 1399082, 1744170, 1393952, 1657246, 1390467]"
"CBN-PdlC-C5-20180723","[1573648, 1358523, 1744395, 1523071, 1389986, 1393952, 1647823, 1396123, 1722432, 1399800]"
"CBN-PdlC-C5-20180815","[1399800, 1358459, 1390225, 1389508, 1722432, 1390899, 1743951, 1391802, 1744425, 1396123]"
"CBN-PdlC-C5-20180905","[1399800, 1743474, 1390467, 1390225, 1400094, 1397838, 1632987, 1744425, 1722432, 1573648]"
"CBN-PdlC-C5-20190701","[1399800, 1400079, 1743904, 1399730, 1359593, 1392175, 1359386, 1390467]"
"CBN-PdlC-C5-20190722","[1573648, 1722432, 1744395, 1389986, 1399800, 1562391, 1743449, 1392201, 1392075, 1357584]"
"CBN-PdlC-C5-20190812","[1573648, 1722432, 1390899, 1499783, 1390467, 1744169, 1389135, 1399800, 1393353, 1392928]"
"CBN-PdlC-C5-20190909","[1399800, 1573648, 1390467, 1390899, 1744496, 1392201, 1722432, 1744425, 1499783, 1359174]"
"CBN-PdlC-C5-20200722","[1573648, 1744395, 1722432, 1647823, 1499783, 1399800, 1389986, 1562391, 1389508, 1360289]"
"CBN-PdlC-C5-20200812","[1399800, 1573648, 1390899, 1389508, 1390467, 1744395, 1357584, 1358523, 1389986, 1722432]"
"CBN-PdlC-C6-20130807","[1390467, 1392928, 1647823, 1647338, 1744395, 1722432, 1390225, 1392075, 1563230, 1499783]"
"CBN-PdlC-C6-20130903","[1502922, 1744525, 1744425, 1744395, 1722432, 1399800, 1389508, 1396123, 1390467, 1743449]"
"CBN-PdlC-C6-20140721","[1392175, 1743474, 1390225, 1435507, 1358568, 1739065, 1395074, 1390467, 1452284, 1390662]"
"CBN-PdlC-C6-20140811","[1573648, 1722432, 1744525, 1390899, 1358459, 1389508, 1499783, 1357584, 1399800, 1391802]"
"CBN-PdlC-C6-20140901","[1722432, 1398699, 1495474, 1362367, 1744525, 1499783, 1502797, 1359174, 1392264, 1399800]"
"CBN-PdlC-C6-20150701","[1452284, 1400079, 1358568, 1425299, 1392175, 1392201, 1397838, 1393826]"
"CBN-PdlC-C6-20150720","[1390899, 1722432, 1573648, 1744395, 1392075, 1399800, 1563230, 1744425, 1389508, 1562391]"
"CBN-PdlC-C6-20150810","[1722432, 1743449, 1743311, 1562391, 1573648, 1390899, 1499783, 1744395, 1743456, 1362682]"
"CBN-PdlC-C6-20150831","[1744425, 1399800, 1362682, 1390899, 1502922, 1743474, 1390467, 1573648, 1392201, 1495441]"
"CBN-PdlC-C6-20160705","[1358012, 1358568, 1743474, 1435507, 1395074, 1390225, 1359512, 1739065, 1697320, 1396691]"
"CBN-PdlC-C6-20160726","[1722432, 1744395, 1573648, 1647823, 1738583, 1744208, 1399800, 1563230, 1513956, 1389508]"
"CBN-PdlC-C6-20170816","[1399800, 1722432, 1399082, 1390467, 1647153, 1499783, 1738583, 1647823, 1495474, 1744395]"
"CBN-PdlC-C6-20170906","[1399800, 1399082, 1499783, 1657246, 1398699, 1647823, 1502540, 1632987, 1743933, 1357003]"
"CBN-PdlC-C6-20180723","[1573648, 1389986, 1744395, 1358523, 1647823, 1523071, 1396123, 1359833, 1397086, 1389508]"
"CBN-PdlC-C6-20180815","[1722432, 1744496, 1358523, 1647823, 1738583, 1743951, 1399800, 1358459, 1389986, 1744395]"
"CBN-PdlC-C6-20180905","[1399800, 1390467, 1499783, 1390225, 1361576, 1396604, 1392201, 1632987, 1743933, 1389687]"
"CBN-PdlC-C6-20190701","[1397779, 1744857, 1452284, 1498118, 1361100, 1743306, 1397838, 1743819]"
"CBN-PdlC-C6-20190722","[1744525, 1392201, 1722432, 1392928, 1573648, 1547096, 1389986, 1744395, 1392075, 1563230]"
"CBN-PdlC-C6-20190812","[1389986, 1394765, 1393992, 1393353, 1393668, 1392201, 1396604, 1435579, 1738583, 1499783]"
"CBN-PdlC-C6-20190909","[1399800, 1390467, 1573648, 1744067, 1392201, 1495474, 1647153, 1397779, 1744169, 1743456]"
"CBN-PdlC-C6-20200722","[1573648, 1722432, 1744395, 1389986, 1563230, 1358523, 1362682, 1399800, 1687979, 1392075]"
"CBN-PdlC-C6-20200812","[1573648, 1358523, 1389986, 1392291, 1399800, 1392201, 1389508, 1744395, 1547096, 1362682]"
"CBN-PdlC-D1-20130807","[1392764, 1722432, 1647823, 1390225, 1744395, 1744169, 1390467, 1356796, 1398699, 1617119]"
"CBN-PdlC-D1-20130903","[1722432, 1744395, 1389508, 1390899, 1360289, 1391802, 1499783, 1479520, 1394596, 1389986]"
"CBN-PdlC-D1-20140721","[1667780, 1743474, 1744169, 1743760, 1739066, 1357866, 1744015, 1360594, 1411495, 1392513]"
"CBN-PdlC-D1-20140811","[1722432, 1573648, 1499783, 1744395, 1360289, 1523071, 1390467, 1652252, 1564310, 1389508]"
"CBN-PdlC-D1-20140901","[1722432, 1390899, 1744425, 1392291, 1573648, 1389508, 1523071, 1362682, 1637710, 1744395]"
"CBN-PdlC-D1-20150701","[1399800, 1504116, 1645887, 1389508, 1564317, 1743980, 1628811, 1744642, 1394843, 1722432]"
"CBN-PdlC-D1-20150720","[1573648, 1645887, 1743456, 1390899, 1356796, 1396294, 1657246, 1393952, 1389508, 1389986]"
"CBN-PdlC-D1-20150810","[1744395, 1573648, 1499783, 1722432, 1357050, 1390899, 1394843, 1744473, 1397086, 1389508]"
"CBN-PdlC-D1-20150831","[1390899, 1392044, 1722432, 1392291, 1499783, 1573648, 1523071, 1389508, 1743456, 1399800]"
"CBN-PdlC-D1-20160705","[1399800, 1563230, 1743474, 1435507, 1390388, 1392054, 1744425, 1390899, 1632987, 1636854]"
"CBN-PdlC-D1-20160726","[1657246, 1394543, 1399485, 1744208, 1744293, 1742773, 1392566, 1363043, 1741954, 1556685]"
"CBN-PdlC-D1-20170816","[1399800, 1743449, 1744425, 1389508, 1362682, 1390899, 1573648, 1356796, 1390467, 1684273]"
"CBN-PdlC-D1-20170906","[1744170, 1399800, 1389687, 1744425, 1499783, 1744015, 1398699, 1360594, 1396447, 1399082]"
"CBN-PdlC-D1-20180723","[1744395, 1573648, 1722432, 1647823, 1394596, 1499783, 1398699, 1523071, 1393952, 1362179]"
"CBN-PdlC-D1-20180815","[1389508, 1722432, 1523071, 1390899, 1399800, 1391802, 1390225, 1499783, 1744425, 1479520]"
"CBN-PdlC-D1-20180905","[1399800, 1744425, 1722432, 1743474, 1390467, 1744395, 1390225, 1391459, 1391769, 1743544]"
"CBN-PdlC-D1-20190701","[1435507, 1722432, 1398699, 1741701, 1393952, 1398768, 1390225, 1399800, 1390899, 1504116]"
"CBN-PdlC-D1-20190722","[1573648, 1744395, 1722432, 1741752, 1398699, 1389508, 1523071, 1358523, 1392044, 1499783]"
"CBN-PdlC-D1-20190812","[1722432, 1357050, 1744208, 1573648, 1637419, 1389687, 1617119, 1743456, 1742773, 1394843]"
"CBN-PdlC-D1-20190909","[1722432, 1392044, 1362682, 1573648, 1399800, 1684273, 1744395, 1390899, 1393342, 1389508]"
"CBN-PdlC-D1-20200722","[1573648, 1389986, 1744473, 1657246, 1722432, 1396294, 1744395, 1393686, 1360289, 1556685]"
"CBN-PdlC-D1-20200812","[1573648, 1722432, 1744395, 1523071, 1390899, 1357050, 1389508, 1392291, 1362136, 1392044]"
"CBN-PdlC-D2-20130807","[1744067, 1499783, 1564493, 1744865, 1517471, 1744293, 1390225, 1563230, 1453572, 1652252]"
"CBN-PdlC-D2-20130903","[1390899, 1744395, 1499783, 1722432, 1389508, 1738583, 1564317, 1573648, 1399800, 1393952]"
"CBN-PdlC-D2-20140721","[1399800, 1744169, 1617119, 1499783, 1399082, 1390693, 1389401, 1563230, 1390899, 1390225]"
"CBN-PdlC-D2-20140811","[1499783, 1722432, 1390693, 1390899, 1523071, 1632987, 1392264, 1573648, 1360289, 1399800]"
"CBN-PdlC-D2-20140901","[1392513, 1390899, 1523071, 1392291, 1392264, 1392044, 1722432, 1645887, 1524876, 1647175]"
"CBN-PdlC-D2-20150720","[1499783, 1563230, 1564310, 1399800, 1739203, 1561314, 1390693, 1573648, 1392054, 1722704]"
"CBN-PdlC-D2-20150810","[1390899, 1499783, 1392755, 1573648, 1358523, 1393952, 1389508, 1722432, 1561314, 1392044]"
"CBN-PdlC-D2-20150831","[1390899, 1389687, 1573648, 1502057, 1523071, 1499783, 1645887, 1390467, 1556901, 1499638]"
"CBN-PdlC-D2-20160705","[1399800, 1435507, 1563230, 1667780, 1743474, 1744067, 1722704, 1647575, 1632987, 1502797]"
"CBN-PdlC-D2-20160726","[1390899, 1389687, 1499783, 1722432, 1399800, 1392264, 1563230, 1647823, 1390244, 1722704]"
"CBN-PdlC-D2-20170816","[1390899, 1499783, 1743474, 1392291, 1399800, 1390693, 1744425, 1738583, 1389508, 1556901]"
"CBN-PdlC-D2-20170906","[1390899, 1399800, 1744170, 1499783, 1739203, 1393973, 1744425, 1744635, 1556901, 1564317]"
"CBN-PdlC-D2-20180723","[1499783, 1390899, 1523071, 1722432, 1573648, 1389508, 1399800, 1647823, 1744395, 1358523]"
"CBN-PdlC-D2-20180815","[1390899, 1722432, 1499783, 1399800, 1744425, 1392513, 1357584, 1523071, 1669616, 1392291]"
"CBN-PdlC-D2-20180905","[1399800, 1499783, 1390899, 1389687, 1739203, 1632987, 1399082, 1647153, 1390693, 1564310]"
"CBN-PdlC-D2-20190701","[1361169, 1397838, 1358118, 1744293, 1390388, 1399730, 1743819, 1392317, 1744545, 1558119]"
"CBN-PdlC-D2-20190722","[1499783, 1390899, 1564317, 1499638, 1399800, 1573648, 1523071, 1645887, 1738583, 1358523]"
"CBN-PdlC-D2-20190812","[1564310, 1392264, 1499783, 1651485, 1743385, 1502831, 1739203, 1393992, 1563230, 1390899]"
"CBN-PdlC-D2-20190909","[1390899, 1744425, 1399800, 1392044, 1523071, 1392264, 1573648, 1738583, 1743659, 1645887]"
"CBN-PdlC-D2-20200722","[1499783, 1573648, 1722432, 1390899, 1744395, 1632987, 1523071, 1392264, 1398699, 1637710]"
"CBN-PdlC-D2-20200812","[1499783, 1564317, 1564310, 1523071, 1392264, 1399800, 1738583, 1499638, 1358523, 1632987]"
"CBN-PdlC-D3-20130807","[1396279, 1392258, 1393826, 1744169, 1391070, 1744642, 1392928, 1563230, 1390225, 1399800]"
"CBN-PdlC-D3-20130903","[1396379, 1744479, 1647175, 1391400, 1396059, 1479531, 1390899, 1492693, 1480731, 1358326]"
"CBN-PdlC-D3-20140721","[1392291, 1390899, 1573648, 1393826, 1399800, 1452689, 1744169, 1492739, 1564310, 1653641]"
"CBN-PdlC-D3-20140811","[1390899, 1523071, 1502922, 1744060, 1392291, 1499783, 1389508, 1452585, 1400074, 1453529]"
"CBN-PdlC-D3-20140901","[1390899, 1363043, 1499783, 1389687, 1744424, 1739203, 1400017, 1479671, 1744473, 1744293]"
"CBN-PdlC-D3-20150701","[1399800, 1573648, 1738583, 1397838, 1389555, 1492055, 1393864, 1392291, 1523071, 1492739]"
"CBN-PdlC-D3-20150720","[1647175, 1396379, 1499638, 1744479, 1390899, 1647153, 1563230, 1532993, 1396059, 1452585]"
"CBN-PdlC-D3-20150831","[1389687, 1647153, 1390899, 1396447, 1744525, 1502831, 1502797, 1452585, 1392218, 1531432]"
"CBN-PdlC-D3-20160705","[1392218, 1390899, 1492739, 1394312, 1563230, 1502797, 1743474, 1356407, 1358012, 1396447]"
"CBN-PdlC-D3-20160726","[1396379, 1647175, 1532993, 1668573, 1390899, 1744473, 1744479, 1744425, 1647153, 1396059]"
"CBN-PdlC-D3-20170816","[1390899, 1399800, 1744635, 1647153, 1394543, 1392291, 1502797, 1394843, 1744425, 1499783]"
"CBN-PdlC-D3-20170906","[1647153, 1399082, 1399800, 1390899, 1389687, 1363043, 1396447, 1394843, 1392218, 1744635]"
"CBN-PdlC-D3-20180723","[1573648, 1647823, 1394843, 1389508, 1499783, 1523071, 1390899, 1393952, 1392291, 1399800]"
"CBN-PdlC-D3-20180815","[1390899, 1389508, 1399800, 1523071, 1492693, 1744425, 1393952, 1499783, 1392291, 1722432]"
"CBN-PdlC-D3-20180905","[1390899, 1399800, 1392291, 1523071, 1658641, 1389687, 1739203, 1399082, 1744425, 1744169]"
"CBN-PdlC-D3-20190701","[1722432, 1389555, 1391802, 1397838, 1744427, 1744395, 1435507, 1393952, 1390662, 1361169]"
"CBN-PdlC-D3-20190722","[1396379, 1499638, 1399800, 1532993, 1390899, 1744479, 1573648, 1743799, 1647175, 1564438]"
"CBN-PdlC-D3-20190812","[1563230, 1389687, 1396379, 1499638, 1390899, 1452585, 1502795, 1744169, 1647153, 1499783]"
"CBN-PdlC-D3-20190909","[1390899, 1399800, 1573648, 1523071, 1392291, 1399082, 1389687, 1389508, 1647153, 1396447]"
"CBN-PdlC-D3-20200722","[1358523, 1390899, 1573648, 1389508, 1523071, 1357003, 1392291, 1399800, 1502922, 1744060]"
"CBN-PdlC-D3-20200812","[1573648, 1390899, 1502922, 1358523, 1392291, 1523071, 1389986, 1391400, 1389508, 1396059]"
"CBN-PdlC-D4-20130807","[1396279, 1722432, 1743306, 1396523, 1389135, 1357866, 1393503, 1744015, 1390244, 1744395]"
"CBN-PdlC-D4-20130903","[1744395, 1723185, 1390899, 1744425, 1399800, 1396279, 1396123, 1389508, 1400074, 1548249]"
"CBN-PdlC-D4-20140721","[1399800, 1357866, 1744642, 1645887, 1723185, 1435507, 1390693, 1743375, 1744395, 1390899]"
"CBN-PdlC-D4-20140811","[1573648, 1390899, 1499783, 1645887, 1396294, 1399800, 1722432, 1743375, 1523071, 1356708]"
"CBN-PdlC-D4-20140901","[1499783, 1744395, 1573648, 1399800, 1743385, 1722432, 1357050, 1390899, 1739203, 1564310]"
"CBN-PdlC-D4-20150701","[1399800, 1614893, 1722704, 1397838, 1392175, 1419963, 1744067, 1723185, 1647575, 1561314]"
"CBN-PdlC-D4-20150720","[1657246, 1396294, 1399800, 1393887, 1389135, 1646671, 1556685, 1394543, 1743375, 1392566]"
"CBN-PdlC-D4-20150831","[1389687, 1399800, 1390899, 1499783, 1743456, 1393973, 1744395, 1390693, 1739203, 1396447]"
"CBN-PdlC-D4-20160705","[1399800, 1435507, 1744425, 1390388, 1357866, 1741576, 1393864, 1392341, 1358568, 1396123]"
"CBN-PdlC-D4-20160726","[1390899, 1722432, 1399800, 1744395, 1647823, 1573648, 1563230, 1744425, 1499783, 1396604]"
"CBN-PdlC-D4-20170816","[1399800, 1744425, 1390899, 1744496, 1393952, 1743814, 1393973, 1548249, 1744170, 1392044]"
"CBN-PdlC-D4-20170906","[1399800, 1744425, 1360594, 1390899, 1393973, 1499783, 1376496, 1392054, 1362050, 1389687]"
"CBN-PdlC-D4-20180723","[1744395, 1573648, 1647823, 1499783, 1393952, 1722432, 1523071, 1390899, 1358523, 1394843]"
"CBN-PdlC-D4-20180815","[1390899, 1399800, 1722432, 1523071, 1744425, 1389508, 1645887, 1744395, 1376496, 1360289]"
"CBN-PdlC-D4-20180905","[1399800, 1390899, 1744425, 1390225, 1499783, 1573648, 1739203, 1480601, 1744169, 1744395]"
"CBN-PdlC-D4-20190701","[1399800, 1645887, 1390899, 1357866, 1548249, 1392165, 1628811, 1504116, 1389401, 1744425]"
"CBN-PdlC-D4-20190722","[1744395, 1573648, 1722432, 1399800, 1389986, 1392075, 1647823, 1390899, 1563230, 1744473]"
"CBN-PdlC-D4-20190812","[1399800, 1722432, 1390899, 1499783, 1739203, 1744395, 1645887, 1564310, 1563230, 1573648]"
"CBN-PdlC-D4-20190909","[1399800, 1390899, 1392044, 1573648, 1499783, 1744425, 1390467, 1362682, 1356967, 1744395]"
"CBN-PdlC-D4-20200722","[1744395, 1573648, 1722432, 1360289, 1390899, 1399800, 1548249, 1392075, 1744642, 1391802]"
"CBN-PdlC-D4-20200812","[1390899, 1573648, 1744395, 1523071, 1399800, 1389508, 1722432, 1547096, 1392291, 1744425]"
"CBN-PdlC-D5-20130807","[1722432, 1744395, 1390662, 1390467, 1390225, 1647338, 1523597, 1390899, 1392201, 1647823]"
"CBN-PdlC-D5-20130903","[1389508, 1396123, 1399800, 1390225, 1744395, 1743449, 1394596, 1356708, 1744425, 1502922]"
"CBN-PdlC-D5-20140721","[1399800, 1743474, 1357866, 1394843, 1358568, 1744834, 1744618, 1390899, 1390693, 1390225]"
"CBN-PdlC-D5-20140811","[1722432, 1390899, 1399800, 1523071, 1573648, 1389508, 1744395, 1741752, 1356708, 1390467]"
"CBN-PdlC-D5-20140901","[1362367, 1722432, 1495474, 1399800, 1399485, 1390899, 1398820, 1390662, 1647823, 1393353]"
"CBN-PdlC-D5-20150701","[1399800, 1397838, 1390225, 1723185, 1357866, 1400079, 1392054, 1722432, 1480601, 1564493]"
"CBN-PdlC-D5-20150720","[1390899, 1722432, 1394843, 1392075, 1744395, 1688091, 1393992, 1744169, 1563230, 1392318]"
"CBN-PdlC-D5-20150810","[1390899, 1722432, 1573648, 1531441, 1744395, 1743449, 1389508, 1389986, 1393887, 1360289]"
"CBN-PdlC-D5-20150831","[1390899, 1399800, 1738583, 1573648, 1744425, 1392513, 1389508, 1394843, 1523071, 1647153]"
"CBN-PdlC-D5-20160705","[1743474, 1399800, 1358568, 1744425, 1357866, 1390662, 1394843, 1392317, 1356407, 1564493]"
"CBN-PdlC-D5-20160726","[1722432, 1390899, 1395608, 1394843, 1564310, 1390693, 1741752, 1744425, 1396126, 1396628]"
"CBN-PdlC-D5-20170816","[1399800, 1647575, 1744425, 1647153, 1390899, 1392513, 1392054, 1394843, 1532993, 1392336]"
"CBN-PdlC-D5-20170906","[1399800, 1744425, 1647153, 1389687, 1393973, 1390899, 1394843, 1532993, 1396569, 1743933]"
"CBN-PdlC-D5-20180723","[1744618, 1394843, 1573648, 1744060, 1523071, 1393952, 1358523, 1356708, 1722432, 1723185]"
"CBN-PdlC-D5-20180815","[1531441, 1399800, 1389508, 1722432, 1723185, 1390899, 1362179, 1361263, 1744425, 1396123]"
"CBN-PdlC-D5-20180905","[1399800, 1390225, 1647575, 1743474, 1744425, 1392097, 1392513, 1396569, 1390467, 1389687]"
"CBN-PdlC-D5-20190701","[1399800, 1400079, 1722432, 1723185, 1394596, 1744425, 1573648, 1435507, 1504116, 1390899]"
"CBN-PdlC-D5-20190722","[1722432, 1392075, 1389986, 1573648, 1744618, 1741752, 1564310, 1393887, 1397086, 1743449]"
"CBN-PdlC-D5-20190812","[1389135, 1356708, 1573648, 1390225, 1392892, 1390899, 1392114, 1564310, 1687979, 1396126]"
"CBN-PdlC-D5-20190909","[1399800, 1392201, 1392892, 1390899, 1390467, 1394843, 1550154, 1647153, 1396569, 1573648]"
"CBN-PdlC-D5-20200722","[1395074, 1738583, 1722432, 1479671, 1531441, 1573648, 1564310, 1647823, 1723185, 1356708]"
"CBN-PdlC-D5-20200812","[1531441, 1523071, 1394843, 1399800, 1396628, 1390899, 1393887, 1356708, 1361169, 1741799]"
"CBN-PdlC-D6-20130807","[1392258, 1722432, 1392341, 1392075, 1741752, 1744395, 1396123, 1399800, 1396379, 1390467]"
"CBN-PdlC-D6-20130903","[1399800, 1573648, 1547096, 1390899, 1389508, 1392291, 1394843, 1400074, 1391070, 1743449]"
"CBN-PdlC-D6-20140721","[1743474, 1504027, 1647575, 1744027, 1399800, 1743904, 1361517, 1394843, 1390662, 1390693]"
"CBN-PdlC-D6-20140811","[1573648, 1722432, 1399800, 1390899, 1499783, 1356708, 1744169, 1392054, 1360289, 1390693]"
"CBN-PdlC-D6-20140901","[1722432, 1390899, 1399800, 1744169, 1499783, 1617119, 1390225, 1573648, 1362179, 1737662]"
"CBN-PdlC-D6-20150701","[1562391, 1392317, 1399800, 1504027, 1744027, 1744635, 1744395, 1358568, 1397838, 1419963]"
"CBN-PdlC-D6-20150720","[1390899, 1573648, 1722432, 1744395, 1392075, 1399800, 1479671, 1532993, 1723185, 1390693]"
"CBN-PdlC-D6-20150810","[1392075, 1573648, 1744395, 1499783, 1722432, 1479671, 1362682, 1390899, 1399800, 1556685]"
"CBN-PdlC-D6-20150831","[1399800, 1390899, 1744425, 1564310, 1573648, 1394843, 1362682, 1499783, 1504027, 1392201]"
"CBN-PdlC-D6-20160705","[1743474, 1737662, 1435507, 1396604, 1358568, 1504027, 1392317, 1739065, 1739203, 1399800]"
"CBN-PdlC-D6-20160726","[1722432, 1390899, 1399800, 1744395, 1744169, 1452585, 1744425, 1390693, 1573648, 1392075]"
"CBN-PdlC-D6-20170816","[1399800, 1744425, 1722432, 1390899, 1390693, 1389687, 1392054, 1499783, 1647575, 1744635]"
"CBN-PdlC-D6-20170906","[1399800, 1744425, 1743474, 1743933, 1390225, 1360964, 1392892, 1390899, 1744496, 1499783]"
"CBN-PdlC-D6-20180723","[1573648, 1744395, 1358523, 1647823, 1652252, 1396123, 1547096, 1390899, 1393952, 1400074]"
"CBN-PdlC-D6-20180815","[1390899, 1389508, 1399800, 1400074, 1722432, 1524876, 1358523, 1499783, 1523071, 1743449]"
"CBN-PdlC-D6-20180905","[1399800, 1744169, 1392097, 1390225, 1390899, 1647575, 1499783, 1356294, 1744425, 1743474]"
"CBN-PdlC-D6-20190701","[1359386, 1645887, 1550197, 1389508, 1744425, 1400079, 1743760, 1647263, 1392165, 1392317]"
"CBN-PdlC-D6-20190722","[1573648, 1392075, 1744169, 1399800, 1547096, 1722432, 1390899, 1389986, 1744395, 1362682]"
"CBN-PdlC-D6-20190812","[1390899, 1744169, 1722432, 1393973, 1399800, 1739203, 1564310, 1452585, 1389687, 1744208]"
"CBN-PdlC-D6-20190909","[1399800, 1390899, 1499783, 1564310, 1362682, 1392054, 1744067, 1744425, 1390693, 1647575]"
"CBN-PdlC-D6-20200722","[1573648, 1744395, 1722432, 1392201, 1392075, 1389986, 1562391, 1499783, 1647823, 1362682]"
"CBN-PdlC-D6-20200812","[1573648, 1399800, 1390899, 1362682, 1389508, 1744169, 1743311, 1547096, 1394843, 1394915]"
"CBN-PdlC-E1-20130723","[1563230, 1393826, 1399800, 1744169, 1741701, 1738796, 1360594, 1617119, 1392470, 1357866]"
"CBN-PdlC-E1-20130807","[1393353, 1356001, 1517471, 1356796, 1737448, 1392218, 1390388, 1722432, 1744642, 1398699]"
"CBN-PdlC-E1-20130903","[1390899, 1399800, 1390467, 1722432, 1358326, 1400074, 1356708, 1390225, 1392513, 1502831]"
"CBN-PdlC-E1-20140630","[1399800, 1647338, 1722432, 1645887, 1390899, 1392317, 1398780, 1743315, 1744857, 1362682]"
"CBN-PdlC-E1-20140721","[1573648, 1389135, 1741752, 1652252, 1359833, 1645887, 1722432, 1688091, 1390899, 1687979]"
"CBN-PdlC-E1-20140811","[1392291, 1645887, 1390899, 1399800, 1397086, 1722432, 1573648, 1523071, 1389508, 1390467]"
"CBN-PdlC-E1-20140901","[1399800, 1390899, 1390467, 1392291, 1573648, 1356708, 1389508, 1580587, 1394915, 1400074]"
"CBN-PdlC-E1-20150701","[1744395, 1722432, 1573648, 1647823, 1741752, 1399800, 1390225, 1362682, 1360289, 1390899]"
"CBN-PdlC-E1-20150720","[1399800, 1744395, 1647153, 1390899, 1390388, 1722432, 1744425, 1390467, 1392201, 1502939]"
"CBN-PdlC-E1-20150810","[1392114, 1744618, 1394843, 1399800, 1498118, 1564310, 1389448, 1722432, 1396527, 1628811]"
"CBN-PdlC-E1-20150831","[1399800, 1390899, 1389135, 1390467, 1722432, 1744496, 1744425, 1743474, 1392513, 1647153]"
"CBN-PdlC-E1-20160705","[1399800, 1481963, 1390899, 1743474, 1390693, 1573648, 1395953, 1744479, 1652252, 1645887]"
"CBN-PdlC-E1-20160726","[1389135, 1492736, 1741954, 1397086, 1744425, 1399800, 1481963, 1360780, 1390899, 1479531]"
"CBN-PdlC-E1-20170816","[1399800, 1390899, 1647153, 1743474, 1390225, 1667780, 1744425, 1392513, 1744169, 1744395]"
"CBN-PdlC-E1-20170906","[1743474, 1399800, 1390388, 1390899, 1390225, 1667780, 1392892, 1647153, 1744067, 1399082]"
"CBN-PdlC-E1-20180702","[1399800, 1390899, 1390388, 1743375, 1358568, 1357866, 1392054, 1392892, 1362179, 1722432]"
"CBN-PdlC-E1-20180723","[1394843, 1399800, 1393887, 1393952, 1390899, 1573648, 1389369, 1389508, 1360289, 1397086]"
"CBN-PdlC-E1-20180815","[1399800, 1390899, 1722432, 1389508, 1392291, 1744425, 1523071, 1645887, 1435507, 1394843]"
"CBN-PdlC-E1-20180905","[1647153, 1743474, 1741954, 1744169, 1399800, 1390467, 1390899, 1390225, 1392470, 1667780]"
"CBN-PdlC-E1-20190701","[1399800, 1744395, 1723185, 1389508, 1647823, 1393952, 1573648, 1523071, 1722432, 1390899]"
"CBN-PdlC-E1-20190812","[1741954, 1647153, 1389687, 1390467, 1744169, 1744021, 1563230, 1389135, 1517471, 1667780]"
"CBN-PdlC-E1-20190909","[1647153, 1741954, 1550154, 1399800, 1743474, 1390467, 1389687, 1647150, 1390899, 1517471]"
"CBN-PdlC-E1-20200629","[1399800, 1563230, 1392201, 1744169, 1390225, 1357866, 1744395, 1358568, 1617119, 1647153]"
"CBN-PdlC-E1-20200722","[1741954, 1647153, 1390899, 1399800, 1456505, 1389687, 1392892, 1390225, 1744425, 1550154]"
"CBN-PdlC-E1-20200812","[1647153, 1399800, 1741954, 1390467, 1362682, 1517471, 1390899, 1744425, 1392291, 1647150]"
"CBN-PdlC-E2-20130723","[1399800, 1573648, 1563230, 1723185, 1647575, 1360372, 1744425, 1390388, 1390899, 1743474]"
"CBN-PdlC-E2-20130807","[1393887, 1393353, 1744425, 1356407, 1390899, 1741617, 1396379, 1532993, 1356419, 1399800]"
"CBN-PdlC-E2-20130903","[1531441, 1360289, 1399800, 1741617, 1390899, 1425347, 1743449, 1394596, 1390225, 1396123]"
"CBN-PdlC-E2-20140630","[1392317, 1399800, 1394843, 1645887, 1396864, 1564317, 1743474, 1653641, 1392513, 1392983]"
"CBN-PdlC-E2-20140721","[1741752, 1573648, 1399800, 1390899, 1652252, 1722432, 1532993, 1744395, 1645887, 1744425]"
"CBN-PdlC-E2-20140811","[1390899, 1399800, 1722432, 1531441, 1744425, 1523071, 1361169, 1651485, 1743449, 1356708]"
"CBN-PdlC-E2-20140901","[1399800, 1392513, 1743474, 1573648, 1356708, 1390899, 1658641, 1722432, 1393887, 1531441]"
"CBN-PdlC-E2-20150720","[1390899, 1573648, 1743456, 1399800, 1390388, 1563230, 1647823, 1722432, 1744425, 1744395]"
"CBN-PdlC-E2-20150810","[1722432, 1573648, 1360289, 1392264, 1362682, 1744395, 1393887, 1743449, 1744425, 1744396]"
"CBN-PdlC-E2-20150831","[1399800, 1390899, 1744425, 1573648, 1564317, 1392044, 1743449, 1722432, 1392264, 1532190]"
"CBN-PdlC-E2-20160705","[1741752, 1399800, 1390899, 1744425, 1743101, 1573648, 1651485, 1744479, 1743474, 1390388]"
"CBN-PdlC-E2-20160726","[1651485, 1722432, 1399800, 1563230, 1744425, 1647823, 1390899, 1395369, 1390225, 1741954]"
"CBN-PdlC-E2-20170816","[1399800, 1722432, 1744425, 1651485, 1393342, 1513956, 1394596, 1362682, 1502540, 1743449]"
"CBN-PdlC-E2-20170906","[1399800, 1647153, 1399082, 1743474, 1651485, 1392044, 1390225, 1392054, 1396762, 1744169]"
"CBN-PdlC-E2-20180702","[1358568, 1744425, 1399800, 1390388, 1743375, 1743760, 1392341, 1564317, 1743904, 1399730]"
"CBN-PdlC-E2-20180723","[1396379, 1744425, 1393952, 1393887, 1573648, 1741560, 1397086, 1389986, 1743819, 1399800]"
"CBN-PdlC-E2-20180815","[1399800, 1722432, 1744425, 1743474, 1360289, 1390225, 1393887, 1390899, 1738583, 1392513]"
"CBN-PdlC-E2-20180905","[1743474, 1399800, 1390225, 1390467, 1636854, 1744425, 1647153, 1392317, 1738583, 1739203]"
"CBN-PdlC-E2-20190701","[1741752, 1722432, 1506481, 1393686, 1389508, 1645887, 1394843, 1399800, 1389986, 1744425]"
"CBN-PdlC-E2-20190812","[1392513, 1393887, 1637419, 1393973, 1396569, 1505488, 1743449, 1646236, 1502797, 1513956]"
"CBN-PdlC-E2-20190909","[1743474, 1399800, 1744169, 1393887, 1741954, 1647153, 1398781, 1637419, 1392513, 1573648]"
"CBN-PdlC-E2-20200629","[1743474, 1399800, 1743101, 1563230, 1358568, 1394843, 1396123, 1390388, 1687979, 1392317]"
"CBN-PdlC-E2-20200722","[1722432, 1636854, 1390899, 1573648, 1743456, 1741954, 1499783, 1399800, 1744425, 1389687]"
"CBN-PdlC-E2-20200812","[1399800, 1722432, 1744425, 1390899, 1392201, 1573648, 1362682, 1393887, 1392264, 1390225]"
"CBN-PdlC-E3-20130723","[1453529, 1588647, 1358568, 1744241, 1390225, 1738583, 1647506, 1390388, 1356457, 1399082]"
"CBN-PdlC-E3-20130807","[1393992, 1738583, 1356214, 1356419, 1744857, 1453584, 1517471, 1493381, 1392928, 1687979]"
"CBN-PdlC-E3-20130903","[1397070, 1722432, 1396123, 1453529, 1502922, 1738583, 1531441, 1425347, 1396527, 1390225]"
"CBN-PdlC-E3-20140630","[1493558, 1744857, 1399800, 1493722, 1518932, 1392317, 1390388]"
"CBN-PdlC-E3-20140721","[1390693, 1453529, 1647153, 1394843, 1744169, 1722432, 1399800, 1392928, 1744241, 1358568]"
"CBN-PdlC-E3-20140811","[1390899, 1399800, 1744425, 1499783, 1722432, 1573648, 1523071, 1390693, 1651485, 1744395]"
"CBN-PdlC-E3-20140901","[1392264, 1397779, 1647153, 1513956, 1389687, 1393952, 1563697, 1495474, 1744635, 1722432]"
"CBN-PdlC-E3-20150701","[1722432, 1647823, 1744395, 1396379, 1399800, 1688110, 1647153, 1499783, 1392264, 1393887]"
"CBN-PdlC-E3-20150720","[1647153, 1743792, 1390225, 1722432, 1399800, 1688110, 1744395, 1744479, 1393887, 1396544]"
"CBN-PdlC-E3-20150810","[1722432, 1741954, 1392264, 1392336, 1744425, 1647153, 1360289, 1393887, 1362682, 1505544]"
"CBN-PdlC-E3-20150831","[1392336, 1392264, 1738583, 1392513, 1647153, 1722432, 1744425, 1622910, 1743474, 1453531]"
"CBN-PdlC-E3-20160705","[1493381, 1722432, 1744395, 1399800, 1744169, 1398699, 1390899, 1394843, 1573648, 1396123]"
"CBN-PdlC-E3-20160726","[1651485, 1390225, 1389687, 1647153, 1617119, 1399800, 1741954, 1532993, 1564323, 1394843]"
"CBN-PdlC-E3-20170816","[1392336, 1744425, 1647153, 1453531, 1390225, 1392513, 1622910, 1563230, 1744169, 1738583]"
"CBN-PdlC-E3-20170906","[1647153, 1392336, 1390225, 1673309, 1453531, 1744170, 1744425, 1502797, 1399082, 1688110]"
"CBN-PdlC-E3-20180702","[1394843, 1399800, 1393923, 1453529, 1518932, 1723185, 1743474, 1392317, 1389508, 1394672]"
"CBN-PdlC-E3-20180723","[1531441, 1457868, 1394843, 1397070, 1396527, 1453529, 1358459, 1651322, 1393952, 1396123]"
"CBN-PdlC-E3-20180815","[1531441, 1722432, 1358459, 1392513, 1393952, 1397182, 1399779, 1390160, 1393645, 1563697]"
"CBN-PdlC-E3-20180905","[1647153, 1390225, 1495474, 1389687, 1743474, 1502797, 1550154, 1492739, 1667780, 1393887]"
"CBN-PdlC-E3-20190701","[1389508, 1394843, 1723185, 1722432, 1453529, 1399800, 1744395, 1393952, 1396527, 1395106]"
"CBN-PdlC-E3-20190812","[1389687, 1647153, 1744169, 1390225, 1667780, 1520353, 1517471, 1393887, 1502797, 1390899]"
"CBN-PdlC-E3-20190909","[1389687, 1647153, 1390225, 1743474, 1520353, 1396059, 1502797, 1667780, 1744055, 1550154]"
"CBN-PdlC-E3-20200629","[1399800, 1358568, 1394843, 1390225, 1453529, 1456505, 1563230, 1647823, 1722432, 1744169]"
"CBN-PdlC-E3-20200722","[1389687, 1532993, 1563230, 1390899, 1617119, 1737488, 1390225, 1647153, 1667780, 1744169]"
"CBN-PdlC-E3-20200812","[1390225, 1392201, 1399800, 1392291, 1362682, 1396123, 1688110, 1647153, 1523071, 1393887]"
"CBN-PdlC-E4-20130807","[1722432, 1398699, 1392928, 1479995, 1398820, 1393887, 1399800, 1393353, 1743819, 1396123]"
"CBN-PdlC-E4-20130903","[1399800, 1573648, 1389508, 1647823, 1390899, 1394596, 1744395, 1362682, 1392201, 1722432]"
"CBN-PdlC-E4-20140630","[1741576, 1392175, 1744208, 1744551]"
"CBN-PdlC-E4-20140721","[1722432, 1499783, 1357866, 1573648, 1647823, 1392928, 1391532, 1392201, 1389986, 1744395]"
"CBN-PdlC-E4-20140811","[1499783, 1390899, 1393992, 1392928, 1647155, 1744395, 1392201, 1573648, 1390467, 1392291]"
"CBN-PdlC-E4-20140901","[1399800, 1722432, 1499783, 1397471, 1389687, 1390899, 1360020, 1495474, 1573648, 1492736]"
"CBN-PdlC-E4-20150701","[1647338, 1647823, 1392201, 1744395, 1392075, 1573648, 1389986, 1399800, 1390899, 1390467]"
"CBN-PdlC-E4-20150720","[1392201, 1390899, 1647153, 1744395, 1744169, 1390467, 1647338, 1647823, 1389687, 1573648]"
"CBN-PdlC-E4-20150810","[1392201, 1399800, 1573648, 1523071, 1365482, 1744642, 1743449, 1744395, 1502922, 1743309]"
"CBN-PdlC-E4-20160705","[1392201, 1744395, 1647338, 1389010, 1573648, 1398699, 1647823, 1389986, 1744169, 1741752]"
"CBN-PdlC-E4-20160726","[1393992, 1389687, 1722432, 1393887, 1647155, 1453531, 1647153, 1458419, 1365482, 1453529]"
"CBN-PdlC-E4-20170816","[1647153, 1741576, 1393992, 1396447, 1647185, 1453531, 1399800, 1743456, 1391070, 1389687]"
"CBN-PdlC-E4-20170906","[1393992, 1647153, 1647185, 1741576, 1550154, 1744857, 1453531, 1520353, 1399082, 1390225]"
"CBN-PdlC-E4-20180702","[1394843, 1723185, 1399800, 1435507, 1359388, 1395074, 1400079, 1452284, 1390225, 1513956]"
"CBN-PdlC-E4-20180723","[1723185, 1743309, 1502922, 1390899, 1394843, 1393952, 1743456, 1361070, 1392291, 1744395]"
"CBN-PdlC-E4-20180815","[1744425, 1392291, 1722432, 1399800, 1390899, 1389508, 1362682, 1397838, 1393887, 1743309]"
"CBN-PdlC-E4-20180905","[1744067, 1743933, 1389687, 1550154, 1390467, 1390225, 1647153, 1398820, 1392892, 1399082]"
"CBN-PdlC-E4-20190701","[1394843, 1358523, 1573648, 1744395, 1396123, 1743309, 1389986, 1393864, 1647823, 1392291]"
"CBN-PdlC-E4-20190812","[1389687, 1398781, 1658641, 1393992, 1741775, 1647153, 1520353, 1664942, 1744857, 1743427]"
"CBN-PdlC-E4-20190909","[1647153, 1389687, 1647185, 1741576, 1392264, 1393992, 1744208, 1520353, 1658641, 1743427]"
"CBN-PdlC-E4-20200629","[1647575, 1393544, 1390225, 1357866, 1399800, 1394843, 1358568, 1361074, 1452284, 1363079]"
"CBN-PdlC-E4-20200722","[1647153, 1744169, 1389687, 1390899, 1744395, 1392201, 1573648, 1743814, 1452585, 1393992]"
"CBN-PdlC-E4-20200812","[1399800, 1392201, 1502922, 1392291, 1523071, 1361576, 1358459, 1647153, 1390899, 1394596]"
"CBN-PdlC-E5-20130723","[1392175, 1390225, 1452284, 1479995, 1744170, 1390367, 1531522, 1393261, 1744067, 1687979]"
"CBN-PdlC-E5-20130807","[1392892, 1722432, 1647153, 1452284, 1647185, 1399800, 1502831, 1396691, 1392928, 1517471]"
"CBN-PdlC-E5-20130903","[1390899, 1502797, 1389986, 1647153, 1392218, 1452284, 1647185, 1737561, 1480731, 1396309]"
"CBN-PdlC-E5-20140630","[1687979, 1452284, 1390899, 1389135, 1399800, 1741767, 1687981, 1744479, 1561314, 1358326]"
"CBN-PdlC-E5-20140721","[1389135, 1389986, 1390244, 1647338, 1392201, 1523597, 1688091, 1744395, 1391532, 1357866]"
"CBN-PdlC-E5-20140811","[1647155, 1390899, 1390662, 1392201, 1398781, 1390467, 1502831, 1392044, 1495474, 1653037]"
"CBN-PdlC-E5-20150720","[1389986, 1394765, 1647338, 1532993, 1744395, 1396628, 1573648, 1647153, 1647155, 1583450]"
"CBN-PdlC-E5-20150810","[1744395, 1502831, 1392114, 1389986, 1722432, 1399800, 1573648, 1687979, 1362682, 1743311]"
"CBN-PdlC-E5-20150831","[1647153, 1399800, 1573648, 1390467, 1389986, 1392097, 1390899, 1389135, 1647185, 1392201]"
"CBN-PdlC-E5-20160705","[1744395, 1392075, 1573648, 1392201, 1399800, 1389986, 1396691, 1687979, 1389555, 1743311]"
"CBN-PdlC-E5-20160726","[1573648, 1647153, 1722432, 1563230, 1744395, 1389986, 1399800, 1532993, 1359174, 1495474]"
"CBN-PdlC-E5-20170816","[1399800, 1647153, 1390467, 1390225, 1667408, 1389687, 1398699, 1390899, 1573648, 1744395]"
"CBN-PdlC-E5-20170906","[1647153, 1390467, 1399800, 1390225, 1743933, 1550154, 1389687, 1667408, 1744055, 1393503]"
"CBN-PdlC-E5-20180702","[1390225, 1743306, 1399800, 1452284, 1744635, 1435507, 1687979, 1744055, 1392175, 1743933]"
"CBN-PdlC-E5-20180723","[1744395, 1523071, 1573648, 1498118, 1722432, 1390244, 1399800, 1394843, 1392075, 1389986]"
"CBN-PdlC-E5-20180815","[1399800, 1390899, 1523071, 1390467, 1361576, 1362682, 1573648, 1744395, 1614893, 1722432]"
"CBN-PdlC-E5-20180905","[1647153, 1390467, 1550154, 1393503, 1399800, 1744055, 1744067, 1390225, 1397838, 1742026]"
"CBN-PdlC-E5-20190722","[1744395, 1743311, 1399800, 1573648, 1392201, 1362682, 1389986, 1390467, 1392075, 1502831]"
"CBN-PdlC-E5-20190812","[1647153, 1390467, 1390899, 1399800, 1667408, 1389135, 1398820, 1741954, 1453584, 1550154]"
"CBN-PdlC-E5-20190909","[1399800, 1647153, 1390467, 1550154, 1390225, 1492739, 1744055, 1744067, 1390899, 1743659]"
"CBN-PdlC-E5-20200629","[1357866, 1399800, 1563230, 1722432, 1743306, 1389555, 1744395, 1687979, 1392175, 1452284]"
"CBN-PdlC-E5-20200722","[1389135, 1741954, 1399800, 1390467, 1563230, 1722432, 1687979, 1392201, 1647153, 1744395]"
"CBN-PdlC-E5-20200812","[1399800, 1390467, 1647153, 1427718, 1390899, 1392201, 1523597, 1362682, 1502922, 1744425]"
"CBN-PdlC-E6-20130723","[1390225, 1396279, 1417738, 1393544, 1357866, 1743560, 1723185, 1495441, 1392175, 1399800]"
"CBN-PdlC-E6-20130807","[1393544, 1390899, 1573648, 1357143, 1360020, 1356407, 1398699, 1458364, 1531436, 1376496]"
"CBN-PdlC-E6-20130903","[1390899, 1390467, 1399800, 1390225, 1361576, 1479995, 1502797, 1744041, 1722432, 1622910]"
"CBN-PdlC-E6-20140630","[1399800, 1390388, 1452284, 1392201, 1357866, 1617119, 1737718, 1398699, 1435507, 1389555]"
"CBN-PdlC-E6-20140721","[1563230, 1389687, 1390899, 1389010, 1390225, 1722704, 1394765, 1393864, 1573648, 1744395]"
"CBN-PdlC-E6-20140811","[1390899, 1573648, 1523071, 1743456, 1492739, 1389687, 1744395, 1744067, 1744208, 1390467]"
"CBN-PdlC-E6-20150701","[1647338, 1744395, 1573648, 1390467, 1389986, 1722432, 1390244, 1697320, 1399800, 1392075]"
"CBN-PdlC-E6-20150720","[1563230, 1744395, 1399485, 1498118, 1657246, 1573648, 1399800, 1393952, 1362367, 1390899]"
"CBN-PdlC-E6-20150810","[1744395, 1573648, 1399800, 1357050, 1722432, 1523071, 1499783, 1362682, 1744642, 1392201]"
"CBN-PdlC-E6-20150831","[1573648, 1399800, 1390467, 1744395, 1389687, 1361387, 1532993, 1743456, 1392201, 1390899]"
"CBN-PdlC-E6-20160705","[1573648, 1744395, 1647338, 1392075, 1652252, 1358523, 1523071, 1389986, 1396123, 1722704]"
"CBN-PdlC-E6-20160726","[1573648, 1744395, 1722432, 1563230, 1499783, 1390899, 1743456, 1532993, 1647823, 1647153]"
"CBN-PdlC-E6-20170816","[1390225, 1399800, 1389687, 1390467, 1744170, 1647153, 1550154, 1573648, 1499783, 1361576]"
"CBN-PdlC-E6-20170906","[1399800, 1390225, 1744169, 1550154, 1392470, 1399082, 1360594, 1563230, 1390467, 1743933]"
"CBN-PdlC-E6-20180702","[1357866, 1390225, 1393826, 1723185, 1435507, 1360372, 1360039, 1389555, 1390388, 1392470]"
"CBN-PdlC-E6-20180723","[1744395, 1573648, 1523071, 1399800, 1358523, 1400074, 1389986, 1548249, 1392075, 1393952]"
"CBN-PdlC-E6-20180815","[1523071, 1399800, 1397838, 1361576, 1425299, 1390467, 1390225, 1390899, 1358459, 1357584]"
"CBN-PdlC-E6-20180905","[1390225, 1743933, 1399800, 1550154, 1744169, 1360594, 1392470, 1563230, 1399082, 1617119]"
"CBN-PdlC-E6-20190722","[1744395, 1399800, 1573648, 1392075, 1563230, 1392291, 1738785, 1392114, 1502831, 1357584]"
"CBN-PdlC-E6-20190812","[1531436, 1632987, 1390899, 1356419, 1453584, 1390225, 1563230, 1744041, 1360594, 1617119]"
"CBN-PdlC-E6-20190909","[1550154, 1399800, 1390225, 1390467, 1389687, 1647153, 1499783, 1573648, 1738961, 1744169]"
"CBN-PdlC-E6-20200629","[1357866, 1722704, 1399800, 1389555, 1723185, 1563230, 1393826, 1435507, 1452284, 1392075]"
"CBN-PdlC-E6-20200722","[1399800, 1563230, 1744395, 1722432, 1390467, 1573648, 1647338, 1652252, 1392075, 1502831]"
"CBN-PdlC-E6-20200812","[1399800, 1744395, 1390467, 1523071, 1647338, 1390225, 1392201, 1573648, 1393952, 1652252]"
"CBN-PdlC-F1-20130723","[1645887, 1396279, 1744015, 1393826, 1563230, 1743324, 1392470, 1564493, 1457212, 1744169]"
"CBN-PdlC-F1-20130807","[1743324, 1393952, 1531436, 1737489, 1564493, 1390388, 1389555, 1376496, 1628811, 1744147]"
"CBN-PdlC-F1-20130903","[1399800, 1390899, 1389508, 1737489, 1392291, 1548249, 1723185, 1393952, 1744169, 1652252]"
"CBN-PdlC-F1-20140630","[1645887, 1399800, 1357866, 1389508, 1744169, 1358568, 1722432, 1652252, 1390899, 1398827]"
"CBN-PdlC-F1-20140721","[1645887, 1358392, 1722704, 1722432, 1646236, 1573648, 1652252, 1743385, 1361144, 1499783]"
"CBN-PdlC-F1-20140811","[1573648, 1523071, 1390899, 1399800, 1392291, 1744642, 1361576, 1744425, 1499783, 1652252]"
"CBN-PdlC-F1-20140901","[1399800, 1652252, 1390899, 1502831, 1389508, 1394915, 1580587, 1737489, 1394843, 1744867]"
"CBN-PdlC-F1-20150701","[1744395, 1573648, 1744642, 1645887, 1392075, 1722432, 1393887, 1741752, 1390899, 1399800]"
"CBN-PdlC-F1-20150720","[1399800, 1722432, 1744395, 1390899, 1645887, 1647823, 1573648, 1479671, 1360020, 1396294]"
"CBN-PdlC-F1-20150810","[1399800, 1744642, 1573648, 1652252, 1722432, 1390225, 1362682, 1392201, 1389508, 1744395]"
"CBN-PdlC-F1-20150831","[1399800, 1390899, 1652252, 1744169, 1580587, 1392201, 1425299, 1392291, 1394915, 1573648]"
"CBN-PdlC-F1-20160705","[1645887, 1722432, 1573648, 1399800, 1564323, 1744425, 1744015, 1458419, 1390899, 1548249]"
"CBN-PdlC-F1-20160726","[1393952, 1399800, 1390899, 1563230, 1390225, 1722432, 1564323, 1573648, 1742773, 1393503]"
"CBN-PdlC-F1-20170816","[1399800, 1390899, 1563230, 1390225, 1645887, 1450786, 1573648, 1652252, 1390467, 1739203]"
"CBN-PdlC-F1-20170906","[1399800, 1390225, 1563230, 1390899, 1390388, 1360815, 1392470, 1687993, 1392177, 1564493]"
"CBN-PdlC-F1-20180702","[1399800, 1357866, 1390225, 1357595, 1392470, 1744169, 1743230, 1397838, 1563230, 1393826]"
"CBN-PdlC-F1-20180723","[1723185, 1399800, 1390899, 1394843, 1573648, 1389508, 1744395, 1645887, 1523071, 1548249]"
"CBN-PdlC-F1-20180815","[1399800, 1397838, 1389508, 1523071, 1390899, 1647150, 1645887, 1722432, 1743933, 1392291]"
"CBN-PdlC-F1-20180905","[1399800, 1392470, 1563230, 1744169, 1390225, 1392892, 1743933, 1390467, 1687993, 1742773]"
"CBN-PdlC-F1-20190701","[1399800, 1390899, 1573648, 1744395, 1389508, 1723185, 1393952, 1645887, 1652252, 1392291]"
"CBN-PdlC-F1-20190812","[1389687, 1399800, 1398820, 1741954, 1743659, 1393503, 1647153, 1744067, 1361576, 1479671]"
"CBN-PdlC-F1-20190909","[1647153, 1744067, 1390899, 1743659, 1389687, 1399800, 1743474, 1392201, 1394915, 1394734]"
"CBN-PdlC-F1-20200629","[1563230, 1399800, 1744169, 1647153, 1357866, 1744395, 1390225, 1392470, 1456505, 1392075]"
"CBN-PdlC-F1-20200722","[1722432, 1392201, 1389687, 1456505, 1399800, 1741954, 1744169, 1499783, 1390693, 1390899]"
"CBN-PdlC-F1-20200812","[1399800, 1390899, 1392201, 1390225, 1573648, 1647153, 1741954, 1499783, 1722432, 1361576]"
"CBN-PdlC-F2-20130723","[1360372, 1743315, 1743324, 1744389, 1389806, 1393826, 1396279, 1555195, 1376496, 1357866]"
"CBN-PdlC-F2-20130807","[1531436, 1398699, 1479995, 1398820, 1743306, 1376496, 1390388, 1407770, 1453572, 1397386]"
"CBN-PdlC-F2-20130903","[1425347, 1737489, 1399800, 1390899, 1389508, 1393826, 1400017, 1723185, 1393968, 1652252]"
"CBN-PdlC-F2-20140630","[1399800, 1645887, 1504116, 1357866, 1389508, 1743309, 1573648, 1737489, 1392317, 1744169]"
"CBN-PdlC-F2-20140721","[1722704, 1743385, 1645887, 1458419, 1573648, 1532993, 1744008, 1652252, 1393887, 1687979]"
"CBN-PdlC-F2-20140811","[1389508, 1573648, 1392291, 1399800, 1499783, 1523071, 1548249, 1741957, 1743385, 1360907]"
"CBN-PdlC-F2-20140901","[1744481, 1737489, 1389508, 1399800, 1361576, 1425347, 1741957, 1548249, 1391750, 1356708]"
"CBN-PdlC-F2-20150701","[1573648, 1393887, 1399800, 1392201, 1737561, 1744395, 1744642, 1398699, 1393952, 1532993]"
"CBN-PdlC-F2-20150720","[1573648, 1399800, 1458419, 1398699, 1399082, 1563230, 1389508, 1499783, 1360594, 1390899]"
"CBN-PdlC-F2-20150810","[1573648, 1499783, 1458419, 1399800, 1389508, 1647153, 1722432, 1744395, 1398699, 1505488]"
"CBN-PdlC-F2-20150831","[1399800, 1573648, 1523071, 1390899, 1392201, 1505488, 1392317, 1389508, 1737489, 1458419]"
"CBN-PdlC-F2-20160705","[1399800, 1573648, 1398699, 1647153, 1722432, 1390244, 1563230, 1744389, 1390899, 1458419]"
"CBN-PdlC-F2-20160726","[1399800, 1563230, 1399082, 1360594, 1499783, 1647155, 1742773, 1493381, 1573648, 1647153]"
"CBN-PdlC-F2-20170906","[1360594, 1744067, 1399082, 1744170, 1399800, 1743933, 1647153, 1390388, 1744169, 1744425]"
"CBN-PdlC-F2-20180702","[1357866, 1399800, 1529395, 1392470, 1392307, 1390225, 1687979, 1393261, 1499783]"
"CBN-PdlC-F2-20180723","[1723185, 1573648, 1389508, 1523071, 1393952, 1399800, 1499783, 1390899, 1394843, 1393887]"
"CBN-PdlC-F2-20180815","[1723185, 1399800, 1389508, 1722432, 1390899, 1397838, 1523071, 1744425, 1737489, 1548249]"
"CBN-PdlC-F2-20180905","[1399800, 1744170, 1399082, 1744015, 1390225, 1744067, 1722432, 1392470, 1647153, 1743474]"
"CBN-PdlC-F2-20190701","[1389508, 1573648, 1523071, 1504116, 1393952, 1399800, 1744395, 1390899, 1499783, 1743230]"
"CBN-PdlC-F2-20190812","[1741775, 1399082, 1502831, 1453584, 1360594, 1389687, 1390225, 1744067, 1743786, 1502797]"
"CBN-PdlC-F2-20190909","[1480731, 1390899, 1393968, 1573648, 1741775, 1744067, 1399800, 1392513, 1399082, 1391070]"
"CBN-PdlC-F2-20200629","[1723185, 1399082, 1741775, 1357866, 1458419, 1563230, 1391769, 1390225, 1744067, 1647575]"
"CBN-PdlC-F2-20200722","[1563230, 1573648, 1722432, 1399800, 1389687, 1532993, 1744395, 1392201, 1390899, 1741954]"
"CBN-PdlC-F2-20200812","[1399800, 1390899, 1523071, 1573648, 1392291, 1394915, 1622910, 1737489, 1390693, 1744067]"
"CBN-PdlC-F3-20130723","[1390225, 1390388, 1452284, 1588647, 1358568, 1453529, 1389508, 1356419, 1687979, 1647575]"
"CBN-PdlC-F3-20130807","[1398820, 1617119, 1356419, 1479995, 1390388, 1393503, 1390244, 1390225, 1392928, 1628811]"
"CBN-PdlC-F3-20130903","[1531441, 1390225, 1399800, 1389508, 1498118, 1425347, 1651322, 1396527, 1505488, 1393952]"
"CBN-PdlC-F3-20140630","[1394843, 1452284, 1723185, 1453529, 1518932, 1614893, 1396544, 1357866, 1419963, 1744857]"
"CBN-PdlC-F3-20140721","[1722704, 1393992, 1687979, 1458419, 1573648, 1532993, 1744021, 1564310, 1389135, 1392928]"
"CBN-PdlC-F3-20140811","[1390899, 1392201, 1393992, 1361571, 1360907, 1744635, 1744067, 1647155, 1390693, 1741775]"
"CBN-PdlC-F3-20140901","[1531522, 1392264, 1744635, 1532993, 1452284, 1517471, 1394843, 1741775, 1741576, 1492739]"
"CBN-PdlC-F3-20150701","[1394843, 1493381, 1744479, 1573648, 1741752, 1389508, 1532993, 1647153, 1647823, 1393887]"
"CBN-PdlC-F3-20150720","[1647153, 1532993, 1741576, 1453572, 1392264, 1651485, 1744395, 1394843, 1390899, 1744479]"
"CBN-PdlC-F3-20150810","[1647153, 1394843, 1392264, 1651322, 1651485, 1505488, 1389508, 1647823, 1722432, 1390225]"
"CBN-PdlC-F3-20150831","[1647153, 1651485, 1392264, 1394596, 1573648, 1392201, 1390899, 1399800, 1396762, 1532993]"
"CBN-PdlC-F3-20160705","[1744395, 1394843, 1647153, 1651485, 1741576, 1647823, 1741752, 1392928, 1392282, 1652252]"
"CBN-PdlC-F3-20160726","[1651485, 1532993, 1394843, 1741954, 1647153, 1744479, 1391335, 1356419, 1741576, 1356214]"
"CBN-PdlC-F3-20170816","[1399800, 1744425, 1390899, 1647153, 1453529, 1394596, 1573648, 1651485, 1738583, 1744479]"
"CBN-PdlC-F3-20170906","[1647153, 1453529, 1390388, 1399800, 1390225, 1667780, 1744425, 1741576, 1479526, 1390899]"
"CBN-PdlC-F3-20180702","[1723185, 1394843, 1390225, 1357866, 1453529, 1396123, 1399800, 1737439, 1647575, 1738887]"
"CBN-PdlC-F3-20180723","[1394843, 1723185, 1744395, 1651322, 1502922, 1722432, 1390225, 1389508, 1396527, 1390899]"
"CBN-PdlC-F3-20180815","[1392264, 1390899, 1723185, 1394843, 1744425, 1502922, 1392291, 1390160, 1393992, 1399800]"
"CBN-PdlC-F3-20180905","[1647153, 1453529, 1492739, 1390225, 1390899, 1744067, 1741576, 1502797, 1738583, 1647575]"
"CBN-PdlC-F3-20190701","[1389508, 1394843, 1723185, 1573648, 1399800, 1651322, 1744395, 1358523, 1393952, 1744060]"
"CBN-PdlC-F3-20190722","[1651485, 1532993, 1744834, 1356214, 1744395, 1390899, 1392264, 1573648, 1492739, 1737439]"
"CBN-PdlC-F3-20190812","[1647153, 1389687, 1392264, 1392513, 1492739, 1651485, 1744857, 1502797, 1435579, 1550154]"
"CBN-PdlC-F3-20190909","[1647153, 1392264, 1392513, 1389687, 1492739, 1647575, 1651485, 1573648, 1502797, 1741954]"
"CBN-PdlC-F3-20200629","[1453529, 1399800, 1647575, 1394843, 1392201, 1744169, 1390225, 1393864, 1358568, 1390388]"
"CBN-PdlC-F3-20200722","[1741576, 1744834, 1617119, 1647153, 1453529, 1651485, 1390899, 1532993, 1517471, 1393887]"
"CBN-PdlC-F3-20200812","[1392264, 1573648, 1399800, 1647153, 1392201, 1362682, 1502922, 1390899, 1647575, 1394596]"
"CBN-PdlC-F4-20130723","[1390225, 1399800, 1743306, 1697320, 1738583, 1390467, 1392201, 1393503, 1361147, 1744395]"
"CBN-PdlC-F4-20130807","[1396279, 1356407, 1392928, 1396123, 1392201, 1738583, 1390467, 1376496, 1523597, 1531436]"
"CBN-PdlC-F4-20130903","[1399800, 1502922, 1400074, 1738583, 1502540, 1498118, 1502831, 1392291, 1390467, 1722432]"
"CBN-PdlC-F4-20140630","[1743306, 1697320, 1614893, 1502831, 1610794, 1687979, 1498118, 1390244, 1435579, 1362682]"
"CBN-PdlC-F4-20140811","[1392201, 1390467, 1392892, 1502922, 1399800, 1413421, 1744067, 1398781, 1573648, 1395074]"
"CBN-PdlC-F4-20140901","[1517471, 1647185, 1399800, 1697320, 1392264, 1531522, 1667780, 1502922, 1390244, 1392291]"
"CBN-PdlC-F4-20150701","[1647155, 1744395, 1532993, 1743786, 1399800, 1357050, 1390225, 1361387, 1573648, 1744642]"
"CBN-PdlC-F4-20150720","[1532993, 1399800, 1390467, 1647155, 1744483, 1647153, 1573648, 1744395, 1502797, 1561314]"
"CBN-PdlC-F4-20150810","[1647153, 1573648, 1502922, 1722432, 1390899, 1743456, 1502831, 1400079, 1647185, 1392852]"
"CBN-PdlC-F4-20150831","[1647153, 1399800, 1390467, 1573648, 1392201, 1744425, 1392291, 1392175, 1743933, 1523597]"
"CBN-PdlC-F4-20160705","[1392201, 1573648, 1744395, 1390899, 1647153, 1399800, 1741752, 1392075, 1563230, 1647155]"
"CBN-PdlC-F4-20160726","[1532993, 1647153, 1389687, 1394843, 1495474, 1392201, 1393992, 1573648, 1395608, 1647823]"
"CBN-PdlC-F4-20170816","[1738583, 1561314, 1647153, 1392291, 1396628, 1744425, 1647185, 1399800, 1399589, 1495474]"
"CBN-PdlC-F4-20170906","[1647153, 1738583, 1744857, 1390467, 1647185, 1667780, 1550154, 1741576, 1743474, 1502797]"
"CBN-PdlC-F4-20180702","[1390225, 1723185, 1399800, 1389508, 1453529, 1394843, 1744060, 1435507, 1738887, 1737439]"
"CBN-PdlC-F4-20180723","[1502922, 1399800, 1389508, 1744425, 1744395, 1400074, 1392201, 1722432, 1394843, 1562391]"
"CBN-PdlC-F4-20180815","[1502922, 1531441, 1564370, 1395074, 1392291, 1390160, 1396628, 1393952, 1397838, 1744425]"
"CBN-PdlC-F4-20180905","[1738583, 1647153, 1743474, 1390467, 1743933, 1502797, 1667780, 1389687, 1392513, 1399800]"
"CBN-PdlC-F4-20190701","[1723185, 1389508, 1390225, 1399800, 1744395, 1358523, 1394843, 1573648, 1502922, 1453529]"
"CBN-PdlC-F4-20190722","[1394765, 1550154, 1392114, 1396628, 1396279, 1502922, 1573648, 1389687, 1737439, 1532993]"
"CBN-PdlC-F4-20190812","[1647153, 1390467, 1389687, 1392513, 1392318, 1396628, 1744067, 1392264, 1502831, 1499638]"
"CBN-PdlC-F4-20190909","[1647153, 1550154, 1390467, 1517471, 1389687, 1392201, 1502797, 1738583, 1495474, 1647185]"
"CBN-PdlC-F4-20200629","[1697320, 1392201, 1389986, 1399800, 1390225, 1396379, 1390467, 1738583, 1563230, 1389135]"
"CBN-PdlC-F4-20200722","[1647153, 1389135, 1390467, 1392201, 1743922, 1495474, 1523597, 1392928, 1481080, 1647185]"
"CBN-PdlC-F4-20200812","[1502922, 1394596, 1738583, 1492739, 1392264, 1392291, 1392201, 1392513, 1722440, 1744425]"
"CBN-PdlC-F5-20130723","[1393544, 1396279, 1392175, 1390225, 1722432, 1390467, 1419963, 1399800, 1396123, 1738887]"
"CBN-PdlC-F5-20130903","[1392175, 1399800, 1357584, 1502922, 1396123, 1495441, 1580588, 1390467, 1400074, 1399798]"
"CBN-PdlC-F5-20140630","[1399800, 1452284, 1743560, 1743933, 1392175, 1744067]"
"CBN-PdlC-F5-20140721","[1647153, 1389687, 1390899, 1360907, 1389135, 1744395, 1563230, 1392201, 1362179, 1393887]"
"CBN-PdlC-F5-20140811","[1390899, 1390467, 1744067, 1359174, 1492739, 1392175, 1722432, 1389687, 1392201, 1647185]"
"CBN-PdlC-F5-20150701","[1392075, 1390467, 1744395, 1563230, 1398781, 1390899, 1744635, 1743786, 1722432, 1647338]"
"CBN-PdlC-F5-20150720","[1647153, 1583450, 1389687, 1392114, 1396628, 1394765, 1744170, 1396059, 1532993, 1743243]"
"CBN-PdlC-F5-20150810","[1744395, 1399800, 1392159, 1722432, 1744496, 1573648, 1392114, 1502831, 1392075, 1502922]"
"CBN-PdlC-F5-20150831","[1399800, 1647153, 1390467, 1392291, 1573648, 1392201, 1425299, 1392513, 1744395, 1722445]"
"CBN-PdlC-F5-20160705","[1502922, 1399800, 1400074, 1573648, 1389508, 1392075, 1722432, 1744395, 1647823, 1390244]"
"CBN-PdlC-F5-20160726","[1647153, 1563230, 1389687, 1622910, 1502797, 1390899, 1573648, 1399800, 1722432, 1744395]"
"CBN-PdlC-F5-20170816","[1561314, 1738583, 1390467, 1399800, 1396604, 1632987, 1739203, 1389687, 1396762, 1396628]"
"CBN-PdlC-F5-20170906","[1550154, 1743474, 1647153, 1390467, 1738583, 1392175, 1396628, 1399800, 1389687, 1744055]"
"CBN-PdlC-F5-20180702","[1399800, 1357866, 1392175, 1390225, 1392470, 1563230, 1452284, 1687979, 1393544, 1632987]"
"CBN-PdlC-F5-20180723","[1502922, 1394843, 1573648, 1722432, 1399800, 1744395, 1389508, 1743456, 1628811, 1400079]"
"CBN-PdlC-F5-20180815","[1399800, 1390899, 1390467, 1357584, 1361576, 1523071, 1392291, 1425299, 1397838, 1743933]"
"CBN-PdlC-F5-20180905","[1647153, 1390467, 1550154, 1392175, 1632987, 1738583, 1743474, 1743933, 1399800, 1390349]"
"CBN-PdlC-F5-20190722","[1399800, 1397279, 1502922, 1392114, 1357584, 1573648, 1744425, 1647153, 1744395, 1392175]"
"CBN-PdlC-F5-20190812","[1647153, 1390467, 1399800, 1502831, 1359174, 1453584, 1389135, 1394765, 1647185, 1399730]"
"CBN-PdlC-F5-20190909","[1550154, 1647153, 1389687, 1743474, 1502797, 1396447, 1396059, 1492739, 1390467, 1744169]"
"CBN-PdlC-F5-20200629","[1399800, 1563230, 1392175, 1357866, 1742026, 1392201, 1392075, 1722704, 1657246, 1744395]"
"CBN-PdlC-F5-20200722","[1647153, 1390467, 1389687, 1399800, 1392201, 1563230, 1397279, 1359174, 1722432, 1502922]"
"CBN-PdlC-F5-20200812","[1502922, 1399800, 1392264, 1393645, 1390467, 1647153, 1580588, 1392201, 1523071, 1573648]"
"CBN-PdlC-F6-20130723","[1396279, 1390225, 1722432, 1743294, 1495441, 1723185, 1738887, 1399798, 1738583, 1393574]"
"CBN-PdlC-F6-20130807","[1356407, 1737561, 1399589, 1647156, 1622910, 1390899, 1744041, 1359512, 1479995, 1738583]"
"CBN-PdlC-F6-20130903","[1392264, 1502797, 1393645, 1502922, 1743819, 1743474, 1358459, 1622910, 1390225, 1580588]"
"CBN-PdlC-F6-20140630","[1453529, 1452284, 1453572, 1390899, 1394734, 1452585, 1737439, 1392175, 1390225, 1389555]"
"CBN-PdlC-F6-20140721","[1390899, 1389687, 1389508, 1356407, 1393887, 1743474, 1647153, 1452585, 1390225, 1590996]"
"CBN-PdlC-F6-20140811","[1390899, 1492739, 1531432, 1357003, 1391769, 1502922, 1502797, 1558278, 1390467, 1389508]"
"CBN-PdlC-F6-20150701","[1392075, 1573648, 1403435, 1697320, 1390225, 1399800, 1722432, 1390899, 1743560, 1393618]"
"CBN-PdlC-F6-20150720","[1389687, 1657246, 1563230, 1399800, 1573648, 1390899, 1744395, 1532993, 1362179, 1393952]"
"CBN-PdlC-F6-20150810","[1452284, 1392175, 1399800, 1532993, 1561314, 1743474, 1390225, 1722432, 1361387, 1647153]"
"CBN-PdlC-F6-20150831","[1573648, 1390467, 1390899, 1502797, 1647153, 1622910, 1389687, 1399800, 1743474, 1495441]"
"CBN-PdlC-F6-20160705","[1399800, 1573648, 1723185, 1392075, 1744395, 1394843, 1647823, 1392175, 1393887, 1392201]"
"CBN-PdlC-F6-20160726","[1389687, 1647153, 1390899, 1744395, 1563230, 1697320, 1399800, 1532993, 1573648, 1722432]"
"CBN-PdlC-F6-20170816","[1647153, 1399800, 1743933, 1492739, 1399082, 1738583, 1389687, 1744635, 1502797, 1550154]"
"CBN-PdlC-F6-20170906","[1647153, 1390225, 1738583, 1743933, 1742026, 1452284, 1502797, 1392470, 1399082, 1550154]"
"CBN-PdlC-F6-20180702","[1453529, 1452284, 1723185, 1744635, 1358568, 1419963, 1647575, 1743560, 1697320, 1722704]"
"CBN-PdlC-F6-20180723","[1394843, 1399800, 1743474, 1396123, 1389508, 1744395, 1722432, 1356407, 1358523, 1502922]"
"CBN-PdlC-F6-20180815","[1743474, 1357584, 1358459, 1502831, 1391802, 1393645, 1390899, 1658641, 1492739, 1722432]"
"CBN-PdlC-F6-20180905","[1647153, 1389687, 1743933, 1744635, 1390225, 1492739, 1550154, 1743474, 1667780, 1673309]"
"CBN-PdlC-F6-20190722","[1389687, 1573648, 1357584, 1399800, 1744395, 1390899, 1550154, 1632987, 1492739, 1744525]"
"CBN-PdlC-F6-20190812","[1744525, 1550154, 1390467, 1389687, 1744041, 1390899, 1502831, 1632987, 1359174, 1356407]"
"CBN-PdlC-F6-20190909","[1647153, 1389687, 1550154, 1390899, 1743474, 1392218, 1502797, 1622910, 1390467, 1394874]"
"CBN-PdlC-F6-20200629","[1399800, 1393864, 1453529, 1358568, 1744395, 1452284, 1393826, 1563230, 1361387, 1722704]"
"CBN-PdlC-F6-20200722","[1399800, 1389687, 1390899, 1563230, 1743474, 1502831, 1647153, 1393887, 1744395, 1356407]"
"CBN-PdlC-F6-20200812","[1743474, 1390899, 1647153, 1502797, 1393645, 1393887, 1392201, 1743819, 1622910, 1392264]"
"CBN-Pla-A1-20130808","[1399800, 1390899, 1743101, 1394915, 1743927, 1744635, 1743306, 1504027, 1722432, 1363475]"
"CBN-Pla-A1-20130904","[1362136, 1399800, 1744618, 1359386, 1394915, 1722432, 1499783, 1390225, 1394843, 1390899]"
"CBN-Pla-A1-20140722","[1744425, 1741661, 1504027, 1693472, 1495430, 1743927, 1548249, 1673056, 1723185, 1392317]"
"CBN-Pla-A1-20140812","[1390899, 1399800, 1400079, 1502939, 1744425, 1495430, 1744618, 1743583, 1744325, 1652252]"
"CBN-Pla-A1-20140902","[1744618, 1741560, 1390899, 1723185, 1389508, 1390225, 1481080, 1743474, 1742174, 1647135]"
"CBN-Pla-A1-20150702","[1392317, 1744618, 1743474, 1504027, 1744425, 1392488, 1744473, 1452284, 1744480, 1738785]"
"CBN-Pla-A1-20150723","[1564310, 1390899, 1389508, 1362136, 1723185, 1744618, 1394843, 1396123, 1722432, 1673056]"
"CBN-Pla-A1-20150811","[1744618, 1722432, 1392075, 1723185, 1744169, 1395369, 1479671, 1399800, 1362136, 1392341]"
"CBN-Pla-A1-20150901","[1390899, 1399800, 1744169, 1743474, 1532190, 1393973, 1722432, 1744425, 1479671, 1392201]"
"CBN-Pla-A1-20160707","[1504027, 1744425, 1743101, 1399800, 1393548, 1394843, 1743474, 1688110, 1651485, 1360675]"
"CBN-Pla-A1-20160728","[1390899, 1399800, 1743474, 1744425, 1394843, 1394596, 1389508, 1722432, 1394413, 1744868]"
"CBN-Pla-A1-20180724","[1392317, 1397779, 1400079, 1688110, 1393548, 1744425, 1723185, 1392513, 1504027, 1743474]"
"CBN-Pla-A1-20180816","[1399800, 1390899, 1744169, 1743474, 1722432, 1457868, 1652252, 1396123, 1495430, 1356407]"
"CBN-Pla-A1-20180906","[1399800, 1744169, 1390693, 1390225, 1356407, 1743474, 1688110, 1390899, 1504027, 1495430]"
"CBN-Pla-A1-20190723","[1399800, 1394843, 1390899, 1744425, 1389508, 1390225, 1504027, 1393887, 1743474, 1744618]"
"CBN-Pla-A1-20190814","[1396628, 1390225, 1399800, 1502540, 1390899, 1394843, 1744868, 1356407, 1390693, 1356708]"
"CBN-Pla-A1-20200630","[1628862, 1457213, 1744294, 1362320, 1743927, 1425200, 1394734, 1741985, 1392054, 1741616]"
"CBN-Pla-A1-20200723","[1744868, 1390899, 1390225, 1400079, 1495430, 1457868, 1396123, 1744618, 1396628, 1456505]"
"CBN-Pla-A1-20200814","[1744868, 1390225, 1390899, 1393887, 1394915, 1394543, 1741617, 1741775, 1356407, 1742174]"
"CBN-Pla-A2-20130724","[1392317, 1743927, 1361416, 1651013, 1396998, 1743714, 1396864, 1513980, 1392482, 1513952]"
"CBN-Pla-A2-20130808","[1399800, 1673056, 1390899, 1722432, 1392317, 1668744, 1390225, 1393826, 1523597, 1744169]"
"CBN-Pla-A2-20130904","[1722432, 1390899, 1499783, 1394915, 1362136, 1399800, 1390225, 1744395, 1393952, 1389508]"
"CBN-Pla-A2-20140722","[1392317, 1389250, 1398780, 1359593, 1743474, 1743714]"
"CBN-Pla-A2-20140812","[1390899, 1399800, 1722432, 1547096, 1390693, 1394915, 1391070, 1389508, 1400079, 1392291]"
"CBN-Pla-A2-20140902","[1390899, 1722432, 1399800, 1394843, 1651322, 1362136, 1481080, 1744868, 1548249, 1425347]"
"CBN-Pla-A2-20150702","[1743474, 1392317, 1393923, 1452284, 1688110, 1358568, 1389250, 1399800, 1744635, 1647575]"
"CBN-Pla-A2-20150723","[1399800, 1362136, 1390899, 1722432, 1394843, 1743474, 1389508, 1396123, 1398780, 1564310]"
"CBN-Pla-A2-20150811","[1722432, 1573648, 1393887, 1389508, 1389986, 1390899, 1744169, 1399800, 1741954, 1499783]"
"CBN-Pla-A2-20150901","[1399800, 1390899, 1741954, 1722432, 1744169, 1651485, 1647153, 1743474, 1532190, 1390225]"
"CBN-Pla-A2-20160707","[1399800, 1743474, 1744425, 1392330, 1390899, 1394843, 1396123, 1419963, 1744473, 1504027]"
"CBN-Pla-A2-20160728","[1399800, 1390899, 1394843, 1389508, 1743474, 1722432, 1741752, 1392846, 1744395, 1722445]"
"CBN-Pla-A2-20180724","[1392317, 1743474, 1398780, 1396864, 1744483, 1399800, 1394672, 1688110, 1359386, 1397779]"
"CBN-Pla-A2-20180816","[1722432, 1390899, 1390225, 1399800, 1393887, 1396123, 1722445, 1688110, 1547096, 1393826]"
"CBN-Pla-A2-20180906","[1390899, 1399800, 1743140, 1390225, 1743474, 1744169, 1741954, 1389508, 1452585, 1396628]"
"CBN-Pla-A2-20190723","[1390899, 1389508, 1399800, 1394843, 1722432, 1389010, 1396123, 1744425, 1741752, 1743474]"
"CBN-Pla-A2-20190814","[1390899, 1399800, 1394843, 1390225, 1396123, 1743474, 1392059, 1389508, 1722445, 1722432]"
"CBN-Pla-A2-20200723","[1390899, 1399800, 1389508, 1390225, 1722432, 1743474, 1396123, 1741752, 1393887, 1744425]"
"CBN-Pla-A2-20200814","[1390899, 1744169, 1390225, 1394915, 1393887, 1722445, 1399800, 1743474, 1396123, 1646671]"
"CBN-Pla-A3-20130724","[1502831, 1452689, 1499783, 1722432, 1502540, 1744473, 1688110, 1743927, 1396998, 1361215]"
"CBN-Pla-A3-20130808","[1392928, 1513956, 1722432, 1392258, 1400162, 1399800, 1688110, 1390225, 1452585, 1668744]"
"CBN-Pla-A3-20130904","[1684273, 1362136, 1499783, 1390899, 1399800, 1389508, 1392291, 1722432, 1393887, 1394915]"
"CBN-Pla-A3-20140722","[1452689, 1389250, 1668744, 1743819, 1389555, 1743474, 1744868, 1744534, 1502831, 1390467]"
"CBN-Pla-A3-20140812","[1390467, 1684273, 1390693, 1742054, 1362136, 1741752, 1499783, 1390899, 1399800, 1395074]"
"CBN-Pla-A3-20140902","[1684273, 1362136, 1742054, 1390899, 1393887, 1399800, 1392291, 1744473, 1390693, 1389508]"
"CBN-Pla-A3-20150702","[1743474, 1392330, 1400162, 1668744, 1722432, 1358568, 1452284, 1356419, 1452689, 1744425]"
"CBN-Pla-A3-20150723","[1684273, 1362136, 1390899, 1393952, 1389508, 1548249, 1742054, 1376496, 1513956, 1396123]"
"CBN-Pla-A3-20150811","[1684273, 1742054, 1390899, 1722432, 1744395, 1741954, 1741752, 1362136, 1399800, 1499783]"
"CBN-Pla-A3-20150901","[1399800, 1741954, 1390899, 1742054, 1362136, 1513956, 1390467, 1743474, 1744425, 1390388]"
"CBN-Pla-A3-20160707","[1744425, 1399800, 1743474, 1504027, 1390467, 1744618, 1389250, 1390899, 1358568, 1744331]"
"CBN-Pla-A3-20160728","[1741752, 1393952, 1684273, 1390899, 1393887, 1744395, 1362136, 1502922, 1399800, 1744473]"
"CBN-Pla-A3-20180724","[1359386, 1390467, 1399800, 1744425, 1743474, 1389250, 1392330, 1395074, 1362136, 1390899]"
"CBN-Pla-A3-20180816","[1684273, 1399800, 1390899, 1744425, 1742054, 1394915, 1362136, 1393887, 1741752, 1392330]"
"CBN-Pla-A3-20180906","[1399800, 1743474, 1741954, 1356419, 1390899, 1362367, 1737439, 1452585, 1390225, 1389250]"
"CBN-Pla-A3-20190723","[1684273, 1744395, 1741752, 1393887, 1573648, 1389508, 1393952, 1742054, 1358523, 1647823]"
"CBN-Pla-A3-20190814","[1684273, 1390899, 1362136, 1399800, 1389508, 1393887, 1390693, 1394915, 1394843, 1742054]"
"CBN-Pla-A3-20200723","[1741954, 1399800, 1743474, 1513956, 1390899, 1737439, 1684273, 1743814, 1356419, 1742054]"
"CBN-Pla-A3-20200814","[1390899, 1684273, 1399800, 1743474, 1741752, 1394915, 1744425, 1389508, 1742054, 1393887]"
"CBN-Pla-A4-20130724","[1743927, 1744473, 1394915, 1548249, 1392317, 1389250, 1396691, 1743714, 1743315, 1513980]"
"CBN-Pla-A4-20130808","[1399800, 1390899, 1722432, 1744169, 1390225, 1393968, 1743819, 1744427, 1396123, 1393826]"
"CBN-Pla-A4-20130904","[1394915, 1389508, 1390899, 1376496, 1362136, 1392291, 1684273, 1722432, 1573648, 1399800]"
"CBN-Pla-A4-20140722","[1392317, 1647348, 1398780, 1744425, 1399800, 1419963, 1743927, 1392983, 1361169, 1743819]"
"CBN-Pla-A4-20140812","[1390899, 1722432, 1399800, 1651485, 1452585, 1391070, 1743786, 1362136, 1741954, 1392429]"
"CBN-Pla-A4-20140902","[1362136, 1398780, 1390899, 1394843, 1394915, 1651485, 1722432, 1389508, 1390693, 1548249]"
"CBN-Pla-A4-20150702","[1452284, 1743474, 1744425, 1723185, 1392317, 1395074, 1744618, 1399800, 1392175, 1400162]"
"CBN-Pla-A4-20150723","[1390899, 1389508, 1573648, 1393952, 1684273, 1362136, 1399800, 1393887, 1394915, 1398780]"
"CBN-Pla-A4-20150811","[1684273, 1722432, 1399800, 1390899, 1573648, 1389508, 1744395, 1393887, 1741954, 1393952]"
"CBN-Pla-A4-20150901","[1399800, 1390899, 1741954, 1362367, 1513956, 1452585, 1722432, 1744425, 1651485, 1389687]"
"CBN-Pla-A4-20160707","[1743474, 1358012, 1744618, 1399800, 1394843, 1744425, 1392317, 1744473, 1362176, 1744335]"
"CBN-Pla-A4-20160728","[1390899, 1393952, 1573648, 1393887, 1744395, 1399800, 1744425, 1390693, 1394843, 1394915]"
"CBN-Pla-A4-20180724","[1392317, 1394672, 1361416, 1743474, 1396998, 1548249, 1389250, 1361169, 1668744, 1744473]"
"CBN-Pla-A4-20180816","[1390899, 1399800, 1389508, 1573648, 1744395, 1743474, 1722445, 1744425, 1390225, 1651485]"
"CBN-Pla-A4-20180906","[1390899, 1743474, 1399800, 1651485, 1741954, 1722432, 1513956, 1452585, 1502797, 1425905]"
"CBN-Pla-A4-20190723","[1389508, 1573648, 1390899, 1399800, 1744395, 1647823, 1389010, 1547096, 1393952, 1741752]"
"CBN-Pla-A4-20190814","[1390899, 1389508, 1399800, 1743474, 1362136, 1395106, 1722445, 1393952, 1393887, 1393250]"
"CBN-Pla-A4-20200723","[1390899, 1399800, 1741954, 1744395, 1743474, 1452585, 1389010, 1651485, 1744169, 1743814]"
"CBN-Pla-A4-20200814","[1389508, 1390899, 1399800, 1547096, 1744425, 1573648, 1744395, 1523071, 1392291, 1394915]"
"CBN-Pla-A5-20130724","[1499783, 1392317, 1743819, 1390467, 1502831, 1744483, 1743927, 1688110, 1744425, 1362320]"
"CBN-Pla-A5-20130808","[1392075, 1399800, 1396123, 1547096, 1392291, 1390899, 1744169, 1744427, 1744395, 1647823]"
"CBN-Pla-A5-20130904","[1362136, 1390899, 1394915, 1389508, 1722432, 1419963, 1392291, 1479520, 1399800, 1393952]"
"CBN-Pla-A5-20140722","[1398780, 1390467, 1392317, 1743819, 1741985, 1621534, 1744483, 1743927]"
"CBN-Pla-A5-20140812","[1390899, 1547096, 1399800, 1392291, 1744169, 1741954, 1392928, 1573648, 1389010, 1743819]"
"CBN-Pla-A5-20140902","[1362136, 1722432, 1399800, 1390899, 1393952, 1396123, 1361100, 1452585, 1389508, 1419963]"
"CBN-Pla-A5-20150702","[1419963, 1358568, 1743474, 1392317, 1688110, 1392175, 1452284, 1628867, 1361653, 1743819]"
"CBN-Pla-A5-20150723","[1389508, 1362136, 1393952, 1390899, 1499783, 1392291, 1573648, 1744395, 1722432, 1647823]"
"CBN-Pla-A5-20150811","[1389508, 1390899, 1390467, 1744395, 1399800, 1722432, 1394915, 1393952, 1743819, 1547096]"
"CBN-Pla-A5-20160707","[1723185, 1399800, 1419963, 1744425, 1688110, 1394843, 1744473, 1743933, 1389508, 1392317]"
"CBN-Pla-A5-20160728","[1744395, 1573648, 1399800, 1390899, 1393952, 1389508, 1392291, 1523071, 1499783, 1362136]"
"CBN-Pla-A5-20180724","[1499783, 1744483, 1744425, 1647575, 1400079, 1392175, 1359386, 1743933, 1392317, 1743819]"
"CBN-Pla-A5-20180816","[1399800, 1390899, 1389508, 1744425, 1393952, 1744395, 1393887, 1573648, 1547096, 1722432]"
"CBN-Pla-A5-20180906","[1390899, 1399800, 1744169, 1394915, 1744425, 1452585, 1389508, 1547096, 1499783, 1392291]"
"CBN-Pla-A5-20190723","[1399800, 1573648, 1744395, 1393952, 1393887, 1523071, 1389010, 1390899, 1358523, 1396123]"
"CBN-Pla-A5-20190814","[1390899, 1399800, 1547096, 1737439, 1744395, 1744169, 1743819, 1356407, 1362136, 1743140]"
"CBN-Pla-A5-20200723","[1744395, 1399800, 1573648, 1389010, 1393952, 1741752, 1389508, 1396123, 1390899, 1647823]"
"CBN-Pla-A5-20200814","[1389508, 1390899, 1547096, 1399800, 1743474, 1744395, 1393952, 1362136, 1744425, 1744427]"
"CBN-Pla-A6-20130724","[1392317, 1743927, 1389250, 1361169, 1399800, 1361416, 1479520, 1390467, 1668744, 1737662]"
"CBN-Pla-A6-20130808","[1399800, 1393952, 1390899, 1743474, 1743814, 1744395, 1722432, 1389135, 1548249, 1395953]"
"CBN-Pla-A6-20130904","[1390899, 1399800, 1362136, 1684273, 1393952, 1389508, 1394915, 1548249, 1664942, 1376496]"
"CBN-Pla-A6-20140722","[1392317, 1399800, 1743474, 1389250, 1396864, 1392983, 1743101, 1361169, 1419963, 1647575]"
"CBN-Pla-A6-20140812","[1399800, 1390899, 1743814, 1743474, 1398780, 1362136, 1741954, 1743101, 1737439, 1392928]"
"CBN-Pla-A6-20140902","[1399800, 1362136, 1743474, 1390899, 1394843, 1393952, 1548249, 1389508, 1390693, 1393887]"
"CBN-Pla-A6-20150702","[1743474, 1358568, 1400162, 1744603, 1396998, 1399800, 1392317, 1744473, 1743904, 1743375]"
"CBN-Pla-A6-20150723","[1743474, 1362136, 1399800, 1390899, 1393952, 1394843, 1744425, 1723185, 1393887, 1744395]"
"CBN-Pla-A6-20150811","[1390899, 1399800, 1744395, 1743474, 1548249, 1722432, 1389508, 1684273, 1741752, 1573648]"
"CBN-Pla-A6-20150901","[1743474, 1399800, 1393887, 1390899, 1564493, 1741954, 1390225, 1390467, 1564323, 1744169]"
"CBN-Pla-A6-20160707","[1394843, 1399800, 1743474, 1744473, 1394596, 1743375, 1744425, 1419963, 1392317, 1390899]"
"CBN-Pla-A6-20160728","[1390899, 1399800, 1548249, 1394843, 1362136, 1744425, 1523071, 1393952, 1390693, 1743474]"
"CBN-Pla-A6-20180724","[1645887, 1399800, 1389250, 1359386, 1737662, 1744425, 1396998, 1392317, 1583450, 1628862]"
"CBN-Pla-A6-20180816","[1399800, 1390899, 1744425, 1743474, 1548249, 1722432, 1361169, 1743814, 1398780, 1394915]"
"CBN-Pla-A6-20180906","[1399800, 1390899, 1744169, 1722432, 1739203, 1393887, 1743474, 1390225, 1393952, 1397471]"
"CBN-Pla-A6-20190723","[1399800, 1390899, 1394843, 1548249, 1722432, 1393952, 1390693, 1645887, 1744395, 1362136]"
"CBN-Pla-A6-20190814","[1390899, 1399800, 1743474, 1394915, 1362136, 1722432, 1744425, 1393887, 1744169, 1397471]"
"CBN-Pla-A6-20200723","[1399800, 1390899, 1744395, 1741752, 1722432, 1394843, 1743474, 1548249, 1393952, 1744425]"
"CBN-Pla-A6-20200814","[1399800, 1390899, 1743474, 1394915, 1362682, 1390225, 1744425, 1547096, 1389508, 1392341]"
"CBN-Pla-B1-20130724","[1394413, 1425200, 1389250, 1360780, 1548249, 1743927, 1396998, 1396691, 1361169, 1399800]"
"CBN-Pla-B1-20130808","[1743306, 1390899, 1399800, 1743474, 1362136, 1744169, 1390225, 1668744, 1743101, 1722432]"
"CBN-Pla-B1-20130904","[1392314, 1399800, 1390899, 1743474, 1390818, 1392330, 1398780, 1390693, 1513956, 1744425]"
"CBN-Pla-B1-20140722","[1743474, 1396998, 1399800, 1392317, 1389250, 1394413, 1359386, 1390693, 1452284, 1647575]"
"CBN-Pla-B1-20140812","[1390899, 1390693, 1399800, 1499783, 1362136, 1722432, 1744635, 1737439, 1688110, 1513956]"
"CBN-Pla-B1-20140902","[1390693, 1399800, 1722432, 1743474, 1398780, 1396998, 1362136, 1651322, 1744351, 1743140]"
"CBN-Pla-B1-20150702","[1744635, 1399800, 1743474, 1393923, 1389250, 1392317, 1647263, 1742054, 1452284, 1493082]"
"CBN-Pla-B1-20150723","[1390693, 1399800, 1362136, 1394843, 1396998, 1392314, 1389250, 1499783, 1743474, 1564310]"
"CBN-Pla-B1-20150811","[1399800, 1390899, 1722445, 1722432, 1390693, 1741954, 1743474, 1744425, 1392291, 1744472]"
"CBN-Pla-B1-20150901","[1399800, 1743474, 1390899, 1532190, 1741954, 1744635, 1452585, 1647153, 1513956, 1389250]"
"CBN-Pla-B1-20160707","[1743474, 1399800, 1394843, 1390693, 1389250, 1359386, 1390467, 1394413, 1392330, 1392983]"
"CBN-Pla-B1-20160728","[1743474, 1399800, 1389508, 1394843, 1394596, 1392314, 1502922, 1610802, 1390693, 1722432]"
"CBN-Pla-B1-20180724","[1743474, 1389250, 1357646, 1394843, 1743375, 1744483, 1396998, 1744027, 1743101, 1390693]"
"CBN-Pla-B1-20180816","[1743474, 1390693, 1392330, 1396998, 1392983, 1399800, 1390818, 1502922, 1390899, 1722432]"
"CBN-Pla-B1-20180906","[1743474, 1741954, 1390899, 1399800, 1389250, 1743904, 1743819, 1523597, 1390693, 1392044]"
"CBN-Pla-B1-20190723","[1743474, 1399800, 1390693, 1390899, 1722432, 1398780, 1396998, 1362136, 1392330, 1502922]"
"CBN-Pla-B1-20190814","[1743474, 1390693, 1396998, 1398780, 1392330, 1399800, 1390818, 1392983, 1722432, 1394843]"
"CBN-Pla-B1-20200630","[1744331, 1361517, 1741985, 1362320, 1390541, 1501047, 1743927, 1392928, 1398768, 1390388]"
"CBN-Pla-B1-20200723","[1743474, 1399800, 1390693, 1392330, 1722432, 1394843, 1396998, 1390899, 1398780, 1362136]"
"CBN-Pla-B1-20200814","[1743474, 1390693, 1399800, 1392330, 1390818, 1390899, 1398780, 1739040, 1504027, 1359386]"
"CBN-Pla-B2-20130724","[1392317, 1396864, 1513952, 1393261, 1357646, 1743927, 1399800, 1361169, 1743315, 1396998]"
"CBN-Pla-B2-20130808","[1399800, 1390899, 1743306, 1743474, 1743101, 1390225, 1392258, 1358568, 1393887, 1523597]"
"CBN-Pla-B2-20130904","[1399800, 1394915, 1390899, 1722432, 1743474, 1651485, 1392314, 1362136, 1390225, 1499783]"
"CBN-Pla-B2-20140722","[1392317, 1743474, 1389250, 1394915, 1399800, 1743101, 1361416, 1393923, 1743927, 1452689]"
"CBN-Pla-B2-20140812","[1399800, 1390899, 1737439, 1390693, 1362136, 1743474, 1722432, 1744169, 1513956, 1744325]"
"CBN-Pla-B2-20140902","[1399800, 1722432, 1743474, 1398780, 1504027, 1651322, 1396123, 1390899, 1390693, 1744425]"
"CBN-Pla-B2-20150702","[1743474, 1390388, 1389250, 1392317, 1399800, 1358012, 1393923, 1688110, 1744618, 1744425]"
"CBN-Pla-B2-20150723","[1399800, 1362136, 1743474, 1390899, 1394915, 1684273, 1722432, 1393887, 1393952, 1390225]"
"CBN-Pla-B2-20150811","[1743474, 1399800, 1393887, 1722432, 1744425, 1390225, 1393952, 1651322, 1684273, 1360289]"
"CBN-Pla-B2-20150901","[1399800, 1743474, 1390225, 1390899, 1396691, 1744425, 1667780, 1744170, 1513956, 1390388]"
"CBN-Pla-B2-20160707","[1399800, 1743474, 1392330, 1390899, 1743101, 1394843, 1744425, 1396998, 1419963, 1722432]"
"CBN-Pla-B2-20160728","[1399800, 1743474, 1390899, 1744425, 1394843, 1722432, 1393952, 1741752, 1722445, 1394596]"
"CBN-Pla-B2-20180724","[1743474, 1399800, 1396864, 1398780, 1392317, 1743714, 1389250, 1664942, 1645887, 1396628]"
"CBN-Pla-B2-20180816","[1399800, 1743474, 1722432, 1390899, 1362136, 1396628, 1744425, 1741752, 1394915, 1390225]"
"CBN-Pla-B2-20180906","[1399800, 1743474, 1390899, 1744169, 1390225, 1452585, 1722432, 1513956, 1397471, 1396379]"
"CBN-Pla-B2-20190723","[1399800, 1390899, 1362136, 1394843, 1743474, 1722432, 1744425, 1741752, 1390693, 1504027]"
"CBN-Pla-B2-20190814","[1399800, 1743474, 1651322, 1394843, 1396628, 1722432, 1392330, 1744618, 1362136, 1392513]"
"CBN-Pla-B2-20200723","[1743474, 1399800, 1390899, 1722432, 1744425, 1396123, 1394843, 1393887, 1393952, 1502922]"
"CBN-Pla-B2-20200814","[1743474, 1399800, 1722432, 1392330, 1390899, 1393887, 1651322, 1396628, 1394843, 1452585]"
"CBN-Pla-B3-20130724","[1668744, 1743714, 1743927, 1393261, 1390467, 1396628, 1389250, 1744473, 1452284, 1396864]"
"CBN-Pla-B3-20130808","[1668744, 1399800, 1392258, 1392147, 1722432, 1390467, 1390225, 1358568, 1513956, 1392928]"
"CBN-Pla-B3-20130904","[1399800, 1743474, 1392291, 1390899, 1722432, 1664942, 1389508, 1390693, 1684273, 1390225]"
"CBN-Pla-B3-20140722","[1743474, 1452689, 1396998, 1668744, 1743714, 1389555, 1452284, 1389250, 1507182, 1396864]"
"CBN-Pla-B3-20140812","[1399800, 1390899, 1722432, 1390693, 1744635, 1744169, 1651485, 1362136, 1481080, 1737439]"
"CBN-Pla-B3-20140902","[1399800, 1743474, 1398780, 1390899, 1390693, 1722432, 1739040, 1647150, 1651322, 1647575]"
"CBN-Pla-B3-20150811","[1399800, 1722432, 1390899, 1743474, 1390225, 1392147, 1532190, 1739040, 1742054, 1744472]"
"CBN-Pla-B3-20150901","[1399800, 1741954, 1743474, 1513956, 1390899, 1481080, 1722432, 1651485, 1744169, 1389687]"
"CBN-Pla-B3-20160707","[1743474, 1399800, 1394843, 1396998, 1419963, 1668744, 1741701, 1392291, 1392330, 1398780]"
"CBN-Pla-B3-20160728","[1399800, 1743474, 1390693, 1390899, 1722432, 1499783, 1394843, 1392291, 1392314, 1391400]"
"CBN-Pla-B3-20180724","[1743474, 1389250, 1390467, 1396998, 1392317, 1396864, 1399800, 1395074, 1452689, 1688110]"
"CBN-Pla-B3-20180816","[1743474, 1399800, 1390899, 1392314, 1722432, 1744425, 1394915, 1390818, 1396998, 1394843]"
"CBN-Pla-B3-20180906","[1399800, 1390225, 1744635, 1744169, 1513956, 1651485, 1395369, 1396628, 1743474, 1564323]"
"CBN-Pla-B3-20190723","[1399800, 1398780, 1390899, 1743474, 1392291, 1502922, 1722432, 1739040, 1394843, 1548249]"
"CBN-Pla-B3-20190814","[1743474, 1399800, 1651322, 1394843, 1398780, 1722432, 1393887, 1390899, 1739040, 1390160]"
"CBN-Pla-B3-20200723","[1390899, 1399800, 1743474, 1513956, 1722432, 1744169, 1390693, 1452585, 1744635, 1651485]"
"CBN-Pla-B3-20200814","[1743474, 1399800, 1739040, 1651322, 1398780, 1390899, 1393887, 1722432, 1392291, 1396123]"
"CBN-Pla-B4-20130724","[1392317, 1358118, 1358012, 1580588, 1743931, 1743927, 1392258, 1393261, 1390467, 1688110]"
"CBN-Pla-B4-20130808","[1722432, 1743306, 1399800, 1358568, 1392258, 1393923, 1737439, 1390899, 1738583, 1392075]"
"CBN-Pla-B4-20130904","[1722432, 1362136, 1399800, 1390693, 1651485, 1743474, 1499783, 1390899, 1398780, 1392291]"
"CBN-Pla-B4-20140722","[1392317, 1361263, 1743474, 1394672, 1697320, 1398780, 1396864, 1518932, 1392330, 1744857]"
"CBN-Pla-B4-20140812","[1390899, 1399800, 1722432, 1390693, 1499783, 1744635, 1737439, 1452585, 1741954, 1362136]"
"CBN-Pla-B4-20140902","[1651322, 1722432, 1361263, 1399800, 1394672, 1398780, 1394413, 1396123, 1744618, 1653641]"
"CBN-Pla-B4-20150702","[1393923, 1419963, 1392317, 1400079, 1743474, 1688110, 1647575, 1392175, 1396864, 1389250]"
"CBN-Pla-B4-20150723","[1651322, 1722432, 1398780, 1362136, 1399800, 1390693, 1392291, 1393887, 1389508, 1394843]"
"CBN-Pla-B4-20150811","[1399800, 1390899, 1722432, 1452585, 1390225, 1390693, 1393923, 1651485, 1389508, 1393887]"
"CBN-Pla-B4-20150901","[1399800, 1744635, 1390899, 1722432, 1452585, 1390693, 1743474, 1741701, 1390225, 1744169]"
"CBN-Pla-B4-20160707","[1393923, 1394672, 1499783, 1394843, 1392317, 1743474, 1400079, 1688110, 1399800, 1394596]"
"CBN-Pla-B4-20160728","[1399800, 1390693, 1722432, 1390899, 1389508, 1744425, 1394843, 1398780, 1392291, 1362136]"
"CBN-Pla-B4-20180724","[1392317, 1743474, 1738582, 1359386, 1394672, 1396998, 1398780, 1452689, 1743927, 1518932]"
"CBN-Pla-B4-20180816","[1399800, 1390899, 1398780, 1722432, 1390693, 1389508, 1744425, 1394843, 1393952, 1394915]"
"CBN-Pla-B4-20180906","[1399800, 1744635, 1390693, 1390899, 1722432, 1743474, 1390225, 1744425, 1737439, 1513956]"
"CBN-Pla-B4-20190723","[1399800, 1390899, 1398780, 1722432, 1362136, 1393952, 1394843, 1396123, 1743474, 1392075]"
"CBN-Pla-B4-20190814","[1651322, 1722432, 1399800, 1398780, 1744618, 1452585, 1390693, 1394843, 1393887, 1743474]"
"CBN-Pla-B4-20200723","[1399800, 1390899, 1744635, 1513956, 1393923, 1743474, 1563230, 1356419, 1502939, 1396628]"
"CBN-Pla-B4-20200814","[1722432, 1390899, 1399800, 1743474, 1398780, 1744425, 1362136, 1452585, 1393887, 1361070]"
"CBN-Pla-B5-20130724","[1743714, 1744473, 1743927, 1360659, 1673181, 1359822, 1668744]"
"CBN-Pla-B5-20130808","[1684273, 1390899, 1392928, 1399800, 1389010, 1393887, 1742054, 1668744, 1513956, 1361200]"
"CBN-Pla-B5-20130904","[1744473, 1684273, 1392291, 1390899, 1393952, 1399800, 1395074, 1389508, 1393887, 1389010]"
"CBN-Pla-B5-20140722","[1513956, 1398780, 1395074, 1668744, 1743714, 1452284, 1743927, 1452689, 1359386, 1389250]"
"CBN-Pla-B5-20140812","[1390899, 1684273, 1742054, 1513956, 1362136, 1361200, 1688110, 1499783, 1392928, 1395074]"
"CBN-Pla-B5-20140902","[1390899, 1399800, 1362136, 1743474, 1398780, 1390693, 1742054, 1392291, 1499783, 1393952]"
"CBN-Pla-B5-20150702","[1743474, 1396691, 1396864, 1452284, 1392852, 1393087, 1400162, 1356419, 1393923, 1395074]"
"CBN-Pla-B5-20150723","[1684273, 1362136, 1393952, 1390899, 1392291, 1399800, 1389508, 1393887, 1743474, 1548249]"
"CBN-Pla-B5-20150811","[1742054, 1684273, 1362136, 1393826, 1392852, 1393887, 1744395, 1458364, 1392291, 1389508]"
"CBN-Pla-B5-20150901","[1399800, 1741954, 1396691, 1390899, 1742054, 1362136, 1651485, 1688110, 1513956, 1390467]"
"CBN-Pla-B5-20160707","[1668744, 1392330, 1744425, 1744618, 1548249, 1744473, 1399800, 1647575, 1492519, 1400162]"
"CBN-Pla-B5-20160728","[1742054, 1684273, 1390693, 1502922, 1399800, 1362136, 1548249, 1743474, 1393887, 1499783]"
"CBN-Pla-B5-20180724","[1743474, 1362176, 1452689, 1390467, 1359386, 1395074, 1389250, 1647575, 1396998, 1400162]"
"CBN-Pla-B5-20180816","[1684273, 1390693, 1395074, 1362136, 1502922, 1399800, 1499783, 1362176, 1548249, 1742054]"
"CBN-Pla-B5-20180906","[1743474, 1362136, 1399800, 1390693, 1390899, 1684273, 1502922, 1532190, 1392291, 1392852]"
"CBN-Pla-B5-20190723","[1684273, 1502922, 1396998, 1390693, 1399800, 1392291, 1391400, 1362176, 1742054, 1744335]"
"CBN-Pla-B5-20190814","[1390899, 1399800, 1362136, 1684273, 1513956, 1502922, 1668744, 1390693, 1396998, 1548249]"
"CBN-Pla-B5-20200723","[1743474, 1399800, 1502922, 1393887, 1741752, 1684273, 1548249, 1389010, 1362176, 1390899]"
"CBN-Pla-B5-20200814","[1743474, 1399800, 1390693, 1502922, 1390899, 1548249, 1362136, 1684273, 1741752, 1391400]"
"CBN-Pla-B6-20130724","[1361169, 1392317, 1358568, 1392482, 1361416, 1394734, 1394915, 1399800, 1743927, 1743714]"
"CBN-Pla-B6-20130808","[1399800, 1390899, 1456505, 1722432, 1396379, 1452585, 1744395, 1743814, 1393887, 1361169]"
"CBN-Pla-B6-20130904","[1390899, 1722432, 1399800, 1398780, 1531441, 1396123, 1393952, 1744618, 1389508, 1741617]"
"CBN-Pla-B6-20140722","[1743474, 1398780, 1392317, 1394672, 1396864, 1452689, 1743714, 1744618, 1647575, 1743927]"
"CBN-Pla-B6-20140812","[1741954, 1744635, 1399800, 1390693, 1390899, 1737439, 1564310, 1495430, 1647575, 1651485]"
"CBN-Pla-B6-20140902","[1743474, 1399800, 1390693, 1739040, 1398780, 1394843, 1741799, 1390899, 1651322, 1722432]"
"CBN-Pla-B6-20150702","[1743474, 1358568, 1688110, 1392748, 1452689, 1356407, 1452284, 1502797, 1392317, 1363069]"
"CBN-Pla-B6-20150723","[1390899, 1399800, 1651322, 1744425, 1743474, 1398780, 1394843, 1722432, 1744395, 1548249]"
"CBN-Pla-B6-20150811","[1399800, 1743474, 1390899, 1744425, 1390693, 1389508, 1548249, 1392314, 1722432, 1722445]"
"CBN-Pla-B6-20150901","[1399800, 1390899, 1743474, 1744169, 1389687, 1741954, 1651485, 1647153, 1722432, 1523597]"
"CBN-Pla-B6-20160707","[1390899, 1396998, 1419963, 1722432, 1743474, 1399800, 1392983, 1398780, 1506481, 1396864]"
"CBN-Pla-B6-20160728","[1743474, 1399800, 1390693, 1390899, 1744425, 1502922, 1722432, 1389508, 1394843, 1398780]"
"CBN-Pla-B6-20180816","[1743474, 1722432, 1390899, 1390693, 1394910, 1389508, 1399800, 1744425, 1398780, 1393887]"
"CBN-Pla-B6-20180906","[1399800, 1744169, 1722432, 1743474, 1390899, 1396628, 1452585, 1742174, 1392264, 1741799]"
"CBN-Pla-B6-20190723","[1394843, 1722432, 1399800, 1398780, 1389508, 1390899, 1684273, 1651322, 1502922, 1744425]"
"CBN-Pla-B6-20190814","[1743474, 1399800, 1390899, 1722432, 1651485, 1739040, 1396628, 1390693, 1389508, 1396379]"
"CBN-Pla-B6-20200723","[1743474, 1390899, 1502922, 1399800, 1741752, 1394843, 1722432, 1396123, 1389508, 1393887]"
"CBN-Pla-B6-20200814","[1743474, 1399800, 1390899, 1744425, 1394843, 1722432, 1389508, 1651322, 1394596, 1396123]"
"CBN-Pla-C1-20130808","[1390899, 1390225, 1399800, 1744425, 1502797, 1394915, 1452284, 1392317, 1647575, 1744635]"
"CBN-Pla-C1-20130904","[1398780, 1722432, 1390899, 1394843, 1399800, 1389508, 1390693, 1361263, 1723185, 1362136]"
"CBN-Pla-C1-20150702","[1390899, 1647575, 1394843, 1394596, 1393923, 1390388, 1688110, 1743101, 1400079, 1499783]"
"CBN-Pla-C1-20150723","[1394843, 1390899, 1362136, 1398780, 1399800, 1722432, 1390693, 1723185, 1651322, 1744868]"
"CBN-Pla-C1-20150811","[1390899, 1722432, 1399800, 1744635, 1389508, 1452585, 1390225, 1393952, 1394843, 1398780]"
"CBN-Pla-C1-20150901","[1390899, 1399800, 1744635, 1452585, 1390693, 1722432, 1394915, 1744425, 1743474, 1737439]"
"CBN-Pla-C1-20160707","[1394843, 1399800, 1398780, 1393923, 1390899, 1396123, 1400079, 1392291, 1744425, 1723185]"
"CBN-Pla-C1-20160728","[1394843, 1390899, 1523071, 1399800, 1394915, 1398780, 1722432, 1390693, 1744425, 1396123]"
"CBN-Pla-C1-20180816","[1390899, 1390225, 1394915, 1452585, 1399800, 1722432, 1391668, 1744425, 1504116, 1393887]"
"CBN-Pla-C1-20180906","[1390899, 1722432, 1390225, 1399800, 1744169, 1392291, 1452585, 1391668, 1744868, 1394915]"
"CBN-Pla-C1-20190723","[1390899, 1398780, 1394843, 1389508, 1394915, 1722432, 1396123, 1392291, 1399800, 1393887]"
"CBN-Pla-C1-20190814","[1394843, 1390899, 1722432, 1394915, 1744618, 1362136, 1392291, 1399800, 1651322, 1390693]"
"CBN-Pla-C1-20200723","[1390899, 1394843, 1722432, 1393887, 1399800, 1396123, 1390693, 1389508, 1398780, 1452585]"
"CBN-Pla-C1-20200814","[1390899, 1722432, 1399800, 1393887, 1398780, 1452585, 1390693, 1394915, 1392291, 1744868]"
"CBN-Pla-C2-20130808","[1513956, 1399800, 1743474, 1393923, 1390899, 1688110, 1390225, 1392317, 1523597, 1452585]"
"CBN-Pla-C2-20130904","[1531441, 1390693, 1722432, 1398780, 1399800, 1651322, 1743474, 1394843, 1361263, 1744658]"
"CBN-Pla-C2-20140722","[1398780, 1396864, 1396998, 1400079, 1499783, 1647575, 1359386, 1738887, 1392317, 1391447]"
"CBN-Pla-C2-20140902","[1531441, 1398780, 1743474, 1390899, 1722432, 1396123, 1390693, 1651322, 1744868, 1744527]"
"CBN-Pla-C2-20150702","[1396864, 1743474, 1400079, 1396998, 1744618, 1479530, 1647575, 1398780, 1688110, 1499783]"
"CBN-Pla-C2-20150723","[1398780, 1531441, 1394843, 1722432, 1393923, 1400079, 1361263, 1744618, 1723185, 1393952]"
"CBN-Pla-C2-20150811","[1390899, 1722432, 1393923, 1392755, 1390693, 1531441, 1398780, 1394843, 1651485, 1743474]"
"CBN-Pla-C2-20150901","[1390899, 1394543, 1452585, 1743474, 1399800, 1737439, 1744169, 1392513, 1513956, 1688110]"
"CBN-Pla-C2-20160707","[1743474, 1398780, 1396998, 1392317, 1393923, 1399800, 1744618, 1400079, 1390693, 1361263]"
"CBN-Pla-C2-20160728","[1743474, 1394843, 1390693, 1651485, 1396998, 1398780, 1502922, 1558009, 1393923, 1396527]"
"CBN-Pla-C2-20180724","[1743474, 1358012, 1395074, 1744483, 1452284, 1502797, 1389250, 1390467, 1397316, 1392317]"
"CBN-Pla-C2-20180816","[1743474, 1523597, 1390899, 1722432, 1502797, 1741954, 1390693, 1743786, 1452585, 1651485]"
"CBN-Pla-C2-20180906","[1743474, 1531441, 1361169, 1396998, 1392513, 1722432, 1523597, 1390693, 1722445, 1392341]"
"CBN-Pla-C2-20190723","[1398780, 1396998, 1390693, 1393923, 1394843, 1394915, 1743474, 1399800, 1502922, 1722432]"
"CBN-Pla-C2-20190814","[1396998, 1398780, 1743474, 1394843, 1744618, 1390693, 1722432, 1390160, 1390899, 1744868]"
"CBN-Pla-C2-20200723","[1743474, 1398780, 1390693, 1722432, 1744618, 1504027, 1390899, 1394843, 1399800, 1744425]"
"CBN-Pla-C2-20200814","[1743474, 1396998, 1743140, 1722432, 1743786, 1390693, 1502797, 1400079, 1744868, 1390899]"
"CBN-Pla-C3-20130808","[1390899, 1390225, 1399800, 1523597, 1502939, 1722432, 1393923, 1743474, 1394915, 1393864]"
"CBN-Pla-C3-20130904","[1722432, 1399800, 1743474, 1390899, 1502922, 1393952, 1523071, 1394672, 1391400, 1396998]"
"CBN-Pla-C3-20140722","[1743474, 1398780, 1452689, 1392317, 1394413, 1396864, 1394672, 1396998, 1389250, 1502540]"
"CBN-Pla-C3-20140902","[1398780, 1399800, 1651322, 1722432, 1390693, 1531441, 1743474, 1396123, 1744618, 1502922]"
"CBN-Pla-C3-20150702","[1743474, 1393923, 1392317, 1399800, 1647575, 1452284, 1647150, 1419963, 1390388, 1743927]"
"CBN-Pla-C3-20150723","[1398780, 1396998, 1399800, 1390693, 1362136, 1722432, 1743474, 1744618, 1390899, 1394672]"
"CBN-Pla-C3-20150811","[1722432, 1390899, 1399800, 1390693, 1651485, 1396998, 1398780, 1362136, 1743474, 1393923]"
"CBN-Pla-C3-20150901","[1390899, 1399800, 1743474, 1651485, 1390225, 1390693, 1513956, 1744425, 1356407, 1744635]"
"CBN-Pla-C3-20160707","[1743474, 1393923, 1399800, 1394843, 1390899, 1392317, 1394915, 1744425, 1396998, 1361263]"
"CBN-Pla-C3-20160728","[1390693, 1399800, 1390899, 1743474, 1502922, 1651485, 1548249, 1523071, 1394843, 1744425]"
"CBN-Pla-C3-20180724","[1743474, 1392317, 1452284, 1361416, 1647575, 1389250, 1395074, 1452689, 1688110, 1396864]"
"CBN-Pla-C3-20180816","[1390899, 1722432, 1399800, 1390693, 1393923, 1743474, 1673309, 1513956, 1390225, 1392317]"
"CBN-Pla-C3-20180906","[1399800, 1390899, 1743474, 1744169, 1356419, 1390225, 1722432, 1390693, 1741954, 1673309]"
"CBN-Pla-C3-20190723","[1399800, 1396998, 1722432, 1390899, 1390693, 1398780, 1744425, 1394843, 1743474, 1502922]"
"CBN-Pla-C3-20190814","[1399800, 1390899, 1390693, 1743474, 1362136, 1419963, 1502922, 1398780, 1722432, 1744023]"
"CBN-Pla-C3-20200723","[1743474, 1399800, 1390693, 1394843, 1390899, 1398780, 1396998, 1504027, 1394915, 1744425]"
"CBN-Pla-C3-20200814","[1390899, 1743474, 1399800, 1396998, 1744425, 1722432, 1398780, 1651485, 1390693, 1361070]"
"CBN-Pla-C4-20130808","[1743306, 1399800, 1744169, 1390225, 1722432, 1392928, 1393952, 1617119, 1360504, 1403435]"
"CBN-Pla-C4-20130904","[1722432, 1499783, 1399800, 1390899, 1390225, 1393952, 1396123, 1425347, 1389508, 1647150]"
"CBN-Pla-C4-20140902","[1399800, 1393952, 1722432, 1390899, 1396123, 1651322, 1356708, 1398780, 1531441, 1743474]"
"CBN-Pla-C4-20150702","[1419963, 1452284, 1744635, 1392317, 1399800, 1400079, 1723185, 1396864, 1647575, 1548249]"
"CBN-Pla-C4-20150723","[1393952, 1390899, 1399800, 1362136, 1722432, 1398780, 1392846, 1723185, 1744868, 1499783]"
"CBN-Pla-C4-20150811","[1399800, 1499783, 1390899, 1390693, 1390225, 1722432, 1393952, 1361169, 1389508, 1562391]"
"CBN-Pla-C4-20150901","[1399800, 1390899, 1744169, 1744635, 1722432, 1452585, 1392928, 1390225, 1737439, 1513956]"
"CBN-Pla-C4-20160707","[1394843, 1399800, 1744618, 1743922, 1396123, 1400079, 1723185]"
"CBN-Pla-C4-20160728","[1390899, 1399800, 1722432, 1393952, 1394915, 1362136, 1394843, 1396123, 1389508, 1390693]"
"CBN-Pla-C4-20180724","[1392317, 1358012, 1697320, 1502797, 1396864, 1647575, 1452284, 1395074, 1688110, 1396569]"
"CBN-Pla-C4-20180816","[1390899, 1399800, 1722432, 1390225, 1479671, 1617119, 1360504, 1744635, 1499783, 1393952]"
"CBN-Pla-C4-20180906","[1399800, 1744169, 1744635, 1390225, 1392928, 1513956, 1479671, 1389687, 1617119, 1744170]"
"CBN-Pla-C4-20190723","[1499783, 1722432, 1393952, 1399800, 1744395, 1390225, 1389508, 1396123, 1390899, 1398780]"
"CBN-Pla-C4-20190814","[1390899, 1722432, 1737561, 1399800, 1396379, 1563697, 1452585, 1573648, 1394915, 1393952]"
"CBN-Pla-C4-20200723","[1399800, 1722432, 1389508, 1390899, 1499783, 1393952, 1393887, 1744425, 1502922, 1744395]"
"CBN-Pla-C4-20200814","[1741954, 1722432, 1399800, 1688110, 1390899, 1499783, 1396379, 1743474, 1390225, 1392201]"
"CBN-Pla-C5-20130808","[1399800, 1390225, 1564493, 1390899, 1743101, 1393492, 1393923, 1722432, 1358568, 1396691]"
"CBN-Pla-C5-20130904","[1722432, 1390899, 1399800, 1394915, 1362136, 1390693, 1398780, 1390225, 1548249, 1499783]"
"CBN-Pla-C5-20140722","[1396864, 1743474, 1389250, 1357646, 1392317, 1361169, 1647575, 1396998, 1645887, 1389242]"
"CBN-Pla-C5-20140902","[1399800, 1390899, 1647150, 1548249, 1722432, 1390693, 1653641, 1394843, 1390225, 1743474]"
"CBN-Pla-C5-20150702","[1744635, 1360659, 1743904, 1394843, 1392429, 1392054, 1452284, 1743714, 1396864, 1361805]"
"CBN-Pla-C5-20150723","[1722432, 1390899, 1684273, 1743583, 1741752, 1362136, 1622908, 1392075, 1743786, 1458364]"
"CBN-Pla-C5-20150811","[1399800, 1548249, 1390899, 1722432, 1390693, 1743474, 1651485, 1684273, 1743904, 1357050]"
"CBN-Pla-C5-20150901","[1399800, 1390899, 1743474, 1744635, 1651485, 1743904, 1392054, 1722432, 1744425, 1392044]"
"CBN-Pla-C5-20160707","[1743474, 1548249, 1394843, 1399800, 1743714, 1390899, 1419963, 1743101, 1400162, 1651485]"
"CBN-Pla-C5-20160728","[1394843, 1399800, 1390693, 1548249, 1390899, 1651485, 1499783, 1722432, 1743474, 1362136]"
"CBN-Pla-C5-20180724","[1389250, 1743474, 1392317, 1357646, 1744635, 1743904, 1389242, 1399800, 1647575, 1400162]"
"CBN-Pla-C5-20180816","[1744635, 1743474, 1399800, 1390693, 1395369, 1651485, 1743904, 1722432, 1390899, 1563697]"
"CBN-Pla-C5-20180906","[1399800, 1743474, 1390899, 1651485, 1390225, 1452585, 1744169, 1722432, 1673309, 1513956]"
"CBN-Pla-C5-20190723","[1399800, 1548249, 1390899, 1743474, 1394843, 1722432, 1395369, 1741752, 1362136, 1398780]"
"CBN-Pla-C5-20190814","[1390899, 1743474, 1394843, 1399800, 1390693, 1394915, 1362136, 1395369, 1722432, 1390225]"
"CBN-Pla-C5-20200723","[1743474, 1399800, 1390899, 1743101, 1651485, 1390693, 1394915, 1741954, 1741752, 1362136]"
"CBN-Pla-C5-20200814","[1743474, 1399800, 1390899, 1722432, 1548249, 1390693, 1741752, 1744425, 1390225, 1362136]"
"CBN-Pla-C6-20130808","[1399800, 1390899, 1722432, 1743306, 1393923, 1737439, 1513956, 1390225, 1744635, 1499783]"
"CBN-Pla-C6-20130904","[1722432, 1390899, 1399800, 1390693, 1362136, 1394915, 1744425, 1393952, 1389508, 1647150]"
"CBN-Pla-C6-20140902","[1390899, 1722432, 1398780, 1399800, 1390693, 1651322, 1394843, 1394672, 1393952, 1723185]"
"CBN-Pla-C6-20150702","[1744635, 1393923, 1452284, 1389250, 1390899, 1399800, 1396864]"
"CBN-Pla-C6-20150723","[1390899, 1389508, 1393952, 1398780, 1399800, 1362136, 1722432, 1651322, 1723185, 1392314]"
"CBN-Pla-C6-20150811","[1390899, 1399800, 1390693, 1722432, 1389508, 1499783, 1743474, 1393923, 1744635, 1651485]"
"CBN-Pla-C6-20150901","[1399800, 1390899, 1744635, 1743474, 1452585, 1390693, 1651485, 1722432, 1390225, 1744425]"
"CBN-Pla-C6-20160707","[1419963, 1743474, 1399800, 1390899, 1358568, 1361653, 1394672, 1392317, 1723185, 1393923]"
"CBN-Pla-C6-20160728","[1390693, 1390899, 1743474, 1399800, 1722432, 1394843, 1393923, 1389508, 1393952, 1394596]"
"CBN-Pla-C6-20180724","[1688110, 1392317, 1502797, 1389250, 1393087, 1743819, 1743474, 1697320, 1452284, 1358012]"
"CBN-Pla-C6-20180816","[1744635, 1722432, 1513956, 1393923, 1743474, 1651485, 1390899, 1390225, 1688110, 1396691]"
"CBN-Pla-C6-20180906","[1390899, 1399800, 1452585, 1743474, 1722432, 1513956, 1390693, 1390225, 1744635, 1737439]"
"CBN-Pla-C6-20190723","[1399800, 1722432, 1390899, 1390693, 1398780, 1744395, 1743474, 1393952, 1389508, 1651485]"
"CBN-Pla-C6-20190814","[1390899, 1722432, 1390693, 1399800, 1651322, 1743474, 1394843, 1362136, 1394915, 1452585]"
"CBN-Pla-C6-20200723","[1399800, 1390899, 1722432, 1744635, 1651485, 1743474, 1452585, 1743101, 1563230, 1513956]"
"CBN-Pla-C6-20200814","[1743474, 1390899, 1722432, 1399800, 1389508, 1362136, 1396123, 1394843, 1394915, 1398780]"
"CBN-Pla-D1-20130808","[1688110, 1399800, 1393923, 1390899, 1358568, 1668744, 1392317, 1390225, 1513956, 1389250]"
"CBN-Pla-D1-20130904","[1390899, 1362136, 1722432, 1399800, 1394915, 1502922, 1398780, 1396123, 1396998, 1513956]"
"CBN-Pla-D1-20140722","[1743474, 1359386, 1452284, 1398780, 1743927, 1389250, 1452689, 1743714, 1499783, 1396998]"
"CBN-Pla-D1-20140902","[1390693, 1743474, 1398780, 1653641, 1722432, 1362136, 1399800, 1394843, 1651322, 1502922]"
"CBN-Pla-D1-20150702","[1392317, 1743474, 1389250, 1399800, 1452284, 1688110, 1396864, 1393087, 1390899, 1394843]"
"CBN-Pla-D1-20150723","[1394843, 1651322, 1390899, 1398780, 1722432, 1399800, 1362136, 1394915, 1743474, 1744618]"
"CBN-Pla-D1-20150811","[1390899, 1399800, 1722432, 1398780, 1392291, 1394843, 1744425, 1394915, 1390693, 1393923]"
"CBN-Pla-D1-20150901","[1390899, 1399800, 1744635, 1743101, 1452585, 1513956, 1394915, 1722432, 1362136, 1737561]"
"CBN-Pla-D1-20160707","[1396998, 1722432, 1400079, 1399800, 1743474, 1392317, 1744473, 1392258, 1394672, 1398780]"
"CBN-Pla-D1-20160728","[1722432, 1502922, 1399800, 1390899, 1394843, 1394672, 1394915, 1393952, 1743474, 1651322]"
"CBN-Pla-D1-20180724","[1392317, 1518932, 1688110, 1502797, 1697320, 1360659, 1452284, 1395074, 1358012, 1452585]"
"CBN-Pla-D1-20180816","[1722432, 1399800, 1396379, 1390225, 1390899, 1393826, 1743474, 1393887, 1452585, 1502922]"
"CBN-Pla-D1-20180906","[1399800, 1722432, 1390225, 1390899, 1523597, 1744169, 1532190, 1513956, 1393887, 1396379]"
"CBN-Pla-D1-20190723","[1399800, 1722432, 1394843, 1398780, 1502922, 1389508, 1393887, 1362136, 1390693, 1390899]"
"CBN-Pla-D1-20190814","[1651322, 1452585, 1502922, 1394843, 1398780, 1722432, 1744618, 1741617, 1457868, 1739040]"
"CBN-Pla-D1-20200723","[1390899, 1722432, 1457868, 1393887, 1399800, 1393952, 1398780, 1394843, 1452585, 1393826]"
"CBN-Pla-D1-20200814","[1390899, 1722432, 1737561, 1399800, 1452585, 1744635, 1673309, 1502797, 1513956, 1393887]"
"CBN-Pla-D2-20130808","[1390899, 1392317, 1358568, 1393923, 1392147, 1668525, 1688110, 1399800, 1390225, 1452284]"
"CBN-Pla-D2-20130904","[1390899, 1722432, 1398780, 1394843, 1399800, 1392291, 1738583, 1396123, 1651322, 1744868]"
"CBN-Pla-D2-20140722","[1392317, 1744857, 1396864, 1647575, 1391371, 1399800, 1452284, 1361263, 1398780, 1394843]"
"CBN-Pla-D2-20140902","[1398780, 1651322, 1394843, 1722432, 1399800, 1390693, 1531441, 1653641, 1669616, 1361263]"
"CBN-Pla-D2-20150702","[1393923, 1452284, 1399800, 1392317, 1647575, 1744635, 1499783, 1400079, 1395074, 1390225]"
"CBN-Pla-D2-20150723","[1722432, 1399800, 1394843, 1390899, 1651322, 1499783, 1392291, 1394915, 1389508, 1398780]"
"CBN-Pla-D2-20150811","[1390899, 1722432, 1399800, 1392291, 1394843, 1499783, 1523071, 1744868, 1564317, 1398780]"
"CBN-Pla-D2-20150901","[1399800, 1390899, 1744635, 1392291, 1722432, 1622910, 1739203, 1390693, 1396628, 1393826]"
"CBN-Pla-D2-20160707","[1392317, 1393923, 1419963, 1394843, 1723185, 1399800, 1738583, 1400079, 1493381, 1361144]"
"CBN-Pla-D2-20160728","[1722432, 1399800, 1390693, 1390899, 1393462, 1392291, 1523071, 1400079, 1651322, 1394843]"
"CBN-Pla-D2-20180724","[1392317, 1395074, 1502797, 1389250, 1688110]"
"CBN-Pla-D2-20180816","[1399800, 1722432, 1739203, 1391668, 1390899, 1744868, 1564310, 1499783, 1563230, 1744169]"
"CBN-Pla-D2-20180906","[1399800, 1390899, 1392291, 1744169, 1739203, 1492739, 1722432, 1390225, 1622910, 1390693]"
"CBN-Pla-D2-20190723","[1399800, 1722432, 1389508, 1499783, 1392291, 1398780, 1390899, 1394843, 1419963, 1362136]"
"CBN-Pla-D2-20190814","[1531441, 1651322, 1722432, 1399800, 1390899, 1744868, 1390693, 1396628, 1393462, 1499638]"
"CBN-Pla-D2-20200723","[1499783, 1722432, 1564317, 1399800, 1744868, 1396628, 1360289, 1390693, 1739203, 1392291]"
"CBN-Pla-D2-20200814","[1399800, 1390899, 1722432, 1392291, 1396628, 1499638, 1739203, 1504027, 1744635, 1499783]"
"CBN-Pla-D3-20130808","[1563230, 1722432, 1393826, 1390899, 1743306, 1744169, 1391070, 1518932, 1744868, 1452284]"
"CBN-Pla-D3-20130904","[1722432, 1390899, 1393952, 1394915, 1744395, 1396123, 1392291, 1744868, 1390225, 1389508]"
"CBN-Pla-D3-20140722","[1392317, 1743819, 1393261, 1389555, 1452284, 1392983, 1505542, 1399800, 1504116, 1653641]"
"CBN-Pla-D3-20140902","[1390899, 1722432, 1399800, 1361100, 1392264, 1393952, 1389508, 1637710, 1452585, 1390693]"
"CBN-Pla-D3-20150702","[1744635, 1452284, 1400079, 1392317, 1390225, 1502797, 1399800]"
"CBN-Pla-D3-20150723","[1722432, 1393952, 1389508, 1637710, 1390899, 1723185, 1392846, 1647823, 1362136, 1563230]"
"CBN-Pla-D3-20150811","[1390899, 1722432, 1399800, 1393952, 1390225, 1737561, 1392291, 1389508, 1744868, 1398780]"
"CBN-Pla-D3-20150901","[1399800, 1390899, 1744635, 1392513, 1492739, 1452585, 1744169, 1722432, 1502797, 1392291]"
"CBN-Pla-D3-20160707","[1399800, 1419963, 1389508, 1393923, 1394843, 1744325, 1723185, 1452284, 1452585, 1738582]"
"CBN-Pla-D3-20160728","[1390899, 1390693, 1399800, 1722432, 1393952, 1389508, 1499783, 1744868, 1394843, 1362136]"
"CBN-Pla-D3-20180724","[1392317, 1452284, 1502797, 1389250, 1393087, 1743819, 1688110, 1395074, 1457868, 1697320]"
"CBN-Pla-D3-20180816","[1390899, 1399800, 1563697, 1452585, 1737439, 1563230, 1499783, 1743306, 1722432, 1742773]"
"CBN-Pla-D3-20180906","[1399800, 1390899, 1356407, 1722432, 1744169, 1744834, 1499783, 1390225, 1737439, 1563230]"
"CBN-Pla-D3-20190723","[1389508, 1399800, 1390899, 1722432, 1396123, 1394843, 1647823, 1394596, 1394915, 1393952]"
"CBN-Pla-D3-20190814","[1390899, 1403435, 1393952, 1722432, 1499783, 1399800, 1744868, 1389508, 1362136, 1393462]"
"CBN-Pla-D3-20200723","[1399800, 1389508, 1647823, 1390899, 1573648, 1744395, 1393952, 1394843, 1499783, 1393887]"
"CBN-Pla-D3-20200814","[1390899, 1399800, 1722432, 1392291, 1362136, 1394915, 1389508, 1744868, 1499783, 1563230]"
"CBN-Pla-D4-20130808","[1399800, 1390899, 1390225, 1393887, 1392429, 1743814, 1393864, 1743474, 1744635, 1744868]"
"CBN-Pla-D4-20130904","[1390899, 1722432, 1396123, 1743474, 1362136, 1495399, 1399800, 1425347, 1390225, 1393952]"
"CBN-Pla-D4-20140722","[1452689, 1653641, 1361215, 1737662, 1359386, 1390467, 1743819, 1400162, 1668744, 1647150]"
"CBN-Pla-D4-20140902","[1390693, 1399800, 1502922, 1394915, 1398780, 1647150, 1722432, 1396123, 1653641, 1390899]"
"CBN-Pla-D4-20150702","[1744635, 1452284, 1400079, 1419963, 1392429, 1480601, 1394734, 1396864, 1397838, 1743933]"
"CBN-Pla-D4-20150723","[1390899, 1399800, 1744425, 1362136, 1390693, 1389508, 1739040, 1722432, 1744868, 1396123]"
"CBN-Pla-D4-20150811","[1390899, 1399800, 1390693, 1744425, 1580587, 1744868, 1722432, 1393887, 1389508, 1452284]"
"CBN-Pla-D4-20150901","[1399800, 1390899, 1390693, 1744635, 1744169, 1452585, 1737439, 1743474, 1741954, 1392291]"
"CBN-Pla-D4-20160707","[1399800, 1398780, 1400079, 1394843, 1419963, 1723185, 1744483, 1744635, 1395074, 1394734]"
"CBN-Pla-D4-20160728","[1399800, 1390693, 1390899, 1394843, 1743474, 1396123, 1398780, 1394915, 1393952, 1362136]"
"CBN-Pla-D4-20180724","[1744635, 1392317, 1452284, 1743474, 1647575, 1673309, 1396864, 1389250, 1502797]"
"CBN-Pla-D4-20180816","[1399800, 1390899, 1722432, 1390693, 1743474, 1741954, 1744169, 1744635, 1396379, 1513956]"
"CBN-Pla-D4-20180906","[1390693, 1743474, 1399800, 1390899, 1722432, 1390225, 1744169, 1737439, 1390467, 1513956]"
"CBN-Pla-D4-20190723","[1399800, 1396123, 1389508, 1394843, 1390899, 1393952, 1398780, 1362136, 1722432, 1358523]"
"CBN-Pla-D4-20190814","[1743474, 1722432, 1396123, 1399800, 1389508, 1394843, 1362136, 1394915, 1390899, 1390693]"
"CBN-Pla-D4-20200723","[1399800, 1390899, 1722432, 1390693, 1389508, 1744395, 1396123, 1743474, 1398780, 1394843]"
"CBN-Pla-D4-20200814","[1390899, 1722432, 1399800, 1389508, 1396379, 1452585, 1393887, 1394543, 1741954, 1394915]"
"CBN-Pla-D5-20130808","[1399800, 1722432, 1744635, 1362367, 1390899, 1744395, 1742026, 1392429, 1393503, 1390225]"
"CBN-Pla-D5-20130904","[1399800, 1722432, 1393952, 1390693, 1744868, 1390467, 1396123, 1425347, 1419963, 1499783]"
"CBN-Pla-D5-20140722","[1502797, 1452284, 1452689, 1396864, 1392317, 1389250, 1743819, 1744483, 1394915, 1507261]"
"CBN-Pla-D5-20140902","[1399800, 1398780, 1390693, 1744868, 1393952, 1390899, 1396123, 1362136, 1722432, 1390467]"
"CBN-Pla-D5-20150702","[1744635, 1392429, 1452284, 1396864, 1392317, 1358568, 1399800, 1392928, 1722432, 1737662]"
"CBN-Pla-D5-20150723","[1362136, 1393952, 1398780, 1399800, 1722432, 1390693, 1390899, 1744868, 1499783, 1392291]"
"CBN-Pla-D5-20150811","[1399800, 1390693, 1390899, 1722432, 1741954, 1362682, 1393952, 1499783, 1742054, 1647338]"
"CBN-Pla-D5-20150901","[1399800, 1390899, 1362682, 1390693, 1390467, 1741954, 1744635, 1394915, 1722432, 1744169]"
"CBN-Pla-D5-20160707","[1399800, 1392429, 1396998, 1396123, 1743927, 1743714, 1398780, 1359386, 1744635, 1743474]"
"CBN-Pla-D5-20160728","[1390693, 1393952, 1722432, 1744868, 1744395, 1399800, 1499783, 1362136, 1398780, 1393887]"
"CBN-Pla-D5-20180724","[1392317, 1452284, 1744868, 1743474, 1697320]"
"CBN-Pla-D5-20180816","[1399800, 1722432, 1744635, 1744868, 1390693, 1390899, 1563230, 1741954, 1356419, 1393952]"
"CBN-Pla-D5-20180906","[1399800, 1390899, 1452585, 1722432, 1744635, 1744868, 1741954, 1394915, 1743583, 1737439]"
"CBN-Pla-D5-20190723","[1393952, 1722432, 1362136, 1744395, 1396123, 1399800, 1398780, 1744473, 1390467, 1396126]"
"CBN-Pla-D5-20190814","[1744868, 1393952, 1393887, 1399800, 1651322, 1359386, 1743474, 1390899, 1722432, 1361169]"
"CBN-Pla-D5-20200723","[1399800, 1452585, 1744635, 1390899, 1722432, 1741954, 1737439, 1744395, 1390693, 1513956]"
"CBN-Pla-D6-20130808","[1722432, 1399800, 1356419, 1362367, 1400162, 1741954, 1743306, 1390899, 1743315, 1744395]"
"CBN-Pla-D6-20130904","[1393952, 1548249, 1722432, 1390899, 1499783, 1389508, 1744395, 1419963, 1399800, 1425347]"
"CBN-Pla-D6-20140722","[1389250, 1744635, 1399800, 1394915, 1737662, 1392317, 1396864, 1390388, 1744483, 1647575]"
"CBN-Pla-D6-20140902","[1399800, 1390693, 1548249, 1722432, 1742054, 1390899, 1362136, 1393952, 1425299, 1389508]"
"CBN-Pla-D6-20150702","[1744635, 1722432, 1399800, 1452284, 1392429, 1737662, 1392928, 1397303, 1356419, 1391536]"
"CBN-Pla-D6-20150723","[1722432, 1548249, 1398780, 1390899, 1393952, 1425299, 1362136, 1399800, 1744395, 1389010]"
"CBN-Pla-D6-20150811","[1399800, 1722432, 1425299, 1393952, 1744473, 1744395, 1362367, 1742054, 1397367, 1390899]"
"CBN-Pla-D6-20150901","[1399800, 1722432, 1390899, 1744169, 1398820, 1741954, 1744635, 1744395, 1425299, 1744473]"
"CBN-Pla-D6-20160707","[1744473, 1399800, 1743101, 1744425, 1743474, 1392429, 1722432, 1396123, 1358568, 1390899]"
"CBN-Pla-D6-20160728","[1722432, 1393952, 1744395, 1548249, 1390899, 1399800, 1499783, 1362136, 1393887, 1394596]"
"CBN-Pla-D6-20180724","[1389250, 1399800, 1394915, 1744635, 1392317, 1396864, 1737662, 1392177, 1722432, 1743927]"
"CBN-Pla-D6-20180816","[1399800, 1722432, 1744635, 1743474, 1741954, 1744169, 1744473, 1356419, 1390388, 1742773]"
"CBN-Pla-D6-20180906","[1399800, 1722432, 1744169, 1390899, 1362367, 1744635, 1743474, 1398820, 1741954, 1452585]"
"CBN-Pla-D6-20190723","[1722432, 1744395, 1393952, 1389010, 1744473, 1399800, 1548249, 1651485, 1362136, 1392429]"
"CBN-Pla-D6-20190814","[1399800, 1722432, 1744395, 1743814, 1390899, 1393952, 1548249, 1389508, 1362136, 1392291]"
"CBN-Pla-D6-20200723","[1741954, 1399800, 1722432, 1744395, 1744169, 1393952, 1744635, 1647338, 1499783, 1513956]"
"CBN-Pla-D6-20200814","[1399800, 1722432, 1393952, 1744395, 1362682, 1393887, 1390899, 1743814, 1362136, 1389508]"
"CBN-Pla-E1-20130808","[1396864, 1723185, 1744857, 1361144, 1398780, 1452284, 1743760, 1744635, 1393261, 1392755]"
"CBN-Pla-E1-20130904","[1723185, 1394843, 1390899, 1398780, 1389508, 1396864, 1744425, 1419963, 1502922, 1513956]"
"CBN-Pla-E1-20140722","[1452284, 1398780, 1396864, 1400079, 1419963, 1723185, 1394843, 1744635, 1392429, 1361169]"
"CBN-Pla-E1-20140902","[1517471, 1398780, 1647575, 1390693, 1394843, 1723185, 1396864, 1390899, 1651485, 1389508]"
"CBN-Pla-E1-20150702","[1392307, 1452284, 1744169, 1744635, 1647575, 1518932, 1646671, 1647150, 1743474, 1389250]"
"CBN-Pla-E1-20150723","[1394843, 1743786, 1688110, 1399800, 1564310, 1452284, 1398780, 1419963, 1647150, 1389508]"
"CBN-Pla-E1-20150901","[1390899, 1744635, 1399800, 1743933, 1647153, 1389687, 1389250, 1389535, 1617119, 1392307]"
"CBN-Pla-E1-20160707","[1394843, 1743474, 1419963, 1398780, 1399800, 1688110, 1647575, 1518932, 1452284, 1394915]"
"CBN-Pla-E1-20160728","[1419963, 1651485, 1394843, 1517471, 1744857, 1628784, 1400079, 1390899, 1741576, 1744473]"
"CBN-Pla-E1-20180816","[1580587, 1744473, 1419963, 1396691, 1673309, 1744635, 1399800, 1392307, 1392892, 1396864]"
"CBN-Pla-E1-20180906","[1741954, 1452585, 1419963, 1737439, 1673309, 1744169, 1390899, 1550154, 1495430, 1396864]"
"CBN-Pla-E1-20190723","[1419963, 1394843, 1396864, 1744618, 1647575, 1397386, 1398780, 1359593, 1395724, 1673181]"
"CBN-Pla-E1-20190814","[1419963, 1744618, 1394843, 1390899, 1743474, 1398780, 1399800, 1394915, 1502922, 1452284]"
"CBN-Pla-E1-20200630","[1392317, 1398780, 1399800, 1743927, 1548249, 1583450, 1394915, 1452284, 1390899, 1673181]"
"CBN-Pla-E1-20200723","[1580587, 1647150, 1744635, 1389687, 1392928, 1743786, 1358128, 1744473, 1392892, 1399800]"
"CBN-Pla-E1-20200814","[1390899, 1394915, 1741576, 1392928, 1647175, 1399800, 1361070, 1688110, 1647150, 1744635]"
"CBN-Pla-E2-20130808","[1390899, 1393923, 1396864, 1743101, 1392892, 1495430, 1394915, 1395724, 1391459, 1389250]"
"CBN-Pla-E2-20130904","[1394843, 1390899, 1723185, 1390693, 1395074, 1419963, 1452284, 1398780, 1394915, 1653641]"
"CBN-Pla-E2-20140722","[1647575, 1419963, 1723185, 1744473, 1398780, 1743101, 1396864, 1744635, 1743714, 1628784]"
"CBN-Pla-E2-20140902","[1390899, 1398780, 1390693, 1651322, 1653641, 1399800, 1452585, 1744060, 1744868, 1396864]"
"CBN-Pla-E2-20150702","[1393923, 1518932, 1744635, 1743474, 1452284, 1502797, 1492739, 1688110, 1396864, 1743101]"
"CBN-Pla-E2-20150723","[1398780, 1390899, 1394843, 1419963, 1744425, 1390693, 1395724, 1452284, 1399800, 1513956]"
"CBN-Pla-E2-20150901","[1741954, 1390899, 1744635, 1390693, 1564310, 1456505, 1502797, 1647153, 1452585, 1517471]"
"CBN-Pla-E2-20160707","[1398780, 1393923, 1419963, 1502922, 1394843, 1743474, 1738583, 1396998, 1396123, 1392983]"
"CBN-Pla-E2-20160728","[1390693, 1651485, 1394843, 1744425, 1399800, 1647175, 1419963, 1452284, 1628811, 1513956]"
"CBN-Pla-E2-20180724","[1744635, 1743474, 1389250, 1393923, 1396864, 1502797, 1390899, 1580587, 1518932, 1392317]"
"CBN-Pla-E2-20180816","[1580587, 1390899, 1744635, 1673309, 1744473, 1743786, 1744834, 1617119, 1399800, 1453529]"
"CBN-Pla-E2-20180906","[1390899, 1744635, 1673309, 1456505, 1741954, 1564310, 1502797, 1389687, 1495430, 1744067]"
"CBN-Pla-E2-20190723","[1723185, 1393923, 1564310, 1394843, 1399800, 1396864, 1495430, 1504116, 1564370, 1452284]"
"CBN-Pla-E2-20190814","[1390899, 1743140, 1564310, 1390693, 1647175, 1394843, 1398780, 1419963, 1396864, 1502922]"
"CBN-Pla-E2-20200630","[1398780, 1392317, 1396998, 1396864, 1359386, 1744425, 1564310, 1391447, 1743714, 1392983]"
"CBN-Pla-E2-20200723","[1744635, 1564310, 1647175, 1393923, 1673309, 1495430, 1564370, 1390693, 1580587, 1396691]"
"CBN-Pla-E2-20200814","[1390899, 1564310, 1647153, 1688110, 1743140, 1394843, 1495430, 1743474, 1361070, 1651485]"
"CBN-Pla-E3-20130808","[1393923, 1743474, 1390899, 1389017, 1479415, 1651485, 1743714, 1357646, 1743904, 1502922]"
"CBN-Pla-E3-20130904","[1743474, 1361263, 1394843, 1651322, 1398780, 1737662, 1651485, 1390818, 1396998, 1362136]"
"CBN-Pla-E3-20140722","[1743474, 1396864, 1419963, 1479531, 1452689, 1396998, 1390693, 1645887, 1390899, 1479530]"
"CBN-Pla-E3-20140902","[1743474, 1394865, 1390693, 1399800, 1651322, 1647150, 1739040, 1398780, 1394672, 1653641]"
"CBN-Pla-E3-20150702","[1393923, 1743474, 1389250, 1647575, 1390899, 1744635, 1393087, 1399800, 1688110, 1390693]"
"CBN-Pla-E3-20150723","[1390899, 1743474, 1393923, 1362136, 1744635, 1389017, 1743786, 1396864, 1741954, 1645887]"
"CBN-Pla-E3-20150811","[1390899, 1389017, 1743474, 1396998, 1502922, 1741954, 1651485, 1493082, 1645887, 1362136]"
"CBN-Pla-E3-20150901","[1390899, 1741954, 1743474, 1399800, 1744635, 1673309, 1390693, 1396864, 1456505, 1645887]"
"CBN-Pla-E3-20160707","[1743474, 1398780, 1393923, 1399800, 1394843, 1390818, 1396998, 1390899, 1392983, 1741576]"
"CBN-Pla-E3-20160728","[1743474, 1394843, 1390693, 1651485, 1396864, 1502922, 1399800, 1393923, 1645887, 1651322]"
"CBN-Pla-E3-20180724","[1743474, 1396864, 1357646, 1392317, 1507261, 1425200, 1743375, 1744635, 1393923, 1737662]"
"CBN-Pla-E3-20180816","[1743474, 1393923, 1399800, 1651485, 1741954, 1390899, 1392147, 1396864, 1452585, 1645887]"
"CBN-Pla-E3-20180906","[1741954, 1743474, 1390899, 1390693, 1744635, 1564310, 1673309, 1688110, 1393923, 1645887]"
"CBN-Pla-E3-20190723","[1743474, 1393923, 1390693, 1744635, 1396864, 1743786, 1651485, 1741954, 1399800, 1495430]"
"CBN-Pla-E3-20190814","[1743474, 1394843, 1390693, 1396998, 1362136, 1502922, 1399800, 1396864, 1398780, 1390899]"
"CBN-Pla-E3-20200630","[1392317, 1396998, 1743474, 1359386, 1504027, 1744868, 1400162, 1392983, 1396864, 1399800]"
"CBN-Pla-E3-20200723","[1743474, 1744635, 1390693, 1390899, 1743786, 1396998, 1688110, 1399800, 1393923, 1389250]"
"CBN-Pla-E3-20200814","[1741954, 1390899, 1743474, 1651485, 1564310, 1744635, 1688110, 1390693, 1743786, 1493082]"
"CBN-Pla-E4-20130808","[1393923, 1502797, 1390899, 1399800, 1392892, 1743927, 1400162, 1394915, 1499783, 1513956]"
"CBN-Pla-E4-20130904","[1722432, 1398780, 1743474, 1361263, 1396123, 1399800, 1513956, 1645887, 1688110, 1499783]"
"CBN-Pla-E4-20140722","[1723185, 1396864, 1419963, 1499783, 1394843, 1397838, 1400079, 1393923, 1389555, 1362055]"
"CBN-Pla-E4-20140902","[1651322, 1398780, 1390693, 1531441, 1394672, 1361263, 1651485, 1722432, 1390160, 1744868]"
"CBN-Pla-E4-20150702","[1688110, 1744483, 1502797, 1499783, 1395074, 1744635, 1389250, 1393087, 1399800, 1452284]"
"CBN-Pla-E4-20150811","[1502922, 1390899, 1651485, 1399800, 1741954, 1390693, 1393923, 1741576, 1394843, 1744868]"
"CBN-Pla-E4-20150901","[1390899, 1741954, 1399800, 1390693, 1744635, 1743474, 1651485, 1741576, 1389687, 1499783]"
"CBN-Pla-E4-20160707","[1399800, 1394843, 1743474, 1398780, 1744425, 1645887, 1502922, 1390693, 1390818, 1396998]"
"CBN-Pla-E4-20160728","[1394843, 1390693, 1741576, 1651485, 1743474, 1502922, 1504116, 1390899, 1394596, 1396864]"
"CBN-Pla-E4-20180724","[1392317, 1743474, 1396691, 1395074, 1396864, 1502797, 1452284, 1688110, 1673309, 1393923]"
"CBN-Pla-E4-20180816","[1390693, 1744635, 1495430, 1744473, 1513956, 1392928, 1396691, 1741701, 1392429, 1651485]"
"CBN-Pla-E4-20180906","[1513956, 1495430, 1673309, 1651485, 1647175, 1392928, 1563230, 1744473, 1722432, 1743786]"
"CBN-Pla-E4-20190723","[1390693, 1399800, 1743786, 1744635, 1389250, 1688110, 1743474, 1651485, 1393923, 1392928]"
"CBN-Pla-E4-20190814","[1722432, 1744868, 1502922, 1744351, 1390693, 1390160, 1651485, 1452585, 1651322, 1392846]"
"CBN-Pla-E4-20200630","[1395074, 1392928, 1743819, 1362136, 1744425, 1452284, 1394734, 1647150, 1400162, 1513956]"
"CBN-Pla-E4-20200723","[1390693, 1743474, 1390899, 1399800, 1513956, 1389250, 1741954, 1651485, 1502922, 1392429]"
"CBN-Pla-E4-20200814","[1390899, 1741954, 1390693, 1688110, 1452585, 1513956, 1393923, 1394915, 1389687, 1744635]"
"CBN-Pla-E5-20130808","[1399800, 1390899, 1518932, 1744169, 1393923, 1393864, 1452284, 1744635, 1390225, 1362136]"
"CBN-Pla-E5-20130904","[1651322, 1722432, 1361263, 1390899, 1398780, 1523071, 1393952, 1394843, 1531441, 1394915]"
"CBN-Pla-E5-20140722","[1637710, 1392317, 1743474, 1390662, 1362136, 1389555, 1518932, 1688110, 1394672, 1356042]"
"CBN-Pla-E5-20140902","[1390693, 1394843, 1390899, 1651322, 1394596, 1722432, 1400079, 1523071, 1390160, 1531441]"
"CBN-Pla-E5-20150702","[1399800, 1518932, 1358012, 1722432, 1390899, 1392317, 1393087, 1743474, 1744635, 1502939]"
"CBN-Pla-E5-20150723","[1398780, 1523071, 1722432, 1394843, 1399800, 1393923, 1390693, 1390899, 1361263, 1396123]"
"CBN-Pla-E5-20150811","[1651322, 1531441, 1523071, 1393952, 1651485, 1722432, 1390899, 1394843, 1398780, 1548249]"
"CBN-Pla-E5-20150901","[1390899, 1744635, 1399800, 1453529, 1495430, 1502797, 1393923, 1741576, 1651485, 1396628]"
"CBN-Pla-E5-20160707","[1394843, 1399800, 1394596, 1398780, 1390899, 1722432, 1362136, 1390693, 1523071, 1743474]"
"CBN-Pla-E5-20160728","[1744635, 1390693, 1651485, 1393923, 1399800, 1495430, 1617119, 1722432, 1390899, 1356419]"
"CBN-Pla-E5-20180724","[1356419, 1390388, 1743819, 1397779, 1399800, 1688110, 1389555, 1356407, 1744618, 1744293]"
"CBN-Pla-E5-20180816","[1453529, 1563230, 1390899, 1744169, 1399800, 1390225, 1390693, 1393952, 1393503, 1673309]"
"CBN-Pla-E5-20180906","[1390899, 1741954, 1390693, 1563230, 1647823, 1399800, 1394843, 1651485, 1744169, 1722432]"
"CBN-Pla-E5-20190723","[1563230, 1393923, 1722432, 1399800, 1744169, 1723185, 1393864, 1393503, 1390693, 1390899]"
"CBN-Pla-E5-20190814","[1394843, 1390899, 1523071, 1390693, 1651322, 1722432, 1393952, 1399800, 1743474, 1389508]"
"CBN-Pla-E5-20200630","[1744294, 1744425, 1492046, 1743927, 1357543, 1357159, 1390388, 1477139, 1744331, 1362136]"
"CBN-Pla-E5-20200723","[1399800, 1390899, 1563230, 1744169, 1394915, 1622910, 1360020, 1741954, 1452585, 1744635]"
"CBN-Pla-E5-20200814","[1390899, 1563230, 1389687, 1452585, 1390693, 1741954, 1399800, 1744169, 1394915, 1394843]"
"CBN-Pla-E6-20130808","[1390899, 1722432, 1393923, 1399800, 1396379, 1744169, 1358568, 1452585, 1513956, 1392317]"
"CBN-Pla-E6-20130904","[1722432, 1531441, 1651322, 1396123, 1399800, 1390899, 1548249, 1513956, 1502922, 1425347]"
"CBN-Pla-E6-20140722","[1743927, 1396864, 1389555, 1392317, 1452284, 1647575, 1393261, 1741701, 1744473, 1744635]"
"CBN-Pla-E6-20140902","[1531441, 1651322, 1398780, 1390693, 1517471, 1563697, 1741560, 1395074, 1651485, 1502922]"
"CBN-Pla-E6-20150702","[1744635, 1393923, 1452284, 1389250, 1513956, 1737439, 1395074, 1743786, 1743927, 1399800]"
"CBN-Pla-E6-20150723","[1390899, 1651322, 1398780, 1362136, 1392291, 1513956, 1390693, 1722432, 1688110, 1393887]"
"CBN-Pla-E6-20150811","[1390693, 1744635, 1399800, 1392054, 1722432, 1513956, 1743786, 1743927, 1573648, 1390899]"
"CBN-Pla-E6-20150901","[1744635, 1399800, 1390693, 1651485, 1390899, 1722432, 1517471, 1513956, 1396691, 1396628]"
"CBN-Pla-E6-20160707","[1394843, 1744425, 1398780, 1651485, 1392429, 1744473, 1743927, 1393923, 1492519, 1390899]"
"CBN-Pla-E6-20160728","[1390693, 1390899, 1399800, 1651485, 1722432, 1744635, 1743786, 1502922, 1513956, 1495430]"
"CBN-Pla-E6-20180724","[1392317, 1452284, 1396864, 1356419, 1395074, 1361416, 1361169, 1744635, 1744293, 1397838]"
"CBN-Pla-E6-20180816","[1744635, 1744473, 1390693, 1563230, 1513956, 1453529, 1495430, 1647153, 1722432, 1399800]"
"CBN-Pla-E6-20180906","[1651485, 1722432, 1390899, 1531441, 1399800, 1390693, 1741954, 1396628, 1563230, 1513956]"
"CBN-Pla-E6-20190723","[1744635, 1390693, 1722432, 1399800, 1393923, 1744169, 1647153, 1743786, 1563230, 1452585]"
"CBN-Pla-E6-20190814","[1651322, 1390899, 1395074, 1390693, 1651485, 1399800, 1398780, 1647575, 1394843, 1389508]"
"CBN-Pla-E6-20200723","[1744635, 1390693, 1744169, 1741954, 1688110, 1722432, 1399800, 1396628, 1390899, 1513956]"
"CBN-Pla-E6-20200814","[1390899, 1580587, 1389687, 1647153, 1673309, 1492739, 1453529, 1452585, 1393503, 1741954]"
"CBN-Pla-F1-20130808","[1396864, 1393261, 1743786, 1744473, 1744857, 1651485, 1495430, 1647575, 1744207, 1452689]"
"CBN-Pla-F1-20130904","[1389508, 1390899, 1651485, 1517471, 1356419, 1361070, 1394843, 1361100, 1651322, 1744473]"
"CBN-Pla-F1-20140722","[1647575, 1396864, 1362136, 1419963, 1395724, 1390693, 1744473, 1361169, 1743714, 1399800]"
"CBN-Pla-F1-20140902","[1743474, 1390693, 1647575, 1651485, 1361100, 1396864, 1739040, 1651322, 1517471, 1356419]"
"CBN-Pla-F1-20150702","[1688110, 1389250, 1396691, 1647575, 1743349, 1744293, 1518932, 1396864, 1744473, 1741576]"
"CBN-Pla-F1-20150723","[1743474, 1504116, 1390693, 1743786, 1362136, 1396864, 1361100, 1744473, 1479531, 1647575]"
"CBN-Pla-F1-20150901","[1647153, 1389687, 1741954, 1651485, 1667780, 1743786, 1743474, 1517471, 1360907, 1647575]"
"CBN-Pla-F1-20160707","[1743474, 1394843, 1398780, 1390693, 1396864, 1647575, 1688110, 1399800, 1743786, 1645887]"
"CBN-Pla-F1-20160728","[1495441, 1492113, 1744170, 1743760, 1580587, 1628784, 1744857, 1393952, 1493662, 1651485]"
"CBN-Pla-F1-20180724","[1393923, 1396864, 1356407, 1743474, 1396691, 1502797, 1688110, 1452284, 1744635, 1392317]"
"CBN-Pla-F1-20180816","[1580587, 1389687, 1744473, 1744170, 1546217, 1399800, 1743243, 1392892, 1743760, 1741954]"
"CBN-Pla-F1-20180906","[1396279, 1389687, 1741954, 1550154, 1393503, 1741799, 1513956, 1647153, 1667780, 1520353]"
"CBN-Pla-F1-20190723","[1394843, 1564310, 1688110, 1356419, 1390693, 1504116, 1396864, 1743786, 1647575, 1390899]"
"CBN-Pla-F1-20190814","[1651485, 1394843, 1744868, 1743140, 1361100, 1744473, 1610807, 1502922, 1744351, 1517471]"
"CBN-Pla-F1-20200630","[1392317, 1359386, 1361169, 1493092, 1396864, 1394843, 1419963, 1452284, 1397386, 1743922]"
"CBN-Pla-F1-20200723","[1390899, 1580587, 1744635, 1399800, 1479531, 1743786, 1546217, 1744473, 1356407, 1561314]"
"CBN-Pla-F1-20200814","[1688110, 1356407, 1743474, 1361263, 1651485, 1452585, 1743140, 1359386, 1744857, 1360907]"
"CBN-Pla-F2-20130808","[1390899, 1743523, 1395724, 1743786, 1389250, 1647150, 1396279, 1392090, 1456505, 1393503]"
"CBN-Pla-F2-20130904","[1723185, 1390899, 1394843, 1398780, 1419963, 1688110, 1356419, 1452284, 1399800, 1395724]"
"CBN-Pla-F2-20140722","[1452284, 1419963, 1398780, 1744635, 1723185, 1392307, 1394843, 1395724, 1396864, 1744060]"
"CBN-Pla-F2-20140902","[1647575, 1396864, 1390693, 1389508, 1390899, 1395724, 1398780, 1651485, 1399800, 1356419]"
"CBN-Pla-F2-20150702","[1395074, 1452284, 1688110, 1744635, 1647575, 1392307, 1395724, 1564370, 1743927, 1744208]"
"CBN-Pla-F2-20150723","[1400079, 1744857, 1398780, 1647575, 1400162, 1394843, 1647823, 1452284, 1688110, 1741576]"
"CBN-Pla-F2-20150901","[1744635, 1399800, 1741576, 1452284, 1647153, 1651485, 1395724, 1743786, 1396628, 1647575]"
"CBN-Pla-F2-20160707","[1741576, 1396864, 1419963, 1396123, 1744473, 1688110, 1394843, 1502922, 1744635, 1743786]"
"CBN-Pla-F2-20160728","[1744857, 1744635, 1651485, 1688110, 1396864, 1390899, 1517471, 1419963, 1743786, 1396628]"
"CBN-Pla-F2-20180724","[1744635, 1452284, 1396864, 1502797, 1518932, 1395074, 1688110, 1744473, 1453529]"
"CBN-Pla-F2-20180816","[1744635, 1744473, 1396864, 1743933, 1743786, 1389687, 1392307, 1392928, 1495430, 1389535]"
"CBN-Pla-F2-20180906","[1389687, 1357003, 1744635, 1396628, 1651485, 1398781, 1394894, 1744169, 1744473, 1741954]"
"CBN-Pla-F2-20190723","[1396864, 1651485, 1673285, 1744473, 1688110, 1395074, 1398780, 1743927, 1673181, 1502922]"
"CBN-Pla-F2-20190814","[1396864, 1398780, 1359386, 1389508, 1743474, 1502922, 1744351, 1743140, 1399800, 1394843]"
"CBN-Pla-F2-20200630","[1396864, 1452284, 1359386, 1743927, 1517471, 1394843, 1647575]"
"CBN-Pla-F2-20200723","[1392928, 1392307, 1744635, 1389687, 1394894, 1688110, 1396864, 1395074, 1390225, 1743786]"
"CBN-Pla-F2-20200814","[1743140, 1390899, 1688110, 1359386, 1517471, 1389508, 1399800, 1722432, 1452585, 1743474]"
"CBN-Pla-F3-20130808","[1393923, 1744635, 1390899, 1673309, 1389250, 1502797, 1743786, 1396569, 1395724, 1743760]"
"CBN-Pla-F3-20130904","[1390899, 1452284, 1361100, 1722432, 1396864, 1398780, 1651485, 1396998, 1390693, 1723185]"
"CBN-Pla-F3-20140722","[1452284, 1744635, 1419963, 1398780, 1396864, 1744857, 1394843, 1399800, 1394734, 1392983]"
"CBN-Pla-F3-20140902","[1651322, 1396864, 1452585, 1741799, 1419963, 1647150, 1647575, 1398780, 1647175, 1390693]"
"CBN-Pla-F3-20150702","[1744635, 1393923, 1389250, 1452284, 1361144, 1502797, 1390899, 1499783, 1647575, 1741576]"
"CBN-Pla-F3-20150723","[1394843, 1390899, 1513956, 1389250, 1743786, 1452284, 1744857, 1645887, 1425299, 1398780]"
"CBN-Pla-F3-20150811","[1743786, 1390899, 1394843, 1452284, 1744635, 1397386, 1499638, 1393923, 1504116, 1743385]"
"CBN-Pla-F3-20150901","[1390899, 1389250, 1744635, 1561314, 1741954, 1651485, 1517471, 1743474, 1564370, 1399800]"
"CBN-Pla-F3-20160707","[1394843, 1399800, 1419963, 1744635, 1392054, 1390899, 1390693, 1393887, 1398780, 1392291]"
"CBN-Pla-F3-20160728","[1390899, 1504116, 1399800, 1651485, 1394843, 1390693, 1647575, 1688110, 1360907, 1361100]"
"CBN-Pla-F3-20180724","[1744635, 1453529, 1452284, 1399800, 1395074, 1688110, 1389250, 1391668]"
"CBN-Pla-F3-20180816","[1744635, 1673309, 1389250, 1390899, 1743786, 1563230, 1688110, 1513956, 1645887, 1617119]"
"CBN-Pla-F3-20180906","[1741954, 1651485, 1517471, 1744635, 1399800, 1360907, 1390899, 1456505, 1617119, 1390693]"
"CBN-Pla-F3-20190723","[1744635, 1743786, 1389250, 1393923, 1390693, 1743474, 1651485, 1688110, 1479671, 1399800]"
"CBN-Pla-F3-20190814","[1399800, 1390693, 1419963, 1394843, 1651485, 1517471, 1564310, 1394915, 1744351, 1390899]"
"CBN-Pla-F3-20200630","[1392317, 1392928, 1722432, 1396998, 1359593, 1396864, 1392054, 1628867, 1359386, 1452284]"
"CBN-Pla-F3-20200723","[1744635, 1743786, 1389250, 1741954, 1513956, 1390693, 1564310, 1399800, 1394915, 1390899]"
"CBN-Pla-F3-20200814","[1741954, 1390899, 1743474, 1651485, 1389250, 1517471, 1688110, 1744635, 1564310, 1647153]"
"CBN-Pla-F4-20130808","[1393923, 1390899, 1456505, 1651485, 1389250, 1396569, 1744635, 1389017, 1743523, 1362136]"
"CBN-Pla-F4-20130904","[1356419, 1651485, 1400079, 1651322, 1361100, 1394843, 1390693, 1400165, 1480601, 1396864]"
"CBN-Pla-F4-20140722","[1744635, 1647575, 1390693, 1653641, 1396864, 1419963, 1743474, 1499783, 1394843, 1548249]"
"CBN-Pla-F4-20150723","[1394843, 1398780, 1390693, 1651485, 1722432, 1564310, 1563697, 1393923, 1744635, 1390899]"
"CBN-Pla-F4-20150811","[1741954, 1651485, 1390899, 1743786, 1744635, 1393923, 1397386, 1390693, 1399800, 1647575]"
"CBN-Pla-F4-20150901","[1390899, 1741954, 1744635, 1651485, 1389250, 1399800, 1456505, 1390693, 1743474, 1561314]"
"CBN-Pla-F4-20160707","[1743474, 1393923, 1744635, 1499783, 1651485, 1396998, 1502922, 1398780, 1390693, 1419963]"
"CBN-Pla-F4-20160728","[1651485, 1394843, 1743474, 1390693, 1394672, 1396998, 1396864, 1361100, 1517471, 1647575]"
"CBN-Pla-F4-20180724","[1744635, 1396864, 1395074, 1392317, 1502797, 1396691, 1452284, 1743474, 1647575, 1389250]"
"CBN-Pla-F4-20180816","[1744635, 1741954, 1673309, 1651485, 1356419, 1502797, 1743786, 1389250, 1744834, 1495430]"
"CBN-Pla-F4-20180906","[1744635, 1456505, 1673309, 1495430, 1502797, 1502831, 1651485, 1564310, 1390899, 1396569]"
"CBN-Pla-F4-20190723","[1744635, 1389250, 1393923, 1564310, 1502831, 1513956, 1499638, 1390693, 1495430, 1651485]"
"CBN-Pla-F4-20190814","[1651485, 1744351, 1651322, 1394843, 1743474, 1396864, 1356419, 1502922, 1390160, 1722432]"
"CBN-Pla-F4-20200630","[1743927, 1394734, 1396587, 1362136, 1361144, 1628960, 1425200, 1361416, 1392928, 1743819]"
"CBN-Pla-F4-20200723","[1744635, 1393923, 1390693, 1513956, 1651485, 1389250, 1743786, 1722432, 1647175, 1564310]"
"CBN-Pla-F4-20200814","[1744635, 1513956, 1741954, 1564310, 1452585, 1393923, 1389250, 1743786, 1502831, 1647175]"
"CBN-Pla-F5-20130808","[1502797, 1396569, 1393923, 1392513, 1390899, 1743474, 1392317, 1688110, 1738582, 1513956]"
"CBN-Pla-F5-20130904","[1399800, 1722432, 1398780, 1394915, 1390899, 1651485, 1614893, 1502922, 1394843, 1392983]"
"CBN-Pla-F5-20140722","[1396864, 1419963, 1392317, 1647575, 1396998, 1397422, 1399800, 1499783, 1452689, 1392983]"
"CBN-Pla-F5-20140902","[1531441, 1651322, 1398780, 1502922, 1390899, 1651485, 1394843, 1399800, 1722432, 1744868]"
"CBN-Pla-F5-20150702","[1393923, 1744635, 1502797, 1393087, 1392317, 1390899, 1452284, 1396864, 1741576, 1688110]"
"CBN-Pla-F5-20150723","[1398780, 1722432, 1651322, 1361263, 1391400, 1394843, 1399800, 1396998, 1390899, 1390160]"
"CBN-Pla-F5-20150811","[1651485, 1722432, 1390899, 1741954, 1393923, 1389017, 1502922, 1647338, 1399800, 1744635]"
"CBN-Pla-F5-20150901","[1390899, 1399800, 1744635, 1722432, 1456505, 1741576, 1651485, 1517471, 1389687, 1743933]"
"CBN-Pla-F5-20160707","[1393923, 1743474, 1399800, 1394843, 1398780, 1394672, 1419963, 1396864, 1651485, 1392317]"
"CBN-Pla-F5-20160728","[1651485, 1722432, 1394843, 1362136, 1390899, 1390693, 1499783, 1393923, 1399800, 1744635]"
"CBN-Pla-F5-20180724","[1744293, 1396864, 1392317, 1361416, 1425200, 1741560, 1357646, 1392218, 1502797, 1395074]"
"CBN-Pla-F5-20180816","[1744635, 1390693, 1502797, 1673309, 1744834, 1399800, 1722432, 1392928, 1453529, 1390225]"
"CBN-Pla-F5-20180906","[1502797, 1722432, 1673309, 1741954, 1744169, 1563697, 1393887, 1390899, 1744834, 1390225]"
"CBN-Pla-F5-20190723","[1744635, 1390693, 1647575, 1479671, 1495430, 1513956, 1393923, 1392928, 1452585, 1743474]"
"CBN-Pla-F5-20190814","[1651322, 1722432, 1398780, 1394843, 1390693, 1743474, 1390160, 1647150, 1400079, 1517471]"
"CBN-Pla-F5-20200723","[1744635, 1453529, 1741954, 1399800, 1479671, 1651485, 1390899, 1502797, 1743786, 1513956]"
"CBN-Pla-F5-20200814","[1744635, 1389687, 1390693, 1741954, 1456505, 1390899, 1362136, 1399800, 1673309, 1452585]"
"CBN-Pla-F6-20130808","[1390899, 1393923, 1399800, 1393503, 1358568, 1392258, 1397386, 1392075, 1502797, 1743474]"
"CBN-Pla-F6-20130904","[1722432, 1393952, 1396123, 1399800, 1390899, 1396279, 1425347, 1744868, 1456505, 1419963]"
"CBN-Pla-F6-20140722","[1392317, 1396864, 1743474, 1499783, 1419963, 1697320, 1399800, 1392175, 1452284, 1356708]"
"CBN-Pla-F6-20140902","[1531441, 1651322, 1390693, 1722432, 1653641, 1563697, 1744868, 1361263, 1502922, 1396123]"
"CBN-Pla-F6-20150702","[1393923, 1744635, 1392317, 1452284]"
"CBN-Pla-F6-20150723","[1722432, 1400079, 1393923, 1479671, 1744635, 1397386, 1458364, 1738583, 1393887, 1673309]"
"CBN-Pla-F6-20150811","[1722432, 1390693, 1394843, 1651485, 1390899, 1647338, 1392755, 1647823, 1392291, 1393887]"
"CBN-Pla-F6-20150901","[1744635, 1399800, 1390693, 1390899, 1722432, 1647153, 1651485, 1622910, 1743474, 1744425]"
"CBN-Pla-F6-20160707","[1393923, 1419963, 1399800, 1493722, 1398780, 1396864, 1738583, 1361144, 1389508, 1744527]"
"CBN-Pla-F6-20160728","[1722432, 1390693, 1744635, 1399800, 1651485, 1499783, 1390899, 1741954, 1362136, 1563697]"
"CBN-Pla-F6-20180724","[1392317, 1361169, 1396864, 1425200, 1395074, 1356419, 1738582, 1361579, 1452284, 1673181]"
"CBN-Pla-F6-20180816","[1563230, 1722432, 1390693, 1744635, 1741954, 1399800, 1617119, 1495430, 1513956, 1453529]"
"CBN-Pla-F6-20180906","[1722432, 1390693, 1563230, 1397386, 1741954, 1651485, 1517471, 1394843, 1531441, 1390899]"
"CBN-Pla-F6-20190723","[1744635, 1390693, 1563230, 1399800, 1499783, 1390225, 1392928, 1722432, 1393503, 1389687]"
"CBN-Pla-F6-20190814","[1531441, 1398780, 1390693, 1390160, 1744868, 1394843, 1399800, 1390899, 1651322, 1563697]"
"CBN-Pla-F6-20200723","[1390899, 1453529, 1393923, 1744635, 1397386, 1393503, 1741954, 1722432, 1399800, 1513956]"
"CBN-Pla-F6-20200814","[1390693, 1722432, 1389687, 1744635, 1399800, 1390899, 1617119, 1741954, 1513956, 1396628]"
"CBN-Pyr-01-20230706","[1617185, 1744035, 1743515, 1391349, 1396279, 1743760, 1651322, 1450849, 1647154, 1531432]"
"CBN-Pyr-03-20230706","[1580587, 1356765, 1741560, 1392511, 1744473, 1391532, 1393498, 1396279, 1744147, 1419963]"
"CBN-can-A1-20230705","[1390467, 1722432, 1741752, 1399800, 1389135, 1362136, 1394915, 1741954, 1744473, 1390899]"
"CBN-can-A2-20230705","[1722432, 1499783, 1744395, 1744473, 1399800, 1390467, 1356708, 1652252, 1361619, 1739203]"
"CBN-can-A3-20230705","[1392291, 1499783, 1361619, 1722432, 1744473, 1390693, 1390467, 1744379, 1360504, 1399800]"
"CBN-can-A5-20230705","[1573648, 1741661, 1743456, 1394915, 1356796, 1744035, 1394596, 1744473, 1743448, 1743449]"
"CBN-can-A6-20230705","[1741661, 1392075, 1744035, 1393492, 1394915, 1504027, 1744325, 1573648, 1622910, 1502540]"
"CBN-can-B1-20230705","[1390467, 1741954, 1389135, 1392892, 1398781, 1722432, 1397086, 1395074, 1392075, 1390899]"
"CBN-can-B2-20230705","[1390693, 1722432, 1741752, 1744473, 1399800, 1394596, 1390467, 1390899, 1396294, 1495474]"
"CBN-can-B3-20230705","[1390693, 1450786, 1399800, 1744473, 1499783, 1392291, 1588647, 1362136, 1743375, 1580587]"
"CBN-can-B4-20230705","[1744035, 1741661, 1693472, 1548249, 1419963, 1363823, 1392513, 1453531, 1393492, 1502939]"
"CBN-can-B5-20230705","[1741661, 1396294, 1390899, 1573648, 1362136, 1356796, 1743101, 1743456, 1744035, 1356708]"
"CBN-can-B6-20230705","[1741661, 1573648, 1744035, 1393492, 1400162, 1390899, 1390467, 1744395, 1396294, 1362136]"
"CBN-can-C1-20230705","[1743306, 1492461, 1573648, 1389508, 1392291, 1722432, 1389986, 1502540, 1744395, 1502948]"
"CBN-can-C2-20230705","[1722432, 1399800, 1499783, 1744395, 1573648, 1493662, 1356708, 1360504, 1390899, 1492461]"
"CBN-can-C3-20230705","[1393668, 1389010, 1744208, 1392075, 1435507, 1647575, 1392928, 1722432, 1744395, 1573648]"
"CBN-can-C4-20230705","[1722432, 1389010, 1396294, 1573648, 1356708, 1394596, 1743456, 1392928, 1390899, 1390467]"
"CBN-can-D1-20230705","[1722432, 1394596, 1389508, 1390899, 1744395, 1356708, 1744473, 1573648, 1548249, 1392044]"
"CBN-can-D2-20230705","[1390693, 1722432, 1390899, 1743306, 1390467, 1647575, 1362136, 1617119, 1744473, 1400079]"
"CBN-can-D3-20230705","[1744041, 1360020, 1390899, 1531432, 1400074, 1743515, 1453529, 1396379, 1392291, 1741922]"
"CBN-can-D4-20230705","[1722432, 1743456, 1356708, 1556685, 1744473, 1396523, 1398699, 1744208, 1742773, 1744207]"
"CBN-can-E1-20230706","[1722432, 1394596, 1502922, 1651485, 1744425, 1390899, 1390693, 1456505, 1622910, 1741954]"
"CBN-can-E2-20230706","[1390899, 1722432, 1390467, 1744395, 1394596, 1744425, 1393887, 1389508, 1664942, 1362682]"
"CBN-can-E3-20230706","[1390467, 1622910, 1390899, 1392291, 1363055, 1453529, 1722432, 1573648, 1390693, 1637710]"
"CBN-can-E4-20230706","[1394596, 1392291, 1502540, 1647823, 1392264, 1453531, 1393544, 1564370, 1647185, 1722432]"
"CBN-can-E5-20230706","[1390467, 1744207, 1392097, 1722432, 1744473, 1687979, 1390244, 1744395, 1392159, 1413421]"
"CBN-can-E6-20230706","[1722432, 1573648, 1392075, 1558601, 1389986, 1390467, 1744395, 1392291, 1744473, 1413421]"
"CBN-can-F1-20230705","[1722432, 1399800, 1622910, 1390899, 1389508, 1392291, 1362136, 1394596, 1573648, 1744425]"
"CBN-can-F2-20230706","[1573648, 1390899, 1362136, 1744395, 1499783, 1722432, 1390693, 1458364, 1743385, 1399800]"
"CBN-can-F3-20230706","[1722432, 1651485, 1502540, 1389508, 1502922, 1394596, 1390899, 1358568, 1390693, 1651322]"
"CBN-can-F4-20230706","[1394596, 1722432, 1502922, 1647823, 1517471, 1393544, 1744551, 1573648, 1356708, 1392928]"
"CBN-can-F5-20230706","[1722432, 1502922, 1390467, 1573648, 1390693, 1396279, 1396123, 1400074, 1392291, 1362136]"
"GUARDEN-AMB-CF04-1-10-20240325","[1531432, 1479531, 1393992, 1389586, 1479220, 1453531, 1392492, 1743537, 1389250, 1743244]"
"GUARDEN-AMB-CF04-1-5-20240325","[1722704, 1738795, 1531432, 1743398, 1458419, 1393992, 1744207, 1481080, 1744063, 1738583]"
"GUARDEN-AMB-CF21-1-1-20240326","[1363167, 1743537, 1499783, 1492046, 1389401, 1391774, 1493109, 1493662, 1362179, 1741790]"
"GUARDEN-AMB-CF21-1-10-20240326","[1743537, 1743819, 1357143, 1452695, 1502458, 1362179, 1389250, 1360907, 1363368, 1400079]"
"GUARDEN-AMB-CF21-1-2-20240326","[1396600, 1545700, 1360013, 1639681, 1452695, 1744015, 1743244, 1738583, 1389535, 1394765]"
"GUARDEN-AMB-CF21-1-3-20240326","[1646126, 1531432, 1639681, 1396600, 1394765, 1392846, 1645890, 1743665, 1357019, 1502831]"
"GUARDEN-AMB-CF21-1-4-20240326","[1358186, 1499783, 1639681, 1394330, 1531432, 1545700, 1395470, 1394765, 1389242, 1358924]"
"GUARDEN-AMB-CF21-1-5-20240326","[1389250, 1531432, 1744489, 1391774, 1392846, 1743819, 1744412, 1398781, 1743244, 1359296]"
"GUARDEN-AMB-CF21-1-6-20240326","[1396600, 1479220, 1743819, 1479531, 1391774, 1743537, 1389250, 1393770, 1739203, 1392256]"
"GUARDEN-AMB-CF21-1-7-20240326","[1492610, 1360013, 1362179, 1394765, 1562413, 1743819, 1556901, 1647575, 1452695, 1564301]"
"GUARDEN-AMB-CF21-1-8-20240326","[1531432, 1391774, 1744489, 1396587, 1743819, 1356407, 1393492, 1743244, 1744412, 1400079]"
"GUARDEN-AMB-CF21-1-9-20240326","[1359796, 1452695, 1396479, 1563735, 1502458, 1362447, 1363368, 1389396, 1523343, 1399779]"
"GUARDEN-AMB-GV04-1-3-20240326","[1743663, 1744473, 1545700, 1392513, 1396682, 1389242, 1396587, 1531432, 1617119, 1362968]"
"GUARDEN-AMB-GV04-1-4-20240326","[1743663, 1392513, 1580587, 1396274, 1396587, 1744293, 1391532, 1453531, 1467321, 1450849]"
"GUARDEN-AMB-GV04-1-5-20240326","[1580587, 1743663, 1392513, 1744293, 1396274, 1453531, 1396587, 1743472, 1744473, 1391532]"
"GUARDEN-AMB-GV04-1-6-20240326","[1392513, 1453531, 1743663, 1391532, 1564370, 1580587, 1359546, 1744473, 1531432, 1396309]"
"GUARDEN-AMB-GV04-1-7-20240326","[1397386, 1743472, 1744473, 1743375, 1392513, 1738795, 1453531, 1563735, 1744293, 1395470]"
"GUARDEN-AMB-PR13-1-10-20240417","[1743663, 1357019, 1396274, 1647270, 1744473, 1502831, 1399019, 1580587, 1392511, 1743951]"
"GUARDEN-AMB-PR13-1-2-20240417","[1389535, 1396309, 1639681, 1738583, 1458029, 1502831, 1458364, 1743315, 1493662, 1396600]"
"GUARDEN-AMB-PR13-1-3-20240417","[1396309, 1651204, 1394765, 1502831, 1744035, 1362179, 1390392, 1492046, 1493662, 1737437]"
"GUARDEN-AMB-PR13-1-4-20240417","[1556901, 1738583, 1658600, 1498118, 1389508, 1357143, 1647164, 1394765, 1506481, 1499345]"
"GUARDEN-AMB-PR13-1-8-20240417","[1744526, 1743663, 1531432, 1639681, 1357019, 1359353, 1479220, 1392846, 1391774, 1741901]"
"GUARDEN-AMB-PR20-1-1-20240424","[1435507, 1363562, 1493558, 1452695, 1531432, 1425448, 1722432, 1473216, 1392846, 1737437]"
"GUARDEN-AMB-PR20-1-10-20240424","[1743663, 1578167, 1393498, 1560392, 1744207, 1744526, 1743537, 1392075, 1399768, 1396309]"
"GUARDEN-AMB-PR20-1-8-20240424","[1743537, 1391783, 1744473, 1493109, 1393498, 1744551, 1479531, 1651142, 1495474, 1357019]"
"GUARDEN-AMB-SA03-1-1-20240626","[1389242, 1531432, 1389586, 1358924, 1564370, 1647185, 1392291, 1743819, 1397779]"
"GUARDEN-AMB-SA03-1-10-20240626","[1360013, 1663341, 1639681, 1396587, 1495441, 1390421, 1389508, 1393261, 1513952, 1738583]"
"GUARDEN-AMB-SA03-1-2-20240626","[1531432, 1389586, 1647270, 1564370, 1389242, 1358924, 1743819, 1493109, 1392846, 1400079]"
"GUARDEN-AMB-SA03-1-3-20240626","[1452585, 1473216, 1396587, 1491514, 1743244, 1531432, 1391320, 1392256, 1744207, 1744293]"
"GUARDEN-AMB-SA03-1-4-20240626","[1531432, 1358924, 1645890, 1743244, 1391783, 1580587, 1743537, 1647270, 1499783, 1392846]"
"GUARDEN-AMB-SA03-1-5-20240626","[1531432, 1639681, 1743244, 1491514, 1743537, 1391783, 1396587, 1493109, 1358967, 1645890]"
"GUARDEN-AMB-SA03-1-9-20240626","[1580587, 1744473, 1743663, 1357143, 1743537, 1499783, 1363368, 1693472, 1744602, 1561314]"
"GUARDEN-AMB-VC03-1-3-20240417","[1743819, 1531432, 1392089, 1358924, 1397430, 1395074, 1392147, 1359353, 1391532, 1397447]"
"GUARDEN-AMB-VC03-1-4-20240417","[1531432, 1358924, 1397430, 1743819, 1392492, 1359353, 1392089, 1578167, 1392846, 1646126]"
"GUARDEN-AMB-VC03-1-5-20240417","[1391532, 1743663, 1389291, 1744473, 1396587, 1743507, 1743760, 1647270, 1392511, 1392258]"
"GUARDEN-AMB-VC03-1-6-20240417","[1391532, 1743663, 1357019, 1531432, 1578588, 1356407, 1489190, 1400079, 1392513, 1389291]"
"GUARDEN-CBNMed-10-1-16-34-20240429","[1693472, 1452695, 1743375, 1456747, 1744023, 1359546, 1425347, 1744316, 1495441, 1399730]"
"GUARDEN-CBNMed-10-10-17-19-20240429","[1744395, 1743449, 1744316, 1548249, 1684273, 1743448, 1425347, 1363422, 1664942, 1360672]"
"GUARDEN-CBNMed-10-5-16-55-20240429","[1743138, 1396762, 1742895, 1744035, 1359225, 1737490, 1522501, 1357102, 1744316, 1744352]"
"GUARDEN-CBNMed-10-6-17-02-20240429","[1564323, 1548249, 1392201, 1744035, 1743138, 1744316, 1389559, 1358568, 1741560, 1358123]"
"GUARDEN-CBNMed-10-7-17-05-20240429","[1548249, 1564323, 1561178, 1744035, 1744534, 1737490, 1744316, 1391400, 1688091, 1558398]"
"GUARDEN-CBNMed-10-8-17-11-20240429","[1744035, 1548249, 1744395, 1743448, 1744316, 1548487, 1513193, 1363422, 1360964, 1425347]"
"GUARDEN-CBNMed-10-9-17-16-20240429","[1548249, 1744035, 1743448, 1693472, 1744395, 1744316, 1425347, 1684273, 1363422, 1391802]"
"GUARDEN-CBNMed-14-3-9-45-20240429","[1744511, 1363823, 1502797, 1744867, 1561178, 1361354, 1360289, 1573648, 1744316, 1391459]"
"GUARDEN-CBNMed-14-4-9-49-20240429","[1744511, 1363823, 1743660, 1743138, 1744316, 1741661, 1561178, 1361354, 1684273, 1744673]"
"GUARDEN-CBNMed-14-9-10-09-20240429","[1363823, 1744511, 1684273, 1396762, 1617119, 1399082, 1392513, 1632937, 1360289, 1744316]"
"GUARDEN-CBNMed-15-10-12-17-20240429","[1741775, 1390225, 1393992, 1744551, 1400079, 1356845, 1722432, 1505488, 1359273, 1390055]"
"GUARDEN-CBNMed-15-5-11-44-20240429","[1400079, 1359273, 1392748, 1391783, 1357335, 1361398, 1646244, 1394330, 1357143, 1425097]"
"GUARDEN-CBNMed-15-7-12-02-20240429","[1390467, 1647823, 1400079, 1359273, 1390225, 1743297, 1647575, 1435507, 1425097, 1361147]"
"GUARDEN-CBNMed-15-9-12-15-20240429","[1722432, 1393992, 1390055, 1744551, 1399082, 1356845, 1359388, 1505488, 1744170, 1376496]"
"GUARDEN-CBNMed-16-1-13-37-20240429","[1744162, 1389017, 1564444, 1563748, 1564438, 1389814, 1480901, 1502939, 1361226, 1744218]"
"GUARDEN-CBNMed-16-10-14-33-20240429","[1744625, 1744218, 1502939, 1389017, 1587724, 1743443, 1744023, 1743375, 1359546, 1743371]"
"GUARDEN-CBNMed-16-2-13-45-20240429","[1744625, 1389017, 1390541, 1359546, 1744055, 1744489, 1743275]"
"GUARDEN-CBNMed-16-3-13-51-20240429","[1390541, 1359546, 1744489, 1744218, 1389017, 1502939, 1587724, 1744395, 1744055, 1737495]"
"GUARDEN-CBNMed-16-4-13-57-20240429","[1744218, 1359546, 1502939, 1453531, 1693472, 1737495, 1564354, 1564301, 1560392, 1743375]"
"GUARDEN-CBNMed-16-6-14-07-20240429","[1359546, 1389017, 1744218, 1457868, 1744625, 1502939, 1744389, 1743375, 1737495, 1389494]"
"GUARDEN-CBNMed-16-7-14-1-20240429","[1502939, 1743375, 1361001, 1453531, 1390822, 1457212, 1744035, 1744218, 1392513, 1564296]"
"GUARDEN-CBNMed-16-8-14-14-20240429","[1744023, 1743375, 1564444, 1664603, 1391459, 1693472, 1399397, 1744316, 1396587, 1587724]"
"GUARDEN-CBNMed-17-3-10-56-20240429","[1392477, 1739203, 1391070, 1360396, 1360321, 1362050, 1737490, 1359512, 1361100, 1556901]"
"GUARDEN-CBNMed-17-5-11-2-20240429","[1744473, 1744015, 1361100, 1360396, 1673309, 1744673, 1744041, 1396315, 1359512, 1617162]"
"GUARDEN-CBNMed-19-1-15-24-20240429","[1396059, 1399397, 1744170, 1398443, 1457212, 1389646, 1364156, 1495419, 1361147, 1517630]"
"GUARDEN-CBNMed-19-10-16-02-20240429","[1399397, 1396059, 1741775, 1739082, 1393992, 1390467, 1399082, 1493061, 1389291, 1357003]"
"GUARDEN-CBNMed-19-2-15-31-20240429","[1741775, 1647575, 1743786, 1359273, 1361466, 1361100, 1479524, 1363354, 1743814, 1737439]"
"GUARDEN-CBNMed-19-3-15-35-20240429","[1647575, 1389646, 1356811, 1493061, 1452695, 1389242, 1359273, 1363079, 1742956, 1479524]"
"GUARDEN-CBNMed-19-4-15-39-20240429","[1744673, 1647575, 1361100, 1390467, 1741775, 1722704, 1400079, 1389646, 1493061, 1502458]"
"GUARDEN-CBNMed-19-5-15-44-20240429","[1358326, 1389291, 1389646, 1399397, 1647575, 1396059, 1722704, 1396864, 1399082, 1741775]"
"GUARDEN-CBNMed-19-6-15-48-20240429","[1647575, 1741775, 1744673, 1744027, 1479524, 1452689, 1550197, 1742956, 1739082, 1722704]"
"GUARDEN-CBNMed-19-7-15-51-20240429","[1744027, 1744673, 1389080, 1479524, 1741775, 1389242, 1359273, 1389646, 1647575, 1550197]"
"GUARDEN-CBNMed-19-8-15-53-20240429","[1389646, 1647575, 1741775, 1479524, 1722704, 1744673, 1743931, 1400079, 1452689, 1744473]"
"GUARDEN-CBNMed-19-9-15-58-20240429","[1389646, 1389135, 1390467, 1743138, 1360780, 1550197, 1744673, 1637710, 1741775, 1396447]"
"GUARDEN-CBNMed-20-1-9-35-20240428","[1457868, 1400079, 1742070, 1391774, 1744418, 1357143, 1479220, 1389586, 1647270, 1563735]"
"GUARDEN-CBNMed-20-10-10-31-20240428","[1357143, 1743297, 1741758, 1400017, 1362998, 1743307, 1396447, 1399768, 1651322, 1479220]"
"GUARDEN-CBNMed-20-8-10-19-20240428","[1651322, 1473216, 1358459, 1742895, 1739203, 1744204, 1361263, 1722699, 1399768, 1400165]"
"GUARDEN-CBNMed-20-9-10-23-20240428","[1360321, 1743307, 1479220, 1743754, 1651322, 1739203, 1688110, 1473216, 1361100, 1392291]"
"GUARDEN-CBNMed-21-10-11-42-20240428","[1390055, 1743472, 1493662, 1744473, 1564370, 1737546, 1389983, 1363052, 1389508, 1390225]"
"GUARDEN-CBNMed-21-2-11-07-20240428","[1357143, 1495441, 1479220, 1452585, 1564370, 1744207, 1392330, 1744473, 1548182, 1390225]"
"GUARDEN-CBNMed-21-3-11-09-20240428","[1744023, 1495441, 1693472, 1361464, 1357143, 1587724, 1390467, 1741775, 1744473, 1550197]"
"GUARDEN-CBNMed-21-6-11-17-20240428","[1510341, 1364156, 1355894, 1389057, 1361464, 1495441, 1564370, 1400079, 1664603, 1479524]"
"GUARDEN-CBNMed-21-8-11-23-20240428","[1357143, 1355894, 1744473, 1395514, 1393503, 1389687, 1548182, 1743365, 1495441, 1737490]"
"GUARDEN-CBNMed-21-9-11-32-20240428","[1564370, 1356419, 1389017, 1653037, 1457868, 1389291, 1390055, 1360396, 1493662, 1563697]"
"GUARDEN-CBNMed-22-1-13-39-20240428","[1393887, 1452695, 1360036, 1360039, 1744473, 1513980, 1743931, 1360009, 1359822, 1363434]"
"GUARDEN-CBNMed-22-10-14-48-20240428","[1393548, 1743244, 1359796, 1580588, 1580587, 1452695, 1744534, 1452689, 1721005, 1647166]"
"GUARDEN-CBNMed-22-2-14-05-20240428","[1393574, 1663341, 1389494, 1578145, 1359407, 1395470, 1398792, 1564330, 1393573, 1744509]"
"GUARDEN-CBNMed-22-5-14-21-20240428","[1744509, 1744365, 1400017, 1393548, 1393574, 1489106, 1398792, 1502800, 1452585, 1452695]"
"GUARDEN-CBNMed-22-6-14-23-20240428","[1744509, 1393574, 1400017, 1452695, 1502800, 1398792, 1389494, 1452585, 1663341, 1744365]"
"GUARDEN-CBNMed-22-7-14-25-20240428","[1393574, 1357019, 1452585, 1392330, 1393573, 1400017, 1578145, 1744509, 1492739, 1632950]"
"GUARDEN-CBNMed-22-9-14-42-20240428","[1452585, 1580588, 1744857, 1393548, 1738583, 1744509, 1743819, 1563697, 1493722, 1743663]"
"GUARDEN-CBNMed-23-1-9-56-20240428","[1452695, 1744473, 1359822, 1744041, 1743507, 1390899, 1392258, 1743472, 1492519, 1452585]"
"GUARDEN-CBNMed-23-10-10-42-20240428","[1693472, 1564370, 1389508, 1360655, 1737490, 1493082, 1400074, 1548249, 1580588, 1495399]"
"GUARDEN-CBNMed-23-3-10-14-20240428","[1548249, 1580588, 1502458, 1400074, 1563748, 1495441, 1499783, 1395608, 1360655, 1360036]"
"GUARDEN-CBNMed-23-4-10-17-20240428","[1564646, 1564301, 1580588, 1360036, 1502458, 1362502, 1562413, 1502831, 1400074, 1395608]"
"GUARDEN-CBNMed-23-5-10-21-20240428","[1502458, 1502831, 1358934, 1452585, 1743819, 1580588, 1400074, 1399777, 1394330, 1389508]"
"GUARDEN-CBNMed-23-6-10-24-20240428","[1647348, 1399777, 1562413, 1744055, 1744218, 1502458, 1359546, 1744023, 1744366, 1361354]"
"GUARDEN-CBNMed-23-7-10-28-20240428","[1743218, 1392330, 1647348, 1399777, 1743814, 1744055, 1502458, 1744041, 1396059, 1395608]"
"GUARDEN-CBNMed-23-8-10-34-20240428","[1564370, 1737490, 1693472, 1580588, 1498118, 1362502, 1389559, 1400074, 1510341, 1673309]"
"GUARDEN-CBNMed-23-9-10-39-20240428","[1693472, 1564370, 1389559, 1737490, 1743218, 1673309, 1498118, 1548249, 1564301, 1743983]"
"GUARDEN-CBNMed-24-10-13-06-20240428","[1651322, 1744473, 1394672, 1457868, 1647291, 1392258, 1393952, 1722432, 1389291, 1359822]"
"GUARDEN-CBNMed-24-2-12-04-20240428","[1744534, 1398740, 1359273, 1744473, 1744207, 1400079, 1435507, 1744865, 1457212]"
"GUARDEN-CBNMed-24-3-12-15-20240428","[1744035, 1502123, 1357335, 1647164, 1647154, 1389291, 1389508, 1392488, 1480138, 1548249]"
"GUARDEN-CBNMed-24-5-12-36-20240428","[1647150, 1389291, 1550197, 1744233, 1743714, 1502123, 1393979, 1481963, 1492519, 1391644]"
"GUARDEN-CBNMed-24-6-12-46-20240428","[1502123, 1495441, 1744473, 1356800, 1357335, 1391644, 1523006, 1744008, 1739203, 1479524]"
"GUARDEN-CBNMed-24-7-12-54-20240428","[1744473, 1744534, 1452689, 1388921, 1400079, 1394330, 1548249, 1479530, 1397386, 1396599]"
"GUARDEN-CBNMed-24-8-14-58-20240428","[1744473, 1479530, 1388921, 1647291, 1395608, 1646045, 1647150, 1744389, 1663341, 1393952]"
"GUARDEN-CBNMed-24-9-13-02-20240428","[1744473, 1742054, 1479530, 1502540, 1722432, 1388921, 1647291, 1389291, 1744207, 1561314]"
"GUARDEN-CBNMed-25-1-13-52-20240428","[1561314, 1456747, 1457868, 1389017, 1396242, 1744076, 1390270, 1578167, 1394915, 1744618]"
"GUARDEN-CBNMed-25-10-14-49-20240428","[1388921, 1507182, 1513980, 1357028, 1392488, 1495399, 1744534, 1393498, 1651358, 1364156]"
"GUARDEN-CBNMed-25-2-13-57-20240428","[1744473, 1395074, 1394330, 1393952, 1389017, 1647291, 1479530, 1479671, 1457868, 1743931]"
"GUARDEN-CBNMed-25-3-14-06-20240428","[1578167, 1388921, 1400154, 1493082, 1743931, 1405355, 1739203, 1561314, 1393174, 1362136]"
"GUARDEN-CBNMed-25-4-14-15-20240428","[1388921, 1507182, 1743890, 1389291, 1392291, 1398740, 1645893, 1358830, 1523343, 1479530]"
"GUARDEN-CBNMed-25-7-14-28-20240428","[1390467, 1739082, 1693472, 1742895, 1647164, 1744316, 1363823, 1393887, 1744673, 1744389]"
"GUARDEN-CBNMed-25-8-14-39-20240428","[1507182, 1513980, 1647164, 1388921, 1492046, 1359273, 1393498, 1744384, 1664603, 1739082]"
"GUARDEN-CBNMed-25-9-14-43-20240428","[1647164, 1513980, 1664603, 1389983, 1495399, 1495441, 1397386, 1399083, 1492046, 1744008]"
"GUARDEN-CBNMed-26-10-10-01-20240428","[1393261, 1663341, 1364156, 1651013, 1513980, 1356845, 1397386, 1743927, 1477930, 1396587]"
"GUARDEN-CBNMed-26-6-9-34-20240428","[1356845, 1744497, 1502458, 1392258, 1452585, 1452695, 1550197, 1450849, 1744293, 1741985]"
"GUARDEN-CBNMed-26-8-9-45-20240428","[1522573, 1563230, 1400162, 1743639, 1358924, 1744063, 1743663, 1389250, 1502797, 1493109]"
"GUARDEN-CBNMed-26-9-9-48-20240428","[1389250, 1394414, 1744489, 1563230, 1743665, 1580587, 1479531, 1358924, 1531432, 1744602]"
"GUARDEN-CBNMed-27-1-11-17-20240428","[1561314, 1452695, 1647575, 1737437, 1663341, 1743977, 1396290, 1647173, 1356800, 1737439]"
"GUARDEN-CBNMed-27-10-11-55-20240428","[1452695, 1658600, 1737489, 1396527, 1394915, 1502540, 1647348, 1744316, 1743275, 1358123]"
"GUARDEN-CBNMed-27-2-11-32-20240428","[1452695, 1744207, 1744392, 1452284, 1391352, 1647575, 1628867, 1744366, 1617119, 1465444]"
"GUARDEN-CBNMed-27-3-11-36-20240428","[1389494, 1359407, 1452585, 1393574, 1743275, 1739203, 1743612, 1578145, 1480901, 1744509]"
"GUARDEN-CBNMed-27-4-11-39-20240428","[1522501, 1400017, 1744509, 1743308, 1360396, 1399273, 1363354, 1359407, 1651322, 1392513]"
"GUARDEN-CBNMed-27-5-11-4-20240428","[1522501, 1400017, 1360396, 1363354, 1359407, 1744509, 1452585, 1392291, 1357143, 1399273]"
"GUARDEN-CBNMed-27-6-11-42-20240428","[1400017, 1393574, 1389494, 1744509, 1452585, 1738583, 1632950, 1663341, 1360907, 1399273]"
"GUARDEN-CBNMed-27-7-11-43-20240428","[1744509, 1393574, 1744365, 1360815, 1398792, 1743308, 1398988, 1744027, 1392513, 1688110]"
"GUARDEN-CBNMed-27-8-11-45-20240428","[1393574, 1744509, 1389494, 1663341, 1398792, 1744365, 1400017, 1578145, 1390421, 1363354]"
"GUARDEN-CBNMed-27-9-11-47-20240428","[1647348, 1452695, 1358880, 1392317, 1505488, 1389242, 1647575, 1744534, 1358123, 1452284]"
"GUARDEN-CBNMed-28-1-12-46-20240428","[1393574, 1744509, 1663341, 1400017, 1389494, 1744316, 1452585, 1390541, 1357143, 1693472]"
"GUARDEN-CBNMed-28-10-13-23-20240428","[1693472, 1564296, 1495441, 1396279, 1398988, 1392452, 1363354, 1495399, 1558601, 1393548]"
"GUARDEN-CBNMed-28-2-12-48-20240428","[1393574, 1393548, 1397833, 1361306, 1452695, 1452585, 1669616, 1393573, 1739203, 1744509]"
"GUARDEN-CBNMed-28-3-12-51-20240428","[1393574, 1744509, 1578145, 1391802, 1663341, 1363354, 1361306, 1400017, 1358093, 1743472]"
"GUARDEN-CBNMed-28-4-12-52-20240428","[1563697, 1391352, 1578145, 1393574, 1493722, 1580588, 1564317, 1744509, 1393548, 1399730]"
"GUARDEN-CBNMed-28-5-13-02-20240428","[1452695, 1560392, 1435507, 1722704, 1564317, 1647348, 1362502, 1505488, 1744027, 1742895]"
"GUARDEN-CBNMed-28-6-13-06-20240428","[1493722, 1744418, 1564457, 1357864, 1744865, 1396279, 1693472, 1393548, 1479520, 1564323]"
"GUARDEN-CBNMed-28-7-13-11-20240428","[1393548, 1363167, 1744418, 1693472, 1357143, 1622910, 1389494, 1389806, 1363354, 1356765]"
"GUARDEN-CBNMed-28-8-13-14-20240428","[1743308, 1393548, 1495441, 1693472, 1357143, 1396279, 1363167, 1456747, 1356765, 1591002]"
"GUARDEN-CBNMed-28-9-13-17-20240428","[1744857, 1669616, 1738887, 1393548, 1563697, 1363167, 1399730, 1363354, 1493722, 1452695]"
"GUARDEN-CBNMed-29-6-14-31-20240428","[1358537, 1647270, 1744715, 1396600, 1358924, 1743244, 1356581, 1639681, 1513498, 1737653]"
"GUARDEN-CBNMed-29-7-14-34-20240428","[1396600, 1356581, 1744715, 1398740, 1392159, 1663341, 1743244, 1647270, 1358537, 1513498]"
"GUARDEN-CBNMed-30-1-16-07-20240428","[1545581, 1513498, 1394765, 1392075, 1548249, 1360009, 1358523, 1390421, 1362179, 1392928]"
"GUARDEN-CBNMed-30-10-16-41-20240428","[1389535, 1743244, 1358924, 1392755, 1392182, 1499783, 1639681, 1396587, 1360675, 1356001]"
"GUARDEN-CBNMed-30-2-16-23-20240428","[1358924, 1499783, 1531432, 1394330, 1363062, 1744489, 1743244, 1355977, 1493714, 1743665]"
"GUARDEN-CBNMed-30-4-16-3-20240428","[1357713, 1513980, 1364156, 1743427, 1522444, 1358523, 1391320, 1522501, 1743814, 1743980]"
"GUARDEN-CBNMed-30-6-16-34-20240428","[1358924, 1398443, 1357713, 1743980, 1389250, 1744602, 1580587, 1396447, 1359833, 1358523]"
"GUARDEN-CBNMed-30-7-16-35-20240428","[1358924, 1398443, 1359833, 1513980, 1396587, 1357713, 1743814, 1743980, 1389250, 1358523]"
"GUARDEN-CBNMed-30-8-16-37-20240428","[1513980, 1358924, 1398443, 1492046, 1522501, 1358523, 1360539, 1396587, 1389250, 1563807]"
"GUARDEN-CBNMed-30-9-16-4-20240428","[1358924, 1392182, 1513980, 1396587, 1394330, 1360675, 1361768, 1389250, 1744309, 1357713]"
"GUARDEN-CBNMed-31-1-9-37-20240428","[1741775, 1739203, 1744154, 1561314, 1357143, 1363354, 1743714, 1390349, 1743927, 1400017]"
"GUARDEN-CBNMed-31-10-10-06-20240428","[1356349, 1389535, 1361200, 1722445, 1639681, 1493662, 1741901, 1394765, 1360525, 1392256]"
"GUARDEN-CBNMed-31-2-9-4-20240428","[1743819, 1477139, 1363368, 1394765, 1358596, 1743537, 1393573, 1396762, 1744483, 1392470]"
"GUARDEN-CBNMed-31-3-9-44-20240428","[1359353, 1743663, 1744021, 1363751, 1357143, 1399048, 1390421, 1479531, 1646264, 1393770]"
"GUARDEN-CBNMed-31-4-9-48-20240428","[1393573, 1398443, 1477139, 1356560, 1357143, 1743537, 1396762, 1393770, 1394765, 1396309]"
"GUARDEN-CBNMed-31-5-9-51-20240428","[1359353, 1393770, 1743663, 1651204, 1399048, 1392513, 1564317, 1561314, 1355977, 1744015]"
"GUARDEN-CBNMed-31-6-9-54-20240428","[1722704, 1739163, 1738795, 1744021, 1363882, 1493109, 1393770, 1389135, 1393965, 1356349]"
"GUARDEN-CBNMed-31-7-9-56-20240428","[1456747, 1639681, 1743375, 1744015, 1743317, 1550198, 1457311, 1389535, 1457187, 1361464]"
"GUARDEN-CBNMed-31-8-10-20240428","[1564370, 1499783, 1564310, 1564317, 1744154, 1389401, 1358924, 1522573, 1359032, 1744070]"
"GUARDEN-CBNMed-31-9-10-02-20240428","[1389535, 1389646, 1744021, 1356349, 1394765, 1481963, 1360525, 1492046, 1493109, 1361200]"
"GUARDEN-CBNMed-32-1-11-46-20240428","[1743406, 1564370, 1722699, 1744154, 1518934, 1647161, 1744049, 1743308, 1389250, 1743639]"
"GUARDEN-CBNMed-32-10-13-12-20240428","[1744021, 1741775, 1564370, 1637710, 1396447, 1588764, 1389646, 1363751, 1396309, 1647161]"
"GUARDEN-CBNMed-32-2-11-58-20240428","[1564370, 1564317, 1564259, 1722699, 1744154, 1564310, 1360746, 1493082, 1744551, 1499783]"
"GUARDEN-CBNMed-32-3-12-01-20240428","[1564370, 1744154, 1499783, 1564317, 1564310, 1743567, 1396600, 1359032, 1456505, 1389535]"
"GUARDEN-CBNMed-32-4-12-12-20240428","[1564370, 1744154, 1499783, 1722699, 1564317, 1564310, 1456505, 1744473, 1743567, 1647161]"
"GUARDEN-CBNMed-32-9-13-07-20240428","[1741775, 1744021, 1396309, 1744041, 1739203, 1560392, 1361363, 1743754, 1396447, 1389814]"
"GUARDEN-CBNMed-33-1-14-48-20240428","[1389250, 1744526, 1743426, 1722699, 1518932, 1744162, 1743639, 1744049, 1357858, 1518934]"
"GUARDEN-CBNMed-33-10-15-59-20240428","[1561314, 1357019, 1356967, 1356796, 1360973, 1744795, 1360418, 1502831, 1502948, 1744497]"
"GUARDEN-CBNMed-33-2-15-01-20240428","[1664444, 1389242, 1399082, 1743748, 1394349, 1393992, 1400079, 1628783, 1389250, 1743406]"
"GUARDEN-CBNMed-33-3-15-04-20240428","[1743406, 1357858, 1744049, 1743308, 1518934, 1456747, 1647161, 1743507, 1518932, 1389250]"
"GUARDEN-CBNMed-33-4-15-26-20240428","[1743537, 1390421, 1391783, 1356796, 1741775, 1742895, 1357019, 1744795, 1356800, 1502458]"
"GUARDEN-CBNMed-33-5-15-29-20240428","[1399082, 1741775, 1743639, 1389250, 1360907, 1394349, 1744526, 1396628, 1389400, 1399929]"
"GUARDEN-CBNMed-33-6-15-36-20240428","[1389250, 1427718, 1560392, 1400079, 1357858, 1360907, 1456747, 1356349, 1744306, 1396309]"
"GUARDEN-CBNMed-33-7-15-43-20240428","[1399589, 1743639, 1493662, 1356811, 1389342, 1393770, 1564466, 1396447, 1645893, 1502831]"
"GUARDEN-CBNMed-33-8-15-5-20240428","[1743406, 1744049, 1389250, 1742074, 1399929, 1739066, 1743315, 1518937, 1743748, 1743639]"
"GUARDEN-CBNMed-33-9-15-56-20240428","[1722704, 1518932, 1743406, 1647185, 1389242, 1393965, 1427718, 1391783]"
"GUARDEN-CBNMed-38-1-12-58-20240428","[1637411, 1358888, 1362447, 1390426, 1392892, 1578111, 1502797, 1610794, 1637419, 1425347]"
"GUARDEN-CBNMed-38-4-14-39-20240428","[1637411, 1637419, 1360746, 1362447, 1563814, 1358888, 1392147, 1398988, 1392114, 1564287]"
"GUARDEN-CBNMed-38-6-15-04-20240428","[1637419, 1637411, 1564555, 1358888, 1360746, 1563814, 1390225, 1743405, 1392147, 1578111]"
"GUARDEN-CBNMed-39-10-12-02-20240531","[1495441, 1617119, 1744041, 1741775, 1490238, 1510341, 1396279, 1739203, 1473216, 1737488]"
"GUARDEN-CBNMed-39-7-11-3-20240531","[1473216, 1400165, 1391400, 1743933, 1743515, 1396279, 1564438, 1495441, 1743472, 1395645]"
"GUARDEN-CBNMed-39-8-11-39-20240531","[1744041, 1361100, 1495441, 1473216, 1400165, 1391400, 1360289, 1396279, 1647154, 1743933]"
"GUARDEN-CBNMed-39-9-11-5-20240531","[1357143, 1396279, 1495441, 1473216, 1573648, 1510341, 1513956, 1390467, 1744396, 1693472]"
"GUARDEN-CBNMed-44-7-12-03-20240629","[1531432, 1502797, 1453529, 1622910, 1647155, 1398820, 1667780, 1743933, 1744241, 1392291]"
"GUARDEN-CBNMed-5-1-12-38-20240430","[1502797, 1647154, 1405355, 1744473, 1530979, 1610791, 1393992, 1743326, 1398781, 1744003]"
"GUARDEN-CBNMed-5-10-13-32-20240430","[1530979, 1647154, 1502797, 1358547, 1393992, 1405355, 1744384, 1490238, 1744003, 1744473]"
"GUARDEN-CBNMed-5-2-12-45-20240430","[1530979, 1744473, 1743922, 1722566, 1405355, 1722704, 1502797, 1741775, 1357143, 1744384]"
"GUARDEN-CBNMed-5-3-12-56-20240430","[1530979, 1405355, 1741908, 1358547, 1741775, 1393992, 1722704, 1558278, 1744384, 1563697]"
"GUARDEN-CBNMed-5-4-13-20240430","[1358547, 1741775, 1405355, 1502797, 1492739, 1632939, 1744384, 1361446, 1744003, 1688091]"
"GUARDEN-CBNMed-5-5-13-04-20240430","[1502797, 1530979, 1396523, 1741775, 1741908, 1361446, 1610791, 1358547, 1744473, 1364147]"
"GUARDEN-CBNMed-5-6-13-07-20240430","[1502797, 1530979, 1744473, 1744384, 1722704, 1393992, 1647154, 1490238, 1741908, 1744677]"
"GUARDEN-CBNMed-5-7-13-17-20240430","[1502797, 1530979, 1647154, 1358547, 1361446, 1744473, 1673309, 1492739, 1744384, 1743656]"
"GUARDEN-CBNMed-5-8-13-22-20240430","[1502797, 1435507, 1647154, 1744473, 1530979, 1405355, 1490238, 1647575, 1744003, 1632939]"
"GUARDEN-CBNMed-5-9-13-27-20240430","[1647154, 1502797, 1393992, 1744473, 1743447, 1478565, 1358547, 1744003, 1396523, 1610791]"
"GUARDEN-CBNMed-6-9-15-28-20240430","[1394330, 1393573, 1722704, 1744531, 1392291, 1398374, 1502540, 1492739, 1396279, 1389446]"
"GUARDEN-CBNMed-8-10-12-59-20240429","[1548249, 1743448, 1684273, 1548487, 1744035, 1360672, 1396294, 1425347, 1359081, 1393087]"
"GUARDEN-CBNMed-8-4-12-33-20240429","[1587724, 1744625, 1743525, 1502057, 1392258, 1392513, 1744035, 1359546, 1744218, 1564259]"
"GUARDEN-CBNMed-8-8-12-51-20240429","[1744625, 1744395, 1744218, 1364090, 1389017, 1359546, 1743931, 1355952, 1361000, 1432776]"
"GUARDEN-CBNMed-8-9-12-56-20240429","[1743448, 1684273, 1548249, 1742895, 1744035, 1425347, 1744625, 1744395, 1394625, 1363362]"
"GUARDEN-CBNMed-9-10-16-16-20240429","[1482049, 1390541, 1744489, 1744395, 1391802, 1392258, 1355952, 1359546, 1425347, 1394625]"
"GUARDEN-CBNMed-9-2-15-46-20240429","[1693472, 1744316, 1564296, 1398988, 1743931, 1652252, 1425347, 1743472, 1744035, 1743101]"
"GUARDEN-CBNMed-9-6-16-04-20240429","[1743448, 1548487, 1744035, 1548249, 1356576, 1739072, 1394625, 1363422, 1396294, 1360672]"
"GUARDEN-CBNMed-9-7-16-06-20240429","[1548249, 1744395, 1744035, 1547096, 1664942, 1743448, 1684273, 1513193, 1358568, 1743138]"
"GUARDEN-CBNMed-9-8-16-08-20240429","[1358568, 1547096, 1548249, 1664942, 1743449, 1744395, 1453531, 1482049, 1513193, 1392772]"
"GUARDEN-CBNMed-9-9-16-14-20240429","[1394625, 1744395, 1355952, 1390541, 1743448, 1391802, 1622910, 1647348, 1453529, 1744625]"
"LISAH-BOU-0-10-20230523","[1743951, 1359418, 1495474, 1393992, 1556685, 1722445, 1356349, 1743958, 1394063, 1363055]"
"LISAH-BOU-0-101-20240425","[1359353, 1392147, 1392513, 1742050, 1743819, 1477194, 1363041, 1744473, 1573648, 1361266]"
"LISAH-BOU-0-104-20240502","[1393462, 1359228, 1398374, 1456505, 1383635, 1496696, 1479766, 1743748, 1392229, 1390535]"
"LISAH-BOU-0-105-20240502","[1359228, 1393462, 1456505, 1479766, 1398374, 1743748, 1396007, 1383635, 1361147, 1522444]"
"LISAH-BOU-0-108-20240502","[1456505, 1398374, 1359228, 1393462, 1359800, 1496696, 1458029, 1673309, 1490238, 1398764]"
"LISAH-BOU-0-109-20240502","[1392229, 1647155, 1362752, 1744224, 1396691, 1666441, 1390534, 1458029, 1358432, 1400162]"
"LISAH-BOU-0-110-20240502","[1666441, 1673285, 1398374, 1664603, 1729566, 1393462, 1743905, 1360372, 1360655, 1743748]"
"LISAH-BOU-0-111-20240502","[1477194, 1398374, 1666441, 1393462, 1359228, 1490238, 1360907, 1396007, 1479766, 1739066]"
"LISAH-BOU-0-113-20240502","[1393462, 1359228, 1744224, 1477194, 1456505, 1666441, 1396007, 1398374, 1392147, 1391111]"
"LISAH-BOU-0-114-20240502","[1477194, 1392494, 1666441, 1722704, 1741908, 1729566, 1392477, 1664940, 1741775, 1396007]"
"LISAH-BOU-0-117-20240502","[1392494, 1666441, 1392477, 1392488, 1360372, 1513193, 1729566, 1392482, 1669454, 1744473]"
"LISAH-BOU-0-118-20240502","[1550154, 1663927, 1490238, 1389233, 1744208, 1739066, 1390362, 1744224, 1400074, 1563814]"
"LISAH-BOU-0-14-20230511","[1389557, 1722445, 1361263, 1424343, 1400079, 1361200, 1744473, 1392748, 1363368, 1743472]"
"LISAH-BOU-0-15-20230511","[1359388, 1473216, 1361147, 1357143, 1390225, 1743472, 1435507, 1743515, 1744811, 1392264]"
"LISAH-BOU-0-153-20240502","[1722704, 1393992, 1435507, 1737439, 1393668, 1492055, 1405355, 1390225, 1743297, 1396059]"
"LISAH-BOU-0-154-20240502","[1687979, 1738795, 1505542, 1550154, 1743537, 1741775, 1390225, 1744027, 1744224, 1617119]"
"LISAH-BOU-0-157-20240502","[1687979, 1550154, 1390467, 1617119, 1743315, 1743317, 1396565, 1362133, 1479524, 1356001]"
"LISAH-BOU-0-16-20230511","[1359418, 1358933, 1743958, 1360907, 1477930, 1583450, 1743951, 1359157, 1744483, 1490238]"
"LISAH-BOU-0-160-20240502","[1687979, 1393992, 1392581, 1550154, 1359273, 1357335, 1741677, 1452695, 1687895, 1358670]"
"LISAH-BOU-0-163-20240502","[1550154, 1687979, 1493449, 1362133, 1356950, 1359273, 1393826, 1357102, 1550197, 1389448]"
"LISAH-BOU-0-164-20240502","[1743317, 1398781, 1687979, 1558601, 1744021, 1399083, 1505542, 1637710, 1493714, 1456747]"
"LISAH-BOU-0-165-20240502","[1658600, 1558601, 1617119, 1646671, 1550197, 1390426, 1397256, 1435507, 1357543, 1489237]"
"LISAH-BOU-0-167-20240502","[1392341, 1393544, 1742242, 1363738, 1617109, 1744384, 1743544, 1405355, 1394765, 1393353]"
"LISAH-BOU-0-168-20240502","[1742242, 1405355, 1394765, 1744384, 1359273, 1362133, 1389233, 1743544, 1743244, 1357858]"
"LISAH-BOU-0-170-20240502","[1742242, 1739203, 1617109, 1360712, 1359512, 1392612, 1363738, 1744021, 1357858, 1647164]"
"LISAH-BOU-0-171-20240502","[1357335, 1744021, 1362113, 1399083, 1394330, 1489190, 1360712, 1743227, 1392341, 1502086]"
"LISAH-BOU-0-172-20240502","[1744021, 1392341, 1742242, 1502086, 1573648, 1357335, 1742773, 1393544, 1394053, 1502057]"
"LISAH-BOU-0-173-20240502","[1362133, 1356950, 1399048, 1392089, 1359639, 1513498, 1742242, 1392194, 1398247, 1359174]"
"LISAH-BOU-0-174-20240502","[1742242, 1405355, 1392341, 1743544, 1357507, 1744384, 1617119, 1472691, 1394765, 1530979]"
"LISAH-BOU-0-175-20240502","[1617109, 1739203, 1742242, 1360712, 1394765, 1392341, 1389233, 1743544, 1493714, 1393353]"
"LISAH-BOU-0-183-20240502","[1742242, 1360712, 1744021, 1744207, 1743227, 1360655, 1435579, 1405355, 1359174, 1362752]"
"LISAH-BOU-0-187-20240502","[1742242, 1743227, 1359174, 1405355, 1394765, 1393573, 1744352, 1739203, 1435579, 1743315]"
"LISAH-BOU-0-191-20240502","[1722704, 1741775, 1405355, 1397484, 1358547, 1390225, 1481281, 1394330, 1492739, 1722445]"
"LISAH-BOU-0-2-20240425","[1393462, 1522444, 1495399, 1395268, 1456505, 1396059, 1398374, 1563814, 1453531, 1490238]"
"LISAH-BOU-0-24-20230512","[1668694, 1669454, 1360655, 1668744, 1666441, 1457868, 1744076, 1390132, 1395470, 1741922]"
"LISAH-BOU-0-24-20240425","[1668694, 1687979, 1743255, 1673309, 1396309, 1743317, 1738583, 1356001, 1573648, 1356950]"
"LISAH-BOU-0-25-20230512","[1666441, 1669454, 1362050, 1668694, 1392147, 1738582, 1741922, 1390132, 1389242, 1743714]"
"LISAH-BOU-0-25-20230711","[1390225, 1722432, 1362682, 1502540, 1361263, 1741560, 1647823, 1473216, 1359512, 1563230]"
"LISAH-BOU-0-28-20240425","[1668694, 1669454, 1744076, 1669246, 1741922, 1668976, 1392494, 1397349, 1457868, 1669567]"
"LISAH-BOU-0-29-20230523","[1392177, 1502540, 1473216, 1666441, 1390225, 1392291, 1395504, 1396007, 1741775, 1391802]"
"LISAH-BOU-0-29-20230621","[1667093, 1744233, 1392477, 1502540, 1457311, 1360827, 1673309, 1357003, 1744224, 1390270]"
"LISAH-BOU-0-29-20240425","[1668694, 1669454, 1669246, 1741922, 1673309, 1457868, 1398247, 1668976, 1481281, 1390132]"
"LISAH-BOU-0-3-20230721","[1564370, 1744473, 1646043, 1502540, 1392488, 1647575, 1744208, 1389242, 1389950, 1452689]"
"LISAH-BOU-0-30-20230512","[1550154, 1668694, 1687979, 1669454, 1673309, 1550197, 1395445, 1669246, 1653037, 1741922]"
"LISAH-BOU-0-30-20240425","[1669454, 1668694, 1738582, 1513498, 1687979, 1669246, 1743317, 1558601, 1673309, 1741922]"
"LISAH-BOU-0-31-20230919","[1564370, 1391802, 1563697, 1389242, 1743525, 1479220, 1392282, 1744473, 1502540, 1358933]"
"LISAH-BOU-0-31-20240425","[1687979, 1669454, 1743317, 1361517, 1481281, 1356950, 1741922, 1673309, 1668694, 1450849]"
"LISAH-BOU-0-32-20230516","[1472691, 1394851, 1390865, 1531432, 1523343, 1493662, 1647185, 1398781, 1392159, 1744023]"
"LISAH-BOU-0-32-20240425","[1743317, 1361517, 1669454, 1363216, 1397349, 1450849, 1550198, 1687979, 1673309, 1356950]"
"LISAH-BOU-0-34-20230516","[1392291, 1393992, 1390055, 1356708, 1743472, 1391802, 1452695, 1531137, 1744241, 1390225]"
"LISAH-BOU-0-35-20240425","[1356001, 1687979, 1362098, 1457212, 1363216, 1669454, 1356950, 1673309, 1741752, 1361517]"
"LISAH-BOU-0-36-20240425","[1743317, 1363216, 1687979, 1457187, 1360613, 1722432, 1550154, 1450849, 1356950, 1400074]"
"LISAH-BOU-0-37-20230512","[1744536, 1357446, 1744076, 1738830, 1472691, 1359546, 1390535, 1457868, 1744635, 1391408]"
"LISAH-BOU-0-37-20240425","[1743317, 1457187, 1361517, 1652252, 1397349, 1359800, 1663927, 1457212, 1668976, 1744076]"
"LISAH-BOU-0-38-20230516","[1360907, 1673309, 1550197, 1502540, 1502922, 1358830, 1653037, 1622910, 1550154, 1743315]"
"LISAH-BOU-0-39-20230512","[1357446, 1390160, 1738585, 1481281, 1393743, 1673309, 1744471, 1669173, 1667093, 1668694]"
"LISAH-BOU-0-4-20230511","[1361263, 1744473, 1361200, 1361444, 1425569, 1370637, 1495474, 1357143, 1564370, 1362133]"
"LISAH-BOU-0-4-20230711","[1573648, 1563496, 1614893, 1647823, 1393462, 1360382, 1356581, 1362050, 1744509, 1358523]"
"LISAH-BOU-0-4-20240425","[1687979, 1550263, 1550154, 1362133, 1358670, 1738583, 1738786, 1398781, 1617119, 1363354]"
"LISAH-BOU-0-40-20230512","[1744076, 1743317, 1687979, 1673309, 1360678, 1669454, 1744536, 1741752, 1363267, 1390270]"
"LISAH-BOU-0-40-20240425","[1668694, 1481281, 1669454, 1392331, 1673309, 1395620, 1737423, 1741922, 1456747, 1395470]"
"LISAH-BOU-0-41-20230512","[1738585, 1360827, 1687979, 1669173, 1435579, 1425200, 1356476, 1390160, 1743255, 1359800]"
"LISAH-BOU-0-42-20230511","[1359512, 1502540, 1390225, 1741775, 1564370, 1738961, 1744473, 1558601, 1391802, 1395445]"
"LISAH-BOU-0-43-20230512","[1359014, 1687979, 1495474, 1457311, 1583450, 1360185, 1550198, 1743317, 1744483, 1667093]"
"LISAH-BOU-0-44-20240425","[1389233, 1392229, 1392175, 1744207, 1361147, 1362133, 1390467, 1741562, 1687979, 1360907]"
"LISAH-BOU-0-5-20230512","[1456505, 1393462, 1495399, 1396059, 1395268, 1479766, 1502217, 1743748, 1398374, 1739066]"
"LISAH-BOU-0-5-20230711","[1473216, 1743472, 1668689, 1361147, 1573648, 1392298, 1741554, 1741901, 1362447, 1614893]"
"LISAH-BOU-0-50-20230512","[1398781, 1389233, 1744207, 1360473, 1363079, 1360525, 1390467, 1357581, 1394696, 1663341]"
"LISAH-BOU-0-52-20230512","[1392229, 1498118, 1396242, 1363368, 1392194, 1400079, 1359822, 1669246, 1358432, 1393992]"
"LISAH-BOU-0-54-20230512","[1394696, 1502831, 1744857, 1393062, 1687979, 1492046, 1513980, 1390467, 1741701, 1397386]"
"LISAH-BOU-0-55-20230512","[1392194, 1392229, 1669246, 1398247, 1363354, 1358862, 1498118, 1394330, 1360525, 1396587]"
"LISAH-BOU-0-56-20230512","[1392229, 1393261, 1394330, 1743544, 1389233, 1390467, 1397386, 1742242, 1361374, 1392175]"
"LISAH-BOU-0-58-20230512","[1392291, 1394696, 1400079, 1738785, 1744207, 1744473, 1361170, 1646126, 1562548, 1399082]"
"LISAH-BOU-0-6-20240425","[1479766, 1393992, 1456505, 1393462, 1395268, 1495399, 1522444, 1398374, 1392928, 1358547]"
"LISAH-BOU-0-63-20230512","[1362181, 1399490, 1502831, 1359352, 1744473, 1398740, 1356796, 1545581, 1400079, 1646126]"
"LISAH-BOU-0-65-20230512","[1397386, 1389242, 1394765, 1359796, 1392175, 1744602, 1363368, 1389557, 1362179, 1399187]"
"LISAH-BOU-0-75-20230516","[1397802, 1391802, 1743472, 1361147, 1743515, 1390225, 1548389, 1359388, 1358459, 1588800]"
"LISAH-BOU-0-79-20230512","[1741560, 1394696, 1390467, 1502123, 1743760, 1360473, 1395686, 1523071, 1663341, 1505488]"
"LISAH-BOU-0-8-20240425","[1393992, 1390225, 1361387, 1743472, 1492739, 1647185, 1392159, 1399589, 1397779, 1617119]"
"LISAH-BOU-0-84-20230512","[1394696, 1741560, 1394765, 1396587, 1400079, 1743760, 1392147, 1687979, 1363368, 1573648]"
"LISAH-BOU-0-9-20240425","[1393992, 1399589, 1617119, 1390225, 1737437, 1392928, 1741901, 1520353, 1743472, 1492739]"
"LISAH-BOU-0-98-20240425","[1359353, 1392513, 1392147, 1742050, 1356407, 1617119, 1364047, 1392341, 1363737, 1361266]"
"LISAH-BVD-0-100-20230510","[1365482, 1722704, 1435507, 1393462, 1390225, 1400079, 1393668, 1363368, 1739203, 1664444]"
"LISAH-BVD-0-101-20230510","[1393462, 1658641, 1396315, 1394429, 1737490, 1400079, 1744241, 1617119, 1390225, 1741775]"
"LISAH-BVD-0-152-20230511","[1614893, 1392928, 1399083, 1400079, 1744021, 1435507, 1739203, 1637710, 1588764, 1390426]"
"LISAH-BVD-0-155-20230511","[1398699, 1614893, 1744021, 1743315, 1637710, 1739203, 1744154, 1617109, 1743927, 1360655]"
"LISAH-BVD-0-158-20230511","[1614893, 1393462, 1737490, 1396315, 1390225, 1744035, 1496696, 1739203, 1390467, 1396279]"
"LISAH-BVD-0-191-20230511","[1396523, 1550214, 1359512, 1493714, 1435507, 1392264, 1400079, 1398699, 1359509, 1744207]"
"LISAH-BVD-0-192-20230511","[1435507, 1722704, 1647575, 1390225, 1361139, 1361466, 1397779, 1397802, 1389446, 1647823]"
"LISAH-BVD-0-195-20230511","[1739203, 1435507, 1647823, 1743544, 1365482, 1647575, 1396123, 1393573, 1502922, 1391514]"
"LISAH-BVD-0-196-20230511","[1397802, 1361466, 1435507, 1390467, 1390225, 1722704, 1739203, 1743544, 1673309, 1361147]"
"LISAH-BVD-0-197-20230511","[1739203, 1396523, 1550214, 1673309, 1398699, 1359512, 1493714, 1392264, 1358933, 1393573]"
"LISAH-BVD-0-200-20230511","[1550214, 1739203, 1393573, 1743227, 1425193, 1392264, 1359512, 1396523, 1363740, 1502922]"
"LISAH-BVD-0-203-20230511","[1396523, 1550214, 1393573, 1743227, 1392264, 1502922, 1425193, 1359512, 1647575, 1493714]"
"LISAH-BVD-0-205-20230511","[1396523, 1743227, 1550214, 1363740, 1359512, 1739203, 1393573, 1502922, 1425193, 1399083]"
"LISAH-BVD-0-206-20230511","[1396523, 1550214, 1392264, 1363740, 1359512, 1743227, 1739203, 1359497, 1425193, 1399083]"
"LISAH-BVD-0-208-20230511","[1743227, 1392264, 1359512, 1550214, 1739203, 1396523, 1363740, 1398699, 1393573, 1502922]"
"LISAH-BVD-0-209-20230511","[1550214, 1396523, 1362113, 1359512, 1363740, 1392264, 1502922, 1359517, 1399083, 1739203]"
"LISAH-BVD-0-25-20230510","[1396523, 1359512, 1492739, 1405355, 1398699, 1392264, 1550214, 1744241, 1392928, 1390225]"
"LISAH-BVD-0-275-20230516","[1435507, 1722445, 1647575, 1744208, 1744473, 1424343, 1651877, 1632951, 1394668, 1743648]"
"LISAH-BVD-0-277-20230516","[1435507, 1722445, 1550154, 1357143, 1744473, 1393573, 1632951, 1651877, 1356001, 1617119]"
"LISAH-BVD-0-278-20230516","[1435507, 1651877, 1398781, 1356268, 1357335, 1363079, 1393668, 1742242, 1667671, 1495441]"
"LISAH-BVD-0-281-20230516","[1435507, 1647575, 1361139, 1393573, 1550154, 1744473, 1398781, 1651877, 1365482, 1390467]"
"LISAH-BVD-0-282-20230516","[1435507, 1722445, 1550154, 1357143, 1361139, 1744811, 1722704, 1356001, 1744473, 1361200]"
"LISAH-BVD-0-283-20230516","[1435507, 1550154, 1398781, 1667780, 1363079, 1744473, 1502540, 1647154, 1743648, 1495441]"
"LISAH-BVD-0-285-20230516","[1435507, 1357143, 1743405, 1722704, 1405355, 1744384, 1743648, 1722445, 1361139, 1739203]"
"LISAH-BVD-0-287-20230516","[1357143, 1435507, 1722445, 1363079, 1405355, 1743405, 1647154, 1743648, 1647575, 1744208]"
"LISAH-BVD-0-288-20230516","[1435507, 1396599, 1744471, 1744208, 1356268, 1647154, 1357143, 1647175, 1737546, 1376496]"
"LISAH-BVD-0-292-20230516","[1435507, 1647154, 1744208, 1722704, 1359273, 1356268, 1357143, 1425097, 1389956, 1647164]"
"LISAH-BVD-0-293-20230516","[1435507, 1356268, 1396604, 1376496, 1722704, 1647575, 1365482, 1647154, 1396599, 1744473]"
"LISAH-BVD-0-294-20230516","[1435507, 1722704, 1357143, 1744208, 1359273, 1647154, 1722566, 1397779, 1396604, 1647575]"
"LISAH-BVD-0-295-20230516","[1550214, 1393573, 1396523, 1361266, 1356560, 1391784, 1502922, 1743227, 1673309, 1744396]"
"LISAH-BVD-0-296-20230516","[1667671, 1361139, 1391784, 1667780, 1392075, 1435507, 1361266, 1397308, 1396411, 1632987]"
"LISAH-BVD-0-297-20230516","[1550214, 1392264, 1502922, 1363740, 1393573, 1399083, 1396523, 1362113, 1425193, 1743227]"
"LISAH-BVD-0-298-20230516","[1743248, 1361139, 1393573, 1550214, 1502922, 1392075, 1392159, 1435507, 1667671, 1651877]"
"LISAH-BVD-0-299-20230516","[1550214, 1393573, 1502922, 1435507, 1667671, 1361139, 1392075, 1391784, 1392147, 1392159]"
"LISAH-BVD-0-300-20230516","[1667671, 1435507, 1647823, 1361139, 1391784, 1673309, 1417738, 1358967, 1667780, 1392075]"
"LISAH-BVD-0-301-20230516","[1435507, 1667671, 1361139, 1632987, 1743523, 1673309, 1396411, 1365482, 1502922, 1722704]"
"LISAH-BVD-0-302-20230516","[1667671, 1361139, 1647823, 1435507, 1667780, 1392175, 1365482, 1673285, 1417738, 1392075]"
"LISAH-BVD-0-309-20230516","[1667671, 1435507, 1722704, 1361139, 1632987, 1667780, 1397460, 1502922, 1362500, 1647575]"
"LISAH-BVD-0-310-20230516","[1667671, 1667780, 1632987, 1722704, 1356301, 1358830, 1673309, 1358547, 1363442, 1502922]"
"LISAH-BVD-0-337-20230516","[1405355, 1743936, 1743987, 1392165, 1396523, 1361466, 1647823, 1573648, 1359512, 1362133]"
"LISAH-BVD-0-338-20230516","[1405355, 1647823, 1363368, 1390225, 1365482, 1389557, 1357335, 1722445, 1360675, 1573648]"
"LISAH-BVD-0-339-20230516","[1392513, 1390225, 1392264, 1647823, 1673309, 1722432, 1400079, 1743760, 1722445, 1390467]"
"LISAH-BVD-0-341-20230516","[1392165, 1743987, 1743936, 1395504, 1359512, 1396059, 1743704, 1390225, 1573648, 1358123]"
"LISAH-BVD-0-342-20230516","[1743936, 1523071, 1573648, 1392165, 1405355, 1358523, 1743987, 1493061, 1362133, 1396059]"
"LISAH-BVD-0-343-20230516","[1743227, 1523071, 1502922, 1396523, 1365482, 1647823, 1550214, 1673285, 1722432, 1395675]"
"LISAH-BVD-0-344-20230516","[1396523, 1743987, 1647823, 1359512, 1573648, 1358523, 1505488, 1405355, 1360907, 1393573]"
"LISAH-BVD-0-345-20230516","[1392165, 1358523, 1647823, 1743227, 1358830, 1396007, 1502922, 1573648, 1361884, 1722432]"
"LISAH-BVD-0-346-20230516","[1647823, 1393462, 1505488, 1359512, 1737546, 1396523, 1739203, 1397802, 1360289, 1499783]"
"LISAH-BVD-0-347-20230516","[1647823, 1405355, 1397802, 1493061, 1390225, 1397779, 1396523, 1357335, 1743227, 1481281]"
"LISAH-BVD-0-348-20230516","[1396523, 1361761, 1647823, 1392165, 1365482, 1722432, 1360907, 1741701, 1363368, 1743227]"
"LISAH-BVD-0-349-20230516","[1743227, 1743760, 1405355, 1365482, 1396523, 1722432, 1390225, 1523071, 1646231, 1363368]"
"LISAH-BVD-0-35-20230510","[1390467, 1390225, 1722704, 1392258, 1405355, 1743472, 1357143, 1396523, 1741775, 1492739]"
"LISAH-BVD-0-350-20230516","[1357335, 1390225, 1646231, 1397802, 1743760, 1396523, 1358432, 1744531, 1396059, 1617119]"
"LISAH-BVD-0-351-20230516","[1393462, 1396315, 1390426, 1358830, 1744035, 1390225, 1743760, 1564646, 1632950, 1394429]"
"LISAH-BVD-0-352-20230516","[1393462, 1435507, 1396315, 1393668, 1396059, 1617185, 1357335, 1393573, 1395675, 1502922]"
"LISAH-BVD-0-353-20230516","[1365482, 1502922, 1393462, 1390426, 1435507, 1396315, 1396059, 1362500, 1358830, 1393573]"
"LISAH-BVD-0-354-20230516","[1361466, 1396523, 1365482, 1362500, 1739203, 1435507, 1647823, 1737546, 1396123, 1743544]"
"LISAH-BVD-0-364-20230516","[1392229, 1392175, 1687979, 1362133, 1362500, 1361200, 1360675, 1398988, 1389233, 1744384]"
"LISAH-BVD-0-372-20230516","[1394765, 1363368, 1356845, 1357143, 1361200, 1357175, 1393574, 1741701, 1647185, 1395675]"
"LISAH-BVD-0-379-20230516","[1390225, 1744473, 1363368, 1357335, 1482049, 1389557, 1405355, 1361263, 1722445, 1744063]"
"LISAH-BVD-0-380-20230516","[1397802, 1390225, 1357143, 1361263, 1400079, 1435507, 1359388, 1743544, 1722704, 1363368]"
"LISAH-BVD-0-383-20230516","[1400079, 1737546, 1389242, 1361387, 1390225, 1647575, 1453572, 1743472, 1737439, 1359273]"
"LISAH-BVD-0-392-20230516","[1550214, 1392089, 1390225, 1742242, 1359512, 1392165, 1393261, 1743987, 1396523, 1397386]"
"LISAH-BVD-0-397-20230517","[1390225, 1737546, 1743472, 1356800, 1722704, 1743515, 1502797, 1390467, 1647575, 1391783]"
"LISAH-BVD-0-398-20230517","[1493381, 1390225, 1435507, 1617119, 1390822, 1743472, 1556901, 1744473, 1391783, 1392928]"
"LISAH-BVD-0-412-20230517","[1390225, 1617119, 1390467, 1435507, 1743472, 1502797, 1722704, 1737546, 1498118, 1738785]"
"LISAH-BVD-0-417-20230517","[1393573, 1394765, 1550214, 1743227, 1357335, 1399083, 1741701, 1390225, 1452689, 1395675]"
"LISAH-BVD-0-428-20230517","[1722704, 1393573, 1743544, 1493714, 1617119, 1397386, 1647575, 1390225, 1741701, 1435507]"
"LISAH-BVD-0-430-20230517","[1743227, 1651877, 1742026, 1425097, 1722704, 1376496, 1361133, 1390225, 1363368, 1739203]"
"LISAH-BVD-0-431-20230517","[1573648, 1651877, 1737546, 1550154, 1647575, 1743987, 1478566, 1647155, 1499783, 1376496]"
"LISAH-BVD-0-432-20230517","[1396059, 1573648, 1393573, 1550154, 1742026, 1481281, 1738785, 1397802, 1363368, 1425097]"
"LISAH-BVD-0-463-20230517","[1614893, 1392928, 1737488, 1393573, 1435507, 1390225, 1400079, 1394429, 1495430, 1617119]"
"LISAH-BVD-0-465-20230517","[1390225, 1392928, 1722704, 1741775, 1744241, 1390426, 1617119, 1647164, 1390467, 1389080]"
"LISAH-BVD-0-471-20230517","[1722704, 1741775, 1392928, 1390225, 1393668, 1390426, 1435507, 1390467, 1617119, 1389342]"
"LISAH-BVD-0-54-20230510","[1451490, 1388790, 1743663, 1395675, 1359906, 1493109, 1744208, 1393826, 1363751, 1739203]"
"LISAH-BVD-0-99-20230510","[1405355, 1400079, 1414059, 1722704, 1363368, 1492739, 1398781, 1390467, 1357143, 1360746]"
"LISAH-JAS-0-1-20220505","[1558398, 1558601, 1744021, 1492046, 1395686, 1363906, 1363254, 1505542, 1523343, 1646043]"
"LISAH-JAS-0-11-20220505","[1744021, 1396523, 1513193, 1502057, 1358432, 1399083, 1512782, 1359512, 1470478, 1744015]"
"LISAH-JAS-0-12-20220505","[1396523, 1359512, 1393992, 1502387, 1743227, 1744384, 1743544, 1744021, 1394330, 1399083]"
"LISAH-JAS-0-13-20220505","[1573648, 1744021, 1512782, 1742242, 1400079, 1359512, 1359353, 1399187, 1743544, 1396864]"
"LISAH-JAS-0-15-20220505","[1722445, 1744384, 1496696, 1424343, 1405355, 1743544, 1435579, 1361464, 1362458, 1481281]"
"LISAH-JAS-0-16-20220505","[1359512, 1573648, 1743544, 1550154, 1390349, 1502540, 1393772, 1743760, 1647175, 1744525]"
"LISAH-JAS-0-17-20220505","[1359512, 1396523, 1550214, 1573648, 1742242, 1397663, 1493714, 1496696, 1743227, 1425193]"
"LISAH-JAS-0-2-20220505","[1396561, 1358888, 1363354, 1558601, 1361517, 1560392, 1389806, 1744191, 1417738, 1389983]"
"LISAH-JAS-0-6-20220505","[1396691, 1360815, 1359796, 1502831, 1358432, 1357864, 1505542, 1744658, 1478566, 1392341]"
"LISAH-JAS-0-7-20220505","[1390467, 1505542, 1523343, 1742242, 1359796, 1742773, 1360815, 1550154, 1392341, 1357864]"
"LISAH-JAS-0-9-20220505","[1505542, 1558601, 1391077, 1405355, 1512782, 1739082, 1722659, 1360907, 1472691, 1390225]"
"LISAH-JAS-1-25-20220505","[1393992, 1741775, 1744384, 1737546, 1722704, 1435507, 1647164, 1400079, 1359273, 1492739]"
"LISAH-JAS-1-27-20220505","[1405355, 1394765, 1742242, 1357335, 1396523, 1722445, 1744602, 1359353, 1741701, 1400079]"
"LISAH-JAS-1-28-20220505","[1550214, 1392194, 1362133, 1399187, 1744309, 1392114, 1359512, 1392089, 1743227, 1743760]"
"LISAH-JAS-1-5-20220505","[1505542, 1396561, 1390225, 1400079, 1358548, 1360907, 1739082, 1722704, 1396599, 1664603]"
"LISAH-PEC-0-0-20220608","[1396059, 1457868, 1361100, 1393425, 1363043, 1564349, 1361139, 1399397, 1357003, 1647154]"
"LISAH-PEC-0-1-20230411","[1392625, 1687979, 1389448, 1393826, 1392114, 1389233, 1523343, 1356904, 1744207, 1357003]"
"LISAH-PEC-0-10-20230405","[1668330, 1389080, 1390225, 1744208, 1393668, 1738661, 1390426, 1510061, 1450108, 1356357]"
"LISAH-PEC-0-11-20230405","[1738661, 1622910, 1744208, 1389080, 1357143, 1647164, 1523343, 1400079, 1450108, 1394696]"
"LISAH-PEC-0-11-20230411","[1390467, 1743931, 1523343, 1502831, 1392177, 1687979, 1357003, 1667408, 1744384, 1392175]"
"LISAH-PEC-0-12-20230411","[1664678, 1400162, 1390467, 1356357, 1357595, 1358118, 1738661, 1523343, 1396123, 1578145]"
"LISAH-PEC-0-13-20230411","[1738661, 1523343, 1550154, 1744027, 1495441, 1743714, 1390467, 1396123, 1744331, 1550197]"
"LISAH-PEC-0-13-20230413","[1473216, 1392175, 1456747, 1558601, 1394330, 1364028, 1744027, 1744055, 1743227, 1743936]"
"LISAH-PEC-0-14-20230407","[1363624, 1357102, 1560392]"
"LISAH-PEC-0-15-20230407","[1359388, 1397386, 1392147, 1456505, 1364415, 1395470, 1358523, 1737511, 1359228, 1742773]"
"LISAH-PEC-0-17-20230413","[1744551, 1744027, 1396599, 1502831, 1391320, 1399827, 1389646, 1578145, 1664940, 1396600]"
"LISAH-PEC-0-18-20230411","[1356357, 1392177, 1395686, 1380273, 1400079, 1495474, 1392229, 1396242, 1360655, 1495399]"
"LISAH-PEC-0-19-20230413","[1744551, 1744027, 1396007, 1390467, 1392175, 1452689, 1362856, 1687979, 1358934, 1394696]"
"LISAH-PEC-0-20-20230411","[1744525, 1738661, 1744027, 1400079, 1396123, 1390467, 1400162, 1391958, 1357595, 1523343]"
"LISAH-PEC-0-4-20230407","[1359388, 1399798, 1687896, 1744420, 1580630, 1493417, 1397434, 1394574, 1744279, 1396631]"
"LISAH-PEC-0-4-20230411","[1390467, 1523343, 1744027, 1392625, 1647575, 1396123, 1392175, 1560392, 1393826, 1358118]"
"LISAH-PEC-0-6-20220608","[1744035, 1493722, 1394696, 1743537, 1392761]"
"LISAH-PEC-0-6-20230411","[1356357, 1738661, 1357143, 1743714, 1622910, 1477194, 1668330, 1523343, 1392175, 1390225]"
"LISAH-PEC-0-8-20230405","[1360655, 1647164, 1738661, 1399364, 1744384, 1744868, 1400079, 1743275, 1390225, 1390467]"
"LISAH-PEC-0-9-20230411","[1687979, 1389814, 1356357, 1392177, 1399323, 1400079, 1664444, 1392159, 1360525, 1390467]"
"LISAH-PEC-0-9-20230413","[1357507, 1502831, 1363043, 1394330, 1358432, 1389535, 1502923, 1744031, 1647236, 1396628]"
"LISAH-PEC-1-13-20230405","[1738661, 1647150, 1477194, 1622910, 1391783, 1391644, 1390467, 1523343, 1560392, 1396123]"
"LISAH-PEC-1-18-20230407","[1560392, 1513980, 1564466, 1743931, 1393498, 1399273, 1744551, 1389080, 1361517, 1744027]"
"LISAH-PEC-2-0-20220609","[1456747, 1361307, 1357739, 1513952, 1522501, 1389557, 1361444, 1405355, 1687979, 1479415]"
"LISAH-PEC-2-11-20220609","[1357335, 1739043, 1502086, 1458364, 1394057, 1687979, 1361307, 1388906, 1743754, 1397663]"
"LISAH-PEC-2-17-20230407","[1744208, 1393498, 1400154, 1743385, 1564466, 1390225, 1743228, 1744384, 1389080, 1744207]"
"LISAH-PEC-2-2-20220609","[1687979, 1389233, 1392175, 1425448, 1398988, 1392114, 1363354, 1392177, 1397779, 1495441]"
"LISAH-PEC-2-20-20230407","[1389233, 1362133, 1392175, 1664678, 1390467, 1744384, 1564466, 1396864, 1389555, 1492789]"
"LISAH-PEC-2-4-20220609","[1357335, 1357143, 1396599, 1722445, 1550154, 1393826, 1687979, 1361200, 1362500, 1361307]"
"LISAH-PEC-2-5-20220609","[1522501, 1357335, 1363079, 1452585, 1744496, 1502057, 1361200, 1361444, 1396531, 1456747]"
"LISAH-PEC-2-5-20230407","[1361100, 1492461, 1389508, 1389233, 1400154, 1398781, 1742895, 1360473, 1480138, 1396123]"
"LISAH-PEC-2-6-20220609","[1358523]"
"LISAH-PEC-3-10-20230407","[1357864, 1394330, 1400079, 1400162, 1358392, 1360372, 1548249, 1359593, 1632939, 1405355]"
"LISAH-PEC-3-16-20230407","[1394330, 1493061, 1391320, 1393772, 1390225, 1744483, 1396007, 1389646, 1479766, 1405355]"
"LISAH-PEC-3-20-20230407","[1391320, 1744031, 1548249, 1744473, 1359228, 1743987, 1398764, 1744536, 1392147, 1743405]"
"OPTMix-0108-P1-312-20231006","[1739064, 1391802, 1742074, 1743431, 1743831, 1390349, 1391320, 1744028, 1744176, 1722340]"
"OPTMix-0108-P1-422-20231006","[1396531, 1738583, 1743472, 1453529, 1548182, 1744241, 1392928, 1390349, 1356001, 1479995]"
"OPTMix-0108-P1-427-20231006","[1548182, 1742074, 1390349, 1517471, 1743933, 1744224, 1550197, 1668617, 1502797, 1739064]"
"OPTMix-0108-P1-533-20231006","[1548182, 1397484, 1396531, 1743933, 1453529, 1738583, 1388727, 1392229, 1479995, 1741922]"
"OPTMix-0108-P1-95-20231006","[1744041, 1479995, 1452695, 1744027, 1424343, 1392748, 1390822, 1358547, 1743472, 1502797]"
"OPTMix-012-P1-143-20231201","[1548182, 1396279, 1738939, 1744224, 1517471, 1737448, 1744176, 1743933, 1548508, 1744145]"
"OPTMix-012-P1-208-20231201","[1392258, 1743429, 1394625, 1360372, 1550154, 1356765, 1688110, 1743515, 1564276, 1502797]"
"OPTMix-012-P2-192-20231201","[1396279, 1738192]"
"OPTMix-012-P2-207-20231201","[1744224, 1548182, 1738192, 1517471, 1396279, 1550197, 1744642, 1738939, 1453531, 1396531]"
"OPTMix-012-P2-240-20231201","[1548508, 1743429, 1548182, 1517471, 1617119, 1738939, 1550154, 1390367, 1396279, 1392258]"
"OPTMix-012-P3-190-20231201","[1361226, 1744224, 1397386, 1743472, 1738583, 1741901, 1548182, 1617119, 1360372, 1738846]"
"OPTMix-012-P3-218-20231201","[1548182, 1743933, 1362367, 1390662, 1396123, 1356798, 1389535, 1356811, 1743760, 1453531]"
"OPTMix-012-P3-220-20231201","[1548182, 1356419, 1361298, 1743933, 1517471, 1744224, 1737448, 1356811, 1396279, 1356708]"
"OPTMix-0178-P1-1060-20231006","[1391802, 1743831, 1739064, 1742074, 1392035, 1743431, 1399148, 1493109, 1390658, 1738583]"
"OPTMix-0178-P1-1061-20231006","[1743760, 1617119, 1628867]"
"OPTMix-0178-P1-552-20231006","[1391802, 1743431, 1743831, 1742074, 1739064, 1743507, 1722340, 1744028, 1391320, 1739043]"
"OPTMix-0178-P1-661-20231006","[1391802, 1737657, 1743831, 1389206, 1742074, 1743431, 1390658, 1743507, 1744319, 1391814]"
"OPTMix-0178-P1-663-20231006","[1548182, 1517471, 1457213, 1688110, 1743933, 1739043, 1743429, 1550198, 1617119, 1390467]"
"OPTMix-0178-P1-669-20231006","[1393261, 1701822, 1744224, 1548182, 1688110, 1743931, 1517471, 1743933, 1744176, 1628867]"
"OPTMix-0200-11006-20231009","[1744224, 1548182, 1743933, 1357413, 1396531, 1453531, 1362367, 1517471, 1744146, 1395021]"
"OPTMix-0200-P2-53-20231009","[1539461, 1359546, 1357584, 1392025, 1743663, 1390822, 1744028, 1398830, 1738192, 1393364]"
"OPTMix-0200-P2-54-20231009","[1722440, 1531137, 1392291, 1743308, 1647185, 1743326, 1502797, 1738721, 1361761, 1647823]"
"OPTMix-0200-P2-68-20231009","[1722699, 1564466, 1647291, 1743308, 1580588, 1398374, 1361354, 1362133, 1743326, 1564370]"
"OPTMix-0200-P3-108-20231009","[1391802, 1737657, 1737546, 1359352, 1398244, 1522573, 1687896, 1359388, 1492739, 1742074]"
"OPTMix-0200-P3-127-20231009","[1492739, 1393573, 1392291, 1398374, 1722440, 1741908, 1646041, 1647185, 1502797, 1417809]"
"OPTMix-0200-P3-139-20231009","[1722440, 1392291, 1743472, 1453531, 1392258, 1743326, 1358568, 1360448, 1564370, 1493381]"
"OPTMix-0214-P1-207-20231010","[1743933, 1548182, 1744224, 1517471, 1390349, 1744176, 1397386, 1550198, 1392229, 1617119]"
"OPTMix-0214-P1-208-20231010","[1743933, 1548182, 1744224, 1744176, 1397386, 1390421, 1361275, 1744316, 1356811, 1744146]"
"OPTMix-0214-P1-235-20231010","[1360372, 1548182, 1744224, 1390426, 1743933, 1739043, 1737653, 1360473, 1390349, 1394625]"
"OPTMix-0214-P2-22-20231010","[1398374, 1738192, 1744368, 1396998, 1396599, 1539461, 1360020, 1564457, 1668473, 1391459]"
"OPTMix-0214-P2-64-20231010","[1738192, 1398374, 1392452, 1361833, 1398781, 1391320, 1362367, 1492739, 1668694, 1357143]"
"OPTMix-0214-P2-84-20231010","[1744224, 1360372, 1548182, 1392258, 1548508, 1738939, 1737653, 1390127, 1744505, 1550154]"
"OPTMix-0214-P3-186-20231010","[1743933, 1502797, 1391532, 1457213, 1396604, 1743922, 1390467, 1744224, 1517471, 1742026]"
"OPTMix-0214-P3-196-20231010","[1743933, 1744224, 1548182, 1548249, 1722699, 1738939, 1550197, 1517471, 1393573, 1550198]"
"OPTMix-0214-P3-278-20231010","[1743472, 1502797, 1396604, 1392089, 1738583, 1744551, 1452284, 1588800, 1647185, 1361147]"
"OPTMix-0216-P4-208-20231009","[1743933, 1742074, 1738192, 1361833, 1531522, 1479415, 1669454, 1453531, 1452585, 1391320]"
"OPTMix-0255-11233-20231009","[1548182, 1647506, 1453531, 1738583, 1397484, 1452284, 1388727, 1744041, 1743472, 1502797]"
"OPTMix-0255-11372-20231009","[1743933, 1396531, 1550197, 1389586, 1548182, 1363079, 1744146, 1390349, 1453531, 1743665]"
"OPTMix-0255-11382-20231009","[1743472, 1453529, 1548182, 1647823, 1744316, 1738583, 1744241, 1502797, 1453531, 1743326]"
"OPTMix-033-P3-107-20231201","[1391802, 1396007, 1357646, 1743922, 1737546, 1739061, 1390865]"
"OPTMix-0333-P1-107-20231212","[1399273, 1391802, 1737546, 1358118]"
"OPTMix-0333-P1-112-20231212","[1737657, 1737448, 1739065, 1391802, 1737546, 1358118, 1396523, 1743819, 1743375, 1739061]"
"OPTMix-0333-P2-108-20231212","[1742074, 1391802, 1743507, 1363248, 1358118, 1737657, 1739061, 1396279, 1722699, 1687896]"
"OPTMix-0333-P2-112-20231212","[1392089]"
"OPTMix-0333-P2-115-20231212","[1358118, 1744551, 1737546, 1399273, 1743931, 1359388]"
"OPTMix-0333-P3-100-20231201","[1391802, 1743507, 1743831, 1398787, 1357646, 1737546, 1737657]"
"OPTMix-0333-P3-76-20231201","[1391802, 1743507, 1737546, 1357646, 1687896, 1737658, 1743431, 1363354, 1363324, 1397779]"
"OPTMix-057-P1-1699-20231010","[1742074, 1391802, 1458029, 1743831, 1743933, 1743507, 1390349, 1390421, 1743431, 1632961]"
"OPTMix-057-P1-1901-20231010","[1743933, 1743431, 1739043, 1743831, 1744028, 1742074, 1548182, 1742773, 1741616, 1358123]"
"OPTMix-057-P1-1902-20231010","[1742074, 1548182, 1737657, 1391802, 1743933, 1743431, 1400079, 1739043, 1744028, 1369068]"
"OPTMix-057-P1-1913-20231010","[1391802, 1737657, 1739064, 1742074, 1396527, 1743507, 1391320, 1356404, 1391764, 1564349]"
"OPTMix-057-P1-1917-20231010","[1742074, 1739064, 1391802, 1743831, 1743431, 1400079, 1722693, 1392035, 1737657, 1739083]"
"OPTMix-0593-P1-129-20231205","[1396279, 1744224, 1517471, 1548182, 1744176, 1360372, 1453531, 1396309, 1392258, 1358118]"
"OPTMix-0593-P1-134-20231205","[1738939, 1360372, 1744224, 1502797, 1390388, 1739043, 1564444, 1390426, 1356798]"
"OPTMix-0593-P1-86-20231205","[1744224, 1744176, 1548182, 1743933, 1517471, 1390367, 1389535, 1356419, 1743760, 1361226]"
"OPTMix-0593-P2-180-20231205","[1744224, 1743933, 1356419, 1737490, 1392258, 1738939, 1390662, 1744316]"
"OPTMix-0593-P2-84-20231205","[1548182, 1744224, 1743933, 1548508, 1737490, 1517471, 1738939, 1392258, 1362367, 1390349]"
"OPTMix-0593-P2-92-20231205","[1548182, 1744224, 1743429, 1687883, 1362367, 1517471, 1389535, 1743315, 1356811, 1390349]"
"OPTMix-0593-P3-130-20231205","[1743933, 1548182, 1738939, 1744224, 1517471, 1743819, 1392258, 1743315, 1390127, 1617119]"
"OPTMix-0593-P3-146-20231205","[1743933, 1548182, 1738939, 1744176, 1392892, 1743819, 1398689, 1391476, 1737448, 1743963]"
"OPTMix-0593-P3-87-20231205","[1744224, 1548182, 1392258, 1617119, 1390467, 1743933, 1739043, 1550154, 1517471, 1502797]"
"OPTMix-0598-P1-118-20231205","[1647823, 1548182, 1392218, 1744224, 1453531, 1502797, 1396604, 1743922, 1743933]"
"OPTMix-0598-P1-132-20231205","[1360372, 1548182, 1550154, 1396309, 1738939, 1744176, 1744224]"
"OPTMix-0598-P1-133-20231205","[1744224, 1738939, 1361579, 1548182, 1647823, 1744176, 1358118]"
"OPTMix-0598-P1-149-20231205","[1360372, 1737653, 1744224, 1548182, 1517471, 1688110, 1493714, 1398820, 1743429, 1457213]"
"OPTMix-0598-P1-197-20231205","[1738192, 1743663, 1743933, 1492739, 1357143, 1744224, 1550198, 1393573, 1493714, 1392317]"
"OPTMix-0598-P1-198-20231205","[1647823, 1392258]"
"OPTMix-0598-P2-102-20231205","[1391802, 1743831, 1742074, 1743507, 1737657, 1399148, 1743944, 1492519, 1397083, 1743980]"
"OPTMix-0598-P2-139-20231207","[1398689, 1668525, 1517471, 1741922, 1362367, 1737546, 1548182, 1741901, 1550198, 1396279]"
"OPTMix-0598-P2-86-20231207","[1743933, 1737657, 1743819, 1398699, 1737448, 1743138, 1393573, 1398689, 1673119, 1390349]"
"OPTMix-0598-P2-99-20231205","[1744224, 1360372, 1617119, 1548182, 1362367, 1743933, 1457213, 1502797, 1550198]"
"OPTMix-0598-P4-104-20231207","[1743933, 1738192, 1744224, 1357143, 1744176, 1550198, 1390388, 1492610]"
"OPTMix-0598-P4-108-20231207","[1398689, 1668525, 1390225, 1457212, 1390349, 1743933, 1668744, 1548182, 1741922, 1667093]"
"OPTMix-0598-P4-128-20231207","[1548182, 1548508, 1356419, 1738939, 1517471]"
"OPTMix-083-P3-139-20231110","[1742074, 1391802, 1737657, 1362682, 1400159, 1737448, 1397838, 1743507, 1357646, 1739083]"
"OPTMix-083-P3-186-20231110","[1391802, 1743831, 1737546, 1673119, 1358118, 1742074, 1400159, 1398374, 1744551, 1743507]"
"OPTMix-083-P3-96-20231110","[1388790, 1539461, 1390388, 1391459, 1398374, 1361833, 1647823, 1744867, 1738192, 1737546]"
"OPTMix-108-P1-000-20231006","[1548182, 1743933, 1744224, 1668617, 1742773, 1744028, 1548389, 1357413, 1390154, 1742074]"
"RNNB-1-1-20230512","[1489066, 1452695, 1738887, 1737653, 1744857, 1399730, 1360036, 1563697, 1743275, 1617119]"
"RNNB-1-1-20240117","[1545700, 1502797, 1743933, 1741576, 1392264, 1651485, 1358118, 1390467, 1663341, 1744208]"
"RNNB-1-10-20230512","[1452695, 1738192, 1738887, 1357143, 1738583, 1399730, 1396196, 1357159, 1358568, 1357809]"
"RNNB-1-10-20240117","[1744412, 1737437, 1493381, 1394413, 1453531, 1360013, 1392258, 1737546, 1391352, 1394543]"
"RNNB-1-2-20230512","[1738192, 1738887, 1737653, 1738583, 1505544, 1357143, 1393548, 1393356, 1741922, 1489066]"
"RNNB-1-2-20240117","[1545700, 1363603, 1663341, 1400074, 1390421, 1358118, 1361147, 1361200, 1489066, 1358880]"
"RNNB-1-3-20230512","[1737653, 1393548, 1738887, 1389494, 1357143, 1393573, 1738583, 1356494, 1564276, 1392317]"
"RNNB-1-3-20240117","[1545700, 1361147, 1358118, 1361200, 1639681, 1663341, 1390421, 1363603, 1744208, 1400074]"
"RNNB-1-4-20230512","[1738192, 1393573, 1389494, 1737653, 1744147, 1357143, 1738583, 1564276, 1452695, 1358568]"
"RNNB-1-4-20240117","[1545700, 1744438, 1743375, 1493109, 1743537, 1651204, 1390467, 1457187, 1391459, 1639681]"
"RNNB-1-5-20230512","[1737653, 1452695, 1738192, 1393573, 1393548, 1743275, 1744316, 1737495, 1356357, 1357143]"
"RNNB-1-5-20240117","[1647185, 1545700, 1392264, 1744208, 1744352, 1399688, 1663341, 1400074, 1391668, 1361070]"
"RNNB-1-6-20230512","[1452695, 1738192, 1393548, 1737653, 1393573, 1744233, 1744509, 1363354, 1738583, 1390365]"
"RNNB-1-6-20240117","[1531432, 1737437, 1361070, 1741576, 1744412, 1722433, 1647575, 1556901, 1647185, 1513980]"
"RNNB-1-7-20230512","[1744147, 1389494, 1738887, 1738583, 1357143, 1505544, 1399730, 1737653, 1357809, 1738192]"
"RNNB-1-7-20240117","[1531432, 1737437, 1744410, 1647164, 1389508, 1363079, 1392264, 1389586, 1744208, 1741576]"
"RNNB-1-8-20230512","[1738192, 1356357, 1358568, 1492610, 1738583, 1357143, 1737653, 1741956, 1360219, 1647150]"
"RNNB-1-8-20240117","[1663341, 1389401, 1357019, 1744208, 1394674, 1389508, 1362179, 1493109, 1743537, 1744412]"
"RNNB-1-9-20230512","[1737653, 1738192, 1744035, 1452695, 1744147, 1738583, 1738887, 1505544, 1357159, 1403870]"
"RNNB-1-9-20240117","[1737437, 1744412, 1651204, 1392258, 1389508, 1493381, 1744070, 1394674, 1357019, 1358568]"
"RNNB-2-1-20230512","[1738887, 1360907, 1738583, 1452585, 1744509, 1744035, 1392513, 1743659, 1480901, 1739203]"
"RNNB-2-1-20240117","[1389535, 1663341, 1492610, 1744412, 1744154, 1358203, 1744208, 1737437, 1493109, 1358924]"
"RNNB-2-10-20230512","[1398699, 1390467, 1452695, 1742895, 1564457, 1357102, 1356417]"
"RNNB-2-10-20240117","[1651204, 1362179, 1737437, 1664742, 1687979, 1391352, 1358203, 1622910, 1392258, 1739203]"
"RNNB-2-2-20230512","[1738887, 1358568, 1738583]"
"RNNB-2-2-20240117","[1639681, 1456747, 1389535, 1492046, 1550198, 1663341, 1492610, 1391459, 1400105, 1364148]"
"RNNB-2-3-20230512","[1452695, 1523343, 1356417, 1564457, 1358568, 1360036, 1722432, 1390467, 1647166, 1743297]"
"RNNB-2-3-20240117","[1456747, 1639681, 1743375, 1389535, 1550198, 1357713, 1492519, 1364148, 1663341, 1492046]"
"RNNB-2-4-20230512","[1523343, 1744534, 1744384, 1397460, 1743537, 1356417, 1505488, 1518937, 1360036, 1389646]"
"RNNB-2-4-20240117","[1389535, 1639681, 1456747, 1357713, 1492610, 1743375, 1550198, 1492046, 1389508, 1744027]"
"RNNB-2-5-20230512","[1356417, 1523343, 1743663, 1743297, 1390467, 1452695, 1744534, 1744384, 1360036, 1744389]"
"RNNB-2-5-20240117","[1456747, 1743663, 1399082, 1492046, 1364148, 1364156, 1357651, 1628784, 1389983, 1744860]"
"RNNB-2-6-20230512","[1452695, 1390467, 1564457, 1360036, 1523343, 1356417, 1737495, 1742895, 1647166, 1743297]"
"RNNB-2-6-20240117","[1456747, 1492046, 1550154, 1389535, 1639681, 1357651, 1492610, 1556685, 1357713, 1358924]"
"RNNB-2-7-20230512","[1523343, 1363823, 1743297, 1518937, 1397460, 1564457, 1744035, 1738862, 1452695, 1356417]"
"RNNB-2-7-20240117","[1639681, 1456747, 1744412, 1364148, 1465444, 1743317, 1647153, 1358203, 1550198, 1492046]"
"RNNB-2-8-20230512","[1744534, 1452695, 1356417, 1363823, 1390467, 1722432, 1523343]"
"RNNB-2-8-20240117","[1639681, 1493109, 1492610, 1452695, 1739203, 1744489, 1743244, 1360009, 1663341, 1396600]"
"RNNB-2-9-20230512","[1564457, 1390467, 1363823, 1743931]"
"RNNB-2-9-20240117","[1456747, 1357739, 1362179, 1364148, 1358967, 1550198, 1737546, 1743375, 1647575, 1550154]"
"RNNB-3-1-20230512","[1722704, 1361263, 1744279, 1396908, 1664494, 1396123, 1743656, 1355903, 1399944, 1399798]"
"RNNB-3-1-20240117","[1545700, 1743665, 1744489, 1396274, 1646126, 1363603, 1390467, 1744154, 1743244, 1739203]"
"RNNB-3-10-20230512","[1722440, 1399798, 1356557, 1738583, 1392291, 1742788, 1744279, 1743656, 1666721, 1393992]"
"RNNB-3-10-20240117","[1737437, 1651204, 1622910, 1362179, 1356796, 1744412, 1392258, 1531432, 1390467, 1390899]"
"RNNB-3-11-20230512","[1479995, 1493381, 1356708, 1391802, 1617162, 1394413, 1392336, 1722440, 1435579, 1396123]"
"RNNB-3-12-20230512","[1479995, 1722440, 1393992, 1356708, 1743472, 1359178, 1744279, 1493381, 1397385, 1742788]"
"RNNB-3-2-20230512","[1744035, 1550197, 1743297, 1361147, 1390467, 1647677, 1523343, 1722432, 1685197, 1396123]"
"RNNB-3-2-20240117","[1545700, 1392182, 1744412, 1389535, 1744154, 1355977, 1359273, 1520353, 1397779, 1414059]"
"RNNB-3-3-20240117","[1744154, 1394543, 1361298, 1744412, 1563697, 1390467, 1392264, 1647185, 1392282, 1744204]"
"RNNB-3-4-20230512","[1473216, 1531432, 1452695, 1744041, 1397256, 1502540, 1357102, 1393668, 1435507, 1361619]"
"RNNB-3-4-20240117","[1743244, 1362179, 1396600, 1647575, 1744023, 1452695, 1502831, 1744154, 1651204, 1360013]"
"RNNB-3-5-20230512","[1722440, 1617162, 1743248, 1743760, 1531432, 1531137, 1737546, 1435579, 1450108, 1741560]"
"RNNB-3-5-20240117","[1396600, 1651204, 1547096, 1362179, 1744035, 1358203, 1502939, 1390467, 1359833, 1628784]"
"RNNB-3-6-20230512","[1743472, 1722440, 1548459, 1399798, 1453531, 1744279, 1450108, 1458338, 1357143, 1490238]"
"RNNB-3-6-20240117","[1360013, 1743537, 1492046, 1394696, 1502112, 1738192, 1360009, 1362179, 1393573, 1493109]"
"RNNB-3-7-20230512","[1722440, 1743472, 1399798, 1742788, 1359879, 1356902, 1744322, 1397385, 1356708, 1743656]"
"RNNB-3-7-20240117","[1545700, 1639681, 1362179, 1360013, 1743537, 1393668, 1400074, 1453531, 1744365, 1394696]"
"RNNB-3-8-20230512","[1393992, 1722440, 1392291, 1356557, 1738583, 1479995, 1450108, 1397385, 1396111, 1744322]"
"RNNB-3-8-20240117","[1651204, 1362179, 1663341, 1396600, 1742895, 1360013, 1391352, 1545700, 1489066, 1688091]"
"RNNB-3-9-20230512","[1393992, 1617162, 1743472, 1742788, 1722440, 1479995, 1356708, 1392291, 1361183, 1396123]"
"RNNB-3-9-20240117","[1391352, 1360746, 1396600, 1360289, 1357651, 1622910, 1505544, 1452695, 1495441, 1742895]"
"RNNB-4-1-20240117","[1743927, 1744635, 1389508, 1359906, 1396691, 1562413, 1357019, 1743663, 1361374, 1743819]"
"RNNB-4-1-20240118","[1392218, 1502831, 1563735, 1400079, 1743814]"
"RNNB-4-10-20240117","[1362179, 1360013, 1742895, 1561314, 1737437, 1531358, 1358203, 1493662, 1390467, 1645887]"
"RNNB-4-10-20240118","[1513980, 1647263, 1744035, 1744154, 1502540, 1744023, 1564370, 1357019, 1356800, 1742895]"
"RNNB-4-2-20240117","[1359906, 1360013, 1743927, 1560392, 1389508, 1493109, 1502540, 1453542, 1744635, 1362531]"
"RNNB-4-2-20240118","[1390899, 1545581, 1362179, 1738830, 1737546, 1743936, 1400159, 1658600, 1744027, 1660692]"
"RNNB-4-3-20240117","[1359906, 1360013, 1389508, 1744795, 1453542, 1560392, 1502540, 1744412, 1356708, 1743927]"
"RNNB-4-3-20240118","[1394674, 1399929, 1396274, 1357019, 1362179, 1361464, 1737546, 1392258, 1360473, 1744204]"
"RNNB-4-4-20240117","[1359906, 1360013, 1743927, 1453542, 1493109, 1356708, 1502540, 1744023, 1744635, 1560392]"
"RNNB-4-4-20240118","[1744023, 1742895, 1743927, 1390541, 1356796, 1356845, 1502831, 1481963, 1744551, 1647263]"
"RNNB-4-5-20240117","[1394765, 1389508, 1360013, 1744795, 1743819, 1744635, 1744412, 1639681, 1739203, 1359906]"
"RNNB-4-5-20240118","[1505544, 1693472, 1360275, 1392513, 1513980, 1395470, 1742895, 1390535, 1357143, 1744023]"
"RNNB-4-6-20240117","[1394765, 1743819, 1359906, 1744412, 1389535, 1493109, 1390467, 1393770, 1561314, 1744154]"
"RNNB-4-6-20240118","[1743525, 1389242, 1505544, 1492739, 1738582, 1744293, 1563697]"
"RNNB-4-7-20240117","[1394765, 1744412, 1390467, 1359906, 1737437, 1743819, 1651204, 1400159, 1397779, 1578157]"
"RNNB-4-7-20240118","[1360275, 1389242, 1518932, 1743275, 1392081]"
"RNNB-4-8-20240117","[1493109, 1396600, 1359906, 1639681, 1499783, 1390541, 1452695, 1360013, 1744412, 1358924]"
"RNNB-4-8-20240118","[1743218, 1389242, 1492739, 1392513, 1737495]"
"RNNB-4-9-20240117","[1744412, 1743819, 1399643, 1547096, 1390467, 1427718, 1744154, 1358924, 1356300, 1531432]"
"RNNB-4-9-20240118","[1393474, 1392081, 1743525, 1743537, 1395470, 1389242, 1744293, 1742895, 1738192, 1564287]"
"RNNB-5-1-20240117","[1743550, 1358880, 1513498, 1356708, 1358862, 1744672, 1360780, 1398374, 1389425, 1744393]"
"RNNB-5-1-20240118","[1646126, 1513485, 1744027, 1513952, 1356708, 1628784, 1744715, 1668525, 1363043, 1391783]"
"RNNB-5-10-20240117","[1362179, 1561314, 1742895, 1647575, 1452695, 1356800, 1743537, 1502458, 1523343, 1739083]"
"RNNB-5-10-20240118","[1693472, 1744023, 1363167, 1669454, 1492046, 1743819, 1742895, 1513980]"
"RNNB-5-2-20240117","[1564301, 1743537, 1362179, 1395470, 1743218, 1396587, 1399082, 1360655, 1400017, 1664603]"
"RNNB-5-2-20240118","[1389242, 1744023, 1359273, 1744162, 1362502, 1392258, 1744154]"
"RNNB-5-3-20240117","[1396587, 1362179, 1743537, 1513980, 1400079, 1359546, 1360655, 1744395, 1502939, 1743665]"
"RNNB-5-3-20240118","[1744023, 1356796, 1647263, 1743275, 1647575, 1481963, 1513980, 1362179, 1389535, 1362985]"
"RNNB-5-4-20240117","[1564301, 1390469, 1396587, 1400079, 1743537, 1502939, 1743218, 1356349, 1395470, 1523343]"
"RNNB-5-4-20240118","[1389242, 1362179, 1357143, 1502540, 1389744, 1392218, 1743525, 1394765, 1395470, 1744023]"
"RNNB-5-5-20240117","[1742895, 1396587, 1564301, 1743537, 1744473, 1395470, 1513980, 1362502, 1390469]"
"RNNB-5-5-20240118","[1389242, 1502540, 1743814, 1651358, 1493082, 1744865, 1360275, 1564370, 1744154, 1356904]"
"RNNB-5-6-20240117","[1360780, 1743550, 1358880, 1744162, 1398374, 1396587, 1356308, 1744531, 1743665, 1392317]"
"RNNB-5-6-20240118","[1357019, 1493061, 1389242, 1362179, 1359273, 1693472, 1360275, 1502797, 1647575, 1744208]"
"RNNB-5-7-20240117","[1744393, 1360780, 1513498, 1398374, 1391070, 1358862, 1743665, 1738830, 1744672, 1743537]"
"RNNB-5-7-20240118","[1742895, 1493381, 1489066, 1502540, 1743515, 1361147, 1392258]"
"RNNB-5-8-20240117","[1744389, 1395470, 1742895, 1492739, 1361147, 1743537, 1664156, 1357739, 1666441, 1399082]"
"RNNB-5-8-20240118","[1744204, 1453531, 1502797, 1489066, 1563735, 1743814, 1742895, 1744392, 1743248, 1361147]"
"RNNB-5-9-20240117","[1742895, 1664603, 1396587, 1743525, 1513980, 1394330, 1399082, 1744392]"
"RNNB-5-9-20240118","[1693472, 1493061, 1357739, 1357595, 1356708, 1502540, 1564352, 1744865, 1392258, 1622910]"
"RNNB-6-1-20240117","[1356904, 1397447, 1358862, 1647173, 1396599, 1743665, 1513980, 1389659, 1390541, 1362179]"
"RNNB-6-1-20240118","[1360013, 1639681, 1492461, 1389508, 1481963, 1389535, 1356796, 1502831, 1493109, 1359906]"
"RNNB-6-10-20240117","[1362179, 1361147, 1744063, 1359273, 1502458, 1396604, 1743814, 1742895, 1744204, 1361398]"
"RNNB-6-10-20240118","[1492046, 1389242, 1743525, 1395470, 1389744, 1390535, 1391427, 1505544, 1359273, 1357019]"
"RNNB-6-2-20240117","[1742895, 1356796, 1470478, 1357143, 1564609, 1390899, 1393498, 1513980, 1360746, 1493558]"
"RNNB-6-2-20240118","[1389508, 1360013, 1744352, 1502939, 1639681, 1389535, 1391352, 1481963, 1393503, 1357189]"
"RNNB-6-3-20240117","[1362179, 1356796, 1561314, 1356845, 1742895, 1356811, 1361374, 1391070, 1563735, 1396587]"
"RNNB-6-3-20240118","[1389508, 1744352, 1502939, 1453542, 1360013, 1356796, 1389535, 1391352, 1394765, 1427718]"
"RNNB-6-4-20240117","[1744551, 1744023, 1744489, 1744413, 1493678, 1359273, 1742895, 1390899, 1361387, 1502458]"
"RNNB-6-4-20240118","[1393503, 1560392, 1399048, 1356796, 1390421, 1513980, 1744035, 1391459, 1502939, 1493558]"
"RNNB-6-5-20240117","[1390541, 1389508, 1390535, 1356796, 1359273, 1663341, 1647185, 1744023, 1744551, 1389135]"
"RNNB-6-5-20240118","[1737437, 1361363, 1669454, 1744392, 1360013, 1391847, 1744412, 1493381, 1357595, 1744154]"
"RNNB-6-6-20240117","[1744023, 1560392, 1390541, 1741908, 1396587, 1744392, 1513980, 1356845, 1742895, 1361363]"
"RNNB-6-6-20240118","[1562413, 1513980, 1743819, 1357019, 1743927, 1744023, 1492046, 1389508, 1560392, 1395470]"
"RNNB-6-7-20240117","[1356800, 1357143, 1394413, 1357651, 1513980, 1744551, 1391783, 1560392, 1360594, 1738192]"
"RNNB-6-7-20240118","[1389242, 1395470, 1647256, 1743814, 1738582, 1737495, 1502123]"
"RNNB-6-8-20240117","[1744392, 1481963, 1499783, 1396587, 1742895, 1744023, 1743927, 1560392, 1493662, 1356904]"
"RNNB-6-8-20240118","[1390541, 1560392, 1389508, 1360013, 1360039, 1396587, 1744023, 1453542, 1743927, 1389135]"
"RNNB-6-9-20240117","[1489066, 1563735, 1362179, 1390225, 1435507, 1358118, 1513498, 1742895, 1722432, 1390467]"
"RNNB-6-9-20240118","[1391352, 1560392, 1493061, 1744412, 1505544, 1359906, 1360013, 1743927, 1395470, 1744352]"
"RNNB-7-1-20240118","[1743244, 1360655, 1391783, 1647270, 1545580, 1512782, 1693472, 1668024, 1739083, 1502458]"
"RNNB-7-10-20240118","[1657246, 1399929, 1563735, 1743307, 1394543, 1363043, 1391459, 1392258, 1744055, 1390899]"
"RNNB-7-2-20240118","[1392258, 1392218, 1744551, 1390467, 1744055]"
"RNNB-7-3-20240118","[1647156, 1357143, 1356796, 1361363, 1392218, 1493558, 1452695, 1502540, 1392258, 1358831]"
"RNNB-7-4-20240118","[1356800, 1742895, 1359388, 1744396, 1513485, 1453531, 1738795, 1394674, 1394413, 1647575]"
"RNNB-7-5-20240118","[1356796, 1743525, 1357143, 1389242, 1400017, 1392175, 1358326, 1392258, 1518932, 1743218]"
"RNNB-7-6-20240118","[1392258, 1518932, 1361354, 1400079, 1389242, 1502797, 1492739]"
"RNNB-7-7-20240118","[1390469, 1361354, 1361464, 1492739, 1392258, 1744218, 1400079, 1744868, 1389242, 1361175]"
"RNNB-7-8-20240118","[1394413, 1358012, 1513980, 1564554, 1356796, 1363055, 1399589, 1362179, 1360746, 1647575]"
"RNNB-7-9-20240118","[1394674, 1362447, 1392258, 1362179, 1389242, 1518932, 1502797, 1688110, 1502540, 1391459]"
"RNNB-8-1-20240118","[1390467, 1563230, 1357595, 1389242, 1499783, 1743819, 1502684, 1688110, 1743665, 1392846]"
"RNNB-8-10-20240118","[1389242, 1493109, 1647575, 1390467, 1360013, 1397779, 1722432, 1359273, 1651204, 1502797]"
"RNNB-8-2-20240118","[1743375, 1737437, 1743806, 1390467, 1556901, 1687979, 1647153, 1499783, 1457187, 1498118]"
"RNNB-8-3-20240118","[1400079, 1531432, 1427718, 1356800, 1359273, 1392846, 1392258, 1737437, 1435507, 1744027]"
"RNNB-8-4-20240118","[1639681, 1647575, 1360013, 1363433, 1390467, 1359906, 1556901, 1545700, 1647153, 1391352]"
"RNNB-8-5-20240118","[1493109, 1647575, 1645890, 1360013, 1639681, 1394765, 1392846, 1743665, 1531432, 1390467]"
"RNNB-8-6-20240118","[1639681, 1452695, 1392846, 1647575, 1396600, 1743244, 1493109, 1390467, 1359906, 1645890]"
"RNNB-8-7-20240118","[1502057, 1390467, 1356300, 1502797, 1647236, 1639681, 1358924, 1743663, 1394053, 1531432]"
"RNNB-8-8-20240118","[1743375, 1358967, 1492046, 1743537, 1396274, 1457187, 1390467, 1639681, 1456747, 1482049]"
"RNNB-8-9-20240118","[1390467, 1394765, 1531432, 1647575, 1653641, 1492046, 1358924, 1396600, 1651204, 1639681]"
