"quadrat_id","species_ids"
"2024-CEV3-20240602","[1397516, 1413421, 1399827]"
"CBN-PdlC-A1-20130807","[1394915, 1389135, 1399800, 1480731, 1548249, 1737662, 1358326, 1645887, 1722432, 1398827]"
"CBN-PdlC-A1-20130903","[1394843, 1744618, 1394915, 1390899, 1396294, 1564310, 1673309, 1362179, 1723185, 1652252]"
"CBN-PdlC-A1-20140721","[1645887, 1360525, 1743375, 1452284, 1647175, 1669044, 1358862, 1722432, 1359593, 1394915]"
"CBN-PdlC-A1-20140811","[1645887, 1390693, 1394915, 1389508, 1480731, 1356765, 1564310, 1396294, 1523597, 1743799]"
"CBN-PdlC-A1-20140901","[1394843, 1394915, 1737490, 1564310, 1744208, 1359593, 1390899, 1722432, 1392175, 1744868]"
"CBN-PdlC-A1-20150701","[1452284, 1723185, 1393686, 1564310, 1645887, 1389508, 1481963, 1359593, 1744425, 1628960]"
"CBN-PdlC-A1-20150720","[1480731, 1645887, 1396059, 1532993]"
"CBN-PdlC-A1-20150831","[1480731, 1645887, 1499783, 1399800, 1396059, 1744425, 1564310, 1556685, 1362179, 1394843]"
"CBN-PdlC-A1-20160705","[1647175, 1452284, 1743375, 1480731, 1743319, 1564310, 1499783, 1390693, 1588647, 1669044]"
"CBN-PdlC-A1-20160726","[1393887, 1359593, 1394915, 1394543, 1645887, 1399800, 1394843, 1744473, 1741799, 1744479]"
"CBN-PdlC-A1-20170816","[1392291, 1390693, 1390899, 1499783, 1389508, 1399800, 1400074, 1645887, 1394915, 1392513]"
"CBN-PdlC-A1-20170906","[1645887, 1743375, 1499783, 1396059, 1647175, 1392054, 1390693, 1647575, 1392044]"
"CBN-PdlC-A1-20180702","[1360525, 1452284, 1743819, 1743375, 1392960, 1367432, 1396561, 1743385, 1580587]"
"CBN-PdlC-A1-20180815","[1450786, 1363043, 1743375, 1396691, 1399800, 1392054, 1645887, 1738961]"
"CBN-PdlC-A1-20180905","[1561314, 1393973, 1647175, 1645887, 1499783, 1392044, 1392054, 1363043, 1743904, 1396691]"
"CBN-PdlC-A1-20190701","[1645887, 1398780, 1744425, 1744015, 1504116, 1399800, 1390899, 1398740, 1359386, 1479520]"
"CBN-PdlC-A1-20190722","[1645887, 1480731, 1741752, 1532993, 1722432, 1513956, 1556685, 1744208, 1743760, 1360780]"
"CBN-PdlC-A1-20190812","[1647175, 1744208, 1647154, 1396059, 1564310, 1480731, 1499783, 1396294, 1645887, 1743385]"
"CBN-PdlC-A1-20190909","[1583450, 1499783]"
"CBN-PdlC-A1-20200629","[1628862, 1390388, 1391400, 1392054, 1399800, 1668525, 1362320, 1743927, 1356765, 1394672]"
"CBN-PdlC-A1-20200722","[1556685, 1743375, 1396294, 1645887, 1394915, 1480731, 1722432, 1359593, 1564310]"
"CBN-PdlC-A1-20200812","[1396294, 1360780, 1389135, 1744425, 1645887, 1743904, 1737561, 1480731, 1363043, 1392044]"
"CBN-PdlC-A2-20130807","[1645887, 1741752, 1396294, 1506481, 1389508, 1742895, 1664942]"
"CBN-PdlC-A2-20130903","[1645887, 1389508, 1394915, 1391400, 1358568, 1562391, 1400079, 1393952]"
"CBN-PdlC-A2-20140721","[1392054, 1389535, 1744325, 1396691, 1647575, 1356708, 1507261, 1743904, 1499783]"
"CBN-PdlC-A2-20140901","[1392054, 1390693, 1645887, 1356708, 1389508, 1647575, 1564317, 1743904]"
"CBN-PdlC-A2-20150720","[1645887, 1499783, 1396691, 1393353, 1647575, 1506481, 1564317, 1356488]"
"CBN-PdlC-A2-20150810","[1645887, 1499783, 1506481, 1396691, 1743375, 1564310, 1392054, 1564317, 1652252, 1391226]"
"CBN-PdlC-A2-20150831","[1743904, 1645887, 1356708, 1506481, 1564317, 1739203, 1507261, 1564310, 1744865, 1738583]"
"CBN-PdlC-A2-20160705","[1743904, 1645887, 1390388, 1499783, 1744425, 1392054, 1495410, 1356708, 1396691]"
"CBN-PdlC-A2-20160726","[1645887, 1506481, 1396691, 1390693, 1743904, 1743375, 1744473, 1399800]"
"CBN-PdlC-A2-20170816","[1499783, 1743375, 1390693, 1392054, 1396691, 1647575, 1356708, 1743904, 1392044, 1564317]"
"CBN-PdlC-A2-20180702","[1392054, 1396691, 1360907, 1741701, 1743904]"
"CBN-PdlC-A2-20180723","[1390693, 1645887, 1506481, 1723185, 1392054, 1647575, 1502800, 1564310, 1356708, 1499783]"
"CBN-PdlC-A2-20180815","[1396691, 1499783, 1392054, 1743375]"
"CBN-PdlC-A2-20180905","[1392054, 1390693, 1743904, 1499783, 1396691, 1739203, 1744425, 1564317, 1647575]"
"CBN-PdlC-A2-20190701","[1743308, 1645887]"
"CBN-PdlC-A2-20190722","[1743375, 1645887, 1556901, 1499783, 1744207, 1390662]"
"CBN-PdlC-A2-20190812","[1499783, 1739203, 1390693, 1389687, 1396691, 1513956, 1647575, 1744208]"
"CBN-PdlC-A2-20190909","[1499783, 1392054, 1744425, 1396691, 1390693, 1399800, 1743375, 1564317]"
"CBN-PdlC-A2-20200629","[1628862, 1744425, 1743819, 1392054, 1359593, 1392928, 1738683, 1628960, 1391400, 1356708]"
"CBN-PdlC-A2-20200722","[1645887, 1743375, 1499783, 1396294, 1362136]"
"CBN-PdlC-A2-20200812","[1499783, 1396691, 1743904, 1647575, 1390662]"
"CBN-PdlC-A3-20130807","[1450786, 1499783, 1392054, 1504116, 1744015, 1564310, 1628811, 1739203, 1645887, 1458364]"
"CBN-PdlC-A3-20130903","[1390899, 1389508, 1419963, 1392291, 1645887, 1743375, 1583450, 1400074, 1358523, 1722432]"
"CBN-PdlC-A3-20140721","[1499783, 1743375, 1389401, 1392470, 1425448]"
"CBN-PdlC-A3-20140811","[1645887, 1561314, 1743385, 1396339, 1362273, 1392755, 1739203]"
"CBN-PdlC-A3-20140901","[1361619, 1356708, 1645887, 1390693, 1743375, 1358523, 1499783, 1392175]"
"CBN-PdlC-A3-20150701","[1392291, 1564317, 1499783, 1390693, 1396864, 1743375]"
"CBN-PdlC-A3-20150720","[1499783, 1564317, 1548680, 1458419, 1360907, 1393992, 1504116]"
"CBN-PdlC-A3-20150810","[1564310, 1564317, 1645887, 1561314, 1392291, 1357584, 1392175, 1499638, 1744473, 1499783]"
"CBN-PdlC-A3-20150831","[1499783, 1564317, 1645887, 1561314, 1564310, 1739203, 1392054, 1743385, 1396591, 1392175]"
"CBN-PdlC-A3-20160705","[1396691, 1645887, 1744389, 1499783, 1390225, 1390388]"
"CBN-PdlC-A3-20160726","[1743375, 1564317, 1396691, 1645887, 1363043, 1393887, 1394543, 1359593, 1399800, 1743385]"
"CBN-PdlC-A3-20170816","[1499783, 1564317, 1390693, 1739203, 1743375, 1523071, 1356708, 1389508, 1737437]"
"CBN-PdlC-A3-20170906","[1499783, 1396691, 1564317]"
"CBN-PdlC-A3-20180702","[1743309, 1647263, 1396691]"
"CBN-PdlC-A3-20180723","[1499783, 1390693, 1564317, 1394843, 1358523, 1564310, 1492055, 1356765, 1645887, 1499638]"
"CBN-PdlC-A3-20180815","[1564317, 1499783, 1499638, 1393462, 1722566]"
"CBN-PdlC-A3-20180905","[1564310, 1499783, 1739203, 1564317, 1396591, 1356765]"
"CBN-PdlC-A3-20190701","[1452284, 1743663, 1392291, 1359386, 1722566, 1743309, 1389508, 1393826]"
"CBN-PdlC-A3-20190722","[1499783, 1564317, 1420566, 1743375, 1531614, 1393992, 1741752, 1743385, 1564310, 1389744]"
"CBN-PdlC-A3-20190812","[1499783, 1645887, 1502831, 1420566]"
"CBN-PdlC-A3-20190909","[1499783, 1564310, 1564317, 1743375, 1667408, 1358523, 1687979]"
"CBN-PdlC-A3-20200629","[1744294, 1457213, 1628862, 1356078, 1362320, 1687895, 1359593, 1390388, 1391459, 1361517]"
"CBN-PdlC-A3-20200722","[1499783, 1564317, 1743375, 1564310, 1556901]"
"CBN-PdlC-A3-20200812","[1564310, 1499783, 1743375, 1744473, 1564317, 1667408, 1358523, 1502831, 1645887, 1392291]"
"CBN-PdlC-A4-20130807","[1722432, 1399800, 1392513]"
"CBN-PdlC-A4-20130903","[1722432, 1564555, 1400074, 1394596, 1499783, 1389508, 1362682, 1390899]"
"CBN-PdlC-A4-20140811","[1360746, 1744027, 1498118]"
"CBN-PdlC-A4-20140901","[1392114, 1392201, 1743385, 1392625, 1744618]"
"CBN-PdlC-A4-20150701","[1357866, 1393686, 1653641, 1394843, 1744618, 1628811, 1744208, 1392894]"
"CBN-PdlC-A4-20150810","[1722432, 1743819, 1743786, 1392290, 1743385, 1744618, 1393686, 1653641, 1452284, 1504027]"
"CBN-PdlC-A4-20150831","[1392201, 1743385, 1393973, 1390899, 1363043, 1499783, 1390467]"
"CBN-PdlC-A4-20160705","[1357543, 1399800, 1743375, 1741661, 1392201]"
"CBN-PdlC-A4-20160726","[1389244, 1502939, 1502831, 1743385, 1392201, 1392051, 1657246, 1504027, 1392114, 1396294]"
"CBN-PdlC-A4-20170816","[1394915, 1399800, 1392513, 1390693, 1392054, 1653641, 1743375, 1452284, 1505488, 1359386]"
"CBN-PdlC-A4-20170906","[1392201, 1393973, 1392054, 1390693, 1392892, 1392291, 1396691]"
"CBN-PdlC-A4-20180702","[1393686, 1743448, 1548249, 1741661, 1452284, 1723185, 1742074, 1392054, 1357866, 1400079]"
"CBN-PdlC-A4-20180723","[1744618, 1392114, 1645887, 1743309, 1393686, 1359386, 1743819, 1360907, 1396527, 1723185]"
"CBN-PdlC-A4-20180815","[1744868, 1744618, 1393686, 1396527, 1653641, 1560392]"
"CBN-PdlC-A4-20180905","[1393973, 1741954, 1392201, 1392291, 1743385]"
"CBN-PdlC-A4-20190701","[1741661, 1393686, 1743448, 1723185, 1743583, 1362136, 1392054, 1743309]"
"CBN-PdlC-A4-20190722","[1743583, 1389401, 1393973, 1741661, 1741954, 1392201, 1392290]"
"CBN-PdlC-A4-20190812","[1741954, 1389401, 1647155, 1356001]"
"CBN-PdlC-A4-20190909","[1392201, 1741661, 1394843, 1744618, 1392114, 1356708, 1693472, 1392477, 1722566, 1392291]"
"CBN-PdlC-A4-20200629","[1687979, 1452284, 1393686, 1741661, 1743448, 1392201, 1389401, 1479524]"
"CBN-PdlC-A4-20200722","[1743583, 1389401, 1684273, 1396691, 1389017, 1392290, 1392097, 1653641, 1744618, 1564317]"
"CBN-PdlC-A4-20200812","[1392201, 1744618, 1741661, 1697320, 1743931, 1743786, 1392075, 1743583, 1392114, 1453584]"
"CBN-PdlC-A5-20130807","[1573648, 1743583, 1723185, 1647823, 1722432, 1684273, 1499783, 1389010]"
"CBN-PdlC-A5-20130903","[1723185, 1399485, 1395369, 1390244, 1573648, 1513956, 1647173, 1744208, 1532993]"
"CBN-PdlC-A5-20140721","[1723185, 1743448, 1392201]"
"CBN-PdlC-A5-20140811","[1499783]"
"CBN-PdlC-A5-20150701","[1723185, 1361387, 1532993, 1395074, 1390662, 1744208, 1389986, 1452284, 1744395, 1628867]"
"CBN-PdlC-A5-20150831","[1723185, 1573648, 1532993, 1684273, 1452284, 1657246, 1743659, 1481963, 1743448, 1513956]"
"CBN-PdlC-A5-20160705","[1392201, 1741661, 1743101, 1510341, 1362179]"
"CBN-PdlC-A5-20160726","[1657246, 1556685, 1392201, 1532993, 1744208, 1744395, 1647338, 1393992, 1452284, 1647155]"
"CBN-PdlC-A5-20170816","[1532993, 1359273, 1737546, 1363043, 1396691, 1647575]"
"CBN-PdlC-A5-20170906","[1513956, 1392201, 1744067, 1647575]"
"CBN-PdlC-A5-20180815","[1723185, 1722566, 1358128, 1392054, 1359386, 1394915, 1389508, 1647150, 1394843, 1393964]"
"CBN-PdlC-A5-20180905","[1532993, 1513956, 1744635, 1392201, 1722704, 1744169, 1647575, 1564317, 1390693, 1479671]"
"CBN-PdlC-A5-20190909","[1744208, 1573648]"
"CBN-PdlC-A5-20200722","[1723185, 1744208, 1396523, 1744395, 1393668, 1393992, 1478565, 1393686, 1697320, 1532993]"
"CBN-PdlC-A6-20130807","[1741661, 1744035, 1357102, 1393992, 1396691, 1622910, 1499783]"
"CBN-PdlC-A6-20130903","[1741661, 1743799, 1499783, 1396242, 1396587]"
"CBN-PdlC-A6-20140630","[1391764, 1395074, 1363823, 1687895, 1738683, 1392470, 1357543, 1480731, 1391400]"
"CBN-PdlC-A6-20140721","[1392201, 1741661, 1389401, 1394828]"
"CBN-PdlC-A6-20140901","[1564555]"
"CBN-PdlC-A6-20150701","[1363362, 1741661, 1743583, 1563230, 1743819, 1396242, 1392201, 1392075, 1743448, 1684273]"
"CBN-PdlC-A6-20150810","[1743660, 1363043, 1741661, 1564555, 1743583, 1693472, 1499783, 1396242, 1356796]"
"CBN-PdlC-A6-20150831","[1741661, 1392201, 1393973, 1532190, 1499783, 1392075, 1360039]"
"CBN-PdlC-A6-20160705","[1741661, 1392201, 1390899, 1479524, 1396007]"
"CBN-PdlC-A6-20160726","[1741661, 1393973, 1684273, 1479524, 1743448, 1743583, 1390899]"
"CBN-PdlC-A6-20170816","[1741661, 1687979, 1657246]"
"CBN-PdlC-A6-20170906","[1741661, 1392513]"
"CBN-PdlC-A6-20180702","[1741661, 1657246, 1622910, 1392513, 1389401, 1743583]"
"CBN-PdlC-A6-20180723","[1684273, 1741661, 1358263, 1400079, 1394843, 1693472, 1743560, 1743819, 1358568, 1743660]"
"CBN-PdlC-A6-20180815","[1657246, 1693472, 1400079, 1741661]"
"CBN-PdlC-A6-20180905","[1741661, 1657246, 1392477]"
"CBN-PdlC-A6-20190701","[1741661, 1622910, 1517471, 1657246, 1673119, 1687979, 1363823, 1395074, 1744534, 1499783]"
"CBN-PdlC-A6-20190722","[1392201, 1741661, 1687979, 1743583, 1669567, 1504027, 1744362]"
"CBN-PdlC-A6-20190812","[1741661, 1394843, 1390899, 1389401, 1479415, 1392892, 1517471]"
"CBN-PdlC-A6-20190909","[1741661, 1743583, 1647153, 1743398, 1392201, 1359386, 1547096, 1392114, 1360039, 1363710]"
"CBN-PdlC-A6-20200722","[1743583, 1392201, 1668024, 1363823, 1744208, 1741661, 1513956, 1744618, 1391053, 1393973]"
"CBN-PdlC-A6-20200812","[1741661, 1744035, 1510341]"
"CBN-PdlC-B1-20130807","[1358326, 1398988, 1389135, 1391596, 1744027, 1667408, 1518628, 1396682, 1502831, 1389448]"
"CBN-PdlC-B1-20130903","[1389135, 1360504, 1564310, 1564555, 1737490, 1502831, 1744027]"
"CBN-PdlC-B1-20140721","[1360907, 1389135, 1360504]"
"CBN-PdlC-B1-20140811","[1744425, 1390693, 1645887, 1667408, 1744060, 1391697, 1739066]"
"CBN-PdlC-B1-20140901","[1744618, 1357584, 1722432]"
"CBN-PdlC-B1-20150701","[1392291, 1452284, 1358523, 1357866]"
"CBN-PdlC-B1-20150720","[1744868, 1390693, 1395608, 1392755, 1495474, 1363043, 1389135]"
"CBN-PdlC-B1-20150810","[1360504, 1737490, 1564310, 1363043, 1397086, 1392291, 1502831]"
"CBN-PdlC-B1-20150831","[1389135, 1667408, 1399800, 1647150, 1393973, 1390899, 1390693, 1392291, 1502831, 1392513]"
"CBN-PdlC-B1-20160705","[1743375, 1392054, 1396691, 1647154, 1647175, 1743474, 1390693, 1392317, 1399800, 1393973]"
"CBN-PdlC-B1-20160726","[1744868, 1397086, 1389508, 1390693, 1400074, 1395608]"
"CBN-PdlC-B1-20170816","[1667408, 1743375]"
"CBN-PdlC-B1-20170906","[1667408, 1363043, 1392755, 1743474]"
"CBN-PdlC-B1-20180702","[1452284, 1360525]"
"CBN-PdlC-B1-20180723","[1564310, 1394843, 1667408, 1395074, 1628811]"
"CBN-PdlC-B1-20180815","[1363043, 1743375]"
"CBN-PdlC-B1-20180905","[1667408, 1363043, 1390899, 1393973]"
"CBN-PdlC-B1-20190701","[1452284, 1396864, 1389508, 1359593, 1367432, 1397838, 1467324, 1389555, 1723185, 1393686]"
"CBN-PdlC-B1-20190722","[1564310, 1389135, 1363337, 1394843]"
"CBN-PdlC-B1-20190812","[1389135, 1363043, 1395608, 1647153]"
"CBN-PdlC-B1-20190909","[1389135, 1564310, 1667408, 1358523, 1561314, 1357584]"
"CBN-PdlC-B1-20200629","[1743819, 1390662, 1359593, 1563296, 1501047, 1502939, 1392928, 1392099, 1738683, 1628862]"
"CBN-PdlC-B1-20200722","[1564310, 1744868, 1389135, 1495474, 1395074, 1361619]"
"CBN-PdlC-B1-20200812","[1667408, 1395608, 1389135, 1393973]"
"CBN-PdlC-B2-20130807","[1645887, 1389135, 1498118, 1392892, 1390225, 1667408, 1722432, 1360780, 1588647, 1502831]"
"CBN-PdlC-B2-20130903","[1583450, 1396527, 1361619, 1564555, 1564310, 1743819, 1397086, 1389135]"
"CBN-PdlC-B2-20140721","[1389135, 1687979, 1395608, 1743309]"
"CBN-PdlC-B2-20140811","[1564555, 1667408, 1645887, 1397086, 1498118]"
"CBN-PdlC-B2-20140901","[1667408, 1564555, 1359386, 1389135, 1396527, 1498118]"
"CBN-PdlC-B2-20150701","[1743375, 1645887, 1502939, 1667408, 1390225, 1452284, 1396691, 1647156]"
"CBN-PdlC-B2-20150720","[1645887, 1564555, 1389135, 1395608, 1563230, 1390154, 1498118]"
"CBN-PdlC-B2-20150810","[1395608, 1389135, 1498118, 1744868]"
"CBN-PdlC-B2-20150831","[1390693, 1392513, 1363043, 1396691, 1356708]"
"CBN-PdlC-B2-20160705","[1399800, 1743474, 1743375, 1523597, 1360780, 1390225]"
"CBN-PdlC-B2-20160726","[1398988, 1743474, 1742174, 1744425, 1564555, 1359386, 1645887, 1360504, 1399800, 1502831]"
"CBN-PdlC-B2-20170816","[1356708, 1667408, 1392513, 1743474, 1743309]"
"CBN-PdlC-B2-20170906","[1743474, 1667408, 1399800, 1744496, 1667780, 1742773, 1390693, 1390467, 1393973, 1389646]"
"CBN-PdlC-B2-20180702","[1645887, 1392054, 1743904, 1393826, 1743474]"
"CBN-PdlC-B2-20180723","[1397086, 1645887, 1513485, 1744473, 1564310, 1362176, 1502750]"
"CBN-PdlC-B2-20180815","[1390693, 1396691, 1645887, 1744425, 1743904, 1392054]"
"CBN-PdlC-B2-20180905","[1389508, 1667408, 1392513, 1392044, 1389135, 1356708, 1390899]"
"CBN-PdlC-B2-20190701","[1645887, 1360907, 1356708]"
"CBN-PdlC-B2-20190722","[1389135, 1392566, 1396294, 1399800, 1360780, 1741954, 1737488, 1741701, 1395608, 1495410]"
"CBN-PdlC-B2-20190812","[1392513, 1645887, 1390693, 1495430, 1744208]"
"CBN-PdlC-B2-20190909","[1362050, 1389448, 1392044, 1564555]"
"CBN-PdlC-B2-20200629","[1392928, 1628862, 1399800, 1390388, 1392054, 1358326, 1356708, 1391400, 1393544, 1722494]"
"CBN-PdlC-B2-20200722","[1397086, 1389135, 1502750, 1360780, 1741954, 1667408, 1395074, 1502939, 1722445, 1392892]"
"CBN-PdlC-B2-20200812","[1389135, 1667408, 1564555, 1741954, 1668744, 1395608, 1390693, 1532993, 1583450, 1742773]"
"CBN-PdlC-B3-20130807","[1645887, 1396294, 1744642, 1358392, 1743760, 1392513, 1744865, 1390388, 1392054]"
"CBN-PdlC-B3-20130903","[1645887, 1390899, 1399800, 1389508, 1400074, 1744642, 1393952, 1396691, 1722432, 1392291]"
"CBN-PdlC-B3-20140721","[1645887, 1743375, 1356708]"
"CBN-PdlC-B3-20140811","[1743977, 1645887]"
"CBN-PdlC-B3-20140901","[1744642, 1645887, 1743977, 1392075, 1392291, 1743385, 1396294, 1390662, 1362273, 1744865]"
"CBN-PdlC-B3-20150701","[1645887, 1450786, 1390225, 1392470]"
"CBN-PdlC-B3-20150810","[1396294, 1645887, 1743385, 1362273, 1744496, 1479671, 1744642, 1562391, 1390388, 1453584]"
"CBN-PdlC-B3-20150831","[1645887, 1450786, 1561314, 1743375, 1738961, 1362273, 1647150]"
"CBN-PdlC-B3-20160705","[1399800, 1392470]"
"CBN-PdlC-B3-20160726","[1392075, 1645887, 1743385, 1495430]"
"CBN-PdlC-B3-20170816","[1743904, 1645887, 1396294, 1564317, 1505488, 1392983, 1480601, 1743375, 1390899, 1738961]"
"CBN-PdlC-B3-20170906","[1645887, 1636854, 1390693, 1396691, 1499783, 1450786, 1647175]"
"CBN-PdlC-B3-20180702","[1645887, 1393686, 1399800, 1390693, 1743980, 1359593, 1550197, 1389508, 1744642, 1722432]"
"CBN-PdlC-B3-20180723","[1645887, 1390899, 1394843, 1357866]"
"CBN-PdlC-B3-20180815","[1390693, 1398780, 1394674, 1653641, 1722566, 1564317, 1357866, 1645887, 1562391, 1358523]"
"CBN-PdlC-B3-20180905","[1390693, 1743375, 1450786, 1743904, 1499783, 1357543]"
"CBN-PdlC-B3-20190701","[1645887, 1722432, 1390693, 1392054, 1396864, 1493109, 1356708]"
"CBN-PdlC-B3-20190722","[1645887, 1743375, 1564310, 1499783, 1652252, 1392054, 1564317]"
"CBN-PdlC-B3-20190812","[1564310, 1390693, 1450786]"
"CBN-PdlC-B3-20190909","[1645887, 1499783, 1390899, 1743375, 1399800, 1396294, 1359386, 1647175, 1564317, 1652252]"
"CBN-PdlC-B3-20200629","[1359593, 1628862, 1399800, 1744425, 1390388, 1645887, 1743927, 1457213, 1741616, 1743309]"
"CBN-PdlC-B3-20200722","[1499783, 1564310, 1358523, 1645887, 1393992, 1564317, 1492055, 1722432, 1562391]"
"CBN-PdlC-B3-20200812","[1645887, 1564310, 1743375, 1407770, 1513956, 1399800, 1393992, 1356708, 1390899, 1392175]"
"CBN-PdlC-B4-20130807","[1693472, 1645887, 1741661, 1452284, 1396691, 1360291, 1743449, 1356765, 1396628, 1393992]"
"CBN-PdlC-B4-20130903","[1741661, 1394843, 1499783, 1357048, 1693472, 1452284, 1390899]"
"CBN-PdlC-B4-20140721","[1392513, 1393973, 1479524, 1741661, 1452284, 1564555, 1502939, 1420566]"
"CBN-PdlC-B4-20140811","[1741661, 1396691, 1398768, 1396587, 1495430, 1392054]"
"CBN-PdlC-B4-20140901","[1564555, 1398740, 1744325, 1360964, 1743786, 1396691, 1360588, 1741661]"
"CBN-PdlC-B4-20150701","[1741661, 1397746, 1392513, 1420566, 1452284, 1502939]"
"CBN-PdlC-B4-20150810","[1389530, 1367432, 1743819, 1741661, 1693472, 1452284, 1363710, 1356796, 1390764, 1743786]"
"CBN-PdlC-B4-20150831","[1393973, 1741661, 1741908, 1394331, 1363043, 1479524, 1390899, 1396691, 1744936]"
"CBN-PdlC-B4-20160726","[1741661, 1393973, 1392201, 1657246, 1744425, 1392114, 1392175, 1393992, 1743786, 1393492]"
"CBN-PdlC-B4-20170816","[1741661, 1363710, 1392513, 1392477, 1360039, 1502939, 1513956]"
"CBN-PdlC-B4-20170906","[1741661, 1394064, 1392513, 1420566, 1390899, 1363710, 1502939]"
"CBN-PdlC-B4-20180702","[1741661, 1693472, 1389401, 1743583, 1392513, 1687979, 1391802, 1452284, 1396587, 1743448]"
"CBN-PdlC-B4-20180723","[1693472, 1363823, 1741661, 1396587, 1394064, 1393686, 1744425, 1395074]"
"CBN-PdlC-B4-20180815","[1693472, 1363710, 1737490, 1657246, 1392175, 1395074]"
"CBN-PdlC-B4-20180905","[1395021, 1741661, 1502939, 1743101, 1743786, 1743375, 1657246, 1420566, 1743583, 1391802]"
"CBN-PdlC-B4-20190701","[1741661, 1741985, 1693472, 1392513, 1564554]"
"CBN-PdlC-B4-20190722","[1741661, 1669567, 1452284, 1395021, 1392892, 1743436, 1687895, 1744331, 1743583, 1392513]"
"CBN-PdlC-B4-20190812","[1741661, 1398988, 1392201, 1398827]"
"CBN-PdlC-B4-20190909","[1741661, 1693472, 1359386, 1363710, 1392201, 1479671, 1363823, 1744055, 1647153, 1392892]"
"CBN-PdlC-B4-20200629","[1741661, 1687979, 1392513, 1693472, 1389401, 1396587, 1743583, 1400079, 1645887, 1744362]"
"CBN-PdlC-B4-20200722","[1393992, 1743375, 1452284, 1684273, 1687979, 1693472, 1400079]"
"CBN-PdlC-B4-20200812","[1396691, 1741661, 1390662, 1361517, 1744035, 1363043]"
"CBN-PdlC-B5-20130807","[1573648, 1742895, 1452284, 1645887]"
"CBN-PdlC-B5-20130903","[1394596, 1390899, 1743375, 1722432]"
"CBN-PdlC-B5-20140630","[1360907, 1396587, 1687895, 1357543, 1628954, 1361100, 1479531, 1425448, 1425200, 1396628]"
"CBN-PdlC-B5-20140721","[1392513, 1502939, 1723185, 1357866]"
"CBN-PdlC-B5-20140811","[1744035, 1645887, 1394596, 1573648]"
"CBN-PdlC-B5-20140901","[1564555, 1744035, 1664942, 1684273, 1548249]"
"CBN-PdlC-B5-20150701","[1684273, 1743583, 1645887, 1723185, 1693472]"
"CBN-PdlC-B5-20150720","[1573648, 1723185, 1502939, 1562391, 1396691]"
"CBN-PdlC-B5-20150810","[1684273, 1396294, 1722432, 1458419, 1573648, 1723185]"
"CBN-PdlC-B5-20150831","[1684273, 1396294, 1392513, 1394596, 1637419, 1427718, 1392044, 1502939, 1645887, 1356796]"
"CBN-PdlC-B5-20160705","[1502939, 1392513, 1645887, 1743448, 1741661, 1358568]"
"CBN-PdlC-B5-20160726","[1645887, 1390899, 1573648, 1362136, 1396294, 1394596]"
"CBN-PdlC-B5-20170816","[1392513]"
"CBN-PdlC-B5-20170906","[1502939, 1392513, 1420566, 1396691]"
"CBN-PdlC-B5-20180702","[1357866, 1743375, 1502939, 1390388]"
"CBN-PdlC-B5-20180723","[1684273, 1693472, 1393686, 1741661, 1744035, 1744642, 1394596, 1744425, 1396294, 1723185]"
"CBN-PdlC-B5-20180815","[1723185, 1390899, 1645887, 1389508, 1362179, 1393686, 1358523, 1743375, 1356708, 1742895]"
"CBN-PdlC-B5-20180905","[1392513, 1356708, 1743375, 1743449, 1684273, 1362682, 1392054]"
"CBN-PdlC-B5-20190701","[1693472, 1645887, 1356708, 1389806, 1647263, 1744425, 1358568, 1390899, 1396587]"
"CBN-PdlC-B5-20190722","[1743583, 1396294, 1723185, 1391070, 1573648, 1645887, 1684273, 1392513, 1396691, 1360321]"
"CBN-PdlC-B5-20190812","[1645887, 1573648, 1502939, 1396294, 1741661, 1684273, 1391070, 1393973]"
"CBN-PdlC-B5-20190909","[1396294, 1392513, 1427718, 1684273, 1394596, 1362050]"
"CBN-PdlC-B5-20200629","[1744425, 1743375, 1390388, 1645887]"
"CBN-PdlC-B5-20200722","[1502939, 1532993, 1573648]"
"CBN-PdlC-B5-20200812","[1392513, 1502939, 1396294, 1684273, 1645887, 1573648, 1723185, 1741908, 1390467, 1390899]"
"CBN-PdlC-B6-20130807","[1744035, 1645887, 1744479, 1742895, 1360780, 1744395, 1744642, 1360594, 1549086, 1390899]"
"CBN-PdlC-B6-20130903","[1394596, 1722566, 1664942, 1390899, 1389508, 1499783, 1645887, 1722432, 1360321, 1363069]"
"CBN-PdlC-B6-20140630","[1389508, 1645887, 1743904, 1743309, 1743375, 1548249]"
"CBN-PdlC-B6-20140721","[1645887]"
"CBN-PdlC-B6-20140811","[1722432, 1390899]"
"CBN-PdlC-B6-20140901","[1645887, 1400079, 1684273, 1396294, 1744473, 1743449, 1397365, 1744395, 1363334, 1357050]"
"CBN-PdlC-B6-20150701","[1657246, 1645887, 1744395, 1610808, 1743819, 1743375, 1617109, 1396294, 1390388, 1393686]"
"CBN-PdlC-B6-20150720","[1645887, 1360594, 1396691, 1647338, 1744015]"
"CBN-PdlC-B6-20150810","[1684273, 1645887, 1722432, 1390899, 1744395, 1744473, 1622908, 1400079, 1741752, 1363043]"
"CBN-PdlC-B6-20150831","[1356708, 1645887, 1396691, 1390899, 1392513]"
"CBN-PdlC-B6-20160705","[1645887, 1390899, 1744496, 1390225, 1723185]"
"CBN-PdlC-B6-20160726","[1390899, 1645887, 1396294]"
"CBN-PdlC-B6-20170816","[1647575, 1396691, 1399800, 1356708, 1393992]"
"CBN-PdlC-B6-20170906","[1636854, 1396691, 1647575, 1392054, 1390693]"
"CBN-PdlC-B6-20180702","[1390388, 1645887, 1390899, 1393973, 1502939, 1743904, 1399800, 1744425]"
"CBN-PdlC-B6-20180723","[1645887, 1390899, 1562391, 1684273, 1396294, 1722432, 1393952, 1664942]"
"CBN-PdlC-B6-20180905","[1356708, 1744425, 1399800, 1392513]"
"CBN-PdlC-B6-20190701","[1361263, 1562391, 1723185, 1645887, 1452284, 1389508, 1657246]"
"CBN-PdlC-B6-20190722","[1743375, 1722432, 1645887, 1396294, 1744395, 1390899, 1458419, 1684273, 1723185, 1392201]"
"CBN-PdlC-B6-20190812","[1360594]"
"CBN-PdlC-B6-20190909","[1356708, 1499783, 1390899, 1358523, 1362682]"
"CBN-PdlC-B6-20200629","[1360372, 1390388, 1358568, 1357866, 1392054]"
"CBN-PdlC-B6-20200722","[1645887, 1556685, 1390899, 1392201, 1399800, 1744395, 1502939, 1396294]"
"CBN-PdlC-B6-20200812","[1390899, 1645887, 1652252, 1393992, 1744395, 1502939, 1360594]"
"CBN-PdlC-C1-20130807","[1390388, 1743306, 1657246, 1743814, 1744169, 1743406, 1357866, 1744395]"
"CBN-PdlC-C1-20130903","[1744395, 1394596, 1389508, 1362682]"
"CBN-PdlC-C1-20140721","[1392051, 1399800, 1610802, 1636854]"
"CBN-PdlC-C1-20140811","[1393992]"
"CBN-PdlC-C1-20140901","[1722432]"
"CBN-PdlC-C1-20150701","[1399800, 1737489, 1657246, 1362055, 1645887, 1419963, 1744170, 1744293, 1390693, 1399730]"
"CBN-PdlC-C1-20150720","[1393992]"
"CBN-PdlC-C1-20150810","[1361263]"
"CBN-PdlC-C1-20150831","[1390899, 1722432, 1356708, 1738583, 1481080, 1392054]"
"CBN-PdlC-C1-20160705","[1392470, 1360907, 1647575, 1392317, 1743472, 1358118, 1452689, 1393087]"
"CBN-PdlC-C1-20160726","[1452585, 1744473, 1362367]"
"CBN-PdlC-C1-20170816","[1722432]"
"CBN-PdlC-C1-20170906","[1399800, 1744635, 1389687, 1647153]"
"CBN-PdlC-C1-20180723","[1523071, 1744395]"
"CBN-PdlC-C1-20180815","[1389508]"
"CBN-PdlC-C1-20180905","[1361576]"
"CBN-PdlC-C1-20190701","[1628960, 1744294, 1513485, 1362320, 1392470, 1489066, 1396600, 1744293, 1741677, 1399800]"
"CBN-PdlC-C1-20190722","[1744395, 1393992, 1573648]"
"CBN-PdlC-C1-20190812","[1393992, 1452585, 1744207]"
"CBN-PdlC-C1-20190909","[1392044]"
"CBN-PdlC-C1-20200722","[1393887, 1357866, 1647338]"
"CBN-PdlC-C1-20200812","[1651322, 1744395]"
"CBN-PdlC-C2-20130903","[1390899, 1394915, 1506481, 1722432, 1499783, 1399800]"
"CBN-PdlC-C2-20140721","[1399800, 1645887, 1392054, 1743101, 1450786, 1743375, 1743714, 1744169, 1360594, 1389401]"
"CBN-PdlC-C2-20140811","[1645887, 1743375, 1397535, 1744473, 1360289, 1399800, 1399118, 1359593, 1482049, 1394915]"
"CBN-PdlC-C2-20140901","[1390899, 1399800, 1722432, 1356708, 1645887, 1361169, 1390693, 1743714, 1400074, 1356765]"
"CBN-PdlC-C2-20150701","[1645887, 1399800, 1647175, 1390899, 1743375, 1419963, 1392054, 1647338]"
"CBN-PdlC-C2-20150720","[1499783, 1739203, 1392054, 1564317, 1561314]"
"CBN-PdlC-C2-20150810","[1722432, 1499783, 1743375, 1390899, 1741752, 1392054, 1645887, 1360289]"
"CBN-PdlC-C2-20150831","[1645887, 1499783, 1391077, 1583450, 1548249, 1741752, 1390899, 1393095, 1398780]"
"CBN-PdlC-C2-20160705","[1399800, 1744169, 1392054, 1744635, 1647175, 1743375, 1687993, 1392470]"
"CBN-PdlC-C2-20160726","[1743375, 1744473, 1657246, 1645887, 1399800, 1495430]"
"CBN-PdlC-C2-20170816","[1399800, 1739203, 1722432, 1523071, 1391077, 1392054, 1390899, 1744425]"
"CBN-PdlC-C2-20170906","[1399800, 1392054, 1360594, 1744425, 1742773, 1499783, 1744635, 1361275]"
"CBN-PdlC-C2-20180723","[1722432, 1376496, 1645887, 1390899, 1523071, 1743375]"
"CBN-PdlC-C2-20180815","[1390899, 1399800, 1744425, 1376496, 1523071, 1499783, 1645887, 1390693, 1356708]"
"CBN-PdlC-C2-20180905","[1399800, 1739203, 1392054, 1523071, 1450786, 1645887, 1744169, 1588647, 1499783]"
"CBN-PdlC-C2-20190701","[1744294, 1628960, 1645887, 1389535, 1741701, 1687883, 1741616, 1364156, 1738683, 1392341]"
"CBN-PdlC-C2-20190722","[1744395]"
"CBN-PdlC-C2-20190812","[1739203, 1564310, 1743385, 1360594, 1744208, 1499783, 1722704, 1392054, 1393887, 1513956]"
"CBN-PdlC-C2-20190909","[1399800, 1499783, 1390899, 1744425, 1652252, 1743375]"
"CBN-PdlC-C2-20200722","[1722432, 1399800, 1548249]"
"CBN-PdlC-C2-20200812","[1390899, 1564310, 1499783, 1684273, 1504027, 1722432, 1744425, 1645887, 1376496, 1390244]"
"CBN-PdlC-C3-20130807","[1392317, 1357866, 1743306, 1393544, 1739065]"
"CBN-PdlC-C3-20130903","[1358568, 1399800, 1389508, 1395620, 1392314, 1392513]"
"CBN-PdlC-C3-20140721","[1392317, 1399800, 1358568, 1504027, 1723185, 1667408]"
"CBN-PdlC-C3-20140811","[1523071, 1741752, 1564310, 1573648]"
"CBN-PdlC-C3-20140901","[1392291, 1399485, 1450786]"
"CBN-PdlC-C3-20150701","[1392317, 1399800]"
"CBN-PdlC-C3-20150720","[1744395, 1722432]"
"CBN-PdlC-C3-20150831","[1390899]"
"CBN-PdlC-C3-20160705","[1392317]"
"CBN-PdlC-C3-20160726","[1722432]"
"CBN-PdlC-C3-20170816","[1744425, 1399800, 1390899]"
"CBN-PdlC-C3-20170906","[1399800]"
"CBN-PdlC-C3-20180723","[1723185, 1647823, 1573648]"
"CBN-PdlC-C3-20180815","[1744425]"
"CBN-PdlC-C3-20180905","[1399800, 1390899, 1744169]"
"CBN-PdlC-C3-20190701","[1744294, 1578145, 1360372, 1489066, 1492256, 1362320, 1358874, 1743294, 1391764, 1628960]"
"CBN-PdlC-C3-20190722","[1744395]"
"CBN-PdlC-C3-20190812","[1389508, 1389687]"
"CBN-PdlC-C3-20190909","[1390899, 1399800, 1523071, 1573648]"
"CBN-PdlC-C3-20200722","[1744395, 1722432, 1390899]"
"CBN-PdlC-C3-20200812","[1744395, 1622910, 1393668, 1390899]"
"CBN-PdlC-C4-20130807","[1645887, 1743375]"
"CBN-PdlC-C4-20130903","[1390899]"
"CBN-PdlC-C4-20140721","[1645887, 1653641]"
"CBN-PdlC-C4-20140811","[1499783]"
"CBN-PdlC-C4-20140901","[1390693]"
"CBN-PdlC-C4-20150701","[1479415, 1400079, 1390388]"
"CBN-PdlC-C4-20150720","[1645887, 1392201, 1396294]"
"CBN-PdlC-C4-20150831","[1390899, 1645887, 1394596, 1499783, 1399800, 1390467]"
"CBN-PdlC-C4-20160705","[1502939]"
"CBN-PdlC-C4-20160726","[1392201]"
"CBN-PdlC-C4-20170816","[1356708, 1743375, 1390899, 1390225]"
"CBN-PdlC-C4-20170906","[1744425]"
"CBN-PdlC-C4-20180723","[1358523, 1741752, 1393952, 1389010, 1395106, 1645887, 1743660, 1647823, 1744395, 1393686]"
"CBN-PdlC-C4-20180815","[1390899, 1645887, 1358523, 1389508, 1356708, 1392054, 1499783, 1502800, 1523071, 1362179]"
"CBN-PdlC-C4-20180905","[1390225]"
"CBN-PdlC-C4-20190701","[1645887, 1743904, 1664942, 1391764, 1362273, 1737490, 1653641, 1743375, 1361374, 1389508]"
"CBN-PdlC-C4-20190722","[1723185, 1358523, 1573648, 1499783, 1645887, 1722432, 1361619]"
"CBN-PdlC-C4-20190812","[1743375, 1588647, 1396294, 1645887, 1479415]"
"CBN-PdlC-C4-20190909","[1396294, 1390899, 1358523, 1356708, 1744642, 1394843]"
"CBN-PdlC-C4-20200722","[1573648, 1744642]"
"CBN-PdlC-C4-20200812","[1358523, 1664942, 1743375, 1684273, 1390899]"
"CBN-PdlC-C5-20130807","[1722432, 1360594]"
"CBN-PdlC-C5-20130903","[1389508, 1390899, 1547096, 1723185]"
"CBN-PdlC-C5-20140721","[1723185]"
"CBN-PdlC-C5-20140811","[1573648, 1390899, 1744169, 1547096, 1389508]"
"CBN-PdlC-C5-20140901","[1390899]"
"CBN-PdlC-C5-20150701","[1400079, 1399800, 1390388, 1392175]"
"CBN-PdlC-C5-20150720","[1722432, 1744395]"
"CBN-PdlC-C5-20150810","[1390899, 1390467, 1389508, 1399800, 1392291, 1744395, 1722432]"
"CBN-PdlC-C5-20150831","[1392201, 1722432, 1390467]"
"CBN-PdlC-C5-20160705","[1358012, 1743474]"
"CBN-PdlC-C5-20160726","[1722432, 1390899]"
"CBN-PdlC-C5-20170816","[1399800]"
"CBN-PdlC-C5-20170906","[1399800, 1743474]"
"CBN-PdlC-C5-20180723","[1358523, 1647823, 1744395, 1573648, 1523071]"
"CBN-PdlC-C5-20180815","[1389508, 1390225, 1722432, 1743951]"
"CBN-PdlC-C5-20180905","[1399800, 1390225, 1399082]"
"CBN-PdlC-C5-20190701","[1452284, 1390467]"
"CBN-PdlC-C5-20190722","[1722432, 1573648, 1399118, 1684273, 1396294, 1392201, 1741954, 1743704, 1744208]"
"CBN-PdlC-C5-20190812","[1389135, 1645887]"
"CBN-PdlC-C5-20190909","[1573648]"
"CBN-PdlC-C5-20200722","[1722432, 1573648]"
"CBN-PdlC-C5-20200812","[1389508, 1400074]"
"CBN-PdlC-C6-20130807","[1647823, 1392928, 1399800, 1390467, 1389135]"
"CBN-PdlC-C6-20130903","[1394596, 1389508]"
"CBN-PdlC-C6-20140721","[1358568, 1435507, 1743474]"
"CBN-PdlC-C6-20140811","[1390899, 1722432, 1547096, 1573648, 1400079]"
"CBN-PdlC-C6-20140901","[1362367, 1396587, 1391802]"
"CBN-PdlC-C6-20150701","[1400079, 1419963, 1392317]"
"CBN-PdlC-C6-20150720","[1722432]"
"CBN-PdlC-C6-20150810","[1722432, 1744395, 1562391]"
"CBN-PdlC-C6-20150831","[1392201, 1390899, 1744425, 1392291, 1399800, 1722432]"
"CBN-PdlC-C6-20160705","[1743474, 1647575]"
"CBN-PdlC-C6-20160726","[1722432, 1573648, 1647823, 1389508]"
"CBN-PdlC-C6-20170816","[1399082]"
"CBN-PdlC-C6-20170906","[1499783, 1399800]"
"CBN-PdlC-C6-20180723","[1647823, 1573648, 1358523, 1523071, 1389986]"
"CBN-PdlC-C6-20180815","[1743951]"
"CBN-PdlC-C6-20180905","[1399800, 1390225]"
"CBN-PdlC-C6-20190701","[1361263, 1396864, 1647154, 1392983, 1361374]"
"CBN-PdlC-C6-20190722","[1743819]"
"CBN-PdlC-C6-20190812","[1359174]"
"CBN-PdlC-C6-20190909","[1397779]"
"CBN-PdlC-C6-20200722","[1744395, 1722432, 1392201]"
"CBN-PdlC-C6-20200812","[1573648, 1392201, 1358523, 1744395]"
"CBN-PdlC-D1-20130807","[1743306, 1743814, 1389010]"
"CBN-PdlC-D1-20130903","[1722432, 1394596, 1389508, 1744395, 1390899]"
"CBN-PdlC-D1-20140721","[1357866]"
"CBN-PdlC-D1-20140811","[1499783, 1361619, 1722432]"
"CBN-PdlC-D1-20140901","[1722432]"
"CBN-PdlC-D1-20150701","[1399800]"
"CBN-PdlC-D1-20150720","[1657246, 1744473]"
"CBN-PdlC-D1-20150810","[1744395, 1722432, 1357050, 1499783]"
"CBN-PdlC-D1-20150831","[1390899, 1392044, 1722432, 1389508]"
"CBN-PdlC-D1-20160705","[1743474, 1390388, 1435507, 1563230, 1743101, 1393864]"
"CBN-PdlC-D1-20160726","[1394543, 1399485, 1744208, 1741954, 1390244, 1390662, 1657246, 1742773]"
"CBN-PdlC-D1-20170816","[1389508]"
"CBN-PdlC-D1-20170906","[1399800, 1743814, 1744425, 1744170]"
"CBN-PdlC-D1-20180723","[1394596, 1744395, 1499783, 1647823, 1722432]"
"CBN-PdlC-D1-20180815","[1389508, 1399800]"
"CBN-PdlC-D1-20180905","[1636854]"
"CBN-PdlC-D1-20190701","[1360907, 1504116, 1398699]"
"CBN-PdlC-D1-20190722","[1722432, 1741752, 1684273]"
"CBN-PdlC-D1-20190812","[1617119]"
"CBN-PdlC-D1-20190909","[1399800, 1392044, 1722432, 1744395, 1362682]"
"CBN-PdlC-D1-20200722","[1556685, 1684273, 1744473, 1657246, 1389986, 1556901]"
"CBN-PdlC-D1-20200812","[1722432, 1744395, 1390899, 1684273, 1389508, 1392044, 1392291, 1573648]"
"CBN-PdlC-D2-20130807","[1744865, 1744067, 1392054, 1425448, 1399800, 1499783, 1737437, 1392341]"
"CBN-PdlC-D2-20130903","[1523071, 1390899, 1425347, 1358568, 1722432, 1723185, 1645887, 1396339]"
"CBN-PdlC-D2-20140721","[1399800, 1392054, 1652252, 1390693, 1558009]"
"CBN-PdlC-D2-20140811","[1499783, 1392264, 1523071, 1564317, 1632987]"
"CBN-PdlC-D2-20140901","[1390899, 1389508, 1392264, 1653641, 1739072, 1645887]"
"CBN-PdlC-D2-20150720","[1499783, 1564310, 1564317, 1739203]"
"CBN-PdlC-D2-20150810","[1390899, 1499783, 1632987, 1523071, 1392755]"
"CBN-PdlC-D2-20150831","[1390899, 1389687, 1499783, 1523071]"
"CBN-PdlC-D2-20160705","[1647575, 1647175, 1563230, 1399800, 1647263, 1435507, 1389535, 1450786]"
"CBN-PdlC-D2-20160726","[1722704, 1556901, 1390244]"
"CBN-PdlC-D2-20170816","[1390899, 1499783, 1392054, 1390693, 1744067, 1394915, 1743474, 1389508]"
"CBN-PdlC-D2-20170906","[1390899, 1361275, 1360594, 1667780, 1399800, 1499783]"
"CBN-PdlC-D2-20180723","[1523071, 1723185, 1737437, 1499783, 1647823, 1645887, 1392894]"
"CBN-PdlC-D2-20180815","[1390899, 1499783, 1653641, 1564317, 1563230, 1523071, 1669616]"
"CBN-PdlC-D2-20180905","[1399800, 1390899, 1361169, 1499783, 1739203]"
"CBN-PdlC-D2-20190701","[1361169, 1744293, 1356407, 1392317, 1358118, 1397838, 1651485, 1358568, 1744351, 1396591]"
"CBN-PdlC-D2-20190722","[1499783, 1645887, 1390899, 1523071, 1564317, 1737437, 1558009, 1564310, 1632987, 1743375]"
"CBN-PdlC-D2-20190812","[1564310, 1499783, 1393992, 1392264, 1744169, 1564317]"
"CBN-PdlC-D2-20190909","[1523071, 1390899, 1744425, 1399800, 1392054, 1392044, 1396447, 1564317, 1743792]"
"CBN-PdlC-D2-20200722","[1499783, 1523071, 1392264, 1722432, 1737437, 1392054, 1723185, 1390899, 1645887, 1743375]"
"CBN-PdlC-D2-20200812","[1523071, 1564310, 1392264, 1499783, 1390899, 1645887, 1688110, 1743375]"
"CBN-PdlC-D3-20130807","[1744169, 1396279, 1744015]"
"CBN-PdlC-D3-20130903","[1396379, 1396059, 1647175, 1744479, 1473216, 1492693, 1363043]"
"CBN-PdlC-D3-20140721","[1396447, 1452689, 1452284, 1667408]"
"CBN-PdlC-D3-20140811","[1390899, 1523071, 1653641, 1738582, 1495474, 1389508]"
"CBN-PdlC-D3-20140901","[1363043, 1390899, 1389687, 1532993, 1363850, 1744473, 1667780]"
"CBN-PdlC-D3-20150701","[1361275, 1399082, 1573648, 1647175, 1393864, 1399800, 1360907]"
"CBN-PdlC-D3-20150720","[1647175, 1396059, 1396379, 1744293, 1499638, 1532993]"
"CBN-PdlC-D3-20150831","[1389687, 1647153, 1396447]"
"CBN-PdlC-D3-20160705","[1492739, 1394312]"
"CBN-PdlC-D3-20160726","[1647175, 1668573, 1743507, 1744425, 1396059, 1396379, 1532993, 1744293, 1499638, 1744473]"
"CBN-PdlC-D3-20170816","[1363043, 1647153]"
"CBN-PdlC-D3-20170906","[1363043, 1741576, 1744635, 1647153, 1394543, 1667780]"
"CBN-PdlC-D3-20180723","[1667408]"
"CBN-PdlC-D3-20180815","[1389508, 1523071, 1492693]"
"CBN-PdlC-D3-20180905","[1390899, 1741775, 1452585]"
"CBN-PdlC-D3-20190701","[1391764, 1360907, 1513485, 1361275]"
"CBN-PdlC-D3-20190722","[1480731, 1743799, 1532993, 1358943, 1502458, 1396379, 1394843, 1684273, 1744642, 1564555]"
"CBN-PdlC-D3-20190812","[1499638, 1396059, 1743567, 1532993, 1647175, 1400017, 1452585, 1399397, 1563230, 1396379]"
"CBN-PdlC-D3-20190909","[1396447]"
"CBN-PdlC-D3-20200722","[1523071, 1492693, 1358523, 1390899, 1389687, 1499638]"
"CBN-PdlC-D3-20200812","[1396059, 1363043, 1480731]"
"CBN-PdlC-D4-20130807","[1390244, 1357866, 1628811, 1393992, 1396523, 1645887, 1722432, 1669044, 1743375, 1743306]"
"CBN-PdlC-D4-20130903","[1664942, 1390899, 1744425, 1419963]"
"CBN-PdlC-D4-20140721","[1389401, 1645887, 1399800, 1744169]"
"CBN-PdlC-D4-20140811","[1573648, 1743375, 1394915, 1645887, 1390899, 1657246]"
"CBN-PdlC-D4-20140901","[1652252]"
"CBN-PdlC-D4-20150701","[1399800]"
"CBN-PdlC-D4-20150720","[1393887, 1743375, 1389135, 1396294, 1657246, 1645887, 1399800]"
"CBN-PdlC-D4-20150831","[1393973, 1389687, 1722432, 1502831, 1645887, 1356967, 1390467]"
"CBN-PdlC-D4-20160705","[1399800, 1743375]"
"CBN-PdlC-D4-20160726","[1657246, 1743375, 1743814, 1722432, 1556685, 1396294, 1743819, 1743905, 1645887, 1741752]"
"CBN-PdlC-D4-20170816","[1399800, 1744425, 1743814]"
"CBN-PdlC-D4-20170906","[1399800, 1360594, 1744425, 1399082, 1744635, 1743814]"
"CBN-PdlC-D4-20180723","[1723185, 1744395, 1548249, 1722432]"
"CBN-PdlC-D4-20180815","[1390899, 1645887, 1389508, 1399800, 1744425]"
"CBN-PdlC-D4-20180905","[1399800]"
"CBN-PdlC-D4-20190701","[1399800, 1389508, 1645887, 1357866]"
"CBN-PdlC-D4-20190722","[1722432, 1645887, 1744395, 1743375, 1741752, 1647823, 1573648]"
"CBN-PdlC-D4-20190812","[1645887, 1722432, 1739203, 1743375]"
"CBN-PdlC-D4-20190909","[1548249, 1399800, 1743375, 1356708, 1392513, 1739203, 1392044, 1744425, 1398820, 1744169]"
"CBN-PdlC-D4-20200722","[1722432, 1744395]"
"CBN-PdlC-D4-20200812","[1548249]"
"CBN-PdlC-D5-20130807","[1390899]"
"CBN-PdlC-D5-20130903","[1394596, 1547096, 1744425, 1399800]"
"CBN-PdlC-D5-20140721","[1394843, 1743474, 1390693]"
"CBN-PdlC-D5-20140811","[1390899, 1389508, 1722432]"
"CBN-PdlC-D5-20140901","[1363043, 1495474, 1359174]"
"CBN-PdlC-D5-20150701","[1357866, 1399800, 1397838, 1452284, 1390693]"
"CBN-PdlC-D5-20150720","[1390899, 1394843]"
"CBN-PdlC-D5-20150810","[1531441, 1573648, 1722432, 1723185, 1360289, 1362179, 1744395, 1390899, 1548249, 1688091]"
"CBN-PdlC-D5-20150831","[1390899, 1573648, 1647575, 1394843]"
"CBN-PdlC-D5-20160705","[1399800]"
"CBN-PdlC-D5-20160726","[1394843, 1741752, 1722432, 1395608, 1744425]"
"CBN-PdlC-D5-20170816","[1647575, 1392513]"
"CBN-PdlC-D5-20170906","[1399800]"
"CBN-PdlC-D5-20180723","[1744618, 1723185, 1531441, 1722432, 1361263, 1362179, 1741752, 1394843, 1523071, 1396527]"
"CBN-PdlC-D5-20180815","[1531441, 1361263, 1362179, 1398780, 1744425, 1523071, 1548249]"
"CBN-PdlC-D5-20180905","[1647575]"
"CBN-PdlC-D5-20190701","[1391764, 1504116, 1722432, 1744425, 1645887, 1361070]"
"CBN-PdlC-D5-20190722","[1393992, 1531441, 1741752]"
"CBN-PdlC-D5-20190812","[1389135, 1394843]"
"CBN-PdlC-D5-20190909","[1399800, 1394843]"
"CBN-PdlC-D5-20200722","[1393992, 1723185, 1531441, 1395074, 1394843]"
"CBN-PdlC-D5-20200812","[1531441, 1394843, 1523071, 1358523, 1723185, 1651322]"
"CBN-PdlC-D6-20130807","[1645887, 1357866, 1743375, 1722432, 1739203, 1392054]"
"CBN-PdlC-D6-20130903","[1389508, 1394843]"
"CBN-PdlC-D6-20140721","[1743375]"
"CBN-PdlC-D6-20140811","[1722432, 1499783, 1361619, 1356708]"
"CBN-PdlC-D6-20140901","[1391802]"
"CBN-PdlC-D6-20150701","[1392317, 1562391, 1399800]"
"CBN-PdlC-D6-20150720","[1722432, 1390899, 1723185]"
"CBN-PdlC-D6-20150810","[1479671, 1499783, 1723185, 1744208, 1393992, 1392054]"
"CBN-PdlC-D6-20150831","[1360594, 1564310, 1645887, 1392054, 1504027]"
"CBN-PdlC-D6-20160705","[1744425]"
"CBN-PdlC-D6-20160726","[1722432, 1390693, 1645887]"
"CBN-PdlC-D6-20170816","[1722432, 1390899]"
"CBN-PdlC-D6-20170906","[1399800, 1744425, 1744496, 1738961, 1392054, 1360594, 1361275]"
"CBN-PdlC-D6-20180723","[1358523, 1744395, 1573648, 1400074, 1645887]"
"CBN-PdlC-D6-20180815","[1361263, 1361169, 1524876, 1390899, 1389508, 1362179, 1744425, 1743904, 1399800, 1722432]"
"CBN-PdlC-D6-20180905","[1399800, 1647575]"
"CBN-PdlC-D6-20190701","[1645887, 1357866, 1361263, 1400079]"
"CBN-PdlC-D6-20190722","[1722432, 1390244]"
"CBN-PdlC-D6-20190812","[1407770, 1392054, 1393992]"
"CBN-PdlC-D6-20190909","[1647575, 1399800, 1499783, 1392054, 1744425]"
"CBN-PdlC-D6-20200722","[1722432]"
"CBN-PdlC-D6-20200812","[1722432]"
"CBN-PdlC-E1-20130723","[1744389, 1393826, 1628811, 1563230, 1722704, 1360594, 1393503, 1390388]"
"CBN-PdlC-E1-20130807","[1393353, 1356419, 1744015, 1356407, 1393503, 1398699, 1744169, 1743819, 1743375, 1390693]"
"CBN-PdlC-E1-20130903","[1390899, 1532190, 1743819, 1394596, 1548249, 1427718, 1523597, 1394413, 1435507]"
"CBN-PdlC-E1-20140630","[1399800, 1357866, 1435507, 1744067, 1390899, 1645887, 1744389, 1504116, 1744857]"
"CBN-PdlC-E1-20140721","[1392755, 1390693, 1744021, 1358392, 1573648, 1741752, 1390244, 1645887, 1741560, 1393686]"
"CBN-PdlC-E1-20140811","[1399800, 1523071, 1645887, 1390899, 1392513, 1684273, 1360289, 1392291, 1358326, 1390693]"
"CBN-PdlC-E1-20140901","[1399800, 1361070, 1392201, 1523071, 1389508, 1667780]"
"CBN-PdlC-E1-20150701","[1741752, 1647823, 1744395, 1722432, 1390388]"
"CBN-PdlC-E1-20150720","[1390388, 1399800, 1744395]"
"CBN-PdlC-E1-20150810","[1744618, 1419963, 1399800, 1743375, 1722432, 1723185, 1645887, 1392114, 1390693, 1498118]"
"CBN-PdlC-E1-20150831","[1390899, 1399800, 1744169, 1392513, 1390388, 1744067, 1741954, 1390467, 1647153, 1392201]"
"CBN-PdlC-E1-20160705","[1390693, 1399800, 1390899, 1645887, 1390244, 1393503, 1481963, 1502939, 1743760, 1744021]"
"CBN-PdlC-E1-20160726","[1741954, 1492736, 1389135, 1393503]"
"CBN-PdlC-E1-20170816","[1399800, 1647153, 1390693, 1390899, 1743474]"
"CBN-PdlC-E1-20170906","[1667780, 1647153, 1390899, 1743474, 1744067]"
"CBN-PdlC-E1-20180702","[1399800, 1357866, 1390899]"
"CBN-PdlC-E1-20180723","[1393887, 1393952, 1389369, 1489803]"
"CBN-PdlC-E1-20180815","[1399800, 1523071, 1645887, 1390899, 1744425, 1392513]"
"CBN-PdlC-E1-20180905","[1647153, 1741954, 1744169, 1667780, 1393503, 1647150, 1399800]"
"CBN-PdlC-E1-20190701","[1399800, 1647823]"
"CBN-PdlC-E1-20190812","[1741954, 1647153, 1517471, 1393503]"
"CBN-PdlC-E1-20190909","[1741954, 1647153, 1743140, 1392513, 1647150, 1550154, 1392201, 1647575, 1667780]"
"CBN-PdlC-E1-20200629","[1390693, 1647153, 1360907]"
"CBN-PdlC-E1-20200722","[1741954, 1647153, 1517471]"
"CBN-PdlC-E1-20200812","[1647153, 1647575, 1741954, 1399800, 1744425, 1517471]"
"CBN-PdlC-E2-20130723","[1743904, 1744425, 1358568, 1389806]"
"CBN-PdlC-E2-20130807","[1744425, 1389508, 1531522, 1744293, 1393353, 1453572]"
"CBN-PdlC-E2-20130903","[1531441, 1360289, 1394596, 1425347, 1743449, 1723185, 1399800, 1393952, 1393686]"
"CBN-PdlC-E2-20140630","[1396864, 1399800, 1653641, 1645887, 1647575, 1564317]"
"CBN-PdlC-E2-20140721","[1358392, 1722432, 1645887, 1647575, 1573648, 1392755, 1390693, 1532993, 1531614, 1359279]"
"CBN-PdlC-E2-20140811","[1390899, 1743449, 1722432, 1647575, 1399800, 1523071, 1360289]"
"CBN-PdlC-E2-20140901","[1399800, 1531441, 1651322, 1400165, 1362500, 1743449, 1744425, 1392513]"
"CBN-PdlC-E2-20150720","[1499783, 1390899, 1573648, 1744425, 1647823, 1399800]"
"CBN-PdlC-E2-20150810","[1722432, 1741752, 1532190, 1741954]"
"CBN-PdlC-E2-20150831","[1390899, 1573648, 1399800, 1392264, 1532190, 1391077, 1392044, 1393095, 1744425]"
"CBN-PdlC-E2-20160705","[1399800, 1744425, 1390899, 1743814, 1722432]"
"CBN-PdlC-E2-20160726","[1651485, 1744425]"
"CBN-PdlC-E2-20170816","[1399800, 1392513]"
"CBN-PdlC-E2-20170906","[1399800, 1360594]"
"CBN-PdlC-E2-20180702","[1393923, 1390388]"
"CBN-PdlC-E2-20180723","[1744425, 1741560, 1396379, 1531441, 1399800, 1362179, 1393952, 1392314, 1744618, 1394596]"
"CBN-PdlC-E2-20180815","[1399800, 1396628, 1744425, 1392513]"
"CBN-PdlC-E2-20180905","[1399800, 1499783]"
"CBN-PdlC-E2-20190701","[1723185, 1645887, 1393686, 1376496, 1741752]"
"CBN-PdlC-E2-20190812","[1480731, 1505488, 1393887, 1513956]"
"CBN-PdlC-E2-20190909","[1741954, 1390899]"
"CBN-PdlC-E2-20200629","[1636854]"
"CBN-PdlC-E2-20200722","[1743456, 1499783, 1741954, 1722432, 1513956]"
"CBN-PdlC-E2-20200812","[1513956, 1722432, 1743449, 1393887, 1744425, 1573648]"
"CBN-PdlC-E3-20130723","[1453529, 1588647]"
"CBN-PdlC-E3-20130807","[1393992, 1356419, 1359157]"
"CBN-PdlC-E3-20130903","[1523071]"
"CBN-PdlC-E3-20140630","[1744857, 1493722, 1399800, 1392317, 1391764, 1647575]"
"CBN-PdlC-E3-20140721","[1390693, 1453529]"
"CBN-PdlC-E3-20140811","[1365482, 1532993]"
"CBN-PdlC-E3-20140901","[1393992, 1563697, 1392264]"
"CBN-PdlC-E3-20150701","[1744479]"
"CBN-PdlC-E3-20150720","[1647153, 1453529, 1688110, 1390225, 1392264]"
"CBN-PdlC-E3-20150810","[1743449, 1722432, 1389508, 1392264, 1741954]"
"CBN-PdlC-E3-20150831","[1392264, 1392336, 1622910, 1392513, 1513956, 1573648, 1647153]"
"CBN-PdlC-E3-20160705","[1453529, 1493381]"
"CBN-PdlC-E3-20160726","[1651485]"
"CBN-PdlC-E3-20170816","[1392336, 1453531, 1744425]"
"CBN-PdlC-E3-20170906","[1647153, 1502797, 1392336, 1743472, 1667780, 1744204]"
"CBN-PdlC-E3-20180702","[1399800, 1453529, 1493722, 1390225, 1390693, 1358568]"
"CBN-PdlC-E3-20180723","[1723185, 1390693, 1453529, 1744060, 1396527, 1362179]"
"CBN-PdlC-E3-20180815","[1531441, 1390160, 1392513, 1361263, 1651322, 1741560, 1396628, 1393952, 1453529]"
"CBN-PdlC-E3-20180905","[1495474, 1502797]"
"CBN-PdlC-E3-20190701","[1723185, 1394843, 1453529]"
"CBN-PdlC-E3-20190812","[1389687, 1667780, 1744169, 1360594, 1520353]"
"CBN-PdlC-E3-20190909","[1743814, 1389687, 1396059, 1390225]"
"CBN-PdlC-E3-20200629","[1453529, 1361387, 1390225]"
"CBN-PdlC-E3-20200722","[1389687, 1532993, 1453529, 1617119]"
"CBN-PdlC-E3-20200812","[1394596, 1390225]"
"CBN-PdlC-E4-20130807","[1495430, 1393353, 1393992, 1573648, 1392177, 1392928, 1392892, 1398699]"
"CBN-PdlC-E4-20130903","[1647823, 1573648, 1389508, 1399800, 1392291]"
"CBN-PdlC-E4-20140630","[1744208]"
"CBN-PdlC-E4-20140721","[1393992, 1722432]"
"CBN-PdlC-E4-20140811","[1499783]"
"CBN-PdlC-E4-20140901","[1391802]"
"CBN-PdlC-E4-20150701","[1647338, 1400079, 1647823]"
"CBN-PdlC-E4-20150720","[1744015, 1647338, 1743814, 1392201, 1480731]"
"CBN-PdlC-E4-20150810","[1523071, 1743309, 1684273, 1365482, 1392201, 1393992, 1573648, 1647823]"
"CBN-PdlC-E4-20160705","[1744169, 1390467, 1744395, 1647338, 1647153, 1400079, 1393992, 1392201]"
"CBN-PdlC-E4-20160726","[1393992, 1389687]"
"CBN-PdlC-E4-20170816","[1396447]"
"CBN-PdlC-E4-20170906","[1647153, 1393992]"
"CBN-PdlC-E4-20180702","[1723185, 1435507, 1394843, 1395074, 1389508, 1744635, 1499638, 1399779]"
"CBN-PdlC-E4-20180723","[1723185, 1743309, 1358523, 1743456, 1647153]"
"CBN-PdlC-E4-20180815","[1392291]"
"CBN-PdlC-E4-20180905","[1389687, 1647153, 1390467, 1743933]"
"CBN-PdlC-E4-20190701","[1723185, 1394843, 1400079]"
"CBN-PdlC-E4-20190812","[1389687, 1647153, 1398781]"
"CBN-PdlC-E4-20190909","[1647153, 1389687]"
"CBN-PdlC-E4-20200629","[1395074]"
"CBN-PdlC-E4-20200722","[1647153, 1389687, 1743814]"
"CBN-PdlC-E4-20200812","[1392201, 1573648]"
"CBN-PdlC-E5-20130723","[1723185, 1357866, 1452284, 1390225, 1392177]"
"CBN-PdlC-E5-20130807","[1392892, 1396379, 1453584, 1390899, 1722432, 1360020]"
"CBN-PdlC-E5-20130903","[1737561]"
"CBN-PdlC-E5-20140630","[1452284, 1687979, 1744067, 1744635, 1392177]"
"CBN-PdlC-E5-20140721","[1452284, 1389135]"
"CBN-PdlC-E5-20140811","[1390899, 1523071, 1358326, 1390662, 1396691]"
"CBN-PdlC-E5-20150720","[1394765]"
"CBN-PdlC-E5-20150810","[1744395]"
"CBN-PdlC-E5-20150831","[1573648]"
"CBN-PdlC-E5-20160705","[1357866, 1744395, 1395074, 1396527]"
"CBN-PdlC-E5-20160726","[1532993, 1744208, 1573648, 1495474, 1722432]"
"CBN-PdlC-E5-20170816","[1390467]"
"CBN-PdlC-E5-20170906","[1647153]"
"CBN-PdlC-E5-20180702","[1390225, 1357866, 1744635]"
"CBN-PdlC-E5-20180723","[1744395, 1744208]"
"CBN-PdlC-E5-20180815","[1523071]"
"CBN-PdlC-E5-20180905","[1390467, 1393503, 1647153]"
"CBN-PdlC-E5-20190722","[1744395, 1743311]"
"CBN-PdlC-E5-20190812","[1390467]"
"CBN-PdlC-E5-20190909","[1647153]"
"CBN-PdlC-E5-20200629","[1357866, 1392177, 1722432, 1452284, 1389401, 1399800, 1563230, 1389555]"
"CBN-PdlC-E5-20200722","[1389135]"
"CBN-PdlC-E5-20200812","[1390467]"
"CBN-PdlC-E6-20130723","[1390225, 1396279, 1723185]"
"CBN-PdlC-E6-20130807","[1393544]"
"CBN-PdlC-E6-20130903","[1396447]"
"CBN-PdlC-E6-20140630","[1399800, 1390388, 1744169, 1357866]"
"CBN-PdlC-E6-20140721","[1389687]"
"CBN-PdlC-E6-20140811","[1390899, 1523071, 1396691, 1389687]"
"CBN-PdlC-E6-20150701","[1647338, 1657246, 1743819]"
"CBN-PdlC-E6-20150720","[1498118, 1647338]"
"CBN-PdlC-E6-20150810","[1357050, 1523071, 1744395, 1573648]"
"CBN-PdlC-E6-20150831","[1573648, 1389687]"
"CBN-PdlC-E6-20160705","[1647338, 1722704, 1744395, 1395074, 1548249, 1523071, 1391802]"
"CBN-PdlC-E6-20160726","[1532993]"
"CBN-PdlC-E6-20170816","[1360594]"
"CBN-PdlC-E6-20170906","[1360594]"
"CBN-PdlC-E6-20180702","[1357866]"
"CBN-PdlC-E6-20180723","[1396600, 1744208]"
"CBN-PdlC-E6-20180815","[1523071]"
"CBN-PdlC-E6-20180905","[1360594]"
"CBN-PdlC-E6-20190722","[1744395, 1389687]"
"CBN-PdlC-E6-20190812","[1453584]"
"CBN-PdlC-E6-20190909","[1550154]"
"CBN-PdlC-E6-20200629","[1357866, 1722704, 1389401, 1452284]"
"CBN-PdlC-E6-20200722","[1744395, 1399800]"
"CBN-PdlC-E6-20200812","[1744395, 1523071, 1390467, 1647338]"
"CBN-PdlC-F1-20130723","[1645887, 1744015, 1647150, 1518628, 1392470]"
"CBN-PdlC-F1-20130807","[1628811, 1393353, 1394915]"
"CBN-PdlC-F1-20130903","[1394596, 1390899, 1389508, 1394915, 1548249, 1744125]"
"CBN-PdlC-F1-20140630","[1645887, 1357866, 1399800, 1389508, 1548249, 1743309, 1392513]"
"CBN-PdlC-F1-20140721","[1358392, 1645887, 1532993, 1722704, 1458419]"
"CBN-PdlC-F1-20140811","[1556685, 1743375, 1741752, 1645887, 1744425, 1722432, 1359593, 1502831, 1396294, 1657246]"
"CBN-PdlC-F1-20140901","[1743375, 1399800, 1390899, 1389508, 1739203, 1523071, 1392044, 1356708, 1548249]"
"CBN-PdlC-F1-20150701","[1645887, 1744395, 1360289, 1657246, 1393887, 1359593, 1647248, 1573648, 1399800, 1743385]"
"CBN-PdlC-F1-20150720","[1722432, 1645887, 1390899]"
"CBN-PdlC-F1-20150810","[1645887, 1743375]"
"CBN-PdlC-F1-20150831","[1399800, 1392044, 1390899]"
"CBN-PdlC-F1-20160705","[1645887, 1458419]"
"CBN-PdlC-F1-20160726","[1393503]"
"CBN-PdlC-F1-20170816","[1399800]"
"CBN-PdlC-F1-20170906","[1392177, 1390225]"
"CBN-PdlC-F1-20180702","[1357866, 1645887, 1399800]"
"CBN-PdlC-F1-20180723","[1645887, 1723185, 1389508]"
"CBN-PdlC-F1-20180815","[1399800, 1389508, 1397838, 1523071, 1390899, 1645887, 1480601]"
"CBN-PdlC-F1-20180905","[1392470, 1399082]"
"CBN-PdlC-F1-20190701","[1645887, 1548249, 1499783, 1722432]"
"CBN-PdlC-F1-20190812","[1741954, 1393503, 1393973, 1743792, 1399082]"
"CBN-PdlC-F1-20190909","[1744067, 1399082, 1399800]"
"CBN-PdlC-F1-20200629","[1563230]"
"CBN-PdlC-F1-20200722","[1741954, 1396824]"
"CBN-PdlC-F1-20200812","[1744169, 1399800, 1392201, 1744067]"
"CBN-PdlC-F2-20130723","[1390388, 1744015, 1744389, 1743315]"
"CBN-PdlC-F2-20130807","[1531522, 1393353, 1744293, 1376496, 1393503, 1398699, 1356419, 1722432, 1390225, 1398820]"
"CBN-PdlC-F2-20130903","[1425347, 1737489, 1399800]"
"CBN-PdlC-F2-20140630","[1743309, 1645887, 1399800, 1504116, 1393544]"
"CBN-PdlC-F2-20140721","[1722704, 1458419, 1532993, 1743385, 1645887, 1393992, 1358392, 1359833]"
"CBN-PdlC-F2-20140811","[1360907, 1392513, 1523071, 1743140, 1393992, 1389508, 1645887, 1480731, 1389080, 1743385]"
"CBN-PdlC-F2-20140901","[1744481, 1389508]"
"CBN-PdlC-F2-20150701","[1573648]"
"CBN-PdlC-F2-20150720","[1647173, 1744208]"
"CBN-PdlC-F2-20150810","[1499783, 1573648, 1458419, 1365482, 1523071]"
"CBN-PdlC-F2-20150831","[1573648, 1502831, 1392201]"
"CBN-PdlC-F2-20160705","[1390244]"
"CBN-PdlC-F2-20160726","[1390244, 1399800, 1741954, 1356419, 1743786, 1742773, 1458419]"
"CBN-PdlC-F2-20170906","[1360594]"
"CBN-PdlC-F2-20180702","[1399800, 1743933]"
"CBN-PdlC-F2-20180723","[1684273, 1723185, 1389508, 1741560, 1391070, 1651322, 1645887, 1458419]"
"CBN-PdlC-F2-20180815","[1523071, 1399800, 1389508, 1390899, 1397838, 1390693]"
"CBN-PdlC-F2-20180905","[1393503, 1399800]"
"CBN-PdlC-F2-20190701","[1393887]"
"CBN-PdlC-F2-20190812","[1502831, 1393503, 1741775, 1453584, 1389687, 1393992, 1741954, 1502797]"
"CBN-PdlC-F2-20190909","[1399800, 1390899, 1573648, 1392513, 1744067, 1744169]"
"CBN-PdlC-F2-20200629","[1723185]"
"CBN-PdlC-F2-20200722","[1741954, 1392075, 1556685, 1389508, 1397086]"
"CBN-PdlC-F2-20200812","[1523071, 1390899, 1399800, 1392201]"
"CBN-PdlC-F3-20130723","[1390388, 1390225]"
"CBN-PdlC-F3-20130807","[1744834, 1744293, 1393503]"
"CBN-PdlC-F3-20130903","[1394596, 1396527, 1389508, 1399800, 1531441, 1394843]"
"CBN-PdlC-F3-20140630","[1361070, 1452284, 1389508, 1743309, 1723185, 1744857, 1741576, 1573648, 1394843, 1396527]"
"CBN-PdlC-F3-20140721","[1393992, 1687979, 1390693, 1722704, 1744021, 1360907]"
"CBN-PdlC-F3-20140811","[1393992, 1390899]"
"CBN-PdlC-F3-20140901","[1392264, 1531522, 1741775, 1532993, 1394843]"
"CBN-PdlC-F3-20150701","[1394843, 1573648]"
"CBN-PdlC-F3-20150720","[1741576, 1647153, 1532993, 1744395, 1651485, 1744479, 1392324, 1394843]"
"CBN-PdlC-F3-20150810","[1647153, 1389508]"
"CBN-PdlC-F3-20150831","[1647153, 1394596, 1697320, 1651485, 1532190, 1392264, 1573648, 1392317]"
"CBN-PdlC-F3-20160705","[1744395, 1398699, 1741752, 1573648, 1361571, 1651485, 1390244, 1532190]"
"CBN-PdlC-F3-20160726","[1651485, 1532993, 1390693, 1647153, 1741954, 1361095]"
"CBN-PdlC-F3-20170816","[1394596, 1399800, 1532993, 1390899, 1573648]"
"CBN-PdlC-F3-20170906","[1647153, 1399800, 1531522, 1390388, 1744015, 1390899]"
"CBN-PdlC-F3-20180702","[1723185, 1399800, 1647575, 1394843, 1357866]"
"CBN-PdlC-F3-20180723","[1651322, 1393887, 1744479, 1396527, 1502922]"
"CBN-PdlC-F3-20180815","[1390899, 1393992, 1361169, 1573648, 1523071]"
"CBN-PdlC-F3-20180905","[1647153]"
"CBN-PdlC-F3-20190701","[1723185, 1523071, 1395106, 1573648]"
"CBN-PdlC-F3-20190722","[1744834, 1393992, 1390899, 1651485]"
"CBN-PdlC-F3-20190812","[1389687, 1647153, 1392264, 1647575]"
"CBN-PdlC-F3-20190909","[1390899, 1392264, 1647153, 1492739, 1741954]"
"CBN-PdlC-F3-20200629","[1399800, 1647575, 1744169]"
"CBN-PdlC-F3-20200722","[1389687]"
"CBN-PdlC-F3-20200812","[1390899, 1573648, 1399800, 1392264, 1647153, 1394596]"
"CBN-PdlC-F4-20130723","[1390225, 1697320, 1395074, 1390467, 1743319]"
"CBN-PdlC-F4-20130807","[1392201]"
"CBN-PdlC-F4-20130903","[1502922]"
"CBN-PdlC-F4-20140630","[1614893, 1743306, 1452689, 1743385]"
"CBN-PdlC-F4-20140811","[1392201, 1393668]"
"CBN-PdlC-F4-20140901","[1531522, 1697320]"
"CBN-PdlC-F4-20150701","[1458364]"
"CBN-PdlC-F4-20150720","[1532993, 1647155, 1394765, 1744208, 1744015, 1561314]"
"CBN-PdlC-F4-20150810","[1647153, 1744208, 1667780, 1744015, 1723185]"
"CBN-PdlC-F4-20150831","[1392175, 1399800, 1647153, 1392201, 1392097, 1743933]"
"CBN-PdlC-F4-20160705","[1361387, 1392201, 1479531, 1647155, 1744208, 1480731]"
"CBN-PdlC-F4-20160726","[1647153, 1389687, 1392201]"
"CBN-PdlC-F4-20170816","[1561314, 1435507]"
"CBN-PdlC-F4-20170906","[1647153]"
"CBN-PdlC-F4-20180702","[1723185, 1390225, 1399800, 1389508, 1400079, 1453529]"
"CBN-PdlC-F4-20180723","[1363562, 1744395, 1392201, 1498118]"
"CBN-PdlC-F4-20180815","[1396628, 1502922, 1394596, 1396527]"
"CBN-PdlC-F4-20180905","[1647153, 1667780]"
"CBN-PdlC-F4-20190701","[1723185, 1453529]"
"CBN-PdlC-F4-20190722","[1392114, 1564555, 1394765]"
"CBN-PdlC-F4-20190812","[1647153, 1390467, 1392201]"
"CBN-PdlC-F4-20190909","[1647153, 1495474, 1392201, 1550154]"
"CBN-PdlC-F4-20200629","[1390225, 1744395, 1399800, 1647575, 1722704]"
"CBN-PdlC-F4-20200722","[1647153, 1392201, 1360907, 1389687]"
"CBN-PdlC-F4-20200812","[1392201, 1394596, 1502922, 1392291]"
"CBN-PdlC-F5-20130723","[1419963, 1393544, 1396279, 1723185, 1392175, 1667408]"
"CBN-PdlC-F5-20130903","[1392264]"
"CBN-PdlC-F5-20140630","[1479995, 1395074]"
"CBN-PdlC-F5-20140721","[1360907]"
"CBN-PdlC-F5-20140811","[1390899]"
"CBN-PdlC-F5-20150701","[1393992]"
"CBN-PdlC-F5-20150720","[1564555, 1396059, 1583450, 1647153]"
"CBN-PdlC-F5-20150810","[1392513, 1392201, 1647153]"
"CBN-PdlC-F5-20150831","[1647153, 1392291, 1389687]"
"CBN-PdlC-F5-20160705","[1723185, 1744395, 1400074, 1647338, 1647823]"
"CBN-PdlC-F5-20160726","[1647153]"
"CBN-PdlC-F5-20170816","[1561314, 1738583]"
"CBN-PdlC-F5-20170906","[1647153, 1667780, 1389687, 1743474, 1550154]"
"CBN-PdlC-F5-20180702","[1744635, 1435507, 1390225]"
"CBN-PdlC-F5-20180723","[1389508]"
"CBN-PdlC-F5-20180815","[1390899, 1357584, 1390467]"
"CBN-PdlC-F5-20180905","[1647153, 1390467, 1667780]"
"CBN-PdlC-F5-20190722","[1389687, 1580587, 1647153, 1392264]"
"CBN-PdlC-F5-20190812","[1647153, 1392291, 1453584, 1359174]"
"CBN-PdlC-F5-20190909","[1647153, 1389687, 1667780, 1550154, 1647575]"
"CBN-PdlC-F5-20200629","[1392201, 1742026, 1722704]"
"CBN-PdlC-F5-20200722","[1389687, 1647153]"
"CBN-PdlC-F5-20200812","[1393645, 1502922, 1392264]"
"CBN-PdlC-F6-20130723","[1723185]"
"CBN-PdlC-F6-20130807","[1531432]"
"CBN-PdlC-F6-20130903","[1502797, 1564555]"
"CBN-PdlC-F6-20140630","[1688110]"
"CBN-PdlC-F6-20140721","[1389687, 1389508, 1356407, 1647153]"
"CBN-PdlC-F6-20140811","[1389687, 1390899, 1389508]"
"CBN-PdlC-F6-20150701","[1396600]"
"CBN-PdlC-F6-20150720","[1389646]"
"CBN-PdlC-F6-20150810","[1743294, 1452284, 1532993, 1743819]"
"CBN-PdlC-F6-20150831","[1452284]"
"CBN-PdlC-F6-20160705","[1723185, 1392201]"
"CBN-PdlC-F6-20160726","[1389687]"
"CBN-PdlC-F6-20170816","[1738583]"
"CBN-PdlC-F6-20170906","[1492739, 1667780]"
"CBN-PdlC-F6-20180702","[1723185, 1453529, 1452284, 1392317, 1647575]"
"CBN-PdlC-F6-20180723","[1403435]"
"CBN-PdlC-F6-20180815","[1357584]"
"CBN-PdlC-F6-20180905","[1389687]"
"CBN-PdlC-F6-20190722","[1389687, 1744395]"
"CBN-PdlC-F6-20190812","[1744525, 1396447]"
"CBN-PdlC-F6-20190909","[1550154]"
"CBN-PdlC-F6-20200629","[1453529]"
"CBN-PdlC-F6-20200722","[1389687, 1744395]"
"CBN-PdlC-F6-20200812","[1396447, 1743474, 1502797]"
"CBN-Pla-A1-20130808","[1743101, 1397386, 1744635, 1394915]"
"CBN-Pla-A1-20130904","[1360907, 1394915, 1359386, 1744618]"
"CBN-Pla-A1-20140722","[1744425, 1548249, 1392317]"
"CBN-Pla-A1-20140812","[1743819, 1394915, 1744169, 1400079, 1395074, 1502939]"
"CBN-Pla-A1-20140902","[1744618, 1723185, 1394843, 1361263, 1361215, 1389508, 1361070, 1400079, 1390693, 1743583]"
"CBN-Pla-A1-20150702","[1392317, 1743474, 1744635, 1744473, 1744618, 1394413, 1737489]"
"CBN-Pla-A1-20150723","[1744618, 1651322, 1723185, 1389508, 1722432, 1395870, 1390899]"
"CBN-Pla-A1-20150811","[1744618, 1361263, 1531441, 1392075, 1723185, 1390899, 1743474, 1744169, 1651113, 1742174]"
"CBN-Pla-A1-20150901","[1743474, 1390899, 1741954, 1744067, 1399800, 1495430, 1392513, 1744169]"
"CBN-Pla-A1-20160707","[1399800, 1744425, 1398780, 1548249, 1419963, 1504027, 1517471, 1743474, 1743101, 1390899]"
"CBN-Pla-A1-20160728","[1390899, 1399800, 1394843, 1398780, 1523071, 1722432, 1389508, 1743474, 1744425, 1744868]"
"CBN-Pla-A1-20180724","[1392317, 1390467, 1499783, 1744618, 1548249]"
"CBN-Pla-A1-20180816","[1360907, 1390899, 1399800, 1394915, 1504027]"
"CBN-Pla-A1-20180906","[1392513]"
"CBN-Pla-A1-20190723","[1744618, 1361263, 1389508, 1394843, 1400079, 1744169, 1722432, 1399800]"
"CBN-Pla-A1-20190814","[1396628, 1390225]"
"CBN-Pla-A1-20200630","[1628862, 1362320, 1744294, 1457213, 1741985, 1361100, 1744208, 1364156, 1392928, 1359593]"
"CBN-Pla-A1-20200723","[1396527]"
"CBN-Pla-A1-20200814","[1396628]"
"CBN-Pla-A2-20130724","[1392317, 1361416, 1668744, 1361169]"
"CBN-Pla-A2-20130808","[1744169]"
"CBN-Pla-A2-20130904","[1398780, 1499783, 1390899, 1394915, 1362136, 1722432, 1419963, 1359386, 1376496, 1390693]"
"CBN-Pla-A2-20140722","[1392317, 1389250, 1398780, 1743474, 1743927, 1744618, 1396864, 1396998]"
"CBN-Pla-A2-20140812","[1499783, 1390899]"
"CBN-Pla-A2-20140902","[1744618]"
"CBN-Pla-A2-20150702","[1452284, 1392317, 1744618, 1419963]"
"CBN-Pla-A2-20150723","[1390899, 1722432]"
"CBN-Pla-A2-20150811","[1722432, 1390899, 1389508]"
"CBN-Pla-A2-20150901","[1744169, 1743474, 1399800, 1513956, 1389687, 1392264]"
"CBN-Pla-A2-20160707","[1399800, 1419963, 1743474, 1744473]"
"CBN-Pla-A2-20160728","[1390899, 1743474, 1647823, 1392846]"
"CBN-Pla-A2-20180724","[1743474, 1390467, 1392317, 1359386, 1389250, 1396864]"
"CBN-Pla-A2-20180816","[1722432, 1457868, 1393887, 1390225]"
"CBN-Pla-A2-20180906","[1398781, 1452585, 1396628]"
"CBN-Pla-A2-20190723","[1722432, 1722445, 1390899, 1389508, 1394843, 1523071]"
"CBN-Pla-A2-20190814","[1396998]"
"CBN-Pla-A2-20200723","[1688110]"
"CBN-Pla-A2-20200814","[1393887]"
"CBN-Pla-A3-20130724","[1452689, 1389250, 1647823, 1743927, 1743819, 1502831]"
"CBN-Pla-A3-20130808","[1743814]"
"CBN-Pla-A3-20130904","[1499783, 1452689, 1389508]"
"CBN-Pla-A3-20140722","[1452689, 1356419, 1743819, 1744534, 1389250, 1390467, 1743474, 1668744, 1548249, 1513952]"
"CBN-Pla-A3-20140812","[1395074, 1390467, 1499783, 1390693, 1743819, 1684273, 1393353]"
"CBN-Pla-A3-20140902","[1684273, 1548249, 1390693, 1393887, 1742054]"
"CBN-Pla-A3-20150702","[1452284, 1396864, 1452689, 1743474, 1389250]"
"CBN-Pla-A3-20150723","[1684273, 1548249, 1390899, 1742054, 1362136, 1741752, 1358568, 1376496, 1743814, 1396998]"
"CBN-Pla-A3-20150811","[1684273, 1742054, 1741752, 1722432, 1647823, 1743474, 1389508, 1390899, 1742895]"
"CBN-Pla-A3-20150901","[1741954, 1399800, 1743474]"
"CBN-Pla-A3-20160707","[1743474]"
"CBN-Pla-A3-20160728","[1684273, 1741752, 1393952, 1742054, 1358568, 1393887, 1390693, 1392147, 1647823]"
"CBN-Pla-A3-20180724","[1743474, 1389250, 1452689, 1359386, 1395074, 1744618]"
"CBN-Pla-A3-20180816","[1684273, 1743474, 1396628]"
"CBN-Pla-A3-20180906","[1741954, 1393503, 1396691]"
"CBN-Pla-A3-20190723","[1684273, 1743814]"
"CBN-Pla-A3-20190814","[1684273, 1390693, 1359386, 1647823, 1396628]"
"CBN-Pla-A3-20200723","[1684273]"
"CBN-Pla-A3-20200814","[1684273, 1390899, 1390693, 1399800, 1393887]"
"CBN-Pla-A4-20130724","[1548249, 1358568, 1513980, 1392317, 1394915]"
"CBN-Pla-A4-20130808","[1722432, 1502939, 1743814, 1392928]"
"CBN-Pla-A4-20130904","[1376496, 1499783, 1492739, 1395074, 1389508, 1688110]"
"CBN-Pla-A4-20140722","[1548249, 1419963, 1744534, 1396998, 1621534, 1392317, 1390467]"
"CBN-Pla-A4-20140812","[1722432, 1743814, 1360907]"
"CBN-Pla-A4-20140902","[1398780, 1651485, 1362136, 1548249]"
"CBN-Pla-A4-20150702","[1452284, 1419963, 1395074, 1392317, 1744618, 1399800, 1723185, 1743474]"
"CBN-Pla-A4-20150723","[1390899, 1390693]"
"CBN-Pla-A4-20150811","[1390244, 1722432, 1573648, 1390899, 1389508, 1684273]"
"CBN-Pla-A4-20150901","[1741954, 1389687, 1362367]"
"CBN-Pla-A4-20160707","[1723185, 1419963, 1389250, 1395074, 1744618]"
"CBN-Pla-A4-20160728","[1390693, 1393952, 1390899, 1722445, 1573648]"
"CBN-Pla-A4-20180724","[1392317, 1361416, 1396864, 1395074, 1744618]"
"CBN-Pla-A4-20180816","[1651485, 1722445, 1743474, 1399800, 1744425, 1390899, 1389508]"
"CBN-Pla-A4-20180906","[1743474]"
"CBN-Pla-A4-20190723","[1389010, 1389508, 1647823, 1744395, 1684273]"
"CBN-Pla-A4-20190814","[1390899, 1398780, 1722445, 1744618, 1651322]"
"CBN-Pla-A4-20200723","[1743814]"
"CBN-Pla-A4-20200814","[1722445, 1390899, 1531441, 1647823]"
"CBN-Pla-A5-20130724","[1390467, 1688110, 1744293, 1392317, 1361416]"
"CBN-Pla-A5-20130808","[1399800, 1744169, 1573648, 1744427, 1390899]"
"CBN-Pla-A5-20130904","[1492739, 1452689, 1390693, 1389508, 1362136, 1419963, 1395620, 1358568, 1390467, 1392894]"
"CBN-Pla-A5-20140722","[1392317, 1390467, 1398780, 1361653, 1744473, 1361263, 1743389]"
"CBN-Pla-A5-20140812","[1743819]"
"CBN-Pla-A5-20140902","[1362136, 1390693]"
"CBN-Pla-A5-20150702","[1392317, 1356419, 1743474, 1358568, 1452284, 1419963, 1390467]"
"CBN-Pla-A5-20150723","[1647823, 1499783]"
"CBN-Pla-A5-20150811","[1389508, 1395074, 1647823, 1390899, 1744618, 1744427, 1583450, 1390467, 1723185, 1492461]"
"CBN-Pla-A5-20160707","[1419963, 1499783, 1743933, 1744425, 1392317]"
"CBN-Pla-A5-20160728","[1499783, 1390693]"
"CBN-Pla-A5-20180724","[1395074, 1392317, 1499783, 1583450, 1744483]"
"CBN-Pla-A5-20180816","[1390899]"
"CBN-Pla-A5-20180906","[1744169, 1399800]"
"CBN-Pla-A5-20190723","[1389010]"
"CBN-Pla-A5-20190814","[1547096]"
"CBN-Pla-A5-20200723","[1647823, 1741752, 1744395]"
"CBN-Pla-A5-20200814","[1389508, 1395074, 1647823, 1547096]"
"CBN-Pla-A6-20130724","[1392317, 1361169, 1583450, 1361416, 1548249, 1389250, 1399800]"
"CBN-Pla-A6-20130808","[1743814]"
"CBN-Pla-A6-20130904","[1390899, 1419963, 1389508, 1392044, 1396998, 1548249, 1376496, 1394910, 1399800, 1390818]"
"CBN-Pla-A6-20140722","[1743474, 1361263, 1389250, 1392317, 1363069, 1392513, 1744534, 1396864]"
"CBN-Pla-A6-20140812","[1399800]"
"CBN-Pla-A6-20140902","[1390899, 1390693, 1419963, 1399800, 1548249, 1394843, 1653641, 1390818]"
"CBN-Pla-A6-20150702","[1743474, 1390899, 1390388, 1744425, 1743922, 1419963, 1722432, 1392317, 1452284, 1358568]"
"CBN-Pla-A6-20150723","[1419963, 1398780, 1390693, 1390899, 1399800, 1548249]"
"CBN-Pla-A6-20150811","[1743474, 1399800, 1390899]"
"CBN-Pla-A6-20150901","[1743474, 1399800]"
"CBN-Pla-A6-20160707","[1743474, 1419963, 1392317, 1548249, 1399800, 1389250, 1744473]"
"CBN-Pla-A6-20160728","[1548249, 1399800, 1523071, 1395504, 1390899, 1743814, 1744425, 1394843]"
"CBN-Pla-A6-20180724","[1389250, 1395074, 1392317, 1743474, 1390467, 1392513, 1399800, 1647575, 1361263]"
"CBN-Pla-A6-20180816","[1548249, 1399800, 1390899]"
"CBN-Pla-A6-20180906","[1744169, 1390899]"
"CBN-Pla-A6-20190723","[1548249, 1399800, 1645887, 1390899, 1389508]"
"CBN-Pla-A6-20190814","[1399800, 1390899, 1744425]"
"CBN-Pla-A6-20200723","[1390693, 1647823, 1743474, 1390899, 1722432, 1399800, 1394843]"
"CBN-Pla-A6-20200814","[1744425, 1399800, 1743140, 1744618]"
"CBN-Pla-B1-20130724","[1394413, 1668744, 1743927, 1743819, 1513952, 1425200, 1392317, 1396544]"
"CBN-Pla-B1-20130808","[1743814, 1738796, 1743101]"
"CBN-Pla-B1-20130904","[1390693, 1548249, 1396998, 1358568, 1392314, 1390818, 1390899, 1647166, 1743474, 1399800]"
"CBN-Pla-B1-20140722","[1389250, 1396998, 1647575, 1399800, 1394413, 1392317, 1743474, 1390693]"
"CBN-Pla-B1-20140812","[1390693, 1744635]"
"CBN-Pla-B1-20140902","[1390693, 1743474, 1399800]"
"CBN-Pla-B1-20150702","[1743474, 1399800]"
"CBN-Pla-B1-20150723","[1390693, 1399800, 1389250, 1362136, 1359386]"
"CBN-Pla-B1-20150811","[1390693, 1399800, 1743474, 1390899, 1744023, 1741954, 1392513]"
"CBN-Pla-B1-20150901","[1399800, 1743474, 1743904, 1744635, 1390693, 1390899, 1744023, 1513956, 1389250, 1392044]"
"CBN-Pla-B1-20160707","[1399800, 1743474, 1419963, 1394843, 1390693, 1389250, 1548249, 1359386, 1583450]"
"CBN-Pla-B1-20160728","[1399800, 1743474, 1394843, 1392314, 1390693, 1645887, 1390899, 1548249, 1356419, 1390818]"
"CBN-Pla-B1-20180724","[1743474, 1398780, 1396998, 1390467, 1396864, 1389250]"
"CBN-Pla-B1-20180816","[1743474, 1390693]"
"CBN-Pla-B1-20180906","[1743474, 1392513, 1452585, 1390899, 1399800]"
"CBN-Pla-B1-20190723","[1390693, 1743474, 1396998, 1399800, 1398780, 1743375]"
"CBN-Pla-B1-20190814","[1390693, 1359386, 1396998, 1398780, 1389250, 1743140, 1743474]"
"CBN-Pla-B1-20200630","[1390388, 1361517, 1741985, 1744331, 1549086, 1362320, 1390541, 1531482, 1457213, 1357159]"
"CBN-Pla-B1-20200723","[1743474, 1390818, 1396998, 1392330, 1398780, 1399800, 1688110, 1361169, 1548249, 1390693]"
"CBN-Pla-B1-20200814","[1398780, 1743474, 1390693, 1390818, 1396998, 1504027, 1743140]"
"CBN-Pla-B2-20130724","[1392317, 1425200, 1394734, 1743927, 1668744, 1358515, 1361169, 1394672, 1361416, 1394915]"
"CBN-Pla-B2-20130808","[1399800, 1743474, 1722432, 1390225, 1743814]"
"CBN-Pla-B2-20130904","[1361263, 1548249, 1651322, 1394413]"
"CBN-Pla-B2-20140722","[1392317, 1743474, 1389250, 1396864, 1399800, 1361416, 1647575, 1361263, 1361169]"
"CBN-Pla-B2-20140812","[1399800, 1647575, 1744635]"
"CBN-Pla-B2-20140902","[1399800, 1398780, 1361263, 1651322, 1743474, 1744325]"
"CBN-Pla-B2-20150702","[1392317, 1390388, 1647575, 1419963, 1356419, 1452284, 1741576]"
"CBN-Pla-B2-20150723","[1399800, 1361263, 1722432, 1743474, 1647575]"
"CBN-Pla-B2-20150811","[1361263, 1399800, 1743474, 1651322, 1722432, 1392264, 1737437]"
"CBN-Pla-B2-20150901","[1399800, 1743474, 1396691, 1744169, 1667780, 1647575]"
"CBN-Pla-B2-20160707","[1399800, 1743474, 1419963, 1361263, 1548249, 1647575, 1394843, 1744425, 1390899]"
"CBN-Pla-B2-20160728","[1399800, 1743474, 1744425, 1361263, 1394843, 1744325, 1390693, 1394596, 1722445]"
"CBN-Pla-B2-20180724","[1743474, 1396864, 1392317, 1399800, 1357048, 1389250, 1396998, 1398780, 1362179, 1621534]"
"CBN-Pla-B2-20180816","[1399800, 1744618, 1362176, 1390693, 1743474, 1651322, 1361263]"
"CBN-Pla-B2-20180906","[1399800, 1513956, 1744169, 1356407, 1396691, 1741954, 1743922, 1361169, 1743474, 1396379]"
"CBN-Pla-B2-20190723","[1399800, 1394843, 1722432, 1651322, 1361263, 1744618]"
"CBN-Pla-B2-20190814","[1651322, 1361263, 1399800, 1392513, 1743474, 1531441, 1744618]"
"CBN-Pla-B2-20200723","[1743474, 1399800, 1722432, 1394843]"
"CBN-Pla-B2-20200814","[1399800, 1392513, 1651322, 1743474, 1361263]"
"CBN-Pla-B3-20130724","[1390467, 1396864, 1668744, 1394672, 1389135, 1389250, 1744473]"
"CBN-Pla-B3-20130808","[1399800, 1668744, 1392258, 1390225, 1737561, 1743474]"
"CBN-Pla-B3-20130904","[1743474, 1399800, 1360907]"
"CBN-Pla-B3-20140722","[1743474, 1399800, 1392317, 1396864, 1744534, 1452689, 1390467]"
"CBN-Pla-B3-20140812","[1744635, 1399800, 1390693, 1743474]"
"CBN-Pla-B3-20140902","[1399800, 1647575, 1390693, 1743474]"
"CBN-Pla-B3-20150811","[1399800, 1743474, 1722432, 1390693]"
"CBN-Pla-B3-20150901","[1399800, 1743474, 1741954, 1744635, 1396691, 1513956, 1651485]"
"CBN-Pla-B3-20160707","[1743474, 1399800, 1419963, 1396998, 1389250, 1392054, 1647575, 1741576]"
"CBN-Pla-B3-20160728","[1743474, 1399800, 1610802, 1390818, 1647315, 1392314, 1361263, 1394843, 1744425, 1651322]"
"CBN-Pla-B3-20180724","[1743474, 1392317, 1390467, 1389250, 1396998, 1457868]"
"CBN-Pla-B3-20180816","[1743474, 1396998, 1390818, 1399800, 1744425, 1398780, 1668744, 1390225, 1390693, 1394910]"
"CBN-Pla-B3-20180906","[1399800, 1744635, 1390693, 1743474]"
"CBN-Pla-B3-20190723","[1399800, 1398780, 1743474, 1419963, 1390899, 1523071]"
"CBN-Pla-B3-20190814","[1743474, 1399800, 1651322, 1398780, 1739040, 1396998, 1523071, 1394843, 1390818]"
"CBN-Pla-B3-20200723","[1399800, 1744635, 1390693, 1647575, 1743474, 1513956, 1390899]"
"CBN-Pla-B3-20200814","[1739040, 1398780, 1651322, 1743474, 1399800, 1744351, 1722432, 1390693]"
"CBN-Pla-B4-20130724","[1390467]"
"CBN-Pla-B4-20130808","[1743306]"
"CBN-Pla-B4-20130904","[1390693, 1722432, 1399800]"
"CBN-Pla-B4-20140722","[1392317, 1394672, 1396864, 1398780, 1361169]"
"CBN-Pla-B4-20140812","[1499783]"
"CBN-Pla-B4-20140902","[1651322, 1398780, 1390693, 1361263, 1722432, 1744618, 1669616]"
"CBN-Pla-B4-20150702","[1392852, 1743474, 1452284, 1392317]"
"CBN-Pla-B4-20150723","[1390693, 1398780, 1651322, 1744351, 1360907, 1722432, 1399800]"
"CBN-Pla-B4-20150811","[1722432, 1390899, 1399800, 1390693, 1737561]"
"CBN-Pla-B4-20150901","[1722432, 1399800, 1390899]"
"CBN-Pla-B4-20160707","[1419963, 1452284, 1395074, 1396864, 1492519, 1392317, 1499783, 1452689, 1361144, 1389250]"
"CBN-Pla-B4-20160728","[1390899, 1399800, 1390693, 1394915, 1392291, 1389508]"
"CBN-Pla-B4-20180724","[1392317, 1394672, 1396864, 1395074, 1391764]"
"CBN-Pla-B4-20180816","[1390899, 1398780, 1399800, 1722432, 1390693]"
"CBN-Pla-B4-20180906","[1744635, 1390693, 1399800, 1453529]"
"CBN-Pla-B4-20190723","[1722432]"
"CBN-Pla-B4-20190814","[1651322, 1398780, 1744618, 1361263, 1399800, 1722432, 1390693, 1395074, 1392291, 1744351]"
"CBN-Pla-B4-20200723","[1399800, 1744635, 1393923, 1744618]"
"CBN-Pla-B4-20200814","[1722432, 1398780, 1452585]"
"CBN-Pla-B5-20130724","[1396998]"
"CBN-Pla-B5-20130808","[1392928, 1742054, 1668744, 1395074, 1389010, 1684273, 1502939]"
"CBN-Pla-B5-20130904","[1744473, 1743714]"
"CBN-Pla-B5-20140722","[1452689, 1744618, 1392317, 1513956]"
"CBN-Pla-B5-20140812","[1513956, 1743814]"
"CBN-Pla-B5-20140902","[1739040, 1742054, 1743474, 1362136, 1392291, 1399800, 1361070, 1398780, 1548249]"
"CBN-Pla-B5-20150702","[1452284, 1452689, 1396691, 1392852, 1393087, 1743474]"
"CBN-Pla-B5-20150723","[1684273, 1651322, 1362136, 1393887, 1688110, 1722432, 1392846, 1398780, 1396998]"
"CBN-Pla-B5-20150811","[1742054, 1684273, 1362136, 1452689, 1688110, 1390899]"
"CBN-Pla-B5-20150901","[1741954, 1396691, 1399800, 1742054, 1651485]"
"CBN-Pla-B5-20160707","[1744618, 1743474, 1399800]"
"CBN-Pla-B5-20160728","[1684273, 1362136, 1742054, 1651485, 1393887, 1502922, 1390693, 1390244]"
"CBN-Pla-B5-20180724","[1452689, 1395074, 1743474, 1389250, 1647575, 1359386, 1396998, 1452284, 1394915]"
"CBN-Pla-B5-20180816","[1390693, 1684273, 1647575, 1395074, 1739040, 1502922, 1452689, 1394413]"
"CBN-Pla-B5-20180906","[1739040, 1743474]"
"CBN-Pla-B5-20190723","[1684273, 1390693, 1396998, 1389010]"
"CBN-Pla-B5-20190814","[1651485, 1668744, 1684273, 1390899, 1481080, 1513956]"
"CBN-Pla-B5-20200723","[1743474, 1393887, 1741752, 1399800, 1684273, 1389010, 1722445, 1361175, 1362176, 1739040]"
"CBN-Pla-B5-20200814","[1390693, 1743474, 1399800, 1684273]"
"CBN-Pla-B6-20130724","[1419963, 1392317, 1743927]"
"CBN-Pla-B6-20130808","[1399800, 1722432, 1743814, 1390899]"
"CBN-Pla-B6-20130904","[1398780, 1390899, 1419963, 1396998, 1399800, 1479520, 1548249, 1722432, 1744325, 1390693]"
"CBN-Pla-B6-20140722","[1396864, 1647575, 1398780, 1395074, 1744618, 1457868, 1743474]"
"CBN-Pla-B6-20140812","[1744635, 1390693, 1647575]"
"CBN-Pla-B6-20140902","[1743474, 1390693, 1399800, 1647575, 1739040, 1398780, 1744351, 1744425, 1361169]"
"CBN-Pla-B6-20150702","[1743474, 1452284, 1399800]"
"CBN-Pla-B6-20150723","[1398780, 1390693, 1399800, 1390899, 1548249, 1743474, 1744425, 1394843, 1523071, 1684273]"
"CBN-Pla-B6-20150811","[1399800, 1548249, 1743474, 1744425, 1523071, 1651485, 1390899, 1722445, 1722432, 1390693]"
"CBN-Pla-B6-20150901","[1399800, 1743474, 1390899, 1741954, 1744169, 1390693, 1647575, 1356407]"
"CBN-Pla-B6-20160707","[1399800, 1398780, 1419963, 1743474, 1744425, 1396864, 1722432, 1390899, 1392983, 1361070]"
"CBN-Pla-B6-20160728","[1398780, 1390899, 1361070, 1390693, 1743474, 1399800, 1651485, 1396998, 1744425]"
"CBN-Pla-B6-20180816","[1743474, 1739040, 1390693, 1744618, 1722432]"
"CBN-Pla-B6-20180906","[1739040, 1396628, 1741799, 1452585, 1744169, 1495430, 1390693, 1744325]"
"CBN-Pla-B6-20190723","[1398780, 1722432, 1651322, 1684273, 1399800, 1390693, 1744425, 1394843, 1361263, 1564310]"
"CBN-Pla-B6-20190814","[1743474, 1739040, 1741954, 1741799, 1651485, 1722432, 1390693, 1737662]"
"CBN-Pla-B6-20200723","[1743474, 1393887]"
"CBN-Pla-B6-20200814","[1743474, 1393887, 1399800, 1722432, 1390899, 1722445, 1651485, 1504027]"
"CBN-Pla-C1-20130808","[1744635, 1390899]"
"CBN-Pla-C1-20130904","[1361263, 1723185, 1722432, 1398780, 1390899, 1651322, 1394843]"
"CBN-Pla-C1-20150702","[1647575, 1389250, 1688110, 1390899]"
"CBN-Pla-C1-20150723","[1398780, 1361263, 1400079, 1744618, 1362136, 1722432, 1394843, 1651322]"
"CBN-Pla-C1-20150811","[1523071, 1722432, 1390899]"
"CBN-Pla-C1-20150901","[1390899, 1399800, 1744635, 1452585, 1390693]"
"CBN-Pla-C1-20160707","[1398780, 1393923, 1399800, 1394843, 1400079, 1723185, 1741576, 1390899, 1361070, 1396123]"
"CBN-Pla-C1-20160728","[1523071, 1390899, 1398780, 1394843, 1723185, 1390693, 1722432, 1394413, 1645887, 1399800]"
"CBN-Pla-C1-20180816","[1390899, 1744169, 1722432, 1389010, 1452585]"
"CBN-Pla-C1-20180906","[1523071, 1390899, 1744169, 1722432, 1392291, 1391668, 1481080, 1513485]"
"CBN-Pla-C1-20190723","[1398780, 1390899, 1389010, 1684273, 1722432, 1376496, 1392291, 1523071, 1400079, 1394843]"
"CBN-Pla-C1-20190814","[1651322, 1398780, 1390899, 1394843, 1722432, 1396628]"
"CBN-Pla-C1-20200723","[1722432, 1394843]"
"CBN-Pla-C1-20200814","[1390899, 1722432, 1361169]"
"CBN-Pla-C2-20130808","[1743474, 1513956, 1647575]"
"CBN-Pla-C2-20130904","[1743474, 1744351, 1398780, 1390693, 1361263, 1651322]"
"CBN-Pla-C2-20140722","[1396864, 1398780, 1743474, 1392317, 1647575]"
"CBN-Pla-C2-20140902","[1398780, 1390693, 1396998, 1722432, 1531441, 1396864]"
"CBN-Pla-C2-20150702","[1396864, 1647575, 1499783, 1743474, 1722432]"
"CBN-Pla-C2-20150723","[1398780, 1361263, 1390693, 1531441, 1722432, 1743474]"
"CBN-Pla-C2-20150811","[1722432, 1743474, 1398780, 1390693]"
"CBN-Pla-C2-20150901","[1390899, 1452585, 1394543, 1744169, 1360907, 1647575, 1741799, 1744479]"
"CBN-Pla-C2-20160707","[1398780, 1743474, 1396998, 1392317, 1400079, 1499783, 1744618, 1394672, 1393923]"
"CBN-Pla-C2-20160728","[1398780, 1390693, 1743474, 1394843, 1722432, 1502922, 1390818, 1558009]"
"CBN-Pla-C2-20180724","[1395074, 1452284, 1743474]"
"CBN-Pla-C2-20180816","[1453529, 1390693, 1502797, 1744169]"
"CBN-Pla-C2-20180906","[1743474, 1361169, 1398780, 1742174, 1392928]"
"CBN-Pla-C2-20190723","[1398780, 1396998, 1394843, 1564310, 1389508, 1722432, 1744618, 1652252, 1393923, 1390693]"
"CBN-Pla-C2-20190814","[1398780, 1390818, 1394413, 1651322, 1395074, 1457868, 1394843, 1743474, 1744618]"
"CBN-Pla-C2-20200723","[1398780, 1390693]"
"CBN-Pla-C2-20200814","[1360907, 1744351, 1396998, 1363586, 1390693, 1744169, 1722432, 1457868]"
"CBN-Pla-C3-20130808","[1392317, 1390899, 1743474, 1523597]"
"CBN-Pla-C3-20130904","[1722432]"
"CBN-Pla-C3-20140722","[1396864, 1392317, 1743474, 1361416]"
"CBN-Pla-C3-20140902","[1398780, 1390693, 1651322, 1396998, 1396864, 1651485, 1548249]"
"CBN-Pla-C3-20150702","[1744635, 1743474, 1647575, 1393923, 1392317, 1419963, 1399800, 1389250, 1452284]"
"CBN-Pla-C3-20150723","[1390693, 1398780, 1744618, 1647575, 1653641]"
"CBN-Pla-C3-20150811","[1390693, 1390899, 1499783, 1651485]"
"CBN-Pla-C3-20150901","[1399800, 1390899, 1743474, 1390693, 1744635]"
"CBN-Pla-C3-20160707","[1743474, 1396998, 1399800, 1548249, 1722432, 1723185, 1394843, 1361263, 1419963, 1392317]"
"CBN-Pla-C3-20160728","[1651485, 1390693, 1398780, 1722432, 1390899, 1399800, 1523071, 1394843, 1744425, 1548249]"
"CBN-Pla-C3-20180724","[1743474, 1452284, 1392317, 1396864]"
"CBN-Pla-C3-20180816","[1744635]"
"CBN-Pla-C3-20180906","[1399800, 1744169]"
"CBN-Pla-C3-20190723","[1390693, 1396998, 1399800, 1744618, 1398780, 1722432, 1394843, 1548249]"
"CBN-Pla-C3-20190814","[1390693, 1390899, 1399800, 1398780, 1419963, 1396998, 1722432, 1743474]"
"CBN-Pla-C3-20200723","[1390693, 1743474, 1394843, 1399800, 1744618, 1722432, 1396998, 1744325]"
"CBN-Pla-C3-20200814","[1390899, 1396998, 1394915, 1399800, 1722432, 1390693, 1651485]"
"CBN-Pla-C4-20130808","[1743306]"
"CBN-Pla-C4-20130904","[1499783, 1390693, 1399800]"
"CBN-Pla-C4-20140902","[1398780, 1393952, 1722432]"
"CBN-Pla-C4-20150702","[1744635, 1419963, 1452284]"
"CBN-Pla-C4-20150723","[1499783, 1723185]"
"CBN-Pla-C4-20150811","[1499783]"
"CBN-Pla-C4-20150901","[1744635, 1399800, 1499783]"
"CBN-Pla-C4-20160707","[1452284, 1744618, 1723185]"
"CBN-Pla-C4-20160728","[1722432]"
"CBN-Pla-C4-20180724","[1452284, 1744635, 1396864, 1395074, 1502797]"
"CBN-Pla-C4-20180816","[1744635]"
"CBN-Pla-C4-20180906","[1744635, 1399800, 1389687]"
"CBN-Pla-C4-20190723","[1398780, 1743814, 1400079]"
"CBN-Pla-C4-20190814","[1499783]"
"CBN-Pla-C4-20200723","[1647823]"
"CBN-Pla-C4-20200814","[1688110]"
"CBN-Pla-C5-20130808","[1399800, 1389250]"
"CBN-Pla-C5-20130904","[1722432, 1548249, 1390899, 1394915, 1399800, 1390225, 1398780]"
"CBN-Pla-C5-20140722","[1396864, 1392317, 1389250]"
"CBN-Pla-C5-20140902","[1722432, 1548249, 1390693, 1653641, 1399800, 1651485, 1398780]"
"CBN-Pla-C5-20150702","[1744635, 1396864, 1392054, 1419963, 1452284]"
"CBN-Pla-C5-20150723","[1722432]"
"CBN-Pla-C5-20150811","[1548249, 1722432, 1390693]"
"CBN-Pla-C5-20150901","[1399800, 1744635, 1744169, 1390693]"
"CBN-Pla-C5-20160707","[1419963, 1743474, 1399800, 1548249, 1394843, 1392317, 1743714, 1390899, 1390225]"
"CBN-Pla-C5-20160728","[1722432, 1394843, 1548249, 1651485, 1399800]"
"CBN-Pla-C5-20180724","[1389250, 1743474, 1396864, 1392317, 1393087, 1744635, 1452284, 1502939, 1395074]"
"CBN-Pla-C5-20180816","[1743474, 1390693, 1744635, 1396691]"
"CBN-Pla-C5-20180906","[1399800, 1744635, 1743474, 1390693]"
"CBN-Pla-C5-20190723","[1722432]"
"CBN-Pla-C5-20190814","[1390693, 1722432, 1390899]"
"CBN-Pla-C5-20200723","[1399800, 1743474]"
"CBN-Pla-C5-20200814","[1722432, 1743474, 1390899, 1399800, 1548249, 1390693, 1523071]"
"CBN-Pla-C6-20130808","[1744635, 1743474, 1399800, 1647575]"
"CBN-Pla-C6-20130904","[1722432, 1399800, 1390899, 1390693, 1389508, 1392044, 1394915, 1743474, 1523071]"
"CBN-Pla-C6-20140902","[1723185, 1390899, 1390693]"
"CBN-Pla-C6-20150702","[1744635, 1396864, 1653641, 1399800, 1743474, 1389401]"
"CBN-Pla-C6-20150723","[1743474, 1390899, 1548249, 1390693, 1651485]"
"CBN-Pla-C6-20150811","[1399800, 1390899, 1743474, 1548249, 1523071, 1389508]"
"CBN-Pla-C6-20150901","[1399800, 1743474, 1744635, 1390899, 1390693, 1492739]"
"CBN-Pla-C6-20160707","[1419963, 1452284, 1399800, 1723185, 1548249, 1392317]"
"CBN-Pla-C6-20160728","[1743474, 1390693, 1523071, 1394596, 1647823, 1723185, 1396527, 1390899, 1548249, 1722432]"
"CBN-Pla-C6-20180724","[1743474, 1389250, 1392317, 1361169, 1393087, 1396864, 1452284, 1743819, 1395074]"
"CBN-Pla-C6-20180816","[1743474, 1513956, 1744635, 1453529, 1390899, 1647575, 1390693]"
"CBN-Pla-C6-20180906","[1743474, 1390899, 1399800, 1744635]"
"CBN-Pla-C6-20190723","[1523071, 1399800, 1394596, 1694087, 1391644, 1548249, 1390225, 1744395, 1651485, 1391668]"
"CBN-Pla-C6-20190814","[1390693, 1743474, 1744618, 1523071]"
"CBN-Pla-C6-20200723","[1744635, 1399800, 1743474]"
"CBN-Pla-C6-20200814","[1390899, 1523071, 1743474, 1399800, 1722432]"
"CBN-Pla-D1-20130808","[1399800]"
"CBN-Pla-D1-20130904","[1390899, 1398780, 1452284, 1722432, 1723185, 1399800, 1394915]"
"CBN-Pla-D1-20140722","[1392317, 1396864, 1452284, 1647575, 1395074, 1673181]"
"CBN-Pla-D1-20140902","[1722432, 1398780, 1390693, 1361263, 1647575, 1396864, 1361215]"
"CBN-Pla-D1-20150702","[1452284, 1392317, 1647575, 1396864, 1744635, 1419963]"
"CBN-Pla-D1-20150723","[1398780, 1390693, 1399800, 1647575, 1499783, 1400079]"
"CBN-Pla-D1-20150811","[1722432, 1399800, 1390693, 1744635]"
"CBN-Pla-D1-20150901","[1722432, 1390899, 1513956, 1399800]"
"CBN-Pla-D1-20160707","[1400079, 1425200, 1741576, 1398780, 1395074, 1737489, 1419963, 1396864, 1396998, 1452284]"
"CBN-Pla-D1-20160728","[1722432, 1398780, 1390899, 1394843, 1688110, 1399800, 1744395, 1523071, 1744351, 1499783]"
"CBN-Pla-D1-20180724","[1452284, 1392317, 1395074, 1457868, 1393087]"
"CBN-Pla-D1-20180816","[1722432, 1744635, 1398780, 1513956, 1399800, 1744169, 1393952, 1394915, 1390899, 1452585]"
"CBN-Pla-D1-20180906","[1744169, 1513956, 1744635]"
"CBN-Pla-D1-20190723","[1398780, 1722432, 1389508, 1393952, 1399800]"
"CBN-Pla-D1-20190814","[1651322, 1744618, 1361263, 1396628, 1395074, 1361169, 1452585, 1457868, 1744169]"
"CBN-Pla-D1-20200723","[1361263, 1395074, 1722432, 1393887, 1398780, 1457868, 1744618, 1651322, 1739065, 1400079]"
"CBN-Pla-D1-20200814","[1453529, 1744635, 1360907]"
"CBN-Pla-D2-20130808","[1452284]"
"CBN-Pla-D2-20130904","[1394843, 1398780, 1390899, 1723185, 1453529, 1452284, 1400079, 1361100, 1688110, 1722432]"
"CBN-Pla-D2-20140722","[1392317, 1396864, 1452284]"
"CBN-Pla-D2-20140902","[1398780, 1651322, 1694087, 1397422, 1531441, 1390693, 1394843, 1513956]"
"CBN-Pla-D2-20150702","[1392317, 1452284, 1393923, 1744635, 1395074, 1741576]"
"CBN-Pla-D2-20150723","[1390693, 1723185, 1722704]"
"CBN-Pla-D2-20150811","[1390899]"
"CBN-Pla-D2-20150901","[1744635, 1499783, 1739203, 1390899, 1392054, 1399800, 1392291]"
"CBN-Pla-D2-20160707","[1419963, 1394843, 1723185, 1499783, 1400079, 1395074, 1744635, 1392317, 1399800, 1499638]"
"CBN-Pla-D2-20160728","[1390693]"
"CBN-Pla-D2-20180724","[1392317, 1395074, 1389250, 1744316, 1499783]"
"CBN-Pla-D2-20180816","[1741954, 1744169, 1399800, 1390693]"
"CBN-Pla-D2-20180906","[1744169, 1580587, 1739203, 1492739, 1389687]"
"CBN-Pla-D2-20190723","[1499783, 1390693, 1396628, 1419963, 1558398, 1360907, 1744611]"
"CBN-Pla-D2-20190814","[1651322, 1531441, 1390899, 1396628, 1390693, 1399800, 1739096, 1361100, 1392291]"
"CBN-Pla-D2-20200723","[1398780, 1389508, 1399800, 1390899, 1358523, 1390693]"
"CBN-Pla-D2-20200814","[1363043, 1396628, 1390693, 1502831]"
"CBN-Pla-D3-20130808","[1744169, 1453529, 1361215, 1743375, 1452284, 1722432, 1393826]"
"CBN-Pla-D3-20130904","[1390899, 1722432, 1393952]"
"CBN-Pla-D3-20140722","[1452284]"
"CBN-Pla-D3-20140902","[1390693, 1452689]"
"CBN-Pla-D3-20150702","[1744635, 1452284, 1396864, 1390388, 1743819, 1399800, 1499783, 1400079]"
"CBN-Pla-D3-20150723","[1390899]"
"CBN-Pla-D3-20150811","[1390899]"
"CBN-Pla-D3-20150901","[1399800, 1744635, 1390899, 1396691]"
"CBN-Pla-D3-20160707","[1452284, 1419963, 1361263, 1396864, 1744618, 1493722, 1398780, 1723185, 1393887, 1743474]"
"CBN-Pla-D3-20160728","[1390693, 1647823, 1390899]"
"CBN-Pla-D3-20180724","[1452284, 1392317, 1743819]"
"CBN-Pla-D3-20180816","[1742773, 1499783]"
"CBN-Pla-D3-20180906","[1399800, 1452585]"
"CBN-Pla-D3-20190723","[1647823, 1395074]"
"CBN-Pla-D3-20190814","[1390899, 1395074]"
"CBN-Pla-D3-20200723","[1647823, 1547096, 1361263, 1389508]"
"CBN-Pla-D3-20200814","[1722432, 1390899]"
"CBN-Pla-D4-20130808","[1743814]"
"CBN-Pla-D4-20130904","[1743474]"
"CBN-Pla-D4-20140722","[1452689]"
"CBN-Pla-D4-20140902","[1390693, 1647575, 1688110, 1653641]"
"CBN-Pla-D4-20150702","[1744635]"
"CBN-Pla-D4-20150723","[1390899, 1722432, 1390693, 1398780, 1499783, 1392846, 1744395, 1523071]"
"CBN-Pla-D4-20150811","[1722432, 1390693, 1390899]"
"CBN-Pla-D4-20150901","[1390693, 1399800, 1390899, 1744635, 1392054]"
"CBN-Pla-D4-20160707","[1398780, 1390693, 1399800, 1647575]"
"CBN-Pla-D4-20160728","[1390693]"
"CBN-Pla-D4-20180724","[1744635, 1647575, 1452284, 1392317]"
"CBN-Pla-D4-20180816","[1744635, 1390693, 1722432, 1399800]"
"CBN-Pla-D4-20180906","[1390693, 1744635, 1744169, 1499783]"
"CBN-Pla-D4-20190723","[1398780, 1722432, 1399800, 1389508]"
"CBN-Pla-D4-20190814","[1743474]"
"CBN-Pla-D4-20200723","[1390693]"
"CBN-Pla-D4-20200814","[1390693, 1390467, 1743474]"
"CBN-Pla-D5-20130808","[1744635]"
"CBN-Pla-D5-20130904","[1722432]"
"CBN-Pla-D5-20140722","[1744635, 1502797, 1647575]"
"CBN-Pla-D5-20140902","[1399800, 1390693, 1392846, 1398780]"
"CBN-Pla-D5-20150702","[1744635, 1452284, 1396864, 1743714]"
"CBN-Pla-D5-20150723","[1398780, 1499783, 1390693, 1393952]"
"CBN-Pla-D5-20150811","[1390693, 1399800]"
"CBN-Pla-D5-20150901","[1390899, 1399800, 1390693]"
"CBN-Pla-D5-20160707","[1360907]"
"CBN-Pla-D5-20160728","[1722432, 1390693, 1360907]"
"CBN-Pla-D5-20180724","[1452284, 1392317]"
"CBN-Pla-D5-20180816","[1390693, 1744635, 1393503]"
"CBN-Pla-D5-20180906","[1744635]"
"CBN-Pla-D5-20190723","[1722432, 1393952, 1744395]"
"CBN-Pla-D5-20190814","[1390693, 1389508]"
"CBN-Pla-D5-20200723","[1744635]"
"CBN-Pla-D6-20130808","[1356419]"
"CBN-Pla-D6-20130904","[1742054, 1389508, 1393952, 1742895, 1743431]"
"CBN-Pla-D6-20140722","[1744635, 1396864, 1392317, 1356407, 1647575, 1399800]"
"CBN-Pla-D6-20140902","[1548249, 1399800, 1523071]"
"CBN-Pla-D6-20150702","[1452284]"
"CBN-Pla-D6-20150723","[1548249, 1523071, 1499783, 1744395, 1743474]"
"CBN-Pla-D6-20150811","[1399364, 1744395, 1363501]"
"CBN-Pla-D6-20150901","[1356407, 1399800, 1399364, 1741954, 1744395]"
"CBN-Pla-D6-20160707","[1743474, 1744425, 1610808, 1723185, 1400162, 1722432, 1357652]"
"CBN-Pla-D6-20160728","[1722432, 1548249]"
"CBN-Pla-D6-20180724","[1392317, 1457868, 1399364, 1389250, 1396864, 1744635, 1647575, 1425448, 1743474, 1743375]"
"CBN-Pla-D6-20180816","[1742773, 1741954, 1393503, 1396780]"
"CBN-Pla-D6-20180906","[1362367, 1741954, 1722432, 1744169, 1499783]"
"CBN-Pla-D6-20190723","[1722432, 1389010, 1743814, 1393952]"
"CBN-Pla-D6-20190814","[1744395]"
"CBN-Pla-D6-20200723","[1362367, 1741954]"
"CBN-Pla-D6-20200814","[1722432]"
"CBN-Pla-E1-20130808","[1723185, 1452284, 1743927]"
"CBN-Pla-E1-20130904","[1723185, 1390899, 1737489, 1523071, 1744635, 1548249, 1393968, 1399800, 1398780, 1392177]"
"CBN-Pla-E1-20140722","[1452284, 1744635, 1396864, 1398780]"
"CBN-Pla-E1-20140902","[1390693, 1723185, 1398780, 1647575]"
"CBN-Pla-E1-20150702","[1452284, 1744635, 1392307, 1647575]"
"CBN-Pla-E1-20150723","[1389250, 1419963, 1688110, 1743786, 1743927, 1360907]"
"CBN-Pla-E1-20150901","[1744635, 1389250, 1399800, 1495430, 1502831, 1458419]"
"CBN-Pla-E1-20160707","[1399800, 1419963, 1647575, 1452284, 1394843, 1741576, 1743927, 1737489, 1513956, 1492519]"
"CBN-Pla-E1-20160728","[1744857, 1517471, 1392054, 1523071, 1744635, 1741576, 1419963, 1390693, 1396762, 1647575]"
"CBN-Pla-E1-20180816","[1580587, 1673309, 1744473, 1389687, 1392307, 1722704, 1744170, 1502831, 1532993, 1744293]"
"CBN-Pla-E1-20180906","[1452284, 1502831, 1741799, 1452585, 1394915]"
"CBN-Pla-E1-20190723","[1396864, 1743927, 1744618, 1392307]"
"CBN-Pla-E1-20190814","[1419963, 1744351, 1744857, 1396059, 1394843, 1647575, 1396864, 1647175]"
"CBN-Pla-E1-20200630","[1452284, 1396864, 1392928, 1398780, 1392317]"
"CBN-Pla-E1-20200723","[1744635, 1580587, 1389687, 1396691]"
"CBN-Pla-E1-20200814","[1396864, 1392928, 1743927, 1392488, 1396628, 1392177, 1744635]"
"CBN-Pla-E2-20130808","[1396864, 1389250, 1743474, 1390899]"
"CBN-Pla-E2-20130904","[1723185, 1452284, 1390899, 1647166, 1390693, 1743474, 1389250, 1479531, 1396864, 1653641]"
"CBN-Pla-E2-20140722","[1398780, 1396864, 1419963, 1647575, 1744473, 1723185, 1743474, 1621534, 1452284, 1395724]"
"CBN-Pla-E2-20140902","[1390693, 1398780, 1653641, 1361169, 1396864, 1651485, 1390899, 1651322, 1399800]"
"CBN-Pla-E2-20150702","[1744635, 1396864, 1452284, 1743474, 1647575, 1743375, 1393923, 1399800, 1741576, 1389250]"
"CBN-Pla-E2-20150723","[1419963, 1398780, 1390899, 1390693, 1744425, 1452284, 1394843, 1399800, 1396864, 1645887]"
"CBN-Pla-E2-20150901","[1744635, 1390693, 1564310, 1399800]"
"CBN-Pla-E2-20160707","[1398780, 1419963, 1396998, 1647575, 1723185, 1743474, 1399800, 1390693, 1744473, 1396864]"
"CBN-Pla-E2-20160728","[1390693, 1419963, 1744635, 1647150, 1392054, 1394843, 1390818, 1651485, 1614893, 1396762]"
"CBN-Pla-E2-20180724","[1744635, 1743474, 1393923, 1396864, 1647575, 1389250, 1389535, 1452284]"
"CBN-Pla-E2-20180816","[1580587, 1744635, 1394843, 1673309, 1390899, 1453529, 1356214, 1390693]"
"CBN-Pla-E2-20180906","[1741954, 1744635, 1564310, 1492739, 1389687, 1647153, 1363274, 1396628, 1456505, 1517471]"
"CBN-Pla-E2-20190723","[1396864, 1390693, 1419963, 1645887, 1564310, 1723185, 1743474, 1452284, 1395724, 1394843]"
"CBN-Pla-E2-20190814","[1419963, 1564310, 1390899, 1390693, 1396864, 1647175, 1394843, 1389250, 1398780, 1743474]"
"CBN-Pla-E2-20200630","[1392317, 1396998, 1396864, 1398780, 1359386, 1722432, 1362179, 1658600]"
"CBN-Pla-E2-20200723","[1744635, 1390693, 1741954, 1647175, 1400162, 1564310, 1389250, 1396864, 1392054]"
"CBN-Pla-E2-20200814","[1743474, 1564310, 1396998, 1394843, 1743140, 1390899, 1390818, 1688110, 1744351, 1741954]"
"CBN-Pla-E3-20130808","[1393923, 1743474]"
"CBN-Pla-E3-20130904","[1743474, 1723185, 1390818, 1361263, 1390693, 1399800, 1688110, 1548249, 1396864, 1651485]"
"CBN-Pla-E3-20140722","[1396864, 1647575, 1394672, 1479530, 1743474, 1361169, 1396998, 1391764, 1742054, 1392175]"
"CBN-Pla-E3-20140902","[1743474, 1419963, 1396864, 1739040, 1390693, 1394672, 1394865, 1647575, 1398780]"
"CBN-Pla-E3-20150702","[1743474, 1647575, 1744635, 1389250, 1452284, 1452689, 1502540, 1392317, 1361215, 1394413]"
"CBN-Pla-E3-20150723","[1396691, 1743474, 1452284, 1744635, 1390899, 1390693, 1400162, 1396864, 1513956, 1743786]"
"CBN-Pla-E3-20150811","[1743474, 1390693, 1399800, 1390899, 1651485, 1396864, 1744635, 1741954, 1419963, 1362136]"
"CBN-Pla-E3-20150901","[1741954, 1743474, 1390693, 1390899, 1744635, 1399800, 1389250]"
"CBN-Pla-E3-20160707","[1743474, 1398780, 1653641, 1394843, 1396998, 1419963, 1393923, 1399800, 1741576, 1390818]"
"CBN-Pla-E3-20160728","[1743474, 1390693, 1394843, 1399800, 1396864, 1651485, 1647575]"
"CBN-Pla-E3-20180724","[1743474, 1396864, 1395074, 1452284, 1457868, 1744635]"
"CBN-Pla-E3-20180816","[1743474, 1393923, 1396864, 1744635, 1396691, 1743786, 1390693, 1513956, 1531098]"
"CBN-Pla-E3-20180906","[1390693, 1741954, 1744635, 1743474]"
"CBN-Pla-E3-20190723","[1744635, 1743474, 1390693, 1396864, 1393923]"
"CBN-Pla-E3-20190814","[1743474, 1390693, 1396864, 1647575, 1394843, 1398780, 1396998, 1614893, 1390818, 1739040]"
"CBN-Pla-E3-20200630","[1392317, 1396998, 1396864, 1722432, 1359386, 1392928, 1452284]"
"CBN-Pla-E3-20200723","[1744635, 1390693, 1743786, 1396864, 1743474, 1389250, 1647575, 1741954]"
"CBN-Pla-E3-20200814","[1743786, 1741954, 1744635, 1390693, 1743474, 1651485]"
"CBN-Pla-E4-20130808","[1396864, 1393923]"
"CBN-Pla-E4-20130904","[1722432, 1398768, 1398780, 1359386, 1360396, 1523071, 1743474, 1513956, 1361263, 1645887]"
"CBN-Pla-E4-20140722","[1396864, 1396998, 1452284, 1398780, 1394672]"
"CBN-Pla-E4-20140902","[1398780, 1396864, 1651322, 1390693, 1419963, 1361263, 1743474]"
"CBN-Pla-E4-20150702","[1452284, 1647575, 1389250, 1688110, 1399800]"
"CBN-Pla-E4-20150811","[1651485, 1390693, 1502922]"
"CBN-Pla-E4-20150901","[1744635, 1390693]"
"CBN-Pla-E4-20160707","[1743474, 1723185, 1398780, 1419963, 1394843, 1359386, 1396998, 1499783, 1390693]"
"CBN-Pla-E4-20160728","[1390693, 1651485, 1396864, 1743474, 1394596, 1394843, 1647575, 1504116, 1744425, 1399800]"
"CBN-Pla-E4-20180724","[1452284, 1396864, 1457868, 1395074, 1392317, 1743474, 1393087]"
"CBN-Pla-E4-20180816","[1513956, 1744635, 1744425]"
"CBN-Pla-E4-20180906","[1504116, 1390693, 1396691, 1513956, 1744425]"
"CBN-Pla-E4-20190723","[1744635, 1390693, 1647575, 1513956]"
"CBN-Pla-E4-20190814","[1722432, 1744351, 1390693, 1502922, 1651322, 1651485, 1396864]"
"CBN-Pla-E4-20200630","[1452284, 1743819, 1395074, 1392928, 1507261, 1396628, 1425200, 1744425, 1743927]"
"CBN-Pla-E4-20200723","[1744635, 1513956, 1390693]"
"CBN-Pla-E4-20200814","[1390693, 1741954, 1743786, 1744635, 1390899, 1513956, 1647575, 1743474]"
"CBN-Pla-E5-20130808","[1452284, 1741576]"
"CBN-Pla-E5-20130904","[1723185, 1390693, 1393952]"
"CBN-Pla-E5-20140722","[1392317]"
"CBN-Pla-E5-20140902","[1390693, 1723185, 1531441, 1390899, 1523071]"
"CBN-Pla-E5-20150702","[1744635, 1743819]"
"CBN-Pla-E5-20150723","[1523071, 1398780, 1722432, 1390693, 1400079, 1399800]"
"CBN-Pla-E5-20150811","[1523071, 1548249, 1651485, 1651322, 1647823, 1723185, 1647575, 1531441, 1743474, 1399800]"
"CBN-Pla-E5-20150901","[1390899, 1453529, 1399800, 1390693, 1741576]"
"CBN-Pla-E5-20160707","[1399800, 1390899, 1393923, 1394843, 1398780, 1743474, 1523071, 1741576, 1651485, 1744473]"
"CBN-Pla-E5-20160728","[1390693, 1651485, 1744635, 1390899, 1399800, 1741576, 1517471]"
"CBN-Pla-E5-20180724","[1744293, 1743819, 1452284]"
"CBN-Pla-E5-20180816","[1744635, 1453529, 1744834, 1741576]"
"CBN-Pla-E5-20180906","[1741954, 1390899, 1744169, 1523071, 1389687, 1743474, 1399800]"
"CBN-Pla-E5-20190723","[1504116, 1741954, 1499783, 1563230, 1744635]"
"CBN-Pla-E5-20190814","[1651322, 1523071, 1390693, 1394843, 1399800, 1390899, 1722432, 1651485, 1391668, 1744425]"
"CBN-Pla-E5-20200630","[1390388, 1743927, 1744027, 1744294, 1452284, 1743385, 1550197, 1513956, 1744425, 1392928]"
"CBN-Pla-E5-20200723","[1744635, 1394915, 1744169, 1564310, 1390899, 1563230]"
"CBN-Pla-E5-20200814","[1389687, 1744635, 1390899, 1617119, 1741954]"
"CBN-Pla-E6-20130808","[1453529]"
"CBN-Pla-E6-20130904","[1548249, 1399800, 1722432]"
"CBN-Pla-E6-20140722","[1396864, 1392317, 1361169, 1394672, 1647575, 1548249]"
"CBN-Pla-E6-20140902","[1395074, 1390693]"
"CBN-Pla-E6-20150702","[1744635, 1393923, 1452284, 1399800, 1395074]"
"CBN-Pla-E6-20150723","[1392307, 1453529, 1390899, 1390693, 1395074, 1394413, 1743927, 1499783, 1361215, 1400079]"
"CBN-Pla-E6-20150811","[1744635, 1390693, 1743927, 1479531, 1399800, 1722432, 1743786]"
"CBN-Pla-E6-20150901","[1744635, 1513956, 1390693, 1396691]"
"CBN-Pla-E6-20160707","[1452284, 1744618, 1492519, 1743927, 1744635, 1392852, 1744473, 1389250, 1419963, 1673181]"
"CBN-Pla-E6-20160728","[1722432, 1744635, 1363475, 1390899, 1523071, 1399800, 1502922, 1651485, 1741954, 1743786]"
"CBN-Pla-E6-20180724","[1452284, 1395074, 1744293, 1356419, 1396864, 1392317, 1744635, 1502540]"
"CBN-Pla-E6-20180816","[1744635, 1741954, 1743306, 1390693, 1564310]"
"CBN-Pla-E6-20180906","[1390693, 1492739, 1390899, 1741954, 1647575, 1396628, 1563230]"
"CBN-Pla-E6-20190723","[1744635, 1744169, 1513956, 1397386, 1564310, 1393503, 1563230]"
"CBN-Pla-E6-20190814","[1651322, 1395074, 1744351, 1651485, 1390693, 1361169, 1360907, 1394843]"
"CBN-Pla-E6-20200723","[1744169, 1744635, 1390693]"
"CBN-Pla-E6-20200814","[1389687, 1453529, 1580587, 1360907, 1492739, 1452585, 1741954]"
"CBN-Pla-F1-20130808","[1396864, 1392492, 1744635, 1744473, 1651485, 1744293, 1743786, 1396279, 1647575, 1502922]"
"CBN-Pla-F1-20130904","[1651485, 1390693, 1356419, 1396864, 1399800, 1744473, 1504116, 1647575, 1517471, 1390899]"
"CBN-Pla-F1-20140722","[1744635, 1647575, 1452284, 1390693, 1396864, 1419963, 1743714, 1361169]"
"CBN-Pla-F1-20140902","[1361100, 1651485, 1647575, 1743474, 1390693, 1356419, 1517471, 1739040, 1399800, 1396864]"
"CBN-Pla-F1-20150702","[1647575, 1392492, 1452284]"
"CBN-Pla-F1-20150723","[1390693, 1419963, 1743474, 1741701, 1504116, 1361100, 1396864, 1452689, 1647575, 1360907]"
"CBN-Pla-F1-20150901","[1647153, 1741954, 1399800, 1744635, 1743933, 1651485]"
"CBN-Pla-F1-20160707","[1743474, 1399800, 1390693, 1396864, 1398780, 1517471, 1394843, 1744351, 1744425, 1744479]"
"CBN-Pla-F1-20160728","[1744857, 1580587]"
"CBN-Pla-F1-20180724","[1744635, 1452284]"
"CBN-Pla-F1-20180816","[1580587, 1744170, 1743243, 1389687]"
"CBN-Pla-F1-20180906","[1393503, 1389687, 1396279, 1647153, 1513956]"
"CBN-Pla-F1-20190723","[1504116, 1688110, 1647263, 1396864, 1360907, 1356419, 1647575, 1743786]"
"CBN-Pla-F1-20190814","[1361100, 1356419, 1651485, 1517471, 1504116, 1558009, 1394843, 1673181, 1739040, 1363929]"
"CBN-Pla-F1-20200630","[1359386, 1361169, 1452284, 1389250, 1389555]"
"CBN-Pla-F1-20200723","[1744635]"
"CBN-Pla-F1-20200814","[1688110, 1744857, 1647575, 1359386, 1517471, 1744351, 1393992]"
"CBN-Pla-F2-20130808","[1744473, 1392492, 1396864, 1744207]"
"CBN-Pla-F2-20130904","[1452284, 1723185, 1396864, 1395074, 1360907, 1356419]"
"CBN-Pla-F2-20140722","[1452284, 1419963, 1744635, 1723185, 1396864, 1647575, 1395724]"
"CBN-Pla-F2-20140902","[1390693, 1396864, 1688110, 1743786, 1647575]"
"CBN-Pla-F2-20150702","[1688110, 1647575, 1395074, 1452284, 1744208, 1499783]"
"CBN-Pla-F2-20150723","[1647575, 1744857, 1400079, 1517471, 1395074, 1741576, 1628784, 1673285]"
"CBN-Pla-F2-20150901","[1744635, 1399800, 1741576, 1396628, 1647575, 1743786, 1397386, 1395074]"
"CBN-Pla-F2-20160707","[1396864, 1688110, 1741576, 1419963, 1360382, 1398780, 1744473, 1389508, 1492519]"
"CBN-Pla-F2-20160728","[1744857, 1688110, 1580587, 1396864, 1492739, 1744635, 1419963]"
"CBN-Pla-F2-20180724","[1452284, 1453529, 1744635, 1395074, 1744473]"
"CBN-Pla-F2-20180816","[1744473, 1360525, 1396864]"
"CBN-Pla-F2-20180906","[1396628, 1502831, 1744635, 1394894, 1741576, 1743933, 1564310, 1395074]"
"CBN-Pla-F2-20190723","[1395074, 1688110, 1396864, 1392492, 1743927]"
"CBN-Pla-F2-20190814","[1396864, 1419963, 1394894, 1399800, 1389508, 1517471, 1363929, 1688110, 1359386, 1398780]"
"CBN-Pla-F2-20200630","[1452284]"
"CBN-Pla-F2-20200723","[1395074, 1688110, 1389687]"
"CBN-Pla-F2-20200814","[1688110, 1399800, 1389508, 1743933, 1359386, 1743140, 1499783, 1398780]"
"CBN-Pla-F3-20130808","[1743786, 1744635, 1452284, 1389250, 1513956, 1396864]"
"CBN-Pla-F3-20130904","[1356419, 1396998, 1452284, 1744351, 1396864, 1361100, 1390693, 1743474, 1743786]"
"CBN-Pla-F3-20140722","[1452284, 1744635, 1396864, 1744473, 1419963, 1396998, 1395724, 1647575, 1389250, 1673309]"
"CBN-Pla-F3-20140902","[1396864, 1360907, 1452284, 1394672, 1452689, 1651322, 1647175, 1647150, 1647575]"
"CBN-Pla-F3-20150702","[1647575, 1452284, 1744635, 1389250, 1360907]"
"CBN-Pla-F3-20150723","[1396998, 1389250, 1743927, 1394672, 1645887, 1452284, 1647575, 1390899, 1394865, 1394843]"
"CBN-Pla-F3-20150811","[1743786, 1744635, 1502831, 1452284, 1390899, 1394843, 1499638]"
"CBN-Pla-F3-20150901","[1389250, 1564310, 1744635, 1561314, 1502831, 1360907, 1517471, 1741954, 1688110]"
"CBN-Pla-F3-20160707","[1396864, 1647575, 1744635, 1360907, 1390693, 1517471, 1688110]"
"CBN-Pla-F3-20160728","[1647575, 1493082, 1360907, 1517471, 1396864, 1390899]"
"CBN-Pla-F3-20180724","[1744635, 1395074, 1453529, 1452284, 1457868]"
"CBN-Pla-F3-20180816","[1744635, 1389250, 1360907, 1743806, 1502831, 1743786]"
"CBN-Pla-F3-20180906","[1502831, 1360907, 1564310, 1389250, 1741954, 1517471, 1389687, 1744635]"
"CBN-Pla-F3-20190723","[1744635, 1389250, 1390693]"
"CBN-Pla-F3-20190814","[1517471, 1419963, 1390693, 1396864, 1390899, 1645887, 1651485, 1564310, 1523071]"
"CBN-Pla-F3-20200630","[1392317, 1392928, 1396864]"
"CBN-Pla-F3-20200723","[1744635, 1743786, 1564310, 1389250, 1502831, 1647575, 1517471, 1517630, 1360907]"
"CBN-Pla-F3-20200814","[1564310, 1741954, 1688110, 1389250, 1517471, 1360907, 1502831, 1744635]"
"CBN-Pla-F4-20130808","[1744635]"
"CBN-Pla-F4-20130904","[1356419, 1394843, 1614893, 1361100, 1651322, 1396998, 1396864, 1400165, 1651485]"
"CBN-Pla-F4-20140722","[1744635, 1396864, 1452284, 1647575, 1396998]"
"CBN-Pla-F4-20150723","[1390693, 1722432, 1398780, 1548249, 1523071, 1399800, 1361263, 1743474]"
"CBN-Pla-F4-20150811","[1390899, 1722432, 1744635, 1743786, 1400079, 1396864]"
"CBN-Pla-F4-20150901","[1744635, 1564310, 1741576, 1390899, 1389250, 1741954, 1502831, 1390693]"
"CBN-Pla-F4-20160707","[1393923, 1419963, 1398780, 1653641, 1399800, 1396998, 1452284, 1744618, 1396864, 1390693]"
"CBN-Pla-F4-20160728","[1394843, 1651485, 1548249, 1523071, 1743474, 1722432, 1645887, 1647575, 1396864, 1517471]"
"CBN-Pla-F4-20180724","[1392317, 1396864, 1743474, 1457868]"
"CBN-Pla-F4-20180816","[1744635, 1390693, 1564310, 1396864, 1389250, 1394843, 1743786, 1513956]"
"CBN-Pla-F4-20180906","[1744635, 1564310, 1502831, 1456505, 1495430, 1390693, 1741954]"
"CBN-Pla-F4-20190723","[1744635, 1389250, 1499638, 1390693, 1564310, 1513956]"
"CBN-Pla-F4-20190814","[1396864, 1744351, 1390693, 1517471, 1398780, 1499783, 1651322, 1502922, 1396998, 1513956]"
"CBN-Pla-F4-20200630","[1628960, 1392099, 1392928, 1425448, 1425200, 1393261, 1396587]"
"CBN-Pla-F4-20200723","[1744635, 1390693, 1513956, 1722432, 1647175, 1389250, 1393923, 1564310, 1741954]"
"CBN-Pla-F4-20200814","[1744635, 1513956, 1741954, 1396864, 1517630, 1502831, 1564310]"
"CBN-Pla-F5-20130808","[1452284]"
"CBN-Pla-F5-20130904","[1399800, 1390693, 1394915, 1390899, 1651485, 1398780]"
"CBN-Pla-F5-20140722","[1396864, 1392317, 1743474, 1452284]"
"CBN-Pla-F5-20140902","[1651485, 1398780, 1531441, 1651322, 1390693, 1390899, 1396864, 1548249]"
"CBN-Pla-F5-20150702","[1744635, 1393923]"
"CBN-Pla-F5-20150723","[1651485, 1398780, 1394672, 1722432, 1504116, 1390693, 1651322]"
"CBN-Pla-F5-20150811","[1722432, 1651485, 1396691, 1744635]"
"CBN-Pla-F5-20150901","[1744635, 1741576, 1390899, 1396691]"
"CBN-Pla-F5-20160707","[1419963, 1647575, 1743474, 1741576, 1396864, 1744618, 1452284, 1653641]"
"CBN-Pla-F5-20160728","[1651485, 1744635, 1390693, 1392054, 1399800, 1722432, 1647575]"
"CBN-Pla-F5-20180724","[1392317, 1396864, 1744293, 1393087]"
"CBN-Pla-F5-20180816","[1744635, 1390693, 1495430, 1744834, 1453529, 1504116, 1396691]"
"CBN-Pla-F5-20180906","[1393503]"
"CBN-Pla-F5-20190723","[1744635, 1647575, 1513956, 1356407]"
"CBN-Pla-F5-20190814","[1722432, 1390693, 1651485, 1398780, 1396864]"
"CBN-Pla-F5-20200723","[1744635, 1453529, 1513956, 1390693]"
"CBN-Pla-F5-20200814","[1744635, 1389687]"
"CBN-Pla-F6-20130808","[1744169]"
"CBN-Pla-F6-20130904","[1390693, 1523071, 1399800, 1390899, 1548249]"
"CBN-Pla-F6-20140722","[1396864, 1392317, 1744635, 1452284]"
"CBN-Pla-F6-20140902","[1651322, 1390693, 1647575, 1361263]"
"CBN-Pla-F6-20150702","[1393923, 1744635, 1452284]"
"CBN-Pla-F6-20150723","[1453529, 1744635, 1400079, 1393923, 1479671, 1722432, 1723185, 1399800, 1392755, 1392054]"
"CBN-Pla-F6-20150811","[1390693, 1390899, 1573648, 1392054, 1647823]"
"CBN-Pla-F6-20150901","[1453529, 1744635, 1390693]"
"CBN-Pla-F6-20160707","[1399800, 1744618, 1396864, 1395074, 1744527, 1419963, 1393923, 1398780, 1723185]"
"CBN-Pla-F6-20160728","[1399800, 1744635, 1390693, 1722432]"
"CBN-Pla-F6-20180724","[1392317, 1452284, 1396864, 1502797, 1395074]"
"CBN-Pla-F6-20180816","[1453529, 1744635, 1390693]"
"CBN-Pla-F6-20180906","[1523071, 1647823]"
"CBN-Pla-F6-20190723","[1390693, 1744635]"
"CBN-Pla-F6-20190814","[1531441, 1398780, 1523071, 1531482]"
"CBN-Pla-F6-20200723","[1744635]"
"CBN-Pla-F6-20200814","[1390693, 1389687]"
"CBN-Pyr-01-20230706","[1564301]"
"CBN-Pyr-03-20230706","[1580587, 1360525, 1687895, 1391532, 1550197, 1396279, 1744473, 1394894, 1393503, 1738583]"
"CBN-can-A1-20230705","[1741752, 1480731, 1390467, 1396294, 1744473, 1358326, 1556685, 1743375, 1741954, 1394915]"
"CBN-can-A2-20230705","[1647575, 1499783, 1722432, 1394596, 1361619, 1744473, 1356708]"
"CBN-can-A3-20230705","[1743375, 1499783, 1737490, 1360907, 1361619, 1573648, 1588647, 1360504, 1744473, 1390244]"
"CBN-can-A5-20230705","[1393992, 1394915]"
"CBN-can-A6-20230705","[1741661, 1389401, 1744035, 1614893, 1419963, 1362050, 1573648, 1743927, 1504027, 1393492]"
"CBN-can-B1-20230705","[1395074, 1480731, 1358326, 1391459, 1744868, 1398781, 1744473, 1495474, 1392928, 1564310]"
"CBN-can-B2-20230705","[1741752, 1394596, 1390693, 1744473, 1628784, 1479531, 1389017, 1360780, 1358326, 1743819]"
"CBN-can-B3-20230705","[1390693, 1743375, 1580587, 1450786, 1394915, 1588647, 1647575, 1492461, 1573648]"
"CBN-can-B4-20230705","[1744035, 1419963, 1741661, 1396279, 1693472, 1396339, 1453531, 1744125, 1361619, 1356407]"
"CBN-can-B5-20230705","[1744035, 1743101, 1744480, 1741661, 1396294, 1743448, 1394596, 1502939, 1573648, 1744325]"
"CBN-can-B6-20230705","[1741661, 1502939, 1394596, 1400162, 1360594, 1743101, 1392177, 1743436]"
"CBN-can-C1-20230705","[1743306, 1389986]"
"CBN-can-C2-20230705","[1744473, 1722432, 1556685, 1389010]"
"CBN-can-C3-20230705","[1393668, 1744208, 1389010, 1363501, 1390244, 1647575]"
"CBN-can-C4-20230705","[1722432, 1389010, 1394596, 1743375]"
"CBN-can-D1-20230705","[1394596, 1722432, 1743814]"
"CBN-can-D2-20230705","[1744473, 1390693, 1392054, 1647575, 1722432, 1737437, 1392264, 1399800, 1743375, 1653641]"
"CBN-can-D3-20230705","[1390899, 1580587, 1360020, 1395620, 1419963]"
"CBN-can-D4-20230705","[1722432, 1744473]"
"CBN-can-E1-20230706","[1397086, 1741954, 1651485, 1394596, 1502922, 1744425, 1390899, 1392201, 1741752]"
"CBN-can-E2-20230706","[1744425, 1394596, 1550152, 1741799, 1362195, 1394543, 1743101, 1390899]"
"CBN-can-E3-20230706","[1453529, 1396561, 1363055, 1744293, 1622910, 1744019]"
"CBN-can-E4-20230706","[1363055]"
"CBN-can-E5-20230706","[1741954, 1741752, 1722432, 1359157, 1743819, 1628824, 1390467, 1396556, 1397086, 1513485]"
"CBN-can-E6-20230706","[1397535, 1657246, 1558601, 1743819, 1390244, 1556685, 1389986, 1556901, 1744473]"
"CBN-can-F1-20230705","[1397535, 1556685, 1722432, 1657246, 1744425, 1741954, 1743101, 1393887]"
"CBN-can-F2-20230706","[1741954, 1744395, 1362195, 1394915, 1722432, 1393353, 1647823, 1573648, 1458419, 1744015]"
"CBN-can-F3-20230706","[1651485]"
"CBN-can-F4-20230706","[1395074, 1396556, 1647823, 1744551]"
"CBN-can-F5-20230706","[1722432, 1647823]"
"GUARDEN-AMB-CF04-1-10-20240325","[1531432, 1453531, 1479531, 1523325, 1393992, 1588764, 1453584, 1610791, 1396565]"
"GUARDEN-AMB-CF04-1-5-20240325","[1722704, 1393992, 1738795, 1531432]"
"GUARDEN-AMB-CF21-1-1-20240326","[1499783, 1363167, 1389401, 1493109, 1743537, 1529112, 1491514, 1492610, 1564310]"
"GUARDEN-AMB-CF21-1-10-20240326","[1743537, 1389250, 1744027, 1360907, 1394696, 1502831, 1452695, 1743819, 1362179, 1392928]"
"GUARDEN-AMB-CF21-1-2-20240326","[1389535, 1396600, 1452695, 1639681, 1361619, 1743244, 1396691, 1394765, 1502831, 1389401]"
"GUARDEN-AMB-CF21-1-3-20240326","[1639681, 1493109, 1646126, 1389273, 1396600, 1743244, 1363043, 1360746, 1389535, 1502831]"
"GUARDEN-AMB-CF21-1-4-20240326","[1639681, 1564310, 1493109, 1647156, 1499783, 1743244, 1561314, 1362179, 1361993, 1493662]"
"GUARDEN-AMB-CF21-1-5-20240326","[1563755, 1358924, 1477930, 1391668, 1744412, 1531432, 1389250, 1491514, 1639681, 1580587]"
"GUARDEN-AMB-CF21-1-6-20240326","[1479220, 1493109, 1743244, 1491514, 1479531, 1480731, 1396600, 1392256, 1392928, 1495485]"
"GUARDEN-AMB-CF21-1-7-20240326","[1493109, 1492610, 1556901, 1359273, 1743244, 1358880, 1360013, 1363111, 1362179, 1491514]"
"GUARDEN-AMB-CF21-1-8-20240326","[1396587, 1492109, 1450849, 1359906, 1738795, 1580587, 1392256, 1493662, 1360655, 1393492]"
"GUARDEN-AMB-CF21-1-9-20240326","[1556901, 1744526, 1400079, 1362179, 1391320, 1363368, 1741802]"
"GUARDEN-AMB-GV04-1-3-20240326","[1743663, 1531432, 1491514, 1390534, 1358967, 1389242, 1646264, 1564310, 1744473, 1398781]"
"GUARDEN-AMB-GV04-1-4-20240326","[1743663, 1392513, 1722409, 1396587, 1396274, 1453531]"
"GUARDEN-AMB-GV04-1-5-20240326","[1396587, 1392513]"
"GUARDEN-AMB-GV04-1-6-20240326","[1453531, 1391532, 1392513]"
"GUARDEN-AMB-GV04-1-7-20240326","[1392513, 1744473, 1396309, 1743472, 1743375]"
"GUARDEN-AMB-PR13-1-10-20240417","[1743663, 1396274, 1647270, 1399019, 1392511, 1358537, 1359906]"
"GUARDEN-AMB-PR13-1-2-20240417","[1639681, 1396309, 1458364, 1697320, 1738583, 1391352, 1480731, 1492046, 1628954, 1389986]"
"GUARDEN-AMB-PR13-1-3-20240417","[1391352, 1357019, 1452695, 1394765, 1396600, 1358577, 1356796, 1493662, 1390392, 1362179]"
"GUARDEN-AMB-PR13-1-4-20240417","[1651204, 1737437, 1639681, 1548995, 1396600, 1558009, 1357143, 1390899, 1356708, 1363434]"
"GUARDEN-AMB-PR13-1-8-20240417","[1639681, 1578167, 1647270, 1392846, 1357019, 1744526, 1479220, 1396600, 1531432, 1741901]"
"GUARDEN-AMB-PR20-1-1-20240424","[1722433, 1737437]"
"GUARDEN-AMB-PR20-1-10-20240424","[1743663, 1523343, 1578167, 1560392, 1394674, 1393498, 1396587]"
"GUARDEN-AMB-PR20-1-8-20240424","[1479531, 1493109, 1360907, 1359906, 1722433, 1479220, 1389242, 1744208, 1392846, 1396527]"
"GUARDEN-AMB-SA03-1-1-20240626","[1493109, 1564370, 1358967, 1358924, 1362179, 1492461, 1363562, 1531432]"
"GUARDEN-AMB-SA03-1-10-20240626","[1639681, 1360013, 1663341, 1396587, 1495441, 1389508, 1400105, 1513952]"
"GUARDEN-AMB-SA03-1-2-20240626","[1564370, 1358967, 1563755, 1493109, 1492461, 1550198, 1639681, 1363562, 1473216]"
"GUARDEN-AMB-SA03-1-3-20240626","[1473216, 1389508, 1358967, 1491514, 1358326, 1452585, 1744293, 1564310, 1744207, 1493722]"
"GUARDEN-AMB-SA03-1-4-20240626","[1639681, 1492461, 1531432, 1693472, 1358967, 1493109, 1360907, 1358924, 1499783, 1492610]"
"GUARDEN-AMB-SA03-1-5-20240626","[1358967, 1639681, 1693472, 1492461, 1531432, 1493109, 1743244, 1744207, 1743537, 1491514]"
"GUARDEN-AMB-SA03-1-9-20240626","[1743663, 1744473, 1493109, 1561314, 1744481, 1580587, 1358967]"
"GUARDEN-AMB-VC03-1-3-20240417","[1531432, 1391532, 1564370]"
"GUARDEN-AMB-VC03-1-4-20240417","[1391532, 1531432, 1744483]"
"GUARDEN-AMB-VC03-1-5-20240417","[1391532, 1743663, 1392511, 1743760, 1744473, 1722409, 1363337]"
"GUARDEN-AMB-VC03-1-6-20240417","[1391532, 1743663, 1399019, 1359546, 1363337, 1578167, 1390534]"
"GUARDEN-CBNMed-10-1-16-34-20240429","[1744316, 1743375]"
"GUARDEN-CBNMed-10-10-17-19-20240429","[1743449, 1743138, 1453531, 1742895, 1744395, 1360289]"
"GUARDEN-CBNMed-10-5-16-55-20240429","[1744534, 1744035, 1737490, 1357102, 1561178, 1744366, 1522501, 1744352, 1396762, 1361833]"
"GUARDEN-CBNMed-10-6-17-02-20240429","[1564323, 1363362, 1453531, 1532993, 1389559, 1358568]"
"GUARDEN-CBNMed-10-7-17-05-20240429","[1564323, 1561178, 1744316, 1744035, 1737490, 1548249, 1722699, 1669044]"
"GUARDEN-CBNMed-10-8-17-11-20240429","[1744035, 1548249, 1744395, 1744208, 1744316, 1743138, 1742895]"
"GUARDEN-CBNMed-10-9-17-16-20240429","[1360289, 1693472, 1743449, 1744395, 1742895, 1743138]"
"GUARDEN-CBNMed-14-3-9-45-20240429","[1361354, 1744658, 1360289, 1391459, 1685197]"
"GUARDEN-CBNMed-14-4-9-49-20240429","[1363823, 1744511, 1456505, 1361354, 1741661, 1355989, 1360289]"
"GUARDEN-CBNMed-14-9-10-09-20240429","[1363823, 1744511, 1684273]"
"GUARDEN-CBNMed-15-10-12-17-20240429","[1356845, 1400079]"
"GUARDEN-CBNMed-15-5-11-44-20240429","[1490238, 1357335, 1396682, 1391783, 1400079, 1744080, 1743754, 1646244, 1361619, 1743164]"
"GUARDEN-CBNMed-15-7-12-02-20240429","[1390467, 1647823, 1617119, 1744208, 1359273, 1393992, 1435507]"
"GUARDEN-CBNMed-15-9-12-15-20240429","[1452284]"
"GUARDEN-CBNMed-16-1-13-37-20240429","[1389017, 1744162, 1564438, 1744218, 1563748, 1502939, 1521556]"
"GUARDEN-CBNMed-16-10-14-33-20240429","[1502939, 1359546]"
"GUARDEN-CBNMed-16-2-13-45-20240429","[1359546, 1390541]"
"GUARDEN-CBNMed-16-3-13-51-20240429","[1390541, 1359546, 1744489, 1587724, 1744389, 1744395, 1744218]"
"GUARDEN-CBNMed-16-4-13-57-20240429","[1359546, 1502939, 1744218, 1560392, 1744489]"
"GUARDEN-CBNMed-16-6-14-07-20240429","[1389494, 1744389, 1359546]"
"GUARDEN-CBNMed-16-7-14-1-20240429","[1502939]"
"GUARDEN-CBNMed-16-8-14-14-20240429","[1722409, 1564444, 1744316, 1399397, 1394915, 1693472]"
"GUARDEN-CBNMed-17-3-10-56-20240429","[1360396, 1739203, 1392477, 1399730, 1358888, 1666441, 1363303, 1389746, 1361100]"
"GUARDEN-CBNMed-17-5-11-2-20240429","[1360396, 1744021, 1744297, 1744673, 1744473, 1396315, 1742242, 1394330, 1362181, 1743138]"
"GUARDEN-CBNMed-19-1-15-24-20240429","[1517630, 1389080, 1651013, 1389291, 1399397, 1744204, 1389646, 1398443, 1507182, 1647153]"
"GUARDEN-CBNMed-19-10-16-02-20240429","[1399397, 1396059, 1389291, 1358326]"
"GUARDEN-CBNMed-19-2-15-31-20240429","[1741775, 1647575, 1361466, 1743786, 1361100, 1743814]"
"GUARDEN-CBNMed-19-3-15-35-20240429","[1452284, 1389646, 1392291]"
"GUARDEN-CBNMed-19-4-15-39-20240429","[1392258, 1647575, 1744027, 1400079, 1361100, 1390421, 1390467, 1744673, 1550197]"
"GUARDEN-CBNMed-19-5-15-44-20240429","[1358326, 1399397, 1389291, 1389646, 1389080, 1392081]"
"GUARDEN-CBNMed-19-6-15-48-20240429","[1550197, 1399397, 1647575, 1744673, 1389291, 1510341, 1741775, 1744027, 1741560, 1739082]"
"GUARDEN-CBNMed-19-7-15-51-20240429","[1479524, 1550197, 1744673, 1744027, 1481963, 1389080, 1396531, 1743786, 1391783, 1493061]"
"GUARDEN-CBNMed-19-8-15-53-20240429","[1550197, 1479524, 1744673, 1389646, 1362367, 1389080, 1647575, 1452689]"
"GUARDEN-CBNMed-19-9-15-58-20240429","[1389646, 1743138, 1389135, 1550197, 1390467, 1744673]"
"GUARDEN-CBNMed-20-1-9-35-20240428","[1457868, 1392177, 1400079, 1360655, 1744418, 1479220, 1358538, 1744471, 1399777, 1358568]"
"GUARDEN-CBNMed-20-10-10-31-20240428","[1473216, 1356802, 1452284, 1392181, 1741758, 1743297, 1357143, 1743639, 1744526, 1363751]"
"GUARDEN-CBNMed-20-8-10-19-20240428","[1361569, 1456867, 1361263, 1356802, 1739203, 1744204, 1722699, 1743294, 1395620, 1358459]"
"GUARDEN-CBNMed-20-9-10-23-20240428","[1510341, 1743307, 1399768, 1360396, 1739203]"
"GUARDEN-CBNMed-21-10-11-42-20240428","[1646043, 1502797, 1356419, 1564370, 1744473, 1743365, 1564438, 1493662, 1510341, 1479531]"
"GUARDEN-CBNMed-21-2-11-07-20240428","[1744473, 1548182, 1357143, 1563172, 1479220, 1722568, 1495441, 1744316, 1743927, 1668976]"
"GUARDEN-CBNMed-21-3-11-09-20240428","[1510341, 1357143, 1495441, 1668976, 1587724, 1550197, 1743332, 1432776, 1744023, 1389057]"
"GUARDEN-CBNMed-21-6-11-17-20240428","[1510341, 1739082, 1479524, 1364156, 1355894, 1389057, 1357143, 1668976, 1513952, 1550197]"
"GUARDEN-CBNMed-21-8-11-23-20240428","[1357143, 1392721, 1664603, 1743786, 1364156, 1482315, 1393503, 1510341, 1479220, 1479531]"
"GUARDEN-CBNMed-21-9-11-32-20240428","[1389017, 1743786, 1457868, 1356419, 1564438, 1399777, 1393503, 1456747, 1493662, 1564370]"
"GUARDEN-CBNMed-22-1-13-39-20240428","[1360036, 1513952, 1360039, 1452695, 1493722, 1558398]"
"GUARDEN-CBNMed-22-10-14-48-20240428","[1393548, 1743244, 1452689, 1580588]"
"GUARDEN-CBNMed-22-2-14-05-20240428","[1393574, 1389494, 1398792, 1744509, 1564330, 1578145, 1359407, 1743244, 1393573]"
"GUARDEN-CBNMed-22-5-14-21-20240428","[1744365, 1393574, 1744509, 1398792, 1578145, 1502800, 1452695]"
"GUARDEN-CBNMed-22-6-14-23-20240428","[1393574, 1744509, 1400017]"
"GUARDEN-CBNMed-22-7-14-25-20240428","[1393574, 1563697, 1564330, 1400017, 1578145, 1393573, 1390160, 1389814, 1744509, 1390541]"
"GUARDEN-CBNMed-22-9-14-42-20240428","[1744857, 1563697, 1393548, 1744509, 1399730, 1663341, 1400017, 1564330]"
"GUARDEN-CBNMed-23-1-9-56-20240428","[1452695, 1743507, 1744473, 1359822, 1396007, 1452284, 1647575, 1390541, 1392324, 1392513]"
"GUARDEN-CBNMed-23-10-10-42-20240428","[1693472, 1399777, 1389508, 1395608, 1564370, 1548249, 1744473, 1583450, 1564438, 1744489]"
"GUARDEN-CBNMed-23-3-10-14-20240428","[1359822, 1395608, 1647166, 1360655, 1495441, 1744473, 1564370, 1744396, 1548249, 1741701]"
"GUARDEN-CBNMed-23-4-10-17-20240428","[1550197, 1419963, 1564301, 1398768, 1564646, 1399777, 1399019, 1400074, 1673309]"
"GUARDEN-CBNMed-23-5-10-21-20240428","[1395608, 1394672, 1502831, 1502458, 1580588, 1558009, 1564301, 1651322, 1396864, 1389508]"
"GUARDEN-CBNMed-23-6-10-24-20240428","[1647348, 1399777, 1744366, 1744418]"
"GUARDEN-CBNMed-23-7-10-28-20240428","[1743507, 1399777, 1743814, 1647348, 1646671, 1456747, 1744055, 1743218, 1744023]"
"GUARDEN-CBNMed-23-8-10-34-20240428","[1737490, 1564370, 1564301, 1548249, 1580588, 1693472, 1673309, 1456747, 1744389, 1502800]"
"GUARDEN-CBNMed-23-9-10-39-20240428","[1564370, 1389559, 1693472, 1647186, 1737490, 1673309, 1564323, 1564596, 1493109, 1744473]"
"GUARDEN-CBNMed-24-10-13-06-20240428","[1744473, 1651322, 1457868, 1389291, 1389508, 1647291, 1561314, 1743890, 1425200, 1453529]"
"GUARDEN-CBNMed-24-2-12-04-20240428","[1744534, 1398740, 1359273, 1663341, 1744473]"
"GUARDEN-CBNMed-24-3-12-15-20240428","[1502123, 1393952, 1359906, 1548249]"
"GUARDEN-CBNMed-24-5-12-36-20240428","[1664603, 1502123, 1550197, 1502112, 1647150, 1389291]"
"GUARDEN-CBNMed-24-6-12-46-20240428","[1502123, 1400079, 1550197, 1744473, 1359906, 1452284]"
"GUARDEN-CBNMed-24-7-12-54-20240428","[1744473, 1647291, 1452689, 1394330, 1561314, 1396691, 1359906, 1548249, 1744534]"
"GUARDEN-CBNMed-24-8-14-58-20240428","[1647291, 1396531, 1744473, 1396691, 1647150, 1400079, 1388921]"
"GUARDEN-CBNMed-24-9-13-02-20240428","[1744473, 1742054, 1395074, 1495441, 1388921, 1479530, 1392928, 1392852, 1390541, 1393498]"
"GUARDEN-CBNMed-25-1-13-52-20240428","[1456747, 1389017, 1561314, 1744076, 1587724, 1578167, 1743931, 1479530, 1400074]"
"GUARDEN-CBNMed-25-10-14-49-20240428","[1392291, 1507182, 1388921, 1357028, 1664603, 1399490, 1502797, 1513980, 1357143, 1738785]"
"GUARDEN-CBNMed-25-2-13-57-20240428","[1479530, 1742054, 1393503, 1744351, 1744473, 1393952, 1744483, 1389017, 1394330, 1653037]"
"GUARDEN-CBNMed-25-3-14-06-20240428","[1578167, 1493082, 1388921, 1400154, 1561314, 1357950, 1743931, 1392291, 1394349, 1744008]"
"GUARDEN-CBNMed-25-4-14-15-20240428","[1388921, 1664156, 1392291, 1517630, 1744473, 1513956, 1425200, 1743890, 1507182, 1513980]"
"GUARDEN-CBNMed-25-7-14-28-20240428","[1363823, 1361833, 1510341, 1743583, 1744306, 1744489, 1684273, 1739082]"
"GUARDEN-CBNMed-25-8-14-39-20240428","[1664603, 1393498, 1478565, 1396599, 1358293, 1388921, 1507182, 1394330, 1744008, 1359273]"
"GUARDEN-CBNMed-25-9-14-43-20240428","[1399083, 1550198, 1647164, 1744306]"
"GUARDEN-CBNMed-26-10-10-01-20240428","[1360372, 1356845, 1397386, 1393261, 1392164, 1361768, 1651013, 1364156, 1513980]"
"GUARDEN-CBNMed-26-6-9-34-20240428","[1744497, 1744063, 1738887, 1562548, 1550197, 1452585]"
"GUARDEN-CBNMed-26-8-9-45-20240428","[1522573, 1389646, 1356333, 1364156, 1563230, 1673285]"
"GUARDEN-CBNMed-26-9-9-48-20240428","[1364156, 1639681, 1531432, 1479531, 1744602, 1357595, 1578167, 1358924, 1522573, 1647270]"
"GUARDEN-CBNMed-27-1-11-17-20240428","[1561314, 1356800, 1360478, 1737437, 1663341, 1580587, 1452695, 1647236, 1647575, 1647155]"
"GUARDEN-CBNMed-27-10-11-55-20240428","[1393548, 1452695, 1737489, 1564317, 1360036, 1391054, 1390421, 1647166, 1502540, 1743275]"
"GUARDEN-CBNMed-27-2-11-32-20240428","[1452695, 1391352, 1744207, 1744366, 1465444, 1614893, 1363497, 1561314, 1647575, 1632937]"
"GUARDEN-CBNMed-27-3-11-36-20240428","[1739203, 1564317, 1390541, 1452695, 1743244, 1360907, 1360396, 1452585, 1392291, 1744027]"
"GUARDEN-CBNMed-27-4-11-39-20240428","[1356736, 1360396, 1564317, 1739203]"
"GUARDEN-CBNMed-27-5-11-4-20240428","[1393574, 1356736, 1360396, 1400017, 1502540, 1359407, 1739203]"
"GUARDEN-CBNMed-27-6-11-42-20240428","[1389494, 1393573, 1744365, 1393574, 1578145, 1452695, 1400017, 1360907, 1564259, 1743244]"
"GUARDEN-CBNMed-27-7-11-43-20240428","[1393574, 1398988, 1669616, 1398792, 1744509, 1452284, 1359407]"
"GUARDEN-CBNMed-27-8-11-45-20240428","[1398792, 1393574, 1452695, 1647166, 1360907, 1744509, 1502540, 1578145, 1393548, 1389494]"
"GUARDEN-CBNMed-27-9-11-47-20240428","[1452695, 1647575, 1744207, 1358880, 1743275, 1744534, 1358123, 1513980, 1651142, 1628960]"
"GUARDEN-CBNMed-28-1-12-46-20240428","[1393574, 1744509, 1389494, 1360907, 1398792, 1400017, 1359407, 1738583]"
"GUARDEN-CBNMed-28-10-13-23-20240428","[1564296, 1363354, 1389291, 1398988, 1693472, 1357143, 1498118, 1495441]"
"GUARDEN-CBNMed-28-2-12-48-20240428","[1393548, 1393574, 1400017, 1363354, 1390160]"
"GUARDEN-CBNMed-28-3-12-51-20240428","[1393574, 1744509, 1399730, 1391802, 1363354, 1738583, 1744027, 1400017, 1360907, 1393573]"
"GUARDEN-CBNMed-28-4-12-52-20240428","[1391352, 1564317, 1362502, 1578145, 1502831, 1563697, 1393574, 1647575, 1435507, 1389636]"
"GUARDEN-CBNMed-28-5-13-02-20240428","[1452695, 1722704, 1647348, 1561314, 1744207, 1435507, 1362682, 1693472, 1647154, 1362502]"
"GUARDEN-CBNMed-28-6-13-06-20240428","[1693472, 1393548, 1396527, 1744418, 1363354, 1396315, 1564457, 1390693, 1357864, 1495399]"
"GUARDEN-CBNMed-28-7-13-11-20240428","[1693472, 1363354, 1393548, 1389806, 1744418, 1393573, 1389494, 1357143, 1564259, 1622910]"
"GUARDEN-CBNMed-28-8-13-14-20240428","[1743308, 1669616, 1693472, 1591002, 1738583, 1495441, 1393548, 1564330, 1357143, 1737437]"
"GUARDEN-CBNMed-28-9-13-17-20240428","[1363354, 1693472, 1744865, 1389806, 1744857, 1495441, 1391802, 1456747, 1393548, 1742242]"
"GUARDEN-CBNMed-29-6-14-31-20240428","[1358537, 1647270, 1356581, 1639681, 1398740, 1396600, 1743244, 1358924, 1744715, 1392182]"
"GUARDEN-CBNMed-29-7-14-34-20240428","[1647270, 1743244, 1493109, 1396600, 1398740, 1400105, 1394330, 1663341, 1639681, 1561314]"
"GUARDEN-CBNMed-30-1-16-07-20240428","[1362227, 1564310, 1493109, 1573648, 1392928, 1396600, 1495399, 1647263, 1664940, 1394330]"
"GUARDEN-CBNMed-30-10-16-41-20240428","[1493109, 1358924, 1743244, 1389535, 1639681, 1360675, 1396587, 1492046, 1356581, 1499783]"
"GUARDEN-CBNMed-30-2-16-23-20240428","[1358924, 1394330, 1359833, 1398443, 1563807, 1513980]"
"GUARDEN-CBNMed-30-4-16-3-20240428","[1357713, 1743427, 1513980, 1394330, 1358523, 1364156]"
"GUARDEN-CBNMed-30-6-16-34-20240428","[1358924, 1359833, 1357713, 1389250, 1363447, 1389535, 1744602, 1743980, 1358523]"
"GUARDEN-CBNMed-30-7-16-35-20240428","[1358924, 1389250, 1359833, 1389535, 1398443, 1573015, 1743980, 1396587]"
"GUARDEN-CBNMed-30-8-16-37-20240428","[1359833, 1701520, 1389535, 1357713, 1513980, 1358924, 1493109, 1492046, 1389250, 1743244]"
"GUARDEN-CBNMed-30-9-16-4-20240428","[1357713, 1358924, 1493109, 1359833, 1743980, 1357651]"
"GUARDEN-CBNMed-31-1-9-37-20240428","[1561314, 1356796, 1741775, 1363354, 1389646, 1502831, 1360907, 1479531, 1492046]"
"GUARDEN-CBNMed-31-10-10-06-20240428","[1722445, 1361200, 1356349, 1392256, 1389535, 1392748, 1394765, 1356796, 1360525, 1639681]"
"GUARDEN-CBNMed-31-2-9-4-20240428","[1502112, 1363368, 1743819, 1394696, 1396762, 1666622, 1664603, 1361363, 1477139, 1493109]"
"GUARDEN-CBNMed-31-3-9-44-20240428","[1357143, 1359353, 1394531, 1651204, 1632961, 1561314, 1361363, 1394765, 1493109, 1363368]"
"GUARDEN-CBNMed-31-4-9-48-20240428","[1393573, 1356560, 1737657, 1358538, 1522501, 1389806, 1477139, 1396762, 1394696, 1550154]"
"GUARDEN-CBNMed-31-5-9-51-20240428","[1359353, 1561314, 1744021, 1743663, 1738583, 1651204, 1480731, 1393770]"
"GUARDEN-CBNMed-31-6-9-54-20240428","[1739163, 1394696, 1394765, 1363368, 1744021, 1467321, 1489808]"
"GUARDEN-CBNMed-31-7-9-56-20240428","[1356349, 1639681, 1492046, 1739163, 1389535, 1356796, 1493662, 1743375, 1456747, 1743253]"
"GUARDEN-CBNMed-31-8-10-20240428","[1499783, 1394765, 1489808, 1722445, 1493662, 1357019, 1363368, 1564310]"
"GUARDEN-CBNMed-31-9-10-02-20240428","[1398443, 1356349, 1363368, 1522501, 1356796, 1389535, 1360675, 1361200, 1492046, 1400111]"
"GUARDEN-CBNMed-32-1-11-46-20240428","[1743406, 1564370, 1744154, 1722699, 1743308, 1744170, 1357630, 1358924, 1563748]"
"GUARDEN-CBNMed-32-10-13-12-20240428","[1744021, 1564370, 1637710, 1359833, 1564317, 1564310, 1360396, 1573648, 1396447, 1561314]"
"GUARDEN-CBNMed-32-2-11-58-20240428","[1564370, 1564259, 1564317, 1564310, 1743814, 1362179, 1744473, 1564438, 1744154, 1744365]"
"GUARDEN-CBNMed-32-3-12-01-20240428","[1564370, 1499783, 1564317, 1744154, 1564310, 1489808, 1396600, 1744070, 1493109, 1392513]"
"GUARDEN-CBNMed-32-4-12-12-20240428","[1564370, 1564310, 1742165, 1499783, 1396752, 1743507, 1744154, 1744473, 1393992, 1722699]"
"GUARDEN-CBNMed-32-9-13-07-20240428","[1502831, 1741775, 1479671, 1361363, 1389814, 1396447, 1744021, 1743307, 1390421, 1453529]"
"GUARDEN-CBNMed-33-1-14-48-20240428","[1363354, 1391784, 1518932, 1396527, 1502923, 1744410, 1687895, 1396628, 1392177, 1744471]"
"GUARDEN-CBNMed-33-10-15-59-20240428","[1561314, 1357019, 1492109, 1359273, 1493662, 1391783, 1741775, 1356796, 1743253, 1356967]"
"GUARDEN-CBNMed-33-2-15-01-20240428","[1743307, 1647185, 1400079, 1664444, 1400165, 1394349, 1531432, 1452284, 1502797, 1743748]"
"GUARDEN-CBNMed-33-3-15-04-20240428","[1743406, 1357858, 1744162, 1560388]"
"GUARDEN-CBNMed-33-4-15-26-20240428","[1357019, 1647185, 1390421, 1359906, 1359273, 1513980, 1744635, 1743307, 1452284, 1493662]"
"GUARDEN-CBNMed-33-5-15-29-20240428","[1744526, 1358924, 1531432, 1400079, 1358682, 1389342, 1502831, 1389400, 1394349, 1502797]"
"GUARDEN-CBNMed-33-6-15-36-20240428","[1393492, 1502831, 1646043, 1392417]"
"GUARDEN-CBNMed-33-7-15-43-20240428","[1393770, 1399929, 1743665, 1389342, 1561314, 1510341, 1578167, 1502831]"
"GUARDEN-CBNMed-33-8-15-5-20240428","[1743406, 1399929]"
"GUARDEN-CBNMed-33-9-15-56-20240428","[1744526, 1646043, 1743406, 1744551, 1392177, 1741908]"
"GUARDEN-CBNMed-38-1-12-58-20240428","[1637411, 1394330, 1392147, 1738961, 1358933, 1389530, 1738578, 1739043]"
"GUARDEN-CBNMed-38-4-14-39-20240428","[1637411, 1637419, 1358888]"
"GUARDEN-CBNMed-38-6-15-04-20240428","[1637411, 1637419, 1358888, 1564555, 1360746]"
"GUARDEN-CBNMed-39-10-12-02-20240531","[1510341, 1744041, 1473216, 1493722]"
"GUARDEN-CBNMed-39-7-11-3-20240531","[1396279, 1743253, 1391400, 1400165, 1743515, 1394330, 1647156]"
"GUARDEN-CBNMed-39-8-11-39-20240531","[1360289]"
"GUARDEN-CBNMed-39-9-11-5-20240531","[1357143]"
"GUARDEN-CBNMed-44-7-12-03-20240629","[1502797, 1531432, 1392336, 1743814, 1743427]"
"GUARDEN-CBNMed-5-1-12-38-20240430","[1393992, 1647154, 1502797, 1405355]"
"GUARDEN-CBNMed-5-10-13-32-20240430","[1647154, 1393992, 1502797]"
"GUARDEN-CBNMed-5-2-12-45-20240430","[1530979, 1405355, 1393992, 1743922]"
"GUARDEN-CBNMed-5-3-12-56-20240430","[1453529]"
"GUARDEN-CBNMed-5-4-13-20240430","[1393992, 1435507, 1741775]"
"GUARDEN-CBNMed-5-5-13-04-20240430","[1396523, 1502797, 1393992, 1358547]"
"GUARDEN-CBNMed-5-6-13-07-20240430","[1393992, 1502797]"
"GUARDEN-CBNMed-5-7-13-17-20240430","[1502797, 1647154]"
"GUARDEN-CBNMed-5-8-13-22-20240430","[1502797, 1647154, 1744147]"
"GUARDEN-CBNMed-5-9-13-27-20240430","[1647154, 1393992, 1493381]"
"GUARDEN-CBNMed-6-9-15-28-20240430","[1398374]"
"GUARDEN-CBNMed-8-10-12-59-20240429","[1548249, 1684273, 1743448, 1744035]"
"GUARDEN-CBNMed-8-4-12-33-20240429","[1744625, 1587724]"
"GUARDEN-CBNMed-8-8-12-51-20240429","[1744395, 1744625, 1743931, 1399777, 1359546, 1394625]"
"GUARDEN-CBNMed-8-9-12-56-20240429","[1684273, 1742895, 1743448]"
"GUARDEN-CBNMed-9-10-16-16-20240429","[1744489, 1390541, 1391802]"
"GUARDEN-CBNMed-9-2-15-46-20240429","[1360396, 1744316, 1564296]"
"GUARDEN-CBNMed-9-6-16-04-20240429","[1548249, 1744035, 1743448, 1744395, 1743138, 1363422, 1684273]"
"GUARDEN-CBNMed-9-7-16-06-20240429","[1547096, 1668024, 1360321, 1743449, 1564323, 1744395, 1360289]"
"GUARDEN-CBNMed-9-8-16-08-20240429","[1743138, 1453531, 1547096, 1358568, 1360289, 1744316, 1364049, 1743449, 1548249]"
"GUARDEN-CBNMed-9-9-16-14-20240429","[1390541, 1355952, 1744395]"
"LISAH-BOU-0-10-20230523","[1393992, 1360907, 1556901]"
"LISAH-BOU-0-101-20240425","[1359353, 1392147]"
"LISAH-BOU-0-104-20240502","[1393462, 1456505, 1398374, 1359228, 1743748, 1392229]"
"LISAH-BOU-0-105-20240502","[1456505, 1359228, 1479766, 1393462, 1743748]"
"LISAH-BOU-0-108-20240502","[1456505, 1458029, 1496696, 1457213]"
"LISAH-BOU-0-109-20240502","[1392229, 1362752, 1647155, 1458029, 1396691]"
"LISAH-BOU-0-110-20240502","[1666441, 1673285, 1393462, 1664603, 1359228, 1396007, 1744642, 1398374, 1392229, 1397086]"
"LISAH-BOU-0-111-20240502","[1477194, 1359228, 1479766, 1398374, 1456505, 1361147, 1492519, 1493449, 1396007, 1393462]"
"LISAH-BOU-0-113-20240502","[1479766, 1359228, 1456505, 1393462, 1743748, 1744224, 1398374, 1360907]"
"LISAH-BOU-0-114-20240502","[1477194, 1666441, 1392494, 1722704, 1392452, 1729566]"
"LISAH-BOU-0-117-20240502","[1392477, 1513193, 1360372, 1396523, 1392494, 1666441, 1660692, 1744715, 1498118, 1617119]"
"LISAH-BOU-0-118-20240502","[1389233, 1739066, 1397086, 1499345, 1490238, 1550154, 1400074]"
"LISAH-BOU-0-14-20230511","[1452689, 1400079]"
"LISAH-BOU-0-15-20230511","[1473216, 1357143, 1359388, 1391802, 1687981, 1390225]"
"LISAH-BOU-0-153-20240502","[1393992, 1737439, 1394330, 1357335, 1358432, 1393668, 1744027]"
"LISAH-BOU-0-154-20240502","[1452284, 1360539, 1738795, 1392291, 1743537, 1550154, 1744041]"
"LISAH-BOU-0-157-20240502","[1687979, 1743317, 1550154]"
"LISAH-BOU-0-16-20230511","[1359418, 1360907, 1583450, 1358933]"
"LISAH-BOU-0-160-20240502","[1357335, 1452695, 1356245, 1358670, 1687979, 1393992, 1357509]"
"LISAH-BOU-0-163-20240502","[1687979, 1425448, 1493449]"
"LISAH-BOU-0-164-20240502","[1398781, 1363368, 1743317, 1360907, 1558601, 1743754, 1393498, 1359353, 1389530, 1657246]"
"LISAH-BOU-0-165-20240502","[1658600, 1550197, 1363368, 1395675, 1435507, 1356950, 1564259, 1427718, 1738036, 1744356]"
"LISAH-BOU-0-167-20240502","[1744384]"
"LISAH-BOU-0-168-20240502","[1359273, 1425448, 1394765, 1405355]"
"LISAH-BOU-0-170-20240502","[1502948, 1391320, 1744021, 1617109, 1390349, 1742242, 1392612, 1550197]"
"LISAH-BOU-0-171-20240502","[1502086, 1357335, 1744021, 1399083, 1391213]"
"LISAH-BOU-0-172-20240502","[1502086, 1744021, 1397265, 1399048, 1357335]"
"LISAH-BOU-0-173-20240502","[1742773, 1399048, 1744309, 1389233, 1743754]"
"LISAH-BOU-0-174-20240502","[1744207, 1472691, 1742242]"
"LISAH-BOU-0-175-20240502","[1389233, 1744309, 1742242]"
"LISAH-BOU-0-183-20240502","[1744207, 1398781, 1389586, 1742242, 1396309, 1392114, 1517471]"
"LISAH-BOU-0-187-20240502","[1392175, 1405355, 1396309, 1744207]"
"LISAH-BOU-0-191-20240502","[1405355]"
"LISAH-BOU-0-2-20240425","[1479766]"
"LISAH-BOU-0-24-20230512","[1744076, 1668694, 1457868, 1668617, 1669454, 1360291, 1360655, 1744021, 1673056, 1392852]"
"LISAH-BOU-0-24-20240425","[1743317, 1356001, 1668694, 1687979, 1743987, 1673309]"
"LISAH-BOU-0-25-20230512","[1362050, 1396628, 1666441, 1669454, 1617109, 1668694]"
"LISAH-BOU-0-25-20230711","[1390225]"
"LISAH-BOU-0-28-20240425","[1669454, 1668694, 1669246, 1668689, 1738582, 1457868]"
"LISAH-BOU-0-29-20230523","[1392177, 1393668, 1737489, 1391802, 1502540, 1389821]"
"LISAH-BOU-0-29-20230621","[1667093, 1360321, 1360827, 1744021, 1744642, 1389080, 1744233, 1360675, 1392331, 1362050]"
"LISAH-BOU-0-29-20240425","[1668694, 1573648, 1457868, 1668976, 1481281, 1669454, 1669246, 1741922, 1396309, 1358547]"
"LISAH-BOU-0-3-20230721","[1646043, 1392177, 1360013, 1744473, 1743385, 1492046, 1647575, 1360907, 1389950, 1744305]"
"LISAH-BOU-0-30-20230512","[1363901, 1687979, 1390146, 1588647, 1395026, 1457212, 1744473]"
"LISAH-BOU-0-30-20240425","[1668694, 1669454, 1743317, 1738582]"
"LISAH-BOU-0-31-20230919","[1392177, 1502540, 1673181, 1647575, 1564370]"
"LISAH-BOU-0-31-20240425","[1687979, 1668694]"
"LISAH-BOU-0-32-20230516","[1472691, 1360548, 1531432, 1360907, 1744023, 1361405, 1390865, 1530979, 1532190, 1361993]"
"LISAH-BOU-0-32-20240425","[1743317, 1361517, 1669454, 1400074, 1360998, 1397349, 1687979, 1743903]"
"LISAH-BOU-0-34-20230516","[1744241, 1390055, 1453529, 1498118, 1400074, 1393992, 1391802]"
"LISAH-BOU-0-35-20240425","[1669454, 1360291, 1687979, 1668749, 1356001, 1395445, 1363216, 1653037, 1360382, 1361517]"
"LISAH-BOU-0-36-20240425","[1743317, 1356950, 1363216, 1722432, 1397349, 1687979, 1360613, 1450849, 1361517, 1743987]"
"LISAH-BOU-0-37-20230512","[1457868, 1738830, 1744635, 1359546, 1391408, 1744076, 1360289, 1744536, 1361275, 1357446]"
"LISAH-BOU-0-37-20240425","[1669454, 1360382, 1668685, 1668694, 1456747, 1673309, 1400074, 1390146]"
"LISAH-BOU-0-38-20230516","[1360907, 1394413, 1396527, 1358830, 1550197, 1673309, 1493646, 1502540, 1453529, 1744396]"
"LISAH-BOU-0-39-20230512","[1673309, 1357446, 1356476, 1738585, 1481281, 1360827, 1744471, 1458419, 1744015]"
"LISAH-BOU-0-4-20230511","[1505488, 1647823, 1361263, 1744473]"
"LISAH-BOU-0-4-20230711","[1573648, 1614893, 1563496, 1744536, 1743922, 1495399, 1392983]"
"LISAH-BOU-0-4-20240425","[1687979]"
"LISAH-BOU-0-40-20230512","[1744076, 1363267, 1457212, 1362682, 1744218, 1743317, 1360759, 1744536, 1744055, 1395675]"
"LISAH-BOU-0-40-20240425","[1668694, 1673309, 1741922, 1395620, 1392331, 1481281, 1737423, 1743648, 1667093]"
"LISAH-BOU-0-41-20230512","[1457213, 1457311, 1481281, 1668694, 1400165]"
"LISAH-BOU-0-42-20230511","[1359512, 1722704, 1743930, 1502540, 1390225, 1392289, 1564370, 1573648]"
"LISAH-BOU-0-43-20230512","[1495474, 1583450, 1687979, 1359014, 1744890, 1744483, 1657246, 1495485, 1658600, 1391110]"
"LISAH-BOU-0-44-20240425","[1744384, 1392175, 1744207, 1744395, 1392229]"
"LISAH-BOU-0-5-20230512","[1456505, 1743748, 1741954, 1502217, 1356149, 1393462, 1495399, 1361884, 1398374, 1389821]"
"LISAH-BOU-0-5-20230711","[1473216, 1741554, 1614893, 1617109, 1573648, 1743472, 1362447, 1362227]"
"LISAH-BOU-0-50-20230512","[1722445, 1394765, 1360525, 1363368]"
"LISAH-BOU-0-52-20230512","[1394765, 1363368]"
"LISAH-BOU-0-54-20230512","[1393261, 1394696, 1394765, 1687979, 1743537, 1741701, 1505488, 1479415, 1393062, 1360020]"
"LISAH-BOU-0-55-20230512","[1392229, 1392194, 1360525, 1392175, 1362133, 1396587, 1362500]"
"LISAH-BOU-0-56-20230512","[1737489, 1742242, 1389233, 1393261, 1360525, 1391400, 1743253, 1390467, 1744642, 1393826]"
"LISAH-BOU-0-58-20230512","[1394696, 1393261, 1492046, 1360372, 1744207, 1741560]"
"LISAH-BOU-0-6-20240425","[1479766, 1456505, 1393462, 1495399, 1392318, 1522444, 1396691, 1396007, 1743427]"
"LISAH-BOU-0-63-20230512","[1390467, 1360746, 1744473, 1545581, 1363043, 1390349, 1743544, 1393668, 1360318, 1632962]"
"LISAH-BOU-0-65-20230512","[1359796, 1396059, 1398699, 1394765, 1399187, 1391233]"
"LISAH-BOU-0-75-20230516","[1391802, 1397802, 1743515, 1362682, 1397779, 1357143, 1390225, 1743472, 1452284]"
"LISAH-BOU-0-79-20230512","[1394696, 1360525, 1738961, 1647173, 1359386, 1737489, 1505488, 1361100, 1359157]"
"LISAH-BOU-0-8-20240425","[1390225]"
"LISAH-BOU-0-84-20230512","[1394696, 1394765, 1361398, 1392147, 1396587, 1398247, 1360712, 1399187, 1396007, 1744162]"
"LISAH-BOU-0-9-20240425","[1617119]"
"LISAH-BOU-0-98-20240425","[1359353]"
"LISAH-BVD-0-100-20230510","[1365482, 1505488, 1393462, 1664444]"
"LISAH-BVD-0-101-20230510","[1396315, 1365482, 1393668, 1394429, 1647575]"
"LISAH-BVD-0-152-20230511","[1399083, 1614893, 1744021, 1390426, 1392928, 1621534, 1358933, 1739203, 1744191]"
"LISAH-BVD-0-155-20230511","[1614893, 1739203, 1744021, 1392291, 1360382]"
"LISAH-BVD-0-158-20230511","[1614893]"
"LISAH-BVD-0-191-20230511","[1396523, 1435507, 1398699]"
"LISAH-BVD-0-192-20230511","[1435507, 1361466, 1365482, 1647575]"
"LISAH-BVD-0-195-20230511","[1391514, 1365482, 1435507, 1739203]"
"LISAH-BVD-0-196-20230511","[1722704]"
"LISAH-BVD-0-197-20230511","[1744191, 1390426, 1739203, 1550214, 1393544, 1359517, 1673309, 1502922, 1356297, 1397663]"
"LISAH-BVD-0-200-20230511","[1550214, 1739203, 1425193, 1356560, 1647575, 1359517, 1358874, 1502922, 1435507, 1396523]"
"LISAH-BVD-0-203-20230511","[1743227, 1393573, 1647575, 1425193, 1396523]"
"LISAH-BVD-0-205-20230511","[1743227, 1396523, 1359497, 1363740, 1550214, 1359512, 1393772, 1393573, 1392081, 1743294]"
"LISAH-BVD-0-206-20230511","[1392264, 1550214, 1396523, 1359512, 1743227, 1363740, 1362113, 1425193, 1359497, 1362133]"
"LISAH-BVD-0-208-20230511","[1743227, 1392264, 1364148, 1739203, 1393573]"
"LISAH-BVD-0-209-20230511","[1617109, 1362113, 1550214, 1363740, 1359517, 1744191, 1392264, 1502922, 1399083, 1614893]"
"LISAH-BVD-0-25-20230510","[1392264, 1722704]"
"LISAH-BVD-0-275-20230516","[1435507, 1744473, 1389557, 1722445]"
"LISAH-BVD-0-277-20230516","[1502540, 1435507, 1651877]"
"LISAH-BVD-0-278-20230516","[1435507]"
"LISAH-BVD-0-281-20230516","[1435507, 1647575, 1722704, 1365482]"
"LISAH-BVD-0-282-20230516","[1722445, 1435507, 1361139]"
"LISAH-BVD-0-283-20230516","[1435507]"
"LISAH-BVD-0-285-20230516","[1722704]"
"LISAH-BVD-0-287-20230516","[1389557, 1394696, 1651877, 1743223, 1473216, 1361466]"
"LISAH-BVD-0-288-20230516","[1435507, 1357143, 1744208]"
"LISAH-BVD-0-292-20230516","[1435507, 1744208, 1357143, 1359273]"
"LISAH-BVD-0-293-20230516","[1435507, 1356268, 1396599, 1399929]"
"LISAH-BVD-0-294-20230516","[1435507]"
"LISAH-BVD-0-295-20230516","[1392147]"
"LISAH-BVD-0-296-20230516","[1667780, 1358547]"
"LISAH-BVD-0-297-20230516","[1550214, 1425193, 1363740, 1392264]"
"LISAH-BVD-0-298-20230516","[1392159, 1392075, 1667671, 1667780]"
"LISAH-BVD-0-299-20230516","[1393573, 1550214, 1394330, 1391784, 1744352]"
"LISAH-BVD-0-300-20230516","[1667671, 1667780]"
"LISAH-BVD-0-301-20230516","[1667671, 1365482]"
"LISAH-BVD-0-302-20230516","[1722704, 1667780, 1667671]"
"LISAH-BVD-0-309-20230516","[1722704]"
"LISAH-BVD-0-310-20230516","[1667780, 1722704, 1358547, 1667671, 1632987]"
"LISAH-BVD-0-337-20230516","[1743987, 1742242, 1361117, 1396523, 1392165, 1405355, 1357335, 1376496]"
"LISAH-BVD-0-338-20230516","[1405355, 1365482, 1389557]"
"LISAH-BVD-0-339-20230516","[1617119, 1400079, 1722432]"
"LISAH-BVD-0-341-20230516","[1396059]"
"LISAH-BVD-0-342-20230516","[1502057]"
"LISAH-BVD-0-343-20230516","[1743227]"
"LISAH-BVD-0-344-20230516","[1743544, 1396523]"
"LISAH-BVD-0-345-20230516","[1393462, 1396059, 1396007, 1396762]"
"LISAH-BVD-0-346-20230516","[1360907, 1451884, 1505488]"
"LISAH-BVD-0-347-20230516","[1722704, 1722432, 1390225, 1363368, 1472691]"
"LISAH-BVD-0-348-20230516","[1396523, 1363368, 1365482]"
"LISAH-BVD-0-349-20230516","[1743227, 1722432, 1363368]"
"LISAH-BVD-0-35-20230510","[1390467]"
"LISAH-BVD-0-350-20230516","[1390225, 1396059, 1397802]"
"LISAH-BVD-0-351-20230516","[1396315, 1394429, 1614893]"
"LISAH-BVD-0-352-20230516","[1393462, 1435507, 1396315, 1400079]"
"LISAH-BVD-0-353-20230516","[1365482, 1502922, 1390426, 1744191, 1523071, 1743760, 1435507, 1396315, 1739203, 1743227]"
"LISAH-BVD-0-354-20230516","[1361466, 1365482, 1647575]"
"LISAH-BVD-0-364-20230516","[1687979, 1392175, 1389233, 1738583, 1392114, 1744384]"
"LISAH-BVD-0-372-20230516","[1394765, 1363368, 1356845, 1737489, 1744473, 1360020, 1457212, 1495474, 1741701, 1738583]"
"LISAH-BVD-0-379-20230516","[1361806, 1357335, 1737489]"
"LISAH-BVD-0-380-20230516","[1357143, 1363368]"
"LISAH-BVD-0-383-20230516","[1505488]"
"LISAH-BVD-0-392-20230516","[1399083]"
"LISAH-BVD-0-397-20230517","[1502797, 1390467, 1479415, 1501047, 1356800, 1737546]"
"LISAH-BVD-0-398-20230517","[1617119, 1493381]"
"LISAH-BVD-0-412-20230517","[1390225, 1628867, 1513956]"
"LISAH-BVD-0-417-20230517","[1614893, 1399083, 1393573]"
"LISAH-BVD-0-428-20230517","[1722704]"
"LISAH-BVD-0-430-20230517","[1363368]"
"LISAH-BVD-0-431-20230517","[1361139, 1365482]"
"LISAH-BVD-0-432-20230517","[1738785]"
"LISAH-BVD-0-463-20230517","[1614893, 1647175, 1737488, 1744191]"
"LISAH-BVD-0-465-20230517","[1392928, 1647164, 1390426]"
"LISAH-BVD-0-471-20230517","[1722704, 1393668, 1647164, 1435507, 1392928, 1741775, 1744027]"
"LISAH-BVD-0-54-20230510","[1359906, 1743663, 1388790, 1451490, 1363751, 1744125, 1563230, 1393958, 1744154, 1647348]"
"LISAH-BVD-0-99-20230510","[1722704, 1363368, 1414059, 1357335, 1744162, 1473216, 1390467]"
"LISAH-JAS-0-1-20220505","[1512782, 1646043]"
"LISAH-JAS-0-11-20220505","[1744021]"
"LISAH-JAS-0-12-20220505","[1396523]"
"LISAH-JAS-0-13-20220505","[1744021, 1573648, 1359512, 1400079, 1396523, 1742242]"
"LISAH-JAS-0-15-20220505","[1744384, 1481281]"
"LISAH-JAS-0-16-20220505","[1743760, 1573648, 1359512, 1425193, 1392147]"
"LISAH-JAS-0-17-20220505","[1396523, 1359512, 1744035, 1390349, 1425193, 1742242, 1496696, 1743227]"
"LISAH-JAS-0-2-20220505","[1396561, 1364148]"
"LISAH-JAS-0-6-20220505","[1359796, 1396691]"
"LISAH-JAS-0-7-20220505","[1357713, 1359796, 1505542, 1360815, 1393772]"
"LISAH-JAS-0-9-20220505","[1505542]"
"LISAH-JAS-1-25-20220505","[1741775, 1744384, 1393992]"
"LISAH-JAS-1-27-20220505","[1357335, 1405355, 1396523, 1363368, 1394765, 1744602]"
"LISAH-JAS-1-28-20220505","[1743227, 1550214, 1743760, 1358123, 1362133, 1359906]"
"LISAH-JAS-1-5-20220505","[1399083, 1664603]"
"LISAH-PEC-0-0-20220608","[1396059]"
"LISAH-PEC-0-1-20230411","[1744207, 1687979, 1396864, 1393498, 1393544, 1392159, 1647575, 1523343, 1389448, 1390865]"
"LISAH-PEC-0-10-20230405","[1356357, 1389080, 1357143, 1356800, 1668330, 1738661]"
"LISAH-PEC-0-11-20230405","[1481281, 1744207, 1389080]"
"LISAH-PEC-0-11-20230411","[1743931]"
"LISAH-PEC-0-12-20230411","[1356357, 1391644, 1548249, 1668330]"
"LISAH-PEC-0-13-20230411","[1396123, 1743931, 1647150, 1550197, 1452689, 1743714, 1390467]"
"LISAH-PEC-0-13-20230413","[1392175, 1744055, 1452284, 1394330, 1396059]"
"LISAH-PEC-0-14-20230407","[1356845]"
"LISAH-PEC-0-15-20230407","[1505488]"
"LISAH-PEC-0-17-20230413","[1396599, 1502831, 1744551, 1452284, 1673309, 1392175]"
"LISAH-PEC-0-18-20230411","[1356357, 1391644, 1495474, 1647575, 1722699, 1495399, 1668330]"
"LISAH-PEC-0-19-20230413","[1392175, 1744551, 1744027]"
"LISAH-PEC-0-20-20230411","[1396123]"
"LISAH-PEC-0-4-20230407","[1359388]"
"LISAH-PEC-0-4-20230411","[1358118, 1356357, 1647575, 1396864, 1743714]"
"LISAH-PEC-0-6-20220608","[1493722, 1400017, 1361464, 1452284, 1452689, 1510341, 1361147, 1361100, 1687981, 1513980]"
"LISAH-PEC-0-6-20230411","[1356357, 1668330, 1389080, 1393544, 1738661, 1495474, 1393498, 1396864, 1394994, 1744525]"
"LISAH-PEC-0-8-20230405","[1360655, 1744811, 1363067, 1744384, 1738661, 1399364]"
"LISAH-PEC-0-9-20230411","[1687979, 1389814, 1356357, 1392177, 1392159]"
"LISAH-PEC-0-9-20230413","[1394330, 1396628, 1502831, 1744392, 1359273, 1481281, 1363043, 1357507, 1389535, 1399827]"
"LISAH-PEC-1-13-20230405","[1738661, 1647150, 1391644, 1560392, 1477194, 1391783, 1523343]"
"LISAH-PEC-1-18-20230407","[1560392]"
"LISAH-PEC-2-0-20220609","[1479415]"
"LISAH-PEC-2-11-20220609","[1361307, 1357335]"
"LISAH-PEC-2-17-20230407","[1393498, 1389080, 1744207, 1492046, 1513980, 1495441]"
"LISAH-PEC-2-2-20220609","[1392177, 1396599, 1392175]"
"LISAH-PEC-2-20-20230407","[1358118]"
"LISAH-PEC-2-4-20220609","[1722445, 1361200, 1744811, 1361307]"
"LISAH-PEC-2-5-20220609","[1357335, 1363079, 1361200]"
"LISAH-PEC-2-5-20230407","[1361100, 1492461, 1361344, 1396007, 1480138, 1389233]"
"LISAH-PEC-2-6-20220609","[1744811, 1358523]"
"LISAH-PEC-3-10-20230407","[1360746, 1478566, 1400162]"
"LISAH-PEC-3-16-20230407","[1394330, 1722568, 1393772, 1392775, 1396864, 1479766, 1664156, 1359228]"
"LISAH-PEC-3-20-20230407","[1391320]"
"OPTMix-0108-P1-312-20231006","[1739064, 1390349, 1391802, 1742074, 1743933, 1390421, 1743831, 1743431, 1744176, 1361071]"
"OPTMix-0108-P1-422-20231006","[1548182]"
"OPTMix-0108-P1-427-20231006","[1390349, 1548182, 1742074, 1739064]"
"OPTMix-0108-P1-533-20231006","[1548182]"
"OPTMix-0108-P1-95-20231006","[1744041]"
"OPTMix-012-P1-143-20231201","[1548182, 1744224, 1396279, 1548508]"
"OPTMix-012-P1-208-20231201","[1360372]"
"OPTMix-012-P2-192-20231201","[1550197, 1743405, 1453531]"
"OPTMix-012-P2-207-20231201","[1744224, 1744642, 1701822, 1517471, 1396531, 1737448, 1738939]"
"OPTMix-012-P2-240-20231201","[1548508, 1548182, 1390367, 1738939, 1743933, 1356736, 1739203, 1360372, 1737448, 1744410]"
"OPTMix-012-P3-190-20231201","[1360372]"
"OPTMix-012-P3-218-20231201","[1396279, 1362367]"
"OPTMix-012-P3-220-20231201","[1548182, 1396279, 1356419]"
"OPTMix-0178-P1-1060-20231006","[1743831, 1391802, 1739064, 1742074, 1361071, 1457213, 1390421, 1744176, 1737448, 1738583]"
"OPTMix-0178-P1-1061-20231006","[1548182, 1628867, 1742773, 1393261, 1668525, 1390367, 1393032, 1743933, 1390127]"
"OPTMix-0178-P1-552-20231006","[1391802, 1743431, 1743831, 1739064, 1741616, 1722340, 1744028]"
"OPTMix-0178-P1-661-20231006","[1391802, 1737657, 1389206, 1743831, 1390658, 1743507, 1743431, 1742074]"
"OPTMix-0178-P1-663-20231006","[1548182, 1390421, 1742773, 1457213, 1743933, 1739043, 1390349, 1393261, 1742074]"
"OPTMix-0178-P1-669-20231006","[1701822, 1393261, 1548508, 1744224, 1548182, 1688110, 1743931, 1389017, 1739043]"
"OPTMix-0200-11006-20231009","[1744224, 1743933, 1548182, 1453531]"
"OPTMix-0200-P2-53-20231009","[1738192]"
"OPTMix-0200-P2-54-20231009","[1722440]"
"OPTMix-0200-P2-68-20231009","[1361354, 1744368, 1393062]"
"OPTMix-0200-P3-108-20231009","[1391802, 1737657]"
"OPTMix-0200-P3-127-20231009","[1391802, 1453529]"
"OPTMix-0200-P3-139-20231009","[1722440, 1453531, 1392258]"
"OPTMix-0214-P1-207-20231010","[1743933, 1744224, 1548182, 1517471, 1395538]"
"OPTMix-0214-P1-208-20231010","[1743933, 1744176, 1744224, 1395538]"
"OPTMix-0214-P1-235-20231010","[1548182, 1743933, 1744224, 1360372, 1548508, 1390349, 1390426]"
"OPTMix-0214-P2-22-20231010","[1398374, 1396599]"
"OPTMix-0214-P2-64-20231010","[1361833, 1668694]"
"OPTMix-0214-P2-84-20231010","[1744224, 1548182, 1360372, 1548508, 1738939, 1457213, 1687895, 1505488]"
"OPTMix-0214-P3-186-20231010","[1743933, 1743922, 1390367, 1517471]"
"OPTMix-0214-P3-196-20231010","[1743933, 1744224, 1738939, 1548182]"
"OPTMix-0214-P3-278-20231010","[1502797, 1452284, 1743472]"
"OPTMix-0216-P4-208-20231009","[1743933, 1361045, 1427718, 1391320, 1390865, 1479415, 1742074]"
"OPTMix-0255-11233-20231009","[1452284, 1548182]"
"OPTMix-0255-11372-20231009","[1743933, 1548182, 1550197, 1396531, 1389586]"
"OPTMix-0255-11382-20231009","[1548182, 1453529, 1502797]"
"OPTMix-033-P3-107-20231201","[1391802]"
"OPTMix-0333-P1-107-20231212","[1391802, 1737448]"
"OPTMix-0333-P1-112-20231212","[1739065, 1737448, 1737657, 1391802]"
"OPTMix-0333-P2-108-20231212","[1391802, 1742074]"
"OPTMix-0333-P2-112-20231212","[1359388]"
"OPTMix-0333-P2-115-20231212","[1399273]"
"OPTMix-0333-P3-100-20231201","[1391802, 1743831, 1743507]"
"OPTMix-0333-P3-76-20231201","[1391802, 1743507, 1737546, 1743831]"
"OPTMix-057-P1-1699-20231010","[1391802, 1400079, 1743831, 1743933, 1742074, 1743431, 1390421, 1390349, 1493109, 1632961]"
"OPTMix-057-P1-1901-20231010","[1743431, 1743933, 1358123, 1744224, 1458029, 1548182, 1744234, 1742074, 1668573, 1457212]"
"OPTMix-057-P1-1902-20231010","[1742074, 1391802, 1744028, 1548182, 1743431, 1743933, 1737657]"
"OPTMix-057-P1-1913-20231010","[1391802, 1737657, 1742074, 1356404, 1743831, 1396527, 1391807, 1743507, 1391320]"
"OPTMix-057-P1-1917-20231010","[1391802, 1743831, 1743431, 1739064, 1389206, 1400079, 1742074, 1392035, 1389342, 1744551]"
"OPTMix-0593-P1-129-20231205","[1548182, 1396279, 1744176]"
"OPTMix-0593-P1-134-20231205","[1360372, 1738939, 1743315]"
"OPTMix-0593-P1-86-20231205","[1744176, 1548182]"
"OPTMix-0593-P2-180-20231205","[1744224, 1743933, 1737490]"
"OPTMix-0593-P2-84-20231205","[1548182, 1744224]"
"OPTMix-0593-P2-92-20231205","[1548182, 1390349, 1393887, 1744224]"
"OPTMix-0593-P3-130-20231205","[1743933, 1548182, 1744224]"
"OPTMix-0593-P3-146-20231205","[1743933, 1738939, 1548182, 1390367, 1744176, 1457213, 1398689, 1392892, 1743963, 1744224]"
"OPTMix-0593-P3-87-20231205","[1743933, 1744224, 1453531, 1548182]"
"OPTMix-0598-P1-118-20231205","[1548182]"
"OPTMix-0598-P1-132-20231205","[1360372, 1550154, 1548182]"
"OPTMix-0598-P1-133-20231205","[1738939]"
"OPTMix-0598-P1-149-20231205","[1360372, 1390421, 1358118, 1564493]"
"OPTMix-0598-P1-197-20231205","[1743933]"
"OPTMix-0598-P1-198-20231205","[1647823]"
"OPTMix-0598-P2-102-20231205","[1391802, 1743507, 1391320, 1742074, 1737657]"
"OPTMix-0598-P2-139-20231207","[1741922, 1453531, 1362367, 1398689, 1457212]"
"OPTMix-0598-P2-86-20231207","[1737657]"
"OPTMix-0598-P2-99-20231205","[1360372, 1548182, 1744224, 1457213]"
"OPTMix-0598-P4-104-20231207","[1357143, 1737423, 1744208, 1743933]"
"OPTMix-0598-P4-108-20231207","[1398689, 1668525, 1548182, 1457212, 1741922, 1743933, 1390225, 1668744]"
"OPTMix-0598-P4-128-20231207","[1548182]"
"OPTMix-083-P3-139-20231110","[1400159, 1743507, 1395369, 1391802, 1742074, 1362682, 1737448, 1395445]"
"OPTMix-083-P3-186-20231110","[1391802, 1673119, 1737546, 1743831]"
"OPTMix-083-P3-96-20231110","[1505488, 1647823, 1564354]"
"OPTMix-108-P1-000-20231006","[1548182, 1744028]"
"RNNB-1-1-20230512","[1452695, 1389494]"
"RNNB-1-1-20240117","[1545700, 1392264, 1502797, 1358118, 1390467, 1744208, 1743933]"
"RNNB-1-10-20230512","[1738192, 1738583, 1393574, 1452695, 1738887, 1358568, 1647575, 1396196]"
"RNNB-1-10-20240117","[1737437, 1744412, 1394413, 1744070, 1363052, 1744204, 1360013, 1453531, 1647823, 1393356]"
"RNNB-1-2-20230512","[1393574, 1738583, 1738192, 1357143, 1737653]"
"RNNB-1-2-20240117","[1545700, 1390421, 1363603, 1400159, 1358880, 1361200, 1744208, 1361147, 1358118, 1489066]"
"RNNB-1-3-20230512","[1737653, 1738887, 1452695]"
"RNNB-1-3-20240117","[1545700, 1663341, 1639681, 1390421, 1744208, 1361200, 1363603, 1742895, 1396600, 1361147]"
"RNNB-1-4-20230512","[1393573, 1389494, 1393548]"
"RNNB-1-4-20240117","[1651204, 1492046, 1744208, 1360013, 1545700, 1743375, 1362179, 1390467]"
"RNNB-1-5-20230512","[1737653, 1452695, 1393548, 1738192, 1393573, 1647575]"
"RNNB-1-5-20240117","[1392264]"
"RNNB-1-6-20230512","[1452695, 1738192, 1744857, 1737653]"
"RNNB-1-6-20240117","[1531432, 1741576, 1737437, 1556901]"
"RNNB-1-7-20230512","[1737653, 1357143, 1738583, 1393548]"
"RNNB-1-7-20240117","[1531432, 1453531]"
"RNNB-1-8-20230512","[1744379, 1647575, 1356357]"
"RNNB-1-8-20240117","[1744070, 1647575, 1744208, 1357019, 1389401, 1394674, 1392258, 1391352, 1358577]"
"RNNB-1-9-20230512","[1738192, 1452695, 1738583, 1737653, 1357143]"
"RNNB-1-9-20240117","[1737437, 1392258, 1744070, 1651204, 1647575, 1457213, 1744412, 1744208]"
"RNNB-2-1-20230512","[1738192, 1393574, 1738583, 1357143]"
"RNNB-2-1-20240117","[1744412, 1737437, 1639681, 1651204, 1389535, 1492046, 1357713, 1396600]"
"RNNB-2-10-20230512","[1564457, 1357143, 1393548]"
"RNNB-2-10-20240117","[1743375, 1456747, 1358203, 1744412, 1472691, 1362179, 1664742, 1639681, 1651204]"
"RNNB-2-2-20230512","[1738887]"
"RNNB-2-2-20240117","[1744412, 1639681, 1456747, 1389508, 1358203, 1389535, 1743375, 1744070, 1391352]"
"RNNB-2-3-20230512","[1564457, 1390467, 1357143]"
"RNNB-2-3-20240117","[1456747, 1639681, 1743375, 1744412, 1550198, 1389508, 1400159, 1396600]"
"RNNB-2-4-20230512","[1390467]"
"RNNB-2-4-20240117","[1357713, 1743375, 1639681, 1389508, 1492046, 1396600, 1391352, 1628784, 1744412, 1744070]"
"RNNB-2-5-20230512","[1390467]"
"RNNB-2-5-20240117","[1744412, 1362179, 1492046, 1493109, 1391783, 1743663, 1360009, 1396600]"
"RNNB-2-6-20230512","[1390467, 1360036, 1452695]"
"RNNB-2-6-20240117","[1456747, 1357651, 1389535, 1639681, 1358924, 1744154, 1357713, 1502112, 1492046]"
"RNNB-2-7-20230512","[1564457]"
"RNNB-2-7-20240117","[1743317, 1639681, 1744412, 1465444, 1358203, 1743375]"
"RNNB-2-8-20230512","[1390467]"
"RNNB-2-8-20240117","[1452695, 1639681, 1743244, 1360009, 1739203, 1493109]"
"RNNB-2-9-20230512","[1564457]"
"RNNB-2-9-20240117","[1456747, 1362179, 1647575, 1364148, 1356796, 1744070, 1743375, 1647153]"
"RNNB-3-1-20230512","[1523343]"
"RNNB-3-1-20240117","[1390467, 1743244, 1693472, 1392182, 1651204, 1360973, 1639681, 1355977]"
"RNNB-3-10-20230512","[1738583]"
"RNNB-3-10-20240117","[1651204, 1744125, 1396600, 1647153, 1546217, 1452695, 1360013, 1744412, 1362179, 1453531]"
"RNNB-3-11-20230512","[1391802]"
"RNNB-3-12-20230512","[1392336]"
"RNNB-3-2-20230512","[1390467]"
"RNNB-3-2-20240117","[1651204, 1389535, 1493109, 1396600, 1639681, 1502797, 1360013, 1391459, 1388790, 1390467]"
"RNNB-3-3-20240117","[1390467, 1744162, 1744412, 1362179, 1693472, 1502797, 1358924, 1391783, 1651204, 1531432]"
"RNNB-3-4-20230512","[1452695, 1393668, 1361619, 1531432, 1397256, 1473216]"
"RNNB-3-4-20240117","[1743244, 1452695, 1396600, 1493109, 1362179, 1492046, 1363043, 1647575, 1744023, 1651204]"
"RNNB-3-5-20230512","[1504116]"
"RNNB-3-5-20240117","[1651204, 1362179, 1360013, 1396600, 1394696, 1742895, 1359906, 1492046, 1390467, 1400159]"
"RNNB-3-6-20230512","[1722440]"
"RNNB-3-6-20240117","[1360013, 1492046, 1744412, 1399736, 1502112, 1743443, 1360009, 1493109, 1391352, 1743537]"
"RNNB-3-7-20230512","[1392291]"
"RNNB-3-7-20240117","[1360013, 1394696, 1545700, 1639681, 1393668, 1493109, 1362179, 1396600, 1744438, 1361374]"
"RNNB-3-8-20230512","[1393992]"
"RNNB-3-8-20240117","[1651204, 1396600, 1358880, 1360013, 1489066]"
"RNNB-3-9-20230512","[1392291]"
"RNNB-3-9-20240117","[1391352, 1360009, 1502112]"
"RNNB-4-1-20240117","[1743927, 1359906, 1493109, 1396691, 1744635, 1743663, 1744023, 1513980, 1744392, 1389508]"
"RNNB-4-1-20240118","[1744204, 1389494]"
"RNNB-4-10-20240117","[1362179, 1360013, 1744412, 1743819, 1361363]"
"RNNB-4-10-20240118","[1647263, 1502540, 1744023, 1564370]"
"RNNB-4-2-20240117","[1359906, 1743927, 1560392, 1502540]"
"RNNB-4-2-20240118","[1658600, 1737546, 1362179, 1744027, 1513980, 1400162, 1492046, 1356796, 1743936, 1399800]"
"RNNB-4-3-20240117","[1359906, 1743927, 1389508, 1360013, 1744795, 1560392, 1744412, 1356708]"
"RNNB-4-3-20240118","[1394674, 1361226]"
"RNNB-4-4-20240117","[1359906, 1360013, 1743927, 1744023, 1639681, 1493109, 1357019]"
"RNNB-4-4-20240118","[1744023, 1356796, 1390541, 1361147, 1493109, 1744208, 1397838, 1502831]"
"RNNB-4-5-20240117","[1360013, 1743819, 1359906, 1639681]"
"RNNB-4-5-20240118","[1513980, 1357019, 1647263]"
"RNNB-4-6-20240117","[1493109, 1359906, 1743819, 1743244, 1362179, 1639681, 1492046]"
"RNNB-4-6-20240118","[1357019]"
"RNNB-4-7-20240117","[1359906, 1744412, 1639681, 1744070, 1362179, 1561314, 1389535, 1647153, 1391352, 1390467]"
"RNNB-4-7-20240118","[1513980]"
"RNNB-4-8-20240117","[1360013, 1359906, 1744412, 1493109, 1492046, 1396600, 1639681, 1361200, 1390541, 1493662]"
"RNNB-4-8-20240118","[1502540]"
"RNNB-4-9-20240117","[1744412, 1399643, 1737437, 1358924, 1743819, 1561314, 1636854]"
"RNNB-4-9-20240118","[1393474, 1392081]"
"RNNB-5-1-20240117","[1358880, 1743665, 1743550, 1513498]"
"RNNB-5-1-20240118","[1647575, 1502939, 1502831, 1628784, 1492046, 1363111, 1358933, 1744027, 1561314, 1388921]"
"RNNB-5-10-20240117","[1561314, 1452284, 1489066, 1361147, 1362179, 1742895, 1744635, 1647575, 1361387, 1739083]"
"RNNB-5-10-20240118","[1744023, 1362502, 1693472, 1499783]"
"RNNB-5-2-20240117","[1396587, 1362179]"
"RNNB-5-2-20240118","[1398819]"
"RNNB-5-3-20240117","[1362179, 1396587, 1647338, 1742895]"
"RNNB-5-3-20240118","[1356796, 1647263, 1513980, 1493109, 1362179, 1646043, 1479531, 1361363, 1744023, 1743275]"
"RNNB-5-4-20240117","[1394674, 1396587, 1502939, 1362179]"
"RNNB-5-4-20240118","[1646043, 1647263, 1743927, 1396864]"
"RNNB-5-5-20240117","[1396587, 1742895, 1362179, 1664603, 1513980]"
"RNNB-5-5-20240118","[1502540, 1564286]"
"RNNB-5-6-20240117","[1743665]"
"RNNB-5-6-20240118","[1358326, 1513952, 1479531, 1493109, 1502540, 1743244, 1513980, 1360013, 1357019, 1398740]"
"RNNB-5-7-20240117","[1743550, 1742895]"
"RNNB-5-7-20240118","[1359833]"
"RNNB-5-8-20240117","[1489066, 1361147]"
"RNNB-5-8-20240118","[1489066]"
"RNNB-5-9-20240117","[1744635, 1742895, 1396587, 1362179, 1743927, 1513980]"
"RNNB-5-9-20240118","[1647575, 1390467, 1743307, 1564352]"
"RNNB-6-1-20240117","[1513980, 1356904, 1361363, 1389659, 1356845, 1564370, 1563814, 1396599, 1493109, 1523343]"
"RNNB-6-1-20240118","[1492461, 1493109, 1639681, 1360013, 1356796, 1397083, 1396600, 1658600, 1502939, 1744023]"
"RNNB-6-10-20240117","[1396604, 1743814, 1361147]"
"RNNB-6-10-20240118","[1492046, 1395470]"
"RNNB-6-2-20240117","[1742895, 1493109]"
"RNNB-6-2-20240118","[1360013, 1639681, 1389508, 1545700, 1452695, 1664940, 1359906, 1658600, 1358203, 1502939]"
"RNNB-6-3-20240117","[1358012, 1362179]"
"RNNB-6-3-20240118","[1356796, 1502939, 1573648, 1392075, 1396600, 1639681, 1360013, 1645887, 1390421, 1453542]"
"RNNB-6-4-20240117","[1647575, 1744551, 1493662, 1744023, 1435507]"
"RNNB-6-4-20240118","[1647153, 1390421, 1399048, 1664940, 1356708, 1560392, 1357019]"
"RNNB-6-5-20240117","[1744551, 1744023, 1390535, 1389508, 1356796, 1359273, 1647185]"
"RNNB-6-5-20240118","[1361363, 1502797]"
"RNNB-6-6-20240117","[1744023, 1513980, 1743927, 1356796]"
"RNNB-6-6-20240118","[1744023, 1743927, 1390541, 1513980, 1389508, 1499783, 1356796, 1560392, 1743819, 1493109]"
"RNNB-6-7-20240117","[1744551, 1356796, 1647185, 1392492, 1356845, 1513980, 1392892, 1361363]"
"RNNB-6-7-20240118","[1357019]"
"RNNB-6-8-20240117","[1499783, 1356845]"
"RNNB-6-8-20240118","[1390541, 1560392, 1389508, 1479531, 1743244, 1744412, 1360039, 1360013]"
"RNNB-6-9-20240117","[1358118, 1489066, 1394543, 1361147, 1502797]"
"RNNB-6-9-20240118","[1693472, 1360013, 1743927, 1359906, 1396691, 1389508, 1395470, 1399048, 1560392, 1391352]"
"RNNB-7-1-20240118","[1743244, 1647348, 1502540, 1452695, 1360655, 1493061, 1743275, 1470478, 1394674, 1647270]"
"RNNB-7-10-20240118","[1743307, 1657246, 1399929, 1362179, 1502948]"
"RNNB-7-2-20240118","[1394674]"
"RNNB-7-3-20240118","[1392218]"
"RNNB-7-4-20240118","[1399929]"
"RNNB-7-5-20240118","[1361354, 1389242]"
"RNNB-7-6-20240118","[1741775, 1361464]"
"RNNB-7-7-20240118","[1390469, 1361464, 1361175, 1394057, 1389242, 1744218, 1392264, 1647270]"
"RNNB-7-8-20240118","[1489066, 1394413, 1722432]"
"RNNB-7-9-20240118","[1394674, 1362179, 1518932]"
"RNNB-8-1-20240118","[1390467, 1493109, 1396447, 1639681, 1499783, 1531432, 1744526, 1502797]"
"RNNB-8-10-20240118","[1647575, 1396544, 1502797, 1361070, 1363052]"
"RNNB-8-2-20240118","[1743375, 1457187, 1390467, 1492046]"
"RNNB-8-3-20240118","[1531432]"
"RNNB-8-4-20240118","[1360013, 1651204, 1545700, 1452695, 1647270, 1647575, 1493109, 1744208, 1639681, 1396544]"
"RNNB-8-5-20240118","[1647575, 1493109, 1360013, 1645890, 1452695, 1639681, 1391352, 1426088, 1499783, 1390467]"
"RNNB-8-6-20240118","[1647575, 1452695, 1743244, 1639681, 1645890, 1392846, 1360013, 1493109, 1389242, 1360973]"
"RNNB-8-7-20240118","[1358924, 1561314, 1493109, 1358933, 1363802, 1389535]"
"RNNB-8-8-20240118","[1743375, 1358967, 1492046, 1457187, 1651204, 1499783, 1390467, 1396274, 1396600, 1358924]"
"RNNB-8-9-20240118","[1390467, 1531432, 1647575, 1492739, 1647270, 1358924]"
