"quadrat_id","species_ids"
"2024-CEV3-20240602","[1395045, 1362443, 1360203]"
"CBN-PdlC-A1-20130807","[1392608, 1412857, 1395807]"
"CBN-PdlC-A1-20130903","[1396144, 1412857, 1742053]"
"CBN-PdlC-A1-20140721","[1392608, 1396144, 1412857]"
"CBN-PdlC-A1-20140811","[1392608, 1396144, 1412857]"
"CBN-PdlC-A1-20140901","[1392608, 1361367, 1412857]"
"CBN-PdlC-A1-20150701","[1392608, 1356422, 1396253]"
"CBN-PdlC-A1-20150720","[1392608, 1392534, 1394311]"
"CBN-PdlC-A1-20150831","[1392608, 1396843, 1742053]"
"CBN-PdlC-A1-20160705","[1412857, 1392608, 1394911]"
"CBN-PdlC-A1-20160726","[1392534, 1392535, 1394911]"
"CBN-PdlC-A1-20170816","[1392534, 1412857, 1361367]"
"CBN-PdlC-A1-20170906","[1392534, 1412857, 1742053]"
"CBN-PdlC-A1-20180702","[1394911, 1412857, 1392541]"
"CBN-PdlC-A1-20180815","[1412857, 1742053, 1361367]"
"CBN-PdlC-A1-20180905","[1412857, 1392608, 1396253]"
"CBN-PdlC-A1-20190701","[1742053, 1392534, 1412857]"
"CBN-PdlC-A1-20190722","[1392608, 1396843, 1361367]"
"CBN-PdlC-A1-20190812","[1412857, 1392608, 1742053]"
"CBN-PdlC-A1-20190909","[1392608, 1392534, 1742052]"
"CBN-PdlC-A1-20200629","[1356337, 1361801, 1389368]"
"CBN-PdlC-A1-20200722","[1392534, 1392535, 1392608]"
"CBN-PdlC-A1-20200812","[1412857, 1392535, 1392608]"
"CBN-PdlC-A2-20130807","[1393200, 1412857, 1394911]"
"CBN-PdlC-A2-20130903","[1393200, 1742053, 1396253]"
"CBN-PdlC-A2-20140721","[1396144, 1396253, 1397491]"
"CBN-PdlC-A2-20140901","[1396253, 1412857, 1394643]"
"CBN-PdlC-A2-20150720","[1393200, 1412857, 1742053]"
"CBN-PdlC-A2-20150810","[1393200, 1412857, 1742053]"
"CBN-PdlC-A2-20150831","[1393200, 1412857, 1396253]"
"CBN-PdlC-A2-20160705","[1393200, 1396253, 1412857]"
"CBN-PdlC-A2-20160726","[1392535, 1393200, 1412857]"
"CBN-PdlC-A2-20170816","[1393200, 1412857, 1395807]"
"CBN-PdlC-A2-20180702","[1412241, 1396144, 1360981]"
"CBN-PdlC-A2-20180723","[1393200, 1396144, 1395807]"
"CBN-PdlC-A2-20180815","[1412857, 1396253, 1742053]"
"CBN-PdlC-A2-20180905","[1412857, 1396144, 1742053]"
"CBN-PdlC-A2-20190701","[1393200, 1651061, 1394643]"
"CBN-PdlC-A2-20190722","[1392534, 1393200, 1396253]"
"CBN-PdlC-A2-20190812","[1396253, 1412857, 1393200]"
"CBN-PdlC-A2-20190909","[1742053, 1412857, 1395807]"
"CBN-PdlC-A2-20200629","[1394065, 1361113, 1388766]"
"CBN-PdlC-A2-20200722","[1393200, 1392534, 1396253]"
"CBN-PdlC-A2-20200812","[1392534, 1393200, 1396253]"
"CBN-PdlC-A3-20130807","[1399800, 1394597, 1744235]"
"CBN-PdlC-A3-20130903","[1392608, 1742053, 1412857]"
"CBN-PdlC-A3-20140721","[1393200, 1396144, 1392608]"
"CBN-PdlC-A3-20140811","[1393200, 1392608, 1396144]"
"CBN-PdlC-A3-20140901","[1412857, 1393200, 1742053]"
"CBN-PdlC-A3-20150701","[1396144, 1393200, 1392608]"
"CBN-PdlC-A3-20150720","[1393200, 1392608, 1396144]"
"CBN-PdlC-A3-20150810","[1393200, 1396144, 1412857]"
"CBN-PdlC-A3-20150831","[1393200, 1396144, 1412857]"
"CBN-PdlC-A3-20160705","[1393200, 1412857, 1392608]"
"CBN-PdlC-A3-20160726","[1393200, 1392534, 1412857]"
"CBN-PdlC-A3-20170816","[1396144, 1393200, 1412857]"
"CBN-PdlC-A3-20170906","[1396144, 1393200, 1412857]"
"CBN-PdlC-A3-20180702","[1394643, 1412857, 1399798]"
"CBN-PdlC-A3-20180723","[1393200, 1392608, 1412857]"
"CBN-PdlC-A3-20180815","[1393200, 1742053, 1412857]"
"CBN-PdlC-A3-20180905","[1412857, 1393200, 1742053]"
"CBN-PdlC-A3-20190701","[1393200, 1397535, 1392534]"
"CBN-PdlC-A3-20190722","[1393200, 1392608, 1412857]"
"CBN-PdlC-A3-20190812","[1393200, 1742053, 1412857]"
"CBN-PdlC-A3-20190909","[1412857, 1742053, 1393200]"
"CBN-PdlC-A3-20200629","[1359750, 1517561, 1743903]"
"CBN-PdlC-A3-20200722","[1393200, 1412857, 1392608]"
"CBN-PdlC-A3-20200812","[1742053, 1412857, 1393200]"
"CBN-PdlC-A4-20130807","[1393200, 1392608, 1397475]"
"CBN-PdlC-A4-20130903","[1393200, 1397475, 1392608]"
"CBN-PdlC-A4-20140811","[1393200, 1392608, 1396843]"
"CBN-PdlC-A4-20140901","[1393200, 1397475, 1392608]"
"CBN-PdlC-A4-20150701","[1393200, 1396144, 1397475]"
"CBN-PdlC-A4-20150810","[1393200, 1390674, 1392608]"
"CBN-PdlC-A4-20150831","[1393200, 1396144, 1392608]"
"CBN-PdlC-A4-20160705","[1393200, 1397475, 1397500]"
"CBN-PdlC-A4-20160726","[1393200, 1396144, 1392608]"
"CBN-PdlC-A4-20170816","[1742053, 1396144, 1397475]"
"CBN-PdlC-A4-20170906","[1393200, 1396144, 1397475]"
"CBN-PdlC-A4-20180702","[1393200, 1397475, 1396144]"
"CBN-PdlC-A4-20180723","[1393200, 1392608, 1397475]"
"CBN-PdlC-A4-20180815","[1393200, 1397475, 1361275]"
"CBN-PdlC-A4-20180905","[1393200, 1396144, 1392608]"
"CBN-PdlC-A4-20190701","[1393200, 1397475, 1392608]"
"CBN-PdlC-A4-20190722","[1393200, 1397475, 1396144]"
"CBN-PdlC-A4-20190812","[1393200, 1396144, 1392608]"
"CBN-PdlC-A4-20190909","[1397475, 1362482, 1393874]"
"CBN-PdlC-A4-20200629","[1397475, 1392608, 1393200]"
"CBN-PdlC-A4-20200722","[1393200, 1397475, 1393660]"
"CBN-PdlC-A4-20200812","[1393200, 1397475, 1392608]"
"CBN-PdlC-A5-20130807","[1397475, 1393200, 1395807]"
"CBN-PdlC-A5-20130903","[1397475, 1396253, 1395807]"
"CBN-PdlC-A5-20140721","[1393660, 1393659, 1397475]"
"CBN-PdlC-A5-20140811","[1397043, 1395807, 1392541]"
"CBN-PdlC-A5-20150701","[1393200, 1395807, 1396253]"
"CBN-PdlC-A5-20150831","[1397475, 1396253, 1395807]"
"CBN-PdlC-A5-20160705","[1397475, 1396253, 1393200]"
"CBN-PdlC-A5-20160726","[1392534, 1393200, 1396253]"
"CBN-PdlC-A5-20170816","[1397475, 1396253, 1395807]"
"CBN-PdlC-A5-20170906","[1393200, 1396253, 1397475]"
"CBN-PdlC-A5-20180815","[1393200, 1397475, 1396253]"
"CBN-PdlC-A5-20180905","[1393200, 1396253, 1397475]"
"CBN-PdlC-A5-20190909","[1397475, 1396253, 1361367]"
"CBN-PdlC-A5-20200722","[1397475, 1396253, 1395807]"
"CBN-PdlC-A6-20130807","[1397475, 1393200, 1396253]"
"CBN-PdlC-A6-20130903","[1397475, 1396253, 1393200]"
"CBN-PdlC-A6-20140630","[1396253, 1397475, 1741776]"
"CBN-PdlC-A6-20140721","[1397475, 1396253, 1397430]"
"CBN-PdlC-A6-20140901","[1397475, 1397430, 1393200]"
"CBN-PdlC-A6-20150701","[1393200, 1397475, 1396253]"
"CBN-PdlC-A6-20150810","[1397475, 1393200, 1396253]"
"CBN-PdlC-A6-20150831","[1397475, 1395807, 1397430]"
"CBN-PdlC-A6-20160705","[1393200, 1397475, 1396253]"
"CBN-PdlC-A6-20160726","[1397475, 1396253, 1393200]"
"CBN-PdlC-A6-20170816","[1397475, 1393200, 1393660]"
"CBN-PdlC-A6-20170906","[1393200, 1397475, 1396253]"
"CBN-PdlC-A6-20180702","[1393200, 1397475, 1396253]"
"CBN-PdlC-A6-20180723","[1393200, 1397475, 1396253]"
"CBN-PdlC-A6-20180815","[1397475, 1394540, 1394542]"
"CBN-PdlC-A6-20180905","[1397475, 1393200, 1741661]"
"CBN-PdlC-A6-20190701","[1393200, 1397475, 1396253]"
"CBN-PdlC-A6-20190722","[1397475, 1393660, 1393200]"
"CBN-PdlC-A6-20190812","[1393200, 1397475, 1396253]"
"CBN-PdlC-A6-20190909","[1397475, 1362482, 1396253]"
"CBN-PdlC-A6-20200722","[1397475, 1393200, 1397430]"
"CBN-PdlC-A6-20200812","[1396253, 1397475, 1393200]"
"CBN-PdlC-B1-20130807","[1392608, 1393200, 1395807]"
"CBN-PdlC-B1-20130903","[1393200, 1392608, 1392614]"
"CBN-PdlC-B1-20140721","[1393200, 1392608, 1396253]"
"CBN-PdlC-B1-20140811","[1396144, 1393200, 1392608]"
"CBN-PdlC-B1-20140901","[1393200, 1392608, 1396253]"
"CBN-PdlC-B1-20150701","[1393200, 1392608, 1394597]"
"CBN-PdlC-B1-20150720","[1392608, 1395807, 1396253]"
"CBN-PdlC-B1-20150810","[1393200, 1392608, 1363133]"
"CBN-PdlC-B1-20150831","[1392608, 1393200, 1412857]"
"CBN-PdlC-B1-20160705","[1396144, 1393200, 1392608]"
"CBN-PdlC-B1-20160726","[1393200, 1392608, 1361367]"
"CBN-PdlC-B1-20170816","[1392608, 1742053, 1396144]"
"CBN-PdlC-B1-20170906","[1393200, 1396144, 1412857]"
"CBN-PdlC-B1-20180702","[1413349, 1393660, 1393679]"
"CBN-PdlC-B1-20180723","[1393200, 1392608, 1393679]"
"CBN-PdlC-B1-20180815","[1396144, 1412857, 1392608]"
"CBN-PdlC-B1-20180905","[1412857, 1742053, 1392608]"
"CBN-PdlC-B1-20190701","[1393200, 1392608, 1392612]"
"CBN-PdlC-B1-20190722","[1392608, 1361367, 1412857]"
"CBN-PdlC-B1-20190812","[1392608, 1412857, 1742053]"
"CBN-PdlC-B1-20190909","[1392608, 1412857, 1647128]"
"CBN-PdlC-B1-20200629","[1393200, 1356359, 1392608]"
"CBN-PdlC-B1-20200722","[1393200, 1392608, 1395807]"
"CBN-PdlC-B1-20200812","[1412857, 1392608, 1742053]"
"CBN-PdlC-B2-20130807","[1392608, 1647128, 1392541]"
"CBN-PdlC-B2-20130903","[1392608, 1647128, 1395807]"
"CBN-PdlC-B2-20140721","[1392608, 1392612, 1392606]"
"CBN-PdlC-B2-20140811","[1392608, 1395807, 1392611]"
"CBN-PdlC-B2-20140901","[1392608, 1647128, 1392612]"
"CBN-PdlC-B2-20150701","[1392608, 1360299, 1392612]"
"CBN-PdlC-B2-20150720","[1392608, 1394311, 1392612]"
"CBN-PdlC-B2-20150810","[1741880, 1647128, 1392608]"
"CBN-PdlC-B2-20150831","[1392608, 1519650, 1742053]"
"CBN-PdlC-B2-20160705","[1392608, 1413349, 1392612]"
"CBN-PdlC-B2-20160726","[1392608, 1647128, 1392534]"
"CBN-PdlC-B2-20170816","[1392608, 1412857, 1362482]"
"CBN-PdlC-B2-20170906","[1394911, 1395807, 1395718]"
"CBN-PdlC-B2-20180702","[1391427, 1392534, 1394911]"
"CBN-PdlC-B2-20180723","[1392608, 1392535, 1392534]"
"CBN-PdlC-B2-20180815","[1392534, 1412857, 1393708]"
"CBN-PdlC-B2-20180905","[1412857, 1392534, 1392541]"
"CBN-PdlC-B2-20190701","[1392534, 1392541, 1418688]"
"CBN-PdlC-B2-20190722","[1392534, 1392535, 1412857]"
"CBN-PdlC-B2-20190812","[1412857, 1392534, 1742053]"
"CBN-PdlC-B2-20190909","[1362482, 1392565, 1392608]"
"CBN-PdlC-B2-20200629","[1394911, 1392534, 1418688]"
"CBN-PdlC-B2-20200722","[1392608, 1392611, 1397043]"
"CBN-PdlC-B2-20200812","[1392608, 1392732, 1397386]"
"CBN-PdlC-B3-20130807","[1392541, 1394911, 1364066]"
"CBN-PdlC-B3-20130903","[1393200, 1392534, 1392541]"
"CBN-PdlC-B3-20140721","[1393200, 1392534, 1394366]"
"CBN-PdlC-B3-20140811","[1393200, 1742053, 1412857]"
"CBN-PdlC-B3-20140901","[1393200, 1412857, 1361367]"
"CBN-PdlC-B3-20150701","[1393200, 1392534, 1392541]"
"CBN-PdlC-B3-20150810","[1393200, 1394911, 1742053]"
"CBN-PdlC-B3-20150831","[1393200, 1392541, 1392534]"
"CBN-PdlC-B3-20160705","[1393200, 1394911, 1412857]"
"CBN-PdlC-B3-20160726","[1393200, 1396144, 1392534]"
"CBN-PdlC-B3-20170816","[1394542, 1742053, 1412857]"
"CBN-PdlC-B3-20170906","[1412857, 1393200, 1392541]"
"CBN-PdlC-B3-20180702","[1393200, 1397475, 1392608]"
"CBN-PdlC-B3-20180723","[1393200, 1742053, 1392541]"
"CBN-PdlC-B3-20180815","[1393200, 1412857, 1742053]"
"CBN-PdlC-B3-20180905","[1412857, 1396144, 1393200]"
"CBN-PdlC-B3-20190701","[1396144, 1356356, 1418688]"
"CBN-PdlC-B3-20190722","[1393200, 1361367, 1392534]"
"CBN-PdlC-B3-20190812","[1412857, 1393200, 1361367]"
"CBN-PdlC-B3-20190909","[1742053, 1412857, 1394542]"
"CBN-PdlC-B3-20200629","[1361425, 1390532, 1655422]"
"CBN-PdlC-B3-20200722","[1393200, 1742053, 1412857]"
"CBN-PdlC-B3-20200812","[1393200, 1742053, 1397381]"
"CBN-PdlC-B4-20130807","[1397475, 1394911, 1392541]"
"CBN-PdlC-B4-20130903","[1397475, 1394311, 1361070]"
"CBN-PdlC-B4-20140721","[1397475, 1400101, 1393200]"
"CBN-PdlC-B4-20140811","[1397475, 1394311, 1412857]"
"CBN-PdlC-B4-20140901","[1412857, 1397475, 1742053]"
"CBN-PdlC-B4-20150701","[1397475, 1412857, 1741661]"
"CBN-PdlC-B4-20150810","[1393200, 1390674, 1397475]"
"CBN-PdlC-B4-20150831","[1393200, 1397475, 1394311]"
"CBN-PdlC-B4-20160726","[1397475, 1393200, 1394311]"
"CBN-PdlC-B4-20170816","[1397475, 1519650, 1394311]"
"CBN-PdlC-B4-20170906","[1397475, 1393874, 1743984]"
"CBN-PdlC-B4-20180702","[1397475, 1393200, 1396144]"
"CBN-PdlC-B4-20180723","[1393200, 1397475, 1396144]"
"CBN-PdlC-B4-20180815","[1397475, 1742053, 1396144]"
"CBN-PdlC-B4-20180905","[1396144, 1397475, 1393200]"
"CBN-PdlC-B4-20190701","[1397475, 1741661, 1395190]"
"CBN-PdlC-B4-20190722","[1397475, 1393200, 1393874]"
"CBN-PdlC-B4-20190812","[1397475, 1393874, 1362482]"
"CBN-PdlC-B4-20190909","[1397475, 1452585, 1394671]"
"CBN-PdlC-B4-20200629","[1397475, 1412241, 1362952]"
"CBN-PdlC-B4-20200722","[1397475, 1393200, 1412857]"
"CBN-PdlC-B4-20200812","[1393200, 1397475, 1412857]"
"CBN-PdlC-B5-20130807","[1397475, 1396974, 1395807]"
"CBN-PdlC-B5-20130903","[1397475, 1395807, 1394542]"
"CBN-PdlC-B5-20140630","[1744504, 1492045, 1743903]"
"CBN-PdlC-B5-20140721","[1397475, 1396253, 1392541]"
"CBN-PdlC-B5-20140811","[1397475, 1400101, 1395807]"
"CBN-PdlC-B5-20140901","[1361367, 1397475, 1395807]"
"CBN-PdlC-B5-20150701","[1397475, 1395807, 1393874]"
"CBN-PdlC-B5-20150720","[1397475, 1395807, 1361801]"
"CBN-PdlC-B5-20150810","[1397475, 1395807, 1395870]"
"CBN-PdlC-B5-20150831","[1397475, 1395807, 1394911]"
"CBN-PdlC-B5-20160705","[1397475, 1395807, 1361801]"
"CBN-PdlC-B5-20160726","[1397475, 1400101, 1395807]"
"CBN-PdlC-B5-20170816","[1394311, 1397475, 1722440]"
"CBN-PdlC-B5-20170906","[1397475, 1395807, 1396347]"
"CBN-PdlC-B5-20180702","[1397475, 1394911, 1391427]"
"CBN-PdlC-B5-20180723","[1397475, 1395807, 1361367]"
"CBN-PdlC-B5-20180815","[1397475, 1395807, 1394366]"
"CBN-PdlC-B5-20180905","[1397475, 1395807, 1394911]"
"CBN-PdlC-B5-20190701","[1397475, 1396970, 1394911]"
"CBN-PdlC-B5-20190722","[1397475, 1395807, 1400101]"
"CBN-PdlC-B5-20190812","[1397475, 1392541, 1392558]"
"CBN-PdlC-B5-20190909","[1397475, 1400101, 1394911]"
"CBN-PdlC-B5-20200629","[1397475, 1396253, 1394911]"
"CBN-PdlC-B5-20200722","[1397475, 1395807, 1400101]"
"CBN-PdlC-B5-20200812","[1397475, 1395807, 1400101]"
"CBN-PdlC-B6-20130807","[1396253, 1392534, 1395807]"
"CBN-PdlC-B6-20130903","[1397475, 1394311, 1743474]"
"CBN-PdlC-B6-20140630","[1393200, 1392534, 1399798]"
"CBN-PdlC-B6-20140721","[1396253, 1395807, 1394311]"
"CBN-PdlC-B6-20140811","[1392541, 1395807, 1396253]"
"CBN-PdlC-B6-20140901","[1393200, 1361367, 1394540]"
"CBN-PdlC-B6-20150701","[1394911, 1396253, 1395807]"
"CBN-PdlC-B6-20150720","[1395807, 1394911, 1361801]"
"CBN-PdlC-B6-20150810","[1397475, 1397450, 1361801]"
"CBN-PdlC-B6-20150831","[1395807, 1396253, 1393200]"
"CBN-PdlC-B6-20160705","[1397475, 1396253, 1395807]"
"CBN-PdlC-B6-20160726","[1395807, 1396253, 1397475]"
"CBN-PdlC-B6-20170816","[1393200, 1396253, 1395807]"
"CBN-PdlC-B6-20170906","[1393200, 1396253, 1395807]"
"CBN-PdlC-B6-20180702","[1394911, 1393200, 1396253]"
"CBN-PdlC-B6-20180723","[1395807, 1396253, 1397475]"
"CBN-PdlC-B6-20180905","[1396253, 1392541, 1395807]"
"CBN-PdlC-B6-20190701","[1394911, 1396253, 1393200]"
"CBN-PdlC-B6-20190722","[1393200, 1519650, 1397475]"
"CBN-PdlC-B6-20190812","[1396253, 1393200, 1395807]"
"CBN-PdlC-B6-20190909","[1395807, 1396253, 1392541]"
"CBN-PdlC-B6-20200629","[1397475, 1397513, 1396253]"
"CBN-PdlC-B6-20200722","[1393200, 1392534, 1397475]"
"CBN-PdlC-B6-20200812","[1393200, 1395807, 1397475]"
"CBN-PdlC-C1-20130807","[1397500, 1393708, 1396253]"
"CBN-PdlC-C1-20130903","[1393200, 1396253, 1395807]"
"CBN-PdlC-C1-20140721","[1393200, 1397500, 1396253]"
"CBN-PdlC-C1-20140811","[1393200, 1396253, 1395807]"
"CBN-PdlC-C1-20140901","[1393200, 1395807, 1393604]"
"CBN-PdlC-C1-20150701","[1393200, 1397500, 1394597]"
"CBN-PdlC-C1-20150720","[1393200, 1742053, 1412857]"
"CBN-PdlC-C1-20150810","[1393200, 1396253, 1362482]"
"CBN-PdlC-C1-20150831","[1393200, 1362482, 1396253]"
"CBN-PdlC-C1-20160705","[1393200, 1396253, 1397500]"
"CBN-PdlC-C1-20160726","[1392241, 1393200, 1361367]"
"CBN-PdlC-C1-20170816","[1393200, 1392534, 1395807]"
"CBN-PdlC-C1-20170906","[1396253, 1393200, 1393708]"
"CBN-PdlC-C1-20180723","[1393200, 1396253, 1393708]"
"CBN-PdlC-C1-20180815","[1395807, 1397043, 1393200]"
"CBN-PdlC-C1-20180905","[1393200, 1396253, 1392534]"
"CBN-PdlC-C1-20190701","[1392655, 1390532, 1718504]"
"CBN-PdlC-C1-20190722","[1393200, 1395807, 1396253]"
"CBN-PdlC-C1-20190812","[1393200, 1396253, 1394366]"
"CBN-PdlC-C1-20190909","[1392534, 1395807, 1397386]"
"CBN-PdlC-C1-20200722","[1393200, 1395807, 1396253]"
"CBN-PdlC-C1-20200812","[1393200, 1392534, 1396253]"
"CBN-PdlC-C2-20130903","[1412857, 1742053, 1395807]"
"CBN-PdlC-C2-20140721","[1396144, 1412857, 1394911]"
"CBN-PdlC-C2-20140811","[1392535, 1412857, 1742053]"
"CBN-PdlC-C2-20140901","[1742053, 1412857, 1392541]"
"CBN-PdlC-C2-20150701","[1393200, 1412857, 1396144]"
"CBN-PdlC-C2-20150720","[1412857, 1742053, 1397043]"
"CBN-PdlC-C2-20150810","[1742053, 1412857, 1396144]"
"CBN-PdlC-C2-20150831","[1742053, 1396144, 1412857]"
"CBN-PdlC-C2-20160705","[1412857, 1742053, 1396144]"
"CBN-PdlC-C2-20160726","[1392535, 1412857, 1393200]"
"CBN-PdlC-C2-20170816","[1412857, 1392541, 1392565]"
"CBN-PdlC-C2-20170906","[1412857, 1393200, 1396253]"
"CBN-PdlC-C2-20180723","[1393200, 1396253, 1412857]"
"CBN-PdlC-C2-20180815","[1412857, 1397386, 1393200]"
"CBN-PdlC-C2-20180905","[1412857, 1392541, 1393200]"
"CBN-PdlC-C2-20190701","[1743315, 1609716, 1424250]"
"CBN-PdlC-C2-20190722","[1393200, 1392535, 1392541]"
"CBN-PdlC-C2-20190812","[1392534, 1396253, 1392535]"
"CBN-PdlC-C2-20190909","[1412857, 1742053, 1393200]"
"CBN-PdlC-C2-20200722","[1393200, 1395807, 1392541]"
"CBN-PdlC-C2-20200812","[1392541, 1392534, 1393200]"
"CBN-PdlC-C3-20130807","[1396253, 1393200, 1395807]"
"CBN-PdlC-C3-20130903","[1412857, 1392541, 1396253]"
"CBN-PdlC-C3-20140721","[1396253, 1392534, 1399800]"
"CBN-PdlC-C3-20140811","[1412857, 1397386, 1742053]"
"CBN-PdlC-C3-20140901","[1396253, 1412857, 1742053]"
"CBN-PdlC-C3-20150701","[1393200, 1392541, 1394911]"
"CBN-PdlC-C3-20150720","[1396253, 1395807, 1361367]"
"CBN-PdlC-C3-20150831","[1742053, 1396253, 1395807]"
"CBN-PdlC-C3-20160705","[1396253, 1361347, 1392541]"
"CBN-PdlC-C3-20160726","[1393660, 1392608, 1396253]"
"CBN-PdlC-C3-20170816","[1396253, 1392534, 1392541]"
"CBN-PdlC-C3-20170906","[1396253, 1395807, 1361347]"
"CBN-PdlC-C3-20180723","[1396253, 1393200, 1741880]"
"CBN-PdlC-C3-20180815","[1396253, 1393200, 1395870]"
"CBN-PdlC-C3-20180905","[1396253, 1392534, 1412857]"
"CBN-PdlC-C3-20190701","[1363133, 1399798, 1609716]"
"CBN-PdlC-C3-20190722","[1396253, 1361598, 1361347]"
"CBN-PdlC-C3-20190812","[1395807, 1396253, 1396733]"
"CBN-PdlC-C3-20190909","[1396253, 1363441, 1392293]"
"CBN-PdlC-C3-20200722","[1393659, 1396253, 1393660]"
"CBN-PdlC-C3-20200812","[1395807, 1396253, 1397386]"
"CBN-PdlC-C4-20130807","[1395807, 1392608, 1396112]"
"CBN-PdlC-C4-20130903","[1395807, 1395870, 1363455]"
"CBN-PdlC-C4-20140721","[1390793, 1394311, 1391503]"
"CBN-PdlC-C4-20140811","[1395807, 1361367, 1390793]"
"CBN-PdlC-C4-20140901","[1392608, 1361367, 1396253]"
"CBN-PdlC-C4-20150701","[1393200, 1396144, 1361367]"
"CBN-PdlC-C4-20150720","[1395807, 1397043, 1392608]"
"CBN-PdlC-C4-20150831","[1395807, 1742053, 1394311]"
"CBN-PdlC-C4-20160705","[1390793, 1741880, 1394311]"
"CBN-PdlC-C4-20160726","[1364066, 1397043, 1395807]"
"CBN-PdlC-C4-20170816","[1395807, 1394311, 1361141]"
"CBN-PdlC-C4-20170906","[1396253, 1393200, 1395807]"
"CBN-PdlC-C4-20180723","[1393708, 1741880, 1395807]"
"CBN-PdlC-C4-20180815","[1396253, 1396843, 1395807]"
"CBN-PdlC-C4-20180905","[1395807, 1395870, 1741880]"
"CBN-PdlC-C4-20190701","[1393228, 1363595, 1392407]"
"CBN-PdlC-C4-20190722","[1396253, 1395807, 1363543]"
"CBN-PdlC-C4-20190812","[1393200, 1397043, 1395807]"
"CBN-PdlC-C4-20190909","[1361367, 1395807, 1397043]"
"CBN-PdlC-C4-20200722","[1393660, 1396253, 1395807]"
"CBN-PdlC-C4-20200812","[1395807, 1396253, 1395870]"
"CBN-PdlC-C5-20130807","[1395807, 1364066, 1394311]"
"CBN-PdlC-C5-20130903","[1395807, 1394311, 1397046]"
"CBN-PdlC-C5-20140721","[1396253, 1390793, 1364066]"
"CBN-PdlC-C5-20140811","[1397043, 1394311, 1395807]"
"CBN-PdlC-C5-20140901","[1396253, 1361367, 1394311]"
"CBN-PdlC-C5-20150701","[1396253, 1363543, 1394311]"
"CBN-PdlC-C5-20150720","[1396253, 1392608, 1394311]"
"CBN-PdlC-C5-20150810","[1743456, 1396253, 1395807]"
"CBN-PdlC-C5-20150831","[1396253, 1392608, 1395807]"
"CBN-PdlC-C5-20160705","[1396253, 1390793, 1395870]"
"CBN-PdlC-C5-20160726","[1396253, 1397043, 1395807]"
"CBN-PdlC-C5-20170816","[1396253, 1395807, 1393659]"
"CBN-PdlC-C5-20170906","[1392608, 1396253, 1395862]"
"CBN-PdlC-C5-20180723","[1392608, 1396253, 1395807]"
"CBN-PdlC-C5-20180815","[1396253, 1395948, 1741880]"
"CBN-PdlC-C5-20180905","[1396253, 1395807, 1392241]"
"CBN-PdlC-C5-20190701","[1392541, 1392608, 1392406]"
"CBN-PdlC-C5-20190722","[1396253, 1390793, 1397043]"
"CBN-PdlC-C5-20190812","[1396253, 1395807, 1397043]"
"CBN-PdlC-C5-20190909","[1396253, 1395807, 1361367]"
"CBN-PdlC-C5-20200722","[1396253, 1390899, 1395807]"
"CBN-PdlC-C5-20200812","[1396253, 1395807, 1392608]"
"CBN-PdlC-C6-20130807","[1393200, 1396253, 1393887]"
"CBN-PdlC-C6-20130903","[1394311, 1397043, 1395807]"
"CBN-PdlC-C6-20140721","[1396253, 1392608, 1393200]"
"CBN-PdlC-C6-20140811","[1395807, 1356709, 1396253]"
"CBN-PdlC-C6-20140901","[1396253, 1361367, 1396733]"
"CBN-PdlC-C6-20150701","[1396253, 1393200, 1397279]"
"CBN-PdlC-C6-20150720","[1393200, 1396253, 1390793]"
"CBN-PdlC-C6-20150810","[1396253, 1390899, 1393200]"
"CBN-PdlC-C6-20150831","[1396253, 1395807, 1394311]"
"CBN-PdlC-C6-20160705","[1396253, 1393200, 1392608]"
"CBN-PdlC-C6-20160726","[1397043, 1396253, 1392608]"
"CBN-PdlC-C6-20170816","[1393200, 1396253, 1362482]"
"CBN-PdlC-C6-20170906","[1396253, 1393200, 1395807]"
"CBN-PdlC-C6-20180723","[1393200, 1395870, 1396253]"
"CBN-PdlC-C6-20180815","[1393200, 1396253, 1362482]"
"CBN-PdlC-C6-20180905","[1393200, 1396253, 1393494]"
"CBN-PdlC-C6-20190701","[1393200, 1392819, 1418688]"
"CBN-PdlC-C6-20190722","[1396253, 1393200, 1393660]"
"CBN-PdlC-C6-20190812","[1392608, 1396253, 1393200]"
"CBN-PdlC-C6-20190909","[1393200, 1396253, 1392608]"
"CBN-PdlC-C6-20200722","[1396253, 1392608, 1647677]"
"CBN-PdlC-C6-20200812","[1396253, 1397465, 1395807]"
"CBN-PdlC-D1-20130807","[1396253, 1395807, 1393708]"
"CBN-PdlC-D1-20130903","[1396253, 1395807, 1390899]"
"CBN-PdlC-D1-20140721","[1396253, 1392534, 1396970]"
"CBN-PdlC-D1-20140811","[1392608, 1395807, 1396253]"
"CBN-PdlC-D1-20140901","[1396253, 1412857, 1392608]"
"CBN-PdlC-D1-20150701","[1396253, 1395870, 1741880]"
"CBN-PdlC-D1-20150720","[1396253, 1392534, 1395807]"
"CBN-PdlC-D1-20150810","[1396253, 1390899, 1392534]"
"CBN-PdlC-D1-20150831","[1396253, 1392534, 1390899]"
"CBN-PdlC-D1-20160705","[1396253, 1741880, 1395870]"
"CBN-PdlC-D1-20160726","[1396253, 1392534, 1395807]"
"CBN-PdlC-D1-20170816","[1395807, 1396253, 1361367]"
"CBN-PdlC-D1-20170906","[1396253, 1361367, 1395807]"
"CBN-PdlC-D1-20180723","[1396253, 1393200, 1741880]"
"CBN-PdlC-D1-20180815","[1396253, 1395870, 1395807]"
"CBN-PdlC-D1-20180905","[1412857, 1396253, 1742053]"
"CBN-PdlC-D1-20190701","[1396253, 1418688, 1397535]"
"CBN-PdlC-D1-20190722","[1396253, 1395807, 1392608]"
"CBN-PdlC-D1-20190812","[1396253, 1392608, 1395807]"
"CBN-PdlC-D1-20190909","[1396253, 1395807, 1397386]"
"CBN-PdlC-D1-20200722","[1396253, 1392535, 1392534]"
"CBN-PdlC-D1-20200812","[1392534, 1396253, 1392535]"
"CBN-PdlC-D2-20130807","[1396253, 1412857, 1393619]"
"CBN-PdlC-D2-20130903","[1412857, 1396253, 1390793]"
"CBN-PdlC-D2-20140721","[1396253, 1412857, 1392241]"
"CBN-PdlC-D2-20140811","[1412857, 1742053, 1396253]"
"CBN-PdlC-D2-20140901","[1396253, 1412857, 1392260]"
"CBN-PdlC-D2-20150720","[1392534, 1396253, 1412857]"
"CBN-PdlC-D2-20150810","[1396253, 1412857, 1742053]"
"CBN-PdlC-D2-20150831","[1412857, 1396253, 1742053]"
"CBN-PdlC-D2-20160705","[1396253, 1742053, 1412857]"
"CBN-PdlC-D2-20160726","[1392534, 1396253, 1392535]"
"CBN-PdlC-D2-20170816","[1396253, 1412857, 1742053]"
"CBN-PdlC-D2-20170906","[1396253, 1395807, 1412857]"
"CBN-PdlC-D2-20180723","[1396253, 1394643, 1390793]"
"CBN-PdlC-D2-20180815","[1742053, 1412857, 1396253]"
"CBN-PdlC-D2-20180905","[1412857, 1396253, 1742053]"
"CBN-PdlC-D2-20190701","[1392534, 1390532, 1399800]"
"CBN-PdlC-D2-20190722","[1396253, 1394643, 1395807]"
"CBN-PdlC-D2-20190812","[1396253, 1412857, 1742053]"
"CBN-PdlC-D2-20190909","[1412857, 1742053, 1396253]"
"CBN-PdlC-D2-20200722","[1396253, 1394643, 1395807]"
"CBN-PdlC-D2-20200812","[1412857, 1742053, 1394643]"
"CBN-PdlC-D3-20130807","[1413349, 1647187, 1744479]"
"CBN-PdlC-D3-20130903","[1647128, 1744479, 1412857]"
"CBN-PdlC-D3-20140721","[1396441, 1413349, 1396347]"
"CBN-PdlC-D3-20140811","[1742053, 1412857, 1390883]"
"CBN-PdlC-D3-20140901","[1412857, 1742053, 1396253]"
"CBN-PdlC-D3-20150701","[1413349, 1392541, 1647170]"
"CBN-PdlC-D3-20150720","[1647128, 1413349, 1394643]"
"CBN-PdlC-D3-20150831","[1742053, 1412857, 1392534]"
"CBN-PdlC-D3-20160705","[1358097, 1647156, 1413349]"
"CBN-PdlC-D3-20160726","[1413349, 1356278, 1393619]"
"CBN-PdlC-D3-20170816","[1647128, 1647156, 1744479]"
"CBN-PdlC-D3-20170906","[1647128, 1413349, 1396253]"
"CBN-PdlC-D3-20180723","[1413349, 1393200, 1396253]"
"CBN-PdlC-D3-20180815","[1647128, 1742053, 1647187]"
"CBN-PdlC-D3-20180905","[1396253, 1412857, 1742053]"
"CBN-PdlC-D3-20190701","[1359952, 1413349, 1394643]"
"CBN-PdlC-D3-20190722","[1647128, 1744479, 1647156]"
"CBN-PdlC-D3-20190812","[1742053, 1412857, 1413349]"
"CBN-PdlC-D3-20190909","[1744479, 1396441, 1396253]"
"CBN-PdlC-D3-20200722","[1393200, 1647128, 1396253]"
"CBN-PdlC-D3-20200812","[1396253, 1744479, 1647128]"
"CBN-PdlC-D4-20130807","[1396253, 1744479, 1647128]"
"CBN-PdlC-D4-20130903","[1742053, 1744479, 1647128]"
"CBN-PdlC-D4-20140721","[1396253, 1392608, 1647128]"
"CBN-PdlC-D4-20140811","[1395807, 1742053, 1412857]"
"CBN-PdlC-D4-20140901","[1396253, 1412857, 1361367]"
"CBN-PdlC-D4-20150701","[1394643, 1396253, 1742052]"
"CBN-PdlC-D4-20150720","[1396253, 1742053, 1392534]"
"CBN-PdlC-D4-20150831","[1742053, 1412857, 1396253]"
"CBN-PdlC-D4-20160705","[1396253, 1394643, 1413349]"
"CBN-PdlC-D4-20160726","[1396253, 1412857, 1392534]"
"CBN-PdlC-D4-20170816","[1396253, 1412857, 1395807]"
"CBN-PdlC-D4-20170906","[1396253, 1412857, 1395870]"
"CBN-PdlC-D4-20180723","[1396253, 1395807, 1394641]"
"CBN-PdlC-D4-20180815","[1396253, 1742053, 1395870]"
"CBN-PdlC-D4-20180905","[1396253, 1742053, 1392541]"
"CBN-PdlC-D4-20190701","[1392534, 1396253, 1392541]"
"CBN-PdlC-D4-20190722","[1396253, 1395870, 1394911]"
"CBN-PdlC-D4-20190812","[1396253, 1412857, 1742053]"
"CBN-PdlC-D4-20190909","[1396253, 1395807, 1742053]"
"CBN-PdlC-D4-20200722","[1396253, 1395807, 1394643]"
"CBN-PdlC-D4-20200812","[1742053, 1396253, 1395807]"
"CBN-PdlC-D5-20130807","[1396253, 1395807, 1697384]"
"CBN-PdlC-D5-20130903","[1395807, 1397386, 1647128]"
"CBN-PdlC-D5-20140721","[1396253, 1392608, 1392534]"
"CBN-PdlC-D5-20140811","[1395807, 1396253, 1392608]"
"CBN-PdlC-D5-20140901","[1361367, 1395807, 1392608]"
"CBN-PdlC-D5-20150701","[1396253, 1395807, 1363133]"
"CBN-PdlC-D5-20150720","[1396253, 1395807, 1392608]"
"CBN-PdlC-D5-20150810","[1396253, 1392608, 1395807]"
"CBN-PdlC-D5-20150831","[1395807, 1396253, 1397381]"
"CBN-PdlC-D5-20160705","[1392608, 1394911, 1396253]"
"CBN-PdlC-D5-20160726","[1392608, 1397386, 1361367]"
"CBN-PdlC-D5-20170816","[1395807, 1396253, 1361367]"
"CBN-PdlC-D5-20170906","[1395807, 1363543, 1400101]"
"CBN-PdlC-D5-20180723","[1400101, 1396253, 1392608]"
"CBN-PdlC-D5-20180815","[1741880, 1395870, 1395807]"
"CBN-PdlC-D5-20180905","[1396253, 1395807, 1394655]"
"CBN-PdlC-D5-20190701","[1394911, 1392066, 1363133]"
"CBN-PdlC-D5-20190722","[1392535, 1400101, 1392534]"
"CBN-PdlC-D5-20190812","[1392608, 1392534, 1362482]"
"CBN-PdlC-D5-20190909","[1395807, 1396253, 1397043]"
"CBN-PdlC-D5-20200722","[1364066, 1395807, 1395870]"
"CBN-PdlC-D5-20200812","[1392608, 1395807, 1647677]"
"CBN-PdlC-D6-20130807","[1396253, 1395807, 1609716]"
"CBN-PdlC-D6-20130903","[1397043, 1396253, 1395807]"
"CBN-PdlC-D6-20140721","[1396253, 1722440, 1390904]"
"CBN-PdlC-D6-20140811","[1397043, 1395807, 1396253]"
"CBN-PdlC-D6-20140901","[1742053, 1396253, 1412857]"
"CBN-PdlC-D6-20150701","[1395949, 1396253, 1393708]"
"CBN-PdlC-D6-20150720","[1396253, 1395807, 1393660]"
"CBN-PdlC-D6-20150810","[1396253, 1395807, 1741880]"
"CBN-PdlC-D6-20150831","[1396253, 1395807, 1412857]"
"CBN-PdlC-D6-20160705","[1396253, 1609716, 1412857]"
"CBN-PdlC-D6-20160726","[1647677, 1395807, 1397043]"
"CBN-PdlC-D6-20170816","[1412857, 1742053, 1394311]"
"CBN-PdlC-D6-20170906","[1397468, 1395807, 1412857]"
"CBN-PdlC-D6-20180723","[1396253, 1395870, 1741880]"
"CBN-PdlC-D6-20180815","[1396253, 1395807, 1363543]"
"CBN-PdlC-D6-20180905","[1396253, 1395807, 1412857]"
"CBN-PdlC-D6-20190701","[1392522, 1744340, 1396111]"
"CBN-PdlC-D6-20190722","[1394311, 1397043, 1393679]"
"CBN-PdlC-D6-20190812","[1397043, 1396253, 1395807]"
"CBN-PdlC-D6-20190909","[1393660, 1396253, 1395807]"
"CBN-PdlC-D6-20200722","[1397043, 1396253, 1356427]"
"CBN-PdlC-D6-20200812","[1396253, 1362482, 1395807]"
"CBN-PdlC-E1-20130723","[1519650, 1392534, 1393584]"
"CBN-PdlC-E1-20130807","[1396253, 1390793, 1392608]"
"CBN-PdlC-E1-20130903","[1396253, 1392608, 1392541]"
"CBN-PdlC-E1-20140630","[1392608, 1394643, 1392541]"
"CBN-PdlC-E1-20140721","[1396253, 1392608, 1412857]"
"CBN-PdlC-E1-20140811","[1392535, 1395807, 1412857]"
"CBN-PdlC-E1-20140901","[1412857, 1742053, 1396253]"
"CBN-PdlC-E1-20150701","[1392608, 1396253, 1395807]"
"CBN-PdlC-E1-20150720","[1392608, 1392612, 1392534]"
"CBN-PdlC-E1-20150810","[1393200, 1392608, 1396253]"
"CBN-PdlC-E1-20150831","[1390793, 1392608, 1396253]"
"CBN-PdlC-E1-20160705","[1396253, 1392608, 1396144]"
"CBN-PdlC-E1-20160726","[1396253, 1392608, 1363618]"
"CBN-PdlC-E1-20170816","[1396253, 1392608, 1395807]"
"CBN-PdlC-E1-20170906","[1396253, 1392608, 1392541]"
"CBN-PdlC-E1-20180702","[1396253, 1394911, 1399800]"
"CBN-PdlC-E1-20180723","[1396144, 1392535, 1390793]"
"CBN-PdlC-E1-20180815","[1392608, 1390793, 1392541]"
"CBN-PdlC-E1-20180905","[1392608, 1396253, 1394911]"
"CBN-PdlC-E1-20190701","[1395870, 1392541, 1392565]"
"CBN-PdlC-E1-20190812","[1392608, 1392534, 1392535]"
"CBN-PdlC-E1-20190909","[1397386, 1412857, 1396144]"
"CBN-PdlC-E1-20200629","[1392608, 1396253, 1392541]"
"CBN-PdlC-E1-20200722","[1392608, 1412857, 1742053]"
"CBN-PdlC-E1-20200812","[1392608, 1390793, 1743471]"
"CBN-PdlC-E2-20130723","[1396253, 1397528, 1392534]"
"CBN-PdlC-E2-20130807","[1395807, 1741880, 1395870]"
"CBN-PdlC-E2-20130903","[1395807, 1397386, 1742052]"
"CBN-PdlC-E2-20140630","[1396144, 1396253, 1392541]"
"CBN-PdlC-E2-20140721","[1396144, 1397528, 1395807]"
"CBN-PdlC-E2-20140811","[1392608, 1395807, 1396144]"
"CBN-PdlC-E2-20140901","[1396253, 1412857, 1742053]"
"CBN-PdlC-E2-20150720","[1395807, 1396253, 1397381]"
"CBN-PdlC-E2-20150810","[1412857, 1395807, 1742053]"
"CBN-PdlC-E2-20150831","[1412857, 1395807, 1742053]"
"CBN-PdlC-E2-20160705","[1393584, 1396253, 1397528]"
"CBN-PdlC-E2-20160726","[1412857, 1395807, 1392608]"
"CBN-PdlC-E2-20170816","[1412857, 1742053, 1392534]"
"CBN-PdlC-E2-20170906","[1396253, 1395807, 1412857]"
"CBN-PdlC-E2-20180702","[1396253, 1394911, 1412857]"
"CBN-PdlC-E2-20180723","[1393584, 1392608, 1396253]"
"CBN-PdlC-E2-20180815","[1742053, 1395807, 1363133]"
"CBN-PdlC-E2-20180905","[1396253, 1412857, 1396144]"
"CBN-PdlC-E2-20190701","[1396253, 1394911, 1395807]"
"CBN-PdlC-E2-20190812","[1395807, 1412857, 1651162]"
"CBN-PdlC-E2-20190909","[1396253, 1412857, 1362424]"
"CBN-PdlC-E2-20200629","[1396253, 1395807, 1397528]"
"CBN-PdlC-E2-20200722","[1412857, 1396253, 1742053]"
"CBN-PdlC-E2-20200812","[1396253, 1396144, 1397386]"
"CBN-PdlC-E3-20130723","[1396253, 1356422, 1388766]"
"CBN-PdlC-E3-20130807","[1396253, 1395807, 1361347]"
"CBN-PdlC-E3-20130903","[1397386, 1396253, 1651357]"
"CBN-PdlC-E3-20140630","[1396253, 1397528, 1390793]"
"CBN-PdlC-E3-20140721","[1396253, 1397528, 1395807]"
"CBN-PdlC-E3-20140811","[1397381, 1396253, 1395807]"
"CBN-PdlC-E3-20140901","[1396253, 1395807, 1397381]"
"CBN-PdlC-E3-20150701","[1396253, 1397528, 1395807]"
"CBN-PdlC-E3-20150720","[1394311, 1396253, 1395807]"
"CBN-PdlC-E3-20150810","[1396253, 1397381, 1395807]"
"CBN-PdlC-E3-20150831","[1397386, 1396253, 1361141]"
"CBN-PdlC-E3-20160705","[1393200, 1396253, 1397430]"
"CBN-PdlC-E3-20160726","[1396253, 1395807, 1395870]"
"CBN-PdlC-E3-20170816","[1396253, 1395807, 1397468]"
"CBN-PdlC-E3-20170906","[1396253, 1396970, 1392534]"
"CBN-PdlC-E3-20180702","[1396253, 1393681, 1361592]"
"CBN-PdlC-E3-20180723","[1396253, 1622895, 1392241]"
"CBN-PdlC-E3-20180815","[1396253, 1397381, 1397386]"
"CBN-PdlC-E3-20180905","[1396253, 1397386, 1392293]"
"CBN-PdlC-E3-20190701","[1396253, 1364066, 1395862]"
"CBN-PdlC-E3-20190812","[1396253, 1395807, 1360874]"
"CBN-PdlC-E3-20190909","[1396253, 1392293, 1390761]"
"CBN-PdlC-E3-20200629","[1396253, 1393659, 1397430]"
"CBN-PdlC-E3-20200722","[1396253, 1393659, 1395807]"
"CBN-PdlC-E3-20200812","[1396253, 1395807, 1394911]"
"CBN-PdlC-E4-20130807","[1396253, 1395807, 1392608]"
"CBN-PdlC-E4-20130903","[1396253, 1392608, 1396843]"
"CBN-PdlC-E4-20140630","[1396253, 1392241, 1361374]"
"CBN-PdlC-E4-20140721","[1396253, 1392608, 1395807]"
"CBN-PdlC-E4-20140811","[1743456, 1395807, 1396253]"
"CBN-PdlC-E4-20140901","[1396253, 1392608, 1395807]"
"CBN-PdlC-E4-20150701","[1396253, 1397430, 1392608]"
"CBN-PdlC-E4-20150720","[1396843, 1396253, 1392608]"
"CBN-PdlC-E4-20150810","[1396253, 1392608, 1361141]"
"CBN-PdlC-E4-20160705","[1392608, 1396253, 1394655]"
"CBN-PdlC-E4-20160726","[1396253, 1392241, 1392608]"
"CBN-PdlC-E4-20170816","[1396253, 1396843, 1395807]"
"CBN-PdlC-E4-20170906","[1396253, 1393494, 1361233]"
"CBN-PdlC-E4-20180702","[1396253, 1397430, 1396970]"
"CBN-PdlC-E4-20180723","[1392608, 1396253, 1741880]"
"CBN-PdlC-E4-20180815","[1393659, 1393494, 1396253]"
"CBN-PdlC-E4-20180905","[1396253, 1393200, 1393494]"
"CBN-PdlC-E4-20190701","[1397430, 1393681, 1396253]"
"CBN-PdlC-E4-20190812","[1392059, 1396253, 1400017]"
"CBN-PdlC-E4-20190909","[1392608, 1396253, 1393659]"
"CBN-PdlC-E4-20200629","[1396253, 1397430, 1392608]"
"CBN-PdlC-E4-20200722","[1393659, 1396253, 1392608]"
"CBN-PdlC-E4-20200812","[1395807, 1396253, 1396843]"
"CBN-PdlC-E5-20130723","[1393200, 1396253, 1363543]"
"CBN-PdlC-E5-20130807","[1393200, 1392608, 1390899]"
"CBN-PdlC-E5-20130903","[1392608, 1396253, 1360748]"
"CBN-PdlC-E5-20140630","[1393200, 1392608, 1392611]"
"CBN-PdlC-E5-20140721","[1393200, 1396253, 1392608]"
"CBN-PdlC-E5-20140811","[1393200, 1392608, 1395807]"
"CBN-PdlC-E5-20150720","[1392608, 1393200, 1396253]"
"CBN-PdlC-E5-20150810","[1392608, 1396253, 1393200]"
"CBN-PdlC-E5-20150831","[1393200, 1392608, 1361367]"
"CBN-PdlC-E5-20160705","[1392608, 1393200, 1396843]"
"CBN-PdlC-E5-20160726","[1392608, 1361367, 1395855]"
"CBN-PdlC-E5-20170816","[1392608, 1396843, 1396253]"
"CBN-PdlC-E5-20170906","[1392608, 1396253, 1393200]"
"CBN-PdlC-E5-20180702","[1396253, 1393200, 1392608]"
"CBN-PdlC-E5-20180723","[1396253, 1393200, 1392608]"
"CBN-PdlC-E5-20180815","[1393200, 1396843, 1396253]"
"CBN-PdlC-E5-20180905","[1396253, 1392608, 1393200]"
"CBN-PdlC-E5-20190722","[1393200, 1396253, 1392608]"
"CBN-PdlC-E5-20190812","[1392608, 1396253, 1393200]"
"CBN-PdlC-E5-20190909","[1396253, 1392608, 1390793]"
"CBN-PdlC-E5-20200629","[1393200, 1396253, 1392608]"
"CBN-PdlC-E5-20200722","[1392608, 1393200, 1396253]"
"CBN-PdlC-E5-20200812","[1392608, 1396253, 1392611]"
"CBN-PdlC-E6-20130723","[1390793, 1392534, 1397528]"
"CBN-PdlC-E6-20130807","[1395807, 1396843, 1399800]"
"CBN-PdlC-E6-20130903","[1396843, 1393200, 1391654]"
"CBN-PdlC-E6-20140630","[1393200, 1394911, 1390793]"
"CBN-PdlC-E6-20140721","[1396843, 1392608, 1393200]"
"CBN-PdlC-E6-20140811","[1392608, 1395807, 1396843]"
"CBN-PdlC-E6-20150701","[1392608, 1393200, 1392535]"
"CBN-PdlC-E6-20150720","[1396843, 1392608, 1395807]"
"CBN-PdlC-E6-20150810","[1742053, 1396843, 1412857]"
"CBN-PdlC-E6-20150831","[1359835, 1392541, 1392608]"
"CBN-PdlC-E6-20160705","[1392608, 1390793, 1392535]"
"CBN-PdlC-E6-20160726","[1392534, 1392535, 1395807]"
"CBN-PdlC-E6-20170816","[1396843, 1392541, 1394311]"
"CBN-PdlC-E6-20170906","[1396843, 1392541, 1392535]"
"CBN-PdlC-E6-20180702","[1392608, 1392534, 1741880]"
"CBN-PdlC-E6-20180723","[1392535, 1392608, 1392534]"
"CBN-PdlC-E6-20180815","[1393200, 1392534, 1392535]"
"CBN-PdlC-E6-20180905","[1392608, 1392534, 1396843]"
"CBN-PdlC-E6-20190722","[1393200, 1362273, 1396843]"
"CBN-PdlC-E6-20190812","[1363618, 1395807, 1718504]"
"CBN-PdlC-E6-20190909","[1392608, 1390793, 1396843]"
"CBN-PdlC-E6-20200629","[1393200, 1394911, 1392541]"
"CBN-PdlC-E6-20200722","[1393200, 1396843, 1392534]"
"CBN-PdlC-E6-20200812","[1396843, 1393200, 1390793]"
"CBN-PdlC-F1-20130723","[1392541, 1396144, 1392535]"
"CBN-PdlC-F1-20130807","[1396144, 1392541, 1741880]"
"CBN-PdlC-F1-20130903","[1392534, 1741880, 1396144]"
"CBN-PdlC-F1-20140630","[1392541, 1396144, 1396253]"
"CBN-PdlC-F1-20140721","[1392541, 1397528, 1396253]"
"CBN-PdlC-F1-20140811","[1396144, 1397381, 1412857]"
"CBN-PdlC-F1-20140901","[1412857, 1392541, 1742053]"
"CBN-PdlC-F1-20150701","[1392535, 1393584, 1412857]"
"CBN-PdlC-F1-20150720","[1412857, 1396144, 1396253]"
"CBN-PdlC-F1-20150810","[1396253, 1392541, 1359697]"
"CBN-PdlC-F1-20150831","[1396253, 1390793, 1396144]"
"CBN-PdlC-F1-20160705","[1396253, 1392541, 1395807]"
"CBN-PdlC-F1-20160726","[1396253, 1395807, 1397381]"
"CBN-PdlC-F1-20170816","[1396253, 1392541, 1412857]"
"CBN-PdlC-F1-20170906","[1396144, 1396253, 1392541]"
"CBN-PdlC-F1-20180702","[1396144, 1396253, 1394911]"
"CBN-PdlC-F1-20180723","[1396144, 1396180, 1741880]"
"CBN-PdlC-F1-20180815","[1396144, 1397381, 1396253]"
"CBN-PdlC-F1-20180905","[1392541, 1396253, 1396144]"
"CBN-PdlC-F1-20190701","[1396253, 1741880, 1396144]"
"CBN-PdlC-F1-20190812","[1392608, 1396253, 1395807]"
"CBN-PdlC-F1-20190909","[1394311, 1396253, 1392541]"
"CBN-PdlC-F1-20200629","[1396253, 1392541, 1396144]"
"CBN-PdlC-F1-20200722","[1396843, 1396144, 1396253]"
"CBN-PdlC-F1-20200812","[1396144, 1396253, 1397381]"
"CBN-PdlC-F2-20130723","[1396253, 1397528, 1392534]"
"CBN-PdlC-F2-20130807","[1396253, 1362273, 1392608]"
"CBN-PdlC-F2-20130903","[1396253, 1392541, 1395807]"
"CBN-PdlC-F2-20140630","[1392541, 1392565, 1396144]"
"CBN-PdlC-F2-20140721","[1362273, 1396253, 1397528]"
"CBN-PdlC-F2-20140811","[1397381, 1412857, 1742053]"
"CBN-PdlC-F2-20140901","[1395807, 1397381, 1392541]"
"CBN-PdlC-F2-20150701","[1396253, 1397528, 1396144]"
"CBN-PdlC-F2-20150720","[1396253, 1395807, 1392608]"
"CBN-PdlC-F2-20150810","[1412857, 1742053, 1396253]"
"CBN-PdlC-F2-20150831","[1412857, 1396253, 1742053]"
"CBN-PdlC-F2-20160705","[1396253, 1397528, 1392534]"
"CBN-PdlC-F2-20160726","[1396253, 1395807, 1412857]"
"CBN-PdlC-F2-20170906","[1396253, 1396843, 1395807]"
"CBN-PdlC-F2-20180702","[1396253, 1412857, 1742053]"
"CBN-PdlC-F2-20180723","[1393584, 1396253, 1392541]"
"CBN-PdlC-F2-20180815","[1396253, 1396843, 1742053]"
"CBN-PdlC-F2-20180905","[1396253, 1392541, 1412857]"
"CBN-PdlC-F2-20190701","[1392534, 1396253, 1392541]"
"CBN-PdlC-F2-20190812","[1396253, 1412857, 1395807]"
"CBN-PdlC-F2-20190909","[1396253, 1412857, 1395807]"
"CBN-PdlC-F2-20200629","[1396253, 1396144, 1741880]"
"CBN-PdlC-F2-20200722","[1396144, 1412857, 1392534]"
"CBN-PdlC-F2-20200812","[1396253, 1392534, 1395807]"
"CBN-PdlC-F3-20130723","[1393200, 1356422, 1395807]"
"CBN-PdlC-F3-20130807","[1392608, 1396253, 1395807]"
"CBN-PdlC-F3-20130903","[1392608, 1395807, 1360299]"
"CBN-PdlC-F3-20140630","[1392608, 1392611, 1396144]"
"CBN-PdlC-F3-20140721","[1392608, 1397528, 1395807]"
"CBN-PdlC-F3-20140811","[1393200, 1395807, 1392608]"
"CBN-PdlC-F3-20140901","[1392608, 1743471, 1412857]"
"CBN-PdlC-F3-20150701","[1396253, 1397528, 1393584]"
"CBN-PdlC-F3-20150720","[1397386, 1392608, 1651427]"
"CBN-PdlC-F3-20150810","[1392608, 1396253, 1395807]"
"CBN-PdlC-F3-20150831","[1396253, 1395807, 1412857]"
"CBN-PdlC-F3-20160705","[1393659, 1392608, 1395807]"
"CBN-PdlC-F3-20160726","[1392608, 1395807, 1396253]"
"CBN-PdlC-F3-20170816","[1395807, 1393619, 1397158]"
"CBN-PdlC-F3-20170906","[1392608, 1361141, 1394311]"
"CBN-PdlC-F3-20180702","[1393200, 1396253, 1392608]"
"CBN-PdlC-F3-20180723","[1392534, 1395807, 1392535]"
"CBN-PdlC-F3-20180815","[1395807, 1396253, 1394311]"
"CBN-PdlC-F3-20180905","[1393200, 1651427, 1392608]"
"CBN-PdlC-F3-20190701","[1397430, 1393659, 1393200]"
"CBN-PdlC-F3-20190722","[1392608, 1395807, 1396253]"
"CBN-PdlC-F3-20190812","[1395807, 1396253, 1394542]"
"CBN-PdlC-F3-20190909","[1396253, 1392608, 1397386]"
"CBN-PdlC-F3-20200629","[1393200, 1396253, 1392608]"
"CBN-PdlC-F3-20200722","[1392608, 1392114, 1396253]"
"CBN-PdlC-F3-20200812","[1394311, 1395807, 1392608]"
"CBN-PdlC-F4-20130723","[1393200, 1396253, 1392541]"
"CBN-PdlC-F4-20130807","[1392608, 1396843, 1396253]"
"CBN-PdlC-F4-20130903","[1394542, 1393200, 1392608]"
"CBN-PdlC-F4-20140630","[1393200, 1392608, 1396253]"
"CBN-PdlC-F4-20140811","[1393200, 1395807, 1392608]"
"CBN-PdlC-F4-20140901","[1393200, 1396253, 1392608]"
"CBN-PdlC-F4-20150701","[1394311, 1392608, 1393200]"
"CBN-PdlC-F4-20150720","[1392608, 1393659, 1396843]"
"CBN-PdlC-F4-20150810","[1392608, 1361141, 1396253]"
"CBN-PdlC-F4-20150831","[1392608, 1397430, 1396253]"
"CBN-PdlC-F4-20160705","[1392608, 1361592, 1395807]"
"CBN-PdlC-F4-20160726","[1392608, 1396843, 1396253]"
"CBN-PdlC-F4-20170816","[1393200, 1396253, 1394366]"
"CBN-PdlC-F4-20170906","[1396253, 1393200, 1396843]"
"CBN-PdlC-F4-20180702","[1393200, 1392608, 1396843]"
"CBN-PdlC-F4-20180723","[1396843, 1392608, 1393200]"
"CBN-PdlC-F4-20180815","[1393200, 1396253, 1392608]"
"CBN-PdlC-F4-20180905","[1392608, 1396253, 1392553]"
"CBN-PdlC-F4-20190701","[1393200, 1392612, 1392608]"
"CBN-PdlC-F4-20190722","[1393200, 1396843, 1392608]"
"CBN-PdlC-F4-20190812","[1392608, 1396253, 1397386]"
"CBN-PdlC-F4-20190909","[1392608, 1393200, 1396843]"
"CBN-PdlC-F4-20200629","[1393200, 1392608, 1393659]"
"CBN-PdlC-F4-20200722","[1392608, 1393659, 1395807]"
"CBN-PdlC-F4-20200812","[1393200, 1396843, 1392608]"
"CBN-PdlC-F5-20130723","[1396253, 1396843, 1392608]"
"CBN-PdlC-F5-20130903","[1392608, 1396253, 1396843]"
"CBN-PdlC-F5-20140630","[1396253, 1392608, 1388766]"
"CBN-PdlC-F5-20140721","[1392608, 1396253, 1392611]"
"CBN-PdlC-F5-20140811","[1392608, 1396843, 1396253]"
"CBN-PdlC-F5-20150701","[1392608, 1396253, 1395807]"
"CBN-PdlC-F5-20150720","[1394542, 1392608, 1396253]"
"CBN-PdlC-F5-20150810","[1392608, 1396253, 1395807]"
"CBN-PdlC-F5-20150831","[1392608, 1396253, 1396843]"
"CBN-PdlC-F5-20160705","[1390793, 1392608, 1396843]"
"CBN-PdlC-F5-20160726","[1392608, 1361367, 1394655]"
"CBN-PdlC-F5-20170816","[1396253, 1396843, 1394311]"
"CBN-PdlC-F5-20170906","[1396253, 1396843, 1397386]"
"CBN-PdlC-F5-20180702","[1396253, 1392608, 1396843]"
"CBN-PdlC-F5-20180723","[1392608, 1396843, 1396253]"
"CBN-PdlC-F5-20180815","[1396253, 1396843, 1392608]"
"CBN-PdlC-F5-20180905","[1396253, 1396843, 1390899]"
"CBN-PdlC-F5-20190722","[1392608, 1396843, 1397386]"
"CBN-PdlC-F5-20190812","[1392608, 1396253, 1360299]"
"CBN-PdlC-F5-20190909","[1396253, 1743471, 1396843]"
"CBN-PdlC-F5-20200629","[1392608, 1396253, 1390793]"
"CBN-PdlC-F5-20200722","[1392608, 1396843, 1390793]"
"CBN-PdlC-F5-20200812","[1396253, 1390793, 1396843]"
"CBN-PdlC-F6-20130723","[1396843, 1390793, 1392186]"
"CBN-PdlC-F6-20130807","[1390793, 1396843, 1396253]"
"CBN-PdlC-F6-20130903","[1390793, 1396843, 1390899]"
"CBN-PdlC-F6-20140630","[1390793, 1390761, 1531697]"
"CBN-PdlC-F6-20140721","[1390793, 1392534, 1392535]"
"CBN-PdlC-F6-20140811","[1392535, 1396843, 1396869]"
"CBN-PdlC-F6-20150701","[1393200, 1396843, 1392535]"
"CBN-PdlC-F6-20150720","[1392608, 1394542, 1392612]"
"CBN-PdlC-F6-20150810","[1392608, 1361367, 1396843]"
"CBN-PdlC-F6-20150831","[1390793, 1396843, 1392608]"
"CBN-PdlC-F6-20160705","[1394311, 1361367, 1390793]"
"CBN-PdlC-F6-20160726","[1392534, 1394542, 1396843]"
"CBN-PdlC-F6-20170816","[1742053, 1393200, 1390793]"
"CBN-PdlC-F6-20170906","[1390793, 1396843, 1393200]"
"CBN-PdlC-F6-20180702","[1390793, 1396843, 1396253]"
"CBN-PdlC-F6-20180723","[1396843, 1392608, 1394311]"
"CBN-PdlC-F6-20180815","[1396869, 1396843, 1390793]"
"CBN-PdlC-F6-20180905","[1393200, 1396843, 1361275]"
"CBN-PdlC-F6-20190722","[1393200, 1361367, 1396843]"
"CBN-PdlC-F6-20190812","[1391706, 1361367, 1392608]"
"CBN-PdlC-F6-20190909","[1390793, 1394311, 1396843]"
"CBN-PdlC-F6-20200629","[1392608, 1390793, 1393200]"
"CBN-PdlC-F6-20200722","[1396843, 1392535, 1392608]"
"CBN-PdlC-F6-20200812","[1394311, 1393200, 1392534]"
"CBN-Pla-A1-20130808","[1397475, 1396253, 1395807]"
"CBN-Pla-A1-20130904","[1397475, 1395807, 1396253]"
"CBN-Pla-A1-20140722","[1397475, 1396253, 1392241]"
"CBN-Pla-A1-20140812","[1397475, 1412857, 1400176]"
"CBN-Pla-A1-20140902","[1397475, 1396253, 1395807]"
"CBN-Pla-A1-20150702","[1397475, 1396253, 1412857]"
"CBN-Pla-A1-20150723","[1397475, 1400111, 1394542]"
"CBN-Pla-A1-20150811","[1400176, 1394311, 1397475]"
"CBN-Pla-A1-20150901","[1397475, 1395807, 1412857]"
"CBN-Pla-A1-20160707","[1397475, 1357575, 1390904]"
"CBN-Pla-A1-20160728","[1397475, 1395807, 1412857]"
"CBN-Pla-A1-20180724","[1394643, 1397475, 1418688]"
"CBN-Pla-A1-20180816","[1397475, 1400176, 1396253]"
"CBN-Pla-A1-20180906","[1412857, 1395807, 1397475]"
"CBN-Pla-A1-20190723","[1397475, 1395807, 1396253]"
"CBN-Pla-A1-20190814","[1397475, 1742053, 1396253]"
"CBN-Pla-A1-20200630","[1400182, 1737685, 1366028]"
"CBN-Pla-A1-20200723","[1397475, 1400176, 1412857]"
"CBN-Pla-A1-20200814","[1412857, 1392552, 1742053]"
"CBN-Pla-A2-20130724","[1396015, 1397549, 1395973]"
"CBN-Pla-A2-20130808","[1397386, 1396253, 1651363]"
"CBN-Pla-A2-20130904","[1396015, 1395973, 1395949]"
"CBN-Pla-A2-20140722","[1396015, 1395949, 1395973]"
"CBN-Pla-A2-20140812","[1396015, 1395949, 1395807]"
"CBN-Pla-A2-20140902","[1396015, 1395973, 1361367]"
"CBN-Pla-A2-20150702","[1396253, 1412857, 1396015]"
"CBN-Pla-A2-20150723","[1742053, 1396869, 1396015]"
"CBN-Pla-A2-20150811","[1392552, 1396015, 1412857]"
"CBN-Pla-A2-20150901","[1396015, 1360036, 1392552]"
"CBN-Pla-A2-20160707","[1396015, 1396253, 1395949]"
"CBN-Pla-A2-20160728","[1742053, 1395870, 1397043]"
"CBN-Pla-A2-20180724","[1396180, 1396175, 1395949]"
"CBN-Pla-A2-20180816","[1396015, 1395949, 1397043]"
"CBN-Pla-A2-20180906","[1396015, 1395973, 1395949]"
"CBN-Pla-A2-20190723","[1412857, 1742053, 1396144]"
"CBN-Pla-A2-20190814","[1396015, 1395973, 1395807]"
"CBN-Pla-A2-20200723","[1397043, 1396015, 1392541]"
"CBN-Pla-A2-20200814","[1392552, 1742053, 1396015]"
"CBN-Pla-A3-20130724","[1479447, 1392534, 1418688]"
"CBN-Pla-A3-20130808","[1388766, 1395807, 1394911]"
"CBN-Pla-A3-20130904","[1392541, 1395807, 1395870]"
"CBN-Pla-A3-20140722","[1418612, 1390793, 1356424]"
"CBN-Pla-A3-20140812","[1395807, 1396843, 1397043]"
"CBN-Pla-A3-20140902","[1395807, 1393200, 1361367]"
"CBN-Pla-A3-20150702","[1396843, 1390793, 1399800]"
"CBN-Pla-A3-20150723","[1395807, 1396843, 1362482]"
"CBN-Pla-A3-20150811","[1396144, 1412857, 1742053]"
"CBN-Pla-A3-20150901","[1412857, 1742053, 1396144]"
"CBN-Pla-A3-20160707","[1396144, 1741880, 1363543]"
"CBN-Pla-A3-20160728","[1412857, 1742053, 1395807]"
"CBN-Pla-A3-20180724","[1396144, 1358099, 1418688]"
"CBN-Pla-A3-20180816","[1395807, 1397043, 1361367]"
"CBN-Pla-A3-20180906","[1396144, 1395807, 1741880]"
"CBN-Pla-A3-20190723","[1396144, 1395807, 1395870]"
"CBN-Pla-A3-20190814","[1396843, 1361367, 1395807]"
"CBN-Pla-A3-20200723","[1361367, 1395807, 1647677]"
"CBN-Pla-A3-20200814","[1396144, 1397386, 1396843]"
"CBN-Pla-A4-20130724","[1393659, 1399800, 1395870]"
"CBN-Pla-A4-20130808","[1741880, 1395870, 1395807]"
"CBN-Pla-A4-20130904","[1741880, 1395870, 1395807]"
"CBN-Pla-A4-20140722","[1741880, 1737701, 1393966]"
"CBN-Pla-A4-20140812","[1395870, 1395807, 1741880]"
"CBN-Pla-A4-20140902","[1395870, 1741880, 1361367]"
"CBN-Pla-A4-20150702","[1741880, 1728575, 1418688]"
"CBN-Pla-A4-20150723","[1395870, 1741880, 1396869]"
"CBN-Pla-A4-20150811","[1741880, 1395870, 1395718]"
"CBN-Pla-A4-20150901","[1741880, 1395870, 1395807]"
"CBN-Pla-A4-20160707","[1741880, 1418688, 1361138]"
"CBN-Pla-A4-20160728","[1397043, 1395870, 1741880]"
"CBN-Pla-A4-20180724","[1395870, 1418688, 1357950]"
"CBN-Pla-A4-20180816","[1741880, 1395870, 1397046]"
"CBN-Pla-A4-20180906","[1395870, 1741880, 1397043]"
"CBN-Pla-A4-20190723","[1395870, 1741880, 1395807]"
"CBN-Pla-A4-20190814","[1741880, 1395870, 1395807]"
"CBN-Pla-A4-20200723","[1741880, 1395870, 1395807]"
"CBN-Pla-A4-20200814","[1741880, 1395870, 1396869]"
"CBN-Pla-A5-20130724","[1741880, 1395870, 1395807]"
"CBN-Pla-A5-20130808","[1741880, 1395870, 1395807]"
"CBN-Pla-A5-20130904","[1395870, 1741880, 1392632]"
"CBN-Pla-A5-20140722","[1390837, 1399764, 1390793]"
"CBN-Pla-A5-20140812","[1395870, 1741880, 1396144]"
"CBN-Pla-A5-20140902","[1741880, 1395870, 1361367]"
"CBN-Pla-A5-20150702","[1741880, 1395870, 1361367]"
"CBN-Pla-A5-20150723","[1741880, 1395870, 1395807]"
"CBN-Pla-A5-20150811","[1395870, 1741880, 1742053]"
"CBN-Pla-A5-20160707","[1741880, 1395870, 1390793]"
"CBN-Pla-A5-20160728","[1395870, 1741880, 1396144]"
"CBN-Pla-A5-20180724","[1412857, 1743252, 1356359]"
"CBN-Pla-A5-20180816","[1741880, 1742053, 1395870]"
"CBN-Pla-A5-20180906","[1395870, 1741880, 1388766]"
"CBN-Pla-A5-20190723","[1741880, 1395870, 1395949]"
"CBN-Pla-A5-20190814","[1395870, 1741880, 1396253]"
"CBN-Pla-A5-20200723","[1741880, 1395870, 1394311]"
"CBN-Pla-A5-20200814","[1395870, 1741880, 1394911]"
"CBN-Pla-A6-20130724","[1395870, 1418688, 1395807]"
"CBN-Pla-A6-20130808","[1741880, 1395870, 1395807]"
"CBN-Pla-A6-20130904","[1741880, 1395870, 1395807]"
"CBN-Pla-A6-20140722","[1741880, 1395870, 1394311]"
"CBN-Pla-A6-20140812","[1395870, 1741880, 1395807]"
"CBN-Pla-A6-20140902","[1741880, 1395870, 1361367]"
"CBN-Pla-A6-20150702","[1396253, 1609716, 1356422]"
"CBN-Pla-A6-20150723","[1741880, 1395870, 1395807]"
"CBN-Pla-A6-20150811","[1395870, 1741880, 1396843]"
"CBN-Pla-A6-20150901","[1396253, 1741880, 1395870]"
"CBN-Pla-A6-20160707","[1395807, 1394311, 1391480]"
"CBN-Pla-A6-20160728","[1741880, 1395870, 1396869]"
"CBN-Pla-A6-20180724","[1396018, 1418688, 1737701]"
"CBN-Pla-A6-20180816","[1395870, 1741880, 1395807]"
"CBN-Pla-A6-20180906","[1741880, 1395870, 1395807]"
"CBN-Pla-A6-20190723","[1395870, 1395862, 1395807]"
"CBN-Pla-A6-20190814","[1397381, 1396843, 1395807]"
"CBN-Pla-A6-20200723","[1741880, 1580587, 1741624]"
"CBN-Pla-A6-20200814","[1741624, 1741880, 1394311]"
"CBN-Pla-B1-20130724","[1363133, 1479447, 1418688]"
"CBN-Pla-B1-20130808","[1396253, 1395807, 1741880]"
"CBN-Pla-B1-20130904","[1396253, 1395807, 1397386]"
"CBN-Pla-B1-20140722","[1396253, 1390793, 1418688]"
"CBN-Pla-B1-20140812","[1742053, 1412857, 1396253]"
"CBN-Pla-B1-20140902","[1396253, 1361367, 1742053]"
"CBN-Pla-B1-20150702","[1396253, 1393708, 1418688]"
"CBN-Pla-B1-20150723","[1396253, 1397587, 1743474]"
"CBN-Pla-B1-20150811","[1396253, 1742053, 1395807]"
"CBN-Pla-B1-20150901","[1396253, 1394311, 1393659]"
"CBN-Pla-B1-20160707","[1396253, 1741880, 1390793]"
"CBN-Pla-B1-20160728","[1741880, 1396253, 1394311]"
"CBN-Pla-B1-20180724","[1395870, 1363619, 1741880]"
"CBN-Pla-B1-20180816","[1741880, 1395807, 1395870]"
"CBN-Pla-B1-20180906","[1742053, 1396253, 1412857]"
"CBN-Pla-B1-20190723","[1395807, 1741880, 1394542]"
"CBN-Pla-B1-20190814","[1392260, 1742053, 1651061]"
"CBN-Pla-B1-20200630","[1419104, 1419103, 1355998]"
"CBN-Pla-B1-20200723","[1394542, 1395807, 1742053]"
"CBN-Pla-B1-20200814","[1397386, 1651061, 1392260]"
"CBN-Pla-B2-20130724","[1394911, 1737701, 1399798]"
"CBN-Pla-B2-20130808","[1395807, 1412857, 1396253]"
"CBN-Pla-B2-20130904","[1395807, 1394311, 1363543]"
"CBN-Pla-B2-20140722","[1396253, 1390837, 1741880]"
"CBN-Pla-B2-20140812","[1396843, 1395807, 1394542]"
"CBN-Pla-B2-20140902","[1396843, 1394366, 1395807]"
"CBN-Pla-B2-20150702","[1396253, 1651061, 1651427]"
"CBN-Pla-B2-20150723","[1396843, 1395870, 1392534]"
"CBN-Pla-B2-20150811","[1392552, 1741880, 1396253]"
"CBN-Pla-B2-20150901","[1741880, 1396843, 1395807]"
"CBN-Pla-B2-20160707","[1741880, 1396253, 1394311]"
"CBN-Pla-B2-20160728","[1741880, 1395807, 1394311]"
"CBN-Pla-B2-20180724","[1418688, 1737701, 1395870]"
"CBN-Pla-B2-20180816","[1741880, 1395807, 1397386]"
"CBN-Pla-B2-20180906","[1741880, 1396253, 1392293]"
"CBN-Pla-B2-20190723","[1396843, 1395807, 1395120]"
"CBN-Pla-B2-20190814","[1362482, 1412857, 1741880]"
"CBN-Pla-B2-20200723","[1396253, 1395807, 1412857]"
"CBN-Pla-B2-20200814","[1741880, 1394311, 1395807]"
"CBN-Pla-B3-20130724","[1395807, 1743465, 1528543]"
"CBN-Pla-B3-20130808","[1396253, 1395807, 1397386]"
"CBN-Pla-B3-20130904","[1396253, 1395807, 1397386]"
"CBN-Pla-B3-20140722","[1532190, 1396253, 1390837]"
"CBN-Pla-B3-20140812","[1396253, 1395807, 1412857]"
"CBN-Pla-B3-20140902","[1396253, 1361367, 1394311]"
"CBN-Pla-B3-20150811","[1396253, 1743471, 1361141]"
"CBN-Pla-B3-20150901","[1396253, 1395807, 1361347]"
"CBN-Pla-B3-20160707","[1396253, 1361347, 1394311]"
"CBN-Pla-B3-20160728","[1395807, 1396253, 1397386]"
"CBN-Pla-B3-20180724","[1397376, 1651267, 1418688]"
"CBN-Pla-B3-20180816","[1395807, 1742053, 1394311]"
"CBN-Pla-B3-20180906","[1396253, 1395807, 1397043]"
"CBN-Pla-B3-20190723","[1397386, 1398327, 1395807]"
"CBN-Pla-B3-20190814","[1396843, 1395807, 1361141]"
"CBN-Pla-B3-20200723","[1395807, 1396253, 1418688]"
"CBN-Pla-B3-20200814","[1397386, 1396253, 1395807]"
"CBN-Pla-B4-20130724","[1418688, 1646126, 1390793]"
"CBN-Pla-B4-20130808","[1395870, 1395807, 1392299]"
"CBN-Pla-B4-20130904","[1397043, 1519648, 1394542]"
"CBN-Pla-B4-20140722","[1744315, 1418688, 1397376]"
"CBN-Pla-B4-20140812","[1395807, 1394542, 1361367]"
"CBN-Pla-B4-20140902","[1395807, 1397386, 1393200]"
"CBN-Pla-B4-20150702","[1394360, 1396843, 1390793]"
"CBN-Pla-B4-20150723","[1392186, 1394311, 1395807]"
"CBN-Pla-B4-20150811","[1396843, 1396253, 1651061]"
"CBN-Pla-B4-20150901","[1397386, 1361141, 1396843]"
"CBN-Pla-B4-20160707","[1397386, 1361347, 1396843]"
"CBN-Pla-B4-20160728","[1397046, 1397043, 1395807]"
"CBN-Pla-B4-20180724","[1397386, 1396253, 1397376]"
"CBN-Pla-B4-20180816","[1397043, 1395807, 1394311]"
"CBN-Pla-B4-20180906","[1397043, 1395870, 1396253]"
"CBN-Pla-B4-20190723","[1397386, 1741880, 1396843]"
"CBN-Pla-B4-20190814","[1396253, 1651427, 1741880]"
"CBN-Pla-B4-20200723","[1395807, 1395870, 1361347]"
"CBN-Pla-B4-20200814","[1361347, 1395807, 1394311]"
"CBN-Pla-B5-20130724","[1395870, 1396144, 1395862]"
"CBN-Pla-B5-20130808","[1395807, 1395870, 1741880]"
"CBN-Pla-B5-20130904","[1397043, 1395807, 1390899]"
"CBN-Pla-B5-20140722","[1363543, 1532190, 1390837]"
"CBN-Pla-B5-20140812","[1395807, 1396144, 1395870]"
"CBN-Pla-B5-20140902","[1395870, 1397043, 1361367]"
"CBN-Pla-B5-20150702","[1741880, 1394311, 1395870]"
"CBN-Pla-B5-20150723","[1362482, 1395870, 1647677]"
"CBN-Pla-B5-20150811","[1395870, 1741880, 1395807]"
"CBN-Pla-B5-20150901","[1741880, 1394311, 1395870]"
"CBN-Pla-B5-20160707","[1395870, 1741880, 1361347]"
"CBN-Pla-B5-20160728","[1397043, 1741880, 1395807]"
"CBN-Pla-B5-20180724","[1743465, 1396144, 1389307]"
"CBN-Pla-B5-20180816","[1395870, 1395807, 1741880]"
"CBN-Pla-B5-20180906","[1741880, 1395870, 1395807]"
"CBN-Pla-B5-20190723","[1395807, 1392186, 1395870]"
"CBN-Pla-B5-20190814","[1395870, 1741880, 1361367]"
"CBN-Pla-B5-20200723","[1397043, 1395807, 1397046]"
"CBN-Pla-B5-20200814","[1741587, 1397049, 1397043]"
"CBN-Pla-B6-20130724","[1396144, 1392541, 1361374]"
"CBN-Pla-B6-20130808","[1396144, 1396253, 1390899]"
"CBN-Pla-B6-20130904","[1396144, 1395807, 1393966]"
"CBN-Pla-B6-20140722","[1396144, 1397491, 1397279]"
"CBN-Pla-B6-20140812","[1396144, 1395987, 1396015]"
"CBN-Pla-B6-20140902","[1396144, 1361367, 1395807]"
"CBN-Pla-B6-20150702","[1396253, 1390904, 1397386]"
"CBN-Pla-B6-20150723","[1396015, 1395807, 1396144]"
"CBN-Pla-B6-20150811","[1396144, 1396253, 1395807]"
"CBN-Pla-B6-20150901","[1396144, 1396015, 1396253]"
"CBN-Pla-B6-20160707","[1396015, 1396144, 1395973]"
"CBN-Pla-B6-20160728","[1396015, 1395973, 1395987]"
"CBN-Pla-B6-20180816","[1396144, 1397043, 1396015]"
"CBN-Pla-B6-20180906","[1396144, 1396015, 1390899]"
"CBN-Pla-B6-20190723","[1396144, 1418612, 1361374]"
"CBN-Pla-B6-20190814","[1396015, 1396144, 1394311]"
"CBN-Pla-B6-20200723","[1395807, 1505431, 1396144]"
"CBN-Pla-B6-20200814","[1396144, 1396015, 1395940]"
"CBN-Pla-C1-20130808","[1392535, 1741880, 1395870]"
"CBN-Pla-C1-20130904","[1395870, 1741880, 1392534]"
"CBN-Pla-C1-20150702","[1392541, 1392534, 1741880]"
"CBN-Pla-C1-20150723","[1741880, 1395870, 1392534]"
"CBN-Pla-C1-20150811","[1741880, 1395870, 1392534]"
"CBN-Pla-C1-20150901","[1400176, 1392534, 1395870]"
"CBN-Pla-C1-20160707","[1741880, 1395870, 1392534]"
"CBN-Pla-C1-20160728","[1741880, 1395870, 1394366]"
"CBN-Pla-C1-20180816","[1741880, 1741624, 1395870]"
"CBN-Pla-C1-20180906","[1395870, 1395807, 1741880]"
"CBN-Pla-C1-20190723","[1392534, 1392535, 1392541]"
"CBN-Pla-C1-20190814","[1741880, 1395870, 1392534]"
"CBN-Pla-C1-20200723","[1395870, 1741880, 1392534]"
"CBN-Pla-C1-20200814","[1395870, 1741880, 1395807]"
"CBN-Pla-C2-20130808","[1396253, 1741880, 1395870]"
"CBN-Pla-C2-20130904","[1741880, 1395870, 1412857]"
"CBN-Pla-C2-20140722","[1363543, 1418688, 1742109]"
"CBN-Pla-C2-20140902","[1741880, 1395870, 1412857]"
"CBN-Pla-C2-20150702","[1412857, 1741880, 1396094]"
"CBN-Pla-C2-20150723","[1741880, 1395870, 1742053]"
"CBN-Pla-C2-20150811","[1741880, 1395870, 1394643]"
"CBN-Pla-C2-20150901","[1394542, 1395870, 1741880]"
"CBN-Pla-C2-20160707","[1394311, 1392293, 1741880]"
"CBN-Pla-C2-20160728","[1742053, 1412857, 1742052]"
"CBN-Pla-C2-20180724","[1744194, 1418688, 1390874]"
"CBN-Pla-C2-20180816","[1396253, 1412857, 1395807]"
"CBN-Pla-C2-20180906","[1742053, 1396253, 1392293]"
"CBN-Pla-C2-20190723","[1396253, 1390899, 1394311]"
"CBN-Pla-C2-20190814","[1397046, 1397043, 1395807]"
"CBN-Pla-C2-20200723","[1396253, 1394542, 1395870]"
"CBN-Pla-C2-20200814","[1396253, 1393966, 1394542]"
"CBN-Pla-C3-20130808","[1394643, 1395807, 1400176]"
"CBN-Pla-C3-20130904","[1392293, 1395807, 1400176]"
"CBN-Pla-C3-20140722","[1528543, 1741880, 1418688]"
"CBN-Pla-C3-20140902","[1400176, 1532190, 1395807]"
"CBN-Pla-C3-20150702","[1741880, 1390837, 1397500]"
"CBN-Pla-C3-20150723","[1395870, 1741880, 1395807]"
"CBN-Pla-C3-20150811","[1741880, 1400176, 1395870]"
"CBN-Pla-C3-20150901","[1741880, 1395870, 1742053]"
"CBN-Pla-C3-20160707","[1741880, 1390793, 1396362]"
"CBN-Pla-C3-20160728","[1741880, 1395870, 1390899]"
"CBN-Pla-C3-20180724","[1418688, 1361347, 1394270]"
"CBN-Pla-C3-20180816","[1395807, 1741880, 1395870]"
"CBN-Pla-C3-20180906","[1390899, 1412857, 1741880]"
"CBN-Pla-C3-20190723","[1741880, 1742053, 1395807]"
"CBN-Pla-C3-20190814","[1741880, 1395870, 1361367]"
"CBN-Pla-C3-20200723","[1741880, 1395870, 1397043]"
"CBN-Pla-C3-20200814","[1400176, 1741880, 1395870]"
"CBN-Pla-C4-20130808","[1395807, 1741880, 1394655]"
"CBN-Pla-C4-20130904","[1395807, 1393200, 1397500]"
"CBN-Pla-C4-20140902","[1395807, 1363133, 1396754]"
"CBN-Pla-C4-20150702","[1397500, 1396253, 1393200]"
"CBN-Pla-C4-20150723","[1395807, 1394542, 1388766]"
"CBN-Pla-C4-20150811","[1395807, 1396843, 1363133]"
"CBN-Pla-C4-20150901","[1361141, 1396869, 1395807]"
"CBN-Pla-C4-20160707","[1397500, 1390793, 1361367]"
"CBN-Pla-C4-20160728","[1397500, 1392300, 1396843]"
"CBN-Pla-C4-20180724","[1397500, 1396253, 1394643]"
"CBN-Pla-C4-20180816","[1396253, 1395807, 1397500]"
"CBN-Pla-C4-20180906","[1396253, 1412857, 1395807]"
"CBN-Pla-C4-20190723","[1395807, 1396253, 1742053]"
"CBN-Pla-C4-20190814","[1396253, 1397500, 1412857]"
"CBN-Pla-C4-20200723","[1396253, 1397043, 1397046]"
"CBN-Pla-C4-20200814","[1742053, 1412857, 1396253]"
"CBN-Pla-C5-20130808","[1395807, 1394311, 1390793]"
"CBN-Pla-C5-20130904","[1395807, 1396144, 1394311]"
"CBN-Pla-C5-20140722","[1396144, 1397491, 1418688]"
"CBN-Pla-C5-20140902","[1395807, 1396144, 1361367]"
"CBN-Pla-C5-20150702","[1396144, 1397491, 1418688]"
"CBN-Pla-C5-20150723","[1396144, 1395807, 1397491]"
"CBN-Pla-C5-20150811","[1396144, 1396869, 1395807]"
"CBN-Pla-C5-20150901","[1394311, 1396869, 1361347]"
"CBN-Pla-C5-20160707","[1390793, 1743474, 1394311]"
"CBN-Pla-C5-20160728","[1395807, 1395870, 1394311]"
"CBN-Pla-C5-20180724","[1361374, 1390837, 1390904]"
"CBN-Pla-C5-20180816","[1395807, 1412857, 1516081]"
"CBN-Pla-C5-20180906","[1395807, 1397046, 1743359]"
"CBN-Pla-C5-20190723","[1395807, 1741880, 1397386]"
"CBN-Pla-C5-20190814","[1395807, 1363133, 1609716]"
"CBN-Pla-C5-20200723","[1395807, 1742053, 1412857]"
"CBN-Pla-C5-20200814","[1652912, 1395807, 1396869]"
"CBN-Pla-C6-20130808","[1396253, 1395807, 1741880]"
"CBN-Pla-C6-20130904","[1741880, 1395807, 1395870]"
"CBN-Pla-C6-20140902","[1741880, 1395807, 1395870]"
"CBN-Pla-C6-20150702","[1361367, 1396253, 1394655]"
"CBN-Pla-C6-20150723","[1741880, 1395807, 1397386]"
"CBN-Pla-C6-20150811","[1395807, 1394311, 1741880]"
"CBN-Pla-C6-20150901","[1396253, 1412857, 1395807]"
"CBN-Pla-C6-20160707","[1396253, 1390793, 1741880]"
"CBN-Pla-C6-20160728","[1395807, 1396253, 1395870]"
"CBN-Pla-C6-20180724","[1396253, 1738749, 1743903]"
"CBN-Pla-C6-20180816","[1742053, 1412857, 1395807]"
"CBN-Pla-C6-20180906","[1742053, 1412857, 1395807]"
"CBN-Pla-C6-20190723","[1395807, 1741880, 1697384]"
"CBN-Pla-C6-20190814","[1395807, 1388766, 1741880]"
"CBN-Pla-C6-20200723","[1395807, 1395870, 1396253]"
"CBN-Pla-C6-20200814","[1395807, 1741880, 1395870]"
"CBN-Pla-D1-20130808","[1396253, 1395807, 1361347]"
"CBN-Pla-D1-20130904","[1396253, 1396843, 1394311]"
"CBN-Pla-D1-20140722","[1412857, 1396253, 1418688]"
"CBN-Pla-D1-20140902","[1395870, 1396253, 1395807]"
"CBN-Pla-D1-20150702","[1741880, 1395870, 1396253]"
"CBN-Pla-D1-20150723","[1741880, 1395870, 1394311]"
"CBN-Pla-D1-20150811","[1396253, 1742053, 1412857]"
"CBN-Pla-D1-20150901","[1742053, 1361347, 1412857]"
"CBN-Pla-D1-20160707","[1397386, 1361347, 1744618]"
"CBN-Pla-D1-20160728","[1396253, 1395718, 1394311]"
"CBN-Pla-D1-20180724","[1412857, 1394311, 1361347]"
"CBN-Pla-D1-20180816","[1395807, 1394311, 1743474]"
"CBN-Pla-D1-20180906","[1394311, 1397386, 1412857]"
"CBN-Pla-D1-20190723","[1394542, 1395862, 1395870]"
"CBN-Pla-D1-20190814","[1741880, 1361141, 1394311]"
"CBN-Pla-D1-20200723","[1394542, 1741880, 1395807]"
"CBN-Pla-D1-20200814","[1394311, 1412857, 1396843]"
"CBN-Pla-D2-20130808","[1412857, 1392407, 1395870]"
"CBN-Pla-D2-20130904","[1396843, 1394643, 1396253]"
"CBN-Pla-D2-20140722","[1397376, 1412857, 1727501]"
"CBN-Pla-D2-20140902","[1396843, 1397386, 1394311]"
"CBN-Pla-D2-20150702","[1361347, 1390811, 1418612]"
"CBN-Pla-D2-20150723","[1396843, 1388766, 1394311]"
"CBN-Pla-D2-20150811","[1396843, 1395807, 1412857]"
"CBN-Pla-D2-20150901","[1396843, 1742053, 1412857]"
"CBN-Pla-D2-20160707","[1412857, 1741880, 1742053]"
"CBN-Pla-D2-20160728","[1412857, 1396843, 1394641]"
"CBN-Pla-D2-20180724","[1412857, 1742053, 1394641]"
"CBN-Pla-D2-20180816","[1742053, 1396843, 1397043]"
"CBN-Pla-D2-20180906","[1396843, 1396253, 1412857]"
"CBN-Pla-D2-20190723","[1741880, 1397043, 1395807]"
"CBN-Pla-D2-20190814","[1412857, 1742053, 1396843]"
"CBN-Pla-D2-20200723","[1742053, 1400176, 1396253]"
"CBN-Pla-D2-20200814","[1742053, 1412857, 1396843]"
"CBN-Pla-D3-20130808","[1741880, 1395870, 1397049]"
"CBN-Pla-D3-20130904","[1741880, 1395870, 1396253]"
"CBN-Pla-D3-20140722","[1396253, 1390837, 1742053]"
"CBN-Pla-D3-20140902","[1395870, 1741880, 1397386]"
"CBN-Pla-D3-20150702","[1397500, 1396253, 1388766]"
"CBN-Pla-D3-20150723","[1741880, 1397465, 1395870]"
"CBN-Pla-D3-20150811","[1395870, 1396253, 1743471]"
"CBN-Pla-D3-20150901","[1395870, 1742053, 1741880]"
"CBN-Pla-D3-20160707","[1397500, 1392541, 1394311]"
"CBN-Pla-D3-20160728","[1395870, 1741880, 1394311]"
"CBN-Pla-D3-20180724","[1390783, 1390837, 1361347]"
"CBN-Pla-D3-20180816","[1395870, 1741880, 1395807]"
"CBN-Pla-D3-20180906","[1396253, 1395870, 1741880]"
"CBN-Pla-D3-20190723","[1741880, 1395870, 1400176]"
"CBN-Pla-D3-20190814","[1741880, 1397049, 1395870]"
"CBN-Pla-D3-20200723","[1400176, 1741880, 1396253]"
"CBN-Pla-D3-20200814","[1392552, 1743471, 1392260]"
"CBN-Pla-D4-20130808","[1395862, 1396253, 1395870]"
"CBN-Pla-D4-20130904","[1396144, 1395870, 1395807]"
"CBN-Pla-D4-20140722","[1396144, 1396253, 1390793]"
"CBN-Pla-D4-20140902","[1361367, 1397043, 1743471]"
"CBN-Pla-D4-20150702","[1396253, 1395807, 1743471]"
"CBN-Pla-D4-20150723","[1395807, 1395862, 1395870]"
"CBN-Pla-D4-20150811","[1396253, 1395870, 1741880]"
"CBN-Pla-D4-20150901","[1396253, 1741880, 1395870]"
"CBN-Pla-D4-20160707","[1395870, 1396253, 1647128]"
"CBN-Pla-D4-20160728","[1396253, 1361367, 1395862]"
"CBN-Pla-D4-20180724","[1396253, 1390904, 1390811]"
"CBN-Pla-D4-20180816","[1395870, 1396253, 1741880]"
"CBN-Pla-D4-20180906","[1396253, 1395870, 1397386]"
"CBN-Pla-D4-20190723","[1395870, 1741880, 1364066]"
"CBN-Pla-D4-20190814","[1395870, 1390837, 1395807]"
"CBN-Pla-D4-20200723","[1396253, 1390793, 1741880]"
"CBN-Pla-D4-20200814","[1395870, 1741880, 1396253]"
"CBN-Pla-D5-20130808","[1396253, 1395807, 1396144]"
"CBN-Pla-D5-20130904","[1395807, 1396253, 1741880]"
"CBN-Pla-D5-20140722","[1396144, 1390811, 1390904]"
"CBN-Pla-D5-20140902","[1396144, 1412857, 1395807]"
"CBN-Pla-D5-20150702","[1396843, 1396253, 1390793]"
"CBN-Pla-D5-20150723","[1395807, 1390883, 1396144]"
"CBN-Pla-D5-20150811","[1361141, 1395807, 1396733]"
"CBN-Pla-D5-20150901","[1394311, 1396843, 1743474]"
"CBN-Pla-D5-20160707","[1363543, 1741880, 1395807]"
"CBN-Pla-D5-20160728","[1396843, 1395807, 1741880]"
"CBN-Pla-D5-20180724","[1396253, 1390793, 1743315]"
"CBN-Pla-D5-20180816","[1396253, 1395807, 1392541]"
"CBN-Pla-D5-20180906","[1396253, 1396843, 1395807]"
"CBN-Pla-D5-20190723","[1741880, 1396253, 1395807]"
"CBN-Pla-D5-20190814","[1397046, 1397043, 1392552]"
"CBN-Pla-D5-20200723","[1395807, 1396253, 1396843]"
"CBN-Pla-D6-20130808","[1392541, 1395807, 1399800]"
"CBN-Pla-D6-20130904","[1392535, 1392534, 1395870]"
"CBN-Pla-D6-20140722","[1744293, 1399798, 1399800]"
"CBN-Pla-D6-20140902","[1392552, 1395807, 1396843]"
"CBN-Pla-D6-20150702","[1394597, 1399800, 1395807]"
"CBN-Pla-D6-20150723","[1395807, 1395718, 1392535]"
"CBN-Pla-D6-20150811","[1392552, 1395807, 1396843]"
"CBN-Pla-D6-20150901","[1396869, 1396843, 1742053]"
"CBN-Pla-D6-20160707","[1392541, 1741880, 1395807]"
"CBN-Pla-D6-20160728","[1395807, 1742053, 1418688]"
"CBN-Pla-D6-20180724","[1412857, 1394911, 1394311]"
"CBN-Pla-D6-20180816","[1397043, 1396144, 1395807]"
"CBN-Pla-D6-20180906","[1395807, 1359697, 1394366]"
"CBN-Pla-D6-20190723","[1395807, 1412857, 1742053]"
"CBN-Pla-D6-20190814","[1741880, 1392535, 1397046]"
"CBN-Pla-D6-20200723","[1395807, 1741880, 1396843]"
"CBN-Pla-D6-20200814","[1392552, 1741880, 1395807]"
"CBN-Pla-E1-20130808","[1396144, 1396253, 1399800]"
"CBN-Pla-E1-20130904","[1396144, 1396253, 1741624]"
"CBN-Pla-E1-20140722","[1396144, 1392541, 1744293]"
"CBN-Pla-E1-20140902","[1396144, 1396253, 1397491]"
"CBN-Pla-E1-20150702","[1396144, 1396253, 1397491]"
"CBN-Pla-E1-20150723","[1742053, 1412857, 1741624]"
"CBN-Pla-E1-20150901","[1396144, 1396272, 1396253]"
"CBN-Pla-E1-20160707","[1396144, 1392541, 1392535]"
"CBN-Pla-E1-20160728","[1396144, 1392535, 1392534]"
"CBN-Pla-E1-20180816","[1744479, 1396144, 1396253]"
"CBN-Pla-E1-20180906","[1396144, 1394542, 1413349]"
"CBN-Pla-E1-20190723","[1744479, 1392535, 1392534]"
"CBN-Pla-E1-20190814","[1396253, 1744479, 1647187]"
"CBN-Pla-E1-20200630","[1395949, 1396253, 1396144]"
"CBN-Pla-E1-20200723","[1396843, 1744479, 1396144]"
"CBN-Pla-E1-20200814","[1744479, 1647128, 1396253]"
"CBN-Pla-E2-20130808","[1396144, 1396253, 1741624]"
"CBN-Pla-E2-20130904","[1396144, 1396272, 1396253]"
"CBN-Pla-E2-20140722","[1396144, 1396253, 1396272]"
"CBN-Pla-E2-20140902","[1394542, 1396253, 1396144]"
"CBN-Pla-E2-20150702","[1396253, 1396144, 1396272]"
"CBN-Pla-E2-20150723","[1396253, 1412857, 1396144]"
"CBN-Pla-E2-20150901","[1742053, 1396253, 1412857]"
"CBN-Pla-E2-20160707","[1396253, 1396144, 1400176]"
"CBN-Pla-E2-20160728","[1400176, 1396144, 1397491]"
"CBN-Pla-E2-20180724","[1396253, 1396144, 1396111]"
"CBN-Pla-E2-20180816","[1396253, 1741624, 1412857]"
"CBN-Pla-E2-20180906","[1742053, 1412857, 1396253]"
"CBN-Pla-E2-20190723","[1396253, 1741624, 1413349]"
"CBN-Pla-E2-20190814","[1396253, 1396144, 1647128]"
"CBN-Pla-E2-20200630","[1396253, 1413349, 1392407]"
"CBN-Pla-E2-20200723","[1396253, 1744479, 1412857]"
"CBN-Pla-E2-20200814","[1744479, 1396253, 1647128]"
"CBN-Pla-E3-20130808","[1396253, 1396144, 1397491]"
"CBN-Pla-E3-20130904","[1396144, 1396253, 1397491]"
"CBN-Pla-E3-20140722","[1396253, 1396144, 1647128]"
"CBN-Pla-E3-20140902","[1412857, 1742053, 1396253]"
"CBN-Pla-E3-20150702","[1396253, 1396144, 1394638]"
"CBN-Pla-E3-20150723","[1392535, 1392541, 1396253]"
"CBN-Pla-E3-20150811","[1396253, 1394311, 1412857]"
"CBN-Pla-E3-20150901","[1361141, 1396253, 1412857]"
"CBN-Pla-E3-20160707","[1396253, 1396144, 1361141]"
"CBN-Pla-E3-20160728","[1396253, 1392535, 1412857]"
"CBN-Pla-E3-20180724","[1396253, 1390837, 1394641]"
"CBN-Pla-E3-20180816","[1396253, 1397043, 1396843]"
"CBN-Pla-E3-20180906","[1396253, 1412857, 1742053]"
"CBN-Pla-E3-20190723","[1392535, 1396253, 1392534]"
"CBN-Pla-E3-20190814","[1396253, 1412857, 1742053]"
"CBN-Pla-E3-20200630","[1363618, 1647156, 1400017]"
"CBN-Pla-E3-20200723","[1396253, 1412857, 1742053]"
"CBN-Pla-E3-20200814","[1396253, 1742053, 1400176]"
"CBN-Pla-E4-20130808","[1396253, 1412857, 1646126]"
"CBN-Pla-E4-20130904","[1396843, 1396253, 1390883]"
"CBN-Pla-E4-20140722","[1396253, 1396843, 1392535]"
"CBN-Pla-E4-20140902","[1396843, 1395718, 1361367]"
"CBN-Pla-E4-20150702","[1396253, 1392541, 1412857]"
"CBN-Pla-E4-20150811","[1396843, 1396253, 1651363]"
"CBN-Pla-E4-20150901","[1396253, 1412857, 1742053]"
"CBN-Pla-E4-20160707","[1396253, 1396843, 1400176]"
"CBN-Pla-E4-20160728","[1396843, 1396253, 1742052]"
"CBN-Pla-E4-20180724","[1392541, 1396253, 1392565]"
"CBN-Pla-E4-20180816","[1396253, 1397043, 1392534]"
"CBN-Pla-E4-20180906","[1396253, 1396843, 1396869]"
"CBN-Pla-E4-20190723","[1396253, 1412857, 1742053]"
"CBN-Pla-E4-20190814","[1396843, 1396253, 1396858]"
"CBN-Pla-E4-20200630","[1396253, 1356228, 1361530]"
"CBN-Pla-E4-20200723","[1396253, 1361141, 1397046]"
"CBN-Pla-E4-20200814","[1396843, 1396869, 1396253]"
"CBN-Pla-E5-20130808","[1395807, 1361347, 1396843]"
"CBN-Pla-E5-20130904","[1395807, 1397386, 1396843]"
"CBN-Pla-E5-20140722","[1399800, 1394595, 1363618]"
"CBN-Pla-E5-20140902","[1363133, 1395870, 1392293]"
"CBN-Pla-E5-20150702","[1392534, 1396843, 1392541]"
"CBN-Pla-E5-20150723","[1392541, 1396869, 1397386]"
"CBN-Pla-E5-20150811","[1394911, 1397468, 1363618]"
"CBN-Pla-E5-20150901","[1396843, 1412857, 1742053]"
"CBN-Pla-E5-20160707","[1394311, 1396253, 1397386]"
"CBN-Pla-E5-20160728","[1392535, 1412857, 1392541]"
"CBN-Pla-E5-20180724","[1363618, 1391427, 1609716]"
"CBN-Pla-E5-20180816","[1392535, 1392534, 1395807]"
"CBN-Pla-E5-20180906","[1392541, 1396843, 1392565]"
"CBN-Pla-E5-20190723","[1400176, 1395807, 1392541]"
"CBN-Pla-E5-20190814","[1392541, 1403533, 1395807]"
"CBN-Pla-E5-20200630","[1392541, 1392565, 1394911]"
"CBN-Pla-E5-20200723","[1392534, 1395807, 1392535]"
"CBN-Pla-E5-20200814","[1362482, 1396843, 1396869]"
"CBN-Pla-E6-20130808","[1396253, 1395807, 1741880]"
"CBN-Pla-E6-20130904","[1396253, 1397386, 1361141]"
"CBN-Pla-E6-20140722","[1412857, 1742053, 1397376]"
"CBN-Pla-E6-20140902","[1396253, 1397386, 1395807]"
"CBN-Pla-E6-20150702","[1396253, 1396144, 1388766]"
"CBN-Pla-E6-20150723","[1742053, 1742052, 1394311]"
"CBN-Pla-E6-20150811","[1412857, 1361347, 1395807]"
"CBN-Pla-E6-20150901","[1412857, 1395807, 1742053]"
"CBN-Pla-E6-20160707","[1742053, 1412857, 1396253]"
"CBN-Pla-E6-20160728","[1396144, 1396253, 1742053]"
"CBN-Pla-E6-20180724","[1396253, 1417760, 1357575]"
"CBN-Pla-E6-20180816","[1412857, 1396253, 1397043]"
"CBN-Pla-E6-20180906","[1742053, 1412857, 1396253]"
"CBN-Pla-E6-20190723","[1396253, 1395807, 1396843]"
"CBN-Pla-E6-20190814","[1741624, 1742053, 1395870]"
"CBN-Pla-E6-20200723","[1396253, 1393584, 1395807]"
"CBN-Pla-E6-20200814","[1396253, 1741624, 1394643]"
"CBN-Pla-F1-20130808","[1741624, 1647128, 1744479]"
"CBN-Pla-F1-20130904","[1391359, 1741624, 1396362]"
"CBN-Pla-F1-20140722","[1394597, 1394599, 1744235]"
"CBN-Pla-F1-20140902","[1647156, 1741587, 1361141]"
"CBN-Pla-F1-20150702","[1361367, 1580587, 1741624]"
"CBN-Pla-F1-20150723","[1744479, 1399082, 1647128]"
"CBN-Pla-F1-20150901","[1394311, 1728573, 1741624]"
"CBN-Pla-F1-20160707","[1394272, 1396094, 1741624]"
"CBN-Pla-F1-20160728","[1647156, 1744479, 1741624]"
"CBN-Pla-F1-20180724","[1647128, 1359973, 1390793]"
"CBN-Pla-F1-20180816","[1741624, 1580587, 1580588]"
"CBN-Pla-F1-20180906","[1728573, 1647128, 1394479]"
"CBN-Pla-F1-20190723","[1400176, 1392534, 1580587]"
"CBN-Pla-F1-20190814","[1394311, 1400176, 1743474]"
"CBN-Pla-F1-20200630","[1529410, 1394414, 1396180]"
"CBN-Pla-F1-20200723","[1741624, 1397043, 1397046]"
"CBN-Pla-F1-20200814","[1400176, 1728573, 1580587]"
"CBN-Pla-F2-20130808","[1396253, 1394641, 1741624]"
"CBN-Pla-F2-20130904","[1744479, 1647156, 1742053]"
"CBN-Pla-F2-20140722","[1396144, 1400111, 1418612]"
"CBN-Pla-F2-20140902","[1412857, 1394542, 1393619]"
"CBN-Pla-F2-20150702","[1396144, 1396253, 1394641]"
"CBN-Pla-F2-20150723","[1741624, 1742053, 1412857]"
"CBN-Pla-F2-20150901","[1412857, 1396253, 1742053]"
"CBN-Pla-F2-20160707","[1396253, 1361141, 1412857]"
"CBN-Pla-F2-20160728","[1396253, 1741624, 1394542]"
"CBN-Pla-F2-20180724","[1396144, 1395948, 1361347]"
"CBN-Pla-F2-20180816","[1412857, 1395718, 1392260]"
"CBN-Pla-F2-20180906","[1395718, 1742053, 1412857]"
"CBN-Pla-F2-20190723","[1741624, 1390883, 1363543]"
"CBN-Pla-F2-20190814","[1395718, 1396253, 1741624]"
"CBN-Pla-F2-20200630","[1356042, 1727501, 1388915]"
"CBN-Pla-F2-20200723","[1396253, 1741624, 1412857]"
"CBN-Pla-F2-20200814","[1392260, 1651363, 1741624]"
"CBN-Pla-F3-20130808","[1396253, 1394655, 1361367]"
"CBN-Pla-F3-20130904","[1394438, 1394441, 1394444]"
"CBN-Pla-F3-20140722","[1647156, 1396144, 1396253]"
"CBN-Pla-F3-20140902","[1396144, 1394444, 1394438]"
"CBN-Pla-F3-20150702","[1396253, 1392541, 1400017]"
"CBN-Pla-F3-20150723","[1396253, 1741624, 1390883]"
"CBN-Pla-F3-20150811","[1647156, 1744479, 1412857]"
"CBN-Pla-F3-20150901","[1744479, 1647128, 1647156]"
"CBN-Pla-F3-20160707","[1394438, 1396253, 1647128]"
"CBN-Pla-F3-20160728","[1394438, 1396253, 1394449]"
"CBN-Pla-F3-20180724","[1391427, 1400176, 1396144]"
"CBN-Pla-F3-20180816","[1396253, 1741624, 1362273]"
"CBN-Pla-F3-20180906","[1412857, 1394438, 1396253]"
"CBN-Pla-F3-20190723","[1396253, 1412857, 1362273]"
"CBN-Pla-F3-20190814","[1394444, 1394438, 1394441]"
"CBN-Pla-F3-20200630","[1394270, 1743903, 1360143]"
"CBN-Pla-F3-20200723","[1396253, 1412857, 1396144]"
"CBN-Pla-F3-20200814","[1394438, 1395718, 1392260]"
"CBN-Pla-F4-20130808","[1744618, 1396144, 1395807]"
"CBN-Pla-F4-20130904","[1396253, 1396362, 1744479]"
"CBN-Pla-F4-20140722","[1392407, 1396144, 1359965]"
"CBN-Pla-F4-20150723","[1396362, 1744479, 1647128]"
"CBN-Pla-F4-20150811","[1744479, 1647128, 1413349]"
"CBN-Pla-F4-20150901","[1396144, 1744479, 1647128]"
"CBN-Pla-F4-20160707","[1742053, 1412857, 1742052]"
"CBN-Pla-F4-20160728","[1412857, 1396253, 1396144]"
"CBN-Pla-F4-20180724","[1390837, 1390870, 1361367]"
"CBN-Pla-F4-20180816","[1412857, 1395807, 1396253]"
"CBN-Pla-F4-20180906","[1412857, 1742053, 1396253]"
"CBN-Pla-F4-20190723","[1396253, 1412857, 1395085]"
"CBN-Pla-F4-20190814","[1412857, 1396253, 1395807]"
"CBN-Pla-F4-20200630","[1647156, 1399082, 1400017]"
"CBN-Pla-F4-20200723","[1412857, 1742053, 1741624]"
"CBN-Pla-F4-20200814","[1412857, 1744479, 1742053]"
"CBN-Pla-F5-20130808","[1396144, 1396253, 1397491]"
"CBN-Pla-F5-20130904","[1396253, 1396843, 1392293]"
"CBN-Pla-F5-20140722","[1396253, 1392241, 1395949]"
"CBN-Pla-F5-20140902","[1396253, 1400176, 1396843]"
"CBN-Pla-F5-20150702","[1396253, 1396843, 1394311]"
"CBN-Pla-F5-20150723","[1396253, 1396843, 1361141]"
"CBN-Pla-F5-20150811","[1396253, 1396843, 1743471]"
"CBN-Pla-F5-20150901","[1396253, 1396843, 1393567]"
"CBN-Pla-F5-20160707","[1396253, 1392293, 1743474]"
"CBN-Pla-F5-20160728","[1396253, 1697384, 1394311]"
"CBN-Pla-F5-20180724","[1358099, 1394596, 1388915]"
"CBN-Pla-F5-20180816","[1397043, 1396253, 1397049]"
"CBN-Pla-F5-20180906","[1397043, 1396253, 1395807]"
"CBN-Pla-F5-20190723","[1396253, 1395807, 1400176]"
"CBN-Pla-F5-20190814","[1396253, 1397043, 1400176]"
"CBN-Pla-F5-20200723","[1396253, 1400176, 1397043]"
"CBN-Pla-F5-20200814","[1396253, 1400176, 1394542]"
"CBN-Pla-F6-20130808","[1396253, 1396843, 1395807]"
"CBN-Pla-F6-20130904","[1396843, 1396253, 1392241]"
"CBN-Pla-F6-20140722","[1396253, 1397376, 1359952]"
"CBN-Pla-F6-20140902","[1362482, 1396253, 1395807]"
"CBN-Pla-F6-20150702","[1396253, 1396843, 1651363]"
"CBN-Pla-F6-20150723","[1396843, 1396253, 1397043]"
"CBN-Pla-F6-20150811","[1396843, 1396253, 1397106]"
"CBN-Pla-F6-20150901","[1396253, 1396843, 1394311]"
"CBN-Pla-F6-20160707","[1396253, 1396843, 1395807]"
"CBN-Pla-F6-20160728","[1396253, 1397043, 1397465]"
"CBN-Pla-F6-20180724","[1396253, 1390837, 1394865]"
"CBN-Pla-F6-20180816","[1396253, 1364066, 1395807]"
"CBN-Pla-F6-20180906","[1396253, 1397043, 1396843]"
"CBN-Pla-F6-20190723","[1396144, 1396253, 1396843]"
"CBN-Pla-F6-20190814","[1397043, 1396253, 1397046]"
"CBN-Pla-F6-20200723","[1396253, 1397043, 1397049]"
"CBN-Pla-F6-20200814","[1396253, 1396144, 1397043]"
"CBN-Pyr-01-20230706","[1396843, 1362442, 1359508]"
"CBN-Pyr-03-20230706","[1397512, 1395973, 1396015]"
"CBN-can-A1-20230705","[1392608, 1395807, 1742053]"
"CBN-can-A2-20230705","[1393200, 1392186, 1395807]"
"CBN-can-A3-20230705","[1393200, 1392608, 1396144]"
"CBN-can-A5-20230705","[1397475, 1395807, 1396253]"
"CBN-can-A6-20230705","[1393200, 1397475, 1400101]"
"CBN-can-B1-20230705","[1392608, 1412857, 1360299]"
"CBN-can-B2-20230705","[1392608, 1400101, 1392611]"
"CBN-can-B3-20230705","[1393200, 1396144, 1395807]"
"CBN-can-B4-20230705","[1397475, 1393200, 1362050]"
"CBN-can-B5-20230705","[1392535, 1397475, 1392534]"
"CBN-can-B6-20230705","[1393679, 1397475, 1393200]"
"CBN-can-C1-20230705","[1396253, 1393200, 1391312]"
"CBN-can-C2-20230705","[1395807, 1393200, 1364066]"
"CBN-can-C3-20230705","[1392608, 1396253, 1395807]"
"CBN-can-C4-20230705","[1393200, 1395807, 1396253]"
"CBN-can-D1-20230705","[1396253, 1395807, 1392241]"
"CBN-can-D2-20230705","[1396253, 1395807, 1412857]"
"CBN-can-D3-20230705","[1413349, 1396253, 1391092]"
"CBN-can-D4-20230705","[1395807, 1400101, 1396253]"
"CBN-can-E1-20230706","[1392608, 1392612, 1396253]"
"CBN-can-E2-20230706","[1395807, 1393584, 1393619]"
"CBN-can-E3-20230706","[1392535, 1392534, 1396253]"
"CBN-can-E4-20230706","[1397430, 1395807, 1396253]"
"CBN-can-E5-20230706","[1392608, 1393200, 1390793]"
"CBN-can-E6-20230706","[1392535, 1392534, 1396843]"
"CBN-can-F1-20230705","[1392534, 1392535, 1396253]"
"CBN-can-F2-20230706","[1395807, 1396144, 1396253]"
"CBN-can-F3-20230706","[1395807, 1412857, 1392608]"
"CBN-can-F4-20230706","[1392608, 1397430, 1361592]"
"CBN-can-F5-20230706","[1392608, 1396253, 1360299]"
"GUARDEN-AMB-CF04-1-10-20240325","[1359344, 1393770, 1363302]"
"GUARDEN-AMB-CF04-1-5-20240325","[1363302, 1363882, 1359344]"
"GUARDEN-AMB-CF21-1-1-20240326","[1388812, 1363302, 1357589]"
"GUARDEN-AMB-CF21-1-10-20240326","[1363302, 1744602, 1479220]"
"GUARDEN-AMB-CF21-1-2-20240326","[1358203, 1363302, 1360719]"
"GUARDEN-AMB-CF21-1-3-20240326","[1359344, 1360719, 1363302]"
"GUARDEN-AMB-CF21-1-4-20240326","[1359344, 1360978, 1363302]"
"GUARDEN-AMB-CF21-1-5-20240326","[1359344, 1359297, 1393770]"
"GUARDEN-AMB-CF21-1-6-20240326","[1359344, 1744602, 1359297]"
"GUARDEN-AMB-CF21-1-7-20240326","[1744602, 1363302, 1738652]"
"GUARDEN-AMB-CF21-1-8-20240326","[1359344, 1363302, 1744602]"
"GUARDEN-AMB-CF21-1-9-20240326","[1399739, 1744602, 1357129]"
"GUARDEN-AMB-GV04-1-3-20240326","[1359297, 1359344, 1359298]"
"GUARDEN-AMB-GV04-1-4-20240326","[1359297, 1359344, 1359298]"
"GUARDEN-AMB-GV04-1-5-20240326","[1359297, 1359298, 1359344]"
"GUARDEN-AMB-GV04-1-6-20240326","[1359297, 1359298, 1359344]"
"GUARDEN-AMB-GV04-1-7-20240326","[1359297, 1359298, 1363882]"
"GUARDEN-AMB-PR13-1-10-20240417","[1359297, 1359298, 1721018]"
"GUARDEN-AMB-PR13-1-2-20240417","[1721018, 1360701, 1722578]"
"GUARDEN-AMB-PR13-1-3-20240417","[1360701, 1721018, 1359297]"
"GUARDEN-AMB-PR13-1-4-20240417","[1721018, 1364037, 1360381]"
"GUARDEN-AMB-PR13-1-8-20240417","[1359344, 1359297, 1721018]"
"GUARDEN-AMB-PR20-1-1-20240424","[1722441, 1393522, 1722433]"
"GUARDEN-AMB-PR20-1-10-20240424","[1359297, 1359344, 1359298]"
"GUARDEN-AMB-PR20-1-8-20240424","[1359344, 1359297, 1359298]"
"GUARDEN-AMB-SA03-1-1-20240626","[1359344, 1359297, 1722441]"
"GUARDEN-AMB-SA03-1-10-20240626","[1356333, 1361732, 1356045]"
"GUARDEN-AMB-SA03-1-2-20240626","[1359344, 1359298, 1722441]"
"GUARDEN-AMB-SA03-1-3-20240626","[1359344, 1358203, 1743249]"
"GUARDEN-AMB-SA03-1-4-20240626","[1359344, 1359424, 1360978]"
"GUARDEN-AMB-SA03-1-5-20240626","[1359344, 1359424, 1359432]"
"GUARDEN-AMB-SA03-1-9-20240626","[1356905, 1359297, 1356333]"
"GUARDEN-AMB-VC03-1-3-20240417","[1359344, 1356905, 1394421]"
"GUARDEN-AMB-VC03-1-4-20240417","[1356905, 1359344, 1359297]"
"GUARDEN-AMB-VC03-1-5-20240417","[1356905, 1359297, 1359298]"
"GUARDEN-AMB-VC03-1-6-20240417","[1359344, 1356905, 1359297]"
"GUARDEN-CBNMed-10-1-16-34-20240429","[1358503, 1722409, 1392024]"
"GUARDEN-CBNMed-10-10-17-19-20240429","[1358613, 1548487, 1548459]"
"GUARDEN-CBNMed-10-5-16-55-20240429","[1357111, 1356785, 1358503]"
"GUARDEN-CBNMed-10-6-17-02-20240429","[1356785, 1358613, 1357111]"
"GUARDEN-CBNMed-10-7-17-05-20240429","[1357111, 1358613, 1358884]"
"GUARDEN-CBNMed-10-8-17-11-20240429","[1358613, 1548487, 1743916]"
"GUARDEN-CBNMed-10-9-17-16-20240429","[1358613, 1358503, 1360595]"
"GUARDEN-CBNMed-14-3-9-45-20240429","[1359676, 1359662, 1356728]"
"GUARDEN-CBNMed-14-4-9-49-20240429","[1359676, 1744361, 1359161]"
"GUARDEN-CBNMed-14-9-10-09-20240429","[1359676, 1359677, 1359678]"
"GUARDEN-CBNMed-15-10-12-17-20240429","[1363413, 1361357, 1363468]"
"GUARDEN-CBNMed-15-5-11-44-20240429","[1364171, 1357351, 1356013]"
"GUARDEN-CBNMed-15-7-12-02-20240429","[1361190, 1359676, 1364171]"
"GUARDEN-CBNMed-15-9-12-15-20240429","[1363413, 1361190, 1363468]"
"GUARDEN-CBNMed-16-1-13-37-20240429","[1388990, 1356108, 1492564]"
"GUARDEN-CBNMed-16-10-14-33-20240429","[1722409, 1744347, 1743965]"
"GUARDEN-CBNMed-16-2-13-45-20240429","[1743966, 1743965, 1388990]"
"GUARDEN-CBNMed-16-3-13-51-20240429","[1358572, 1743965, 1722409]"
"GUARDEN-CBNMed-16-4-13-57-20240429","[1722409, 1363707, 1564354]"
"GUARDEN-CBNMed-16-6-14-07-20240429","[1722409, 1743989, 1359548]"
"GUARDEN-CBNMed-16-7-14-1-20240429","[1722409, 1357566, 1363707]"
"GUARDEN-CBNMed-16-8-14-14-20240429","[1360999, 1722409, 1392516]"
"GUARDEN-CBNMed-17-3-10-56-20240429","[1361106, 1360385, 1363292]"
"GUARDEN-CBNMed-17-5-11-2-20240429","[1363212, 1361106, 1361088]"
"GUARDEN-CBNMed-19-1-15-24-20240429","[1357743, 1357293, 1363731]"
"GUARDEN-CBNMed-19-10-16-02-20240429","[1728575, 1356323, 1361926]"
"GUARDEN-CBNMed-19-2-15-31-20240429","[1363413, 1400017, 1363409]"
"GUARDEN-CBNMed-19-3-15-35-20240429","[1359521, 1389369, 1363467]"
"GUARDEN-CBNMed-19-4-15-39-20240429","[1358477, 1358459, 1359521]"
"GUARDEN-CBNMed-19-5-15-44-20240429","[1359521, 1361926, 1363738]"
"GUARDEN-CBNMed-19-6-15-48-20240429","[1363413, 1743313, 1743256]"
"GUARDEN-CBNMed-19-7-15-51-20240429","[1400017, 1361655, 1359823]"
"GUARDEN-CBNMed-19-8-15-53-20240429","[1359521, 1358654, 1425238]"
"GUARDEN-CBNMed-19-9-15-58-20240429","[1492665, 1492564, 1400151]"
"GUARDEN-CBNMed-20-1-9-35-20240428","[1360443, 1360999, 1364040]"
"GUARDEN-CBNMed-20-10-10-31-20240428","[1357122, 1357114, 1744033]"
"GUARDEN-CBNMed-20-8-10-19-20240428","[1360999, 1397376, 1363053]"
"GUARDEN-CBNMed-20-9-10-23-20240428","[1360999, 1357114, 1357121]"
"GUARDEN-CBNMed-21-10-11-42-20240428","[1360999, 1357121, 1388990]"
"GUARDEN-CBNMed-21-2-11-07-20240428","[1357122, 1357121, 1357114]"
"GUARDEN-CBNMed-21-3-11-09-20240428","[1357122, 1393365, 1357121]"
"GUARDEN-CBNMed-21-6-11-17-20240428","[1357122, 1357114, 1357117]"
"GUARDEN-CBNMed-21-8-11-23-20240428","[1357122, 1357121, 1495485]"
"GUARDEN-CBNMed-21-9-11-32-20240428","[1388990, 1492564, 1356108]"
"GUARDEN-CBNMed-22-1-13-39-20240428","[1360054, 1722625, 1360026]"
"GUARDEN-CBNMed-22-10-14-48-20240428","[1360006, 1393574, 1743297]"
"GUARDEN-CBNMed-22-2-14-05-20240428","[1722522, 1393574, 1722625]"
"GUARDEN-CBNMed-22-5-14-21-20240428","[1722521, 1738887, 1389328]"
"GUARDEN-CBNMed-22-6-14-23-20240428","[1722625, 1722522, 1722521]"
"GUARDEN-CBNMed-22-7-14-25-20240428","[1722522, 1722521, 1722625]"
"GUARDEN-CBNMed-22-9-14-42-20240428","[1722625, 1722521, 1738887]"
"GUARDEN-CBNMed-23-1-9-56-20240428","[1360999, 1393574, 1399771]"
"GUARDEN-CBNMed-23-10-10-42-20240428","[1564646, 1357114, 1363137]"
"GUARDEN-CBNMed-23-3-10-14-20240428","[1357114, 1392516, 1388990]"
"GUARDEN-CBNMed-23-4-10-17-20240428","[1564646, 1356108, 1388990]"
"GUARDEN-CBNMed-23-5-10-21-20240428","[1360711, 1564646, 1564596]"
"GUARDEN-CBNMed-23-6-10-24-20240428","[1393365, 1359216, 1701525]"
"GUARDEN-CBNMed-23-7-10-28-20240428","[1360999, 1393365, 1492564]"
"GUARDEN-CBNMed-23-8-10-34-20240428","[1743336, 1398815, 1395922]"
"GUARDEN-CBNMed-23-9-10-39-20240428","[1578131, 1578145, 1744504]"
"GUARDEN-CBNMed-24-10-13-06-20240428","[1743889, 1388990, 1394414]"
"GUARDEN-CBNMed-24-2-12-04-20240428","[1357351, 1362462, 1359410]"
"GUARDEN-CBNMed-24-3-12-15-20240428","[1357335, 1357351, 1357338]"
"GUARDEN-CBNMed-24-5-12-36-20240428","[1357351, 1360706, 1357550]"
"GUARDEN-CBNMed-24-6-12-46-20240428","[1357351, 1360711, 1396956]"
"GUARDEN-CBNMed-24-7-12-54-20240428","[1360711, 1360716, 1360709]"
"GUARDEN-CBNMed-24-8-14-58-20240428","[1357351, 1357338, 1357335]"
"GUARDEN-CBNMed-24-9-13-02-20240428","[1396956, 1388990, 1399553]"
"GUARDEN-CBNMed-25-1-13-52-20240428","[1394527, 1742109, 1561314]"
"GUARDEN-CBNMed-25-10-14-49-20240428","[1357743, 1394527, 1357981]"
"GUARDEN-CBNMed-25-2-13-57-20240428","[1388990, 1742109, 1394527]"
"GUARDEN-CBNMed-25-3-14-06-20240428","[1394527, 1357815, 1561314]"
"GUARDEN-CBNMed-25-4-14-15-20240428","[1357743, 1394527, 1357293]"
"GUARDEN-CBNMed-25-7-14-28-20240428","[1357981, 1359676, 1742109]"
"GUARDEN-CBNMed-25-8-14-39-20240428","[1357981, 1357743, 1357293]"
"GUARDEN-CBNMed-25-9-14-43-20240428","[1357981, 1742109, 1357815]"
"GUARDEN-CBNMed-26-10-10-01-20240428","[1359344, 1359297, 1359088]"
"GUARDEN-CBNMed-26-6-9-34-20240428","[1738652, 1362333, 1358380]"
"GUARDEN-CBNMed-26-8-9-45-20240428","[1359344, 1359297, 1363733]"
"GUARDEN-CBNMed-26-9-9-48-20240428","[1359344, 1359297, 1359298]"
"GUARDEN-CBNMed-27-1-11-17-20240428","[1393547, 1393567, 1360059]"
"GUARDEN-CBNMed-27-10-11-55-20240428","[1743977, 1360054, 1393574]"
"GUARDEN-CBNMed-27-2-11-32-20240428","[1744019, 1393574, 1393571]"
"GUARDEN-CBNMed-27-3-11-36-20240428","[1722625, 1722522, 1722521]"
"GUARDEN-CBNMed-27-4-11-39-20240428","[1722522, 1393574, 1722625]"
"GUARDEN-CBNMed-27-5-11-4-20240428","[1722522, 1722625, 1722521]"
"GUARDEN-CBNMed-27-6-11-42-20240428","[1449488, 1744340, 1722625]"
"GUARDEN-CBNMed-27-7-11-43-20240428","[1722522, 1722625, 1722521]"
"GUARDEN-CBNMed-27-8-11-45-20240428","[1393574, 1743297, 1449488]"
"GUARDEN-CBNMed-27-9-11-47-20240428","[1360054, 1393569, 1360009]"
"GUARDEN-CBNMed-28-1-12-46-20240428","[1722522, 1722521, 1722625]"
"GUARDEN-CBNMed-28-10-13-23-20240428","[1357705, 1393571, 1393568]"
"GUARDEN-CBNMed-28-2-12-48-20240428","[1722625, 1744365, 1722522]"
"GUARDEN-CBNMed-28-3-12-51-20240428","[1722625, 1738887, 1744365]"
"GUARDEN-CBNMed-28-4-12-52-20240428","[1357705, 1360026, 1360054]"
"GUARDEN-CBNMed-28-5-13-02-20240428","[1360054, 1360026, 1743977]"
"GUARDEN-CBNMed-28-6-13-06-20240428","[1357705, 1393568, 1393574]"
"GUARDEN-CBNMed-28-7-13-11-20240428","[1357705, 1393574, 1722625]"
"GUARDEN-CBNMed-28-8-13-14-20240428","[1357705, 1393574, 1391750]"
"GUARDEN-CBNMed-28-9-13-17-20240428","[1722625, 1722522, 1357705]"
"GUARDEN-CBNMed-29-6-14-31-20240428","[1357227, 1360719, 1359344]"
"GUARDEN-CBNMed-29-7-14-34-20240428","[1360719, 1360701, 1391491]"
"GUARDEN-CBNMed-30-1-16-07-20240428","[1393770, 1359356, 1581618]"
"GUARDEN-CBNMed-30-10-16-41-20240428","[1357227, 1359344, 1391491]"
"GUARDEN-CBNMed-30-2-16-23-20240428","[1357227, 1359344, 1394664]"
"GUARDEN-CBNMed-30-4-16-3-20240428","[1357227, 1357236, 1394664]"
"GUARDEN-CBNMed-30-6-16-34-20240428","[1357227, 1359344, 1394664]"
"GUARDEN-CBNMed-30-7-16-35-20240428","[1357227, 1394664, 1359344]"
"GUARDEN-CBNMed-30-8-16-37-20240428","[1357227, 1359344, 1357236]"
"GUARDEN-CBNMed-30-9-16-4-20240428","[1357227, 1357236, 1359344]"
"GUARDEN-CBNMed-31-1-9-37-20240428","[1393770, 1359952, 1359965]"
"GUARDEN-CBNMed-31-10-10-06-20240428","[1414353, 1722578, 1393770]"
"GUARDEN-CBNMed-31-2-9-4-20240428","[1355977, 1363433, 1393770]"
"GUARDEN-CBNMed-31-3-9-44-20240428","[1393770, 1564441, 1393771]"
"GUARDEN-CBNMed-31-4-9-48-20240428","[1357227, 1396726, 1564441]"
"GUARDEN-CBNMed-31-5-9-51-20240428","[1564441, 1393770, 1396726]"
"GUARDEN-CBNMed-31-6-9-54-20240428","[1396726, 1564441, 1393770]"
"GUARDEN-CBNMed-31-7-9-56-20240428","[1722578, 1393770, 1363882]"
"GUARDEN-CBNMed-31-8-10-20240428","[1396726, 1564441, 1564370]"
"GUARDEN-CBNMed-31-9-10-02-20240428","[1357227, 1393770, 1722578]"
"GUARDEN-CBNMed-32-1-11-46-20240428","[1396726, 1357630, 1564441]"
"GUARDEN-CBNMed-32-10-13-12-20240428","[1359952, 1393770, 1396726]"
"GUARDEN-CBNMed-32-2-11-58-20240428","[1396726, 1564441, 1359952]"
"GUARDEN-CBNMed-32-3-12-01-20240428","[1564441, 1396726, 1359009]"
"GUARDEN-CBNMed-32-4-12-12-20240428","[1396726, 1564441, 1358968]"
"GUARDEN-CBNMed-32-9-13-07-20240428","[1359952, 1393770, 1359965]"
"GUARDEN-CBNMed-33-1-14-48-20240428","[1357630, 1493539, 1392725]"
"GUARDEN-CBNMed-33-10-15-59-20240428","[1357401, 1363882, 1502682]"
"GUARDEN-CBNMed-33-2-15-01-20240428","[1357630, 1392725, 1744698]"
"GUARDEN-CBNMed-33-3-15-04-20240428","[1357630, 1392726, 1392725]"
"GUARDEN-CBNMed-33-4-15-26-20240428","[1742109, 1357630, 1742400]"
"GUARDEN-CBNMed-33-5-15-29-20240428","[1357630, 1742109, 1392725]"
"GUARDEN-CBNMed-33-6-15-36-20240428","[1357630, 1392725, 1397398]"
"GUARDEN-CBNMed-33-7-15-43-20240428","[1357401, 1357630, 1357023]"
"GUARDEN-CBNMed-33-8-15-5-20240428","[1357630, 1392725, 1397398]"
"GUARDEN-CBNMed-33-9-15-56-20240428","[1357630, 1393770, 1363882]"
"GUARDEN-CBNMed-38-1-12-58-20240428","[1360711, 1395169, 1360709]"
"GUARDEN-CBNMed-38-4-14-39-20240428","[1360711, 1395162, 1743588]"
"GUARDEN-CBNMed-38-6-15-04-20240428","[1360711, 1743588, 1395169]"
"GUARDEN-CBNMed-39-10-12-02-20240531","[1360711, 1358671, 1360709]"
"GUARDEN-CBNMed-39-7-11-3-20240531","[1360711, 1360709, 1392731]"
"GUARDEN-CBNMed-39-8-11-39-20240531","[1363452, 1358625, 1360711]"
"GUARDEN-CBNMed-39-9-11-5-20240531","[1359591, 1357945, 1362307]"
"GUARDEN-CBNMed-44-7-12-03-20240629","[1392059, 1358501, 1361073]"
"GUARDEN-CBNMed-5-1-12-38-20240430","[1414366, 1363490, 1363407]"
"GUARDEN-CBNMed-5-10-13-32-20240430","[1414366, 1361058, 1356007]"
"GUARDEN-CBNMed-5-2-12-45-20240430","[1414366, 1720971, 1414353]"
"GUARDEN-CBNMed-5-3-12-56-20240430","[1414366, 1363446, 1363508]"
"GUARDEN-CBNMed-5-4-13-20240430","[1414366, 1363490, 1363497]"
"GUARDEN-CBNMed-5-5-13-04-20240430","[1363501, 1362325, 1363490]"
"GUARDEN-CBNMed-5-6-13-07-20240430","[1414366, 1414353, 1422217]"
"GUARDEN-CBNMed-5-7-13-17-20240430","[1414366, 1363501, 1414353]"
"GUARDEN-CBNMed-5-8-13-22-20240430","[1414366, 1363459, 1363458]"
"GUARDEN-CBNMed-5-9-13-27-20240430","[1396638, 1363490, 1363543]"
"GUARDEN-CBNMed-6-9-15-28-20240430","[1360399, 1359431, 1363461]"
"GUARDEN-CBNMed-8-10-12-59-20240429","[1358613, 1743916, 1743448]"
"GUARDEN-CBNMed-8-4-12-33-20240429","[1722409, 1359460, 1587724]"
"GUARDEN-CBNMed-8-8-12-51-20240429","[1361000, 1359548, 1743965]"
"GUARDEN-CBNMed-8-9-12-56-20240429","[1361000, 1358613, 1577392]"
"GUARDEN-CBNMed-9-10-16-16-20240429","[1358613, 1577392, 1744002]"
"GUARDEN-CBNMed-9-2-15-46-20240429","[1358511, 1392023, 1358509]"
"GUARDEN-CBNMed-9-6-16-04-20240429","[1358613, 1743916, 1548487]"
"GUARDEN-CBNMed-9-7-16-06-20240429","[1358613, 1743916, 1359161]"
"GUARDEN-CBNMed-9-8-16-08-20240429","[1358613, 1743916, 1396186]"
"GUARDEN-CBNMed-9-9-16-14-20240429","[1358613, 1360701, 1502610]"
"LISAH-BOU-0-10-20230523","[1356013, 1363835, 1355881]"
"LISAH-BOU-0-101-20240425","[1425238, 1363731, 1390637]"
"LISAH-BOU-0-104-20240502","[1356397, 1360385, 1356276]"
"LISAH-BOU-0-105-20240502","[1356397, 1356276, 1356464]"
"LISAH-BOU-0-108-20240502","[1359772, 1392384, 1359778]"
"LISAH-BOU-0-109-20240502","[1359772, 1355990, 1360385]"
"LISAH-BOU-0-110-20240502","[1360385, 1356397, 1360420]"
"LISAH-BOU-0-111-20240502","[1359792, 1356276, 1360385]"
"LISAH-BOU-0-113-20240502","[1356013, 1356276, 1392594]"
"LISAH-BOU-0-114-20240502","[1360385, 1355908, 1360420]"
"LISAH-BOU-0-117-20240502","[1356013, 1364100, 1364171]"
"LISAH-BOU-0-118-20240502","[1356013, 1360385, 1356276]"
"LISAH-BOU-0-14-20230511","[1361190, 1363468, 1363467]"
"LISAH-BOU-0-15-20230511","[1356013, 1364006, 1362525]"
"LISAH-BOU-0-153-20240502","[1355881, 1357351, 1357338]"
"LISAH-BOU-0-154-20240502","[1356013, 1357351, 1390637]"
"LISAH-BOU-0-157-20240502","[1356013, 1355964, 1358643]"
"LISAH-BOU-0-16-20230511","[1363835, 1452750, 1360931]"
"LISAH-BOU-0-160-20240502","[1356013, 1357347, 1358643]"
"LISAH-BOU-0-163-20240502","[1358643, 1363944, 1390637]"
"LISAH-BOU-0-164-20240502","[1356013, 1390637, 1358643]"
"LISAH-BOU-0-165-20240502","[1356013, 1392594, 1356008]"
"LISAH-BOU-0-167-20240502","[1363731, 1361844, 1359639]"
"LISAH-BOU-0-168-20240502","[1363731, 1359639, 1361307]"
"LISAH-BOU-0-170-20240502","[1363731, 1355994, 1392594]"
"LISAH-BOU-0-171-20240502","[1358654, 1363731, 1355881]"
"LISAH-BOU-0-172-20240502","[1363731, 1356013, 1425238]"
"LISAH-BOU-0-173-20240502","[1358654, 1363731, 1357351]"
"LISAH-BOU-0-174-20240502","[1425238, 1363731, 1359342]"
"LISAH-BOU-0-175-20240502","[1425238, 1363731, 1363734]"
"LISAH-BOU-0-183-20240502","[1363731, 1363944, 1364170]"
"LISAH-BOU-0-187-20240502","[1363734, 1363731, 1361307]"
"LISAH-BOU-0-191-20240502","[1359268, 1358654, 1425238]"
"LISAH-BOU-0-2-20240425","[1356697, 1356276, 1363993]"
"LISAH-BOU-0-24-20230512","[1361000, 1360385, 1363801]"
"LISAH-BOU-0-24-20240425","[1356013, 1360614, 1393910]"
"LISAH-BOU-0-25-20230512","[1397356, 1360385, 1356012]"
"LISAH-BOU-0-25-20230711","[1360825, 1356397, 1360826]"
"LISAH-BOU-0-28-20240425","[1361000, 1360385, 1744344]"
"LISAH-BOU-0-29-20230523","[1356013, 1422217, 1397356]"
"LISAH-BOU-0-29-20230621","[1363212, 1360816, 1397356]"
"LISAH-BOU-0-29-20240425","[1361000, 1397356, 1360385]"
"LISAH-BOU-0-3-20230721","[1363212, 1492564, 1355941]"
"LISAH-BOU-0-30-20230512","[1356012, 1356017, 1389311]"
"LISAH-BOU-0-30-20240425","[1356013, 1361000, 1389311]"
"LISAH-BOU-0-31-20230919","[1711781, 1743300, 1722433]"
"LISAH-BOU-0-31-20240425","[1356013, 1356012, 1397356]"
"LISAH-BOU-0-32-20230516","[1390879, 1361072, 1360614]"
"LISAH-BOU-0-32-20240425","[1356012, 1355964, 1361000]"
"LISAH-BOU-0-34-20230516","[1650228, 1390879, 1650353]"
"LISAH-BOU-0-35-20240425","[1356012, 1356017, 1397356]"
"LISAH-BOU-0-36-20240425","[1391113, 1356012, 1356013]"
"LISAH-BOU-0-37-20230512","[1397356, 1360358, 1360614]"
"LISAH-BOU-0-37-20240425","[1356012, 1361000, 1356017]"
"LISAH-BOU-0-38-20230516","[1356013, 1363805, 1390879]"
"LISAH-BOU-0-39-20230512","[1397356, 1361000, 1363212]"
"LISAH-BOU-0-4-20230511","[1356013, 1363213, 1357351]"
"LISAH-BOU-0-4-20230711","[1364006, 1356397, 1389311]"
"LISAH-BOU-0-4-20240425","[1356013, 1356008, 1358654]"
"LISAH-BOU-0-40-20230512","[1391113, 1361000, 1397356]"
"LISAH-BOU-0-40-20240425","[1361000, 1397356, 1363212]"
"LISAH-BOU-0-41-20230512","[1397356, 1414365, 1414366]"
"LISAH-BOU-0-42-20230511","[1356013, 1392594, 1356008]"
"LISAH-BOU-0-43-20230512","[1356013, 1363835, 1397356]"
"LISAH-BOU-0-44-20240425","[1355908, 1392040, 1359639]"
"LISAH-BOU-0-5-20230512","[1356276, 1722433, 1357351]"
"LISAH-BOU-0-5-20230711","[1408867, 1389311, 1356397]"
"LISAH-BOU-0-50-20230512","[1356013, 1361307, 1356286]"
"LISAH-BOU-0-52-20230512","[1358654, 1356008, 1425238]"
"LISAH-BOU-0-54-20230512","[1392699, 1425172, 1363454]"
"LISAH-BOU-0-55-20230512","[1356008, 1359639, 1363947]"
"LISAH-BOU-0-56-20230512","[1358654, 1361307, 1359639]"
"LISAH-BOU-0-58-20230512","[1361307, 1356286, 1358654]"
"LISAH-BOU-0-6-20240425","[1356395, 1356397, 1722433]"
"LISAH-BOU-0-63-20230512","[1358257, 1390637, 1400016]"
"LISAH-BOU-0-65-20230512","[1359639, 1356008, 1359356]"
"LISAH-BOU-0-75-20230516","[1356013, 1414366, 1360385]"
"LISAH-BOU-0-79-20230512","[1425238, 1359488, 1361307]"
"LISAH-BOU-0-8-20240425","[1358347, 1355881, 1357351]"
"LISAH-BOU-0-84-20230512","[1425238, 1393770, 1363791]"
"LISAH-BOU-0-9-20240425","[1414366, 1356397, 1356395]"
"LISAH-BOU-0-98-20240425","[1425238, 1359442, 1363731]"
"LISAH-BVD-0-100-20230510","[1356286, 1361307, 1414366]"
"LISAH-BVD-0-101-20230510","[1361155, 1356066, 1362406]"
"LISAH-BVD-0-152-20230511","[1363638, 1394360, 1360910]"
"LISAH-BVD-0-155-20230511","[1363213, 1364063, 1356871]"
"LISAH-BVD-0-158-20230511","[1356066, 1363740, 1364065]"
"LISAH-BVD-0-191-20230511","[1364065, 1390967, 1363455]"
"LISAH-BVD-0-192-20230511","[1414366, 1363459, 1355869]"
"LISAH-BVD-0-195-20230511","[1363740, 1363455, 1718548]"
"LISAH-BVD-0-196-20230511","[1363740, 1356278, 1425584]"
"LISAH-BVD-0-197-20230511","[1363993, 1356066, 1363798]"
"LISAH-BVD-0-200-20230511","[1363740, 1359333, 1363993]"
"LISAH-BVD-0-203-20230511","[1363739, 1363740, 1356278]"
"LISAH-BVD-0-205-20230511","[1363740, 1359333, 1363455]"
"LISAH-BVD-0-206-20230511","[1363740, 1356278, 1362023]"
"LISAH-BVD-0-208-20230511","[1361245, 1362023, 1356278]"
"LISAH-BVD-0-209-20230511","[1391596, 1363740, 1356066]"
"LISAH-BVD-0-25-20230510","[1356278, 1357875, 1364170]"
"LISAH-BVD-0-275-20230516","[1361307, 1363993, 1364006]"
"LISAH-BVD-0-277-20230516","[1363993, 1361307, 1414366]"
"LISAH-BVD-0-278-20230516","[1363993, 1360304, 1360307]"
"LISAH-BVD-0-281-20230516","[1363993, 1360304, 1361190]"
"LISAH-BVD-0-282-20230516","[1407739, 1363993, 1414366]"
"LISAH-BVD-0-283-20230516","[1363993, 1360304, 1389597]"
"LISAH-BVD-0-285-20230516","[1361307, 1363993, 1414366]"
"LISAH-BVD-0-287-20230516","[1361307, 1414366, 1363455]"
"LISAH-BVD-0-288-20230516","[1363993, 1363458, 1363468]"
"LISAH-BVD-0-292-20230516","[1363993, 1360304, 1390967]"
"LISAH-BVD-0-293-20230516","[1363993, 1407739, 1363459]"
"LISAH-BVD-0-294-20230516","[1363993, 1356286, 1363403]"
"LISAH-BVD-0-295-20230516","[1363993, 1363798, 1356321]"
"LISAH-BVD-0-296-20230516","[1363993, 1394592, 1397387]"
"LISAH-BVD-0-297-20230516","[1363993, 1363740, 1363735]"
"LISAH-BVD-0-298-20230516","[1407739, 1363993, 1390967]"
"LISAH-BVD-0-299-20230516","[1363993, 1363740, 1363731]"
"LISAH-BVD-0-300-20230516","[1363993, 1414366, 1407739]"
"LISAH-BVD-0-301-20230516","[1363993, 1407739, 1414366]"
"LISAH-BVD-0-302-20230516","[1363993, 1394592, 1359622]"
"LISAH-BVD-0-309-20230516","[1363993, 1360304, 1394848]"
"LISAH-BVD-0-310-20230516","[1363993, 1414366, 1360304]"
"LISAH-BVD-0-337-20230516","[1356286, 1361307, 1364006]"
"LISAH-BVD-0-338-20230516","[1356286, 1361307, 1364006]"
"LISAH-BVD-0-339-20230516","[1414366, 1356286, 1364006]"
"LISAH-BVD-0-341-20230516","[1356286, 1364006, 1722432]"
"LISAH-BVD-0-342-20230516","[1356286, 1364006, 1722432]"
"LISAH-BVD-0-343-20230516","[1356286, 1363213, 1364006]"
"LISAH-BVD-0-344-20230516","[1356286, 1364006, 1720971]"
"LISAH-BVD-0-345-20230516","[1356286, 1364006, 1356066]"
"LISAH-BVD-0-346-20230516","[1356286, 1364006, 1361245]"
"LISAH-BVD-0-347-20230516","[1356286, 1364006, 1363460]"
"LISAH-BVD-0-348-20230516","[1356286, 1357875, 1390967]"
"LISAH-BVD-0-349-20230516","[1356286, 1722432, 1363798]"
"LISAH-BVD-0-35-20230510","[1363455, 1364065, 1396446]"
"LISAH-BVD-0-350-20230516","[1356286, 1357635, 1364006]"
"LISAH-BVD-0-351-20230516","[1364006, 1363798, 1356286]"
"LISAH-BVD-0-352-20230516","[1356286, 1364006, 1361190]"
"LISAH-BVD-0-353-20230516","[1356286, 1391337, 1361190]"
"LISAH-BVD-0-354-20230516","[1364006, 1357635, 1363467]"
"LISAH-BVD-0-364-20230516","[1361307, 1364173, 1359639]"
"LISAH-BVD-0-372-20230516","[1361307, 1359495, 1359525]"
"LISAH-BVD-0-379-20230516","[1361307, 1364006, 1361306]"
"LISAH-BVD-0-380-20230516","[1361307, 1360120, 1364006]"
"LISAH-BVD-0-383-20230516","[1422217, 1363475, 1422218]"
"LISAH-BVD-0-392-20230516","[1364006, 1363740, 1355936]"
"LISAH-BVD-0-397-20230517","[1414366, 1422217, 1364160]"
"LISAH-BVD-0-398-20230517","[1360860, 1363740, 1414366]"
"LISAH-BVD-0-412-20230517","[1360860, 1357697, 1414353]"
"LISAH-BVD-0-417-20230517","[1361307, 1356286, 1363740]"
"LISAH-BVD-0-428-20230517","[1356286, 1361307, 1357875]"
"LISAH-BVD-0-430-20230517","[1356286, 1364006, 1363740]"
"LISAH-BVD-0-431-20230517","[1364006, 1363475, 1407739]"
"LISAH-BVD-0-432-20230517","[1356286, 1357635, 1359284]"
"LISAH-BVD-0-463-20230517","[1364065, 1394636, 1356066]"
"LISAH-BVD-0-465-20230517","[1364065, 1356066, 1363555]"
"LISAH-BVD-0-471-20230517","[1356286, 1407739, 1356066]"
"LISAH-BVD-0-54-20230510","[1722501, 1356314, 1359639]"
"LISAH-BVD-0-99-20230510","[1407739, 1363731, 1356286]"
"LISAH-JAS-0-1-20220505","[1357546, 1357526, 1357702]"
"LISAH-JAS-0-11-20220505","[1357875, 1359519, 1743544]"
"LISAH-JAS-0-12-20220505","[1359519, 1359860, 1363731]"
"LISAH-JAS-0-13-20220505","[1359519, 1363739, 1356084]"
"LISAH-JAS-0-15-20220505","[1359519, 1422217, 1356084]"
"LISAH-JAS-0-16-20220505","[1359519, 1363878, 1356278]"
"LISAH-JAS-0-17-20220505","[1362236, 1363731, 1356084]"
"LISAH-JAS-0-2-20220505","[1356111, 1364065, 1356084]"
"LISAH-JAS-0-6-20220505","[1359519, 1364138, 1356084]"
"LISAH-JAS-0-7-20220505","[1364138, 1356084, 1359519]"
"LISAH-JAS-0-9-20220505","[1359519, 1357546, 1355870]"
"LISAH-JAS-1-25-20220505","[1363213, 1363467, 1422217]"
"LISAH-JAS-1-27-20220505","[1361307, 1363730, 1359296]"
"LISAH-JAS-1-28-20220505","[1363947, 1363945, 1362898]"
"LISAH-JAS-1-5-20220505","[1357546, 1364065, 1357526]"
"LISAH-PEC-0-0-20220608","[1357945, 1361926, 1502684]"
"LISAH-PEC-0-1-20230411","[1356013, 1358654, 1364138]"
"LISAH-PEC-0-10-20230405","[1363878, 1364138, 1357635]"
"LISAH-PEC-0-11-20230405","[1357635, 1363791, 1364138]"
"LISAH-PEC-0-11-20230411","[1356013, 1363878, 1480138]"
"LISAH-PEC-0-12-20230411","[1356013, 1360437, 1357702]"
"LISAH-PEC-0-13-20230411","[1356013, 1364016, 1664563]"
"LISAH-PEC-0-13-20230413","[1357198, 1356013, 1364151]"
"LISAH-PEC-0-14-20230407","[1363988, 1361000, 1391368]"
"LISAH-PEC-0-15-20230407","[1361000, 1360588, 1358596]"
"LISAH-PEC-0-17-20230413","[1363676, 1396879, 1363674]"
"LISAH-PEC-0-18-20230411","[1356013, 1355964, 1357635]"
"LISAH-PEC-0-19-20230413","[1356013, 1363676, 1359266]"
"LISAH-PEC-0-20-20230411","[1356013, 1363878, 1364138]"
"LISAH-PEC-0-4-20230407","[1360433, 1358946, 1357361]"
"LISAH-PEC-0-4-20230411","[1356013, 1363878, 1550154]"
"LISAH-PEC-0-6-20220608","[1357401, 1744673, 1502795]"
"LISAH-PEC-0-6-20230411","[1356013, 1363791, 1364138]"
"LISAH-PEC-0-8-20230405","[1363878, 1357425, 1358260]"
"LISAH-PEC-0-9-20230411","[1356013, 1357546, 1550154]"
"LISAH-PEC-0-9-20230413","[1356013, 1357598, 1363676]"
"LISAH-PEC-1-13-20230405","[1363791, 1357635, 1363878]"
"LISAH-PEC-1-18-20230407","[1363878, 1355994, 1743300]"
"LISAH-PEC-2-0-20220609","[1356013, 1364151, 1361307]"
"LISAH-PEC-2-11-20220609","[1356013, 1357351, 1361307]"
"LISAH-PEC-2-17-20230407","[1363878, 1355994, 1361805]"
"LISAH-PEC-2-2-20220609","[1356013, 1356012, 1422217]"
"LISAH-PEC-2-20-20230407","[1356013, 1363878, 1355994]"
"LISAH-PEC-2-4-20220609","[1356013, 1357351, 1357335]"
"LISAH-PEC-2-5-20220609","[1364151, 1357514, 1357351]"
"LISAH-PEC-2-5-20230407","[1356013, 1492109, 1722525]"
"LISAH-PEC-2-6-20220609","[1422217, 1361117, 1356013]"
"LISAH-PEC-3-10-20230407","[1363804, 1363676, 1363805]"
"LISAH-PEC-3-16-20230407","[1363676, 1363804, 1359336]"
"LISAH-PEC-3-20-20230407","[1359279, 1363676, 1356013]"
"OPTMix-0108-P1-312-20231006","[1356404, 1395020, 1358616]"
"OPTMix-0108-P1-422-20231006","[1363593, 1357413, 1741584]"
"OPTMix-0108-P1-427-20231006","[1358612, 1743914, 1356404]"
"OPTMix-0108-P1-533-20231006","[1743914, 1363593, 1357413]"
"OPTMix-0108-P1-95-20231006","[1363593, 1363329, 1363087]"
"OPTMix-012-P1-143-20231201","[1391809, 1357413, 1358616]"
"OPTMix-012-P1-208-20231201","[1419076, 1358612, 1357413]"
"OPTMix-012-P2-192-20231201","[1419076, 1738583, 1363575]"
"OPTMix-012-P2-207-20231201","[1419076, 1360945, 1400084]"
"OPTMix-012-P2-240-20231201","[1356357, 1400084, 1419076]"
"OPTMix-012-P3-190-20231201","[1400084, 1359973, 1363575]"
"OPTMix-012-P3-218-20231201","[1419076, 1357413, 1548458]"
"OPTMix-012-P3-220-20231201","[1358612, 1358616, 1743914]"
"OPTMix-0178-P1-1060-20231006","[1356382, 1356404, 1396752]"
"OPTMix-0178-P1-1061-20231006","[1419915, 1394611, 1361654]"
"OPTMix-0178-P1-552-20231006","[1356404, 1356382, 1391809]"
"OPTMix-0178-P1-661-20231006","[1356404, 1356364, 1356382]"
"OPTMix-0178-P1-663-20231006","[1358612, 1358614, 1419076]"
"OPTMix-0178-P1-669-20231006","[1394611, 1356404, 1400084]"
"OPTMix-0200-11006-20231009","[1393681, 1419076, 1357413]"
"OPTMix-0200-P2-53-20231009","[1358504, 1358507, 1358514]"
"OPTMix-0200-P2-54-20231009","[1393790, 1379532, 1731667]"
"OPTMix-0200-P2-68-20231009","[1358501, 1743336, 1358503]"
"OPTMix-0200-P3-108-20231009","[1356404, 1731667, 1361081]"
"OPTMix-0200-P3-127-20231009","[1356404, 1363593, 1363401]"
"OPTMix-0200-P3-139-20231009","[1363933, 1392764, 1722433]"
"OPTMix-0214-P1-207-20231010","[1358612, 1358616, 1392309]"
"OPTMix-0214-P1-208-20231010","[1400084, 1358612, 1362023]"
"OPTMix-0214-P1-235-20231010","[1358612, 1548153, 1743914]"
"OPTMix-0214-P2-22-20231010","[1358501, 1358703, 1362024]"
"OPTMix-0214-P2-64-20231010","[1358501, 1362385, 1578171]"
"OPTMix-0214-P2-84-20231010","[1419076, 1359973, 1358612]"
"OPTMix-0214-P3-186-20231010","[1744507, 1392521, 1578119]"
"OPTMix-0214-P3-196-20231010","[1419076, 1357413, 1356455]"
"OPTMix-0214-P3-278-20231010","[1390761, 1392059, 1731667]"
"OPTMix-0216-P4-208-20231009","[1358501, 1391809, 1393522]"
"OPTMix-0255-11233-20231009","[1362592, 1399620, 1388990]"
"OPTMix-0255-11372-20231009","[1363593, 1395026, 1419076]"
"OPTMix-0255-11382-20231009","[1502682, 1363593, 1361075]"
"OPTMix-033-P3-107-20231201","[1356404, 1363281, 1361043]"
"OPTMix-0333-P1-107-20231212","[1356404, 1361703, 1391809]"
"OPTMix-0333-P1-112-20231212","[1356404, 1361256, 1396168]"
"OPTMix-0333-P2-108-20231212","[1356404, 1356382, 1356436]"
"OPTMix-0333-P2-112-20231212","[1388770, 1356404, 1388990]"
"OPTMix-0333-P2-115-20231212","[1356404, 1361412, 1388990]"
"OPTMix-0333-P3-100-20231201","[1356404, 1743252, 1738619]"
"OPTMix-0333-P3-76-20231201","[1356404, 1356442, 1396752]"
"OPTMix-057-P1-1699-20231010","[1356382, 1356404, 1358615]"
"OPTMix-057-P1-1901-20231010","[1356382, 1401438, 1391814]"
"OPTMix-057-P1-1902-20231010","[1356404, 1356382, 1391805]"
"OPTMix-057-P1-1913-20231010","[1356404, 1356382, 1492564]"
"OPTMix-057-P1-1917-20231010","[1356404, 1356382, 1396752]"
"OPTMix-0593-P1-129-20231205","[1419076, 1395026, 1358612]"
"OPTMix-0593-P1-134-20231205","[1359973, 1419076, 1400084]"
"OPTMix-0593-P1-86-20231205","[1400084, 1362023, 1390756]"
"OPTMix-0593-P2-180-20231205","[1419076, 1395026, 1357413]"
"OPTMix-0593-P2-84-20231205","[1359274, 1357413, 1419076]"
"OPTMix-0593-P2-92-20231205","[1651162, 1400084, 1392340]"
"OPTMix-0593-P3-130-20231205","[1359973, 1400084, 1419076]"
"OPTMix-0593-P3-146-20231205","[1361077, 1400084, 1390801]"
"OPTMix-0593-P3-87-20231205","[1359973, 1363332, 1357413]"
"OPTMix-0598-P1-118-20231205","[1722433, 1363593, 1650228]"
"OPTMix-0598-P1-132-20231205","[1359973, 1419076, 1357413]"
"OPTMix-0598-P1-133-20231205","[1395026, 1357413, 1548458]"
"OPTMix-0598-P1-149-20231205","[1358616, 1395020, 1419076]"
"OPTMix-0598-P1-197-20231205","[1358501, 1418584, 1738619]"
"OPTMix-0598-P1-198-20231205","[1391809, 1363593, 1400084]"
"OPTMix-0598-P2-102-20231205","[1356404, 1737654, 1397431]"
"OPTMix-0598-P2-139-20231207","[1356404, 1419076, 1356382]"
"OPTMix-0598-P2-86-20231207","[1356790, 1356404, 1356382]"
"OPTMix-0598-P2-99-20231205","[1356404, 1356790, 1396168]"
"OPTMix-0598-P4-104-20231207","[1358501, 1393526, 1419076]"
"OPTMix-0598-P4-108-20231207","[1398295, 1395476, 1396952]"
"OPTMix-0598-P4-128-20231207","[1358612, 1743914, 1744224]"
"OPTMix-083-P3-139-20231110","[1356404, 1356382, 1356387]"
"OPTMix-083-P3-186-20231110","[1356404, 1356382, 1363575]"
"OPTMix-083-P3-96-20231110","[1358501, 1358514, 1389451]"
"OPTMix-108-P1-000-20231006","[1738583, 1358612, 1467321]"
"RNNB-1-1-20230512","[1722521, 1722522, 1722625]"
"RNNB-1-1-20240117","[1722433, 1361326, 1731667]"
"RNNB-1-10-20230512","[1722625, 1452062, 1722522]"
"RNNB-1-10-20240117","[1722441, 1722433, 1425895]"
"RNNB-1-2-20230512","[1722625, 1722522, 1722521]"
"RNNB-1-2-20240117","[1652912, 1515981, 1361338]"
"RNNB-1-3-20230512","[1722625, 1738887, 1722522]"
"RNNB-1-3-20240117","[1361090, 1741932, 1363052]"
"RNNB-1-4-20230512","[1722625, 1722522, 1738887]"
"RNNB-1-4-20240117","[1357227, 1357236, 1722672]"
"RNNB-1-5-20230512","[1722625, 1722522, 1722521]"
"RNNB-1-5-20240117","[1722433, 1393522, 1722441]"
"RNNB-1-6-20230512","[1722625, 1722522, 1452062]"
"RNNB-1-6-20240117","[1722433, 1393522, 1357227]"
"RNNB-1-7-20230512","[1722625, 1722522, 1722521]"
"RNNB-1-7-20240117","[1393522, 1722433, 1731667]"
"RNNB-1-8-20230512","[1722625, 1738887, 1722522]"
"RNNB-1-8-20240117","[1722441, 1722433, 1391491]"
"RNNB-1-9-20230512","[1722625, 1738887, 1722522]"
"RNNB-1-9-20240117","[1722433, 1722441, 1361326]"
"RNNB-2-1-20230512","[1722625, 1722522, 1722521]"
"RNNB-2-1-20240117","[1357227, 1357236, 1722578]"
"RNNB-2-10-20230512","[1360006, 1743297, 1495481]"
"RNNB-2-10-20240117","[1357227, 1357236, 1722578]"
"RNNB-2-2-20230512","[1722522, 1722625, 1722521]"
"RNNB-2-2-20240117","[1357227, 1357236, 1359344]"
"RNNB-2-3-20230512","[1360006, 1426004, 1356284]"
"RNNB-2-3-20240117","[1357227, 1357236, 1722671]"
"RNNB-2-4-20230512","[1360006, 1360036, 1393568]"
"RNNB-2-4-20240117","[1357227, 1357236, 1360701]"
"RNNB-2-5-20230512","[1360006, 1356284, 1426005]"
"RNNB-2-5-20240117","[1357227, 1359344, 1357236]"
"RNNB-2-6-20230512","[1360006, 1426004, 1743297]"
"RNNB-2-6-20240117","[1357227, 1357236, 1359344]"
"RNNB-2-7-20230512","[1360006, 1360036, 1743297]"
"RNNB-2-7-20240117","[1357227, 1357236, 1722441]"
"RNNB-2-8-20230512","[1360006, 1426004, 1356284]"
"RNNB-2-8-20240117","[1360701, 1359344, 1360978]"
"RNNB-2-9-20230512","[1360006, 1357742, 1426004]"
"RNNB-2-9-20240117","[1357227, 1408638, 1357236]"
"RNNB-3-1-20230512","[1426088, 1357815, 1360054]"
"RNNB-3-1-20240117","[1359344, 1357742, 1357049]"
"RNNB-3-10-20230512","[1393522, 1650228, 1650353]"
"RNNB-3-10-20240117","[1357049, 1738652, 1722490]"
"RNNB-3-11-20230512","[1650228, 1393522, 1743938]"
"RNNB-3-12-20230512","[1393522, 1650228, 1722433]"
"RNNB-3-2-20230512","[1360006, 1360034, 1360009]"
"RNNB-3-2-20240117","[1359344, 1360381, 1655379]"
"RNNB-3-3-20240117","[1359344, 1359297, 1357742]"
"RNNB-3-4-20230512","[1391596, 1362443, 1359279]"
"RNNB-3-4-20240117","[1359344, 1398322, 1743664]"
"RNNB-3-5-20230512","[1650228, 1361053, 1722433]"
"RNNB-3-5-20240117","[1722501, 1356083, 1738652]"
"RNNB-3-6-20230512","[1393522, 1722433, 1650228]"
"RNNB-3-6-20240117","[1355977, 1722501, 1358581]"
"RNNB-3-7-20230512","[1722433, 1650228, 1393522]"
"RNNB-3-7-20240117","[1360978, 1359344, 1355977]"
"RNNB-3-8-20230512","[1393522, 1650228, 1722441]"
"RNNB-3-8-20240117","[1359344, 1357049, 1388812]"
"RNNB-3-9-20230512","[1393522, 1650228, 1722433]"
"RNNB-3-9-20240117","[1360701, 1363043, 1357566]"
"RNNB-4-1-20240117","[1357630, 1357769, 1359344]"
"RNNB-4-1-20240118","[1392725, 1357630, 1357770]"
"RNNB-4-10-20240117","[1359344, 1743750, 1360381]"
"RNNB-4-10-20240118","[1499416, 1499749, 1518245]"
"RNNB-4-2-20240117","[1359344, 1359088, 1359297]"
"RNNB-4-2-20240118","[1396726, 1564354, 1361953]"
"RNNB-4-3-20240117","[1722441, 1393770, 1393599]"
"RNNB-4-3-20240118","[1357026, 1356822, 1396288]"
"RNNB-4-4-20240117","[1359344, 1738652, 1363302]"
"RNNB-4-4-20240118","[1357630, 1392725, 1499749]"
"RNNB-4-5-20240117","[1357227, 1357212, 1393770]"
"RNNB-4-5-20240118","[1564441, 1356951, 1357630]"
"RNNB-4-6-20240117","[1359344, 1359297, 1722578]"
"RNNB-4-6-20240118","[1509616, 1357630, 1357705]"
"RNNB-4-7-20240117","[1359344, 1388812, 1722441]"
"RNNB-4-7-20240118","[1392725, 1357630, 1518245]"
"RNNB-4-8-20240117","[1359344, 1357848, 1355950]"
"RNNB-4-8-20240118","[1509616, 1357630, 1392725]"
"RNNB-4-9-20240117","[1357848, 1357358, 1359344]"
"RNNB-4-9-20240118","[1357630, 1518245, 1499749]"
"RNNB-5-1-20240117","[1360542, 1392725, 1357630]"
"RNNB-5-1-20240118","[1357670, 1518245, 1738652]"
"RNNB-5-10-20240117","[1357742, 1363526, 1493539]"
"RNNB-5-10-20240118","[1392725, 1357630, 1518245]"
"RNNB-5-2-20240117","[1363433, 1357630, 1392725]"
"RNNB-5-2-20240118","[1392725, 1357630, 1518245]"
"RNNB-5-3-20240117","[1357630, 1360542, 1392725]"
"RNNB-5-3-20240118","[1499749, 1357742, 1647187]"
"RNNB-5-4-20240117","[1357630, 1392725, 1357770]"
"RNNB-5-4-20240118","[1357630, 1392725, 1509616]"
"RNNB-5-5-20240117","[1357630, 1392725, 1357742]"
"RNNB-5-5-20240118","[1357630, 1392725, 1499749]"
"RNNB-5-6-20240117","[1360542, 1357630, 1392725]"
"RNNB-5-6-20240118","[1392725, 1357630, 1396726]"
"RNNB-5-7-20240117","[1360542, 1357401, 1722578]"
"RNNB-5-7-20240118","[1355950, 1363734, 1499749]"
"RNNB-5-8-20240117","[1396197, 1357401, 1743332]"
"RNNB-5-8-20240118","[1744490, 1722441, 1743398]"
"RNNB-5-9-20240117","[1396197, 1363734, 1492664]"
"RNNB-5-9-20240118","[1722433, 1397498, 1357742]"
"RNNB-6-1-20240117","[1356951, 1502775, 1357303]"
"RNNB-6-1-20240118","[1391491, 1361354, 1397398]"
"RNNB-6-10-20240117","[1357401, 1502614, 1502406]"
"RNNB-6-10-20240118","[1388812, 1357630, 1362038]"
"RNNB-6-2-20240117","[1363526, 1360035, 1356682]"
"RNNB-6-2-20240118","[1357962, 1358477, 1357227]"
"RNNB-6-3-20240117","[1738652, 1362333, 1724816]"
"RNNB-6-3-20240118","[1361354, 1361412, 1358477]"
"RNNB-6-4-20240117","[1363302, 1361412, 1398322]"
"RNNB-6-4-20240118","[1361926, 1363526, 1357212]"
"RNNB-6-5-20240117","[1363302, 1360978, 1361412]"
"RNNB-6-5-20240118","[1397398, 1388812, 1489806]"
"RNNB-6-6-20240117","[1363526, 1361412, 1361354]"
"RNNB-6-6-20240118","[1357630, 1359344, 1392725]"
"RNNB-6-7-20240117","[1361412, 1362333, 1741601]"
"RNNB-6-7-20240118","[1357630, 1392725, 1509616]"
"RNNB-6-8-20240117","[1357848, 1355950, 1399771]"
"RNNB-6-8-20240118","[1392725, 1357630, 1518932]"
"RNNB-6-9-20240117","[1361412, 1493539, 1502610]"
"RNNB-6-9-20240118","[1357630, 1362038, 1388812]"
"RNNB-7-1-20240118","[1738652, 1362333, 1743249]"
"RNNB-7-10-20240118","[1361412, 1392725, 1357630]"
"RNNB-7-2-20240118","[1361412, 1361127, 1357401]"
"RNNB-7-3-20240118","[1399609, 1392725, 1509616]"
"RNNB-7-4-20240118","[1361412, 1744399, 1397398]"
"RNNB-7-5-20240118","[1392725, 1357630, 1398821]"
"RNNB-7-6-20240118","[1361412, 1392725, 1357630]"
"RNNB-7-7-20240118","[1394414, 1392725, 1396726]"
"RNNB-7-8-20240118","[1361412, 1388990, 1724816]"
"RNNB-7-9-20240118","[1361412, 1388990, 1744075]"
"RNNB-8-1-20240118","[1359344, 1358782, 1393754]"
"RNNB-8-10-20240118","[1361412, 1363302, 1722441]"
"RNNB-8-2-20240118","[1357227, 1397320, 1722433]"
"RNNB-8-3-20240118","[1357871, 1364100, 1722441]"
"RNNB-8-4-20240118","[1357227, 1361412, 1722433]"
"RNNB-8-5-20240118","[1359344, 1388812, 1722441]"
"RNNB-8-6-20240118","[1359344, 1393770, 1356044]"
"RNNB-8-7-20240118","[1357227, 1359344, 1357848]"
"RNNB-8-8-20240118","[1359344, 1357227, 1357236]"
"RNNB-8-9-20240118","[1359344, 1360381, 1359297]"
