"quadrat_id","species_ids"
"2024-CEV3-20240602","[1395045, 1363461, 1361592]"
"CBN-PdlC-A1-20130807","[1396253, 1392608, 1412857]"
"CBN-PdlC-A1-20130903","[1395807, 1392608, 1412857]"
"CBN-PdlC-A1-20140721","[1412857, 1392608, 1396144]"
"CBN-PdlC-A1-20140811","[1392608, 1412857, 1396144]"
"CBN-PdlC-A1-20140901","[1396144, 1361367, 1412857]"
"CBN-PdlC-A1-20150701","[1396253, 1356422, 1393619]"
"CBN-PdlC-A1-20150720","[1392608, 1392534, 1392535]"
"CBN-PdlC-A1-20150831","[1394311, 1412857, 1396843]"
"CBN-PdlC-A1-20160705","[1394911, 1412857, 1396253]"
"CBN-PdlC-A1-20160726","[1392535, 1392534, 1395807]"
"CBN-PdlC-A1-20170816","[1392534, 1742053, 1412857]"
"CBN-PdlC-A1-20170906","[1392534, 1412857, 1396253]"
"CBN-PdlC-A1-20180702","[1412857, 1392534, 1392535]"
"CBN-PdlC-A1-20180815","[1412857, 1394311, 1394366]"
"CBN-PdlC-A1-20180905","[1412857, 1392541, 1394311]"
"CBN-PdlC-A1-20190701","[1397279, 1391781, 1418688]"
"CBN-PdlC-A1-20190722","[1392608, 1412857, 1396843]"
"CBN-PdlC-A1-20190812","[1412857, 1361367, 1396253]"
"CBN-PdlC-A1-20190909","[1392608, 1412857, 1361367]"
"CBN-PdlC-A1-20200629","[1647156, 1392066, 1356402]"
"CBN-PdlC-A1-20200722","[1392535, 1392534, 1392608]"
"CBN-PdlC-A1-20200812","[1742053, 1396144, 1412857]"
"CBN-PdlC-A2-20130807","[1412857, 1396253, 1396144]"
"CBN-PdlC-A2-20130903","[1393200, 1398327, 1395807]"
"CBN-PdlC-A2-20140721","[1396144, 1396253, 1397491]"
"CBN-PdlC-A2-20140901","[1412857, 1396253, 1394643]"
"CBN-PdlC-A2-20150720","[1393200, 1412857, 1396253]"
"CBN-PdlC-A2-20150810","[1393200, 1412857, 1395807]"
"CBN-PdlC-A2-20150831","[1393200, 1412857, 1742053]"
"CBN-PdlC-A2-20160705","[1393200, 1396253, 1412857]"
"CBN-PdlC-A2-20160726","[1392535, 1393200, 1392534]"
"CBN-PdlC-A2-20170816","[1395807, 1412857, 1393200]"
"CBN-PdlC-A2-20180702","[1392655, 1359750, 1391092]"
"CBN-PdlC-A2-20180723","[1393200, 1396144, 1396253]"
"CBN-PdlC-A2-20180815","[1412857, 1396253, 1392608]"
"CBN-PdlC-A2-20180905","[1396144, 1412857, 1396253]"
"CBN-PdlC-A2-20190701","[1361275, 1651427, 1396144]"
"CBN-PdlC-A2-20190722","[1393200, 1392534, 1549015]"
"CBN-PdlC-A2-20190812","[1412857, 1396253, 1361367]"
"CBN-PdlC-A2-20190909","[1392534, 1412857, 1394311]"
"CBN-PdlC-A2-20200629","[1744618, 1363454, 1361707]"
"CBN-PdlC-A2-20200722","[1392534, 1392535, 1396253]"
"CBN-PdlC-A2-20200812","[1412857, 1396253, 1393200]"
"CBN-PdlC-A3-20130807","[1393200, 1392608, 1392534]"
"CBN-PdlC-A3-20130903","[1742053, 1393200, 1412857]"
"CBN-PdlC-A3-20140721","[1393200, 1396144, 1392608]"
"CBN-PdlC-A3-20140811","[1396144, 1393200, 1392608]"
"CBN-PdlC-A3-20140901","[1393200, 1412857, 1394643]"
"CBN-PdlC-A3-20150701","[1393200, 1396144, 1396253]"
"CBN-PdlC-A3-20150720","[1393200, 1396144, 1392608]"
"CBN-PdlC-A3-20150810","[1412857, 1393200, 1396144]"
"CBN-PdlC-A3-20150831","[1396144, 1393200, 1392608]"
"CBN-PdlC-A3-20160705","[1393200, 1396144, 1392608]"
"CBN-PdlC-A3-20160726","[1393200, 1412857, 1392534]"
"CBN-PdlC-A3-20170816","[1396144, 1412857, 1742053]"
"CBN-PdlC-A3-20170906","[1393200, 1396144, 1412857]"
"CBN-PdlC-A3-20180702","[1396144, 1394643, 1399798]"
"CBN-PdlC-A3-20180723","[1393200, 1392608, 1392534]"
"CBN-PdlC-A3-20180815","[1412857, 1394643, 1392608]"
"CBN-PdlC-A3-20180905","[1412857, 1742053, 1396253]"
"CBN-PdlC-A3-20190701","[1393200, 1392534, 1412857]"
"CBN-PdlC-A3-20190722","[1393200, 1412857, 1392608]"
"CBN-PdlC-A3-20190812","[1393200, 1392608, 1357608]"
"CBN-PdlC-A3-20190909","[1393200, 1394911, 1742053]"
"CBN-PdlC-A3-20200629","[1743903, 1399798, 1393887]"
"CBN-PdlC-A3-20200722","[1393200, 1392608, 1393660]"
"CBN-PdlC-A3-20200812","[1393200, 1742053, 1412857]"
"CBN-PdlC-A4-20130807","[1393200, 1397475, 1392534]"
"CBN-PdlC-A4-20130903","[1393200, 1397475, 1396253]"
"CBN-PdlC-A4-20140811","[1393200, 1396144, 1392608]"
"CBN-PdlC-A4-20140901","[1393200, 1359835, 1392559]"
"CBN-PdlC-A4-20150701","[1393200, 1392608, 1393874]"
"CBN-PdlC-A4-20150810","[1393200, 1396253, 1396144]"
"CBN-PdlC-A4-20150831","[1393200, 1396144, 1396253]"
"CBN-PdlC-A4-20160705","[1393200, 1397475, 1358095]"
"CBN-PdlC-A4-20160726","[1396144, 1393200, 1392608]"
"CBN-PdlC-A4-20170816","[1393200, 1396144, 1742053]"
"CBN-PdlC-A4-20170906","[1393200, 1396144, 1397475]"
"CBN-PdlC-A4-20180702","[1397475, 1393200, 1361771]"
"CBN-PdlC-A4-20180723","[1393200, 1396144, 1400101]"
"CBN-PdlC-A4-20180815","[1393200, 1397475, 1362100]"
"CBN-PdlC-A4-20180905","[1393200, 1396144, 1392608]"
"CBN-PdlC-A4-20190701","[1397475, 1393200, 1393874]"
"CBN-PdlC-A4-20190722","[1393200, 1397475, 1393874]"
"CBN-PdlC-A4-20190812","[1396180, 1373840, 1392608]"
"CBN-PdlC-A4-20190909","[1397475, 1362482, 1363491]"
"CBN-PdlC-A4-20200629","[1397475, 1393200, 1529289]"
"CBN-PdlC-A4-20200722","[1393200, 1397475, 1397430]"
"CBN-PdlC-A4-20200812","[1393200, 1392608, 1397475]"
"CBN-PdlC-A5-20130807","[1393200, 1396253, 1397475]"
"CBN-PdlC-A5-20130903","[1397475, 1396253, 1361367]"
"CBN-PdlC-A5-20140721","[1397475, 1393200, 1396253]"
"CBN-PdlC-A5-20140811","[1392541, 1361598, 1393660]"
"CBN-PdlC-A5-20150701","[1393200, 1397475, 1395807]"
"CBN-PdlC-A5-20150831","[1396253, 1397475, 1395807]"
"CBN-PdlC-A5-20160705","[1397475, 1396253, 1392541]"
"CBN-PdlC-A5-20160726","[1392534, 1393200, 1392535]"
"CBN-PdlC-A5-20170816","[1397475, 1396253, 1394366]"
"CBN-PdlC-A5-20170906","[1396253, 1397475, 1393200]"
"CBN-PdlC-A5-20180815","[1393200, 1396253, 1397475]"
"CBN-PdlC-A5-20180905","[1393200, 1396253, 1395807]"
"CBN-PdlC-A5-20190909","[1397475, 1396253, 1556990]"
"CBN-PdlC-A5-20200722","[1396253, 1393200, 1397043]"
"CBN-PdlC-A6-20130807","[1393200, 1397475, 1396253]"
"CBN-PdlC-A6-20130903","[1397475, 1396253, 1360130]"
"CBN-PdlC-A6-20140630","[1397475, 1396253, 1741880]"
"CBN-PdlC-A6-20140721","[1397475, 1361598, 1393200]"
"CBN-PdlC-A6-20140901","[1397475, 1361367, 1394542]"
"CBN-PdlC-A6-20150701","[1393200, 1397475, 1396253]"
"CBN-PdlC-A6-20150810","[1397475, 1393200, 1396253]"
"CBN-PdlC-A6-20150831","[1397475, 1396253, 1393200]"
"CBN-PdlC-A6-20160705","[1393200, 1397475, 1396253]"
"CBN-PdlC-A6-20160726","[1393200, 1396253, 1397475]"
"CBN-PdlC-A6-20170816","[1393200, 1397475, 1396253]"
"CBN-PdlC-A6-20170906","[1393200, 1397475, 1393874]"
"CBN-PdlC-A6-20180702","[1397475, 1396253, 1393200]"
"CBN-PdlC-A6-20180723","[1393200, 1397475, 1396253]"
"CBN-PdlC-A6-20180815","[1397475, 1393874, 1393200]"
"CBN-PdlC-A6-20180905","[1393200, 1397475, 1395862]"
"CBN-PdlC-A6-20190701","[1393200, 1397475, 1396253]"
"CBN-PdlC-A6-20190722","[1393660, 1396253, 1393679]"
"CBN-PdlC-A6-20190812","[1396253, 1397475, 1393200]"
"CBN-PdlC-A6-20190909","[1397475, 1393200, 1362482]"
"CBN-PdlC-A6-20200722","[1393200, 1397475, 1396253]"
"CBN-PdlC-A6-20200812","[1393200, 1397475, 1396253]"
"CBN-PdlC-B1-20130807","[1393200, 1392608, 1412857]"
"CBN-PdlC-B1-20130903","[1393200, 1392608, 1394643]"
"CBN-PdlC-B1-20140721","[1393200, 1396253, 1392608]"
"CBN-PdlC-B1-20140811","[1392608, 1396144, 1412857]"
"CBN-PdlC-B1-20140901","[1392608, 1393200, 1412857]"
"CBN-PdlC-B1-20150701","[1393200, 1392608, 1396253]"
"CBN-PdlC-B1-20150720","[1396253, 1392608, 1395807]"
"CBN-PdlC-B1-20150810","[1393200, 1392608, 1412857]"
"CBN-PdlC-B1-20150831","[1412857, 1393200, 1396144]"
"CBN-PdlC-B1-20160705","[1396144, 1392608, 1393200]"
"CBN-PdlC-B1-20160726","[1393200, 1412857, 1392608]"
"CBN-PdlC-B1-20170816","[1395807, 1742053, 1392608]"
"CBN-PdlC-B1-20170906","[1392608, 1393200, 1412857]"
"CBN-PdlC-B1-20180702","[1413349, 1647170, 1396144]"
"CBN-PdlC-B1-20180723","[1393200, 1392608, 1396144]"
"CBN-PdlC-B1-20180815","[1396144, 1412857, 1397491]"
"CBN-PdlC-B1-20180905","[1396144, 1412857, 1742053]"
"CBN-PdlC-B1-20190701","[1393200, 1392608, 1358095]"
"CBN-PdlC-B1-20190722","[1392608, 1396253, 1361367]"
"CBN-PdlC-B1-20190812","[1396144, 1412857, 1392608]"
"CBN-PdlC-B1-20190909","[1396144, 1412857, 1392608]"
"CBN-PdlC-B1-20200629","[1393200, 1356359, 1360299]"
"CBN-PdlC-B1-20200722","[1396144, 1393200, 1392608]"
"CBN-PdlC-B1-20200812","[1742053, 1396144, 1412857]"
"CBN-PdlC-B2-20130807","[1392608, 1392534, 1647128]"
"CBN-PdlC-B2-20130903","[1392608, 1647170, 1744843]"
"CBN-PdlC-B2-20140721","[1392608, 1392611, 1392612]"
"CBN-PdlC-B2-20140811","[1392608, 1395807, 1360299]"
"CBN-PdlC-B2-20140901","[1392608, 1647128, 1400017]"
"CBN-PdlC-B2-20150701","[1392608, 1360299, 1647128]"
"CBN-PdlC-B2-20150720","[1392608, 1394911, 1392541]"
"CBN-PdlC-B2-20150810","[1392608, 1359835, 1744293]"
"CBN-PdlC-B2-20150831","[1392608, 1647128, 1519648]"
"CBN-PdlC-B2-20160705","[1392608, 1362453, 1394911]"
"CBN-PdlC-B2-20160726","[1392608, 1647187, 1397043]"
"CBN-PdlC-B2-20170816","[1392534, 1388766, 1392608]"
"CBN-PdlC-B2-20170906","[1392608, 1412857, 1392047]"
"CBN-PdlC-B2-20180702","[1391427, 1412857, 1363618]"
"CBN-PdlC-B2-20180723","[1392608, 1392535, 1392534]"
"CBN-PdlC-B2-20180815","[1392534, 1412857, 1392535]"
"CBN-PdlC-B2-20180905","[1392534, 1412857, 1392565]"
"CBN-PdlC-B2-20190701","[1528543, 1418688, 1392241]"
"CBN-PdlC-B2-20190722","[1392534, 1400101, 1397043]"
"CBN-PdlC-B2-20190812","[1392534, 1392535, 1412857]"
"CBN-PdlC-B2-20190909","[1362482, 1392608, 1412857]"
"CBN-PdlC-B2-20200629","[1397046, 1399798, 1393548]"
"CBN-PdlC-B2-20200722","[1392608, 1392534, 1392612]"
"CBN-PdlC-B2-20200812","[1392608, 1392612, 1412857]"
"CBN-PdlC-B3-20130807","[1393200, 1392534, 1392541]"
"CBN-PdlC-B3-20130903","[1393200, 1392541, 1392535]"
"CBN-PdlC-B3-20140721","[1393200, 1396144, 1392534]"
"CBN-PdlC-B3-20140811","[1393200, 1412857, 1742053]"
"CBN-PdlC-B3-20140901","[1393200, 1742053, 1361367]"
"CBN-PdlC-B3-20150701","[1393200, 1392534, 1394597]"
"CBN-PdlC-B3-20150810","[1393200, 1394911, 1412857]"
"CBN-PdlC-B3-20150831","[1393200, 1412857, 1397468]"
"CBN-PdlC-B3-20160705","[1393200, 1412857, 1394911]"
"CBN-PdlC-B3-20160726","[1393200, 1361367, 1412857]"
"CBN-PdlC-B3-20170816","[1394542, 1412857, 1393200]"
"CBN-PdlC-B3-20170906","[1393200, 1412857, 1742053]"
"CBN-PdlC-B3-20180702","[1393200, 1399798, 1361138]"
"CBN-PdlC-B3-20180723","[1393200, 1412857, 1742053]"
"CBN-PdlC-B3-20180815","[1393200, 1412857, 1392260]"
"CBN-PdlC-B3-20180905","[1393200, 1396144, 1412857]"
"CBN-PdlC-B3-20190701","[1396144, 1392020, 1390532]"
"CBN-PdlC-B3-20190722","[1392534, 1361367, 1356359]"
"CBN-PdlC-B3-20190812","[1393200, 1412857, 1393619]"
"CBN-PdlC-B3-20190909","[1412857, 1394643, 1357405]"
"CBN-PdlC-B3-20200629","[1356228, 1356440, 1399798]"
"CBN-PdlC-B3-20200722","[1393200, 1742053, 1412857]"
"CBN-PdlC-B3-20200812","[1393200, 1742053, 1412857]"
"CBN-PdlC-B4-20130807","[1397475, 1396253, 1394911]"
"CBN-PdlC-B4-20130903","[1397475, 1532190, 1393874]"
"CBN-PdlC-B4-20140721","[1397475, 1393874, 1400101]"
"CBN-PdlC-B4-20140811","[1397475, 1396144, 1743474]"
"CBN-PdlC-B4-20140901","[1393200, 1412857, 1397475]"
"CBN-PdlC-B4-20150701","[1397475, 1393200, 1392655]"
"CBN-PdlC-B4-20150810","[1390674, 1397475, 1393200]"
"CBN-PdlC-B4-20150831","[1397475, 1394311, 1393200]"
"CBN-PdlC-B4-20160726","[1393200, 1397475, 1742053]"
"CBN-PdlC-B4-20170816","[1397475, 1393200, 1519650]"
"CBN-PdlC-B4-20170906","[1397475, 1396144, 1400101]"
"CBN-PdlC-B4-20180702","[1397475, 1741661, 1393874]"
"CBN-PdlC-B4-20180723","[1396144, 1393200, 1397475]"
"CBN-PdlC-B4-20180815","[1396144, 1397475, 1393200]"
"CBN-PdlC-B4-20180905","[1393200, 1412857, 1396144]"
"CBN-PdlC-B4-20190701","[1397475, 1391427, 1363615]"
"CBN-PdlC-B4-20190722","[1397475, 1358525, 1393874]"
"CBN-PdlC-B4-20190812","[1397475, 1393874, 1400101]"
"CBN-PdlC-B4-20190909","[1397475, 1359678, 1393874]"
"CBN-PdlC-B4-20200629","[1397475, 1395870, 1741661]"
"CBN-PdlC-B4-20200722","[1397475, 1393200, 1395807]"
"CBN-PdlC-B4-20200812","[1393200, 1397475, 1412857]"
"CBN-PdlC-B5-20130807","[1397475, 1395807, 1396974]"
"CBN-PdlC-B5-20130903","[1397475, 1395807, 1360101]"
"CBN-PdlC-B5-20140630","[1369309, 1738658, 1361801]"
"CBN-PdlC-B5-20140721","[1397475, 1396253, 1392541]"
"CBN-PdlC-B5-20140811","[1395807, 1397475, 1394311]"
"CBN-PdlC-B5-20140901","[1397475, 1394311, 1361367]"
"CBN-PdlC-B5-20150701","[1397475, 1397450, 1400101]"
"CBN-PdlC-B5-20150720","[1397475, 1395807, 1400101]"
"CBN-PdlC-B5-20150810","[1395807, 1397475, 1392766]"
"CBN-PdlC-B5-20150831","[1397475, 1396253, 1395807]"
"CBN-PdlC-B5-20160705","[1397475, 1396253, 1395807]"
"CBN-PdlC-B5-20160726","[1397475, 1396253, 1395807]"
"CBN-PdlC-B5-20170816","[1397475, 1393874, 1359649]"
"CBN-PdlC-B5-20170906","[1397475, 1395807, 1361141]"
"CBN-PdlC-B5-20180702","[1397475, 1392541, 1395190]"
"CBN-PdlC-B5-20180723","[1397475, 1395807, 1361801]"
"CBN-PdlC-B5-20180815","[1397475, 1395807, 1392541]"
"CBN-PdlC-B5-20180905","[1397475, 1394911, 1392541]"
"CBN-PdlC-B5-20190701","[1397475, 1392541, 1392407]"
"CBN-PdlC-B5-20190722","[1397475, 1397043, 1396253]"
"CBN-PdlC-B5-20190812","[1392552, 1397475, 1392541]"
"CBN-PdlC-B5-20190909","[1397475, 1395807, 1400101]"
"CBN-PdlC-B5-20200629","[1397475, 1396253, 1392534]"
"CBN-PdlC-B5-20200722","[1397475, 1400101, 1396253]"
"CBN-PdlC-B5-20200812","[1397475, 1400101, 1395807]"
"CBN-PdlC-B6-20130807","[1392534, 1392535, 1361367]"
"CBN-PdlC-B6-20130903","[1397475, 1392534, 1393200]"
"CBN-PdlC-B6-20140630","[1743359, 1361598, 1392534]"
"CBN-PdlC-B6-20140721","[1396253, 1393200, 1395807]"
"CBN-PdlC-B6-20140811","[1395807, 1396253, 1393200]"
"CBN-PdlC-B6-20140901","[1361367, 1394540, 1396253]"
"CBN-PdlC-B6-20150701","[1396253, 1395807, 1394911]"
"CBN-PdlC-B6-20150720","[1396253, 1395807, 1361801]"
"CBN-PdlC-B6-20150810","[1395807, 1397475, 1361801]"
"CBN-PdlC-B6-20150831","[1393200, 1395807, 1396253]"
"CBN-PdlC-B6-20160705","[1393200, 1397475, 1395807]"
"CBN-PdlC-B6-20160726","[1396253, 1395807, 1392541]"
"CBN-PdlC-B6-20170816","[1396253, 1395807, 1393567]"
"CBN-PdlC-B6-20170906","[1396253, 1393200, 1397475]"
"CBN-PdlC-B6-20180702","[1393200, 1394911, 1396253]"
"CBN-PdlC-B6-20180723","[1395807, 1393200, 1396253]"
"CBN-PdlC-B6-20180905","[1396253, 1363543, 1395862]"
"CBN-PdlC-B6-20190701","[1393200, 1394911, 1397475]"
"CBN-PdlC-B6-20190722","[1393200, 1396253, 1519650]"
"CBN-PdlC-B6-20190812","[1397475, 1393200, 1396253]"
"CBN-PdlC-B6-20190909","[1397450, 1395807, 1393200]"
"CBN-PdlC-B6-20200629","[1397475, 1396253, 1394603]"
"CBN-PdlC-B6-20200722","[1393200, 1392534, 1396253]"
"CBN-PdlC-B6-20200812","[1393200, 1395807, 1392541]"
"CBN-PdlC-C1-20130807","[1397500, 1393708, 1396332]"
"CBN-PdlC-C1-20130903","[1393200, 1396253, 1395807]"
"CBN-PdlC-C1-20140721","[1397500, 1396253, 1393200]"
"CBN-PdlC-C1-20140811","[1393200, 1360748, 1395807]"
"CBN-PdlC-C1-20140901","[1393200, 1395807, 1363133]"
"CBN-PdlC-C1-20150701","[1397500, 1393200, 1395870]"
"CBN-PdlC-C1-20150720","[1393200, 1742053, 1397043]"
"CBN-PdlC-C1-20150810","[1393200, 1396253, 1395807]"
"CBN-PdlC-C1-20150831","[1393200, 1742053, 1394311]"
"CBN-PdlC-C1-20160705","[1393200, 1396253, 1397500]"
"CBN-PdlC-C1-20160726","[1393200, 1361367, 1396253]"
"CBN-PdlC-C1-20170816","[1393200, 1396253, 1395807]"
"CBN-PdlC-C1-20170906","[1396253, 1390532, 1393200]"
"CBN-PdlC-C1-20180723","[1393200, 1396253, 1393708]"
"CBN-PdlC-C1-20180815","[1393200, 1395807, 1384658]"
"CBN-PdlC-C1-20180905","[1393200, 1396253, 1392534]"
"CBN-PdlC-C1-20190701","[1394065, 1359937, 1390532]"
"CBN-PdlC-C1-20190722","[1393200, 1396253, 1395807]"
"CBN-PdlC-C1-20190812","[1392534, 1396253, 1393200]"
"CBN-PdlC-C1-20190909","[1393200, 1396253, 1392534]"
"CBN-PdlC-C1-20200722","[1393200, 1395807, 1721018]"
"CBN-PdlC-C1-20200812","[1392534, 1393200, 1362482]"
"CBN-PdlC-C2-20130903","[1412857, 1742053, 1395807]"
"CBN-PdlC-C2-20140721","[1396144, 1412857, 1392541]"
"CBN-PdlC-C2-20140811","[1392535, 1742053, 1396144]"
"CBN-PdlC-C2-20140901","[1412857, 1392535, 1742053]"
"CBN-PdlC-C2-20150701","[1393200, 1412857, 1396144]"
"CBN-PdlC-C2-20150720","[1412857, 1396144, 1396253]"
"CBN-PdlC-C2-20150810","[1742053, 1412857, 1396144]"
"CBN-PdlC-C2-20150831","[1412857, 1742053, 1396144]"
"CBN-PdlC-C2-20160705","[1396144, 1412857, 1396253]"
"CBN-PdlC-C2-20160726","[1392534, 1393200, 1392535]"
"CBN-PdlC-C2-20170816","[1392541, 1412857, 1393200]"
"CBN-PdlC-C2-20170906","[1392534, 1396253, 1394597]"
"CBN-PdlC-C2-20180723","[1393200, 1742053, 1412857]"
"CBN-PdlC-C2-20180815","[1412857, 1392534, 1395807]"
"CBN-PdlC-C2-20180905","[1393200, 1412857, 1742053]"
"CBN-PdlC-C2-20190701","[1389475, 1361764, 1356228]"
"CBN-PdlC-C2-20190722","[1393200, 1412857, 1396253]"
"CBN-PdlC-C2-20190812","[1396253, 1392534, 1395807]"
"CBN-PdlC-C2-20190909","[1742053, 1412857, 1392534]"
"CBN-PdlC-C2-20200722","[1412857, 1393200, 1394643]"
"CBN-PdlC-C2-20200812","[1392534, 1412857, 1395807]"
"CBN-PdlC-C3-20130807","[1396253, 1364066, 1395807]"
"CBN-PdlC-C3-20130903","[1412857, 1396253, 1742053]"
"CBN-PdlC-C3-20140721","[1396253, 1392541, 1392534]"
"CBN-PdlC-C3-20140811","[1412857, 1395807, 1391092]"
"CBN-PdlC-C3-20140901","[1396253, 1412857, 1743465]"
"CBN-PdlC-C3-20150701","[1393200, 1392541, 1394911]"
"CBN-PdlC-C3-20150720","[1396253, 1364066, 1361367]"
"CBN-PdlC-C3-20150831","[1396253, 1394311, 1395807]"
"CBN-PdlC-C3-20160705","[1396253, 1412857, 1361347]"
"CBN-PdlC-C3-20160726","[1392608, 1397043, 1396253]"
"CBN-PdlC-C3-20170816","[1396253, 1392534, 1392541]"
"CBN-PdlC-C3-20170906","[1396253, 1395807, 1742053]"
"CBN-PdlC-C3-20180723","[1396253, 1393200, 1741880]"
"CBN-PdlC-C3-20180815","[1396253, 1392766, 1363543]"
"CBN-PdlC-C3-20180905","[1396253, 1392534, 1395807]"
"CBN-PdlC-C3-20190701","[1356228, 1744235, 1363133]"
"CBN-PdlC-C3-20190722","[1361598, 1396253, 1397450]"
"CBN-PdlC-C3-20190812","[1395807, 1361594, 1396253]"
"CBN-PdlC-C3-20190909","[1392534, 1396253, 1392535]"
"CBN-PdlC-C3-20200722","[1396253, 1393659, 1395807]"
"CBN-PdlC-C3-20200812","[1393660, 1396253, 1395807]"
"CBN-PdlC-C4-20130807","[1395807, 1741880, 1364066]"
"CBN-PdlC-C4-20130903","[1393200, 1395807, 1395870]"
"CBN-PdlC-C4-20140721","[1396253, 1390811, 1393708]"
"CBN-PdlC-C4-20140811","[1395807, 1394311, 1393200]"
"CBN-PdlC-C4-20140901","[1392608, 1361367, 1396253]"
"CBN-PdlC-C4-20150701","[1393200, 1356440, 1390793]"
"CBN-PdlC-C4-20150720","[1396253, 1397043, 1395807]"
"CBN-PdlC-C4-20150831","[1395807, 1396253, 1744194]"
"CBN-PdlC-C4-20160705","[1390793, 1394911, 1395807]"
"CBN-PdlC-C4-20160726","[1395807, 1393708, 1397043]"
"CBN-PdlC-C4-20170816","[1395807, 1395862, 1395870]"
"CBN-PdlC-C4-20170906","[1396253, 1393200, 1394311]"
"CBN-PdlC-C4-20180723","[1393200, 1395870, 1393708]"
"CBN-PdlC-C4-20180815","[1396253, 1363543, 1529410]"
"CBN-PdlC-C4-20180905","[1395807, 1364066, 1395870]"
"CBN-PdlC-C4-20190701","[1363595, 1392397, 1743359]"
"CBN-PdlC-C4-20190722","[1392241, 1396253, 1395807]"
"CBN-PdlC-C4-20190812","[1396253, 1397043, 1395807]"
"CBN-PdlC-C4-20190909","[1395807, 1393200, 1361367]"
"CBN-PdlC-C4-20200722","[1393660, 1364066, 1391596]"
"CBN-PdlC-C4-20200812","[1396253, 1395870, 1395862]"
"CBN-PdlC-C5-20130807","[1394311, 1479447, 1395807]"
"CBN-PdlC-C5-20130903","[1397043, 1389815, 1391926]"
"CBN-PdlC-C5-20140721","[1396253, 1364066, 1393708]"
"CBN-PdlC-C5-20140811","[1397043, 1397465, 1394311]"
"CBN-PdlC-C5-20140901","[1396253, 1397043, 1361367]"
"CBN-PdlC-C5-20150701","[1396253, 1392241, 1390793]"
"CBN-PdlC-C5-20150720","[1396253, 1392608, 1395807]"
"CBN-PdlC-C5-20150810","[1396253, 1743456, 1392608]"
"CBN-PdlC-C5-20150831","[1396253, 1394311, 1395807]"
"CBN-PdlC-C5-20160705","[1396253, 1390793, 1390899]"
"CBN-PdlC-C5-20160726","[1396253, 1363543, 1397043]"
"CBN-PdlC-C5-20170816","[1396253, 1395807, 1392608]"
"CBN-PdlC-C5-20170906","[1396253, 1392608, 1395807]"
"CBN-PdlC-C5-20180723","[1396253, 1392241, 1394311]"
"CBN-PdlC-C5-20180815","[1396253, 1392241, 1394311]"
"CBN-PdlC-C5-20180905","[1396253, 1397043, 1395807]"
"CBN-PdlC-C5-20190701","[1609716, 1393224, 1396253]"
"CBN-PdlC-C5-20190722","[1390793, 1396253, 1397043]"
"CBN-PdlC-C5-20190812","[1396253, 1395807, 1392608]"
"CBN-PdlC-C5-20190909","[1396253, 1392608, 1395807]"
"CBN-PdlC-C5-20200722","[1394311, 1396253, 1397043]"
"CBN-PdlC-C5-20200812","[1396253, 1395870, 1741880]"
"CBN-PdlC-C6-20130807","[1396253, 1394311, 1392608]"
"CBN-PdlC-C6-20130903","[1397043, 1396253, 1393200]"
"CBN-PdlC-C6-20140721","[1396253, 1392608, 1393200]"
"CBN-PdlC-C6-20140811","[1394311, 1395807, 1360748]"
"CBN-PdlC-C6-20140901","[1396253, 1361367, 1394311]"
"CBN-PdlC-C6-20150701","[1393200, 1396253, 1397279]"
"CBN-PdlC-C6-20150720","[1390793, 1396253, 1393200]"
"CBN-PdlC-C6-20150810","[1393200, 1396253, 1395807]"
"CBN-PdlC-C6-20150831","[1396253, 1393200, 1395807]"
"CBN-PdlC-C6-20160705","[1393200, 1396253, 1392608]"
"CBN-PdlC-C6-20160726","[1393200, 1396253, 1397043]"
"CBN-PdlC-C6-20170816","[1393200, 1396253, 1362482]"
"CBN-PdlC-C6-20170906","[1396253, 1393200, 1356278]"
"CBN-PdlC-C6-20180723","[1393200, 1396253, 1396186]"
"CBN-PdlC-C6-20180815","[1393200, 1362482, 1396253]"
"CBN-PdlC-C6-20180905","[1393200, 1396253, 1395807]"
"CBN-PdlC-C6-20190701","[1393200, 1390777, 1394643]"
"CBN-PdlC-C6-20190722","[1396253, 1393200, 1392608]"
"CBN-PdlC-C6-20190812","[1392608, 1396253, 1393200]"
"CBN-PdlC-C6-20190909","[1393200, 1396253, 1362482]"
"CBN-PdlC-C6-20200722","[1396253, 1392608, 1392241]"
"CBN-PdlC-C6-20200812","[1396253, 1392114, 1395807]"
"CBN-PdlC-D1-20130807","[1396253, 1393708, 1395807]"
"CBN-PdlC-D1-20130903","[1396253, 1395807, 1390899]"
"CBN-PdlC-D1-20140721","[1396253, 1394911, 1395807]"
"CBN-PdlC-D1-20140811","[1396253, 1395807, 1392608]"
"CBN-PdlC-D1-20140901","[1396253, 1412857, 1742053]"
"CBN-PdlC-D1-20150701","[1396253, 1392241, 1742052]"
"CBN-PdlC-D1-20150720","[1392534, 1396253, 1392535]"
"CBN-PdlC-D1-20150810","[1396253, 1392534, 1392535]"
"CBN-PdlC-D1-20150831","[1392534, 1396253, 1392561]"
"CBN-PdlC-D1-20160705","[1396253, 1363543, 1395870]"
"CBN-PdlC-D1-20160726","[1396253, 1392534, 1392535]"
"CBN-PdlC-D1-20170816","[1396253, 1412857, 1395807]"
"CBN-PdlC-D1-20170906","[1396253, 1361367, 1395807]"
"CBN-PdlC-D1-20180723","[1396253, 1393200, 1395807]"
"CBN-PdlC-D1-20180815","[1396253, 1395807, 1394360]"
"CBN-PdlC-D1-20180905","[1742053, 1396253, 1394911]"
"CBN-PdlC-D1-20190701","[1396253, 1391427, 1363618]"
"CBN-PdlC-D1-20190722","[1396253, 1393200, 1395807]"
"CBN-PdlC-D1-20190812","[1396253, 1392534, 1395807]"
"CBN-PdlC-D1-20190909","[1396253, 1412857, 1395807]"
"CBN-PdlC-D1-20200722","[1392535, 1392534, 1396253]"
"CBN-PdlC-D1-20200812","[1392534, 1396253, 1361367]"
"CBN-PdlC-D2-20130807","[1396253, 1393619, 1412857]"
"CBN-PdlC-D2-20130903","[1412857, 1394643, 1396253]"
"CBN-PdlC-D2-20140721","[1396253, 1392534, 1393619]"
"CBN-PdlC-D2-20140811","[1412857, 1396253, 1393619]"
"CBN-PdlC-D2-20140901","[1742053, 1396253, 1412857]"
"CBN-PdlC-D2-20150720","[1396253, 1392535, 1392534]"
"CBN-PdlC-D2-20150810","[1396253, 1742053, 1412857]"
"CBN-PdlC-D2-20150831","[1412857, 1742053, 1396253]"
"CBN-PdlC-D2-20160705","[1396253, 1412857, 1394643]"
"CBN-PdlC-D2-20160726","[1392534, 1392535, 1396253]"
"CBN-PdlC-D2-20170816","[1742053, 1396253, 1412857]"
"CBN-PdlC-D2-20170906","[1396253, 1412857, 1391092]"
"CBN-PdlC-D2-20180723","[1396253, 1393708, 1396144]"
"CBN-PdlC-D2-20180815","[1396253, 1412857, 1394643]"
"CBN-PdlC-D2-20180905","[1396253, 1412857, 1394643]"
"CBN-PdlC-D2-20190701","[1412857, 1390532, 1397279]"
"CBN-PdlC-D2-20190722","[1396253, 1742053, 1412857]"
"CBN-PdlC-D2-20190812","[1396253, 1412857, 1742053]"
"CBN-PdlC-D2-20190909","[1742053, 1394643, 1396253]"
"CBN-PdlC-D2-20200722","[1396253, 1395807, 1394643]"
"CBN-PdlC-D2-20200812","[1742053, 1396253, 1395807]"
"CBN-PdlC-D3-20130807","[1647156, 1647187, 1413349]"
"CBN-PdlC-D3-20130903","[1744479, 1647128, 1413349]"
"CBN-PdlC-D3-20140721","[1390793, 1413349, 1647187]"
"CBN-PdlC-D3-20140811","[1412857, 1413349, 1397043]"
"CBN-PdlC-D3-20140901","[1396253, 1394542, 1397129]"
"CBN-PdlC-D3-20150701","[1396253, 1413349, 1394643]"
"CBN-PdlC-D3-20150720","[1392534, 1390793, 1394643]"
"CBN-PdlC-D3-20150831","[1394311, 1742053, 1412857]"
"CBN-PdlC-D3-20160705","[1647156, 1413349, 1396253]"
"CBN-PdlC-D3-20160726","[1392534, 1744479, 1413349]"
"CBN-PdlC-D3-20170816","[1647187, 1409318, 1647170]"
"CBN-PdlC-D3-20170906","[1413349, 1396253, 1392534]"
"CBN-PdlC-D3-20180723","[1744479, 1393200, 1743393]"
"CBN-PdlC-D3-20180815","[1396253, 1394643, 1412857]"
"CBN-PdlC-D3-20180905","[1742053, 1412857, 1396253]"
"CBN-PdlC-D3-20190701","[1399798, 1390532, 1744294]"
"CBN-PdlC-D3-20190722","[1743393, 1744479, 1647128]"
"CBN-PdlC-D3-20190812","[1413349, 1392534, 1743393]"
"CBN-PdlC-D3-20190909","[1744479, 1647128, 1396253]"
"CBN-PdlC-D3-20200722","[1392535, 1393200, 1392534]"
"CBN-PdlC-D3-20200812","[1392534, 1396253, 1647128]"
"CBN-PdlC-D4-20130807","[1396253, 1744479, 1647187]"
"CBN-PdlC-D4-20130903","[1396253, 1647128, 1395807]"
"CBN-PdlC-D4-20140721","[1391363, 1396253, 1647128]"
"CBN-PdlC-D4-20140811","[1412857, 1395807, 1392534]"
"CBN-PdlC-D4-20140901","[1396253, 1412857, 1394542]"
"CBN-PdlC-D4-20150701","[1396253, 1361367, 1394865]"
"CBN-PdlC-D4-20150720","[1393584, 1396253, 1392534]"
"CBN-PdlC-D4-20150831","[1742053, 1412857, 1396253]"
"CBN-PdlC-D4-20160705","[1396253, 1412857, 1394643]"
"CBN-PdlC-D4-20160726","[1396253, 1392534, 1392535]"
"CBN-PdlC-D4-20170816","[1396253, 1395870, 1392541]"
"CBN-PdlC-D4-20170906","[1396253, 1393567, 1743977]"
"CBN-PdlC-D4-20180723","[1396253, 1394643, 1741880]"
"CBN-PdlC-D4-20180815","[1396253, 1742053, 1412857]"
"CBN-PdlC-D4-20180905","[1396253, 1412857, 1742053]"
"CBN-PdlC-D4-20190701","[1397279, 1392655, 1394886]"
"CBN-PdlC-D4-20190722","[1396253, 1395807, 1400101]"
"CBN-PdlC-D4-20190812","[1396253, 1742053, 1397381]"
"CBN-PdlC-D4-20190909","[1396253, 1395807, 1360130]"
"CBN-PdlC-D4-20200722","[1396253, 1392535, 1395807]"
"CBN-PdlC-D4-20200812","[1396253, 1395807, 1742053]"
"CBN-PdlC-D5-20130807","[1396253, 1363543, 1395807]"
"CBN-PdlC-D5-20130903","[1395807, 1741880, 1395870]"
"CBN-PdlC-D5-20140721","[1396253, 1392608, 1395943]"
"CBN-PdlC-D5-20140811","[1395807, 1392541, 1396253]"
"CBN-PdlC-D5-20140901","[1392608, 1361367, 1392611]"
"CBN-PdlC-D5-20150701","[1396253, 1742053, 1743359]"
"CBN-PdlC-D5-20150720","[1396253, 1394311, 1395807]"
"CBN-PdlC-D5-20150810","[1396253, 1395807, 1392608]"
"CBN-PdlC-D5-20150831","[1389929, 1395807, 1396253]"
"CBN-PdlC-D5-20160705","[1394911, 1392608, 1396253]"
"CBN-PdlC-D5-20160726","[1397043, 1397386, 1392608]"
"CBN-PdlC-D5-20170816","[1392608, 1361367, 1395807]"
"CBN-PdlC-D5-20170906","[1396253, 1395807, 1363543]"
"CBN-PdlC-D5-20180723","[1400101, 1392608, 1396253]"
"CBN-PdlC-D5-20180815","[1392608, 1395870, 1400101]"
"CBN-PdlC-D5-20180905","[1396253, 1394911, 1392608]"
"CBN-PdlC-D5-20190701","[1363133, 1394911, 1392066]"
"CBN-PdlC-D5-20190722","[1392534, 1396253, 1392535]"
"CBN-PdlC-D5-20190812","[1392534, 1392608, 1395870]"
"CBN-PdlC-D5-20190909","[1395807, 1396253, 1392608]"
"CBN-PdlC-D5-20200722","[1392534, 1395807, 1392608]"
"CBN-PdlC-D5-20200812","[1395807, 1392608, 1397043]"
"CBN-PdlC-D6-20130807","[1396253, 1395807, 1393708]"
"CBN-PdlC-D6-20130903","[1395807, 1396253, 1397043]"
"CBN-PdlC-D6-20140721","[1396253, 1412857, 1390761]"
"CBN-PdlC-D6-20140811","[1397043, 1395807, 1396253]"
"CBN-PdlC-D6-20140901","[1412857, 1396253, 1397043]"
"CBN-PdlC-D6-20150701","[1396253, 1393020, 1388916]"
"CBN-PdlC-D6-20150720","[1396253, 1395807, 1392241]"
"CBN-PdlC-D6-20150810","[1395807, 1389929, 1412857]"
"CBN-PdlC-D6-20150831","[1393494, 1395807, 1412857]"
"CBN-PdlC-D6-20160705","[1396253, 1741880, 1395807]"
"CBN-PdlC-D6-20160726","[1397043, 1412857, 1396253]"
"CBN-PdlC-D6-20170816","[1393494, 1395807, 1394311]"
"CBN-PdlC-D6-20170906","[1412857, 1397468, 1395807]"
"CBN-PdlC-D6-20180723","[1396253, 1741880, 1393708]"
"CBN-PdlC-D6-20180815","[1396253, 1393679, 1395870]"
"CBN-PdlC-D6-20180905","[1396253, 1742053, 1412857]"
"CBN-PdlC-D6-20190701","[1486725, 1390811, 1392632]"
"CBN-PdlC-D6-20190722","[1397043, 1397046, 1396253]"
"CBN-PdlC-D6-20190812","[1396253, 1397043, 1360120]"
"CBN-PdlC-D6-20190909","[1396253, 1393660, 1395807]"
"CBN-PdlC-D6-20200722","[1397043, 1394311, 1396253]"
"CBN-PdlC-D6-20200812","[1396253, 1362482, 1395807]"
"CBN-PdlC-E1-20130723","[1396253, 1396144, 1392541]"
"CBN-PdlC-E1-20130807","[1396253, 1390793, 1392608]"
"CBN-PdlC-E1-20130903","[1392608, 1741880, 1396253]"
"CBN-PdlC-E1-20140630","[1396145, 1392608, 1399798]"
"CBN-PdlC-E1-20140721","[1396253, 1362273, 1392608]"
"CBN-PdlC-E1-20140811","[1392535, 1412857, 1742053]"
"CBN-PdlC-E1-20140901","[1412857, 1742053, 1396253]"
"CBN-PdlC-E1-20150701","[1392608, 1396253, 1393584]"
"CBN-PdlC-E1-20150720","[1392608, 1396253, 1392534]"
"CBN-PdlC-E1-20150810","[1393200, 1400101, 1397475]"
"CBN-PdlC-E1-20150831","[1392608, 1396253, 1390793]"
"CBN-PdlC-E1-20160705","[1393584, 1392608, 1396253]"
"CBN-PdlC-E1-20160726","[1396253, 1363618, 1392608]"
"CBN-PdlC-E1-20170816","[1392608, 1396253, 1392541]"
"CBN-PdlC-E1-20170906","[1396253, 1392608, 1392541]"
"CBN-PdlC-E1-20180702","[1396253, 1609716, 1392534]"
"CBN-PdlC-E1-20180723","[1396144, 1392535, 1392534]"
"CBN-PdlC-E1-20180815","[1392608, 1396253, 1427744]"
"CBN-PdlC-E1-20180905","[1396253, 1392608, 1360299]"
"CBN-PdlC-E1-20190701","[1396253, 1392047, 1744194]"
"CBN-PdlC-E1-20190812","[1392534, 1392608, 1396253]"
"CBN-PdlC-E1-20190909","[1651427, 1412857, 1395807]"
"CBN-PdlC-E1-20200629","[1392608, 1396253, 1396144]"
"CBN-PdlC-E1-20200722","[1392608, 1394599, 1392067]"
"CBN-PdlC-E1-20200812","[1392608, 1743471, 1390793]"
"CBN-PdlC-E2-20130723","[1397528, 1396253, 1393584]"
"CBN-PdlC-E2-20130807","[1394599, 1397528, 1412857]"
"CBN-PdlC-E2-20130903","[1395870, 1396144, 1395807]"
"CBN-PdlC-E2-20140630","[1396144, 1396253, 1392241]"
"CBN-PdlC-E2-20140721","[1396144, 1397528, 1396253]"
"CBN-PdlC-E2-20140811","[1396144, 1392608, 1412857]"
"CBN-PdlC-E2-20140901","[1396253, 1396144, 1412857]"
"CBN-PdlC-E2-20150720","[1393584, 1396253, 1395807]"
"CBN-PdlC-E2-20150810","[1412857, 1742053, 1395807]"
"CBN-PdlC-E2-20150831","[1395807, 1412857, 1392352]"
"CBN-PdlC-E2-20160705","[1396253, 1393584, 1395807]"
"CBN-PdlC-E2-20160726","[1412857, 1395807, 1357608]"
"CBN-PdlC-E2-20170816","[1412857, 1396253, 1395807]"
"CBN-PdlC-E2-20170906","[1396253, 1412857, 1395807]"
"CBN-PdlC-E2-20180702","[1396253, 1396144, 1394911]"
"CBN-PdlC-E2-20180723","[1396253, 1393584, 1395807]"
"CBN-PdlC-E2-20180815","[1742053, 1396253, 1412857]"
"CBN-PdlC-E2-20180905","[1396253, 1412857, 1395807]"
"CBN-PdlC-E2-20190701","[1396253, 1394911, 1395807]"
"CBN-PdlC-E2-20190812","[1395807, 1397450, 1412857]"
"CBN-PdlC-E2-20190909","[1396253, 1395807, 1390793]"
"CBN-PdlC-E2-20200629","[1396144, 1396253, 1393584]"
"CBN-PdlC-E2-20200722","[1412857, 1396253, 1742053]"
"CBN-PdlC-E2-20200812","[1412857, 1396253, 1395807]"
"CBN-PdlC-E3-20130723","[1396253, 1397430, 1388766]"
"CBN-PdlC-E3-20130807","[1396253, 1395807, 1407739]"
"CBN-PdlC-E3-20130903","[1395870, 1396253, 1361106]"
"CBN-PdlC-E3-20140630","[1396253, 1363133, 1397528]"
"CBN-PdlC-E3-20140721","[1396253, 1395807, 1397528]"
"CBN-PdlC-E3-20140811","[1396253, 1397381, 1395807]"
"CBN-PdlC-E3-20140901","[1396253, 1395807, 1360748]"
"CBN-PdlC-E3-20150701","[1396253, 1393200, 1397528]"
"CBN-PdlC-E3-20150720","[1394311, 1396253, 1397430]"
"CBN-PdlC-E3-20150810","[1396253, 1397381, 1397386]"
"CBN-PdlC-E3-20150831","[1397386, 1396253, 1392293]"
"CBN-PdlC-E3-20160705","[1393200, 1396253, 1395807]"
"CBN-PdlC-E3-20160726","[1396253, 1397381, 1395807]"
"CBN-PdlC-E3-20170816","[1396253, 1395807, 1390778]"
"CBN-PdlC-E3-20170906","[1396253, 1394911, 1495503]"
"CBN-PdlC-E3-20180702","[1396253, 1397430, 1358624]"
"CBN-PdlC-E3-20180723","[1392241, 1396253, 1395807]"
"CBN-PdlC-E3-20180815","[1396253, 1397381, 1397386]"
"CBN-PdlC-E3-20180905","[1396253, 1397381, 1392534]"
"CBN-PdlC-E3-20190701","[1396253, 1359750, 1394311]"
"CBN-PdlC-E3-20190812","[1396253, 1395807, 1397381]"
"CBN-PdlC-E3-20190909","[1392059, 1396253, 1396970]"
"CBN-PdlC-E3-20200629","[1396253, 1361592, 1392541]"
"CBN-PdlC-E3-20200722","[1396253, 1395807, 1392352]"
"CBN-PdlC-E3-20200812","[1396253, 1392059, 1395807]"
"CBN-PdlC-E4-20130807","[1392608, 1396253, 1395807]"
"CBN-PdlC-E4-20130903","[1396253, 1392608, 1396843]"
"CBN-PdlC-E4-20140630","[1396253, 1397430, 1361367]"
"CBN-PdlC-E4-20140721","[1396253, 1392608, 1395807]"
"CBN-PdlC-E4-20140811","[1743456, 1396253, 1395807]"
"CBN-PdlC-E4-20140901","[1396253, 1392608, 1393494]"
"CBN-PdlC-E4-20150701","[1396253, 1397430, 1392608]"
"CBN-PdlC-E4-20150720","[1396843, 1396253, 1397381]"
"CBN-PdlC-E4-20150810","[1396253, 1393200, 1392260]"
"CBN-PdlC-E4-20160705","[1396253, 1361592, 1392608]"
"CBN-PdlC-E4-20160726","[1396253, 1393224, 1360130]"
"CBN-PdlC-E4-20170816","[1396253, 1396843, 1393339]"
"CBN-PdlC-E4-20170906","[1396253, 1393494, 1396843]"
"CBN-PdlC-E4-20180702","[1396253, 1361592, 1393681]"
"CBN-PdlC-E4-20180723","[1397279, 1392608, 1396253]"
"CBN-PdlC-E4-20180815","[1396253, 1393494, 1393659]"
"CBN-PdlC-E4-20180905","[1396253, 1392608, 1393494]"
"CBN-PdlC-E4-20190701","[1392241, 1396253, 1397430]"
"CBN-PdlC-E4-20190812","[1395807, 1363409, 1392666]"
"CBN-PdlC-E4-20190909","[1396843, 1392608, 1396253]"
"CBN-PdlC-E4-20200629","[1396253, 1392608, 1397430]"
"CBN-PdlC-E4-20200722","[1392608, 1396253, 1393681]"
"CBN-PdlC-E4-20200812","[1396253, 1392059, 1395807]"
"CBN-PdlC-E5-20130723","[1393200, 1392608, 1392534]"
"CBN-PdlC-E5-20130807","[1393200, 1392608, 1396253]"
"CBN-PdlC-E5-20130903","[1392632, 1393200, 1396843]"
"CBN-PdlC-E5-20140630","[1393200, 1392608, 1360299]"
"CBN-PdlC-E5-20140721","[1392608, 1396253, 1393494]"
"CBN-PdlC-E5-20140811","[1393200, 1361367, 1394311]"
"CBN-PdlC-E5-20150720","[1392608, 1392534, 1396253]"
"CBN-PdlC-E5-20150810","[1396253, 1392608, 1393200]"
"CBN-PdlC-E5-20150831","[1393200, 1396253, 1392611]"
"CBN-PdlC-E5-20160705","[1392608, 1393200, 1396253]"
"CBN-PdlC-E5-20160726","[1392608, 1361367, 1396253]"
"CBN-PdlC-E5-20170816","[1392608, 1396253, 1396843]"
"CBN-PdlC-E5-20170906","[1393200, 1392608, 1396253]"
"CBN-PdlC-E5-20180702","[1393200, 1396253, 1392608]"
"CBN-PdlC-E5-20180723","[1396253, 1396843, 1393200]"
"CBN-PdlC-E5-20180815","[1396843, 1396253, 1392608]"
"CBN-PdlC-E5-20180905","[1396253, 1392608, 1360748]"
"CBN-PdlC-E5-20190722","[1393200, 1396253, 1392608]"
"CBN-PdlC-E5-20190812","[1392608, 1396253, 1393200]"
"CBN-PdlC-E5-20190909","[1393200, 1396253, 1392608]"
"CBN-PdlC-E5-20200629","[1393200, 1396253, 1392608]"
"CBN-PdlC-E5-20200722","[1393200, 1396843, 1392534]"
"CBN-PdlC-E5-20200812","[1392608, 1396253, 1393200]"
"CBN-PdlC-E6-20130723","[1393494, 1397528, 1392608]"
"CBN-PdlC-E6-20130807","[1396843, 1396253, 1390793]"
"CBN-PdlC-E6-20130903","[1390793, 1393200, 1396843]"
"CBN-PdlC-E6-20140630","[1359750, 1393200, 1390761]"
"CBN-PdlC-E6-20140721","[1396253, 1396843, 1397353]"
"CBN-PdlC-E6-20140811","[1396843, 1393200, 1395807]"
"CBN-PdlC-E6-20150701","[1392534, 1393200, 1392535]"
"CBN-PdlC-E6-20150720","[1396843, 1392608, 1395807]"
"CBN-PdlC-E6-20150810","[1742053, 1392608, 1396843]"
"CBN-PdlC-E6-20150831","[1393200, 1392608, 1397497]"
"CBN-PdlC-E6-20160705","[1392541, 1392612, 1392608]"
"CBN-PdlC-E6-20160726","[1392534, 1392535, 1392608]"
"CBN-PdlC-E6-20170816","[1396843, 1396253, 1392608]"
"CBN-PdlC-E6-20170906","[1396843, 1363543, 1392534]"
"CBN-PdlC-E6-20180702","[1392608, 1392541, 1357220]"
"CBN-PdlC-E6-20180723","[1392535, 1392534, 1392608]"
"CBN-PdlC-E6-20180815","[1393200, 1396843, 1742053]"
"CBN-PdlC-E6-20180905","[1393200, 1396843, 1396253]"
"CBN-PdlC-E6-20190722","[1362273, 1393200, 1390793]"
"CBN-PdlC-E6-20190812","[1360748, 1393224, 1391427]"
"CBN-PdlC-E6-20190909","[1390793, 1392608, 1396843]"
"CBN-PdlC-E6-20200629","[1393200, 1394911, 1396253]"
"CBN-PdlC-E6-20200722","[1393200, 1396843, 1392534]"
"CBN-PdlC-E6-20200812","[1393200, 1396843, 1395807]"
"CBN-PdlC-F1-20130723","[1392541, 1362273, 1396144]"
"CBN-PdlC-F1-20130807","[1396144, 1396253, 1392541]"
"CBN-PdlC-F1-20130903","[1392534, 1392535, 1392541]"
"CBN-PdlC-F1-20140630","[1396144, 1396253, 1392541]"
"CBN-PdlC-F1-20140721","[1396144, 1362273, 1396253]"
"CBN-PdlC-F1-20140811","[1396144, 1397381, 1392535]"
"CBN-PdlC-F1-20140901","[1412857, 1742053, 1396144]"
"CBN-PdlC-F1-20150701","[1396144, 1392534, 1392535]"
"CBN-PdlC-F1-20150720","[1742053, 1396144, 1396253]"
"CBN-PdlC-F1-20150810","[1396253, 1742053, 1412857]"
"CBN-PdlC-F1-20150831","[1412857, 1396144, 1396253]"
"CBN-PdlC-F1-20160705","[1396253, 1396144, 1395807]"
"CBN-PdlC-F1-20160726","[1396144, 1396253, 1395807]"
"CBN-PdlC-F1-20170816","[1396144, 1396253, 1395807]"
"CBN-PdlC-F1-20170906","[1396253, 1396144, 1394911]"
"CBN-PdlC-F1-20180702","[1396253, 1392541, 1396144]"
"CBN-PdlC-F1-20180723","[1396144, 1396253, 1741880]"
"CBN-PdlC-F1-20180815","[1396253, 1396180, 1397381]"
"CBN-PdlC-F1-20180905","[1392541, 1396253, 1412857]"
"CBN-PdlC-F1-20190701","[1396144, 1396253, 1392541]"
"CBN-PdlC-F1-20190812","[1396253, 1388766, 1395807]"
"CBN-PdlC-F1-20190909","[1396144, 1396253, 1395807]"
"CBN-PdlC-F1-20200629","[1392541, 1396144, 1396253]"
"CBN-PdlC-F1-20200722","[1393584, 1396144, 1396843]"
"CBN-PdlC-F1-20200812","[1396144, 1396253, 1397381]"
"CBN-PdlC-F2-20130723","[1396253, 1397528, 1362273]"
"CBN-PdlC-F2-20130807","[1396253, 1412857, 1741880]"
"CBN-PdlC-F2-20130903","[1396253, 1741880, 1393200]"
"CBN-PdlC-F2-20140630","[1396253, 1396144, 1392608]"
"CBN-PdlC-F2-20140721","[1396144, 1396253, 1362273]"
"CBN-PdlC-F2-20140811","[1397381, 1742053, 1412857]"
"CBN-PdlC-F2-20140901","[1412857, 1361099, 1742053]"
"CBN-PdlC-F2-20150701","[1396253, 1397491, 1392608]"
"CBN-PdlC-F2-20150720","[1396253, 1395807, 1360985]"
"CBN-PdlC-F2-20150810","[1412857, 1396253, 1395807]"
"CBN-PdlC-F2-20150831","[1396253, 1395807, 1412857]"
"CBN-PdlC-F2-20160705","[1396253, 1397528, 1395807]"
"CBN-PdlC-F2-20160726","[1396253, 1363944, 1395807]"
"CBN-PdlC-F2-20170906","[1396253, 1396843, 1392541]"
"CBN-PdlC-F2-20180702","[1396253, 1412857, 1394597]"
"CBN-PdlC-F2-20180723","[1393584, 1396253, 1396144]"
"CBN-PdlC-F2-20180815","[1396253, 1397381, 1396843]"
"CBN-PdlC-F2-20180905","[1396144, 1396253, 1412857]"
"CBN-PdlC-F2-20190701","[1396253, 1742052, 1392541]"
"CBN-PdlC-F2-20190812","[1396253, 1395807, 1412857]"
"CBN-PdlC-F2-20190909","[1396253, 1396144, 1392565]"
"CBN-PdlC-F2-20200629","[1396253, 1396144, 1412857]"
"CBN-PdlC-F2-20200722","[1396144, 1396253, 1392534]"
"CBN-PdlC-F2-20200812","[1412857, 1397381, 1392541]"
"CBN-PdlC-F3-20130723","[1393200, 1668387, 1356422]"
"CBN-PdlC-F3-20130807","[1392608, 1738658, 1396253]"
"CBN-PdlC-F3-20130903","[1392608, 1360748, 1396253]"
"CBN-PdlC-F3-20140630","[1392608, 1360299, 1392611]"
"CBN-PdlC-F3-20140721","[1392608, 1397528, 1396253]"
"CBN-PdlC-F3-20140811","[1392608, 1395807, 1397381]"
"CBN-PdlC-F3-20140901","[1396253, 1392608, 1395807]"
"CBN-PdlC-F3-20150701","[1392608, 1396253, 1622914]"
"CBN-PdlC-F3-20150720","[1392608, 1396253, 1390793]"
"CBN-PdlC-F3-20150810","[1396253, 1651162, 1412857]"
"CBN-PdlC-F3-20150831","[1392608, 1396253, 1412857]"
"CBN-PdlC-F3-20160705","[1393659, 1361592, 1412857]"
"CBN-PdlC-F3-20160726","[1395807, 1392608, 1394643]"
"CBN-PdlC-F3-20170816","[1396253, 1392608, 1495503]"
"CBN-PdlC-F3-20170906","[1396253, 1392608, 1395000]"
"CBN-PdlC-F3-20180702","[1393200, 1393681, 1363543]"
"CBN-PdlC-F3-20180723","[1412857, 1392534, 1393619]"
"CBN-PdlC-F3-20180815","[1388766, 1356422, 1394311]"
"CBN-PdlC-F3-20180905","[1392608, 1396253, 1651427]"
"CBN-PdlC-F3-20190701","[1389986, 1393708, 1393200]"
"CBN-PdlC-F3-20190722","[1395807, 1393659, 1392608]"
"CBN-PdlC-F3-20190812","[1392608, 1395807, 1396253]"
"CBN-PdlC-F3-20190909","[1396253, 1392059, 1397386]"
"CBN-PdlC-F3-20200629","[1392608, 1393200, 1396253]"
"CBN-PdlC-F3-20200722","[1392608, 1397430, 1396253]"
"CBN-PdlC-F3-20200812","[1359697, 1395807, 1397381]"
"CBN-PdlC-F4-20130723","[1393200, 1396253, 1397500]"
"CBN-PdlC-F4-20130807","[1392608, 1393200, 1396843]"
"CBN-PdlC-F4-20130903","[1394542, 1393200, 1392608]"
"CBN-PdlC-F4-20140630","[1393200, 1392608, 1396253]"
"CBN-PdlC-F4-20140811","[1393200, 1360299, 1396843]"
"CBN-PdlC-F4-20140901","[1393200, 1396253, 1392608]"
"CBN-PdlC-F4-20150701","[1394311, 1392608, 1396253]"
"CBN-PdlC-F4-20150720","[1396253, 1392608, 1396843]"
"CBN-PdlC-F4-20150810","[1392608, 1393200, 1396843]"
"CBN-PdlC-F4-20150831","[1393200, 1392608, 1396253]"
"CBN-PdlC-F4-20160705","[1392608, 1393200, 1397430]"
"CBN-PdlC-F4-20160726","[1392608, 1396843, 1396253]"
"CBN-PdlC-F4-20170816","[1394366, 1396843, 1392241]"
"CBN-PdlC-F4-20170906","[1393200, 1396253, 1362482]"
"CBN-PdlC-F4-20180702","[1393200, 1397430, 1392608]"
"CBN-PdlC-F4-20180723","[1393200, 1392608, 1396843]"
"CBN-PdlC-F4-20180815","[1393200, 1392608, 1396253]"
"CBN-PdlC-F4-20180905","[1392608, 1396253, 1393200]"
"CBN-PdlC-F4-20190701","[1393200, 1392608, 1392612]"
"CBN-PdlC-F4-20190722","[1393200, 1396843, 1392608]"
"CBN-PdlC-F4-20190812","[1396253, 1392608, 1397386]"
"CBN-PdlC-F4-20190909","[1392608, 1396843, 1392059]"
"CBN-PdlC-F4-20200629","[1393200, 1392608, 1397430]"
"CBN-PdlC-F4-20200722","[1392608, 1397430, 1393200]"
"CBN-PdlC-F4-20200812","[1392059, 1392608, 1396253]"
"CBN-PdlC-F5-20130723","[1396253, 1392608, 1418688]"
"CBN-PdlC-F5-20130903","[1392608, 1396253, 1396843]"
"CBN-PdlC-F5-20140630","[1396253, 1392608, 1392611]"
"CBN-PdlC-F5-20140721","[1392608, 1396253, 1396843]"
"CBN-PdlC-F5-20140811","[1392608, 1396253, 1396843]"
"CBN-PdlC-F5-20150701","[1392608, 1396253, 1396843]"
"CBN-PdlC-F5-20150720","[1394548, 1392608, 1394542]"
"CBN-PdlC-F5-20150810","[1396253, 1392608, 1396843]"
"CBN-PdlC-F5-20150831","[1396253, 1396441, 1400017]"
"CBN-PdlC-F5-20160705","[1392608, 1396253, 1390793]"
"CBN-PdlC-F5-20160726","[1396253, 1392608, 1361367]"
"CBN-PdlC-F5-20170816","[1396253, 1396843, 1390793]"
"CBN-PdlC-F5-20170906","[1396253, 1396843, 1392608]"
"CBN-PdlC-F5-20180702","[1392608, 1396253, 1396843]"
"CBN-PdlC-F5-20180723","[1392608, 1396253, 1396843]"
"CBN-PdlC-F5-20180815","[1396253, 1396843, 1390793]"
"CBN-PdlC-F5-20180905","[1396253, 1396843, 1392608]"
"CBN-PdlC-F5-20190722","[1392608, 1359508, 1396253]"
"CBN-PdlC-F5-20190812","[1392608, 1360299, 1396253]"
"CBN-PdlC-F5-20190909","[1396253, 1392608, 1396843]"
"CBN-PdlC-F5-20200629","[1392608, 1396253, 1360299]"
"CBN-PdlC-F5-20200722","[1396843, 1392608, 1396253]"
"CBN-PdlC-F5-20200812","[1390761, 1396253, 1396843]"
"CBN-PdlC-F6-20130723","[1396843, 1357575, 1418612]"
"CBN-PdlC-F6-20130807","[1393200, 1390793, 1396843]"
"CBN-PdlC-F6-20130903","[1390793, 1396843, 1390761]"
"CBN-PdlC-F6-20140630","[1390793, 1390761, 1390837]"
"CBN-PdlC-F6-20140721","[1393200, 1392535, 1392534]"
"CBN-PdlC-F6-20140811","[1393200, 1392535, 1396843]"
"CBN-PdlC-F6-20150701","[1393200, 1392535, 1392632]"
"CBN-PdlC-F6-20150720","[1394542, 1392608, 1396843]"
"CBN-PdlC-F6-20150810","[1392608, 1361367, 1396843]"
"CBN-PdlC-F6-20150831","[1392608, 1390793, 1396843]"
"CBN-PdlC-F6-20160705","[1397528, 1359079, 1390793]"
"CBN-PdlC-F6-20160726","[1392534, 1392608, 1394548]"
"CBN-PdlC-F6-20170816","[1393200, 1392608, 1396843]"
"CBN-PdlC-F6-20170906","[1392608, 1396843, 1393200]"
"CBN-PdlC-F6-20180702","[1397279, 1390793, 1396843]"
"CBN-PdlC-F6-20180723","[1396843, 1395807, 1361367]"
"CBN-PdlC-F6-20180815","[1396843, 1741624, 1396253]"
"CBN-PdlC-F6-20180905","[1393200, 1396843, 1647156]"
"CBN-PdlC-F6-20190722","[1392541, 1390793, 1392608]"
"CBN-PdlC-F6-20190812","[1396843, 1400017, 1647156]"
"CBN-PdlC-F6-20190909","[1393200, 1394311, 1396843]"
"CBN-PdlC-F6-20200629","[1393200, 1390793, 1392608]"
"CBN-PdlC-F6-20200722","[1390793, 1393200, 1392534]"
"CBN-PdlC-F6-20200812","[1392534, 1393200, 1390793]"
"CBN-Pla-A1-20130808","[1396253, 1397475, 1395807]"
"CBN-Pla-A1-20130904","[1397475, 1395807, 1396253]"
"CBN-Pla-A1-20140722","[1397475, 1396253, 1395949]"
"CBN-Pla-A1-20140812","[1412857, 1397475, 1396144]"
"CBN-Pla-A1-20140902","[1397208, 1397475, 1724565]"
"CBN-Pla-A1-20150702","[1396094, 1396253, 1397475]"
"CBN-Pla-A1-20150723","[1397475, 1395807, 1400176]"
"CBN-Pla-A1-20150811","[1397475, 1395807, 1412857]"
"CBN-Pla-A1-20150901","[1400176, 1395807, 1396253]"
"CBN-Pla-A1-20160707","[1397475, 1357575, 1412857]"
"CBN-Pla-A1-20160728","[1397475, 1397043, 1395807]"
"CBN-Pla-A1-20180724","[1397475, 1394643, 1359587]"
"CBN-Pla-A1-20180816","[1396253, 1397475, 1395807]"
"CBN-Pla-A1-20180906","[1397475, 1412857, 1363630]"
"CBN-Pla-A1-20190723","[1396253, 1397475, 1395807]"
"CBN-Pla-A1-20190814","[1397475, 1412857, 1396253]"
"CBN-Pla-A1-20200630","[1366028, 1558119, 1741564]"
"CBN-Pla-A1-20200723","[1400176, 1397475, 1397043]"
"CBN-Pla-A1-20200814","[1412857, 1392552, 1742053]"
"CBN-Pla-A2-20130724","[1396015, 1397549, 1395949]"
"CBN-Pla-A2-20130808","[1396253, 1395807, 1412857]"
"CBN-Pla-A2-20130904","[1395973, 1396015, 1395807]"
"CBN-Pla-A2-20140722","[1396015, 1395949, 1396180]"
"CBN-Pla-A2-20140812","[1396144, 1395949, 1396015]"
"CBN-Pla-A2-20140902","[1396015, 1361367, 1395973]"
"CBN-Pla-A2-20150702","[1412857, 1396015, 1395949]"
"CBN-Pla-A2-20150723","[1396015, 1742053, 1395949]"
"CBN-Pla-A2-20150811","[1392552, 1396015, 1391881]"
"CBN-Pla-A2-20150901","[1396015, 1412857, 1396253]"
"CBN-Pla-A2-20160707","[1396015, 1396253, 1395949]"
"CBN-Pla-A2-20160728","[1412857, 1396015, 1395807]"
"CBN-Pla-A2-20180724","[1396180, 1363543, 1396018]"
"CBN-Pla-A2-20180816","[1412857, 1396015, 1396253]"
"CBN-Pla-A2-20180906","[1396015, 1395949, 1395973]"
"CBN-Pla-A2-20190723","[1412857, 1396144, 1742053]"
"CBN-Pla-A2-20190814","[1396015, 1396253, 1396144]"
"CBN-Pla-A2-20200723","[1397043, 1396253, 1395807]"
"CBN-Pla-A2-20200814","[1742053, 1412857, 1392552]"
"CBN-Pla-A3-20130724","[1396144, 1392534, 1391427]"
"CBN-Pla-A3-20130808","[1396253, 1395807, 1412857]"
"CBN-Pla-A3-20130904","[1412857, 1397049, 1397465]"
"CBN-Pla-A3-20140722","[1528543, 1396144, 1363543]"
"CBN-Pla-A3-20140812","[1395807, 1395870, 1396843]"
"CBN-Pla-A3-20140902","[1395807, 1394678, 1361367]"
"CBN-Pla-A3-20150702","[1396144, 1392186, 1532190]"
"CBN-Pla-A3-20150723","[1395807, 1741880, 1396843]"
"CBN-Pla-A3-20150811","[1412857, 1388766, 1395807]"
"CBN-Pla-A3-20150901","[1396253, 1412857, 1395807]"
"CBN-Pla-A3-20160707","[1396144, 1363543, 1393708]"
"CBN-Pla-A3-20160728","[1396144, 1412857, 1397043]"
"CBN-Pla-A3-20180724","[1363619, 1390837, 1396144]"
"CBN-Pla-A3-20180816","[1396144, 1396843, 1395807]"
"CBN-Pla-A3-20180906","[1396144, 1396843, 1395807]"
"CBN-Pla-A3-20190723","[1395807, 1396253, 1741880]"
"CBN-Pla-A3-20190814","[1361367, 1396144, 1395807]"
"CBN-Pla-A3-20200723","[1395807, 1397043, 1362482]"
"CBN-Pla-A3-20200814","[1396144, 1392541, 1392260]"
"CBN-Pla-A4-20130724","[1392241, 1743465, 1418688]"
"CBN-Pla-A4-20130808","[1741880, 1395870, 1395807]"
"CBN-Pla-A4-20130904","[1741880, 1395870, 1392186]"
"CBN-Pla-A4-20140722","[1744340, 1363543, 1741880]"
"CBN-Pla-A4-20140812","[1395870, 1741880, 1395807]"
"CBN-Pla-A4-20140902","[1741880, 1395870, 1363543]"
"CBN-Pla-A4-20150702","[1418688, 1741880, 1394311]"
"CBN-Pla-A4-20150723","[1395870, 1741880, 1396869]"
"CBN-Pla-A4-20150811","[1741880, 1395870, 1395807]"
"CBN-Pla-A4-20150901","[1395870, 1741880, 1395718]"
"CBN-Pla-A4-20160707","[1741880, 1363543, 1363619]"
"CBN-Pla-A4-20160728","[1397043, 1395870, 1395807]"
"CBN-Pla-A4-20180724","[1390783, 1588800, 1363133]"
"CBN-Pla-A4-20180816","[1741880, 1395870, 1397043]"
"CBN-Pla-A4-20180906","[1741880, 1395870, 1397043]"
"CBN-Pla-A4-20190723","[1741880, 1395870, 1396843]"
"CBN-Pla-A4-20190814","[1395870, 1741880, 1395807]"
"CBN-Pla-A4-20200723","[1741880, 1395870, 1396253]"
"CBN-Pla-A4-20200814","[1395870, 1741880, 1395807]"
"CBN-Pla-A5-20130724","[1744293, 1394596, 1392632]"
"CBN-Pla-A5-20130808","[1741880, 1395870, 1395807]"
"CBN-Pla-A5-20130904","[1741880, 1395870, 1392632]"
"CBN-Pla-A5-20140722","[1396144, 1394270, 1647156]"
"CBN-Pla-A5-20140812","[1395870, 1741880, 1396144]"
"CBN-Pla-A5-20140902","[1741880, 1395870, 1395807]"
"CBN-Pla-A5-20150702","[1395870, 1396144, 1741880]"
"CBN-Pla-A5-20150723","[1395870, 1741880, 1394643]"
"CBN-Pla-A5-20150811","[1395870, 1741880, 1412857]"
"CBN-Pla-A5-20160707","[1412857, 1741880, 1742053]"
"CBN-Pla-A5-20160728","[1395870, 1741880, 1396843]"
"CBN-Pla-A5-20180724","[1741880, 1395870, 1363543]"
"CBN-Pla-A5-20180816","[1395870, 1741880, 1742053]"
"CBN-Pla-A5-20180906","[1395870, 1741880, 1412857]"
"CBN-Pla-A5-20190723","[1741880, 1395870, 1361141]"
"CBN-Pla-A5-20190814","[1741880, 1395870, 1412857]"
"CBN-Pla-A5-20200723","[1741880, 1395870, 1360141]"
"CBN-Pla-A5-20200814","[1395870, 1742053, 1741880]"
"CBN-Pla-A6-20130724","[1396253, 1737701, 1529402]"
"CBN-Pla-A6-20130808","[1741880, 1395870, 1396253]"
"CBN-Pla-A6-20130904","[1741880, 1395870, 1395807]"
"CBN-Pla-A6-20140722","[1741880, 1395870, 1396253]"
"CBN-Pla-A6-20140812","[1395870, 1396144, 1741880]"
"CBN-Pla-A6-20140902","[1395870, 1741880, 1395807]"
"CBN-Pla-A6-20150702","[1396253, 1741880, 1396094]"
"CBN-Pla-A6-20150723","[1741880, 1395870, 1396869]"
"CBN-Pla-A6-20150811","[1741880, 1395870, 1396253]"
"CBN-Pla-A6-20150901","[1397381, 1392541, 1395870]"
"CBN-Pla-A6-20160707","[1396253, 1363543, 1395807]"
"CBN-Pla-A6-20160728","[1741880, 1395870, 1395807]"
"CBN-Pla-A6-20180724","[1396253, 1529410, 1392241]"
"CBN-Pla-A6-20180816","[1395870, 1741880, 1741624]"
"CBN-Pla-A6-20180906","[1396144, 1396253, 1741880]"
"CBN-Pla-A6-20190723","[1395870, 1395862, 1395807]"
"CBN-Pla-A6-20190814","[1395870, 1396843, 1361367]"
"CBN-Pla-A6-20200723","[1741624, 1395870, 1741880]"
"CBN-Pla-A6-20200814","[1741880, 1741624, 1395807]"
"CBN-Pla-B1-20130724","[1363133, 1393318, 1366028]"
"CBN-Pla-B1-20130808","[1396253, 1395807, 1741880]"
"CBN-Pla-B1-20130904","[1396253, 1400176, 1393224]"
"CBN-Pla-B1-20140722","[1390793, 1392241, 1396253]"
"CBN-Pla-B1-20140812","[1396253, 1412857, 1395807]"
"CBN-Pla-B1-20140902","[1396253, 1392541, 1742053]"
"CBN-Pla-B1-20150702","[1396253, 1394643, 1651427]"
"CBN-Pla-B1-20150723","[1361367, 1396253, 1395807]"
"CBN-Pla-B1-20150811","[1396253, 1741880, 1395807]"
"CBN-Pla-B1-20150901","[1396253, 1394311, 1742053]"
"CBN-Pla-B1-20160707","[1396253, 1412857, 1742053]"
"CBN-Pla-B1-20160728","[1396253, 1397043, 1397465]"
"CBN-Pla-B1-20180724","[1396253, 1363619, 1742053]"
"CBN-Pla-B1-20180816","[1396253, 1395807, 1412857]"
"CBN-Pla-B1-20180906","[1396253, 1609716, 1412857]"
"CBN-Pla-B1-20190723","[1396253, 1741880, 1392541]"
"CBN-Pla-B1-20190814","[1412857, 1651061, 1397381]"
"CBN-Pla-B1-20200630","[1393911, 1743300, 1399798]"
"CBN-Pla-B1-20200723","[1741880, 1742053, 1412857]"
"CBN-Pla-B1-20200814","[1397381, 1394643, 1388915]"
"CBN-Pla-B2-20130724","[1399798, 1363133, 1361347]"
"CBN-Pla-B2-20130808","[1412857, 1395807, 1396253]"
"CBN-Pla-B2-20130904","[1395807, 1363543, 1395870]"
"CBN-Pla-B2-20140722","[1741880, 1529402, 1529410]"
"CBN-Pla-B2-20140812","[1395807, 1396843, 1412857]"
"CBN-Pla-B2-20140902","[1395807, 1396843, 1395870]"
"CBN-Pla-B2-20150702","[1396253, 1412857, 1390793]"
"CBN-Pla-B2-20150723","[1396843, 1741880, 1396253]"
"CBN-Pla-B2-20150811","[1392552, 1396843, 1741880]"
"CBN-Pla-B2-20150901","[1396253, 1741880, 1396843]"
"CBN-Pla-B2-20160707","[1396253, 1741880, 1363615]"
"CBN-Pla-B2-20160728","[1395807, 1741880, 1396843]"
"CBN-Pla-B2-20180724","[1418688, 1390966, 1396107]"
"CBN-Pla-B2-20180816","[1741880, 1395807, 1396843]"
"CBN-Pla-B2-20180906","[1364066, 1395807, 1396843]"
"CBN-Pla-B2-20190723","[1741880, 1395807, 1394542]"
"CBN-Pla-B2-20190814","[1362482, 1741880, 1395870]"
"CBN-Pla-B2-20200723","[1397043, 1396253, 1395807]"
"CBN-Pla-B2-20200814","[1392186, 1393200, 1391706]"
"CBN-Pla-B3-20130724","[1390811, 1418612, 1418688]"
"CBN-Pla-B3-20130808","[1396253, 1395807, 1412857]"
"CBN-Pla-B3-20130904","[1396253, 1742053, 1412857]"
"CBN-Pla-B3-20140722","[1363543, 1396253, 1390811]"
"CBN-Pla-B3-20140812","[1396253, 1395807, 1397043]"
"CBN-Pla-B3-20140902","[1361367, 1396253, 1395807]"
"CBN-Pla-B3-20150811","[1396253, 1395807, 1412857]"
"CBN-Pla-B3-20150901","[1396253, 1361347, 1395807]"
"CBN-Pla-B3-20160707","[1396253, 1361347, 1395807]"
"CBN-Pla-B3-20160728","[1396253, 1355926, 1392260]"
"CBN-Pla-B3-20180724","[1394643, 1418688, 1390811]"
"CBN-Pla-B3-20180816","[1396253, 1395807, 1364066]"
"CBN-Pla-B3-20180906","[1396253, 1395807, 1394366]"
"CBN-Pla-B3-20190723","[1396253, 1395807, 1394643]"
"CBN-Pla-B3-20190814","[1697384, 1395807, 1392260]"
"CBN-Pla-B3-20200723","[1396253, 1412857, 1395807]"
"CBN-Pla-B3-20200814","[1396253, 1743471, 1397386]"
"CBN-Pla-B4-20130724","[1361347, 1397376, 1397386]"
"CBN-Pla-B4-20130808","[1395870, 1395807, 1397461]"
"CBN-Pla-B4-20130904","[1359835, 1395807, 1397046]"
"CBN-Pla-B4-20140722","[1361347, 1397376, 1651267]"
"CBN-Pla-B4-20140812","[1395807, 1396253, 1394311]"
"CBN-Pla-B4-20140902","[1361141, 1397386, 1395807]"
"CBN-Pla-B4-20150702","[1390837, 1396253, 1532190]"
"CBN-Pla-B4-20150723","[1394311, 1395807, 1395870]"
"CBN-Pla-B4-20150811","[1362325, 1396253, 1651061]"
"CBN-Pla-B4-20150901","[1396843, 1361347, 1395807]"
"CBN-Pla-B4-20160707","[1363543, 1396253, 1397386]"
"CBN-Pla-B4-20160728","[1397043, 1397046, 1395807]"
"CBN-Pla-B4-20180724","[1361347, 1396253, 1577392]"
"CBN-Pla-B4-20180816","[1397386, 1397043, 1395807]"
"CBN-Pla-B4-20180906","[1397043, 1396253, 1395807]"
"CBN-Pla-B4-20190723","[1395807, 1396843, 1396253]"
"CBN-Pla-B4-20190814","[1395870, 1394542, 1396253]"
"CBN-Pla-B4-20200723","[1397043, 1395807, 1396253]"
"CBN-Pla-B4-20200814","[1647156, 1395807, 1394311]"
"CBN-Pla-B5-20130724","[1396447, 1396441, 1396362]"
"CBN-Pla-B5-20130808","[1395870, 1741880, 1395807]"
"CBN-Pla-B5-20130904","[1397043, 1395807, 1741880]"
"CBN-Pla-B5-20140722","[1396253, 1363543, 1396447]"
"CBN-Pla-B5-20140812","[1396144, 1397043, 1395807]"
"CBN-Pla-B5-20140902","[1361367, 1395870, 1395807]"
"CBN-Pla-B5-20150702","[1393708, 1396144, 1744194]"
"CBN-Pla-B5-20150723","[1395870, 1395807, 1647677]"
"CBN-Pla-B5-20150811","[1395870, 1741880, 1395807]"
"CBN-Pla-B5-20150901","[1394311, 1395870, 1396144]"
"CBN-Pla-B5-20160707","[1395870, 1741880, 1396970]"
"CBN-Pla-B5-20160728","[1397043, 1391706, 1741880]"
"CBN-Pla-B5-20180724","[1363619, 1744340, 1532190]"
"CBN-Pla-B5-20180816","[1395870, 1395807, 1741880]"
"CBN-Pla-B5-20180906","[1741880, 1395870, 1360130]"
"CBN-Pla-B5-20190723","[1395807, 1396309, 1389986]"
"CBN-Pla-B5-20190814","[1395870, 1741880, 1397043]"
"CBN-Pla-B5-20200723","[1397049, 1397043, 1395807]"
"CBN-Pla-B5-20200814","[1397043, 1741880, 1395870]"
"CBN-Pla-B6-20130724","[1396144, 1358099, 1397491]"
"CBN-Pla-B6-20130808","[1396144, 1396253, 1397491]"
"CBN-Pla-B6-20130904","[1396144, 1396253, 1395807]"
"CBN-Pla-B6-20140722","[1396144, 1396180, 1397491]"
"CBN-Pla-B6-20140812","[1396144, 1396253, 1396023]"
"CBN-Pla-B6-20140902","[1396144, 1396015, 1396663]"
"CBN-Pla-B6-20150702","[1396253, 1395940, 1687875]"
"CBN-Pla-B6-20150723","[1396144, 1395807, 1395940]"
"CBN-Pla-B6-20150811","[1396144, 1396663, 1396015]"
"CBN-Pla-B6-20150901","[1396015, 1396253, 1396843]"
"CBN-Pla-B6-20160707","[1396144, 1396015, 1395973]"
"CBN-Pla-B6-20160728","[1396015, 1396144, 1395973]"
"CBN-Pla-B6-20180816","[1396144, 1395987, 1396015]"
"CBN-Pla-B6-20180906","[1396144, 1396015, 1395940]"
"CBN-Pla-B6-20190723","[1396144, 1396253, 1395807]"
"CBN-Pla-B6-20190814","[1396015, 1396144, 1395973]"
"CBN-Pla-B6-20200723","[1396144, 1388766, 1395807]"
"CBN-Pla-B6-20200814","[1396144, 1396015, 1395807]"
"CBN-Pla-C1-20130808","[1392534, 1741880, 1395870]"
"CBN-Pla-C1-20130904","[1395870, 1741880, 1400017]"
"CBN-Pla-C1-20150702","[1741880, 1396253, 1392534]"
"CBN-Pla-C1-20150723","[1395870, 1741880, 1392534]"
"CBN-Pla-C1-20150811","[1741880, 1395870, 1393224]"
"CBN-Pla-C1-20150901","[1742053, 1741880, 1395870]"
"CBN-Pla-C1-20160707","[1741880, 1395870, 1394911]"
"CBN-Pla-C1-20160728","[1395870, 1741880, 1394911]"
"CBN-Pla-C1-20180816","[1395870, 1741624, 1741880]"
"CBN-Pla-C1-20180906","[1741880, 1395870, 1392534]"
"CBN-Pla-C1-20190723","[1741880, 1392534, 1395870]"
"CBN-Pla-C1-20190814","[1400176, 1741880, 1395870]"
"CBN-Pla-C1-20200723","[1395870, 1741880, 1393200]"
"CBN-Pla-C1-20200814","[1741880, 1412857, 1395870]"
"CBN-Pla-C2-20130808","[1396253, 1741880, 1395807]"
"CBN-Pla-C2-20130904","[1741880, 1395870, 1412857]"
"CBN-Pla-C2-20140722","[1395949, 1743359, 1397513]"
"CBN-Pla-C2-20140902","[1412857, 1395870, 1741880]"
"CBN-Pla-C2-20150702","[1395870, 1741880, 1396144]"
"CBN-Pla-C2-20150723","[1741880, 1395870, 1395807]"
"CBN-Pla-C2-20150811","[1741880, 1395870, 1394643]"
"CBN-Pla-C2-20150901","[1394542, 1741880, 1395870]"
"CBN-Pla-C2-20160707","[1361141, 1393619, 1394311]"
"CBN-Pla-C2-20160728","[1400176, 1412857, 1742053]"
"CBN-Pla-C2-20180724","[1412857, 1744194, 1390837]"
"CBN-Pla-C2-20180816","[1412857, 1396253, 1400176]"
"CBN-Pla-C2-20180906","[1412857, 1396253, 1742053]"
"CBN-Pla-C2-20190723","[1396253, 1392534, 1394643]"
"CBN-Pla-C2-20190814","[1396253, 1397046, 1397043]"
"CBN-Pla-C2-20200723","[1396253, 1412857, 1450108]"
"CBN-Pla-C2-20200814","[1742053, 1396253, 1395807]"
"CBN-Pla-C3-20130808","[1395807, 1400176, 1394643]"
"CBN-Pla-C3-20130904","[1400176, 1363133, 1392767]"
"CBN-Pla-C3-20140722","[1395870, 1356359, 1390837]"
"CBN-Pla-C3-20140902","[1400176, 1741880, 1395870]"
"CBN-Pla-C3-20150702","[1407739, 1396094, 1741932]"
"CBN-Pla-C3-20150723","[1400176, 1741880, 1359835]"
"CBN-Pla-C3-20150811","[1400176, 1395807, 1741880]"
"CBN-Pla-C3-20150901","[1412857, 1741880, 1400176]"
"CBN-Pla-C3-20160707","[1394643, 1361703, 1390793]"
"CBN-Pla-C3-20160728","[1741880, 1395870, 1397043]"
"CBN-Pla-C3-20180724","[1418688, 1532190, 1390904]"
"CBN-Pla-C3-20180816","[1412857, 1742053, 1400176]"
"CBN-Pla-C3-20180906","[1741880, 1390899, 1412857]"
"CBN-Pla-C3-20190723","[1741880, 1395807, 1395870]"
"CBN-Pla-C3-20190814","[1741880, 1361367, 1394655]"
"CBN-Pla-C3-20200723","[1400176, 1741880, 1395870]"
"CBN-Pla-C3-20200814","[1400176, 1741880, 1390899]"
"CBN-Pla-C4-20130808","[1395807, 1396253, 1363543]"
"CBN-Pla-C4-20130904","[1360748, 1395807, 1363133]"
"CBN-Pla-C4-20140902","[1361099, 1395807, 1361367]"
"CBN-Pla-C4-20150702","[1390811, 1392565, 1392241]"
"CBN-Pla-C4-20150723","[1395807, 1400017, 1363543]"
"CBN-Pla-C4-20150811","[1396843, 1395870, 1395807]"
"CBN-Pla-C4-20150901","[1396869, 1395807, 1412857]"
"CBN-Pla-C4-20160707","[1397500, 1397106, 1397353]"
"CBN-Pla-C4-20160728","[1395807, 1397043, 1397046]"
"CBN-Pla-C4-20180724","[1397500, 1396253, 1390837]"
"CBN-Pla-C4-20180816","[1396253, 1412857, 1397500]"
"CBN-Pla-C4-20180906","[1396253, 1395807, 1397500]"
"CBN-Pla-C4-20190723","[1396253, 1395807, 1393200]"
"CBN-Pla-C4-20190814","[1396253, 1397500, 1395807]"
"CBN-Pla-C4-20200723","[1396253, 1397043, 1741880]"
"CBN-Pla-C4-20200814","[1742053, 1412857, 1396253]"
"CBN-Pla-C5-20130808","[1395807, 1396144, 1393947]"
"CBN-Pla-C5-20130904","[1396144, 1395807, 1397491]"
"CBN-Pla-C5-20140722","[1396144, 1397491, 1362489]"
"CBN-Pla-C5-20140902","[1396144, 1396869, 1362482]"
"CBN-Pla-C5-20150702","[1396144, 1609716, 1393224]"
"CBN-Pla-C5-20150723","[1395807, 1396144, 1359108]"
"CBN-Pla-C5-20150811","[1396144, 1396869, 1395807]"
"CBN-Pla-C5-20150901","[1396869, 1396144, 1742053]"
"CBN-Pla-C5-20160707","[1399800, 1395807, 1388766]"
"CBN-Pla-C5-20160728","[1395807, 1359835, 1394366]"
"CBN-Pla-C5-20180724","[1396144, 1361374, 1390783]"
"CBN-Pla-C5-20180816","[1395807, 1394366, 1397675]"
"CBN-Pla-C5-20180906","[1395807, 1397513, 1412857]"
"CBN-Pla-C5-20190723","[1395807, 1647156, 1363543]"
"CBN-Pla-C5-20190814","[1742053, 1395807, 1412857]"
"CBN-Pla-C5-20200723","[1742053, 1412857, 1395807]"
"CBN-Pla-C5-20200814","[1395807, 1361141, 1394311]"
"CBN-Pla-C6-20130808","[1396253, 1395807, 1361347]"
"CBN-Pla-C6-20130904","[1396253, 1395807, 1395870]"
"CBN-Pla-C6-20140902","[1395807, 1388766, 1363543]"
"CBN-Pla-C6-20150702","[1396253, 1363543, 1418688]"
"CBN-Pla-C6-20150723","[1395870, 1395807, 1741880]"
"CBN-Pla-C6-20150811","[1395807, 1394366, 1396253]"
"CBN-Pla-C6-20150901","[1742053, 1396253, 1390793]"
"CBN-Pla-C6-20160707","[1396253, 1741880, 1363543]"
"CBN-Pla-C6-20160728","[1396253, 1395807, 1395870]"
"CBN-Pla-C6-20180724","[1391781, 1396253, 1391774]"
"CBN-Pla-C6-20180816","[1396253, 1395807, 1741880]"
"CBN-Pla-C6-20180906","[1412857, 1742053, 1395807]"
"CBN-Pla-C6-20190723","[1395807, 1395870, 1741880]"
"CBN-Pla-C6-20190814","[1396253, 1395807, 1741880]"
"CBN-Pla-C6-20200723","[1396253, 1396144, 1395807]"
"CBN-Pla-C6-20200814","[1395807, 1741880, 1395870]"
"CBN-Pla-D1-20130808","[1396253, 1395807, 1412857]"
"CBN-Pla-D1-20130904","[1396253, 1396144, 1395807]"
"CBN-Pla-D1-20140722","[1396253, 1395940, 1390811]"
"CBN-Pla-D1-20140902","[1395870, 1396253, 1741880]"
"CBN-Pla-D1-20150702","[1744194, 1396253, 1392565]"
"CBN-Pla-D1-20150723","[1741880, 1395870, 1396253]"
"CBN-Pla-D1-20150811","[1396253, 1395807, 1395870]"
"CBN-Pla-D1-20150901","[1396253, 1396869, 1395807]"
"CBN-Pla-D1-20160707","[1396253, 1412857, 1361347]"
"CBN-Pla-D1-20160728","[1396253, 1395807, 1395718]"
"CBN-Pla-D1-20180724","[1361347, 1412857, 1397279]"
"CBN-Pla-D1-20180816","[1400176, 1395807, 1397043]"
"CBN-Pla-D1-20180906","[1412857, 1397450, 1396869]"
"CBN-Pla-D1-20190723","[1742053, 1412857, 1396253]"
"CBN-Pla-D1-20190814","[1394311, 1741880, 1412857]"
"CBN-Pla-D1-20200723","[1742053, 1412857, 1394911]"
"CBN-Pla-D1-20200814","[1742053, 1412857, 1394311]"
"CBN-Pla-D2-20130808","[1361347, 1396253, 1395807]"
"CBN-Pla-D2-20130904","[1396843, 1400176, 1359531]"
"CBN-Pla-D2-20140722","[1392541, 1396253, 1390837]"
"CBN-Pla-D2-20140902","[1396843, 1393200, 1363133]"
"CBN-Pla-D2-20150702","[1418612, 1391092, 1396253]"
"CBN-Pla-D2-20150723","[1396843, 1396253, 1395807]"
"CBN-Pla-D2-20150811","[1395807, 1743471, 1396843]"
"CBN-Pla-D2-20150901","[1396843, 1412857, 1742053]"
"CBN-Pla-D2-20160707","[1396843, 1742052, 1395870]"
"CBN-Pla-D2-20160728","[1412857, 1742053, 1400176]"
"CBN-Pla-D2-20180724","[1412857, 1390837, 1647156]"
"CBN-Pla-D2-20180816","[1412857, 1396253, 1397043]"
"CBN-Pla-D2-20180906","[1400176, 1396253, 1396843]"
"CBN-Pla-D2-20190723","[1742053, 1395807, 1400176]"
"CBN-Pla-D2-20190814","[1396253, 1742053, 1396843]"
"CBN-Pla-D2-20200723","[1400176, 1396843, 1396253]"
"CBN-Pla-D2-20200814","[1392552, 1742053, 1400176]"
"CBN-Pla-D3-20130808","[1395870, 1741880, 1395807]"
"CBN-Pla-D3-20130904","[1741880, 1395870, 1396253]"
"CBN-Pla-D3-20140722","[1363133, 1397376, 1390811]"
"CBN-Pla-D3-20140902","[1395870, 1396253, 1741880]"
"CBN-Pla-D3-20150702","[1407739, 1397500, 1396253]"
"CBN-Pla-D3-20150723","[1741880, 1395870, 1396253]"
"CBN-Pla-D3-20150811","[1392534, 1395870, 1396253]"
"CBN-Pla-D3-20150901","[1395870, 1742053, 1396253]"
"CBN-Pla-D3-20160707","[1397500, 1396094, 1393200]"
"CBN-Pla-D3-20160728","[1395870, 1741880, 1397500]"
"CBN-Pla-D3-20180724","[1390793, 1361347, 1396253]"
"CBN-Pla-D3-20180816","[1412857, 1741880, 1396253]"
"CBN-Pla-D3-20180906","[1396253, 1395870, 1412857]"
"CBN-Pla-D3-20190723","[1741880, 1395870, 1396253]"
"CBN-Pla-D3-20190814","[1741880, 1395870, 1396253]"
"CBN-Pla-D3-20200723","[1396253, 1400176, 1741880]"
"CBN-Pla-D3-20200814","[1392552, 1741880, 1397043]"
"CBN-Pla-D4-20130808","[1741880, 1395870, 1396253]"
"CBN-Pla-D4-20130904","[1396144, 1396253, 1397465]"
"CBN-Pla-D4-20140722","[1396253, 1395949, 1396144]"
"CBN-Pla-D4-20140902","[1396253, 1395807, 1395870]"
"CBN-Pla-D4-20150702","[1396253, 1743471, 1392260]"
"CBN-Pla-D4-20150723","[1742052, 1395807, 1396253]"
"CBN-Pla-D4-20150811","[1396253, 1395807, 1741880]"
"CBN-Pla-D4-20150901","[1396253, 1741880, 1395870]"
"CBN-Pla-D4-20160707","[1396253, 1390793, 1395870]"
"CBN-Pla-D4-20160728","[1361367, 1396253, 1397043]"
"CBN-Pla-D4-20180724","[1396253, 1390904, 1396107]"
"CBN-Pla-D4-20180816","[1397046, 1396253, 1395870]"
"CBN-Pla-D4-20180906","[1395870, 1396253, 1395807]"
"CBN-Pla-D4-20190723","[1395870, 1395807, 1361077]"
"CBN-Pla-D4-20190814","[1395870, 1741880, 1395807]"
"CBN-Pla-D4-20200723","[1396253, 1395870, 1400017]"
"CBN-Pla-D4-20200814","[1395870, 1396253, 1741880]"
"CBN-Pla-D5-20130808","[1396253, 1396144, 1412857]"
"CBN-Pla-D5-20130904","[1396253, 1395807, 1394311]"
"CBN-Pla-D5-20140722","[1396144, 1390811, 1396160]"
"CBN-Pla-D5-20140902","[1396144, 1361367, 1394311]"
"CBN-Pla-D5-20150702","[1396253, 1390793, 1609716]"
"CBN-Pla-D5-20150723","[1396144, 1390883, 1395807]"
"CBN-Pla-D5-20150811","[1396253, 1395807, 1361367]"
"CBN-Pla-D5-20150901","[1396144, 1394311, 1396843]"
"CBN-Pla-D5-20160707","[1392541, 1395807, 1388766]"
"CBN-Pla-D5-20160728","[1396253, 1395807, 1394366]"
"CBN-Pla-D5-20180724","[1396253, 1363543, 1390495]"
"CBN-Pla-D5-20180816","[1396253, 1397043, 1395807]"
"CBN-Pla-D5-20180906","[1396253, 1396843, 1395807]"
"CBN-Pla-D5-20190723","[1396253, 1360748, 1395807]"
"CBN-Pla-D5-20190814","[1396144, 1397043, 1397046]"
"CBN-Pla-D5-20200723","[1396253, 1395807, 1412857]"
"CBN-Pla-D6-20130808","[1395807, 1412857, 1396253]"
"CBN-Pla-D6-20130904","[1392535, 1392534, 1392541]"
"CBN-Pla-D6-20140722","[1744293, 1399800, 1396144]"
"CBN-Pla-D6-20140902","[1392552, 1395807, 1392566]"
"CBN-Pla-D6-20150702","[1391774, 1391781, 1744293]"
"CBN-Pla-D6-20150723","[1395807, 1394366, 1394911]"
"CBN-Pla-D6-20150811","[1392552, 1412857, 1395807]"
"CBN-Pla-D6-20150901","[1396843, 1396253, 1392541]"
"CBN-Pla-D6-20160707","[1741880, 1394911, 1392541]"
"CBN-Pla-D6-20160728","[1396253, 1392541, 1395807]"
"CBN-Pla-D6-20180724","[1744293, 1412857, 1399800]"
"CBN-Pla-D6-20180816","[1397043, 1412857, 1395807]"
"CBN-Pla-D6-20180906","[1396253, 1397043, 1394366]"
"CBN-Pla-D6-20190723","[1396144, 1395807, 1412857]"
"CBN-Pla-D6-20190814","[1396843, 1495503, 1395807]"
"CBN-Pla-D6-20200723","[1395807, 1396253, 1412857]"
"CBN-Pla-D6-20200814","[1392552, 1395807, 1396253]"
"CBN-Pla-E1-20130808","[1396144, 1396253, 1397491]"
"CBN-Pla-E1-20130904","[1396144, 1396253, 1647128]"
"CBN-Pla-E1-20140722","[1396144, 1744293, 1399800]"
"CBN-Pla-E1-20140902","[1396144, 1396253, 1397491]"
"CBN-Pla-E1-20150702","[1396144, 1396253, 1396015]"
"CBN-Pla-E1-20150723","[1396144, 1741624, 1396253]"
"CBN-Pla-E1-20150901","[1396144, 1396253, 1361141]"
"CBN-Pla-E1-20160707","[1396144, 1392541, 1392535]"
"CBN-Pla-E1-20160728","[1396144, 1392535, 1392534]"
"CBN-Pla-E1-20180816","[1396144, 1396253, 1744479]"
"CBN-Pla-E1-20180906","[1396144, 1394542, 1396253]"
"CBN-Pla-E1-20190723","[1392535, 1392541, 1392534]"
"CBN-Pla-E1-20190814","[1396253, 1396144, 1744479]"
"CBN-Pla-E1-20200630","[1396253, 1397491, 1395948]"
"CBN-Pla-E1-20200723","[1396144, 1396843, 1744479]"
"CBN-Pla-E1-20200814","[1744479, 1396362, 1647128]"
"CBN-Pla-E2-20130808","[1396144, 1738749, 1396253]"
"CBN-Pla-E2-20130904","[1396144, 1396253, 1396272]"
"CBN-Pla-E2-20140722","[1396144, 1396253, 1396272]"
"CBN-Pla-E2-20140902","[1396144, 1396253, 1394542]"
"CBN-Pla-E2-20150702","[1396144, 1396253, 1396272]"
"CBN-Pla-E2-20150723","[1396253, 1396144, 1396272]"
"CBN-Pla-E2-20150901","[1396144, 1396253, 1742053]"
"CBN-Pla-E2-20160707","[1396253, 1396144, 1400176]"
"CBN-Pla-E2-20160728","[1400176, 1396144, 1413349]"
"CBN-Pla-E2-20180724","[1396253, 1396144, 1363543]"
"CBN-Pla-E2-20180816","[1396253, 1741624, 1396144]"
"CBN-Pla-E2-20180906","[1742053, 1412857, 1396253]"
"CBN-Pla-E2-20190723","[1396144, 1396253, 1396362]"
"CBN-Pla-E2-20190814","[1742053, 1396144, 1396253]"
"CBN-Pla-E2-20200630","[1396253, 1396144, 1358099]"
"CBN-Pla-E2-20200723","[1396253, 1647128, 1741624]"
"CBN-Pla-E2-20200814","[1396253, 1742053, 1744479]"
"CBN-Pla-E3-20130808","[1396144, 1396253, 1412857]"
"CBN-Pla-E3-20130904","[1396144, 1396253, 1394641]"
"CBN-Pla-E3-20140722","[1396144, 1396253, 1395949]"
"CBN-Pla-E3-20140902","[1396843, 1412857, 1396144]"
"CBN-Pla-E3-20150702","[1396253, 1396144, 1412857]"
"CBN-Pla-E3-20150723","[1396253, 1397043, 1396843]"
"CBN-Pla-E3-20150811","[1396253, 1412857, 1744194]"
"CBN-Pla-E3-20150901","[1412857, 1396253, 1742053]"
"CBN-Pla-E3-20160707","[1396253, 1396144, 1395948]"
"CBN-Pla-E3-20160728","[1412857, 1396253, 1400155]"
"CBN-Pla-E3-20180724","[1396253, 1394641, 1412857]"
"CBN-Pla-E3-20180816","[1397043, 1396253, 1396843]"
"CBN-Pla-E3-20180906","[1412857, 1396253, 1742053]"
"CBN-Pla-E3-20190723","[1392535, 1392534, 1396253]"
"CBN-Pla-E3-20190814","[1396253, 1742053, 1742052]"
"CBN-Pla-E3-20200630","[1392534, 1742053, 1360981]"
"CBN-Pla-E3-20200723","[1396253, 1397049, 1412857]"
"CBN-Pla-E3-20200814","[1412857, 1400176, 1742053]"
"CBN-Pla-E4-20130808","[1396253, 1394643, 1396843]"
"CBN-Pla-E4-20130904","[1396843, 1396253, 1397106]"
"CBN-Pla-E4-20140722","[1396253, 1395967, 1392535]"
"CBN-Pla-E4-20140902","[1361367, 1396843, 1396253]"
"CBN-Pla-E4-20150702","[1396253, 1396843, 1397317]"
"CBN-Pla-E4-20150811","[1396843, 1400176, 1396253]"
"CBN-Pla-E4-20150901","[1396253, 1396843, 1400176]"
"CBN-Pla-E4-20160707","[1396253, 1363543, 1400176]"
"CBN-Pla-E4-20160728","[1395718, 1392241, 1396253]"
"CBN-Pla-E4-20180724","[1396253, 1396843, 1392534]"
"CBN-Pla-E4-20180816","[1392534, 1396253, 1397046]"
"CBN-Pla-E4-20180906","[1397043, 1396253, 1395718]"
"CBN-Pla-E4-20190723","[1396253, 1395807, 1399800]"
"CBN-Pla-E4-20190814","[1396843, 1396253, 1427744]"
"CBN-Pla-E4-20200630","[1399798, 1744294, 1396253]"
"CBN-Pla-E4-20200723","[1396144, 1397043, 1397046]"
"CBN-Pla-E4-20200814","[1396253, 1396843, 1397046]"
"CBN-Pla-E5-20130808","[1396253, 1395807, 1392541]"
"CBN-Pla-E5-20130904","[1396843, 1395807, 1397386]"
"CBN-Pla-E5-20140722","[1392534, 1394603, 1418211]"
"CBN-Pla-E5-20140902","[1744194, 1395870, 1394542]"
"CBN-Pla-E5-20150702","[1396843, 1392534, 1396253]"
"CBN-Pla-E5-20150723","[1394311, 1395807, 1651267]"
"CBN-Pla-E5-20150811","[1394311, 1363618, 1392534]"
"CBN-Pla-E5-20150901","[1396843, 1395807, 1363618]"
"CBN-Pla-E5-20160707","[1392541, 1394643, 1399798]"
"CBN-Pla-E5-20160728","[1392535, 1392534, 1399798]"
"CBN-Pla-E5-20180724","[1399798, 1363618, 1391427]"
"CBN-Pla-E5-20180816","[1392534, 1392541, 1392535]"
"CBN-Pla-E5-20180906","[1392534, 1392541, 1356422]"
"CBN-Pla-E5-20190723","[1396843, 1395807, 1400175]"
"CBN-Pla-E5-20190814","[1396843, 1395807, 1392541]"
"CBN-Pla-E5-20200630","[1364066, 1392565, 1363618]"
"CBN-Pla-E5-20200723","[1400176, 1392534, 1395807]"
"CBN-Pla-E5-20200814","[1362482, 1396843, 1392541]"
"CBN-Pla-E6-20130808","[1396253, 1396144, 1395807]"
"CBN-Pla-E6-20130904","[1396253, 1395807, 1741880]"
"CBN-Pla-E6-20140722","[1396253, 1737701, 1412857]"
"CBN-Pla-E6-20140902","[1412857, 1742053, 1361275]"
"CBN-Pla-E6-20150702","[1396253, 1412857, 1388766]"
"CBN-Pla-E6-20150723","[1412857, 1743456, 1395807]"
"CBN-Pla-E6-20150811","[1741880, 1412857, 1742053]"
"CBN-Pla-E6-20150901","[1396253, 1412857, 1741624]"
"CBN-Pla-E6-20160707","[1396253, 1742053, 1412857]"
"CBN-Pla-E6-20160728","[1396253, 1396144, 1412857]"
"CBN-Pla-E6-20180724","[1390783, 1399798, 1743506]"
"CBN-Pla-E6-20180816","[1412857, 1397043, 1396253]"
"CBN-Pla-E6-20180906","[1742053, 1412857, 1396253]"
"CBN-Pla-E6-20190723","[1395807, 1396253, 1412857]"
"CBN-Pla-E6-20190814","[1397043, 1396253, 1741624]"
"CBN-Pla-E6-20200723","[1396253, 1412857, 1397046]"
"CBN-Pla-E6-20200814","[1742053, 1412857, 1396253]"
"CBN-Pla-F1-20130808","[1647128, 1363543, 1741624]"
"CBN-Pla-F1-20130904","[1741624, 1390793, 1580587]"
"CBN-Pla-F1-20140722","[1394597, 1399800, 1397461]"
"CBN-Pla-F1-20140902","[1744479, 1647156, 1399082]"
"CBN-Pla-F1-20150702","[1413349, 1647156, 1741624]"
"CBN-Pla-F1-20150723","[1413349, 1647128, 1744479]"
"CBN-Pla-F1-20150901","[1647128, 1728573, 1400017]"
"CBN-Pla-F1-20160707","[1393679, 1744194, 1361367]"
"CBN-Pla-F1-20160728","[1647156, 1396296, 1728573]"
"CBN-Pla-F1-20180724","[1356422, 1647128, 1389597]"
"CBN-Pla-F1-20180816","[1741624, 1361233, 1392541]"
"CBN-Pla-F1-20180906","[1728573, 1400176, 1392260]"
"CBN-Pla-F1-20190723","[1741624, 1580588, 1580587]"
"CBN-Pla-F1-20190814","[1400176, 1743471, 1393494]"
"CBN-Pla-F1-20200630","[1363543, 1390837, 1363534]"
"CBN-Pla-F1-20200723","[1397043, 1397046, 1741624]"
"CBN-Pla-F1-20200814","[1400176, 1741624, 1361275]"
"CBN-Pla-F2-20130808","[1396253, 1392657, 1396144]"
"CBN-Pla-F2-20130904","[1744479, 1647156, 1419963]"
"CBN-Pla-F2-20140722","[1396144, 1397491, 1396253]"
"CBN-Pla-F2-20140902","[1412857, 1392541, 1743471]"
"CBN-Pla-F2-20150702","[1396253, 1396144, 1394311]"
"CBN-Pla-F2-20150723","[1741624, 1580588, 1412857]"
"CBN-Pla-F2-20150901","[1391359, 1412857, 1396253]"
"CBN-Pla-F2-20160707","[1396253, 1412857, 1392241]"
"CBN-Pla-F2-20160728","[1741624, 1395718, 1396253]"
"CBN-Pla-F2-20180724","[1396253, 1396144, 1395948]"
"CBN-Pla-F2-20180816","[1412857, 1396253, 1743315]"
"CBN-Pla-F2-20180906","[1395718, 1412857, 1396253]"
"CBN-Pla-F2-20190723","[1397208, 1741624, 1396253]"
"CBN-Pla-F2-20190814","[1395718, 1394311, 1396253]"
"CBN-Pla-F2-20200630","[1399798, 1396253, 1394595]"
"CBN-Pla-F2-20200723","[1396253, 1741624, 1394865]"
"CBN-Pla-F2-20200814","[1742053, 1392541, 1388915]"
"CBN-Pla-F3-20130808","[1396253, 1390793, 1394438]"
"CBN-Pla-F3-20130904","[1394438, 1394441, 1394444]"
"CBN-Pla-F3-20140722","[1396253, 1647156, 1396144]"
"CBN-Pla-F3-20140902","[1396144, 1396253, 1397106]"
"CBN-Pla-F3-20150702","[1396253, 1392541, 1363409]"
"CBN-Pla-F3-20150723","[1396253, 1741624, 1418612]"
"CBN-Pla-F3-20150811","[1396253, 1396144, 1744479]"
"CBN-Pla-F3-20150901","[1744479, 1396144, 1647156]"
"CBN-Pla-F3-20160707","[1394438, 1396253, 1390793]"
"CBN-Pla-F3-20160728","[1396144, 1394438, 1396253]"
"CBN-Pla-F3-20180724","[1396253, 1391427, 1528543]"
"CBN-Pla-F3-20180816","[1396253, 1412857, 1396144]"
"CBN-Pla-F3-20180906","[1396253, 1412857, 1741624]"
"CBN-Pla-F3-20190723","[1396253, 1412857, 1396144]"
"CBN-Pla-F3-20190814","[1394438, 1394444, 1396253]"
"CBN-Pla-F3-20200630","[1396253, 1363133, 1359965]"
"CBN-Pla-F3-20200723","[1396253, 1396144, 1412857]"
"CBN-Pla-F3-20200814","[1396144, 1396253, 1412857]"
"CBN-Pla-F4-20130808","[1396144, 1396253, 1361367]"
"CBN-Pla-F4-20130904","[1396253, 1394643, 1361367]"
"CBN-Pla-F4-20140722","[1396144, 1412857, 1359965]"
"CBN-Pla-F4-20150723","[1744479, 1647156, 1396362]"
"CBN-Pla-F4-20150811","[1413349, 1744479, 1394311]"
"CBN-Pla-F4-20150901","[1396144, 1412857, 1742053]"
"CBN-Pla-F4-20160707","[1412857, 1396253, 1742053]"
"CBN-Pla-F4-20160728","[1742053, 1412857, 1396253]"
"CBN-Pla-F4-20180724","[1363543, 1394643, 1355914]"
"CBN-Pla-F4-20180816","[1412857, 1742053, 1396253]"
"CBN-Pla-F4-20180906","[1412857, 1742053, 1396253]"
"CBN-Pla-F4-20190723","[1412857, 1396253, 1395807]"
"CBN-Pla-F4-20190814","[1412857, 1742053, 1396253]"
"CBN-Pla-F4-20200630","[1356228, 1363133, 1360035]"
"CBN-Pla-F4-20200723","[1412857, 1742053, 1396253]"
"CBN-Pla-F4-20200814","[1742053, 1412857, 1744479]"
"CBN-Pla-F5-20130808","[1396253, 1396144, 1397491]"
"CBN-Pla-F5-20130904","[1396253, 1392241, 1390837]"
"CBN-Pla-F5-20140722","[1392241, 1363543, 1396253]"
"CBN-Pla-F5-20140902","[1400176, 1396253, 1361347]"
"CBN-Pla-F5-20150702","[1396253, 1407739, 1396843]"
"CBN-Pla-F5-20150723","[1396253, 1396843, 1391706]"
"CBN-Pla-F5-20150811","[1396253, 1361275, 1396843]"
"CBN-Pla-F5-20150901","[1396253, 1396843, 1412857]"
"CBN-Pla-F5-20160707","[1396253, 1412857, 1394865]"
"CBN-Pla-F5-20160728","[1396253, 1400176, 1395807]"
"CBN-Pla-F5-20180724","[1396253, 1358099, 1390783]"
"CBN-Pla-F5-20180816","[1397043, 1396253, 1400176]"
"CBN-Pla-F5-20180906","[1396253, 1396843, 1397043]"
"CBN-Pla-F5-20190723","[1396253, 1395807, 1396117]"
"CBN-Pla-F5-20190814","[1396253, 1397046, 1397043]"
"CBN-Pla-F5-20200723","[1396253, 1397043, 1395807]"
"CBN-Pla-F5-20200814","[1396253, 1400176, 1394542]"
"CBN-Pla-F6-20130808","[1396253, 1392241, 1395862]"
"CBN-Pla-F6-20130904","[1396843, 1396253, 1363273]"
"CBN-Pla-F6-20140722","[1396253, 1609716, 1743315]"
"CBN-Pla-F6-20140902","[1392241, 1396253, 1396843]"
"CBN-Pla-F6-20150702","[1396253, 1392484, 1394643]"
"CBN-Pla-F6-20150723","[1396253, 1392541, 1396843]"
"CBN-Pla-F6-20150811","[1396843, 1396253, 1359138]"
"CBN-Pla-F6-20150901","[1396253, 1396843, 1742053]"
"CBN-Pla-F6-20160707","[1396253, 1609716, 1396843]"
"CBN-Pla-F6-20160728","[1396253, 1397043, 1360130]"
"CBN-Pla-F6-20180724","[1396253, 1398699, 1360222]"
"CBN-Pla-F6-20180816","[1396253, 1397043, 1395000]"
"CBN-Pla-F6-20180906","[1396253, 1396843, 1397043]"
"CBN-Pla-F6-20190723","[1396144, 1396253, 1396843]"
"CBN-Pla-F6-20190814","[1396253, 1412857, 1742053]"
"CBN-Pla-F6-20200723","[1397043, 1396253, 1392241]"
"CBN-Pla-F6-20200814","[1396253, 1396144, 1397046]"
"CBN-Pyr-01-20230706","[1396843, 1362442, 1359508]"
"CBN-Pyr-03-20230706","[1396015, 1741624, 1395973]"
"CBN-can-A1-20230705","[1392608, 1360299, 1396253]"
"CBN-can-A2-20230705","[1393200, 1392352, 1508026]"
"CBN-can-A3-20230705","[1393200, 1396144, 1392534]"
"CBN-can-A5-20230705","[1392534, 1392535, 1397475]"
"CBN-can-A6-20230705","[1397475, 1393200, 1396253]"
"CBN-can-B1-20230705","[1392608, 1396144, 1742053]"
"CBN-can-B2-20230705","[1392608, 1400101, 1412857]"
"CBN-can-B3-20230705","[1393200, 1393619, 1396144]"
"CBN-can-B4-20230705","[1397475, 1393200, 1391648]"
"CBN-can-B5-20230705","[1392535, 1397475, 1392534]"
"CBN-can-B6-20230705","[1393679, 1393200, 1397475]"
"CBN-can-C1-20230705","[1393200, 1396253, 1360872]"
"CBN-can-C2-20230705","[1393200, 1412857, 1395807]"
"CBN-can-C3-20230705","[1396253, 1395807, 1392541]"
"CBN-can-C4-20230705","[1393200, 1395807, 1364066]"
"CBN-can-D1-20230705","[1396253, 1395807, 1392241]"
"CBN-can-D2-20230705","[1396253, 1395807, 1391092]"
"CBN-can-D3-20230705","[1396253, 1413349, 1391092]"
"CBN-can-D4-20230705","[1392535, 1395807, 1400101]"
"CBN-can-E1-20230706","[1392608, 1392612, 1396144]"
"CBN-can-E2-20230706","[1395807, 1393584, 1393619]"
"CBN-can-E3-20230706","[1392534, 1397430, 1392535]"
"CBN-can-E4-20230706","[1397430, 1396253, 1395807]"
"CBN-can-E5-20230706","[1392535, 1392608, 1392534]"
"CBN-can-E6-20230706","[1392535, 1392534, 1393200]"
"CBN-can-F1-20230705","[1392534, 1392535, 1412857]"
"CBN-can-F2-20230706","[1396144, 1396253, 1393619]"
"CBN-can-F3-20230706","[1412857, 1397430, 1395807]"
"CBN-can-F4-20230706","[1397430, 1360748, 1395807]"
"CBN-can-F5-20230706","[1392608, 1392614, 1396253]"
"GUARDEN-AMB-CF04-1-10-20240325","[1359344, 1363302, 1393770]"
"GUARDEN-AMB-CF04-1-5-20240325","[1363302, 1359344, 1363882]"
"GUARDEN-AMB-CF21-1-1-20240326","[1388812, 1363302, 1737651]"
"GUARDEN-AMB-CF21-1-10-20240326","[1363302, 1399739, 1744602]"
"GUARDEN-AMB-CF21-1-2-20240326","[1358203, 1363302, 1360719]"
"GUARDEN-AMB-CF21-1-3-20240326","[1359344, 1360719, 1363302]"
"GUARDEN-AMB-CF21-1-4-20240326","[1359344, 1360978, 1363302]"
"GUARDEN-AMB-CF21-1-5-20240326","[1359344, 1363302, 1359297]"
"GUARDEN-AMB-CF21-1-6-20240326","[1359344, 1363302, 1738652]"
"GUARDEN-AMB-CF21-1-7-20240326","[1363302, 1724816, 1744602]"
"GUARDEN-AMB-CF21-1-8-20240326","[1359344, 1363302, 1743249]"
"GUARDEN-AMB-CF21-1-9-20240326","[1399739, 1398786, 1744602]"
"GUARDEN-AMB-GV04-1-3-20240326","[1359297, 1359344, 1359298]"
"GUARDEN-AMB-GV04-1-4-20240326","[1359297, 1359344, 1359298]"
"GUARDEN-AMB-GV04-1-5-20240326","[1359297, 1359298, 1743990]"
"GUARDEN-AMB-GV04-1-6-20240326","[1359297, 1359298, 1399739]"
"GUARDEN-AMB-GV04-1-7-20240326","[1359297, 1399739, 1359298]"
"GUARDEN-AMB-PR13-1-10-20240417","[1360701, 1359297, 1359914]"
"GUARDEN-AMB-PR13-1-2-20240417","[1360701, 1722578, 1721018]"
"GUARDEN-AMB-PR13-1-3-20240417","[1360701, 1721018, 1359297]"
"GUARDEN-AMB-PR13-1-4-20240417","[1721018, 1364037, 1722578]"
"GUARDEN-AMB-PR13-1-8-20240417","[1359344, 1359298, 1721018]"
"GUARDEN-AMB-PR20-1-1-20240424","[1393522, 1722433, 1722441]"
"GUARDEN-AMB-PR20-1-10-20240424","[1359297, 1359344, 1359298]"
"GUARDEN-AMB-PR20-1-8-20240424","[1359344, 1359297, 1425238]"
"GUARDEN-AMB-SA03-1-1-20240626","[1359344, 1360381, 1399739]"
"GUARDEN-AMB-SA03-1-10-20240626","[1356333, 1360035, 1361732]"
"GUARDEN-AMB-SA03-1-2-20240626","[1359344, 1359297, 1738652]"
"GUARDEN-AMB-SA03-1-3-20240626","[1359344, 1358203, 1360381]"
"GUARDEN-AMB-SA03-1-4-20240626","[1359344, 1360978, 1359437]"
"GUARDEN-AMB-SA03-1-5-20240626","[1359344, 1359424, 1360978]"
"GUARDEN-AMB-SA03-1-9-20240626","[1356905, 1359298, 1359297]"
"GUARDEN-AMB-VC03-1-3-20240417","[1359344, 1356905, 1394421]"
"GUARDEN-AMB-VC03-1-4-20240417","[1356905, 1359344, 1359297]"
"GUARDEN-AMB-VC03-1-5-20240417","[1356905, 1359297, 1394421]"
"GUARDEN-AMB-VC03-1-6-20240417","[1359344, 1356905, 1359297]"
"GUARDEN-CBNMed-10-1-16-34-20240429","[1358503, 1564276, 1393366]"
"GUARDEN-CBNMed-10-10-17-19-20240429","[1358613, 1548487, 1743448]"
"GUARDEN-CBNMed-10-5-16-55-20240429","[1357111, 1356785, 1358503]"
"GUARDEN-CBNMed-10-6-17-02-20240429","[1356785, 1358613, 1357111]"
"GUARDEN-CBNMed-10-7-17-05-20240429","[1388990, 1357111, 1362066]"
"GUARDEN-CBNMed-10-8-17-11-20240429","[1358613, 1373840, 1390466]"
"GUARDEN-CBNMed-10-9-17-16-20240429","[1358613, 1358503, 1360595]"
"GUARDEN-CBNMed-14-3-9-45-20240429","[1359676, 1364048, 1360578]"
"GUARDEN-CBNMed-14-4-9-49-20240429","[1359676, 1359176, 1356728]"
"GUARDEN-CBNMed-14-9-10-09-20240429","[1359676, 1359677, 1359079]"
"GUARDEN-CBNMed-15-10-12-17-20240429","[1363413, 1363731, 1361190]"
"GUARDEN-CBNMed-15-5-11-44-20240429","[1364171, 1356013, 1357351]"
"GUARDEN-CBNMed-15-7-12-02-20240429","[1364171, 1358478, 1359676]"
"GUARDEN-CBNMed-15-9-12-15-20240429","[1363413, 1363467, 1364171]"
"GUARDEN-CBNMed-16-1-13-37-20240429","[1356108, 1357120, 1388990]"
"GUARDEN-CBNMed-16-10-14-33-20240429","[1722409, 1744347, 1743965]"
"GUARDEN-CBNMed-16-2-13-45-20240429","[1399771, 1360782, 1743989]"
"GUARDEN-CBNMed-16-3-13-51-20240429","[1722409, 1743965, 1743966]"
"GUARDEN-CBNMed-16-4-13-57-20240429","[1722409, 1744243, 1359029]"
"GUARDEN-CBNMed-16-6-14-07-20240429","[1722409, 1744243, 1743303]"
"GUARDEN-CBNMed-16-7-14-1-20240429","[1722409, 1363707, 1744243]"
"GUARDEN-CBNMed-16-8-14-14-20240429","[1360999, 1722409, 1743336]"
"GUARDEN-CBNMed-17-3-10-56-20240429","[1361106, 1363292, 1363293]"
"GUARDEN-CBNMed-17-5-11-2-20240429","[1361106, 1363212, 1361088]"
"GUARDEN-CBNMed-19-1-15-24-20240429","[1357293, 1357743, 1357593]"
"GUARDEN-CBNMed-19-10-16-02-20240429","[1743956, 1361926, 1359369]"
"GUARDEN-CBNMed-19-2-15-31-20240429","[1363413, 1393770, 1400017]"
"GUARDEN-CBNMed-19-3-15-35-20240429","[1359521, 1389369, 1357815]"
"GUARDEN-CBNMed-19-4-15-39-20240429","[1493549, 1358459, 1359521]"
"GUARDEN-CBNMed-19-5-15-44-20240429","[1359521, 1744483, 1361926]"
"GUARDEN-CBNMed-19-6-15-48-20240429","[1400017, 1359521, 1363413]"
"GUARDEN-CBNMed-19-7-15-51-20240429","[1425238, 1502795, 1400017]"
"GUARDEN-CBNMed-19-8-15-53-20240429","[1359521, 1425238, 1357815]"
"GUARDEN-CBNMed-19-9-15-58-20240429","[1728575, 1391710, 1363413]"
"GUARDEN-CBNMed-20-1-9-35-20240428","[1360443, 1394527, 1364040]"
"GUARDEN-CBNMed-20-10-10-31-20240428","[1359161, 1744033, 1357121]"
"GUARDEN-CBNMed-20-8-10-19-20240428","[1360999, 1356397, 1399771]"
"GUARDEN-CBNMed-20-9-10-23-20240428","[1578131, 1357114, 1357122]"
"GUARDEN-CBNMed-21-10-11-42-20240428","[1357122, 1360999, 1357121]"
"GUARDEN-CBNMed-21-2-11-07-20240428","[1357122, 1357121, 1357114]"
"GUARDEN-CBNMed-21-3-11-09-20240428","[1357122, 1393365, 1701525]"
"GUARDEN-CBNMed-21-6-11-17-20240428","[1357122, 1357116, 1357114]"
"GUARDEN-CBNMed-21-8-11-23-20240428","[1357122, 1495485, 1357121]"
"GUARDEN-CBNMed-21-9-11-32-20240428","[1388990, 1358968, 1492564]"
"GUARDEN-CBNMed-22-1-13-39-20240428","[1722625, 1360054, 1743979]"
"GUARDEN-CBNMed-22-10-14-48-20240428","[1360006, 1393568, 1743275]"
"GUARDEN-CBNMed-22-2-14-05-20240428","[1393574, 1722625, 1722521]"
"GUARDEN-CBNMed-22-5-14-21-20240428","[1486726, 1389328, 1722522]"
"GUARDEN-CBNMed-22-6-14-23-20240428","[1722522, 1722521, 1722625]"
"GUARDEN-CBNMed-22-7-14-25-20240428","[1722522, 1363200, 1722521]"
"GUARDEN-CBNMed-22-9-14-42-20240428","[1722625, 1360006, 1363200]"
"GUARDEN-CBNMed-23-1-9-56-20240428","[1360999, 1492564, 1388990]"
"GUARDEN-CBNMed-23-10-10-42-20240428","[1564646, 1358318, 1502610]"
"GUARDEN-CBNMed-23-3-10-14-20240428","[1357114, 1577392, 1389424]"
"GUARDEN-CBNMed-23-4-10-17-20240428","[1356108, 1389394, 1564646]"
"GUARDEN-CBNMed-23-5-10-21-20240428","[1360711, 1398815, 1360701]"
"GUARDEN-CBNMed-23-6-10-24-20240428","[1393365, 1357401, 1399771]"
"GUARDEN-CBNMed-23-7-10-28-20240428","[1360999, 1393365, 1518934]"
"GUARDEN-CBNMed-23-8-10-34-20240428","[1359435, 1362415, 1564276]"
"GUARDEN-CBNMed-23-9-10-39-20240428","[1399423, 1357769, 1564441]"
"GUARDEN-CBNMed-24-10-13-06-20240428","[1743889, 1502543, 1359952]"
"GUARDEN-CBNMed-24-2-12-04-20240428","[1357351, 1360978, 1357338]"
"GUARDEN-CBNMed-24-3-12-15-20240428","[1357351, 1357335, 1357405]"
"GUARDEN-CBNMed-24-5-12-36-20240428","[1357351, 1355881, 1360711]"
"GUARDEN-CBNMed-24-6-12-46-20240428","[1357351, 1360711, 1360706]"
"GUARDEN-CBNMed-24-7-12-54-20240428","[1360711, 1363619, 1360716]"
"GUARDEN-CBNMed-24-8-14-58-20240428","[1360711, 1357351, 1360715]"
"GUARDEN-CBNMed-24-9-13-02-20240428","[1492564, 1360706, 1360711]"
"GUARDEN-CBNMed-25-1-13-52-20240428","[1394527, 1742109, 1360739]"
"GUARDEN-CBNMed-25-10-14-49-20240428","[1394527, 1357743, 1358111]"
"GUARDEN-CBNMed-25-2-13-57-20240428","[1394527, 1388990, 1359952]"
"GUARDEN-CBNMed-25-3-14-06-20240428","[1394527, 1394526, 1359952]"
"GUARDEN-CBNMed-25-4-14-15-20240428","[1357743, 1394527, 1357981]"
"GUARDEN-CBNMed-25-7-14-28-20240428","[1742109, 1359676, 1357981]"
"GUARDEN-CBNMed-25-8-14-39-20240428","[1357981, 1357743, 1742109]"
"GUARDEN-CBNMed-25-9-14-43-20240428","[1357981, 1742109, 1357815]"
"GUARDEN-CBNMed-26-10-10-01-20240428","[1359344, 1359297, 1393770]"
"GUARDEN-CBNMed-26-6-9-34-20240428","[1738652, 1743249, 1481437]"
"GUARDEN-CBNMed-26-8-9-45-20240428","[1359344, 1394643, 1359297]"
"GUARDEN-CBNMed-26-9-9-48-20240428","[1359344, 1358782, 1393754]"
"GUARDEN-CBNMed-27-1-11-17-20240428","[1393547, 1743977, 1393567]"
"GUARDEN-CBNMed-27-10-11-55-20240428","[1744392, 1360026, 1393548]"
"GUARDEN-CBNMed-27-2-11-32-20240428","[1744019, 1360054, 1360026]"
"GUARDEN-CBNMed-27-3-11-36-20240428","[1449488, 1722625, 1360054]"
"GUARDEN-CBNMed-27-4-11-39-20240428","[1393574, 1722625, 1722522]"
"GUARDEN-CBNMed-27-5-11-4-20240428","[1722522, 1722625, 1393574]"
"GUARDEN-CBNMed-27-6-11-42-20240428","[1393574, 1449488, 1389328]"
"GUARDEN-CBNMed-27-7-11-43-20240428","[1722522, 1449488, 1722625]"
"GUARDEN-CBNMed-27-8-11-45-20240428","[1449488, 1393574, 1647291]"
"GUARDEN-CBNMed-27-9-11-47-20240428","[1360054, 1393569, 1744399]"
"GUARDEN-CBNMed-28-1-12-46-20240428","[1360006, 1393574, 1743275]"
"GUARDEN-CBNMed-28-10-13-23-20240428","[1357705, 1391750, 1393571]"
"GUARDEN-CBNMed-28-2-12-48-20240428","[1363200, 1360006, 1722521]"
"GUARDEN-CBNMed-28-3-12-51-20240428","[1722625, 1738887, 1722522]"
"GUARDEN-CBNMed-28-4-12-52-20240428","[1357705, 1360054, 1722521]"
"GUARDEN-CBNMed-28-5-13-02-20240428","[1743977, 1357705, 1360054]"
"GUARDEN-CBNMed-28-6-13-06-20240428","[1357705, 1743275, 1738887]"
"GUARDEN-CBNMed-28-7-13-11-20240428","[1357705, 1722625, 1744365]"
"GUARDEN-CBNMed-28-8-13-14-20240428","[1357705, 1391750, 1393574]"
"GUARDEN-CBNMed-28-9-13-17-20240428","[1722625, 1357705, 1393574]"
"GUARDEN-CBNMed-29-6-14-31-20240428","[1357227, 1360719, 1359344]"
"GUARDEN-CBNMed-29-7-14-34-20240428","[1360701, 1360719, 1392108]"
"GUARDEN-CBNMed-30-1-16-07-20240428","[1359344, 1393770, 1357401]"
"GUARDEN-CBNMed-30-10-16-41-20240428","[1357227, 1359344, 1394664]"
"GUARDEN-CBNMed-30-2-16-23-20240428","[1357227, 1359344, 1357236]"
"GUARDEN-CBNMed-30-4-16-3-20240428","[1357227, 1359344, 1357236]"
"GUARDEN-CBNMed-30-6-16-34-20240428","[1357227, 1394664, 1359344]"
"GUARDEN-CBNMed-30-7-16-35-20240428","[1357227, 1394664, 1359344]"
"GUARDEN-CBNMed-30-8-16-37-20240428","[1357227, 1394664, 1359344]"
"GUARDEN-CBNMed-30-9-16-4-20240428","[1357227, 1394664, 1359344]"
"GUARDEN-CBNMed-31-1-9-37-20240428","[1359965, 1393770, 1359952]"
"GUARDEN-CBNMed-31-10-10-06-20240428","[1722578, 1414353, 1744001]"
"GUARDEN-CBNMed-31-2-9-4-20240428","[1355977, 1363433, 1393770]"
"GUARDEN-CBNMed-31-3-9-44-20240428","[1564441, 1393770, 1396726]"
"GUARDEN-CBNMed-31-4-9-48-20240428","[1357227, 1564441, 1396726]"
"GUARDEN-CBNMed-31-5-9-51-20240428","[1393770, 1564441, 1396726]"
"GUARDEN-CBNMed-31-6-9-54-20240428","[1396726, 1564441, 1363882]"
"GUARDEN-CBNMed-31-7-9-56-20240428","[1722578, 1393770, 1425238]"
"GUARDEN-CBNMed-31-8-10-20240428","[1396726, 1564441, 1722578]"
"GUARDEN-CBNMed-31-9-10-02-20240428","[1722578, 1357227, 1393770]"
"GUARDEN-CBNMed-32-1-11-46-20240428","[1564441, 1357630, 1396726]"
"GUARDEN-CBNMed-32-10-13-12-20240428","[1393770, 1359952, 1396726]"
"GUARDEN-CBNMed-32-2-11-58-20240428","[1564441, 1396726, 1358968]"
"GUARDEN-CBNMed-32-3-12-01-20240428","[1564441, 1396726, 1393770]"
"GUARDEN-CBNMed-32-4-12-12-20240428","[1396726, 1564441, 1358968]"
"GUARDEN-CBNMed-32-9-13-07-20240428","[1357401, 1393770, 1359952]"
"GUARDEN-CBNMed-33-1-14-48-20240428","[1357630, 1397398, 1362025]"
"GUARDEN-CBNMed-33-10-15-59-20240428","[1357401, 1363882, 1502684]"
"GUARDEN-CBNMed-33-2-15-01-20240428","[1357630, 1397398, 1392725]"
"GUARDEN-CBNMed-33-3-15-04-20240428","[1392726, 1357630, 1397398]"
"GUARDEN-CBNMed-33-4-15-26-20240428","[1357401, 1742109, 1357630]"
"GUARDEN-CBNMed-33-5-15-29-20240428","[1357630, 1397398, 1742109]"
"GUARDEN-CBNMed-33-6-15-36-20240428","[1357630, 1392725, 1397398]"
"GUARDEN-CBNMed-33-7-15-43-20240428","[1356976, 1356951, 1357630]"
"GUARDEN-CBNMed-33-8-15-5-20240428","[1357630, 1397398, 1392726]"
"GUARDEN-CBNMed-33-9-15-56-20240428","[1357630, 1361412, 1397398]"
"GUARDEN-CBNMed-38-1-12-58-20240428","[1360711, 1437245, 1395169]"
"GUARDEN-CBNMed-38-4-14-39-20240428","[1360711, 1395162, 1395169]"
"GUARDEN-CBNMed-38-6-15-04-20240428","[1360711, 1395162, 1720959]"
"GUARDEN-CBNMed-39-10-12-02-20240531","[1360711, 1360709, 1738610]"
"GUARDEN-CBNMed-39-7-11-3-20240531","[1360711, 1356278, 1363452]"
"GUARDEN-CBNMed-39-8-11-39-20240531","[1395158, 1360711, 1360267]"
"GUARDEN-CBNMed-39-9-11-5-20240531","[1359591, 1363452, 1394742]"
"GUARDEN-CBNMed-44-7-12-03-20240629","[1532449, 1360307, 1392059]"
"GUARDEN-CBNMed-5-1-12-38-20240430","[1414366, 1363490, 1414353]"
"GUARDEN-CBNMed-5-10-13-32-20240430","[1361058, 1414366, 1356007]"
"GUARDEN-CBNMed-5-2-12-45-20240430","[1414366, 1390966, 1414353]"
"GUARDEN-CBNMed-5-3-12-56-20240430","[1391823, 1363933, 1396638]"
"GUARDEN-CBNMed-5-4-13-20240430","[1391823, 1363543, 1363490]"
"GUARDEN-CBNMed-5-5-13-04-20240430","[1362325, 1363543, 1397416]"
"GUARDEN-CBNMed-5-6-13-07-20240430","[1363407, 1414353, 1414366]"
"GUARDEN-CBNMed-5-7-13-17-20240430","[1414366, 1414353, 1363501]"
"GUARDEN-CBNMed-5-8-13-22-20240430","[1363459, 1414366, 1414353]"
"GUARDEN-CBNMed-5-9-13-27-20240430","[1363490, 1363501, 1396638]"
"GUARDEN-CBNMed-6-9-15-28-20240430","[1360399, 1363461, 1362307]"
"GUARDEN-CBNMed-8-10-12-59-20240429","[1358613, 1743916, 1743448]"
"GUARDEN-CBNMed-8-4-12-33-20240429","[1359460, 1577392, 1743651]"
"GUARDEN-CBNMed-8-8-12-51-20240429","[1361000, 1743965, 1359546]"
"GUARDEN-CBNMed-8-9-12-56-20240429","[1361000, 1358613, 1357274]"
"GUARDEN-CBNMed-9-10-16-16-20240429","[1360701, 1357566, 1358613]"
"GUARDEN-CBNMed-9-2-15-46-20240429","[1358511, 1390468, 1694092]"
"GUARDEN-CBNMed-9-6-16-04-20240429","[1358613, 1548487, 1743916]"
"GUARDEN-CBNMed-9-7-16-06-20240429","[1358613, 1515981, 1743916]"
"GUARDEN-CBNMed-9-8-16-08-20240429","[1358613, 1679961, 1743916]"
"GUARDEN-CBNMed-9-9-16-14-20240429","[1358613, 1360701, 1577392]"
"LISAH-BOU-0-10-20230523","[1356013, 1363835, 1744001]"
"LISAH-BOU-0-101-20240425","[1425238, 1390637, 1363731]"
"LISAH-BOU-0-104-20240502","[1356397, 1360385, 1360755]"
"LISAH-BOU-0-105-20240502","[1356397, 1356276, 1355908]"
"LISAH-BOU-0-108-20240502","[1359772, 1392384, 1359767]"
"LISAH-BOU-0-109-20240502","[1359772, 1355990, 1364173]"
"LISAH-BOU-0-110-20240502","[1360385, 1356397, 1360399]"
"LISAH-BOU-0-111-20240502","[1359792, 1360420, 1360385]"
"LISAH-BOU-0-113-20240502","[1356013, 1392594, 1360385]"
"LISAH-BOU-0-114-20240502","[1360385, 1355908, 1360420]"
"LISAH-BOU-0-117-20240502","[1356013, 1364100, 1360385]"
"LISAH-BOU-0-118-20240502","[1356013, 1392594, 1360385]"
"LISAH-BOU-0-14-20230511","[1361190, 1393522, 1363469]"
"LISAH-BOU-0-15-20230511","[1356013, 1364006, 1650228]"
"LISAH-BOU-0-153-20240502","[1355881, 1356008, 1392594]"
"LISAH-BOU-0-154-20240502","[1356013, 1357351, 1390637]"
"LISAH-BOU-0-157-20240502","[1356013, 1355964, 1357351]"
"LISAH-BOU-0-16-20230511","[1363835, 1358653, 1744004]"
"LISAH-BOU-0-160-20240502","[1356013, 1356008, 1358643]"
"LISAH-BOU-0-163-20240502","[1363944, 1356008, 1392594]"
"LISAH-BOU-0-164-20240502","[1356013, 1358643, 1393770]"
"LISAH-BOU-0-165-20240502","[1356013, 1392594, 1356008]"
"LISAH-BOU-0-167-20240502","[1363731, 1359333, 1393766]"
"LISAH-BOU-0-168-20240502","[1361307, 1363731, 1355994]"
"LISAH-BOU-0-170-20240502","[1359333, 1363731, 1355994]"
"LISAH-BOU-0-171-20240502","[1363731, 1358654, 1355881]"
"LISAH-BOU-0-172-20240502","[1356013, 1363731, 1363946]"
"LISAH-BOU-0-173-20240502","[1358654, 1357351, 1363731]"
"LISAH-BOU-0-174-20240502","[1425238, 1363731, 1359333]"
"LISAH-BOU-0-175-20240502","[1425238, 1363734, 1363731]"
"LISAH-BOU-0-183-20240502","[1363731, 1359333, 1363944]"
"LISAH-BOU-0-187-20240502","[1363734, 1361307, 1363731]"
"LISAH-BOU-0-191-20240502","[1359268, 1358654, 1425238]"
"LISAH-BOU-0-2-20240425","[1356697, 1356276, 1397387]"
"LISAH-BOU-0-24-20230512","[1361000, 1363801, 1360385]"
"LISAH-BOU-0-24-20240425","[1356013, 1360433, 1392594]"
"LISAH-BOU-0-25-20230512","[1356013, 1360385, 1397356]"
"LISAH-BOU-0-25-20230711","[1360825, 1363993, 1360763]"
"LISAH-BOU-0-28-20240425","[1361000, 1360385, 1364029]"
"LISAH-BOU-0-29-20230523","[1356013, 1397356, 1422217]"
"LISAH-BOU-0-29-20230621","[1363212, 1356397, 1360358]"
"LISAH-BOU-0-29-20240425","[1361000, 1397356, 1360385]"
"LISAH-BOU-0-3-20230721","[1425238, 1357815, 1355941]"
"LISAH-BOU-0-30-20230512","[1356012, 1356017, 1391113]"
"LISAH-BOU-0-30-20240425","[1356013, 1391113, 1397395]"
"LISAH-BOU-0-31-20230919","[1358909, 1743300, 1359959]"
"LISAH-BOU-0-31-20240425","[1356013, 1356012, 1360614]"
"LISAH-BOU-0-32-20230516","[1390879, 1391113, 1356422]"
"LISAH-BOU-0-32-20240425","[1356013, 1355964, 1356012]"
"LISAH-BOU-0-34-20230516","[1356013, 1650228, 1393522]"
"LISAH-BOU-0-35-20240425","[1356013, 1356012, 1356017]"
"LISAH-BOU-0-36-20240425","[1356013, 1356012, 1391112]"
"LISAH-BOU-0-37-20230512","[1361000, 1397356, 1360358]"
"LISAH-BOU-0-37-20240425","[1356012, 1361000, 1356017]"
"LISAH-BOU-0-38-20230516","[1356013, 1390879, 1363212]"
"LISAH-BOU-0-39-20230512","[1361000, 1356013, 1397356]"
"LISAH-BOU-0-4-20230511","[1356013, 1363213, 1357351]"
"LISAH-BOU-0-4-20230711","[1356397, 1364006, 1356395]"
"LISAH-BOU-0-4-20240425","[1356013, 1390637, 1356008]"
"LISAH-BOU-0-40-20230512","[1361000, 1391112, 1391113]"
"LISAH-BOU-0-40-20240425","[1397356, 1391112, 1361000]"
"LISAH-BOU-0-41-20230512","[1397356, 1391113, 1414365]"
"LISAH-BOU-0-42-20230511","[1356013, 1392594, 1360385]"
"LISAH-BOU-0-43-20230512","[1356013, 1391113, 1397356]"
"LISAH-BOU-0-44-20240425","[1359639, 1392040, 1363944]"
"LISAH-BOU-0-5-20230512","[1357351, 1722433, 1356276]"
"LISAH-BOU-0-5-20230711","[1389369, 1356075, 1356397]"
"LISAH-BOU-0-50-20230512","[1356013, 1361117, 1361307]"
"LISAH-BOU-0-52-20230512","[1358654, 1359639, 1355994]"
"LISAH-BOU-0-54-20230512","[1392699, 1356286, 1363944]"
"LISAH-BOU-0-55-20230512","[1356008, 1356286, 1363944]"
"LISAH-BOU-0-56-20230512","[1392699, 1358654, 1361307]"
"LISAH-BOU-0-58-20230512","[1356286, 1361307, 1363838]"
"LISAH-BOU-0-6-20240425","[1356395, 1722433, 1650228]"
"LISAH-BOU-0-63-20230512","[1390637, 1358257, 1357332]"
"LISAH-BOU-0-65-20230512","[1361117, 1363944, 1361307]"
"LISAH-BOU-0-75-20230516","[1356013, 1363805, 1363797]"
"LISAH-BOU-0-79-20230512","[1357526, 1425238, 1359488]"
"LISAH-BOU-0-8-20240425","[1357351, 1358347, 1393522]"
"LISAH-BOU-0-84-20230512","[1425238, 1361361, 1357456]"
"LISAH-BOU-0-9-20240425","[1356397, 1358347, 1356395]"
"LISAH-BOU-0-98-20240425","[1425238, 1359344, 1393770]"
"LISAH-BVD-0-100-20230510","[1356286, 1361307, 1359333]"
"LISAH-BVD-0-101-20230510","[1359959, 1363433, 1356066]"
"LISAH-BVD-0-152-20230511","[1357635, 1357320, 1363638]"
"LISAH-BVD-0-155-20230511","[1363455, 1364065, 1364063]"
"LISAH-BVD-0-158-20230511","[1359279, 1394636, 1356461]"
"LISAH-BVD-0-191-20230511","[1364065, 1363455, 1390966]"
"LISAH-BVD-0-192-20230511","[1363455, 1364065, 1363798]"
"LISAH-BVD-0-195-20230511","[1363508, 1394395, 1718548]"
"LISAH-BVD-0-196-20230511","[1363734, 1363798, 1359279]"
"LISAH-BVD-0-197-20230511","[1363805, 1363993, 1359333]"
"LISAH-BVD-0-200-20230511","[1356278, 1363993, 1359266]"
"LISAH-BVD-0-203-20230511","[1359108, 1363739, 1363731]"
"LISAH-BVD-0-205-20230511","[1359333, 1363740, 1361256]"
"LISAH-BVD-0-206-20230511","[1363740, 1359333, 1363749]"
"LISAH-BVD-0-208-20230511","[1356278, 1363455, 1363740]"
"LISAH-BVD-0-209-20230511","[1363455, 1356066, 1363740]"
"LISAH-BVD-0-25-20230510","[1357875, 1361316, 1363639]"
"LISAH-BVD-0-275-20230516","[1361307, 1363468, 1414366]"
"LISAH-BVD-0-277-20230516","[1363993, 1414366, 1360304]"
"LISAH-BVD-0-278-20230516","[1363993, 1360304, 1414366]"
"LISAH-BVD-0-281-20230516","[1363993, 1395667, 1363801]"
"LISAH-BVD-0-282-20230516","[1363993, 1414366, 1407739]"
"LISAH-BVD-0-283-20230516","[1363993, 1360304, 1394593]"
"LISAH-BVD-0-285-20230516","[1363993, 1361307, 1360304]"
"LISAH-BVD-0-287-20230516","[1361307, 1363993, 1407739]"
"LISAH-BVD-0-288-20230516","[1363993, 1396117, 1363413]"
"LISAH-BVD-0-292-20230516","[1363993, 1361307, 1360304]"
"LISAH-BVD-0-293-20230516","[1363993, 1356286, 1363459]"
"LISAH-BVD-0-294-20230516","[1363993, 1360304, 1355869]"
"LISAH-BVD-0-295-20230516","[1361245, 1362626, 1384658]"
"LISAH-BVD-0-296-20230516","[1363993, 1360859, 1390967]"
"LISAH-BVD-0-297-20230516","[1407739, 1363993, 1358352]"
"LISAH-BVD-0-298-20230516","[1363993, 1407739, 1390967]"
"LISAH-BVD-0-299-20230516","[1363993, 1390966, 1360313]"
"LISAH-BVD-0-300-20230516","[1363993, 1422217, 1394592]"
"LISAH-BVD-0-301-20230516","[1407739, 1363993, 1414366]"
"LISAH-BVD-0-302-20230516","[1363993, 1400126, 1400125]"
"LISAH-BVD-0-309-20230516","[1363993, 1363994, 1394592]"
"LISAH-BVD-0-310-20230516","[1363993, 1390966, 1360304]"
"LISAH-BVD-0-337-20230516","[1361307, 1356286, 1360985]"
"LISAH-BVD-0-338-20230516","[1356286, 1361307, 1364006]"
"LISAH-BVD-0-339-20230516","[1356286, 1407739, 1414353]"
"LISAH-BVD-0-341-20230516","[1356286, 1364006, 1363740]"
"LISAH-BVD-0-342-20230516","[1356286, 1364006, 1394636]"
"LISAH-BVD-0-343-20230516","[1356286, 1363213, 1364006]"
"LISAH-BVD-0-344-20230516","[1364006, 1356318, 1356286]"
"LISAH-BVD-0-345-20230516","[1356286, 1364006, 1391337]"
"LISAH-BVD-0-346-20230516","[1356286, 1363212, 1364006]"
"LISAH-BVD-0-347-20230516","[1356286, 1407739, 1364006]"
"LISAH-BVD-0-348-20230516","[1356286, 1357875, 1364006]"
"LISAH-BVD-0-349-20230516","[1356286, 1364006, 1362626]"
"LISAH-BVD-0-35-20230510","[1396446, 1363455, 1363740]"
"LISAH-BVD-0-350-20230516","[1356286, 1364006, 1357635]"
"LISAH-BVD-0-351-20230516","[1364006, 1359510, 1356066]"
"LISAH-BVD-0-352-20230516","[1356286, 1361190, 1364006]"
"LISAH-BVD-0-353-20230516","[1356286, 1364006, 1391337]"
"LISAH-BVD-0-354-20230516","[1364006, 1391337, 1363489]"
"LISAH-BVD-0-364-20230516","[1361307, 1364173, 1363944]"
"LISAH-BVD-0-372-20230516","[1361307, 1425224, 1357303]"
"LISAH-BVD-0-379-20230516","[1361307, 1361357, 1361117]"
"LISAH-BVD-0-380-20230516","[1361307, 1361245, 1363475]"
"LISAH-BVD-0-383-20230516","[1422217, 1414353, 1722501]"
"LISAH-BVD-0-392-20230516","[1364006, 1407739, 1363740]"
"LISAH-BVD-0-397-20230517","[1361307, 1357697, 1397306]"
"LISAH-BVD-0-398-20230517","[1728568, 1363740, 1358770]"
"LISAH-BVD-0-412-20230517","[1360860, 1357697, 1364160]"
"LISAH-BVD-0-417-20230517","[1356286, 1361307, 1363730]"
"LISAH-BVD-0-428-20230517","[1356286, 1361307, 1396416]"
"LISAH-BVD-0-430-20230517","[1356286, 1364006, 1357875]"
"LISAH-BVD-0-431-20230517","[1407739, 1356286, 1364006]"
"LISAH-BVD-0-432-20230517","[1356286, 1357635, 1364006]"
"LISAH-BVD-0-463-20230517","[1364065, 1394636, 1390674]"
"LISAH-BVD-0-465-20230517","[1364065, 1363740, 1363455]"
"LISAH-BVD-0-471-20230517","[1356286, 1407739, 1364063]"
"LISAH-BVD-0-54-20230510","[1356314, 1722501, 1722490]"
"LISAH-BVD-0-99-20230510","[1363731, 1414366, 1361307]"
"LISAH-JAS-0-1-20220505","[1357526, 1357546, 1391452]"
"LISAH-JAS-0-11-20220505","[1359519, 1357848, 1357351]"
"LISAH-JAS-0-12-20220505","[1359519, 1359860, 1363731]"
"LISAH-JAS-0-13-20220505","[1359519, 1393770, 1363731]"
"LISAH-JAS-0-15-20220505","[1359519, 1362236, 1422217]"
"LISAH-JAS-0-16-20220505","[1359519, 1363878, 1356278]"
"LISAH-JAS-0-17-20220505","[1393770, 1362236, 1359802]"
"LISAH-JAS-0-2-20220505","[1356111, 1363179, 1364065]"
"LISAH-JAS-0-6-20220505","[1359519, 1364138, 1356084]"
"LISAH-JAS-0-7-20220505","[1359519, 1364138, 1356084]"
"LISAH-JAS-0-9-20220505","[1359519, 1357546, 1355869]"
"LISAH-JAS-1-25-20220505","[1355869, 1363213, 1363460]"
"LISAH-JAS-1-27-20220505","[1361307, 1422217, 1361190]"
"LISAH-JAS-1-28-20220505","[1362898, 1359639, 1363944]"
"LISAH-JAS-1-5-20220505","[1357546, 1356697, 1364065]"
"LISAH-PEC-0-0-20220608","[1357945, 1744673, 1361926]"
"LISAH-PEC-0-1-20230411","[1356013, 1364138, 1550154]"
"LISAH-PEC-0-10-20230405","[1364138, 1363878, 1357635]"
"LISAH-PEC-0-11-20230405","[1357635, 1364138, 1357861]"
"LISAH-PEC-0-11-20230411","[1356013, 1363878, 1391148]"
"LISAH-PEC-0-12-20230411","[1356013, 1519648, 1505455]"
"LISAH-PEC-0-13-20230411","[1356013, 1391148, 1550154]"
"LISAH-PEC-0-13-20230413","[1356013, 1357514, 1357465]"
"LISAH-PEC-0-14-20230407","[1668635, 1357401, 1738679]"
"LISAH-PEC-0-15-20230407","[1361000, 1431896, 1356084]"
"LISAH-PEC-0-17-20230413","[1414366, 1357690, 1396826]"
"LISAH-PEC-0-18-20230411","[1356013, 1355964, 1357635]"
"LISAH-PEC-0-19-20230413","[1356013, 1363676, 1550154]"
"LISAH-PEC-0-20-20230411","[1356013, 1355964, 1364138]"
"LISAH-PEC-0-4-20230407","[1360433, 1359279, 1357361]"
"LISAH-PEC-0-4-20230411","[1356013, 1550154, 1419102]"
"LISAH-PEC-0-6-20220608","[1357401, 1744677, 1359530]"
"LISAH-PEC-0-6-20230411","[1356013, 1357635, 1550154]"
"LISAH-PEC-0-8-20230405","[1363878, 1356013, 1363791]"
"LISAH-PEC-0-9-20230411","[1356013, 1550154, 1355969]"
"LISAH-PEC-0-9-20230413","[1356013, 1357598, 1363676]"
"LISAH-PEC-1-13-20230405","[1363878, 1390966, 1357635]"
"LISAH-PEC-1-18-20230407","[1363878, 1437978, 1355869]"
"LISAH-PEC-2-0-20220609","[1364151, 1357227, 1356013]"
"LISAH-PEC-2-11-20220609","[1357351, 1356013, 1355881]"
"LISAH-PEC-2-17-20230407","[1390637, 1355994, 1687885]"
"LISAH-PEC-2-2-20220609","[1356013, 1392594, 1356012]"
"LISAH-PEC-2-20-20230407","[1356013, 1425224, 1363878]"
"LISAH-PEC-2-4-20220609","[1356013, 1357351, 1422218]"
"LISAH-PEC-2-5-20220609","[1364151, 1357514, 1355881]"
"LISAH-PEC-2-5-20230407","[1356013, 1363878, 1744413]"
"LISAH-PEC-2-6-20220609","[1356013, 1355881, 1422218]"
"LISAH-PEC-3-10-20230407","[1363804, 1363799, 1363805]"
"LISAH-PEC-3-16-20230407","[1363804, 1363676, 1359268]"
"LISAH-PEC-3-20-20230407","[1363676, 1722569, 1356013]"
"OPTMix-0108-P1-312-20231006","[1396752, 1392669, 1395026]"
"OPTMix-0108-P1-422-20231006","[1363933, 1363593, 1396117]"
"OPTMix-0108-P1-427-20231006","[1391805, 1356404, 1391809]"
"OPTMix-0108-P1-533-20231006","[1363593, 1363447, 1718548]"
"OPTMix-0108-P1-95-20231006","[1361081, 1361104, 1360945]"
"OPTMix-012-P1-143-20231201","[1419076, 1357413, 1391809]"
"OPTMix-012-P1-208-20231201","[1548153, 1395026, 1358612]"
"OPTMix-012-P2-192-20231201","[1419076, 1738583, 1467321]"
"OPTMix-012-P2-207-20231201","[1360945, 1400017, 1419076]"
"OPTMix-012-P2-240-20231201","[1400084, 1393317, 1359973]"
"OPTMix-012-P3-190-20231201","[1393215, 1400084, 1392778]"
"OPTMix-012-P3-218-20231201","[1419076, 1651162, 1400084]"
"OPTMix-012-P3-220-20231201","[1363267, 1360945, 1396752]"
"OPTMix-0178-P1-1060-20231006","[1394044, 1356382, 1363575]"
"OPTMix-0178-P1-1061-20231006","[1357413, 1396168, 1419076]"
"OPTMix-0178-P1-552-20231006","[1356404, 1356382, 1394503]"
"OPTMix-0178-P1-661-20231006","[1356404, 1356382, 1396752]"
"OPTMix-0178-P1-663-20231006","[1358612, 1419076, 1743914]"
"OPTMix-0178-P1-669-20231006","[1400084, 1392309, 1395026]"
"OPTMix-0200-11006-20231009","[1391809, 1548153, 1548487]"
"OPTMix-0200-P2-53-20231009","[1358504, 1358503, 1358514]"
"OPTMix-0200-P2-54-20231009","[1668888, 1390778, 1390807]"
"OPTMix-0200-P2-68-20231009","[1358501, 1357274, 1362319]"
"OPTMix-0200-P3-108-20231009","[1392524, 1356404, 1744029]"
"OPTMix-0200-P3-127-20231009","[1668635, 1356404, 1363496]"
"OPTMix-0200-P3-139-20231009","[1493092, 1392764, 1356873]"
"OPTMix-0214-P1-207-20231010","[1741608, 1392309, 1397983]"
"OPTMix-0214-P1-208-20231010","[1651162, 1362023, 1360945]"
"OPTMix-0214-P1-235-20231010","[1358615, 1357413, 1358612]"
"OPTMix-0214-P2-22-20231010","[1358501, 1578171, 1356595]"
"OPTMix-0214-P2-64-20231010","[1358501, 1359740, 1397455]"
"OPTMix-0214-P2-84-20231010","[1359973, 1419076, 1358612]"
"OPTMix-0214-P3-186-20231010","[1390778, 1356401, 1394416]"
"OPTMix-0214-P3-196-20231010","[1357413, 1419076, 1743914]"
"OPTMix-0214-P3-278-20231010","[1392059, 1390761, 1392067]"
"OPTMix-0216-P4-208-20231009","[1358501, 1388890, 1362309]"
"OPTMix-0255-11233-20231009","[1363401, 1363409, 1652912]"
"OPTMix-0255-11372-20231009","[1363593, 1395026, 1400122]"
"OPTMix-0255-11382-20231009","[1411890, 1360433, 1417843]"
"OPTMix-033-P3-107-20231201","[1356404, 1356373, 1396752]"
"OPTMix-0333-P1-107-20231212","[1356404, 1396752, 1356382]"
"OPTMix-0333-P1-112-20231212","[1397763, 1361256, 1356404]"
"OPTMix-0333-P2-108-20231212","[1356404, 1356382, 1356387]"
"OPTMix-0333-P2-112-20231212","[1356404, 1361703, 1577392]"
"OPTMix-0333-P2-115-20231212","[1356404, 1361703, 1356382]"
"OPTMix-0333-P3-100-20231201","[1356404, 1358515, 1391361]"
"OPTMix-0333-P3-76-20231201","[1356404, 1363593, 1394503]"
"OPTMix-057-P1-1699-20231010","[1358615, 1548153, 1487694]"
"OPTMix-057-P1-1901-20231010","[1737658, 1401438, 1743340]"
"OPTMix-057-P1-1902-20231010","[1356382, 1356404, 1722693]"
"OPTMix-057-P1-1913-20231010","[1356404, 1362038, 1356382]"
"OPTMix-057-P1-1917-20231010","[1394044, 1396752, 1391807]"
"OPTMix-0593-P1-129-20231205","[1389018, 1359973, 1388809]"
"OPTMix-0593-P1-134-20231205","[1359973, 1419076, 1358612]"
"OPTMix-0593-P1-86-20231205","[1363267, 1362023, 1400084]"
"OPTMix-0593-P2-180-20231205","[1548153, 1395026, 1419076]"
"OPTMix-0593-P2-84-20231205","[1356576, 1357413, 1358612]"
"OPTMix-0593-P2-92-20231205","[1392309, 1558009, 1651162]"
"OPTMix-0593-P3-130-20231205","[1737588, 1400084, 1362023]"
"OPTMix-0593-P3-146-20231205","[1391809, 1400084, 1361573]"
"OPTMix-0593-P3-87-20231205","[1359973, 1390761, 1419076]"
"OPTMix-0598-P1-118-20231205","[1393522, 1722433, 1390495]"
"OPTMix-0598-P1-132-20231205","[1743914, 1395026, 1359973]"
"OPTMix-0598-P1-133-20231205","[1419076, 1357413, 1395026]"
"OPTMix-0598-P1-149-20231205","[1651162, 1651233, 1356439]"
"OPTMix-0598-P1-197-20231205","[1358501, 1391809, 1356442]"
"OPTMix-0598-P1-198-20231205","[1361245, 1486742, 1388770]"
"OPTMix-0598-P2-102-20231205","[1363534, 1390966, 1722433]"
"OPTMix-0598-P2-139-20231207","[1356404, 1391418, 1356382]"
"OPTMix-0598-P2-86-20231207","[1356790, 1356404, 1392655]"
"OPTMix-0598-P2-99-20231205","[1356790, 1356404, 1396168]"
"OPTMix-0598-P4-104-20231207","[1358501, 1396168, 1358612]"
"OPTMix-0598-P4-108-20231207","[1391652, 1668635, 1395476]"
"OPTMix-0598-P4-128-20231207","[1359973, 1419076, 1395026]"
"OPTMix-083-P3-139-20231110","[1356404, 1356382, 1722693]"
"OPTMix-083-P3-186-20231110","[1356404, 1396752, 1395480]"
"OPTMix-083-P3-96-20231110","[1741452, 1358501, 1578171]"
"OPTMix-108-P1-000-20231006","[1356732, 1668635, 1358612]"
"RNNB-1-1-20230512","[1722625, 1363540, 1722522]"
"RNNB-1-1-20240117","[1722433, 1388770, 1655422]"
"RNNB-1-10-20230512","[1722625, 1452062, 1738887]"
"RNNB-1-10-20240117","[1722433, 1578145, 1393522]"
"RNNB-1-2-20230512","[1722521, 1738887, 1722522]"
"RNNB-1-2-20240117","[1391491, 1394414, 1361412]"
"RNNB-1-3-20230512","[1738887, 1722625, 1722521]"
"RNNB-1-3-20240117","[1363302, 1392324, 1361412]"
"RNNB-1-4-20230512","[1722625, 1738887, 1722521]"
"RNNB-1-4-20240117","[1357227, 1722672, 1357236]"
"RNNB-1-5-20230512","[1722625, 1738887, 1722522]"
"RNNB-1-5-20240117","[1722433, 1363302, 1393522]"
"RNNB-1-6-20230512","[1722522, 1722625, 1743297]"
"RNNB-1-6-20240117","[1722433, 1650228, 1390761]"
"RNNB-1-7-20230512","[1722625, 1722522, 1738887]"
"RNNB-1-7-20240117","[1393522, 1722433, 1731667]"
"RNNB-1-8-20230512","[1722625, 1722522, 1722521]"
"RNNB-1-8-20240117","[1738610, 1722437, 1722434]"
"RNNB-1-9-20230512","[1722625, 1738887, 1722522]"
"RNNB-1-9-20240117","[1722433, 1722434, 1361326]"
"RNNB-2-1-20230512","[1722625, 1738887, 1722522]"
"RNNB-2-1-20240117","[1357227, 1357236, 1408638]"
"RNNB-2-10-20230512","[1360006, 1393568, 1743297]"
"RNNB-2-10-20240117","[1357227, 1357236, 1722578]"
"RNNB-2-2-20230512","[1360006, 1722522, 1738887]"
"RNNB-2-2-20240117","[1357227, 1359344, 1357236]"
"RNNB-2-3-20230512","[1360006, 1426004, 1452062]"
"RNNB-2-3-20240117","[1357227, 1357236, 1357514]"
"RNNB-2-4-20230512","[1360006, 1360676, 1452062]"
"RNNB-2-4-20240117","[1357227, 1357236, 1360701]"
"RNNB-2-5-20230512","[1360006, 1356086, 1744361]"
"RNNB-2-5-20240117","[1357227, 1359344, 1357236]"
"RNNB-2-6-20230512","[1360006, 1743297, 1357742]"
"RNNB-2-6-20240117","[1357227, 1357236, 1359344]"
"RNNB-2-7-20230512","[1360006, 1389328, 1426005]"
"RNNB-2-7-20240117","[1357227, 1357236, 1393494]"
"RNNB-2-8-20230512","[1360006, 1356284, 1389328]"
"RNNB-2-8-20240117","[1360701, 1359344, 1360719]"
"RNNB-2-9-20230512","[1360006, 1389328, 1393568]"
"RNNB-2-9-20240117","[1357227, 1357236, 1408638]"
"RNNB-3-1-20230512","[1359124, 1357815, 1426004]"
"RNNB-3-1-20240117","[1359344, 1738652, 1360381]"
"RNNB-3-10-20230512","[1393522, 1650228, 1722433]"
"RNNB-3-10-20240117","[1738652, 1722501, 1743249]"
"RNNB-3-11-20230512","[1393522, 1650228, 1722433]"
"RNNB-3-12-20230512","[1393522, 1650228, 1358019]"
"RNNB-3-2-20230512","[1360006, 1360034, 1356284]"
"RNNB-3-2-20240117","[1359344, 1722441, 1722578]"
"RNNB-3-3-20240117","[1359344, 1363302, 1388812]"
"RNNB-3-4-20230512","[1391596, 1360006, 1426004]"
"RNNB-3-4-20240117","[1359344, 1357742, 1744033]"
"RNNB-3-5-20230512","[1650228, 1722433, 1393522]"
"RNNB-3-5-20240117","[1738652, 1722501, 1356083]"
"RNNB-3-6-20230512","[1393522, 1722433, 1650228]"
"RNNB-3-6-20240117","[1355977, 1742109, 1357742]"
"RNNB-3-7-20230512","[1393522, 1650228, 1722433]"
"RNNB-3-7-20240117","[1359344, 1360978, 1355977]"
"RNNB-3-8-20230512","[1393522, 1650228, 1722433]"
"RNNB-3-8-20240117","[1359344, 1357049, 1360978]"
"RNNB-3-9-20230512","[1393522, 1650228, 1722433]"
"RNNB-3-9-20240117","[1360701, 1360715, 1360711]"
"RNNB-4-1-20240117","[1359344, 1357769, 1518932]"
"RNNB-4-1-20240118","[1356295, 1392725, 1393619]"
"RNNB-4-10-20240117","[1359344, 1363302, 1722501]"
"RNNB-4-10-20240118","[1499749, 1397498, 1357742]"
"RNNB-4-2-20240117","[1359344, 1357742, 1357212]"
"RNNB-4-2-20240118","[1393619, 1741601, 1518245]"
"RNNB-4-3-20240117","[1359344, 1722441, 1650228]"
"RNNB-4-3-20240118","[1357026, 1357742, 1395606]"
"RNNB-4-4-20240117","[1359344, 1738652, 1398322]"
"RNNB-4-4-20240118","[1357630, 1509616, 1392725]"
"RNNB-4-5-20240117","[1357227, 1359344, 1647291]"
"RNNB-4-5-20240118","[1357630, 1393619, 1357742]"
"RNNB-4-6-20240117","[1359344, 1738652, 1393770]"
"RNNB-4-6-20240118","[1357630, 1397320, 1363165]"
"RNNB-4-7-20240117","[1359344, 1722441, 1393770]"
"RNNB-4-7-20240118","[1499749, 1357630, 1393619]"
"RNNB-4-8-20240117","[1359344, 1355950, 1357848]"
"RNNB-4-8-20240118","[1357630, 1392725, 1499749]"
"RNNB-4-9-20240117","[1357848, 1359344, 1394057]"
"RNNB-4-9-20240118","[1357705, 1397320, 1499749]"
"RNNB-5-1-20240117","[1360542, 1357630, 1357401]"
"RNNB-5-1-20240118","[1738652, 1502707, 1392725]"
"RNNB-5-10-20240117","[1357742, 1362333, 1738652]"
"RNNB-5-10-20240118","[1499749, 1392725, 1357630]"
"RNNB-5-2-20240117","[1363433, 1357630, 1392725]"
"RNNB-5-2-20240118","[1393619, 1518932, 1392725]"
"RNNB-5-3-20240117","[1357630, 1392725, 1360542]"
"RNNB-5-3-20240118","[1499749, 1722501, 1502610]"
"RNNB-5-4-20240117","[1357630, 1392725, 1564354]"
"RNNB-5-4-20240118","[1392725, 1357630, 1393619]"
"RNNB-5-5-20240117","[1518245, 1357630, 1357771]"
"RNNB-5-5-20240118","[1499749, 1357630, 1392725]"
"RNNB-5-6-20240117","[1357630, 1360542, 1392725]"
"RNNB-5-6-20240118","[1392725, 1357630, 1499749]"
"RNNB-5-7-20240117","[1357453, 1360542, 1357401]"
"RNNB-5-7-20240118","[1355950, 1362038, 1499749]"
"RNNB-5-8-20240117","[1396197, 1357227, 1357401]"
"RNNB-5-8-20240118","[1390966, 1722433, 1741614]"
"RNNB-5-9-20240117","[1396197, 1393770, 1741619]"
"RNNB-5-9-20240118","[1394643, 1722433, 1363526]"
"RNNB-6-1-20240117","[1356951, 1493539, 1393770]"
"RNNB-6-1-20240118","[1361412, 1397398, 1512544]"
"RNNB-6-10-20240117","[1357401, 1356149, 1391122]"
"RNNB-6-10-20240118","[1362038, 1396726, 1392725]"
"RNNB-6-2-20240117","[1363526, 1360035, 1743297]"
"RNNB-6-2-20240118","[1357962, 1722578, 1361412]"
"RNNB-6-3-20240117","[1738652, 1362333, 1512544]"
"RNNB-6-3-20240118","[1361412, 1361996, 1361127]"
"RNNB-6-4-20240117","[1393771, 1357401, 1398322]"
"RNNB-6-4-20240118","[1722578, 1361926, 1357212]"
"RNNB-6-5-20240117","[1360701, 1360978, 1363544]"
"RNNB-6-5-20240118","[1722433, 1397398, 1744602]"
"RNNB-6-6-20240117","[1743750, 1363526, 1361412]"
"RNNB-6-6-20240118","[1357771, 1398322, 1396726]"
"RNNB-6-7-20240117","[1738652, 1362333, 1361412]"
"RNNB-6-7-20240118","[1392725, 1357630, 1499749]"
"RNNB-6-8-20240117","[1355950, 1357848, 1360701]"
"RNNB-6-8-20240118","[1392725, 1357630, 1499749]"
"RNNB-6-9-20240117","[1363526, 1396955, 1744055]"
"RNNB-6-9-20240118","[1357630, 1357742, 1398786]"
"RNNB-7-1-20240118","[1738652, 1362333, 1743249]"
"RNNB-7-10-20240118","[1392725, 1356951, 1357742]"
"RNNB-7-2-20240118","[1357630, 1361412, 1392725]"
"RNNB-7-3-20240118","[1361412, 1499749, 1392725]"
"RNNB-7-4-20240118","[1361412, 1417758, 1363610]"
"RNNB-7-5-20240118","[1398821, 1396726, 1361412]"
"RNNB-7-6-20240118","[1392725, 1357630, 1499749]"
"RNNB-7-7-20240118","[1396726, 1394414, 1361412]"
"RNNB-7-8-20240118","[1361412, 1394416, 1357962]"
"RNNB-7-9-20240118","[1361412, 1491329, 1357742]"
"RNNB-8-1-20240118","[1359344, 1360381, 1359297]"
"RNNB-8-10-20240118","[1361412, 1363302, 1390761]"
"RNNB-8-2-20240118","[1357227, 1397320, 1390966]"
"RNNB-8-3-20240118","[1364100, 1357871, 1722433]"
"RNNB-8-4-20240118","[1361412, 1722441, 1390761]"
"RNNB-8-5-20240118","[1359344, 1393770, 1359297]"
"RNNB-8-6-20240118","[1359344, 1393770, 1393619]"
"RNNB-8-7-20240118","[1355950, 1359344, 1357227]"
"RNNB-8-8-20240118","[1357227, 1359344, 1360381]"
"RNNB-8-9-20240118","[1359344, 1360381, 1359297]"
