"quadrat_id","species_ids"
"2024-CEV3-20240602","[1395045, 1400181, 1395114]"
"CBN-PdlC-A1-20130807","[1396253, 1395807, 1392608]"
"CBN-PdlC-A1-20130903","[1396144, 1395807, 1392608]"
"CBN-PdlC-A1-20140721","[1412857, 1396144, 1392608]"
"CBN-PdlC-A1-20140811","[1392608, 1394311, 1412857]"
"CBN-PdlC-A1-20140901","[1392608, 1412857, 1361367]"
"CBN-PdlC-A1-20150701","[1396253, 1392608, 1393708]"
"CBN-PdlC-A1-20150720","[1392608, 1392612, 1392534]"
"CBN-PdlC-A1-20150831","[1394311, 1412857, 1396843]"
"CBN-PdlC-A1-20160705","[1396253, 1412857, 1394911]"
"CBN-PdlC-A1-20160726","[1392535, 1392534, 1549015]"
"CBN-PdlC-A1-20170816","[1392534, 1412857, 1742053]"
"CBN-PdlC-A1-20170906","[1392534, 1396253, 1412857]"
"CBN-PdlC-A1-20180702","[1412857, 1392534, 1742053]"
"CBN-PdlC-A1-20180815","[1412857, 1742053, 1361367]"
"CBN-PdlC-A1-20180905","[1412857, 1397279, 1396843]"
"CBN-PdlC-A1-20190701","[1479447, 1391781, 1394641]"
"CBN-PdlC-A1-20190722","[1412857, 1392608, 1396869]"
"CBN-PdlC-A1-20190812","[1412857, 1396253, 1361367]"
"CBN-PdlC-A1-20190909","[1361367, 1412857, 1394643]"
"CBN-PdlC-A1-20200629","[1400017, 1647156, 1628796]"
"CBN-PdlC-A1-20200722","[1392535, 1392534, 1396843]"
"CBN-PdlC-A1-20200812","[1742053, 1412857, 1392608]"
"CBN-PdlC-A2-20130807","[1396253, 1412857, 1393619]"
"CBN-PdlC-A2-20130903","[1391427, 1393200, 1396253]"
"CBN-PdlC-A2-20140721","[1396144, 1396253, 1397491]"
"CBN-PdlC-A2-20140901","[1396253, 1412857, 1391092]"
"CBN-PdlC-A2-20150720","[1393200, 1392541, 1392534]"
"CBN-PdlC-A2-20150810","[1412857, 1393200, 1395807]"
"CBN-PdlC-A2-20150831","[1742053, 1412857, 1392541]"
"CBN-PdlC-A2-20160705","[1393200, 1396253, 1412857]"
"CBN-PdlC-A2-20160726","[1392535, 1393200, 1392534]"
"CBN-PdlC-A2-20170816","[1395807, 1412857, 1742053]"
"CBN-PdlC-A2-20180702","[1391427, 1528543, 1391092]"
"CBN-PdlC-A2-20180723","[1393200, 1396144, 1396253]"
"CBN-PdlC-A2-20180815","[1412857, 1396253, 1742053]"
"CBN-PdlC-A2-20180905","[1742053, 1412857, 1396253]"
"CBN-PdlC-A2-20190701","[1651427, 1361275, 1392260]"
"CBN-PdlC-A2-20190722","[1396253, 1393200, 1392534]"
"CBN-PdlC-A2-20190812","[1412857, 1392534, 1396253]"
"CBN-PdlC-A2-20190909","[1742053, 1412857, 1392565]"
"CBN-PdlC-A2-20200629","[1392655, 1400721, 1390532]"
"CBN-PdlC-A2-20200722","[1392534, 1392535, 1393200]"
"CBN-PdlC-A2-20200812","[1412857, 1742053, 1396253]"
"CBN-PdlC-A3-20130807","[1393200, 1392608, 1393619]"
"CBN-PdlC-A3-20130903","[1360299, 1392608, 1412857]"
"CBN-PdlC-A3-20140721","[1393200, 1392608, 1396144]"
"CBN-PdlC-A3-20140811","[1396144, 1393200, 1412857]"
"CBN-PdlC-A3-20140901","[1393200, 1394643, 1392608]"
"CBN-PdlC-A3-20150701","[1393200, 1396144, 1392608]"
"CBN-PdlC-A3-20150720","[1393200, 1396144, 1392608]"
"CBN-PdlC-A3-20150810","[1396253, 1412857, 1396144]"
"CBN-PdlC-A3-20150831","[1396144, 1393200, 1392608]"
"CBN-PdlC-A3-20160705","[1396144, 1393200, 1412857]"
"CBN-PdlC-A3-20160726","[1393200, 1412857, 1392534]"
"CBN-PdlC-A3-20170816","[1396144, 1742053, 1393200]"
"CBN-PdlC-A3-20170906","[1396144, 1393200, 1412857]"
"CBN-PdlC-A3-20180702","[1396144, 1394643, 1412857]"
"CBN-PdlC-A3-20180723","[1393200, 1392535, 1392608]"
"CBN-PdlC-A3-20180815","[1394643, 1392608, 1361996]"
"CBN-PdlC-A3-20180905","[1412857, 1742053, 1392534]"
"CBN-PdlC-A3-20190701","[1393200, 1392534, 1359750]"
"CBN-PdlC-A3-20190722","[1393200, 1392608, 1412857]"
"CBN-PdlC-A3-20190812","[1393200, 1392608, 1412857]"
"CBN-PdlC-A3-20190909","[1393200, 1392608, 1412857]"
"CBN-PdlC-A3-20200629","[1393887, 1743903, 1356708]"
"CBN-PdlC-A3-20200722","[1393200, 1412857, 1394643]"
"CBN-PdlC-A3-20200812","[1742053, 1393200, 1412857]"
"CBN-PdlC-A4-20130807","[1393200, 1395807, 1397475]"
"CBN-PdlC-A4-20130903","[1393200, 1397475, 1388916]"
"CBN-PdlC-A4-20140811","[1393200, 1396144, 1392608]"
"CBN-PdlC-A4-20140901","[1393200, 1389244, 1362050]"
"CBN-PdlC-A4-20150701","[1393200, 1392608, 1393874]"
"CBN-PdlC-A4-20150810","[1393200, 1396253, 1396144]"
"CBN-PdlC-A4-20150831","[1393200, 1396144, 1400101]"
"CBN-PdlC-A4-20160705","[1393200, 1397475, 1392608]"
"CBN-PdlC-A4-20160726","[1396144, 1393200, 1392608]"
"CBN-PdlC-A4-20170816","[1393200, 1519650, 1396144]"
"CBN-PdlC-A4-20170906","[1393200, 1396144, 1412857]"
"CBN-PdlC-A4-20180702","[1397475, 1363618, 1361771]"
"CBN-PdlC-A4-20180723","[1393200, 1400101, 1392608]"
"CBN-PdlC-A4-20180815","[1393200, 1397475, 1394597]"
"CBN-PdlC-A4-20180905","[1393200, 1396144, 1392608]"
"CBN-PdlC-A4-20190701","[1397475, 1393200, 1395870]"
"CBN-PdlC-A4-20190722","[1397475, 1393874, 1393200]"
"CBN-PdlC-A4-20190812","[1393200, 1392241, 1363618]"
"CBN-PdlC-A4-20190909","[1397475, 1363491, 1397450]"
"CBN-PdlC-A4-20200629","[1397475, 1393200, 1358099]"
"CBN-PdlC-A4-20200722","[1393200, 1397475, 1397430]"
"CBN-PdlC-A4-20200812","[1393200, 1397475, 1393659]"
"CBN-PdlC-A5-20130807","[1393200, 1396253, 1397475]"
"CBN-PdlC-A5-20130903","[1397475, 1396253, 1395807]"
"CBN-PdlC-A5-20140721","[1393200, 1397475, 1396253]"
"CBN-PdlC-A5-20140811","[1361598, 1397043, 1395807]"
"CBN-PdlC-A5-20150701","[1393200, 1395807, 1396253]"
"CBN-PdlC-A5-20150831","[1396253, 1397475, 1395807]"
"CBN-PdlC-A5-20160705","[1397475, 1396253, 1392541]"
"CBN-PdlC-A5-20160726","[1392534, 1393200, 1392535]"
"CBN-PdlC-A5-20170816","[1397475, 1396253, 1393200]"
"CBN-PdlC-A5-20170906","[1393200, 1396253, 1397475]"
"CBN-PdlC-A5-20180815","[1393200, 1396253, 1395807]"
"CBN-PdlC-A5-20180905","[1393200, 1396253, 1363543]"
"CBN-PdlC-A5-20190909","[1397475, 1556990, 1393604]"
"CBN-PdlC-A5-20200722","[1393200, 1396253, 1397043]"
"CBN-PdlC-A6-20130807","[1397475, 1393200, 1396253]"
"CBN-PdlC-A6-20130903","[1397475, 1396253, 1360130]"
"CBN-PdlC-A6-20140630","[1396253, 1397475, 1393544]"
"CBN-PdlC-A6-20140721","[1396253, 1397475, 1395807]"
"CBN-PdlC-A6-20140901","[1394542, 1720959, 1397475]"
"CBN-PdlC-A6-20150701","[1393200, 1393947, 1397475]"
"CBN-PdlC-A6-20150810","[1396253, 1397475, 1360748]"
"CBN-PdlC-A6-20150831","[1397475, 1396253, 1651427]"
"CBN-PdlC-A6-20160705","[1393200, 1397475, 1396253]"
"CBN-PdlC-A6-20160726","[1393659, 1393660, 1397475]"
"CBN-PdlC-A6-20170816","[1393200, 1397475, 1396253]"
"CBN-PdlC-A6-20170906","[1397475, 1396253, 1743984]"
"CBN-PdlC-A6-20180702","[1397475, 1393200, 1393874]"
"CBN-PdlC-A6-20180723","[1397475, 1393200, 1396253]"
"CBN-PdlC-A6-20180815","[1397475, 1393874, 1394540]"
"CBN-PdlC-A6-20180905","[1393200, 1397475, 1393874]"
"CBN-PdlC-A6-20190701","[1393200, 1397475, 1396253]"
"CBN-PdlC-A6-20190722","[1393660, 1558272, 1393679]"
"CBN-PdlC-A6-20190812","[1397475, 1393660, 1393200]"
"CBN-PdlC-A6-20190909","[1397475, 1362482, 1396253]"
"CBN-PdlC-A6-20200722","[1397475, 1361592, 1396253]"
"CBN-PdlC-A6-20200812","[1397475, 1393200, 1396253]"
"CBN-PdlC-B1-20130807","[1393200, 1392608, 1395807]"
"CBN-PdlC-B1-20130903","[1393200, 1392608, 1394643]"
"CBN-PdlC-B1-20140721","[1396253, 1392608, 1393200]"
"CBN-PdlC-B1-20140811","[1396144, 1392608, 1412857]"
"CBN-PdlC-B1-20140901","[1392608, 1393200, 1412857]"
"CBN-PdlC-B1-20150701","[1392608, 1393200, 1396253]"
"CBN-PdlC-B1-20150720","[1392608, 1394311, 1395807]"
"CBN-PdlC-B1-20150810","[1393200, 1392608, 1396253]"
"CBN-PdlC-B1-20150831","[1742053, 1412857, 1393200]"
"CBN-PdlC-B1-20160705","[1393200, 1396144, 1396253]"
"CBN-PdlC-B1-20160726","[1393200, 1392608, 1392612]"
"CBN-PdlC-B1-20170816","[1742053, 1396144, 1392608]"
"CBN-PdlC-B1-20170906","[1396144, 1392608, 1412857]"
"CBN-PdlC-B1-20180702","[1413349, 1647170, 1418688]"
"CBN-PdlC-B1-20180723","[1392608, 1393200, 1396144]"
"CBN-PdlC-B1-20180815","[1412857, 1396144, 1742053]"
"CBN-PdlC-B1-20180905","[1412857, 1396144, 1392608]"
"CBN-PdlC-B1-20190701","[1392608, 1358095, 1393200]"
"CBN-PdlC-B1-20190722","[1392608, 1396253, 1397208]"
"CBN-PdlC-B1-20190812","[1396144, 1412857, 1392608]"
"CBN-PdlC-B1-20190909","[1396144, 1392608, 1412857]"
"CBN-PdlC-B1-20200629","[1356359, 1743421, 1397513]"
"CBN-PdlC-B1-20200722","[1396144, 1393200, 1392608]"
"CBN-PdlC-B1-20200812","[1396144, 1742053, 1412857]"
"CBN-PdlC-B2-20130807","[1392608, 1392535, 1400017]"
"CBN-PdlC-B2-20130903","[1392608, 1744843, 1395807]"
"CBN-PdlC-B2-20140721","[1392608, 1413349, 1392611]"
"CBN-PdlC-B2-20140811","[1392608, 1395807, 1360299]"
"CBN-PdlC-B2-20140901","[1392608, 1744479, 1647128]"
"CBN-PdlC-B2-20150701","[1392608, 1363618, 1391427]"
"CBN-PdlC-B2-20150720","[1392541, 1392608, 1394911]"
"CBN-PdlC-B2-20150810","[1392608, 1412857, 1399082]"
"CBN-PdlC-B2-20150831","[1392608, 1400017, 1395870]"
"CBN-PdlC-B2-20160705","[1392608, 1403533, 1392612]"
"CBN-PdlC-B2-20160726","[1392608, 1392534, 1392260]"
"CBN-PdlC-B2-20170816","[1392534, 1393619, 1412857]"
"CBN-PdlC-B2-20170906","[1392047, 1412857, 1392608]"
"CBN-PdlC-B2-20180702","[1392541, 1412857, 1394911]"
"CBN-PdlC-B2-20180723","[1392534, 1392608, 1400101]"
"CBN-PdlC-B2-20180815","[1412857, 1392534, 1397468]"
"CBN-PdlC-B2-20180905","[1392534, 1412857, 1392565]"
"CBN-PdlC-B2-20190701","[1397049, 1390532, 1418688]"
"CBN-PdlC-B2-20190722","[1392534, 1400101, 1392535]"
"CBN-PdlC-B2-20190812","[1361275, 1412857, 1392260]"
"CBN-PdlC-B2-20190909","[1362482, 1743471, 1392608]"
"CBN-PdlC-B2-20200629","[1738653, 1397468, 1478565]"
"CBN-PdlC-B2-20200722","[1392608, 1742053, 1392612]"
"CBN-PdlC-B2-20200812","[1392608, 1392612, 1394911]"
"CBN-PdlC-B3-20130807","[1392534, 1393200, 1392541]"
"CBN-PdlC-B3-20130903","[1393200, 1394597, 1394595]"
"CBN-PdlC-B3-20140721","[1393200, 1392534, 1392541]"
"CBN-PdlC-B3-20140811","[1393200, 1412857, 1393619]"
"CBN-PdlC-B3-20140901","[1393200, 1412857, 1742053]"
"CBN-PdlC-B3-20150701","[1393200, 1394911, 1395807]"
"CBN-PdlC-B3-20150810","[1393200, 1392541, 1358624]"
"CBN-PdlC-B3-20150831","[1393200, 1392534, 1412857]"
"CBN-PdlC-B3-20160705","[1393200, 1412857, 1393619]"
"CBN-PdlC-B3-20160726","[1393200, 1361367, 1412857]"
"CBN-PdlC-B3-20170816","[1394542, 1412857, 1399798]"
"CBN-PdlC-B3-20170906","[1393200, 1412857, 1396144]"
"CBN-PdlC-B3-20180702","[1396144, 1399800, 1391427]"
"CBN-PdlC-B3-20180723","[1393200, 1742053, 1394641]"
"CBN-PdlC-B3-20180815","[1393200, 1388913, 1412857]"
"CBN-PdlC-B3-20180905","[1393200, 1412857, 1396144]"
"CBN-PdlC-B3-20190701","[1393200, 1396144, 1399800]"
"CBN-PdlC-B3-20190722","[1356359, 1361367, 1393200]"
"CBN-PdlC-B3-20190812","[1393200, 1412857, 1742053]"
"CBN-PdlC-B3-20190909","[1397126, 1357405, 1412857]"
"CBN-PdlC-B3-20200629","[1399798, 1356228, 1361708]"
"CBN-PdlC-B3-20200722","[1392541, 1393200, 1412857]"
"CBN-PdlC-B3-20200812","[1393200, 1742053, 1412857]"
"CBN-PdlC-B4-20130807","[1397475, 1396253, 1742075]"
"CBN-PdlC-B4-20130903","[1397475, 1393200, 1532190]"
"CBN-PdlC-B4-20140721","[1397475, 1393874, 1393200]"
"CBN-PdlC-B4-20140811","[1397475, 1394311, 1394911]"
"CBN-PdlC-B4-20140901","[1397475, 1412857, 1742053]"
"CBN-PdlC-B4-20150701","[1397475, 1393874, 1395807]"
"CBN-PdlC-B4-20150810","[1397475, 1390674, 1392260]"
"CBN-PdlC-B4-20150831","[1397475, 1394311, 1393200]"
"CBN-PdlC-B4-20160726","[1393200, 1397475, 1412857]"
"CBN-PdlC-B4-20170816","[1397475, 1519650, 1393874]"
"CBN-PdlC-B4-20170906","[1397475, 1396144, 1393200]"
"CBN-PdlC-B4-20180702","[1397475, 1393874, 1396144]"
"CBN-PdlC-B4-20180723","[1396144, 1397475, 1393200]"
"CBN-PdlC-B4-20180815","[1396144, 1397475, 1395807]"
"CBN-PdlC-B4-20180905","[1393200, 1396144, 1397475]"
"CBN-PdlC-B4-20190701","[1397475, 1741661, 1391427]"
"CBN-PdlC-B4-20190722","[1397475, 1393874, 1395870]"
"CBN-PdlC-B4-20190812","[1397475, 1393874, 1362482]"
"CBN-PdlC-B4-20190909","[1397475, 1356456, 1391079]"
"CBN-PdlC-B4-20200629","[1397475, 1418688, 1393947]"
"CBN-PdlC-B4-20200722","[1397475, 1397593, 1742053]"
"CBN-PdlC-B4-20200812","[1393200, 1412857, 1742053]"
"CBN-PdlC-B5-20130807","[1397475, 1395807, 1396974]"
"CBN-PdlC-B5-20130903","[1397475, 1395807, 1393874]"
"CBN-PdlC-B5-20140630","[1392767, 1392709, 1724565]"
"CBN-PdlC-B5-20140721","[1397475, 1396253, 1395807]"
"CBN-PdlC-B5-20140811","[1397475, 1395807, 1394311]"
"CBN-PdlC-B5-20140901","[1397475, 1361367, 1397450]"
"CBN-PdlC-B5-20150701","[1397475, 1395807, 1400101]"
"CBN-PdlC-B5-20150720","[1397475, 1400101, 1395190]"
"CBN-PdlC-B5-20150810","[1395807, 1397475, 1361801]"
"CBN-PdlC-B5-20150831","[1397475, 1395807, 1396253]"
"CBN-PdlC-B5-20160705","[1397475, 1396253, 1400101]"
"CBN-PdlC-B5-20160726","[1397475, 1396253, 1395807]"
"CBN-PdlC-B5-20170816","[1397475, 1394311, 1722440]"
"CBN-PdlC-B5-20170906","[1397475, 1361141, 1393874]"
"CBN-PdlC-B5-20180702","[1397475, 1741661, 1393874]"
"CBN-PdlC-B5-20180723","[1397475, 1395807, 1361801]"
"CBN-PdlC-B5-20180815","[1397475, 1418688, 1397468]"
"CBN-PdlC-B5-20180905","[1397475, 1393874, 1393857]"
"CBN-PdlC-B5-20190701","[1397475, 1392407, 1392534]"
"CBN-PdlC-B5-20190722","[1397475, 1393887, 1395807]"
"CBN-PdlC-B5-20190812","[1397475, 1392552, 1395758]"
"CBN-PdlC-B5-20190909","[1397475, 1395807, 1392541]"
"CBN-PdlC-B5-20200629","[1397475, 1396253, 1418688]"
"CBN-PdlC-B5-20200722","[1397475, 1395807, 1396253]"
"CBN-PdlC-B5-20200812","[1397475, 1395807, 1400101]"
"CBN-PdlC-B6-20130807","[1392535, 1392534, 1395807]"
"CBN-PdlC-B6-20130903","[1392534, 1397475, 1395807]"
"CBN-PdlC-B6-20140630","[1743359, 1392534, 1399798]"
"CBN-PdlC-B6-20140721","[1396253, 1395807, 1393725]"
"CBN-PdlC-B6-20140811","[1393200, 1395807, 1396253]"
"CBN-PdlC-B6-20140901","[1389929, 1720959, 1395807]"
"CBN-PdlC-B6-20150701","[1396253, 1395807, 1394911]"
"CBN-PdlC-B6-20150720","[1395807, 1361367, 1361801]"
"CBN-PdlC-B6-20150810","[1395807, 1361801, 1397475]"
"CBN-PdlC-B6-20150831","[1395807, 1393200, 1396253]"
"CBN-PdlC-B6-20160705","[1393200, 1396253, 1395807]"
"CBN-PdlC-B6-20160726","[1396253, 1395807, 1361801]"
"CBN-PdlC-B6-20170816","[1396253, 1720959, 1395807]"
"CBN-PdlC-B6-20170906","[1396253, 1393200, 1396347]"
"CBN-PdlC-B6-20180702","[1393200, 1396253, 1394911]"
"CBN-PdlC-B6-20180723","[1395807, 1396253, 1741880]"
"CBN-PdlC-B6-20180905","[1396253, 1395807, 1395870]"
"CBN-PdlC-B6-20190701","[1393200, 1394911, 1361801]"
"CBN-PdlC-B6-20190722","[1396253, 1393200, 1395807]"
"CBN-PdlC-B6-20190812","[1393200, 1396253, 1361801]"
"CBN-PdlC-B6-20190909","[1397450, 1396253, 1393857]"
"CBN-PdlC-B6-20200629","[1397475, 1396253, 1393200]"
"CBN-PdlC-B6-20200722","[1396253, 1392534, 1393200]"
"CBN-PdlC-B6-20200812","[1393200, 1395807, 1392541]"
"CBN-PdlC-C1-20130807","[1397500, 1393708, 1396253]"
"CBN-PdlC-C1-20130903","[1393200, 1396253, 1395807]"
"CBN-PdlC-C1-20140721","[1397500, 1396253, 1393200]"
"CBN-PdlC-C1-20140811","[1393200, 1395807, 1360748]"
"CBN-PdlC-C1-20140901","[1393200, 1392534, 1395807]"
"CBN-PdlC-C1-20150701","[1397500, 1393200, 1392534]"
"CBN-PdlC-C1-20150720","[1393200, 1742053, 1396253]"
"CBN-PdlC-C1-20150810","[1393200, 1395807, 1362482]"
"CBN-PdlC-C1-20150831","[1396253, 1393200, 1742053]"
"CBN-PdlC-C1-20160705","[1393200, 1396253, 1397500]"
"CBN-PdlC-C1-20160726","[1396253, 1393200, 1394655]"
"CBN-PdlC-C1-20170816","[1393200, 1392534, 1396253]"
"CBN-PdlC-C1-20170906","[1396253, 1361347, 1390532]"
"CBN-PdlC-C1-20180723","[1393200, 1396253, 1393708]"
"CBN-PdlC-C1-20180815","[1393200, 1395807, 1397500]"
"CBN-PdlC-C1-20180905","[1393200, 1396253, 1392534]"
"CBN-PdlC-C1-20190701","[1390532, 1359937, 1393200]"
"CBN-PdlC-C1-20190722","[1393200, 1396253, 1395807]"
"CBN-PdlC-C1-20190812","[1393200, 1392534, 1396253]"
"CBN-PdlC-C1-20190909","[1394311, 1393200, 1395807]"
"CBN-PdlC-C1-20200722","[1393200, 1395807, 1394311]"
"CBN-PdlC-C1-20200812","[1392534, 1393200, 1362482]"
"CBN-PdlC-C2-20130903","[1412857, 1742053, 1395807]"
"CBN-PdlC-C2-20140721","[1396144, 1396253, 1412857]"
"CBN-PdlC-C2-20140811","[1392535, 1742053, 1412857]"
"CBN-PdlC-C2-20140901","[1742053, 1412857, 1392541]"
"CBN-PdlC-C2-20150701","[1393200, 1412857, 1396144]"
"CBN-PdlC-C2-20150720","[1412857, 1742053, 1391092]"
"CBN-PdlC-C2-20150810","[1742053, 1412857, 1395807]"
"CBN-PdlC-C2-20150831","[1412857, 1396144, 1742053]"
"CBN-PdlC-C2-20160705","[1412857, 1361347, 1396144]"
"CBN-PdlC-C2-20160726","[1392535, 1392534, 1412857]"
"CBN-PdlC-C2-20170816","[1392541, 1412857, 1392565]"
"CBN-PdlC-C2-20170906","[1392534, 1396253, 1412857]"
"CBN-PdlC-C2-20180723","[1393200, 1412857, 1396253]"
"CBN-PdlC-C2-20180815","[1412857, 1395807, 1392541]"
"CBN-PdlC-C2-20180905","[1393200, 1412857, 1392535]"
"CBN-PdlC-C2-20190701","[1389475, 1361723, 1356228]"
"CBN-PdlC-C2-20190722","[1412857, 1393200, 1395807]"
"CBN-PdlC-C2-20190812","[1396253, 1412857, 1392534]"
"CBN-PdlC-C2-20190909","[1393200, 1412857, 1742053]"
"CBN-PdlC-C2-20200722","[1396253, 1395807, 1392541]"
"CBN-PdlC-C2-20200812","[1412857, 1392534, 1396253]"
"CBN-PdlC-C3-20130807","[1396253, 1741880, 1364066]"
"CBN-PdlC-C3-20130903","[1412857, 1396253, 1741880]"
"CBN-PdlC-C3-20140721","[1396253, 1392407, 1392534]"
"CBN-PdlC-C3-20140811","[1412857, 1396253, 1395807]"
"CBN-PdlC-C3-20140901","[1396253, 1361367, 1390793]"
"CBN-PdlC-C3-20150701","[1392541, 1393200, 1394911]"
"CBN-PdlC-C3-20150720","[1361367, 1396253, 1364066]"
"CBN-PdlC-C3-20150831","[1396253, 1395807, 1394911]"
"CBN-PdlC-C3-20160705","[1396253, 1361347, 1392541]"
"CBN-PdlC-C3-20160726","[1396253, 1393660, 1397043]"
"CBN-PdlC-C3-20170816","[1396253, 1392541, 1392534]"
"CBN-PdlC-C3-20170906","[1396253, 1395807, 1517350]"
"CBN-PdlC-C3-20180723","[1396253, 1394643, 1395807]"
"CBN-PdlC-C3-20180815","[1396253, 1363543, 1418688]"
"CBN-PdlC-C3-20180905","[1396253, 1391878, 1392534]"
"CBN-PdlC-C3-20190701","[1363133, 1356228, 1361709]"
"CBN-PdlC-C3-20190722","[1361598, 1396253, 1395807]"
"CBN-PdlC-C3-20190812","[1395807, 1363534, 1393568]"
"CBN-PdlC-C3-20190909","[1396253, 1392535, 1392534]"
"CBN-PdlC-C3-20200722","[1396253, 1393659, 1395807]"
"CBN-PdlC-C3-20200812","[1396253, 1395807, 1741880]"
"CBN-PdlC-C4-20130807","[1363543, 1395807, 1359750]"
"CBN-PdlC-C4-20130903","[1393200, 1395807, 1396253]"
"CBN-PdlC-C4-20140721","[1396253, 1388915, 1393708]"
"CBN-PdlC-C4-20140811","[1393200, 1396253, 1395807]"
"CBN-PdlC-C4-20140901","[1396253, 1361367, 1392608]"
"CBN-PdlC-C4-20150701","[1361367, 1390793, 1358099]"
"CBN-PdlC-C4-20150720","[1397043, 1395807, 1392608]"
"CBN-PdlC-C4-20150831","[1395807, 1744194, 1396253]"
"CBN-PdlC-C4-20160705","[1390793, 1394911, 1395807]"
"CBN-PdlC-C4-20160726","[1397043, 1395807, 1393708]"
"CBN-PdlC-C4-20170816","[1395807, 1390793, 1395935]"
"CBN-PdlC-C4-20170906","[1393200, 1396253, 1394311]"
"CBN-PdlC-C4-20180723","[1393708, 1396253, 1393200]"
"CBN-PdlC-C4-20180815","[1396253, 1418688, 1356356]"
"CBN-PdlC-C4-20180905","[1395807, 1395870, 1397468]"
"CBN-PdlC-C4-20190701","[1363595, 1743359, 1393679]"
"CBN-PdlC-C4-20190722","[1395807, 1396253, 1363455]"
"CBN-PdlC-C4-20190812","[1393200, 1396253, 1397043]"
"CBN-PdlC-C4-20190909","[1395807, 1505431, 1361367]"
"CBN-PdlC-C4-20200722","[1393660, 1364066, 1395807]"
"CBN-PdlC-C4-20200812","[1396253, 1395807, 1395862]"
"CBN-PdlC-C5-20130807","[1395807, 1394311, 1364066]"
"CBN-PdlC-C5-20130903","[1395807, 1395870, 1396253]"
"CBN-PdlC-C5-20140721","[1364066, 1396253, 1393708]"
"CBN-PdlC-C5-20140811","[1397043, 1395807, 1394311]"
"CBN-PdlC-C5-20140901","[1396253, 1397043, 1364066]"
"CBN-PdlC-C5-20150701","[1396253, 1390761, 1390793]"
"CBN-PdlC-C5-20150720","[1396253, 1392608, 1395807]"
"CBN-PdlC-C5-20150810","[1396253, 1392608, 1390793]"
"CBN-PdlC-C5-20150831","[1396253, 1392608, 1395807]"
"CBN-PdlC-C5-20160705","[1396253, 1390793, 1395807]"
"CBN-PdlC-C5-20160726","[1363543, 1397043, 1396253]"
"CBN-PdlC-C5-20170816","[1396253, 1395807, 1392608]"
"CBN-PdlC-C5-20170906","[1396253, 1392608, 1395807]"
"CBN-PdlC-C5-20180723","[1396253, 1394311, 1395807]"
"CBN-PdlC-C5-20180815","[1396253, 1392608, 1418688]"
"CBN-PdlC-C5-20180905","[1396253, 1395807, 1363433]"
"CBN-PdlC-C5-20190701","[1392608, 1609716, 1647156]"
"CBN-PdlC-C5-20190722","[1396253, 1390793, 1392608]"
"CBN-PdlC-C5-20190812","[1396253, 1392608, 1395807]"
"CBN-PdlC-C5-20190909","[1396253, 1395807, 1361367]"
"CBN-PdlC-C5-20200722","[1396253, 1395807, 1392241]"
"CBN-PdlC-C5-20200812","[1396253, 1393200, 1741880]"
"CBN-PdlC-C6-20130807","[1396253, 1395807, 1392608]"
"CBN-PdlC-C6-20130903","[1396253, 1395807, 1394311]"
"CBN-PdlC-C6-20140721","[1396253, 1392608, 1390793]"
"CBN-PdlC-C6-20140811","[1395807, 1396253, 1361367]"
"CBN-PdlC-C6-20140901","[1396253, 1361367, 1394311]"
"CBN-PdlC-C6-20150701","[1393200, 1396253, 1390837]"
"CBN-PdlC-C6-20150720","[1396253, 1395807, 1390793]"
"CBN-PdlC-C6-20150810","[1396253, 1395807, 1741880]"
"CBN-PdlC-C6-20150831","[1396253, 1390899, 1397386]"
"CBN-PdlC-C6-20160705","[1393200, 1392608, 1396253]"
"CBN-PdlC-C6-20160726","[1396253, 1393200, 1392608]"
"CBN-PdlC-C6-20170816","[1393200, 1396253, 1395807]"
"CBN-PdlC-C6-20170906","[1393200, 1396253, 1395807]"
"CBN-PdlC-C6-20180723","[1393200, 1396253, 1395807]"
"CBN-PdlC-C6-20180815","[1393200, 1362482, 1396253]"
"CBN-PdlC-C6-20180905","[1393200, 1396253, 1395807]"
"CBN-PdlC-C6-20190701","[1393200, 1392612, 1392608]"
"CBN-PdlC-C6-20190722","[1393200, 1392608, 1396253]"
"CBN-PdlC-C6-20190812","[1393200, 1396253, 1395807]"
"CBN-PdlC-C6-20190909","[1393200, 1362482, 1396253]"
"CBN-PdlC-C6-20200722","[1396253, 1392608, 1397043]"
"CBN-PdlC-C6-20200812","[1396253, 1392608, 1395807]"
"CBN-PdlC-D1-20130807","[1396253, 1393708, 1395807]"
"CBN-PdlC-D1-20130903","[1396253, 1395807, 1393224]"
"CBN-PdlC-D1-20140721","[1396253, 1356422, 1394911]"
"CBN-PdlC-D1-20140811","[1393200, 1396253, 1395807]"
"CBN-PdlC-D1-20140901","[1396253, 1412857, 1742053]"
"CBN-PdlC-D1-20150701","[1396253, 1392241, 1418688]"
"CBN-PdlC-D1-20150720","[1392534, 1396253, 1392535]"
"CBN-PdlC-D1-20150810","[1396253, 1392534, 1743456]"
"CBN-PdlC-D1-20150831","[1396253, 1392534, 1651427]"
"CBN-PdlC-D1-20160705","[1396253, 1395870, 1363543]"
"CBN-PdlC-D1-20160726","[1396253, 1392534, 1392535]"
"CBN-PdlC-D1-20170816","[1396253, 1395807, 1412857]"
"CBN-PdlC-D1-20170906","[1396253, 1361367, 1395807]"
"CBN-PdlC-D1-20180723","[1396253, 1395807, 1393200]"
"CBN-PdlC-D1-20180815","[1396253, 1359511, 1395870]"
"CBN-PdlC-D1-20180905","[1396253, 1742053, 1412857]"
"CBN-PdlC-D1-20190701","[1396253, 1359750, 1391427]"
"CBN-PdlC-D1-20190722","[1396253, 1395807, 1393200]"
"CBN-PdlC-D1-20190812","[1396253, 1395807, 1400101]"
"CBN-PdlC-D1-20190909","[1396253, 1395807, 1393200]"
"CBN-PdlC-D1-20200722","[1396253, 1392535, 1392534]"
"CBN-PdlC-D1-20200812","[1392534, 1393200, 1396253]"
"CBN-PdlC-D2-20130807","[1396253, 1393619, 1393708]"
"CBN-PdlC-D2-20130903","[1396253, 1412857, 1742053]"
"CBN-PdlC-D2-20140721","[1396253, 1392534, 1412857]"
"CBN-PdlC-D2-20140811","[1396253, 1412857, 1742053]"
"CBN-PdlC-D2-20140901","[1396253, 1412857, 1742053]"
"CBN-PdlC-D2-20150720","[1396253, 1392535, 1392534]"
"CBN-PdlC-D2-20150810","[1396253, 1412857, 1742053]"
"CBN-PdlC-D2-20150831","[1742053, 1412857, 1396253]"
"CBN-PdlC-D2-20160705","[1396253, 1412857, 1742053]"
"CBN-PdlC-D2-20160726","[1396253, 1392535, 1392534]"
"CBN-PdlC-D2-20170816","[1742053, 1396253, 1412857]"
"CBN-PdlC-D2-20170906","[1396253, 1412857, 1394643]"
"CBN-PdlC-D2-20180723","[1396253, 1742053, 1393708]"
"CBN-PdlC-D2-20180815","[1396253, 1394643, 1388766]"
"CBN-PdlC-D2-20180905","[1412857, 1396253, 1392534]"
"CBN-PdlC-D2-20190701","[1412857, 1390532, 1742053]"
"CBN-PdlC-D2-20190722","[1396253, 1412857, 1394911]"
"CBN-PdlC-D2-20190812","[1396253, 1412857, 1384658]"
"CBN-PdlC-D2-20190909","[1412857, 1395807, 1742053]"
"CBN-PdlC-D2-20200722","[1396253, 1412857, 1395807]"
"CBN-PdlC-D2-20200812","[1742053, 1412857, 1396253]"
"CBN-PdlC-D3-20130807","[1413349, 1647187, 1388766]"
"CBN-PdlC-D3-20130903","[1647128, 1412857, 1413349]"
"CBN-PdlC-D3-20140721","[1390793, 1413349, 1396253]"
"CBN-PdlC-D3-20140811","[1412857, 1390883, 1399082]"
"CBN-PdlC-D3-20140901","[1412857, 1394540, 1396253]"
"CBN-PdlC-D3-20150701","[1396253, 1400017, 1413349]"
"CBN-PdlC-D3-20150720","[1394643, 1392534, 1390793]"
"CBN-PdlC-D3-20150831","[1392534, 1412857, 1742053]"
"CBN-PdlC-D3-20160705","[1413349, 1647156, 1412857]"
"CBN-PdlC-D3-20160726","[1392534, 1744479, 1413349]"
"CBN-PdlC-D3-20170816","[1413349, 1647170, 1647128]"
"CBN-PdlC-D3-20170906","[1396253, 1413349, 1412857]"
"CBN-PdlC-D3-20180723","[1744479, 1647128, 1743393]"
"CBN-PdlC-D3-20180815","[1396253, 1412857, 1742053]"
"CBN-PdlC-D3-20180905","[1396253, 1394911, 1412857]"
"CBN-PdlC-D3-20190701","[1363618, 1391427, 1396253]"
"CBN-PdlC-D3-20190722","[1743393, 1647156, 1744479]"
"CBN-PdlC-D3-20190812","[1743393, 1412857, 1392534]"
"CBN-PdlC-D3-20190909","[1744479, 1647132, 1396253]"
"CBN-PdlC-D3-20200722","[1396253, 1393200, 1744479]"
"CBN-PdlC-D3-20200812","[1392534, 1392535, 1413349]"
"CBN-PdlC-D4-20130807","[1396253, 1647128, 1395807]"
"CBN-PdlC-D4-20130903","[1742053, 1412857, 1396253]"
"CBN-PdlC-D4-20140721","[1396253, 1647156, 1395807]"
"CBN-PdlC-D4-20140811","[1396253, 1397043, 1395807]"
"CBN-PdlC-D4-20140901","[1396253, 1361367, 1412857]"
"CBN-PdlC-D4-20150701","[1396253, 1394865, 1391092]"
"CBN-PdlC-D4-20150720","[1393584, 1392535, 1392534]"
"CBN-PdlC-D4-20150831","[1396253, 1742053, 1412857]"
"CBN-PdlC-D4-20160705","[1396253, 1412857, 1363543]"
"CBN-PdlC-D4-20160726","[1396253, 1392534, 1412857]"
"CBN-PdlC-D4-20170816","[1396253, 1395807, 1395870]"
"CBN-PdlC-D4-20170906","[1396253, 1360026, 1360036]"
"CBN-PdlC-D4-20180723","[1396253, 1394643, 1741880]"
"CBN-PdlC-D4-20180815","[1396253, 1742053, 1412857]"
"CBN-PdlC-D4-20180905","[1396253, 1412857, 1742053]"
"CBN-PdlC-D4-20190701","[1397279, 1396253, 1394886]"
"CBN-PdlC-D4-20190722","[1396253, 1400101, 1395807]"
"CBN-PdlC-D4-20190812","[1396253, 1741880, 1392553]"
"CBN-PdlC-D4-20190909","[1396253, 1412857, 1742053]"
"CBN-PdlC-D4-20200722","[1396253, 1394643, 1395807]"
"CBN-PdlC-D4-20200812","[1742053, 1396253, 1394641]"
"CBN-PdlC-D5-20130807","[1396253, 1363543, 1393708]"
"CBN-PdlC-D5-20130903","[1395807, 1722490, 1396838]"
"CBN-PdlC-D5-20140721","[1392608, 1396253, 1360299]"
"CBN-PdlC-D5-20140811","[1395807, 1393224, 1396253]"
"CBN-PdlC-D5-20140901","[1392608, 1361367, 1392611]"
"CBN-PdlC-D5-20150701","[1396253, 1363543, 1361367]"
"CBN-PdlC-D5-20150720","[1396253, 1397043, 1395807]"
"CBN-PdlC-D5-20150810","[1396253, 1395807, 1395870]"
"CBN-PdlC-D5-20150831","[1396253, 1395807, 1392608]"
"CBN-PdlC-D5-20160705","[1392608, 1396253, 1394911]"
"CBN-PdlC-D5-20160726","[1392608, 1397386, 1397043]"
"CBN-PdlC-D5-20170816","[1395807, 1396253, 1361367]"
"CBN-PdlC-D5-20170906","[1395807, 1396253, 1356397]"
"CBN-PdlC-D5-20180723","[1400101, 1392608, 1393708]"
"CBN-PdlC-D5-20180815","[1392608, 1395870, 1392612]"
"CBN-PdlC-D5-20180905","[1396253, 1360130, 1395807]"
"CBN-PdlC-D5-20190701","[1363133, 1363543, 1395948]"
"CBN-PdlC-D5-20190722","[1392534, 1392535, 1396253]"
"CBN-PdlC-D5-20190812","[1362482, 1392534, 1400101]"
"CBN-PdlC-D5-20190909","[1395807, 1743471, 1396253]"
"CBN-PdlC-D5-20200722","[1392534, 1395807, 1392535]"
"CBN-PdlC-D5-20200812","[1395807, 1355995, 1392608]"
"CBN-PdlC-D6-20130807","[1396253, 1393708, 1395807]"
"CBN-PdlC-D6-20130903","[1396253, 1397043, 1397049]"
"CBN-PdlC-D6-20140721","[1396253, 1412857, 1609716]"
"CBN-PdlC-D6-20140811","[1397043, 1395807, 1396253]"
"CBN-PdlC-D6-20140901","[1396253, 1397043, 1412857]"
"CBN-PdlC-D6-20150701","[1396253, 1393619, 1412857]"
"CBN-PdlC-D6-20150720","[1395807, 1396253, 1390793]"
"CBN-PdlC-D6-20150810","[1395807, 1742053, 1412857]"
"CBN-PdlC-D6-20150831","[1396253, 1395807, 1742053]"
"CBN-PdlC-D6-20160705","[1396253, 1741880, 1609716]"
"CBN-PdlC-D6-20160726","[1412857, 1396253, 1397043]"
"CBN-PdlC-D6-20170816","[1395807, 1393494, 1361367]"
"CBN-PdlC-D6-20170906","[1412857, 1397468, 1395807]"
"CBN-PdlC-D6-20180723","[1396253, 1395870, 1393708]"
"CBN-PdlC-D6-20180815","[1396253, 1393679, 1359511]"
"CBN-PdlC-D6-20180905","[1396253, 1412857, 1742053]"
"CBN-PdlC-D6-20190701","[1390811, 1564726, 1392522]"
"CBN-PdlC-D6-20190722","[1394311, 1397043, 1397046]"
"CBN-PdlC-D6-20190812","[1397043, 1519650, 1396253]"
"CBN-PdlC-D6-20190909","[1393660, 1396253, 1394655]"
"CBN-PdlC-D6-20200722","[1397043, 1396253, 1395807]"
"CBN-PdlC-D6-20200812","[1396253, 1362482, 1395870]"
"CBN-PdlC-E1-20130723","[1396253, 1392541, 1392565]"
"CBN-PdlC-E1-20130807","[1396253, 1392541, 1392608]"
"CBN-PdlC-E1-20130903","[1392608, 1396253, 1395870]"
"CBN-PdlC-E1-20140630","[1390793, 1396144, 1396145]"
"CBN-PdlC-E1-20140721","[1396253, 1397528, 1362273]"
"CBN-PdlC-E1-20140811","[1392535, 1412857, 1742053]"
"CBN-PdlC-E1-20140901","[1742053, 1412857, 1396253]"
"CBN-PdlC-E1-20150701","[1396253, 1392608, 1393584]"
"CBN-PdlC-E1-20150720","[1392534, 1392608, 1396253]"
"CBN-PdlC-E1-20150810","[1393200, 1397475, 1396253]"
"CBN-PdlC-E1-20150831","[1390793, 1392608, 1396253]"
"CBN-PdlC-E1-20160705","[1392541, 1396253, 1392608]"
"CBN-PdlC-E1-20160726","[1396253, 1395807, 1392606]"
"CBN-PdlC-E1-20170816","[1392541, 1396253, 1390793]"
"CBN-PdlC-E1-20170906","[1396253, 1392608, 1394911]"
"CBN-PdlC-E1-20180702","[1396253, 1392541, 1363618]"
"CBN-PdlC-E1-20180723","[1392535, 1396144, 1392541]"
"CBN-PdlC-E1-20180815","[1392541, 1392608, 1396144]"
"CBN-PdlC-E1-20180905","[1392608, 1396253, 1360299]"
"CBN-PdlC-E1-20190701","[1396253, 1394311, 1393725]"
"CBN-PdlC-E1-20190812","[1392534, 1392608, 1396253]"
"CBN-PdlC-E1-20190909","[1392608, 1395807, 1651427]"
"CBN-PdlC-E1-20200629","[1396253, 1392608, 1396144]"
"CBN-PdlC-E1-20200722","[1392608, 1396253, 1392611]"
"CBN-PdlC-E1-20200812","[1392608, 1743471, 1394643]"
"CBN-PdlC-E2-20130723","[1396253, 1397528, 1393584]"
"CBN-PdlC-E2-20130807","[1395807, 1397528, 1394599]"
"CBN-PdlC-E2-20130903","[1396144, 1395807, 1742053]"
"CBN-PdlC-E2-20140630","[1396253, 1396144, 1392241]"
"CBN-PdlC-E2-20140721","[1393584, 1397528, 1396253]"
"CBN-PdlC-E2-20140811","[1396144, 1392608, 1392535]"
"CBN-PdlC-E2-20140901","[1396144, 1412857, 1396253]"
"CBN-PdlC-E2-20150720","[1393584, 1396253, 1395807]"
"CBN-PdlC-E2-20150810","[1412857, 1393619, 1395807]"
"CBN-PdlC-E2-20150831","[1395807, 1738658, 1412857]"
"CBN-PdlC-E2-20160705","[1396253, 1395807, 1393584]"
"CBN-PdlC-E2-20160726","[1395807, 1412857, 1394366]"
"CBN-PdlC-E2-20170816","[1396253, 1412857, 1742053]"
"CBN-PdlC-E2-20170906","[1396253, 1412857, 1395807]"
"CBN-PdlC-E2-20180702","[1396253, 1396144, 1394911]"
"CBN-PdlC-E2-20180723","[1396253, 1393584, 1395807]"
"CBN-PdlC-E2-20180815","[1412857, 1742053, 1396253]"
"CBN-PdlC-E2-20180905","[1396253, 1412857, 1395807]"
"CBN-PdlC-E2-20190701","[1396253, 1394911, 1395807]"
"CBN-PdlC-E2-20190812","[1395807, 1397450, 1400017]"
"CBN-PdlC-E2-20190909","[1395807, 1396144, 1390793]"
"CBN-PdlC-E2-20200629","[1396253, 1396144, 1394911]"
"CBN-PdlC-E2-20200722","[1396253, 1412857, 1395807]"
"CBN-PdlC-E2-20200812","[1396253, 1395807, 1412857]"
"CBN-PdlC-E3-20130723","[1396253, 1356427, 1388916]"
"CBN-PdlC-E3-20130807","[1396253, 1651162, 1395807]"
"CBN-PdlC-E3-20130903","[1395870, 1741880, 1396253]"
"CBN-PdlC-E3-20140630","[1396253, 1390793, 1361347]"
"CBN-PdlC-E3-20140721","[1396253, 1395807, 1397528]"
"CBN-PdlC-E3-20140811","[1397381, 1395807, 1396253]"
"CBN-PdlC-E3-20140901","[1396253, 1395807, 1360748]"
"CBN-PdlC-E3-20150701","[1396253, 1395807, 1394311]"
"CBN-PdlC-E3-20150720","[1394311, 1396253, 1360985]"
"CBN-PdlC-E3-20150810","[1396253, 1397386, 1395807]"
"CBN-PdlC-E3-20150831","[1396253, 1397386, 1392293]"
"CBN-PdlC-E3-20160705","[1393200, 1396253, 1395807]"
"CBN-PdlC-E3-20160726","[1395807, 1396253, 1397381]"
"CBN-PdlC-E3-20170816","[1396253, 1395807, 1397381]"
"CBN-PdlC-E3-20170906","[1396253, 1392293, 1392534]"
"CBN-PdlC-E3-20180702","[1396253, 1397430, 1358624]"
"CBN-PdlC-E3-20180723","[1392241, 1396253, 1558272]"
"CBN-PdlC-E3-20180815","[1396253, 1397381, 1397386]"
"CBN-PdlC-E3-20180905","[1396253, 1392534, 1394911]"
"CBN-PdlC-E3-20190701","[1396253, 1364066, 1395870]"
"CBN-PdlC-E3-20190812","[1396253, 1395807, 1403533]"
"CBN-PdlC-E3-20190909","[1392059, 1396253, 1396970]"
"CBN-PdlC-E3-20200629","[1396253, 1393659, 1392541]"
"CBN-PdlC-E3-20200722","[1396253, 1395807, 1392352]"
"CBN-PdlC-E3-20200812","[1396253, 1397386, 1392059]"
"CBN-PdlC-E4-20130807","[1392608, 1396253, 1397513]"
"CBN-PdlC-E4-20130903","[1396253, 1392608, 1363336]"
"CBN-PdlC-E4-20140630","[1396253, 1392608, 1397430]"
"CBN-PdlC-E4-20140721","[1396253, 1392608, 1395807]"
"CBN-PdlC-E4-20140811","[1743456, 1396253, 1395807]"
"CBN-PdlC-E4-20140901","[1396253, 1392608, 1395807]"
"CBN-PdlC-E4-20150701","[1396253, 1392608, 1392612]"
"CBN-PdlC-E4-20150720","[1396843, 1396253, 1392330]"
"CBN-PdlC-E4-20150810","[1396253, 1394311, 1393200]"
"CBN-PdlC-E4-20160705","[1396253, 1361592, 1397430]"
"CBN-PdlC-E4-20160726","[1396253, 1395807, 1744843]"
"CBN-PdlC-E4-20170816","[1396253, 1396843, 1396869]"
"CBN-PdlC-E4-20170906","[1396253, 1363543, 1396843]"
"CBN-PdlC-E4-20180702","[1396253, 1393200, 1397430]"
"CBN-PdlC-E4-20180723","[1392241, 1396253, 1395807]"
"CBN-PdlC-E4-20180815","[1393494, 1396253, 1393659]"
"CBN-PdlC-E4-20180905","[1396253, 1495503, 1392608]"
"CBN-PdlC-E4-20190701","[1396253, 1397430, 1393708]"
"CBN-PdlC-E4-20190812","[1389705, 1363534, 1396253]"
"CBN-PdlC-E4-20190909","[1396253, 1396843, 1392608]"
"CBN-PdlC-E4-20200629","[1396253, 1361592, 1397430]"
"CBN-PdlC-E4-20200722","[1396253, 1647156, 1395807]"
"CBN-PdlC-E4-20200812","[1396253, 1395807, 1392608]"
"CBN-PdlC-E5-20130723","[1393200, 1392608, 1363413]"
"CBN-PdlC-E5-20130807","[1392608, 1393200, 1396253]"
"CBN-PdlC-E5-20130903","[1392608, 1396843, 1363618]"
"CBN-PdlC-E5-20140630","[1393200, 1392608, 1392611]"
"CBN-PdlC-E5-20140721","[1396253, 1392608, 1394441]"
"CBN-PdlC-E5-20140811","[1393200, 1361367, 1392608]"
"CBN-PdlC-E5-20150720","[1392534, 1392608, 1392612]"
"CBN-PdlC-E5-20150810","[1396253, 1393200, 1395807]"
"CBN-PdlC-E5-20150831","[1393200, 1396253, 1392611]"
"CBN-PdlC-E5-20160705","[1392608, 1392541, 1396253]"
"CBN-PdlC-E5-20160726","[1392608, 1361367, 1396253]"
"CBN-PdlC-E5-20170816","[1392608, 1396253, 1396843]"
"CBN-PdlC-E5-20170906","[1393200, 1392608, 1396253]"
"CBN-PdlC-E5-20180702","[1396253, 1397279, 1363543]"
"CBN-PdlC-E5-20180723","[1396843, 1393200, 1392608]"
"CBN-PdlC-E5-20180815","[1393200, 1396843, 1392608]"
"CBN-PdlC-E5-20180905","[1393200, 1396253, 1392608]"
"CBN-PdlC-E5-20190722","[1393200, 1392608, 1396253]"
"CBN-PdlC-E5-20190812","[1392608, 1396253, 1396843]"
"CBN-PdlC-E5-20190909","[1396253, 1392608, 1396843]"
"CBN-PdlC-E5-20200629","[1393200, 1396253, 1392608]"
"CBN-PdlC-E5-20200722","[1396253, 1392608, 1392534]"
"CBN-PdlC-E5-20200812","[1393200, 1396253, 1392608]"
"CBN-PdlC-E6-20130723","[1392534, 1392541, 1392535]"
"CBN-PdlC-E6-20130807","[1392608, 1741624, 1396253]"
"CBN-PdlC-E6-20130903","[1390793, 1588853, 1418612]"
"CBN-PdlC-E6-20140630","[1359750, 1393200, 1363618]"
"CBN-PdlC-E6-20140721","[1397353, 1395807, 1396253]"
"CBN-PdlC-E6-20140811","[1393200, 1395807, 1396843]"
"CBN-PdlC-E6-20150701","[1392541, 1392534, 1392535]"
"CBN-PdlC-E6-20150720","[1396843, 1395807, 1392608]"
"CBN-PdlC-E6-20150810","[1392608, 1395807, 1396843]"
"CBN-PdlC-E6-20150831","[1742053, 1392608, 1395807]"
"CBN-PdlC-E6-20160705","[1392612, 1395807, 1392608]"
"CBN-PdlC-E6-20160726","[1392534, 1392535, 1395807]"
"CBN-PdlC-E6-20170816","[1396843, 1395807, 1396253]"
"CBN-PdlC-E6-20170906","[1396843, 1363543, 1392534]"
"CBN-PdlC-E6-20180702","[1392608, 1362273, 1741880]"
"CBN-PdlC-E6-20180723","[1392535, 1392608, 1392534]"
"CBN-PdlC-E6-20180815","[1393200, 1396843, 1394311]"
"CBN-PdlC-E6-20180905","[1396843, 1393200, 1357220]"
"CBN-PdlC-E6-20190722","[1362273, 1390793, 1396843]"
"CBN-PdlC-E6-20190812","[1393224, 1363303, 1384658]"
"CBN-PdlC-E6-20190909","[1396253, 1396869, 1395807]"
"CBN-PdlC-E6-20200629","[1393200, 1392535, 1392541]"
"CBN-PdlC-E6-20200722","[1393200, 1396843, 1362273]"
"CBN-PdlC-E6-20200812","[1393200, 1396843, 1395807]"
"CBN-PdlC-F1-20130723","[1392541, 1396144, 1392565]"
"CBN-PdlC-F1-20130807","[1392535, 1392534, 1396253]"
"CBN-PdlC-F1-20130903","[1392534, 1392535, 1741880]"
"CBN-PdlC-F1-20140630","[1396144, 1396253, 1392541]"
"CBN-PdlC-F1-20140721","[1393584, 1362273, 1396144]"
"CBN-PdlC-F1-20140811","[1396144, 1393584, 1412857]"
"CBN-PdlC-F1-20140901","[1412857, 1392541, 1742053]"
"CBN-PdlC-F1-20150701","[1396144, 1392535, 1396253]"
"CBN-PdlC-F1-20150720","[1396253, 1412857, 1396144]"
"CBN-PdlC-F1-20150810","[1396253, 1412857, 1395807]"
"CBN-PdlC-F1-20150831","[1396253, 1412857, 1392541]"
"CBN-PdlC-F1-20160705","[1396253, 1396144, 1392541]"
"CBN-PdlC-F1-20160726","[1396144, 1396253, 1397381]"
"CBN-PdlC-F1-20170816","[1396144, 1392541, 1396253]"
"CBN-PdlC-F1-20170906","[1396253, 1396144, 1394911]"
"CBN-PdlC-F1-20180702","[1396253, 1396180, 1396144]"
"CBN-PdlC-F1-20180723","[1396144, 1396253, 1388915]"
"CBN-PdlC-F1-20180815","[1396253, 1396144, 1397381]"
"CBN-PdlC-F1-20180905","[1392541, 1396253, 1412857]"
"CBN-PdlC-F1-20190701","[1396253, 1396144, 1741880]"
"CBN-PdlC-F1-20190812","[1396253, 1738658, 1392047]"
"CBN-PdlC-F1-20190909","[1396253, 1396144, 1395807]"
"CBN-PdlC-F1-20200629","[1396253, 1392541, 1396144]"
"CBN-PdlC-F1-20200722","[1393584, 1396144, 1396843]"
"CBN-PdlC-F1-20200812","[1412857, 1396253, 1392541]"
"CBN-PdlC-F2-20130723","[1396253, 1397528, 1392534]"
"CBN-PdlC-F2-20130807","[1396253, 1390693, 1397528]"
"CBN-PdlC-F2-20130903","[1396253, 1395870, 1395807]"
"CBN-PdlC-F2-20140630","[1396144, 1392608, 1396253]"
"CBN-PdlC-F2-20140721","[1396144, 1396253, 1362273]"
"CBN-PdlC-F2-20140811","[1412857, 1397381, 1396144]"
"CBN-PdlC-F2-20140901","[1395807, 1396253, 1392541]"
"CBN-PdlC-F2-20150701","[1396253, 1392608, 1397528]"
"CBN-PdlC-F2-20150720","[1396253, 1395807, 1397528]"
"CBN-PdlC-F2-20150810","[1412857, 1396253, 1395807]"
"CBN-PdlC-F2-20150831","[1396253, 1395807, 1412857]"
"CBN-PdlC-F2-20160705","[1396253, 1397528, 1395807]"
"CBN-PdlC-F2-20160726","[1396253, 1395807, 1412857]"
"CBN-PdlC-F2-20170906","[1396253, 1396843, 1395807]"
"CBN-PdlC-F2-20180702","[1396253, 1741880, 1744293]"
"CBN-PdlC-F2-20180723","[1393584, 1396253, 1392241]"
"CBN-PdlC-F2-20180815","[1396253, 1742053, 1412857]"
"CBN-PdlC-F2-20180905","[1396253, 1396144, 1392541]"
"CBN-PdlC-F2-20190701","[1396253, 1392541, 1392608]"
"CBN-PdlC-F2-20190812","[1396253, 1395807, 1396144]"
"CBN-PdlC-F2-20190909","[1396253, 1361367, 1395807]"
"CBN-PdlC-F2-20200629","[1396253, 1396144, 1393584]"
"CBN-PdlC-F2-20200722","[1396253, 1392608, 1396144]"
"CBN-PdlC-F2-20200812","[1396144, 1397381, 1396253]"
"CBN-PdlC-F3-20130723","[1356422, 1393200, 1418688]"
"CBN-PdlC-F3-20130807","[1392608, 1396253, 1360299]"
"CBN-PdlC-F3-20130903","[1396253, 1392608, 1360748]"
"CBN-PdlC-F3-20140630","[1392608, 1392611, 1363543]"
"CBN-PdlC-F3-20140721","[1396253, 1392608, 1395807]"
"CBN-PdlC-F3-20140811","[1393200, 1397381, 1395807]"
"CBN-PdlC-F3-20140901","[1396253, 1392608, 1393494]"
"CBN-PdlC-F3-20150701","[1392608, 1395807, 1361592]"
"CBN-PdlC-F3-20150720","[1392608, 1395807, 1360299]"
"CBN-PdlC-F3-20150810","[1392608, 1395807, 1412857]"
"CBN-PdlC-F3-20150831","[1392608, 1412857, 1396253]"
"CBN-PdlC-F3-20160705","[1392608, 1412857, 1393659]"
"CBN-PdlC-F3-20160726","[1395807, 1395870, 1394599]"
"CBN-PdlC-F3-20170816","[1396253, 1392608, 1392612]"
"CBN-PdlC-F3-20170906","[1392608, 1396253, 1360130]"
"CBN-PdlC-F3-20180702","[1396253, 1393681, 1558272]"
"CBN-PdlC-F3-20180723","[1392534, 1395807, 1397430]"
"CBN-PdlC-F3-20180815","[1397381, 1392608, 1395807]"
"CBN-PdlC-F3-20180905","[1392608, 1396253, 1363543]"
"CBN-PdlC-F3-20190701","[1393708, 1393200, 1397430]"
"CBN-PdlC-F3-20190722","[1395807, 1392608, 1722436]"
"CBN-PdlC-F3-20190812","[1396253, 1392608, 1395807]"
"CBN-PdlC-F3-20190909","[1396253, 1395807, 1397386]"
"CBN-PdlC-F3-20200629","[1392608, 1396253, 1393200]"
"CBN-PdlC-F3-20200722","[1392608, 1395807, 1396253]"
"CBN-PdlC-F3-20200812","[1395807, 1392608, 1396253]"
"CBN-PdlC-F4-20130723","[1393200, 1396253, 1396843]"
"CBN-PdlC-F4-20130807","[1396843, 1393200, 1396253]"
"CBN-PdlC-F4-20130903","[1394542, 1392608, 1393200]"
"CBN-PdlC-F4-20140630","[1393200, 1392608, 1396253]"
"CBN-PdlC-F4-20140811","[1393200, 1396843, 1395807]"
"CBN-PdlC-F4-20140901","[1392608, 1392611, 1396253]"
"CBN-PdlC-F4-20150701","[1393200, 1392608, 1396253]"
"CBN-PdlC-F4-20150720","[1396253, 1396843, 1393659]"
"CBN-PdlC-F4-20150810","[1393200, 1392608, 1396843]"
"CBN-PdlC-F4-20150831","[1393200, 1392534, 1392608]"
"CBN-PdlC-F4-20160705","[1393200, 1397528, 1392608]"
"CBN-PdlC-F4-20160726","[1396253, 1396843, 1392608]"
"CBN-PdlC-F4-20170816","[1396843, 1394366, 1396253]"
"CBN-PdlC-F4-20170906","[1396253, 1392241, 1396843]"
"CBN-PdlC-F4-20180702","[1393200, 1397430, 1396253]"
"CBN-PdlC-F4-20180723","[1392608, 1393200, 1397430]"
"CBN-PdlC-F4-20180815","[1393200, 1396253, 1396869]"
"CBN-PdlC-F4-20180905","[1392608, 1396253, 1393200]"
"CBN-PdlC-F4-20190701","[1393200, 1392608, 1396253]"
"CBN-PdlC-F4-20190722","[1396843, 1393200, 1359508]"
"CBN-PdlC-F4-20190812","[1360299, 1396253, 1647187]"
"CBN-PdlC-F4-20190909","[1392608, 1396843, 1392059]"
"CBN-PdlC-F4-20200629","[1393200, 1392608, 1397430]"
"CBN-PdlC-F4-20200722","[1396843, 1395807, 1392608]"
"CBN-PdlC-F4-20200812","[1397430, 1393200, 1392608]"
"CBN-PdlC-F5-20130723","[1396253, 1392541, 1396843]"
"CBN-PdlC-F5-20130903","[1392608, 1394311, 1396253]"
"CBN-PdlC-F5-20140630","[1396253, 1392608, 1392541]"
"CBN-PdlC-F5-20140721","[1396253, 1392608, 1392612]"
"CBN-PdlC-F5-20140811","[1396253, 1392608, 1396843]"
"CBN-PdlC-F5-20150701","[1392608, 1396253, 1394311]"
"CBN-PdlC-F5-20150720","[1392608, 1394548, 1396253]"
"CBN-PdlC-F5-20150810","[1396253, 1396843, 1390761]"
"CBN-PdlC-F5-20150831","[1396843, 1396253, 1390761]"
"CBN-PdlC-F5-20160705","[1394311, 1396253, 1392608]"
"CBN-PdlC-F5-20160726","[1361367, 1396843, 1396253]"
"CBN-PdlC-F5-20170816","[1396253, 1396843, 1390793]"
"CBN-PdlC-F5-20170906","[1396253, 1396843, 1363543]"
"CBN-PdlC-F5-20180702","[1396253, 1396843, 1392541]"
"CBN-PdlC-F5-20180723","[1396253, 1392608, 1396843]"
"CBN-PdlC-F5-20180815","[1396253, 1390793, 1396843]"
"CBN-PdlC-F5-20180905","[1396253, 1396843, 1390793]"
"CBN-PdlC-F5-20190722","[1396843, 1392608, 1396253]"
"CBN-PdlC-F5-20190812","[1392608, 1396253, 1360299]"
"CBN-PdlC-F5-20190909","[1392608, 1396253, 1396843]"
"CBN-PdlC-F5-20200629","[1392608, 1396253, 1390793]"
"CBN-PdlC-F5-20200722","[1396843, 1390793, 1396253]"
"CBN-PdlC-F5-20200812","[1396843, 1390793, 1396253]"
"CBN-PdlC-F6-20130723","[1393200, 1396843, 1394542]"
"CBN-PdlC-F6-20130807","[1393200, 1390793, 1396843]"
"CBN-PdlC-F6-20130903","[1390793, 1396843, 1397497]"
"CBN-PdlC-F6-20140630","[1390761, 1390793, 1390837]"
"CBN-PdlC-F6-20140721","[1392535, 1396843, 1390793]"
"CBN-PdlC-F6-20140811","[1392535, 1396843, 1394311]"
"CBN-PdlC-F6-20150701","[1393200, 1392535, 1396843]"
"CBN-PdlC-F6-20150720","[1394542, 1396843, 1394543]"
"CBN-PdlC-F6-20150810","[1392608, 1361367, 1396843]"
"CBN-PdlC-F6-20150831","[1392608, 1390793, 1396843]"
"CBN-PdlC-F6-20160705","[1396843, 1390793, 1392608]"
"CBN-PdlC-F6-20160726","[1392534, 1396843, 1392561]"
"CBN-PdlC-F6-20170816","[1393200, 1392608, 1390793]"
"CBN-PdlC-F6-20170906","[1392608, 1396843, 1412857]"
"CBN-PdlC-F6-20180702","[1356422, 1390793, 1396843]"
"CBN-PdlC-F6-20180723","[1396843, 1395807, 1392534]"
"CBN-PdlC-F6-20180815","[1396843, 1393200, 1396253]"
"CBN-PdlC-F6-20180905","[1393200, 1396843, 1390793]"
"CBN-PdlC-F6-20190722","[1396869, 1396843, 1390793]"
"CBN-PdlC-F6-20190812","[1361367, 1396843, 1395807]"
"CBN-PdlC-F6-20190909","[1393200, 1396843, 1390793]"
"CBN-PdlC-F6-20200629","[1393200, 1390793, 1392608]"
"CBN-PdlC-F6-20200722","[1396843, 1390793, 1392534]"
"CBN-PdlC-F6-20200812","[1390793, 1392541, 1393200]"
"CBN-Pla-A1-20130808","[1396253, 1397475, 1412857]"
"CBN-Pla-A1-20130904","[1397475, 1395807, 1396253]"
"CBN-Pla-A1-20140722","[1397475, 1396253, 1497667]"
"CBN-Pla-A1-20140812","[1742053, 1397475, 1395807]"
"CBN-Pla-A1-20140902","[1397475, 1396253, 1393968]"
"CBN-Pla-A1-20150702","[1396253, 1390904, 1398222]"
"CBN-Pla-A1-20150723","[1397475, 1400176, 1395807]"
"CBN-Pla-A1-20150811","[1397475, 1412857, 1396253]"
"CBN-Pla-A1-20150901","[1400176, 1397475, 1742053]"
"CBN-Pla-A1-20160707","[1397475, 1742052, 1357575]"
"CBN-Pla-A1-20160728","[1397475, 1395807, 1396253]"
"CBN-Pla-A1-20180724","[1397475, 1394375, 1363543]"
"CBN-Pla-A1-20180816","[1396253, 1397475, 1395807]"
"CBN-Pla-A1-20180906","[1395807, 1397475, 1394366]"
"CBN-Pla-A1-20190723","[1397475, 1396253, 1395807]"
"CBN-Pla-A1-20190814","[1397475, 1396253, 1392655]"
"CBN-Pla-A1-20200630","[1366028, 1400182, 1741564]"
"CBN-Pla-A1-20200723","[1412857, 1396253, 1400176]"
"CBN-Pla-A1-20200814","[1412857, 1392552, 1397475]"
"CBN-Pla-A2-20130724","[1396015, 1395949, 1390793]"
"CBN-Pla-A2-20130808","[1396253, 1395807, 1412857]"
"CBN-Pla-A2-20130904","[1395973, 1396015, 1395807]"
"CBN-Pla-A2-20140722","[1395949, 1396015, 1395973]"
"CBN-Pla-A2-20140812","[1396144, 1395807, 1395949]"
"CBN-Pla-A2-20140902","[1396015, 1395973, 1395949]"
"CBN-Pla-A2-20150702","[1412857, 1396015, 1396253]"
"CBN-Pla-A2-20150723","[1396015, 1395949, 1742053]"
"CBN-Pla-A2-20150811","[1392552, 1741880, 1396015]"
"CBN-Pla-A2-20150901","[1396015, 1412857, 1396253]"
"CBN-Pla-A2-20160707","[1396015, 1396253, 1395870]"
"CBN-Pla-A2-20160728","[1395949, 1395807, 1394643]"
"CBN-Pla-A2-20180724","[1396180, 1395949, 1363543]"
"CBN-Pla-A2-20180816","[1396253, 1396015, 1412857]"
"CBN-Pla-A2-20180906","[1395949, 1396015, 1396253]"
"CBN-Pla-A2-20190723","[1412857, 1742053, 1396253]"
"CBN-Pla-A2-20190814","[1396253, 1396015, 1396144]"
"CBN-Pla-A2-20200723","[1397043, 1396253, 1395949]"
"CBN-Pla-A2-20200814","[1742053, 1412857, 1396015]"
"CBN-Pla-A3-20130724","[1743465, 1391427, 1418688]"
"CBN-Pla-A3-20130808","[1396253, 1395807, 1395870]"
"CBN-Pla-A3-20130904","[1395870, 1395807, 1741880]"
"CBN-Pla-A3-20140722","[1396144, 1744293, 1399800]"
"CBN-Pla-A3-20140812","[1395807, 1395870, 1741880]"
"CBN-Pla-A3-20140902","[1395807, 1361367, 1395870]"
"CBN-Pla-A3-20150702","[1532190, 1390793, 1396144]"
"CBN-Pla-A3-20150723","[1395807, 1363543, 1396843]"
"CBN-Pla-A3-20150811","[1395807, 1412857, 1395870]"
"CBN-Pla-A3-20150901","[1396253, 1412857, 1395807]"
"CBN-Pla-A3-20160707","[1396144, 1395870, 1396843]"
"CBN-Pla-A3-20160728","[1396144, 1397043, 1395807]"
"CBN-Pla-A3-20180724","[1395870, 1396144, 1741880]"
"CBN-Pla-A3-20180816","[1396144, 1397043, 1395807]"
"CBN-Pla-A3-20180906","[1396144, 1412857, 1395807]"
"CBN-Pla-A3-20190723","[1361367, 1396253, 1395807]"
"CBN-Pla-A3-20190814","[1360130, 1395870, 1741880]"
"CBN-Pla-A3-20200723","[1397043, 1396144, 1395807]"
"CBN-Pla-A3-20200814","[1396144, 1741880, 1392541]"
"CBN-Pla-A4-20130724","[1363543, 1392109, 1394603]"
"CBN-Pla-A4-20130808","[1741880, 1395870, 1395807]"
"CBN-Pla-A4-20130904","[1741880, 1395870, 1395807]"
"CBN-Pla-A4-20140722","[1394311, 1363543, 1361141]"
"CBN-Pla-A4-20140812","[1395870, 1741880, 1395807]"
"CBN-Pla-A4-20140902","[1741880, 1395870, 1395807]"
"CBN-Pla-A4-20150702","[1418688, 1363543, 1412857]"
"CBN-Pla-A4-20150723","[1395870, 1741880, 1395862]"
"CBN-Pla-A4-20150811","[1741880, 1395870, 1395718]"
"CBN-Pla-A4-20150901","[1395870, 1741880, 1395807]"
"CBN-Pla-A4-20160707","[1741880, 1363543, 1395870]"
"CBN-Pla-A4-20160728","[1395870, 1397043, 1395807]"
"CBN-Pla-A4-20180724","[1363133, 1390783, 1390837]"
"CBN-Pla-A4-20180816","[1741880, 1395870, 1395807]"
"CBN-Pla-A4-20180906","[1395870, 1741880, 1397043]"
"CBN-Pla-A4-20190723","[1741880, 1395870, 1395807]"
"CBN-Pla-A4-20190814","[1741880, 1395870, 1395807]"
"CBN-Pla-A4-20200723","[1741880, 1395870, 1395807]"
"CBN-Pla-A4-20200814","[1395870, 1741880, 1363133]"
"CBN-Pla-A5-20130724","[1741880, 1392522, 1418688]"
"CBN-Pla-A5-20130808","[1741880, 1395870, 1392541]"
"CBN-Pla-A5-20130904","[1741880, 1395870, 1394643]"
"CBN-Pla-A5-20140722","[1647156, 1394270, 1390811]"
"CBN-Pla-A5-20140812","[1395870, 1741880, 1396144]"
"CBN-Pla-A5-20140902","[1395870, 1741880, 1361367]"
"CBN-Pla-A5-20150702","[1394643, 1609716, 1741880]"
"CBN-Pla-A5-20150723","[1741880, 1395870, 1394643]"
"CBN-Pla-A5-20150811","[1395870, 1741880, 1742053]"
"CBN-Pla-A5-20160707","[1741880, 1395870, 1412857]"
"CBN-Pla-A5-20160728","[1395870, 1741880, 1396843]"
"CBN-Pla-A5-20180724","[1741880, 1396111, 1395870]"
"CBN-Pla-A5-20180816","[1395870, 1741880, 1395807]"
"CBN-Pla-A5-20180906","[1741880, 1395870, 1395807]"
"CBN-Pla-A5-20190723","[1395870, 1741880, 1395807]"
"CBN-Pla-A5-20190814","[1395870, 1412857, 1741880]"
"CBN-Pla-A5-20200723","[1741880, 1395870, 1395807]"
"CBN-Pla-A5-20200814","[1395870, 1742053, 1741880]"
"CBN-Pla-A6-20130724","[1395870, 1529402, 1396143]"
"CBN-Pla-A6-20130808","[1741880, 1395870, 1396253]"
"CBN-Pla-A6-20130904","[1741880, 1395870, 1395807]"
"CBN-Pla-A6-20140722","[1741880, 1395870, 1390904]"
"CBN-Pla-A6-20140812","[1396144, 1395870, 1741880]"
"CBN-Pla-A6-20140902","[1741880, 1395870, 1395807]"
"CBN-Pla-A6-20150702","[1396253, 1741880, 1396144]"
"CBN-Pla-A6-20150723","[1741880, 1395870, 1396869]"
"CBN-Pla-A6-20150811","[1741880, 1395870, 1396253]"
"CBN-Pla-A6-20150901","[1392541, 1396843, 1396253]"
"CBN-Pla-A6-20160707","[1609716, 1396253, 1395807]"
"CBN-Pla-A6-20160728","[1741880, 1395870, 1395807]"
"CBN-Pla-A6-20180724","[1395948, 1418688, 1394311]"
"CBN-Pla-A6-20180816","[1395870, 1741880, 1395807]"
"CBN-Pla-A6-20180906","[1741880, 1396144, 1396253]"
"CBN-Pla-A6-20190723","[1395870, 1395862, 1399798]"
"CBN-Pla-A6-20190814","[1396843, 1395870, 1397381]"
"CBN-Pla-A6-20200723","[1741880, 1580587, 1395870]"
"CBN-Pla-A6-20200814","[1741624, 1395862, 1395870]"
"CBN-Pla-B1-20130724","[1392341, 1449488, 1390793]"
"CBN-Pla-B1-20130808","[1396253, 1741880, 1395807]"
"CBN-Pla-B1-20130904","[1396253, 1390899, 1395807]"
"CBN-Pla-B1-20140722","[1392241, 1723119, 1390793]"
"CBN-Pla-B1-20140812","[1412857, 1742053, 1395807]"
"CBN-Pla-B1-20140902","[1742053, 1396253, 1361367]"
"CBN-Pla-B1-20150702","[1396253, 1418612, 1737507]"
"CBN-Pla-B1-20150723","[1361367, 1742053, 1396253]"
"CBN-Pla-B1-20150811","[1396253, 1392241, 1395807]"
"CBN-Pla-B1-20150901","[1396253, 1394311, 1400176]"
"CBN-Pla-B1-20160707","[1396253, 1742053, 1412857]"
"CBN-Pla-B1-20160728","[1396253, 1397465, 1742052]"
"CBN-Pla-B1-20180724","[1396253, 1609716, 1394828]"
"CBN-Pla-B1-20180816","[1396253, 1742053, 1392241]"
"CBN-Pla-B1-20180906","[1396253, 1412857, 1742053]"
"CBN-Pla-B1-20190723","[1396253, 1392541, 1741880]"
"CBN-Pla-B1-20190814","[1392260, 1396253, 1743471]"
"CBN-Pla-B1-20200630","[1743300, 1361090, 1389797]"
"CBN-Pla-B1-20200723","[1741880, 1396253, 1395807]"
"CBN-Pla-B1-20200814","[1363618, 1400176, 1392293]"
"CBN-Pla-B2-20130724","[1390495, 1390532, 1390793]"
"CBN-Pla-B2-20130808","[1412857, 1396253, 1742053]"
"CBN-Pla-B2-20130904","[1395807, 1363543, 1360307]"
"CBN-Pla-B2-20140722","[1529410, 1529402, 1609716]"
"CBN-Pla-B2-20140812","[1395807, 1360748, 1390793]"
"CBN-Pla-B2-20140902","[1395807, 1363133, 1396843]"
"CBN-Pla-B2-20150702","[1418688, 1396253, 1742052]"
"CBN-Pla-B2-20150723","[1741880, 1396253, 1395807]"
"CBN-Pla-B2-20150811","[1392552, 1396843, 1361275]"
"CBN-Pla-B2-20150901","[1741880, 1396253, 1396843]"
"CBN-Pla-B2-20160707","[1396253, 1396970, 1393708]"
"CBN-Pla-B2-20160728","[1741880, 1395807, 1396843]"
"CBN-Pla-B2-20180724","[1418688, 1390837, 1529410]"
"CBN-Pla-B2-20180816","[1741880, 1396843, 1395807]"
"CBN-Pla-B2-20180906","[1395807, 1360748, 1396253]"
"CBN-Pla-B2-20190723","[1395807, 1741880, 1396253]"
"CBN-Pla-B2-20190814","[1362482, 1396253, 1392487]"
"CBN-Pla-B2-20200723","[1397043, 1396253, 1395807]"
"CBN-Pla-B2-20200814","[1394366, 1395807, 1396869]"
"CBN-Pla-B3-20130724","[1528543, 1360951, 1743465]"
"CBN-Pla-B3-20130808","[1396253, 1395807, 1360874]"
"CBN-Pla-B3-20130904","[1396253, 1395807, 1394311]"
"CBN-Pla-B3-20140722","[1390811, 1361703, 1418688]"
"CBN-Pla-B3-20140812","[1396253, 1395807, 1397043]"
"CBN-Pla-B3-20140902","[1396253, 1361367, 1363455]"
"CBN-Pla-B3-20150811","[1396253, 1412857, 1395807]"
"CBN-Pla-B3-20150901","[1396253, 1395807, 1361347]"
"CBN-Pla-B3-20160707","[1396253, 1397386, 1361347]"
"CBN-Pla-B3-20160728","[1396253, 1395807, 1394311]"
"CBN-Pla-B3-20180724","[1394414, 1392657, 1363543]"
"CBN-Pla-B3-20180816","[1396253, 1395807, 1364066]"
"CBN-Pla-B3-20180906","[1396253, 1395807, 1394366]"
"CBN-Pla-B3-20190723","[1395807, 1396253, 1394366]"
"CBN-Pla-B3-20190814","[1697384, 1395807, 1492665]"
"CBN-Pla-B3-20200723","[1396253, 1412857, 1742053]"
"CBN-Pla-B3-20200814","[1397468, 1396253, 1392293]"
"CBN-Pla-B4-20130724","[1651267, 1418612, 1486742]"
"CBN-Pla-B4-20130808","[1395807, 1395870, 1397386]"
"CBN-Pla-B4-20130904","[1395807, 1394311, 1363336]"
"CBN-Pla-B4-20140722","[1397386, 1390793, 1397376]"
"CBN-Pla-B4-20140812","[1651363, 1395807, 1396253]"
"CBN-Pla-B4-20140902","[1397386, 1647187, 1651427]"
"CBN-Pla-B4-20150702","[1390793, 1390837, 1361141]"
"CBN-Pla-B4-20150723","[1741880, 1395807, 1393200]"
"CBN-Pla-B4-20150811","[1396253, 1395807, 1651363]"
"CBN-Pla-B4-20150901","[1361347, 1396843, 1361367]"
"CBN-Pla-B4-20160707","[1397386, 1363543, 1361347]"
"CBN-Pla-B4-20160728","[1397043, 1395807, 1396253]"
"CBN-Pla-B4-20180724","[1390793, 1392338, 1397386]"
"CBN-Pla-B4-20180816","[1397043, 1395807, 1396843]"
"CBN-Pla-B4-20180906","[1397043, 1396253, 1395807]"
"CBN-Pla-B4-20190723","[1395807, 1396843, 1395862]"
"CBN-Pla-B4-20190814","[1394542, 1359835, 1396253]"
"CBN-Pla-B4-20200723","[1395807, 1361347, 1360874]"
"CBN-Pla-B4-20200814","[1395807, 1360748, 1394311]"
"CBN-Pla-B5-20130724","[1396253, 1363619, 1418688]"
"CBN-Pla-B5-20130808","[1395807, 1741880, 1395870]"
"CBN-Pla-B5-20130904","[1395807, 1390793, 1393887]"
"CBN-Pla-B5-20140722","[1363543, 1390811, 1397386]"
"CBN-Pla-B5-20140812","[1396144, 1397043, 1396843]"
"CBN-Pla-B5-20140902","[1395870, 1363133, 1395807]"
"CBN-Pla-B5-20150702","[1393708, 1744194, 1390837]"
"CBN-Pla-B5-20150723","[1395807, 1395870, 1362482]"
"CBN-Pla-B5-20150811","[1395870, 1741880, 1362482]"
"CBN-Pla-B5-20150901","[1396144, 1395870, 1394311]"
"CBN-Pla-B5-20160707","[1395120, 1741880, 1397386]"
"CBN-Pla-B5-20160728","[1397043, 1392330, 1394671]"
"CBN-Pla-B5-20180724","[1743465, 1363543, 1393020]"
"CBN-Pla-B5-20180816","[1395870, 1741880, 1395807]"
"CBN-Pla-B5-20180906","[1395870, 1418688, 1741880]"
"CBN-Pla-B5-20190723","[1396309, 1360874, 1396843]"
"CBN-Pla-B5-20190814","[1741880, 1361367, 1395870]"
"CBN-Pla-B5-20200723","[1395807, 1397049, 1397043]"
"CBN-Pla-B5-20200814","[1741880, 1395870, 1397049]"
"CBN-Pla-B6-20130724","[1396144, 1358099, 1397491]"
"CBN-Pla-B6-20130808","[1396144, 1396253, 1395807]"
"CBN-Pla-B6-20130904","[1396144, 1395807, 1396253]"
"CBN-Pla-B6-20140722","[1396144, 1397491, 1358095]"
"CBN-Pla-B6-20140812","[1396144, 1397491, 1395807]"
"CBN-Pla-B6-20140902","[1396144, 1397386, 1361273]"
"CBN-Pla-B6-20150702","[1395940, 1396253, 1687875]"
"CBN-Pla-B6-20150723","[1396144, 1396015, 1396869]"
"CBN-Pla-B6-20150811","[1396144, 1395940, 1395807]"
"CBN-Pla-B6-20150901","[1396843, 1396015, 1396253]"
"CBN-Pla-B6-20160707","[1396144, 1396015, 1396023]"
"CBN-Pla-B6-20160728","[1396015, 1396144, 1395973]"
"CBN-Pla-B6-20180816","[1396144, 1397043, 1397491]"
"CBN-Pla-B6-20180906","[1396144, 1396015, 1396253]"
"CBN-Pla-B6-20190723","[1396144, 1396253, 1397491]"
"CBN-Pla-B6-20190814","[1396015, 1396144, 1395973]"
"CBN-Pla-B6-20200723","[1396144, 1395807, 1396015]"
"CBN-Pla-B6-20200814","[1396144, 1396015, 1397381]"
"CBN-Pla-C1-20130808","[1392534, 1741880, 1395870]"
"CBN-Pla-C1-20130904","[1363618, 1395870, 1400017]"
"CBN-Pla-C1-20150702","[1360141, 1395870, 1418688]"
"CBN-Pla-C1-20150723","[1395870, 1742052, 1741880]"
"CBN-Pla-C1-20150811","[1395870, 1741880, 1392534]"
"CBN-Pla-C1-20150901","[1392534, 1741880, 1395870]"
"CBN-Pla-C1-20160707","[1741880, 1395870, 1394911]"
"CBN-Pla-C1-20160728","[1741880, 1395870, 1741624]"
"CBN-Pla-C1-20180816","[1395870, 1741880, 1741624]"
"CBN-Pla-C1-20180906","[1395870, 1392534, 1741880]"
"CBN-Pla-C1-20190723","[1392534, 1392535, 1392541]"
"CBN-Pla-C1-20190814","[1395870, 1392534, 1392535]"
"CBN-Pla-C1-20200723","[1395870, 1741880, 1392534]"
"CBN-Pla-C1-20200814","[1741880, 1395870, 1742053]"
"CBN-Pla-C2-20130808","[1396253, 1741880, 1412857]"
"CBN-Pla-C2-20130904","[1741880, 1395870, 1355928]"
"CBN-Pla-C2-20140722","[1395949, 1396144, 1390811]"
"CBN-Pla-C2-20140902","[1741880, 1412857, 1395870]"
"CBN-Pla-C2-20150702","[1741880, 1412857, 1396144]"
"CBN-Pla-C2-20150723","[1741880, 1395870, 1742052]"
"CBN-Pla-C2-20150811","[1741880, 1395870, 1395807]"
"CBN-Pla-C2-20150901","[1394542, 1741880, 1395870]"
"CBN-Pla-C2-20160707","[1361347, 1396253, 1394641]"
"CBN-Pla-C2-20160728","[1412857, 1742053, 1395807]"
"CBN-Pla-C2-20180724","[1744194, 1396253, 1390837]"
"CBN-Pla-C2-20180816","[1396253, 1412857, 1364066]"
"CBN-Pla-C2-20180906","[1412857, 1742053, 1357608]"
"CBN-Pla-C2-20190723","[1396253, 1741554, 1392534]"
"CBN-Pla-C2-20190814","[1396253, 1397046, 1742053]"
"CBN-Pla-C2-20200723","[1396253, 1412857, 1400176]"
"CBN-Pla-C2-20200814","[1742053, 1396253, 1390899]"
"CBN-Pla-C3-20130808","[1395807, 1400176, 1394643]"
"CBN-Pla-C3-20130904","[1361703, 1395807, 1363133]"
"CBN-Pla-C3-20140722","[1390811, 1532190, 1390793]"
"CBN-Pla-C3-20140902","[1400176, 1395807, 1741880]"
"CBN-Pla-C3-20150702","[1389228, 1361374, 1394911]"
"CBN-Pla-C3-20150723","[1395870, 1400176, 1392541]"
"CBN-Pla-C3-20150811","[1400176, 1395807, 1741880]"
"CBN-Pla-C3-20150901","[1395870, 1741880, 1400176]"
"CBN-Pla-C3-20160707","[1390793, 1741880, 1742053]"
"CBN-Pla-C3-20160728","[1395870, 1741880, 1393200]"
"CBN-Pla-C3-20180724","[1418688, 1743359, 1390793]"
"CBN-Pla-C3-20180816","[1412857, 1395870, 1400176]"
"CBN-Pla-C3-20180906","[1390899, 1395870, 1741880]"
"CBN-Pla-C3-20190723","[1741880, 1395807, 1395870]"
"CBN-Pla-C3-20190814","[1741880, 1361367, 1395870]"
"CBN-Pla-C3-20200723","[1397043, 1741880, 1395807]"
"CBN-Pla-C3-20200814","[1400176, 1395862, 1390899]"
"CBN-Pla-C4-20130808","[1395807, 1363543, 1364066]"
"CBN-Pla-C4-20130904","[1400017, 1395807, 1742053]"
"CBN-Pla-C4-20140902","[1395807, 1394311, 1363455]"
"CBN-Pla-C4-20150702","[1396094, 1363543, 1396253]"
"CBN-Pla-C4-20150723","[1395807, 1396441, 1400017]"
"CBN-Pla-C4-20150811","[1741880, 1396843, 1395870]"
"CBN-Pla-C4-20150901","[1396843, 1395807, 1396869]"
"CBN-Pla-C4-20160707","[1397500, 1395807, 1396253]"
"CBN-Pla-C4-20160728","[1397046, 1397043, 1395807]"
"CBN-Pla-C4-20180724","[1390811, 1396253, 1397500]"
"CBN-Pla-C4-20180816","[1396253, 1395807, 1397500]"
"CBN-Pla-C4-20180906","[1396253, 1395807, 1397500]"
"CBN-Pla-C4-20190723","[1396253, 1395807, 1392241]"
"CBN-Pla-C4-20190814","[1396253, 1396869, 1395807]"
"CBN-Pla-C4-20200723","[1396253, 1397043, 1395807]"
"CBN-Pla-C4-20200814","[1742053, 1396253, 1412857]"
"CBN-Pla-C5-20130808","[1395807, 1396144, 1396869]"
"CBN-Pla-C5-20130904","[1396144, 1397491, 1395807]"
"CBN-Pla-C5-20140722","[1396144, 1397491, 1362489]"
"CBN-Pla-C5-20140902","[1396144, 1395807, 1392293]"
"CBN-Pla-C5-20150702","[1396144, 1393708, 1744194]"
"CBN-Pla-C5-20150723","[1396857, 1395807, 1390837]"
"CBN-Pla-C5-20150811","[1396144, 1395807, 1529402]"
"CBN-Pla-C5-20150901","[1395807, 1396869, 1396144]"
"CBN-Pla-C5-20160707","[1394911, 1363543, 1392534]"
"CBN-Pla-C5-20160728","[1395807, 1394366, 1359835]"
"CBN-Pla-C5-20180724","[1396144, 1361374, 1397491]"
"CBN-Pla-C5-20180816","[1395807, 1741880, 1394366]"
"CBN-Pla-C5-20180906","[1395807, 1388766, 1390793]"
"CBN-Pla-C5-20190723","[1395807, 1394311, 1741880]"
"CBN-Pla-C5-20190814","[1395807, 1395870, 1741880]"
"CBN-Pla-C5-20200723","[1395807, 1412857, 1394366]"
"CBN-Pla-C5-20200814","[1395807, 1390837, 1361141]"
"CBN-Pla-C6-20130808","[1396253, 1395807, 1360874]"
"CBN-Pla-C6-20130904","[1395807, 1395870, 1396253]"
"CBN-Pla-C6-20140902","[1395807, 1393200, 1390793]"
"CBN-Pla-C6-20150702","[1396253, 1399798, 1363543]"
"CBN-Pla-C6-20150723","[1412857, 1741880, 1395807]"
"CBN-Pla-C6-20150811","[1396253, 1395807, 1741880]"
"CBN-Pla-C6-20150901","[1742053, 1390793, 1396253]"
"CBN-Pla-C6-20160707","[1396253, 1363543, 1361347]"
"CBN-Pla-C6-20160728","[1395807, 1397043, 1396253]"
"CBN-Pla-C6-20180724","[1396253, 1390793, 1394311]"
"CBN-Pla-C6-20180816","[1412857, 1396253, 1395807]"
"CBN-Pla-C6-20180906","[1395807, 1394366, 1397123]"
"CBN-Pla-C6-20190723","[1395807, 1741880, 1397123]"
"CBN-Pla-C6-20190814","[1395807, 1741880, 1396253]"
"CBN-Pla-C6-20200723","[1396144, 1396253, 1395807]"
"CBN-Pla-C6-20200814","[1359511, 1395807, 1741880]"
"CBN-Pla-D1-20130808","[1396253, 1395807, 1361347]"
"CBN-Pla-D1-20130904","[1396253, 1396144, 1396145]"
"CBN-Pla-D1-20140722","[1396253, 1412857, 1742053]"
"CBN-Pla-D1-20140902","[1396253, 1395870, 1395807]"
"CBN-Pla-D1-20150702","[1741880, 1396253, 1363543]"
"CBN-Pla-D1-20150723","[1741880, 1396253, 1395870]"
"CBN-Pla-D1-20150811","[1412857, 1395870, 1395807]"
"CBN-Pla-D1-20150901","[1396253, 1395807, 1388766]"
"CBN-Pla-D1-20160707","[1396253, 1361347, 1412857]"
"CBN-Pla-D1-20160728","[1396253, 1393200, 1361367]"
"CBN-Pla-D1-20180724","[1361347, 1412857, 1391363]"
"CBN-Pla-D1-20180816","[1400176, 1397043, 1395807]"
"CBN-Pla-D1-20180906","[1356422, 1395807, 1397386]"
"CBN-Pla-D1-20190723","[1395807, 1356427, 1741880]"
"CBN-Pla-D1-20190814","[1741880, 1394311, 1395870]"
"CBN-Pla-D1-20200723","[1395870, 1394911, 1393708]"
"CBN-Pla-D1-20200814","[1412857, 1397386, 1741624]"
"CBN-Pla-D2-20130808","[1395807, 1396253, 1412857]"
"CBN-Pla-D2-20130904","[1400176, 1396843, 1388890]"
"CBN-Pla-D2-20140722","[1390761, 1651267, 1394311]"
"CBN-Pla-D2-20140902","[1393200, 1396843, 1394311]"
"CBN-Pla-D2-20150702","[1418612, 1396253, 1742053]"
"CBN-Pla-D2-20150723","[1396843, 1391706, 1396253]"
"CBN-Pla-D2-20150811","[1400176, 1394311, 1396253]"
"CBN-Pla-D2-20150901","[1396843, 1412857, 1742053]"
"CBN-Pla-D2-20160707","[1396843, 1396253, 1741880]"
"CBN-Pla-D2-20160728","[1412857, 1742053, 1395807]"
"CBN-Pla-D2-20180724","[1412857, 1646497, 1742053]"
"CBN-Pla-D2-20180816","[1397043, 1396253, 1412857]"
"CBN-Pla-D2-20180906","[1400176, 1396843, 1396253]"
"CBN-Pla-D2-20190723","[1412857, 1397043, 1741880]"
"CBN-Pla-D2-20190814","[1396253, 1395807, 1742052]"
"CBN-Pla-D2-20200723","[1396253, 1396843, 1742053]"
"CBN-Pla-D2-20200814","[1742053, 1392552, 1397043]"
"CBN-Pla-D3-20130808","[1741880, 1395870, 1395807]"
"CBN-Pla-D3-20130904","[1395870, 1741880, 1392241]"
"CBN-Pla-D3-20140722","[1396253, 1397376, 1727501]"
"CBN-Pla-D3-20140902","[1395870, 1396253, 1392352]"
"CBN-Pla-D3-20150702","[1396253, 1397500, 1499416]"
"CBN-Pla-D3-20150723","[1741880, 1395870, 1396253]"
"CBN-Pla-D3-20150811","[1396253, 1395870, 1741880]"
"CBN-Pla-D3-20150901","[1396253, 1395870, 1741880]"
"CBN-Pla-D3-20160707","[1397500, 1396094, 1737461]"
"CBN-Pla-D3-20160728","[1395870, 1741880, 1363543]"
"CBN-Pla-D3-20180724","[1396253, 1361347, 1390793]"
"CBN-Pla-D3-20180816","[1397043, 1412857, 1395870]"
"CBN-Pla-D3-20180906","[1396253, 1397500, 1412857]"
"CBN-Pla-D3-20190723","[1741880, 1395870, 1396253]"
"CBN-Pla-D3-20190814","[1741880, 1395870, 1396253]"
"CBN-Pla-D3-20200723","[1396253, 1741880, 1395870]"
"CBN-Pla-D3-20200814","[1741880, 1392552, 1395870]"
"CBN-Pla-D4-20130808","[1741880, 1395870, 1395807]"
"CBN-Pla-D4-20130904","[1396253, 1395870, 1395807]"
"CBN-Pla-D4-20140722","[1396253, 1396144, 1363133]"
"CBN-Pla-D4-20140902","[1395870, 1741880, 1396253]"
"CBN-Pla-D4-20150702","[1392300, 1396253, 1393708]"
"CBN-Pla-D4-20150723","[1395807, 1742052, 1395862]"
"CBN-Pla-D4-20150811","[1396253, 1395870, 1741880]"
"CBN-Pla-D4-20150901","[1396253, 1395870, 1394311]"
"CBN-Pla-D4-20160707","[1396253, 1390793, 1399800]"
"CBN-Pla-D4-20160728","[1397043, 1363016, 1363543]"
"CBN-Pla-D4-20180724","[1396253, 1398699, 1390837]"
"CBN-Pla-D4-20180816","[1396253, 1395870, 1397046]"
"CBN-Pla-D4-20180906","[1396253, 1395870, 1741880]"
"CBN-Pla-D4-20190723","[1396253, 1395870, 1395807]"
"CBN-Pla-D4-20190814","[1395870, 1741880, 1395807]"
"CBN-Pla-D4-20200723","[1396253, 1395870, 1390793]"
"CBN-Pla-D4-20200814","[1395870, 1741880, 1396253]"
"CBN-Pla-D5-20130808","[1396253, 1395807, 1396144]"
"CBN-Pla-D5-20130904","[1395807, 1396253, 1396843]"
"CBN-Pla-D5-20140722","[1396144, 1390811, 1358127]"
"CBN-Pla-D5-20140902","[1361367, 1394311, 1396144]"
"CBN-Pla-D5-20150702","[1396253, 1742052, 1388766]"
"CBN-Pla-D5-20150723","[1395807, 1363543, 1390883]"
"CBN-Pla-D5-20150811","[1396253, 1395807, 1396843]"
"CBN-Pla-D5-20150901","[1394311, 1396843, 1396253]"
"CBN-Pla-D5-20160707","[1395807, 1396144, 1392541]"
"CBN-Pla-D5-20160728","[1395807, 1363543, 1393200]"
"CBN-Pla-D5-20180724","[1396253, 1390953, 1532190]"
"CBN-Pla-D5-20180816","[1396253, 1397043, 1395807]"
"CBN-Pla-D5-20180906","[1396253, 1396843, 1411089]"
"CBN-Pla-D5-20190723","[1395807, 1396843, 1396253]"
"CBN-Pla-D5-20190814","[1397043, 1396144, 1397046]"
"CBN-Pla-D5-20200723","[1396253, 1395807, 1396843]"
"CBN-Pla-D6-20130808","[1395807, 1396253, 1741624]"
"CBN-Pla-D6-20130904","[1392535, 1392534, 1395807]"
"CBN-Pla-D6-20140722","[1412857, 1418688, 1390495]"
"CBN-Pla-D6-20140902","[1392552, 1647156, 1395807]"
"CBN-Pla-D6-20150702","[1744293, 1407739, 1388766]"
"CBN-Pla-D6-20150723","[1741880, 1395807, 1396843]"
"CBN-Pla-D6-20150811","[1392552, 1396253, 1395807]"
"CBN-Pla-D6-20150901","[1396843, 1392541, 1396253]"
"CBN-Pla-D6-20160707","[1396253, 1741880, 1395807]"
"CBN-Pla-D6-20160728","[1396253, 1395807, 1741880]"
"CBN-Pla-D6-20180724","[1412857, 1744293, 1399800]"
"CBN-Pla-D6-20180816","[1395807, 1397043, 1396843]"
"CBN-Pla-D6-20180906","[1396253, 1395807, 1397381]"
"CBN-Pla-D6-20190723","[1396144, 1395807, 1741880]"
"CBN-Pla-D6-20190814","[1399800, 1394597, 1395870]"
"CBN-Pla-D6-20200723","[1395807, 1412857, 1742053]"
"CBN-Pla-D6-20200814","[1392552, 1395807, 1396253]"
"CBN-Pla-E1-20130808","[1396144, 1396253, 1392534]"
"CBN-Pla-E1-20130904","[1396144, 1396253, 1396015]"
"CBN-Pla-E1-20140722","[1396144, 1744293, 1396253]"
"CBN-Pla-E1-20140902","[1396144, 1397491, 1744479]"
"CBN-Pla-E1-20150702","[1396144, 1396015, 1397491]"
"CBN-Pla-E1-20150723","[1741624, 1396272, 1396144]"
"CBN-Pla-E1-20150901","[1396144, 1396253, 1396272]"
"CBN-Pla-E1-20160707","[1396144, 1392541, 1396253]"
"CBN-Pla-E1-20160728","[1396144, 1392535, 1396253]"
"CBN-Pla-E1-20180816","[1744479, 1396144, 1647128]"
"CBN-Pla-E1-20180906","[1396144, 1394542, 1396253]"
"CBN-Pla-E1-20190723","[1392541, 1392535, 1392534]"
"CBN-Pla-E1-20190814","[1396253, 1396144, 1413349]"
"CBN-Pla-E1-20200630","[1396253, 1399798, 1529410]"
"CBN-Pla-E1-20200723","[1396144, 1396843, 1396253]"
"CBN-Pla-E1-20200814","[1396362, 1647128, 1396441]"
"CBN-Pla-E2-20130808","[1396144, 1396253, 1397491]"
"CBN-Pla-E2-20130904","[1396144, 1396253, 1363618]"
"CBN-Pla-E2-20140722","[1396144, 1396253, 1397491]"
"CBN-Pla-E2-20140902","[1396144, 1394542, 1396253]"
"CBN-Pla-E2-20150702","[1396144, 1396253, 1396272]"
"CBN-Pla-E2-20150723","[1396253, 1396144, 1738749]"
"CBN-Pla-E2-20150901","[1396253, 1396272, 1396144]"
"CBN-Pla-E2-20160707","[1396253, 1396144, 1742053]"
"CBN-Pla-E2-20160728","[1396144, 1396253, 1400176]"
"CBN-Pla-E2-20180724","[1396253, 1396144, 1397491]"
"CBN-Pla-E2-20180816","[1396253, 1396144, 1412857]"
"CBN-Pla-E2-20180906","[1396253, 1742053, 1744479]"
"CBN-Pla-E2-20190723","[1396144, 1396253, 1741624]"
"CBN-Pla-E2-20190814","[1396144, 1742053, 1396253]"
"CBN-Pla-E2-20200630","[1363543, 1396253, 1418688]"
"CBN-Pla-E2-20200723","[1396253, 1412857, 1742053]"
"CBN-Pla-E2-20200814","[1396253, 1744479, 1396144]"
"CBN-Pla-E3-20130808","[1396144, 1396253, 1397491]"
"CBN-Pla-E3-20130904","[1396144, 1396253, 1394311]"
"CBN-Pla-E3-20140722","[1396144, 1396253, 1394311]"
"CBN-Pla-E3-20140902","[1396843, 1396253, 1412857]"
"CBN-Pla-E3-20150702","[1396253, 1396144, 1412857]"
"CBN-Pla-E3-20150723","[1396253, 1397043, 1412857]"
"CBN-Pla-E3-20150811","[1396253, 1412857, 1396843]"
"CBN-Pla-E3-20150901","[1412857, 1396253, 1742053]"
"CBN-Pla-E3-20160707","[1396253, 1396144, 1394311]"
"CBN-Pla-E3-20160728","[1412857, 1396253, 1742053]"
"CBN-Pla-E3-20180724","[1396253, 1394641, 1412857]"
"CBN-Pla-E3-20180816","[1397043, 1396253, 1412857]"
"CBN-Pla-E3-20180906","[1412857, 1742053, 1396253]"
"CBN-Pla-E3-20190723","[1396253, 1412857, 1392535]"
"CBN-Pla-E3-20190814","[1396253, 1412857, 1742053]"
"CBN-Pla-E3-20200630","[1647156, 1390495, 1396144]"
"CBN-Pla-E3-20200723","[1396253, 1397043, 1397049]"
"CBN-Pla-E3-20200814","[1400176, 1396253, 1412857]"
"CBN-Pla-E4-20130808","[1396253, 1392541, 1396843]"
"CBN-Pla-E4-20130904","[1396253, 1396843, 1392696]"
"CBN-Pla-E4-20140722","[1396253, 1395967, 1392241]"
"CBN-Pla-E4-20140902","[1396253, 1396843, 1361367]"
"CBN-Pla-E4-20150702","[1396253, 1396843, 1418688]"
"CBN-Pla-E4-20150811","[1396843, 1396253, 1392541]"
"CBN-Pla-E4-20150901","[1396843, 1396253, 1391881]"
"CBN-Pla-E4-20160707","[1396253, 1396843, 1361367]"
"CBN-Pla-E4-20160728","[1396253, 1396843, 1392241]"
"CBN-Pla-E4-20180724","[1396253, 1363543, 1418688]"
"CBN-Pla-E4-20180816","[1396253, 1392534, 1397043]"
"CBN-Pla-E4-20180906","[1397043, 1396253, 1396843]"
"CBN-Pla-E4-20190723","[1396253, 1396843, 1395807]"
"CBN-Pla-E4-20190814","[1396843, 1396253, 1361275]"
"CBN-Pla-E4-20200630","[1399798, 1396253, 1399800]"
"CBN-Pla-E4-20200723","[1397043, 1396253, 1397046]"
"CBN-Pla-E4-20200814","[1396843, 1396253, 1394911]"
"CBN-Pla-E5-20130808","[1396253, 1395807, 1363618]"
"CBN-Pla-E5-20130904","[1395807, 1396843, 1647156]"
"CBN-Pla-E5-20140722","[1392534, 1399798, 1359587]"
"CBN-Pla-E5-20140902","[1744194, 1394542, 1361367]"
"CBN-Pla-E5-20150702","[1396843, 1392541, 1394911]"
"CBN-Pla-E5-20150723","[1400176, 1391359, 1414270]"
"CBN-Pla-E5-20150811","[1363618, 1392534, 1412857]"
"CBN-Pla-E5-20150901","[1396843, 1363618, 1395807]"
"CBN-Pla-E5-20160707","[1651427, 1390793, 1394311]"
"CBN-Pla-E5-20160728","[1392535, 1392534, 1549015]"
"CBN-Pla-E5-20180724","[1391427, 1399798, 1363618]"
"CBN-Pla-E5-20180816","[1392535, 1392534, 1395807]"
"CBN-Pla-E5-20180906","[1396843, 1392541, 1392535]"
"CBN-Pla-E5-20190723","[1400176, 1363618, 1394595]"
"CBN-Pla-E5-20190814","[1395807, 1396843, 1392541]"
"CBN-Pla-E5-20200630","[1364066, 1392541, 1392534]"
"CBN-Pla-E5-20200723","[1392534, 1392561, 1395807]"
"CBN-Pla-E5-20200814","[1647677, 1395807, 1392541]"
"CBN-Pla-E6-20130808","[1396253, 1395807, 1395870]"
"CBN-Pla-E6-20130904","[1393224, 1396253, 1395807]"
"CBN-Pla-E6-20140722","[1396253, 1737701, 1412857]"
"CBN-Pla-E6-20140902","[1412857, 1395807, 1742053]"
"CBN-Pla-E6-20150702","[1396253, 1412857, 1361347]"
"CBN-Pla-E6-20150723","[1412857, 1743456, 1395807]"
"CBN-Pla-E6-20150811","[1412857, 1742053, 1395870]"
"CBN-Pla-E6-20150901","[1396253, 1412857, 1742053]"
"CBN-Pla-E6-20160707","[1396253, 1742053, 1396144]"
"CBN-Pla-E6-20160728","[1396253, 1396843, 1395807]"
"CBN-Pla-E6-20180724","[1389228, 1390783, 1391092]"
"CBN-Pla-E6-20180816","[1396253, 1397043, 1412857]"
"CBN-Pla-E6-20180906","[1742053, 1412857, 1396253]"
"CBN-Pla-E6-20190723","[1395807, 1396253, 1361708]"
"CBN-Pla-E6-20190814","[1396253, 1741624, 1395807]"
"CBN-Pla-E6-20200723","[1396253, 1412857, 1742052]"
"CBN-Pla-E6-20200814","[1396253, 1412857, 1742053]"
"CBN-Pla-F1-20130808","[1741624, 1356042, 1363543]"
"CBN-Pla-F1-20130904","[1397461, 1741624, 1399082]"
"CBN-Pla-F1-20140722","[1363543, 1396094, 1647677]"
"CBN-Pla-F1-20140902","[1647156, 1744479, 1647128]"
"CBN-Pla-F1-20150702","[1413349, 1647156, 1393679]"
"CBN-Pla-F1-20150723","[1413349, 1647128, 1399082]"
"CBN-Pla-F1-20150901","[1647128, 1741624, 1394311]"
"CBN-Pla-F1-20160707","[1647128, 1363543, 1361367]"
"CBN-Pla-F1-20160728","[1396296, 1647156, 1741624]"
"CBN-Pla-F1-20180724","[1389597, 1647128, 1356042]"
"CBN-Pla-F1-20180816","[1741624, 1359296, 1392487]"
"CBN-Pla-F1-20180906","[1392534, 1728573, 1392260]"
"CBN-Pla-F1-20190723","[1741624, 1580587, 1580588]"
"CBN-Pla-F1-20190814","[1400176, 1394311, 1392737]"
"CBN-Pla-F1-20200630","[1363543, 1396144, 1363409]"
"CBN-Pla-F1-20200723","[1397043, 1741624, 1397046]"
"CBN-Pla-F1-20200814","[1400176, 1361275, 1392260]"
"CBN-Pla-F2-20130808","[1396253, 1395174, 1396144]"
"CBN-Pla-F2-20130904","[1647156, 1744479, 1399082]"
"CBN-Pla-F2-20140722","[1396144, 1397491, 1363543]"
"CBN-Pla-F2-20140902","[1396253, 1361099, 1647128]"
"CBN-Pla-F2-20150702","[1396144, 1396253, 1359973]"
"CBN-Pla-F2-20150723","[1741624, 1580588, 1413349]"
"CBN-Pla-F2-20150901","[1412857, 1396253, 1361367]"
"CBN-Pla-F2-20160707","[1396253, 1647128, 1361367]"
"CBN-Pla-F2-20160728","[1395718, 1741624, 1652912]"
"CBN-Pla-F2-20180724","[1396253, 1412857, 1396144]"
"CBN-Pla-F2-20180816","[1412857, 1396253, 1395718]"
"CBN-Pla-F2-20180906","[1395718, 1412857, 1738699]"
"CBN-Pla-F2-20190723","[1741624, 1391359, 1392241]"
"CBN-Pla-F2-20190814","[1388915, 1395718, 1412857]"
"CBN-Pla-F2-20200630","[1396253, 1392241, 1418612]"
"CBN-Pla-F2-20200723","[1396253, 1390899, 1394865]"
"CBN-Pla-F2-20200814","[1396253, 1400155, 1651162]"
"CBN-Pla-F3-20130808","[1396253, 1394542, 1394441]"
"CBN-Pla-F3-20130904","[1390495, 1394438, 1396253]"
"CBN-Pla-F3-20140722","[1396144, 1396253, 1397491]"
"CBN-Pla-F3-20140902","[1396144, 1394438, 1413349]"
"CBN-Pla-F3-20150702","[1396253, 1360306, 1399800]"
"CBN-Pla-F3-20150723","[1396253, 1741624, 1418612]"
"CBN-Pla-F3-20150811","[1744479, 1396253, 1742053]"
"CBN-Pla-F3-20150901","[1396144, 1396253, 1413349]"
"CBN-Pla-F3-20160707","[1396253, 1390793, 1359740]"
"CBN-Pla-F3-20160728","[1394438, 1396253, 1412857]"
"CBN-Pla-F3-20180724","[1396253, 1412857, 1391427]"
"CBN-Pla-F3-20180816","[1396253, 1412857, 1397528]"
"CBN-Pla-F3-20180906","[1396253, 1412857, 1395718]"
"CBN-Pla-F3-20190723","[1396253, 1412857, 1392241]"
"CBN-Pla-F3-20190814","[1394438, 1397106, 1396253]"
"CBN-Pla-F3-20200630","[1396253, 1363133, 1419963]"
"CBN-Pla-F3-20200723","[1396144, 1396253, 1741624]"
"CBN-Pla-F3-20200814","[1396144, 1396253, 1394438]"
"CBN-Pla-F4-20130808","[1647128, 1396253, 1394655]"
"CBN-Pla-F4-20130904","[1394643, 1396144, 1396253]"
"CBN-Pla-F4-20140722","[1396144, 1359965, 1394643]"
"CBN-Pla-F4-20150723","[1647156, 1744479, 1391359]"
"CBN-Pla-F4-20150811","[1413349, 1412857, 1394311]"
"CBN-Pla-F4-20150901","[1396144, 1412857, 1742053]"
"CBN-Pla-F4-20160707","[1412857, 1396253, 1742052]"
"CBN-Pla-F4-20160728","[1396253, 1412857, 1396144]"
"CBN-Pla-F4-20180724","[1390904, 1388766, 1363543]"
"CBN-Pla-F4-20180816","[1412857, 1394311, 1742053]"
"CBN-Pla-F4-20180906","[1412857, 1396253, 1742053]"
"CBN-Pla-F4-20190723","[1396253, 1412857, 1395807]"
"CBN-Pla-F4-20190814","[1396253, 1412857, 1395807]"
"CBN-Pla-F4-20200630","[1394595, 1359587, 1359937]"
"CBN-Pla-F4-20200723","[1412857, 1742053, 1396253]"
"CBN-Pla-F4-20200814","[1742053, 1412857, 1647128]"
"CBN-Pla-F5-20130808","[1396253, 1396144, 1479447]"
"CBN-Pla-F5-20130904","[1396253, 1396843, 1396144]"
"CBN-Pla-F5-20140722","[1396144, 1361275, 1396253]"
"CBN-Pla-F5-20140902","[1396253, 1400176, 1396843]"
"CBN-Pla-F5-20150702","[1396253, 1394311, 1394865]"
"CBN-Pla-F5-20150723","[1396253, 1397046, 1744194]"
"CBN-Pla-F5-20150811","[1396253, 1396843, 1647677]"
"CBN-Pla-F5-20150901","[1396253, 1396843, 1361141]"
"CBN-Pla-F5-20160707","[1396253, 1412857, 1388766]"
"CBN-Pla-F5-20160728","[1396253, 1400176, 1395807]"
"CBN-Pla-F5-20180724","[1396253, 1399773, 1399772]"
"CBN-Pla-F5-20180816","[1397043, 1396253, 1397046]"
"CBN-Pla-F5-20180906","[1396253, 1396843, 1400176]"
"CBN-Pla-F5-20190723","[1396253, 1395807, 1389986]"
"CBN-Pla-F5-20190814","[1396253, 1397043, 1397046]"
"CBN-Pla-F5-20200723","[1396253, 1397043, 1400176]"
"CBN-Pla-F5-20200814","[1396253, 1400176, 1362482]"
"CBN-Pla-F6-20130808","[1396253, 1392541, 1392535]"
"CBN-Pla-F6-20130904","[1396253, 1396843, 1392293]"
"CBN-Pla-F6-20140722","[1396107, 1743315, 1609716]"
"CBN-Pla-F6-20140902","[1362482, 1392241, 1361275]"
"CBN-Pla-F6-20150702","[1396253, 1743903, 1394270]"
"CBN-Pla-F6-20150723","[1396253, 1396843, 1397043]"
"CBN-Pla-F6-20150811","[1396253, 1396843, 1359138]"
"CBN-Pla-F6-20150901","[1742053, 1396253, 1396843]"
"CBN-Pla-F6-20160707","[1396253, 1394643, 1390793]"
"CBN-Pla-F6-20160728","[1396253, 1392241, 1392541]"
"CBN-Pla-F6-20180724","[1396253, 1360222, 1390837]"
"CBN-Pla-F6-20180816","[1396253, 1397043, 1396843]"
"CBN-Pla-F6-20180906","[1396253, 1396843, 1397043]"
"CBN-Pla-F6-20190723","[1396253, 1396843, 1396144]"
"CBN-Pla-F6-20190814","[1396253, 1397046, 1396843]"
"CBN-Pla-F6-20200723","[1397043, 1396253, 1396843]"
"CBN-Pla-F6-20200814","[1396253, 1397043, 1412857]"
"CBN-Pyr-01-20230706","[1396843, 1359508, 1359965]"
"CBN-Pyr-03-20230706","[1395973, 1396015, 1741624]"
"CBN-can-A1-20230705","[1360299, 1396253, 1392608]"
"CBN-can-A2-20230705","[1393659, 1396253, 1395807]"
"CBN-can-A3-20230705","[1393200, 1392608, 1391092]"
"CBN-can-A5-20230705","[1397475, 1396253, 1395807]"
"CBN-can-A6-20230705","[1397475, 1393200, 1396253]"
"CBN-can-B1-20230705","[1392608, 1396144, 1392611]"
"CBN-can-B2-20230705","[1392608, 1400101, 1360299]"
"CBN-can-B3-20230705","[1393200, 1393619, 1391092]"
"CBN-can-B4-20230705","[1397475, 1393200, 1393874]"
"CBN-can-B5-20230705","[1397475, 1392535, 1392534]"
"CBN-can-B6-20230705","[1397475, 1393679, 1395807]"
"CBN-can-C1-20230705","[1396253, 1393200, 1363138]"
"CBN-can-C2-20230705","[1393200, 1396253, 1393584]"
"CBN-can-C3-20230705","[1396253, 1395807, 1393679]"
"CBN-can-C4-20230705","[1393200, 1395807, 1364066]"
"CBN-can-D1-20230705","[1396253, 1397043, 1395807]"
"CBN-can-D2-20230705","[1391092, 1396253, 1412857]"
"CBN-can-D3-20230705","[1396253, 1413349, 1356278]"
"CBN-can-D4-20230705","[1400101, 1396253, 1395807]"
"CBN-can-E1-20230706","[1392608, 1392612, 1395807]"
"CBN-can-E2-20230706","[1395807, 1393584, 1393619]"
"CBN-can-E3-20230706","[1392535, 1392534, 1397430]"
"CBN-can-E4-20230706","[1397430, 1360748, 1393947]"
"CBN-can-E5-20230706","[1392608, 1393200, 1392535]"
"CBN-can-E6-20230706","[1392535, 1392534, 1392608]"
"CBN-can-F1-20230705","[1392535, 1392534, 1396253]"
"CBN-can-F2-20230706","[1396144, 1395807, 1396253]"
"CBN-can-F3-20230706","[1412857, 1393200, 1395807]"
"CBN-can-F4-20230706","[1397430, 1356278, 1360748]"
"CBN-can-F5-20230706","[1392608, 1396253, 1396843]"
"GUARDEN-AMB-CF04-1-10-20240325","[1359344, 1360978, 1363302]"
"GUARDEN-AMB-CF04-1-5-20240325","[1363302, 1359344, 1363882]"
"GUARDEN-AMB-CF21-1-1-20240326","[1388812, 1357589, 1357595]"
"GUARDEN-AMB-CF21-1-10-20240326","[1744602, 1363302, 1399739]"
"GUARDEN-AMB-CF21-1-2-20240326","[1360719, 1358203, 1363302]"
"GUARDEN-AMB-CF21-1-3-20240326","[1359344, 1360719, 1360381]"
"GUARDEN-AMB-CF21-1-4-20240326","[1359344, 1360978, 1363302]"
"GUARDEN-AMB-CF21-1-5-20240326","[1359344, 1359297, 1359298]"
"GUARDEN-AMB-CF21-1-6-20240326","[1359344, 1359297, 1393770]"
"GUARDEN-AMB-CF21-1-7-20240326","[1363302, 1724816, 1360701]"
"GUARDEN-AMB-CF21-1-8-20240326","[1359344, 1363302, 1399739]"
"GUARDEN-AMB-CF21-1-9-20240326","[1399739, 1724816, 1357129]"
"GUARDEN-AMB-GV04-1-3-20240326","[1359297, 1359344, 1359298]"
"GUARDEN-AMB-GV04-1-4-20240326","[1359297, 1359344, 1359298]"
"GUARDEN-AMB-GV04-1-5-20240326","[1359297, 1359298, 1359344]"
"GUARDEN-AMB-GV04-1-6-20240326","[1359297, 1359298, 1743990]"
"GUARDEN-AMB-GV04-1-7-20240326","[1359297, 1359298, 1363882]"
"GUARDEN-AMB-PR13-1-10-20240417","[1359298, 1721018, 1359297]"
"GUARDEN-AMB-PR13-1-2-20240417","[1360701, 1722578, 1721018]"
"GUARDEN-AMB-PR13-1-3-20240417","[1360701, 1721018, 1359297]"
"GUARDEN-AMB-PR13-1-4-20240417","[1721018, 1364037, 1722578]"
"GUARDEN-AMB-PR13-1-8-20240417","[1359344, 1359297, 1721018]"
"GUARDEN-AMB-PR20-1-1-20240424","[1393522, 1722433, 1722441]"
"GUARDEN-AMB-PR20-1-10-20240424","[1359297, 1399739, 1359344]"
"GUARDEN-AMB-PR20-1-8-20240424","[1359344, 1359297, 1363840]"
"GUARDEN-AMB-SA03-1-1-20240626","[1359344, 1359297, 1393754]"
"GUARDEN-AMB-SA03-1-10-20240626","[1356333, 1361732, 1360035]"
"GUARDEN-AMB-SA03-1-2-20240626","[1359344, 1359297, 1722441]"
"GUARDEN-AMB-SA03-1-3-20240626","[1359344, 1358203, 1743249]"
"GUARDEN-AMB-SA03-1-4-20240626","[1359344, 1360978, 1359297]"
"GUARDEN-AMB-SA03-1-5-20240626","[1359344, 1359424, 1358203]"
"GUARDEN-AMB-SA03-1-9-20240626","[1356905, 1359297, 1359298]"
"GUARDEN-AMB-VC03-1-3-20240417","[1356905, 1359344, 1394421]"
"GUARDEN-AMB-VC03-1-4-20240417","[1356905, 1359344, 1359297]"
"GUARDEN-AMB-VC03-1-5-20240417","[1356905, 1359297, 1359298]"
"GUARDEN-AMB-VC03-1-6-20240417","[1356905, 1359344, 1359297]"
"GUARDEN-CBNMed-10-1-16-34-20240429","[1358503, 1722409, 1358504]"
"GUARDEN-CBNMed-10-10-17-19-20240429","[1358613, 1548487, 1548459]"
"GUARDEN-CBNMed-10-5-16-55-20240429","[1356785, 1357111, 1358503]"
"GUARDEN-CBNMed-10-6-17-02-20240429","[1358613, 1356785, 1431896]"
"GUARDEN-CBNMed-10-7-17-05-20240429","[1357111, 1358866, 1358613]"
"GUARDEN-CBNMed-10-8-17-11-20240429","[1358613, 1548459, 1390466]"
"GUARDEN-CBNMed-10-9-17-16-20240429","[1358613, 1358503, 1359435]"
"GUARDEN-CBNMed-14-3-9-45-20240429","[1359676, 1361710, 1356145]"
"GUARDEN-CBNMed-14-4-9-49-20240429","[1359676, 1392520, 1391357]"
"GUARDEN-CBNMed-14-9-10-09-20240429","[1359676, 1359677, 1359678]"
"GUARDEN-CBNMed-15-10-12-17-20240429","[1363413, 1363731, 1363468]"
"GUARDEN-CBNMed-15-5-11-44-20240429","[1364171, 1361190, 1363468]"
"GUARDEN-CBNMed-15-7-12-02-20240429","[1364171, 1359676, 1361190]"
"GUARDEN-CBNMed-15-9-12-15-20240429","[1363413, 1364171, 1363491]"
"GUARDEN-CBNMed-16-1-13-37-20240429","[1722409, 1356108, 1388990]"
"GUARDEN-CBNMed-16-10-14-33-20240429","[1722409, 1743966, 1357566]"
"GUARDEN-CBNMed-16-2-13-45-20240429","[1399771, 1388990, 1398408]"
"GUARDEN-CBNMed-16-3-13-51-20240429","[1722409, 1743966, 1744347]"
"GUARDEN-CBNMed-16-4-13-57-20240429","[1722409, 1744243, 1509616]"
"GUARDEN-CBNMed-16-6-14-07-20240429","[1722409, 1744243, 1743303]"
"GUARDEN-CBNMed-16-7-14-1-20240429","[1722409, 1744243, 1743965]"
"GUARDEN-CBNMed-16-8-14-14-20240429","[1360999, 1722409, 1392725]"
"GUARDEN-CBNMed-17-3-10-56-20240429","[1363292, 1361106, 1425884]"
"GUARDEN-CBNMed-17-5-11-2-20240429","[1361106, 1363212, 1359171]"
"GUARDEN-CBNMed-19-1-15-24-20240429","[1357743, 1357293, 1355964]"
"GUARDEN-CBNMed-19-10-16-02-20240429","[1359813, 1356323, 1437978]"
"GUARDEN-CBNMed-19-2-15-31-20240429","[1363413, 1502682, 1400017]"
"GUARDEN-CBNMed-19-3-15-35-20240429","[1359521, 1742349, 1357815]"
"GUARDEN-CBNMed-19-4-15-39-20240429","[1493549, 1358477, 1359521]"
"GUARDEN-CBNMed-19-5-15-44-20240429","[1359521, 1361926, 1502682]"
"GUARDEN-CBNMed-19-6-15-48-20240429","[1361926, 1363413, 1358469]"
"GUARDEN-CBNMed-19-7-15-51-20240429","[1425238, 1392628, 1400017]"
"GUARDEN-CBNMed-19-8-15-53-20240429","[1359521, 1425238, 1357815]"
"GUARDEN-CBNMed-19-9-15-58-20240429","[1363413, 1728575, 1400017]"
"GUARDEN-CBNMed-20-1-9-35-20240428","[1360443, 1364040, 1394527]"
"GUARDEN-CBNMed-20-10-10-31-20240428","[1359216, 1357122, 1357114]"
"GUARDEN-CBNMed-20-8-10-19-20240428","[1360999, 1399771, 1356397]"
"GUARDEN-CBNMed-20-9-10-23-20240428","[1389002, 1357122, 1578131]"
"GUARDEN-CBNMed-21-10-11-42-20240428","[1357122, 1360999, 1400017]"
"GUARDEN-CBNMed-21-2-11-07-20240428","[1357122, 1357121, 1357114]"
"GUARDEN-CBNMed-21-3-11-09-20240428","[1357122, 1393365, 1357121]"
"GUARDEN-CBNMed-21-6-11-17-20240428","[1357114, 1357122, 1357116]"
"GUARDEN-CBNMed-21-8-11-23-20240428","[1357122, 1357117, 1357116]"
"GUARDEN-CBNMed-21-9-11-32-20240428","[1388990, 1360999, 1359973]"
"GUARDEN-CBNMed-22-1-13-39-20240428","[1360054, 1722625, 1743979]"
"GUARDEN-CBNMed-22-10-14-48-20240428","[1360006, 1743275, 1393568]"
"GUARDEN-CBNMed-22-2-14-05-20240428","[1393574, 1722522, 1363200]"
"GUARDEN-CBNMed-22-5-14-21-20240428","[1722522, 1722521, 1389328]"
"GUARDEN-CBNMed-22-6-14-23-20240428","[1722522, 1722625, 1722521]"
"GUARDEN-CBNMed-22-7-14-25-20240428","[1722522, 1722521, 1738887]"
"GUARDEN-CBNMed-22-9-14-42-20240428","[1722625, 1360006, 1363200]"
"GUARDEN-CBNMed-23-1-9-56-20240428","[1360999, 1492564, 1391710]"
"GUARDEN-CBNMed-23-10-10-42-20240428","[1502610, 1499749, 1363136]"
"GUARDEN-CBNMed-23-3-10-14-20240428","[1499749, 1362415, 1744504]"
"GUARDEN-CBNMed-23-4-10-17-20240428","[1356108, 1564339, 1389394]"
"GUARDEN-CBNMed-23-5-10-21-20240428","[1360711, 1360706, 1359216]"
"GUARDEN-CBNMed-23-6-10-24-20240428","[1393365, 1391710, 1743303]"
"GUARDEN-CBNMed-23-7-10-28-20240428","[1393365, 1564441, 1399677]"
"GUARDEN-CBNMed-23-8-10-34-20240428","[1564276, 1399423, 1564596]"
"GUARDEN-CBNMed-23-9-10-39-20240428","[1399423, 1398815, 1362044]"
"GUARDEN-CBNMed-24-10-13-06-20240428","[1357771, 1744002, 1359952]"
"GUARDEN-CBNMed-24-2-12-04-20240428","[1357351, 1362462, 1360978]"
"GUARDEN-CBNMed-24-3-12-15-20240428","[1357351, 1357335, 1357670]"
"GUARDEN-CBNMed-24-5-12-36-20240428","[1357351, 1360701, 1357401]"
"GUARDEN-CBNMed-24-6-12-46-20240428","[1357351, 1360711, 1357734]"
"GUARDEN-CBNMed-24-7-12-54-20240428","[1360711, 1360715, 1360716]"
"GUARDEN-CBNMed-24-8-14-58-20240428","[1357351, 1357335, 1357722]"
"GUARDEN-CBNMed-24-9-13-02-20240428","[1360711, 1360706, 1360715]"
"GUARDEN-CBNMed-25-1-13-52-20240428","[1394527, 1561314, 1360739]"
"GUARDEN-CBNMed-25-10-14-49-20240428","[1357743, 1394527, 1357293]"
"GUARDEN-CBNMed-25-2-13-57-20240428","[1388990, 1743319, 1679961]"
"GUARDEN-CBNMed-25-3-14-06-20240428","[1394527, 1561314, 1742100]"
"GUARDEN-CBNMed-25-4-14-15-20240428","[1357743, 1394527, 1742109]"
"GUARDEN-CBNMed-25-7-14-28-20240428","[1742109, 1357981, 1360443]"
"GUARDEN-CBNMed-25-8-14-39-20240428","[1357981, 1357743, 1357293]"
"GUARDEN-CBNMed-25-9-14-43-20240428","[1357981, 1742109, 1357815]"
"GUARDEN-CBNMed-26-10-10-01-20240428","[1359344, 1359297, 1359298]"
"GUARDEN-CBNMed-26-6-9-34-20240428","[1738652, 1362333, 1743249]"
"GUARDEN-CBNMed-26-8-9-45-20240428","[1359344, 1357742, 1744602]"
"GUARDEN-CBNMed-26-9-9-48-20240428","[1359344, 1359298, 1358782]"
"GUARDEN-CBNMed-27-1-11-17-20240428","[1393547, 1360059, 1744399]"
"GUARDEN-CBNMed-27-10-11-55-20240428","[1722625, 1360054, 1738887]"
"GUARDEN-CBNMed-27-2-11-32-20240428","[1360026, 1744019, 1370637]"
"GUARDEN-CBNMed-27-3-11-36-20240428","[1363200, 1722625, 1722522]"
"GUARDEN-CBNMed-27-4-11-39-20240428","[1722522, 1393574, 1722625]"
"GUARDEN-CBNMed-27-5-11-4-20240428","[1393574, 1722522, 1722625]"
"GUARDEN-CBNMed-27-6-11-42-20240428","[1449488, 1722522, 1393574]"
"GUARDEN-CBNMed-27-7-11-43-20240428","[1722522, 1722625, 1449488]"
"GUARDEN-CBNMed-27-8-11-45-20240428","[1393574, 1449488, 1647291]"
"GUARDEN-CBNMed-27-9-11-47-20240428","[1393569, 1360054, 1360009]"
"GUARDEN-CBNMed-28-1-12-46-20240428","[1360006, 1393574, 1743275]"
"GUARDEN-CBNMed-28-10-13-23-20240428","[1357705, 1393571, 1360558]"
"GUARDEN-CBNMed-28-2-12-48-20240428","[1360006, 1722625, 1363200]"
"GUARDEN-CBNMed-28-3-12-51-20240428","[1722625, 1738887, 1722522]"
"GUARDEN-CBNMed-28-4-12-52-20240428","[1357705, 1360054, 1722625]"
"GUARDEN-CBNMed-28-5-13-02-20240428","[1360026, 1360006, 1360009]"
"GUARDEN-CBNMed-28-6-13-06-20240428","[1357705, 1738887, 1393568]"
"GUARDEN-CBNMed-28-7-13-11-20240428","[1357705, 1722625, 1722522]"
"GUARDEN-CBNMed-28-8-13-14-20240428","[1357705, 1391750, 1357401]"
"GUARDEN-CBNMed-28-9-13-17-20240428","[1722625, 1357705, 1722521]"
"GUARDEN-CBNMed-29-6-14-31-20240428","[1357227, 1360719, 1359344]"
"GUARDEN-CBNMed-29-7-14-34-20240428","[1360701, 1360719, 1360715]"
"GUARDEN-CBNMed-30-1-16-07-20240428","[1357401, 1393770, 1359344]"
"GUARDEN-CBNMed-30-10-16-41-20240428","[1357227, 1359344, 1391491]"
"GUARDEN-CBNMed-30-2-16-23-20240428","[1357227, 1359344, 1357651]"
"GUARDEN-CBNMed-30-4-16-3-20240428","[1357227, 1394664, 1357236]"
"GUARDEN-CBNMed-30-6-16-34-20240428","[1357227, 1394664, 1357236]"
"GUARDEN-CBNMed-30-7-16-35-20240428","[1357227, 1394664, 1359344]"
"GUARDEN-CBNMed-30-8-16-37-20240428","[1357227, 1394664, 1359344]"
"GUARDEN-CBNMed-30-9-16-4-20240428","[1357227, 1394664, 1359344]"
"GUARDEN-CBNMed-31-1-9-37-20240428","[1359952, 1393770, 1359344]"
"GUARDEN-CBNMed-31-10-10-06-20240428","[1722578, 1744001, 1414353]"
"GUARDEN-CBNMed-31-2-9-4-20240428","[1355977, 1358590, 1359298]"
"GUARDEN-CBNMed-31-3-9-44-20240428","[1393770, 1564441, 1425238]"
"GUARDEN-CBNMed-31-4-9-48-20240428","[1357227, 1564441, 1393770]"
"GUARDEN-CBNMed-31-5-9-51-20240428","[1564441, 1393770, 1396726]"
"GUARDEN-CBNMed-31-6-9-54-20240428","[1393770, 1564441, 1396726]"
"GUARDEN-CBNMed-31-7-9-56-20240428","[1722578, 1393770, 1363882]"
"GUARDEN-CBNMed-31-8-10-20240428","[1396726, 1564441, 1358968]"
"GUARDEN-CBNMed-31-9-10-02-20240428","[1722578, 1357227, 1364151]"
"GUARDEN-CBNMed-32-1-11-46-20240428","[1564441, 1357630, 1397398]"
"GUARDEN-CBNMed-32-10-13-12-20240428","[1396726, 1393770, 1359952]"
"GUARDEN-CBNMed-32-2-11-58-20240428","[1564441, 1396726, 1358968]"
"GUARDEN-CBNMed-32-3-12-01-20240428","[1564441, 1396726, 1358968]"
"GUARDEN-CBNMed-32-4-12-12-20240428","[1564441, 1396726, 1358968]"
"GUARDEN-CBNMed-32-9-13-07-20240428","[1357401, 1359952, 1356069]"
"GUARDEN-CBNMed-33-1-14-48-20240428","[1357630, 1397398, 1392725]"
"GUARDEN-CBNMed-33-10-15-59-20240428","[1357401, 1502684, 1363882]"
"GUARDEN-CBNMed-33-2-15-01-20240428","[1357630, 1392725, 1397398]"
"GUARDEN-CBNMed-33-3-15-04-20240428","[1357630, 1392726, 1397398]"
"GUARDEN-CBNMed-33-4-15-26-20240428","[1742109, 1357630, 1493539]"
"GUARDEN-CBNMed-33-5-15-29-20240428","[1357630, 1742109, 1392725]"
"GUARDEN-CBNMed-33-6-15-36-20240428","[1357630, 1397398, 1392725]"
"GUARDEN-CBNMed-33-7-15-43-20240428","[1356976, 1397499, 1357630]"
"GUARDEN-CBNMed-33-8-15-5-20240428","[1357630, 1392726, 1397398]"
"GUARDEN-CBNMed-33-9-15-56-20240428","[1357630, 1392726, 1358358]"
"GUARDEN-CBNMed-38-1-12-58-20240428","[1360711, 1437245, 1395169]"
"GUARDEN-CBNMed-38-4-14-39-20240428","[1395162, 1360711, 1395169]"
"GUARDEN-CBNMed-38-6-15-04-20240428","[1360711, 1743588, 1395162]"
"GUARDEN-CBNMed-39-10-12-02-20240531","[1360711, 1360709, 1360716]"
"GUARDEN-CBNMed-39-7-11-3-20240531","[1360711, 1360706, 1359488]"
"GUARDEN-CBNMed-39-8-11-39-20240531","[1407739, 1392699, 1359603]"
"GUARDEN-CBNMed-39-9-11-5-20240531","[1359591, 1394477, 1657500]"
"GUARDEN-CBNMed-44-7-12-03-20240629","[1392059, 1358501, 1363593]"
"GUARDEN-CBNMed-5-1-12-38-20240430","[1414366, 1363490, 1414353]"
"GUARDEN-CBNMed-5-10-13-32-20240430","[1414366, 1356007, 1361058]"
"GUARDEN-CBNMed-5-2-12-45-20240430","[1414366, 1363501, 1414353]"
"GUARDEN-CBNMed-5-3-12-56-20240430","[1391823, 1363446, 1424916]"
"GUARDEN-CBNMed-5-4-13-20240430","[1391823, 1424916, 1363490]"
"GUARDEN-CBNMed-5-5-13-04-20240430","[1363543, 1414366, 1363489]"
"GUARDEN-CBNMed-5-6-13-07-20240430","[1414366, 1414353, 1363458]"
"GUARDEN-CBNMed-5-7-13-17-20240430","[1414366, 1363501, 1414353]"
"GUARDEN-CBNMed-5-8-13-22-20240430","[1363459, 1414366, 1363458]"
"GUARDEN-CBNMed-5-9-13-27-20240430","[1363490, 1363501, 1396638]"
"GUARDEN-CBNMed-6-9-15-28-20240430","[1360399, 1392487, 1392445]"
"GUARDEN-CBNMed-8-10-12-59-20240429","[1358613, 1743916, 1743448]"
"GUARDEN-CBNMed-8-4-12-33-20240429","[1722409, 1743989, 1743651]"
"GUARDEN-CBNMed-8-8-12-51-20240429","[1361000, 1743966, 1360701]"
"GUARDEN-CBNMed-8-9-12-56-20240429","[1358613, 1361000, 1743966]"
"GUARDEN-CBNMed-9-10-16-16-20240429","[1360701, 1358613, 1743966]"
"GUARDEN-CBNMed-9-2-15-46-20240429","[1358511, 1390468, 1418701]"
"GUARDEN-CBNMed-9-6-16-04-20240429","[1358613, 1548487, 1743916]"
"GUARDEN-CBNMed-9-7-16-06-20240429","[1358613, 1743916, 1548487]"
"GUARDEN-CBNMed-9-8-16-08-20240429","[1358613, 1743916, 1360558]"
"GUARDEN-CBNMed-9-9-16-14-20240429","[1358613, 1360701, 1577392]"
"LISAH-BOU-0-10-20230523","[1356013, 1363835, 1744001]"
"LISAH-BOU-0-101-20240425","[1425238, 1390637, 1359344]"
"LISAH-BOU-0-104-20240502","[1360385, 1356397, 1394246]"
"LISAH-BOU-0-105-20240502","[1356397, 1355908, 1356276]"
"LISAH-BOU-0-108-20240502","[1359772, 1392384, 1397347]"
"LISAH-BOU-0-109-20240502","[1355990, 1359772, 1364173]"
"LISAH-BOU-0-110-20240502","[1360385, 1356397, 1360399]"
"LISAH-BOU-0-111-20240502","[1359792, 1392384, 1360385]"
"LISAH-BOU-0-113-20240502","[1356013, 1392594, 1360385]"
"LISAH-BOU-0-114-20240502","[1360385, 1389576, 1360420]"
"LISAH-BOU-0-117-20240502","[1356013, 1364100, 1360385]"
"LISAH-BOU-0-118-20240502","[1356013, 1356276, 1360385]"
"LISAH-BOU-0-14-20230511","[1361190, 1556990, 1363467]"
"LISAH-BOU-0-15-20230511","[1356013, 1650228, 1650353]"
"LISAH-BOU-0-153-20240502","[1356008, 1392594, 1355881]"
"LISAH-BOU-0-154-20240502","[1356013, 1390637, 1357351]"
"LISAH-BOU-0-157-20240502","[1356013, 1358643, 1355964]"
"LISAH-BOU-0-16-20230511","[1363835, 1363129, 1400186]"
"LISAH-BOU-0-160-20240502","[1356013, 1358643, 1356008]"
"LISAH-BOU-0-163-20240502","[1363944, 1356008, 1392594]"
"LISAH-BOU-0-164-20240502","[1356013, 1390637, 1393770]"
"LISAH-BOU-0-165-20240502","[1356013, 1392594, 1358643]"
"LISAH-BOU-0-167-20240502","[1363731, 1359333, 1363730]"
"LISAH-BOU-0-168-20240502","[1363731, 1361307, 1355994]"
"LISAH-BOU-0-170-20240502","[1363731, 1355994, 1356008]"
"LISAH-BOU-0-171-20240502","[1363731, 1358654, 1392594]"
"LISAH-BOU-0-172-20240502","[1363731, 1425238, 1355881]"
"LISAH-BOU-0-173-20240502","[1358654, 1363731, 1355881]"
"LISAH-BOU-0-174-20240502","[1425238, 1363731, 1363730]"
"LISAH-BOU-0-175-20240502","[1363734, 1425238, 1359443]"
"LISAH-BOU-0-183-20240502","[1363731, 1363944, 1359639]"
"LISAH-BOU-0-187-20240502","[1363734, 1363731, 1361307]"
"LISAH-BOU-0-191-20240502","[1359268, 1358654, 1359265]"
"LISAH-BOU-0-2-20240425","[1397387, 1356697, 1356397]"
"LISAH-BOU-0-24-20230512","[1361000, 1360385, 1363804]"
"LISAH-BOU-0-24-20240425","[1356013, 1360433, 1391113]"
"LISAH-BOU-0-25-20230512","[1356013, 1360385, 1360420]"
"LISAH-BOU-0-25-20230711","[1360825, 1356395, 1362353]"
"LISAH-BOU-0-28-20240425","[1361000, 1360385, 1363229]"
"LISAH-BOU-0-29-20230523","[1356013, 1422218, 1397356]"
"LISAH-BOU-0-29-20230621","[1363212, 1356397, 1360816]"
"LISAH-BOU-0-29-20240425","[1361000, 1397356, 1360385]"
"LISAH-BOU-0-3-20230721","[1425238, 1357815, 1363212]"
"LISAH-BOU-0-30-20230512","[1356012, 1356017, 1358671]"
"LISAH-BOU-0-30-20240425","[1356013, 1360385, 1391113]"
"LISAH-BOU-0-31-20230919","[1722433, 1358909, 1744413]"
"LISAH-BOU-0-31-20240425","[1356013, 1356012, 1392594]"
"LISAH-BOU-0-32-20230516","[1390879, 1363212, 1357875]"
"LISAH-BOU-0-32-20240425","[1356013, 1355964, 1356012]"
"LISAH-BOU-0-34-20230516","[1356013, 1650228, 1363212]"
"LISAH-BOU-0-35-20240425","[1356012, 1356017, 1397356]"
"LISAH-BOU-0-36-20240425","[1356013, 1356012, 1356017]"
"LISAH-BOU-0-37-20230512","[1397356, 1361000, 1360358]"
"LISAH-BOU-0-37-20240425","[1361000, 1356012, 1356017]"
"LISAH-BOU-0-38-20230516","[1356013, 1390879, 1363835]"
"LISAH-BOU-0-39-20230512","[1356013, 1361000, 1397356]"
"LISAH-BOU-0-4-20230511","[1356013, 1363213, 1422217]"
"LISAH-BOU-0-4-20230711","[1364006, 1356397, 1360358]"
"LISAH-BOU-0-4-20240425","[1356013, 1356397, 1356008]"
"LISAH-BOU-0-40-20230512","[1361000, 1391112, 1391113]"
"LISAH-BOU-0-40-20240425","[1361000, 1397356, 1391112]"
"LISAH-BOU-0-41-20230512","[1397356, 1392594, 1391112]"
"LISAH-BOU-0-42-20230511","[1356013, 1356395, 1392594]"
"LISAH-BOU-0-43-20230512","[1356013, 1397356, 1363835]"
"LISAH-BOU-0-44-20240425","[1363944, 1359639, 1355908]"
"LISAH-BOU-0-5-20230512","[1722433, 1355881, 1356276]"
"LISAH-BOU-0-5-20230711","[1361691, 1356803, 1356397]"
"LISAH-BOU-0-50-20230512","[1392699, 1361117, 1356013]"
"LISAH-BOU-0-52-20230512","[1358654, 1425238, 1359639]"
"LISAH-BOU-0-54-20230512","[1392699, 1363944, 1361117]"
"LISAH-BOU-0-55-20230512","[1356008, 1363944, 1361307]"
"LISAH-BOU-0-56-20230512","[1359298, 1361307, 1359639]"
"LISAH-BOU-0-58-20230512","[1356286, 1358654, 1363838]"
"LISAH-BOU-0-6-20240425","[1356395, 1722433, 1393522]"
"LISAH-BOU-0-63-20230512","[1356286, 1390637, 1358257]"
"LISAH-BOU-0-65-20230512","[1392176, 1743316, 1358572]"
"LISAH-BOU-0-75-20230516","[1363797, 1359277, 1363805]"
"LISAH-BOU-0-79-20230512","[1425238, 1359488, 1357526]"
"LISAH-BOU-0-8-20240425","[1358347, 1357351, 1355881]"
"LISAH-BOU-0-84-20230512","[1425238, 1361361, 1361394]"
"LISAH-BOU-0-9-20240425","[1356397, 1356395, 1393522]"
"LISAH-BOU-0-98-20240425","[1425238, 1359279, 1359344]"
"LISAH-BVD-0-100-20230510","[1356286, 1361307, 1359333]"
"LISAH-BVD-0-101-20230510","[1362406, 1356066, 1361155]"
"LISAH-BVD-0-152-20230511","[1363638, 1364065, 1357635]"
"LISAH-BVD-0-155-20230511","[1364065, 1363455, 1363213]"
"LISAH-BVD-0-158-20230511","[1359279, 1363740, 1364065]"
"LISAH-BVD-0-191-20230511","[1390967, 1364065, 1390966]"
"LISAH-BVD-0-192-20230511","[1363459, 1360406, 1361256]"
"LISAH-BVD-0-195-20230511","[1363508, 1356066, 1718548]"
"LISAH-BVD-0-196-20230511","[1364065, 1359171, 1363805]"
"LISAH-BVD-0-197-20230511","[1359333, 1363740, 1363731]"
"LISAH-BVD-0-200-20230511","[1363993, 1356278, 1363455]"
"LISAH-BVD-0-203-20230511","[1356278, 1363740, 1363739]"
"LISAH-BVD-0-205-20230511","[1363740, 1361369, 1361256]"
"LISAH-BVD-0-206-20230511","[1363740, 1361245, 1363455]"
"LISAH-BVD-0-208-20230511","[1363455, 1390967, 1390966]"
"LISAH-BVD-0-209-20230511","[1363740, 1356278, 1356066]"
"LISAH-BVD-0-25-20230510","[1357875, 1363739, 1362232]"
"LISAH-BVD-0-275-20230516","[1361307, 1363993, 1363468]"
"LISAH-BVD-0-277-20230516","[1363993, 1407739, 1361307]"
"LISAH-BVD-0-278-20230516","[1363993, 1360304, 1361307]"
"LISAH-BVD-0-281-20230516","[1363993, 1361190, 1395667]"
"LISAH-BVD-0-282-20230516","[1363993, 1361190, 1414366]"
"LISAH-BVD-0-283-20230516","[1363993, 1360304, 1728592]"
"LISAH-BVD-0-285-20230516","[1361307, 1363993, 1360304]"
"LISAH-BVD-0-287-20230516","[1363993, 1361307, 1425584]"
"LISAH-BVD-0-288-20230516","[1363993, 1737440, 1363460]"
"LISAH-BVD-0-292-20230516","[1363993, 1360304, 1361307]"
"LISAH-BVD-0-293-20230516","[1363993, 1407739, 1363459]"
"LISAH-BVD-0-294-20230516","[1363993, 1360304, 1407739]"
"LISAH-BVD-0-295-20230516","[1363993, 1362023, 1356278]"
"LISAH-BVD-0-296-20230516","[1363993, 1360304, 1394592]"
"LISAH-BVD-0-297-20230516","[1363993, 1407739, 1359277]"
"LISAH-BVD-0-298-20230516","[1363993, 1390967, 1407739]"
"LISAH-BVD-0-299-20230516","[1363993, 1355869, 1390967]"
"LISAH-BVD-0-300-20230516","[1363993, 1422217, 1360793]"
"LISAH-BVD-0-301-20230516","[1363993, 1407739, 1360304]"
"LISAH-BVD-0-302-20230516","[1363993, 1400126, 1360313]"
"LISAH-BVD-0-309-20230516","[1363993, 1360304, 1400126]"
"LISAH-BVD-0-310-20230516","[1363993, 1355869, 1360304]"
"LISAH-BVD-0-337-20230516","[1361307, 1364006, 1360985]"
"LISAH-BVD-0-338-20230516","[1356286, 1361307, 1363805]"
"LISAH-BVD-0-339-20230516","[1356286, 1414353, 1407739]"
"LISAH-BVD-0-341-20230516","[1356286, 1364006, 1362626]"
"LISAH-BVD-0-342-20230516","[1356286, 1364006, 1394636]"
"LISAH-BVD-0-343-20230516","[1356286, 1363740, 1363213]"
"LISAH-BVD-0-344-20230516","[1364006, 1720971, 1356286]"
"LISAH-BVD-0-345-20230516","[1356286, 1364006, 1722432]"
"LISAH-BVD-0-346-20230516","[1356286, 1364006, 1361155]"
"LISAH-BVD-0-347-20230516","[1356286, 1364006, 1357815]"
"LISAH-BVD-0-348-20230516","[1356286, 1357875, 1364006]"
"LISAH-BVD-0-349-20230516","[1356286, 1364006, 1363467]"
"LISAH-BVD-0-35-20230510","[1363803, 1361316, 1721301]"
"LISAH-BVD-0-350-20230516","[1356286, 1364006, 1357635]"
"LISAH-BVD-0-351-20230516","[1364006, 1356066, 1363798]"
"LISAH-BVD-0-352-20230516","[1356286, 1391963, 1411890]"
"LISAH-BVD-0-353-20230516","[1363402, 1356286, 1364006]"
"LISAH-BVD-0-354-20230516","[1364006, 1363490, 1391337]"
"LISAH-BVD-0-364-20230516","[1361307, 1364173, 1358654]"
"LISAH-BVD-0-372-20230516","[1361307, 1359970, 1389966]"
"LISAH-BVD-0-379-20230516","[1361307, 1356397, 1364006]"
"LISAH-BVD-0-380-20230516","[1361307, 1364006, 1363475]"
"LISAH-BVD-0-383-20230516","[1414353, 1722436, 1722501]"
"LISAH-BVD-0-392-20230516","[1364006, 1407739, 1363740]"
"LISAH-BVD-0-397-20230517","[1363460, 1361307, 1414353]"
"LISAH-BVD-0-398-20230517","[1363740, 1728568, 1356066]"
"LISAH-BVD-0-412-20230517","[1360860, 1357549, 1391445]"
"LISAH-BVD-0-417-20230517","[1356286, 1361307, 1363740]"
"LISAH-BVD-0-428-20230517","[1356286, 1361307, 1396416]"
"LISAH-BVD-0-430-20230517","[1356286, 1364006, 1363802]"
"LISAH-BVD-0-431-20230517","[1407739, 1356286, 1364006]"
"LISAH-BVD-0-432-20230517","[1356286, 1357635, 1364006]"
"LISAH-BVD-0-463-20230517","[1364065, 1359517, 1363496]"
"LISAH-BVD-0-465-20230517","[1364065, 1363740, 1356066]"
"LISAH-BVD-0-471-20230517","[1356286, 1407739, 1364063]"
"LISAH-BVD-0-54-20230510","[1722501, 1356314, 1359639]"
"LISAH-BVD-0-99-20230510","[1356286, 1363731, 1361307]"
"LISAH-JAS-0-1-20220505","[1357526, 1357546, 1743328]"
"LISAH-JAS-0-11-20220505","[1359519, 1357875, 1357338]"
"LISAH-JAS-0-12-20220505","[1359519, 1359860, 1359268]"
"LISAH-JAS-0-13-20220505","[1359519, 1363731, 1363739]"
"LISAH-JAS-0-15-20220505","[1359519, 1422217, 1362236]"
"LISAH-JAS-0-16-20220505","[1359519, 1363878, 1356278]"
"LISAH-JAS-0-17-20220505","[1393770, 1362236, 1363731]"
"LISAH-JAS-0-2-20220505","[1356111, 1363179, 1364065]"
"LISAH-JAS-0-6-20220505","[1359519, 1364138, 1356084]"
"LISAH-JAS-0-7-20220505","[1359519, 1364138, 1356084]"
"LISAH-JAS-0-9-20220505","[1359519, 1357546, 1743544]"
"LISAH-JAS-1-25-20220505","[1363213, 1414366, 1355994]"
"LISAH-JAS-1-27-20220505","[1361307, 1361190, 1363730]"
"LISAH-JAS-1-28-20220505","[1362898, 1363947, 1422217]"
"LISAH-JAS-1-5-20220505","[1364065, 1357546, 1396956]"
"LISAH-PEC-0-0-20220608","[1357945, 1744673, 1361926]"
"LISAH-PEC-0-1-20230411","[1356013, 1364138, 1356008]"
"LISAH-PEC-0-10-20230405","[1364138, 1357635, 1363878]"
"LISAH-PEC-0-11-20230405","[1357635, 1396208, 1357861]"
"LISAH-PEC-0-11-20230411","[1356013, 1363878, 1357934]"
"LISAH-PEC-0-12-20230411","[1356013, 1398723, 1519648]"
"LISAH-PEC-0-13-20230411","[1356013, 1357635, 1550154]"
"LISAH-PEC-0-13-20230413","[1356013, 1357514, 1518014]"
"LISAH-PEC-0-14-20230407","[1363988, 1738679, 1360293]"
"LISAH-PEC-0-15-20230407","[1361000, 1386159, 1360701]"
"LISAH-PEC-0-17-20230413","[1362258, 1359279, 1397373]"
"LISAH-PEC-0-18-20230411","[1356013, 1363875, 1357635]"
"LISAH-PEC-0-19-20230413","[1356013, 1363676, 1550154]"
"LISAH-PEC-0-20-20230411","[1356013, 1355964, 1550154]"
"LISAH-PEC-0-4-20230407","[1578145, 1361081, 1358625]"
"LISAH-PEC-0-4-20230411","[1356013, 1550154, 1359171]"
"LISAH-PEC-0-6-20220608","[1357401, 1744677, 1502684]"
"LISAH-PEC-0-6-20230411","[1356013, 1357635, 1550154]"
"LISAH-PEC-0-8-20230405","[1363878, 1363791, 1480138]"
"LISAH-PEC-0-9-20230411","[1356013, 1355964, 1550154]"
"LISAH-PEC-0-9-20230413","[1356013, 1357598, 1357596]"
"LISAH-PEC-1-13-20230405","[1363878, 1357635, 1362951]"
"LISAH-PEC-1-18-20230407","[1363878, 1355869, 1437978]"
"LISAH-PEC-2-0-20220609","[1357227, 1356013, 1364151]"
"LISAH-PEC-2-11-20220609","[1357351, 1356013, 1355881]"
"LISAH-PEC-2-17-20230407","[1355995, 1687885, 1355994]"
"LISAH-PEC-2-2-20220609","[1356013, 1422217, 1356012]"
"LISAH-PEC-2-20-20230407","[1356013, 1363878, 1743300]"
"LISAH-PEC-2-4-20220609","[1356013, 1357351, 1357335]"
"LISAH-PEC-2-5-20220609","[1357514, 1364151, 1357351]"
"LISAH-PEC-2-5-20230407","[1356013, 1722525, 1355998]"
"LISAH-PEC-2-6-20220609","[1356149, 1422217, 1355950]"
"LISAH-PEC-3-10-20230407","[1363804, 1359268, 1363799]"
"LISAH-PEC-3-16-20230407","[1363676, 1359279, 1363804]"
"LISAH-PEC-3-20-20230407","[1363676, 1363703, 1722569]"
"OPTMix-0108-P1-312-20231006","[1392669, 1391805, 1358612]"
"OPTMix-0108-P1-422-20231006","[1363593, 1357413, 1363933]"
"OPTMix-0108-P1-427-20231006","[1356404, 1391805, 1392669]"
"OPTMix-0108-P1-533-20231006","[1363526, 1363593, 1363543]"
"OPTMix-0108-P1-95-20231006","[1417672, 1396117, 1364114]"
"OPTMix-012-P1-143-20231201","[1419076, 1400084, 1357413]"
"OPTMix-012-P1-208-20231201","[1419076, 1359973, 1357413]"
"OPTMix-012-P2-192-20231201","[1419076, 1392697, 1467321]"
"OPTMix-012-P2-207-20231201","[1360945, 1357413, 1393725]"
"OPTMix-012-P2-240-20231201","[1400084, 1361585, 1357413]"
"OPTMix-012-P3-190-20231201","[1359973, 1419076, 1400084]"
"OPTMix-012-P3-218-20231201","[1419076, 1400084, 1362023]"
"OPTMix-012-P3-220-20231201","[1362023, 1400084, 1396752]"
"OPTMix-0178-P1-1060-20231006","[1356382, 1396752, 1391807]"
"OPTMix-0178-P1-1061-20231006","[1357413, 1394611, 1396168]"
"OPTMix-0178-P1-552-20231006","[1391805, 1391809, 1356382]"
"OPTMix-0178-P1-661-20231006","[1356404, 1396752, 1356382]"
"OPTMix-0178-P1-663-20231006","[1419076, 1358612, 1395026]"
"OPTMix-0178-P1-669-20231006","[1357413, 1419076, 1407770]"
"OPTMix-0200-11006-20231009","[1391809, 1358612, 1743914]"
"OPTMix-0200-P2-53-20231009","[1358504, 1359460, 1358514]"
"OPTMix-0200-P2-54-20231009","[1363337, 1363543, 1361316]"
"OPTMix-0200-P2-68-20231009","[1358501, 1357274, 1362319]"
"OPTMix-0200-P3-108-20231009","[1356404, 1392524, 1363087]"
"OPTMix-0200-P3-127-20231009","[1356404, 1398295, 1363401]"
"OPTMix-0200-P3-139-20231009","[1363593, 1358349, 1722433]"
"OPTMix-0214-P1-207-20231010","[1741608, 1397983, 1652912]"
"OPTMix-0214-P1-208-20231010","[1362023, 1392309, 1400084]"
"OPTMix-0214-P1-235-20231010","[1357413, 1744168, 1432847]"
"OPTMix-0214-P2-22-20231010","[1358501, 1578171, 1358514]"
"OPTMix-0214-P2-64-20231010","[1358501, 1394416, 1356442]"
"OPTMix-0214-P2-84-20231010","[1419076, 1738627, 1357413]"
"OPTMix-0214-P3-186-20231010","[1396168, 1391148, 1388990]"
"OPTMix-0214-P3-196-20231010","[1395026, 1419076, 1358612]"
"OPTMix-0214-P3-278-20231010","[1390761, 1390887, 1392059]"
"OPTMix-0216-P4-208-20231009","[1358501, 1358357, 1392524]"
"OPTMix-0255-11233-20231009","[1652912, 1361256, 1391148]"
"OPTMix-0255-11372-20231009","[1363593, 1395026, 1358612]"
"OPTMix-0255-11382-20231009","[1418618, 1360433, 1363442]"
"OPTMix-033-P3-107-20231201","[1356404, 1396752, 1363281]"
"OPTMix-0333-P1-107-20231212","[1356404, 1356382, 1391809]"
"OPTMix-0333-P1-112-20231212","[1356404, 1397763, 1358986]"
"OPTMix-0333-P2-108-20231212","[1356404, 1356382, 1356373]"
"OPTMix-0333-P2-112-20231212","[1390837, 1390870, 1361703]"
"OPTMix-0333-P2-115-20231212","[1356404, 1361703, 1356382]"
"OPTMix-0333-P3-100-20231201","[1356404, 1401438, 1394503]"
"OPTMix-0333-P3-76-20231201","[1356404, 1363593, 1396752]"
"OPTMix-057-P1-1699-20231010","[1390532, 1487694, 1361696]"
"OPTMix-057-P1-1901-20231010","[1401438, 1577392, 1737658]"
"OPTMix-057-P1-1902-20231010","[1391805, 1722693, 1392669]"
"OPTMix-057-P1-1913-20231010","[1356404, 1356382, 1359720]"
"OPTMix-057-P1-1917-20231010","[1394044, 1356428, 1356382]"
"OPTMix-0593-P1-129-20231205","[1400084, 1357413, 1419076]"
"OPTMix-0593-P1-134-20231205","[1359973, 1357413, 1397406]"
"OPTMix-0593-P1-86-20231205","[1358515, 1362023, 1361376]"
"OPTMix-0593-P2-180-20231205","[1743914, 1651162, 1361389]"
"OPTMix-0593-P2-84-20231205","[1356576, 1419076, 1357413]"
"OPTMix-0593-P2-92-20231205","[1558009, 1360945, 1362023]"
"OPTMix-0593-P3-130-20231205","[1400017, 1400084, 1651162]"
"OPTMix-0593-P3-146-20231205","[1391809, 1390761, 1360945]"
"OPTMix-0593-P3-87-20231205","[1359973, 1419076, 1390761]"
"OPTMix-0598-P1-118-20231205","[1393522, 1363337, 1390811]"
"OPTMix-0598-P1-132-20231205","[1359973, 1743914, 1357413]"
"OPTMix-0598-P1-133-20231205","[1419076, 1395026, 1357413]"
"OPTMix-0598-P1-149-20231205","[1738658, 1392006, 1356402]"
"OPTMix-0598-P1-197-20231205","[1358501, 1364090, 1364089]"
"OPTMix-0598-P1-198-20231205","[1486742, 1502610, 1400084]"
"OPTMix-0598-P2-102-20231205","[1363409, 1361148, 1363534]"
"OPTMix-0598-P2-139-20231207","[1356404, 1356382, 1391418]"
"OPTMix-0598-P2-86-20231207","[1356790, 1356404, 1737658]"
"OPTMix-0598-P2-99-20231205","[1356404, 1356790, 1356401]"
"OPTMix-0598-P4-104-20231207","[1358501, 1396168, 1743811]"
"OPTMix-0598-P4-108-20231207","[1391652, 1395476, 1398295]"
"OPTMix-0598-P4-128-20231207","[1357413, 1397406, 1419076]"
"OPTMix-083-P3-139-20231110","[1356404, 1722693, 1356387]"
"OPTMix-083-P3-186-20231110","[1356404, 1361472, 1396752]"
"OPTMix-083-P3-96-20231110","[1358501, 1393009, 1578171]"
"OPTMix-108-P1-000-20231006","[1668635, 1737565, 1359754]"
"RNNB-1-1-20230512","[1363540, 1722522, 1738887]"
"RNNB-1-1-20240117","[1655422, 1722433, 1361326]"
"RNNB-1-10-20230512","[1722625, 1452062, 1738887]"
"RNNB-1-10-20240117","[1578145, 1722433, 1578157]"
"RNNB-1-2-20230512","[1722521, 1738887, 1722522]"
"RNNB-1-2-20240117","[1391491, 1394414, 1361354]"
"RNNB-1-3-20230512","[1722522, 1738887, 1722625]"
"RNNB-1-3-20240117","[1361389, 1361412, 1363302]"
"RNNB-1-4-20230512","[1722625, 1738887, 1722522]"
"RNNB-1-4-20240117","[1357227, 1357236, 1722578]"
"RNNB-1-5-20230512","[1722625, 1738887, 1722522]"
"RNNB-1-5-20240117","[1722433, 1363302, 1722441]"
"RNNB-1-6-20230512","[1738887, 1360381, 1722625]"
"RNNB-1-6-20240117","[1722433, 1650228, 1722441]"
"RNNB-1-7-20230512","[1722625, 1722522, 1738887]"
"RNNB-1-7-20240117","[1393522, 1722433, 1731667]"
"RNNB-1-8-20230512","[1722625, 1363200, 1722522]"
"RNNB-1-8-20240117","[1363302, 1722434, 1722433]"
"RNNB-1-9-20230512","[1722625, 1738887, 1722522]"
"RNNB-1-9-20240117","[1722433, 1722434, 1738610]"
"RNNB-2-1-20230512","[1722521, 1722522, 1722625]"
"RNNB-2-1-20240117","[1357227, 1357742, 1400016]"
"RNNB-2-10-20230512","[1360006, 1426004, 1743297]"
"RNNB-2-10-20240117","[1357227, 1357236, 1722578]"
"RNNB-2-2-20230512","[1722522, 1722625, 1722521]"
"RNNB-2-2-20240117","[1357227, 1357236, 1359344]"
"RNNB-2-3-20230512","[1360006, 1426004, 1357742]"
"RNNB-2-3-20240117","[1357227, 1357236, 1357192]"
"RNNB-2-4-20230512","[1360006, 1360676, 1356284]"
"RNNB-2-4-20240117","[1357227, 1722578, 1360701]"
"RNNB-2-5-20230512","[1360006, 1389328, 1495481]"
"RNNB-2-5-20240117","[1357227, 1359344, 1397317]"
"RNNB-2-6-20230512","[1360006, 1357742, 1743297]"
"RNNB-2-6-20240117","[1357227, 1357236, 1359344]"
"RNNB-2-7-20230512","[1360006, 1393574, 1360036]"
"RNNB-2-7-20240117","[1357227, 1357236, 1722441]"
"RNNB-2-8-20230512","[1360006, 1356284, 1426004]"
"RNNB-2-8-20240117","[1360701, 1359344, 1360381]"
"RNNB-2-9-20230512","[1360006, 1357742, 1360676]"
"RNNB-2-9-20240117","[1357227, 1357236, 1393494]"
"RNNB-3-1-20230512","[1360026, 1426004, 1744377]"
"RNNB-3-1-20240117","[1359344, 1738652, 1363852]"
"RNNB-3-10-20230512","[1393522, 1650228, 1425884]"
"RNNB-3-10-20240117","[1738652, 1360381, 1743249]"
"RNNB-3-11-20230512","[1393522, 1650228, 1722433]"
"RNNB-3-12-20230512","[1393522, 1650228, 1722433]"
"RNNB-3-2-20230512","[1722569, 1360006, 1744019]"
"RNNB-3-2-20240117","[1359344, 1363302, 1722578]"
"RNNB-3-3-20240117","[1359344, 1363852, 1388812]"
"RNNB-3-4-20230512","[1391596, 1390953, 1363798]"
"RNNB-3-4-20240117","[1359344, 1357742, 1744033]"
"RNNB-3-5-20230512","[1650228, 1722433, 1360006]"
"RNNB-3-5-20240117","[1738652, 1357742, 1722501]"
"RNNB-3-6-20230512","[1650228, 1722433, 1393522]"
"RNNB-3-6-20240117","[1355977, 1360381, 1358581]"
"RNNB-3-7-20230512","[1650228, 1731667, 1393522]"
"RNNB-3-7-20240117","[1360978, 1359344, 1355977]"
"RNNB-3-8-20230512","[1393522, 1650228, 1722433]"
"RNNB-3-8-20240117","[1359344, 1359297, 1388812]"
"RNNB-3-9-20230512","[1393522, 1650228, 1731657]"
"RNNB-3-9-20240117","[1360701, 1360715, 1360711]"
"RNNB-4-1-20240117","[1359344, 1357630, 1399609]"
"RNNB-4-1-20240118","[1392725, 1363610, 1357630]"
"RNNB-4-10-20240117","[1359344, 1722433, 1359127]"
"RNNB-4-10-20240118","[1499749, 1357026, 1357742]"
"RNNB-4-2-20240117","[1359344, 1357742, 1393770]"
"RNNB-4-2-20240118","[1392725, 1393619, 1396726]"
"RNNB-4-3-20240117","[1722441, 1650228, 1391491]"
"RNNB-4-3-20240118","[1357026, 1499749, 1363791]"
"RNNB-4-4-20240117","[1359344, 1398322, 1738652]"
"RNNB-4-4-20240118","[1499749, 1397497, 1492939]"
"RNNB-4-5-20240117","[1359344, 1738652, 1357227]"
"RNNB-4-5-20240118","[1392725, 1356951, 1357742]"
"RNNB-4-6-20240117","[1359344, 1738652, 1393770]"
"RNNB-4-6-20240118","[1357630, 1499749, 1396159]"
"RNNB-4-7-20240117","[1359344, 1388812, 1363852]"
"RNNB-4-7-20240118","[1393619, 1357630, 1499749]"
"RNNB-4-8-20240117","[1359344, 1355950, 1357848]"
"RNNB-4-8-20240118","[1357630, 1392725, 1499749]"
"RNNB-4-9-20240117","[1359344, 1357848, 1355950]"
"RNNB-4-9-20240118","[1499749, 1509616, 1392725]"
"RNNB-5-1-20240117","[1360542, 1357630, 1392725]"
"RNNB-5-1-20240118","[1392725, 1502707, 1357630]"
"RNNB-5-10-20240117","[1357742, 1738652, 1362333]"
"RNNB-5-10-20240118","[1499749, 1357630, 1392725]"
"RNNB-5-2-20240117","[1357630, 1392725, 1564354]"
"RNNB-5-2-20240118","[1361825, 1392725, 1398821]"
"RNNB-5-3-20240117","[1357630, 1392725, 1360542]"
"RNNB-5-3-20240118","[1499749, 1392725, 1743297]"
"RNNB-5-4-20240117","[1357630, 1392725, 1363433]"
"RNNB-5-4-20240118","[1393574, 1357630, 1392725]"
"RNNB-5-5-20240117","[1357630, 1518245, 1392725]"
"RNNB-5-5-20240118","[1499749, 1357630, 1392725]"
"RNNB-5-6-20240117","[1357630, 1360542, 1392725]"
"RNNB-5-6-20240118","[1392725, 1499749, 1357630]"
"RNNB-5-7-20240117","[1357401, 1722578, 1360542]"
"RNNB-5-7-20240118","[1499749, 1397320, 1362038]"
"RNNB-5-8-20240117","[1396197, 1393770, 1741619]"
"RNNB-5-8-20240118","[1737447, 1722441, 1741614]"
"RNNB-5-9-20240117","[1396197, 1359952, 1363734]"
"RNNB-5-9-20240118","[1393619, 1722433, 1393442]"
"RNNB-6-1-20240117","[1356951, 1502750, 1743327]"
"RNNB-6-1-20240118","[1397398, 1512544, 1361354]"
"RNNB-6-10-20240117","[1357401, 1502406, 1744033]"
"RNNB-6-10-20240118","[1357630, 1518245, 1396726]"
"RNNB-6-2-20240117","[1363526, 1360035, 1743297]"
"RNNB-6-2-20240118","[1357962, 1722578, 1361127]"
"RNNB-6-3-20240117","[1738652, 1394527, 1362333]"
"RNNB-6-3-20240118","[1361996, 1361412, 1398322]"
"RNNB-6-4-20240117","[1357401, 1357456, 1393770]"
"RNNB-6-4-20240118","[1361926, 1357212, 1722578]"
"RNNB-6-5-20240117","[1743227, 1390966, 1363302]"
"RNNB-6-5-20240118","[1722433, 1512544, 1357670]"
"RNNB-6-6-20240117","[1743750, 1363526, 1361412]"
"RNNB-6-6-20240118","[1357630, 1738652, 1398786]"
"RNNB-6-7-20240117","[1362333, 1391148, 1398322]"
"RNNB-6-7-20240118","[1392725, 1357630, 1499749]"
"RNNB-6-8-20240117","[1355950, 1356149, 1357848]"
"RNNB-6-8-20240118","[1392725, 1357630, 1357770]"
"RNNB-6-9-20240117","[1357303, 1502831, 1356111]"
"RNNB-6-9-20240118","[1357742, 1357630, 1361824]"
"RNNB-7-1-20240118","[1362333, 1738652, 1502831]"
"RNNB-7-10-20240118","[1392725, 1357630, 1499749]"
"RNNB-7-2-20240118","[1361412, 1499749, 1502610]"
"RNNB-7-3-20240118","[1361412, 1499749, 1357771]"
"RNNB-7-4-20240118","[1361412, 1357227, 1357702]"
"RNNB-7-5-20240118","[1398821, 1518932, 1392725]"
"RNNB-7-6-20240118","[1357630, 1499749, 1564354]"
"RNNB-7-7-20240118","[1396726, 1564441, 1361412]"
"RNNB-7-8-20240118","[1361412, 1394416, 1741601]"
"RNNB-7-9-20240118","[1357742, 1361412, 1499749]"
"RNNB-8-1-20240118","[1359344, 1393770, 1639681]"
"RNNB-8-10-20240118","[1361412, 1363302, 1722433]"
"RNNB-8-2-20240118","[1357227, 1397320, 1722433]"
"RNNB-8-3-20240118","[1364100, 1357951, 1722433]"
"RNNB-8-4-20240118","[1361412, 1722441, 1363302]"
"RNNB-8-5-20240118","[1359344, 1363840, 1363302]"
"RNNB-8-6-20240118","[1359344, 1393770, 1360381]"
"RNNB-8-7-20240118","[1357848, 1359344, 1357227]"
"RNNB-8-8-20240118","[1359344, 1357227, 1357236]"
"RNNB-8-9-20240118","[1359344, 1393770, 1360381]"
