image_name,rank,species_id,species_name,logit_score
2024-CEV3-20240602,1,1395045,Ranunculus aconitifolius,66.167809
2024-CEV3-20240602,2,1361592,Luzula campestris,62.334686
2024-CEV3-20240602,3,1395114,Ranunculus platanifolius,62.115719
CBN-PdlC-A1-20130807,1,1392608,Geum montanum,63.257412
CBN-PdlC-A1-20130807,2,1396253,Sibbaldia procumbens,62.596588
CBN-PdlC-A1-20130807,3,1394065,Ophioglossum azoricum,62.340607
CBN-PdlC-A1-20130903,1,1392608,Geum montanum,64.928894
CBN-PdlC-A1-20130903,2,1742053,Omalotheca hoppeana,63.679539
CBN-PdlC-A1-20130903,3,1396144,Sedum alpestre,63.419220
CBN-PdlC-A1-20140721,1,1392608,Geum montanum,65.710968
CBN-PdlC-A1-20140721,2,1412857,Omalotheca supina,64.958221
CBN-PdlC-A1-20140721,3,1393619,Logfia minima,64.218407
CBN-PdlC-A1-20140811,1,1392608,Geum montanum,65.862442
CBN-PdlC-A1-20140811,2,1412857,Omalotheca supina,64.567978
CBN-PdlC-A1-20140811,3,1396144,Sedum alpestre,63.690781
CBN-PdlC-A1-20140901,1,1392608,Geum montanum,63.338173
CBN-PdlC-A1-20140901,2,1742053,Omalotheca hoppeana,62.898880
CBN-PdlC-A1-20140901,3,1412857,Omalotheca supina,62.596226
CBN-PdlC-A1-20150701,1,1396253,Sibbaldia procumbens,64.600388
CBN-PdlC-A1-20150701,2,1412857,Omalotheca supina,62.175758
CBN-PdlC-A1-20150701,3,1396843,Trifolium alpinum,61.110573
CBN-PdlC-A1-20150720,1,1392608,Geum montanum,66.009781
CBN-PdlC-A1-20150720,2,1392534,Gentiana acaulis,64.405075
CBN-PdlC-A1-20150720,3,1412857,Omalotheca supina,64.145233
CBN-PdlC-A1-20150831,1,1392608,Geum montanum,65.596672
CBN-PdlC-A1-20150831,2,1392534,Gentiana acaulis,64.578537
CBN-PdlC-A1-20150831,3,1412857,Omalotheca supina,64.051300
CBN-PdlC-A1-20160705,1,1394911,Primula integrifolia,64.814171
CBN-PdlC-A1-20160705,2,1412857,Omalotheca supina,63.121983
CBN-PdlC-A1-20160705,3,1396253,Sibbaldia procumbens,62.340763
CBN-PdlC-A1-20160726,1,1392534,Gentiana acaulis,65.174576
CBN-PdlC-A1-20160726,2,1392535,Gentiana alpina,64.420464
CBN-PdlC-A1-20160726,3,1549015,Gentiana clusii,62.307819
CBN-PdlC-A1-20170816,1,1392534,Gentiana acaulis,65.600746
CBN-PdlC-A1-20170816,2,1742053,Omalotheca hoppeana,63.091885
CBN-PdlC-A1-20170816,3,1394643,Antennaria dioica,62.868187
CBN-PdlC-A1-20170906,1,1392534,Gentiana acaulis,67.028488
CBN-PdlC-A1-20170906,2,1412857,Omalotheca supina,64.571159
CBN-PdlC-A1-20170906,3,1393966,Noccaea corymbosa,63.193424
CBN-PdlC-A1-20180702,1,1392534,Gentiana acaulis,61.257057
CBN-PdlC-A1-20180702,2,1412857,Omalotheca supina,58.364258
CBN-PdlC-A1-20180702,3,1392571,Gentianella ramosa,58.227036
CBN-PdlC-A1-20180815,1,1412857,Omalotheca supina,64.794052
CBN-PdlC-A1-20180815,2,1394311,Oreochloa disticha,62.641289
CBN-PdlC-A1-20180815,3,1742053,Omalotheca hoppeana,62.065990
CBN-PdlC-A1-20180905,1,1742053,Omalotheca hoppeana,65.922714
CBN-PdlC-A1-20180905,2,1412857,Omalotheca supina,64.349419
CBN-PdlC-A1-20180905,3,1396253,Sibbaldia procumbens,62.287918
CBN-PdlC-A1-20190701,1,1412857,Omalotheca supina,59.680702
CBN-PdlC-A1-20190701,2,1392541,Gentiana brachyphylla,59.014599
CBN-PdlC-A1-20190701,3,1418688,Arctous alpina,58.148773
CBN-PdlC-A1-20190722,1,1396843,Trifolium alpinum,64.648827
CBN-PdlC-A1-20190722,2,1392608,Geum montanum,64.347649
CBN-PdlC-A1-20190722,3,1394911,Primula integrifolia,63.885445
CBN-PdlC-A1-20190812,1,1742053,Omalotheca hoppeana,65.030708
CBN-PdlC-A1-20190812,2,1412857,Omalotheca supina,64.166443
CBN-PdlC-A1-20190812,3,1392608,Geum montanum,62.461205
CBN-PdlC-A1-20190909,1,1392608,Geum montanum,62.743675
CBN-PdlC-A1-20190909,2,1412857,Omalotheca supina,62.329784
CBN-PdlC-A1-20190909,3,1361367,Poa alpina,61.767834
CBN-PdlC-A1-20200629,1,1392397,Gagea fragifera,55.953281
CBN-PdlC-A1-20200629,2,1588800,Gagea luberonensis,55.084545
CBN-PdlC-A1-20200629,3,1588853,Gagea soleirolii,54.577255
CBN-PdlC-A1-20200722,1,1392535,Gentiana alpina,66.851097
CBN-PdlC-A1-20200722,2,1392534,Gentiana acaulis,65.234482
CBN-PdlC-A1-20200722,3,1392608,Geum montanum,64.341919
CBN-PdlC-A1-20200812,1,1742053,Omalotheca hoppeana,66.032280
CBN-PdlC-A1-20200812,2,1412857,Omalotheca supina,65.623810
CBN-PdlC-A1-20200812,3,1392608,Geum montanum,64.138344
CBN-PdlC-A2-20130807,1,1396144,Sedum alpestre,65.439865
CBN-PdlC-A2-20130807,2,1396253,Sibbaldia procumbens,63.865952
CBN-PdlC-A2-20130807,3,1412857,Omalotheca supina,63.845383
CBN-PdlC-A2-20130903,1,1393200,Homogyne alpina,63.444199
CBN-PdlC-A2-20130903,2,1742053,Omalotheca hoppeana,62.398766
CBN-PdlC-A2-20130903,3,1395807,Salix herbacea,62.346832
CBN-PdlC-A2-20140721,1,1396144,Sedum alpestre,65.421616
CBN-PdlC-A2-20140721,2,1396253,Sibbaldia procumbens,64.128326
CBN-PdlC-A2-20140721,3,1392541,Gentiana brachyphylla,61.547165
CBN-PdlC-A2-20140901,1,1396253,Sibbaldia procumbens,63.245399
CBN-PdlC-A2-20140901,2,1412857,Omalotheca supina,62.345512
CBN-PdlC-A2-20140901,3,1391092,Cerastium tomentosum,62.026592
CBN-PdlC-A2-20150720,1,1393200,Homogyne alpina,66.798279
CBN-PdlC-A2-20150720,2,1392534,Gentiana acaulis,64.561661
CBN-PdlC-A2-20150720,3,1396253,Sibbaldia procumbens,63.457615
CBN-PdlC-A2-20150810,1,1393200,Homogyne alpina,65.993774
CBN-PdlC-A2-20150810,2,1412857,Omalotheca supina,64.438042
CBN-PdlC-A2-20150810,3,1742053,Omalotheca hoppeana,62.581810
CBN-PdlC-A2-20150831,1,1393200,Homogyne alpina,67.651505
CBN-PdlC-A2-20150831,2,1412857,Omalotheca supina,66.105499
CBN-PdlC-A2-20150831,3,1742053,Omalotheca hoppeana,64.128052
CBN-PdlC-A2-20160705,1,1393200,Homogyne alpina,64.972481
CBN-PdlC-A2-20160705,2,1396253,Sibbaldia procumbens,64.777161
CBN-PdlC-A2-20160705,3,1412857,Omalotheca supina,63.556686
CBN-PdlC-A2-20160726,1,1392535,Gentiana alpina,69.491013
CBN-PdlC-A2-20160726,2,1393200,Homogyne alpina,66.744164
CBN-PdlC-A2-20160726,3,1392534,Gentiana acaulis,64.881981
CBN-PdlC-A2-20170816,1,1393200,Homogyne alpina,65.631134
CBN-PdlC-A2-20170816,2,1395807,Salix herbacea,63.683220
CBN-PdlC-A2-20170816,3,1412857,Omalotheca supina,63.361534
CBN-PdlC-A2-20180702,1,1396144,Sedum alpestre,61.303101
CBN-PdlC-A2-20180702,2,1394643,Antennaria dioica,58.953350
CBN-PdlC-A2-20180702,3,1397108,Asarum europaeum,58.411407
CBN-PdlC-A2-20180723,1,1393200,Homogyne alpina,67.578102
CBN-PdlC-A2-20180723,2,1396144,Sedum alpestre,64.646767
CBN-PdlC-A2-20180723,3,1396253,Sibbaldia procumbens,62.636040
CBN-PdlC-A2-20180815,1,1412857,Omalotheca supina,64.487976
CBN-PdlC-A2-20180815,2,1393200,Homogyne alpina,63.405788
CBN-PdlC-A2-20180815,3,1396253,Sibbaldia procumbens,63.000641
CBN-PdlC-A2-20180905,1,1396144,Sedum alpestre,66.537689
CBN-PdlC-A2-20180905,2,1412857,Omalotheca supina,65.749321
CBN-PdlC-A2-20180905,3,1742053,Omalotheca hoppeana,63.697483
CBN-PdlC-A2-20190701,1,1392260,Festuca alpina,62.681892
CBN-PdlC-A2-20190701,2,1396144,Sedum alpestre,62.086987
CBN-PdlC-A2-20190701,3,1651427,Festuca summilusitana,61.906219
CBN-PdlC-A2-20190722,1,1393200,Homogyne alpina,64.815262
CBN-PdlC-A2-20190722,2,1396253,Sibbaldia procumbens,63.975685
CBN-PdlC-A2-20190722,3,1549015,Gentiana clusii,63.974415
CBN-PdlC-A2-20190812,1,1412857,Omalotheca supina,65.479424
CBN-PdlC-A2-20190812,2,1396253,Sibbaldia procumbens,64.246735
CBN-PdlC-A2-20190812,3,1396898,Artemisia umbelliformis,63.413521
CBN-PdlC-A2-20190909,1,1412857,Omalotheca supina,64.516159
CBN-PdlC-A2-20190909,2,1742053,Omalotheca hoppeana,64.386520
CBN-PdlC-A2-20190909,3,1393200,Homogyne alpina,62.909088
CBN-PdlC-A2-20200629,1,1392655,Goodyera repens,58.638206
CBN-PdlC-A2-20200629,2,1363454,Aira praecox,56.262070
CBN-PdlC-A2-20200629,3,1529402,Sempervivum minutum,55.035812
CBN-PdlC-A2-20200722,1,1392534,Gentiana acaulis,64.940491
CBN-PdlC-A2-20200722,2,1396253,Sibbaldia procumbens,63.352516
CBN-PdlC-A2-20200722,3,1392535,Gentiana alpina,63.272411
CBN-PdlC-A2-20200812,1,1392534,Gentiana acaulis,65.437279
CBN-PdlC-A2-20200812,2,1412857,Omalotheca supina,65.281479
CBN-PdlC-A2-20200812,3,1393200,Homogyne alpina,64.532669
CBN-PdlC-A3-20130807,1,1392608,Geum montanum,65.210747
CBN-PdlC-A3-20130807,2,1412857,Omalotheca supina,62.967308
CBN-PdlC-A3-20130807,3,1393200,Homogyne alpina,62.875618
CBN-PdlC-A3-20130903,1,1393200,Homogyne alpina,64.461678
CBN-PdlC-A3-20130903,2,1392608,Geum montanum,64.139755
CBN-PdlC-A3-20130903,3,1412857,Omalotheca supina,62.723568
CBN-PdlC-A3-20140721,1,1393200,Homogyne alpina,65.095383
CBN-PdlC-A3-20140721,2,1392608,Geum montanum,62.148308
CBN-PdlC-A3-20140721,3,1412857,Omalotheca supina,61.752728
CBN-PdlC-A3-20140811,1,1396144,Sedum alpestre,68.253860
CBN-PdlC-A3-20140811,2,1393200,Homogyne alpina,67.148163
CBN-PdlC-A3-20140811,3,1392608,Geum montanum,65.815323
CBN-PdlC-A3-20140901,1,1393200,Homogyne alpina,64.548119
CBN-PdlC-A3-20140901,2,1396144,Sedum alpestre,64.526352
CBN-PdlC-A3-20140901,3,1392260,Festuca alpina,64.242287
CBN-PdlC-A3-20150701,1,1393200,Homogyne alpina,66.097443
CBN-PdlC-A3-20150701,2,1396144,Sedum alpestre,64.338211
CBN-PdlC-A3-20150701,3,1412857,Omalotheca supina,63.074383
CBN-PdlC-A3-20150720,1,1393200,Homogyne alpina,67.695374
CBN-PdlC-A3-20150720,2,1396144,Sedum alpestre,63.541443
CBN-PdlC-A3-20150720,3,1392608,Geum montanum,63.309082
CBN-PdlC-A3-20150810,1,1393200,Homogyne alpina,66.664467
CBN-PdlC-A3-20150810,2,1392608,Geum montanum,65.674576
CBN-PdlC-A3-20150810,3,1412857,Omalotheca supina,65.035027
CBN-PdlC-A3-20150831,1,1393200,Homogyne alpina,67.368042
CBN-PdlC-A3-20150831,2,1396144,Sedum alpestre,66.210266
CBN-PdlC-A3-20150831,3,1392608,Geum montanum,65.374115
CBN-PdlC-A3-20160705,1,1393200,Homogyne alpina,66.882881
CBN-PdlC-A3-20160705,2,1396144,Sedum alpestre,66.622040
CBN-PdlC-A3-20160705,3,1397475,Rhododendron ferrugineum,64.288757
CBN-PdlC-A3-20160726,1,1393200,Homogyne alpina,65.994537
CBN-PdlC-A3-20160726,2,1412857,Omalotheca supina,65.569374
CBN-PdlC-A3-20160726,3,1392535,Gentiana alpina,64.775803
CBN-PdlC-A3-20170816,1,1396144,Sedum alpestre,66.184578
CBN-PdlC-A3-20170816,2,1393200,Homogyne alpina,63.018009
CBN-PdlC-A3-20170816,3,1412857,Omalotheca supina,62.686512
CBN-PdlC-A3-20170906,1,1393200,Homogyne alpina,66.669090
CBN-PdlC-A3-20170906,2,1396144,Sedum alpestre,66.182343
CBN-PdlC-A3-20170906,3,1412857,Omalotheca supina,65.128181
CBN-PdlC-A3-20180702,1,1396144,Sedum alpestre,61.950684
CBN-PdlC-A3-20180702,2,1393200,Homogyne alpina,61.351299
CBN-PdlC-A3-20180702,3,1392534,Gentiana acaulis,60.295723
CBN-PdlC-A3-20180723,1,1393200,Homogyne alpina,66.630104
CBN-PdlC-A3-20180723,2,1392608,Geum montanum,62.759068
CBN-PdlC-A3-20180723,3,1397535,Gentiana verna,61.753769
CBN-PdlC-A3-20180815,1,1392608,Geum montanum,62.728973
CBN-PdlC-A3-20180815,2,1393200,Homogyne alpina,62.514626
CBN-PdlC-A3-20180815,3,1394643,Antennaria dioica,61.650597
CBN-PdlC-A3-20180905,1,1412857,Omalotheca supina,66.697029
CBN-PdlC-A3-20180905,2,1742053,Omalotheca hoppeana,65.151855
CBN-PdlC-A3-20180905,3,1393200,Homogyne alpina,64.228462
CBN-PdlC-A3-20190701,1,1393200,Homogyne alpina,66.933792
CBN-PdlC-A3-20190701,2,1392534,Gentiana acaulis,61.164448
CBN-PdlC-A3-20190701,3,1412857,Omalotheca supina,61.058144
CBN-PdlC-A3-20190722,1,1393200,Homogyne alpina,66.199516
CBN-PdlC-A3-20190722,2,1412857,Omalotheca supina,63.641144
CBN-PdlC-A3-20190722,3,1392608,Geum montanum,63.400902
CBN-PdlC-A3-20190812,1,1393200,Homogyne alpina,67.923096
CBN-PdlC-A3-20190812,2,1392608,Geum montanum,64.042595
CBN-PdlC-A3-20190812,3,1357608,Gnaphalium uliginosum,62.222382
CBN-PdlC-A3-20190909,1,1412857,Omalotheca supina,64.019119
CBN-PdlC-A3-20190909,2,1394643,Antennaria dioica,62.819118
CBN-PdlC-A3-20190909,3,1393200,Homogyne alpina,62.253803
CBN-PdlC-A3-20200629,1,1743903,Androsace delphinensis,56.695786
CBN-PdlC-A3-20200629,2,1392655,Goodyera repens,56.366520
CBN-PdlC-A3-20200629,3,1744294,Pinguicula casperiana,56.005608
CBN-PdlC-A3-20200722,1,1393200,Homogyne alpina,66.424400
CBN-PdlC-A3-20200722,2,1392608,Geum montanum,62.604050
CBN-PdlC-A3-20200722,3,1412857,Omalotheca supina,61.973434
CBN-PdlC-A3-20200812,1,1742053,Omalotheca hoppeana,66.954132
CBN-PdlC-A3-20200812,2,1393200,Homogyne alpina,66.493217
CBN-PdlC-A3-20200812,3,1412857,Omalotheca supina,66.232986
CBN-PdlC-A4-20130807,1,1393200,Homogyne alpina,66.164459
CBN-PdlC-A4-20130807,2,1392608,Geum montanum,62.486156
CBN-PdlC-A4-20130807,3,1397475,Rhododendron ferrugineum,62.341324
CBN-PdlC-A4-20130903,1,1393200,Homogyne alpina,67.034149
CBN-PdlC-A4-20130903,2,1392608,Geum montanum,64.288788
CBN-PdlC-A4-20130903,3,1397475,Rhododendron ferrugineum,63.837585
CBN-PdlC-A4-20140811,1,1393200,Homogyne alpina,68.884079
CBN-PdlC-A4-20140811,2,1392608,Geum montanum,64.170685
CBN-PdlC-A4-20140811,3,1397475,Rhododendron ferrugineum,64.083145
CBN-PdlC-A4-20140901,1,1393200,Homogyne alpina,67.104622
CBN-PdlC-A4-20140901,2,1392608,Geum montanum,62.881405
CBN-PdlC-A4-20140901,3,1397475,Rhododendron ferrugineum,62.038879
CBN-PdlC-A4-20150701,1,1393200,Homogyne alpina,67.532196
CBN-PdlC-A4-20150701,2,1392608,Geum montanum,66.738075
CBN-PdlC-A4-20150701,3,1397475,Rhododendron ferrugineum,63.347122
CBN-PdlC-A4-20150810,1,1393200,Homogyne alpina,68.968361
CBN-PdlC-A4-20150810,2,1390674,Campanula scheuchzeri,64.077881
CBN-PdlC-A4-20150810,3,1519650,Scorzoneroides helvetica,62.609921
CBN-PdlC-A4-20150831,1,1393200,Homogyne alpina,67.371864
CBN-PdlC-A4-20150831,2,1396144,Sedum alpestre,66.658981
CBN-PdlC-A4-20150831,3,1392534,Gentiana acaulis,63.909050
CBN-PdlC-A4-20160705,1,1393200,Homogyne alpina,67.507751
CBN-PdlC-A4-20160705,2,1392608,Geum montanum,64.087570
CBN-PdlC-A4-20160705,3,1397475,Rhododendron ferrugineum,64.073059
CBN-PdlC-A4-20160726,1,1396144,Sedum alpestre,68.435486
CBN-PdlC-A4-20160726,2,1393200,Homogyne alpina,67.791862
CBN-PdlC-A4-20160726,3,1392608,Geum montanum,62.992359
CBN-PdlC-A4-20170816,1,1396144,Sedum alpestre,64.429420
CBN-PdlC-A4-20170816,2,1393200,Homogyne alpina,63.978142
CBN-PdlC-A4-20170816,3,1742053,Omalotheca hoppeana,62.940594
CBN-PdlC-A4-20170906,1,1396144,Sedum alpestre,68.454956
CBN-PdlC-A4-20170906,2,1393200,Homogyne alpina,66.672791
CBN-PdlC-A4-20170906,3,1397475,Rhododendron ferrugineum,63.281883
CBN-PdlC-A4-20180702,1,1393200,Homogyne alpina,63.030373
CBN-PdlC-A4-20180702,2,1397475,Rhododendron ferrugineum,62.711933
CBN-PdlC-A4-20180702,3,1361771,Petasites albus,62.704868
CBN-PdlC-A4-20180723,1,1393200,Homogyne alpina,67.227554
CBN-PdlC-A4-20180723,2,1396144,Sedum alpestre,65.432922
CBN-PdlC-A4-20180723,3,1400101,Bartsia alpina,64.791252
CBN-PdlC-A4-20180815,1,1393200,Homogyne alpina,66.396675
CBN-PdlC-A4-20180815,2,1397475,Rhododendron ferrugineum,62.776024
CBN-PdlC-A4-20180815,3,1392534,Gentiana acaulis,61.362465
CBN-PdlC-A4-20180905,1,1396144,Sedum alpestre,68.322403
CBN-PdlC-A4-20180905,2,1393200,Homogyne alpina,66.548233
CBN-PdlC-A4-20180905,3,1742053,Omalotheca hoppeana,64.268753
CBN-PdlC-A4-20190701,1,1397475,Rhododendron ferrugineum,64.397766
CBN-PdlC-A4-20190701,2,1393200,Homogyne alpina,62.800621
CBN-PdlC-A4-20190701,3,1393874,Myoporum laetum,60.556404
CBN-PdlC-A4-20190722,1,1397475,Rhododendron ferrugineum,64.690384
CBN-PdlC-A4-20190722,2,1393200,Homogyne alpina,64.501854
CBN-PdlC-A4-20190722,3,1396144,Sedum alpestre,62.778225
CBN-PdlC-A4-20190812,1,1393200,Homogyne alpina,64.506935
CBN-PdlC-A4-20190812,2,1396180,Sempervivum montanum,63.968910
CBN-PdlC-A4-20190812,3,1529402,Sempervivum minutum,63.757469
CBN-PdlC-A4-20190909,1,1397475,Rhododendron ferrugineum,64.461143
CBN-PdlC-A4-20190909,2,1362482,Phleum alpinum,61.456493
CBN-PdlC-A4-20190909,3,1647677,Alopecurus gerardii,61.086487
CBN-PdlC-A4-20200629,1,1397475,Rhododendron ferrugineum,63.339523
CBN-PdlC-A4-20200629,2,1393200,Homogyne alpina,62.116161
CBN-PdlC-A4-20200629,3,1744293,Pinguicula tejedensis,61.898312
CBN-PdlC-A4-20200722,1,1393200,Homogyne alpina,67.683838
CBN-PdlC-A4-20200722,2,1397475,Rhododendron ferrugineum,64.277786
CBN-PdlC-A4-20200722,3,1392534,Gentiana acaulis,60.889709
CBN-PdlC-A4-20200812,1,1393200,Homogyne alpina,67.620735
CBN-PdlC-A4-20200812,2,1397475,Rhododendron ferrugineum,64.004189
CBN-PdlC-A4-20200812,3,1392608,Geum montanum,63.748074
CBN-PdlC-A5-20130807,1,1393200,Homogyne alpina,67.159210
CBN-PdlC-A5-20130807,2,1397475,Rhododendron ferrugineum,63.539589
CBN-PdlC-A5-20130807,3,1396253,Sibbaldia procumbens,63.433201
CBN-PdlC-A5-20130903,1,1396253,Sibbaldia procumbens,63.822083
CBN-PdlC-A5-20130903,2,1397475,Rhododendron ferrugineum,63.752857
CBN-PdlC-A5-20130903,3,1393200,Homogyne alpina,61.225582
CBN-PdlC-A5-20140721,1,1393200,Homogyne alpina,67.179276
CBN-PdlC-A5-20140721,2,1397475,Rhododendron ferrugineum,64.798782
CBN-PdlC-A5-20140721,3,1393660,Luzula alpinopilosa,64.279045
CBN-PdlC-A5-20140811,1,1393660,Luzula alpinopilosa,64.111115
CBN-PdlC-A5-20140811,2,1361598,Luzula pilosa,64.075256
CBN-PdlC-A5-20140811,3,1392541,Gentiana brachyphylla,63.751320
CBN-PdlC-A5-20150701,1,1393200,Homogyne alpina,67.542145
CBN-PdlC-A5-20150701,2,1397475,Rhododendron ferrugineum,64.095291
CBN-PdlC-A5-20150701,3,1396253,Sibbaldia procumbens,62.620842
CBN-PdlC-A5-20150831,1,1397475,Rhododendron ferrugineum,64.597298
CBN-PdlC-A5-20150831,2,1396253,Sibbaldia procumbens,64.559387
CBN-PdlC-A5-20150831,3,1393660,Luzula alpinopilosa,63.237389
CBN-PdlC-A5-20160705,1,1397475,Rhododendron ferrugineum,65.037224
CBN-PdlC-A5-20160705,2,1396253,Sibbaldia procumbens,62.970474
CBN-PdlC-A5-20160705,3,1393200,Homogyne alpina,61.905270
CBN-PdlC-A5-20160726,1,1392534,Gentiana acaulis,67.089172
CBN-PdlC-A5-20160726,2,1393200,Homogyne alpina,65.458160
CBN-PdlC-A5-20160726,3,1392541,Gentiana brachyphylla,64.557816
CBN-PdlC-A5-20170816,1,1397475,Rhododendron ferrugineum,64.669357
CBN-PdlC-A5-20170816,2,1396253,Sibbaldia procumbens,63.839226
CBN-PdlC-A5-20170816,3,1393200,Homogyne alpina,61.871635
CBN-PdlC-A5-20170906,1,1393200,Homogyne alpina,65.053795
CBN-PdlC-A5-20170906,2,1396253,Sibbaldia procumbens,64.904495
CBN-PdlC-A5-20170906,3,1397475,Rhododendron ferrugineum,64.856712
CBN-PdlC-A5-20180815,1,1393200,Homogyne alpina,64.255974
CBN-PdlC-A5-20180815,2,1396253,Sibbaldia procumbens,63.176765
CBN-PdlC-A5-20180815,3,1397475,Rhododendron ferrugineum,62.031715
CBN-PdlC-A5-20180905,1,1393200,Homogyne alpina,66.984818
CBN-PdlC-A5-20180905,2,1396253,Sibbaldia procumbens,64.804916
CBN-PdlC-A5-20180905,3,1397475,Rhododendron ferrugineum,61.376656
CBN-PdlC-A5-20190909,1,1397475,Rhododendron ferrugineum,63.591877
CBN-PdlC-A5-20190909,2,1419206,Freesia leichtlinii,60.635277
CBN-PdlC-A5-20190909,3,1396253,Sibbaldia procumbens,60.367546
CBN-PdlC-A5-20200722,1,1396253,Sibbaldia procumbens,64.239784
CBN-PdlC-A5-20200722,2,1393200,Homogyne alpina,63.896122
CBN-PdlC-A5-20200722,3,1397475,Rhododendron ferrugineum,63.549500
CBN-PdlC-A6-20130807,1,1393200,Homogyne alpina,67.933022
CBN-PdlC-A6-20130807,2,1397475,Rhododendron ferrugineum,65.181496
CBN-PdlC-A6-20130807,3,1396253,Sibbaldia procumbens,63.994957
CBN-PdlC-A6-20130903,1,1397475,Rhododendron ferrugineum,64.484985
CBN-PdlC-A6-20130903,2,1396253,Sibbaldia procumbens,63.513474
CBN-PdlC-A6-20130903,3,1397381,Euphrasia minima,62.109055
CBN-PdlC-A6-20140630,1,1397475,Rhododendron ferrugineum,61.557579
CBN-PdlC-A6-20140630,2,1396253,Sibbaldia procumbens,61.483009
CBN-PdlC-A6-20140630,3,1418688,Arctous alpina,57.498146
CBN-PdlC-A6-20140721,1,1397475,Rhododendron ferrugineum,64.969719
CBN-PdlC-A6-20140721,2,1395807,Salix herbacea,63.889786
CBN-PdlC-A6-20140721,3,1396253,Sibbaldia procumbens,63.758682
CBN-PdlC-A6-20140901,1,1397475,Rhododendron ferrugineum,65.271294
CBN-PdlC-A6-20140901,2,1394548,Phyteuma orbiculare,63.272797
CBN-PdlC-A6-20140901,3,1397458,Phyteuma scheuchzeri,62.004898
CBN-PdlC-A6-20150701,1,1393200,Homogyne alpina,65.353462
CBN-PdlC-A6-20150701,2,1397475,Rhododendron ferrugineum,63.634377
CBN-PdlC-A6-20150701,3,1396253,Sibbaldia procumbens,61.743893
CBN-PdlC-A6-20150810,1,1396253,Sibbaldia procumbens,64.343475
CBN-PdlC-A6-20150810,2,1393200,Homogyne alpina,64.311699
CBN-PdlC-A6-20150810,3,1397475,Rhododendron ferrugineum,63.990784
CBN-PdlC-A6-20150831,1,1397475,Rhododendron ferrugineum,64.899345
CBN-PdlC-A6-20150831,2,1396253,Sibbaldia procumbens,63.038723
CBN-PdlC-A6-20150831,3,1393874,Myoporum laetum,62.352348
CBN-PdlC-A6-20160705,1,1393200,Homogyne alpina,65.714645
CBN-PdlC-A6-20160705,2,1397475,Rhododendron ferrugineum,65.416504
CBN-PdlC-A6-20160705,3,1396253,Sibbaldia procumbens,64.466850
CBN-PdlC-A6-20160726,1,1397475,Rhododendron ferrugineum,64.476486
CBN-PdlC-A6-20160726,2,1396253,Sibbaldia procumbens,63.827095
CBN-PdlC-A6-20160726,3,1393200,Homogyne alpina,62.699471
CBN-PdlC-A6-20170816,1,1393200,Homogyne alpina,64.803635
CBN-PdlC-A6-20170816,2,1397475,Rhododendron ferrugineum,63.434105
CBN-PdlC-A6-20170816,3,1396253,Sibbaldia procumbens,62.989819
CBN-PdlC-A6-20170906,1,1393200,Homogyne alpina,66.018600
CBN-PdlC-A6-20170906,2,1397475,Rhododendron ferrugineum,63.918968
CBN-PdlC-A6-20170906,3,1396253,Sibbaldia procumbens,62.173023
CBN-PdlC-A6-20180702,1,1393200,Homogyne alpina,66.913231
CBN-PdlC-A6-20180702,2,1396253,Sibbaldia procumbens,65.116943
CBN-PdlC-A6-20180702,3,1397475,Rhododendron ferrugineum,64.789124
CBN-PdlC-A6-20180723,1,1393200,Homogyne alpina,67.694481
CBN-PdlC-A6-20180723,2,1397475,Rhododendron ferrugineum,63.363300
CBN-PdlC-A6-20180723,3,1396253,Sibbaldia procumbens,60.877151
CBN-PdlC-A6-20180815,1,1393874,Myoporum laetum,64.325737
CBN-PdlC-A6-20180815,2,1397475,Rhododendron ferrugineum,64.321167
CBN-PdlC-A6-20180815,3,1393200,Homogyne alpina,63.280170
CBN-PdlC-A6-20180905,1,1393200,Homogyne alpina,65.449089
CBN-PdlC-A6-20180905,2,1397475,Rhododendron ferrugineum,65.008484
CBN-PdlC-A6-20180905,3,1393874,Myoporum laetum,62.484234
CBN-PdlC-A6-20190701,1,1393200,Homogyne alpina,66.245651
CBN-PdlC-A6-20190701,2,1397475,Rhododendron ferrugineum,63.219597
CBN-PdlC-A6-20190701,3,1396253,Sibbaldia procumbens,61.457485
CBN-PdlC-A6-20190722,1,1393200,Homogyne alpina,66.126785
CBN-PdlC-A6-20190722,2,1393660,Luzula alpinopilosa,65.064537
CBN-PdlC-A6-20190722,3,1397475,Rhododendron ferrugineum,64.983208
CBN-PdlC-A6-20190812,1,1397475,Rhododendron ferrugineum,64.295937
CBN-PdlC-A6-20190812,2,1393200,Homogyne alpina,63.617580
CBN-PdlC-A6-20190812,3,1396253,Sibbaldia procumbens,62.756630
CBN-PdlC-A6-20190909,1,1397475,Rhododendron ferrugineum,64.824951
CBN-PdlC-A6-20190909,2,1393659,Luzula alpina,61.523903
CBN-PdlC-A6-20190909,3,1393200,Homogyne alpina,61.219330
CBN-PdlC-A6-20200722,1,1397475,Rhododendron ferrugineum,65.790649
CBN-PdlC-A6-20200722,2,1396253,Sibbaldia procumbens,63.712898
CBN-PdlC-A6-20200722,3,1393200,Homogyne alpina,63.351761
CBN-PdlC-A6-20200812,1,1393200,Homogyne alpina,66.147522
CBN-PdlC-A6-20200812,2,1397475,Rhododendron ferrugineum,65.254379
CBN-PdlC-A6-20200812,3,1396253,Sibbaldia procumbens,63.913040
CBN-PdlC-B1-20130807,1,1393200,Homogyne alpina,65.859512
CBN-PdlC-B1-20130807,2,1392608,Geum montanum,64.985313
CBN-PdlC-B1-20130807,3,1392612,Geum reptans,61.597504
CBN-PdlC-B1-20130903,1,1393200,Homogyne alpina,65.789795
CBN-PdlC-B1-20130903,2,1392608,Geum montanum,65.086487
CBN-PdlC-B1-20130903,3,1392612,Geum reptans,61.877922
CBN-PdlC-B1-20140721,1,1393200,Homogyne alpina,64.841988
CBN-PdlC-B1-20140721,2,1392608,Geum montanum,63.849937
CBN-PdlC-B1-20140721,3,1396253,Sibbaldia procumbens,62.188690
CBN-PdlC-B1-20140811,1,1396144,Sedum alpestre,66.650208
CBN-PdlC-B1-20140811,2,1392608,Geum montanum,65.873940
CBN-PdlC-B1-20140811,3,1393619,Logfia minima,64.680092
CBN-PdlC-B1-20140901,1,1392608,Geum montanum,64.903168
CBN-PdlC-B1-20140901,2,1393200,Homogyne alpina,64.181717
CBN-PdlC-B1-20140901,3,1412857,Omalotheca supina,64.058281
CBN-PdlC-B1-20150701,1,1393200,Homogyne alpina,66.634422
CBN-PdlC-B1-20150701,2,1392608,Geum montanum,65.106041
CBN-PdlC-B1-20150701,3,1396144,Sedum alpestre,64.794029
CBN-PdlC-B1-20150720,1,1392608,Geum montanum,64.863235
CBN-PdlC-B1-20150720,2,1396253,Sibbaldia procumbens,64.005493
CBN-PdlC-B1-20150720,3,1395807,Salix herbacea,62.723934
CBN-PdlC-B1-20150810,1,1393200,Homogyne alpina,67.725372
CBN-PdlC-B1-20150810,2,1392608,Geum montanum,64.031021
CBN-PdlC-B1-20150810,3,1396253,Sibbaldia procumbens,62.698040
CBN-PdlC-B1-20150831,1,1412857,Omalotheca supina,66.120209
CBN-PdlC-B1-20150831,2,1393200,Homogyne alpina,65.646820
CBN-PdlC-B1-20150831,3,1742053,Omalotheca hoppeana,65.517136
CBN-PdlC-B1-20160705,1,1393200,Homogyne alpina,67.403770
CBN-PdlC-B1-20160705,2,1396253,Sibbaldia procumbens,63.571987
CBN-PdlC-B1-20160705,3,1396144,Sedum alpestre,63.539650
CBN-PdlC-B1-20160726,1,1396144,Sedum alpestre,68.017838
CBN-PdlC-B1-20160726,2,1393200,Homogyne alpina,66.955009
CBN-PdlC-B1-20160726,3,1392608,Geum montanum,65.296249
CBN-PdlC-B1-20170816,1,1392608,Geum montanum,65.105644
CBN-PdlC-B1-20170816,2,1395807,Salix herbacea,64.045212
CBN-PdlC-B1-20170816,3,1412857,Omalotheca supina,62.598751
CBN-PdlC-B1-20170906,1,1392608,Geum montanum,64.249023
CBN-PdlC-B1-20170906,2,1412857,Omalotheca supina,63.368713
CBN-PdlC-B1-20170906,3,1396144,Sedum alpestre,63.099453
CBN-PdlC-B1-20180702,1,1413349,Armeria maritima,62.027191
CBN-PdlC-B1-20180702,2,1396144,Sedum alpestre,60.579685
CBN-PdlC-B1-20180702,3,1647187,Armeria welwitschii,58.691910
CBN-PdlC-B1-20180723,1,1393200,Homogyne alpina,66.347816
CBN-PdlC-B1-20180723,2,1392608,Geum montanum,64.352707
CBN-PdlC-B1-20180723,3,1396253,Sibbaldia procumbens,62.383339
CBN-PdlC-B1-20180815,1,1396144,Sedum alpestre,67.139938
CBN-PdlC-B1-20180815,2,1412857,Omalotheca supina,65.091042
CBN-PdlC-B1-20180815,3,1742053,Omalotheca hoppeana,64.120766
CBN-PdlC-B1-20180905,1,1412857,Omalotheca supina,66.241608
CBN-PdlC-B1-20180905,2,1392608,Geum montanum,64.587158
CBN-PdlC-B1-20180905,3,1647128,Armeria alpina,64.438652
CBN-PdlC-B1-20190701,1,1393200,Homogyne alpina,61.806683
CBN-PdlC-B1-20190701,2,1358095,Sedum album,61.580551
CBN-PdlC-B1-20190701,3,1392608,Geum montanum,61.514362
CBN-PdlC-B1-20190722,1,1396144,Sedum alpestre,64.937920
CBN-PdlC-B1-20190722,2,1392608,Geum montanum,64.607872
CBN-PdlC-B1-20190722,3,1361367,Poa alpina,63.438599
CBN-PdlC-B1-20190812,1,1396144,Sedum alpestre,67.045303
CBN-PdlC-B1-20190812,2,1412857,Omalotheca supina,64.515327
CBN-PdlC-B1-20190812,3,1392608,Geum montanum,64.346069
CBN-PdlC-B1-20190909,1,1396144,Sedum alpestre,63.173939
CBN-PdlC-B1-20190909,2,1412857,Omalotheca supina,63.069809
CBN-PdlC-B1-20190909,3,1392608,Geum montanum,62.511173
CBN-PdlC-B1-20200629,1,1393200,Homogyne alpina,61.746716
CBN-PdlC-B1-20200629,2,1356359,Asplenium septentrionale,59.618122
CBN-PdlC-B1-20200629,3,1363133,Triglochin striata,55.788868
CBN-PdlC-B1-20200722,1,1396144,Sedum alpestre,65.682365
CBN-PdlC-B1-20200722,2,1392608,Geum montanum,64.922516
CBN-PdlC-B1-20200722,3,1393200,Homogyne alpina,64.583344
CBN-PdlC-B1-20200812,1,1396144,Sedum alpestre,66.900032
CBN-PdlC-B1-20200812,2,1742053,Omalotheca hoppeana,65.956429
CBN-PdlC-B1-20200812,3,1412857,Omalotheca supina,65.900543
CBN-PdlC-B2-20130807,1,1392608,Geum montanum,64.176140
CBN-PdlC-B2-20130807,2,1647128,Armeria alpina,63.274456
CBN-PdlC-B2-20130807,3,1392541,Gentiana brachyphylla,62.478901
CBN-PdlC-B2-20130903,1,1392608,Geum montanum,63.629913
CBN-PdlC-B2-20130903,2,1647170,Armeria pubigera,62.512978
CBN-PdlC-B2-20130903,3,1400017,Armeria linkiana,61.329735
CBN-PdlC-B2-20140721,1,1392608,Geum montanum,64.125626
CBN-PdlC-B2-20140721,2,1413349,Armeria maritima,61.028412
CBN-PdlC-B2-20140721,3,1392612,Geum reptans,60.597240
CBN-PdlC-B2-20140811,1,1392608,Geum montanum,66.641045
CBN-PdlC-B2-20140811,2,1392611,Geum pyrenaicum,65.484505
CBN-PdlC-B2-20140811,3,1742053,Omalotheca hoppeana,63.573830
CBN-PdlC-B2-20140901,1,1392608,Geum montanum,63.969036
CBN-PdlC-B2-20140901,2,1392614,Geum rivale,62.447617
CBN-PdlC-B2-20140901,3,1392611,Geum pyrenaicum,59.936172
CBN-PdlC-B2-20150701,1,1392608,Geum montanum,61.767124
CBN-PdlC-B2-20150701,2,1392612,Geum reptans,60.684845
CBN-PdlC-B2-20150701,3,1363618,Crassula multicava,60.412823
CBN-PdlC-B2-20150720,1,1392541,Gentiana brachyphylla,63.805611
CBN-PdlC-B2-20150720,2,1392608,Geum montanum,62.972118
CBN-PdlC-B2-20150720,3,1394911,Primula integrifolia,61.573280
CBN-PdlC-B2-20150810,1,1392608,Geum montanum,63.122078
CBN-PdlC-B2-20150810,2,1647128,Armeria alpina,60.299820
CBN-PdlC-B2-20150810,3,1742053,Omalotheca hoppeana,60.284889
CBN-PdlC-B2-20150831,1,1392608,Geum montanum,65.278702
CBN-PdlC-B2-20150831,2,1392611,Geum pyrenaicum,62.370609
CBN-PdlC-B2-20150831,3,1742053,Omalotheca hoppeana,62.213490
CBN-PdlC-B2-20160705,1,1392608,Geum montanum,65.356987
CBN-PdlC-B2-20160705,2,1394911,Primula integrifolia,60.396561
CBN-PdlC-B2-20160705,3,1647156,Armeria humilis,59.986935
CBN-PdlC-B2-20160726,1,1392608,Geum montanum,66.740700
CBN-PdlC-B2-20160726,2,1742053,Omalotheca hoppeana,62.338547
CBN-PdlC-B2-20160726,3,1412857,Omalotheca supina,61.650013
CBN-PdlC-B2-20170816,1,1362482,Phleum alpinum,65.091873
CBN-PdlC-B2-20170816,2,1392608,Geum montanum,64.768585
CBN-PdlC-B2-20170816,3,1392534,Gentiana acaulis,63.841896
CBN-PdlC-B2-20170906,1,1392608,Geum montanum,61.955246
CBN-PdlC-B2-20170906,2,1412857,Omalotheca supina,61.828186
CBN-PdlC-B2-20170906,3,1394911,Primula integrifolia,60.601181
CBN-PdlC-B2-20180702,1,1392534,Gentiana acaulis,61.644379
CBN-PdlC-B2-20180702,2,1394911,Primula integrifolia,60.652504
CBN-PdlC-B2-20180702,3,1412857,Omalotheca supina,60.202644
CBN-PdlC-B2-20180723,1,1392608,Geum montanum,65.711868
CBN-PdlC-B2-20180723,2,1392535,Gentiana alpina,64.169495
CBN-PdlC-B2-20180723,3,1392534,Gentiana acaulis,63.639233
CBN-PdlC-B2-20180815,1,1392534,Gentiana acaulis,64.248756
CBN-PdlC-B2-20180815,2,1412857,Omalotheca supina,62.417824
CBN-PdlC-B2-20180815,3,1392608,Geum montanum,60.599884
CBN-PdlC-B2-20180905,1,1392534,Gentiana acaulis,65.174408
CBN-PdlC-B2-20180905,2,1392535,Gentiana alpina,62.131279
CBN-PdlC-B2-20180905,3,1392565,Gentiana terglouensis,61.697838
CBN-PdlC-B2-20190701,1,1392608,Geum montanum,62.115189
CBN-PdlC-B2-20190701,2,1528543,Crassula nudicaulis,60.487106
CBN-PdlC-B2-20190701,3,1390532,Salvinia molesta,58.799763
CBN-PdlC-B2-20190722,1,1392534,Gentiana acaulis,65.322227
CBN-PdlC-B2-20190722,2,1392608,Geum montanum,65.039833
CBN-PdlC-B2-20190722,3,1392535,Gentiana alpina,64.854248
CBN-PdlC-B2-20190812,1,1412857,Omalotheca supina,63.278214
CBN-PdlC-B2-20190812,2,1392534,Gentiana acaulis,62.126415
CBN-PdlC-B2-20190812,3,1397043,Veronica alpina,61.888268
CBN-PdlC-B2-20190909,1,1392608,Geum montanum,65.072266
CBN-PdlC-B2-20190909,2,1362482,Phleum alpinum,64.601776
CBN-PdlC-B2-20190909,3,1392565,Gentiana terglouensis,64.577667
CBN-PdlC-B2-20200629,1,1361900,Viscum album,58.161797
CBN-PdlC-B2-20200629,2,1360026,Limonium cossonianum,55.566986
CBN-PdlC-B2-20200629,3,1356082,Rumex acetosella,55.322941
CBN-PdlC-B2-20200722,1,1392608,Geum montanum,65.319572
CBN-PdlC-B2-20200722,2,1392534,Gentiana acaulis,62.824604
CBN-PdlC-B2-20200722,3,1392535,Gentiana alpina,62.225159
CBN-PdlC-B2-20200812,1,1392608,Geum montanum,63.960995
CBN-PdlC-B2-20200812,2,1412857,Omalotheca supina,62.499458
CBN-PdlC-B2-20200812,3,1394911,Primula integrifolia,62.131031
CBN-PdlC-B3-20130807,1,1394911,Primula integrifolia,63.870586
CBN-PdlC-B3-20130807,2,1393200,Homogyne alpina,63.092598
CBN-PdlC-B3-20130807,3,1392541,Gentiana brachyphylla,61.917686
CBN-PdlC-B3-20130903,1,1393200,Homogyne alpina,66.881630
CBN-PdlC-B3-20130903,2,1392535,Gentiana alpina,61.601166
CBN-PdlC-B3-20130903,3,1392541,Gentiana brachyphylla,61.131294
CBN-PdlC-B3-20140721,1,1393200,Homogyne alpina,66.351158
CBN-PdlC-B3-20140721,2,1396144,Sedum alpestre,62.246216
CBN-PdlC-B3-20140721,3,1412857,Omalotheca supina,61.128536
CBN-PdlC-B3-20140811,1,1393200,Homogyne alpina,67.313484
CBN-PdlC-B3-20140811,2,1392541,Gentiana brachyphylla,63.605637
CBN-PdlC-B3-20140811,3,1412857,Omalotheca supina,63.557796
CBN-PdlC-B3-20140901,1,1742053,Omalotheca hoppeana,66.376663
CBN-PdlC-B3-20140901,2,1393200,Homogyne alpina,65.692284
CBN-PdlC-B3-20140901,3,1412857,Omalotheca supina,63.404297
CBN-PdlC-B3-20150701,1,1392541,Gentiana brachyphylla,62.760422
CBN-PdlC-B3-20150701,2,1392535,Gentiana alpina,61.441360
CBN-PdlC-B3-20150701,3,1361367,Poa alpina,60.565567
CBN-PdlC-B3-20150810,1,1393200,Homogyne alpina,62.927502
CBN-PdlC-B3-20150810,2,1412857,Omalotheca supina,62.160477
CBN-PdlC-B3-20150810,3,1742053,Omalotheca hoppeana,61.500999
CBN-PdlC-B3-20150831,1,1393200,Homogyne alpina,66.732956
CBN-PdlC-B3-20150831,2,1412857,Omalotheca supina,62.982353
CBN-PdlC-B3-20150831,3,1392541,Gentiana brachyphylla,62.474266
CBN-PdlC-B3-20160705,1,1393200,Homogyne alpina,66.299072
CBN-PdlC-B3-20160705,2,1394911,Primula integrifolia,64.504166
CBN-PdlC-B3-20160705,3,1394597,Pinguicula corsica,63.178005
CBN-PdlC-B3-20160726,1,1393200,Homogyne alpina,67.471443
CBN-PdlC-B3-20160726,2,1392541,Gentiana brachyphylla,62.746033
CBN-PdlC-B3-20160726,3,1412857,Omalotheca supina,62.324715
CBN-PdlC-B3-20170816,1,1394542,Phyteuma hemisphaericum,65.143562
CBN-PdlC-B3-20170816,2,1393200,Homogyne alpina,64.695564
CBN-PdlC-B3-20170816,3,1412857,Omalotheca supina,63.212444
CBN-PdlC-B3-20170906,1,1393200,Homogyne alpina,65.048141
CBN-PdlC-B3-20170906,2,1412857,Omalotheca supina,63.362263
CBN-PdlC-B3-20170906,3,1742053,Omalotheca hoppeana,62.670921
CBN-PdlC-B3-20180702,1,1393200,Homogyne alpina,61.346275
CBN-PdlC-B3-20180702,2,1399800,Pinguicula nevadensis,60.939590
CBN-PdlC-B3-20180702,3,1399798,Pinguicula dertosensis,60.783516
CBN-PdlC-B3-20180723,1,1393200,Homogyne alpina,66.183449
CBN-PdlC-B3-20180723,2,1742053,Omalotheca hoppeana,62.442642
CBN-PdlC-B3-20180723,3,1395807,Salix herbacea,59.982903
CBN-PdlC-B3-20180815,1,1393200,Homogyne alpina,64.844749
CBN-PdlC-B3-20180815,2,1412857,Omalotheca supina,62.633099
CBN-PdlC-B3-20180815,3,1392534,Gentiana acaulis,61.873852
CBN-PdlC-B3-20180905,1,1393200,Homogyne alpina,67.853699
CBN-PdlC-B3-20180905,2,1396144,Sedum alpestre,65.087296
CBN-PdlC-B3-20180905,3,1412857,Omalotheca supina,64.537605
CBN-PdlC-B3-20190701,1,1356348,Asplenium hemionitis,61.530720
CBN-PdlC-B3-20190701,2,1393200,Homogyne alpina,61.427814
CBN-PdlC-B3-20190701,3,1396144,Sedum alpestre,60.293510
CBN-PdlC-B3-20190722,1,1396144,Sedum alpestre,63.638828
CBN-PdlC-B3-20190722,2,1393200,Homogyne alpina,63.533409
CBN-PdlC-B3-20190722,3,1412857,Omalotheca supina,62.480179
CBN-PdlC-B3-20190812,1,1393200,Homogyne alpina,66.171272
CBN-PdlC-B3-20190812,2,1412857,Omalotheca supina,65.134789
CBN-PdlC-B3-20190812,3,1742053,Omalotheca hoppeana,64.508896
CBN-PdlC-B3-20190909,1,1742053,Omalotheca hoppeana,60.590729
CBN-PdlC-B3-20190909,2,1356359,Asplenium septentrionale,60.404678
CBN-PdlC-B3-20190909,3,1651061,Festuca clementei,60.151375
CBN-PdlC-B3-20200629,1,1396144,Sedum alpestre,59.517357
CBN-PdlC-B3-20200629,2,1361425,Stipa offneri,58.287918
CBN-PdlC-B3-20200629,3,1356228,Cymodocea nodosa,58.106903
CBN-PdlC-B3-20200722,1,1393200,Homogyne alpina,67.356720
CBN-PdlC-B3-20200722,2,1742053,Omalotheca hoppeana,64.750984
CBN-PdlC-B3-20200722,3,1412857,Omalotheca supina,62.295479
CBN-PdlC-B3-20200812,1,1393200,Homogyne alpina,67.858871
CBN-PdlC-B3-20200812,2,1742053,Omalotheca hoppeana,67.799698
CBN-PdlC-B3-20200812,3,1412857,Omalotheca supina,66.142174
CBN-PdlC-B4-20130807,1,1397475,Rhododendron ferrugineum,65.347183
CBN-PdlC-B4-20130807,2,1393200,Homogyne alpina,63.226234
CBN-PdlC-B4-20130807,3,1394911,Primula integrifolia,61.670845
CBN-PdlC-B4-20130903,1,1397475,Rhododendron ferrugineum,64.231026
CBN-PdlC-B4-20130903,2,1532190,Carex rorulenta,61.271332
CBN-PdlC-B4-20130903,3,1394311,Oreochloa disticha,60.065773
CBN-PdlC-B4-20140721,1,1397475,Rhododendron ferrugineum,65.542892
CBN-PdlC-B4-20140721,2,1393874,Myoporum laetum,62.029434
CBN-PdlC-B4-20140721,3,1393200,Homogyne alpina,60.135742
CBN-PdlC-B4-20140811,1,1397475,Rhododendron ferrugineum,65.282845
CBN-PdlC-B4-20140811,2,1412857,Omalotheca supina,64.140312
CBN-PdlC-B4-20140811,3,1396144,Sedum alpestre,63.829353
CBN-PdlC-B4-20140901,1,1397475,Rhododendron ferrugineum,64.689850
CBN-PdlC-B4-20140901,2,1393200,Homogyne alpina,64.681221
CBN-PdlC-B4-20140901,3,1412857,Omalotheca supina,64.245522
CBN-PdlC-B4-20150701,1,1397475,Rhododendron ferrugineum,65.209946
CBN-PdlC-B4-20150701,2,1393874,Myoporum laetum,60.004513
CBN-PdlC-B4-20150701,3,1646703,Veronica elliptica,59.804749
CBN-PdlC-B4-20150810,1,1393200,Homogyne alpina,65.049088
CBN-PdlC-B4-20150810,2,1397475,Rhododendron ferrugineum,64.242348
CBN-PdlC-B4-20150810,3,1390674,Campanula scheuchzeri,63.540321
CBN-PdlC-B4-20150831,1,1397475,Rhododendron ferrugineum,64.871742
CBN-PdlC-B4-20150831,2,1394311,Oreochloa disticha,63.891930
CBN-PdlC-B4-20150831,3,1393200,Homogyne alpina,63.768356
CBN-PdlC-B4-20160726,1,1393200,Homogyne alpina,66.864365
CBN-PdlC-B4-20160726,2,1397475,Rhododendron ferrugineum,65.222923
CBN-PdlC-B4-20160726,3,1394311,Oreochloa disticha,63.476273
CBN-PdlC-B4-20170816,1,1393200,Homogyne alpina,66.143066
CBN-PdlC-B4-20170816,2,1397475,Rhododendron ferrugineum,63.917114
CBN-PdlC-B4-20170816,3,1412857,Omalotheca supina,62.743698
CBN-PdlC-B4-20170906,1,1397475,Rhododendron ferrugineum,64.973351
CBN-PdlC-B4-20170906,2,1396144,Sedum alpestre,62.634724
CBN-PdlC-B4-20170906,3,1393874,Myoporum laetum,60.870079
CBN-PdlC-B4-20180702,1,1397475,Rhododendron ferrugineum,64.167374
CBN-PdlC-B4-20180702,2,1396144,Sedum alpestre,61.181580
CBN-PdlC-B4-20180702,3,1393874,Myoporum laetum,60.455780
CBN-PdlC-B4-20180723,1,1396144,Sedum alpestre,66.697662
CBN-PdlC-B4-20180723,2,1397475,Rhododendron ferrugineum,65.221222
CBN-PdlC-B4-20180723,3,1393200,Homogyne alpina,64.120377
CBN-PdlC-B4-20180815,1,1396144,Sedum alpestre,65.117271
CBN-PdlC-B4-20180815,2,1397475,Rhododendron ferrugineum,64.334824
CBN-PdlC-B4-20180815,3,1397491,Sedum atratum,59.860458
CBN-PdlC-B4-20180905,1,1396144,Sedum alpestre,66.331940
CBN-PdlC-B4-20180905,2,1393200,Homogyne alpina,66.008087
CBN-PdlC-B4-20180905,3,1412857,Omalotheca supina,64.964188
CBN-PdlC-B4-20190701,1,1397475,Rhododendron ferrugineum,64.706604
CBN-PdlC-B4-20190701,2,1392541,Gentiana brachyphylla,58.588890
CBN-PdlC-B4-20190701,3,1396971,Vaccinium vitis-idaea,57.692314
CBN-PdlC-B4-20190722,1,1397475,Rhododendron ferrugineum,65.841263
CBN-PdlC-B4-20190722,2,1393200,Homogyne alpina,60.927929
CBN-PdlC-B4-20190722,3,1398327,Allium pyrenaicum,59.557701
CBN-PdlC-B4-20190812,1,1397475,Rhododendron ferrugineum,64.403160
CBN-PdlC-B4-20190812,2,1393200,Homogyne alpina,62.992901
CBN-PdlC-B4-20190812,3,1400101,Bartsia alpina,62.236572
CBN-PdlC-B4-20190909,1,1397475,Rhododendron ferrugineum,64.834518
CBN-PdlC-B4-20190909,2,1361367,Poa alpina,57.451248
CBN-PdlC-B4-20190909,3,1393874,Myoporum laetum,57.206509
CBN-PdlC-B4-20200629,1,1397475,Rhododendron ferrugineum,65.550430
CBN-PdlC-B4-20200629,2,1412241,Hepatica nobilis,58.327286
CBN-PdlC-B4-20200629,3,1418688,Arctous alpina,57.877449
CBN-PdlC-B4-20200722,1,1397475,Rhododendron ferrugineum,65.431740
CBN-PdlC-B4-20200722,2,1393200,Homogyne alpina,63.943764
CBN-PdlC-B4-20200722,3,1741776,Polygaloides chamaebuxus,63.252541
CBN-PdlC-B4-20200812,1,1393200,Homogyne alpina,66.448822
CBN-PdlC-B4-20200812,2,1397475,Rhododendron ferrugineum,64.193497
CBN-PdlC-B4-20200812,3,1742053,Omalotheca hoppeana,64.099609
CBN-PdlC-B5-20130807,1,1397475,Rhododendron ferrugineum,65.728447
CBN-PdlC-B5-20130807,2,1395807,Salix herbacea,61.417103
CBN-PdlC-B5-20130807,3,1394911,Primula integrifolia,61.301819
CBN-PdlC-B5-20130903,1,1397475,Rhododendron ferrugineum,64.888054
CBN-PdlC-B5-20130903,2,1395807,Salix herbacea,62.531212
CBN-PdlC-B5-20130903,3,1361801,Vaccinium myrtillus,59.442520
CBN-PdlC-B5-20140630,1,1492045,Arenaria alfacarensis,54.680984
CBN-PdlC-B5-20140630,2,1724565,Hydrocharis laevigata,53.099842
CBN-PdlC-B5-20140630,3,1394309,Androsace helvetica,52.962616
CBN-PdlC-B5-20140721,1,1396253,Sibbaldia procumbens,65.360413
CBN-PdlC-B5-20140721,2,1397475,Rhododendron ferrugineum,65.126595
CBN-PdlC-B5-20140721,3,1395807,Salix herbacea,62.848667
CBN-PdlC-B5-20140811,1,1397475,Rhododendron ferrugineum,65.533951
CBN-PdlC-B5-20140811,2,1395807,Salix herbacea,63.806808
CBN-PdlC-B5-20140811,3,1394311,Oreochloa disticha,63.312496
CBN-PdlC-B5-20140901,1,1397475,Rhododendron ferrugineum,65.083565
CBN-PdlC-B5-20140901,2,1395807,Salix herbacea,62.573162
CBN-PdlC-B5-20140901,3,1361367,Poa alpina,62.537182
CBN-PdlC-B5-20150701,1,1397475,Rhododendron ferrugineum,64.626595
CBN-PdlC-B5-20150701,2,1395807,Salix herbacea,61.953056
CBN-PdlC-B5-20150701,3,1393874,Myoporum laetum,61.596786
CBN-PdlC-B5-20150720,1,1397475,Rhododendron ferrugineum,64.897247
CBN-PdlC-B5-20150720,2,1395807,Salix herbacea,63.178032
CBN-PdlC-B5-20150720,3,1400101,Bartsia alpina,63.153461
CBN-PdlC-B5-20150810,1,1397475,Rhododendron ferrugineum,63.746571
CBN-PdlC-B5-20150810,2,1395807,Salix herbacea,63.271957
CBN-PdlC-B5-20150810,3,1361801,Vaccinium myrtillus,58.984592
CBN-PdlC-B5-20150831,1,1397475,Rhododendron ferrugineum,65.152901
CBN-PdlC-B5-20150831,2,1395807,Salix herbacea,63.138123
CBN-PdlC-B5-20150831,3,1396253,Sibbaldia procumbens,62.183357
CBN-PdlC-B5-20160705,1,1397475,Rhododendron ferrugineum,65.259773
CBN-PdlC-B5-20160705,2,1395807,Salix herbacea,63.234474
CBN-PdlC-B5-20160705,3,1394911,Primula integrifolia,63.027470
CBN-PdlC-B5-20160726,1,1397475,Rhododendron ferrugineum,66.295395
CBN-PdlC-B5-20160726,2,1395807,Salix herbacea,63.340446
CBN-PdlC-B5-20160726,3,1396253,Sibbaldia procumbens,61.450554
CBN-PdlC-B5-20170816,1,1397475,Rhododendron ferrugineum,65.220245
CBN-PdlC-B5-20170816,2,1394311,Oreochloa disticha,64.908401
CBN-PdlC-B5-20170816,3,1393874,Myoporum laetum,61.690247
CBN-PdlC-B5-20170906,1,1397475,Rhododendron ferrugineum,64.526947
CBN-PdlC-B5-20170906,2,1395807,Salix herbacea,61.577530
CBN-PdlC-B5-20170906,3,1396347,Armeria euscadiensis,60.862617
CBN-PdlC-B5-20180702,1,1397475,Rhododendron ferrugineum,64.430595
CBN-PdlC-B5-20180702,2,1741661,Rhododendron intermedium,59.562523
CBN-PdlC-B5-20180702,3,1395190,Rhododendron hirsutum,59.184937
CBN-PdlC-B5-20180723,1,1397475,Rhododendron ferrugineum,65.488968
CBN-PdlC-B5-20180723,2,1395807,Salix herbacea,62.349762
CBN-PdlC-B5-20180723,3,1397353,Claytonia perfoliata,60.232384
CBN-PdlC-B5-20180815,1,1397475,Rhododendron ferrugineum,64.472015
CBN-PdlC-B5-20180815,2,1718504,Pontederia crassipes,60.043411
CBN-PdlC-B5-20180815,3,1392541,Gentiana brachyphylla,59.984509
CBN-PdlC-B5-20180905,1,1397475,Rhododendron ferrugineum,64.576866
CBN-PdlC-B5-20180905,2,1393874,Myoporum laetum,61.707790
CBN-PdlC-B5-20180905,3,1396253,Sibbaldia procumbens,61.636154
CBN-PdlC-B5-20190701,1,1397475,Rhododendron ferrugineum,62.893200
CBN-PdlC-B5-20190701,2,1393874,Myoporum laetum,59.983582
CBN-PdlC-B5-20190701,3,1392534,Gentiana acaulis,58.979927
CBN-PdlC-B5-20190722,1,1397475,Rhododendron ferrugineum,67.614784
CBN-PdlC-B5-20190722,2,1397043,Veronica alpina,63.743610
CBN-PdlC-B5-20190722,3,1395807,Salix herbacea,62.352619
CBN-PdlC-B5-20190812,1,1397475,Rhododendron ferrugineum,64.087738
CBN-PdlC-B5-20190812,2,1392541,Gentiana brachyphylla,62.742126
CBN-PdlC-B5-20190812,3,1396253,Sibbaldia procumbens,62.494640
CBN-PdlC-B5-20190909,1,1397475,Rhododendron ferrugineum,64.827850
CBN-PdlC-B5-20190909,2,1400101,Bartsia alpina,62.677124
CBN-PdlC-B5-20190909,3,1395807,Salix herbacea,62.037308
CBN-PdlC-B5-20200629,1,1397475,Rhododendron ferrugineum,64.299004
CBN-PdlC-B5-20200629,2,1391994,Equisetum sylvaticum,62.063240
CBN-PdlC-B5-20200629,3,1396253,Sibbaldia procumbens,61.828114
CBN-PdlC-B5-20200722,1,1397475,Rhododendron ferrugineum,64.467026
CBN-PdlC-B5-20200722,2,1400101,Bartsia alpina,62.591541
CBN-PdlC-B5-20200722,3,1395807,Salix herbacea,61.501663
CBN-PdlC-B5-20200812,1,1397475,Rhododendron ferrugineum,64.441689
CBN-PdlC-B5-20200812,2,1392541,Gentiana brachyphylla,63.355991
CBN-PdlC-B5-20200812,3,1395807,Salix herbacea,62.847363
CBN-PdlC-B6-20130807,1,1392535,Gentiana alpina,65.532532
CBN-PdlC-B6-20130807,2,1392534,Gentiana acaulis,65.049248
CBN-PdlC-B6-20130807,3,1395807,Salix herbacea,62.250923
CBN-PdlC-B6-20130903,1,1397475,Rhododendron ferrugineum,64.981621
CBN-PdlC-B6-20130903,2,1361367,Poa alpina,62.613697
CBN-PdlC-B6-20130903,3,1392534,Gentiana acaulis,62.139046
CBN-PdlC-B6-20140630,1,1393200,Homogyne alpina,60.505322
CBN-PdlC-B6-20140630,2,1392534,Gentiana acaulis,57.754360
CBN-PdlC-B6-20140630,3,1391427,Crassula pubescens,57.665298
CBN-PdlC-B6-20140721,1,1396253,Sibbaldia procumbens,63.787823
CBN-PdlC-B6-20140721,2,1395807,Salix herbacea,62.410736
CBN-PdlC-B6-20140721,3,1397332,Caltha palustris,60.861401
CBN-PdlC-B6-20140811,1,1393200,Homogyne alpina,63.976547
CBN-PdlC-B6-20140811,2,1396253,Sibbaldia procumbens,63.499176
CBN-PdlC-B6-20140811,3,1395807,Salix herbacea,63.002876
CBN-PdlC-B6-20140901,1,1394542,Phyteuma hemisphaericum,65.733429
CBN-PdlC-B6-20140901,2,1394540,Phyteuma globulariifolium,64.003784
CBN-PdlC-B6-20140901,3,1394543,Phyteuma humile,62.104233
CBN-PdlC-B6-20150701,1,1394911,Primula integrifolia,63.994972
CBN-PdlC-B6-20150701,2,1393200,Homogyne alpina,63.760666
CBN-PdlC-B6-20150701,3,1396253,Sibbaldia procumbens,63.571167
CBN-PdlC-B6-20150720,1,1395807,Salix herbacea,62.586151
CBN-PdlC-B6-20150720,2,1392541,Gentiana brachyphylla,62.516235
CBN-PdlC-B6-20150720,3,1361801,Vaccinium myrtillus,61.916565
CBN-PdlC-B6-20150810,1,1397475,Rhododendron ferrugineum,63.542229
CBN-PdlC-B6-20150810,2,1395807,Salix herbacea,62.455154
CBN-PdlC-B6-20150810,3,1397450,Orthilia secunda,61.610382
CBN-PdlC-B6-20150831,1,1395807,Salix herbacea,63.311405
CBN-PdlC-B6-20150831,2,1396253,Sibbaldia procumbens,62.774956
CBN-PdlC-B6-20150831,3,1393200,Homogyne alpina,62.670776
CBN-PdlC-B6-20160705,1,1396253,Sibbaldia procumbens,64.133720
CBN-PdlC-B6-20160705,2,1397475,Rhododendron ferrugineum,64.112793
CBN-PdlC-B6-20160705,3,1393200,Homogyne alpina,63.245407
CBN-PdlC-B6-20160726,1,1396253,Sibbaldia procumbens,62.337780
CBN-PdlC-B6-20160726,2,1395807,Salix herbacea,62.303387
CBN-PdlC-B6-20160726,3,1361367,Poa alpina,61.352798
CBN-PdlC-B6-20170816,1,1393200,Homogyne alpina,61.894554
CBN-PdlC-B6-20170816,2,1396253,Sibbaldia procumbens,61.879154
CBN-PdlC-B6-20170816,3,1395807,Salix herbacea,60.847466
CBN-PdlC-B6-20170906,1,1393200,Homogyne alpina,63.977348
CBN-PdlC-B6-20170906,2,1396253,Sibbaldia procumbens,63.100395
CBN-PdlC-B6-20170906,3,1397475,Rhododendron ferrugineum,61.904602
CBN-PdlC-B6-20180702,1,1393200,Homogyne alpina,64.831459
CBN-PdlC-B6-20180702,2,1394911,Primula integrifolia,63.408936
CBN-PdlC-B6-20180702,3,1396253,Sibbaldia procumbens,63.087147
CBN-PdlC-B6-20180723,1,1395807,Salix herbacea,63.312191
CBN-PdlC-B6-20180723,2,1396253,Sibbaldia procumbens,61.425545
CBN-PdlC-B6-20180723,3,1363543,Stenotaphrum secundatum,60.900490
CBN-PdlC-B6-20180905,1,1396253,Sibbaldia procumbens,63.910091
CBN-PdlC-B6-20180905,2,1363543,Stenotaphrum secundatum,60.823303
CBN-PdlC-B6-20180905,3,1395807,Salix herbacea,59.646130
CBN-PdlC-B6-20190701,1,1393200,Homogyne alpina,65.820358
CBN-PdlC-B6-20190701,2,1394911,Primula integrifolia,64.108360
CBN-PdlC-B6-20190701,3,1397475,Rhododendron ferrugineum,62.376816
CBN-PdlC-B6-20190722,1,1393200,Homogyne alpina,65.798668
CBN-PdlC-B6-20190722,2,1396253,Sibbaldia procumbens,64.551193
CBN-PdlC-B6-20190722,3,1395807,Salix herbacea,62.271759
CBN-PdlC-B6-20190812,1,1396253,Sibbaldia procumbens,63.604034
CBN-PdlC-B6-20190812,2,1393200,Homogyne alpina,63.128876
CBN-PdlC-B6-20190812,3,1397475,Rhododendron ferrugineum,61.923077
CBN-PdlC-B6-20190909,1,1393200,Homogyne alpina,63.068108
CBN-PdlC-B6-20190909,2,1395807,Salix herbacea,63.040718
CBN-PdlC-B6-20190909,3,1519650,Scorzoneroides helvetica,61.376583
CBN-PdlC-B6-20200629,1,1397475,Rhododendron ferrugineum,64.076866
CBN-PdlC-B6-20200629,2,1396253,Sibbaldia procumbens,62.876720
CBN-PdlC-B6-20200629,3,1397513,Tofieldia pusilla,60.328369
CBN-PdlC-B6-20200722,1,1393200,Homogyne alpina,67.884918
CBN-PdlC-B6-20200722,2,1392534,Gentiana acaulis,66.308876
CBN-PdlC-B6-20200722,3,1392535,Gentiana alpina,65.276588
CBN-PdlC-B6-20200812,1,1393200,Homogyne alpina,67.368149
CBN-PdlC-B6-20200812,2,1393659,Luzula alpina,63.503139
CBN-PdlC-B6-20200812,3,1397475,Rhododendron ferrugineum,63.044910
CBN-PdlC-C1-20130807,1,1397500,Soldanella alpina,64.086563
CBN-PdlC-C1-20130807,2,1393708,Lysimachia nummularia,63.852661
CBN-PdlC-C1-20130807,3,1396332,Soldanella villosa,61.531540
CBN-PdlC-C1-20130903,1,1393200,Homogyne alpina,66.720718
CBN-PdlC-C1-20130903,2,1396253,Sibbaldia procumbens,64.285133
CBN-PdlC-C1-20130903,3,1741624,Lotus alpinus,62.410507
CBN-PdlC-C1-20140721,1,1397500,Soldanella alpina,66.820557
CBN-PdlC-C1-20140721,2,1393200,Homogyne alpina,66.202660
CBN-PdlC-C1-20140721,3,1396253,Sibbaldia procumbens,63.381466
CBN-PdlC-C1-20140811,1,1393200,Homogyne alpina,66.331284
CBN-PdlC-C1-20140811,2,1395807,Salix herbacea,63.650192
CBN-PdlC-C1-20140811,3,1396253,Sibbaldia procumbens,63.036880
CBN-PdlC-C1-20140901,1,1393200,Homogyne alpina,64.847511
CBN-PdlC-C1-20140901,2,1395807,Salix herbacea,61.806580
CBN-PdlC-C1-20140901,3,1392534,Gentiana acaulis,61.560036
CBN-PdlC-C1-20150701,1,1397500,Soldanella alpina,65.916275
CBN-PdlC-C1-20150701,2,1393200,Homogyne alpina,65.685448
CBN-PdlC-C1-20150701,3,1397279,Alchemilla alpina,60.091614
CBN-PdlC-C1-20150720,1,1393200,Homogyne alpina,66.921799
CBN-PdlC-C1-20150720,2,1396253,Sibbaldia procumbens,64.415123
CBN-PdlC-C1-20150720,3,1412857,Omalotheca supina,63.052284
CBN-PdlC-C1-20150810,1,1393200,Homogyne alpina,66.854782
CBN-PdlC-C1-20150810,2,1362482,Phleum alpinum,63.433002
CBN-PdlC-C1-20150810,3,1396253,Sibbaldia procumbens,63.067085
CBN-PdlC-C1-20150831,1,1393200,Homogyne alpina,67.295090
CBN-PdlC-C1-20150831,2,1742053,Omalotheca hoppeana,66.010391
CBN-PdlC-C1-20150831,3,1412857,Omalotheca supina,64.621498
CBN-PdlC-C1-20160705,1,1393200,Homogyne alpina,66.669601
CBN-PdlC-C1-20160705,2,1396253,Sibbaldia procumbens,63.410030
CBN-PdlC-C1-20160705,3,1397500,Soldanella alpina,62.037277
CBN-PdlC-C1-20160726,1,1361367,Poa alpina,63.701870
CBN-PdlC-C1-20160726,2,1396253,Sibbaldia procumbens,63.444126
CBN-PdlC-C1-20160726,3,1392241,Alchemilla pentaphyllea,62.709503
CBN-PdlC-C1-20170816,1,1393200,Homogyne alpina,67.124504
CBN-PdlC-C1-20170816,2,1396253,Sibbaldia procumbens,64.181641
CBN-PdlC-C1-20170816,3,1392534,Gentiana acaulis,63.913013
CBN-PdlC-C1-20170906,1,1396253,Sibbaldia procumbens,62.286095
CBN-PdlC-C1-20170906,2,1393200,Homogyne alpina,59.844925
CBN-PdlC-C1-20170906,3,1394366,Oxyria digyna,59.782864
CBN-PdlC-C1-20180723,1,1393200,Homogyne alpina,66.299866
CBN-PdlC-C1-20180723,2,1396253,Sibbaldia procumbens,63.045238
CBN-PdlC-C1-20180723,3,1393708,Lysimachia nummularia,61.303596
CBN-PdlC-C1-20180815,1,1393200,Homogyne alpina,65.696434
CBN-PdlC-C1-20180815,2,1395807,Salix herbacea,59.760361
CBN-PdlC-C1-20180815,3,1394311,Oreochloa disticha,59.602772
CBN-PdlC-C1-20180905,1,1393200,Homogyne alpina,67.045364
CBN-PdlC-C1-20180905,2,1396253,Sibbaldia procumbens,64.239891
CBN-PdlC-C1-20180905,3,1392534,Gentiana acaulis,61.414459
CBN-PdlC-C1-20190701,1,1392534,Gentiana acaulis,60.482723
CBN-PdlC-C1-20190701,2,1390532,Salvinia molesta,59.885574
CBN-PdlC-C1-20190701,3,1393200,Homogyne alpina,59.358871
CBN-PdlC-C1-20190722,1,1393200,Homogyne alpina,67.222099
CBN-PdlC-C1-20190722,2,1396253,Sibbaldia procumbens,63.513165
CBN-PdlC-C1-20190722,3,1395807,Salix herbacea,62.067146
CBN-PdlC-C1-20190812,1,1392534,Gentiana acaulis,65.380318
CBN-PdlC-C1-20190812,2,1396253,Sibbaldia procumbens,64.080498
CBN-PdlC-C1-20190812,3,1393200,Homogyne alpina,63.606899
CBN-PdlC-C1-20190909,1,1393200,Homogyne alpina,64.297379
CBN-PdlC-C1-20190909,2,1395807,Salix herbacea,61.661640
CBN-PdlC-C1-20190909,3,1394311,Oreochloa disticha,61.472557
CBN-PdlC-C1-20200722,1,1393200,Homogyne alpina,65.933395
CBN-PdlC-C1-20200722,2,1392535,Gentiana alpina,62.582161
CBN-PdlC-C1-20200722,3,1395807,Salix herbacea,61.362167
CBN-PdlC-C1-20200812,1,1393200,Homogyne alpina,67.859680
CBN-PdlC-C1-20200812,2,1392534,Gentiana acaulis,66.405327
CBN-PdlC-C1-20200812,3,1362482,Phleum alpinum,64.138702
CBN-PdlC-C2-20130903,1,1412857,Omalotheca supina,67.057220
CBN-PdlC-C2-20130903,2,1742053,Omalotheca hoppeana,65.116646
CBN-PdlC-C2-20130903,3,1395807,Salix herbacea,62.752945
CBN-PdlC-C2-20140721,1,1396144,Sedum alpestre,65.140244
CBN-PdlC-C2-20140721,2,1412857,Omalotheca supina,63.770302
CBN-PdlC-C2-20140721,3,1392541,Gentiana brachyphylla,62.761646
CBN-PdlC-C2-20140811,1,1392535,Gentiana alpina,66.587166
CBN-PdlC-C2-20140811,2,1396144,Sedum alpestre,66.391968
CBN-PdlC-C2-20140811,3,1412857,Omalotheca supina,66.261353
CBN-PdlC-C2-20140901,1,1412857,Omalotheca supina,66.392715
CBN-PdlC-C2-20140901,2,1392535,Gentiana alpina,65.669510
CBN-PdlC-C2-20140901,3,1742053,Omalotheca hoppeana,65.249710
CBN-PdlC-C2-20150701,1,1393200,Homogyne alpina,67.918045
CBN-PdlC-C2-20150701,2,1412857,Omalotheca supina,64.526726
CBN-PdlC-C2-20150701,3,1396144,Sedum alpestre,64.050514
CBN-PdlC-C2-20150720,1,1412857,Omalotheca supina,66.300163
CBN-PdlC-C2-20150720,2,1742053,Omalotheca hoppeana,64.137833
CBN-PdlC-C2-20150720,3,1395807,Salix herbacea,62.728802
CBN-PdlC-C2-20150810,1,1742053,Omalotheca hoppeana,66.211433
CBN-PdlC-C2-20150810,2,1412857,Omalotheca supina,64.499619
CBN-PdlC-C2-20150810,3,1397381,Euphrasia minima,63.481224
CBN-PdlC-C2-20150831,1,1742053,Omalotheca hoppeana,65.003426
CBN-PdlC-C2-20150831,2,1412857,Omalotheca supina,64.890518
CBN-PdlC-C2-20150831,3,1394643,Antennaria dioica,63.886799
CBN-PdlC-C2-20160705,1,1412857,Omalotheca supina,65.077225
CBN-PdlC-C2-20160705,2,1396144,Sedum alpestre,64.994217
CBN-PdlC-C2-20160705,3,1742053,Omalotheca hoppeana,62.864765
CBN-PdlC-C2-20160726,1,1393200,Homogyne alpina,67.187805
CBN-PdlC-C2-20160726,2,1392535,Gentiana alpina,66.163269
CBN-PdlC-C2-20160726,3,1412857,Omalotheca supina,65.427467
CBN-PdlC-C2-20170816,1,1412857,Omalotheca supina,66.768532
CBN-PdlC-C2-20170816,2,1393200,Homogyne alpina,65.693565
CBN-PdlC-C2-20170816,3,1392565,Gentiana terglouensis,63.944717
CBN-PdlC-C2-20170906,1,1392534,Gentiana acaulis,65.503586
CBN-PdlC-C2-20170906,2,1412857,Omalotheca supina,64.565399
CBN-PdlC-C2-20170906,3,1396253,Sibbaldia procumbens,62.934288
CBN-PdlC-C2-20180723,1,1393200,Homogyne alpina,66.027306
CBN-PdlC-C2-20180723,2,1412857,Omalotheca supina,63.639378
CBN-PdlC-C2-20180723,3,1363618,Crassula multicava,63.252197
CBN-PdlC-C2-20180815,1,1412857,Omalotheca supina,64.468269
CBN-PdlC-C2-20180815,2,1393200,Homogyne alpina,62.583626
CBN-PdlC-C2-20180815,3,1392541,Gentiana brachyphylla,61.150627
CBN-PdlC-C2-20180905,1,1393200,Homogyne alpina,66.791519
CBN-PdlC-C2-20180905,2,1412857,Omalotheca supina,64.387344
CBN-PdlC-C2-20180905,3,1396253,Sibbaldia procumbens,63.458374
CBN-PdlC-C2-20190701,1,1390532,Salvinia molesta,57.854176
CBN-PdlC-C2-20190701,2,1361703,Posidonia oceanica,55.482662
CBN-PdlC-C2-20190701,3,1361723,Zostera marina,55.440372
CBN-PdlC-C2-20190722,1,1393200,Homogyne alpina,65.736275
CBN-PdlC-C2-20190722,2,1392535,Gentiana alpina,64.259720
CBN-PdlC-C2-20190722,3,1396253,Sibbaldia procumbens,63.648006
CBN-PdlC-C2-20190812,1,1396253,Sibbaldia procumbens,64.201843
CBN-PdlC-C2-20190812,2,1412857,Omalotheca supina,63.407536
CBN-PdlC-C2-20190812,3,1392534,Gentiana acaulis,62.695213
CBN-PdlC-C2-20190909,1,1412857,Omalotheca supina,66.050415
CBN-PdlC-C2-20190909,2,1393200,Homogyne alpina,64.760910
CBN-PdlC-C2-20190909,3,1392541,Gentiana brachyphylla,64.205490
CBN-PdlC-C2-20200722,1,1392534,Gentiana acaulis,63.583977
CBN-PdlC-C2-20200722,2,1742053,Omalotheca hoppeana,62.652489
CBN-PdlC-C2-20200722,3,1395807,Salix herbacea,62.644863
CBN-PdlC-C2-20200812,1,1392535,Gentiana alpina,64.649132
CBN-PdlC-C2-20200812,2,1412857,Omalotheca supina,64.051460
CBN-PdlC-C2-20200812,3,1395807,Salix herbacea,63.720161
CBN-PdlC-C3-20130807,1,1396253,Sibbaldia procumbens,63.872169
CBN-PdlC-C3-20130807,2,1393200,Homogyne alpina,61.232971
CBN-PdlC-C3-20130807,3,1361347,Nardus stricta,61.201675
CBN-PdlC-C3-20130903,1,1412857,Omalotheca supina,63.675293
CBN-PdlC-C3-20130903,2,1742053,Omalotheca hoppeana,63.124161
CBN-PdlC-C3-20130903,3,1395870,Salix retusa,62.917934
CBN-PdlC-C3-20140721,1,1396253,Sibbaldia procumbens,63.330185
CBN-PdlC-C3-20140721,2,1392534,Gentiana acaulis,61.709530
CBN-PdlC-C3-20140721,3,1394597,Pinguicula corsica,60.659344
CBN-PdlC-C3-20140811,1,1412857,Omalotheca supina,64.378807
CBN-PdlC-C3-20140811,2,1392541,Gentiana brachyphylla,63.606590
CBN-PdlC-C3-20140811,3,1397386,Festuca scabriculmis,63.575821
CBN-PdlC-C3-20140901,1,1361367,Poa alpina,63.544403
CBN-PdlC-C3-20140901,2,1412857,Omalotheca supina,63.072704
CBN-PdlC-C3-20140901,3,1396253,Sibbaldia procumbens,62.673717
CBN-PdlC-C3-20150701,1,1392541,Gentiana brachyphylla,63.112938
CBN-PdlC-C3-20150701,2,1392534,Gentiana acaulis,60.505726
CBN-PdlC-C3-20150701,3,1393200,Homogyne alpina,60.271744
CBN-PdlC-C3-20150720,1,1397430,Luzula sylvatica,63.993866
CBN-PdlC-C3-20150720,2,1393200,Homogyne alpina,63.471035
CBN-PdlC-C3-20150720,3,1396253,Sibbaldia procumbens,63.347408
CBN-PdlC-C3-20150831,1,1396253,Sibbaldia procumbens,63.896137
CBN-PdlC-C3-20150831,2,1742053,Omalotheca hoppeana,62.585823
CBN-PdlC-C3-20150831,3,1394911,Primula integrifolia,62.498730
CBN-PdlC-C3-20160705,1,1396253,Sibbaldia procumbens,63.983833
CBN-PdlC-C3-20160705,2,1361347,Nardus stricta,61.480904
CBN-PdlC-C3-20160705,3,1392541,Gentiana brachyphylla,61.357323
CBN-PdlC-C3-20160726,1,1393660,Luzula alpinopilosa,66.735832
CBN-PdlC-C3-20160726,2,1396253,Sibbaldia procumbens,65.017166
CBN-PdlC-C3-20160726,3,1393659,Luzula alpina,63.999100
CBN-PdlC-C3-20170816,1,1392534,Gentiana acaulis,64.925735
CBN-PdlC-C3-20170816,2,1396253,Sibbaldia procumbens,63.899567
CBN-PdlC-C3-20170816,3,1392541,Gentiana brachyphylla,62.877056
CBN-PdlC-C3-20170906,1,1396253,Sibbaldia procumbens,64.525841
CBN-PdlC-C3-20170906,2,1395807,Salix herbacea,61.800861
CBN-PdlC-C3-20170906,3,1742053,Omalotheca hoppeana,61.618492
CBN-PdlC-C3-20180723,1,1396253,Sibbaldia procumbens,64.327545
CBN-PdlC-C3-20180723,2,1395807,Salix herbacea,60.946781
CBN-PdlC-C3-20180723,3,1393708,Lysimachia nummularia,60.387299
CBN-PdlC-C3-20180815,1,1396253,Sibbaldia procumbens,63.017685
CBN-PdlC-C3-20180815,2,1394911,Primula integrifolia,60.990395
CBN-PdlC-C3-20180815,3,1741880,Salix serpillifolia,60.432354
CBN-PdlC-C3-20180905,1,1396253,Sibbaldia procumbens,64.754684
CBN-PdlC-C3-20180905,2,1412857,Omalotheca supina,61.935600
CBN-PdlC-C3-20180905,3,1395807,Salix herbacea,61.343719
CBN-PdlC-C3-20190701,1,1356228,Cymodocea nodosa,59.816044
CBN-PdlC-C3-20190701,2,1609716,Epilobium komarovianum,59.624828
CBN-PdlC-C3-20190701,3,1390532,Salvinia molesta,59.240158
CBN-PdlC-C3-20190722,1,1361598,Luzula pilosa,64.317802
CBN-PdlC-C3-20190722,2,1396253,Sibbaldia procumbens,63.962784
CBN-PdlC-C3-20190722,3,1393660,Luzula alpinopilosa,62.164097
CBN-PdlC-C3-20190812,1,1395807,Salix herbacea,59.905945
CBN-PdlC-C3-20190812,2,1393568,Limonium obtusifolium,57.983116
CBN-PdlC-C3-20190812,3,1394866,Potentilla nivea,57.469013
CBN-PdlC-C3-20190909,1,1392534,Gentiana acaulis,64.571808
CBN-PdlC-C3-20190909,2,1392535,Gentiana alpina,64.022659
CBN-PdlC-C3-20190909,3,1396253,Sibbaldia procumbens,63.450436
CBN-PdlC-C3-20200722,1,1393679,Luzula lutea,63.708839
CBN-PdlC-C3-20200722,2,1393659,Luzula alpina,63.559231
CBN-PdlC-C3-20200722,3,1396253,Sibbaldia procumbens,63.529980
CBN-PdlC-C3-20200812,1,1396253,Sibbaldia procumbens,63.252228
CBN-PdlC-C3-20200812,2,1394911,Primula integrifolia,61.566547
CBN-PdlC-C3-20200812,3,1395807,Salix herbacea,61.352310
CBN-PdlC-C4-20130807,1,1395807,Salix herbacea,60.604053
CBN-PdlC-C4-20130807,2,1364066,Veronica serpyllifolia,60.336216
CBN-PdlC-C4-20130807,3,1393231,Hylotelephium maximum,59.654221
CBN-PdlC-C4-20130903,1,1393200,Homogyne alpina,63.018070
CBN-PdlC-C4-20130903,2,1395807,Salix herbacea,62.666950
CBN-PdlC-C4-20130903,3,1396253,Sibbaldia procumbens,62.307945
CBN-PdlC-C4-20140721,1,1418688,Arctous alpina,60.273193
CBN-PdlC-C4-20140721,2,1363543,Stenotaphrum secundatum,60.123810
CBN-PdlC-C4-20140721,3,1395870,Salix retusa,59.254219
CBN-PdlC-C4-20140811,1,1395807,Salix herbacea,63.144119
CBN-PdlC-C4-20140811,2,1742053,Omalotheca hoppeana,62.820141
CBN-PdlC-C4-20140811,3,1390899,Carex pyrenaica,62.156761
CBN-PdlC-C4-20140901,1,1361367,Poa alpina,65.016502
CBN-PdlC-C4-20140901,2,1392608,Geum montanum,64.841042
CBN-PdlC-C4-20140901,3,1396253,Sibbaldia procumbens,62.988510
CBN-PdlC-C4-20150701,1,1390793,Carex curvula,61.409702
CBN-PdlC-C4-20150701,2,1361367,Poa alpina,60.121872
CBN-PdlC-C4-20150701,3,1655422,Stipa iberica,59.588383
CBN-PdlC-C4-20150720,1,1361367,Poa alpina,63.227783
CBN-PdlC-C4-20150720,2,1396253,Sibbaldia procumbens,63.088646
CBN-PdlC-C4-20150720,3,1392608,Geum montanum,62.635979
CBN-PdlC-C4-20150831,1,1395807,Salix herbacea,62.412727
CBN-PdlC-C4-20150831,2,1396253,Sibbaldia procumbens,61.676170
CBN-PdlC-C4-20150831,3,1394311,Oreochloa disticha,61.428211
CBN-PdlC-C4-20160705,1,1390793,Carex curvula,62.600388
CBN-PdlC-C4-20160705,2,1392608,Geum montanum,62.140888
CBN-PdlC-C4-20160705,3,1392611,Geum pyrenaicum,60.589462
CBN-PdlC-C4-20160726,1,1397043,Veronica alpina,62.220276
CBN-PdlC-C4-20160726,2,1395807,Salix herbacea,61.389572
CBN-PdlC-C4-20160726,3,1364066,Veronica serpyllifolia,60.213322
CBN-PdlC-C4-20170816,1,1395807,Salix herbacea,63.443642
CBN-PdlC-C4-20170816,2,1390693,Cardamine crassifolia,61.444748
CBN-PdlC-C4-20170816,3,1741880,Salix serpillifolia,58.880630
CBN-PdlC-C4-20170906,1,1393200,Homogyne alpina,65.557236
CBN-PdlC-C4-20170906,2,1396253,Sibbaldia procumbens,64.300217
CBN-PdlC-C4-20170906,3,1395807,Salix herbacea,60.310654
CBN-PdlC-C4-20180723,1,1396253,Sibbaldia procumbens,62.567947
CBN-PdlC-C4-20180723,2,1393200,Homogyne alpina,62.259472
CBN-PdlC-C4-20180723,3,1737461,Phedimus spurius,61.803242
CBN-PdlC-C4-20180815,1,1396253,Sibbaldia procumbens,60.150017
CBN-PdlC-C4-20180815,2,1532190,Carex rorulenta,58.868111
CBN-PdlC-C4-20180815,3,1392766,Heteranthera limosa,58.819714
CBN-PdlC-C4-20180905,1,1395807,Salix herbacea,61.779099
CBN-PdlC-C4-20180905,2,1396253,Sibbaldia procumbens,60.429306
CBN-PdlC-C4-20180905,3,1392657,Allium lusitanicum,59.296158
CBN-PdlC-C4-20190701,1,1743359,Narthecium reverchonii,60.917740
CBN-PdlC-C4-20190701,2,1363595,Phleum pratense,59.431984
CBN-PdlC-C4-20190701,3,1392406,Gagea reverchonii,58.121025
CBN-PdlC-C4-20190722,1,1396253,Sibbaldia procumbens,62.965378
CBN-PdlC-C4-20190722,2,1395807,Salix herbacea,62.044052
CBN-PdlC-C4-20190722,3,1364066,Veronica serpyllifolia,61.443283
CBN-PdlC-C4-20190812,1,1393200,Homogyne alpina,63.253399
CBN-PdlC-C4-20190812,2,1397043,Veronica alpina,63.059586
CBN-PdlC-C4-20190812,3,1395807,Salix herbacea,62.752274
CBN-PdlC-C4-20190909,1,1395807,Salix herbacea,61.464531
CBN-PdlC-C4-20190909,2,1395862,Salix pyrenaica,60.909897
CBN-PdlC-C4-20190909,3,1396253,Sibbaldia procumbens,60.775681
CBN-PdlC-C4-20200722,1,1393660,Luzula alpinopilosa,64.374283
CBN-PdlC-C4-20200722,2,1396253,Sibbaldia procumbens,62.483360
CBN-PdlC-C4-20200722,3,1395807,Salix herbacea,61.768700
CBN-PdlC-C4-20200812,1,1396253,Sibbaldia procumbens,63.894226
CBN-PdlC-C4-20200812,2,1395807,Salix herbacea,62.034580
CBN-PdlC-C4-20200812,3,1395870,Salix retusa,60.806213
CBN-PdlC-C5-20130807,1,1394311,Oreochloa disticha,63.080421
CBN-PdlC-C5-20130807,2,1396253,Sibbaldia procumbens,62.259525
CBN-PdlC-C5-20130807,3,1395807,Salix herbacea,61.295609
CBN-PdlC-C5-20130903,1,1394311,Oreochloa disticha,63.995819
CBN-PdlC-C5-20130903,2,1395807,Salix herbacea,61.170864
CBN-PdlC-C5-20130903,3,1396253,Sibbaldia procumbens,60.823311
CBN-PdlC-C5-20140721,1,1396253,Sibbaldia procumbens,64.325859
CBN-PdlC-C5-20140721,2,1364066,Veronica serpyllifolia,61.487701
CBN-PdlC-C5-20140721,3,1396144,Sedum alpestre,61.237343
CBN-PdlC-C5-20140811,1,1397043,Veronica alpina,65.457367
CBN-PdlC-C5-20140811,2,1394311,Oreochloa disticha,64.591385
CBN-PdlC-C5-20140811,3,1743474,Oreochloa elegans,64.461601
CBN-PdlC-C5-20140901,1,1396253,Sibbaldia procumbens,63.982971
CBN-PdlC-C5-20140901,2,1397043,Veronica alpina,63.489761
CBN-PdlC-C5-20140901,3,1361367,Poa alpina,61.761833
CBN-PdlC-C5-20150701,1,1396253,Sibbaldia procumbens,61.493908
CBN-PdlC-C5-20150701,2,1395870,Salix retusa,60.839043
CBN-PdlC-C5-20150701,3,1532190,Carex rorulenta,60.515858
CBN-PdlC-C5-20150720,1,1396253,Sibbaldia procumbens,65.160934
CBN-PdlC-C5-20150720,2,1392608,Geum montanum,64.736320
CBN-PdlC-C5-20150720,3,1395807,Salix herbacea,62.108601
CBN-PdlC-C5-20150810,1,1392608,Geum montanum,64.370438
CBN-PdlC-C5-20150810,2,1396253,Sibbaldia procumbens,63.079418
CBN-PdlC-C5-20150810,3,1390793,Carex curvula,62.841393
CBN-PdlC-C5-20150831,1,1396253,Sibbaldia procumbens,63.612698
CBN-PdlC-C5-20150831,2,1395807,Salix herbacea,62.788826
CBN-PdlC-C5-20150831,3,1392608,Geum montanum,62.680580
CBN-PdlC-C5-20160705,1,1394311,Oreochloa disticha,66.226990
CBN-PdlC-C5-20160705,2,1396253,Sibbaldia procumbens,64.424698
CBN-PdlC-C5-20160705,3,1743474,Oreochloa elegans,61.659451
CBN-PdlC-C5-20160726,1,1397043,Veronica alpina,63.928249
CBN-PdlC-C5-20160726,2,1392608,Geum montanum,63.877335
CBN-PdlC-C5-20160726,3,1396253,Sibbaldia procumbens,62.379574
CBN-PdlC-C5-20170816,1,1396253,Sibbaldia procumbens,64.326469
CBN-PdlC-C5-20170816,2,1392608,Geum montanum,62.782818
CBN-PdlC-C5-20170816,3,1395807,Salix herbacea,61.725590
CBN-PdlC-C5-20170906,1,1392608,Geum montanum,64.724495
CBN-PdlC-C5-20170906,2,1396253,Sibbaldia procumbens,63.776272
CBN-PdlC-C5-20170906,3,1395807,Salix herbacea,60.832878
CBN-PdlC-C5-20180723,1,1396253,Sibbaldia procumbens,63.439552
CBN-PdlC-C5-20180723,2,1392608,Geum montanum,63.376854
CBN-PdlC-C5-20180723,3,1394311,Oreochloa disticha,62.136955
CBN-PdlC-C5-20180815,1,1394311,Oreochloa disticha,63.509239
CBN-PdlC-C5-20180815,2,1396253,Sibbaldia procumbens,62.861076
CBN-PdlC-C5-20180815,3,1743474,Oreochloa elegans,59.009125
CBN-PdlC-C5-20180905,1,1396253,Sibbaldia procumbens,64.908501
CBN-PdlC-C5-20180905,2,1395807,Salix herbacea,61.573528
CBN-PdlC-C5-20180905,3,1397043,Veronica alpina,60.936966
CBN-PdlC-C5-20190701,1,1392541,Gentiana brachyphylla,59.964378
CBN-PdlC-C5-20190701,2,1363133,Triglochin striata,59.432617
CBN-PdlC-C5-20190701,3,1529410,Sempervivum vicentei,58.943520
CBN-PdlC-C5-20190722,1,1396253,Sibbaldia procumbens,65.013443
CBN-PdlC-C5-20190722,2,1392608,Geum montanum,64.149521
CBN-PdlC-C5-20190722,3,1397043,Veronica alpina,63.619316
CBN-PdlC-C5-20190812,1,1392608,Geum montanum,65.378052
CBN-PdlC-C5-20190812,2,1396253,Sibbaldia procumbens,64.557693
CBN-PdlC-C5-20190812,3,1397043,Veronica alpina,63.070103
CBN-PdlC-C5-20190909,1,1396253,Sibbaldia procumbens,63.625195
CBN-PdlC-C5-20190909,2,1395807,Salix herbacea,62.510334
CBN-PdlC-C5-20190909,3,1390899,Carex pyrenaica,61.483921
CBN-PdlC-C5-20200722,1,1394311,Oreochloa disticha,65.834129
CBN-PdlC-C5-20200722,2,1396253,Sibbaldia procumbens,64.193596
CBN-PdlC-C5-20200722,3,1741587,Psilathera ovata,62.997269
CBN-PdlC-C5-20200812,1,1396253,Sibbaldia procumbens,63.721622
CBN-PdlC-C5-20200812,2,1392608,Geum montanum,61.293198
CBN-PdlC-C5-20200812,3,1395807,Salix herbacea,61.245186
CBN-PdlC-C6-20130807,1,1396253,Sibbaldia procumbens,63.565220
CBN-PdlC-C6-20130807,2,1392608,Geum montanum,61.863316
CBN-PdlC-C6-20130807,3,1395807,Salix herbacea,61.523209
CBN-PdlC-C6-20130903,1,1394311,Oreochloa disticha,65.219780
CBN-PdlC-C6-20130903,2,1397043,Veronica alpina,64.522301
CBN-PdlC-C6-20130903,3,1396253,Sibbaldia procumbens,62.762379
CBN-PdlC-C6-20140721,1,1396253,Sibbaldia procumbens,64.651604
CBN-PdlC-C6-20140721,2,1393200,Homogyne alpina,64.639015
CBN-PdlC-C6-20140721,3,1392608,Geum montanum,64.448799
CBN-PdlC-C6-20140811,1,1360748,Hydrocotyle vulgaris,65.206070
CBN-PdlC-C6-20140811,2,1395807,Salix herbacea,63.252190
CBN-PdlC-C6-20140811,3,1396253,Sibbaldia procumbens,63.241970
CBN-PdlC-C6-20140901,1,1396253,Sibbaldia procumbens,65.002876
CBN-PdlC-C6-20140901,2,1394311,Oreochloa disticha,63.523308
CBN-PdlC-C6-20140901,3,1393200,Homogyne alpina,62.756592
CBN-PdlC-C6-20150701,1,1393200,Homogyne alpina,65.137840
CBN-PdlC-C6-20150701,2,1396253,Sibbaldia procumbens,64.192169
CBN-PdlC-C6-20150701,3,1392241,Alchemilla pentaphyllea,59.209648
CBN-PdlC-C6-20150720,1,1393200,Homogyne alpina,66.164444
CBN-PdlC-C6-20150720,2,1396253,Sibbaldia procumbens,64.440559
CBN-PdlC-C6-20150720,3,1395807,Salix herbacea,62.053814
CBN-PdlC-C6-20150810,1,1743456,Carex macrostylos,65.108948
CBN-PdlC-C6-20150810,2,1393200,Homogyne alpina,64.827766
CBN-PdlC-C6-20150810,3,1396253,Sibbaldia procumbens,64.175217
CBN-PdlC-C6-20150831,1,1393200,Homogyne alpina,66.747017
CBN-PdlC-C6-20150831,2,1396253,Sibbaldia procumbens,63.278336
CBN-PdlC-C6-20150831,3,1395807,Salix herbacea,62.890141
CBN-PdlC-C6-20160705,1,1393200,Homogyne alpina,66.390396
CBN-PdlC-C6-20160705,2,1392608,Geum montanum,65.245415
CBN-PdlC-C6-20160705,3,1396253,Sibbaldia procumbens,64.634743
CBN-PdlC-C6-20160726,1,1393200,Homogyne alpina,65.121765
CBN-PdlC-C6-20160726,2,1396253,Sibbaldia procumbens,64.049782
CBN-PdlC-C6-20160726,3,1392608,Geum montanum,63.943848
CBN-PdlC-C6-20170816,1,1393200,Homogyne alpina,66.849800
CBN-PdlC-C6-20170816,2,1396253,Sibbaldia procumbens,65.092506
CBN-PdlC-C6-20170816,3,1362482,Phleum alpinum,63.946804
CBN-PdlC-C6-20170906,1,1393200,Homogyne alpina,62.850960
CBN-PdlC-C6-20170906,2,1396253,Sibbaldia procumbens,62.464684
CBN-PdlC-C6-20170906,3,1395807,Salix herbacea,60.455654
CBN-PdlC-C6-20180723,1,1393200,Homogyne alpina,66.370903
CBN-PdlC-C6-20180723,2,1396253,Sibbaldia procumbens,62.799976
CBN-PdlC-C6-20180723,3,1737461,Phedimus spurius,61.368202
CBN-PdlC-C6-20180815,1,1396253,Sibbaldia procumbens,64.204117
CBN-PdlC-C6-20180815,2,1393200,Homogyne alpina,62.839348
CBN-PdlC-C6-20180815,3,1362482,Phleum alpinum,62.194817
CBN-PdlC-C6-20180905,1,1393200,Homogyne alpina,64.345566
CBN-PdlC-C6-20180905,2,1396253,Sibbaldia procumbens,64.093666
CBN-PdlC-C6-20180905,3,1393494,Leucanthemopsis alpina,61.359642
CBN-PdlC-C6-20190701,1,1393200,Homogyne alpina,64.612762
CBN-PdlC-C6-20190701,2,1392522,Genista pulchella,56.742043
CBN-PdlC-C6-20190701,3,1392612,Geum reptans,56.222095
CBN-PdlC-C6-20190722,1,1392608,Geum montanum,66.329430
CBN-PdlC-C6-20190722,2,1393200,Homogyne alpina,65.842094
CBN-PdlC-C6-20190722,3,1396253,Sibbaldia procumbens,64.596100
CBN-PdlC-C6-20190812,1,1392608,Geum montanum,65.289597
CBN-PdlC-C6-20190812,2,1362482,Phleum alpinum,64.889145
CBN-PdlC-C6-20190812,3,1393200,Homogyne alpina,64.735428
CBN-PdlC-C6-20190909,1,1393200,Homogyne alpina,66.519150
CBN-PdlC-C6-20190909,2,1396253,Sibbaldia procumbens,64.974472
CBN-PdlC-C6-20190909,3,1362482,Phleum alpinum,63.977982
CBN-PdlC-C6-20200722,1,1396253,Sibbaldia procumbens,65.024529
CBN-PdlC-C6-20200722,2,1393200,Homogyne alpina,64.663757
CBN-PdlC-C6-20200722,3,1392608,Geum montanum,62.934071
CBN-PdlC-C6-20200812,1,1396253,Sibbaldia procumbens,64.562927
CBN-PdlC-C6-20200812,2,1392608,Geum montanum,63.443451
CBN-PdlC-C6-20200812,3,1395807,Salix herbacea,62.730938
CBN-PdlC-D1-20130807,1,1396253,Sibbaldia procumbens,64.679443
CBN-PdlC-D1-20130807,2,1395807,Salix herbacea,62.831001
CBN-PdlC-D1-20130807,3,1393708,Lysimachia nummularia,62.079353
CBN-PdlC-D1-20130903,1,1396253,Sibbaldia procumbens,64.143364
CBN-PdlC-D1-20130903,2,1390899,Carex pyrenaica,63.508499
CBN-PdlC-D1-20130903,3,1395807,Salix herbacea,63.170631
CBN-PdlC-D1-20140721,1,1396253,Sibbaldia procumbens,64.496956
CBN-PdlC-D1-20140721,2,1392534,Gentiana acaulis,62.859810
CBN-PdlC-D1-20140721,3,1392608,Geum montanum,62.286285
CBN-PdlC-D1-20140811,1,1396253,Sibbaldia procumbens,63.941593
CBN-PdlC-D1-20140811,2,1395807,Salix herbacea,63.714687
CBN-PdlC-D1-20140811,3,1392608,Geum montanum,62.867680
CBN-PdlC-D1-20140901,1,1396253,Sibbaldia procumbens,65.124596
CBN-PdlC-D1-20140901,2,1395870,Salix retusa,62.820839
CBN-PdlC-D1-20140901,3,1742053,Omalotheca hoppeana,62.457153
CBN-PdlC-D1-20150701,1,1396253,Sibbaldia procumbens,64.366455
CBN-PdlC-D1-20150701,2,1392241,Alchemilla pentaphyllea,60.093941
CBN-PdlC-D1-20150701,3,1394643,Antennaria dioica,59.846550
CBN-PdlC-D1-20150720,1,1392534,Gentiana acaulis,65.828377
CBN-PdlC-D1-20150720,2,1396253,Sibbaldia procumbens,65.529793
CBN-PdlC-D1-20150720,3,1392535,Gentiana alpina,63.662842
CBN-PdlC-D1-20150810,1,1392534,Gentiana acaulis,65.909370
CBN-PdlC-D1-20150810,2,1396253,Sibbaldia procumbens,65.389015
CBN-PdlC-D1-20150810,3,1392260,Festuca alpina,63.918865
CBN-PdlC-D1-20150831,1,1392534,Gentiana acaulis,65.438751
CBN-PdlC-D1-20150831,2,1396253,Sibbaldia procumbens,64.738388
CBN-PdlC-D1-20150831,3,1392608,Geum montanum,63.602036
CBN-PdlC-D1-20160705,1,1396253,Sibbaldia procumbens,64.829475
CBN-PdlC-D1-20160705,2,1741880,Salix serpillifolia,60.572792
CBN-PdlC-D1-20160705,3,1363543,Stenotaphrum secundatum,59.503201
CBN-PdlC-D1-20160726,1,1396253,Sibbaldia procumbens,64.423012
CBN-PdlC-D1-20160726,2,1392535,Gentiana alpina,62.836884
CBN-PdlC-D1-20160726,3,1392534,Gentiana acaulis,61.992485
CBN-PdlC-D1-20170816,1,1396253,Sibbaldia procumbens,64.292221
CBN-PdlC-D1-20170816,2,1412857,Omalotheca supina,62.952461
CBN-PdlC-D1-20170816,3,1395807,Salix herbacea,62.687004
CBN-PdlC-D1-20170906,1,1396253,Sibbaldia procumbens,63.932854
CBN-PdlC-D1-20170906,2,1361367,Poa alpina,61.785660
CBN-PdlC-D1-20170906,3,1361233,Danthonia decumbens,60.155632
CBN-PdlC-D1-20180723,1,1396253,Sibbaldia procumbens,64.258499
CBN-PdlC-D1-20180723,2,1393200,Homogyne alpina,64.200424
CBN-PdlC-D1-20180723,3,1395807,Salix herbacea,60.543823
CBN-PdlC-D1-20180815,1,1396253,Sibbaldia procumbens,62.927505
CBN-PdlC-D1-20180815,2,1395807,Salix herbacea,59.980400
CBN-PdlC-D1-20180815,3,1395870,Salix retusa,58.976898
CBN-PdlC-D1-20180905,1,1742053,Omalotheca hoppeana,64.599846
CBN-PdlC-D1-20180905,2,1396253,Sibbaldia procumbens,64.511108
CBN-PdlC-D1-20180905,3,1412857,Omalotheca supina,63.929535
CBN-PdlC-D1-20190701,1,1396253,Sibbaldia procumbens,64.527634
CBN-PdlC-D1-20190701,2,1393494,Leucanthemopsis alpina,59.945175
CBN-PdlC-D1-20190701,3,1390532,Salvinia molesta,57.629028
CBN-PdlC-D1-20190722,1,1396253,Sibbaldia procumbens,65.469330
CBN-PdlC-D1-20190722,2,1393200,Homogyne alpina,63.624916
CBN-PdlC-D1-20190722,3,1395807,Salix herbacea,62.521965
CBN-PdlC-D1-20190812,1,1396253,Sibbaldia procumbens,65.781425
CBN-PdlC-D1-20190812,2,1392534,Gentiana acaulis,63.542908
CBN-PdlC-D1-20190812,3,1395807,Salix herbacea,63.360832
CBN-PdlC-D1-20190909,1,1396253,Sibbaldia procumbens,64.980392
CBN-PdlC-D1-20190909,2,1395807,Salix herbacea,62.329868
CBN-PdlC-D1-20190909,3,1412857,Omalotheca supina,61.319267
CBN-PdlC-D1-20200722,1,1392535,Gentiana alpina,67.984299
CBN-PdlC-D1-20200722,2,1392534,Gentiana acaulis,66.455582
CBN-PdlC-D1-20200722,3,1396253,Sibbaldia procumbens,65.076385
CBN-PdlC-D1-20200812,1,1392534,Gentiana acaulis,65.565323
CBN-PdlC-D1-20200812,2,1396253,Sibbaldia procumbens,65.195419
CBN-PdlC-D1-20200812,3,1392608,Geum montanum,64.405258
CBN-PdlC-D2-20130807,1,1396253,Sibbaldia procumbens,64.552971
CBN-PdlC-D2-20130807,2,1394643,Antennaria dioica,63.134277
CBN-PdlC-D2-20130807,3,1393619,Logfia minima,62.282036
CBN-PdlC-D2-20130903,1,1396253,Sibbaldia procumbens,64.599464
CBN-PdlC-D2-20130903,2,1412857,Omalotheca supina,64.370865
CBN-PdlC-D2-20130903,3,1390793,Carex curvula,62.288536
CBN-PdlC-D2-20140721,1,1394643,Antennaria dioica,64.040390
CBN-PdlC-D2-20140721,2,1396253,Sibbaldia procumbens,63.912807
CBN-PdlC-D2-20140721,3,1392534,Gentiana acaulis,63.903351
CBN-PdlC-D2-20140811,1,1396253,Sibbaldia procumbens,63.726295
CBN-PdlC-D2-20140811,2,1412857,Omalotheca supina,63.589260
CBN-PdlC-D2-20140811,3,1742053,Omalotheca hoppeana,62.023537
CBN-PdlC-D2-20140901,1,1742053,Omalotheca hoppeana,67.207512
CBN-PdlC-D2-20140901,2,1394643,Antennaria dioica,65.092125
CBN-PdlC-D2-20140901,3,1396253,Sibbaldia procumbens,64.707825
CBN-PdlC-D2-20150720,1,1396253,Sibbaldia procumbens,65.816330
CBN-PdlC-D2-20150720,2,1392534,Gentiana acaulis,64.870094
CBN-PdlC-D2-20150720,3,1392535,Gentiana alpina,64.784012
CBN-PdlC-D2-20150810,1,1742053,Omalotheca hoppeana,69.111366
CBN-PdlC-D2-20150810,2,1412857,Omalotheca supina,64.513054
CBN-PdlC-D2-20150810,3,1396253,Sibbaldia procumbens,64.099892
CBN-PdlC-D2-20150831,1,1412857,Omalotheca supina,66.061012
CBN-PdlC-D2-20150831,2,1742053,Omalotheca hoppeana,65.882469
CBN-PdlC-D2-20150831,3,1396253,Sibbaldia procumbens,64.133255
CBN-PdlC-D2-20160705,1,1396253,Sibbaldia procumbens,64.759148
CBN-PdlC-D2-20160705,2,1412857,Omalotheca supina,63.983040
CBN-PdlC-D2-20160705,3,1742053,Omalotheca hoppeana,61.927872
CBN-PdlC-D2-20160726,1,1396253,Sibbaldia procumbens,65.322029
CBN-PdlC-D2-20160726,2,1392535,Gentiana alpina,64.709831
CBN-PdlC-D2-20160726,3,1392534,Gentiana acaulis,64.709702
CBN-PdlC-D2-20170816,1,1396253,Sibbaldia procumbens,64.108421
CBN-PdlC-D2-20170816,2,1742053,Omalotheca hoppeana,63.721973
CBN-PdlC-D2-20170816,3,1412857,Omalotheca supina,63.592213
CBN-PdlC-D2-20170906,1,1396253,Sibbaldia procumbens,64.429588
CBN-PdlC-D2-20170906,2,1412857,Omalotheca supina,62.594143
CBN-PdlC-D2-20170906,3,1395807,Salix herbacea,61.563686
CBN-PdlC-D2-20180723,1,1396253,Sibbaldia procumbens,64.833084
CBN-PdlC-D2-20180723,2,1394643,Antennaria dioica,62.576878
CBN-PdlC-D2-20180723,3,1741880,Salix serpillifolia,61.897263
CBN-PdlC-D2-20180815,1,1412857,Omalotheca supina,63.405849
CBN-PdlC-D2-20180815,2,1396253,Sibbaldia procumbens,63.285774
CBN-PdlC-D2-20180815,3,1394643,Antennaria dioica,62.308014
CBN-PdlC-D2-20180905,1,1412857,Omalotheca supina,64.690880
CBN-PdlC-D2-20180905,2,1396253,Sibbaldia procumbens,64.230278
CBN-PdlC-D2-20180905,3,1742053,Omalotheca hoppeana,63.011711
CBN-PdlC-D2-20190701,1,1412857,Omalotheca supina,60.922367
CBN-PdlC-D2-20190701,2,1392300,Alchemilla transiens,60.600357
CBN-PdlC-D2-20190701,3,1397279,Alchemilla alpina,60.291962
CBN-PdlC-D2-20190722,1,1396253,Sibbaldia procumbens,64.475227
CBN-PdlC-D2-20190722,2,1412857,Omalotheca supina,63.734314
CBN-PdlC-D2-20190722,3,1742053,Omalotheca hoppeana,62.347557
CBN-PdlC-D2-20190812,1,1412857,Omalotheca supina,64.872421
CBN-PdlC-D2-20190812,2,1396253,Sibbaldia procumbens,64.131393
CBN-PdlC-D2-20190812,3,1397467,Potentilla nivalis,61.686455
CBN-PdlC-D2-20190909,1,1412857,Omalotheca supina,64.273750
CBN-PdlC-D2-20190909,2,1396253,Sibbaldia procumbens,63.991142
CBN-PdlC-D2-20190909,3,1742053,Omalotheca hoppeana,63.350750
CBN-PdlC-D2-20200722,1,1396253,Sibbaldia procumbens,64.105621
CBN-PdlC-D2-20200722,2,1394643,Antennaria dioica,62.619484
CBN-PdlC-D2-20200722,3,1395807,Salix herbacea,62.602036
CBN-PdlC-D2-20200812,1,1742053,Omalotheca hoppeana,66.909515
CBN-PdlC-D2-20200812,2,1394643,Antennaria dioica,64.681572
CBN-PdlC-D2-20200812,3,1396253,Sibbaldia procumbens,64.370338
CBN-PdlC-D3-20130807,1,1413349,Armeria maritima,63.538685
CBN-PdlC-D3-20130807,2,1744479,Armeria bigerrensis,62.079643
CBN-PdlC-D3-20130807,3,1647156,Armeria humilis,61.674061
CBN-PdlC-D3-20130903,1,1647128,Armeria alpina,65.594383
CBN-PdlC-D3-20130903,2,1744479,Armeria bigerrensis,65.506355
CBN-PdlC-D3-20130903,3,1399082,Armeria sardoa,63.364052
CBN-PdlC-D3-20140721,1,1390793,Carex curvula,64.032455
CBN-PdlC-D3-20140721,2,1413349,Armeria maritima,62.770611
CBN-PdlC-D3-20140721,3,1647187,Armeria welwitschii,62.455505
CBN-PdlC-D3-20140811,1,1742053,Omalotheca hoppeana,63.779572
CBN-PdlC-D3-20140811,2,1412857,Omalotheca supina,63.530128
CBN-PdlC-D3-20140811,3,1413349,Armeria maritima,63.403522
CBN-PdlC-D3-20140901,1,1396253,Sibbaldia procumbens,64.323471
CBN-PdlC-D3-20140901,2,1412857,Omalotheca supina,64.133888
CBN-PdlC-D3-20140901,3,1390899,Carex pyrenaica,64.008713
CBN-PdlC-D3-20150701,1,1396253,Sibbaldia procumbens,62.494858
CBN-PdlC-D3-20150701,2,1400017,Armeria linkiana,61.165146
CBN-PdlC-D3-20150701,3,1413349,Armeria maritima,60.971008
CBN-PdlC-D3-20150720,1,1392534,Gentiana acaulis,66.546066
CBN-PdlC-D3-20150720,2,1647128,Armeria alpina,64.182587
CBN-PdlC-D3-20150720,3,1390793,Carex curvula,63.917793
CBN-PdlC-D3-20150831,1,1742053,Omalotheca hoppeana,67.430229
CBN-PdlC-D3-20150831,2,1412857,Omalotheca supina,64.785202
CBN-PdlC-D3-20150831,3,1394311,Oreochloa disticha,64.695633
CBN-PdlC-D3-20160705,1,1412857,Omalotheca supina,63.247307
CBN-PdlC-D3-20160705,2,1647156,Armeria humilis,63.225510
CBN-PdlC-D3-20160705,3,1413349,Armeria maritima,62.898796
CBN-PdlC-D3-20160726,1,1392534,Gentiana acaulis,65.219177
CBN-PdlC-D3-20160726,2,1392535,Gentiana alpina,64.905006
CBN-PdlC-D3-20160726,3,1390793,Carex curvula,64.675125
CBN-PdlC-D3-20170816,1,1393200,Homogyne alpina,63.568638
CBN-PdlC-D3-20170816,2,1412857,Omalotheca supina,63.521709
CBN-PdlC-D3-20170816,3,1413349,Armeria maritima,63.311947
CBN-PdlC-D3-20170906,1,1647128,Armeria alpina,64.356514
CBN-PdlC-D3-20170906,2,1396253,Sibbaldia procumbens,63.755653
CBN-PdlC-D3-20170906,3,1744479,Armeria bigerrensis,63.690948
CBN-PdlC-D3-20180723,1,1393200,Homogyne alpina,64.513603
CBN-PdlC-D3-20180723,2,1413349,Armeria maritima,63.295303
CBN-PdlC-D3-20180723,3,1647128,Armeria alpina,63.070869
CBN-PdlC-D3-20180815,1,1396253,Sibbaldia procumbens,62.897430
CBN-PdlC-D3-20180815,2,1394643,Antennaria dioica,61.847298
CBN-PdlC-D3-20180815,3,1742053,Omalotheca hoppeana,60.848629
CBN-PdlC-D3-20180905,1,1396253,Sibbaldia procumbens,64.568230
CBN-PdlC-D3-20180905,2,1397043,Veronica alpina,63.793953
CBN-PdlC-D3-20180905,3,1412857,Omalotheca supina,63.132469
CBN-PdlC-D3-20190701,1,1359952,Plantago crassifolia,59.546410
CBN-PdlC-D3-20190701,2,1413349,Armeria maritima,59.188778
CBN-PdlC-D3-20190701,3,1394643,Antennaria dioica,59.043625
CBN-PdlC-D3-20190722,1,1744479,Armeria bigerrensis,65.111603
CBN-PdlC-D3-20190722,2,1647128,Armeria alpina,64.553513
CBN-PdlC-D3-20190722,3,1647156,Armeria humilis,63.836834
CBN-PdlC-D3-20190812,1,1742053,Omalotheca hoppeana,64.422302
CBN-PdlC-D3-20190812,2,1392534,Gentiana acaulis,64.140427
CBN-PdlC-D3-20190812,3,1413349,Armeria maritima,63.816029
CBN-PdlC-D3-20190909,1,1742053,Omalotheca hoppeana,64.358704
CBN-PdlC-D3-20190909,2,1744479,Armeria bigerrensis,64.276711
CBN-PdlC-D3-20190909,3,1412857,Omalotheca supina,64.100410
CBN-PdlC-D3-20200722,1,1392535,Gentiana alpina,65.355011
CBN-PdlC-D3-20200722,2,1392534,Gentiana acaulis,64.417870
CBN-PdlC-D3-20200722,3,1393200,Homogyne alpina,64.158463
CBN-PdlC-D3-20200812,1,1392534,Gentiana acaulis,64.703339
CBN-PdlC-D3-20200812,2,1742053,Omalotheca hoppeana,64.559128
CBN-PdlC-D3-20200812,3,1392535,Gentiana alpina,64.027237
CBN-PdlC-D4-20130807,1,1396253,Sibbaldia procumbens,64.078766
CBN-PdlC-D4-20130807,2,1392541,Gentiana brachyphylla,61.962349
CBN-PdlC-D4-20130807,3,1744479,Armeria bigerrensis,61.324203
CBN-PdlC-D4-20130903,1,1744479,Armeria bigerrensis,64.787598
CBN-PdlC-D4-20130903,2,1647128,Armeria alpina,64.074409
CBN-PdlC-D4-20130903,3,1396253,Sibbaldia procumbens,63.473930
CBN-PdlC-D4-20140721,1,1396253,Sibbaldia procumbens,64.924896
CBN-PdlC-D4-20140721,2,1392608,Geum montanum,63.097214
CBN-PdlC-D4-20140721,3,1395870,Salix retusa,62.257957
CBN-PdlC-D4-20140811,1,1392541,Gentiana brachyphylla,65.759750
CBN-PdlC-D4-20140811,2,1395807,Salix herbacea,64.579552
CBN-PdlC-D4-20140811,3,1392535,Gentiana alpina,64.425072
CBN-PdlC-D4-20140901,1,1396253,Sibbaldia procumbens,65.299294
CBN-PdlC-D4-20140901,2,1412857,Omalotheca supina,64.960709
CBN-PdlC-D4-20140901,3,1742053,Omalotheca hoppeana,64.130737
CBN-PdlC-D4-20150701,1,1396253,Sibbaldia procumbens,64.742432
CBN-PdlC-D4-20150701,2,1412857,Omalotheca supina,61.981098
CBN-PdlC-D4-20150701,3,1742053,Omalotheca hoppeana,61.884766
CBN-PdlC-D4-20150720,1,1396253,Sibbaldia procumbens,65.408897
CBN-PdlC-D4-20150720,2,1392534,Gentiana acaulis,63.534733
CBN-PdlC-D4-20150720,3,1361367,Poa alpina,63.201092
CBN-PdlC-D4-20150831,1,1742053,Omalotheca hoppeana,65.124268
CBN-PdlC-D4-20150831,2,1412857,Omalotheca supina,64.883369
CBN-PdlC-D4-20150831,3,1392608,Geum montanum,63.921036
CBN-PdlC-D4-20160705,1,1396253,Sibbaldia procumbens,65.483322
CBN-PdlC-D4-20160705,2,1412857,Omalotheca supina,63.170967
CBN-PdlC-D4-20160705,3,1394643,Antennaria dioica,61.982056
CBN-PdlC-D4-20160726,1,1396253,Sibbaldia procumbens,65.249924
CBN-PdlC-D4-20160726,2,1392534,Gentiana acaulis,64.761826
CBN-PdlC-D4-20160726,3,1392608,Geum montanum,63.018024
CBN-PdlC-D4-20170816,1,1396253,Sibbaldia procumbens,64.869728
CBN-PdlC-D4-20170816,2,1412857,Omalotheca supina,61.895748
CBN-PdlC-D4-20170816,3,1395870,Salix retusa,61.809464
CBN-PdlC-D4-20170906,1,1396253,Sibbaldia procumbens,63.491657
CBN-PdlC-D4-20170906,2,1412857,Omalotheca supina,62.072968
CBN-PdlC-D4-20170906,3,1388916,Lysimachia europaea,60.751804
CBN-PdlC-D4-20180723,1,1396253,Sibbaldia procumbens,64.597557
CBN-PdlC-D4-20180723,2,1394911,Primula integrifolia,61.517715
CBN-PdlC-D4-20180723,3,1396974,Valeriana celtica,61.059814
CBN-PdlC-D4-20180815,1,1396253,Sibbaldia procumbens,63.894119
CBN-PdlC-D4-20180815,2,1412857,Omalotheca supina,61.740307
CBN-PdlC-D4-20180815,3,1742053,Omalotheca hoppeana,60.880444
CBN-PdlC-D4-20180905,1,1396253,Sibbaldia procumbens,64.419441
CBN-PdlC-D4-20180905,2,1742053,Omalotheca hoppeana,63.877617
CBN-PdlC-D4-20180905,3,1412857,Omalotheca supina,63.654305
CBN-PdlC-D4-20190701,1,1392534,Gentiana acaulis,63.395954
CBN-PdlC-D4-20190701,2,1392541,Gentiana brachyphylla,60.479259
CBN-PdlC-D4-20190701,3,1397279,Alchemilla alpina,59.828537
CBN-PdlC-D4-20190722,1,1396253,Sibbaldia procumbens,64.766556
CBN-PdlC-D4-20190722,2,1395807,Salix herbacea,62.220928
CBN-PdlC-D4-20190722,3,1400101,Bartsia alpina,61.801613
CBN-PdlC-D4-20190812,1,1396253,Sibbaldia procumbens,65.212784
CBN-PdlC-D4-20190812,2,1412857,Omalotheca supina,65.091103
CBN-PdlC-D4-20190812,3,1742053,Omalotheca hoppeana,63.768051
CBN-PdlC-D4-20190909,1,1396253,Sibbaldia procumbens,64.038216
CBN-PdlC-D4-20190909,2,1412857,Omalotheca supina,63.766735
CBN-PdlC-D4-20190909,3,1395807,Salix herbacea,63.488049
CBN-PdlC-D4-20200722,1,1392535,Gentiana alpina,65.215805
CBN-PdlC-D4-20200722,2,1396253,Sibbaldia procumbens,64.352837
CBN-PdlC-D4-20200722,3,1392534,Gentiana acaulis,62.876358
CBN-PdlC-D4-20200812,1,1742053,Omalotheca hoppeana,67.136124
CBN-PdlC-D4-20200812,2,1396253,Sibbaldia procumbens,63.692329
CBN-PdlC-D4-20200812,3,1392534,Gentiana acaulis,63.373119
CBN-PdlC-D5-20130807,1,1396253,Sibbaldia procumbens,63.557510
CBN-PdlC-D5-20130807,2,1395807,Salix herbacea,60.428539
CBN-PdlC-D5-20130807,3,1397524,Viola rupestris,57.813046
CBN-PdlC-D5-20130903,1,1395807,Salix herbacea,62.139633
CBN-PdlC-D5-20130903,2,1394911,Primula integrifolia,60.944633
CBN-PdlC-D5-20130903,3,1395870,Salix retusa,60.819653
CBN-PdlC-D5-20140721,1,1392608,Geum montanum,65.394745
CBN-PdlC-D5-20140721,2,1396253,Sibbaldia procumbens,62.771072
CBN-PdlC-D5-20140721,3,1392611,Geum pyrenaicum,61.113461
CBN-PdlC-D5-20140811,1,1395807,Salix herbacea,64.188034
CBN-PdlC-D5-20140811,2,1396253,Sibbaldia procumbens,62.471832
CBN-PdlC-D5-20140811,3,1392608,Geum montanum,62.463448
CBN-PdlC-D5-20140901,1,1361367,Poa alpina,62.705818
CBN-PdlC-D5-20140901,2,1392608,Geum montanum,60.794281
CBN-PdlC-D5-20140901,3,1361382,Poa supina,59.820114
CBN-PdlC-D5-20150701,1,1396253,Sibbaldia procumbens,62.818291
CBN-PdlC-D5-20150701,2,1363543,Stenotaphrum secundatum,60.207771
CBN-PdlC-D5-20150701,3,1395807,Salix herbacea,58.531982
CBN-PdlC-D5-20150720,1,1396253,Sibbaldia procumbens,63.441185
CBN-PdlC-D5-20150720,2,1395807,Salix herbacea,61.910175
CBN-PdlC-D5-20150720,3,1392608,Geum montanum,61.848686
CBN-PdlC-D5-20150810,1,1396253,Sibbaldia procumbens,63.076488
CBN-PdlC-D5-20150810,2,1395807,Salix herbacea,62.346607
CBN-PdlC-D5-20150810,3,1396561,Taraxacum cucullatum,59.733414
CBN-PdlC-D5-20150831,1,1389929,Helictochloa versicolor,64.687401
CBN-PdlC-D5-20150831,2,1395807,Salix herbacea,63.407921
CBN-PdlC-D5-20150831,3,1396253,Sibbaldia procumbens,63.329659
CBN-PdlC-D5-20160705,1,1396253,Sibbaldia procumbens,63.168552
CBN-PdlC-D5-20160705,2,1394911,Primula integrifolia,62.501492
CBN-PdlC-D5-20160705,3,1392608,Geum montanum,61.372059
CBN-PdlC-D5-20160726,1,1392608,Geum montanum,64.428055
CBN-PdlC-D5-20160726,2,1397043,Veronica alpina,63.819809
CBN-PdlC-D5-20160726,3,1396253,Sibbaldia procumbens,62.570328
CBN-PdlC-D5-20170816,1,1396253,Sibbaldia procumbens,62.924126
CBN-PdlC-D5-20170816,2,1395807,Salix herbacea,62.520618
CBN-PdlC-D5-20170816,3,1361367,Poa alpina,61.023872
CBN-PdlC-D5-20170906,1,1395807,Salix herbacea,60.992146
CBN-PdlC-D5-20170906,2,1394311,Oreochloa disticha,60.540657
CBN-PdlC-D5-20170906,3,1363543,Stenotaphrum secundatum,60.404373
CBN-PdlC-D5-20180723,1,1400101,Bartsia alpina,64.955208
CBN-PdlC-D5-20180723,2,1392608,Geum montanum,63.627094
CBN-PdlC-D5-20180723,3,1393708,Lysimachia nummularia,60.507156
CBN-PdlC-D5-20180815,1,1392608,Geum montanum,60.544209
CBN-PdlC-D5-20180815,2,1395870,Salix retusa,60.283085
CBN-PdlC-D5-20180815,3,1400101,Bartsia alpina,59.926502
CBN-PdlC-D5-20180905,1,1396253,Sibbaldia procumbens,64.378723
CBN-PdlC-D5-20180905,2,1392534,Gentiana acaulis,62.240238
CBN-PdlC-D5-20180905,3,1394911,Primula integrifolia,61.661758
CBN-PdlC-D5-20190701,1,1392655,Goodyera repens,62.165714
CBN-PdlC-D5-20190701,2,1394911,Primula integrifolia,60.530441
CBN-PdlC-D5-20190701,3,1363944,Malva neglecta,60.154778
CBN-PdlC-D5-20190722,1,1392534,Gentiana acaulis,63.878616
CBN-PdlC-D5-20190722,2,1392535,Gentiana alpina,63.843197
CBN-PdlC-D5-20190722,3,1392608,Geum montanum,63.101940
CBN-PdlC-D5-20190812,1,1362482,Phleum alpinum,65.187889
CBN-PdlC-D5-20190812,2,1392534,Gentiana acaulis,65.026123
CBN-PdlC-D5-20190812,3,1395870,Salix retusa,63.996651
CBN-PdlC-D5-20190909,1,1392534,Gentiana acaulis,64.444122
CBN-PdlC-D5-20190909,2,1396253,Sibbaldia procumbens,63.902954
CBN-PdlC-D5-20190909,3,1395807,Salix herbacea,63.030136
CBN-PdlC-D5-20200722,1,1392608,Geum montanum,62.267715
CBN-PdlC-D5-20200722,2,1364066,Veronica serpyllifolia,61.860893
CBN-PdlC-D5-20200722,3,1395807,Salix herbacea,61.309605
CBN-PdlC-D5-20200812,1,1362482,Phleum alpinum,64.162086
CBN-PdlC-D5-20200812,2,1392608,Geum montanum,63.709373
CBN-PdlC-D5-20200812,3,1396253,Sibbaldia procumbens,62.937725
CBN-PdlC-D6-20130807,1,1396253,Sibbaldia procumbens,62.903107
CBN-PdlC-D6-20130807,2,1393708,Lysimachia nummularia,62.571720
CBN-PdlC-D6-20130807,3,1394311,Oreochloa disticha,61.174034
CBN-PdlC-D6-20130903,1,1396253,Sibbaldia procumbens,63.279716
CBN-PdlC-D6-20130903,2,1397049,Veronica fruticans,62.747139
CBN-PdlC-D6-20130903,3,1395807,Salix herbacea,62.213898
CBN-PdlC-D6-20140721,1,1396253,Sibbaldia procumbens,64.557579
CBN-PdlC-D6-20140721,2,1412857,Omalotheca supina,60.804543
CBN-PdlC-D6-20140721,3,1742053,Omalotheca hoppeana,60.174007
CBN-PdlC-D6-20140811,1,1397043,Veronica alpina,64.804245
CBN-PdlC-D6-20140811,2,1395807,Salix herbacea,64.479576
CBN-PdlC-D6-20140811,3,1393659,Luzula alpina,64.396889
CBN-PdlC-D6-20140901,1,1396253,Sibbaldia procumbens,63.540554
CBN-PdlC-D6-20140901,2,1412857,Omalotheca supina,63.000229
CBN-PdlC-D6-20140901,3,1397043,Veronica alpina,62.600822
CBN-PdlC-D6-20150701,1,1396253,Sibbaldia procumbens,63.286785
CBN-PdlC-D6-20150701,2,1743471,Festuca glacialis,59.167339
CBN-PdlC-D6-20150701,3,1394911,Primula integrifolia,58.808548
CBN-PdlC-D6-20150720,1,1396253,Sibbaldia procumbens,62.576832
CBN-PdlC-D6-20150720,2,1395807,Salix herbacea,61.999634
CBN-PdlC-D6-20150720,3,1742053,Omalotheca hoppeana,60.855515
CBN-PdlC-D6-20150810,1,1389929,Helictochloa versicolor,66.386391
CBN-PdlC-D6-20150810,2,1390761,Carex arenaria,63.265995
CBN-PdlC-D6-20150810,3,1395807,Salix herbacea,63.049957
CBN-PdlC-D6-20150831,1,1742053,Omalotheca hoppeana,64.871078
CBN-PdlC-D6-20150831,2,1395807,Salix herbacea,64.827408
CBN-PdlC-D6-20150831,3,1412857,Omalotheca supina,64.171112
CBN-PdlC-D6-20160705,1,1396253,Sibbaldia procumbens,64.416245
CBN-PdlC-D6-20160705,2,1609716,Epilobium komarovianum,61.585121
CBN-PdlC-D6-20160705,3,1395807,Salix herbacea,61.026581
CBN-PdlC-D6-20160726,1,1397043,Veronica alpina,63.831940
CBN-PdlC-D6-20160726,2,1395807,Salix herbacea,63.117413
CBN-PdlC-D6-20160726,3,1397046,Veronica bellidioides,63.038239
CBN-PdlC-D6-20170816,1,1412857,Omalotheca supina,63.630096
CBN-PdlC-D6-20170816,2,1395807,Salix herbacea,62.779507
CBN-PdlC-D6-20170816,3,1742053,Omalotheca hoppeana,61.800396
CBN-PdlC-D6-20170906,1,1395807,Salix herbacea,63.071411
CBN-PdlC-D6-20170906,2,1412857,Omalotheca supina,62.957458
CBN-PdlC-D6-20170906,3,1397468,Primula pedemontana,62.712639
CBN-PdlC-D6-20180723,1,1396253,Sibbaldia procumbens,64.596230
CBN-PdlC-D6-20180723,2,1395870,Salix retusa,60.781288
CBN-PdlC-D6-20180723,3,1741880,Salix serpillifolia,60.775913
CBN-PdlC-D6-20180815,1,1396253,Sibbaldia procumbens,64.289764
CBN-PdlC-D6-20180815,2,1393679,Luzula lutea,61.701832
CBN-PdlC-D6-20180815,3,1363543,Stenotaphrum secundatum,61.331383
CBN-PdlC-D6-20180905,1,1396253,Sibbaldia procumbens,64.206680
CBN-PdlC-D6-20180905,2,1412857,Omalotheca supina,63.280293
CBN-PdlC-D6-20180905,3,1395807,Salix herbacea,62.325150
CBN-PdlC-D6-20190701,1,1392522,Genista pulchella,58.476768
CBN-PdlC-D6-20190701,2,1564726,Thymus willkommii,58.088600
CBN-PdlC-D6-20190701,3,1744340,Ruschia uncinata,57.354683
CBN-PdlC-D6-20190722,1,1397043,Veronica alpina,65.004921
CBN-PdlC-D6-20190722,2,1394311,Oreochloa disticha,63.849651
CBN-PdlC-D6-20190722,3,1397046,Veronica bellidioides,63.767975
CBN-PdlC-D6-20190812,1,1396253,Sibbaldia procumbens,64.496559
CBN-PdlC-D6-20190812,2,1395807,Salix herbacea,63.573597
CBN-PdlC-D6-20190812,3,1397043,Veronica alpina,63.411793
CBN-PdlC-D6-20190909,1,1396253,Sibbaldia procumbens,65.169914
CBN-PdlC-D6-20190909,2,1393660,Luzula alpinopilosa,64.175583
CBN-PdlC-D6-20190909,3,1395807,Salix herbacea,62.615845
CBN-PdlC-D6-20200722,1,1397043,Veronica alpina,65.082932
CBN-PdlC-D6-20200722,2,1394311,Oreochloa disticha,61.962696
CBN-PdlC-D6-20200722,3,1395807,Salix herbacea,61.353256
CBN-PdlC-D6-20200812,1,1362482,Phleum alpinum,64.389877
CBN-PdlC-D6-20200812,2,1396253,Sibbaldia procumbens,63.237919
CBN-PdlC-D6-20200812,3,1395807,Salix herbacea,62.377228
CBN-PdlC-E1-20130723,1,1396144,Sedum alpestre,65.445953
CBN-PdlC-E1-20130723,2,1396253,Sibbaldia procumbens,63.586727
CBN-PdlC-E1-20130723,3,1392541,Gentiana brachyphylla,61.808228
CBN-PdlC-E1-20130807,1,1396253,Sibbaldia procumbens,63.742989
CBN-PdlC-E1-20130807,2,1392608,Geum montanum,62.294617
CBN-PdlC-E1-20130807,3,1390793,Carex curvula,61.811661
CBN-PdlC-E1-20130903,1,1392608,Geum montanum,66.208298
CBN-PdlC-E1-20130903,2,1396253,Sibbaldia procumbens,63.176434
CBN-PdlC-E1-20130903,3,1396144,Sedum alpestre,62.923103
CBN-PdlC-E1-20140630,1,1394643,Antennaria dioica,63.476135
CBN-PdlC-E1-20140630,2,1392608,Geum montanum,63.237232
CBN-PdlC-E1-20140630,3,1396144,Sedum alpestre,62.583244
CBN-PdlC-E1-20140721,1,1396253,Sibbaldia procumbens,65.253403
CBN-PdlC-E1-20140721,2,1392608,Geum montanum,64.896477
CBN-PdlC-E1-20140721,3,1397528,Cardamine bellidifolia,64.635773
CBN-PdlC-E1-20140811,1,1392535,Gentiana alpina,67.641747
CBN-PdlC-E1-20140811,2,1742053,Omalotheca hoppeana,66.975594
CBN-PdlC-E1-20140811,3,1392608,Geum montanum,65.144096
CBN-PdlC-E1-20140901,1,1412857,Omalotheca supina,67.478951
CBN-PdlC-E1-20140901,2,1742053,Omalotheca hoppeana,66.273727
CBN-PdlC-E1-20140901,3,1396253,Sibbaldia procumbens,63.837524
CBN-PdlC-E1-20150701,1,1392608,Geum montanum,65.902405
CBN-PdlC-E1-20150701,2,1396253,Sibbaldia procumbens,65.259834
CBN-PdlC-E1-20150701,3,1393584,Linaria alpina,64.473335
CBN-PdlC-E1-20150720,1,1392608,Geum montanum,66.289459
CBN-PdlC-E1-20150720,2,1392534,Gentiana acaulis,64.030014
CBN-PdlC-E1-20150720,3,1392612,Geum reptans,63.432312
CBN-PdlC-E1-20150810,1,1393200,Homogyne alpina,66.868301
CBN-PdlC-E1-20150810,2,1396144,Sedum alpestre,65.666702
CBN-PdlC-E1-20150810,3,1397475,Rhododendron ferrugineum,64.600136
CBN-PdlC-E1-20150831,1,1392608,Geum montanum,65.514496
CBN-PdlC-E1-20150831,2,1390793,Carex curvula,65.124580
CBN-PdlC-E1-20150831,3,1392534,Gentiana acaulis,64.420471
CBN-PdlC-E1-20160705,1,1393584,Linaria alpina,65.570297
CBN-PdlC-E1-20160705,2,1396253,Sibbaldia procumbens,65.235474
CBN-PdlC-E1-20160705,3,1392608,Geum montanum,64.746857
CBN-PdlC-E1-20160726,1,1396253,Sibbaldia procumbens,64.655716
CBN-PdlC-E1-20160726,2,1392608,Geum montanum,63.060429
CBN-PdlC-E1-20160726,3,1392614,Geum rivale,60.241310
CBN-PdlC-E1-20170816,1,1392565,Gentiana terglouensis,63.897633
CBN-PdlC-E1-20170816,2,1396253,Sibbaldia procumbens,63.372307
CBN-PdlC-E1-20170816,3,1392541,Gentiana brachyphylla,63.343891
CBN-PdlC-E1-20170906,1,1394911,Primula integrifolia,64.641907
CBN-PdlC-E1-20170906,2,1396253,Sibbaldia procumbens,64.586021
CBN-PdlC-E1-20170906,3,1392608,Geum montanum,64.571442
CBN-PdlC-E1-20180702,1,1396253,Sibbaldia procumbens,64.642456
CBN-PdlC-E1-20180702,2,1392541,Gentiana brachyphylla,62.266453
CBN-PdlC-E1-20180702,3,1392534,Gentiana acaulis,59.652977
CBN-PdlC-E1-20180723,1,1392535,Gentiana alpina,66.110443
CBN-PdlC-E1-20180723,2,1396144,Sedum alpestre,65.724106
CBN-PdlC-E1-20180723,3,1393494,Leucanthemopsis alpina,63.902645
CBN-PdlC-E1-20180815,1,1392608,Geum montanum,63.901501
CBN-PdlC-E1-20180815,2,1396253,Sibbaldia procumbens,62.586067
CBN-PdlC-E1-20180815,3,1392534,Gentiana acaulis,62.254341
CBN-PdlC-E1-20180905,1,1392608,Geum montanum,64.861221
CBN-PdlC-E1-20180905,2,1396253,Sibbaldia procumbens,64.096756
CBN-PdlC-E1-20180905,3,1394911,Primula integrifolia,61.821175
CBN-PdlC-E1-20190701,1,1396253,Sibbaldia procumbens,63.262627
CBN-PdlC-E1-20190701,2,1359649,Menyanthes trifoliata,60.140717
CBN-PdlC-E1-20190701,3,1741880,Salix serpillifolia,58.316963
CBN-PdlC-E1-20190812,1,1392608,Geum montanum,64.951599
CBN-PdlC-E1-20190812,2,1360299,Geum sylvaticum,64.330681
CBN-PdlC-E1-20190812,3,1392534,Gentiana acaulis,64.056602
CBN-PdlC-E1-20190909,1,1397386,Festuca scabriculmis,63.815056
CBN-PdlC-E1-20190909,2,1395807,Salix herbacea,63.161823
CBN-PdlC-E1-20190909,3,1651427,Festuca summilusitana,62.617626
CBN-PdlC-E1-20200629,1,1396253,Sibbaldia procumbens,64.537598
CBN-PdlC-E1-20200629,2,1392608,Geum montanum,63.867157
CBN-PdlC-E1-20200629,3,1392541,Gentiana brachyphylla,63.501732
CBN-PdlC-E1-20200722,1,1392608,Geum montanum,66.549049
CBN-PdlC-E1-20200722,2,1412857,Omalotheca supina,62.842232
CBN-PdlC-E1-20200722,3,1396144,Sedum alpestre,62.724178
CBN-PdlC-E1-20200812,1,1392608,Geum montanum,64.965836
CBN-PdlC-E1-20200812,2,1743471,Festuca glacialis,64.129135
CBN-PdlC-E1-20200812,3,1390793,Carex curvula,63.699646
CBN-PdlC-E2-20130723,1,1396253,Sibbaldia procumbens,64.823456
CBN-PdlC-E2-20130723,2,1397528,Cardamine bellidifolia,63.914631
CBN-PdlC-E2-20130723,3,1412857,Omalotheca supina,61.639214
CBN-PdlC-E2-20130807,1,1392541,Gentiana brachyphylla,62.307720
CBN-PdlC-E2-20130807,2,1412857,Omalotheca supina,62.224339
CBN-PdlC-E2-20130807,3,1395807,Salix herbacea,61.222988
CBN-PdlC-E2-20130903,1,1395807,Salix herbacea,63.384537
CBN-PdlC-E2-20130903,2,1395870,Salix retusa,61.645489
CBN-PdlC-E2-20130903,3,1393584,Linaria alpina,61.417572
CBN-PdlC-E2-20140630,1,1396144,Sedum alpestre,64.745018
CBN-PdlC-E2-20140630,2,1396253,Sibbaldia procumbens,63.166462
CBN-PdlC-E2-20140630,3,1392241,Alchemilla pentaphyllea,60.727135
CBN-PdlC-E2-20140721,1,1396144,Sedum alpestre,64.333641
CBN-PdlC-E2-20140721,2,1397528,Cardamine bellidifolia,64.133438
CBN-PdlC-E2-20140721,3,1396253,Sibbaldia procumbens,64.082619
CBN-PdlC-E2-20140811,1,1396144,Sedum alpestre,68.667015
CBN-PdlC-E2-20140811,2,1392608,Geum montanum,66.216988
CBN-PdlC-E2-20140811,3,1392535,Gentiana alpina,65.328789
CBN-PdlC-E2-20140901,1,1412857,Omalotheca supina,64.989655
CBN-PdlC-E2-20140901,2,1396253,Sibbaldia procumbens,64.449036
CBN-PdlC-E2-20140901,3,1396144,Sedum alpestre,63.317825
CBN-PdlC-E2-20150720,1,1396253,Sibbaldia procumbens,64.045319
CBN-PdlC-E2-20150720,2,1393584,Linaria alpina,63.954056
CBN-PdlC-E2-20150720,3,1395807,Salix herbacea,63.337353
CBN-PdlC-E2-20150810,1,1412857,Omalotheca supina,63.545372
CBN-PdlC-E2-20150810,2,1395870,Salix retusa,63.524658
CBN-PdlC-E2-20150810,3,1395807,Salix herbacea,63.410545
CBN-PdlC-E2-20150831,1,1738658,Petrosedum forsterianum,63.098099
CBN-PdlC-E2-20150831,2,1395807,Salix herbacea,63.094963
CBN-PdlC-E2-20150831,3,1412857,Omalotheca supina,62.264107
CBN-PdlC-E2-20160705,1,1396253,Sibbaldia procumbens,65.310349
CBN-PdlC-E2-20160705,2,1393584,Linaria alpina,64.994873
CBN-PdlC-E2-20160705,3,1397528,Cardamine bellidifolia,64.291092
CBN-PdlC-E2-20160726,1,1412857,Omalotheca supina,63.056034
CBN-PdlC-E2-20160726,2,1396253,Sibbaldia procumbens,62.307564
CBN-PdlC-E2-20160726,3,1395807,Salix herbacea,61.499031
CBN-PdlC-E2-20170816,1,1412857,Omalotheca supina,63.696419
CBN-PdlC-E2-20170816,2,1396253,Sibbaldia procumbens,63.693718
CBN-PdlC-E2-20170816,3,1395807,Salix herbacea,61.854012
CBN-PdlC-E2-20170906,1,1396253,Sibbaldia procumbens,62.680779
CBN-PdlC-E2-20170906,2,1412857,Omalotheca supina,61.643234
CBN-PdlC-E2-20170906,3,1395807,Salix herbacea,61.291046
CBN-PdlC-E2-20180702,1,1396253,Sibbaldia procumbens,63.774948
CBN-PdlC-E2-20180702,2,1394911,Primula integrifolia,63.635548
CBN-PdlC-E2-20180702,3,1412857,Omalotheca supina,60.927795
CBN-PdlC-E2-20180723,1,1393584,Linaria alpina,65.503807
CBN-PdlC-E2-20180723,2,1392608,Geum montanum,64.683167
CBN-PdlC-E2-20180723,3,1396253,Sibbaldia procumbens,63.087811
CBN-PdlC-E2-20180815,1,1742053,Omalotheca hoppeana,63.482033
CBN-PdlC-E2-20180815,2,1396253,Sibbaldia procumbens,62.946011
CBN-PdlC-E2-20180815,3,1394643,Antennaria dioica,62.731209
CBN-PdlC-E2-20180905,1,1396253,Sibbaldia procumbens,63.785957
CBN-PdlC-E2-20180905,2,1412857,Omalotheca supina,63.541828
CBN-PdlC-E2-20180905,3,1396144,Sedum alpestre,62.636810
CBN-PdlC-E2-20190701,1,1396253,Sibbaldia procumbens,62.196251
CBN-PdlC-E2-20190701,2,1394911,Primula integrifolia,60.419815
CBN-PdlC-E2-20190701,3,1395807,Salix herbacea,59.965614
CBN-PdlC-E2-20190812,1,1412857,Omalotheca supina,62.863907
CBN-PdlC-E2-20190812,2,1651162,Festuca guestfalica,62.149281
CBN-PdlC-E2-20190812,3,1395807,Salix herbacea,62.131321
CBN-PdlC-E2-20190909,1,1396144,Sedum alpestre,64.480904
CBN-PdlC-E2-20190909,2,1396253,Sibbaldia procumbens,61.921684
CBN-PdlC-E2-20190909,3,1395807,Salix herbacea,61.853539
CBN-PdlC-E2-20200629,1,1396144,Sedum alpestre,64.626198
CBN-PdlC-E2-20200629,2,1396253,Sibbaldia procumbens,64.392868
CBN-PdlC-E2-20200629,3,1394911,Primula integrifolia,61.032040
CBN-PdlC-E2-20200722,1,1742053,Omalotheca hoppeana,65.278366
CBN-PdlC-E2-20200722,2,1412857,Omalotheca supina,65.265800
CBN-PdlC-E2-20200722,3,1396253,Sibbaldia procumbens,64.672501
CBN-PdlC-E2-20200812,1,1412857,Omalotheca supina,63.826569
CBN-PdlC-E2-20200812,2,1396253,Sibbaldia procumbens,62.901199
CBN-PdlC-E2-20200812,3,1395807,Salix herbacea,62.572502
CBN-PdlC-E3-20130723,1,1396253,Sibbaldia procumbens,65.100143
CBN-PdlC-E3-20130723,2,1356422,Botrychium lunaria,61.659019
CBN-PdlC-E3-20130723,3,1392534,Gentiana acaulis,60.126167
CBN-PdlC-E3-20130807,1,1396253,Sibbaldia procumbens,63.630032
CBN-PdlC-E3-20130807,2,1392241,Alchemilla pentaphyllea,62.002235
CBN-PdlC-E3-20130807,3,1395807,Salix herbacea,60.738518
CBN-PdlC-E3-20130903,1,1396253,Sibbaldia procumbens,62.774891
CBN-PdlC-E3-20130903,2,1395870,Salix retusa,62.679695
CBN-PdlC-E3-20130903,3,1743471,Festuca glacialis,59.961365
CBN-PdlC-E3-20140630,1,1396253,Sibbaldia procumbens,62.506615
CBN-PdlC-E3-20140630,2,1361347,Nardus stricta,56.608208
CBN-PdlC-E3-20140630,3,1651427,Festuca summilusitana,56.511879
CBN-PdlC-E3-20140721,1,1396253,Sibbaldia procumbens,65.689629
CBN-PdlC-E3-20140721,2,1395807,Salix herbacea,61.644459
CBN-PdlC-E3-20140721,3,1397528,Cardamine bellidifolia,61.076519
CBN-PdlC-E3-20140811,1,1397381,Euphrasia minima,64.987335
CBN-PdlC-E3-20140811,2,1395807,Salix herbacea,63.880726
CBN-PdlC-E3-20140811,3,1396253,Sibbaldia procumbens,63.876900
CBN-PdlC-E3-20140901,1,1396253,Sibbaldia procumbens,64.054771
CBN-PdlC-E3-20140901,2,1395807,Salix herbacea,61.213760
CBN-PdlC-E3-20140901,3,1394311,Oreochloa disticha,60.729424
CBN-PdlC-E3-20150701,1,1396253,Sibbaldia procumbens,64.502113
CBN-PdlC-E3-20150701,2,1397528,Cardamine bellidifolia,62.583088
CBN-PdlC-E3-20150701,3,1395807,Salix herbacea,61.965782
CBN-PdlC-E3-20150720,1,1394311,Oreochloa disticha,63.795620
CBN-PdlC-E3-20150720,2,1396253,Sibbaldia procumbens,62.533340
CBN-PdlC-E3-20150720,3,1395807,Salix herbacea,61.845661
CBN-PdlC-E3-20150810,1,1396253,Sibbaldia procumbens,62.718605
CBN-PdlC-E3-20150810,2,1397386,Festuca scabriculmis,62.654129
CBN-PdlC-E3-20150810,3,1395807,Salix herbacea,61.947891
CBN-PdlC-E3-20150831,1,1392293,Festuca eskia,63.201832
CBN-PdlC-E3-20150831,2,1396253,Sibbaldia procumbens,63.171413
CBN-PdlC-E3-20150831,3,1397386,Festuca scabriculmis,63.144257
CBN-PdlC-E3-20160705,1,1396253,Sibbaldia procumbens,64.315445
CBN-PdlC-E3-20160705,2,1397430,Luzula sylvatica,62.637344
CBN-PdlC-E3-20160705,3,1393681,Luzula luzuloides,62.603249
CBN-PdlC-E3-20160726,1,1396253,Sibbaldia procumbens,63.978436
CBN-PdlC-E3-20160726,2,1397381,Euphrasia minima,62.921074
CBN-PdlC-E3-20160726,3,1395807,Salix herbacea,62.296223
CBN-PdlC-E3-20170816,1,1396253,Sibbaldia procumbens,64.520920
CBN-PdlC-E3-20170816,2,1395807,Salix herbacea,61.499943
CBN-PdlC-E3-20170816,3,1396970,Vaccinium uliginosum,58.118011
CBN-PdlC-E3-20170906,1,1396253,Sibbaldia procumbens,64.423096
CBN-PdlC-E3-20170906,2,1394911,Primula integrifolia,59.625320
CBN-PdlC-E3-20170906,3,1392534,Gentiana acaulis,58.600113
CBN-PdlC-E3-20180702,1,1396253,Sibbaldia procumbens,63.878422
CBN-PdlC-E3-20180702,2,1397430,Luzula sylvatica,61.498734
CBN-PdlC-E3-20180702,3,1361592,Luzula campestris,59.821274
CBN-PdlC-E3-20180723,1,1396253,Sibbaldia procumbens,63.110828
CBN-PdlC-E3-20180723,2,1392241,Alchemilla pentaphyllea,62.757980
CBN-PdlC-E3-20180723,3,1395807,Salix herbacea,60.903976
CBN-PdlC-E3-20180815,1,1396253,Sibbaldia procumbens,62.849419
CBN-PdlC-E3-20180815,2,1397381,Euphrasia minima,61.925938
CBN-PdlC-E3-20180815,3,1397386,Festuca scabriculmis,61.331963
CBN-PdlC-E3-20180905,1,1396253,Sibbaldia procumbens,63.951530
CBN-PdlC-E3-20180905,2,1392534,Gentiana acaulis,62.964928
CBN-PdlC-E3-20180905,3,1397386,Festuca scabriculmis,60.124893
CBN-PdlC-E3-20190701,1,1396253,Sibbaldia procumbens,63.836597
CBN-PdlC-E3-20190701,2,1397430,Luzula sylvatica,59.905846
CBN-PdlC-E3-20190701,3,1393708,Lysimachia nummularia,59.340942
CBN-PdlC-E3-20190812,1,1396253,Sibbaldia procumbens,64.319977
CBN-PdlC-E3-20190812,2,1360748,Hydrocotyle vulgaris,62.160759
CBN-PdlC-E3-20190812,3,1395807,Salix herbacea,62.151073
CBN-PdlC-E3-20190909,1,1396253,Sibbaldia procumbens,61.863689
CBN-PdlC-E3-20190909,2,1392059,Eriophorum angustifolium,61.345818
CBN-PdlC-E3-20190909,3,1355928,Taraxacum bessarabicum,58.870983
CBN-PdlC-E3-20200629,1,1396253,Sibbaldia procumbens,64.601089
CBN-PdlC-E3-20200629,2,1392541,Gentiana brachyphylla,62.315804
CBN-PdlC-E3-20200629,3,1393659,Luzula alpina,62.129532
CBN-PdlC-E3-20200722,1,1396253,Sibbaldia procumbens,65.098343
CBN-PdlC-E3-20200722,2,1395807,Salix herbacea,61.937637
CBN-PdlC-E3-20200722,3,1393681,Luzula luzuloides,61.526253
CBN-PdlC-E3-20200812,1,1396253,Sibbaldia procumbens,64.258881
CBN-PdlC-E3-20200812,2,1392059,Eriophorum angustifolium,62.125908
CBN-PdlC-E3-20200812,3,1395807,Salix herbacea,61.933147
CBN-PdlC-E4-20130807,1,1396253,Sibbaldia procumbens,63.152725
CBN-PdlC-E4-20130807,2,1392608,Geum montanum,61.006405
CBN-PdlC-E4-20130807,3,1396843,Trifolium alpinum,60.748196
CBN-PdlC-E4-20130903,1,1396253,Sibbaldia procumbens,64.401077
CBN-PdlC-E4-20130903,2,1392608,Geum montanum,63.558075
CBN-PdlC-E4-20130903,3,1395807,Salix herbacea,61.265701
CBN-PdlC-E4-20140630,1,1396253,Sibbaldia procumbens,63.159843
CBN-PdlC-E4-20140630,2,1392608,Geum montanum,61.171913
CBN-PdlC-E4-20140630,3,1397430,Luzula sylvatica,60.987198
CBN-PdlC-E4-20140721,1,1396253,Sibbaldia procumbens,65.815361
CBN-PdlC-E4-20140721,2,1392608,Geum montanum,64.490959
CBN-PdlC-E4-20140721,3,1395807,Salix herbacea,62.799355
CBN-PdlC-E4-20140811,1,1743456,Carex macrostylos,64.613541
CBN-PdlC-E4-20140811,2,1396253,Sibbaldia procumbens,64.450211
CBN-PdlC-E4-20140811,3,1395807,Salix herbacea,63.999992
CBN-PdlC-E4-20140901,1,1396253,Sibbaldia procumbens,64.294685
CBN-PdlC-E4-20140901,2,1395807,Salix herbacea,62.342670
CBN-PdlC-E4-20140901,3,1519650,Scorzoneroides helvetica,62.234577
CBN-PdlC-E4-20150701,1,1392608,Geum montanum,64.750000
CBN-PdlC-E4-20150701,2,1396253,Sibbaldia procumbens,64.613869
CBN-PdlC-E4-20150701,3,1397430,Luzula sylvatica,63.080139
CBN-PdlC-E4-20150720,1,1396843,Trifolium alpinum,65.962929
CBN-PdlC-E4-20150720,2,1396253,Sibbaldia procumbens,64.176880
CBN-PdlC-E4-20150720,3,1392608,Geum montanum,62.496662
CBN-PdlC-E4-20150810,1,1392608,Geum montanum,64.418739
CBN-PdlC-E4-20150810,2,1396253,Sibbaldia procumbens,64.302132
CBN-PdlC-E4-20150810,3,1393200,Homogyne alpina,63.754570
CBN-PdlC-E4-20160705,1,1396253,Sibbaldia procumbens,64.219223
CBN-PdlC-E4-20160705,2,1392608,Geum montanum,62.846039
CBN-PdlC-E4-20160705,3,1393659,Luzula alpina,62.564434
CBN-PdlC-E4-20160726,1,1396253,Sibbaldia procumbens,63.606857
CBN-PdlC-E4-20160726,2,1360748,Hydrocotyle vulgaris,60.640835
CBN-PdlC-E4-20160726,3,1390778,Carex brizoides,60.012711
CBN-PdlC-E4-20170816,1,1396253,Sibbaldia procumbens,62.235626
CBN-PdlC-E4-20170816,2,1396843,Trifolium alpinum,60.614876
CBN-PdlC-E4-20170816,3,1361275,Festuca indigesta,60.289875
CBN-PdlC-E4-20170906,1,1396253,Sibbaldia procumbens,63.602695
CBN-PdlC-E4-20170906,2,1361233,Danthonia decumbens,61.573307
CBN-PdlC-E4-20170906,3,1393494,Leucanthemopsis alpina,61.174164
CBN-PdlC-E4-20180702,1,1396253,Sibbaldia procumbens,63.449532
CBN-PdlC-E4-20180702,2,1397430,Luzula sylvatica,61.165073
CBN-PdlC-E4-20180702,3,1393200,Homogyne alpina,60.354042
CBN-PdlC-E4-20180723,1,1392608,Geum montanum,61.576706
CBN-PdlC-E4-20180723,2,1393659,Luzula alpina,60.199577
CBN-PdlC-E4-20180723,3,1396253,Sibbaldia procumbens,59.772430
CBN-PdlC-E4-20180815,1,1396253,Sibbaldia procumbens,61.983112
CBN-PdlC-E4-20180815,2,1393494,Leucanthemopsis alpina,61.973900
CBN-PdlC-E4-20180815,3,1744479,Armeria bigerrensis,60.882973
CBN-PdlC-E4-20180905,1,1396253,Sibbaldia procumbens,63.903122
CBN-PdlC-E4-20180905,2,1393494,Leucanthemopsis alpina,61.507957
CBN-PdlC-E4-20180905,3,1392608,Geum montanum,59.777748
CBN-PdlC-E4-20190701,1,1396253,Sibbaldia procumbens,62.601158
CBN-PdlC-E4-20190701,2,1397430,Luzula sylvatica,62.588600
CBN-PdlC-E4-20190701,3,1393681,Luzula luzuloides,61.030109
CBN-PdlC-E4-20190812,1,1396253,Sibbaldia procumbens,58.776459
CBN-PdlC-E4-20190812,2,1395807,Salix herbacea,58.550713
CBN-PdlC-E4-20190812,3,1393359,Juncus triglumis,58.467628
CBN-PdlC-E4-20190909,1,1392608,Geum montanum,64.590584
CBN-PdlC-E4-20190909,2,1396843,Trifolium alpinum,61.917328
CBN-PdlC-E4-20190909,3,1396253,Sibbaldia procumbens,61.759686
CBN-PdlC-E4-20200629,1,1396253,Sibbaldia procumbens,64.543610
CBN-PdlC-E4-20200629,2,1392608,Geum montanum,62.585571
CBN-PdlC-E4-20200629,3,1397430,Luzula sylvatica,62.497349
CBN-PdlC-E4-20200722,1,1392608,Geum montanum,64.282112
CBN-PdlC-E4-20200722,2,1396253,Sibbaldia procumbens,64.131973
CBN-PdlC-E4-20200722,3,1393659,Luzula alpina,63.401825
CBN-PdlC-E4-20200812,1,1396253,Sibbaldia procumbens,64.132065
CBN-PdlC-E4-20200812,2,1392059,Eriophorum angustifolium,63.337181
CBN-PdlC-E4-20200812,3,1395807,Salix herbacea,61.682636
CBN-PdlC-E5-20130723,1,1393200,Homogyne alpina,64.738068
CBN-PdlC-E5-20130723,2,1392608,Geum montanum,61.400826
CBN-PdlC-E5-20130723,3,1363413,Eleusine tristachya,60.187534
CBN-PdlC-E5-20130807,1,1392608,Geum montanum,63.886971
CBN-PdlC-E5-20130807,2,1393200,Homogyne alpina,61.776722
CBN-PdlC-E5-20130807,3,1393708,Lysimachia nummularia,60.433964
CBN-PdlC-E5-20130903,1,1392608,Geum montanum,63.387161
CBN-PdlC-E5-20130903,2,1360748,Hydrocotyle vulgaris,62.948895
CBN-PdlC-E5-20130903,3,1393494,Leucanthemopsis alpina,62.421326
CBN-PdlC-E5-20140630,1,1393200,Homogyne alpina,64.270981
CBN-PdlC-E5-20140630,2,1392608,Geum montanum,62.743534
CBN-PdlC-E5-20140630,3,1390761,Carex arenaria,60.517586
CBN-PdlC-E5-20140721,1,1393200,Homogyne alpina,65.265251
CBN-PdlC-E5-20140721,2,1392608,Geum montanum,64.525711
CBN-PdlC-E5-20140721,3,1396253,Sibbaldia procumbens,63.787994
CBN-PdlC-E5-20140811,1,1393200,Homogyne alpina,66.162209
CBN-PdlC-E5-20140811,2,1392608,Geum montanum,63.868286
CBN-PdlC-E5-20140811,3,1395807,Salix herbacea,63.748413
CBN-PdlC-E5-20150720,1,1392608,Geum montanum,66.387199
CBN-PdlC-E5-20150720,2,1392534,Gentiana acaulis,64.967636
CBN-PdlC-E5-20150720,3,1393200,Homogyne alpina,64.351227
CBN-PdlC-E5-20150810,1,1396253,Sibbaldia procumbens,64.813370
CBN-PdlC-E5-20150810,2,1392608,Geum montanum,64.767487
CBN-PdlC-E5-20150810,3,1393200,Homogyne alpina,64.295288
CBN-PdlC-E5-20150831,1,1392534,Gentiana acaulis,64.975662
CBN-PdlC-E5-20150831,2,1393200,Homogyne alpina,64.921158
CBN-PdlC-E5-20150831,3,1392608,Geum montanum,64.820831
CBN-PdlC-E5-20160705,1,1392608,Geum montanum,65.003281
CBN-PdlC-E5-20160705,2,1393200,Homogyne alpina,64.765976
CBN-PdlC-E5-20160705,3,1396253,Sibbaldia procumbens,63.001255
CBN-PdlC-E5-20160726,1,1392608,Geum montanum,66.832016
CBN-PdlC-E5-20160726,2,1396253,Sibbaldia procumbens,63.647762
CBN-PdlC-E5-20160726,3,1361367,Poa alpina,63.629200
CBN-PdlC-E5-20170816,1,1392608,Geum montanum,64.406395
CBN-PdlC-E5-20170816,2,1396253,Sibbaldia procumbens,62.916969
CBN-PdlC-E5-20170816,3,1396843,Trifolium alpinum,62.038391
CBN-PdlC-E5-20170906,1,1393200,Homogyne alpina,65.432365
CBN-PdlC-E5-20170906,2,1392608,Geum montanum,63.676949
CBN-PdlC-E5-20170906,3,1396253,Sibbaldia procumbens,63.396515
CBN-PdlC-E5-20180702,1,1396253,Sibbaldia procumbens,64.431847
CBN-PdlC-E5-20180702,2,1393200,Homogyne alpina,62.998825
CBN-PdlC-E5-20180702,3,1392608,Geum montanum,62.377926
CBN-PdlC-E5-20180723,1,1392608,Geum montanum,64.465897
CBN-PdlC-E5-20180723,2,1393200,Homogyne alpina,64.053978
CBN-PdlC-E5-20180723,3,1396253,Sibbaldia procumbens,62.850044
CBN-PdlC-E5-20180815,1,1396843,Trifolium alpinum,64.161186
CBN-PdlC-E5-20180815,2,1396253,Sibbaldia procumbens,63.872303
CBN-PdlC-E5-20180815,3,1393200,Homogyne alpina,63.645340
CBN-PdlC-E5-20180905,1,1392608,Geum montanum,64.766762
CBN-PdlC-E5-20180905,2,1396253,Sibbaldia procumbens,64.734520
CBN-PdlC-E5-20180905,3,1393200,Homogyne alpina,64.140656
CBN-PdlC-E5-20190722,1,1393200,Homogyne alpina,64.007118
CBN-PdlC-E5-20190722,2,1396253,Sibbaldia procumbens,63.625626
CBN-PdlC-E5-20190722,3,1392608,Geum montanum,63.603889
CBN-PdlC-E5-20190812,1,1392608,Geum montanum,66.783829
CBN-PdlC-E5-20190812,2,1396253,Sibbaldia procumbens,63.955605
CBN-PdlC-E5-20190812,3,1392611,Geum pyrenaicum,62.586182
CBN-PdlC-E5-20190909,1,1392608,Geum montanum,64.970261
CBN-PdlC-E5-20190909,2,1396253,Sibbaldia procumbens,64.353195
CBN-PdlC-E5-20190909,3,1407739,Bromus catharticus,62.166382
CBN-PdlC-E5-20200629,1,1393200,Homogyne alpina,66.945374
CBN-PdlC-E5-20200629,2,1392608,Geum montanum,66.346252
CBN-PdlC-E5-20200629,3,1396253,Sibbaldia procumbens,64.807541
CBN-PdlC-E5-20200722,1,1396843,Trifolium alpinum,65.353226
CBN-PdlC-E5-20200722,2,1392608,Geum montanum,65.281631
CBN-PdlC-E5-20200722,3,1396253,Sibbaldia procumbens,64.107056
CBN-PdlC-E5-20200812,1,1392608,Geum montanum,66.123459
CBN-PdlC-E5-20200812,2,1393200,Homogyne alpina,64.785385
CBN-PdlC-E5-20200812,3,1396253,Sibbaldia procumbens,64.680489
CBN-PdlC-E6-20130723,1,1392534,Gentiana acaulis,61.962666
CBN-PdlC-E6-20130723,2,1397528,Cardamine bellidifolia,61.038063
CBN-PdlC-E6-20130723,3,1393494,Leucanthemopsis alpina,60.893757
CBN-PdlC-E6-20130807,1,1392608,Geum montanum,62.104164
CBN-PdlC-E6-20130807,2,1396253,Sibbaldia procumbens,60.580212
CBN-PdlC-E6-20130807,3,1396843,Trifolium alpinum,60.179039
CBN-PdlC-E6-20130903,1,1390793,Carex curvula,63.058479
CBN-PdlC-E6-20130903,2,1393200,Homogyne alpina,62.575073
CBN-PdlC-E6-20130903,3,1392608,Geum montanum,61.658863
CBN-PdlC-E6-20140630,1,1359750,Oxalis acetosella,64.547005
CBN-PdlC-E6-20140630,2,1393200,Homogyne alpina,63.429058
CBN-PdlC-E6-20140630,3,1390811,Carex ericetorum,59.359188
CBN-PdlC-E6-20140721,1,1392608,Geum montanum,62.315041
CBN-PdlC-E6-20140721,2,1396843,Trifolium alpinum,61.274300
CBN-PdlC-E6-20140721,3,1395807,Salix herbacea,60.803493
CBN-PdlC-E6-20140811,1,1393200,Homogyne alpina,65.056595
CBN-PdlC-E6-20140811,2,1396843,Trifolium alpinum,64.627655
CBN-PdlC-E6-20140811,3,1395807,Salix herbacea,63.964325
CBN-PdlC-E6-20150701,1,1392534,Gentiana acaulis,65.823624
CBN-PdlC-E6-20150701,2,1392608,Geum montanum,64.925400
CBN-PdlC-E6-20150701,3,1392535,Gentiana alpina,64.857346
CBN-PdlC-E6-20150720,1,1396843,Trifolium alpinum,63.254768
CBN-PdlC-E6-20150720,2,1395807,Salix herbacea,59.862778
CBN-PdlC-E6-20150720,3,1396253,Sibbaldia procumbens,59.631271
CBN-PdlC-E6-20150810,1,1742053,Omalotheca hoppeana,63.020149
CBN-PdlC-E6-20150810,2,1392608,Geum montanum,62.726189
CBN-PdlC-E6-20150810,3,1390793,Carex curvula,62.359352
CBN-PdlC-E6-20150831,1,1393200,Homogyne alpina,63.587624
CBN-PdlC-E6-20150831,2,1392608,Geum montanum,63.406441
CBN-PdlC-E6-20150831,3,1742053,Omalotheca hoppeana,62.754978
CBN-PdlC-E6-20160705,1,1392534,Gentiana acaulis,63.994438
CBN-PdlC-E6-20160705,2,1392612,Geum reptans,63.124626
CBN-PdlC-E6-20160705,3,1392608,Geum montanum,62.027084
CBN-PdlC-E6-20160726,1,1392534,Gentiana acaulis,67.027748
CBN-PdlC-E6-20160726,2,1392608,Geum montanum,65.236237
CBN-PdlC-E6-20160726,3,1361367,Poa alpina,63.363625
CBN-PdlC-E6-20170816,1,1396843,Trifolium alpinum,62.863327
CBN-PdlC-E6-20170816,2,1392534,Gentiana acaulis,60.460838
CBN-PdlC-E6-20170816,3,1395807,Salix herbacea,59.976456
CBN-PdlC-E6-20170906,1,1396843,Trifolium alpinum,63.957123
CBN-PdlC-E6-20170906,2,1392534,Gentiana acaulis,61.144821
CBN-PdlC-E6-20170906,3,1392535,Gentiana alpina,60.218147
CBN-PdlC-E6-20180702,1,1392608,Geum montanum,64.107910
CBN-PdlC-E6-20180702,2,1741880,Salix serpillifolia,61.809586
CBN-PdlC-E6-20180702,3,1390793,Carex curvula,60.806820
CBN-PdlC-E6-20180723,1,1392535,Gentiana alpina,65.052490
CBN-PdlC-E6-20180723,2,1392608,Geum montanum,64.204788
CBN-PdlC-E6-20180723,3,1392534,Gentiana acaulis,62.315239
CBN-PdlC-E6-20180815,1,1393200,Homogyne alpina,66.024086
CBN-PdlC-E6-20180815,2,1396843,Trifolium alpinum,63.259815
CBN-PdlC-E6-20180815,3,1396253,Sibbaldia procumbens,60.976898
CBN-PdlC-E6-20180905,1,1393200,Homogyne alpina,65.843506
CBN-PdlC-E6-20180905,2,1392608,Geum montanum,64.842896
CBN-PdlC-E6-20180905,3,1392534,Gentiana acaulis,62.169205
CBN-PdlC-E6-20190722,1,1393200,Homogyne alpina,66.488930
CBN-PdlC-E6-20190722,2,1392608,Geum montanum,65.626755
CBN-PdlC-E6-20190722,3,1362273,Cardamine resedifolia,65.443436
CBN-PdlC-E6-20190812,1,1396253,Sibbaldia procumbens,59.045296
CBN-PdlC-E6-20190812,2,1528543,Crassula nudicaulis,58.226234
CBN-PdlC-E6-20190812,3,1363618,Crassula multicava,58.133141
CBN-PdlC-E6-20190909,1,1392608,Geum montanum,64.448624
CBN-PdlC-E6-20190909,2,1388916,Lysimachia europaea,62.526581
CBN-PdlC-E6-20190909,3,1395807,Salix herbacea,62.242577
CBN-PdlC-E6-20200629,1,1393200,Homogyne alpina,66.625450
CBN-PdlC-E6-20200629,2,1392541,Gentiana brachyphylla,63.083229
CBN-PdlC-E6-20200629,3,1390793,Carex curvula,63.034676
CBN-PdlC-E6-20200722,1,1393200,Homogyne alpina,66.058670
CBN-PdlC-E6-20200722,2,1362273,Cardamine resedifolia,65.960991
CBN-PdlC-E6-20200722,3,1392534,Gentiana acaulis,64.631165
CBN-PdlC-E6-20200812,1,1396843,Trifolium alpinum,64.073822
CBN-PdlC-E6-20200812,2,1392608,Geum montanum,61.892349
CBN-PdlC-E6-20200812,3,1396253,Sibbaldia procumbens,61.684376
CBN-PdlC-F1-20130723,1,1397528,Cardamine bellidifolia,65.485291
CBN-PdlC-F1-20130723,2,1396144,Sedum alpestre,64.659103
CBN-PdlC-F1-20130723,3,1362273,Cardamine resedifolia,64.404922
CBN-PdlC-F1-20130807,1,1392541,Gentiana brachyphylla,63.914600
CBN-PdlC-F1-20130807,2,1396144,Sedum alpestre,63.378906
CBN-PdlC-F1-20130807,3,1392534,Gentiana acaulis,62.673073
CBN-PdlC-F1-20130903,1,1392534,Gentiana acaulis,66.328247
CBN-PdlC-F1-20130903,2,1392535,Gentiana alpina,64.234695
CBN-PdlC-F1-20130903,3,1396144,Sedum alpestre,63.975975
CBN-PdlC-F1-20140630,1,1396144,Sedum alpestre,64.530151
CBN-PdlC-F1-20140630,2,1392541,Gentiana brachyphylla,63.502457
CBN-PdlC-F1-20140630,3,1396253,Sibbaldia procumbens,62.579498
CBN-PdlC-F1-20140721,1,1362273,Cardamine resedifolia,64.316895
CBN-PdlC-F1-20140721,2,1396253,Sibbaldia procumbens,64.034332
CBN-PdlC-F1-20140721,3,1392541,Gentiana brachyphylla,63.945095
CBN-PdlC-F1-20140811,1,1396144,Sedum alpestre,67.934349
CBN-PdlC-F1-20140811,2,1394542,Phyteuma hemisphaericum,67.029694
CBN-PdlC-F1-20140811,3,1397381,Euphrasia minima,65.862740
CBN-PdlC-F1-20140901,1,1392541,Gentiana brachyphylla,65.788391
CBN-PdlC-F1-20140901,2,1742053,Omalotheca hoppeana,65.179008
CBN-PdlC-F1-20140901,3,1412857,Omalotheca supina,64.893372
CBN-PdlC-F1-20150701,1,1392534,Gentiana acaulis,65.531242
CBN-PdlC-F1-20150701,2,1392535,Gentiana alpina,64.859589
CBN-PdlC-F1-20150701,3,1396253,Sibbaldia procumbens,64.503349
CBN-PdlC-F1-20150720,1,1742053,Omalotheca hoppeana,66.063835
CBN-PdlC-F1-20150720,2,1412857,Omalotheca supina,65.646553
CBN-PdlC-F1-20150720,3,1396253,Sibbaldia procumbens,65.112411
CBN-PdlC-F1-20150810,1,1396253,Sibbaldia procumbens,64.632812
CBN-PdlC-F1-20150810,2,1412857,Omalotheca supina,63.491364
CBN-PdlC-F1-20150810,3,1392541,Gentiana brachyphylla,62.900784
CBN-PdlC-F1-20150831,1,1412857,Omalotheca supina,64.292236
CBN-PdlC-F1-20150831,2,1390793,Carex curvula,63.847374
CBN-PdlC-F1-20150831,3,1396253,Sibbaldia procumbens,63.338539
CBN-PdlC-F1-20160705,1,1396253,Sibbaldia procumbens,66.025993
CBN-PdlC-F1-20160705,2,1396144,Sedum alpestre,64.470901
CBN-PdlC-F1-20160705,3,1479447,Arabis stellulata,63.368736
CBN-PdlC-F1-20160726,1,1396144,Sedum alpestre,68.218750
CBN-PdlC-F1-20160726,2,1396253,Sibbaldia procumbens,65.155212
CBN-PdlC-F1-20160726,3,1397381,Euphrasia minima,64.753464
CBN-PdlC-F1-20170816,1,1412857,Omalotheca supina,63.850193
CBN-PdlC-F1-20170816,2,1392541,Gentiana brachyphylla,63.806862
CBN-PdlC-F1-20170816,3,1396144,Sedum alpestre,63.579098
CBN-PdlC-F1-20170906,1,1396253,Sibbaldia procumbens,65.249336
CBN-PdlC-F1-20170906,2,1396144,Sedum alpestre,64.740814
CBN-PdlC-F1-20170906,3,1396180,Sempervivum montanum,63.097351
CBN-PdlC-F1-20180702,1,1396253,Sibbaldia procumbens,64.589775
CBN-PdlC-F1-20180702,2,1392541,Gentiana brachyphylla,63.492359
CBN-PdlC-F1-20180702,3,1396144,Sedum alpestre,63.168270
CBN-PdlC-F1-20180723,1,1396144,Sedum alpestre,65.045418
CBN-PdlC-F1-20180723,2,1396253,Sibbaldia procumbens,63.731148
CBN-PdlC-F1-20180723,3,1412857,Omalotheca supina,63.421268
CBN-PdlC-F1-20180815,1,1396144,Sedum alpestre,64.087570
CBN-PdlC-F1-20180815,2,1396180,Sempervivum montanum,62.965820
CBN-PdlC-F1-20180815,3,1396253,Sibbaldia procumbens,62.872681
CBN-PdlC-F1-20180905,1,1392541,Gentiana brachyphylla,65.050667
CBN-PdlC-F1-20180905,2,1396253,Sibbaldia procumbens,64.492035
CBN-PdlC-F1-20180905,3,1396144,Sedum alpestre,63.853134
CBN-PdlC-F1-20190701,1,1396253,Sibbaldia procumbens,63.295544
CBN-PdlC-F1-20190701,2,1396144,Sedum alpestre,63.201077
CBN-PdlC-F1-20190701,3,1392541,Gentiana brachyphylla,61.353695
CBN-PdlC-F1-20190812,1,1396253,Sibbaldia procumbens,64.173416
CBN-PdlC-F1-20190812,2,1395807,Salix herbacea,59.874119
CBN-PdlC-F1-20190812,3,1392541,Gentiana brachyphylla,59.486839
CBN-PdlC-F1-20190909,1,1396144,Sedum alpestre,65.066032
CBN-PdlC-F1-20190909,2,1394311,Oreochloa disticha,63.784729
CBN-PdlC-F1-20190909,3,1396253,Sibbaldia procumbens,63.468491
CBN-PdlC-F1-20200629,1,1396253,Sibbaldia procumbens,64.947945
CBN-PdlC-F1-20200629,2,1392541,Gentiana brachyphylla,64.530197
CBN-PdlC-F1-20200629,3,1396144,Sedum alpestre,62.841766
CBN-PdlC-F1-20200722,1,1396144,Sedum alpestre,65.853500
CBN-PdlC-F1-20200722,2,1396843,Trifolium alpinum,64.996948
CBN-PdlC-F1-20200722,3,1396253,Sibbaldia procumbens,63.846542
CBN-PdlC-F1-20200812,1,1396144,Sedum alpestre,64.819580
CBN-PdlC-F1-20200812,2,1396253,Sibbaldia procumbens,63.546833
CBN-PdlC-F1-20200812,3,1392541,Gentiana brachyphylla,63.081009
CBN-PdlC-F2-20130723,1,1396253,Sibbaldia procumbens,65.148918
CBN-PdlC-F2-20130723,2,1397528,Cardamine bellidifolia,62.116493
CBN-PdlC-F2-20130723,3,1362273,Cardamine resedifolia,61.610706
CBN-PdlC-F2-20130807,1,1396253,Sibbaldia procumbens,64.872650
CBN-PdlC-F2-20130807,2,1412857,Omalotheca supina,64.158302
CBN-PdlC-F2-20130807,3,1362273,Cardamine resedifolia,61.965813
CBN-PdlC-F2-20130903,1,1396253,Sibbaldia procumbens,64.165054
CBN-PdlC-F2-20130903,2,1412857,Omalotheca supina,63.981667
CBN-PdlC-F2-20130903,3,1395807,Salix herbacea,61.582199
CBN-PdlC-F2-20140630,1,1392608,Geum montanum,64.686478
CBN-PdlC-F2-20140630,2,1741880,Salix serpillifolia,63.372887
CBN-PdlC-F2-20140630,3,1392541,Gentiana brachyphylla,62.941429
CBN-PdlC-F2-20140721,1,1396253,Sibbaldia procumbens,65.142235
CBN-PdlC-F2-20140721,2,1362273,Cardamine resedifolia,65.106422
CBN-PdlC-F2-20140721,3,1397528,Cardamine bellidifolia,64.854889
CBN-PdlC-F2-20140811,1,1742053,Omalotheca hoppeana,65.370926
CBN-PdlC-F2-20140811,2,1412857,Omalotheca supina,65.251541
CBN-PdlC-F2-20140811,3,1397381,Euphrasia minima,64.882118
CBN-PdlC-F2-20140901,1,1397381,Euphrasia minima,64.022018
CBN-PdlC-F2-20140901,2,1392552,Gentiana nivalis,63.719604
CBN-PdlC-F2-20140901,3,1395807,Salix herbacea,62.536697
CBN-PdlC-F2-20150701,1,1396253,Sibbaldia procumbens,64.843208
CBN-PdlC-F2-20150701,2,1392608,Geum montanum,64.092033
CBN-PdlC-F2-20150701,3,1397528,Cardamine bellidifolia,63.879955
CBN-PdlC-F2-20150720,1,1396253,Sibbaldia procumbens,64.543495
CBN-PdlC-F2-20150720,2,1395807,Salix herbacea,61.412365
CBN-PdlC-F2-20150720,3,1741880,Salix serpillifolia,60.395943
CBN-PdlC-F2-20150810,1,1412857,Omalotheca supina,64.906349
CBN-PdlC-F2-20150810,2,1742053,Omalotheca hoppeana,63.630497
CBN-PdlC-F2-20150810,3,1392608,Geum montanum,63.197681
CBN-PdlC-F2-20150831,1,1396253,Sibbaldia procumbens,63.971191
CBN-PdlC-F2-20150831,2,1412857,Omalotheca supina,62.819107
CBN-PdlC-F2-20150831,3,1395807,Salix herbacea,62.409401
CBN-PdlC-F2-20160705,1,1396253,Sibbaldia procumbens,65.906029
CBN-PdlC-F2-20160705,2,1397528,Cardamine bellidifolia,63.122574
CBN-PdlC-F2-20160705,3,1392535,Gentiana alpina,62.096825
CBN-PdlC-F2-20160726,1,1396253,Sibbaldia procumbens,64.272583
CBN-PdlC-F2-20160726,2,1412857,Omalotheca supina,63.749313
CBN-PdlC-F2-20160726,3,1742053,Omalotheca hoppeana,63.297390
CBN-PdlC-F2-20170906,1,1396253,Sibbaldia procumbens,65.137207
CBN-PdlC-F2-20170906,2,1392608,Geum montanum,64.047455
CBN-PdlC-F2-20170906,3,1396843,Trifolium alpinum,64.044975
CBN-PdlC-F2-20180702,1,1396253,Sibbaldia procumbens,63.869274
CBN-PdlC-F2-20180702,2,1396971,Vaccinium vitis-idaea,61.178612
CBN-PdlC-F2-20180702,3,1394599,Pinguicula leptoceras,61.147526
CBN-PdlC-F2-20180723,1,1393584,Linaria alpina,66.138657
CBN-PdlC-F2-20180723,2,1396253,Sibbaldia procumbens,63.827827
CBN-PdlC-F2-20180723,3,1396843,Trifolium alpinum,61.444397
CBN-PdlC-F2-20180815,1,1397381,Euphrasia minima,63.365646
CBN-PdlC-F2-20180815,2,1396843,Trifolium alpinum,63.293205
CBN-PdlC-F2-20180815,3,1742053,Omalotheca hoppeana,63.122082
CBN-PdlC-F2-20180905,1,1742053,Omalotheca hoppeana,63.950912
CBN-PdlC-F2-20180905,2,1396253,Sibbaldia procumbens,63.950821
CBN-PdlC-F2-20180905,3,1412857,Omalotheca supina,63.724903
CBN-PdlC-F2-20190701,1,1392534,Gentiana acaulis,64.751099
CBN-PdlC-F2-20190701,2,1392608,Geum montanum,64.309921
CBN-PdlC-F2-20190701,3,1396253,Sibbaldia procumbens,62.878292
CBN-PdlC-F2-20190812,1,1396253,Sibbaldia procumbens,64.179604
CBN-PdlC-F2-20190812,2,1412857,Omalotheca supina,61.501888
CBN-PdlC-F2-20190812,3,1395807,Salix herbacea,61.185581
CBN-PdlC-F2-20190909,1,1396253,Sibbaldia procumbens,65.031685
CBN-PdlC-F2-20190909,2,1395807,Salix herbacea,62.921928
CBN-PdlC-F2-20190909,3,1392541,Gentiana brachyphylla,62.838787
CBN-PdlC-F2-20200629,1,1396253,Sibbaldia procumbens,64.564522
CBN-PdlC-F2-20200629,2,1396144,Sedum alpestre,64.403694
CBN-PdlC-F2-20200629,3,1393584,Linaria alpina,61.834682
CBN-PdlC-F2-20200722,1,1396144,Sedum alpestre,66.684204
CBN-PdlC-F2-20200722,2,1392534,Gentiana acaulis,64.954514
CBN-PdlC-F2-20200722,3,1392608,Geum montanum,64.177231
CBN-PdlC-F2-20200812,1,1392534,Gentiana acaulis,63.851002
CBN-PdlC-F2-20200812,2,1359697,Euphrasia willkommii,63.715042
CBN-PdlC-F2-20200812,3,1397381,Euphrasia minima,63.624962
CBN-PdlC-F3-20130723,1,1393200,Homogyne alpina,63.051323
CBN-PdlC-F3-20130723,2,1396253,Sibbaldia procumbens,61.241268
CBN-PdlC-F3-20130723,3,1393584,Linaria alpina,60.747051
CBN-PdlC-F3-20130807,1,1392608,Geum montanum,64.621201
CBN-PdlC-F3-20130807,2,1396253,Sibbaldia procumbens,63.892422
CBN-PdlC-F3-20130807,3,1360299,Geum sylvaticum,62.098782
CBN-PdlC-F3-20130903,1,1392608,Geum montanum,64.032883
CBN-PdlC-F3-20130903,2,1360748,Hydrocotyle vulgaris,62.593254
CBN-PdlC-F3-20130903,3,1741880,Salix serpillifolia,61.984924
CBN-PdlC-F3-20140630,1,1392608,Geum montanum,65.509796
CBN-PdlC-F3-20140630,2,1363543,Stenotaphrum secundatum,60.109940
CBN-PdlC-F3-20140630,3,1396144,Sedum alpestre,59.868950
CBN-PdlC-F3-20140721,1,1392608,Geum montanum,64.000999
CBN-PdlC-F3-20140721,2,1397528,Cardamine bellidifolia,63.017769
CBN-PdlC-F3-20140721,3,1396253,Sibbaldia procumbens,62.998184
CBN-PdlC-F3-20140811,1,1392608,Geum montanum,66.461166
CBN-PdlC-F3-20140811,2,1393200,Homogyne alpina,65.951973
CBN-PdlC-F3-20140811,3,1395807,Salix herbacea,64.140091
CBN-PdlC-F3-20140901,1,1392608,Geum montanum,61.367851
CBN-PdlC-F3-20140901,2,1396253,Sibbaldia procumbens,61.202778
CBN-PdlC-F3-20140901,3,1395807,Salix herbacea,59.865417
CBN-PdlC-F3-20150701,1,1392608,Geum montanum,64.728455
CBN-PdlC-F3-20150701,2,1397528,Cardamine bellidifolia,64.608955
CBN-PdlC-F3-20150701,3,1393659,Luzula alpina,64.082138
CBN-PdlC-F3-20150720,1,1392608,Geum montanum,65.849945
CBN-PdlC-F3-20150720,2,1395807,Salix herbacea,61.222450
CBN-PdlC-F3-20150720,3,1412857,Omalotheca supina,61.069763
CBN-PdlC-F3-20150810,1,1396253,Sibbaldia procumbens,63.748741
CBN-PdlC-F3-20150810,2,1392608,Geum montanum,62.919048
CBN-PdlC-F3-20150810,3,1395807,Salix herbacea,62.200516
CBN-PdlC-F3-20150831,1,1392608,Geum montanum,64.635994
CBN-PdlC-F3-20150831,2,1396253,Sibbaldia procumbens,63.010441
CBN-PdlC-F3-20150831,3,1396838,Trichophorum cespitosum,62.003479
CBN-PdlC-F3-20160705,1,1393659,Luzula alpina,65.501007
CBN-PdlC-F3-20160705,2,1361592,Luzula campestris,63.245205
CBN-PdlC-F3-20160705,3,1412857,Omalotheca supina,62.850002
CBN-PdlC-F3-20160726,1,1392608,Geum montanum,62.481216
CBN-PdlC-F3-20160726,2,1395807,Salix herbacea,61.781551
CBN-PdlC-F3-20160726,3,1396253,Sibbaldia procumbens,60.841660
CBN-PdlC-F3-20170816,1,1396253,Sibbaldia procumbens,60.706238
CBN-PdlC-F3-20170816,2,1356397,Equisetum ramosissimum,59.152977
CBN-PdlC-F3-20170816,3,1359697,Euphrasia willkommii,59.084187
CBN-PdlC-F3-20170906,1,1392608,Geum montanum,62.067329
CBN-PdlC-F3-20170906,2,1396253,Sibbaldia procumbens,61.349995
CBN-PdlC-F3-20170906,3,1393200,Homogyne alpina,60.473732
CBN-PdlC-F3-20180702,1,1393200,Homogyne alpina,65.734238
CBN-PdlC-F3-20180702,2,1396253,Sibbaldia procumbens,62.480408
CBN-PdlC-F3-20180702,3,1397430,Luzula sylvatica,60.401463
CBN-PdlC-F3-20180723,1,1412857,Omalotheca supina,63.934513
CBN-PdlC-F3-20180723,2,1392534,Gentiana acaulis,62.912273
CBN-PdlC-F3-20180723,3,1392535,Gentiana alpina,61.434597
CBN-PdlC-F3-20180815,1,1397381,Euphrasia minima,62.275215
CBN-PdlC-F3-20180815,2,1394311,Oreochloa disticha,60.707321
CBN-PdlC-F3-20180815,3,1392608,Geum montanum,60.268955
CBN-PdlC-F3-20180905,1,1392608,Geum montanum,64.131363
CBN-PdlC-F3-20180905,2,1396253,Sibbaldia procumbens,61.703972
CBN-PdlC-F3-20180905,3,1393200,Homogyne alpina,61.663158
CBN-PdlC-F3-20190701,1,1393659,Luzula alpina,63.426521
CBN-PdlC-F3-20190701,2,1397430,Luzula sylvatica,62.103844
CBN-PdlC-F3-20190701,3,1361592,Luzula campestris,60.938412
CBN-PdlC-F3-20190722,1,1393659,Luzula alpina,64.537529
CBN-PdlC-F3-20190722,2,1392608,Geum montanum,64.122391
CBN-PdlC-F3-20190722,3,1395807,Salix herbacea,63.799751
CBN-PdlC-F3-20190812,1,1392608,Geum montanum,64.232361
CBN-PdlC-F3-20190812,2,1396253,Sibbaldia procumbens,63.408245
CBN-PdlC-F3-20190812,3,1395807,Salix herbacea,62.681499
CBN-PdlC-F3-20190909,1,1396253,Sibbaldia procumbens,63.447914
CBN-PdlC-F3-20190909,2,1392059,Eriophorum angustifolium,62.980850
CBN-PdlC-F3-20190909,3,1392608,Geum montanum,62.169716
CBN-PdlC-F3-20200629,1,1392608,Geum montanum,67.253754
CBN-PdlC-F3-20200629,2,1393200,Homogyne alpina,63.714718
CBN-PdlC-F3-20200629,3,1396253,Sibbaldia procumbens,63.528614
CBN-PdlC-F3-20200722,1,1392114,Alchemilla flabellata,63.370056
CBN-PdlC-F3-20200722,2,1397430,Luzula sylvatica,63.330406
CBN-PdlC-F3-20200722,3,1392608,Geum montanum,62.955097
CBN-PdlC-F3-20200812,1,1395807,Salix herbacea,62.325714
CBN-PdlC-F3-20200812,2,1396253,Sibbaldia procumbens,62.059521
CBN-PdlC-F3-20200812,3,1412857,Omalotheca supina,61.915161
CBN-PdlC-F4-20130723,1,1393200,Homogyne alpina,66.068939
CBN-PdlC-F4-20130723,2,1396253,Sibbaldia procumbens,64.408195
CBN-PdlC-F4-20130723,3,1397430,Luzula sylvatica,61.658024
CBN-PdlC-F4-20130807,1,1392608,Geum montanum,64.698006
CBN-PdlC-F4-20130807,2,1396843,Trifolium alpinum,63.961559
CBN-PdlC-F4-20130807,3,1393200,Homogyne alpina,63.374748
CBN-PdlC-F4-20130903,1,1394542,Phyteuma hemisphaericum,68.994370
CBN-PdlC-F4-20130903,2,1392608,Geum montanum,65.136848
CBN-PdlC-F4-20130903,3,1396843,Trifolium alpinum,63.530373
CBN-PdlC-F4-20140630,1,1393200,Homogyne alpina,67.592712
CBN-PdlC-F4-20140630,2,1392608,Geum montanum,64.365326
CBN-PdlC-F4-20140630,3,1363618,Crassula multicava,61.992237
CBN-PdlC-F4-20140811,1,1393200,Homogyne alpina,68.011063
CBN-PdlC-F4-20140811,2,1392608,Geum montanum,64.978912
CBN-PdlC-F4-20140811,3,1396843,Trifolium alpinum,64.168457
CBN-PdlC-F4-20140901,1,1393200,Homogyne alpina,65.028793
CBN-PdlC-F4-20140901,2,1392608,Geum montanum,63.418743
CBN-PdlC-F4-20140901,3,1396253,Sibbaldia procumbens,62.674007
CBN-PdlC-F4-20150701,1,1392608,Geum montanum,65.633949
CBN-PdlC-F4-20150701,2,1393200,Homogyne alpina,64.507294
CBN-PdlC-F4-20150701,3,1361592,Luzula campestris,63.731544
CBN-PdlC-F4-20150720,1,1396253,Sibbaldia procumbens,64.286636
CBN-PdlC-F4-20150720,2,1392608,Geum montanum,63.736622
CBN-PdlC-F4-20150720,3,1393659,Luzula alpina,62.152321
CBN-PdlC-F4-20150810,1,1392608,Geum montanum,64.826736
CBN-PdlC-F4-20150810,2,1396253,Sibbaldia procumbens,62.609306
CBN-PdlC-F4-20150810,3,1361141,Agrostis rupestris,61.796253
CBN-PdlC-F4-20150831,1,1393200,Homogyne alpina,67.968727
CBN-PdlC-F4-20150831,2,1392534,Gentiana acaulis,64.103989
CBN-PdlC-F4-20150831,3,1392608,Geum montanum,64.025543
CBN-PdlC-F4-20160705,1,1397430,Luzula sylvatica,65.681137
CBN-PdlC-F4-20160705,2,1392608,Geum montanum,65.531204
CBN-PdlC-F4-20160705,3,1393200,Homogyne alpina,65.282898
CBN-PdlC-F4-20160726,1,1392608,Geum montanum,65.572083
CBN-PdlC-F4-20160726,2,1396253,Sibbaldia procumbens,63.082771
CBN-PdlC-F4-20160726,3,1397430,Luzula sylvatica,62.892738
CBN-PdlC-F4-20170816,1,1396253,Sibbaldia procumbens,62.216591
CBN-PdlC-F4-20170816,2,1397386,Festuca scabriculmis,61.686760
CBN-PdlC-F4-20170816,3,1396843,Trifolium alpinum,61.528946
CBN-PdlC-F4-20170906,1,1393200,Homogyne alpina,64.100845
CBN-PdlC-F4-20170906,2,1396253,Sibbaldia procumbens,63.033527
CBN-PdlC-F4-20170906,3,1392608,Geum montanum,62.272095
CBN-PdlC-F4-20180702,1,1393200,Homogyne alpina,65.991463
CBN-PdlC-F4-20180702,2,1392608,Geum montanum,63.667702
CBN-PdlC-F4-20180702,3,1396253,Sibbaldia procumbens,63.568027
CBN-PdlC-F4-20180723,1,1393200,Homogyne alpina,65.543503
CBN-PdlC-F4-20180723,2,1396843,Trifolium alpinum,63.550060
CBN-PdlC-F4-20180723,3,1392608,Geum montanum,63.476631
CBN-PdlC-F4-20180815,1,1392608,Geum montanum,65.321625
CBN-PdlC-F4-20180815,2,1393200,Homogyne alpina,63.677525
CBN-PdlC-F4-20180815,3,1396253,Sibbaldia procumbens,63.618530
CBN-PdlC-F4-20180905,1,1396253,Sibbaldia procumbens,64.595940
CBN-PdlC-F4-20180905,2,1392608,Geum montanum,63.240540
CBN-PdlC-F4-20180905,3,1393200,Homogyne alpina,62.983727
CBN-PdlC-F4-20190701,1,1393200,Homogyne alpina,67.608238
CBN-PdlC-F4-20190701,2,1392608,Geum montanum,64.636925
CBN-PdlC-F4-20190701,3,1397430,Luzula sylvatica,63.197567
CBN-PdlC-F4-20190722,1,1393200,Homogyne alpina,65.337173
CBN-PdlC-F4-20190722,2,1396843,Trifolium alpinum,64.672897
CBN-PdlC-F4-20190722,3,1392608,Geum montanum,64.027344
CBN-PdlC-F4-20190812,1,1392608,Geum montanum,64.382393
CBN-PdlC-F4-20190812,2,1396253,Sibbaldia procumbens,62.848572
CBN-PdlC-F4-20190812,3,1360299,Geum sylvaticum,62.533939
CBN-PdlC-F4-20190909,1,1392608,Geum montanum,64.487122
CBN-PdlC-F4-20190909,2,1393200,Homogyne alpina,64.161911
CBN-PdlC-F4-20190909,3,1396843,Trifolium alpinum,61.779583
CBN-PdlC-F4-20200629,1,1393200,Homogyne alpina,66.413605
CBN-PdlC-F4-20200629,2,1392608,Geum montanum,65.262299
CBN-PdlC-F4-20200629,3,1396253,Sibbaldia procumbens,62.802711
CBN-PdlC-F4-20200722,1,1392608,Geum montanum,64.820190
CBN-PdlC-F4-20200722,2,1393200,Homogyne alpina,64.458595
CBN-PdlC-F4-20200722,3,1361592,Luzula campestris,62.008827
CBN-PdlC-F4-20200812,1,1392608,Geum montanum,65.971283
CBN-PdlC-F4-20200812,2,1393200,Homogyne alpina,62.847458
CBN-PdlC-F4-20200812,3,1396253,Sibbaldia procumbens,62.596325
CBN-PdlC-F5-20130723,1,1396253,Sibbaldia procumbens,63.716171
CBN-PdlC-F5-20130723,2,1394911,Primula integrifolia,60.408604
CBN-PdlC-F5-20130723,3,1392608,Geum montanum,60.272621
CBN-PdlC-F5-20130903,1,1392608,Geum montanum,62.846241
CBN-PdlC-F5-20130903,2,1396843,Trifolium alpinum,62.095009
CBN-PdlC-F5-20130903,3,1396253,Sibbaldia procumbens,62.076195
CBN-PdlC-F5-20140630,1,1396253,Sibbaldia procumbens,64.592819
CBN-PdlC-F5-20140630,2,1392608,Geum montanum,62.850113
CBN-PdlC-F5-20140630,3,1392541,Gentiana brachyphylla,62.214012
CBN-PdlC-F5-20140721,1,1392608,Geum montanum,66.160500
CBN-PdlC-F5-20140721,2,1396253,Sibbaldia procumbens,65.098267
CBN-PdlC-F5-20140721,3,1396843,Trifolium alpinum,62.954647
CBN-PdlC-F5-20140811,1,1392608,Geum montanum,64.902054
CBN-PdlC-F5-20140811,2,1396843,Trifolium alpinum,64.075851
CBN-PdlC-F5-20140811,3,1396253,Sibbaldia procumbens,63.762287
CBN-PdlC-F5-20150701,1,1392608,Geum montanum,66.936363
CBN-PdlC-F5-20150701,2,1394311,Oreochloa disticha,66.481895
CBN-PdlC-F5-20150701,3,1396253,Sibbaldia procumbens,65.015808
CBN-PdlC-F5-20150720,1,1394542,Phyteuma hemisphaericum,65.005638
CBN-PdlC-F5-20150720,2,1392608,Geum montanum,64.965790
CBN-PdlC-F5-20150720,3,1396253,Sibbaldia procumbens,63.123711
CBN-PdlC-F5-20150810,1,1392608,Geum montanum,65.558647
CBN-PdlC-F5-20150810,2,1396253,Sibbaldia procumbens,64.673912
CBN-PdlC-F5-20150810,3,1743471,Festuca glacialis,61.744614
CBN-PdlC-F5-20150831,1,1396253,Sibbaldia procumbens,63.957283
CBN-PdlC-F5-20150831,2,1396843,Trifolium alpinum,62.681389
CBN-PdlC-F5-20150831,3,1392608,Geum montanum,61.555904
CBN-PdlC-F5-20160705,1,1392608,Geum montanum,64.056648
CBN-PdlC-F5-20160705,2,1396253,Sibbaldia procumbens,63.896149
CBN-PdlC-F5-20160705,3,1396843,Trifolium alpinum,62.750725
CBN-PdlC-F5-20160726,1,1361367,Poa alpina,63.585709
CBN-PdlC-F5-20160726,2,1396843,Trifolium alpinum,63.407257
CBN-PdlC-F5-20160726,3,1392608,Geum montanum,63.147865
CBN-PdlC-F5-20170816,1,1396253,Sibbaldia procumbens,63.741600
CBN-PdlC-F5-20170816,2,1390793,Carex curvula,63.123581
CBN-PdlC-F5-20170816,3,1396843,Trifolium alpinum,62.845066
CBN-PdlC-F5-20170906,1,1396253,Sibbaldia procumbens,63.969685
CBN-PdlC-F5-20170906,2,1392608,Geum montanum,61.941559
CBN-PdlC-F5-20170906,3,1396843,Trifolium alpinum,60.686565
CBN-PdlC-F5-20180702,1,1396253,Sibbaldia procumbens,65.307755
CBN-PdlC-F5-20180702,2,1392608,Geum montanum,63.676651
CBN-PdlC-F5-20180702,3,1392541,Gentiana brachyphylla,62.854378
CBN-PdlC-F5-20180723,1,1392608,Geum montanum,65.651451
CBN-PdlC-F5-20180723,2,1396253,Sibbaldia procumbens,63.227982
CBN-PdlC-F5-20180723,3,1396843,Trifolium alpinum,62.722305
CBN-PdlC-F5-20180815,1,1396253,Sibbaldia procumbens,61.890381
CBN-PdlC-F5-20180815,2,1396843,Trifolium alpinum,61.616528
CBN-PdlC-F5-20180815,3,1742053,Omalotheca hoppeana,61.557903
CBN-PdlC-F5-20180905,1,1396253,Sibbaldia procumbens,64.399506
CBN-PdlC-F5-20180905,2,1396843,Trifolium alpinum,62.134804
CBN-PdlC-F5-20180905,3,1392534,Gentiana acaulis,61.018990
CBN-PdlC-F5-20190722,1,1392608,Geum montanum,66.421257
CBN-PdlC-F5-20190722,2,1396843,Trifolium alpinum,64.136581
CBN-PdlC-F5-20190722,3,1390793,Carex curvula,63.106773
CBN-PdlC-F5-20190812,1,1392608,Geum montanum,64.819626
CBN-PdlC-F5-20190812,2,1396253,Sibbaldia procumbens,62.550045
CBN-PdlC-F5-20190812,3,1396843,Trifolium alpinum,61.992119
CBN-PdlC-F5-20190909,1,1397386,Festuca scabriculmis,64.559036
CBN-PdlC-F5-20190909,2,1396253,Sibbaldia procumbens,63.606224
CBN-PdlC-F5-20190909,3,1392608,Geum montanum,63.600487
CBN-PdlC-F5-20200629,1,1392608,Geum montanum,64.892708
CBN-PdlC-F5-20200629,2,1396253,Sibbaldia procumbens,64.500778
CBN-PdlC-F5-20200629,3,1392534,Gentiana acaulis,61.294182
CBN-PdlC-F5-20200722,1,1392608,Geum montanum,64.102051
CBN-PdlC-F5-20200722,2,1396843,Trifolium alpinum,63.808971
CBN-PdlC-F5-20200722,3,1390793,Carex curvula,63.299793
CBN-PdlC-F5-20200812,1,1396843,Trifolium alpinum,63.428371
CBN-PdlC-F5-20200812,2,1396253,Sibbaldia procumbens,62.163788
CBN-PdlC-F5-20200812,3,1395807,Salix herbacea,61.410835
CBN-PdlC-F6-20130723,1,1396843,Trifolium alpinum,61.850822
CBN-PdlC-F6-20130723,2,1396253,Sibbaldia procumbens,60.157372
CBN-PdlC-F6-20130723,3,1390793,Carex curvula,60.089085
CBN-PdlC-F6-20130807,1,1393200,Homogyne alpina,64.066574
CBN-PdlC-F6-20130807,2,1390793,Carex curvula,63.291222
CBN-PdlC-F6-20130807,3,1744479,Armeria bigerrensis,60.630020
CBN-PdlC-F6-20130903,1,1390793,Carex curvula,67.515274
CBN-PdlC-F6-20130903,2,1744060,Pseudopodospermum boeticum,63.825287
CBN-PdlC-F6-20130903,3,1396843,Trifolium alpinum,62.421127
CBN-PdlC-F6-20140630,1,1390793,Carex curvula,62.228661
CBN-PdlC-F6-20140630,2,1390761,Carex arenaria,59.774445
CBN-PdlC-F6-20140630,3,1390874,Carex myosuroides,58.746857
CBN-PdlC-F6-20140721,1,1390793,Carex curvula,64.563705
CBN-PdlC-F6-20140721,2,1393200,Homogyne alpina,64.017097
CBN-PdlC-F6-20140721,3,1392534,Gentiana acaulis,63.877647
CBN-PdlC-F6-20140811,1,1393200,Homogyne alpina,67.976830
CBN-PdlC-F6-20140811,2,1392535,Gentiana alpina,65.707527
CBN-PdlC-F6-20140811,3,1394311,Oreochloa disticha,64.696587
CBN-PdlC-F6-20150701,1,1393200,Homogyne alpina,68.607620
CBN-PdlC-F6-20150701,2,1392535,Gentiana alpina,64.840225
CBN-PdlC-F6-20150701,3,1396843,Trifolium alpinum,62.533089
CBN-PdlC-F6-20150720,1,1392608,Geum montanum,63.883102
CBN-PdlC-F6-20150720,2,1396843,Trifolium alpinum,63.007706
CBN-PdlC-F6-20150720,3,1394542,Phyteuma hemisphaericum,62.817394
CBN-PdlC-F6-20150810,1,1393200,Homogyne alpina,63.086044
CBN-PdlC-F6-20150810,2,1396843,Trifolium alpinum,63.032089
CBN-PdlC-F6-20150810,3,1361367,Poa alpina,62.929417
CBN-PdlC-F6-20150831,1,1392608,Geum montanum,65.543877
CBN-PdlC-F6-20150831,2,1396843,Trifolium alpinum,63.549431
CBN-PdlC-F6-20150831,3,1390793,Carex curvula,63.514771
CBN-PdlC-F6-20160705,1,1397528,Cardamine bellidifolia,63.923248
CBN-PdlC-F6-20160705,2,1396843,Trifolium alpinum,61.725365
CBN-PdlC-F6-20160705,3,1394311,Oreochloa disticha,61.358170
CBN-PdlC-F6-20160726,1,1392534,Gentiana acaulis,66.134415
CBN-PdlC-F6-20160726,2,1396843,Trifolium alpinum,64.364746
CBN-PdlC-F6-20160726,3,1392608,Geum montanum,64.026932
CBN-PdlC-F6-20170816,1,1393200,Homogyne alpina,66.898697
CBN-PdlC-F6-20170816,2,1390793,Carex curvula,64.917198
CBN-PdlC-F6-20170816,3,1396843,Trifolium alpinum,63.606304
CBN-PdlC-F6-20170906,1,1392608,Geum montanum,62.426571
CBN-PdlC-F6-20170906,2,1396843,Trifolium alpinum,62.189728
CBN-PdlC-F6-20170906,3,1393200,Homogyne alpina,62.053192
CBN-PdlC-F6-20180702,1,1396843,Trifolium alpinum,61.467007
CBN-PdlC-F6-20180702,2,1393200,Homogyne alpina,60.855675
CBN-PdlC-F6-20180702,3,1418688,Arctous alpina,59.871765
CBN-PdlC-F6-20180723,1,1396843,Trifolium alpinum,63.953419
CBN-PdlC-F6-20180723,2,1392534,Gentiana acaulis,61.796181
CBN-PdlC-F6-20180723,3,1392535,Gentiana alpina,61.762527
CBN-PdlC-F6-20180815,1,1741624,Lotus alpinus,63.898159
CBN-PdlC-F6-20180815,2,1396253,Sibbaldia procumbens,61.087849
CBN-PdlC-F6-20180815,3,1393200,Homogyne alpina,60.999607
CBN-PdlC-F6-20180905,1,1393200,Homogyne alpina,68.978569
CBN-PdlC-F6-20180905,2,1396843,Trifolium alpinum,63.764389
CBN-PdlC-F6-20180905,3,1363543,Stenotaphrum secundatum,60.880238
CBN-PdlC-F6-20190722,1,1396843,Trifolium alpinum,64.606567
CBN-PdlC-F6-20190722,2,1392608,Geum montanum,64.554596
CBN-PdlC-F6-20190722,3,1390793,Carex curvula,64.124725
CBN-PdlC-F6-20190812,1,1396843,Trifolium alpinum,62.885792
CBN-PdlC-F6-20190812,2,1361367,Poa alpina,62.288120
CBN-PdlC-F6-20190812,3,1392608,Geum montanum,61.225136
CBN-PdlC-F6-20190909,1,1394311,Oreochloa disticha,63.618397
CBN-PdlC-F6-20190909,2,1393200,Homogyne alpina,63.602142
CBN-PdlC-F6-20190909,3,1395807,Salix herbacea,62.602921
CBN-PdlC-F6-20200629,1,1392608,Geum montanum,64.341537
CBN-PdlC-F6-20200629,2,1393200,Homogyne alpina,64.039444
CBN-PdlC-F6-20200629,3,1390793,Carex curvula,63.765678
CBN-PdlC-F6-20200722,1,1393200,Homogyne alpina,66.896469
CBN-PdlC-F6-20200722,2,1394311,Oreochloa disticha,65.442162
CBN-PdlC-F6-20200722,3,1390793,Carex curvula,65.192413
CBN-PdlC-F6-20200812,1,1390793,Carex curvula,65.914207
CBN-PdlC-F6-20200812,2,1392534,Gentiana acaulis,65.579041
CBN-PdlC-F6-20200812,3,1393200,Homogyne alpina,64.924835
CBN-Pla-A1-20130808,1,1396253,Sibbaldia procumbens,64.462067
CBN-Pla-A1-20130808,2,1397475,Rhododendron ferrugineum,64.362923
CBN-Pla-A1-20130808,3,1395807,Salix herbacea,63.582428
CBN-Pla-A1-20130904,1,1397475,Rhododendron ferrugineum,64.468445
CBN-Pla-A1-20130904,2,1396253,Sibbaldia procumbens,62.221878
CBN-Pla-A1-20130904,3,1363133,Triglochin striata,61.105362
CBN-Pla-A1-20140722,1,1397475,Rhododendron ferrugineum,64.450233
CBN-Pla-A1-20140722,2,1396253,Sibbaldia procumbens,62.722023
CBN-Pla-A1-20140722,3,1395949,Saxifraga bryoides,60.408638
CBN-Pla-A1-20140812,1,1397475,Rhododendron ferrugineum,64.835167
CBN-Pla-A1-20140812,2,1396253,Sibbaldia procumbens,64.081619
CBN-Pla-A1-20140812,3,1400176,Bistorta vivipara,64.058296
CBN-Pla-A1-20140902,1,1397475,Rhododendron ferrugineum,61.725361
CBN-Pla-A1-20140902,2,1392241,Alchemilla pentaphyllea,61.470997
CBN-Pla-A1-20140902,3,1394311,Oreochloa disticha,58.669098
CBN-Pla-A1-20150702,1,1397475,Rhododendron ferrugineum,62.316437
CBN-Pla-A1-20150702,2,1396253,Sibbaldia procumbens,60.079903
CBN-Pla-A1-20150702,3,1390793,Carex curvula,58.234810
CBN-Pla-A1-20150723,1,1397475,Rhododendron ferrugineum,64.077393
CBN-Pla-A1-20150723,2,1396253,Sibbaldia procumbens,62.103798
CBN-Pla-A1-20150723,3,1361367,Poa alpina,61.668621
CBN-Pla-A1-20150811,1,1397475,Rhododendron ferrugineum,64.162949
CBN-Pla-A1-20150811,2,1741880,Salix serpillifolia,62.534832
CBN-Pla-A1-20150811,3,1396253,Sibbaldia procumbens,62.510845
CBN-Pla-A1-20150901,1,1400176,Bistorta vivipara,64.984497
CBN-Pla-A1-20150901,2,1397475,Rhododendron ferrugineum,63.978512
CBN-Pla-A1-20150901,3,1742053,Omalotheca hoppeana,63.931755
CBN-Pla-A1-20160707,1,1397475,Rhododendron ferrugineum,62.958405
CBN-Pla-A1-20160707,2,1396253,Sibbaldia procumbens,61.405869
CBN-Pla-A1-20160707,3,1362738,Filago asterisciflora,60.758251
CBN-Pla-A1-20160728,1,1397475,Rhododendron ferrugineum,63.742943
CBN-Pla-A1-20160728,2,1396253,Sibbaldia procumbens,62.049820
CBN-Pla-A1-20160728,3,1395807,Salix herbacea,61.173725
CBN-Pla-A1-20180724,1,1397475,Rhododendron ferrugineum,63.589951
CBN-Pla-A1-20180724,2,1390793,Carex curvula,57.621147
CBN-Pla-A1-20180724,3,1397279,Alchemilla alpina,57.553860
CBN-Pla-A1-20180816,1,1397475,Rhododendron ferrugineum,63.963028
CBN-Pla-A1-20180816,2,1400176,Bistorta vivipara,63.445267
CBN-Pla-A1-20180816,3,1396253,Sibbaldia procumbens,62.737404
CBN-Pla-A1-20180906,1,1397475,Rhododendron ferrugineum,61.921528
CBN-Pla-A1-20180906,2,1395807,Salix herbacea,61.651688
CBN-Pla-A1-20180906,3,1412857,Omalotheca supina,61.270645
CBN-Pla-A1-20190723,1,1397475,Rhododendron ferrugineum,62.503471
CBN-Pla-A1-20190723,2,1392241,Alchemilla pentaphyllea,62.327385
CBN-Pla-A1-20190723,3,1388766,Botrychium simplex,62.112137
CBN-Pla-A1-20190814,1,1397475,Rhododendron ferrugineum,63.545742
CBN-Pla-A1-20190814,2,1394643,Antennaria dioica,62.215858
CBN-Pla-A1-20190814,3,1412857,Omalotheca supina,62.027485
CBN-Pla-A1-20200630,1,1741564,Carex aterrima,57.682167
CBN-Pla-A1-20200630,2,1400182,Bolboschoenus planiculmis,55.378151
CBN-Pla-A1-20200630,3,1366028,Utricularia subulata,54.593109
CBN-Pla-A1-20200723,1,1400176,Bistorta vivipara,64.850555
CBN-Pla-A1-20200723,2,1397500,Soldanella alpina,64.516579
CBN-Pla-A1-20200723,3,1397475,Rhododendron ferrugineum,64.276657
CBN-Pla-A1-20200814,1,1412857,Omalotheca supina,66.781647
CBN-Pla-A1-20200814,2,1392552,Gentiana nivalis,66.117004
CBN-Pla-A1-20200814,3,1742053,Omalotheca hoppeana,64.233009
CBN-Pla-A2-20130724,1,1396015,Saxifraga moschata,58.402485
CBN-Pla-A2-20130724,2,1529402,Sempervivum minutum,58.282982
CBN-Pla-A2-20130724,3,1397549,Saxifraga paniculata,56.832115
CBN-Pla-A2-20130808,1,1396253,Sibbaldia procumbens,62.728596
CBN-Pla-A2-20130808,2,1395807,Salix herbacea,61.883125
CBN-Pla-A2-20130808,3,1412857,Omalotheca supina,61.109768
CBN-Pla-A2-20130904,1,1396015,Saxifraga moschata,64.965088
CBN-Pla-A2-20130904,2,1395973,Saxifraga exarata,63.995499
CBN-Pla-A2-20130904,3,1395807,Salix herbacea,63.613205
CBN-Pla-A2-20140722,1,1395973,Saxifraga exarata,62.185108
CBN-Pla-A2-20140722,2,1396015,Saxifraga moschata,62.082367
CBN-Pla-A2-20140722,3,1395949,Saxifraga bryoides,61.577095
CBN-Pla-A2-20140812,1,1396144,Sedum alpestre,64.899292
CBN-Pla-A2-20140812,2,1361374,Poa ligulata,64.382629
CBN-Pla-A2-20140812,3,1396015,Saxifraga moschata,63.852921
CBN-Pla-A2-20140902,1,1395949,Saxifraga bryoides,64.837799
CBN-Pla-A2-20140902,2,1396015,Saxifraga moschata,64.405563
CBN-Pla-A2-20140902,3,1361367,Poa alpina,62.896114
CBN-Pla-A2-20150702,1,1396253,Sibbaldia procumbens,61.329639
CBN-Pla-A2-20150702,2,1412857,Omalotheca supina,61.228500
CBN-Pla-A2-20150702,3,1396015,Saxifraga moschata,60.869286
CBN-Pla-A2-20150723,1,1742053,Omalotheca hoppeana,63.714558
CBN-Pla-A2-20150723,2,1396015,Saxifraga moschata,63.600044
CBN-Pla-A2-20150723,3,1412857,Omalotheca supina,63.024529
CBN-Pla-A2-20150811,1,1392552,Gentiana nivalis,66.069328
CBN-Pla-A2-20150811,2,1396015,Saxifraga moschata,63.973518
CBN-Pla-A2-20150811,3,1392566,Gentiana utriculosa,63.221321
CBN-Pla-A2-20150901,1,1396015,Saxifraga moschata,66.108177
CBN-Pla-A2-20150901,2,1392552,Gentiana nivalis,65.943710
CBN-Pla-A2-20150901,3,1412857,Omalotheca supina,64.728279
CBN-Pla-A2-20160707,1,1396015,Saxifraga moschata,63.838722
CBN-Pla-A2-20160707,2,1412857,Omalotheca supina,62.997257
CBN-Pla-A2-20160707,3,1396253,Sibbaldia procumbens,62.433941
CBN-Pla-A2-20160728,1,1394643,Antennaria dioica,64.451538
CBN-Pla-A2-20160728,2,1395807,Salix herbacea,62.242104
CBN-Pla-A2-20160728,3,1741880,Salix serpillifolia,61.522884
CBN-Pla-A2-20180724,1,1396180,Sempervivum montanum,63.833183
CBN-Pla-A2-20180724,2,1396018,Saxifraga oppositifolia,61.869576
CBN-Pla-A2-20180724,3,1395949,Saxifraga bryoides,61.306641
CBN-Pla-A2-20180816,1,1396015,Saxifraga moschata,64.514008
CBN-Pla-A2-20180816,2,1396253,Sibbaldia procumbens,64.028275
CBN-Pla-A2-20180816,3,1412857,Omalotheca supina,63.413723
CBN-Pla-A2-20180906,1,1396015,Saxifraga moschata,65.763031
CBN-Pla-A2-20180906,2,1395949,Saxifraga bryoides,64.117416
CBN-Pla-A2-20180906,3,1395973,Saxifraga exarata,63.232758
CBN-Pla-A2-20190723,1,1412857,Omalotheca supina,65.421494
CBN-Pla-A2-20190723,2,1742053,Omalotheca hoppeana,63.978630
CBN-Pla-A2-20190723,3,1396253,Sibbaldia procumbens,62.470284
CBN-Pla-A2-20190814,1,1396144,Sedum alpestre,65.941139
CBN-Pla-A2-20190814,2,1396015,Saxifraga moschata,63.902691
CBN-Pla-A2-20190814,3,1396253,Sibbaldia procumbens,63.583775
CBN-Pla-A2-20200723,1,1397043,Veronica alpina,63.716770
CBN-Pla-A2-20200723,2,1396015,Saxifraga moschata,63.206623
CBN-Pla-A2-20200723,3,1396253,Sibbaldia procumbens,63.104008
CBN-Pla-A2-20200814,1,1742053,Omalotheca hoppeana,67.326340
CBN-Pla-A2-20200814,2,1412857,Omalotheca supina,65.686752
CBN-Pla-A2-20200814,3,1396015,Saxifraga moschata,65.177620
CBN-Pla-A3-20130724,1,1392534,Gentiana acaulis,58.856167
CBN-Pla-A3-20130724,2,1528543,Crassula nudicaulis,57.382767
CBN-Pla-A3-20130724,3,1529410,Sempervivum vicentei,57.361961
CBN-Pla-A3-20130808,1,1396253,Sibbaldia procumbens,63.388283
CBN-Pla-A3-20130808,2,1395807,Salix herbacea,62.154026
CBN-Pla-A3-20130808,3,1412857,Omalotheca supina,61.730877
CBN-Pla-A3-20130904,1,1395870,Salix retusa,63.412167
CBN-Pla-A3-20130904,2,1397046,Veronica bellidioides,62.172565
CBN-Pla-A3-20130904,3,1741880,Salix serpillifolia,61.628819
CBN-Pla-A3-20140722,1,1390793,Carex curvula,60.037247
CBN-Pla-A3-20140722,2,1363543,Stenotaphrum secundatum,58.763836
CBN-Pla-A3-20140722,3,1528543,Crassula nudicaulis,58.460892
CBN-Pla-A3-20140812,1,1395807,Salix herbacea,62.885056
CBN-Pla-A3-20140812,2,1396843,Trifolium alpinum,62.202026
CBN-Pla-A3-20140812,3,1741880,Salix serpillifolia,61.756344
CBN-Pla-A3-20140902,1,1361367,Poa alpina,62.643375
CBN-Pla-A3-20140902,2,1395807,Salix herbacea,62.144806
CBN-Pla-A3-20140902,3,1397043,Veronica alpina,61.276253
CBN-Pla-A3-20150702,1,1396144,Sedum alpestre,63.635162
CBN-Pla-A3-20150702,2,1396843,Trifolium alpinum,61.186653
CBN-Pla-A3-20150702,3,1395870,Salix retusa,59.572662
CBN-Pla-A3-20150723,1,1395807,Salix herbacea,61.260872
CBN-Pla-A3-20150723,2,1397043,Veronica alpina,60.598087
CBN-Pla-A3-20150723,3,1361367,Poa alpina,60.561653
CBN-Pla-A3-20150811,1,1396144,Sedum alpestre,63.974586
CBN-Pla-A3-20150811,2,1395807,Salix herbacea,60.933086
CBN-Pla-A3-20150811,3,1412857,Omalotheca supina,60.836040
CBN-Pla-A3-20150901,1,1412857,Omalotheca supina,62.358795
CBN-Pla-A3-20150901,2,1395807,Salix herbacea,62.301567
CBN-Pla-A3-20150901,3,1396253,Sibbaldia procumbens,62.115585
CBN-Pla-A3-20160707,1,1396144,Sedum alpestre,65.073563
CBN-Pla-A3-20160707,2,1741880,Salix serpillifolia,61.293831
CBN-Pla-A3-20160707,3,1363543,Stenotaphrum secundatum,60.185043
CBN-Pla-A3-20160728,1,1396144,Sedum alpestre,64.319878
CBN-Pla-A3-20160728,2,1397043,Veronica alpina,63.471043
CBN-Pla-A3-20160728,3,1412857,Omalotheca supina,63.159943
CBN-Pla-A3-20180724,1,1394643,Antennaria dioica,60.551571
CBN-Pla-A3-20180724,2,1396144,Sedum alpestre,59.249283
CBN-Pla-A3-20180724,3,1396754,Thesium alpinum,57.776424
CBN-Pla-A3-20180816,1,1397043,Veronica alpina,63.046543
CBN-Pla-A3-20180816,2,1395807,Salix herbacea,62.243752
CBN-Pla-A3-20180816,3,1396144,Sedum alpestre,62.230137
CBN-Pla-A3-20180906,1,1396144,Sedum alpestre,65.232330
CBN-Pla-A3-20180906,2,1412857,Omalotheca supina,62.472733
CBN-Pla-A3-20180906,3,1395807,Salix herbacea,62.389858
CBN-Pla-A3-20190723,1,1396144,Sedum alpestre,63.731285
CBN-Pla-A3-20190723,2,1395807,Salix herbacea,61.637650
CBN-Pla-A3-20190723,3,1361367,Poa alpina,60.357780
CBN-Pla-A3-20190814,1,1647180,Armeria transmontana,60.846039
CBN-Pla-A3-20190814,2,1361367,Poa alpina,60.843552
CBN-Pla-A3-20190814,3,1396843,Trifolium alpinum,60.746307
CBN-Pla-A3-20200723,1,1395807,Salix herbacea,63.282784
CBN-Pla-A3-20200723,2,1397043,Veronica alpina,62.607586
CBN-Pla-A3-20200723,3,1361367,Poa alpina,61.605232
CBN-Pla-A3-20200814,1,1392541,Gentiana brachyphylla,64.478706
CBN-Pla-A3-20200814,2,1396144,Sedum alpestre,63.894764
CBN-Pla-A3-20200814,3,1396843,Trifolium alpinum,63.770615
CBN-Pla-A4-20130724,1,1363543,Stenotaphrum secundatum,58.110298
CBN-Pla-A4-20130724,2,1609716,Epilobium komarovianum,57.250420
CBN-Pla-A4-20130724,3,1392541,Gentiana brachyphylla,57.000969
CBN-Pla-A4-20130808,1,1741880,Salix serpillifolia,66.454437
CBN-Pla-A4-20130808,2,1395870,Salix retusa,64.507629
CBN-Pla-A4-20130808,3,1395807,Salix herbacea,62.723969
CBN-Pla-A4-20130904,1,1741880,Salix serpillifolia,66.309074
CBN-Pla-A4-20130904,2,1395870,Salix retusa,65.713058
CBN-Pla-A4-20130904,3,1395807,Salix herbacea,62.954269
CBN-Pla-A4-20140722,1,1390793,Carex curvula,60.999695
CBN-Pla-A4-20140722,2,1395870,Salix retusa,59.341698
CBN-Pla-A4-20140722,3,1741880,Salix serpillifolia,58.602180
CBN-Pla-A4-20140812,1,1395870,Salix retusa,65.660065
CBN-Pla-A4-20140812,2,1741880,Salix serpillifolia,64.858833
CBN-Pla-A4-20140812,3,1395807,Salix herbacea,64.048492
CBN-Pla-A4-20140902,1,1741880,Salix serpillifolia,66.728683
CBN-Pla-A4-20140902,2,1395870,Salix retusa,66.342850
CBN-Pla-A4-20140902,3,1395807,Salix herbacea,62.289062
CBN-Pla-A4-20150702,1,1390793,Carex curvula,59.413994
CBN-Pla-A4-20150702,2,1418688,Arctous alpina,58.727787
CBN-Pla-A4-20150702,3,1588800,Gagea luberonensis,57.624493
CBN-Pla-A4-20150723,1,1395870,Salix retusa,68.248207
CBN-Pla-A4-20150723,2,1741880,Salix serpillifolia,67.208771
CBN-Pla-A4-20150723,3,1396869,Trifolium thalii,65.045082
CBN-Pla-A4-20150811,1,1741880,Salix serpillifolia,67.588722
CBN-Pla-A4-20150811,2,1395870,Salix retusa,66.047729
CBN-Pla-A4-20150811,3,1395718,Sagina saginoides,63.982014
CBN-Pla-A4-20150901,1,1395870,Salix retusa,66.522614
CBN-Pla-A4-20150901,2,1741880,Salix serpillifolia,65.877914
CBN-Pla-A4-20150901,3,1395718,Sagina saginoides,65.472946
CBN-Pla-A4-20160707,1,1741880,Salix serpillifolia,60.236195
CBN-Pla-A4-20160707,2,1395870,Salix retusa,60.106853
CBN-Pla-A4-20160707,3,1394311,Oreochloa disticha,59.574543
CBN-Pla-A4-20160728,1,1395807,Salix herbacea,62.450024
CBN-Pla-A4-20160728,2,1395718,Sagina saginoides,62.300766
CBN-Pla-A4-20160728,3,1397043,Veronica alpina,61.912117
CBN-Pla-A4-20180724,1,1392522,Genista pulchella,59.281342
CBN-Pla-A4-20180724,2,1363543,Stenotaphrum secundatum,57.691475
CBN-Pla-A4-20180724,3,1609716,Epilobium komarovianum,56.854141
CBN-Pla-A4-20180816,1,1395870,Salix retusa,64.753433
CBN-Pla-A4-20180816,2,1741880,Salix serpillifolia,64.154938
CBN-Pla-A4-20180816,3,1397043,Veronica alpina,62.497986
CBN-Pla-A4-20180906,1,1395870,Salix retusa,66.019913
CBN-Pla-A4-20180906,2,1741880,Salix serpillifolia,64.837730
CBN-Pla-A4-20180906,3,1397043,Veronica alpina,62.174564
CBN-Pla-A4-20190723,1,1741880,Salix serpillifolia,64.287323
CBN-Pla-A4-20190723,2,1395870,Salix retusa,63.686749
CBN-Pla-A4-20190723,3,1395807,Salix herbacea,60.772919
CBN-Pla-A4-20190814,1,1741880,Salix serpillifolia,63.588280
CBN-Pla-A4-20190814,2,1395870,Salix retusa,63.419155
CBN-Pla-A4-20190814,3,1395807,Salix herbacea,60.949783
CBN-Pla-A4-20200723,1,1741880,Salix serpillifolia,65.095581
CBN-Pla-A4-20200723,2,1395870,Salix retusa,64.049065
CBN-Pla-A4-20200723,3,1396253,Sibbaldia procumbens,62.585358
CBN-Pla-A4-20200814,1,1395870,Salix retusa,63.917671
CBN-Pla-A4-20200814,2,1741880,Salix serpillifolia,63.210739
CBN-Pla-A4-20200814,3,1395807,Salix herbacea,62.735977
CBN-Pla-A5-20130724,1,1727501,Soliva mexicana,58.178112
CBN-Pla-A5-20130724,2,1418688,Arctous alpina,57.850616
CBN-Pla-A5-20130724,3,1741880,Salix serpillifolia,57.206894
CBN-Pla-A5-20130808,1,1741880,Salix serpillifolia,67.366409
CBN-Pla-A5-20130808,2,1395870,Salix retusa,66.417999
CBN-Pla-A5-20130808,3,1395862,Salix pyrenaica,62.036781
CBN-Pla-A5-20130904,1,1741880,Salix serpillifolia,68.077934
CBN-Pla-A5-20130904,2,1395870,Salix retusa,66.756927
CBN-Pla-A5-20130904,3,1397386,Festuca scabriculmis,63.674362
CBN-Pla-A5-20140722,1,1647156,Armeria humilis,59.114700
CBN-Pla-A5-20140722,2,1395870,Salix retusa,58.685844
CBN-Pla-A5-20140722,3,1396144,Sedum alpestre,58.210709
CBN-Pla-A5-20140812,1,1741880,Salix serpillifolia,66.518211
CBN-Pla-A5-20140812,2,1395870,Salix retusa,66.027191
CBN-Pla-A5-20140812,3,1412857,Omalotheca supina,64.100609
CBN-Pla-A5-20140902,1,1395870,Salix retusa,66.722916
CBN-Pla-A5-20140902,2,1741880,Salix serpillifolia,66.696259
CBN-Pla-A5-20140902,3,1361367,Poa alpina,61.385349
CBN-Pla-A5-20150702,1,1396094,Arenaria biflora,59.275131
CBN-Pla-A5-20150702,2,1741880,Salix serpillifolia,57.697304
CBN-Pla-A5-20150702,3,1412857,Omalotheca supina,57.659630
CBN-Pla-A5-20150723,1,1395870,Salix retusa,66.006149
CBN-Pla-A5-20150723,2,1741880,Salix serpillifolia,65.665115
CBN-Pla-A5-20150723,3,1742053,Omalotheca hoppeana,60.593605
CBN-Pla-A5-20150811,1,1741880,Salix serpillifolia,66.824059
CBN-Pla-A5-20150811,2,1395870,Salix retusa,66.437912
CBN-Pla-A5-20150811,3,1742053,Omalotheca hoppeana,62.290749
CBN-Pla-A5-20160707,1,1741880,Salix serpillifolia,63.409737
CBN-Pla-A5-20160707,2,1396253,Sibbaldia procumbens,60.474747
CBN-Pla-A5-20160707,3,1412857,Omalotheca supina,60.096184
CBN-Pla-A5-20160728,1,1395870,Salix retusa,65.591148
CBN-Pla-A5-20160728,2,1741880,Salix serpillifolia,65.522179
CBN-Pla-A5-20160728,3,1396144,Sedum alpestre,63.330395
CBN-Pla-A5-20180724,1,1390837,Carex humilis,58.063187
CBN-Pla-A5-20180724,2,1741880,Salix serpillifolia,57.784695
CBN-Pla-A5-20180724,3,1390793,Carex curvula,56.893471
CBN-Pla-A5-20180816,1,1395870,Salix retusa,66.373024
CBN-Pla-A5-20180816,2,1741880,Salix serpillifolia,65.910316
CBN-Pla-A5-20180816,3,1742053,Omalotheca hoppeana,61.712410
CBN-Pla-A5-20180906,1,1395870,Salix retusa,66.829193
CBN-Pla-A5-20180906,2,1741880,Salix serpillifolia,65.975334
CBN-Pla-A5-20180906,3,1412857,Omalotheca supina,64.657631
CBN-Pla-A5-20190723,1,1741880,Salix serpillifolia,66.525360
CBN-Pla-A5-20190723,2,1395870,Salix retusa,65.028412
CBN-Pla-A5-20190723,3,1394542,Phyteuma hemisphaericum,61.715477
CBN-Pla-A5-20190814,1,1395870,Salix retusa,66.927948
CBN-Pla-A5-20190814,2,1412857,Omalotheca supina,65.746048
CBN-Pla-A5-20190814,3,1741880,Salix serpillifolia,65.703758
CBN-Pla-A5-20200723,1,1741880,Salix serpillifolia,64.936028
CBN-Pla-A5-20200723,2,1395870,Salix retusa,64.910843
CBN-Pla-A5-20200723,3,1395807,Salix herbacea,61.726978
CBN-Pla-A5-20200814,1,1395870,Salix retusa,66.433060
CBN-Pla-A5-20200814,2,1741880,Salix serpillifolia,65.316742
CBN-Pla-A5-20200814,3,1395862,Salix pyrenaica,62.288116
CBN-Pla-A6-20130724,1,1358099,Sedum brevifolium,58.700287
CBN-Pla-A6-20130724,2,1395870,Salix retusa,58.140846
CBN-Pla-A6-20130724,3,1418688,Arctous alpina,57.508949
CBN-Pla-A6-20130808,1,1741880,Salix serpillifolia,65.045067
CBN-Pla-A6-20130808,2,1395870,Salix retusa,64.595306
CBN-Pla-A6-20130808,3,1396253,Sibbaldia procumbens,63.365742
CBN-Pla-A6-20130904,1,1395870,Salix retusa,67.213257
CBN-Pla-A6-20130904,2,1741880,Salix serpillifolia,66.603050
CBN-Pla-A6-20130904,3,1395807,Salix herbacea,62.387169
CBN-Pla-A6-20140722,1,1741880,Salix serpillifolia,62.893738
CBN-Pla-A6-20140722,2,1396253,Sibbaldia procumbens,61.325615
CBN-Pla-A6-20140722,3,1395870,Salix retusa,61.169052
CBN-Pla-A6-20140812,1,1741880,Salix serpillifolia,65.831223
CBN-Pla-A6-20140812,2,1396144,Sedum alpestre,64.895409
CBN-Pla-A6-20140812,3,1395870,Salix retusa,64.489136
CBN-Pla-A6-20140902,1,1395870,Salix retusa,64.245728
CBN-Pla-A6-20140902,2,1741880,Salix serpillifolia,63.899281
CBN-Pla-A6-20140902,3,1361367,Poa alpina,62.324131
CBN-Pla-A6-20150702,1,1396253,Sibbaldia procumbens,61.443127
CBN-Pla-A6-20150702,2,1396094,Arenaria biflora,61.339508
CBN-Pla-A6-20150702,3,1741880,Salix serpillifolia,60.666901
CBN-Pla-A6-20150723,1,1395870,Salix retusa,64.660011
CBN-Pla-A6-20150723,2,1741880,Salix serpillifolia,64.002724
CBN-Pla-A6-20150723,3,1396869,Trifolium thalii,63.675716
CBN-Pla-A6-20150811,1,1741880,Salix serpillifolia,64.904305
CBN-Pla-A6-20150811,2,1395870,Salix retusa,64.892693
CBN-Pla-A6-20150811,3,1396843,Trifolium alpinum,62.495510
CBN-Pla-A6-20150901,1,1395870,Salix retusa,64.950058
CBN-Pla-A6-20150901,2,1396843,Trifolium alpinum,63.723610
CBN-Pla-A6-20150901,3,1741880,Salix serpillifolia,63.436874
CBN-Pla-A6-20160707,1,1390793,Carex curvula,60.392784
CBN-Pla-A6-20160707,2,1395807,Salix herbacea,59.906548
CBN-Pla-A6-20160707,3,1358099,Sedum brevifolium,59.598976
CBN-Pla-A6-20160728,1,1395870,Salix retusa,63.827892
CBN-Pla-A6-20160728,2,1741880,Salix serpillifolia,63.348183
CBN-Pla-A6-20160728,3,1395807,Salix herbacea,61.920704
CBN-Pla-A6-20180724,1,1396018,Saxifraga oppositifolia,60.821960
CBN-Pla-A6-20180724,2,1390793,Carex curvula,58.836685
CBN-Pla-A6-20180724,3,1396030,Saxifraga retusa,57.987801
CBN-Pla-A6-20180816,1,1395870,Salix retusa,64.250626
CBN-Pla-A6-20180816,2,1741880,Salix serpillifolia,63.179955
CBN-Pla-A6-20180816,3,1395807,Salix herbacea,61.347084
CBN-Pla-A6-20180906,1,1396144,Sedum alpestre,63.545513
CBN-Pla-A6-20180906,2,1395870,Salix retusa,62.542130
CBN-Pla-A6-20180906,3,1395807,Salix herbacea,62.163414
CBN-Pla-A6-20190723,1,1395870,Salix retusa,63.558495
CBN-Pla-A6-20190723,2,1395862,Salix pyrenaica,62.227612
CBN-Pla-A6-20190723,3,1741880,Salix serpillifolia,60.372898
CBN-Pla-A6-20190814,1,1361367,Poa alpina,65.096550
CBN-Pla-A6-20190814,2,1395718,Sagina saginoides,65.030571
CBN-Pla-A6-20190814,3,1396843,Trifolium alpinum,64.906693
CBN-Pla-A6-20200723,1,1741880,Salix serpillifolia,65.479218
CBN-Pla-A6-20200723,2,1395870,Salix retusa,63.417336
CBN-Pla-A6-20200723,3,1580587,Lotus glacialis,62.883327
CBN-Pla-A6-20200814,1,1741624,Lotus alpinus,63.799957
CBN-Pla-A6-20200814,2,1396843,Trifolium alpinum,61.716763
CBN-Pla-A6-20200814,3,1395807,Salix herbacea,61.616188
CBN-Pla-B1-20130724,1,1363133,Triglochin striata,58.321495
CBN-Pla-B1-20130724,2,1529410,Sempervivum vicentei,55.878849
CBN-Pla-B1-20130724,3,1397386,Festuca scabriculmis,55.398605
CBN-Pla-B1-20130808,1,1396253,Sibbaldia procumbens,65.399261
CBN-Pla-B1-20130808,2,1395807,Salix herbacea,61.671505
CBN-Pla-B1-20130808,3,1741880,Salix serpillifolia,60.551857
CBN-Pla-B1-20130904,1,1396253,Sibbaldia procumbens,63.831394
CBN-Pla-B1-20130904,2,1395807,Salix herbacea,61.168941
CBN-Pla-B1-20130904,3,1359835,Parnassia palustris,59.331551
CBN-Pla-B1-20140722,1,1396253,Sibbaldia procumbens,60.424828
CBN-Pla-B1-20140722,2,1390793,Carex curvula,58.255501
CBN-Pla-B1-20140722,3,1392541,Gentiana brachyphylla,57.344830
CBN-Pla-B1-20140812,1,1396253,Sibbaldia procumbens,64.747986
CBN-Pla-B1-20140812,2,1395807,Salix herbacea,63.706245
CBN-Pla-B1-20140812,3,1412857,Omalotheca supina,63.438465
CBN-Pla-B1-20140902,1,1741880,Salix serpillifolia,63.417362
CBN-Pla-B1-20140902,2,1361367,Poa alpina,63.334045
CBN-Pla-B1-20140902,3,1742053,Omalotheca hoppeana,62.748463
CBN-Pla-B1-20150702,1,1396253,Sibbaldia procumbens,60.766911
CBN-Pla-B1-20150702,2,1392352,Filago tyrrhenica,59.880463
CBN-Pla-B1-20150702,3,1394643,Antennaria dioica,59.595074
CBN-Pla-B1-20150723,1,1361367,Poa alpina,62.286293
CBN-Pla-B1-20150723,2,1395807,Salix herbacea,61.975273
CBN-Pla-B1-20150723,3,1395870,Salix retusa,61.964855
CBN-Pla-B1-20150811,1,1396253,Sibbaldia procumbens,63.696503
CBN-Pla-B1-20150811,2,1742053,Omalotheca hoppeana,62.704815
CBN-Pla-B1-20150811,3,1741880,Salix serpillifolia,61.044441
CBN-Pla-B1-20150901,1,1396253,Sibbaldia procumbens,63.920517
CBN-Pla-B1-20150901,2,1394311,Oreochloa disticha,62.512527
CBN-Pla-B1-20150901,3,1400176,Bistorta vivipara,60.554031
CBN-Pla-B1-20160707,1,1741880,Salix serpillifolia,64.064621
CBN-Pla-B1-20160707,2,1396253,Sibbaldia procumbens,63.652298
CBN-Pla-B1-20160707,3,1395870,Salix retusa,61.832272
CBN-Pla-B1-20160728,1,1396253,Sibbaldia procumbens,62.273018
CBN-Pla-B1-20160728,2,1395807,Salix herbacea,61.738091
CBN-Pla-B1-20160728,3,1742053,Omalotheca hoppeana,60.906361
CBN-Pla-B1-20180724,1,1396253,Sibbaldia procumbens,60.346016
CBN-Pla-B1-20180724,2,1529410,Sempervivum vicentei,58.503891
CBN-Pla-B1-20180724,3,1360143,Androsace villosa,57.722988
CBN-Pla-B1-20180816,1,1742053,Omalotheca hoppeana,62.192497
CBN-Pla-B1-20180816,2,1395807,Salix herbacea,60.435020
CBN-Pla-B1-20180816,3,1396253,Sibbaldia procumbens,60.123135
CBN-Pla-B1-20180906,1,1396253,Sibbaldia procumbens,62.275520
CBN-Pla-B1-20180906,2,1412857,Omalotheca supina,62.037693
CBN-Pla-B1-20180906,3,1742053,Omalotheca hoppeana,61.191727
CBN-Pla-B1-20190723,1,1396253,Sibbaldia procumbens,61.810677
CBN-Pla-B1-20190723,2,1741880,Salix serpillifolia,60.304482
CBN-Pla-B1-20190723,3,1395807,Salix herbacea,59.719749
CBN-Pla-B1-20190814,1,1742053,Omalotheca hoppeana,62.272968
CBN-Pla-B1-20190814,2,1394311,Oreochloa disticha,61.339481
CBN-Pla-B1-20190814,3,1392260,Festuca alpina,61.102516
CBN-Pla-B1-20200630,1,1419104,Erodium rupestre,51.514244
CBN-Pla-B1-20200630,2,1743300,Sulla spinosissima,51.487843
CBN-Pla-B1-20200630,3,1647156,Armeria humilis,49.162640
CBN-Pla-B1-20200723,1,1395807,Salix herbacea,61.510323
CBN-Pla-B1-20200723,2,1396253,Sibbaldia procumbens,60.676086
CBN-Pla-B1-20200723,3,1741880,Salix serpillifolia,60.430828
CBN-Pla-B1-20200814,1,1397381,Euphrasia minima,61.366848
CBN-Pla-B1-20200814,2,1412857,Omalotheca supina,61.193268
CBN-Pla-B1-20200814,3,1395807,Salix herbacea,59.976177
CBN-Pla-B2-20130724,1,1399798,Pinguicula dertosensis,57.089554
CBN-Pla-B2-20130724,2,1743315,Helosciadium bermejoi,56.093632
CBN-Pla-B2-20130724,3,1394911,Primula integrifolia,53.809311
CBN-Pla-B2-20130808,1,1396253,Sibbaldia procumbens,63.146183
CBN-Pla-B2-20130808,2,1412857,Omalotheca supina,62.888866
CBN-Pla-B2-20130808,3,1395807,Salix herbacea,62.137051
CBN-Pla-B2-20130904,1,1395807,Salix herbacea,61.718414
CBN-Pla-B2-20130904,2,1363543,Stenotaphrum secundatum,60.739227
CBN-Pla-B2-20130904,3,1394311,Oreochloa disticha,60.223671
CBN-Pla-B2-20140722,1,1390837,Carex humilis,59.634087
CBN-Pla-B2-20140722,2,1390793,Carex curvula,59.010368
CBN-Pla-B2-20140722,3,1396253,Sibbaldia procumbens,58.875614
CBN-Pla-B2-20140812,1,1395807,Salix herbacea,63.273991
CBN-Pla-B2-20140812,2,1396843,Trifolium alpinum,61.877251
CBN-Pla-B2-20140812,3,1651363,Festuca quadriflora,61.416393
CBN-Pla-B2-20140902,1,1396843,Trifolium alpinum,64.388947
CBN-Pla-B2-20140902,2,1397106,Vicia pyrenaica,63.087906
CBN-Pla-B2-20140902,3,1395807,Salix herbacea,62.394062
CBN-Pla-B2-20150702,1,1743471,Festuca glacialis,59.053940
CBN-Pla-B2-20150702,2,1651061,Festuca clementei,58.876526
CBN-Pla-B2-20150702,3,1361138,Agrostis nevadensis,58.692875
CBN-Pla-B2-20150723,1,1395807,Salix herbacea,62.020538
CBN-Pla-B2-20150723,2,1396253,Sibbaldia procumbens,61.584259
CBN-Pla-B2-20150723,3,1396843,Trifolium alpinum,61.396389
CBN-Pla-B2-20150811,1,1392552,Gentiana nivalis,66.873405
CBN-Pla-B2-20150811,2,1396843,Trifolium alpinum,64.500610
CBN-Pla-B2-20150811,3,1395807,Salix herbacea,62.303139
CBN-Pla-B2-20150901,1,1396253,Sibbaldia procumbens,63.927223
CBN-Pla-B2-20150901,2,1392552,Gentiana nivalis,63.878952
CBN-Pla-B2-20150901,3,1741880,Salix serpillifolia,62.438393
CBN-Pla-B2-20160707,1,1396253,Sibbaldia procumbens,62.471062
CBN-Pla-B2-20160707,2,1395870,Salix retusa,60.907082
CBN-Pla-B2-20160707,3,1396843,Trifolium alpinum,60.736420
CBN-Pla-B2-20160728,1,1395807,Salix herbacea,62.603790
CBN-Pla-B2-20160728,2,1741880,Salix serpillifolia,62.224586
CBN-Pla-B2-20160728,3,1395870,Salix retusa,61.104828
CBN-Pla-B2-20180724,1,1418688,Arctous alpina,58.914398
CBN-Pla-B2-20180724,2,1744504,Genista legionensis,58.095726
CBN-Pla-B2-20180724,3,1578131,Genista hystrix,58.062054
CBN-Pla-B2-20180816,1,1741880,Salix serpillifolia,63.510235
CBN-Pla-B2-20180816,2,1395807,Salix herbacea,62.949440
CBN-Pla-B2-20180816,3,1396843,Trifolium alpinum,61.153198
CBN-Pla-B2-20180906,1,1396843,Trifolium alpinum,61.701416
CBN-Pla-B2-20180906,2,1396253,Sibbaldia procumbens,61.688568
CBN-Pla-B2-20180906,3,1364066,Veronica serpyllifolia,61.326965
CBN-Pla-B2-20190723,1,1741880,Salix serpillifolia,61.559097
CBN-Pla-B2-20190723,2,1395807,Salix herbacea,61.485512
CBN-Pla-B2-20190723,3,1396843,Trifolium alpinum,60.871952
CBN-Pla-B2-20190814,1,1397386,Festuca scabriculmis,62.256554
CBN-Pla-B2-20190814,2,1362482,Phleum alpinum,61.955818
CBN-Pla-B2-20190814,3,1741880,Salix serpillifolia,61.948929
CBN-Pla-B2-20200723,1,1397043,Veronica alpina,63.629951
CBN-Pla-B2-20200723,2,1396253,Sibbaldia procumbens,62.962677
CBN-Pla-B2-20200723,3,1396843,Trifolium alpinum,61.615253
CBN-Pla-B2-20200814,1,1741880,Salix serpillifolia,61.649448
CBN-Pla-B2-20200814,2,1395807,Salix herbacea,60.849403
CBN-Pla-B2-20200814,3,1392186,Euphorbia pyrenaica,60.546295
CBN-Pla-B3-20130724,1,1395807,Salix herbacea,58.352364
CBN-Pla-B3-20130724,2,1651427,Festuca summilusitana,55.919777
CBN-Pla-B3-20130724,3,1390532,Salvinia molesta,55.729523
CBN-Pla-B3-20130808,1,1396253,Sibbaldia procumbens,64.410286
CBN-Pla-B3-20130808,2,1395807,Salix herbacea,62.604523
CBN-Pla-B3-20130808,3,1412857,Omalotheca supina,61.352795
CBN-Pla-B3-20130904,1,1396253,Sibbaldia procumbens,64.409645
CBN-Pla-B3-20130904,2,1395807,Salix herbacea,62.405575
CBN-Pla-B3-20130904,3,1412857,Omalotheca supina,61.705517
CBN-Pla-B3-20140722,1,1396253,Sibbaldia procumbens,59.735996
CBN-Pla-B3-20140722,2,1361275,Festuca indigesta,58.602451
CBN-Pla-B3-20140722,3,1418688,Arctous alpina,58.182930
CBN-Pla-B3-20140812,1,1396253,Sibbaldia procumbens,63.932369
CBN-Pla-B3-20140812,2,1412857,Omalotheca supina,63.762619
CBN-Pla-B3-20140812,3,1395807,Salix herbacea,63.308205
CBN-Pla-B3-20140902,1,1361367,Poa alpina,64.062599
CBN-Pla-B3-20140902,2,1396253,Sibbaldia procumbens,62.980713
CBN-Pla-B3-20140902,3,1395807,Salix herbacea,62.747154
CBN-Pla-B3-20150811,1,1396253,Sibbaldia procumbens,63.294998
CBN-Pla-B3-20150811,2,1743471,Festuca glacialis,63.009613
CBN-Pla-B3-20150811,3,1395807,Salix herbacea,61.840405
CBN-Pla-B3-20150901,1,1396253,Sibbaldia procumbens,63.585938
CBN-Pla-B3-20150901,2,1361347,Nardus stricta,62.715317
CBN-Pla-B3-20150901,3,1395807,Salix herbacea,61.956413
CBN-Pla-B3-20160707,1,1396253,Sibbaldia procumbens,63.572544
CBN-Pla-B3-20160707,2,1361347,Nardus stricta,59.425323
CBN-Pla-B3-20160707,3,1395807,Salix herbacea,58.892929
CBN-Pla-B3-20160728,1,1396253,Sibbaldia procumbens,63.811977
CBN-Pla-B3-20160728,2,1395807,Salix herbacea,61.853287
CBN-Pla-B3-20160728,3,1394366,Oxyria digyna,60.373409
CBN-Pla-B3-20180724,1,1394311,Oreochloa disticha,58.565388
CBN-Pla-B3-20180724,2,1356359,Asplenium septentrionale,56.910843
CBN-Pla-B3-20180724,3,1363619,Crassula muscosa,56.852539
CBN-Pla-B3-20180816,1,1396253,Sibbaldia procumbens,64.182327
CBN-Pla-B3-20180816,2,1395807,Salix herbacea,61.731487
CBN-Pla-B3-20180816,3,1396843,Trifolium alpinum,59.718681
CBN-Pla-B3-20180906,1,1396253,Sibbaldia procumbens,63.067448
CBN-Pla-B3-20180906,2,1412857,Omalotheca supina,61.979202
CBN-Pla-B3-20180906,3,1395807,Salix herbacea,61.790104
CBN-Pla-B3-20190723,1,1395807,Salix herbacea,61.311996
CBN-Pla-B3-20190723,2,1394366,Oxyria digyna,60.135902
CBN-Pla-B3-20190723,3,1361347,Nardus stricta,59.912666
CBN-Pla-B3-20190814,1,1395807,Salix herbacea,60.838238
CBN-Pla-B3-20190814,2,1361333,Melica minuta,60.797630
CBN-Pla-B3-20190814,3,1362482,Phleum alpinum,59.545300
CBN-Pla-B3-20200723,1,1396253,Sibbaldia procumbens,62.098648
CBN-Pla-B3-20200723,2,1395807,Salix herbacea,61.935898
CBN-Pla-B3-20200723,3,1742053,Omalotheca hoppeana,60.815979
CBN-Pla-B3-20200814,1,1397386,Festuca scabriculmis,62.248276
CBN-Pla-B3-20200814,2,1396253,Sibbaldia procumbens,61.566059
CBN-Pla-B3-20200814,3,1743471,Festuca glacialis,61.488567
CBN-Pla-B4-20130724,1,1392067,Eriophorum vaginatum,56.916389
CBN-Pla-B4-20130724,2,1743474,Oreochloa elegans,56.520363
CBN-Pla-B4-20130724,3,1397386,Festuca scabriculmis,56.303608
CBN-Pla-B4-20130808,1,1395870,Salix retusa,63.970612
CBN-Pla-B4-20130808,2,1395807,Salix herbacea,63.697998
CBN-Pla-B4-20130808,3,1395862,Salix pyrenaica,62.044060
CBN-Pla-B4-20130904,1,1397043,Veronica alpina,61.777184
CBN-Pla-B4-20130904,2,1391085,Cerastium pedunculatum,60.715950
CBN-Pla-B4-20130904,3,1395870,Salix retusa,60.671185
CBN-Pla-B4-20140722,1,1397376,Ephedra distachya,57.534260
CBN-Pla-B4-20140722,2,1396838,Trichophorum cespitosum,56.729687
CBN-Pla-B4-20140722,3,1397386,Festuca scabriculmis,56.183617
CBN-Pla-B4-20140812,1,1396253,Sibbaldia procumbens,62.247498
CBN-Pla-B4-20140812,2,1395807,Salix herbacea,62.010292
CBN-Pla-B4-20140812,3,1361367,Poa alpina,61.158794
CBN-Pla-B4-20140902,1,1397043,Veronica alpina,63.861820
CBN-Pla-B4-20140902,2,1397386,Festuca scabriculmis,61.803913
CBN-Pla-B4-20140902,3,1395807,Salix herbacea,61.503006
CBN-Pla-B4-20150702,1,1390793,Carex curvula,58.030010
CBN-Pla-B4-20150702,2,1390837,Carex humilis,57.592743
CBN-Pla-B4-20150702,3,1363543,Stenotaphrum secundatum,56.897491
CBN-Pla-B4-20150723,1,1395807,Salix herbacea,60.793133
CBN-Pla-B4-20150723,2,1397386,Festuca scabriculmis,59.965240
CBN-Pla-B4-20150723,3,1394542,Phyteuma hemisphaericum,59.859570
CBN-Pla-B4-20150811,1,1362325,Juncus compressus,61.147129
CBN-Pla-B4-20150811,2,1388766,Botrychium simplex,60.559818
CBN-Pla-B4-20150811,3,1396843,Trifolium alpinum,60.122395
CBN-Pla-B4-20150901,1,1396843,Trifolium alpinum,62.028484
CBN-Pla-B4-20150901,2,1395807,Salix herbacea,61.019890
CBN-Pla-B4-20150901,3,1397386,Festuca scabriculmis,60.988338
CBN-Pla-B4-20160707,1,1397386,Festuca scabriculmis,61.605225
CBN-Pla-B4-20160707,2,1363543,Stenotaphrum secundatum,61.002266
CBN-Pla-B4-20160707,3,1394311,Oreochloa disticha,60.241940
CBN-Pla-B4-20160728,1,1395807,Salix herbacea,62.776787
CBN-Pla-B4-20160728,2,1392541,Gentiana brachyphylla,62.171051
CBN-Pla-B4-20160728,3,1397043,Veronica alpina,62.055161
CBN-Pla-B4-20180724,1,1397386,Festuca scabriculmis,56.899254
CBN-Pla-B4-20180724,2,1390793,Carex curvula,56.577103
CBN-Pla-B4-20180724,3,1396843,Trifolium alpinum,56.201283
CBN-Pla-B4-20180816,1,1397386,Festuca scabriculmis,62.827991
CBN-Pla-B4-20180816,2,1396843,Trifolium alpinum,60.857513
CBN-Pla-B4-20180816,3,1395807,Salix herbacea,60.832016
CBN-Pla-B4-20180906,1,1397043,Veronica alpina,65.935028
CBN-Pla-B4-20180906,2,1397046,Veronica bellidioides,62.996971
CBN-Pla-B4-20180906,3,1396253,Sibbaldia procumbens,62.193436
CBN-Pla-B4-20190723,1,1394311,Oreochloa disticha,61.975437
CBN-Pla-B4-20190723,2,1396843,Trifolium alpinum,60.821785
CBN-Pla-B4-20190723,3,1395807,Salix herbacea,60.139069
CBN-Pla-B4-20190814,1,1396843,Trifolium alpinum,61.068077
CBN-Pla-B4-20190814,2,1651427,Festuca summilusitana,60.793602
CBN-Pla-B4-20190814,3,1361347,Nardus stricta,60.497520
CBN-Pla-B4-20200723,1,1395807,Salix herbacea,62.532700
CBN-Pla-B4-20200723,2,1397043,Veronica alpina,61.585327
CBN-Pla-B4-20200723,3,1396253,Sibbaldia procumbens,61.393089
CBN-Pla-B4-20200814,1,1395807,Salix herbacea,60.844288
CBN-Pla-B4-20200814,2,1394311,Oreochloa disticha,58.575684
CBN-Pla-B4-20200814,3,1394065,Ophioglossum azoricum,58.519222
CBN-Pla-B5-20130724,1,1418612,Carex firma,59.822399
CBN-Pla-B5-20130724,2,1390811,Carex ericetorum,57.891502
CBN-Pla-B5-20130724,3,1394044,Onoclea sensibilis,56.836163
CBN-Pla-B5-20130808,1,1395807,Salix herbacea,63.391045
CBN-Pla-B5-20130808,2,1395870,Salix retusa,61.925148
CBN-Pla-B5-20130808,3,1396843,Trifolium alpinum,61.429256
CBN-Pla-B5-20130904,1,1397043,Veronica alpina,61.500778
CBN-Pla-B5-20130904,2,1395807,Salix herbacea,61.339798
CBN-Pla-B5-20130904,3,1392407,Gagea serotina,60.772655
CBN-Pla-B5-20140722,1,1396253,Sibbaldia procumbens,58.716793
CBN-Pla-B5-20140722,2,1394309,Androsace helvetica,58.419033
CBN-Pla-B5-20140722,3,1363543,Stenotaphrum secundatum,57.736946
CBN-Pla-B5-20140812,1,1397043,Veronica alpina,63.182140
CBN-Pla-B5-20140812,2,1395807,Salix herbacea,62.364857
CBN-Pla-B5-20140812,3,1396561,Taraxacum cucullatum,62.292034
CBN-Pla-B5-20140902,1,1361367,Poa alpina,63.343193
CBN-Pla-B5-20140902,2,1395870,Salix retusa,62.584454
CBN-Pla-B5-20140902,3,1395807,Salix herbacea,61.033253
CBN-Pla-B5-20150702,1,1396253,Sibbaldia procumbens,59.934410
CBN-Pla-B5-20150702,2,1392565,Gentiana terglouensis,58.483753
CBN-Pla-B5-20150702,3,1744194,Bouteloua dactyloides,58.347038
CBN-Pla-B5-20150723,1,1647677,Alopecurus gerardii,63.481464
CBN-Pla-B5-20150723,2,1395870,Salix retusa,63.135044
CBN-Pla-B5-20150723,3,1362482,Phleum alpinum,62.443974
CBN-Pla-B5-20150811,1,1741880,Salix serpillifolia,65.479477
CBN-Pla-B5-20150811,2,1395870,Salix retusa,64.986343
CBN-Pla-B5-20150811,3,1362482,Phleum alpinum,61.379105
CBN-Pla-B5-20150901,1,1395870,Salix retusa,64.023880
CBN-Pla-B5-20150901,2,1396144,Sedum alpestre,63.627907
CBN-Pla-B5-20150901,3,1394311,Oreochloa disticha,63.362549
CBN-Pla-B5-20160707,1,1395870,Salix retusa,60.916565
CBN-Pla-B5-20160707,2,1395120,Ranunculus pyrenaeus,60.030090
CBN-Pla-B5-20160707,3,1396970,Vaccinium uliginosum,59.845734
CBN-Pla-B5-20160728,1,1741880,Salix serpillifolia,62.507729
CBN-Pla-B5-20160728,2,1397043,Veronica alpina,62.274029
CBN-Pla-B5-20160728,3,1395807,Salix herbacea,60.685310
CBN-Pla-B5-20180724,1,1396144,Sedum alpestre,56.223198
CBN-Pla-B5-20180724,2,1418688,Arctous alpina,56.059101
CBN-Pla-B5-20180724,3,1363619,Crassula muscosa,55.406723
CBN-Pla-B5-20180816,1,1395870,Salix retusa,66.284859
CBN-Pla-B5-20180816,2,1741880,Salix serpillifolia,64.492943
CBN-Pla-B5-20180816,3,1395807,Salix herbacea,61.983067
CBN-Pla-B5-20180906,1,1395807,Salix herbacea,60.892769
CBN-Pla-B5-20180906,2,1397043,Veronica alpina,60.471165
CBN-Pla-B5-20180906,3,1397046,Veronica bellidioides,60.392712
CBN-Pla-B5-20190723,1,1395807,Salix herbacea,59.513519
CBN-Pla-B5-20190723,2,1396843,Trifolium alpinum,58.537632
CBN-Pla-B5-20190723,3,1396186,Senecio angulatus,58.190540
CBN-Pla-B5-20190814,1,1395870,Salix retusa,64.995865
CBN-Pla-B5-20190814,2,1741880,Salix serpillifolia,64.334137
CBN-Pla-B5-20190814,3,1397043,Veronica alpina,63.399353
CBN-Pla-B5-20200723,1,1397043,Veronica alpina,64.142807
CBN-Pla-B5-20200723,2,1395807,Salix herbacea,62.466064
CBN-Pla-B5-20200723,3,1397046,Veronica bellidioides,61.989285
CBN-Pla-B5-20200814,1,1395870,Salix retusa,63.022301
CBN-Pla-B5-20200814,2,1741880,Salix serpillifolia,62.339539
CBN-Pla-B5-20200814,3,1397043,Veronica alpina,62.073616
CBN-Pla-B6-20130724,1,1396144,Sedum alpestre,65.335945
CBN-Pla-B6-20130724,2,1397491,Sedum atratum,60.066261
CBN-Pla-B6-20130724,3,1741880,Salix serpillifolia,59.000412
CBN-Pla-B6-20130808,1,1396144,Sedum alpestre,66.418396
CBN-Pla-B6-20130808,2,1396253,Sibbaldia procumbens,64.000092
CBN-Pla-B6-20130808,3,1395807,Salix herbacea,62.453548
CBN-Pla-B6-20130904,1,1396144,Sedum alpestre,66.648926
CBN-Pla-B6-20130904,2,1396253,Sibbaldia procumbens,63.243183
CBN-Pla-B6-20130904,3,1400017,Armeria linkiana,61.073807
CBN-Pla-B6-20140722,1,1396144,Sedum alpestre,63.946144
CBN-Pla-B6-20140722,2,1397491,Sedum atratum,60.657692
CBN-Pla-B6-20140722,3,1396180,Sempervivum montanum,59.350746
CBN-Pla-B6-20140812,1,1396144,Sedum alpestre,68.690529
CBN-Pla-B6-20140812,2,1395807,Salix herbacea,63.094387
CBN-Pla-B6-20140812,3,1397491,Sedum atratum,62.876480
CBN-Pla-B6-20140902,1,1396144,Sedum alpestre,67.793335
CBN-Pla-B6-20140902,2,1396015,Saxifraga moschata,64.018906
CBN-Pla-B6-20140902,3,1395973,Saxifraga exarata,62.468670
CBN-Pla-B6-20150702,1,1396253,Sibbaldia procumbens,60.302521
CBN-Pla-B6-20150702,2,1395940,Saxifraga aizoides,59.834160
CBN-Pla-B6-20150702,3,1688053,Saxifraga moncayensis,58.698418
CBN-Pla-B6-20150723,1,1395807,Salix herbacea,63.033600
CBN-Pla-B6-20150723,2,1396144,Sedum alpestre,62.938320
CBN-Pla-B6-20150723,3,1396869,Trifolium thalii,62.674534
CBN-Pla-B6-20150811,1,1396144,Sedum alpestre,65.299637
CBN-Pla-B6-20150811,2,1396663,Taraxacum pyrenaicum,64.340004
CBN-Pla-B6-20150811,3,1396843,Trifolium alpinum,61.933205
CBN-Pla-B6-20150901,1,1396015,Saxifraga moschata,64.434921
CBN-Pla-B6-20150901,2,1396253,Sibbaldia procumbens,63.415989
CBN-Pla-B6-20150901,3,1396144,Sedum alpestre,63.316887
CBN-Pla-B6-20160707,1,1396144,Sedum alpestre,64.780869
CBN-Pla-B6-20160707,2,1396015,Saxifraga moschata,62.098465
CBN-Pla-B6-20160707,3,1396023,Saxifraga praetermissa,61.765648
CBN-Pla-B6-20160728,1,1396015,Saxifraga moschata,64.421455
CBN-Pla-B6-20160728,2,1396144,Sedum alpestre,63.173702
CBN-Pla-B6-20160728,3,1395973,Saxifraga exarata,62.518616
CBN-Pla-B6-20180816,1,1396144,Sedum alpestre,64.632797
CBN-Pla-B6-20180816,2,1396015,Saxifraga moschata,63.103996
CBN-Pla-B6-20180816,3,1397043,Veronica alpina,62.684402
CBN-Pla-B6-20180906,1,1396144,Sedum alpestre,67.174789
CBN-Pla-B6-20180906,2,1396015,Saxifraga moschata,66.411270
CBN-Pla-B6-20180906,3,1395940,Saxifraga aizoides,63.520962
CBN-Pla-B6-20190723,1,1396144,Sedum alpestre,64.194710
CBN-Pla-B6-20190723,2,1396015,Saxifraga moschata,63.795639
CBN-Pla-B6-20190723,3,1396253,Sibbaldia procumbens,62.193020
CBN-Pla-B6-20190814,1,1396144,Sedum alpestre,65.283699
CBN-Pla-B6-20190814,2,1396015,Saxifraga moschata,64.291817
CBN-Pla-B6-20190814,3,1397491,Sedum atratum,62.785767
CBN-Pla-B6-20200723,1,1396144,Sedum alpestre,64.642181
CBN-Pla-B6-20200723,2,1396015,Saxifraga moschata,61.629303
CBN-Pla-B6-20200723,3,1395807,Salix herbacea,61.372761
CBN-Pla-B6-20200814,1,1396144,Sedum alpestre,64.073784
CBN-Pla-B6-20200814,2,1396015,Saxifraga moschata,62.890457
CBN-Pla-B6-20200814,3,1395807,Salix herbacea,62.846237
CBN-Pla-C1-20130808,1,1395807,Salix herbacea,62.780998
CBN-Pla-C1-20130808,2,1396144,Sedum alpestre,62.561371
CBN-Pla-C1-20130808,3,1392535,Gentiana alpina,62.308743
CBN-Pla-C1-20130904,1,1395870,Salix retusa,63.073036
CBN-Pla-C1-20130904,2,1741880,Salix serpillifolia,62.404640
CBN-Pla-C1-20130904,3,1392541,Gentiana brachyphylla,59.563248
CBN-Pla-C1-20150702,1,1741880,Salix serpillifolia,61.214367
CBN-Pla-C1-20150702,2,1392534,Gentiana acaulis,61.044865
CBN-Pla-C1-20150702,3,1363618,Crassula multicava,59.802979
CBN-Pla-C1-20150723,1,1395870,Salix retusa,63.480488
CBN-Pla-C1-20150723,2,1741880,Salix serpillifolia,63.470570
CBN-Pla-C1-20150723,3,1392534,Gentiana acaulis,62.573547
CBN-Pla-C1-20150811,1,1395870,Salix retusa,63.537796
CBN-Pla-C1-20150811,2,1741880,Salix serpillifolia,63.224522
CBN-Pla-C1-20150811,3,1395807,Salix herbacea,62.550823
CBN-Pla-C1-20150901,1,1742053,Omalotheca hoppeana,65.425751
CBN-Pla-C1-20150901,2,1395870,Salix retusa,64.543915
CBN-Pla-C1-20150901,3,1392534,Gentiana acaulis,63.728699
CBN-Pla-C1-20160707,1,1741880,Salix serpillifolia,63.730263
CBN-Pla-C1-20160707,2,1395870,Salix retusa,62.686432
CBN-Pla-C1-20160707,3,1394911,Primula integrifolia,60.546837
CBN-Pla-C1-20160728,1,1395870,Salix retusa,64.294800
CBN-Pla-C1-20160728,2,1741880,Salix serpillifolia,64.228882
CBN-Pla-C1-20160728,3,1741624,Lotus alpinus,62.708347
CBN-Pla-C1-20180816,1,1741624,Lotus alpinus,64.964981
CBN-Pla-C1-20180816,2,1395870,Salix retusa,64.426117
CBN-Pla-C1-20180816,3,1741880,Salix serpillifolia,64.220406
CBN-Pla-C1-20180906,1,1395870,Salix retusa,64.387970
CBN-Pla-C1-20180906,2,1741880,Salix serpillifolia,63.506645
CBN-Pla-C1-20180906,3,1394911,Primula integrifolia,62.319332
CBN-Pla-C1-20190723,1,1392535,Gentiana alpina,65.846550
CBN-Pla-C1-20190723,2,1392534,Gentiana acaulis,64.957420
CBN-Pla-C1-20190723,3,1741880,Salix serpillifolia,64.319382
CBN-Pla-C1-20190814,1,1395870,Salix retusa,63.634605
CBN-Pla-C1-20190814,2,1400176,Bistorta vivipara,63.350292
CBN-Pla-C1-20190814,3,1741880,Salix serpillifolia,63.084343
CBN-Pla-C1-20200723,1,1395870,Salix retusa,65.224487
CBN-Pla-C1-20200723,2,1741880,Salix serpillifolia,63.177181
CBN-Pla-C1-20200723,3,1741624,Lotus alpinus,62.504910
CBN-Pla-C1-20200814,1,1742053,Omalotheca hoppeana,63.197006
CBN-Pla-C1-20200814,2,1395870,Salix retusa,62.278633
CBN-Pla-C1-20200814,3,1741880,Salix serpillifolia,61.965744
CBN-Pla-C2-20130808,1,1741880,Salix serpillifolia,64.998886
CBN-Pla-C2-20130808,2,1396253,Sibbaldia procumbens,64.937363
CBN-Pla-C2-20130808,3,1395870,Salix retusa,61.310616
CBN-Pla-C2-20130904,1,1741880,Salix serpillifolia,64.148201
CBN-Pla-C2-20130904,2,1395870,Salix retusa,63.255089
CBN-Pla-C2-20130904,3,1412857,Omalotheca supina,62.768021
CBN-Pla-C2-20140722,1,1356228,Cymodocea nodosa,60.009750
CBN-Pla-C2-20140722,2,1396144,Sedum alpestre,59.577454
CBN-Pla-C2-20140722,3,1743359,Narthecium reverchonii,58.812019
CBN-Pla-C2-20140902,1,1741880,Salix serpillifolia,64.123177
CBN-Pla-C2-20140902,2,1395870,Salix retusa,62.652199
CBN-Pla-C2-20140902,3,1412857,Omalotheca supina,62.270355
CBN-Pla-C2-20150702,1,1395870,Salix retusa,59.199528
CBN-Pla-C2-20150702,2,1741880,Salix serpillifolia,59.154678
CBN-Pla-C2-20150702,3,1356422,Botrychium lunaria,58.195816
CBN-Pla-C2-20150723,1,1741880,Salix serpillifolia,63.790356
CBN-Pla-C2-20150723,2,1395870,Salix retusa,63.220238
CBN-Pla-C2-20150723,3,1742052,Leontopodium nivale,59.549671
CBN-Pla-C2-20150811,1,1741880,Salix serpillifolia,65.494987
CBN-Pla-C2-20150811,2,1395870,Salix retusa,64.579231
CBN-Pla-C2-20150811,3,1742053,Omalotheca hoppeana,61.288750
CBN-Pla-C2-20150901,1,1394542,Phyteuma hemisphaericum,65.806442
CBN-Pla-C2-20150901,2,1395870,Salix retusa,64.647743
CBN-Pla-C2-20150901,3,1741880,Salix serpillifolia,64.093704
CBN-Pla-C2-20160707,1,1396253,Sibbaldia procumbens,57.979713
CBN-Pla-C2-20160707,2,1390793,Carex curvula,57.829437
CBN-Pla-C2-20160707,3,1394311,Oreochloa disticha,57.415123
CBN-Pla-C2-20160728,1,1742053,Omalotheca hoppeana,65.589081
CBN-Pla-C2-20160728,2,1412857,Omalotheca supina,64.055878
CBN-Pla-C2-20160728,3,1395807,Salix herbacea,60.689770
CBN-Pla-C2-20180724,1,1743471,Festuca glacialis,61.332264
CBN-Pla-C2-20180724,2,1396253,Sibbaldia procumbens,60.824677
CBN-Pla-C2-20180724,3,1361275,Festuca indigesta,58.604202
CBN-Pla-C2-20180816,1,1412857,Omalotheca supina,64.769363
CBN-Pla-C2-20180816,2,1396253,Sibbaldia procumbens,63.484756
CBN-Pla-C2-20180816,3,1742053,Omalotheca hoppeana,63.316330
CBN-Pla-C2-20180906,1,1742053,Omalotheca hoppeana,63.201782
CBN-Pla-C2-20180906,2,1412857,Omalotheca supina,62.365391
CBN-Pla-C2-20180906,3,1396253,Sibbaldia procumbens,61.746296
CBN-Pla-C2-20190723,1,1396253,Sibbaldia procumbens,63.380833
CBN-Pla-C2-20190723,2,1390899,Carex pyrenaica,61.327312
CBN-Pla-C2-20190723,3,1400176,Bistorta vivipara,60.729977
CBN-Pla-C2-20190814,1,1397043,Veronica alpina,63.660431
CBN-Pla-C2-20190814,2,1742053,Omalotheca hoppeana,63.059570
CBN-Pla-C2-20190814,3,1397046,Veronica bellidioides,62.517090
CBN-Pla-C2-20200723,1,1396253,Sibbaldia procumbens,64.205246
CBN-Pla-C2-20200723,2,1412857,Omalotheca supina,64.022400
CBN-Pla-C2-20200723,3,1450108,Baldellia alpestris,62.877823
CBN-Pla-C2-20200814,1,1742053,Omalotheca hoppeana,65.680466
CBN-Pla-C2-20200814,2,1396253,Sibbaldia procumbens,63.650200
CBN-Pla-C2-20200814,3,1412857,Omalotheca supina,62.887691
CBN-Pla-C3-20130808,1,1400176,Bistorta vivipara,62.266392
CBN-Pla-C3-20130808,2,1395807,Salix herbacea,62.066090
CBN-Pla-C3-20130808,3,1394643,Antennaria dioica,61.791916
CBN-Pla-C3-20130904,1,1400176,Bistorta vivipara,64.100449
CBN-Pla-C3-20130904,2,1396253,Sibbaldia procumbens,60.594292
CBN-Pla-C3-20130904,3,1392293,Festuca eskia,59.904495
CBN-Pla-C3-20140722,1,1390793,Carex curvula,57.860878
CBN-Pla-C3-20140722,2,1390837,Carex humilis,57.396374
CBN-Pla-C3-20140722,3,1390811,Carex ericetorum,56.687500
CBN-Pla-C3-20140902,1,1400176,Bistorta vivipara,64.390915
CBN-Pla-C3-20140902,2,1361367,Poa alpina,61.837330
CBN-Pla-C3-20140902,3,1395807,Salix herbacea,61.131168
CBN-Pla-C3-20150702,1,1395870,Salix retusa,59.587498
CBN-Pla-C3-20150702,2,1741880,Salix serpillifolia,58.628738
CBN-Pla-C3-20150702,3,1397500,Soldanella alpina,58.588161
CBN-Pla-C3-20150723,1,1390899,Carex pyrenaica,62.586464
CBN-Pla-C3-20150723,2,1400176,Bistorta vivipara,62.560829
CBN-Pla-C3-20150723,3,1395870,Salix retusa,62.428711
CBN-Pla-C3-20150811,1,1400176,Bistorta vivipara,64.160583
CBN-Pla-C3-20150811,2,1741880,Salix serpillifolia,63.495049
CBN-Pla-C3-20150811,3,1395807,Salix herbacea,62.824169
CBN-Pla-C3-20150901,1,1741880,Salix serpillifolia,63.699112
CBN-Pla-C3-20150901,2,1412857,Omalotheca supina,63.693451
CBN-Pla-C3-20150901,3,1395870,Salix retusa,63.514458
CBN-Pla-C3-20160707,1,1396253,Sibbaldia procumbens,61.816631
CBN-Pla-C3-20160707,2,1394643,Antennaria dioica,60.744366
CBN-Pla-C3-20160707,3,1390793,Carex curvula,60.462704
CBN-Pla-C3-20160728,1,1741880,Salix serpillifolia,65.340805
CBN-Pla-C3-20160728,2,1395870,Salix retusa,64.152374
CBN-Pla-C3-20160728,3,1395807,Salix herbacea,61.236389
CBN-Pla-C3-20180724,1,1394643,Antennaria dioica,56.087234
CBN-Pla-C3-20180724,2,1418688,Arctous alpina,55.968109
CBN-Pla-C3-20180724,3,1532190,Carex rorulenta,55.775585
CBN-Pla-C3-20180816,1,1412857,Omalotheca supina,62.861462
CBN-Pla-C3-20180816,2,1395870,Salix retusa,62.062477
CBN-Pla-C3-20180816,3,1741880,Salix serpillifolia,61.676060
CBN-Pla-C3-20180906,1,1742053,Omalotheca hoppeana,64.323204
CBN-Pla-C3-20180906,2,1400176,Bistorta vivipara,63.376884
CBN-Pla-C3-20180906,3,1397500,Soldanella alpina,63.027565
CBN-Pla-C3-20190723,1,1741880,Salix serpillifolia,63.323021
CBN-Pla-C3-20190723,2,1395807,Salix herbacea,62.140411
CBN-Pla-C3-20190723,3,1742053,Omalotheca hoppeana,60.711887
CBN-Pla-C3-20190814,1,1741880,Salix serpillifolia,64.430618
CBN-Pla-C3-20190814,2,1395870,Salix retusa,62.921688
CBN-Pla-C3-20190814,3,1361367,Poa alpina,61.360435
CBN-Pla-C3-20200723,1,1741880,Salix serpillifolia,63.588333
CBN-Pla-C3-20200723,2,1400176,Bistorta vivipara,62.791233
CBN-Pla-C3-20200723,3,1395807,Salix herbacea,61.735653
CBN-Pla-C3-20200814,1,1741880,Salix serpillifolia,62.947403
CBN-Pla-C3-20200814,2,1400176,Bistorta vivipara,62.435802
CBN-Pla-C3-20200814,3,1394311,Oreochloa disticha,61.695259
CBN-Pla-C4-20130808,1,1395807,Salix herbacea,62.788422
CBN-Pla-C4-20130808,2,1396253,Sibbaldia procumbens,61.360443
CBN-Pla-C4-20130808,3,1396843,Trifolium alpinum,57.813923
CBN-Pla-C4-20130904,1,1394643,Antennaria dioica,60.657661
CBN-Pla-C4-20130904,2,1395807,Salix herbacea,60.141121
CBN-Pla-C4-20130904,3,1394641,Antennaria carpatica,60.126606
CBN-Pla-C4-20140902,1,1395807,Salix herbacea,62.373375
CBN-Pla-C4-20140902,2,1394311,Oreochloa disticha,59.396355
CBN-Pla-C4-20140902,3,1361099,Isolepis cernua,59.243568
CBN-Pla-C4-20150702,1,1396253,Sibbaldia procumbens,59.555714
CBN-Pla-C4-20150702,2,1741880,Salix serpillifolia,58.788548
CBN-Pla-C4-20150702,3,1396843,Trifolium alpinum,58.501297
CBN-Pla-C4-20150723,1,1395807,Salix herbacea,62.764977
CBN-Pla-C4-20150723,2,1396253,Sibbaldia procumbens,58.946182
CBN-Pla-C4-20150723,3,1590997,Lythrum borysthenicum,58.857998
CBN-Pla-C4-20150811,1,1396843,Trifolium alpinum,61.993046
CBN-Pla-C4-20150811,2,1397500,Soldanella alpina,60.804943
CBN-Pla-C4-20150811,3,1395807,Salix herbacea,60.509888
CBN-Pla-C4-20150901,1,1361141,Agrostis rupestris,62.210896
CBN-Pla-C4-20150901,2,1393200,Homogyne alpina,61.895943
CBN-Pla-C4-20150901,3,1396843,Trifolium alpinum,60.289944
CBN-Pla-C4-20160707,1,1532190,Carex rorulenta,61.986633
CBN-Pla-C4-20160707,2,1397500,Soldanella alpina,61.175663
CBN-Pla-C4-20160707,3,1395807,Salix herbacea,60.363091
CBN-Pla-C4-20160728,1,1397043,Veronica alpina,62.691563
CBN-Pla-C4-20160728,2,1395807,Salix herbacea,62.218407
CBN-Pla-C4-20160728,3,1397500,Soldanella alpina,61.771080
CBN-Pla-C4-20180724,1,1396253,Sibbaldia procumbens,59.371342
CBN-Pla-C4-20180724,2,1390837,Carex humilis,57.292519
CBN-Pla-C4-20180724,3,1397500,Soldanella alpina,56.036263
CBN-Pla-C4-20180816,1,1412857,Omalotheca supina,65.793098
CBN-Pla-C4-20180816,2,1396253,Sibbaldia procumbens,63.425064
CBN-Pla-C4-20180816,3,1397500,Soldanella alpina,61.844261
CBN-Pla-C4-20180906,1,1396253,Sibbaldia procumbens,64.622292
CBN-Pla-C4-20180906,2,1412857,Omalotheca supina,63.540039
CBN-Pla-C4-20180906,3,1395807,Salix herbacea,62.468605
CBN-Pla-C4-20190723,1,1396253,Sibbaldia procumbens,63.046230
CBN-Pla-C4-20190723,2,1395807,Salix herbacea,61.459686
CBN-Pla-C4-20190723,3,1361367,Poa alpina,60.256477
CBN-Pla-C4-20190814,1,1396253,Sibbaldia procumbens,64.524872
CBN-Pla-C4-20190814,2,1412857,Omalotheca supina,64.182518
CBN-Pla-C4-20190814,3,1742053,Omalotheca hoppeana,63.544502
CBN-Pla-C4-20200723,1,1396253,Sibbaldia procumbens,64.213875
CBN-Pla-C4-20200723,2,1741880,Salix serpillifolia,63.343727
CBN-Pla-C4-20200723,3,1397043,Veronica alpina,63.158810
CBN-Pla-C4-20200814,1,1742053,Omalotheca hoppeana,67.005463
CBN-Pla-C4-20200814,2,1412857,Omalotheca supina,66.345299
CBN-Pla-C4-20200814,3,1396253,Sibbaldia procumbens,63.496704
CBN-Pla-C5-20130808,1,1396144,Sedum alpestre,64.316879
CBN-Pla-C5-20130808,2,1395807,Salix herbacea,62.249786
CBN-Pla-C5-20130808,3,1361367,Poa alpina,60.820435
CBN-Pla-C5-20130904,1,1395807,Salix herbacea,62.074196
CBN-Pla-C5-20130904,2,1396144,Sedum alpestre,61.964741
CBN-Pla-C5-20130904,3,1397386,Festuca scabriculmis,59.670212
CBN-Pla-C5-20140722,1,1396144,Sedum alpestre,65.130646
CBN-Pla-C5-20140722,2,1390904,Carex rupestris,58.940918
CBN-Pla-C5-20140722,3,1397491,Sedum atratum,58.181652
CBN-Pla-C5-20140902,1,1396144,Sedum alpestre,64.304749
CBN-Pla-C5-20140902,2,1362482,Phleum alpinum,63.150417
CBN-Pla-C5-20140902,3,1395807,Salix herbacea,62.253914
CBN-Pla-C5-20150702,1,1396144,Sedum alpestre,65.494003
CBN-Pla-C5-20150702,2,1393224,Hydrocotyle bonariensis,62.051006
CBN-Pla-C5-20150702,3,1397491,Sedum atratum,60.665421
CBN-Pla-C5-20150723,1,1396144,Sedum alpestre,65.338966
CBN-Pla-C5-20150723,2,1397046,Veronica bellidioides,62.980278
CBN-Pla-C5-20150723,3,1397043,Veronica alpina,62.422928
CBN-Pla-C5-20150811,1,1396144,Sedum alpestre,66.545692
CBN-Pla-C5-20150811,2,1395807,Salix herbacea,62.981926
CBN-Pla-C5-20150811,3,1396869,Trifolium thalii,62.018345
CBN-Pla-C5-20150901,1,1396869,Trifolium thalii,64.315903
CBN-Pla-C5-20150901,2,1396144,Sedum alpestre,64.051689
CBN-Pla-C5-20150901,3,1394311,Oreochloa disticha,62.821259
CBN-Pla-C5-20160707,1,1399800,Pinguicula nevadensis,62.039875
CBN-Pla-C5-20160707,2,1394597,Pinguicula corsica,61.768475
CBN-Pla-C5-20160707,3,1744293,Pinguicula tejedensis,59.793640
CBN-Pla-C5-20160728,1,1395807,Salix herbacea,62.686180
CBN-Pla-C5-20160728,2,1396144,Sedum alpestre,61.578064
CBN-Pla-C5-20160728,3,1394311,Oreochloa disticha,59.433159
CBN-Pla-C5-20180724,1,1396144,Sedum alpestre,58.170593
CBN-Pla-C5-20180724,2,1397491,Sedum atratum,57.254486
CBN-Pla-C5-20180724,3,1390793,Carex curvula,56.377308
CBN-Pla-C5-20180816,1,1396869,Trifolium thalii,61.040565
CBN-Pla-C5-20180816,2,1395807,Salix herbacea,60.939232
CBN-Pla-C5-20180816,3,1363630,Oxalis purpurea,58.919933
CBN-Pla-C5-20180906,1,1395807,Salix herbacea,61.739628
CBN-Pla-C5-20180906,2,1412857,Omalotheca supina,61.183243
CBN-Pla-C5-20180906,3,1737701,Kalmia procumbens,59.419273
CBN-Pla-C5-20190723,1,1395807,Salix herbacea,60.859119
CBN-Pla-C5-20190723,2,1741880,Salix serpillifolia,59.751602
CBN-Pla-C5-20190723,3,1388766,Botrychium simplex,58.762379
CBN-Pla-C5-20190814,1,1359333,Medicago arabica,62.841621
CBN-Pla-C5-20190814,2,1395807,Salix herbacea,62.655281
CBN-Pla-C5-20190814,3,1389929,Helictochloa versicolor,60.751812
CBN-Pla-C5-20200723,1,1412857,Omalotheca supina,63.475365
CBN-Pla-C5-20200723,2,1395807,Salix herbacea,63.155342
CBN-Pla-C5-20200723,3,1742053,Omalotheca hoppeana,62.028065
CBN-Pla-C5-20200814,1,1395807,Salix herbacea,61.930843
CBN-Pla-C5-20200814,2,1361141,Agrostis rupestris,58.876312
CBN-Pla-C5-20200814,3,1388766,Botrychium simplex,58.719589
CBN-Pla-C6-20130808,1,1396253,Sibbaldia procumbens,64.555084
CBN-Pla-C6-20130808,2,1395807,Salix herbacea,62.451122
CBN-Pla-C6-20130808,3,1395870,Salix retusa,60.394520
CBN-Pla-C6-20130904,1,1395870,Salix retusa,62.821079
CBN-Pla-C6-20130904,2,1396253,Sibbaldia procumbens,61.685322
CBN-Pla-C6-20130904,3,1395807,Salix herbacea,61.658310
CBN-Pla-C6-20140902,1,1395807,Salix herbacea,61.940460
CBN-Pla-C6-20140902,2,1394311,Oreochloa disticha,61.024574
CBN-Pla-C6-20140902,3,1390693,Cardamine crassifolia,60.660690
CBN-Pla-C6-20150702,1,1396253,Sibbaldia procumbens,61.964294
CBN-Pla-C6-20150702,2,1609716,Epilobium komarovianum,59.293217
CBN-Pla-C6-20150702,3,1742052,Leontopodium nivale,58.058449
CBN-Pla-C6-20150723,1,1741880,Salix serpillifolia,61.715012
CBN-Pla-C6-20150723,2,1742053,Omalotheca hoppeana,61.564346
CBN-Pla-C6-20150723,3,1395807,Salix herbacea,61.168221
CBN-Pla-C6-20150811,1,1395807,Salix herbacea,61.673458
CBN-Pla-C6-20150811,2,1396253,Sibbaldia procumbens,60.657368
CBN-Pla-C6-20150811,3,1742053,Omalotheca hoppeana,60.343121
CBN-Pla-C6-20150901,1,1396253,Sibbaldia procumbens,64.894485
CBN-Pla-C6-20150901,2,1742053,Omalotheca hoppeana,64.324326
CBN-Pla-C6-20150901,3,1395807,Salix herbacea,61.978226
CBN-Pla-C6-20160707,1,1396253,Sibbaldia procumbens,62.313995
CBN-Pla-C6-20160707,2,1396144,Sedum alpestre,58.819191
CBN-Pla-C6-20160707,3,1392241,Alchemilla pentaphyllea,58.510124
CBN-Pla-C6-20160728,1,1395870,Salix retusa,62.512337
CBN-Pla-C6-20160728,2,1395807,Salix herbacea,62.144184
CBN-Pla-C6-20160728,3,1396253,Sibbaldia procumbens,61.448345
CBN-Pla-C6-20180724,1,1396253,Sibbaldia procumbens,60.599411
CBN-Pla-C6-20180724,2,1391774,Draba loiseleurii,58.958595
CBN-Pla-C6-20180724,3,1391781,Draba subnivalis,58.557320
CBN-Pla-C6-20180816,1,1412857,Omalotheca supina,63.005772
CBN-Pla-C6-20180816,2,1742053,Omalotheca hoppeana,62.865906
CBN-Pla-C6-20180816,3,1395807,Salix herbacea,62.248833
CBN-Pla-C6-20180906,1,1742053,Omalotheca hoppeana,65.464104
CBN-Pla-C6-20180906,2,1395807,Salix herbacea,62.498871
CBN-Pla-C6-20180906,3,1412857,Omalotheca supina,62.204559
CBN-Pla-C6-20190723,1,1395807,Salix herbacea,62.087399
CBN-Pla-C6-20190723,2,1742053,Omalotheca hoppeana,60.205093
CBN-Pla-C6-20190723,3,1741880,Salix serpillifolia,58.561737
CBN-Pla-C6-20190814,1,1741880,Salix serpillifolia,62.609276
CBN-Pla-C6-20190814,2,1396253,Sibbaldia procumbens,61.735970
CBN-Pla-C6-20190814,3,1395807,Salix herbacea,61.662228
CBN-Pla-C6-20200723,1,1396253,Sibbaldia procumbens,65.034248
CBN-Pla-C6-20200723,2,1412857,Omalotheca supina,63.480816
CBN-Pla-C6-20200723,3,1395807,Salix herbacea,63.319908
CBN-Pla-C6-20200814,1,1395870,Salix retusa,63.279205
CBN-Pla-C6-20200814,2,1741880,Salix serpillifolia,62.324051
CBN-Pla-C6-20200814,3,1395807,Salix herbacea,61.186043
CBN-Pla-D1-20130808,1,1396253,Sibbaldia procumbens,64.092026
CBN-Pla-D1-20130808,2,1361347,Nardus stricta,62.673141
CBN-Pla-D1-20130808,3,1395807,Salix herbacea,61.452869
CBN-Pla-D1-20130904,1,1396144,Sedum alpestre,63.506409
CBN-Pla-D1-20130904,2,1396253,Sibbaldia procumbens,62.975094
CBN-Pla-D1-20130904,3,1742053,Omalotheca hoppeana,61.219090
CBN-Pla-D1-20140722,1,1396253,Sibbaldia procumbens,59.841415
CBN-Pla-D1-20140722,2,1418688,Arctous alpina,57.724319
CBN-Pla-D1-20140722,3,1390811,Carex ericetorum,56.575687
CBN-Pla-D1-20140902,1,1395870,Salix retusa,63.332302
CBN-Pla-D1-20140902,2,1741880,Salix serpillifolia,62.602127
CBN-Pla-D1-20140902,3,1396253,Sibbaldia procumbens,61.555382
CBN-Pla-D1-20150702,1,1396253,Sibbaldia procumbens,61.526424
CBN-Pla-D1-20150702,2,1394311,Oreochloa disticha,59.550911
CBN-Pla-D1-20150702,3,1741880,Salix serpillifolia,58.608475
CBN-Pla-D1-20150723,1,1395870,Salix retusa,61.699680
CBN-Pla-D1-20150723,2,1741880,Salix serpillifolia,61.656372
CBN-Pla-D1-20150723,3,1396253,Sibbaldia procumbens,61.477551
CBN-Pla-D1-20150811,1,1412857,Omalotheca supina,62.995327
CBN-Pla-D1-20150811,2,1396253,Sibbaldia procumbens,61.807175
CBN-Pla-D1-20150811,3,1395807,Salix herbacea,59.745823
CBN-Pla-D1-20150901,1,1400176,Bistorta vivipara,64.543449
CBN-Pla-D1-20150901,2,1742053,Omalotheca hoppeana,63.259193
CBN-Pla-D1-20150901,3,1396253,Sibbaldia procumbens,63.224892
CBN-Pla-D1-20160707,1,1396253,Sibbaldia procumbens,61.695099
CBN-Pla-D1-20160707,2,1361347,Nardus stricta,61.282326
CBN-Pla-D1-20160707,3,1412857,Omalotheca supina,60.680943
CBN-Pla-D1-20160728,1,1396253,Sibbaldia procumbens,61.754318
CBN-Pla-D1-20160728,2,1395807,Salix herbacea,61.645065
CBN-Pla-D1-20160728,3,1400176,Bistorta vivipara,61.604683
CBN-Pla-D1-20180724,1,1412857,Omalotheca supina,62.191132
CBN-Pla-D1-20180724,2,1397386,Festuca scabriculmis,59.324120
CBN-Pla-D1-20180724,3,1361347,Nardus stricta,58.960304
CBN-Pla-D1-20180816,1,1742053,Omalotheca hoppeana,63.573471
CBN-Pla-D1-20180816,2,1412857,Omalotheca supina,63.237854
CBN-Pla-D1-20180816,3,1395807,Salix herbacea,61.159554
CBN-Pla-D1-20180906,1,1412857,Omalotheca supina,63.118866
CBN-Pla-D1-20180906,2,1391120,Chamorchis alpina,61.363213
CBN-Pla-D1-20180906,3,1395807,Salix herbacea,60.982155
CBN-Pla-D1-20190723,1,1396253,Sibbaldia procumbens,61.552032
CBN-Pla-D1-20190723,2,1394542,Phyteuma hemisphaericum,60.277458
CBN-Pla-D1-20190723,3,1358463,Lomelosia graminifolia,60.172760
CBN-Pla-D1-20190814,1,1394311,Oreochloa disticha,63.632683
CBN-Pla-D1-20190814,2,1395718,Sagina saginoides,63.076126
CBN-Pla-D1-20190814,3,1741880,Salix serpillifolia,62.169785
CBN-Pla-D1-20200723,1,1394911,Primula integrifolia,61.420727
CBN-Pla-D1-20200723,2,1742053,Omalotheca hoppeana,60.443352
CBN-Pla-D1-20200723,3,1394597,Pinguicula corsica,59.632500
CBN-Pla-D1-20200814,1,1742053,Omalotheca hoppeana,66.136627
CBN-Pla-D1-20200814,2,1412857,Omalotheca supina,65.641495
CBN-Pla-D1-20200814,3,1741624,Lotus alpinus,64.825699
CBN-Pla-D2-20130808,1,1361347,Nardus stricta,62.168938
CBN-Pla-D2-20130808,2,1396253,Sibbaldia procumbens,61.329826
CBN-Pla-D2-20130808,3,1741880,Salix serpillifolia,60.862465
CBN-Pla-D2-20130904,1,1396843,Trifolium alpinum,63.816555
CBN-Pla-D2-20130904,2,1395807,Salix herbacea,61.162365
CBN-Pla-D2-20130904,3,1396253,Sibbaldia procumbens,60.959099
CBN-Pla-D2-20140722,1,1390761,Carex arenaria,58.736584
CBN-Pla-D2-20140722,2,1395949,Saxifraga bryoides,57.327011
CBN-Pla-D2-20140722,3,1397500,Soldanella alpina,57.225960
CBN-Pla-D2-20140902,1,1393200,Homogyne alpina,63.330284
CBN-Pla-D2-20140902,2,1396843,Trifolium alpinum,62.939316
CBN-Pla-D2-20140902,3,1395807,Salix herbacea,59.979900
CBN-Pla-D2-20150702,1,1396253,Sibbaldia procumbens,59.248711
CBN-Pla-D2-20150702,2,1396843,Trifolium alpinum,58.948803
CBN-Pla-D2-20150702,3,1390811,Carex ericetorum,58.681053
CBN-Pla-D2-20150723,1,1396843,Trifolium alpinum,64.982239
CBN-Pla-D2-20150723,2,1397450,Orthilia secunda,62.804390
CBN-Pla-D2-20150723,3,1397106,Vicia pyrenaica,61.530487
CBN-Pla-D2-20150811,1,1400176,Bistorta vivipara,63.203819
CBN-Pla-D2-20150811,2,1412857,Omalotheca supina,62.930126
CBN-Pla-D2-20150811,3,1396843,Trifolium alpinum,62.100872
CBN-Pla-D2-20150901,1,1396843,Trifolium alpinum,64.906364
CBN-Pla-D2-20150901,2,1412857,Omalotheca supina,63.139038
CBN-Pla-D2-20150901,3,1742053,Omalotheca hoppeana,62.431923
CBN-Pla-D2-20160707,1,1741880,Salix serpillifolia,61.799522
CBN-Pla-D2-20160707,2,1412857,Omalotheca supina,61.109333
CBN-Pla-D2-20160707,3,1395870,Salix retusa,60.996185
CBN-Pla-D2-20160728,1,1412857,Omalotheca supina,62.161709
CBN-Pla-D2-20160728,2,1400176,Bistorta vivipara,61.374634
CBN-Pla-D2-20160728,3,1395807,Salix herbacea,61.292259
CBN-Pla-D2-20180724,1,1412857,Omalotheca supina,59.927319
CBN-Pla-D2-20180724,2,1390837,Carex humilis,57.373104
CBN-Pla-D2-20180724,3,1742053,Omalotheca hoppeana,57.222687
CBN-Pla-D2-20180816,1,1412857,Omalotheca supina,63.913193
CBN-Pla-D2-20180816,2,1400176,Bistorta vivipara,63.822388
CBN-Pla-D2-20180816,3,1396253,Sibbaldia procumbens,63.772591
CBN-Pla-D2-20180906,1,1396253,Sibbaldia procumbens,64.793907
CBN-Pla-D2-20180906,2,1400176,Bistorta vivipara,64.655876
CBN-Pla-D2-20180906,3,1412857,Omalotheca supina,64.055450
CBN-Pla-D2-20190723,1,1742053,Omalotheca hoppeana,62.263863
CBN-Pla-D2-20190723,2,1741880,Salix serpillifolia,61.908646
CBN-Pla-D2-20190723,3,1396253,Sibbaldia procumbens,61.632759
CBN-Pla-D2-20190814,1,1396253,Sibbaldia procumbens,64.627464
CBN-Pla-D2-20190814,2,1412857,Omalotheca supina,64.248222
CBN-Pla-D2-20190814,3,1742053,Omalotheca hoppeana,63.224899
CBN-Pla-D2-20200723,1,1396843,Trifolium alpinum,63.120468
CBN-Pla-D2-20200723,2,1396253,Sibbaldia procumbens,62.900925
CBN-Pla-D2-20200723,3,1412857,Omalotheca supina,62.245647
CBN-Pla-D2-20200814,1,1400176,Bistorta vivipara,66.174759
CBN-Pla-D2-20200814,2,1742053,Omalotheca hoppeana,65.836800
CBN-Pla-D2-20200814,3,1392552,Gentiana nivalis,65.041969
CBN-Pla-D3-20130808,1,1741880,Salix serpillifolia,65.343651
CBN-Pla-D3-20130808,2,1395870,Salix retusa,63.837288
CBN-Pla-D3-20130808,3,1395807,Salix herbacea,60.850525
CBN-Pla-D3-20130904,1,1395870,Salix retusa,64.171196
CBN-Pla-D3-20130904,2,1741880,Salix serpillifolia,63.971806
CBN-Pla-D3-20130904,3,1363133,Triglochin striata,61.313995
CBN-Pla-D3-20140722,1,1363133,Triglochin striata,59.634064
CBN-Pla-D3-20140722,2,1397500,Soldanella alpina,59.145550
CBN-Pla-D3-20140722,3,1743999,Crassula peduncularis,58.401310
CBN-Pla-D3-20140902,1,1395870,Salix retusa,63.795731
CBN-Pla-D3-20140902,2,1741880,Salix serpillifolia,63.680473
CBN-Pla-D3-20140902,3,1396253,Sibbaldia procumbens,63.013634
CBN-Pla-D3-20150702,1,1397500,Soldanella alpina,62.124496
CBN-Pla-D3-20150702,2,1396253,Sibbaldia procumbens,58.627007
CBN-Pla-D3-20150702,3,1393200,Homogyne alpina,57.500919
CBN-Pla-D3-20150723,1,1741880,Salix serpillifolia,63.902069
CBN-Pla-D3-20150723,2,1395870,Salix retusa,63.308525
CBN-Pla-D3-20150723,3,1396253,Sibbaldia procumbens,62.626438
CBN-Pla-D3-20150811,1,1395870,Salix retusa,64.771172
CBN-Pla-D3-20150811,2,1741880,Salix serpillifolia,63.575706
CBN-Pla-D3-20150811,3,1396253,Sibbaldia procumbens,62.045654
CBN-Pla-D3-20150901,1,1395870,Salix retusa,64.655853
CBN-Pla-D3-20150901,2,1396253,Sibbaldia procumbens,63.842262
CBN-Pla-D3-20150901,3,1397386,Festuca scabriculmis,63.033779
CBN-Pla-D3-20160707,1,1397500,Soldanella alpina,64.036552
CBN-Pla-D3-20160707,2,1396094,Arenaria biflora,62.975304
CBN-Pla-D3-20160707,3,1741880,Salix serpillifolia,60.278542
CBN-Pla-D3-20160728,1,1741880,Salix serpillifolia,63.292595
CBN-Pla-D3-20160728,2,1395870,Salix retusa,62.521091
CBN-Pla-D3-20160728,3,1392541,Gentiana brachyphylla,61.567711
CBN-Pla-D3-20180724,1,1390793,Carex curvula,58.333553
CBN-Pla-D3-20180724,2,1361347,Nardus stricta,56.349266
CBN-Pla-D3-20180724,3,1394311,Oreochloa disticha,56.184174
CBN-Pla-D3-20180816,1,1412857,Omalotheca supina,62.104454
CBN-Pla-D3-20180816,2,1741880,Salix serpillifolia,61.513763
CBN-Pla-D3-20180816,3,1396253,Sibbaldia procumbens,61.427055
CBN-Pla-D3-20180906,1,1400176,Bistorta vivipara,62.550591
CBN-Pla-D3-20180906,2,1396253,Sibbaldia procumbens,62.142323
CBN-Pla-D3-20180906,3,1395870,Salix retusa,62.140160
CBN-Pla-D3-20190723,1,1741880,Salix serpillifolia,65.290291
CBN-Pla-D3-20190723,2,1395870,Salix retusa,62.690224
CBN-Pla-D3-20190723,3,1396253,Sibbaldia procumbens,61.652374
CBN-Pla-D3-20190814,1,1395870,Salix retusa,63.937023
CBN-Pla-D3-20190814,2,1741880,Salix serpillifolia,63.753174
CBN-Pla-D3-20190814,3,1394643,Antennaria dioica,61.238892
CBN-Pla-D3-20200723,1,1400176,Bistorta vivipara,64.824791
CBN-Pla-D3-20200723,2,1741880,Salix serpillifolia,63.507839
CBN-Pla-D3-20200723,3,1396253,Sibbaldia procumbens,62.385956
CBN-Pla-D3-20200814,1,1741880,Salix serpillifolia,65.702866
CBN-Pla-D3-20200814,2,1392552,Gentiana nivalis,65.331993
CBN-Pla-D3-20200814,3,1395870,Salix retusa,64.316200
CBN-Pla-D4-20130808,1,1741880,Salix serpillifolia,64.523697
CBN-Pla-D4-20130808,2,1395870,Salix retusa,64.352333
CBN-Pla-D4-20130808,3,1396253,Sibbaldia procumbens,62.967827
CBN-Pla-D4-20130904,1,1395870,Salix retusa,63.860867
CBN-Pla-D4-20130904,2,1396144,Sedum alpestre,63.661224
CBN-Pla-D4-20130904,3,1741880,Salix serpillifolia,62.718002
CBN-Pla-D4-20140722,1,1396144,Sedum alpestre,62.380108
CBN-Pla-D4-20140722,2,1396253,Sibbaldia procumbens,62.318787
CBN-Pla-D4-20140722,3,1361275,Festuca indigesta,58.932404
CBN-Pla-D4-20140902,1,1395870,Salix retusa,64.237846
CBN-Pla-D4-20140902,2,1741880,Salix serpillifolia,63.370804
CBN-Pla-D4-20140902,3,1396253,Sibbaldia procumbens,61.995628
CBN-Pla-D4-20150702,1,1388766,Botrychium simplex,59.641228
CBN-Pla-D4-20150702,2,1396253,Sibbaldia procumbens,59.362373
CBN-Pla-D4-20150702,3,1390793,Carex curvula,59.072502
CBN-Pla-D4-20150723,1,1742052,Leontopodium nivale,63.706154
CBN-Pla-D4-20150723,2,1395870,Salix retusa,62.493320
CBN-Pla-D4-20150723,3,1390899,Carex pyrenaica,61.854805
CBN-Pla-D4-20150811,1,1395870,Salix retusa,63.557228
CBN-Pla-D4-20150811,2,1396253,Sibbaldia procumbens,63.191360
CBN-Pla-D4-20150811,3,1741880,Salix serpillifolia,63.100349
CBN-Pla-D4-20150901,1,1396253,Sibbaldia procumbens,64.229103
CBN-Pla-D4-20150901,2,1395870,Salix retusa,63.447762
CBN-Pla-D4-20150901,3,1743471,Festuca glacialis,63.039337
CBN-Pla-D4-20160707,1,1396253,Sibbaldia procumbens,62.152939
CBN-Pla-D4-20160707,2,1395870,Salix retusa,61.282848
CBN-Pla-D4-20160707,3,1392541,Gentiana brachyphylla,58.851021
CBN-Pla-D4-20160728,1,1397043,Veronica alpina,63.275238
CBN-Pla-D4-20160728,2,1396253,Sibbaldia procumbens,61.909676
CBN-Pla-D4-20160728,3,1395807,Salix herbacea,61.468994
CBN-Pla-D4-20180724,1,1396253,Sibbaldia procumbens,61.164627
CBN-Pla-D4-20180724,2,1361347,Nardus stricta,55.415859
CBN-Pla-D4-20180724,3,1390904,Carex rupestris,55.040176
CBN-Pla-D4-20180816,1,1395870,Salix retusa,65.322212
CBN-Pla-D4-20180816,2,1396253,Sibbaldia procumbens,64.574997
CBN-Pla-D4-20180816,3,1741880,Salix serpillifolia,62.603996
CBN-Pla-D4-20180906,1,1395870,Salix retusa,64.279343
CBN-Pla-D4-20180906,2,1741880,Salix serpillifolia,64.270256
CBN-Pla-D4-20180906,3,1396253,Sibbaldia procumbens,64.259811
CBN-Pla-D4-20190723,1,1396253,Sibbaldia procumbens,62.326668
CBN-Pla-D4-20190723,2,1395870,Salix retusa,61.699696
CBN-Pla-D4-20190723,3,1741880,Salix serpillifolia,61.218136
CBN-Pla-D4-20190814,1,1395870,Salix retusa,65.132317
CBN-Pla-D4-20190814,2,1395807,Salix herbacea,63.106010
CBN-Pla-D4-20190814,3,1396253,Sibbaldia procumbens,62.775452
CBN-Pla-D4-20200723,1,1395870,Salix retusa,64.260628
CBN-Pla-D4-20200723,2,1396253,Sibbaldia procumbens,63.674805
CBN-Pla-D4-20200723,3,1395807,Salix herbacea,62.246166
CBN-Pla-D4-20200814,1,1395870,Salix retusa,66.440674
CBN-Pla-D4-20200814,2,1392552,Gentiana nivalis,65.258949
CBN-Pla-D4-20200814,3,1396253,Sibbaldia procumbens,64.037064
CBN-Pla-D5-20130808,1,1412857,Omalotheca supina,66.553864
CBN-Pla-D5-20130808,2,1396253,Sibbaldia procumbens,64.109360
CBN-Pla-D5-20130808,3,1396144,Sedum alpestre,63.831848
CBN-Pla-D5-20130904,1,1396843,Trifolium alpinum,61.062904
CBN-Pla-D5-20130904,2,1395807,Salix herbacea,60.294540
CBN-Pla-D5-20130904,3,1418612,Carex firma,60.276871
CBN-Pla-D5-20140722,1,1396144,Sedum alpestre,61.429531
CBN-Pla-D5-20140722,2,1390793,Carex curvula,59.104927
CBN-Pla-D5-20140722,3,1390811,Carex ericetorum,57.048462
CBN-Pla-D5-20140902,1,1396144,Sedum alpestre,67.232407
CBN-Pla-D5-20140902,2,1394311,Oreochloa disticha,64.043808
CBN-Pla-D5-20140902,3,1361367,Poa alpina,62.401234
CBN-Pla-D5-20150702,1,1396253,Sibbaldia procumbens,61.912354
CBN-Pla-D5-20150702,2,1394597,Pinguicula corsica,61.240402
CBN-Pla-D5-20150702,3,1418612,Carex firma,59.895180
CBN-Pla-D5-20150723,1,1396144,Sedum alpestre,66.530304
CBN-Pla-D5-20150723,2,1395807,Salix herbacea,61.603142
CBN-Pla-D5-20150723,3,1361367,Poa alpina,61.257908
CBN-Pla-D5-20150811,1,1390883,Carex parviflora,62.526699
CBN-Pla-D5-20150811,2,1361367,Poa alpina,61.844414
CBN-Pla-D5-20150811,3,1361141,Agrostis rupestris,61.316868
CBN-Pla-D5-20150901,1,1396843,Trifolium alpinum,62.464905
CBN-Pla-D5-20150901,2,1394311,Oreochloa disticha,61.808010
CBN-Pla-D5-20150901,3,1395807,Salix herbacea,61.472836
CBN-Pla-D5-20160707,1,1392541,Gentiana brachyphylla,62.941246
CBN-Pla-D5-20160707,2,1395807,Salix herbacea,60.261208
CBN-Pla-D5-20160707,3,1359750,Oxalis acetosella,60.120964
CBN-Pla-D5-20160728,1,1395807,Salix herbacea,61.987541
CBN-Pla-D5-20160728,2,1397043,Veronica alpina,61.033447
CBN-Pla-D5-20160728,3,1396253,Sibbaldia procumbens,60.537083
CBN-Pla-D5-20180724,1,1396253,Sibbaldia procumbens,61.761322
CBN-Pla-D5-20180724,2,1418688,Arctous alpina,57.641167
CBN-Pla-D5-20180724,3,1390793,Carex curvula,56.584785
CBN-Pla-D5-20180816,1,1396253,Sibbaldia procumbens,64.065659
CBN-Pla-D5-20180816,2,1395807,Salix herbacea,62.394058
CBN-Pla-D5-20180816,3,1397043,Veronica alpina,61.076450
CBN-Pla-D5-20180906,1,1396253,Sibbaldia procumbens,63.840481
CBN-Pla-D5-20180906,2,1396843,Trifolium alpinum,62.397575
CBN-Pla-D5-20180906,3,1395807,Salix herbacea,61.687923
CBN-Pla-D5-20190723,1,1395807,Salix herbacea,61.511555
CBN-Pla-D5-20190723,2,1396253,Sibbaldia procumbens,61.391659
CBN-Pla-D5-20190723,3,1741880,Salix serpillifolia,59.982365
CBN-Pla-D5-20190814,1,1396144,Sedum alpestre,63.685486
CBN-Pla-D5-20190814,2,1397043,Veronica alpina,62.960991
CBN-Pla-D5-20190814,3,1397046,Veronica bellidioides,62.868103
CBN-Pla-D5-20200723,1,1396253,Sibbaldia procumbens,64.160065
CBN-Pla-D5-20200723,2,1396843,Trifolium alpinum,62.500370
CBN-Pla-D5-20200723,3,1395807,Salix herbacea,62.377609
CBN-Pla-D6-20130808,1,1392541,Gentiana brachyphylla,63.203964
CBN-Pla-D6-20130808,2,1412857,Omalotheca supina,62.739697
CBN-Pla-D6-20130808,3,1396253,Sibbaldia procumbens,62.731461
CBN-Pla-D6-20130904,1,1392535,Gentiana alpina,64.029449
CBN-Pla-D6-20130904,2,1392534,Gentiana acaulis,63.754543
CBN-Pla-D6-20130904,3,1395870,Salix retusa,62.505928
CBN-Pla-D6-20140722,1,1412857,Omalotheca supina,58.990067
CBN-Pla-D6-20140722,2,1609716,Epilobium komarovianum,58.467369
CBN-Pla-D6-20140722,3,1392541,Gentiana brachyphylla,58.020271
CBN-Pla-D6-20140902,1,1392552,Gentiana nivalis,64.290199
CBN-Pla-D6-20140902,2,1395807,Salix herbacea,62.029346
CBN-Pla-D6-20140902,3,1392541,Gentiana brachyphylla,61.496666
CBN-Pla-D6-20150702,1,1399800,Pinguicula nevadensis,62.389179
CBN-Pla-D6-20150702,2,1744293,Pinguicula tejedensis,62.199123
CBN-Pla-D6-20150702,3,1399798,Pinguicula dertosensis,61.858837
CBN-Pla-D6-20150723,1,1395807,Salix herbacea,62.086761
CBN-Pla-D6-20150723,2,1741880,Salix serpillifolia,61.401089
CBN-Pla-D6-20150723,3,1392535,Gentiana alpina,60.865715
CBN-Pla-D6-20150811,1,1392552,Gentiana nivalis,64.979202
CBN-Pla-D6-20150811,2,1395807,Salix herbacea,61.111897
CBN-Pla-D6-20150811,3,1396253,Sibbaldia procumbens,60.811726
CBN-Pla-D6-20150901,1,1392541,Gentiana brachyphylla,65.007599
CBN-Pla-D6-20150901,2,1396843,Trifolium alpinum,64.389175
CBN-Pla-D6-20150901,3,1392535,Gentiana alpina,63.138561
CBN-Pla-D6-20160707,1,1741880,Salix serpillifolia,61.452888
CBN-Pla-D6-20160707,2,1396253,Sibbaldia procumbens,61.255798
CBN-Pla-D6-20160707,3,1392541,Gentiana brachyphylla,60.822613
CBN-Pla-D6-20160728,1,1396253,Sibbaldia procumbens,63.832451
CBN-Pla-D6-20160728,2,1397043,Veronica alpina,62.304909
CBN-Pla-D6-20160728,3,1395807,Salix herbacea,61.992992
CBN-Pla-D6-20180724,1,1412857,Omalotheca supina,63.820892
CBN-Pla-D6-20180724,2,1744293,Pinguicula tejedensis,61.383347
CBN-Pla-D6-20180724,3,1390904,Carex rupestris,57.997665
CBN-Pla-D6-20180816,1,1397043,Veronica alpina,63.383305
CBN-Pla-D6-20180816,2,1395807,Salix herbacea,62.413658
CBN-Pla-D6-20180816,3,1396843,Trifolium alpinum,61.737312
CBN-Pla-D6-20180906,1,1395807,Salix herbacea,61.767368
CBN-Pla-D6-20180906,2,1392541,Gentiana brachyphylla,61.478981
CBN-Pla-D6-20180906,3,1396843,Trifolium alpinum,61.225826
CBN-Pla-D6-20190723,1,1395807,Salix herbacea,61.756916
CBN-Pla-D6-20190723,2,1394597,Pinguicula corsica,61.290684
CBN-Pla-D6-20190723,3,1742053,Omalotheca hoppeana,60.738384
CBN-Pla-D6-20190814,1,1741880,Salix serpillifolia,62.987083
CBN-Pla-D6-20190814,2,1397043,Veronica alpina,62.198162
CBN-Pla-D6-20190814,3,1395870,Salix retusa,61.313591
CBN-Pla-D6-20200723,1,1395807,Salix herbacea,63.327351
CBN-Pla-D6-20200723,2,1412857,Omalotheca supina,62.771046
CBN-Pla-D6-20200723,3,1742053,Omalotheca hoppeana,61.625664
CBN-Pla-D6-20200814,1,1392552,Gentiana nivalis,65.131363
CBN-Pla-D6-20200814,2,1395807,Salix herbacea,62.421463
CBN-Pla-D6-20200814,3,1742053,Omalotheca hoppeana,61.608246
CBN-Pla-E1-20130808,1,1396144,Sedum alpestre,65.831093
CBN-Pla-E1-20130808,2,1396253,Sibbaldia procumbens,63.126785
CBN-Pla-E1-20130808,3,1397491,Sedum atratum,60.803738
CBN-Pla-E1-20130904,1,1396144,Sedum alpestre,63.085167
CBN-Pla-E1-20130904,2,1396253,Sibbaldia procumbens,62.710064
CBN-Pla-E1-20130904,3,1395949,Saxifraga bryoides,62.525146
CBN-Pla-E1-20140722,1,1396144,Sedum alpestre,64.835945
CBN-Pla-E1-20140722,2,1744293,Pinguicula tejedensis,63.141232
CBN-Pla-E1-20140722,3,1399800,Pinguicula nevadensis,62.724735
CBN-Pla-E1-20140902,1,1396144,Sedum alpestre,65.796219
CBN-Pla-E1-20140902,2,1396253,Sibbaldia procumbens,63.273235
CBN-Pla-E1-20140902,3,1397491,Sedum atratum,61.762562
CBN-Pla-E1-20150702,1,1396144,Sedum alpestre,66.060257
CBN-Pla-E1-20150702,2,1396253,Sibbaldia procumbens,63.007126
CBN-Pla-E1-20150702,3,1397491,Sedum atratum,61.319736
CBN-Pla-E1-20150723,1,1396144,Sedum alpestre,65.070198
CBN-Pla-E1-20150723,2,1396272,Silene acaulis,64.079216
CBN-Pla-E1-20150723,3,1392448,Galium cespitosum,63.019585
CBN-Pla-E1-20150901,1,1396144,Sedum alpestre,65.488800
CBN-Pla-E1-20150901,2,1396272,Silene acaulis,63.412971
CBN-Pla-E1-20150901,3,1396253,Sibbaldia procumbens,63.090191
CBN-Pla-E1-20160707,1,1396144,Sedum alpestre,66.048508
CBN-Pla-E1-20160707,2,1392541,Gentiana brachyphylla,64.286308
CBN-Pla-E1-20160707,3,1396253,Sibbaldia procumbens,62.273254
CBN-Pla-E1-20160728,1,1396144,Sedum alpestre,65.360519
CBN-Pla-E1-20160728,2,1392535,Gentiana alpina,65.151230
CBN-Pla-E1-20160728,3,1392534,Gentiana acaulis,64.524422
CBN-Pla-E1-20180816,1,1396144,Sedum alpestre,65.476357
CBN-Pla-E1-20180816,2,1744479,Armeria bigerrensis,65.122231
CBN-Pla-E1-20180816,3,1647128,Armeria alpina,64.871140
CBN-Pla-E1-20180906,1,1394542,Phyteuma hemisphaericum,67.549149
CBN-Pla-E1-20180906,2,1396144,Sedum alpestre,67.202652
CBN-Pla-E1-20180906,3,1396253,Sibbaldia procumbens,64.972740
CBN-Pla-E1-20190723,1,1744479,Armeria bigerrensis,66.652504
CBN-Pla-E1-20190723,2,1392535,Gentiana alpina,66.348892
CBN-Pla-E1-20190723,3,1392541,Gentiana brachyphylla,65.043076
CBN-Pla-E1-20190814,1,1744479,Armeria bigerrensis,66.334106
CBN-Pla-E1-20190814,2,1396253,Sibbaldia procumbens,64.738632
CBN-Pla-E1-20190814,3,1396144,Sedum alpestre,64.443459
CBN-Pla-E1-20200630,1,1396253,Sibbaldia procumbens,62.626675
CBN-Pla-E1-20200630,2,1395949,Saxifraga bryoides,61.333008
CBN-Pla-E1-20200630,3,1395948,Saxifraga biflora,60.621506
CBN-Pla-E1-20200723,1,1396843,Trifolium alpinum,66.233299
CBN-Pla-E1-20200723,2,1396144,Sedum alpestre,65.513618
CBN-Pla-E1-20200723,3,1744479,Armeria bigerrensis,64.348312
CBN-Pla-E1-20200814,1,1744479,Armeria bigerrensis,68.082123
CBN-Pla-E1-20200814,2,1647128,Armeria alpina,65.821548
CBN-Pla-E1-20200814,3,1396362,Armeria leucocephala,65.108337
CBN-Pla-E2-20130808,1,1396144,Sedum alpestre,66.450623
CBN-Pla-E2-20130808,2,1396253,Sibbaldia procumbens,63.688969
CBN-Pla-E2-20130808,3,1738749,Cherleria sedoides,63.360664
CBN-Pla-E2-20130904,1,1396144,Sedum alpestre,64.648354
CBN-Pla-E2-20130904,2,1396272,Silene acaulis,64.341599
CBN-Pla-E2-20130904,3,1396253,Sibbaldia procumbens,63.351585
CBN-Pla-E2-20140722,1,1396144,Sedum alpestre,65.419655
CBN-Pla-E2-20140722,2,1396253,Sibbaldia procumbens,63.426502
CBN-Pla-E2-20140722,3,1738749,Cherleria sedoides,62.536987
CBN-Pla-E2-20140902,1,1396144,Sedum alpestre,65.707458
CBN-Pla-E2-20140902,2,1396253,Sibbaldia procumbens,64.155952
CBN-Pla-E2-20140902,3,1394542,Phyteuma hemisphaericum,64.107277
CBN-Pla-E2-20150702,1,1396144,Sedum alpestre,65.934219
CBN-Pla-E2-20150702,2,1396253,Sibbaldia procumbens,65.116562
CBN-Pla-E2-20150702,3,1412857,Omalotheca supina,63.502045
CBN-Pla-E2-20150723,1,1396144,Sedum alpestre,65.923286
CBN-Pla-E2-20150723,2,1396272,Silene acaulis,63.786091
CBN-Pla-E2-20150723,3,1396253,Sibbaldia procumbens,63.698956
CBN-Pla-E2-20150901,1,1396144,Sedum alpestre,65.951462
CBN-Pla-E2-20150901,2,1396253,Sibbaldia procumbens,64.850624
CBN-Pla-E2-20150901,3,1742053,Omalotheca hoppeana,64.377922
CBN-Pla-E2-20160707,1,1396253,Sibbaldia procumbens,64.715363
CBN-Pla-E2-20160707,2,1396144,Sedum alpestre,63.833282
CBN-Pla-E2-20160707,3,1738749,Cherleria sedoides,61.770302
CBN-Pla-E2-20160728,1,1400176,Bistorta vivipara,65.060402
CBN-Pla-E2-20160728,2,1396144,Sedum alpestre,64.962326
CBN-Pla-E2-20160728,3,1396253,Sibbaldia procumbens,64.051933
CBN-Pla-E2-20180724,1,1396253,Sibbaldia procumbens,64.421082
CBN-Pla-E2-20180724,2,1396111,Arenaria erinacea,63.628853
CBN-Pla-E2-20180724,3,1396144,Sedum alpestre,63.506134
CBN-Pla-E2-20180816,1,1396253,Sibbaldia procumbens,64.985664
CBN-Pla-E2-20180816,2,1396144,Sedum alpestre,64.932678
CBN-Pla-E2-20180816,3,1647128,Armeria alpina,63.485367
CBN-Pla-E2-20180906,1,1742053,Omalotheca hoppeana,67.579346
CBN-Pla-E2-20180906,2,1412857,Omalotheca supina,66.122627
CBN-Pla-E2-20180906,3,1396253,Sibbaldia procumbens,64.816635
CBN-Pla-E2-20190723,1,1396144,Sedum alpestre,64.288307
CBN-Pla-E2-20190723,2,1396253,Sibbaldia procumbens,63.741608
CBN-Pla-E2-20190723,3,1744479,Armeria bigerrensis,63.627254
CBN-Pla-E2-20190814,1,1742053,Omalotheca hoppeana,65.699059
CBN-Pla-E2-20190814,2,1647128,Armeria alpina,64.800995
CBN-Pla-E2-20190814,3,1396253,Sibbaldia procumbens,64.290459
CBN-Pla-E2-20200630,1,1396144,Sedum alpestre,61.453995
CBN-Pla-E2-20200630,2,1358099,Sedum brevifolium,59.070473
CBN-Pla-E2-20200630,3,1396253,Sibbaldia procumbens,59.019409
CBN-Pla-E2-20200723,1,1396253,Sibbaldia procumbens,65.042908
CBN-Pla-E2-20200723,2,1647128,Armeria alpina,62.461292
CBN-Pla-E2-20200723,3,1742053,Omalotheca hoppeana,61.623318
CBN-Pla-E2-20200814,1,1744479,Armeria bigerrensis,69.336639
CBN-Pla-E2-20200814,2,1647128,Armeria alpina,65.653038
CBN-Pla-E2-20200814,3,1396253,Sibbaldia procumbens,65.081116
CBN-Pla-E3-20130808,1,1396144,Sedum alpestre,66.669197
CBN-Pla-E3-20130808,2,1396253,Sibbaldia procumbens,64.676796
CBN-Pla-E3-20130808,3,1412857,Omalotheca supina,60.184525
CBN-Pla-E3-20130904,1,1396144,Sedum alpestre,65.893738
CBN-Pla-E3-20130904,2,1396253,Sibbaldia procumbens,63.852695
CBN-Pla-E3-20130904,3,1400176,Bistorta vivipara,61.408955
CBN-Pla-E3-20140722,1,1396144,Sedum alpestre,67.271858
CBN-Pla-E3-20140722,2,1396253,Sibbaldia procumbens,64.126587
CBN-Pla-E3-20140722,3,1394311,Oreochloa disticha,61.480053
CBN-Pla-E3-20140902,1,1396144,Sedum alpestre,66.041809
CBN-Pla-E3-20140902,2,1412857,Omalotheca supina,64.906563
CBN-Pla-E3-20140902,3,1396843,Trifolium alpinum,64.817322
CBN-Pla-E3-20150702,1,1396253,Sibbaldia procumbens,64.589981
CBN-Pla-E3-20150702,2,1396144,Sedum alpestre,62.201977
CBN-Pla-E3-20150702,3,1412857,Omalotheca supina,60.853340
CBN-Pla-E3-20150723,1,1396253,Sibbaldia procumbens,64.806641
CBN-Pla-E3-20150723,2,1412857,Omalotheca supina,62.756966
CBN-Pla-E3-20150723,3,1396144,Sedum alpestre,62.473377
CBN-Pla-E3-20150811,1,1396253,Sibbaldia procumbens,64.988518
CBN-Pla-E3-20150811,2,1412857,Omalotheca supina,61.670364
CBN-Pla-E3-20150811,3,1394311,Oreochloa disticha,61.220268
CBN-Pla-E3-20150901,1,1412857,Omalotheca supina,65.696693
CBN-Pla-E3-20150901,2,1742053,Omalotheca hoppeana,65.402901
CBN-Pla-E3-20150901,3,1396253,Sibbaldia procumbens,64.864960
CBN-Pla-E3-20160707,1,1396253,Sibbaldia procumbens,64.007240
CBN-Pla-E3-20160707,2,1396144,Sedum alpestre,63.618347
CBN-Pla-E3-20160707,3,1363543,Stenotaphrum secundatum,60.331116
CBN-Pla-E3-20160728,1,1412857,Omalotheca supina,66.161919
CBN-Pla-E3-20160728,2,1742053,Omalotheca hoppeana,64.438332
CBN-Pla-E3-20160728,3,1396253,Sibbaldia procumbens,64.386627
CBN-Pla-E3-20180724,1,1396253,Sibbaldia procumbens,63.688251
CBN-Pla-E3-20180724,2,1647156,Armeria humilis,59.099586
CBN-Pla-E3-20180724,3,1390837,Carex humilis,58.645828
CBN-Pla-E3-20180816,1,1397043,Veronica alpina,64.606636
CBN-Pla-E3-20180816,2,1396253,Sibbaldia procumbens,63.806187
CBN-Pla-E3-20180816,3,1412857,Omalotheca supina,61.356606
CBN-Pla-E3-20180906,1,1412857,Omalotheca supina,64.581863
CBN-Pla-E3-20180906,2,1396253,Sibbaldia procumbens,64.042404
CBN-Pla-E3-20180906,3,1742053,Omalotheca hoppeana,64.018417
CBN-Pla-E3-20190723,1,1392535,Gentiana alpina,66.034760
CBN-Pla-E3-20190723,2,1392534,Gentiana acaulis,65.545425
CBN-Pla-E3-20190723,3,1396253,Sibbaldia procumbens,64.674690
CBN-Pla-E3-20190814,1,1396253,Sibbaldia procumbens,64.104141
CBN-Pla-E3-20190814,2,1397043,Veronica alpina,63.057186
CBN-Pla-E3-20190814,3,1394542,Phyteuma hemisphaericum,61.589485
CBN-Pla-E3-20200630,1,1390532,Salvinia molesta,57.432755
CBN-Pla-E3-20200630,2,1395949,Saxifraga bryoides,56.360641
CBN-Pla-E3-20200630,3,1396111,Arenaria erinacea,55.983067
CBN-Pla-E3-20200723,1,1396253,Sibbaldia procumbens,64.730568
CBN-Pla-E3-20200723,2,1412857,Omalotheca supina,63.681824
CBN-Pla-E3-20200723,3,1397043,Veronica alpina,63.175591
CBN-Pla-E3-20200814,1,1742053,Omalotheca hoppeana,65.537109
CBN-Pla-E3-20200814,2,1412857,Omalotheca supina,65.455536
CBN-Pla-E3-20200814,3,1400176,Bistorta vivipara,64.792686
CBN-Pla-E4-20130808,1,1396253,Sibbaldia procumbens,64.544121
CBN-Pla-E4-20130808,2,1396843,Trifolium alpinum,60.531265
CBN-Pla-E4-20130808,3,1412857,Omalotheca supina,60.417213
CBN-Pla-E4-20130904,1,1396843,Trifolium alpinum,65.412560
CBN-Pla-E4-20130904,2,1396253,Sibbaldia procumbens,62.524540
CBN-Pla-E4-20130904,3,1392535,Gentiana alpina,61.929733
CBN-Pla-E4-20140722,1,1396253,Sibbaldia procumbens,61.455986
CBN-Pla-E4-20140722,2,1392534,Gentiana acaulis,59.862988
CBN-Pla-E4-20140722,3,1396843,Trifolium alpinum,59.422691
CBN-Pla-E4-20140902,1,1396843,Trifolium alpinum,64.260185
CBN-Pla-E4-20140902,2,1361367,Poa alpina,63.916283
CBN-Pla-E4-20140902,3,1395718,Sagina saginoides,63.336845
CBN-Pla-E4-20150702,1,1396253,Sibbaldia procumbens,64.572807
CBN-Pla-E4-20150702,2,1396843,Trifolium alpinum,61.824951
CBN-Pla-E4-20150702,3,1390793,Carex curvula,60.826004
CBN-Pla-E4-20150811,1,1396843,Trifolium alpinum,63.875526
CBN-Pla-E4-20150811,2,1396253,Sibbaldia procumbens,63.177750
CBN-Pla-E4-20150811,3,1400176,Bistorta vivipara,62.393494
CBN-Pla-E4-20150901,1,1396253,Sibbaldia procumbens,64.880066
CBN-Pla-E4-20150901,2,1396843,Trifolium alpinum,63.449505
CBN-Pla-E4-20150901,3,1400176,Bistorta vivipara,62.943180
CBN-Pla-E4-20160707,1,1396253,Sibbaldia procumbens,64.021400
CBN-Pla-E4-20160707,2,1396843,Trifolium alpinum,59.603203
CBN-Pla-E4-20160707,3,1361275,Festuca indigesta,59.466797
CBN-Pla-E4-20160728,1,1396253,Sibbaldia procumbens,64.274376
CBN-Pla-E4-20160728,2,1396843,Trifolium alpinum,63.387196
CBN-Pla-E4-20160728,3,1395718,Sagina saginoides,62.826424
CBN-Pla-E4-20180724,1,1396253,Sibbaldia procumbens,63.793560
CBN-Pla-E4-20180724,2,1392541,Gentiana brachyphylla,61.003040
CBN-Pla-E4-20180724,3,1392535,Gentiana alpina,58.989357
CBN-Pla-E4-20180816,1,1392534,Gentiana acaulis,65.216530
CBN-Pla-E4-20180816,2,1396253,Sibbaldia procumbens,64.197403
CBN-Pla-E4-20180816,3,1392535,Gentiana alpina,62.714745
CBN-Pla-E4-20180906,1,1395718,Sagina saginoides,65.346596
CBN-Pla-E4-20180906,2,1396843,Trifolium alpinum,64.900223
CBN-Pla-E4-20180906,3,1396253,Sibbaldia procumbens,64.353294
CBN-Pla-E4-20190723,1,1396253,Sibbaldia procumbens,64.594803
CBN-Pla-E4-20190723,2,1412857,Omalotheca supina,63.158417
CBN-Pla-E4-20190723,3,1396843,Trifolium alpinum,61.747860
CBN-Pla-E4-20190814,1,1396843,Trifolium alpinum,65.030396
CBN-Pla-E4-20190814,2,1396253,Sibbaldia procumbens,63.272350
CBN-Pla-E4-20190814,3,1361275,Festuca indigesta,60.824993
CBN-Pla-E4-20200630,1,1396253,Sibbaldia procumbens,62.885704
CBN-Pla-E4-20200630,2,1399798,Pinguicula dertosensis,57.416817
CBN-Pla-E4-20200630,3,1744294,Pinguicula casperiana,57.222321
CBN-Pla-E4-20200723,1,1397043,Veronica alpina,63.479961
CBN-Pla-E4-20200723,2,1397046,Veronica bellidioides,62.462189
CBN-Pla-E4-20200723,3,1396253,Sibbaldia procumbens,62.278843
CBN-Pla-E4-20200814,1,1396869,Trifolium thalii,64.664246
CBN-Pla-E4-20200814,2,1396253,Sibbaldia procumbens,63.900101
CBN-Pla-E4-20200814,3,1396843,Trifolium alpinum,63.792347
CBN-Pla-E5-20130808,1,1396253,Sibbaldia procumbens,63.386799
CBN-Pla-E5-20130808,2,1744293,Pinguicula tejedensis,61.570599
CBN-Pla-E5-20130808,3,1392541,Gentiana brachyphylla,61.556473
CBN-Pla-E5-20130904,1,1395807,Salix herbacea,62.447548
CBN-Pla-E5-20130904,2,1397386,Festuca scabriculmis,62.340515
CBN-Pla-E5-20130904,3,1399798,Pinguicula dertosensis,60.943111
CBN-Pla-E5-20140722,1,1399800,Pinguicula nevadensis,60.765511
CBN-Pla-E5-20140722,2,1399798,Pinguicula dertosensis,60.342438
CBN-Pla-E5-20140722,3,1363618,Crassula multicava,58.814484
CBN-Pla-E5-20140902,1,1392541,Gentiana brachyphylla,60.865913
CBN-Pla-E5-20140902,2,1361367,Poa alpina,60.796066
CBN-Pla-E5-20140902,3,1394599,Pinguicula leptoceras,60.771820
CBN-Pla-E5-20150702,1,1392260,Festuca alpina,61.598293
CBN-Pla-E5-20150702,2,1392330,Festuca pyrenaica,60.894772
CBN-Pla-E5-20150702,3,1396843,Trifolium alpinum,60.354630
CBN-Pla-E5-20150723,1,1414270,Bacopa rotundifolia,62.184860
CBN-Pla-E5-20150723,2,1397106,Vicia pyrenaica,61.040257
CBN-Pla-E5-20150723,3,1392541,Gentiana brachyphylla,60.405209
CBN-Pla-E5-20150811,1,1356278,Trifolium fragiferum,61.871983
CBN-Pla-E5-20150811,2,1394311,Oreochloa disticha,61.708374
CBN-Pla-E5-20150811,3,1392534,Gentiana acaulis,61.494389
CBN-Pla-E5-20150901,1,1396843,Trifolium alpinum,64.511330
CBN-Pla-E5-20150901,2,1392541,Gentiana brachyphylla,62.579826
CBN-Pla-E5-20150901,3,1396869,Trifolium thalii,61.510376
CBN-Pla-E5-20160707,1,1394311,Oreochloa disticha,60.043335
CBN-Pla-E5-20160707,2,1396253,Sibbaldia procumbens,59.361763
CBN-Pla-E5-20160707,3,1397386,Festuca scabriculmis,59.345016
CBN-Pla-E5-20160728,1,1392535,Gentiana alpina,63.162773
CBN-Pla-E5-20160728,2,1392534,Gentiana acaulis,61.901348
CBN-Pla-E5-20160728,3,1549015,Gentiana clusii,61.830608
CBN-Pla-E5-20180724,1,1399798,Pinguicula dertosensis,60.002487
CBN-Pla-E5-20180724,2,1391427,Crassula pubescens,59.368210
CBN-Pla-E5-20180724,3,1392541,Gentiana brachyphylla,57.618988
CBN-Pla-E5-20180816,1,1392535,Gentiana alpina,63.372082
CBN-Pla-E5-20180816,2,1392534,Gentiana acaulis,63.251865
CBN-Pla-E5-20180816,3,1392541,Gentiana brachyphylla,62.077530
CBN-Pla-E5-20180906,1,1396843,Trifolium alpinum,63.946575
CBN-Pla-E5-20180906,2,1392541,Gentiana brachyphylla,61.934143
CBN-Pla-E5-20180906,3,1392534,Gentiana acaulis,61.169624
CBN-Pla-E5-20190723,1,1400176,Bistorta vivipara,63.171967
CBN-Pla-E5-20190723,2,1395807,Salix herbacea,61.327320
CBN-Pla-E5-20190723,3,1412857,Omalotheca supina,61.115433
CBN-Pla-E5-20190814,1,1392541,Gentiana brachyphylla,62.003311
CBN-Pla-E5-20190814,2,1396843,Trifolium alpinum,61.287968
CBN-Pla-E5-20190814,3,1403533,Bacopa monnieri,60.712242
CBN-Pla-E5-20200630,1,1392541,Gentiana brachyphylla,54.132076
CBN-Pla-E5-20200630,2,1364066,Veronica serpyllifolia,53.852859
CBN-Pla-E5-20200630,3,1743977,Limonium auriculifolium,53.422249
CBN-Pla-E5-20200723,1,1392534,Gentiana acaulis,63.854717
CBN-Pla-E5-20200723,2,1392541,Gentiana brachyphylla,61.919422
CBN-Pla-E5-20200723,3,1395807,Salix herbacea,61.909801
CBN-Pla-E5-20200814,1,1362482,Phleum alpinum,64.410065
CBN-Pla-E5-20200814,2,1392541,Gentiana brachyphylla,63.595387
CBN-Pla-E5-20200814,3,1400176,Bistorta vivipara,63.412048
CBN-Pla-E6-20130808,1,1396253,Sibbaldia procumbens,64.266235
CBN-Pla-E6-20130808,2,1396144,Sedum alpestre,61.934681
CBN-Pla-E6-20130808,3,1395807,Salix herbacea,61.537720
CBN-Pla-E6-20130904,1,1396253,Sibbaldia procumbens,62.903587
CBN-Pla-E6-20130904,2,1397386,Festuca scabriculmis,62.344685
CBN-Pla-E6-20130904,3,1395807,Salix herbacea,61.948406
CBN-Pla-E6-20140722,1,1396253,Sibbaldia procumbens,61.644432
CBN-Pla-E6-20140722,2,1390904,Carex rupestris,58.473927
CBN-Pla-E6-20140722,3,1392241,Alchemilla pentaphyllea,57.286896
CBN-Pla-E6-20140902,1,1412857,Omalotheca supina,65.220428
CBN-Pla-E6-20140902,2,1742053,Omalotheca hoppeana,63.718868
CBN-Pla-E6-20140902,3,1395807,Salix herbacea,62.344936
CBN-Pla-E6-20150702,1,1396253,Sibbaldia procumbens,63.157795
CBN-Pla-E6-20150702,2,1396144,Sedum alpestre,61.891045
CBN-Pla-E6-20150702,3,1412857,Omalotheca supina,59.589424
CBN-Pla-E6-20150723,1,1743456,Carex macrostylos,63.332363
CBN-Pla-E6-20150723,2,1395807,Salix herbacea,62.166378
CBN-Pla-E6-20150723,3,1396253,Sibbaldia procumbens,62.098598
CBN-Pla-E6-20150811,1,1741880,Salix serpillifolia,63.819260
CBN-Pla-E6-20150811,2,1412857,Omalotheca supina,62.944412
CBN-Pla-E6-20150811,3,1742053,Omalotheca hoppeana,61.025162
CBN-Pla-E6-20150901,1,1396253,Sibbaldia procumbens,64.418381
CBN-Pla-E6-20150901,2,1412857,Omalotheca supina,62.888588
CBN-Pla-E6-20150901,3,1395807,Salix herbacea,61.334156
CBN-Pla-E6-20160707,1,1396253,Sibbaldia procumbens,63.330597
CBN-Pla-E6-20160707,2,1412857,Omalotheca supina,63.222160
CBN-Pla-E6-20160707,3,1396144,Sedum alpestre,62.122375
CBN-Pla-E6-20160728,1,1396253,Sibbaldia procumbens,64.003418
CBN-Pla-E6-20160728,2,1742053,Omalotheca hoppeana,62.750916
CBN-Pla-E6-20160728,3,1396144,Sedum alpestre,62.201759
CBN-Pla-E6-20180724,1,1394643,Antennaria dioica,57.617508
CBN-Pla-E6-20180724,2,1393619,Logfia minima,57.197392
CBN-Pla-E6-20180724,3,1412857,Omalotheca supina,55.953278
CBN-Pla-E6-20180816,1,1396253,Sibbaldia procumbens,63.930153
CBN-Pla-E6-20180816,2,1395718,Sagina saginoides,63.885204
CBN-Pla-E6-20180816,3,1412857,Omalotheca supina,63.174095
CBN-Pla-E6-20180906,1,1742053,Omalotheca hoppeana,67.007851
CBN-Pla-E6-20180906,2,1396253,Sibbaldia procumbens,64.530350
CBN-Pla-E6-20180906,3,1412857,Omalotheca supina,64.305984
CBN-Pla-E6-20190723,1,1395807,Salix herbacea,63.897957
CBN-Pla-E6-20190723,2,1396253,Sibbaldia procumbens,63.511162
CBN-Pla-E6-20190723,3,1396843,Trifolium alpinum,60.073814
CBN-Pla-E6-20190814,1,1741624,Lotus alpinus,63.665749
CBN-Pla-E6-20190814,2,1396253,Sibbaldia procumbens,62.633007
CBN-Pla-E6-20190814,3,1397043,Veronica alpina,62.364189
CBN-Pla-E6-20200723,1,1396253,Sibbaldia procumbens,64.619865
CBN-Pla-E6-20200723,2,1412857,Omalotheca supina,63.613110
CBN-Pla-E6-20200723,3,1742053,Omalotheca hoppeana,63.412327
CBN-Pla-E6-20200814,1,1742053,Omalotheca hoppeana,66.213203
CBN-Pla-E6-20200814,2,1412857,Omalotheca supina,65.680969
CBN-Pla-E6-20200814,3,1397043,Veronica alpina,64.751205
CBN-Pla-F1-20130808,1,1580587,Lotus glacialis,60.504097
CBN-Pla-F1-20130808,2,1741624,Lotus alpinus,60.322201
CBN-Pla-F1-20130808,3,1398117,Leontodon tenuiflorus,58.049290
CBN-Pla-F1-20130904,1,1741624,Lotus alpinus,62.503052
CBN-Pla-F1-20130904,2,1397461,Plantago alpina,61.349022
CBN-Pla-F1-20130904,3,1391359,Coronilla vaginalis,60.630592
CBN-Pla-F1-20140722,1,1580587,Lotus glacialis,59.371651
CBN-Pla-F1-20140722,2,1388766,Botrychium simplex,59.332062
CBN-Pla-F1-20140722,3,1399800,Pinguicula nevadensis,58.992733
CBN-Pla-F1-20140902,1,1744479,Armeria bigerrensis,66.287262
CBN-Pla-F1-20140902,2,1647156,Armeria humilis,64.424454
CBN-Pla-F1-20140902,3,1399082,Armeria sardoa,62.356903
CBN-Pla-F1-20150702,1,1413349,Armeria maritima,61.305737
CBN-Pla-F1-20150702,2,1741624,Lotus alpinus,60.675270
CBN-Pla-F1-20150702,3,1393679,Luzula lutea,59.725151
CBN-Pla-F1-20150723,1,1647128,Armeria alpina,65.811211
CBN-Pla-F1-20150723,2,1391359,Coronilla vaginalis,63.986588
CBN-Pla-F1-20150723,3,1744479,Armeria bigerrensis,63.255184
CBN-Pla-F1-20150901,1,1361275,Festuca indigesta,62.699780
CBN-Pla-F1-20150901,2,1647128,Armeria alpina,62.141857
CBN-Pla-F1-20150901,3,1394311,Oreochloa disticha,62.107430
CBN-Pla-F1-20160707,1,1647128,Armeria alpina,62.183132
CBN-Pla-F1-20160707,2,1396094,Arenaria biflora,61.706314
CBN-Pla-F1-20160707,3,1393679,Luzula lutea,61.499111
CBN-Pla-F1-20160728,1,1744479,Armeria bigerrensis,64.673347
CBN-Pla-F1-20160728,2,1647156,Armeria humilis,63.544121
CBN-Pla-F1-20160728,3,1741624,Lotus alpinus,62.951439
CBN-Pla-F1-20180724,1,1396144,Sedum alpestre,58.776951
CBN-Pla-F1-20180724,2,1647128,Armeria alpina,58.191216
CBN-Pla-F1-20180724,3,1392565,Gentiana terglouensis,57.921616
CBN-Pla-F1-20180816,1,1741624,Lotus alpinus,61.444885
CBN-Pla-F1-20180816,2,1728573,Atocion rupestre,60.491707
CBN-Pla-F1-20180816,3,1580587,Lotus glacialis,60.148808
CBN-Pla-F1-20180906,1,1728573,Atocion rupestre,64.320854
CBN-Pla-F1-20180906,2,1400176,Bistorta vivipara,62.190361
CBN-Pla-F1-20180906,3,1392534,Gentiana acaulis,61.020134
CBN-Pla-F1-20190723,1,1741624,Lotus alpinus,62.044563
CBN-Pla-F1-20190723,2,1400176,Bistorta vivipara,60.664303
CBN-Pla-F1-20190723,3,1393679,Luzula lutea,60.624809
CBN-Pla-F1-20190814,1,1400176,Bistorta vivipara,63.468620
CBN-Pla-F1-20190814,2,1394311,Oreochloa disticha,62.916168
CBN-Pla-F1-20190814,3,1743474,Oreochloa elegans,61.919865
CBN-Pla-F1-20200630,1,1363543,Stenotaphrum secundatum,57.188770
CBN-Pla-F1-20200630,2,1390837,Carex humilis,54.929916
CBN-Pla-F1-20200630,3,1399800,Pinguicula nevadensis,54.573563
CBN-Pla-F1-20200723,1,1397043,Veronica alpina,63.593014
CBN-Pla-F1-20200723,2,1392541,Gentiana brachyphylla,62.994392
CBN-Pla-F1-20200723,3,1397046,Veronica bellidioides,61.934353
CBN-Pla-F1-20200814,1,1400176,Bistorta vivipara,63.961266
CBN-Pla-F1-20200814,2,1392260,Festuca alpina,63.045429
CBN-Pla-F1-20200814,3,1741624,Lotus alpinus,62.569443
CBN-Pla-F2-20130808,1,1396253,Sibbaldia procumbens,61.767242
CBN-Pla-F2-20130808,2,1396144,Sedum alpestre,61.735973
CBN-Pla-F2-20130808,3,1741624,Lotus alpinus,60.087841
CBN-Pla-F2-20130904,1,1647156,Armeria humilis,67.629578
CBN-Pla-F2-20130904,2,1744479,Armeria bigerrensis,66.190376
CBN-Pla-F2-20130904,3,1419963,Armeria splendens,64.032150
CBN-Pla-F2-20140722,1,1396144,Sedum alpestre,63.518867
CBN-Pla-F2-20140722,2,1397491,Sedum atratum,61.368690
CBN-Pla-F2-20140722,3,1395948,Saxifraga biflora,59.079651
CBN-Pla-F2-20140902,1,1412857,Omalotheca supina,61.706184
CBN-Pla-F2-20140902,2,1392541,Gentiana brachyphylla,61.447090
CBN-Pla-F2-20140902,3,1361141,Agrostis rupestris,61.244034
CBN-Pla-F2-20150702,1,1396144,Sedum alpestre,63.317768
CBN-Pla-F2-20150702,2,1396253,Sibbaldia procumbens,62.979813
CBN-Pla-F2-20150702,3,1412857,Omalotheca supina,60.021790
CBN-Pla-F2-20150723,1,1741624,Lotus alpinus,63.068424
CBN-Pla-F2-20150723,2,1744479,Armeria bigerrensis,62.879246
CBN-Pla-F2-20150723,3,1396144,Sedum alpestre,61.542961
CBN-Pla-F2-20150901,1,1391359,Coronilla vaginalis,65.211899
CBN-Pla-F2-20150901,2,1412857,Omalotheca supina,65.024956
CBN-Pla-F2-20150901,3,1396253,Sibbaldia procumbens,62.486748
CBN-Pla-F2-20160707,1,1396253,Sibbaldia procumbens,63.283302
CBN-Pla-F2-20160707,2,1392260,Festuca alpina,60.778923
CBN-Pla-F2-20160707,3,1412857,Omalotheca supina,60.651211
CBN-Pla-F2-20160728,1,1741624,Lotus alpinus,64.949486
CBN-Pla-F2-20160728,2,1652912,Nassella trichotoma,61.902874
CBN-Pla-F2-20160728,3,1396253,Sibbaldia procumbens,61.662670
CBN-Pla-F2-20180724,1,1396253,Sibbaldia procumbens,62.284157
CBN-Pla-F2-20180724,2,1396144,Sedum alpestre,58.784019
CBN-Pla-F2-20180724,3,1727501,Soliva mexicana,57.566277
CBN-Pla-F2-20180816,1,1396253,Sibbaldia procumbens,63.353493
CBN-Pla-F2-20180816,2,1412857,Omalotheca supina,63.086311
CBN-Pla-F2-20180816,3,1395718,Sagina saginoides,62.137539
CBN-Pla-F2-20180906,1,1395718,Sagina saginoides,65.049774
CBN-Pla-F2-20180906,2,1412857,Omalotheca supina,62.894855
CBN-Pla-F2-20180906,3,1396253,Sibbaldia procumbens,62.502663
CBN-Pla-F2-20190723,1,1396253,Sibbaldia procumbens,61.837593
CBN-Pla-F2-20190723,2,1363543,Stenotaphrum secundatum,60.939198
CBN-Pla-F2-20190723,3,1741624,Lotus alpinus,60.902611
CBN-Pla-F2-20190814,1,1396253,Sibbaldia procumbens,63.215672
CBN-Pla-F2-20190814,2,1397106,Vicia pyrenaica,61.641495
CBN-Pla-F2-20190814,3,1395718,Sagina saginoides,61.118439
CBN-Pla-F2-20200630,1,1392241,Alchemilla pentaphyllea,61.395557
CBN-Pla-F2-20200630,2,1397279,Alchemilla alpina,59.683205
CBN-Pla-F2-20200630,3,1356228,Cymodocea nodosa,57.397614
CBN-Pla-F2-20200723,1,1396253,Sibbaldia procumbens,65.443718
CBN-Pla-F2-20200723,2,1397046,Veronica bellidioides,62.985760
CBN-Pla-F2-20200723,3,1397043,Veronica alpina,62.799599
CBN-Pla-F2-20200814,1,1741624,Lotus alpinus,62.535858
CBN-Pla-F2-20200814,2,1392260,Festuca alpina,61.385094
CBN-Pla-F2-20200814,3,1361275,Festuca indigesta,61.002399
CBN-Pla-F3-20130808,1,1396253,Sibbaldia procumbens,64.385674
CBN-Pla-F3-20130808,2,1394438,Pedicularis kerneri,60.999290
CBN-Pla-F3-20130808,3,1412857,Omalotheca supina,60.678703
CBN-Pla-F3-20130904,1,1394438,Pedicularis kerneri,63.841488
CBN-Pla-F3-20130904,2,1396253,Sibbaldia procumbens,60.631203
CBN-Pla-F3-20130904,3,1394444,Pedicularis pyrenaica,59.873215
CBN-Pla-F3-20140722,1,1396253,Sibbaldia procumbens,62.435013
CBN-Pla-F3-20140722,2,1647156,Armeria humilis,61.313503
CBN-Pla-F3-20140722,3,1394599,Pinguicula leptoceras,61.066193
CBN-Pla-F3-20140902,1,1744479,Armeria bigerrensis,65.571388
CBN-Pla-F3-20140902,2,1396144,Sedum alpestre,65.485001
CBN-Pla-F3-20140902,3,1394438,Pedicularis kerneri,64.803757
CBN-Pla-F3-20150702,1,1396253,Sibbaldia procumbens,63.414871
CBN-Pla-F3-20150702,2,1392541,Gentiana brachyphylla,60.062275
CBN-Pla-F3-20150702,3,1396144,Sedum alpestre,59.180706
CBN-Pla-F3-20150723,1,1396253,Sibbaldia procumbens,61.656609
CBN-Pla-F3-20150723,2,1741624,Lotus alpinus,60.792713
CBN-Pla-F3-20150723,3,1418612,Carex firma,60.419827
CBN-Pla-F3-20150811,1,1744479,Armeria bigerrensis,66.401627
CBN-Pla-F3-20150811,2,1647156,Armeria humilis,64.242157
CBN-Pla-F3-20150811,3,1396144,Sedum alpestre,63.027702
CBN-Pla-F3-20150901,1,1744479,Armeria bigerrensis,67.970825
CBN-Pla-F3-20150901,2,1647128,Armeria alpina,65.565102
CBN-Pla-F3-20150901,3,1647156,Armeria humilis,64.053398
CBN-Pla-F3-20160707,1,1396253,Sibbaldia procumbens,64.388229
CBN-Pla-F3-20160707,2,1394438,Pedicularis kerneri,62.267815
CBN-Pla-F3-20160707,3,1390793,Carex curvula,61.471523
CBN-Pla-F3-20160728,1,1394438,Pedicularis kerneri,65.067520
CBN-Pla-F3-20160728,2,1394444,Pedicularis pyrenaica,62.203003
CBN-Pla-F3-20160728,3,1412857,Omalotheca supina,61.014847
CBN-Pla-F3-20180724,1,1396144,Sedum alpestre,62.193382
CBN-Pla-F3-20180724,2,1412857,Omalotheca supina,60.089607
CBN-Pla-F3-20180724,3,1400176,Bistorta vivipara,59.907669
CBN-Pla-F3-20180816,1,1396253,Sibbaldia procumbens,64.078896
CBN-Pla-F3-20180816,2,1412857,Omalotheca supina,62.948112
CBN-Pla-F3-20180816,3,1400176,Bistorta vivipara,62.602364
CBN-Pla-F3-20180906,1,1396253,Sibbaldia procumbens,65.012909
CBN-Pla-F3-20180906,2,1392541,Gentiana brachyphylla,64.315422
CBN-Pla-F3-20180906,3,1412857,Omalotheca supina,63.507740
CBN-Pla-F3-20190723,1,1396253,Sibbaldia procumbens,64.971191
CBN-Pla-F3-20190723,2,1412857,Omalotheca supina,63.212524
CBN-Pla-F3-20190723,3,1396362,Armeria leucocephala,60.643948
CBN-Pla-F3-20190814,1,1394438,Pedicularis kerneri,66.556923
CBN-Pla-F3-20190814,2,1394444,Pedicularis pyrenaica,65.413010
CBN-Pla-F3-20190814,3,1394441,Pedicularis mixta,62.739151
CBN-Pla-F3-20200630,1,1399800,Pinguicula nevadensis,59.896275
CBN-Pla-F3-20200630,2,1744293,Pinguicula tejedensis,59.539398
CBN-Pla-F3-20200630,3,1394595,Pinguicula alpina,59.068821
CBN-Pla-F3-20200723,1,1396144,Sedum alpestre,65.545822
CBN-Pla-F3-20200723,2,1396253,Sibbaldia procumbens,64.523972
CBN-Pla-F3-20200723,3,1412857,Omalotheca supina,64.523697
CBN-Pla-F3-20200814,1,1396253,Sibbaldia procumbens,64.173653
CBN-Pla-F3-20200814,2,1394438,Pedicularis kerneri,63.696808
CBN-Pla-F3-20200814,3,1412857,Omalotheca supina,63.379837
CBN-Pla-F4-20130808,1,1396253,Sibbaldia procumbens,64.110558
CBN-Pla-F4-20130808,2,1647128,Armeria alpina,61.967430
CBN-Pla-F4-20130808,3,1396144,Sedum alpestre,60.199306
CBN-Pla-F4-20130904,1,1396144,Sedum alpestre,62.112263
CBN-Pla-F4-20130904,2,1396253,Sibbaldia procumbens,60.745190
CBN-Pla-F4-20130904,3,1647128,Armeria alpina,59.464069
CBN-Pla-F4-20140722,1,1396144,Sedum alpestre,62.040630
CBN-Pla-F4-20140722,2,1397491,Sedum atratum,58.638088
CBN-Pla-F4-20140722,3,1394643,Antennaria dioica,58.305061
CBN-Pla-F4-20150723,1,1744479,Armeria bigerrensis,64.086685
CBN-Pla-F4-20150723,2,1396362,Armeria leucocephala,62.551189
CBN-Pla-F4-20150723,3,1647128,Armeria alpina,61.587326
CBN-Pla-F4-20150811,1,1744479,Armeria bigerrensis,65.563271
CBN-Pla-F4-20150811,2,1647128,Armeria alpina,63.855019
CBN-Pla-F4-20150811,3,1413349,Armeria maritima,62.886856
CBN-Pla-F4-20150901,1,1412857,Omalotheca supina,63.992561
CBN-Pla-F4-20150901,2,1396144,Sedum alpestre,63.901459
CBN-Pla-F4-20150901,3,1413349,Armeria maritima,61.581566
CBN-Pla-F4-20160707,1,1412857,Omalotheca supina,63.661774
CBN-Pla-F4-20160707,2,1742053,Omalotheca hoppeana,61.741329
CBN-Pla-F4-20160707,3,1742052,Leontopodium nivale,60.169735
CBN-Pla-F4-20160728,1,1412857,Omalotheca supina,64.806671
CBN-Pla-F4-20160728,2,1396144,Sedum alpestre,63.089874
CBN-Pla-F4-20160728,3,1396253,Sibbaldia procumbens,61.855461
CBN-Pla-F4-20180724,1,1356422,Botrychium lunaria,58.203735
CBN-Pla-F4-20180724,2,1394643,Antennaria dioica,57.109779
CBN-Pla-F4-20180724,3,1390793,Carex curvula,57.002926
CBN-Pla-F4-20180816,1,1412857,Omalotheca supina,64.435814
CBN-Pla-F4-20180816,2,1396253,Sibbaldia procumbens,62.836143
CBN-Pla-F4-20180816,3,1395807,Salix herbacea,61.694641
CBN-Pla-F4-20180906,1,1412857,Omalotheca supina,65.994370
CBN-Pla-F4-20180906,2,1742053,Omalotheca hoppeana,62.413734
CBN-Pla-F4-20180906,3,1396253,Sibbaldia procumbens,62.038349
CBN-Pla-F4-20190723,1,1412857,Omalotheca supina,64.823944
CBN-Pla-F4-20190723,2,1396253,Sibbaldia procumbens,63.706356
CBN-Pla-F4-20190723,3,1742053,Omalotheca hoppeana,60.242283
CBN-Pla-F4-20190814,1,1412857,Omalotheca supina,65.290924
CBN-Pla-F4-20190814,2,1742053,Omalotheca hoppeana,62.890713
CBN-Pla-F4-20190814,3,1396253,Sibbaldia procumbens,62.172405
CBN-Pla-F4-20200630,1,1359937,Littorella uniflora,57.186096
CBN-Pla-F4-20200630,2,1651061,Festuca clementei,56.420319
CBN-Pla-F4-20200630,3,1720971,Lolium arundinaceum,55.985928
CBN-Pla-F4-20200723,1,1412857,Omalotheca supina,64.424232
CBN-Pla-F4-20200723,2,1396253,Sibbaldia procumbens,62.452942
CBN-Pla-F4-20200723,3,1742053,Omalotheca hoppeana,61.864742
CBN-Pla-F4-20200814,1,1412857,Omalotheca supina,67.528290
CBN-Pla-F4-20200814,2,1744479,Armeria bigerrensis,67.071022
CBN-Pla-F4-20200814,3,1647128,Armeria alpina,67.004402
CBN-Pla-F5-20130808,1,1396253,Sibbaldia procumbens,64.449066
CBN-Pla-F5-20130808,2,1396144,Sedum alpestre,63.375481
CBN-Pla-F5-20130808,3,1397491,Sedum atratum,59.733284
CBN-Pla-F5-20130904,1,1396144,Sedum alpestre,63.863300
CBN-Pla-F5-20130904,2,1396253,Sibbaldia procumbens,63.260002
CBN-Pla-F5-20130904,3,1396843,Trifolium alpinum,60.636234
CBN-Pla-F5-20140722,1,1395949,Saxifraga bryoides,58.954067
CBN-Pla-F5-20140722,2,1392241,Alchemilla pentaphyllea,58.684872
CBN-Pla-F5-20140722,3,1396144,Sedum alpestre,58.674175
CBN-Pla-F5-20140902,1,1400176,Bistorta vivipara,64.040199
CBN-Pla-F5-20140902,2,1396253,Sibbaldia procumbens,63.340454
CBN-Pla-F5-20140902,3,1396843,Trifolium alpinum,61.807617
CBN-Pla-F5-20150702,1,1396253,Sibbaldia procumbens,64.037392
CBN-Pla-F5-20150702,2,1390793,Carex curvula,58.991920
CBN-Pla-F5-20150702,3,1396843,Trifolium alpinum,58.286446
CBN-Pla-F5-20150723,1,1396253,Sibbaldia procumbens,63.823109
CBN-Pla-F5-20150723,2,1396843,Trifolium alpinum,60.716888
CBN-Pla-F5-20150723,3,1356278,Trifolium fragiferum,58.813873
CBN-Pla-F5-20150811,1,1396253,Sibbaldia procumbens,63.500397
CBN-Pla-F5-20150811,2,1361141,Agrostis rupestris,62.557060
CBN-Pla-F5-20150811,3,1396843,Trifolium alpinum,62.468163
CBN-Pla-F5-20150901,1,1361141,Agrostis rupestris,63.612785
CBN-Pla-F5-20150901,2,1396253,Sibbaldia procumbens,63.477840
CBN-Pla-F5-20150901,3,1396843,Trifolium alpinum,63.279510
CBN-Pla-F5-20160707,1,1396253,Sibbaldia procumbens,63.453247
CBN-Pla-F5-20160707,2,1412857,Omalotheca supina,60.886898
CBN-Pla-F5-20160707,3,1742053,Omalotheca hoppeana,59.661827
CBN-Pla-F5-20160728,1,1396253,Sibbaldia procumbens,64.535812
CBN-Pla-F5-20160728,2,1396843,Trifolium alpinum,60.445641
CBN-Pla-F5-20160728,3,1400176,Bistorta vivipara,60.120049
CBN-Pla-F5-20180724,1,1388915,Lysimachia minima,55.594616
CBN-Pla-F5-20180724,2,1363526,Cynodon dactylon,54.815941
CBN-Pla-F5-20180724,3,1361347,Nardus stricta,54.415070
CBN-Pla-F5-20180816,1,1400176,Bistorta vivipara,65.663696
CBN-Pla-F5-20180816,2,1396253,Sibbaldia procumbens,64.093872
CBN-Pla-F5-20180816,3,1397043,Veronica alpina,63.031082
CBN-Pla-F5-20180906,1,1396253,Sibbaldia procumbens,64.276291
CBN-Pla-F5-20180906,2,1397043,Veronica alpina,63.776619
CBN-Pla-F5-20180906,3,1396843,Trifolium alpinum,63.557762
CBN-Pla-F5-20190723,1,1396253,Sibbaldia procumbens,64.844360
CBN-Pla-F5-20190723,2,1400176,Bistorta vivipara,61.397797
CBN-Pla-F5-20190723,3,1392241,Alchemilla pentaphyllea,61.187805
CBN-Pla-F5-20190814,1,1397043,Veronica alpina,63.880375
CBN-Pla-F5-20190814,2,1396253,Sibbaldia procumbens,63.402023
CBN-Pla-F5-20190814,3,1397046,Veronica bellidioides,61.007069
CBN-Pla-F5-20200723,1,1396253,Sibbaldia procumbens,63.738194
CBN-Pla-F5-20200723,2,1397043,Veronica alpina,61.531971
CBN-Pla-F5-20200723,3,1400176,Bistorta vivipara,61.083920
CBN-Pla-F5-20200814,1,1396253,Sibbaldia procumbens,63.910450
CBN-Pla-F5-20200814,2,1400176,Bistorta vivipara,63.769196
CBN-Pla-F5-20200814,3,1392541,Gentiana brachyphylla,62.815079
CBN-Pla-F6-20130808,1,1396253,Sibbaldia procumbens,63.355633
CBN-Pla-F6-20130808,2,1394641,Antennaria carpatica,60.674461
CBN-Pla-F6-20130808,3,1742053,Omalotheca hoppeana,60.460171
CBN-Pla-F6-20130904,1,1396843,Trifolium alpinum,64.520493
CBN-Pla-F6-20130904,2,1396253,Sibbaldia procumbens,64.238983
CBN-Pla-F6-20130904,3,1396869,Trifolium thalii,59.378868
CBN-Pla-F6-20140722,1,1396253,Sibbaldia procumbens,59.341282
CBN-Pla-F6-20140722,2,1396107,Sclerochloa dura,57.503345
CBN-Pla-F6-20140722,3,1528543,Crassula nudicaulis,57.187515
CBN-Pla-F6-20140902,1,1396253,Sibbaldia procumbens,63.022614
CBN-Pla-F6-20140902,2,1362482,Phleum alpinum,62.144360
CBN-Pla-F6-20140902,3,1394311,Oreochloa disticha,61.984657
CBN-Pla-F6-20150702,1,1396253,Sibbaldia procumbens,63.707359
CBN-Pla-F6-20150702,2,1392484,Galium pyrenaicum,59.827374
CBN-Pla-F6-20150702,3,1396843,Trifolium alpinum,58.082966
CBN-Pla-F6-20150723,1,1396253,Sibbaldia procumbens,64.034721
CBN-Pla-F6-20150723,2,1396843,Trifolium alpinum,62.795811
CBN-Pla-F6-20150723,3,1395718,Sagina saginoides,60.963097
CBN-Pla-F6-20150811,1,1396843,Trifolium alpinum,66.207962
CBN-Pla-F6-20150811,2,1412857,Omalotheca supina,63.940132
CBN-Pla-F6-20150811,3,1396253,Sibbaldia procumbens,63.197090
CBN-Pla-F6-20150901,1,1396253,Sibbaldia procumbens,64.584824
CBN-Pla-F6-20150901,2,1742053,Omalotheca hoppeana,62.655148
CBN-Pla-F6-20150901,3,1396843,Trifolium alpinum,61.136658
CBN-Pla-F6-20160707,1,1396253,Sibbaldia procumbens,64.339722
CBN-Pla-F6-20160707,2,1359750,Oxalis acetosella,61.618122
CBN-Pla-F6-20160707,3,1396843,Trifolium alpinum,60.004829
CBN-Pla-F6-20160728,1,1396253,Sibbaldia procumbens,63.787472
CBN-Pla-F6-20160728,2,1397043,Veronica alpina,61.034969
CBN-Pla-F6-20160728,3,1391120,Chamorchis alpina,60.108513
CBN-Pla-F6-20180724,1,1396253,Sibbaldia procumbens,56.959908
CBN-Pla-F6-20180724,2,1390837,Carex humilis,55.585712
CBN-Pla-F6-20180724,3,1394828,Potentilla alba,54.971294
CBN-Pla-F6-20180816,1,1396253,Sibbaldia procumbens,64.474113
CBN-Pla-F6-20180816,2,1397043,Veronica alpina,64.295677
CBN-Pla-F6-20180816,3,1396843,Trifolium alpinum,61.661522
CBN-Pla-F6-20180906,1,1396253,Sibbaldia procumbens,65.484001
CBN-Pla-F6-20180906,2,1396843,Trifolium alpinum,63.923542
CBN-Pla-F6-20180906,3,1397043,Veronica alpina,63.697266
CBN-Pla-F6-20190723,1,1396144,Sedum alpestre,65.563065
CBN-Pla-F6-20190723,2,1396253,Sibbaldia procumbens,64.964432
CBN-Pla-F6-20190723,3,1396843,Trifolium alpinum,63.931725
CBN-Pla-F6-20190814,1,1396253,Sibbaldia procumbens,64.437111
CBN-Pla-F6-20190814,2,1397043,Veronica alpina,63.356609
CBN-Pla-F6-20190814,3,1397386,Festuca scabriculmis,62.355843
CBN-Pla-F6-20200723,1,1397043,Veronica alpina,64.500542
CBN-Pla-F6-20200723,2,1396253,Sibbaldia procumbens,63.773872
CBN-Pla-F6-20200723,3,1397046,Veronica bellidioides,62.447857
CBN-Pla-F6-20200814,1,1396253,Sibbaldia procumbens,63.787868
CBN-Pla-F6-20200814,2,1397043,Veronica alpina,63.760952
CBN-Pla-F6-20200814,3,1412857,Omalotheca supina,63.614674
CBN-Pyr-01-20230706,1,1396843,Trifolium alpinum,63.957596
CBN-Pyr-01-20230706,2,1359965,Plantago maritima,62.024239
CBN-Pyr-01-20230706,3,1361347,Nardus stricta,61.691498
CBN-Pyr-03-20230706,1,1395973,Saxifraga exarata,64.927269
CBN-Pyr-03-20230706,2,1396015,Saxifraga moschata,64.571129
CBN-Pyr-03-20230706,3,1741624,Lotus alpinus,64.340240
CBN-can-A1-20230705,1,1392608,Geum montanum,64.989754
CBN-can-A1-20230705,2,1396253,Sibbaldia procumbens,62.881794
CBN-can-A1-20230705,3,1395807,Salix herbacea,62.758755
CBN-can-A2-20230705,1,1393200,Homogyne alpina,63.412163
CBN-can-A2-20230705,2,1393659,Luzula alpina,62.559273
CBN-can-A2-20230705,3,1395807,Salix herbacea,60.383129
CBN-can-A3-20230705,1,1396144,Sedum alpestre,67.378159
CBN-can-A3-20230705,2,1393200,Homogyne alpina,66.400719
CBN-can-A3-20230705,3,1392608,Geum montanum,63.905190
CBN-can-A5-20230705,1,1392534,Gentiana acaulis,66.004951
CBN-can-A5-20230705,2,1397475,Rhododendron ferrugineum,65.037216
CBN-can-A5-20230705,3,1392535,Gentiana alpina,64.411560
CBN-can-A6-20230705,1,1393200,Homogyne alpina,66.046204
CBN-can-A6-20230705,2,1397475,Rhododendron ferrugineum,65.709671
CBN-can-A6-20230705,3,1400101,Bartsia alpina,62.946846
CBN-can-B1-20230705,1,1392608,Geum montanum,66.045593
CBN-can-B1-20230705,2,1393200,Homogyne alpina,66.001297
CBN-can-B1-20230705,3,1396144,Sedum alpestre,65.876808
CBN-can-B2-20230705,1,1392608,Geum montanum,65.973907
CBN-can-B2-20230705,2,1400101,Bartsia alpina,64.759308
CBN-can-B2-20230705,3,1360299,Geum sylvaticum,62.664520
CBN-can-B3-20230705,1,1393200,Homogyne alpina,64.887909
CBN-can-B3-20230705,2,1393619,Logfia minima,63.121605
CBN-can-B3-20230705,3,1392608,Geum montanum,62.956596
CBN-can-B4-20230705,1,1397475,Rhododendron ferrugineum,65.224243
CBN-can-B4-20230705,2,1393200,Homogyne alpina,64.861710
CBN-can-B4-20230705,3,1412857,Omalotheca supina,60.206505
CBN-can-B5-20230705,1,1392535,Gentiana alpina,66.946487
CBN-can-B5-20230705,2,1397475,Rhododendron ferrugineum,66.866669
CBN-can-B5-20230705,3,1392534,Gentiana acaulis,64.491005
CBN-can-B6-20230705,1,1393679,Luzula lutea,66.475433
CBN-can-B6-20230705,2,1397475,Rhododendron ferrugineum,65.896767
CBN-can-B6-20230705,3,1395807,Salix herbacea,62.796936
CBN-can-C1-20230705,1,1393200,Homogyne alpina,64.423889
CBN-can-C1-20230705,2,1396253,Sibbaldia procumbens,61.163399
CBN-can-C1-20230705,3,1364066,Veronica serpyllifolia,59.852707
CBN-can-C2-20230705,1,1393200,Homogyne alpina,65.216827
CBN-can-C2-20230705,2,1396253,Sibbaldia procumbens,63.490166
CBN-can-C2-20230705,3,1395807,Salix herbacea,63.480431
CBN-can-C3-20230705,1,1396253,Sibbaldia procumbens,63.913605
CBN-can-C3-20230705,2,1395807,Salix herbacea,62.144123
CBN-can-C3-20230705,3,1392608,Geum montanum,61.705551
CBN-can-C4-20230705,1,1393200,Homogyne alpina,66.842339
CBN-can-C4-20230705,2,1395807,Salix herbacea,63.159016
CBN-can-C4-20230705,3,1364066,Veronica serpyllifolia,60.994553
CBN-can-D1-20230705,1,1396253,Sibbaldia procumbens,62.997879
CBN-can-D1-20230705,2,1395807,Salix herbacea,62.570488
CBN-can-D1-20230705,3,1364066,Veronica serpyllifolia,61.526962
CBN-can-D2-20230705,1,1396253,Sibbaldia procumbens,64.367691
CBN-can-D2-20230705,2,1412857,Omalotheca supina,63.098892
CBN-can-D2-20230705,3,1395807,Salix herbacea,62.740143
CBN-can-D3-20230705,1,1396253,Sibbaldia procumbens,63.495537
CBN-can-D3-20230705,2,1413349,Armeria maritima,63.270302
CBN-can-D3-20230705,3,1391092,Cerastium tomentosum,63.087891
CBN-can-D4-20230705,1,1400101,Bartsia alpina,63.748165
CBN-can-D4-20230705,2,1395807,Salix herbacea,63.685410
CBN-can-D4-20230705,3,1396253,Sibbaldia procumbens,63.491360
CBN-can-E1-20230706,1,1392608,Geum montanum,65.958084
CBN-can-E1-20230706,2,1392612,Geum reptans,62.338066
CBN-can-E1-20230706,3,1396144,Sedum alpestre,62.086227
CBN-can-E2-20230706,1,1395807,Salix herbacea,64.695930
CBN-can-E2-20230706,2,1393584,Linaria alpina,64.350197
CBN-can-E2-20230706,3,1396253,Sibbaldia procumbens,62.559185
CBN-can-E3-20230706,1,1392535,Gentiana alpina,64.809135
CBN-can-E3-20230706,2,1392534,Gentiana acaulis,64.397827
CBN-can-E3-20230706,3,1397430,Luzula sylvatica,64.278931
CBN-can-E4-20230706,1,1397430,Luzula sylvatica,64.070877
CBN-can-E4-20230706,2,1396253,Sibbaldia procumbens,62.805023
CBN-can-E4-20230706,3,1360872,Viola odorata,60.352970
CBN-can-E5-20230706,1,1392608,Geum montanum,66.086853
CBN-can-E5-20230706,2,1360299,Geum sylvaticum,65.441811
CBN-can-E5-20230706,3,1392534,Gentiana acaulis,64.525299
CBN-can-E6-20230706,1,1392535,Gentiana alpina,66.189507
CBN-can-E6-20230706,2,1393200,Homogyne alpina,65.793007
CBN-can-E6-20230706,3,1392534,Gentiana acaulis,65.621948
CBN-can-F1-20230705,1,1392534,Gentiana acaulis,65.210251
CBN-can-F1-20230705,2,1392535,Gentiana alpina,65.041618
CBN-can-F1-20230705,3,1396253,Sibbaldia procumbens,63.961704
CBN-can-F2-20230706,1,1396144,Sedum alpestre,67.639259
CBN-can-F2-20230706,2,1395807,Salix herbacea,63.898506
CBN-can-F2-20230706,3,1396253,Sibbaldia procumbens,63.730068
CBN-can-F3-20230706,1,1412857,Omalotheca supina,63.468018
CBN-can-F3-20230706,2,1395807,Salix herbacea,62.604149
CBN-can-F3-20230706,3,1397430,Luzula sylvatica,62.048092
CBN-can-F4-20230706,1,1397430,Luzula sylvatica,63.674854
CBN-can-F4-20230706,2,1395807,Salix herbacea,62.605606
CBN-can-F4-20230706,3,1393200,Homogyne alpina,62.310944
CBN-can-F5-20230706,1,1392608,Geum montanum,65.143875
CBN-can-F5-20230706,2,1396253,Sibbaldia procumbens,61.912224
CBN-can-F5-20230706,3,1392611,Geum pyrenaicum,61.669903
GUARDEN-AMB-CF04-1-10-20240325,1,1359344,Medicago marina,66.927376
GUARDEN-AMB-CF04-1-10-20240325,2,1363302,Cyperus capitatus,64.714096
GUARDEN-AMB-CF04-1-10-20240325,3,1360978,Pancratium maritimum,63.361671
GUARDEN-AMB-CF04-1-5-20240325,1,1363302,Cyperus capitatus,68.581085
GUARDEN-AMB-CF04-1-5-20240325,2,1359344,Medicago marina,64.768364
GUARDEN-AMB-CF04-1-5-20240325,3,1363882,Lobularia maritima,64.404297
GUARDEN-AMB-CF21-1-1-20240326,1,1388812,Achillea maritima,67.553688
GUARDEN-AMB-CF21-1-1-20240326,2,1363302,Cyperus capitatus,61.299969
GUARDEN-AMB-CF21-1-1-20240326,3,1357593,Filago pygmaea,60.810242
GUARDEN-AMB-CF21-1-10-20240326,1,1363302,Cyperus capitatus,62.778015
GUARDEN-AMB-CF21-1-10-20240326,2,1744602,Alyssum gallaecicum,61.075596
GUARDEN-AMB-CF21-1-10-20240326,3,1360719,Eryngium maritimum,59.700008
GUARDEN-AMB-CF21-1-2-20240326,1,1360719,Eryngium maritimum,61.771027
GUARDEN-AMB-CF21-1-2-20240326,2,1363302,Cyperus capitatus,60.889679
GUARDEN-AMB-CF21-1-2-20240326,3,1358203,Cakile maritima,59.991943
GUARDEN-AMB-CF21-1-3-20240326,1,1359344,Medicago marina,65.567627
GUARDEN-AMB-CF21-1-3-20240326,2,1360719,Eryngium maritimum,64.841423
GUARDEN-AMB-CF21-1-3-20240326,3,1363302,Cyperus capitatus,63.397102
GUARDEN-AMB-CF21-1-4-20240326,1,1359344,Medicago marina,66.886948
GUARDEN-AMB-CF21-1-4-20240326,2,1363302,Cyperus capitatus,65.538025
GUARDEN-AMB-CF21-1-4-20240326,3,1360978,Pancratium maritimum,64.537018
GUARDEN-AMB-CF21-1-5-20240326,1,1359344,Medicago marina,67.050186
GUARDEN-AMB-CF21-1-5-20240326,2,1363302,Cyperus capitatus,62.811531
GUARDEN-AMB-CF21-1-5-20240326,3,1393754,Marrubium incanum,60.062611
GUARDEN-AMB-CF21-1-6-20240326,1,1359344,Medicago marina,66.203659
GUARDEN-AMB-CF21-1-6-20240326,2,1363302,Cyperus capitatus,61.946712
GUARDEN-AMB-CF21-1-6-20240326,3,1359297,Lotus creticus,60.778095
GUARDEN-AMB-CF21-1-7-20240326,1,1724816,Matthiola incana,62.556335
GUARDEN-AMB-CF21-1-7-20240326,2,1360701,Echinophora spinosa,62.210106
GUARDEN-AMB-CF21-1-7-20240326,3,1744602,Alyssum gallaecicum,61.363411
GUARDEN-AMB-CF21-1-8-20240326,1,1359344,Medicago marina,66.769783
GUARDEN-AMB-CF21-1-8-20240326,2,1363302,Cyperus capitatus,65.858894
GUARDEN-AMB-CF21-1-8-20240326,3,1743249,Matthiola tricuspidata,64.240692
GUARDEN-AMB-CF21-1-9-20240326,1,1744602,Alyssum gallaecicum,62.702976
GUARDEN-AMB-CF21-1-9-20240326,2,1399739,Linaria polygalifolia,62.671078
GUARDEN-AMB-CF21-1-9-20240326,3,1357129,Helianthemum caput-felis,62.416321
GUARDEN-AMB-GV04-1-3-20240326,1,1359297,Lotus creticus,64.799126
GUARDEN-AMB-GV04-1-3-20240326,2,1359298,Lotus cytisoides,63.988674
GUARDEN-AMB-GV04-1-3-20240326,3,1359344,Medicago marina,63.933796
GUARDEN-AMB-GV04-1-4-20240326,1,1359297,Lotus creticus,66.137085
GUARDEN-AMB-GV04-1-4-20240326,2,1359344,Medicago marina,64.882599
GUARDEN-AMB-GV04-1-4-20240326,3,1359298,Lotus cytisoides,63.352047
GUARDEN-AMB-GV04-1-5-20240326,1,1359297,Lotus creticus,65.995987
GUARDEN-AMB-GV04-1-5-20240326,2,1359298,Lotus cytisoides,64.152229
GUARDEN-AMB-GV04-1-5-20240326,3,1359344,Medicago marina,61.724220
GUARDEN-AMB-GV04-1-6-20240326,1,1359297,Lotus creticus,65.085709
GUARDEN-AMB-GV04-1-6-20240326,2,1359298,Lotus cytisoides,62.539707
GUARDEN-AMB-GV04-1-6-20240326,3,1359344,Medicago marina,61.041962
GUARDEN-AMB-GV04-1-7-20240326,1,1359297,Lotus creticus,66.084106
GUARDEN-AMB-GV04-1-7-20240326,2,1359298,Lotus cytisoides,63.416748
GUARDEN-AMB-GV04-1-7-20240326,3,1363882,Lobularia maritima,63.021168
GUARDEN-AMB-PR13-1-10-20240417,1,1359297,Lotus creticus,65.260231
GUARDEN-AMB-PR13-1-10-20240417,2,1359298,Lotus cytisoides,64.958923
GUARDEN-AMB-PR13-1-10-20240417,3,1360701,Echinophora spinosa,64.573868
GUARDEN-AMB-PR13-1-2-20240417,1,1360701,Echinophora spinosa,65.673721
GUARDEN-AMB-PR13-1-2-20240417,2,1722578,Daucus pumilus,64.614670
GUARDEN-AMB-PR13-1-2-20240417,3,1721018,Calystegia soldanella,63.932354
GUARDEN-AMB-PR13-1-3-20240417,1,1360701,Echinophora spinosa,68.155670
GUARDEN-AMB-PR13-1-3-20240417,2,1721018,Calystegia soldanella,64.869865
GUARDEN-AMB-PR13-1-3-20240417,3,1359297,Lotus creticus,62.998417
GUARDEN-AMB-PR13-1-4-20240417,1,1721018,Calystegia soldanella,64.288971
GUARDEN-AMB-PR13-1-4-20240417,2,1364037,Ipomoea imperati,59.299839
GUARDEN-AMB-PR13-1-4-20240417,3,1363302,Cyperus capitatus,56.249363
GUARDEN-AMB-PR13-1-8-20240417,1,1359344,Medicago marina,66.838669
GUARDEN-AMB-PR13-1-8-20240417,2,1721018,Calystegia soldanella,64.585930
GUARDEN-AMB-PR13-1-8-20240417,3,1359297,Lotus creticus,64.124878
GUARDEN-AMB-PR20-1-1-20240424,1,1393522,Leymus arenarius,61.396011
GUARDEN-AMB-PR20-1-1-20240424,2,1722441,Thinopyrum junceum,58.837902
GUARDEN-AMB-PR20-1-1-20240424,3,1722433,Calamagrostis arenaria,58.812721
GUARDEN-AMB-PR20-1-10-20240424,1,1359297,Lotus creticus,65.449661
GUARDEN-AMB-PR20-1-10-20240424,2,1359298,Lotus cytisoides,64.487129
GUARDEN-AMB-PR20-1-10-20240424,3,1359344,Medicago marina,64.241226
GUARDEN-AMB-PR20-1-8-20240424,1,1359344,Medicago marina,66.799774
GUARDEN-AMB-PR20-1-8-20240424,2,1359297,Lotus creticus,63.473923
GUARDEN-AMB-PR20-1-8-20240424,3,1425238,Medicago minima,61.089211
GUARDEN-AMB-SA03-1-1-20240626,1,1359344,Medicago marina,65.209854
GUARDEN-AMB-SA03-1-1-20240626,2,1359297,Lotus creticus,61.940151
GUARDEN-AMB-SA03-1-1-20240626,3,1361412,Sporobolus pungens,59.330456
GUARDEN-AMB-SA03-1-10-20240626,1,1356333,Tribulus terrestris,59.710152
GUARDEN-AMB-SA03-1-10-20240626,2,1356045,Mesembryanthemum nodiflorum,56.753689
GUARDEN-AMB-SA03-1-10-20240626,3,1361732,Salsola tragus,56.326546
GUARDEN-AMB-SA03-1-2-20240626,1,1359344,Medicago marina,65.653564
GUARDEN-AMB-SA03-1-2-20240626,2,1391491,Cutandia maritima,61.796310
GUARDEN-AMB-SA03-1-2-20240626,3,1722441,Thinopyrum junceum,61.664986
GUARDEN-AMB-SA03-1-3-20240626,1,1359344,Medicago marina,65.631432
GUARDEN-AMB-SA03-1-3-20240626,2,1358203,Cakile maritima,62.906433
GUARDEN-AMB-SA03-1-3-20240626,3,1564441,Teucrium vincentinum,60.189056
GUARDEN-AMB-SA03-1-4-20240626,1,1359344,Medicago marina,66.527710
GUARDEN-AMB-SA03-1-4-20240626,2,1360978,Pancratium maritimum,63.972122
GUARDEN-AMB-SA03-1-4-20240626,3,1356325,Ononis tournefortii,61.842285
GUARDEN-AMB-SA03-1-5-20240626,1,1359424,Ononis ramosissima,66.041672
GUARDEN-AMB-SA03-1-5-20240626,2,1359344,Medicago marina,65.891022
GUARDEN-AMB-SA03-1-5-20240626,3,1360978,Pancratium maritimum,63.614445
GUARDEN-AMB-SA03-1-9-20240626,1,1356905,Paronychia argentea,68.360512
GUARDEN-AMB-SA03-1-9-20240626,2,1359298,Lotus cytisoides,65.204269
GUARDEN-AMB-SA03-1-9-20240626,3,1359297,Lotus creticus,65.056061
GUARDEN-AMB-VC03-1-3-20240417,1,1359344,Medicago marina,67.449722
GUARDEN-AMB-VC03-1-3-20240417,2,1356905,Paronychia argentea,67.147614
GUARDEN-AMB-VC03-1-3-20240417,3,1394421,Paronychia kapela,62.918953
GUARDEN-AMB-VC03-1-4-20240417,1,1356905,Paronychia argentea,67.687645
GUARDEN-AMB-VC03-1-4-20240417,2,1359344,Medicago marina,67.102112
GUARDEN-AMB-VC03-1-4-20240417,3,1359298,Lotus cytisoides,63.223541
GUARDEN-AMB-VC03-1-5-20240417,1,1356905,Paronychia argentea,66.917892
GUARDEN-AMB-VC03-1-5-20240417,2,1359297,Lotus creticus,65.428162
GUARDEN-AMB-VC03-1-5-20240417,3,1359298,Lotus cytisoides,63.219994
GUARDEN-AMB-VC03-1-6-20240417,1,1356905,Paronychia argentea,67.017090
GUARDEN-AMB-VC03-1-6-20240417,2,1359344,Medicago marina,66.709816
GUARDEN-AMB-VC03-1-6-20240417,3,1359297,Lotus creticus,65.555565
GUARDEN-CBNMed-10-1-16-34-20240429,1,1358503,Erica arborea,63.577927
GUARDEN-CBNMed-10-1-16-34-20240429,2,1392024,Erica lusitanica,60.115257
GUARDEN-CBNMed-10-1-16-34-20240429,3,1358514,Erica umbellata,58.784458
GUARDEN-CBNMed-10-10-17-19-20240429,1,1358613,Quercus coccifera,63.152260
GUARDEN-CBNMed-10-10-17-19-20240429,2,1548487,Quercus senneniana,59.535820
GUARDEN-CBNMed-10-10-17-19-20240429,3,1548459,Quercus rotundifolia,58.902321
GUARDEN-CBNMed-10-5-16-55-20240429,1,1357111,Cistus salviifolius,64.948029
GUARDEN-CBNMed-10-5-16-55-20240429,2,1356785,Lonicera implexa,64.726692
GUARDEN-CBNMed-10-5-16-55-20240429,3,1358503,Erica arborea,63.306557
GUARDEN-CBNMed-10-6-17-02-20240429,1,1356785,Lonicera implexa,62.512375
GUARDEN-CBNMed-10-6-17-02-20240429,2,1358613,Quercus coccifera,61.911396
GUARDEN-CBNMed-10-6-17-02-20240429,3,1357111,Cistus salviifolius,58.916462
GUARDEN-CBNMed-10-7-17-05-20240429,1,1357111,Cistus salviifolius,64.192436
GUARDEN-CBNMed-10-7-17-05-20240429,2,1388990,Brachypodium retusum,61.760365
GUARDEN-CBNMed-10-7-17-05-20240429,3,1362066,Micromeria filiformis,61.720959
GUARDEN-CBNMed-10-8-17-11-20240429,1,1358613,Quercus coccifera,63.410164
GUARDEN-CBNMed-10-8-17-11-20240429,2,1398783,Satureja intricata,60.068615
GUARDEN-CBNMed-10-8-17-11-20240429,3,1564646,Thymus orospedanus,57.730644
GUARDEN-CBNMed-10-9-17-16-20240429,1,1358613,Quercus coccifera,63.654617
GUARDEN-CBNMed-10-9-17-16-20240429,2,1358503,Erica arborea,61.653946
GUARDEN-CBNMed-10-9-17-16-20240429,3,1393698,Lycium afrum,60.369179
GUARDEN-CBNMed-14-3-9-45-20240429,1,1359676,Olea europaea,60.650726
GUARDEN-CBNMed-14-3-9-45-20240429,2,1364048,Osyris lanceolata,58.044350
GUARDEN-CBNMed-14-3-9-45-20240429,3,1361710,Ruscus aculeatus,55.764389
GUARDEN-CBNMed-14-4-9-49-20240429,1,1359676,Olea europaea,61.472466
GUARDEN-CBNMed-14-4-9-49-20240429,2,1359678,Phillyrea latifolia,54.893696
GUARDEN-CBNMed-14-4-9-49-20240429,3,1359176,Cytisus arboreus,54.558125
GUARDEN-CBNMed-14-9-10-09-20240429,1,1359676,Olea europaea,62.899151
GUARDEN-CBNMed-14-9-10-09-20240429,2,1359677,Phillyrea angustifolia,58.512291
GUARDEN-CBNMed-14-9-10-09-20240429,3,1359678,Phillyrea latifolia,57.279289
GUARDEN-CBNMed-15-10-12-17-20240429,1,1363413,Eleusine tristachya,65.696526
GUARDEN-CBNMed-15-10-12-17-20240429,2,1361190,Avena sterilis,62.204266
GUARDEN-CBNMed-15-10-12-17-20240429,3,1363467,Avena barbata,61.056023
GUARDEN-CBNMed-15-5-11-44-20240429,1,1364171,Sonchus tenerrimus,65.040344
GUARDEN-CBNMed-15-5-11-44-20240429,2,1361190,Avena sterilis,64.856728
GUARDEN-CBNMed-15-5-11-44-20240429,3,1363468,Avena fatua,61.802490
GUARDEN-CBNMed-15-7-12-02-20240429,1,1364171,Sonchus tenerrimus,63.035053
GUARDEN-CBNMed-15-7-12-02-20240429,2,1359676,Olea europaea,61.314766
GUARDEN-CBNMed-15-7-12-02-20240429,3,1363798,Lathyrus aphaca,60.651085
GUARDEN-CBNMed-15-9-12-15-20240429,1,1361190,Avena sterilis,62.925049
GUARDEN-CBNMed-15-9-12-15-20240429,2,1363413,Eleusine tristachya,61.808502
GUARDEN-CBNMed-15-9-12-15-20240429,3,1364171,Sonchus tenerrimus,61.240360
GUARDEN-CBNMed-16-1-13-37-20240429,1,1356108,Thymus vulgaris,64.222641
GUARDEN-CBNMed-16-1-13-37-20240429,2,1388990,Brachypodium retusum,63.286518
GUARDEN-CBNMed-16-1-13-37-20240429,3,1722409,Salvia rosmarinus,62.847641
GUARDEN-CBNMed-16-10-14-33-20240429,1,1722409,Salvia rosmarinus,62.966843
GUARDEN-CBNMed-16-10-14-33-20240429,2,1743965,Ulex argenteus,61.515526
GUARDEN-CBNMed-16-10-14-33-20240429,3,1744347,Ulex canescens,61.357395
GUARDEN-CBNMed-16-2-13-45-20240429,1,1502610,Centaurea horrida,62.075043
GUARDEN-CBNMed-16-2-13-45-20240429,2,1743965,Ulex argenteus,61.088150
GUARDEN-CBNMed-16-2-13-45-20240429,3,1583450,Oxytropis jabalambrensis,59.086967
GUARDEN-CBNMed-16-3-13-51-20240429,1,1358572,Euphorbia nicaeensis,63.681820
GUARDEN-CBNMed-16-3-13-51-20240429,2,1743966,Ulex erinaceus,63.555710
GUARDEN-CBNMed-16-3-13-51-20240429,3,1722409,Salvia rosmarinus,61.938354
GUARDEN-CBNMed-16-4-13-57-20240429,1,1722409,Salvia rosmarinus,63.346054
GUARDEN-CBNMed-16-4-13-57-20240429,2,1743966,Ulex erinaceus,59.642422
GUARDEN-CBNMed-16-4-13-57-20240429,3,1743989,Ulex densus,59.314987
GUARDEN-CBNMed-16-6-14-07-20240429,1,1722409,Salvia rosmarinus,62.450249
GUARDEN-CBNMed-16-6-14-07-20240429,2,1743966,Ulex erinaceus,60.482655
GUARDEN-CBNMed-16-6-14-07-20240429,3,1743989,Ulex densus,60.450974
GUARDEN-CBNMed-16-7-14-1-20240429,1,1722409,Salvia rosmarinus,61.606697
GUARDEN-CBNMed-16-7-14-1-20240429,2,1359029,Thymbra capitata,57.287750
GUARDEN-CBNMed-16-7-14-1-20240429,3,1743966,Ulex erinaceus,57.281563
GUARDEN-CBNMed-16-8-14-14-20240429,1,1360999,Aphyllanthes monspeliensis,65.594231
GUARDEN-CBNMed-16-8-14-14-20240429,2,1722409,Salvia rosmarinus,61.857605
GUARDEN-CBNMed-16-8-14-14-20240429,3,1358318,Hormathophylla spinosa,59.144684
GUARDEN-CBNMed-17-3-10-56-20240429,1,1361106,Scirpoides holoschoenus,62.887680
GUARDEN-CBNMed-17-3-10-56-20240429,2,1363292,Cyperus difformis,59.950775
GUARDEN-CBNMed-17-3-10-56-20240429,3,1360904,Damasonium alisma,57.516556
GUARDEN-CBNMed-17-5-11-2-20240429,1,1361106,Scirpoides holoschoenus,62.831863
GUARDEN-CBNMed-17-5-11-2-20240429,2,1363212,Torilis arvensis,62.791859
GUARDEN-CBNMed-17-5-11-2-20240429,3,1363292,Cyperus difformis,61.382290
GUARDEN-CBNMed-19-1-15-24-20240429,1,1357743,Pallenis spinosa,66.492859
GUARDEN-CBNMed-19-1-15-24-20240429,2,1357293,Asteriscus aquaticus,65.278046
GUARDEN-CBNMed-19-1-15-24-20240429,3,1357594,Filago pyramidata,63.869698
GUARDEN-CBNMed-19-10-16-02-20240429,1,1400017,Armeria linkiana,62.446331
GUARDEN-CBNMed-19-10-16-02-20240429,2,1396059,Scabiosa corsica,60.967030
GUARDEN-CBNMed-19-10-16-02-20240429,3,1361926,Scabiosa columbaria,59.485725
GUARDEN-CBNMed-19-2-15-31-20240429,1,1363413,Eleusine tristachya,61.650379
GUARDEN-CBNMed-19-2-15-31-20240429,2,1492665,Dianthus laricifolius,59.733612
GUARDEN-CBNMed-19-2-15-31-20240429,3,1492564,Dianthus charidemi,58.942284
GUARDEN-CBNMed-19-3-15-35-20240429,1,1359521,Trifolium scabrum,66.639313
GUARDEN-CBNMed-19-3-15-35-20240429,2,1363467,Avena barbata,61.819744
GUARDEN-CBNMed-19-3-15-35-20240429,3,1361190,Avena sterilis,61.438278
GUARDEN-CBNMed-19-4-15-39-20240429,1,1359521,Trifolium scabrum,62.365463
GUARDEN-CBNMed-19-4-15-39-20240429,2,1358477,Pycnocomon rutifolium,62.160503
GUARDEN-CBNMed-19-4-15-39-20240429,3,1396059,Scabiosa corsica,60.632240
GUARDEN-CBNMed-19-5-15-44-20240429,1,1359521,Trifolium scabrum,63.982441
GUARDEN-CBNMed-19-5-15-44-20240429,2,1744483,Astragalus nitidiflorus,61.318260
GUARDEN-CBNMed-19-5-15-44-20240429,3,1361926,Scabiosa columbaria,61.268845
GUARDEN-CBNMed-19-6-15-48-20240429,1,1363413,Eleusine tristachya,62.539467
GUARDEN-CBNMed-19-6-15-48-20240429,2,1743313,Knautia integrifolia,60.636024
GUARDEN-CBNMed-19-6-15-48-20240429,3,1359521,Trifolium scabrum,59.905815
GUARDEN-CBNMed-19-7-15-51-20240429,1,1743300,Sulla spinosissima,59.864243
GUARDEN-CBNMed-19-7-15-51-20240429,2,1358213,Cardamine pratensis,59.694065
GUARDEN-CBNMed-19-7-15-51-20240429,3,1425238,Medicago minima,59.142681
GUARDEN-CBNMed-19-8-15-53-20240429,1,1359521,Trifolium scabrum,65.988525
GUARDEN-CBNMed-19-8-15-53-20240429,2,1358654,Erodium malacoides,64.072037
GUARDEN-CBNMed-19-8-15-53-20240429,3,1425238,Medicago minima,63.278812
GUARDEN-CBNMed-19-9-15-58-20240429,1,1361926,Scabiosa columbaria,59.479950
GUARDEN-CBNMed-19-9-15-58-20240429,2,1358477,Pycnocomon rutifolium,58.795746
GUARDEN-CBNMed-19-9-15-58-20240429,3,1492665,Dianthus laricifolius,58.158619
GUARDEN-CBNMed-20-1-9-35-20240428,1,1360443,Ruta angustifolia,65.404282
GUARDEN-CBNMed-20-1-9-35-20240428,2,1394527,Phlomis lychnitis,63.445526
GUARDEN-CBNMed-20-1-9-35-20240428,3,1364040,Ruta chalepensis,60.792259
GUARDEN-CBNMed-20-10-10-31-20240428,1,1359216,Genista scorpius,64.010071
GUARDEN-CBNMed-20-10-10-31-20240428,2,1357114,Fumana ericoides,63.360535
GUARDEN-CBNMed-20-10-10-31-20240428,3,1360999,Aphyllanthes monspeliensis,62.827572
GUARDEN-CBNMed-20-8-10-19-20240428,1,1360999,Aphyllanthes monspeliensis,64.633888
GUARDEN-CBNMed-20-8-10-19-20240428,2,1363053,Helictochloa bromoides,62.173981
GUARDEN-CBNMed-20-8-10-19-20240428,3,1392319,Festuca marginata,61.107117
GUARDEN-CBNMed-20-9-10-23-20240428,1,1359216,Genista scorpius,66.303818
GUARDEN-CBNMed-20-9-10-23-20240428,2,1578145,Genista mugronensis,64.295174
GUARDEN-CBNMed-20-9-10-23-20240428,3,1357114,Fumana ericoides,64.223152
GUARDEN-CBNMed-21-10-11-42-20240428,1,1357122,Fumana thymifolia,63.481575
GUARDEN-CBNMed-21-10-11-42-20240428,2,1360999,Aphyllanthes monspeliensis,63.192436
GUARDEN-CBNMed-21-10-11-42-20240428,3,1356108,Thymus vulgaris,62.086021
GUARDEN-CBNMed-21-2-11-07-20240428,1,1357121,Fumana scoparia,63.052158
GUARDEN-CBNMed-21-2-11-07-20240428,2,1357122,Fumana thymifolia,62.502213
GUARDEN-CBNMed-21-2-11-07-20240428,3,1357114,Fumana ericoides,62.086983
GUARDEN-CBNMed-21-3-11-09-20240428,1,1357122,Fumana thymifolia,66.032364
GUARDEN-CBNMed-21-3-11-09-20240428,2,1393365,Juniperus oxycedrus,64.503410
GUARDEN-CBNMed-21-3-11-09-20240428,3,1357117,Fumana laevipes,63.001785
GUARDEN-CBNMed-21-6-11-17-20240428,1,1357122,Fumana thymifolia,65.035706
GUARDEN-CBNMed-21-6-11-17-20240428,2,1357114,Fumana ericoides,64.266769
GUARDEN-CBNMed-21-6-11-17-20240428,3,1362454,Helianthemum hirtum,62.381626
GUARDEN-CBNMed-21-8-11-23-20240428,1,1357122,Fumana thymifolia,66.331001
GUARDEN-CBNMed-21-8-11-23-20240428,2,1357114,Fumana ericoides,63.299522
GUARDEN-CBNMed-21-8-11-23-20240428,3,1357117,Fumana laevipes,63.008652
GUARDEN-CBNMed-21-9-11-32-20240428,1,1360999,Aphyllanthes monspeliensis,63.188663
GUARDEN-CBNMed-21-9-11-32-20240428,2,1388990,Brachypodium retusum,61.053478
GUARDEN-CBNMed-21-9-11-32-20240428,3,1743811,Santolina ericoides,60.209137
GUARDEN-CBNMed-22-1-13-39-20240428,1,1722625,Arthrocaulon macrostachyum,64.760826
GUARDEN-CBNMed-22-1-13-39-20240428,2,1393569,Limonium patrimoniense,64.042206
GUARDEN-CBNMed-22-1-13-39-20240428,3,1360054,Limonium narbonense,63.195786
GUARDEN-CBNMed-22-10-14-48-20240428,1,1360006,Limoniastrum monopetalum,62.233246
GUARDEN-CBNMed-22-10-14-48-20240428,2,1393571,Limonium pseudominutum,61.619923
GUARDEN-CBNMed-22-10-14-48-20240428,3,1743275,Limonium ebusitanum,61.586758
GUARDEN-CBNMed-22-2-14-05-20240428,1,1393574,Limonium tarcoense,63.669830
GUARDEN-CBNMed-22-2-14-05-20240428,2,1722625,Arthrocaulon macrostachyum,63.262875
GUARDEN-CBNMed-22-2-14-05-20240428,3,1722522,Salicornia fruticosa,61.861225
GUARDEN-CBNMed-22-5-14-21-20240428,1,1722521,Salicornia perennis,61.820091
GUARDEN-CBNMed-22-5-14-21-20240428,2,1393574,Limonium tarcoense,61.433029
GUARDEN-CBNMed-22-5-14-21-20240428,3,1389328,Malephora crocea,61.092514
GUARDEN-CBNMed-22-6-14-23-20240428,1,1722522,Salicornia fruticosa,63.956284
GUARDEN-CBNMed-22-6-14-23-20240428,2,1722625,Arthrocaulon macrostachyum,63.454144
GUARDEN-CBNMed-22-6-14-23-20240428,3,1722521,Salicornia perennis,63.241306
GUARDEN-CBNMed-22-7-14-25-20240428,1,1722522,Salicornia fruticosa,62.383514
GUARDEN-CBNMed-22-7-14-25-20240428,2,1722521,Salicornia perennis,62.084072
GUARDEN-CBNMed-22-7-14-25-20240428,3,1363200,Anabasis articulata,61.425720
GUARDEN-CBNMed-22-9-14-42-20240428,1,1722625,Arthrocaulon macrostachyum,64.746284
GUARDEN-CBNMed-22-9-14-42-20240428,2,1360006,Limoniastrum monopetalum,62.412987
GUARDEN-CBNMed-22-9-14-42-20240428,3,1722521,Salicornia perennis,61.752151
GUARDEN-CBNMed-23-1-9-56-20240428,1,1360999,Aphyllanthes monspeliensis,65.735527
GUARDEN-CBNMed-23-1-9-56-20240428,2,1357771,Phagnalon sordidum,59.911972
GUARDEN-CBNMed-23-1-9-56-20240428,3,1359193,Erinacea anthyllis,59.510529
GUARDEN-CBNMed-23-10-10-42-20240428,1,1679961,Rubia balearica,61.722931
GUARDEN-CBNMed-23-10-10-42-20240428,2,1564646,Thymus orospedanus,61.515900
GUARDEN-CBNMed-23-10-10-42-20240428,3,1743811,Santolina ericoides,60.780464
GUARDEN-CBNMed-23-3-10-14-20240428,1,1389424,Linaria aeruginea,63.630558
GUARDEN-CBNMed-23-3-10-14-20240428,2,1357114,Fumana ericoides,62.518448
GUARDEN-CBNMed-23-3-10-14-20240428,3,1577392,Echinospartum boissieri,61.052689
GUARDEN-CBNMed-23-4-10-17-20240428,1,1647291,Limonium furfuraceum,65.011887
GUARDEN-CBNMed-23-4-10-17-20240428,2,1564646,Thymus orospedanus,64.182266
GUARDEN-CBNMed-23-4-10-17-20240428,3,1356108,Thymus vulgaris,64.163521
GUARDEN-CBNMed-23-5-10-21-20240428,1,1564646,Thymus orospedanus,64.254814
GUARDEN-CBNMed-23-5-10-21-20240428,2,1360711,Eryngium campestre,64.180359
GUARDEN-CBNMed-23-5-10-21-20240428,3,1398815,Thymus camphoratus,64.149376
GUARDEN-CBNMed-23-6-10-24-20240428,1,1393365,Juniperus oxycedrus,63.954273
GUARDEN-CBNMed-23-6-10-24-20240428,2,1502610,Centaurea horrida,59.149117
GUARDEN-CBNMed-23-6-10-24-20240428,3,1509616,Helichrysum pendulum,58.868797
GUARDEN-CBNMed-23-7-10-28-20240428,1,1360999,Aphyllanthes monspeliensis,63.555027
GUARDEN-CBNMed-23-7-10-28-20240428,2,1393365,Juniperus oxycedrus,63.117569
GUARDEN-CBNMed-23-7-10-28-20240428,3,1564441,Teucrium vincentinum,62.207855
GUARDEN-CBNMed-23-8-10-34-20240428,1,1356108,Thymus vulgaris,61.869034
GUARDEN-CBNMed-23-8-10-34-20240428,2,1564459,Thymus albicans,60.977314
GUARDEN-CBNMed-23-8-10-34-20240428,3,1743664,Hormathophylla lapeyrouseana,60.936111
GUARDEN-CBNMed-23-9-10-39-20240428,1,1358318,Hormathophylla spinosa,63.095791
GUARDEN-CBNMed-23-9-10-39-20240428,2,1564276,Teucrium balearicum,62.805389
GUARDEN-CBNMed-23-9-10-39-20240428,3,1743303,Anthyllis hystrix,62.795685
GUARDEN-CBNMed-24-10-13-06-20240428,1,1388990,Brachypodium retusum,61.109222
GUARDEN-CBNMed-24-10-13-06-20240428,2,1744002,Echinospartum ibericum,59.347431
GUARDEN-CBNMed-24-10-13-06-20240428,3,1577392,Echinospartum boissieri,58.894909
GUARDEN-CBNMed-24-2-12-04-20240428,1,1357351,Carduus pycnocephalus,62.303574
GUARDEN-CBNMed-24-2-12-04-20240428,2,1357338,Carduus bourgeanus,61.454559
GUARDEN-CBNMed-24-2-12-04-20240428,3,1362462,Iris lutescens,61.139778
GUARDEN-CBNMed-24-3-12-15-20240428,1,1357335,Carduus argyroa,63.070412
GUARDEN-CBNMed-24-3-12-15-20240428,2,1357351,Carduus pycnocephalus,62.021164
GUARDEN-CBNMed-24-3-12-15-20240428,3,1360437,Valantia muralis,61.064240
GUARDEN-CBNMed-24-5-12-36-20240428,1,1357351,Carduus pycnocephalus,64.870575
GUARDEN-CBNMed-24-5-12-36-20240428,2,1744928,Eryngium ilicifolium,62.750237
GUARDEN-CBNMed-24-5-12-36-20240428,3,1360711,Eryngium campestre,62.622715
GUARDEN-CBNMed-24-6-12-46-20240428,1,1357351,Carduus pycnocephalus,64.877083
GUARDEN-CBNMed-24-6-12-46-20240428,2,1360711,Eryngium campestre,63.424988
GUARDEN-CBNMed-24-6-12-46-20240428,3,1396956,Urospermum picroides,63.394825
GUARDEN-CBNMed-24-7-12-54-20240428,1,1360711,Eryngium campestre,62.722176
GUARDEN-CBNMed-24-7-12-54-20240428,2,1360709,Eryngium bourgatii,60.096405
GUARDEN-CBNMed-24-7-12-54-20240428,3,1360715,Eryngium dilatatum,59.186111
GUARDEN-CBNMed-24-8-14-58-20240428,1,1357351,Carduus pycnocephalus,62.128761
GUARDEN-CBNMed-24-8-14-58-20240428,2,1360711,Eryngium campestre,61.779945
GUARDEN-CBNMed-24-8-14-58-20240428,3,1357338,Carduus bourgeanus,60.473335
GUARDEN-CBNMed-24-9-13-02-20240428,1,1360711,Eryngium campestre,61.138969
GUARDEN-CBNMed-24-9-13-02-20240428,2,1396956,Urospermum picroides,59.884232
GUARDEN-CBNMed-24-9-13-02-20240428,3,1360706,Eryngium aquifolium,59.595619
GUARDEN-CBNMed-25-1-13-52-20240428,1,1394527,Phlomis lychnitis,66.468910
GUARDEN-CBNMed-25-1-13-52-20240428,2,1742109,Petrosedum sediforme,63.728790
GUARDEN-CBNMed-25-1-13-52-20240428,3,1561314,Phlomis composita,62.357723
GUARDEN-CBNMed-25-10-14-49-20240428,1,1357743,Pallenis spinosa,66.406242
GUARDEN-CBNMed-25-10-14-49-20240428,2,1394527,Phlomis lychnitis,65.438530
GUARDEN-CBNMed-25-10-14-49-20240428,3,1358111,Sedum gypsicola,64.662216
GUARDEN-CBNMed-25-2-13-57-20240428,1,1742109,Petrosedum sediforme,62.014702
GUARDEN-CBNMed-25-2-13-57-20240428,2,1394527,Phlomis lychnitis,58.827282
GUARDEN-CBNMed-25-2-13-57-20240428,3,1743319,Cotoneaster majoricensis,58.496094
GUARDEN-CBNMed-25-3-14-06-20240428,1,1394527,Phlomis lychnitis,65.980400
GUARDEN-CBNMed-25-3-14-06-20240428,2,1400017,Armeria linkiana,61.716141
GUARDEN-CBNMed-25-3-14-06-20240428,3,1518628,Reichardia intermedia,61.249134
GUARDEN-CBNMed-25-4-14-15-20240428,1,1357743,Pallenis spinosa,66.483131
GUARDEN-CBNMed-25-4-14-15-20240428,2,1357293,Asteriscus aquaticus,65.923904
GUARDEN-CBNMed-25-4-14-15-20240428,3,1394527,Phlomis lychnitis,65.500626
GUARDEN-CBNMed-25-7-14-28-20240428,1,1357981,Convolvulus lineatus,64.685143
GUARDEN-CBNMed-25-7-14-28-20240428,2,1742109,Petrosedum sediforme,64.147385
GUARDEN-CBNMed-25-7-14-28-20240428,3,1359676,Olea europaea,62.793312
GUARDEN-CBNMed-25-8-14-39-20240428,1,1357981,Convolvulus lineatus,66.962906
GUARDEN-CBNMed-25-8-14-39-20240428,2,1357743,Pallenis spinosa,65.706795
GUARDEN-CBNMed-25-8-14-39-20240428,3,1742109,Petrosedum sediforme,64.946556
GUARDEN-CBNMed-25-9-14-43-20240428,1,1357981,Convolvulus lineatus,66.428314
GUARDEN-CBNMed-25-9-14-43-20240428,2,1742109,Petrosedum sediforme,64.510849
GUARDEN-CBNMed-25-9-14-43-20240428,3,1357815,Reichardia picroides,61.154869
GUARDEN-CBNMed-26-10-10-01-20240428,1,1359344,Medicago marina,65.121727
GUARDEN-CBNMed-26-10-10-01-20240428,2,1359088,Anthyllis tejedensis,56.610527
GUARDEN-CBNMed-26-10-10-01-20240428,3,1359297,Lotus creticus,56.346733
GUARDEN-CBNMed-26-6-9-34-20240428,1,1738652,Matthiola sinuata,65.833458
GUARDEN-CBNMed-26-6-9-34-20240428,2,1743249,Matthiola tricuspidata,61.532288
GUARDEN-CBNMed-26-6-9-34-20240428,3,1358380,Matthiola lunata,61.361633
GUARDEN-CBNMed-26-8-9-45-20240428,1,1359344,Medicago marina,65.703789
GUARDEN-CBNMed-26-8-9-45-20240428,2,1359297,Lotus creticus,59.171814
GUARDEN-CBNMed-26-8-9-45-20240428,3,1744602,Alyssum gallaecicum,57.524529
GUARDEN-CBNMed-26-9-9-48-20240428,1,1359344,Medicago marina,66.503006
GUARDEN-CBNMed-26-9-9-48-20240428,2,1359297,Lotus creticus,59.626549
GUARDEN-CBNMed-26-9-9-48-20240428,3,1359298,Lotus cytisoides,59.140785
GUARDEN-CBNMed-27-1-11-17-20240428,1,1393547,Limonium binervosum,66.759621
GUARDEN-CBNMed-27-1-11-17-20240428,2,1393567,Limonium normannicum,62.640450
GUARDEN-CBNMed-27-1-11-17-20240428,3,1743977,Limonium auriculifolium,62.547249
GUARDEN-CBNMed-27-10-11-55-20240428,1,1744392,Limonium alicunense,62.526218
GUARDEN-CBNMed-27-10-11-55-20240428,2,1360026,Limonium cossonianum,61.660713
GUARDEN-CBNMed-27-10-11-55-20240428,3,1722522,Salicornia fruticosa,61.409470
GUARDEN-CBNMed-27-2-11-32-20240428,1,1360039,Limonium gougetianum,60.131996
GUARDEN-CBNMed-27-2-11-32-20240428,2,1360070,Limonium ramosissimum,59.862610
GUARDEN-CBNMed-27-2-11-32-20240428,3,1744399,Limonium malacitanum,59.774323
GUARDEN-CBNMed-27-3-11-36-20240428,1,1722625,Arthrocaulon macrostachyum,63.247093
GUARDEN-CBNMed-27-3-11-36-20240428,2,1722522,Salicornia fruticosa,62.647377
GUARDEN-CBNMed-27-3-11-36-20240428,3,1363200,Anabasis articulata,62.084755
GUARDEN-CBNMed-27-4-11-39-20240428,1,1722625,Arthrocaulon macrostachyum,63.300495
GUARDEN-CBNMed-27-4-11-39-20240428,2,1722522,Salicornia fruticosa,62.518055
GUARDEN-CBNMed-27-4-11-39-20240428,3,1393574,Limonium tarcoense,61.376644
GUARDEN-CBNMed-27-5-11-4-20240428,1,1722522,Salicornia fruticosa,62.757729
GUARDEN-CBNMed-27-5-11-4-20240428,2,1722521,Salicornia perennis,61.911835
GUARDEN-CBNMed-27-5-11-4-20240428,3,1722625,Arthrocaulon macrostachyum,61.845543
GUARDEN-CBNMed-27-6-11-42-20240428,1,1449488,Ruschia caroli,63.725502
GUARDEN-CBNMed-27-6-11-42-20240428,2,1722625,Arthrocaulon macrostachyum,60.636818
GUARDEN-CBNMed-27-6-11-42-20240428,3,1363200,Anabasis articulata,60.480751
GUARDEN-CBNMed-27-7-11-43-20240428,1,1722522,Salicornia fruticosa,64.022049
GUARDEN-CBNMed-27-7-11-43-20240428,2,1722625,Arthrocaulon macrostachyum,61.963806
GUARDEN-CBNMed-27-7-11-43-20240428,3,1449488,Ruschia caroli,61.710648
GUARDEN-CBNMed-27-8-11-45-20240428,1,1449488,Ruschia caroli,64.705574
GUARDEN-CBNMed-27-8-11-45-20240428,2,1393574,Limonium tarcoense,62.875957
GUARDEN-CBNMed-27-8-11-45-20240428,3,1722625,Arthrocaulon macrostachyum,61.799541
GUARDEN-CBNMed-27-9-11-47-20240428,1,1722522,Salicornia fruticosa,59.582809
GUARDEN-CBNMed-27-9-11-47-20240428,2,1722625,Arthrocaulon macrostachyum,59.123047
GUARDEN-CBNMed-27-9-11-47-20240428,3,1722521,Salicornia perennis,57.737556
GUARDEN-CBNMed-28-1-12-46-20240428,1,1360006,Limoniastrum monopetalum,62.271873
GUARDEN-CBNMed-28-1-12-46-20240428,2,1722521,Salicornia perennis,62.226009
GUARDEN-CBNMed-28-1-12-46-20240428,3,1738887,Salicornia marshallii,62.191887
GUARDEN-CBNMed-28-10-13-23-20240428,1,1357705,Limbarda crithmoides,65.843887
GUARDEN-CBNMed-28-10-13-23-20240428,2,1391750,Disphyma crassifolium,59.987438
GUARDEN-CBNMed-28-10-13-23-20240428,3,1393568,Limonium obtusifolium,59.723843
GUARDEN-CBNMed-28-2-12-48-20240428,1,1360006,Limoniastrum monopetalum,64.173203
GUARDEN-CBNMed-28-2-12-48-20240428,2,1722521,Salicornia perennis,62.738914
GUARDEN-CBNMed-28-2-12-48-20240428,3,1722625,Arthrocaulon macrostachyum,61.846703
GUARDEN-CBNMed-28-3-12-51-20240428,1,1722625,Arthrocaulon macrostachyum,62.826927
GUARDEN-CBNMed-28-3-12-51-20240428,2,1738887,Salicornia marshallii,61.664558
GUARDEN-CBNMed-28-3-12-51-20240428,3,1722522,Salicornia fruticosa,61.608437
GUARDEN-CBNMed-28-4-12-52-20240428,1,1360054,Limonium narbonense,65.919945
GUARDEN-CBNMed-28-4-12-52-20240428,2,1357705,Limbarda crithmoides,64.682625
GUARDEN-CBNMed-28-4-12-52-20240428,3,1722521,Salicornia perennis,61.435463
GUARDEN-CBNMed-28-5-13-02-20240428,1,1360054,Limonium narbonense,62.581669
GUARDEN-CBNMed-28-5-13-02-20240428,2,1360026,Limonium cossonianum,62.570473
GUARDEN-CBNMed-28-5-13-02-20240428,3,1738887,Salicornia marshallii,62.038471
GUARDEN-CBNMed-28-6-13-06-20240428,1,1357705,Limbarda crithmoides,65.198410
GUARDEN-CBNMed-28-6-13-06-20240428,2,1449488,Ruschia caroli,62.222622
GUARDEN-CBNMed-28-6-13-06-20240428,3,1393568,Limonium obtusifolium,62.120720
GUARDEN-CBNMed-28-7-13-11-20240428,1,1357705,Limbarda crithmoides,64.002220
GUARDEN-CBNMed-28-7-13-11-20240428,2,1393574,Limonium tarcoense,62.057770
GUARDEN-CBNMed-28-7-13-11-20240428,3,1722522,Salicornia fruticosa,61.264771
GUARDEN-CBNMed-28-8-13-14-20240428,1,1357705,Limbarda crithmoides,65.617996
GUARDEN-CBNMed-28-8-13-14-20240428,2,1391750,Disphyma crassifolium,63.747025
GUARDEN-CBNMed-28-8-13-14-20240428,3,1502682,Centaurea limbata,61.076561
GUARDEN-CBNMed-28-9-13-17-20240428,1,1722625,Arthrocaulon macrostachyum,64.803810
GUARDEN-CBNMed-28-9-13-17-20240428,2,1357705,Limbarda crithmoides,64.023468
GUARDEN-CBNMed-28-9-13-17-20240428,3,1393574,Limonium tarcoense,63.077347
GUARDEN-CBNMed-29-6-14-31-20240428,1,1357227,Anthemis maritima,66.774765
GUARDEN-CBNMed-29-6-14-31-20240428,2,1360719,Eryngium maritimum,66.028076
GUARDEN-CBNMed-29-6-14-31-20240428,3,1359344,Medicago marina,64.762672
GUARDEN-CBNMed-29-7-14-34-20240428,1,1360719,Eryngium maritimum,65.438568
GUARDEN-CBNMed-29-7-14-34-20240428,2,1360701,Echinophora spinosa,65.149147
GUARDEN-CBNMed-29-7-14-34-20240428,3,1360798,Seseli tortuosum,57.795307
GUARDEN-CBNMed-30-1-16-07-20240428,1,1393770,Medicago littoralis,66.042778
GUARDEN-CBNMed-30-1-16-07-20240428,2,1357401,Centaurea aspera,63.789364
GUARDEN-CBNMed-30-1-16-07-20240428,3,1359344,Medicago marina,62.512447
GUARDEN-CBNMed-30-10-16-41-20240428,1,1359344,Medicago marina,65.730331
GUARDEN-CBNMed-30-10-16-41-20240428,2,1357227,Anthemis maritima,64.365417
GUARDEN-CBNMed-30-10-16-41-20240428,3,1359297,Lotus creticus,60.631413
GUARDEN-CBNMed-30-2-16-23-20240428,1,1357227,Anthemis maritima,68.523758
GUARDEN-CBNMed-30-2-16-23-20240428,2,1359344,Medicago marina,65.742889
GUARDEN-CBNMed-30-2-16-23-20240428,3,1357651,Hymenostemma pseudanthemis,64.362015
GUARDEN-CBNMed-30-4-16-3-20240428,1,1357227,Anthemis maritima,69.944435
GUARDEN-CBNMed-30-4-16-3-20240428,2,1394664,Anthemis tomentosa,66.007324
GUARDEN-CBNMed-30-4-16-3-20240428,3,1357236,Anthemis secundiramea,65.734215
GUARDEN-CBNMed-30-6-16-34-20240428,1,1357227,Anthemis maritima,71.661713
GUARDEN-CBNMed-30-6-16-34-20240428,2,1394664,Anthemis tomentosa,66.498688
GUARDEN-CBNMed-30-6-16-34-20240428,3,1357651,Hymenostemma pseudanthemis,64.864624
GUARDEN-CBNMed-30-7-16-35-20240428,1,1357227,Anthemis maritima,70.328239
GUARDEN-CBNMed-30-7-16-35-20240428,2,1394664,Anthemis tomentosa,64.971985
GUARDEN-CBNMed-30-7-16-35-20240428,3,1359344,Medicago marina,64.908897
GUARDEN-CBNMed-30-8-16-37-20240428,1,1357227,Anthemis maritima,68.323380
GUARDEN-CBNMed-30-8-16-37-20240428,2,1359344,Medicago marina,65.687164
GUARDEN-CBNMed-30-8-16-37-20240428,3,1394664,Anthemis tomentosa,63.510700
GUARDEN-CBNMed-30-9-16-4-20240428,1,1357227,Anthemis maritima,71.186035
GUARDEN-CBNMed-30-9-16-4-20240428,2,1394664,Anthemis tomentosa,65.578392
GUARDEN-CBNMed-30-9-16-4-20240428,3,1359344,Medicago marina,64.975967
GUARDEN-CBNMed-31-1-9-37-20240428,1,1393770,Medicago littoralis,62.351295
GUARDEN-CBNMed-31-1-9-37-20240428,2,1359965,Plantago maritima,60.696297
GUARDEN-CBNMed-31-1-9-37-20240428,3,1359952,Plantago crassifolia,60.238113
GUARDEN-CBNMed-31-10-10-06-20240428,1,1722578,Daucus pumilus,66.463737
GUARDEN-CBNMed-31-10-10-06-20240428,2,1393770,Medicago littoralis,63.505219
GUARDEN-CBNMed-31-10-10-06-20240428,3,1414353,Bromus diandrus,63.257027
GUARDEN-CBNMed-31-2-9-4-20240428,1,1355977,Euphorbia paralias,64.975212
GUARDEN-CBNMed-31-2-9-4-20240428,2,1363433,Lagurus ovatus,64.500633
GUARDEN-CBNMed-31-2-9-4-20240428,3,1358590,Euphorbia segetalis,62.920021
GUARDEN-CBNMed-31-3-9-44-20240428,1,1393770,Medicago littoralis,64.493599
GUARDEN-CBNMed-31-3-9-44-20240428,2,1564441,Teucrium vincentinum,64.377945
GUARDEN-CBNMed-31-3-9-44-20240428,3,1396726,Teucrium dunense,62.413406
GUARDEN-CBNMed-31-4-9-48-20240428,1,1357227,Anthemis maritima,68.017899
GUARDEN-CBNMed-31-4-9-48-20240428,2,1564441,Teucrium vincentinum,65.828415
GUARDEN-CBNMed-31-4-9-48-20240428,3,1396726,Teucrium dunense,64.897873
GUARDEN-CBNMed-31-5-9-51-20240428,1,1393770,Medicago littoralis,67.024681
GUARDEN-CBNMed-31-5-9-51-20240428,2,1564441,Teucrium vincentinum,66.341736
GUARDEN-CBNMed-31-5-9-51-20240428,3,1396726,Teucrium dunense,64.248123
GUARDEN-CBNMed-31-6-9-54-20240428,1,1396726,Teucrium dunense,64.973297
GUARDEN-CBNMed-31-6-9-54-20240428,2,1393770,Medicago littoralis,64.126892
GUARDEN-CBNMed-31-6-9-54-20240428,3,1564441,Teucrium vincentinum,63.951653
GUARDEN-CBNMed-31-7-9-56-20240428,1,1722578,Daucus pumilus,68.240654
GUARDEN-CBNMed-31-7-9-56-20240428,2,1393770,Medicago littoralis,63.394390
GUARDEN-CBNMed-31-7-9-56-20240428,3,1744001,Daucus minusculus,62.850693
GUARDEN-CBNMed-31-8-10-20240428,1,1396726,Teucrium dunense,67.475708
GUARDEN-CBNMed-31-8-10-20240428,2,1564441,Teucrium vincentinum,66.939316
GUARDEN-CBNMed-31-8-10-20240428,3,1393770,Medicago littoralis,65.674332
GUARDEN-CBNMed-31-9-10-02-20240428,1,1722578,Daucus pumilus,64.171585
GUARDEN-CBNMed-31-9-10-02-20240428,2,1393770,Medicago littoralis,63.514530
GUARDEN-CBNMed-31-9-10-02-20240428,3,1357227,Anthemis maritima,63.487217
GUARDEN-CBNMed-32-1-11-46-20240428,1,1396726,Teucrium dunense,65.755005
GUARDEN-CBNMed-32-1-11-46-20240428,2,1564441,Teucrium vincentinum,65.728912
GUARDEN-CBNMed-32-1-11-46-20240428,3,1357630,Helichrysum stoechas,65.097160
GUARDEN-CBNMed-32-10-13-12-20240428,1,1359952,Plantago crassifolia,65.751274
GUARDEN-CBNMed-32-10-13-12-20240428,2,1396726,Teucrium dunense,65.710838
GUARDEN-CBNMed-32-10-13-12-20240428,3,1357401,Centaurea aspera,65.039963
GUARDEN-CBNMed-32-2-11-58-20240428,1,1396726,Teucrium dunense,66.113556
GUARDEN-CBNMed-32-2-11-58-20240428,2,1564441,Teucrium vincentinum,65.594391
GUARDEN-CBNMed-32-2-11-58-20240428,3,1359952,Plantago crassifolia,63.421444
GUARDEN-CBNMed-32-3-12-01-20240428,1,1564441,Teucrium vincentinum,67.090080
GUARDEN-CBNMed-32-3-12-01-20240428,2,1396726,Teucrium dunense,66.848793
GUARDEN-CBNMed-32-3-12-01-20240428,3,1393770,Medicago littoralis,66.601089
GUARDEN-CBNMed-32-4-12-12-20240428,1,1396726,Teucrium dunense,65.612106
GUARDEN-CBNMed-32-4-12-12-20240428,2,1564441,Teucrium vincentinum,65.450165
GUARDEN-CBNMed-32-4-12-12-20240428,3,1359009,Teucrium polium,63.210236
GUARDEN-CBNMed-32-9-13-07-20240428,1,1357401,Centaurea aspera,66.679062
GUARDEN-CBNMed-32-9-13-07-20240428,2,1359952,Plantago crassifolia,65.286240
GUARDEN-CBNMed-32-9-13-07-20240428,3,1393770,Medicago littoralis,62.833282
GUARDEN-CBNMed-33-1-14-48-20240428,1,1357630,Helichrysum stoechas,65.224876
GUARDEN-CBNMed-33-1-14-48-20240428,2,1397398,Helichrysum arenarium,63.784531
GUARDEN-CBNMed-33-1-14-48-20240428,3,1392725,Helichrysum italicum,61.205177
GUARDEN-CBNMed-33-10-15-59-20240428,1,1357401,Centaurea aspera,64.744957
GUARDEN-CBNMed-33-10-15-59-20240428,2,1502684,Centaurea linifolia,62.437263
GUARDEN-CBNMed-33-10-15-59-20240428,3,1363882,Lobularia maritima,61.586338
GUARDEN-CBNMed-33-2-15-01-20240428,1,1357630,Helichrysum stoechas,65.111984
GUARDEN-CBNMed-33-2-15-01-20240428,2,1397398,Helichrysum arenarium,63.302654
GUARDEN-CBNMed-33-2-15-01-20240428,3,1357405,Centaurea boissieri,62.904663
GUARDEN-CBNMed-33-3-15-04-20240428,1,1357630,Helichrysum stoechas,65.547966
GUARDEN-CBNMed-33-3-15-04-20240428,2,1397398,Helichrysum arenarium,63.699047
GUARDEN-CBNMed-33-3-15-04-20240428,3,1392725,Helichrysum italicum,62.687302
GUARDEN-CBNMed-33-4-15-26-20240428,1,1357401,Centaurea aspera,62.532814
GUARDEN-CBNMed-33-4-15-26-20240428,2,1357630,Helichrysum stoechas,62.148598
GUARDEN-CBNMed-33-4-15-26-20240428,3,1742109,Petrosedum sediforme,61.999790
GUARDEN-CBNMed-33-5-15-29-20240428,1,1357630,Helichrysum stoechas,64.756424
GUARDEN-CBNMed-33-5-15-29-20240428,2,1358111,Sedum gypsicola,64.632729
GUARDEN-CBNMed-33-5-15-29-20240428,3,1742109,Petrosedum sediforme,64.366737
GUARDEN-CBNMed-33-6-15-36-20240428,1,1357630,Helichrysum stoechas,64.771233
GUARDEN-CBNMed-33-6-15-36-20240428,2,1392725,Helichrysum italicum,61.926826
GUARDEN-CBNMed-33-6-15-36-20240428,3,1397398,Helichrysum arenarium,61.649300
GUARDEN-CBNMed-33-7-15-43-20240428,1,1356976,Silene conica,64.895409
GUARDEN-CBNMed-33-7-15-43-20240428,2,1357630,Helichrysum stoechas,63.131897
GUARDEN-CBNMed-33-7-15-43-20240428,3,1396292,Silene paradoxa,62.614288
GUARDEN-CBNMed-33-8-15-5-20240428,1,1397398,Helichrysum arenarium,65.077629
GUARDEN-CBNMed-33-8-15-5-20240428,2,1357630,Helichrysum stoechas,64.761993
GUARDEN-CBNMed-33-8-15-5-20240428,3,1392726,Helichrysum orientale,63.802467
GUARDEN-CBNMed-33-9-15-56-20240428,1,1357630,Helichrysum stoechas,64.220634
GUARDEN-CBNMed-33-9-15-56-20240428,2,1363882,Lobularia maritima,61.908386
GUARDEN-CBNMed-33-9-15-56-20240428,3,1397398,Helichrysum arenarium,61.778526
GUARDEN-CBNMed-38-1-12-58-20240428,1,1360711,Eryngium campestre,64.585869
GUARDEN-CBNMed-38-1-12-58-20240428,2,1363452,Aira caryophyllea,63.427956
GUARDEN-CBNMed-38-1-12-58-20240428,3,1395169,Rhinanthus minor,62.929626
GUARDEN-CBNMed-38-4-14-39-20240428,1,1395162,Rhinanthus alectorolophus,64.726532
GUARDEN-CBNMed-38-4-14-39-20240428,2,1360711,Eryngium campestre,64.173508
GUARDEN-CBNMed-38-4-14-39-20240428,3,1395169,Rhinanthus minor,62.498711
GUARDEN-CBNMed-38-6-15-04-20240428,1,1360711,Eryngium campestre,65.591286
GUARDEN-CBNMed-38-6-15-04-20240428,2,1743588,Rhinanthus pumilus,65.490753
GUARDEN-CBNMed-38-6-15-04-20240428,3,1395162,Rhinanthus alectorolophus,63.274811
GUARDEN-CBNMed-39-10-12-02-20240531,1,1360711,Eryngium campestre,64.865929
GUARDEN-CBNMed-39-10-12-02-20240531,2,1360709,Eryngium bourgatii,61.328777
GUARDEN-CBNMed-39-10-12-02-20240531,3,1392155,Euphorbia cyparissias,60.736732
GUARDEN-CBNMed-39-7-11-3-20240531,1,1360711,Eryngium campestre,63.568218
GUARDEN-CBNMed-39-7-11-3-20240531,2,1363452,Aira caryophyllea,60.642525
GUARDEN-CBNMed-39-7-11-3-20240531,3,1363453,Aira cupaniana,58.472107
GUARDEN-CBNMed-39-8-11-39-20240531,1,1360711,Eryngium campestre,59.371017
GUARDEN-CBNMed-39-8-11-39-20240531,2,1359591,Linum bienne,58.642719
GUARDEN-CBNMed-39-8-11-39-20240531,3,1361233,Danthonia decumbens,58.279526
GUARDEN-CBNMed-39-9-11-5-20240531,1,1359591,Linum bienne,64.832443
GUARDEN-CBNMed-39-9-11-5-20240531,2,1363452,Aira caryophyllea,61.907791
GUARDEN-CBNMed-39-9-11-5-20240531,3,1394477,Petrorhagia nanteuilii,60.324440
GUARDEN-CBNMed-44-7-12-03-20240629,1,1392067,Eriophorum vaginatum,62.956287
GUARDEN-CBNMed-44-7-12-03-20240629,2,1363593,Molinia caerulea,61.910988
GUARDEN-CBNMed-44-7-12-03-20240629,3,1392059,Eriophorum angustifolium,61.786873
GUARDEN-CBNMed-5-1-12-38-20240430,1,1414366,Bromus sterilis,61.936806
GUARDEN-CBNMed-5-1-12-38-20240430,2,1414353,Bromus diandrus,60.262943
GUARDEN-CBNMed-5-1-12-38-20240430,3,1363490,Phalaris arundinacea,60.224419
GUARDEN-CBNMed-5-10-13-32-20240430,1,1361058,Carex hirta,64.461693
GUARDEN-CBNMed-5-10-13-32-20240430,2,1414366,Bromus sterilis,63.512772
GUARDEN-CBNMed-5-10-13-32-20240430,3,1356007,Geranium dissectum,61.502563
GUARDEN-CBNMed-5-2-12-45-20240430,1,1414366,Bromus sterilis,62.053085
GUARDEN-CBNMed-5-2-12-45-20240430,2,1400181,Blysmus compressus,61.493000
GUARDEN-CBNMed-5-2-12-45-20240430,3,1414353,Bromus diandrus,60.094627
GUARDEN-CBNMed-5-3-12-56-20240430,1,1414366,Bromus sterilis,59.266064
GUARDEN-CBNMed-5-3-12-56-20240430,2,1363475,Lolium perenne,58.156002
GUARDEN-CBNMed-5-3-12-56-20240430,3,1391823,Echinochloa crus-galli,57.948132
GUARDEN-CBNMed-5-4-13-20240430,1,1414366,Bromus sterilis,60.206955
GUARDEN-CBNMed-5-4-13-20240430,2,1359277,Lathyrus nissolia,58.149826
GUARDEN-CBNMed-5-4-13-20240430,3,1363490,Phalaris arundinacea,57.983749
GUARDEN-CBNMed-5-5-13-04-20240430,1,1362325,Juncus compressus,62.172562
GUARDEN-CBNMed-5-5-13-04-20240430,2,1359279,Lathyrus ochrus,57.082069
GUARDEN-CBNMed-5-5-13-04-20240430,3,1363490,Phalaris arundinacea,56.918053
GUARDEN-CBNMed-5-6-13-07-20240430,1,1414366,Bromus sterilis,64.316422
GUARDEN-CBNMed-5-6-13-07-20240430,2,1414353,Bromus diandrus,61.172138
GUARDEN-CBNMed-5-6-13-07-20240430,3,1363501,Dactylis glomerata,59.599678
GUARDEN-CBNMed-5-7-13-17-20240430,1,1414366,Bromus sterilis,62.680687
GUARDEN-CBNMed-5-7-13-17-20240430,2,1391505,Cyperus aggregatus,56.481499
GUARDEN-CBNMed-5-7-13-17-20240430,3,1414353,Bromus diandrus,56.323853
GUARDEN-CBNMed-5-8-13-22-20240430,1,1361058,Carex hirta,61.517494
GUARDEN-CBNMed-5-8-13-22-20240430,2,1414366,Bromus sterilis,60.460320
GUARDEN-CBNMed-5-8-13-22-20240430,3,1363459,Poa trivialis,59.839073
GUARDEN-CBNMed-5-9-13-27-20240430,1,1396638,Arrhenatherum elatius,62.309383
GUARDEN-CBNMed-5-9-13-27-20240430,2,1363501,Dactylis glomerata,60.473568
GUARDEN-CBNMed-5-9-13-27-20240430,3,1363543,Stenotaphrum secundatum,59.696468
GUARDEN-CBNMed-6-9-15-28-20240430,1,1359562,Vicia hybrida,61.178692
GUARDEN-CBNMed-6-9-15-28-20240430,2,1362307,Galium pumilum,61.169762
GUARDEN-CBNMed-6-9-15-28-20240430,3,1360399,Galium mollugo,61.149879
GUARDEN-CBNMed-8-10-12-59-20240429,1,1358613,Quercus coccifera,64.043198
GUARDEN-CBNMed-8-10-12-59-20240429,2,1743916,Quercus pseudococcifera,57.281242
GUARDEN-CBNMed-8-10-12-59-20240429,3,1360268,Rhamnus myrtifolia,56.638622
GUARDEN-CBNMed-8-4-12-33-20240429,1,1359225,Genista tridens,60.199619
GUARDEN-CBNMed-8-4-12-33-20240429,2,1722409,Salvia rosmarinus,60.125263
GUARDEN-CBNMed-8-4-12-33-20240429,3,1587724,Ulex borgiae,60.116428
GUARDEN-CBNMed-8-8-12-51-20240429,1,1361000,Asparagus acutifolius,63.048710
GUARDEN-CBNMed-8-8-12-51-20240429,2,1359548,Ulex parviflorus,62.313377
GUARDEN-CBNMed-8-8-12-51-20240429,3,1359546,Ulex baeticus,62.222271
GUARDEN-CBNMed-8-9-12-56-20240429,1,1361000,Asparagus acutifolius,64.013954
GUARDEN-CBNMed-8-9-12-56-20240429,2,1358613,Quercus coccifera,63.516033
GUARDEN-CBNMed-8-9-12-56-20240429,3,1744347,Ulex canescens,62.159882
GUARDEN-CBNMed-9-10-16-16-20240429,1,1358613,Quercus coccifera,61.163986
GUARDEN-CBNMed-9-10-16-16-20240429,2,1502610,Centaurea horrida,61.121395
GUARDEN-CBNMed-9-10-16-16-20240429,3,1743966,Ulex erinaceus,60.767319
GUARDEN-CBNMed-9-2-15-46-20240429,1,1358511,Erica scoparia,61.212074
GUARDEN-CBNMed-9-2-15-46-20240429,2,1694092,Thymelaea ruizii,59.668739
GUARDEN-CBNMed-9-2-15-46-20240429,3,1564619,Thymus membranaceus,58.782639
GUARDEN-CBNMed-9-6-16-04-20240429,1,1358613,Quercus coccifera,63.594879
GUARDEN-CBNMed-9-6-16-04-20240429,2,1743916,Quercus pseudococcifera,56.733765
GUARDEN-CBNMed-9-6-16-04-20240429,3,1548487,Quercus senneniana,56.158478
GUARDEN-CBNMed-9-7-16-06-20240429,1,1358613,Quercus coccifera,63.215321
GUARDEN-CBNMed-9-7-16-06-20240429,2,1743916,Quercus pseudococcifera,56.394508
GUARDEN-CBNMed-9-7-16-06-20240429,3,1548487,Quercus senneniana,55.098896
GUARDEN-CBNMed-9-8-16-08-20240429,1,1358613,Quercus coccifera,63.152248
GUARDEN-CBNMed-9-8-16-08-20240429,2,1360558,Lycium intricatum,59.166241
GUARDEN-CBNMed-9-8-16-08-20240429,3,1360701,Echinophora spinosa,57.823795
GUARDEN-CBNMed-9-9-16-14-20240429,1,1360701,Echinophora spinosa,62.713425
GUARDEN-CBNMed-9-9-16-14-20240429,2,1358613,Quercus coccifera,62.293690
GUARDEN-CBNMed-9-9-16-14-20240429,3,1577392,Echinospartum boissieri,61.040947
LISAH-BOU-0-10-20230523,1,1356013,Geranium rotundifolium,63.917603
LISAH-BOU-0-10-20230523,2,1363835,Borago officinalis,61.200489
LISAH-BOU-0-10-20230523,3,1361190,Avena sterilis,60.222187
LISAH-BOU-0-101-20240425,1,1425238,Medicago minima,66.033752
LISAH-BOU-0-101-20240425,2,1390637,Calendula arvensis,65.362892
LISAH-BOU-0-101-20240425,3,1363731,Medicago polymorpha,62.300438
LISAH-BOU-0-104-20240502,1,1356397,Equisetum ramosissimum,62.908314
LISAH-BOU-0-104-20240502,2,1396319,Sium latifolium,60.914719
LISAH-BOU-0-104-20240502,3,1356276,Sambucus ebulus,60.675777
LISAH-BOU-0-105-20240502,1,1356397,Equisetum ramosissimum,62.119495
LISAH-BOU-0-105-20240502,2,1355908,Erigeron sumatrensis,60.758156
LISAH-BOU-0-105-20240502,3,1356276,Sambucus ebulus,60.434116
LISAH-BOU-0-108-20240502,1,1359772,Fumaria capreolata,66.524445
LISAH-BOU-0-108-20240502,2,1392384,Fumaria muralis,64.614281
LISAH-BOU-0-108-20240502,3,1359778,Fumaria flabellata,62.126820
LISAH-BOU-0-109-20240502,1,1359772,Fumaria capreolata,64.948502
LISAH-BOU-0-109-20240502,2,1355990,Mercurialis annua,64.280914
LISAH-BOU-0-109-20240502,3,1360385,Galium aparine,61.263950
LISAH-BOU-0-110-20240502,1,1356397,Equisetum ramosissimum,62.633392
LISAH-BOU-0-110-20240502,2,1360385,Galium aparine,61.595554
LISAH-BOU-0-110-20240502,3,1396197,Senecio inaequidens,59.494167
LISAH-BOU-0-111-20240502,1,1359792,Fumaria officinalis,64.566910
LISAH-BOU-0-111-20240502,2,1360420,Galium verrucosum,62.293453
LISAH-BOU-0-111-20240502,3,1356276,Sambucus ebulus,61.342896
LISAH-BOU-0-113-20240502,1,1356013,Geranium rotundifolium,63.795372
LISAH-BOU-0-113-20240502,2,1360385,Galium aparine,60.514793
LISAH-BOU-0-113-20240502,3,1392594,Geranium pusillum,60.367516
LISAH-BOU-0-114-20240502,1,1360385,Galium aparine,62.218956
LISAH-BOU-0-114-20240502,2,1355908,Erigeron sumatrensis,60.855438
LISAH-BOU-0-114-20240502,3,1393615,Lithospermum officinale,60.097706
LISAH-BOU-0-117-20240502,1,1356013,Geranium rotundifolium,66.988876
LISAH-BOU-0-117-20240502,2,1364100,Silybum marianum,64.017776
LISAH-BOU-0-117-20240502,3,1360385,Galium aparine,61.782310
LISAH-BOU-0-118-20240502,1,1356013,Geranium rotundifolium,67.892883
LISAH-BOU-0-118-20240502,2,1360385,Galium aparine,61.704498
LISAH-BOU-0-118-20240502,3,1356008,Geranium molle,61.616676
LISAH-BOU-0-14-20230511,1,1361190,Avena sterilis,63.229137
LISAH-BOU-0-14-20230511,2,1363468,Avena fatua,59.754414
LISAH-BOU-0-14-20230511,3,1398327,Allium pyrenaicum,58.761436
LISAH-BOU-0-15-20230511,1,1356013,Geranium rotundifolium,66.067116
LISAH-BOU-0-15-20230511,2,1650228,Elymus athericus,59.169888
LISAH-BOU-0-15-20230511,3,1364006,Convolvulus arvensis,58.679192
LISAH-BOU-0-153-20240502,1,1356013,Geranium rotundifolium,65.457970
LISAH-BOU-0-153-20240502,2,1356008,Geranium molle,63.132156
LISAH-BOU-0-153-20240502,3,1392594,Geranium pusillum,61.954987
LISAH-BOU-0-154-20240502,1,1356013,Geranium rotundifolium,66.599655
LISAH-BOU-0-154-20240502,2,1357351,Carduus pycnocephalus,63.088158
LISAH-BOU-0-154-20240502,3,1390637,Calendula arvensis,62.646263
LISAH-BOU-0-157-20240502,1,1356013,Geranium rotundifolium,66.730797
LISAH-BOU-0-157-20240502,2,1355964,Euphorbia helioscopia,64.332993
LISAH-BOU-0-157-20240502,3,1358643,Erodium ciconium,63.502556
LISAH-BOU-0-16-20230511,1,1363835,Borago officinalis,61.562634
LISAH-BOU-0-16-20230511,2,1363128,Papaver rhoeas,59.085835
LISAH-BOU-0-16-20230511,3,1361357,Phalaris coerulescens,58.205822
LISAH-BOU-0-160-20240502,1,1356013,Geranium rotundifolium,67.483650
LISAH-BOU-0-160-20240502,2,1358643,Erodium ciconium,64.370781
LISAH-BOU-0-160-20240502,3,1356008,Geranium molle,64.199692
LISAH-BOU-0-163-20240502,1,1363944,Malva neglecta,65.546509
LISAH-BOU-0-163-20240502,2,1358643,Erodium ciconium,64.035179
LISAH-BOU-0-163-20240502,3,1356008,Geranium molle,63.986744
LISAH-BOU-0-164-20240502,1,1356013,Geranium rotundifolium,67.129158
LISAH-BOU-0-164-20240502,2,1390637,Calendula arvensis,64.983849
LISAH-BOU-0-164-20240502,3,1393770,Medicago littoralis,64.583618
LISAH-BOU-0-165-20240502,1,1356013,Geranium rotundifolium,66.689659
LISAH-BOU-0-165-20240502,2,1392594,Geranium pusillum,64.313843
LISAH-BOU-0-165-20240502,3,1356008,Geranium molle,63.872566
LISAH-BOU-0-167-20240502,1,1363731,Medicago polymorpha,63.577629
LISAH-BOU-0-167-20240502,2,1359333,Medicago arabica,60.421558
LISAH-BOU-0-167-20240502,3,1359639,Malva parviflora,59.262680
LISAH-BOU-0-168-20240502,1,1363731,Medicago polymorpha,64.076118
LISAH-BOU-0-168-20240502,2,1361307,Hordeum murinum,62.418476
LISAH-BOU-0-168-20240502,3,1359639,Malva parviflora,61.833782
LISAH-BOU-0-170-20240502,1,1363731,Medicago polymorpha,63.363297
LISAH-BOU-0-170-20240502,2,1355994,Erodium cicutarium,62.697525
LISAH-BOU-0-170-20240502,3,1356008,Geranium molle,62.329025
LISAH-BOU-0-171-20240502,1,1363731,Medicago polymorpha,64.003242
LISAH-BOU-0-171-20240502,2,1358654,Erodium malacoides,63.870262
LISAH-BOU-0-171-20240502,3,1357351,Carduus pycnocephalus,63.406689
LISAH-BOU-0-172-20240502,1,1356013,Geranium rotundifolium,65.991554
LISAH-BOU-0-172-20240502,2,1363731,Medicago polymorpha,63.732075
LISAH-BOU-0-172-20240502,3,1363944,Malva neglecta,63.175995
LISAH-BOU-0-173-20240502,1,1358654,Erodium malacoides,66.255539
LISAH-BOU-0-173-20240502,2,1357351,Carduus pycnocephalus,64.267937
LISAH-BOU-0-173-20240502,3,1363731,Medicago polymorpha,63.336742
LISAH-BOU-0-174-20240502,1,1425238,Medicago minima,63.919754
LISAH-BOU-0-174-20240502,2,1363731,Medicago polymorpha,63.241299
LISAH-BOU-0-174-20240502,3,1392594,Geranium pusillum,60.502975
LISAH-BOU-0-175-20240502,1,1363734,Medicago orbicularis,65.322502
LISAH-BOU-0-175-20240502,2,1425238,Medicago minima,65.283524
LISAH-BOU-0-175-20240502,3,1363731,Medicago polymorpha,63.541424
LISAH-BOU-0-183-20240502,1,1363731,Medicago polymorpha,63.656868
LISAH-BOU-0-183-20240502,2,1363944,Malva neglecta,62.163330
LISAH-BOU-0-183-20240502,3,1364170,Sonchus oleraceus,62.082344
LISAH-BOU-0-187-20240502,1,1363734,Medicago orbicularis,67.191650
LISAH-BOU-0-187-20240502,2,1361307,Hordeum murinum,63.720448
LISAH-BOU-0-187-20240502,3,1363731,Medicago polymorpha,63.326866
LISAH-BOU-0-191-20240502,1,1359268,Lathyrus cicera,66.355850
LISAH-BOU-0-191-20240502,2,1358654,Erodium malacoides,65.226784
LISAH-BOU-0-191-20240502,3,1425238,Medicago minima,64.381317
LISAH-BOU-0-2-20240425,1,1356697,Cerastium glomeratum,64.316925
LISAH-BOU-0-2-20240425,2,1356276,Sambucus ebulus,62.462849
LISAH-BOU-0-2-20240425,3,1356397,Equisetum ramosissimum,59.645588
LISAH-BOU-0-24-20230512,1,1361000,Asparagus acutifolius,64.457253
LISAH-BOU-0-24-20230512,2,1397356,Cornus sanguinea,62.112526
LISAH-BOU-0-24-20230512,3,1360385,Galium aparine,61.696983
LISAH-BOU-0-24-20240425,1,1356013,Geranium rotundifolium,67.055969
LISAH-BOU-0-24-20240425,2,1360433,Rubia peregrina,62.925747
LISAH-BOU-0-24-20240425,3,1392594,Geranium pusillum,61.814636
LISAH-BOU-0-25-20230512,1,1356013,Geranium rotundifolium,63.004417
LISAH-BOU-0-25-20230512,2,1397356,Cornus sanguinea,61.413898
LISAH-BOU-0-25-20230512,3,1360385,Galium aparine,60.118507
LISAH-BOU-0-25-20230711,1,1360825,Parietaria judaica,62.047794
LISAH-BOU-0-25-20230711,2,1364173,Lactuca serriola,58.930038
LISAH-BOU-0-25-20230711,3,1362353,Parietaria officinalis,58.914135
LISAH-BOU-0-28-20240425,1,1361000,Asparagus acutifolius,65.620926
LISAH-BOU-0-28-20240425,2,1360385,Galium aparine,62.030525
LISAH-BOU-0-28-20240425,3,1360404,Galium odoratum,61.136871
LISAH-BOU-0-29-20230523,1,1356013,Geranium rotundifolium,65.807175
LISAH-BOU-0-29-20230523,2,1422217,Bromus madritensis,62.043903
LISAH-BOU-0-29-20230523,3,1360816,Torilis japonica,61.062733
LISAH-BOU-0-29-20230621,1,1363212,Torilis arvensis,63.745361
LISAH-BOU-0-29-20230621,2,1360816,Torilis japonica,62.382374
LISAH-BOU-0-29-20230621,3,1360358,Rubus ulmifolius,61.290142
LISAH-BOU-0-29-20240425,1,1397356,Cornus sanguinea,63.150112
LISAH-BOU-0-29-20240425,2,1361000,Asparagus acutifolius,62.716190
LISAH-BOU-0-29-20240425,3,1360385,Galium aparine,61.379250
LISAH-BOU-0-3-20230721,1,1363212,Torilis arvensis,59.757973
LISAH-BOU-0-3-20230721,2,1362929,Cenchrus spinifex,55.878036
LISAH-BOU-0-3-20230721,3,1357702,Leontodon tuberosus,55.790489
LISAH-BOU-0-30-20230512,1,1356012,Geranium purpureum,65.548988
LISAH-BOU-0-30-20230512,2,1358671,Geranium columbinum,62.676620
LISAH-BOU-0-30-20230512,3,1356017,Geranium robertianum,62.545673
LISAH-BOU-0-30-20240425,1,1356013,Geranium rotundifolium,67.606148
LISAH-BOU-0-30-20240425,2,1360385,Galium aparine,61.837429
LISAH-BOU-0-30-20240425,3,1389311,Rubus pruinosus,61.761272
LISAH-BOU-0-31-20230919,1,1743300,Sulla spinosissima,58.375946
LISAH-BOU-0-31-20230919,2,1359124,Astragalus hamosus,57.659561
LISAH-BOU-0-31-20230919,3,1359102,Astragalus asterias,57.257069
LISAH-BOU-0-31-20240425,1,1356013,Geranium rotundifolium,67.179222
LISAH-BOU-0-31-20240425,2,1356012,Geranium purpureum,64.553215
LISAH-BOU-0-31-20240425,3,1397356,Cornus sanguinea,61.945221
LISAH-BOU-0-32-20230516,1,1390879,Carex otrubae,65.090134
LISAH-BOU-0-32-20230516,2,1391113,Chaerophyllum villarsii,61.871559
LISAH-BOU-0-32-20230516,3,1391112,Chaerophyllum hirsutum,60.130314
LISAH-BOU-0-32-20240425,1,1356013,Geranium rotundifolium,67.233505
LISAH-BOU-0-32-20240425,2,1355964,Euphorbia helioscopia,64.634293
LISAH-BOU-0-32-20240425,3,1356012,Geranium purpureum,63.400265
LISAH-BOU-0-34-20230516,1,1650228,Elymus athericus,62.370926
LISAH-BOU-0-34-20230516,2,1356013,Geranium rotundifolium,61.185173
LISAH-BOU-0-34-20230516,3,1650353,Elymus pungens,60.887207
LISAH-BOU-0-35-20240425,1,1356012,Geranium purpureum,64.973564
LISAH-BOU-0-35-20240425,2,1356017,Geranium robertianum,63.290001
LISAH-BOU-0-35-20240425,3,1397356,Cornus sanguinea,62.371361
LISAH-BOU-0-36-20240425,1,1356013,Geranium rotundifolium,66.507484
LISAH-BOU-0-36-20240425,2,1356012,Geranium purpureum,64.374969
LISAH-BOU-0-36-20240425,3,1356017,Geranium robertianum,63.072792
LISAH-BOU-0-37-20230512,1,1397356,Cornus sanguinea,62.159817
LISAH-BOU-0-37-20230512,2,1361000,Asparagus acutifolius,60.786690
LISAH-BOU-0-37-20230512,3,1363212,Torilis arvensis,60.564407
LISAH-BOU-0-37-20240425,1,1356012,Geranium purpureum,64.553680
LISAH-BOU-0-37-20240425,2,1361000,Asparagus acutifolius,64.037170
LISAH-BOU-0-37-20240425,3,1356017,Geranium robertianum,62.836365
LISAH-BOU-0-38-20230516,1,1356013,Geranium rotundifolium,67.177460
LISAH-BOU-0-38-20230516,2,1363212,Torilis arvensis,62.222000
LISAH-BOU-0-38-20230516,3,1650228,Elymus athericus,62.005768
LISAH-BOU-0-39-20230512,1,1356013,Geranium rotundifolium,63.965572
LISAH-BOU-0-39-20230512,2,1361000,Asparagus acutifolius,63.732296
LISAH-BOU-0-39-20230512,3,1397356,Cornus sanguinea,62.895187
LISAH-BOU-0-4-20230511,1,1363213,Torilis nodosa,63.280949
LISAH-BOU-0-4-20230511,2,1357351,Carduus pycnocephalus,62.062149
LISAH-BOU-0-4-20230511,3,1356013,Geranium rotundifolium,61.512768
LISAH-BOU-0-4-20230711,1,1364006,Convolvulus arvensis,61.476822
LISAH-BOU-0-4-20230711,2,1356397,Equisetum ramosissimum,61.416355
LISAH-BOU-0-4-20230711,3,1356803,Saponaria officinalis,58.224792
LISAH-BOU-0-4-20240425,1,1356013,Geranium rotundifolium,67.575638
LISAH-BOU-0-4-20240425,2,1390637,Calendula arvensis,64.645538
LISAH-BOU-0-4-20240425,3,1397395,Geranium pyrenaicum,61.562363
LISAH-BOU-0-40-20230512,1,1361000,Asparagus acutifolius,65.642754
LISAH-BOU-0-40-20230512,2,1391112,Chaerophyllum hirsutum,63.915321
LISAH-BOU-0-40-20230512,3,1397356,Cornus sanguinea,62.405930
LISAH-BOU-0-40-20240425,1,1361000,Asparagus acutifolius,63.500324
LISAH-BOU-0-40-20240425,2,1397356,Cornus sanguinea,62.087265
LISAH-BOU-0-40-20240425,3,1391113,Chaerophyllum villarsii,59.894615
LISAH-BOU-0-41-20230512,1,1363212,Torilis arvensis,62.378696
LISAH-BOU-0-41-20230512,2,1397356,Cornus sanguinea,62.125637
LISAH-BOU-0-41-20230512,3,1414366,Bromus sterilis,61.155682
LISAH-BOU-0-42-20230511,1,1356013,Geranium rotundifolium,64.456772
LISAH-BOU-0-42-20230511,2,1392594,Geranium pusillum,61.785347
LISAH-BOU-0-42-20230511,3,1356008,Geranium molle,57.946716
LISAH-BOU-0-43-20230512,1,1356013,Geranium rotundifolium,66.257111
LISAH-BOU-0-43-20230512,2,1397356,Cornus sanguinea,62.328632
LISAH-BOU-0-43-20230512,3,1363835,Borago officinalis,62.150303
LISAH-BOU-0-44-20240425,1,1363944,Malva neglecta,61.792236
LISAH-BOU-0-44-20240425,2,1394477,Petrorhagia nanteuilii,59.034447
LISAH-BOU-0-44-20240425,3,1355978,Pelargonium zonale,58.659771
LISAH-BOU-0-5-20230512,1,1356276,Sambucus ebulus,63.630299
LISAH-BOU-0-5-20230512,2,1722433,Calamagrostis arenaria,62.693890
LISAH-BOU-0-5-20230512,3,1357351,Carduus pycnocephalus,62.632256
LISAH-BOU-0-5-20230711,1,1389369,Lysimachia foemina,60.216713
LISAH-BOU-0-5-20230711,2,1356397,Equisetum ramosissimum,59.864792
LISAH-BOU-0-5-20230711,3,1408867,Cyclospermum leptophyllum,59.238594
LISAH-BOU-0-50-20230512,1,1356013,Geranium rotundifolium,65.703423
LISAH-BOU-0-50-20230512,2,1356286,Bromus hordeaceus,62.717224
LISAH-BOU-0-50-20230512,3,1355994,Erodium cicutarium,62.139294
LISAH-BOU-0-52-20230512,1,1358654,Erodium malacoides,62.637772
LISAH-BOU-0-52-20230512,2,1356008,Geranium molle,61.389252
LISAH-BOU-0-52-20230512,3,1425238,Medicago minima,61.333649
LISAH-BOU-0-54-20230512,1,1392699,Hedypnois rhagadioloides,64.650650
LISAH-BOU-0-54-20230512,2,1356286,Bromus hordeaceus,64.260918
LISAH-BOU-0-54-20230512,3,1361117,Aegilops geniculata,62.115974
LISAH-BOU-0-55-20230512,1,1356008,Geranium molle,62.623207
LISAH-BOU-0-55-20230512,2,1363944,Malva neglecta,61.682915
LISAH-BOU-0-55-20230512,3,1356286,Bromus hordeaceus,61.460411
LISAH-BOU-0-56-20230512,1,1358654,Erodium malacoides,62.177727
LISAH-BOU-0-56-20230512,2,1392699,Hedypnois rhagadioloides,61.517975
LISAH-BOU-0-56-20230512,3,1359639,Malva parviflora,60.379467
LISAH-BOU-0-58-20230512,1,1358654,Erodium malacoides,63.391472
LISAH-BOU-0-58-20230512,2,1356286,Bromus hordeaceus,62.307961
LISAH-BOU-0-58-20230512,3,1363838,Heliotropium curassavicum,61.093849
LISAH-BOU-0-6-20240425,1,1356395,Equisetum fluviatile,62.587917
LISAH-BOU-0-6-20240425,2,1392155,Euphorbia cyparissias,58.207832
LISAH-BOU-0-6-20240425,3,1397056,Veronica longifolia,58.097794
LISAH-BOU-0-63-20230512,1,1358257,Diplotaxis tenuifolia,64.353912
LISAH-BOU-0-63-20230512,2,1358543,Euphorbia characias,62.561958
LISAH-BOU-0-63-20230512,3,1390637,Calendula arvensis,61.771656
LISAH-BOU-0-65-20230512,1,1359171,Coronilla repanda,63.154770
LISAH-BOU-0-65-20230512,2,1361307,Hordeum murinum,60.789970
LISAH-BOU-0-65-20230512,3,1356008,Geranium molle,60.428322
LISAH-BOU-0-75-20230516,1,1356013,Geranium rotundifolium,61.438732
LISAH-BOU-0-75-20230516,2,1394478,Petrorhagia prolifera,57.695938
LISAH-BOU-0-75-20230516,3,1392601,Geropogon hybridus,57.608177
LISAH-BOU-0-79-20230512,1,1425238,Medicago minima,64.257896
LISAH-BOU-0-79-20230512,2,1357526,Crepis bursifolia,63.985615
LISAH-BOU-0-79-20230512,3,1359488,Trifolium campestre,62.748821
LISAH-BOU-0-8-20240425,1,1357351,Carduus pycnocephalus,63.261772
LISAH-BOU-0-8-20240425,2,1358347,Lepidium draba,61.957016
LISAH-BOU-0-8-20240425,3,1722433,Calamagrostis arenaria,60.085609
LISAH-BOU-0-84-20230512,1,1425238,Medicago minima,63.736809
LISAH-BOU-0-84-20230512,2,1359336,Medicago disciformis,60.633755
LISAH-BOU-0-84-20230512,3,1393754,Marrubium incanum,59.830391
LISAH-BOU-0-9-20240425,1,1358347,Lepidium draba,62.055786
LISAH-BOU-0-9-20240425,2,1356397,Equisetum ramosissimum,61.708775
LISAH-BOU-0-9-20240425,3,1356395,Equisetum fluviatile,61.512985
LISAH-BOU-0-98-20240425,1,1425238,Medicago minima,66.436020
LISAH-BOU-0-98-20240425,2,1359344,Medicago marina,62.214573
LISAH-BOU-0-98-20240425,3,1393770,Medicago littoralis,61.369633
LISAH-BVD-0-100-20230510,1,1356286,Bromus hordeaceus,63.651443
LISAH-BVD-0-100-20230510,2,1361307,Hordeum murinum,61.533970
LISAH-BVD-0-100-20230510,3,1414366,Bromus sterilis,61.058525
LISAH-BVD-0-101-20230510,1,1359959,Plantago lagopus,58.519783
LISAH-BVD-0-101-20230510,2,1356066,Plantago lanceolata,58.377045
LISAH-BVD-0-101-20230510,3,1391596,Dactylorhiza majalis,57.699036
LISAH-BVD-0-152-20230511,1,1363638,Oxalis corniculata,61.047543
LISAH-BVD-0-152-20230511,2,1357635,Helminthotheca echioides,59.661743
LISAH-BVD-0-152-20230511,3,1356067,Plantago major,59.521900
LISAH-BVD-0-155-20230511,1,1364065,Veronica persica,60.314915
LISAH-BVD-0-155-20230511,2,1388767,Bowlesia incana,60.161880
LISAH-BVD-0-155-20230511,3,1357635,Helminthotheca echioides,59.964169
LISAH-BVD-0-158-20230511,1,1363740,Trifolium repens,59.909489
LISAH-BVD-0-158-20230511,2,1359959,Plantago lagopus,58.325714
LISAH-BVD-0-158-20230511,3,1356066,Plantago lanceolata,58.124828
LISAH-BVD-0-191-20230511,1,1364065,Veronica persica,60.415390
LISAH-BVD-0-191-20230511,2,1363455,Poa annua,59.631935
LISAH-BVD-0-191-20230511,3,1363401,Imperata cylindrica,57.167587
LISAH-BVD-0-192-20230511,1,1363459,Poa trivialis,58.680843
LISAH-BVD-0-192-20230511,2,1363455,Poa annua,57.138748
LISAH-BVD-0-192-20230511,3,1364065,Veronica persica,55.973167
LISAH-BVD-0-195-20230511,1,1393989,Odontites vernus,56.183643
LISAH-BVD-0-195-20230511,2,1363508,Sorghum halepense,55.735809
LISAH-BVD-0-195-20230511,3,1356278,Trifolium fragiferum,54.835335
LISAH-BVD-0-196-20230511,1,1363212,Torilis arvensis,59.248859
LISAH-BVD-0-196-20230511,2,1363798,Lathyrus aphaca,58.628227
LISAH-BVD-0-196-20230511,3,1359279,Lathyrus ochrus,57.720757
LISAH-BVD-0-197-20230511,1,1356278,Trifolium fragiferum,61.605175
LISAH-BVD-0-197-20230511,2,1363993,Potentilla reptans,59.085411
LISAH-BVD-0-197-20230511,3,1363734,Medicago orbicularis,57.736816
LISAH-BVD-0-200-20230511,1,1356278,Trifolium fragiferum,63.310188
LISAH-BVD-0-200-20230511,2,1363993,Potentilla reptans,61.021935
LISAH-BVD-0-200-20230511,3,1359333,Medicago arabica,59.129887
LISAH-BVD-0-203-20230511,1,1363739,Trifolium nigrescens,62.626350
LISAH-BVD-0-203-20230511,2,1356278,Trifolium fragiferum,62.616676
LISAH-BVD-0-203-20230511,3,1359508,Trifolium montanum,58.101791
LISAH-BVD-0-205-20230511,1,1363740,Trifolium repens,58.763504
LISAH-BVD-0-205-20230511,2,1363455,Poa annua,58.240673
LISAH-BVD-0-205-20230511,3,1361256,Eragrostis multicaulis,56.747482
LISAH-BVD-0-206-20230511,1,1363740,Trifolium repens,57.755356
LISAH-BVD-0-206-20230511,2,1363739,Trifolium nigrescens,57.738472
LISAH-BVD-0-206-20230511,3,1362023,Festuca filiformis,57.477711
LISAH-BVD-0-208-20230511,1,1356278,Trifolium fragiferum,60.552456
LISAH-BVD-0-208-20230511,2,1363455,Poa annua,59.700439
LISAH-BVD-0-208-20230511,3,1363740,Trifolium repens,56.680378
LISAH-BVD-0-209-20230511,1,1356278,Trifolium fragiferum,58.964901
LISAH-BVD-0-209-20230511,2,1363802,Lathyrus odoratus,58.482426
LISAH-BVD-0-209-20230511,3,1363740,Trifolium repens,57.954620
LISAH-BVD-0-25-20230510,1,1357875,Sonchus asper,58.646530
LISAH-BVD-0-25-20230510,2,1361316,Leersia oryzoides,56.544472
LISAH-BVD-0-25-20230510,3,1355914,Centaurium tenuiflorum,56.539982
LISAH-BVD-0-275-20230516,1,1361307,Hordeum murinum,63.132645
LISAH-BVD-0-275-20230516,2,1363460,Holcus lanatus,60.941505
LISAH-BVD-0-275-20230516,3,1414366,Bromus sterilis,60.708054
LISAH-BVD-0-277-20230516,1,1363993,Potentilla reptans,65.191536
LISAH-BVD-0-277-20230516,2,1414366,Bromus sterilis,62.869904
LISAH-BVD-0-277-20230516,3,1379532,Calamagrostis epigejos,60.961807
LISAH-BVD-0-278-20230516,1,1363993,Potentilla reptans,65.295563
LISAH-BVD-0-278-20230516,2,1360304,Potentilla anglica,61.130699
LISAH-BVD-0-278-20230516,3,1414366,Bromus sterilis,60.741806
LISAH-BVD-0-281-20230516,1,1363993,Potentilla reptans,64.726250
LISAH-BVD-0-281-20230516,2,1395667,Rumex longifolius,62.413830
LISAH-BVD-0-281-20230516,3,1390966,Catapodium marinum,59.202431
LISAH-BVD-0-282-20230516,1,1363993,Potentilla reptans,64.047760
LISAH-BVD-0-282-20230516,2,1414366,Bromus sterilis,62.807667
LISAH-BVD-0-282-20230516,3,1361190,Avena sterilis,60.606037
LISAH-BVD-0-283-20230516,1,1363993,Potentilla reptans,66.342773
LISAH-BVD-0-283-20230516,2,1414366,Bromus sterilis,60.475941
LISAH-BVD-0-283-20230516,3,1360304,Potentilla anglica,60.473969
LISAH-BVD-0-285-20230516,1,1361307,Hordeum murinum,64.416756
LISAH-BVD-0-285-20230516,2,1363993,Potentilla reptans,63.306610
LISAH-BVD-0-285-20230516,3,1360304,Potentilla anglica,60.447662
LISAH-BVD-0-287-20230516,1,1361307,Hordeum murinum,62.366680
LISAH-BVD-0-287-20230516,2,1414366,Bromus sterilis,61.421135
LISAH-BVD-0-287-20230516,3,1363993,Potentilla reptans,60.839615
LISAH-BVD-0-288-20230516,1,1363993,Potentilla reptans,63.990242
LISAH-BVD-0-288-20230516,2,1363468,Avena fatua,60.452335
LISAH-BVD-0-288-20230516,3,1363456,Poa bulbosa,59.059071
LISAH-BVD-0-292-20230516,1,1363993,Potentilla reptans,64.922485
LISAH-BVD-0-292-20230516,2,1390967,Catapodium rigidum,61.856300
LISAH-BVD-0-292-20230516,3,1360304,Potentilla anglica,60.918549
LISAH-BVD-0-293-20230516,1,1363993,Potentilla reptans,65.171539
LISAH-BVD-0-293-20230516,2,1388770,Brachypodium distachyon,60.800602
LISAH-BVD-0-293-20230516,3,1407739,Bromus catharticus,60.709099
LISAH-BVD-0-294-20230516,1,1363993,Potentilla reptans,64.688164
LISAH-BVD-0-294-20230516,2,1360304,Potentilla anglica,61.029320
LISAH-BVD-0-294-20230516,3,1356286,Bromus hordeaceus,61.002590
LISAH-BVD-0-295-20230516,1,1363993,Potentilla reptans,60.479916
LISAH-BVD-0-295-20230516,2,1363740,Trifolium repens,55.857708
LISAH-BVD-0-295-20230516,3,1361225,Cynosurus cristatus,54.717731
LISAH-BVD-0-296-20230516,1,1363993,Potentilla reptans,63.598152
LISAH-BVD-0-296-20230516,2,1397387,Fragaria viridis,58.356651
LISAH-BVD-0-296-20230516,3,1394592,Pimpinella major,57.606968
LISAH-BVD-0-297-20230516,1,1363993,Potentilla reptans,61.099388
LISAH-BVD-0-297-20230516,2,1407739,Bromus catharticus,60.714417
LISAH-BVD-0-297-20230516,3,1363740,Trifolium repens,58.304070
LISAH-BVD-0-298-20230516,1,1407739,Bromus catharticus,63.328033
LISAH-BVD-0-298-20230516,2,1363993,Potentilla reptans,62.632458
LISAH-BVD-0-298-20230516,3,1360304,Potentilla anglica,58.288994
LISAH-BVD-0-299-20230516,1,1363993,Potentilla reptans,63.144295
LISAH-BVD-0-299-20230516,2,1363740,Trifolium repens,56.887222
LISAH-BVD-0-299-20230516,3,1359277,Lathyrus nissolia,56.650146
LISAH-BVD-0-300-20230516,1,1363993,Potentilla reptans,63.916523
LISAH-BVD-0-300-20230516,2,1414366,Bromus sterilis,60.025032
LISAH-BVD-0-300-20230516,3,1422217,Bromus madritensis,59.901768
LISAH-BVD-0-301-20230516,1,1407739,Bromus catharticus,64.548988
LISAH-BVD-0-301-20230516,2,1363993,Potentilla reptans,63.928867
LISAH-BVD-0-301-20230516,3,1394592,Pimpinella major,60.729366
LISAH-BVD-0-302-20230516,1,1363993,Potentilla reptans,64.281670
LISAH-BVD-0-302-20230516,2,1394592,Pimpinella major,58.932869
LISAH-BVD-0-302-20230516,3,1400126,Betonica officinalis,58.554871
LISAH-BVD-0-309-20230516,1,1363993,Potentilla reptans,63.869431
LISAH-BVD-0-309-20230516,2,1363994,Agrimonia eupatoria,60.476604
LISAH-BVD-0-309-20230516,3,1360304,Potentilla anglica,57.524834
LISAH-BVD-0-310-20230516,1,1363993,Potentilla reptans,64.740227
LISAH-BVD-0-310-20230516,2,1414366,Bromus sterilis,60.621037
LISAH-BVD-0-310-20230516,3,1360304,Potentilla anglica,58.259773
LISAH-BVD-0-337-20230516,1,1361307,Hordeum murinum,60.892021
LISAH-BVD-0-337-20230516,2,1364006,Convolvulus arvensis,60.186058
LISAH-BVD-0-337-20230516,3,1356286,Bromus hordeaceus,59.614677
LISAH-BVD-0-338-20230516,1,1356286,Bromus hordeaceus,64.074112
LISAH-BVD-0-338-20230516,2,1361307,Hordeum murinum,61.680550
LISAH-BVD-0-338-20230516,3,1363460,Holcus lanatus,59.990059
LISAH-BVD-0-339-20230516,1,1356286,Bromus hordeaceus,63.748711
LISAH-BVD-0-339-20230516,2,1414353,Bromus diandrus,60.899139
LISAH-BVD-0-339-20230516,3,1364006,Convolvulus arvensis,59.557243
LISAH-BVD-0-341-20230516,1,1356286,Bromus hordeaceus,64.333023
LISAH-BVD-0-341-20230516,2,1364006,Convolvulus arvensis,61.382530
LISAH-BVD-0-341-20230516,3,1363740,Trifolium repens,56.365211
LISAH-BVD-0-342-20230516,1,1356286,Bromus hordeaceus,65.204788
LISAH-BVD-0-342-20230516,2,1364006,Convolvulus arvensis,62.989326
LISAH-BVD-0-342-20230516,3,1363798,Lathyrus aphaca,58.037361
LISAH-BVD-0-343-20230516,1,1356286,Bromus hordeaceus,63.824066
LISAH-BVD-0-343-20230516,2,1363213,Torilis nodosa,60.353329
LISAH-BVD-0-343-20230516,3,1364006,Convolvulus arvensis,59.473927
LISAH-BVD-0-344-20230516,1,1356286,Bromus hordeaceus,59.675793
LISAH-BVD-0-344-20230516,2,1361850,Trifolium rubens,59.405418
LISAH-BVD-0-344-20230516,3,1364006,Convolvulus arvensis,58.925125
LISAH-BVD-0-345-20230516,1,1356286,Bromus hordeaceus,63.901127
LISAH-BVD-0-345-20230516,2,1361201,Bromus lanceolatus,59.629028
LISAH-BVD-0-345-20230516,3,1364006,Convolvulus arvensis,59.554588
LISAH-BVD-0-346-20230516,1,1356286,Bromus hordeaceus,63.494026
LISAH-BVD-0-346-20230516,2,1364006,Convolvulus arvensis,60.290691
LISAH-BVD-0-346-20230516,3,1363403,Polypogon viridis,59.427391
LISAH-BVD-0-347-20230516,1,1356286,Bromus hordeaceus,64.470787
LISAH-BVD-0-347-20230516,2,1364006,Convolvulus arvensis,59.751419
LISAH-BVD-0-347-20230516,3,1407739,Bromus catharticus,59.219715
LISAH-BVD-0-348-20230516,1,1356286,Bromus hordeaceus,64.480103
LISAH-BVD-0-348-20230516,2,1357875,Sonchus asper,60.475777
LISAH-BVD-0-348-20230516,3,1362380,Sonchus arvensis,60.431831
LISAH-BVD-0-349-20230516,1,1356286,Bromus hordeaceus,64.952187
LISAH-BVD-0-349-20230516,2,1364006,Convolvulus arvensis,62.561462
LISAH-BVD-0-349-20230516,3,1361205,Bromus scoparius,58.643295
LISAH-BVD-0-35-20230510,1,1396446,Stellaria graminea,58.539001
LISAH-BVD-0-35-20230510,2,1363455,Poa annua,57.805763
LISAH-BVD-0-35-20230510,3,1364065,Veronica persica,57.148010
LISAH-BVD-0-350-20230516,1,1356286,Bromus hordeaceus,64.553238
LISAH-BVD-0-350-20230516,2,1357635,Helminthotheca echioides,61.289982
LISAH-BVD-0-350-20230516,3,1364006,Convolvulus arvensis,59.645988
LISAH-BVD-0-351-20230516,1,1356286,Bromus hordeaceus,63.284801
LISAH-BVD-0-351-20230516,2,1364006,Convolvulus arvensis,60.869751
LISAH-BVD-0-351-20230516,3,1363798,Lathyrus aphaca,58.314026
LISAH-BVD-0-352-20230516,1,1356286,Bromus hordeaceus,61.964333
LISAH-BVD-0-352-20230516,2,1363468,Avena fatua,59.585220
LISAH-BVD-0-352-20230516,3,1411890,Elymus repens,59.418182
LISAH-BVD-0-353-20230516,1,1356286,Bromus hordeaceus,63.200821
LISAH-BVD-0-353-20230516,2,1364006,Convolvulus arvensis,60.732063
LISAH-BVD-0-353-20230516,3,1359268,Lathyrus cicera,59.195595
LISAH-BVD-0-354-20230516,1,1364006,Convolvulus arvensis,60.594101
LISAH-BVD-0-354-20230516,2,1361190,Avena sterilis,59.259930
LISAH-BVD-0-354-20230516,3,1357635,Helminthotheca echioides,58.107445
LISAH-BVD-0-364-20230516,1,1364173,Lactuca serriola,60.773933
LISAH-BVD-0-364-20230516,2,1361307,Hordeum murinum,60.565132
LISAH-BVD-0-364-20230516,3,1363944,Malva neglecta,59.985878
LISAH-BVD-0-372-20230516,1,1361307,Hordeum murinum,62.553162
LISAH-BVD-0-372-20230516,2,1359525,Trifolium stellatum,58.674343
LISAH-BVD-0-372-20230516,3,1361117,Aegilops geniculata,57.944260
LISAH-BVD-0-379-20230516,1,1361307,Hordeum murinum,62.898293
LISAH-BVD-0-379-20230516,2,1356397,Equisetum ramosissimum,58.965607
LISAH-BVD-0-379-20230516,3,1364006,Convolvulus arvensis,58.764706
LISAH-BVD-0-380-20230516,1,1361307,Hordeum murinum,62.647636
LISAH-BVD-0-380-20230516,2,1360120,Rumex acetosa,61.926140
LISAH-BVD-0-380-20230516,3,1363475,Lolium perenne,58.297596
LISAH-BVD-0-383-20230516,1,1414353,Bromus diandrus,60.194016
LISAH-BVD-0-383-20230516,2,1422217,Bromus madritensis,58.777847
LISAH-BVD-0-383-20230516,3,1363476,Lolium rigidum,56.818199
LISAH-BVD-0-392-20230516,1,1364006,Convolvulus arvensis,59.929314
LISAH-BVD-0-392-20230516,2,1356587,Aristolochia paucinervis,58.651810
LISAH-BVD-0-392-20230516,3,1355936,Cirsium arvense,58.405579
LISAH-BVD-0-397-20230517,1,1361307,Hordeum murinum,56.844391
LISAH-BVD-0-397-20230517,2,1414366,Bromus sterilis,56.159607
LISAH-BVD-0-397-20230517,3,1414353,Bromus diandrus,56.119354
LISAH-BVD-0-398-20230517,1,1728568,Jacobaea erucifolia,59.667145
LISAH-BVD-0-398-20230517,2,1363740,Trifolium repens,58.557114
LISAH-BVD-0-398-20230517,3,1414366,Bromus sterilis,57.069721
LISAH-BVD-0-412-20230517,1,1357697,Leontodon hispidus,61.158508
LISAH-BVD-0-412-20230517,2,1391445,Crepis biennis,61.131905
LISAH-BVD-0-412-20230517,3,1360860,Verbena officinalis,60.941628
LISAH-BVD-0-417-20230517,1,1356286,Bromus hordeaceus,64.716522
LISAH-BVD-0-417-20230517,2,1361307,Hordeum murinum,62.732300
LISAH-BVD-0-417-20230517,3,1363740,Trifolium repens,59.261810
LISAH-BVD-0-428-20230517,1,1361307,Hordeum murinum,62.428738
LISAH-BVD-0-428-20230517,2,1356286,Bromus hordeaceus,62.048069
LISAH-BVD-0-428-20230517,3,1357875,Sonchus asper,60.749043
LISAH-BVD-0-430-20230517,1,1356286,Bromus hordeaceus,64.286438
LISAH-BVD-0-430-20230517,2,1364006,Convolvulus arvensis,60.412209
LISAH-BVD-0-430-20230517,3,1407739,Bromus catharticus,59.560146
LISAH-BVD-0-431-20230517,1,1407739,Bromus catharticus,63.731319
LISAH-BVD-0-431-20230517,2,1364006,Convolvulus arvensis,61.495281
LISAH-BVD-0-431-20230517,3,1363475,Lolium perenne,60.872894
LISAH-BVD-0-432-20230517,1,1356286,Bromus hordeaceus,64.203232
LISAH-BVD-0-432-20230517,2,1357635,Helminthotheca echioides,61.695305
LISAH-BVD-0-432-20230517,3,1364006,Convolvulus arvensis,61.285892
LISAH-BVD-0-463-20230517,1,1364065,Veronica persica,61.399284
LISAH-BVD-0-463-20230517,2,1356278,Trifolium fragiferum,60.031395
LISAH-BVD-0-463-20230517,3,1356111,Lamium amplexicaule,59.946815
LISAH-BVD-0-465-20230517,1,1364065,Veronica persica,60.584576
LISAH-BVD-0-465-20230517,2,1363740,Trifolium repens,59.421131
LISAH-BVD-0-465-20230517,3,1397048,Veronica filiformis,59.268322
LISAH-BVD-0-471-20230517,1,1356286,Bromus hordeaceus,64.422058
LISAH-BVD-0-471-20230517,2,1407739,Bromus catharticus,62.897575
LISAH-BVD-0-471-20230517,3,1722432,Bromus ferronii,58.358669
LISAH-BVD-0-54-20230510,1,1356314,Rumex pulcher,62.135521
LISAH-BVD-0-54-20230510,2,1722501,Rumex spinosus,62.117466
LISAH-BVD-0-54-20230510,3,1356081,Rumex dentatus,58.974144
LISAH-BVD-0-99-20230510,1,1414366,Bromus sterilis,64.156746
LISAH-BVD-0-99-20230510,2,1363731,Medicago polymorpha,62.951977
LISAH-BVD-0-99-20230510,3,1356286,Bromus hordeaceus,62.095543
LISAH-JAS-0-1-20220505,1,1357526,Crepis bursifolia,63.359589
LISAH-JAS-0-1-20220505,2,1357546,Crepis sancta,62.603695
LISAH-JAS-0-1-20220505,3,1357702,Leontodon tuberosus,62.297340
LISAH-JAS-0-11-20220505,1,1359519,Trifolium resupinatum,65.170258
LISAH-JAS-0-11-20220505,2,1363739,Trifolium nigrescens,62.815666
LISAH-JAS-0-11-20220505,3,1359530,Trifolium tomentosum,62.158920
LISAH-JAS-0-12-20220505,1,1359519,Trifolium resupinatum,66.895691
LISAH-JAS-0-12-20220505,2,1359860,Chaenorhinum minus,63.818623
LISAH-JAS-0-12-20220505,3,1356278,Trifolium fragiferum,62.497307
LISAH-JAS-0-13-20220505,1,1359519,Trifolium resupinatum,66.544060
LISAH-JAS-0-13-20220505,2,1363739,Trifolium nigrescens,63.904499
LISAH-JAS-0-13-20220505,3,1363731,Medicago polymorpha,62.747463
LISAH-JAS-0-15-20220505,1,1359519,Trifolium resupinatum,66.583847
LISAH-JAS-0-15-20220505,2,1422217,Bromus madritensis,65.385284
LISAH-JAS-0-15-20220505,3,1362236,Fumaria parviflora,64.856812
LISAH-JAS-0-16-20220505,1,1359519,Trifolium resupinatum,67.959404
LISAH-JAS-0-16-20220505,2,1363878,Diplotaxis erucoides,64.015091
LISAH-JAS-0-16-20220505,3,1357456,Centaurea sphaerocephala,62.641346
LISAH-JAS-0-17-20220505,1,1393770,Medicago littoralis,64.016190
LISAH-JAS-0-17-20220505,2,1362236,Fumaria parviflora,63.565796
LISAH-JAS-0-17-20220505,3,1359792,Fumaria officinalis,63.531929
LISAH-JAS-0-2-20220505,1,1356111,Lamium amplexicaule,63.127945
LISAH-JAS-0-2-20220505,2,1364065,Veronica persica,61.575066
LISAH-JAS-0-2-20220505,3,1363179,Chenopodium ficifolium,61.362206
LISAH-JAS-0-6-20220505,1,1359519,Trifolium resupinatum,65.997490
LISAH-JAS-0-6-20220505,2,1364138,Senecio vulgaris,63.502731
LISAH-JAS-0-6-20220505,3,1356084,Polygonum aviculare,62.823357
LISAH-JAS-0-7-20220505,1,1359519,Trifolium resupinatum,63.375404
LISAH-JAS-0-7-20220505,2,1364138,Senecio vulgaris,63.104942
LISAH-JAS-0-7-20220505,3,1356084,Polygonum aviculare,61.493484
LISAH-JAS-0-9-20220505,1,1359519,Trifolium resupinatum,66.402809
LISAH-JAS-0-9-20220505,2,1357546,Crepis sancta,65.723976
LISAH-JAS-0-9-20220505,3,1355869,Crepis capillaris,62.187294
LISAH-JAS-1-25-20220505,1,1363213,Torilis nodosa,62.487137
LISAH-JAS-1-25-20220505,2,1414366,Bromus sterilis,61.290115
LISAH-JAS-1-25-20220505,3,1363460,Holcus lanatus,59.580978
LISAH-JAS-1-27-20220505,1,1361307,Hordeum murinum,63.676910
LISAH-JAS-1-27-20220505,2,1363730,Medicago lupulina,60.968147
LISAH-JAS-1-27-20220505,3,1361190,Avena sterilis,60.881084
LISAH-JAS-1-28-20220505,1,1422217,Bromus madritensis,62.421963
LISAH-JAS-1-28-20220505,2,1362898,Malva multiflora,61.443962
LISAH-JAS-1-28-20220505,3,1363944,Malva neglecta,61.284470
LISAH-JAS-1-5-20220505,1,1357546,Crepis sancta,63.067291
LISAH-JAS-1-5-20220505,2,1360748,Hydrocotyle vulgaris,62.494873
LISAH-JAS-1-5-20220505,3,1356697,Cerastium glomeratum,62.209053
LISAH-PEC-0-0-20220608,1,1357945,Tolpis umbellata,60.619740
LISAH-PEC-0-0-20220608,2,1744673,Mantisalca spinulosa,60.355759
LISAH-PEC-0-0-20220608,3,1361926,Scabiosa columbaria,60.261536
LISAH-PEC-0-1-20230411,1,1356013,Geranium rotundifolium,68.137215
LISAH-PEC-0-1-20230411,2,1364138,Senecio vulgaris,62.024506
LISAH-PEC-0-1-20230411,3,1358654,Erodium malacoides,61.227528
LISAH-PEC-0-10-20230405,1,1364138,Senecio vulgaris,62.636467
LISAH-PEC-0-10-20230405,2,1363878,Diplotaxis erucoides,61.455521
LISAH-PEC-0-10-20230405,3,1357635,Helminthotheca echioides,60.656242
LISAH-PEC-0-11-20230405,1,1364138,Senecio vulgaris,61.144558
LISAH-PEC-0-11-20230405,2,1357635,Helminthotheca echioides,60.324482
LISAH-PEC-0-11-20230405,3,1741452,Senecio gallicus,60.223263
LISAH-PEC-0-11-20230411,1,1356013,Geranium rotundifolium,64.855309
LISAH-PEC-0-11-20230411,2,1363899,Sisymbrium erysimoides,60.276909
LISAH-PEC-0-11-20230411,3,1357934,Tolpis barbata,59.561783
LISAH-PEC-0-12-20230411,1,1356013,Geranium rotundifolium,67.657768
LISAH-PEC-0-12-20230411,2,1355964,Euphorbia helioscopia,60.787724
LISAH-PEC-0-12-20230411,3,1357635,Helminthotheca echioides,60.556393
LISAH-PEC-0-13-20230411,1,1356013,Geranium rotundifolium,66.823975
LISAH-PEC-0-13-20230411,2,1480138,Diplotaxis ilorcitana,59.861656
LISAH-PEC-0-13-20230411,3,1550154,Erodium cazorlanum,59.506565
LISAH-PEC-0-13-20230413,1,1356013,Geranium rotundifolium,66.429642
LISAH-PEC-0-13-20230413,2,1357192,Anacyclus homogamos,61.319992
LISAH-PEC-0-13-20230413,3,1357514,Cladanthus mixtus,61.261040
LISAH-PEC-0-14-20230407,1,1360290,Crataegus azarolus,60.818031
LISAH-PEC-0-14-20230407,2,1361000,Asparagus acutifolius,60.608070
LISAH-PEC-0-14-20230407,3,1363988,Crataegus monogyna,59.320507
LISAH-PEC-0-15-20230407,1,1361000,Asparagus acutifolius,62.524277
LISAH-PEC-0-15-20230407,2,1392158,Euphorbia esula,57.406090
LISAH-PEC-0-15-20230407,3,1360588,Daphne gnidium,57.265976
LISAH-PEC-0-17-20230413,1,1357981,Convolvulus lineatus,59.957954
LISAH-PEC-0-17-20230413,2,1363676,Vicia faba,58.517853
LISAH-PEC-0-17-20230413,3,1397095,Vicia johannis,57.438961
LISAH-PEC-0-18-20230411,1,1356013,Geranium rotundifolium,65.880371
LISAH-PEC-0-18-20230411,2,1363875,Diplotaxis muralis,61.793358
LISAH-PEC-0-18-20230411,3,1355964,Euphorbia helioscopia,61.308254
LISAH-PEC-0-19-20230413,1,1356013,Geranium rotundifolium,66.732758
LISAH-PEC-0-19-20230413,2,1363676,Vicia faba,61.512695
LISAH-PEC-0-19-20230413,3,1550154,Erodium cazorlanum,59.714027
LISAH-PEC-0-20-20230411,1,1356013,Geranium rotundifolium,66.587746
LISAH-PEC-0-20-20230411,2,1355964,Euphorbia helioscopia,61.929214
LISAH-PEC-0-20-20230411,3,1364138,Senecio vulgaris,61.310852
LISAH-PEC-0-4-20230407,1,1360433,Rubia peregrina,60.345867
LISAH-PEC-0-4-20230407,2,1361081,Carex riparia,54.100548
LISAH-PEC-0-4-20230407,3,1359279,Lathyrus ochrus,53.237930
LISAH-PEC-0-4-20230411,1,1356013,Geranium rotundifolium,66.732887
LISAH-PEC-0-4-20230411,2,1550154,Erodium cazorlanum,62.781631
LISAH-PEC-0-4-20230411,3,1359254,Hippocrepis unisiliquosa,60.363152
LISAH-PEC-0-6-20220608,1,1357401,Centaurea aspera,67.352554
LISAH-PEC-0-6-20220608,2,1390967,Catapodium rigidum,63.532059
LISAH-PEC-0-6-20220608,3,1502684,Centaurea linifolia,62.450500
LISAH-PEC-0-6-20230411,1,1356013,Geranium rotundifolium,66.687843
LISAH-PEC-0-6-20230411,2,1363791,Scorpiurus muricatus,62.159546
LISAH-PEC-0-6-20230411,3,1357635,Helminthotheca echioides,61.902275
LISAH-PEC-0-8-20230405,1,1363878,Diplotaxis erucoides,64.206680
LISAH-PEC-0-8-20230405,2,1363791,Scorpiurus muricatus,60.561150
LISAH-PEC-0-8-20230405,3,1358260,Diplotaxis virgata,60.380058
LISAH-PEC-0-9-20230411,1,1356013,Geranium rotundifolium,67.370430
LISAH-PEC-0-9-20230411,2,1363467,Avena barbata,60.578743
LISAH-PEC-0-9-20230411,3,1363878,Diplotaxis erucoides,59.943676
LISAH-PEC-0-9-20230413,1,1356013,Geranium rotundifolium,64.776962
LISAH-PEC-0-9-20230413,2,1357598,Galactites tomentosus,63.909851
LISAH-PEC-0-9-20230413,3,1363676,Vicia faba,61.277283
LISAH-PEC-1-13-20230405,1,1363878,Diplotaxis erucoides,65.330994
LISAH-PEC-1-13-20230405,2,1357635,Helminthotheca echioides,62.619175
LISAH-PEC-1-13-20230405,3,1356013,Geranium rotundifolium,62.438343
LISAH-PEC-1-18-20230407,1,1363878,Diplotaxis erucoides,63.041546
LISAH-PEC-1-18-20230407,2,1398824,Linaria nigricans,61.258118
LISAH-PEC-1-18-20230407,3,1355869,Crepis capillaris,59.908348
LISAH-PEC-2-0-20220609,1,1356013,Geranium rotundifolium,65.699348
LISAH-PEC-2-0-20220609,2,1364151,Anacyclus clavatus,65.344994
LISAH-PEC-2-0-20220609,3,1357227,Anthemis maritima,62.620163
LISAH-PEC-2-11-20220609,1,1357351,Carduus pycnocephalus,65.340240
LISAH-PEC-2-11-20220609,2,1356013,Geranium rotundifolium,65.282059
LISAH-PEC-2-11-20220609,3,1355881,Carduus tenuiflorus,62.505524
LISAH-PEC-2-17-20230407,1,1363878,Diplotaxis erucoides,63.155117
LISAH-PEC-2-17-20230407,2,1390637,Calendula arvensis,62.685474
LISAH-PEC-2-17-20230407,3,1359914,Linaria munbyana,61.577110
LISAH-PEC-2-2-20220609,1,1356013,Geranium rotundifolium,65.959824
LISAH-PEC-2-2-20220609,2,1361307,Hordeum murinum,60.618195
LISAH-PEC-2-2-20220609,3,1358654,Erodium malacoides,60.409813
LISAH-PEC-2-20-20230407,1,1356013,Geranium rotundifolium,66.162369
LISAH-PEC-2-20-20230407,2,1363878,Diplotaxis erucoides,63.467686
LISAH-PEC-2-20-20230407,3,1355994,Erodium cicutarium,60.624012
LISAH-PEC-2-4-20220609,1,1356013,Geranium rotundifolium,64.724892
LISAH-PEC-2-4-20220609,2,1357351,Carduus pycnocephalus,61.980602
LISAH-PEC-2-4-20220609,3,1355881,Carduus tenuiflorus,60.817787
LISAH-PEC-2-5-20220609,1,1364151,Anacyclus clavatus,66.093201
LISAH-PEC-2-5-20220609,2,1357598,Galactites tomentosus,64.503265
LISAH-PEC-2-5-20220609,3,1357514,Cladanthus mixtus,63.963989
LISAH-PEC-2-5-20230407,1,1356013,Geranium rotundifolium,65.623589
LISAH-PEC-2-5-20230407,2,1363878,Diplotaxis erucoides,63.455559
LISAH-PEC-2-5-20230407,3,1355998,Erodium laciniatum,59.596146
LISAH-PEC-2-6-20220609,1,1356013,Geranium rotundifolium,64.684578
LISAH-PEC-2-6-20220609,2,1422218,Bromus rubens,61.576195
LISAH-PEC-2-6-20220609,3,1355881,Carduus tenuiflorus,61.223236
LISAH-PEC-3-10-20230407,1,1363804,Lathyrus sativus,65.031090
LISAH-PEC-3-10-20230407,2,1363805,Lathyrus annuus,62.595596
LISAH-PEC-3-10-20230407,3,1359268,Lathyrus cicera,61.468197
LISAH-PEC-3-16-20230407,1,1363676,Vicia faba,64.216255
LISAH-PEC-3-16-20230407,2,1363804,Lathyrus sativus,63.615509
LISAH-PEC-3-16-20230407,3,1359268,Lathyrus cicera,63.567837
LISAH-PEC-3-20-20230407,1,1363676,Vicia faba,65.013847
LISAH-PEC-3-20-20230407,2,1356013,Geranium rotundifolium,60.717484
LISAH-PEC-3-20-20230407,3,1396879,Trigonella gladiata,60.656609
OPTMix-0108-P1-312-20231006,1,1356404,Pteridium aquilinum,57.948540
OPTMix-0108-P1-312-20231006,2,1396752,Thelypteris palustris,57.417088
OPTMix-0108-P1-312-20231006,3,1392669,Gymnocarpium dryopteris,56.190693
OPTMix-0108-P1-422-20231006,1,1363593,Molinia caerulea,63.118046
OPTMix-0108-P1-422-20231006,2,1363933,Ehrharta erecta,57.030807
OPTMix-0108-P1-422-20231006,3,1741584,Molinia arundinacea,55.484818
OPTMix-0108-P1-427-20231006,1,1743914,Quercus estremadurensis,58.463531
OPTMix-0108-P1-427-20231006,2,1358612,Quercus canariensis,58.183273
OPTMix-0108-P1-427-20231006,3,1391809,Dryopteris dilatata,57.979984
OPTMix-0108-P1-533-20231006,1,1363593,Molinia caerulea,59.758007
OPTMix-0108-P1-533-20231006,2,1363016,Cenchrus clandestinus,55.661217
OPTMix-0108-P1-533-20231006,3,1357413,Quercus robur,54.566471
OPTMix-0108-P1-95-20231006,1,1363593,Molinia caerulea,56.321613
OPTMix-0108-P1-95-20231006,2,1360945,Allium vineale,55.572498
OPTMix-0108-P1-95-20231006,3,1392774,Allium schoenoprasum,52.164417
OPTMix-012-P1-143-20231201,1,1419076,Quercus petraea,58.716080
OPTMix-012-P1-143-20231201,2,1362024,Hypericum triquetrifolium,58.561646
OPTMix-012-P1-143-20231201,3,1362023,Festuca filiformis,58.075760
OPTMix-012-P1-208-20231201,1,1419076,Quercus petraea,59.964714
OPTMix-012-P1-208-20231201,2,1361914,Agrostis canina,56.899776
OPTMix-012-P1-208-20231201,3,1359973,Plantago subulata,56.755405
OPTMix-012-P2-192-20231201,1,1419076,Quercus petraea,59.109745
OPTMix-012-P2-192-20231201,2,1738583,Hedera algeriensis,56.936577
OPTMix-012-P2-192-20231201,3,1363575,Hedera helix,56.837738
OPTMix-012-P2-207-20231201,1,1400084,Avenella flexuosa,59.269867
OPTMix-012-P2-207-20231201,2,1360945,Allium vineale,58.310863
OPTMix-012-P2-207-20231201,3,1419076,Quercus petraea,56.616821
OPTMix-012-P2-240-20231201,1,1400084,Avenella flexuosa,59.346874
OPTMix-012-P2-240-20231201,2,1393317,Isolepis fluitans,58.452400
OPTMix-012-P2-240-20231201,3,1361914,Agrostis canina,57.410221
OPTMix-012-P3-190-20231201,1,1359973,Plantago subulata,61.230183
OPTMix-012-P3-190-20231201,2,1400084,Avenella flexuosa,61.119526
OPTMix-012-P3-190-20231201,3,1397302,Achillea nobilis,58.367020
OPTMix-012-P3-218-20231201,1,1400084,Avenella flexuosa,58.803951
OPTMix-012-P3-218-20231201,2,1419076,Quercus petraea,58.758904
OPTMix-012-P3-218-20231201,3,1360945,Allium vineale,56.408482
OPTMix-012-P3-220-20231201,1,1393681,Luzula luzuloides,59.219673
OPTMix-012-P3-220-20231201,2,1419076,Quercus petraea,57.651196
OPTMix-012-P3-220-20231201,3,1362023,Festuca filiformis,57.215427
OPTMix-0178-P1-1060-20231006,1,1394044,Onoclea sensibilis,61.850761
OPTMix-0178-P1-1060-20231006,2,1356382,Dryopteris filix-mas,58.245937
OPTMix-0178-P1-1060-20231006,3,1396752,Thelypteris palustris,57.255440
OPTMix-0178-P1-1061-20231006,1,1357413,Quercus robur,54.715065
OPTMix-0178-P1-1061-20231006,2,1390811,Carex ericetorum,51.475784
OPTMix-0178-P1-1061-20231006,3,1361077,Carex pilulifera,51.228821
OPTMix-0178-P1-552-20231006,1,1391809,Dryopteris dilatata,60.267063
OPTMix-0178-P1-552-20231006,2,1356404,Pteridium aquilinum,58.431419
OPTMix-0178-P1-552-20231006,3,1356382,Dryopteris filix-mas,58.108353
OPTMix-0178-P1-661-20231006,1,1356404,Pteridium aquilinum,60.312519
OPTMix-0178-P1-661-20231006,2,1356382,Dryopteris filix-mas,58.773449
OPTMix-0178-P1-661-20231006,3,1394044,Onoclea sensibilis,58.453705
OPTMix-0178-P1-663-20231006,1,1356433,Polypodium vulgare,57.907215
OPTMix-0178-P1-663-20231006,2,1419076,Quercus petraea,55.888977
OPTMix-0178-P1-663-20231006,3,1358612,Quercus canariensis,54.883118
OPTMix-0178-P1-669-20231006,1,1397565,Asplenium cuneifolium,54.268845
OPTMix-0178-P1-669-20231006,2,1357413,Quercus robur,53.463951
OPTMix-0178-P1-669-20231006,3,1360945,Allium vineale,52.340553
OPTMix-0200-11006-20231009,1,1391809,Dryopteris dilatata,58.579823
OPTMix-0200-11006-20231009,2,1356404,Pteridium aquilinum,55.623882
OPTMix-0200-11006-20231009,3,1419076,Quercus petraea,55.349464
OPTMix-0200-P2-53-20231009,1,1358504,Erica australis,62.207363
OPTMix-0200-P2-53-20231009,2,1358514,Erica umbellata,60.394478
OPTMix-0200-P2-53-20231009,3,1358507,Erica cinerea,60.188030
OPTMix-0200-P2-54-20231009,1,1361702,Chamaerops humilis,55.926052
OPTMix-0200-P2-54-20231009,2,1396088,Schoenoplectus tabernaemontani,54.808754
OPTMix-0200-P2-54-20231009,3,1363401,Imperata cylindrica,54.437126
OPTMix-0200-P2-68-20231009,1,1358501,Calluna vulgaris,62.035881
OPTMix-0200-P2-68-20231009,2,1548583,Frankenia boissieri,57.786961
OPTMix-0200-P2-68-20231009,3,1517773,Plecostachys serpyllifolia,57.297096
OPTMix-0200-P3-108-20231009,1,1356404,Pteridium aquilinum,58.412682
OPTMix-0200-P3-108-20231009,2,1363087,Carex reuteriana,55.561375
OPTMix-0200-P3-108-20231009,3,1392524,Genista sagittalis,55.504101
OPTMix-0200-P3-127-20231009,1,1356404,Pteridium aquilinum,59.417091
OPTMix-0200-P3-127-20231009,2,1668635,Rubus castellarnaui,59.375793
OPTMix-0200-P3-127-20231009,3,1363593,Molinia caerulea,56.985573
OPTMix-0200-P3-139-20231009,1,1356873,Herniaria hirsuta,60.398201
OPTMix-0200-P3-139-20231009,2,1392764,Herniaria litardierei,60.049713
OPTMix-0200-P3-139-20231009,3,1392762,Herniaria ciliolata,58.336868
OPTMix-0214-P1-207-20231010,1,1392309,Festuca heterophylla,60.333149
OPTMix-0214-P1-207-20231010,2,1362023,Festuca filiformis,55.488312
OPTMix-0214-P1-207-20231010,3,1392340,Festuca valesiaca,54.655666
OPTMix-0214-P1-208-20231010,1,1400084,Avenella flexuosa,58.503799
OPTMix-0214-P1-208-20231010,2,1362023,Festuca filiformis,57.485367
OPTMix-0214-P1-208-20231010,3,1651162,Festuca guestfalica,56.528091
OPTMix-0214-P1-235-20231010,1,1358612,Quercus canariensis,57.463837
OPTMix-0214-P1-235-20231010,2,1395026,Quercus pubescens,56.853447
OPTMix-0214-P1-235-20231010,3,1357413,Quercus robur,55.533417
OPTMix-0214-P2-22-20231010,1,1578171,Genista tridentata,63.575451
OPTMix-0214-P2-22-20231010,2,1358501,Calluna vulgaris,61.973846
OPTMix-0214-P2-22-20231010,3,1359222,Genista triacanthos,59.623260
OPTMix-0214-P2-64-20231010,1,1358501,Calluna vulgaris,62.265625
OPTMix-0214-P2-64-20231010,2,1356042,Radiola linoides,56.617737
OPTMix-0214-P2-64-20231010,3,1482204,Teesdalia nudicaulis,56.232384
OPTMix-0214-P2-84-20231010,1,1419076,Quercus petraea,58.471630
OPTMix-0214-P2-84-20231010,2,1359973,Plantago subulata,57.200668
OPTMix-0214-P2-84-20231010,3,1357413,Quercus robur,56.441574
OPTMix-0214-P3-186-20231010,1,1389018,Brachypodium sylvaticum,56.006512
OPTMix-0214-P3-186-20231010,2,1390894,Carex pseudobrizoides,54.840080
OPTMix-0214-P3-186-20231010,3,1362023,Festuca filiformis,54.632938
OPTMix-0214-P3-196-20231010,1,1358615,Quercus lusitanica,59.281090
OPTMix-0214-P3-196-20231010,2,1395026,Quercus pubescens,58.400139
OPTMix-0214-P3-196-20231010,3,1358612,Quercus canariensis,58.315033
OPTMix-0214-P3-278-20231010,1,1390761,Carex arenaria,58.511032
OPTMix-0214-P3-278-20231010,2,1390887,Carex pilosa,57.333801
OPTMix-0214-P3-278-20231010,3,1392059,Eriophorum angustifolium,55.152718
OPTMix-0216-P4-208-20231009,1,1358501,Calluna vulgaris,61.702835
OPTMix-0216-P4-208-20231009,2,1388890,Lysimachia maritima,57.732422
OPTMix-0216-P4-208-20231009,3,1578171,Genista tridentata,57.443737
OPTMix-0255-11233-20231009,1,1363593,Molinia caerulea,53.941868
OPTMix-0255-11233-20231009,2,1363087,Carex reuteriana,53.457802
OPTMix-0255-11233-20231009,3,1396117,Scorzoneroides autumnalis,53.264908
OPTMix-0255-11372-20231009,1,1363593,Molinia caerulea,60.051071
OPTMix-0255-11372-20231009,2,1392319,Festuca marginata,56.807777
OPTMix-0255-11372-20231009,3,1395026,Quercus pubescens,56.806442
OPTMix-0255-11382-20231009,1,1363593,Molinia caerulea,56.140068
OPTMix-0255-11382-20231009,2,1363490,Phalaris arundinacea,56.078827
OPTMix-0255-11382-20231009,3,1363526,Cynodon dactylon,55.611534
OPTMix-033-P3-107-20231201,1,1356404,Pteridium aquilinum,60.688126
OPTMix-033-P3-107-20231201,2,1396752,Thelypteris palustris,59.788303
OPTMix-033-P3-107-20231201,3,1361502,Muscari parviflorum,58.131321
OPTMix-0333-P1-107-20231212,1,1356404,Pteridium aquilinum,60.372818
OPTMix-0333-P1-107-20231212,2,1356382,Dryopteris filix-mas,56.729301
OPTMix-0333-P1-107-20231212,3,1391809,Dryopteris dilatata,56.680313
OPTMix-0333-P1-112-20231212,1,1356404,Pteridium aquilinum,59.329830
OPTMix-0333-P1-112-20231212,2,1361256,Eragrostis multicaulis,58.444756
OPTMix-0333-P1-112-20231212,3,1356382,Dryopteris filix-mas,57.035835
OPTMix-0333-P2-108-20231212,1,1356404,Pteridium aquilinum,58.196461
OPTMix-0333-P2-108-20231212,2,1356382,Dryopteris filix-mas,56.064651
OPTMix-0333-P2-108-20231212,3,1356436,Pteris incompleta,55.838966
OPTMix-0333-P2-112-20231212,1,1356404,Pteridium aquilinum,56.388012
OPTMix-0333-P2-112-20231212,2,1356382,Dryopteris filix-mas,54.853714
OPTMix-0333-P2-112-20231212,3,1399771,Astragalus balearicus,54.524708
OPTMix-0333-P2-115-20231212,1,1356404,Pteridium aquilinum,59.704266
OPTMix-0333-P2-115-20231212,2,1356382,Dryopteris filix-mas,55.732800
OPTMix-0333-P2-115-20231212,3,1361703,Posidonia oceanica,52.458942
OPTMix-0333-P3-100-20231201,1,1356404,Pteridium aquilinum,57.805561
OPTMix-0333-P3-100-20231201,2,1363593,Molinia caerulea,53.212624
OPTMix-0333-P3-100-20231201,3,1361654,Neottia nidus-avis,51.383736
OPTMix-0333-P3-76-20231201,1,1356404,Pteridium aquilinum,61.340496
OPTMix-0333-P3-76-20231201,2,1358501,Calluna vulgaris,58.340069
OPTMix-0333-P3-76-20231201,3,1363593,Molinia caerulea,58.284317
OPTMix-057-P1-1699-20231010,1,1391809,Dryopteris dilatata,57.260300
OPTMix-057-P1-1699-20231010,2,1356440,Salvinia natans,56.574661
OPTMix-057-P1-1699-20231010,3,1392669,Gymnocarpium dryopteris,55.916973
OPTMix-057-P1-1901-20231010,1,1397344,Carlina corymbosa,53.779064
OPTMix-057-P1-1901-20231010,2,1401438,Thelypteris dentata,53.239811
OPTMix-057-P1-1901-20231010,3,1737658,Dryopteris cambrensis,53.181686
OPTMix-057-P1-1902-20231010,1,1356382,Dryopteris filix-mas,58.597874
OPTMix-057-P1-1902-20231010,2,1391805,Dryopteris carthusiana,56.567661
OPTMix-057-P1-1902-20231010,3,1356404,Pteridium aquilinum,56.293785
OPTMix-057-P1-1913-20231010,1,1356404,Pteridium aquilinum,60.733459
OPTMix-057-P1-1913-20231010,2,1356382,Dryopteris filix-mas,56.370636
OPTMix-057-P1-1913-20231010,3,1392655,Goodyera repens,55.499241
OPTMix-057-P1-1917-20231010,1,1356428,Osmunda regalis,61.907139
OPTMix-057-P1-1917-20231010,2,1391807,Dryopteris cristata,61.083694
OPTMix-057-P1-1917-20231010,3,1396752,Thelypteris palustris,60.929886
OPTMix-0593-P1-129-20231205,1,1419076,Quercus petraea,55.999142
OPTMix-0593-P1-129-20231205,2,1359973,Plantago subulata,55.201946
OPTMix-0593-P1-129-20231205,3,1358612,Quercus canariensis,55.010818
OPTMix-0593-P1-134-20231205,1,1359973,Plantago subulata,60.377991
OPTMix-0593-P1-134-20231205,2,1400084,Avenella flexuosa,55.592186
OPTMix-0593-P1-134-20231205,3,1419076,Quercus petraea,53.268627
OPTMix-0593-P1-86-20231205,1,1400084,Avenella flexuosa,57.122471
OPTMix-0593-P1-86-20231205,2,1362023,Festuca filiformis,55.558270
OPTMix-0593-P1-86-20231205,3,1392309,Festuca heterophylla,54.721401
OPTMix-0593-P2-180-20231205,1,1395026,Quercus pubescens,56.782047
OPTMix-0593-P2-180-20231205,2,1419076,Quercus petraea,56.085281
OPTMix-0593-P2-180-20231205,3,1548153,Quercus cerrioides,54.962727
OPTMix-0593-P2-84-20231205,1,1357413,Quercus robur,56.488602
OPTMix-0593-P2-84-20231205,2,1356576,Ilex aquifolium,56.115677
OPTMix-0593-P2-84-20231205,3,1359274,Lathyrus linifolius,55.816483
OPTMix-0593-P2-92-20231205,1,1362023,Festuca filiformis,57.248520
OPTMix-0593-P2-92-20231205,2,1651162,Festuca guestfalica,56.542896
OPTMix-0593-P2-92-20231205,3,1400084,Avenella flexuosa,56.240715
OPTMix-0593-P3-130-20231205,1,1400084,Avenella flexuosa,60.044689
OPTMix-0593-P3-130-20231205,2,1361092,Eleocharis multicaulis,58.160370
OPTMix-0593-P3-130-20231205,3,1361585,Juncus squarrosus,56.667969
OPTMix-0593-P3-146-20231205,1,1400084,Avenella flexuosa,58.872108
OPTMix-0593-P3-146-20231205,2,1390756,Carex alba,58.371849
OPTMix-0593-P3-146-20231205,3,1392309,Festuca heterophylla,58.109596
OPTMix-0593-P3-87-20231205,1,1359973,Plantago subulata,59.245331
OPTMix-0593-P3-87-20231205,2,1361585,Juncus squarrosus,56.246471
OPTMix-0593-P3-87-20231205,3,1419076,Quercus petraea,55.850536
OPTMix-0598-P1-118-20231205,1,1393522,Leymus arenarius,55.185661
OPTMix-0598-P1-118-20231205,2,1388990,Brachypodium retusum,51.993664
OPTMix-0598-P1-118-20231205,3,1650228,Elymus athericus,51.339973
OPTMix-0598-P1-132-20231205,1,1359973,Plantago subulata,59.746544
OPTMix-0598-P1-132-20231205,2,1357413,Quercus robur,58.451744
OPTMix-0598-P1-132-20231205,3,1419076,Quercus petraea,58.349003
OPTMix-0598-P1-133-20231205,1,1395026,Quercus pubescens,58.617081
OPTMix-0598-P1-133-20231205,2,1419076,Quercus petraea,57.026619
OPTMix-0598-P1-133-20231205,3,1548153,Quercus cerrioides,56.695450
OPTMix-0598-P1-149-20231205,1,1395020,Quercus cerris,53.166363
OPTMix-0598-P1-149-20231205,2,1357413,Quercus robur,52.360931
OPTMix-0598-P1-149-20231205,3,1358515,Monotropa hypopitys,52.319237
OPTMix-0598-P1-197-20231205,1,1358501,Calluna vulgaris,60.493752
OPTMix-0598-P1-197-20231205,2,1391809,Dryopteris dilatata,58.678902
OPTMix-0598-P1-197-20231205,3,1393907,Myricaria germanica,55.966721
OPTMix-0598-P1-198-20231205,1,1361245,Eleusine indica,54.561333
OPTMix-0598-P1-198-20231205,2,1360701,Echinophora spinosa,53.544262
OPTMix-0598-P1-198-20231205,3,1363413,Eleusine tristachya,52.307011
OPTMix-0598-P2-102-20231205,1,1361256,Eragrostis multicaulis,49.396675
OPTMix-0598-P2-102-20231205,2,1502610,Centaurea horrida,49.262711
OPTMix-0598-P2-102-20231205,3,1356387,Polystichum aculeatum,48.927193
OPTMix-0598-P2-139-20231207,1,1356404,Pteridium aquilinum,60.641235
OPTMix-0598-P2-139-20231207,2,1391418,Cotoneaster salicifolius,58.904358
OPTMix-0598-P2-139-20231207,3,1358616,Quercus pyrenaica,56.857159
OPTMix-0598-P2-86-20231207,1,1356790,Lonicera periclymenum,63.397137
OPTMix-0598-P2-86-20231207,2,1356404,Pteridium aquilinum,61.291290
OPTMix-0598-P2-86-20231207,3,1356382,Dryopteris filix-mas,59.040348
OPTMix-0598-P2-99-20231205,1,1356790,Lonicera periclymenum,60.740330
OPTMix-0598-P2-99-20231205,2,1356404,Pteridium aquilinum,58.775135
OPTMix-0598-P2-99-20231205,3,1419076,Quercus petraea,55.847191
OPTMix-0598-P4-104-20231207,1,1358501,Calluna vulgaris,61.818977
OPTMix-0598-P4-104-20231207,2,1396168,Selaginella kraussiana,56.841064
OPTMix-0598-P4-104-20231207,3,1392025,Erica tetralix,56.680962
OPTMix-0598-P4-108-20231207,1,1398295,Rubus saltuum,58.652939
OPTMix-0598-P4-108-20231207,2,1395476,Rubus foliosus,57.392082
OPTMix-0598-P4-108-20231207,3,1391418,Cotoneaster salicifolius,57.350227
OPTMix-0598-P4-128-20231207,1,1419076,Quercus petraea,56.676445
OPTMix-0598-P4-128-20231207,2,1357413,Quercus robur,54.982555
OPTMix-0598-P4-128-20231207,3,1395026,Quercus pubescens,54.058922
OPTMix-083-P3-139-20231110,1,1356404,Pteridium aquilinum,60.848175
OPTMix-083-P3-139-20231110,2,1356382,Dryopteris filix-mas,56.602417
OPTMix-083-P3-139-20231110,3,1356387,Polystichum aculeatum,55.024654
OPTMix-083-P3-186-20231110,1,1356404,Pteridium aquilinum,61.275173
OPTMix-083-P3-186-20231110,2,1361598,Luzula pilosa,56.770412
OPTMix-083-P3-186-20231110,3,1356382,Dryopteris filix-mas,56.548042
OPTMix-083-P3-96-20231110,1,1358501,Calluna vulgaris,59.057106
OPTMix-083-P3-96-20231110,2,1741452,Senecio gallicus,58.290897
OPTMix-083-P3-96-20231110,3,1578171,Genista tridentata,57.257988
OPTMix-108-P1-000-20231006,1,1395035,Quercus rubra,52.347153
OPTMix-108-P1-000-20231006,2,1359760,Chelidonium majus,50.818928
OPTMix-108-P1-000-20231006,3,1358612,Quercus canariensis,50.427811
RNNB-1-1-20230512,1,1363540,Sphenopus divaricatus,64.594551
RNNB-1-1-20230512,2,1722522,Salicornia fruticosa,62.971375
RNNB-1-1-20230512,3,1722625,Arthrocaulon macrostachyum,62.939003
RNNB-1-1-20240117,1,1655422,Stipa iberica,57.967392
RNNB-1-1-20240117,2,1363331,Juncus rigidus,57.651363
RNNB-1-1-20240117,3,1722433,Calamagrostis arenaria,57.081795
RNNB-1-10-20230512,1,1722625,Arthrocaulon macrostachyum,67.589508
RNNB-1-10-20230512,2,1452062,Suaeda vermiculata,65.489929
RNNB-1-10-20230512,3,1722522,Salicornia fruticosa,63.061489
RNNB-1-10-20240117,1,1722433,Calamagrostis arenaria,60.928795
RNNB-1-10-20240117,2,1393522,Leymus arenarius,60.091328
RNNB-1-10-20240117,3,1722441,Thinopyrum junceum,59.470829
RNNB-1-2-20230512,1,1722521,Salicornia perennis,64.334167
RNNB-1-2-20230512,2,1722522,Salicornia fruticosa,63.349648
RNNB-1-2-20230512,3,1722625,Arthrocaulon macrostachyum,63.311108
RNNB-1-2-20240117,1,1391491,Cutandia maritima,55.092777
RNNB-1-2-20240117,2,1363302,Cyperus capitatus,53.848309
RNNB-1-2-20240117,3,1394414,Parapholis incurva,53.116364
RNNB-1-3-20230512,1,1738887,Salicornia marshallii,65.503220
RNNB-1-3-20230512,2,1722625,Arthrocaulon macrostachyum,63.931511
RNNB-1-3-20230512,3,1722522,Salicornia fruticosa,63.819172
RNNB-1-3-20240117,1,1722441,Thinopyrum junceum,52.569164
RNNB-1-3-20240117,2,1361412,Sporobolus pungens,51.275402
RNNB-1-3-20240117,3,1363302,Cyperus capitatus,50.479771
RNNB-1-4-20230512,1,1722625,Arthrocaulon macrostachyum,65.601624
RNNB-1-4-20230512,2,1738887,Salicornia marshallii,64.317177
RNNB-1-4-20230512,3,1722522,Salicornia fruticosa,63.748688
RNNB-1-4-20240117,1,1357227,Anthemis maritima,65.454163
RNNB-1-4-20240117,2,1357236,Anthemis secundiramea,60.941124
RNNB-1-4-20240117,3,1722672,Soliva stolonifera,59.421547
RNNB-1-5-20230512,1,1722625,Arthrocaulon macrostachyum,65.149292
RNNB-1-5-20230512,2,1722522,Salicornia fruticosa,63.420185
RNNB-1-5-20230512,3,1722521,Salicornia perennis,62.060600
RNNB-1-5-20240117,1,1722433,Calamagrostis arenaria,59.889488
RNNB-1-5-20240117,2,1655422,Stipa iberica,59.247513
RNNB-1-5-20240117,3,1363302,Cyperus capitatus,57.946316
RNNB-1-6-20230512,1,1722625,Arthrocaulon macrostachyum,64.409973
RNNB-1-6-20230512,2,1722522,Salicornia fruticosa,63.474022
RNNB-1-6-20230512,3,1363137,Frankenia thymifolia,63.236099
RNNB-1-6-20240117,1,1722433,Calamagrostis arenaria,62.177479
RNNB-1-6-20240117,2,1390761,Carex arenaria,58.638100
RNNB-1-6-20240117,3,1357227,Anthemis maritima,58.348110
RNNB-1-7-20230512,1,1722625,Arthrocaulon macrostachyum,65.859062
RNNB-1-7-20230512,2,1738887,Salicornia marshallii,64.467392
RNNB-1-7-20230512,3,1722522,Salicornia fruticosa,63.450188
RNNB-1-7-20240117,1,1393522,Leymus arenarius,62.102474
RNNB-1-7-20240117,2,1722433,Calamagrostis arenaria,60.637238
RNNB-1-7-20240117,3,1650228,Elymus athericus,58.390114
RNNB-1-8-20230512,1,1722625,Arthrocaulon macrostachyum,65.049850
RNNB-1-8-20230512,2,1722522,Salicornia fruticosa,62.417252
RNNB-1-8-20230512,3,1738887,Salicornia marshallii,62.257454
RNNB-1-8-20240117,1,1738610,Festuca fasciculata,56.392559
RNNB-1-8-20240117,2,1722434,Festuca alopecuros,56.260586
RNNB-1-8-20240117,3,1363302,Cyperus capitatus,55.709499
RNNB-1-9-20230512,1,1722625,Arthrocaulon macrostachyum,66.780975
RNNB-1-9-20230512,2,1738887,Salicornia marshallii,63.752014
RNNB-1-9-20230512,3,1722522,Salicornia fruticosa,62.944042
RNNB-1-9-20240117,1,1722433,Calamagrostis arenaria,59.439209
RNNB-1-9-20240117,2,1731667,Sporobolus montevidensis,56.412033
RNNB-1-9-20240117,3,1363052,Helictochloa gervaisii,55.394100
RNNB-2-1-20230512,1,1722522,Salicornia fruticosa,64.032455
RNNB-2-1-20230512,2,1722625,Arthrocaulon macrostachyum,63.878044
RNNB-2-1-20230512,3,1360006,Limoniastrum monopetalum,62.572990
RNNB-2-1-20240117,1,1357227,Anthemis maritima,70.028137
RNNB-2-1-20240117,2,1357236,Anthemis secundiramea,63.239887
RNNB-2-1-20240117,3,1400016,Glebionis coronaria,60.782047
RNNB-2-10-20230512,1,1360006,Limoniastrum monopetalum,62.648930
RNNB-2-10-20230512,2,1393574,Limonium tarcoense,60.491173
RNNB-2-10-20230512,3,1452062,Suaeda vermiculata,60.162590
RNNB-2-10-20240117,1,1357227,Anthemis maritima,68.067642
RNNB-2-10-20240117,2,1357236,Anthemis secundiramea,62.867973
RNNB-2-10-20240117,3,1363302,Cyperus capitatus,60.831543
RNNB-2-2-20230512,1,1722522,Salicornia fruticosa,64.383598
RNNB-2-2-20230512,2,1360006,Limoniastrum monopetalum,63.351753
RNNB-2-2-20230512,3,1722625,Arthrocaulon macrostachyum,62.925385
RNNB-2-2-20240117,1,1357227,Anthemis maritima,70.128334
RNNB-2-2-20240117,2,1357236,Anthemis secundiramea,64.596909
RNNB-2-2-20240117,3,1359344,Medicago marina,64.095245
RNNB-2-3-20230512,1,1360006,Limoniastrum monopetalum,62.229698
RNNB-2-3-20230512,2,1389328,Malephora crocea,58.366207
RNNB-2-3-20230512,3,1426004,Atriplex portulacoides,58.113255
RNNB-2-3-20240117,1,1357227,Anthemis maritima,69.270325
RNNB-2-3-20240117,2,1357236,Anthemis secundiramea,64.114311
RNNB-2-3-20240117,3,1396883,Tripleurospermum maritimum,62.214882
RNNB-2-4-20230512,1,1360006,Limoniastrum monopetalum,64.072144
RNNB-2-4-20230512,2,1426004,Atriplex portulacoides,60.043701
RNNB-2-4-20230512,3,1743297,Limonium fontqueri,59.926674
RNNB-2-4-20240117,1,1357227,Anthemis maritima,68.791534
RNNB-2-4-20240117,2,1357236,Anthemis secundiramea,61.252533
RNNB-2-4-20240117,3,1360701,Echinophora spinosa,60.850822
RNNB-2-5-20230512,1,1360006,Limoniastrum monopetalum,63.249687
RNNB-2-5-20230512,2,1389328,Malephora crocea,60.338501
RNNB-2-5-20230512,3,1357742,Pallenis maritima,60.108585
RNNB-2-5-20240117,1,1357227,Anthemis maritima,68.669540
RNNB-2-5-20240117,2,1359344,Medicago marina,65.455780
RNNB-2-5-20240117,3,1357236,Anthemis secundiramea,62.563084
RNNB-2-6-20230512,1,1360006,Limoniastrum monopetalum,62.458824
RNNB-2-6-20230512,2,1393568,Limonium obtusifolium,62.130325
RNNB-2-6-20230512,3,1393571,Limonium pseudominutum,60.254791
RNNB-2-6-20240117,1,1357227,Anthemis maritima,70.163116
RNNB-2-6-20240117,2,1408638,Argyranthemum frutescens,65.037979
RNNB-2-6-20240117,3,1357236,Anthemis secundiramea,64.964127
RNNB-2-7-20230512,1,1360006,Limoniastrum monopetalum,63.284035
RNNB-2-7-20230512,2,1360036,Limonium emarginatum,60.696968
RNNB-2-7-20230512,3,1743297,Limonium fontqueri,60.506325
RNNB-2-7-20240117,1,1357227,Anthemis maritima,68.940369
RNNB-2-7-20240117,2,1357236,Anthemis secundiramea,61.677681
RNNB-2-7-20240117,3,1722441,Thinopyrum junceum,58.744152
RNNB-2-8-20230512,1,1360006,Limoniastrum monopetalum,64.600128
RNNB-2-8-20230512,2,1722624,Aizoanthemopsis hispanica,59.219955
RNNB-2-8-20230512,3,1426004,Atriplex portulacoides,58.547573
RNNB-2-8-20240117,1,1360701,Echinophora spinosa,67.846664
RNNB-2-8-20240117,2,1359344,Medicago marina,64.132561
RNNB-2-8-20240117,3,1360719,Eryngium maritimum,62.620941
RNNB-2-9-20230512,1,1360006,Limoniastrum monopetalum,63.044655
RNNB-2-9-20230512,2,1393571,Limonium pseudominutum,59.842239
RNNB-2-9-20230512,3,1743297,Limonium fontqueri,59.050758
RNNB-2-9-20240117,1,1357227,Anthemis maritima,68.767990
RNNB-2-9-20240117,2,1357236,Anthemis secundiramea,63.590584
RNNB-2-9-20240117,3,1517350,Phalacrocarpum oppositifolium,62.674625
RNNB-3-1-20230512,1,1360054,Limonium narbonense,59.865589
RNNB-3-1-20230512,2,1426088,Aetheorhiza bulbosa,59.852470
RNNB-3-1-20230512,3,1357815,Reichardia picroides,59.584633
RNNB-3-1-20240117,1,1359344,Medicago marina,65.126160
RNNB-3-1-20240117,2,1738652,Matthiola sinuata,61.875065
RNNB-3-1-20240117,3,1357049,Silene succulenta,59.905788
RNNB-3-10-20230512,1,1650228,Elymus athericus,62.500748
RNNB-3-10-20230512,2,1393522,Leymus arenarius,62.279449
RNNB-3-10-20230512,3,1722433,Calamagrostis arenaria,58.050755
RNNB-3-10-20240117,1,1738652,Matthiola sinuata,61.718964
RNNB-3-10-20240117,2,1357049,Silene succulenta,59.720524
RNNB-3-10-20240117,3,1743249,Matthiola tricuspidata,59.565754
RNNB-3-11-20230512,1,1393522,Leymus arenarius,61.845066
RNNB-3-11-20230512,2,1650228,Elymus athericus,60.985115
RNNB-3-11-20230512,3,1650353,Elymus pungens,58.204197
RNNB-3-12-20230512,1,1393522,Leymus arenarius,64.342224
RNNB-3-12-20230512,2,1650228,Elymus athericus,63.036362
RNNB-3-12-20230512,3,1722433,Calamagrostis arenaria,60.801422
RNNB-3-2-20230512,1,1357815,Reichardia picroides,61.328758
RNNB-3-2-20230512,2,1360006,Limoniastrum monopetalum,61.091705
RNNB-3-2-20230512,3,1425884,Borrichia frutescens,60.805046
RNNB-3-2-20240117,1,1359344,Medicago marina,63.999130
RNNB-3-2-20240117,2,1363302,Cyperus capitatus,59.396030
RNNB-3-2-20240117,3,1363852,Echium arenarium,59.061832
RNNB-3-3-20240117,1,1359344,Medicago marina,66.098526
RNNB-3-3-20240117,2,1363302,Cyperus capitatus,59.477043
RNNB-3-3-20240117,3,1360381,Crucianella maritima,58.088776
RNNB-3-4-20230512,1,1391596,Dactylorhiza majalis,60.921761
RNNB-3-4-20230512,2,1453566,Narcissus obesus,58.651684
RNNB-3-4-20230512,3,1425884,Borrichia frutescens,57.659737
RNNB-3-4-20240117,1,1359344,Medicago marina,64.508446
RNNB-3-4-20240117,2,1357742,Pallenis maritima,62.606766
RNNB-3-4-20240117,3,1398322,Aurinia sinuata,60.076653
RNNB-3-5-20230512,1,1650228,Elymus athericus,60.956276
RNNB-3-5-20230512,2,1722433,Calamagrostis arenaria,58.791046
RNNB-3-5-20230512,3,1425884,Borrichia frutescens,58.209385
RNNB-3-5-20240117,1,1722501,Rumex spinosus,61.261505
RNNB-3-5-20240117,2,1356083,Rumex roseus,60.979919
RNNB-3-5-20240117,3,1357742,Pallenis maritima,60.813805
RNNB-3-6-20230512,1,1393522,Leymus arenarius,61.510658
RNNB-3-6-20230512,2,1722433,Calamagrostis arenaria,60.347763
RNNB-3-6-20230512,3,1650228,Elymus athericus,60.140884
RNNB-3-6-20240117,1,1355977,Euphorbia paralias,63.326813
RNNB-3-6-20240117,2,1742109,Petrosedum sediforme,60.347252
RNNB-3-6-20240117,3,1357742,Pallenis maritima,60.000385
RNNB-3-7-20230512,1,1650228,Elymus athericus,62.252686
RNNB-3-7-20230512,2,1393522,Leymus arenarius,61.784748
RNNB-3-7-20230512,3,1722433,Calamagrostis arenaria,60.965729
RNNB-3-7-20240117,1,1359344,Medicago marina,64.563759
RNNB-3-7-20240117,2,1360978,Pancratium maritimum,63.944393
RNNB-3-7-20240117,3,1355977,Euphorbia paralias,63.411003
RNNB-3-8-20230512,1,1393522,Leymus arenarius,64.902946
RNNB-3-8-20230512,2,1650228,Elymus athericus,62.080303
RNNB-3-8-20230512,3,1722433,Calamagrostis arenaria,60.333527
RNNB-3-8-20240117,1,1359344,Medicago marina,62.913776
RNNB-3-8-20240117,2,1360978,Pancratium maritimum,56.570061
RNNB-3-8-20240117,3,1359297,Lotus creticus,56.472404
RNNB-3-9-20230512,1,1393522,Leymus arenarius,64.558479
RNNB-3-9-20230512,2,1650228,Elymus athericus,61.535576
RNNB-3-9-20230512,3,1722433,Calamagrostis arenaria,60.205944
RNNB-3-9-20240117,1,1360701,Echinophora spinosa,66.891632
RNNB-3-9-20240117,2,1360711,Eryngium campestre,61.446316
RNNB-3-9-20240117,3,1360715,Eryngium dilatatum,59.185795
RNNB-4-1-20240117,1,1359344,Medicago marina,62.558491
RNNB-4-1-20240117,2,1399677,Phagnalon graecum,62.341438
RNNB-4-1-20240117,3,1357769,Phagnalon rupestre,61.824127
RNNB-4-1-20240118,1,1392725,Helichrysum italicum,61.786251
RNNB-4-1-20240118,2,1399739,Linaria polygalifolia,61.292912
RNNB-4-1-20240118,3,1357630,Helichrysum stoechas,60.933403
RNNB-4-10-20240117,1,1359344,Medicago marina,65.266342
RNNB-4-10-20240117,2,1360138,Rumex tuberosus,58.756062
RNNB-4-10-20240117,3,1722501,Rumex spinosus,58.242996
RNNB-4-10-20240118,1,1499749,Artemisia nesiotica,61.531227
RNNB-4-10-20240118,2,1356951,Silene andryalifolia,61.103882
RNNB-4-10-20240118,3,1357742,Pallenis maritima,60.921860
RNNB-4-2-20240117,1,1359344,Medicago marina,66.808411
RNNB-4-2-20240117,2,1357742,Pallenis maritima,59.081429
RNNB-4-2-20240117,3,1357044,Silene sclerocarpa,58.574814
RNNB-4-2-20240118,1,1394643,Antennaria dioica,58.743309
RNNB-4-2-20240118,2,1518245,Pseudognaphalium undulatum,58.261581
RNNB-4-2-20240118,3,1357026,Silene nutans,58.076920
RNNB-4-3-20240117,1,1359344,Medicago marina,60.885689
RNNB-4-3-20240117,2,1722441,Thinopyrum junceum,60.399197
RNNB-4-3-20240117,3,1393770,Medicago littoralis,57.804138
RNNB-4-3-20240118,1,1394416,Parapholis strigosa,58.301331
RNNB-4-3-20240118,2,1357742,Pallenis maritima,57.916981
RNNB-4-3-20240118,3,1493061,Gypsophila tomentosa,57.197510
RNNB-4-4-20240117,1,1359344,Medicago marina,64.524170
RNNB-4-4-20240117,2,1738652,Matthiola sinuata,60.606739
RNNB-4-4-20240117,3,1398322,Aurinia sinuata,56.837883
RNNB-4-4-20240118,1,1392725,Helichrysum italicum,59.451767
RNNB-4-4-20240118,2,1499749,Artemisia nesiotica,58.605568
RNNB-4-4-20240118,3,1361412,Sporobolus pungens,58.090637
RNNB-4-5-20240117,1,1357227,Anthemis maritima,64.147087
RNNB-4-5-20240117,2,1359344,Medicago marina,63.511539
RNNB-4-5-20240117,3,1393770,Medicago littoralis,62.823391
RNNB-4-5-20240118,1,1394643,Antennaria dioica,62.114044
RNNB-4-5-20240118,2,1357630,Helichrysum stoechas,61.861427
RNNB-4-5-20240118,3,1393619,Logfia minima,61.776421
RNNB-4-6-20240117,1,1359344,Medicago marina,65.451355
RNNB-4-6-20240117,2,1738652,Matthiola sinuata,61.912750
RNNB-4-6-20240117,3,1357023,Silene nicaeensis,60.987831
RNNB-4-6-20240118,1,1499749,Artemisia nesiotica,62.024223
RNNB-4-6-20240118,2,1357630,Helichrysum stoechas,58.897713
RNNB-4-6-20240118,3,1509616,Helichrysum pendulum,58.244377
RNNB-4-7-20240117,1,1359344,Medicago marina,64.114594
RNNB-4-7-20240117,2,1388812,Achillea maritima,60.295151
RNNB-4-7-20240117,3,1393770,Medicago littoralis,59.521660
RNNB-4-7-20240118,1,1357630,Helichrysum stoechas,62.642365
RNNB-4-7-20240118,2,1357705,Limbarda crithmoides,60.558952
RNNB-4-7-20240118,3,1499749,Artemisia nesiotica,59.833530
RNNB-4-8-20240117,1,1359344,Medicago marina,65.722626
RNNB-4-8-20240117,2,1355950,Scolymus maculatus,64.361710
RNNB-4-8-20240117,3,1357848,Scolymus hispanicus,62.761684
RNNB-4-8-20240118,1,1357630,Helichrysum stoechas,62.705643
RNNB-4-8-20240118,2,1392725,Helichrysum italicum,62.091442
RNNB-4-8-20240118,3,1361412,Sporobolus pungens,60.171570
RNNB-4-9-20240117,1,1359344,Medicago marina,65.835930
RNNB-4-9-20240117,2,1357848,Scolymus hispanicus,64.121231
RNNB-4-9-20240117,3,1357358,Carlina hispanica,63.152702
RNNB-4-9-20240118,1,1499749,Artemisia nesiotica,60.719955
RNNB-4-9-20240118,2,1357705,Limbarda crithmoides,60.161690
RNNB-4-9-20240118,3,1357630,Helichrysum stoechas,60.144356
RNNB-5-1-20240117,1,1360542,Verbascum sinuatum,65.046127
RNNB-5-1-20240117,2,1357771,Phagnalon sordidum,61.013447
RNNB-5-1-20240117,3,1357630,Helichrysum stoechas,60.828228
RNNB-5-1-20240118,1,1738652,Matthiola sinuata,60.356575
RNNB-5-1-20240118,2,1362333,Matthiola perennis,59.576553
RNNB-5-1-20240118,3,1737651,Pseudognaphalium luteoalbum,59.370033
RNNB-5-10-20240117,1,1357742,Pallenis maritima,62.906410
RNNB-5-10-20240117,2,1398322,Aurinia sinuata,60.621788
RNNB-5-10-20240117,3,1362333,Matthiola perennis,60.316650
RNNB-5-10-20240118,1,1392725,Helichrysum italicum,62.420219
RNNB-5-10-20240118,2,1357630,Helichrysum stoechas,61.308929
RNNB-5-10-20240118,3,1499749,Artemisia nesiotica,60.460289
RNNB-5-2-20240117,1,1392725,Helichrysum italicum,64.184776
RNNB-5-2-20240117,2,1509616,Helichrysum pendulum,63.649837
RNNB-5-2-20240117,3,1399609,Helichrysum saxatile,63.481491
RNNB-5-2-20240118,1,1392725,Helichrysum italicum,60.233887
RNNB-5-2-20240118,2,1357630,Helichrysum stoechas,58.780949
RNNB-5-2-20240118,3,1361824,Lavandula angustifolia,57.890297
RNNB-5-3-20240117,1,1357630,Helichrysum stoechas,64.688881
RNNB-5-3-20240117,2,1357770,Phagnalon saxatile,64.345932
RNNB-5-3-20240117,3,1360542,Verbascum sinuatum,64.150894
RNNB-5-3-20240118,1,1499749,Artemisia nesiotica,59.108582
RNNB-5-3-20240118,2,1392725,Helichrysum italicum,56.621017
RNNB-5-3-20240118,3,1364037,Ipomoea imperati,55.300495
RNNB-5-4-20240117,1,1357630,Helichrysum stoechas,64.286469
RNNB-5-4-20240117,2,1392725,Helichrysum italicum,63.788567
RNNB-5-4-20240117,3,1357770,Phagnalon saxatile,63.169273
RNNB-5-4-20240118,1,1357630,Helichrysum stoechas,61.384171
RNNB-5-4-20240118,2,1392725,Helichrysum italicum,60.258720
RNNB-5-4-20240118,3,1737651,Pseudognaphalium luteoalbum,59.799690
RNNB-5-5-20240117,1,1357630,Helichrysum stoechas,63.352161
RNNB-5-5-20240117,2,1392725,Helichrysum italicum,63.150970
RNNB-5-5-20240117,3,1518245,Pseudognaphalium undulatum,62.040550
RNNB-5-5-20240118,1,1357630,Helichrysum stoechas,63.340424
RNNB-5-5-20240118,2,1392725,Helichrysum italicum,62.635262
RNNB-5-5-20240118,3,1499749,Artemisia nesiotica,62.367401
RNNB-5-6-20240117,1,1357630,Helichrysum stoechas,64.947266
RNNB-5-6-20240117,2,1360542,Verbascum sinuatum,63.960293
RNNB-5-6-20240117,3,1392725,Helichrysum italicum,63.238911
RNNB-5-6-20240118,1,1392725,Helichrysum italicum,62.214714
RNNB-5-6-20240118,2,1357630,Helichrysum stoechas,60.665394
RNNB-5-6-20240118,3,1499749,Artemisia nesiotica,59.934242
RNNB-5-7-20240117,1,1357401,Centaurea aspera,63.797348
RNNB-5-7-20240117,2,1744055,Centaurea francoi,63.051453
RNNB-5-7-20240117,3,1360542,Verbascum sinuatum,62.686283
RNNB-5-7-20240118,1,1355950,Scolymus maculatus,58.743019
RNNB-5-7-20240118,2,1388812,Achillea maritima,58.245972
RNNB-5-7-20240118,3,1499749,Artemisia nesiotica,58.111458
RNNB-5-8-20240117,1,1396197,Senecio inaequidens,63.328442
RNNB-5-8-20240117,2,1357401,Centaurea aspera,59.548988
RNNB-5-8-20240117,3,1743332,Senecio malacitanus,58.854626
RNNB-5-8-20240118,1,1722441,Thinopyrum junceum,54.904572
RNNB-5-8-20240118,2,1396489,Symphyotrichum subulatum,54.441257
RNNB-5-8-20240118,3,1362951,Bothriochloa ischaemum,53.804333
RNNB-5-9-20240117,1,1396197,Senecio inaequidens,64.406372
RNNB-5-9-20240117,2,1393770,Medicago littoralis,61.584846
RNNB-5-9-20240117,3,1360035,Limonium echioides,58.626404
RNNB-5-9-20240118,1,1394643,Antennaria dioica,60.206169
RNNB-5-9-20240118,2,1357630,Helichrysum stoechas,57.351425
RNNB-5-9-20240118,3,1397498,Silene otites,57.099022
RNNB-6-1-20240117,1,1355885,Centaurea melitensis,60.477955
RNNB-6-1-20240117,2,1357401,Centaurea aspera,58.754379
RNNB-6-1-20240117,3,1493539,Silene legionensis,58.658714
RNNB-6-1-20240118,1,1357962,Volutaria tubuliflora,58.601036
RNNB-6-1-20240118,2,1355886,Centaurea solstitialis,58.509655
RNNB-6-1-20240118,3,1397398,Helichrysum arenarium,57.377251
RNNB-6-10-20240117,1,1391122,Cheirolophus intybaceus,61.378712
RNNB-6-10-20240117,2,1744673,Mantisalca spinulosa,60.188251
RNNB-6-10-20240117,3,1360951,Lapiedra martinezii,58.881752
RNNB-6-10-20240118,1,1396726,Teucrium dunense,63.227970
RNNB-6-10-20240118,2,1388812,Achillea maritima,61.667664
RNNB-6-10-20240118,3,1357630,Helichrysum stoechas,61.592133
RNNB-6-2-20240117,1,1363526,Cynodon dactylon,59.744488
RNNB-6-2-20240117,2,1357401,Centaurea aspera,59.317093
RNNB-6-2-20240117,3,1356682,Echium tuberculatum,59.182076
RNNB-6-2-20240118,1,1357962,Volutaria tubuliflora,61.236565
RNNB-6-2-20240118,2,1722578,Daucus pumilus,60.691139
RNNB-6-2-20240118,3,1394416,Parapholis strigosa,58.975716
RNNB-6-3-20240117,1,1636863,Orobanche arenaria,61.875839
RNNB-6-3-20240117,2,1738652,Matthiola sinuata,61.393795
RNNB-6-3-20240117,3,1356141,Cistanche phelypaea,61.146519
RNNB-6-3-20240118,1,1744033,Centaurea cordubensis,59.651436
RNNB-6-3-20240118,2,1363302,Cyperus capitatus,59.364876
RNNB-6-3-20240118,3,1394416,Parapholis strigosa,58.479912
RNNB-6-4-20240117,1,1361412,Sporobolus pungens,60.106354
RNNB-6-4-20240117,2,1360951,Lapiedra martinezii,57.571220
RNNB-6-4-20240117,3,1357401,Centaurea aspera,56.670837
RNNB-6-4-20240118,1,1361926,Scabiosa columbaria,58.594379
RNNB-6-4-20240118,2,1722578,Daucus pumilus,58.432076
RNNB-6-4-20240118,3,1647185,Armeria velutina,58.100697
RNNB-6-5-20240117,1,1360978,Pancratium maritimum,61.123291
RNNB-6-5-20240117,2,1744033,Centaurea cordubensis,59.998402
RNNB-6-5-20240117,3,1363302,Cyperus capitatus,59.175072
RNNB-6-5-20240118,1,1397398,Helichrysum arenarium,58.265621
RNNB-6-5-20240118,2,1512544,Jacobaea boissieri,58.058098
RNNB-6-5-20240118,3,1392904,Hieracium eriophorum,57.867695
RNNB-6-6-20240117,1,1361412,Sporobolus pungens,60.740677
RNNB-6-6-20240117,2,1363526,Cynodon dactylon,57.448578
RNNB-6-6-20240117,3,1363852,Echium arenarium,57.041122
RNNB-6-6-20240118,1,1357630,Helichrysum stoechas,61.680672
RNNB-6-6-20240118,2,1518245,Pseudognaphalium undulatum,60.364403
RNNB-6-6-20240118,3,1388812,Achillea maritima,59.601822
RNNB-6-7-20240117,1,1362333,Matthiola perennis,59.117943
RNNB-6-7-20240117,2,1360381,Crucianella maritima,58.658218
RNNB-6-7-20240117,3,1357303,Atractylis cancellata,58.246086
RNNB-6-7-20240118,1,1357630,Helichrysum stoechas,63.053040
RNNB-6-7-20240118,2,1499749,Artemisia nesiotica,62.892952
RNNB-6-7-20240118,3,1392725,Helichrysum italicum,62.768768
RNNB-6-8-20240117,1,1355950,Scolymus maculatus,62.470341
RNNB-6-8-20240117,2,1357848,Scolymus hispanicus,61.077873
RNNB-6-8-20240117,3,1357928,Taraxacum obovatum,60.768471
RNNB-6-8-20240118,1,1392725,Helichrysum italicum,63.255604
RNNB-6-8-20240118,2,1509616,Helichrysum pendulum,62.102654
RNNB-6-8-20240118,3,1499749,Artemisia nesiotica,61.795822
RNNB-6-9-20240117,1,1502684,Centaurea linifolia,58.275608
RNNB-6-9-20240117,2,1502614,Centaurea hyssopifolia,57.850697
RNNB-6-9-20240117,3,1363526,Cynodon dactylon,57.814251
RNNB-6-9-20240118,1,1357630,Helichrysum stoechas,60.877934
RNNB-6-9-20240118,2,1393619,Logfia minima,59.818493
RNNB-6-9-20240118,3,1743539,Petrosedum amplexicaule,59.394661
RNNB-7-1-20240118,1,1362333,Matthiola perennis,64.299088
RNNB-7-1-20240118,2,1738652,Matthiola sinuata,63.293617
RNNB-7-1-20240118,3,1743249,Matthiola tricuspidata,61.520721
RNNB-7-10-20240118,1,1392725,Helichrysum italicum,63.334915
RNNB-7-10-20240118,2,1361412,Sporobolus pungens,61.822006
RNNB-7-10-20240118,3,1357630,Helichrysum stoechas,61.214703
RNNB-7-2-20240118,1,1361412,Sporobolus pungens,59.518955
RNNB-7-2-20240118,2,1394414,Parapholis incurva,58.312946
RNNB-7-2-20240118,3,1361354,Parapholis marginata,57.463280
RNNB-7-3-20240118,1,1392725,Helichrysum italicum,58.907787
RNNB-7-3-20240118,2,1509616,Helichrysum pendulum,58.888264
RNNB-7-3-20240118,3,1399609,Helichrysum saxatile,58.700233
RNNB-7-4-20240118,1,1361412,Sporobolus pungens,59.726452
RNNB-7-4-20240118,2,1394416,Parapholis strigosa,56.176971
RNNB-7-4-20240118,3,1362576,Tetragonia tetragonoides,55.627796
RNNB-7-5-20240118,1,1361412,Sporobolus pungens,64.662338
RNNB-7-5-20240118,2,1398821,Santolina impressa,62.284332
RNNB-7-5-20240118,3,1518932,Santolina canescens,62.150291
RNNB-7-6-20240118,1,1392725,Helichrysum italicum,61.701775
RNNB-7-6-20240118,2,1357630,Helichrysum stoechas,61.358101
RNNB-7-6-20240118,3,1499749,Artemisia nesiotica,61.084621
RNNB-7-7-20240118,1,1361412,Sporobolus pungens,60.515659
RNNB-7-7-20240118,2,1357303,Atractylis cancellata,57.170387
RNNB-7-7-20240118,3,1357770,Phagnalon saxatile,57.131348
RNNB-7-8-20240118,1,1361412,Sporobolus pungens,60.290783
RNNB-7-8-20240118,2,1357962,Volutaria tubuliflora,58.569592
RNNB-7-8-20240118,3,1492564,Dianthus charidemi,58.482216
RNNB-7-9-20240118,1,1388990,Brachypodium retusum,59.271477
RNNB-7-9-20240118,2,1361412,Sporobolus pungens,57.554855
RNNB-7-9-20240118,3,1492564,Dianthus charidemi,56.859451
RNNB-8-1-20240118,1,1359344,Medicago marina,65.436333
RNNB-8-1-20240118,2,1393770,Medicago littoralis,61.415539
RNNB-8-1-20240118,3,1360719,Eryngium maritimum,60.389904
RNNB-8-10-20240118,1,1361412,Sporobolus pungens,62.430862
RNNB-8-10-20240118,2,1363302,Cyperus capitatus,60.222919
RNNB-8-10-20240118,3,1722433,Calamagrostis arenaria,58.727333
RNNB-8-2-20240118,1,1357227,Anthemis maritima,62.583870
RNNB-8-2-20240118,2,1397320,Artemisia maritima,61.009262
RNNB-8-2-20240118,3,1396883,Tripleurospermum maritimum,59.001289
RNNB-8-3-20240118,1,1364100,Silybum marianum,61.116970
RNNB-8-3-20240118,2,1357871,Silybum eburneum,60.350060
RNNB-8-3-20240118,3,1363302,Cyperus capitatus,59.597332
RNNB-8-4-20240118,1,1357227,Anthemis maritima,58.800777
RNNB-8-4-20240118,2,1361412,Sporobolus pungens,58.165871
RNNB-8-4-20240118,3,1363302,Cyperus capitatus,57.635784
RNNB-8-5-20240118,1,1359344,Medicago marina,64.971924
RNNB-8-5-20240118,2,1393770,Medicago littoralis,60.237370
RNNB-8-5-20240118,3,1388812,Achillea maritima,58.571461
RNNB-8-6-20240118,1,1359344,Medicago marina,65.099510
RNNB-8-6-20240118,2,1388812,Achillea maritima,60.802803
RNNB-8-6-20240118,3,1393770,Medicago littoralis,60.369904
RNNB-8-7-20240118,1,1359344,Medicago marina,65.213303
RNNB-8-7-20240118,2,1357848,Scolymus hispanicus,64.708809
RNNB-8-7-20240118,3,1355950,Scolymus maculatus,64.604378
RNNB-8-8-20240118,1,1357227,Anthemis maritima,66.653175
RNNB-8-8-20240118,2,1359344,Medicago marina,65.708031
RNNB-8-8-20240118,3,1357236,Anthemis secundiramea,63.385777
RNNB-8-9-20240118,1,1359344,Medicago marina,65.755501
RNNB-8-9-20240118,2,1360381,Crucianella maritima,63.525558
RNNB-8-9-20240118,3,1355898,Xanthium strumarium,61.155697
