"quadrat_id","species_ids"
"2024-CEV3-20240602","[1395045, 1361592, 1395114]"
"CBN-PdlC-A1-20130807","[1392608, 1396253, 1394065]"
"CBN-PdlC-A1-20130903","[1392608, 1742053, 1396144]"
"CBN-PdlC-A1-20140721","[1392608, 1412857, 1393619]"
"CBN-PdlC-A1-20140811","[1392608, 1412857, 1396144]"
"CBN-PdlC-A1-20140901","[1392608, 1742053, 1412857]"
"CBN-PdlC-A1-20150701","[1396253, 1412857, 1396843]"
"CBN-PdlC-A1-20150720","[1392608, 1392534, 1412857]"
"CBN-PdlC-A1-20150831","[1392608, 1392534, 1412857]"
"CBN-PdlC-A1-20160705","[1394911, 1412857, 1396253]"
"CBN-PdlC-A1-20160726","[1392534, 1392535, 1549015]"
"CBN-PdlC-A1-20170816","[1392534, 1742053, 1394643]"
"CBN-PdlC-A1-20170906","[1392534, 1412857, 1393966]"
"CBN-PdlC-A1-20180702","[1392534, 1412857, 1392571]"
"CBN-PdlC-A1-20180815","[1412857, 1394311, 1742053]"
"CBN-PdlC-A1-20180905","[1742053, 1412857, 1396253]"
"CBN-PdlC-A1-20190701","[1412857, 1392541, 1418688]"
"CBN-PdlC-A1-20190722","[1396843, 1392608, 1394911]"
"CBN-PdlC-A1-20190812","[1742053, 1412857, 1392608]"
"CBN-PdlC-A1-20190909","[1392608, 1412857, 1361367]"
"CBN-PdlC-A1-20200629","[1392397, 1588800, 1588853]"
"CBN-PdlC-A1-20200722","[1392535, 1392534, 1392608]"
"CBN-PdlC-A1-20200812","[1742053, 1412857, 1392608]"
"CBN-PdlC-A2-20130807","[1396144, 1396253, 1412857]"
"CBN-PdlC-A2-20130903","[1393200, 1742053, 1395807]"
"CBN-PdlC-A2-20140721","[1396144, 1396253, 1392541]"
"CBN-PdlC-A2-20140901","[1396253, 1412857, 1391092]"
"CBN-PdlC-A2-20150720","[1393200, 1392534, 1396253]"
"CBN-PdlC-A2-20150810","[1393200, 1412857, 1742053]"
"CBN-PdlC-A2-20150831","[1393200, 1412857, 1742053]"
"CBN-PdlC-A2-20160705","[1393200, 1396253, 1412857]"
"CBN-PdlC-A2-20160726","[1392535, 1393200, 1392534]"
"CBN-PdlC-A2-20170816","[1393200, 1395807, 1412857]"
"CBN-PdlC-A2-20180702","[1396144, 1394643, 1397108]"
"CBN-PdlC-A2-20180723","[1393200, 1396144, 1396253]"
"CBN-PdlC-A2-20180815","[1412857, 1393200, 1396253]"
"CBN-PdlC-A2-20180905","[1396144, 1412857, 1742053]"
"CBN-PdlC-A2-20190701","[1392260, 1396144, 1651427]"
"CBN-PdlC-A2-20190722","[1393200, 1396253, 1549015]"
"CBN-PdlC-A2-20190812","[1412857, 1396253, 1396898]"
"CBN-PdlC-A2-20190909","[1412857, 1742053, 1393200]"
"CBN-PdlC-A2-20200629","[1392655, 1363454, 1529402]"
"CBN-PdlC-A2-20200722","[1392534, 1396253, 1392535]"
"CBN-PdlC-A2-20200812","[1392534, 1412857, 1393200]"
"CBN-PdlC-A3-20130807","[1392608, 1412857, 1393200]"
"CBN-PdlC-A3-20130903","[1393200, 1392608, 1412857]"
"CBN-PdlC-A3-20140721","[1393200, 1392608, 1412857]"
"CBN-PdlC-A3-20140811","[1396144, 1393200, 1392608]"
"CBN-PdlC-A3-20140901","[1393200, 1396144, 1392260]"
"CBN-PdlC-A3-20150701","[1393200, 1396144, 1412857]"
"CBN-PdlC-A3-20150720","[1393200, 1396144, 1392608]"
"CBN-PdlC-A3-20150810","[1393200, 1392608, 1412857]"
"CBN-PdlC-A3-20150831","[1393200, 1396144, 1392608]"
"CBN-PdlC-A3-20160705","[1393200, 1396144, 1397475]"
"CBN-PdlC-A3-20160726","[1393200, 1412857, 1392535]"
"CBN-PdlC-A3-20170816","[1396144, 1393200, 1412857]"
"CBN-PdlC-A3-20170906","[1393200, 1396144, 1412857]"
"CBN-PdlC-A3-20180702","[1396144, 1393200, 1392534]"
"CBN-PdlC-A3-20180723","[1393200, 1392608, 1397535]"
"CBN-PdlC-A3-20180815","[1392608, 1393200, 1394643]"
"CBN-PdlC-A3-20180905","[1412857, 1742053, 1393200]"
"CBN-PdlC-A3-20190701","[1393200, 1392534, 1412857]"
"CBN-PdlC-A3-20190722","[1393200, 1412857, 1392608]"
"CBN-PdlC-A3-20190812","[1393200, 1392608, 1357608]"
"CBN-PdlC-A3-20190909","[1412857, 1394643, 1393200]"
"CBN-PdlC-A3-20200629","[1743903, 1392655, 1744294]"
"CBN-PdlC-A3-20200722","[1393200, 1392608, 1412857]"
"CBN-PdlC-A3-20200812","[1742053, 1393200, 1412857]"
"CBN-PdlC-A4-20130807","[1393200, 1392608, 1397475]"
"CBN-PdlC-A4-20130903","[1393200, 1392608, 1397475]"
"CBN-PdlC-A4-20140811","[1393200, 1392608, 1397475]"
"CBN-PdlC-A4-20140901","[1393200, 1392608, 1397475]"
"CBN-PdlC-A4-20150701","[1393200, 1392608, 1397475]"
"CBN-PdlC-A4-20150810","[1393200, 1390674, 1519650]"
"CBN-PdlC-A4-20150831","[1393200, 1396144, 1392534]"
"CBN-PdlC-A4-20160705","[1393200, 1392608, 1397475]"
"CBN-PdlC-A4-20160726","[1396144, 1393200, 1392608]"
"CBN-PdlC-A4-20170816","[1396144, 1393200, 1742053]"
"CBN-PdlC-A4-20170906","[1396144, 1393200, 1397475]"
"CBN-PdlC-A4-20180702","[1393200, 1397475, 1361771]"
"CBN-PdlC-A4-20180723","[1393200, 1396144, 1400101]"
"CBN-PdlC-A4-20180815","[1393200, 1397475, 1392534]"
"CBN-PdlC-A4-20180905","[1396144, 1393200, 1742053]"
"CBN-PdlC-A4-20190701","[1397475, 1393200, 1393874]"
"CBN-PdlC-A4-20190722","[1397475, 1393200, 1396144]"
"CBN-PdlC-A4-20190812","[1393200, 1396180, 1529402]"
"CBN-PdlC-A4-20190909","[1397475, 1362482, 1647677]"
"CBN-PdlC-A4-20200629","[1397475, 1393200, 1744293]"
"CBN-PdlC-A4-20200722","[1393200, 1397475, 1392534]"
"CBN-PdlC-A4-20200812","[1393200, 1397475, 1392608]"
"CBN-PdlC-A5-20130807","[1393200, 1397475, 1396253]"
"CBN-PdlC-A5-20130903","[1396253, 1397475, 1393200]"
"CBN-PdlC-A5-20140721","[1393200, 1397475, 1393660]"
"CBN-PdlC-A5-20140811","[1393660, 1361598, 1392541]"
"CBN-PdlC-A5-20150701","[1393200, 1397475, 1396253]"
"CBN-PdlC-A5-20150831","[1397475, 1396253, 1393660]"
"CBN-PdlC-A5-20160705","[1397475, 1396253, 1393200]"
"CBN-PdlC-A5-20160726","[1392534, 1393200, 1392541]"
"CBN-PdlC-A5-20170816","[1397475, 1396253, 1393200]"
"CBN-PdlC-A5-20170906","[1393200, 1396253, 1397475]"
"CBN-PdlC-A5-20180815","[1393200, 1396253, 1397475]"
"CBN-PdlC-A5-20180905","[1393200, 1396253, 1397475]"
"CBN-PdlC-A5-20190909","[1397475, 1419206, 1396253]"
"CBN-PdlC-A5-20200722","[1396253, 1393200, 1397475]"
"CBN-PdlC-A6-20130807","[1393200, 1397475, 1396253]"
"CBN-PdlC-A6-20130903","[1397475, 1396253, 1397381]"
"CBN-PdlC-A6-20140630","[1397475, 1396253, 1418688]"
"CBN-PdlC-A6-20140721","[1397475, 1395807, 1396253]"
"CBN-PdlC-A6-20140901","[1397475, 1394548, 1397458]"
"CBN-PdlC-A6-20150701","[1393200, 1397475, 1396253]"
"CBN-PdlC-A6-20150810","[1396253, 1393200, 1397475]"
"CBN-PdlC-A6-20150831","[1397475, 1396253, 1393874]"
"CBN-PdlC-A6-20160705","[1393200, 1397475, 1396253]"
"CBN-PdlC-A6-20160726","[1397475, 1396253, 1393200]"
"CBN-PdlC-A6-20170816","[1393200, 1397475, 1396253]"
"CBN-PdlC-A6-20170906","[1393200, 1397475, 1396253]"
"CBN-PdlC-A6-20180702","[1393200, 1396253, 1397475]"
"CBN-PdlC-A6-20180723","[1393200, 1397475, 1396253]"
"CBN-PdlC-A6-20180815","[1393874, 1397475, 1393200]"
"CBN-PdlC-A6-20180905","[1393200, 1397475, 1393874]"
"CBN-PdlC-A6-20190701","[1393200, 1397475, 1396253]"
"CBN-PdlC-A6-20190722","[1393200, 1393660, 1397475]"
"CBN-PdlC-A6-20190812","[1397475, 1393200, 1396253]"
"CBN-PdlC-A6-20190909","[1397475, 1393659, 1393200]"
"CBN-PdlC-A6-20200722","[1397475, 1396253, 1393200]"
"CBN-PdlC-A6-20200812","[1393200, 1397475, 1396253]"
"CBN-PdlC-B1-20130807","[1393200, 1392608, 1392612]"
"CBN-PdlC-B1-20130903","[1393200, 1392608, 1392612]"
"CBN-PdlC-B1-20140721","[1393200, 1392608, 1396253]"
"CBN-PdlC-B1-20140811","[1396144, 1392608, 1393619]"
"CBN-PdlC-B1-20140901","[1392608, 1393200, 1412857]"
"CBN-PdlC-B1-20150701","[1393200, 1392608, 1396144]"
"CBN-PdlC-B1-20150720","[1392608, 1396253, 1395807]"
"CBN-PdlC-B1-20150810","[1393200, 1392608, 1396253]"
"CBN-PdlC-B1-20150831","[1412857, 1393200, 1742053]"
"CBN-PdlC-B1-20160705","[1393200, 1396253, 1396144]"
"CBN-PdlC-B1-20160726","[1396144, 1393200, 1392608]"
"CBN-PdlC-B1-20170816","[1392608, 1395807, 1412857]"
"CBN-PdlC-B1-20170906","[1392608, 1412857, 1396144]"
"CBN-PdlC-B1-20180702","[1413349, 1396144, 1647187]"
"CBN-PdlC-B1-20180723","[1393200, 1392608, 1396253]"
"CBN-PdlC-B1-20180815","[1396144, 1412857, 1742053]"
"CBN-PdlC-B1-20180905","[1412857, 1392608, 1647128]"
"CBN-PdlC-B1-20190701","[1393200, 1358095, 1392608]"
"CBN-PdlC-B1-20190722","[1396144, 1392608, 1361367]"
"CBN-PdlC-B1-20190812","[1396144, 1412857, 1392608]"
"CBN-PdlC-B1-20190909","[1396144, 1412857, 1392608]"
"CBN-PdlC-B1-20200629","[1393200, 1356359, 1363133]"
"CBN-PdlC-B1-20200722","[1396144, 1392608, 1393200]"
"CBN-PdlC-B1-20200812","[1396144, 1742053, 1412857]"
"CBN-PdlC-B2-20130807","[1392608, 1647128, 1392541]"
"CBN-PdlC-B2-20130903","[1392608, 1647170, 1400017]"
"CBN-PdlC-B2-20140721","[1392608, 1413349, 1392612]"
"CBN-PdlC-B2-20140811","[1392608, 1392611, 1742053]"
"CBN-PdlC-B2-20140901","[1392608, 1392614, 1392611]"
"CBN-PdlC-B2-20150701","[1392608, 1392612, 1363618]"
"CBN-PdlC-B2-20150720","[1392541, 1392608, 1394911]"
"CBN-PdlC-B2-20150810","[1392608, 1647128, 1742053]"
"CBN-PdlC-B2-20150831","[1392608, 1392611, 1742053]"
"CBN-PdlC-B2-20160705","[1392608, 1394911, 1647156]"
"CBN-PdlC-B2-20160726","[1392608, 1742053, 1412857]"
"CBN-PdlC-B2-20170816","[1362482, 1392608, 1392534]"
"CBN-PdlC-B2-20170906","[1392608, 1412857, 1394911]"
"CBN-PdlC-B2-20180702","[1392534, 1394911, 1412857]"
"CBN-PdlC-B2-20180723","[1392608, 1392535, 1392534]"
"CBN-PdlC-B2-20180815","[1392534, 1412857, 1392608]"
"CBN-PdlC-B2-20180905","[1392534, 1392535, 1392565]"
"CBN-PdlC-B2-20190701","[1392608, 1528543, 1390532]"
"CBN-PdlC-B2-20190722","[1392534, 1392608, 1392535]"
"CBN-PdlC-B2-20190812","[1412857, 1392534, 1397043]"
"CBN-PdlC-B2-20190909","[1392608, 1362482, 1392565]"
"CBN-PdlC-B2-20200629","[1361900, 1360026, 1356082]"
"CBN-PdlC-B2-20200722","[1392608, 1392534, 1392535]"
"CBN-PdlC-B2-20200812","[1392608, 1412857, 1394911]"
"CBN-PdlC-B3-20130807","[1394911, 1393200, 1392541]"
"CBN-PdlC-B3-20130903","[1393200, 1392535, 1392541]"
"CBN-PdlC-B3-20140721","[1393200, 1396144, 1412857]"
"CBN-PdlC-B3-20140811","[1393200, 1392541, 1412857]"
"CBN-PdlC-B3-20140901","[1742053, 1393200, 1412857]"
"CBN-PdlC-B3-20150701","[1392541, 1392535, 1361367]"
"CBN-PdlC-B3-20150810","[1393200, 1412857, 1742053]"
"CBN-PdlC-B3-20150831","[1393200, 1412857, 1392541]"
"CBN-PdlC-B3-20160705","[1393200, 1394911, 1394597]"
"CBN-PdlC-B3-20160726","[1393200, 1392541, 1412857]"
"CBN-PdlC-B3-20170816","[1394542, 1393200, 1412857]"
"CBN-PdlC-B3-20170906","[1393200, 1412857, 1742053]"
"CBN-PdlC-B3-20180702","[1393200, 1399800, 1399798]"
"CBN-PdlC-B3-20180723","[1393200, 1742053, 1395807]"
"CBN-PdlC-B3-20180815","[1393200, 1412857, 1392534]"
"CBN-PdlC-B3-20180905","[1393200, 1396144, 1412857]"
"CBN-PdlC-B3-20190701","[1356348, 1393200, 1396144]"
"CBN-PdlC-B3-20190722","[1396144, 1393200, 1412857]"
"CBN-PdlC-B3-20190812","[1393200, 1412857, 1742053]"
"CBN-PdlC-B3-20190909","[1742053, 1356359, 1651061]"
"CBN-PdlC-B3-20200629","[1396144, 1361425, 1356228]"
"CBN-PdlC-B3-20200722","[1393200, 1742053, 1412857]"
"CBN-PdlC-B3-20200812","[1393200, 1742053, 1412857]"
"CBN-PdlC-B4-20130807","[1397475, 1393200, 1394911]"
"CBN-PdlC-B4-20130903","[1397475, 1532190, 1394311]"
"CBN-PdlC-B4-20140721","[1397475, 1393874, 1393200]"
"CBN-PdlC-B4-20140811","[1397475, 1412857, 1396144]"
"CBN-PdlC-B4-20140901","[1397475, 1393200, 1412857]"
"CBN-PdlC-B4-20150701","[1397475, 1393874, 1646703]"
"CBN-PdlC-B4-20150810","[1393200, 1397475, 1390674]"
"CBN-PdlC-B4-20150831","[1397475, 1394311, 1393200]"
"CBN-PdlC-B4-20160726","[1393200, 1397475, 1394311]"
"CBN-PdlC-B4-20170816","[1393200, 1397475, 1412857]"
"CBN-PdlC-B4-20170906","[1397475, 1396144, 1393874]"
"CBN-PdlC-B4-20180702","[1397475, 1396144, 1393874]"
"CBN-PdlC-B4-20180723","[1396144, 1397475, 1393200]"
"CBN-PdlC-B4-20180815","[1396144, 1397475, 1397491]"
"CBN-PdlC-B4-20180905","[1396144, 1393200, 1412857]"
"CBN-PdlC-B4-20190701","[1397475, 1392541, 1396971]"
"CBN-PdlC-B4-20190722","[1397475, 1393200, 1398327]"
"CBN-PdlC-B4-20190812","[1397475, 1393200, 1400101]"
"CBN-PdlC-B4-20190909","[1397475, 1361367, 1393874]"
"CBN-PdlC-B4-20200629","[1397475, 1412241, 1418688]"
"CBN-PdlC-B4-20200722","[1397475, 1393200, 1741776]"
"CBN-PdlC-B4-20200812","[1393200, 1397475, 1742053]"
"CBN-PdlC-B5-20130807","[1397475, 1395807, 1394911]"
"CBN-PdlC-B5-20130903","[1397475, 1395807, 1361801]"
"CBN-PdlC-B5-20140630","[1492045, 1724565, 1394309]"
"CBN-PdlC-B5-20140721","[1396253, 1397475, 1395807]"
"CBN-PdlC-B5-20140811","[1397475, 1395807, 1394311]"
"CBN-PdlC-B5-20140901","[1397475, 1395807, 1361367]"
"CBN-PdlC-B5-20150701","[1397475, 1395807, 1393874]"
"CBN-PdlC-B5-20150720","[1397475, 1395807, 1400101]"
"CBN-PdlC-B5-20150810","[1397475, 1395807, 1361801]"
"CBN-PdlC-B5-20150831","[1397475, 1395807, 1396253]"
"CBN-PdlC-B5-20160705","[1397475, 1395807, 1394911]"
"CBN-PdlC-B5-20160726","[1397475, 1395807, 1396253]"
"CBN-PdlC-B5-20170816","[1397475, 1394311, 1393874]"
"CBN-PdlC-B5-20170906","[1397475, 1395807, 1396347]"
"CBN-PdlC-B5-20180702","[1397475, 1741661, 1395190]"
"CBN-PdlC-B5-20180723","[1397475, 1395807, 1397353]"
"CBN-PdlC-B5-20180815","[1397475, 1718504, 1392541]"
"CBN-PdlC-B5-20180905","[1397475, 1393874, 1396253]"
"CBN-PdlC-B5-20190701","[1397475, 1393874, 1392534]"
"CBN-PdlC-B5-20190722","[1397475, 1397043, 1395807]"
"CBN-PdlC-B5-20190812","[1397475, 1392541, 1396253]"
"CBN-PdlC-B5-20190909","[1397475, 1400101, 1395807]"
"CBN-PdlC-B5-20200629","[1397475, 1391994, 1396253]"
"CBN-PdlC-B5-20200722","[1397475, 1400101, 1395807]"
"CBN-PdlC-B5-20200812","[1397475, 1392541, 1395807]"
"CBN-PdlC-B6-20130807","[1392535, 1392534, 1395807]"
"CBN-PdlC-B6-20130903","[1397475, 1361367, 1392534]"
"CBN-PdlC-B6-20140630","[1393200, 1392534, 1391427]"
"CBN-PdlC-B6-20140721","[1396253, 1395807, 1397332]"
"CBN-PdlC-B6-20140811","[1393200, 1396253, 1395807]"
"CBN-PdlC-B6-20140901","[1394542, 1394540, 1394543]"
"CBN-PdlC-B6-20150701","[1394911, 1393200, 1396253]"
"CBN-PdlC-B6-20150720","[1395807, 1392541, 1361801]"
"CBN-PdlC-B6-20150810","[1397475, 1395807, 1397450]"
"CBN-PdlC-B6-20150831","[1395807, 1396253, 1393200]"
"CBN-PdlC-B6-20160705","[1396253, 1397475, 1393200]"
"CBN-PdlC-B6-20160726","[1396253, 1395807, 1361367]"
"CBN-PdlC-B6-20170816","[1393200, 1396253, 1395807]"
"CBN-PdlC-B6-20170906","[1393200, 1396253, 1397475]"
"CBN-PdlC-B6-20180702","[1393200, 1394911, 1396253]"
"CBN-PdlC-B6-20180723","[1395807, 1396253, 1363543]"
"CBN-PdlC-B6-20180905","[1396253, 1363543, 1395807]"
"CBN-PdlC-B6-20190701","[1393200, 1394911, 1397475]"
"CBN-PdlC-B6-20190722","[1393200, 1396253, 1395807]"
"CBN-PdlC-B6-20190812","[1396253, 1393200, 1397475]"
"CBN-PdlC-B6-20190909","[1393200, 1395807, 1519650]"
"CBN-PdlC-B6-20200629","[1397475, 1396253, 1397513]"
"CBN-PdlC-B6-20200722","[1393200, 1392534, 1392535]"
"CBN-PdlC-B6-20200812","[1393200, 1393659, 1397475]"
"CBN-PdlC-C1-20130807","[1397500, 1393708, 1396332]"
"CBN-PdlC-C1-20130903","[1393200, 1396253, 1741624]"
"CBN-PdlC-C1-20140721","[1397500, 1393200, 1396253]"
"CBN-PdlC-C1-20140811","[1393200, 1395807, 1396253]"
"CBN-PdlC-C1-20140901","[1393200, 1395807, 1392534]"
"CBN-PdlC-C1-20150701","[1397500, 1393200, 1397279]"
"CBN-PdlC-C1-20150720","[1393200, 1396253, 1412857]"
"CBN-PdlC-C1-20150810","[1393200, 1362482, 1396253]"
"CBN-PdlC-C1-20150831","[1393200, 1742053, 1412857]"
"CBN-PdlC-C1-20160705","[1393200, 1396253, 1397500]"
"CBN-PdlC-C1-20160726","[1361367, 1396253, 1392241]"
"CBN-PdlC-C1-20170816","[1393200, 1396253, 1392534]"
"CBN-PdlC-C1-20170906","[1396253, 1393200, 1394366]"
"CBN-PdlC-C1-20180723","[1393200, 1396253, 1393708]"
"CBN-PdlC-C1-20180815","[1393200, 1395807, 1394311]"
"CBN-PdlC-C1-20180905","[1393200, 1396253, 1392534]"
"CBN-PdlC-C1-20190701","[1392534, 1390532, 1393200]"
"CBN-PdlC-C1-20190722","[1393200, 1396253, 1395807]"
"CBN-PdlC-C1-20190812","[1392534, 1396253, 1393200]"
"CBN-PdlC-C1-20190909","[1393200, 1395807, 1394311]"
"CBN-PdlC-C1-20200722","[1393200, 1392535, 1395807]"
"CBN-PdlC-C1-20200812","[1393200, 1392534, 1362482]"
"CBN-PdlC-C2-20130903","[1412857, 1742053, 1395807]"
"CBN-PdlC-C2-20140721","[1396144, 1412857, 1392541]"
"CBN-PdlC-C2-20140811","[1392535, 1396144, 1412857]"
"CBN-PdlC-C2-20140901","[1412857, 1392535, 1742053]"
"CBN-PdlC-C2-20150701","[1393200, 1412857, 1396144]"
"CBN-PdlC-C2-20150720","[1412857, 1742053, 1395807]"
"CBN-PdlC-C2-20150810","[1742053, 1412857, 1397381]"
"CBN-PdlC-C2-20150831","[1742053, 1412857, 1394643]"
"CBN-PdlC-C2-20160705","[1412857, 1396144, 1742053]"
"CBN-PdlC-C2-20160726","[1393200, 1392535, 1412857]"
"CBN-PdlC-C2-20170816","[1412857, 1393200, 1392565]"
"CBN-PdlC-C2-20170906","[1392534, 1412857, 1396253]"
"CBN-PdlC-C2-20180723","[1393200, 1412857, 1363618]"
"CBN-PdlC-C2-20180815","[1412857, 1393200, 1392541]"
"CBN-PdlC-C2-20180905","[1393200, 1412857, 1396253]"
"CBN-PdlC-C2-20190701","[1390532, 1361703, 1361723]"
"CBN-PdlC-C2-20190722","[1393200, 1392535, 1396253]"
"CBN-PdlC-C2-20190812","[1396253, 1412857, 1392534]"
"CBN-PdlC-C2-20190909","[1412857, 1393200, 1392541]"
"CBN-PdlC-C2-20200722","[1392534, 1742053, 1395807]"
"CBN-PdlC-C2-20200812","[1392535, 1412857, 1395807]"
"CBN-PdlC-C3-20130807","[1396253, 1393200, 1361347]"
"CBN-PdlC-C3-20130903","[1412857, 1742053, 1395870]"
"CBN-PdlC-C3-20140721","[1396253, 1392534, 1394597]"
"CBN-PdlC-C3-20140811","[1412857, 1392541, 1397386]"
"CBN-PdlC-C3-20140901","[1361367, 1412857, 1396253]"
"CBN-PdlC-C3-20150701","[1392541, 1392534, 1393200]"
"CBN-PdlC-C3-20150720","[1397430, 1393200, 1396253]"
"CBN-PdlC-C3-20150831","[1396253, 1742053, 1394911]"
"CBN-PdlC-C3-20160705","[1396253, 1361347, 1392541]"
"CBN-PdlC-C3-20160726","[1393660, 1396253, 1393659]"
"CBN-PdlC-C3-20170816","[1392534, 1396253, 1392541]"
"CBN-PdlC-C3-20170906","[1396253, 1395807, 1742053]"
"CBN-PdlC-C3-20180723","[1396253, 1395807, 1393708]"
"CBN-PdlC-C3-20180815","[1396253, 1394911, 1741880]"
"CBN-PdlC-C3-20180905","[1396253, 1412857, 1395807]"
"CBN-PdlC-C3-20190701","[1356228, 1609716, 1390532]"
"CBN-PdlC-C3-20190722","[1361598, 1396253, 1393660]"
"CBN-PdlC-C3-20190812","[1395807, 1393568, 1394866]"
"CBN-PdlC-C3-20190909","[1392534, 1392535, 1396253]"
"CBN-PdlC-C3-20200722","[1393679, 1393659, 1396253]"
"CBN-PdlC-C3-20200812","[1396253, 1394911, 1395807]"
"CBN-PdlC-C4-20130807","[1395807, 1364066, 1393231]"
"CBN-PdlC-C4-20130903","[1393200, 1395807, 1396253]"
"CBN-PdlC-C4-20140721","[1418688, 1363543, 1395870]"
"CBN-PdlC-C4-20140811","[1395807, 1742053, 1390899]"
"CBN-PdlC-C4-20140901","[1361367, 1392608, 1396253]"
"CBN-PdlC-C4-20150701","[1390793, 1361367, 1655422]"
"CBN-PdlC-C4-20150720","[1361367, 1396253, 1392608]"
"CBN-PdlC-C4-20150831","[1395807, 1396253, 1394311]"
"CBN-PdlC-C4-20160705","[1390793, 1392608, 1392611]"
"CBN-PdlC-C4-20160726","[1397043, 1395807, 1364066]"
"CBN-PdlC-C4-20170816","[1395807, 1390693, 1741880]"
"CBN-PdlC-C4-20170906","[1393200, 1396253, 1395807]"
"CBN-PdlC-C4-20180723","[1396253, 1393200, 1737461]"
"CBN-PdlC-C4-20180815","[1396253, 1532190, 1392766]"
"CBN-PdlC-C4-20180905","[1395807, 1396253, 1392657]"
"CBN-PdlC-C4-20190701","[1743359, 1363595, 1392406]"
"CBN-PdlC-C4-20190722","[1396253, 1395807, 1364066]"
"CBN-PdlC-C4-20190812","[1393200, 1397043, 1395807]"
"CBN-PdlC-C4-20190909","[1395807, 1395862, 1396253]"
"CBN-PdlC-C4-20200722","[1393660, 1396253, 1395807]"
"CBN-PdlC-C4-20200812","[1396253, 1395807, 1395870]"
"CBN-PdlC-C5-20130807","[1394311, 1396253, 1395807]"
"CBN-PdlC-C5-20130903","[1394311, 1395807, 1396253]"
"CBN-PdlC-C5-20140721","[1396253, 1364066, 1396144]"
"CBN-PdlC-C5-20140811","[1397043, 1394311, 1743474]"
"CBN-PdlC-C5-20140901","[1396253, 1397043, 1361367]"
"CBN-PdlC-C5-20150701","[1396253, 1395870, 1532190]"
"CBN-PdlC-C5-20150720","[1396253, 1392608, 1395807]"
"CBN-PdlC-C5-20150810","[1392608, 1396253, 1390793]"
"CBN-PdlC-C5-20150831","[1396253, 1395807, 1392608]"
"CBN-PdlC-C5-20160705","[1394311, 1396253, 1743474]"
"CBN-PdlC-C5-20160726","[1397043, 1392608, 1396253]"
"CBN-PdlC-C5-20170816","[1396253, 1392608, 1395807]"
"CBN-PdlC-C5-20170906","[1392608, 1396253, 1395807]"
"CBN-PdlC-C5-20180723","[1396253, 1392608, 1394311]"
"CBN-PdlC-C5-20180815","[1394311, 1396253, 1743474]"
"CBN-PdlC-C5-20180905","[1396253, 1395807, 1397043]"
"CBN-PdlC-C5-20190701","[1392541, 1363133, 1529410]"
"CBN-PdlC-C5-20190722","[1396253, 1392608, 1397043]"
"CBN-PdlC-C5-20190812","[1392608, 1396253, 1397043]"
"CBN-PdlC-C5-20190909","[1396253, 1395807, 1390899]"
"CBN-PdlC-C5-20200722","[1394311, 1396253, 1741587]"
"CBN-PdlC-C5-20200812","[1396253, 1392608, 1395807]"
"CBN-PdlC-C6-20130807","[1396253, 1392608, 1395807]"
"CBN-PdlC-C6-20130903","[1394311, 1397043, 1396253]"
"CBN-PdlC-C6-20140721","[1396253, 1393200, 1392608]"
"CBN-PdlC-C6-20140811","[1360748, 1395807, 1396253]"
"CBN-PdlC-C6-20140901","[1396253, 1394311, 1393200]"
"CBN-PdlC-C6-20150701","[1393200, 1396253, 1392241]"
"CBN-PdlC-C6-20150720","[1393200, 1396253, 1395807]"
"CBN-PdlC-C6-20150810","[1743456, 1393200, 1396253]"
"CBN-PdlC-C6-20150831","[1393200, 1396253, 1395807]"
"CBN-PdlC-C6-20160705","[1393200, 1392608, 1396253]"
"CBN-PdlC-C6-20160726","[1393200, 1396253, 1392608]"
"CBN-PdlC-C6-20170816","[1393200, 1396253, 1362482]"
"CBN-PdlC-C6-20170906","[1393200, 1396253, 1395807]"
"CBN-PdlC-C6-20180723","[1393200, 1396253, 1737461]"
"CBN-PdlC-C6-20180815","[1396253, 1393200, 1362482]"
"CBN-PdlC-C6-20180905","[1393200, 1396253, 1393494]"
"CBN-PdlC-C6-20190701","[1393200, 1392522, 1392612]"
"CBN-PdlC-C6-20190722","[1392608, 1393200, 1396253]"
"CBN-PdlC-C6-20190812","[1392608, 1362482, 1393200]"
"CBN-PdlC-C6-20190909","[1393200, 1396253, 1362482]"
"CBN-PdlC-C6-20200722","[1396253, 1393200, 1392608]"
"CBN-PdlC-C6-20200812","[1396253, 1392608, 1395807]"
"CBN-PdlC-D1-20130807","[1396253, 1395807, 1393708]"
"CBN-PdlC-D1-20130903","[1396253, 1390899, 1395807]"
"CBN-PdlC-D1-20140721","[1396253, 1392534, 1392608]"
"CBN-PdlC-D1-20140811","[1396253, 1395807, 1392608]"
"CBN-PdlC-D1-20140901","[1396253, 1395870, 1742053]"
"CBN-PdlC-D1-20150701","[1396253, 1392241, 1394643]"
"CBN-PdlC-D1-20150720","[1392534, 1396253, 1392535]"
"CBN-PdlC-D1-20150810","[1392534, 1396253, 1392260]"
"CBN-PdlC-D1-20150831","[1392534, 1396253, 1392608]"
"CBN-PdlC-D1-20160705","[1396253, 1741880, 1363543]"
"CBN-PdlC-D1-20160726","[1396253, 1392535, 1392534]"
"CBN-PdlC-D1-20170816","[1396253, 1412857, 1395807]"
"CBN-PdlC-D1-20170906","[1396253, 1361367, 1361233]"
"CBN-PdlC-D1-20180723","[1396253, 1393200, 1395807]"
"CBN-PdlC-D1-20180815","[1396253, 1395807, 1395870]"
"CBN-PdlC-D1-20180905","[1742053, 1396253, 1412857]"
"CBN-PdlC-D1-20190701","[1396253, 1393494, 1390532]"
"CBN-PdlC-D1-20190722","[1396253, 1393200, 1395807]"
"CBN-PdlC-D1-20190812","[1396253, 1392534, 1395807]"
"CBN-PdlC-D1-20190909","[1396253, 1395807, 1412857]"
"CBN-PdlC-D1-20200722","[1392535, 1392534, 1396253]"
"CBN-PdlC-D1-20200812","[1392534, 1396253, 1392608]"
"CBN-PdlC-D2-20130807","[1396253, 1394643, 1393619]"
"CBN-PdlC-D2-20130903","[1396253, 1412857, 1390793]"
"CBN-PdlC-D2-20140721","[1394643, 1396253, 1392534]"
"CBN-PdlC-D2-20140811","[1396253, 1412857, 1742053]"
"CBN-PdlC-D2-20140901","[1742053, 1394643, 1396253]"
"CBN-PdlC-D2-20150720","[1396253, 1392534, 1392535]"
"CBN-PdlC-D2-20150810","[1742053, 1412857, 1396253]"
"CBN-PdlC-D2-20150831","[1412857, 1742053, 1396253]"
"CBN-PdlC-D2-20160705","[1396253, 1412857, 1742053]"
"CBN-PdlC-D2-20160726","[1396253, 1392535, 1392534]"
"CBN-PdlC-D2-20170816","[1396253, 1742053, 1412857]"
"CBN-PdlC-D2-20170906","[1396253, 1412857, 1395807]"
"CBN-PdlC-D2-20180723","[1396253, 1394643, 1741880]"
"CBN-PdlC-D2-20180815","[1412857, 1396253, 1394643]"
"CBN-PdlC-D2-20180905","[1412857, 1396253, 1742053]"
"CBN-PdlC-D2-20190701","[1412857, 1392300, 1397279]"
"CBN-PdlC-D2-20190722","[1396253, 1412857, 1742053]"
"CBN-PdlC-D2-20190812","[1412857, 1396253, 1397467]"
"CBN-PdlC-D2-20190909","[1412857, 1396253, 1742053]"
"CBN-PdlC-D2-20200722","[1396253, 1394643, 1395807]"
"CBN-PdlC-D2-20200812","[1742053, 1394643, 1396253]"
"CBN-PdlC-D3-20130807","[1413349, 1744479, 1647156]"
"CBN-PdlC-D3-20130903","[1647128, 1744479, 1399082]"
"CBN-PdlC-D3-20140721","[1390793, 1413349, 1647187]"
"CBN-PdlC-D3-20140811","[1742053, 1412857, 1413349]"
"CBN-PdlC-D3-20140901","[1396253, 1412857, 1390899]"
"CBN-PdlC-D3-20150701","[1396253, 1400017, 1413349]"
"CBN-PdlC-D3-20150720","[1392534, 1647128, 1390793]"
"CBN-PdlC-D3-20150831","[1742053, 1412857, 1394311]"
"CBN-PdlC-D3-20160705","[1412857, 1647156, 1413349]"
"CBN-PdlC-D3-20160726","[1392534, 1392535, 1390793]"
"CBN-PdlC-D3-20170816","[1393200, 1412857, 1413349]"
"CBN-PdlC-D3-20170906","[1647128, 1396253, 1744479]"
"CBN-PdlC-D3-20180723","[1393200, 1413349, 1647128]"
"CBN-PdlC-D3-20180815","[1396253, 1394643, 1742053]"
"CBN-PdlC-D3-20180905","[1396253, 1397043, 1412857]"
"CBN-PdlC-D3-20190701","[1359952, 1413349, 1394643]"
"CBN-PdlC-D3-20190722","[1744479, 1647128, 1647156]"
"CBN-PdlC-D3-20190812","[1742053, 1392534, 1413349]"
"CBN-PdlC-D3-20190909","[1742053, 1744479, 1412857]"
"CBN-PdlC-D3-20200722","[1392535, 1392534, 1393200]"
"CBN-PdlC-D3-20200812","[1392534, 1742053, 1392535]"
"CBN-PdlC-D4-20130807","[1396253, 1392541, 1744479]"
"CBN-PdlC-D4-20130903","[1744479, 1647128, 1396253]"
"CBN-PdlC-D4-20140721","[1396253, 1392608, 1395870]"
"CBN-PdlC-D4-20140811","[1392541, 1395807, 1392535]"
"CBN-PdlC-D4-20140901","[1396253, 1412857, 1742053]"
"CBN-PdlC-D4-20150701","[1396253, 1412857, 1742053]"
"CBN-PdlC-D4-20150720","[1396253, 1392534, 1361367]"
"CBN-PdlC-D4-20150831","[1742053, 1412857, 1392608]"
"CBN-PdlC-D4-20160705","[1396253, 1412857, 1394643]"
"CBN-PdlC-D4-20160726","[1396253, 1392534, 1392608]"
"CBN-PdlC-D4-20170816","[1396253, 1412857, 1395870]"
"CBN-PdlC-D4-20170906","[1396253, 1412857, 1388916]"
"CBN-PdlC-D4-20180723","[1396253, 1394911, 1396974]"
"CBN-PdlC-D4-20180815","[1396253, 1412857, 1742053]"
"CBN-PdlC-D4-20180905","[1396253, 1742053, 1412857]"
"CBN-PdlC-D4-20190701","[1392534, 1392541, 1397279]"
"CBN-PdlC-D4-20190722","[1396253, 1395807, 1400101]"
"CBN-PdlC-D4-20190812","[1396253, 1412857, 1742053]"
"CBN-PdlC-D4-20190909","[1396253, 1412857, 1395807]"
"CBN-PdlC-D4-20200722","[1392535, 1396253, 1392534]"
"CBN-PdlC-D4-20200812","[1742053, 1396253, 1392534]"
"CBN-PdlC-D5-20130807","[1396253, 1395807, 1397524]"
"CBN-PdlC-D5-20130903","[1395807, 1394911, 1395870]"
"CBN-PdlC-D5-20140721","[1392608, 1396253, 1392611]"
"CBN-PdlC-D5-20140811","[1395807, 1396253, 1392608]"
"CBN-PdlC-D5-20140901","[1361367, 1392608, 1361382]"
"CBN-PdlC-D5-20150701","[1396253, 1363543, 1395807]"
"CBN-PdlC-D5-20150720","[1396253, 1395807, 1392608]"
"CBN-PdlC-D5-20150810","[1396253, 1395807, 1396561]"
"CBN-PdlC-D5-20150831","[1389929, 1395807, 1396253]"
"CBN-PdlC-D5-20160705","[1396253, 1394911, 1392608]"
"CBN-PdlC-D5-20160726","[1392608, 1397043, 1396253]"
"CBN-PdlC-D5-20170816","[1396253, 1395807, 1361367]"
"CBN-PdlC-D5-20170906","[1395807, 1394311, 1363543]"
"CBN-PdlC-D5-20180723","[1400101, 1392608, 1393708]"
"CBN-PdlC-D5-20180815","[1392608, 1395870, 1400101]"
"CBN-PdlC-D5-20180905","[1396253, 1392534, 1394911]"
"CBN-PdlC-D5-20190701","[1392655, 1394911, 1363944]"
"CBN-PdlC-D5-20190722","[1392534, 1392535, 1392608]"
"CBN-PdlC-D5-20190812","[1362482, 1392534, 1395870]"
"CBN-PdlC-D5-20190909","[1392534, 1396253, 1395807]"
"CBN-PdlC-D5-20200722","[1392608, 1364066, 1395807]"
"CBN-PdlC-D5-20200812","[1362482, 1392608, 1396253]"
"CBN-PdlC-D6-20130807","[1396253, 1393708, 1394311]"
"CBN-PdlC-D6-20130903","[1396253, 1397049, 1395807]"
"CBN-PdlC-D6-20140721","[1396253, 1412857, 1742053]"
"CBN-PdlC-D6-20140811","[1397043, 1395807, 1393659]"
"CBN-PdlC-D6-20140901","[1396253, 1412857, 1397043]"
"CBN-PdlC-D6-20150701","[1396253, 1743471, 1394911]"
"CBN-PdlC-D6-20150720","[1396253, 1395807, 1742053]"
"CBN-PdlC-D6-20150810","[1389929, 1390761, 1395807]"
"CBN-PdlC-D6-20150831","[1742053, 1395807, 1412857]"
"CBN-PdlC-D6-20160705","[1396253, 1609716, 1395807]"
"CBN-PdlC-D6-20160726","[1397043, 1395807, 1397046]"
"CBN-PdlC-D6-20170816","[1412857, 1395807, 1742053]"
"CBN-PdlC-D6-20170906","[1395807, 1412857, 1397468]"
"CBN-PdlC-D6-20180723","[1396253, 1395870, 1741880]"
"CBN-PdlC-D6-20180815","[1396253, 1393679, 1363543]"
"CBN-PdlC-D6-20180905","[1396253, 1412857, 1395807]"
"CBN-PdlC-D6-20190701","[1392522, 1564726, 1744340]"
"CBN-PdlC-D6-20190722","[1397043, 1394311, 1397046]"
"CBN-PdlC-D6-20190812","[1396253, 1395807, 1397043]"
"CBN-PdlC-D6-20190909","[1396253, 1393660, 1395807]"
"CBN-PdlC-D6-20200722","[1397043, 1394311, 1395807]"
"CBN-PdlC-D6-20200812","[1362482, 1396253, 1395807]"
"CBN-PdlC-E1-20130723","[1396144, 1396253, 1392541]"
"CBN-PdlC-E1-20130807","[1396253, 1392608, 1390793]"
"CBN-PdlC-E1-20130903","[1392608, 1396253, 1396144]"
"CBN-PdlC-E1-20140630","[1394643, 1392608, 1396144]"
"CBN-PdlC-E1-20140721","[1396253, 1392608, 1397528]"
"CBN-PdlC-E1-20140811","[1392535, 1742053, 1392608]"
"CBN-PdlC-E1-20140901","[1412857, 1742053, 1396253]"
"CBN-PdlC-E1-20150701","[1392608, 1396253, 1393584]"
"CBN-PdlC-E1-20150720","[1392608, 1392534, 1392612]"
"CBN-PdlC-E1-20150810","[1393200, 1396144, 1397475]"
"CBN-PdlC-E1-20150831","[1392608, 1390793, 1392534]"
"CBN-PdlC-E1-20160705","[1393584, 1396253, 1392608]"
"CBN-PdlC-E1-20160726","[1396253, 1392608, 1392614]"
"CBN-PdlC-E1-20170816","[1392565, 1396253, 1392541]"
"CBN-PdlC-E1-20170906","[1394911, 1396253, 1392608]"
"CBN-PdlC-E1-20180702","[1396253, 1392541, 1392534]"
"CBN-PdlC-E1-20180723","[1392535, 1396144, 1393494]"
"CBN-PdlC-E1-20180815","[1392608, 1396253, 1392534]"
"CBN-PdlC-E1-20180905","[1392608, 1396253, 1394911]"
"CBN-PdlC-E1-20190701","[1396253, 1359649, 1741880]"
"CBN-PdlC-E1-20190812","[1392608, 1360299, 1392534]"
"CBN-PdlC-E1-20190909","[1397386, 1395807, 1651427]"
"CBN-PdlC-E1-20200629","[1396253, 1392608, 1392541]"
"CBN-PdlC-E1-20200722","[1392608, 1412857, 1396144]"
"CBN-PdlC-E1-20200812","[1392608, 1743471, 1390793]"
"CBN-PdlC-E2-20130723","[1396253, 1397528, 1412857]"
"CBN-PdlC-E2-20130807","[1392541, 1412857, 1395807]"
"CBN-PdlC-E2-20130903","[1395807, 1395870, 1393584]"
"CBN-PdlC-E2-20140630","[1396144, 1396253, 1392241]"
"CBN-PdlC-E2-20140721","[1396144, 1397528, 1396253]"
"CBN-PdlC-E2-20140811","[1396144, 1392608, 1392535]"
"CBN-PdlC-E2-20140901","[1412857, 1396253, 1396144]"
"CBN-PdlC-E2-20150720","[1396253, 1393584, 1395807]"
"CBN-PdlC-E2-20150810","[1412857, 1395870, 1395807]"
"CBN-PdlC-E2-20150831","[1738658, 1395807, 1412857]"
"CBN-PdlC-E2-20160705","[1396253, 1393584, 1397528]"
"CBN-PdlC-E2-20160726","[1412857, 1396253, 1395807]"
"CBN-PdlC-E2-20170816","[1412857, 1396253, 1395807]"
"CBN-PdlC-E2-20170906","[1396253, 1412857, 1395807]"
"CBN-PdlC-E2-20180702","[1396253, 1394911, 1412857]"
"CBN-PdlC-E2-20180723","[1393584, 1392608, 1396253]"
"CBN-PdlC-E2-20180815","[1742053, 1396253, 1394643]"
"CBN-PdlC-E2-20180905","[1396253, 1412857, 1396144]"
"CBN-PdlC-E2-20190701","[1396253, 1394911, 1395807]"
"CBN-PdlC-E2-20190812","[1412857, 1651162, 1395807]"
"CBN-PdlC-E2-20190909","[1396144, 1396253, 1395807]"
"CBN-PdlC-E2-20200629","[1396144, 1396253, 1394911]"
"CBN-PdlC-E2-20200722","[1742053, 1412857, 1396253]"
"CBN-PdlC-E2-20200812","[1412857, 1396253, 1395807]"
"CBN-PdlC-E3-20130723","[1396253, 1356422, 1392534]"
"CBN-PdlC-E3-20130807","[1396253, 1392241, 1395807]"
"CBN-PdlC-E3-20130903","[1396253, 1395870, 1743471]"
"CBN-PdlC-E3-20140630","[1396253, 1361347, 1651427]"
"CBN-PdlC-E3-20140721","[1396253, 1395807, 1397528]"
"CBN-PdlC-E3-20140811","[1397381, 1395807, 1396253]"
"CBN-PdlC-E3-20140901","[1396253, 1395807, 1394311]"
"CBN-PdlC-E3-20150701","[1396253, 1397528, 1395807]"
"CBN-PdlC-E3-20150720","[1394311, 1396253, 1395807]"
"CBN-PdlC-E3-20150810","[1396253, 1397386, 1395807]"
"CBN-PdlC-E3-20150831","[1392293, 1396253, 1397386]"
"CBN-PdlC-E3-20160705","[1396253, 1397430, 1393681]"
"CBN-PdlC-E3-20160726","[1396253, 1397381, 1395807]"
"CBN-PdlC-E3-20170816","[1396253, 1395807, 1396970]"
"CBN-PdlC-E3-20170906","[1396253, 1394911, 1392534]"
"CBN-PdlC-E3-20180702","[1396253, 1397430, 1361592]"
"CBN-PdlC-E3-20180723","[1396253, 1392241, 1395807]"
"CBN-PdlC-E3-20180815","[1396253, 1397381, 1397386]"
"CBN-PdlC-E3-20180905","[1396253, 1392534, 1397386]"
"CBN-PdlC-E3-20190701","[1396253, 1397430, 1393708]"
"CBN-PdlC-E3-20190812","[1396253, 1360748, 1395807]"
"CBN-PdlC-E3-20190909","[1396253, 1392059, 1355928]"
"CBN-PdlC-E3-20200629","[1396253, 1392541, 1393659]"
"CBN-PdlC-E3-20200722","[1396253, 1395807, 1393681]"
"CBN-PdlC-E3-20200812","[1396253, 1392059, 1395807]"
"CBN-PdlC-E4-20130807","[1396253, 1392608, 1396843]"
"CBN-PdlC-E4-20130903","[1396253, 1392608, 1395807]"
"CBN-PdlC-E4-20140630","[1396253, 1392608, 1397430]"
"CBN-PdlC-E4-20140721","[1396253, 1392608, 1395807]"
"CBN-PdlC-E4-20140811","[1743456, 1396253, 1395807]"
"CBN-PdlC-E4-20140901","[1396253, 1395807, 1519650]"
"CBN-PdlC-E4-20150701","[1392608, 1396253, 1397430]"
"CBN-PdlC-E4-20150720","[1396843, 1396253, 1392608]"
"CBN-PdlC-E4-20150810","[1392608, 1396253, 1393200]"
"CBN-PdlC-E4-20160705","[1396253, 1392608, 1393659]"
"CBN-PdlC-E4-20160726","[1396253, 1360748, 1390778]"
"CBN-PdlC-E4-20170816","[1396253, 1396843, 1361275]"
"CBN-PdlC-E4-20170906","[1396253, 1361233, 1393494]"
"CBN-PdlC-E4-20180702","[1396253, 1397430, 1393200]"
"CBN-PdlC-E4-20180723","[1392608, 1393659, 1396253]"
"CBN-PdlC-E4-20180815","[1396253, 1393494, 1744479]"
"CBN-PdlC-E4-20180905","[1396253, 1393494, 1392608]"
"CBN-PdlC-E4-20190701","[1396253, 1397430, 1393681]"
"CBN-PdlC-E4-20190812","[1396253, 1395807, 1393359]"
"CBN-PdlC-E4-20190909","[1392608, 1396843, 1396253]"
"CBN-PdlC-E4-20200629","[1396253, 1392608, 1397430]"
"CBN-PdlC-E4-20200722","[1392608, 1396253, 1393659]"
"CBN-PdlC-E4-20200812","[1396253, 1392059, 1395807]"
"CBN-PdlC-E5-20130723","[1393200, 1392608, 1363413]"
"CBN-PdlC-E5-20130807","[1392608, 1393200, 1393708]"
"CBN-PdlC-E5-20130903","[1392608, 1360748, 1393494]"
"CBN-PdlC-E5-20140630","[1393200, 1392608, 1390761]"
"CBN-PdlC-E5-20140721","[1393200, 1392608, 1396253]"
"CBN-PdlC-E5-20140811","[1393200, 1392608, 1395807]"
"CBN-PdlC-E5-20150720","[1392608, 1392534, 1393200]"
"CBN-PdlC-E5-20150810","[1396253, 1392608, 1393200]"
"CBN-PdlC-E5-20150831","[1392534, 1393200, 1392608]"
"CBN-PdlC-E5-20160705","[1392608, 1393200, 1396253]"
"CBN-PdlC-E5-20160726","[1392608, 1396253, 1361367]"
"CBN-PdlC-E5-20170816","[1392608, 1396253, 1396843]"
"CBN-PdlC-E5-20170906","[1393200, 1392608, 1396253]"
"CBN-PdlC-E5-20180702","[1396253, 1393200, 1392608]"
"CBN-PdlC-E5-20180723","[1392608, 1393200, 1396253]"
"CBN-PdlC-E5-20180815","[1396843, 1396253, 1393200]"
"CBN-PdlC-E5-20180905","[1392608, 1396253, 1393200]"
"CBN-PdlC-E5-20190722","[1393200, 1396253, 1392608]"
"CBN-PdlC-E5-20190812","[1392608, 1396253, 1392611]"
"CBN-PdlC-E5-20190909","[1392608, 1396253, 1407739]"
"CBN-PdlC-E5-20200629","[1393200, 1392608, 1396253]"
"CBN-PdlC-E5-20200722","[1396843, 1392608, 1396253]"
"CBN-PdlC-E5-20200812","[1392608, 1393200, 1396253]"
"CBN-PdlC-E6-20130723","[1392534, 1397528, 1393494]"
"CBN-PdlC-E6-20130807","[1392608, 1396253, 1396843]"
"CBN-PdlC-E6-20130903","[1390793, 1393200, 1392608]"
"CBN-PdlC-E6-20140630","[1359750, 1393200, 1390811]"
"CBN-PdlC-E6-20140721","[1392608, 1396843, 1395807]"
"CBN-PdlC-E6-20140811","[1393200, 1396843, 1395807]"
"CBN-PdlC-E6-20150701","[1392534, 1392608, 1392535]"
"CBN-PdlC-E6-20150720","[1396843, 1395807, 1396253]"
"CBN-PdlC-E6-20150810","[1742053, 1392608, 1390793]"
"CBN-PdlC-E6-20150831","[1393200, 1392608, 1742053]"
"CBN-PdlC-E6-20160705","[1392534, 1392612, 1392608]"
"CBN-PdlC-E6-20160726","[1392534, 1392608, 1361367]"
"CBN-PdlC-E6-20170816","[1396843, 1392534, 1395807]"
"CBN-PdlC-E6-20170906","[1396843, 1392534, 1392535]"
"CBN-PdlC-E6-20180702","[1392608, 1741880, 1390793]"
"CBN-PdlC-E6-20180723","[1392535, 1392608, 1392534]"
"CBN-PdlC-E6-20180815","[1393200, 1396843, 1396253]"
"CBN-PdlC-E6-20180905","[1393200, 1392608, 1392534]"
"CBN-PdlC-E6-20190722","[1393200, 1392608, 1362273]"
"CBN-PdlC-E6-20190812","[1396253, 1528543, 1363618]"
"CBN-PdlC-E6-20190909","[1392608, 1388916, 1395807]"
"CBN-PdlC-E6-20200629","[1393200, 1392541, 1390793]"
"CBN-PdlC-E6-20200722","[1393200, 1362273, 1392534]"
"CBN-PdlC-E6-20200812","[1396843, 1392608, 1396253]"
"CBN-PdlC-F1-20130723","[1397528, 1396144, 1362273]"
"CBN-PdlC-F1-20130807","[1392541, 1396144, 1392534]"
"CBN-PdlC-F1-20130903","[1392534, 1392535, 1396144]"
"CBN-PdlC-F1-20140630","[1396144, 1392541, 1396253]"
"CBN-PdlC-F1-20140721","[1362273, 1396253, 1392541]"
"CBN-PdlC-F1-20140811","[1396144, 1394542, 1397381]"
"CBN-PdlC-F1-20140901","[1392541, 1742053, 1412857]"
"CBN-PdlC-F1-20150701","[1392534, 1392535, 1396253]"
"CBN-PdlC-F1-20150720","[1742053, 1412857, 1396253]"
"CBN-PdlC-F1-20150810","[1396253, 1412857, 1392541]"
"CBN-PdlC-F1-20150831","[1412857, 1390793, 1396253]"
"CBN-PdlC-F1-20160705","[1396253, 1396144, 1479447]"
"CBN-PdlC-F1-20160726","[1396144, 1396253, 1397381]"
"CBN-PdlC-F1-20170816","[1412857, 1392541, 1396144]"
"CBN-PdlC-F1-20170906","[1396253, 1396144, 1396180]"
"CBN-PdlC-F1-20180702","[1396253, 1392541, 1396144]"
"CBN-PdlC-F1-20180723","[1396144, 1396253, 1412857]"
"CBN-PdlC-F1-20180815","[1396144, 1396180, 1396253]"
"CBN-PdlC-F1-20180905","[1392541, 1396253, 1396144]"
"CBN-PdlC-F1-20190701","[1396253, 1396144, 1392541]"
"CBN-PdlC-F1-20190812","[1396253, 1395807, 1392541]"
"CBN-PdlC-F1-20190909","[1396144, 1394311, 1396253]"
"CBN-PdlC-F1-20200629","[1396253, 1392541, 1396144]"
"CBN-PdlC-F1-20200722","[1396144, 1396843, 1396253]"
"CBN-PdlC-F1-20200812","[1396144, 1396253, 1392541]"
"CBN-PdlC-F2-20130723","[1396253, 1397528, 1362273]"
"CBN-PdlC-F2-20130807","[1396253, 1412857, 1362273]"
"CBN-PdlC-F2-20130903","[1396253, 1412857, 1395807]"
"CBN-PdlC-F2-20140630","[1392608, 1741880, 1392541]"
"CBN-PdlC-F2-20140721","[1396253, 1362273, 1397528]"
"CBN-PdlC-F2-20140811","[1742053, 1412857, 1397381]"
"CBN-PdlC-F2-20140901","[1397381, 1392552, 1395807]"
"CBN-PdlC-F2-20150701","[1396253, 1392608, 1397528]"
"CBN-PdlC-F2-20150720","[1396253, 1395807, 1741880]"
"CBN-PdlC-F2-20150810","[1412857, 1742053, 1392608]"
"CBN-PdlC-F2-20150831","[1396253, 1412857, 1395807]"
"CBN-PdlC-F2-20160705","[1396253, 1397528, 1392535]"
"CBN-PdlC-F2-20160726","[1396253, 1412857, 1742053]"
"CBN-PdlC-F2-20170906","[1396253, 1392608, 1396843]"
"CBN-PdlC-F2-20180702","[1396253, 1396971, 1394599]"
"CBN-PdlC-F2-20180723","[1393584, 1396253, 1396843]"
"CBN-PdlC-F2-20180815","[1397381, 1396843, 1742053]"
"CBN-PdlC-F2-20180905","[1742053, 1396253, 1412857]"
"CBN-PdlC-F2-20190701","[1392534, 1392608, 1396253]"
"CBN-PdlC-F2-20190812","[1396253, 1412857, 1395807]"
"CBN-PdlC-F2-20190909","[1396253, 1395807, 1392541]"
"CBN-PdlC-F2-20200629","[1396253, 1396144, 1393584]"
"CBN-PdlC-F2-20200722","[1396144, 1392534, 1392608]"
"CBN-PdlC-F2-20200812","[1392534, 1359697, 1397381]"
"CBN-PdlC-F3-20130723","[1393200, 1396253, 1393584]"
"CBN-PdlC-F3-20130807","[1392608, 1396253, 1360299]"
"CBN-PdlC-F3-20130903","[1392608, 1360748, 1741880]"
"CBN-PdlC-F3-20140630","[1392608, 1363543, 1396144]"
"CBN-PdlC-F3-20140721","[1392608, 1397528, 1396253]"
"CBN-PdlC-F3-20140811","[1392608, 1393200, 1395807]"
"CBN-PdlC-F3-20140901","[1392608, 1396253, 1395807]"
"CBN-PdlC-F3-20150701","[1392608, 1397528, 1393659]"
"CBN-PdlC-F3-20150720","[1392608, 1395807, 1412857]"
"CBN-PdlC-F3-20150810","[1396253, 1392608, 1395807]"
"CBN-PdlC-F3-20150831","[1392608, 1396253, 1396838]"
"CBN-PdlC-F3-20160705","[1393659, 1361592, 1412857]"
"CBN-PdlC-F3-20160726","[1392608, 1395807, 1396253]"
"CBN-PdlC-F3-20170816","[1396253, 1356397, 1359697]"
"CBN-PdlC-F3-20170906","[1392608, 1396253, 1393200]"
"CBN-PdlC-F3-20180702","[1393200, 1396253, 1397430]"
"CBN-PdlC-F3-20180723","[1412857, 1392534, 1392535]"
"CBN-PdlC-F3-20180815","[1397381, 1394311, 1392608]"
"CBN-PdlC-F3-20180905","[1392608, 1396253, 1393200]"
"CBN-PdlC-F3-20190701","[1393659, 1397430, 1361592]"
"CBN-PdlC-F3-20190722","[1393659, 1392608, 1395807]"
"CBN-PdlC-F3-20190812","[1392608, 1396253, 1395807]"
"CBN-PdlC-F3-20190909","[1396253, 1392059, 1392608]"
"CBN-PdlC-F3-20200629","[1392608, 1393200, 1396253]"
"CBN-PdlC-F3-20200722","[1392114, 1397430, 1392608]"
"CBN-PdlC-F3-20200812","[1395807, 1396253, 1412857]"
"CBN-PdlC-F4-20130723","[1393200, 1396253, 1397430]"
"CBN-PdlC-F4-20130807","[1392608, 1396843, 1393200]"
"CBN-PdlC-F4-20130903","[1394542, 1392608, 1396843]"
"CBN-PdlC-F4-20140630","[1393200, 1392608, 1363618]"
"CBN-PdlC-F4-20140811","[1393200, 1392608, 1396843]"
"CBN-PdlC-F4-20140901","[1393200, 1392608, 1396253]"
"CBN-PdlC-F4-20150701","[1392608, 1393200, 1361592]"
"CBN-PdlC-F4-20150720","[1396253, 1392608, 1393659]"
"CBN-PdlC-F4-20150810","[1392608, 1396253, 1361141]"
"CBN-PdlC-F4-20150831","[1393200, 1392534, 1392608]"
"CBN-PdlC-F4-20160705","[1397430, 1392608, 1393200]"
"CBN-PdlC-F4-20160726","[1392608, 1396253, 1397430]"
"CBN-PdlC-F4-20170816","[1396253, 1397386, 1396843]"
"CBN-PdlC-F4-20170906","[1393200, 1396253, 1392608]"
"CBN-PdlC-F4-20180702","[1393200, 1392608, 1396253]"
"CBN-PdlC-F4-20180723","[1393200, 1396843, 1392608]"
"CBN-PdlC-F4-20180815","[1392608, 1393200, 1396253]"
"CBN-PdlC-F4-20180905","[1396253, 1392608, 1393200]"
"CBN-PdlC-F4-20190701","[1393200, 1392608, 1397430]"
"CBN-PdlC-F4-20190722","[1393200, 1396843, 1392608]"
"CBN-PdlC-F4-20190812","[1392608, 1396253, 1360299]"
"CBN-PdlC-F4-20190909","[1392608, 1393200, 1396843]"
"CBN-PdlC-F4-20200629","[1393200, 1392608, 1396253]"
"CBN-PdlC-F4-20200722","[1392608, 1393200, 1361592]"
"CBN-PdlC-F4-20200812","[1392608, 1393200, 1396253]"
"CBN-PdlC-F5-20130723","[1396253, 1394911, 1392608]"
"CBN-PdlC-F5-20130903","[1392608, 1396843, 1396253]"
"CBN-PdlC-F5-20140630","[1396253, 1392608, 1392541]"
"CBN-PdlC-F5-20140721","[1392608, 1396253, 1396843]"
"CBN-PdlC-F5-20140811","[1392608, 1396843, 1396253]"
"CBN-PdlC-F5-20150701","[1392608, 1394311, 1396253]"
"CBN-PdlC-F5-20150720","[1394542, 1392608, 1396253]"
"CBN-PdlC-F5-20150810","[1392608, 1396253, 1743471]"
"CBN-PdlC-F5-20150831","[1396253, 1396843, 1392608]"
"CBN-PdlC-F5-20160705","[1392608, 1396253, 1396843]"
"CBN-PdlC-F5-20160726","[1361367, 1396843, 1392608]"
"CBN-PdlC-F5-20170816","[1396253, 1390793, 1396843]"
"CBN-PdlC-F5-20170906","[1396253, 1392608, 1396843]"
"CBN-PdlC-F5-20180702","[1396253, 1392608, 1392541]"
"CBN-PdlC-F5-20180723","[1392608, 1396253, 1396843]"
"CBN-PdlC-F5-20180815","[1396253, 1396843, 1742053]"
"CBN-PdlC-F5-20180905","[1396253, 1396843, 1392534]"
"CBN-PdlC-F5-20190722","[1392608, 1396843, 1390793]"
"CBN-PdlC-F5-20190812","[1392608, 1396253, 1396843]"
"CBN-PdlC-F5-20190909","[1397386, 1396253, 1392608]"
"CBN-PdlC-F5-20200629","[1392608, 1396253, 1392534]"
"CBN-PdlC-F5-20200722","[1392608, 1396843, 1390793]"
"CBN-PdlC-F5-20200812","[1396843, 1396253, 1395807]"
"CBN-PdlC-F6-20130723","[1396843, 1396253, 1390793]"
"CBN-PdlC-F6-20130807","[1393200, 1390793, 1744479]"
"CBN-PdlC-F6-20130903","[1390793, 1744060, 1396843]"
"CBN-PdlC-F6-20140630","[1390793, 1390761, 1390874]"
"CBN-PdlC-F6-20140721","[1390793, 1393200, 1392534]"
"CBN-PdlC-F6-20140811","[1393200, 1392535, 1394311]"
"CBN-PdlC-F6-20150701","[1393200, 1392535, 1396843]"
"CBN-PdlC-F6-20150720","[1392608, 1396843, 1394542]"
"CBN-PdlC-F6-20150810","[1393200, 1396843, 1361367]"
"CBN-PdlC-F6-20150831","[1392608, 1396843, 1390793]"
"CBN-PdlC-F6-20160705","[1397528, 1396843, 1394311]"
"CBN-PdlC-F6-20160726","[1392534, 1396843, 1392608]"
"CBN-PdlC-F6-20170816","[1393200, 1390793, 1396843]"
"CBN-PdlC-F6-20170906","[1392608, 1396843, 1393200]"
"CBN-PdlC-F6-20180702","[1396843, 1393200, 1418688]"
"CBN-PdlC-F6-20180723","[1396843, 1392534, 1392535]"
"CBN-PdlC-F6-20180815","[1741624, 1396253, 1393200]"
"CBN-PdlC-F6-20180905","[1393200, 1396843, 1363543]"
"CBN-PdlC-F6-20190722","[1396843, 1392608, 1390793]"
"CBN-PdlC-F6-20190812","[1396843, 1361367, 1392608]"
"CBN-PdlC-F6-20190909","[1394311, 1393200, 1395807]"
"CBN-PdlC-F6-20200629","[1392608, 1393200, 1390793]"
"CBN-PdlC-F6-20200722","[1393200, 1394311, 1390793]"
"CBN-PdlC-F6-20200812","[1390793, 1392534, 1393200]"
"CBN-Pla-A1-20130808","[1396253, 1397475, 1395807]"
"CBN-Pla-A1-20130904","[1397475, 1396253, 1363133]"
"CBN-Pla-A1-20140722","[1397475, 1396253, 1395949]"
"CBN-Pla-A1-20140812","[1397475, 1396253, 1400176]"
"CBN-Pla-A1-20140902","[1397475, 1392241, 1394311]"
"CBN-Pla-A1-20150702","[1397475, 1396253, 1390793]"
"CBN-Pla-A1-20150723","[1397475, 1396253, 1361367]"
"CBN-Pla-A1-20150811","[1397475, 1741880, 1396253]"
"CBN-Pla-A1-20150901","[1400176, 1397475, 1742053]"
"CBN-Pla-A1-20160707","[1397475, 1396253, 1362738]"
"CBN-Pla-A1-20160728","[1397475, 1396253, 1395807]"
"CBN-Pla-A1-20180724","[1397475, 1390793, 1397279]"
"CBN-Pla-A1-20180816","[1397475, 1400176, 1396253]"
"CBN-Pla-A1-20180906","[1397475, 1395807, 1412857]"
"CBN-Pla-A1-20190723","[1397475, 1392241, 1388766]"
"CBN-Pla-A1-20190814","[1397475, 1394643, 1412857]"
"CBN-Pla-A1-20200630","[1741564, 1400182, 1366028]"
"CBN-Pla-A1-20200723","[1400176, 1397500, 1397475]"
"CBN-Pla-A1-20200814","[1412857, 1392552, 1742053]"
"CBN-Pla-A2-20130724","[1396015, 1529402, 1397549]"
"CBN-Pla-A2-20130808","[1396253, 1395807, 1412857]"
"CBN-Pla-A2-20130904","[1396015, 1395973, 1395807]"
"CBN-Pla-A2-20140722","[1395973, 1396015, 1395949]"
"CBN-Pla-A2-20140812","[1396144, 1361374, 1396015]"
"CBN-Pla-A2-20140902","[1395949, 1396015, 1361367]"
"CBN-Pla-A2-20150702","[1396253, 1412857, 1396015]"
"CBN-Pla-A2-20150723","[1742053, 1396015, 1412857]"
"CBN-Pla-A2-20150811","[1392552, 1396015, 1392566]"
"CBN-Pla-A2-20150901","[1396015, 1392552, 1412857]"
"CBN-Pla-A2-20160707","[1396015, 1412857, 1396253]"
"CBN-Pla-A2-20160728","[1394643, 1395807, 1741880]"
"CBN-Pla-A2-20180724","[1396180, 1396018, 1395949]"
"CBN-Pla-A2-20180816","[1396015, 1396253, 1412857]"
"CBN-Pla-A2-20180906","[1396015, 1395949, 1395973]"
"CBN-Pla-A2-20190723","[1412857, 1742053, 1396253]"
"CBN-Pla-A2-20190814","[1396144, 1396015, 1396253]"
"CBN-Pla-A2-20200723","[1397043, 1396015, 1396253]"
"CBN-Pla-A2-20200814","[1742053, 1412857, 1396015]"
"CBN-Pla-A3-20130724","[1392534, 1528543, 1529410]"
"CBN-Pla-A3-20130808","[1396253, 1395807, 1412857]"
"CBN-Pla-A3-20130904","[1395870, 1397046, 1741880]"
"CBN-Pla-A3-20140722","[1390793, 1363543, 1528543]"
"CBN-Pla-A3-20140812","[1395807, 1396843, 1741880]"
"CBN-Pla-A3-20140902","[1361367, 1395807, 1397043]"
"CBN-Pla-A3-20150702","[1396144, 1396843, 1395870]"
"CBN-Pla-A3-20150723","[1395807, 1397043, 1361367]"
"CBN-Pla-A3-20150811","[1396144, 1395807, 1412857]"
"CBN-Pla-A3-20150901","[1412857, 1395807, 1396253]"
"CBN-Pla-A3-20160707","[1396144, 1741880, 1363543]"
"CBN-Pla-A3-20160728","[1396144, 1397043, 1412857]"
"CBN-Pla-A3-20180724","[1394643, 1396144, 1396754]"
"CBN-Pla-A3-20180816","[1397043, 1395807, 1396144]"
"CBN-Pla-A3-20180906","[1396144, 1412857, 1395807]"
"CBN-Pla-A3-20190723","[1396144, 1395807, 1361367]"
"CBN-Pla-A3-20190814","[1647180, 1361367, 1396843]"
"CBN-Pla-A3-20200723","[1395807, 1397043, 1361367]"
"CBN-Pla-A3-20200814","[1392541, 1396144, 1396843]"
"CBN-Pla-A4-20130724","[1363543, 1609716, 1392541]"
"CBN-Pla-A4-20130808","[1741880, 1395870, 1395807]"
"CBN-Pla-A4-20130904","[1741880, 1395870, 1395807]"
"CBN-Pla-A4-20140722","[1390793, 1395870, 1741880]"
"CBN-Pla-A4-20140812","[1395870, 1741880, 1395807]"
"CBN-Pla-A4-20140902","[1741880, 1395870, 1395807]"
"CBN-Pla-A4-20150702","[1390793, 1418688, 1588800]"
"CBN-Pla-A4-20150723","[1395870, 1741880, 1396869]"
"CBN-Pla-A4-20150811","[1741880, 1395870, 1395718]"
"CBN-Pla-A4-20150901","[1395870, 1741880, 1395718]"
"CBN-Pla-A4-20160707","[1741880, 1395870, 1394311]"
"CBN-Pla-A4-20160728","[1395807, 1395718, 1397043]"
"CBN-Pla-A4-20180724","[1392522, 1363543, 1609716]"
"CBN-Pla-A4-20180816","[1395870, 1741880, 1397043]"
"CBN-Pla-A4-20180906","[1395870, 1741880, 1397043]"
"CBN-Pla-A4-20190723","[1741880, 1395870, 1395807]"
"CBN-Pla-A4-20190814","[1741880, 1395870, 1395807]"
"CBN-Pla-A4-20200723","[1741880, 1395870, 1396253]"
"CBN-Pla-A4-20200814","[1395870, 1741880, 1395807]"
"CBN-Pla-A5-20130724","[1727501, 1418688, 1741880]"
"CBN-Pla-A5-20130808","[1741880, 1395870, 1395862]"
"CBN-Pla-A5-20130904","[1741880, 1395870, 1397386]"
"CBN-Pla-A5-20140722","[1647156, 1395870, 1396144]"
"CBN-Pla-A5-20140812","[1741880, 1395870, 1412857]"
"CBN-Pla-A5-20140902","[1395870, 1741880, 1361367]"
"CBN-Pla-A5-20150702","[1396094, 1741880, 1412857]"
"CBN-Pla-A5-20150723","[1395870, 1741880, 1742053]"
"CBN-Pla-A5-20150811","[1741880, 1395870, 1742053]"
"CBN-Pla-A5-20160707","[1741880, 1396253, 1412857]"
"CBN-Pla-A5-20160728","[1395870, 1741880, 1396144]"
"CBN-Pla-A5-20180724","[1390837, 1741880, 1390793]"
"CBN-Pla-A5-20180816","[1395870, 1741880, 1742053]"
"CBN-Pla-A5-20180906","[1395870, 1741880, 1412857]"
"CBN-Pla-A5-20190723","[1741880, 1395870, 1394542]"
"CBN-Pla-A5-20190814","[1395870, 1412857, 1741880]"
"CBN-Pla-A5-20200723","[1741880, 1395870, 1395807]"
"CBN-Pla-A5-20200814","[1395870, 1741880, 1395862]"
"CBN-Pla-A6-20130724","[1358099, 1395870, 1418688]"
"CBN-Pla-A6-20130808","[1741880, 1395870, 1396253]"
"CBN-Pla-A6-20130904","[1395870, 1741880, 1395807]"
"CBN-Pla-A6-20140722","[1741880, 1396253, 1395870]"
"CBN-Pla-A6-20140812","[1741880, 1396144, 1395870]"
"CBN-Pla-A6-20140902","[1395870, 1741880, 1361367]"
"CBN-Pla-A6-20150702","[1396253, 1396094, 1741880]"
"CBN-Pla-A6-20150723","[1395870, 1741880, 1396869]"
"CBN-Pla-A6-20150811","[1741880, 1395870, 1396843]"
"CBN-Pla-A6-20150901","[1395870, 1396843, 1741880]"
"CBN-Pla-A6-20160707","[1390793, 1395807, 1358099]"
"CBN-Pla-A6-20160728","[1395870, 1741880, 1395807]"
"CBN-Pla-A6-20180724","[1396018, 1390793, 1396030]"
"CBN-Pla-A6-20180816","[1395870, 1741880, 1395807]"
"CBN-Pla-A6-20180906","[1396144, 1395870, 1395807]"
"CBN-Pla-A6-20190723","[1395870, 1395862, 1741880]"
"CBN-Pla-A6-20190814","[1361367, 1395718, 1396843]"
"CBN-Pla-A6-20200723","[1741880, 1395870, 1580587]"
"CBN-Pla-A6-20200814","[1741624, 1396843, 1395807]"
"CBN-Pla-B1-20130724","[1363133, 1529410, 1397386]"
"CBN-Pla-B1-20130808","[1396253, 1395807, 1741880]"
"CBN-Pla-B1-20130904","[1396253, 1395807, 1359835]"
"CBN-Pla-B1-20140722","[1396253, 1390793, 1392541]"
"CBN-Pla-B1-20140812","[1396253, 1395807, 1412857]"
"CBN-Pla-B1-20140902","[1741880, 1361367, 1742053]"
"CBN-Pla-B1-20150702","[1396253, 1392352, 1394643]"
"CBN-Pla-B1-20150723","[1361367, 1395807, 1395870]"
"CBN-Pla-B1-20150811","[1396253, 1742053, 1741880]"
"CBN-Pla-B1-20150901","[1396253, 1394311, 1400176]"
"CBN-Pla-B1-20160707","[1741880, 1396253, 1395870]"
"CBN-Pla-B1-20160728","[1396253, 1395807, 1742053]"
"CBN-Pla-B1-20180724","[1396253, 1529410, 1360143]"
"CBN-Pla-B1-20180816","[1742053, 1395807, 1396253]"
"CBN-Pla-B1-20180906","[1396253, 1412857, 1742053]"
"CBN-Pla-B1-20190723","[1396253, 1741880, 1395807]"
"CBN-Pla-B1-20190814","[1742053, 1394311, 1392260]"
"CBN-Pla-B1-20200630","[1419104, 1743300, 1647156]"
"CBN-Pla-B1-20200723","[1395807, 1396253, 1741880]"
"CBN-Pla-B1-20200814","[1397381, 1412857, 1395807]"
"CBN-Pla-B2-20130724","[1399798, 1743315, 1394911]"
"CBN-Pla-B2-20130808","[1396253, 1412857, 1395807]"
"CBN-Pla-B2-20130904","[1395807, 1363543, 1394311]"
"CBN-Pla-B2-20140722","[1390837, 1390793, 1396253]"
"CBN-Pla-B2-20140812","[1395807, 1396843, 1651363]"
"CBN-Pla-B2-20140902","[1396843, 1397106, 1395807]"
"CBN-Pla-B2-20150702","[1743471, 1651061, 1361138]"
"CBN-Pla-B2-20150723","[1395807, 1396253, 1396843]"
"CBN-Pla-B2-20150811","[1392552, 1396843, 1395807]"
"CBN-Pla-B2-20150901","[1396253, 1392552, 1741880]"
"CBN-Pla-B2-20160707","[1396253, 1395870, 1396843]"
"CBN-Pla-B2-20160728","[1395807, 1741880, 1395870]"
"CBN-Pla-B2-20180724","[1418688, 1744504, 1578131]"
"CBN-Pla-B2-20180816","[1741880, 1395807, 1396843]"
"CBN-Pla-B2-20180906","[1396843, 1396253, 1364066]"
"CBN-Pla-B2-20190723","[1741880, 1395807, 1396843]"
"CBN-Pla-B2-20190814","[1397386, 1362482, 1741880]"
"CBN-Pla-B2-20200723","[1397043, 1396253, 1396843]"
"CBN-Pla-B2-20200814","[1741880, 1395807, 1392186]"
"CBN-Pla-B3-20130724","[1395807, 1651427, 1390532]"
"CBN-Pla-B3-20130808","[1396253, 1395807, 1412857]"
"CBN-Pla-B3-20130904","[1396253, 1395807, 1412857]"
"CBN-Pla-B3-20140722","[1396253, 1361275, 1418688]"
"CBN-Pla-B3-20140812","[1396253, 1412857, 1395807]"
"CBN-Pla-B3-20140902","[1361367, 1396253, 1395807]"
"CBN-Pla-B3-20150811","[1396253, 1743471, 1395807]"
"CBN-Pla-B3-20150901","[1396253, 1361347, 1395807]"
"CBN-Pla-B3-20160707","[1396253, 1361347, 1395807]"
"CBN-Pla-B3-20160728","[1396253, 1395807, 1394366]"
"CBN-Pla-B3-20180724","[1394311, 1356359, 1363619]"
"CBN-Pla-B3-20180816","[1396253, 1395807, 1396843]"
"CBN-Pla-B3-20180906","[1396253, 1412857, 1395807]"
"CBN-Pla-B3-20190723","[1395807, 1394366, 1361347]"
"CBN-Pla-B3-20190814","[1395807, 1361333, 1362482]"
"CBN-Pla-B3-20200723","[1396253, 1395807, 1742053]"
"CBN-Pla-B3-20200814","[1397386, 1396253, 1743471]"
"CBN-Pla-B4-20130724","[1392067, 1743474, 1397386]"
"CBN-Pla-B4-20130808","[1395870, 1395807, 1395862]"
"CBN-Pla-B4-20130904","[1397043, 1391085, 1395870]"
"CBN-Pla-B4-20140722","[1397376, 1396838, 1397386]"
"CBN-Pla-B4-20140812","[1396253, 1395807, 1361367]"
"CBN-Pla-B4-20140902","[1397043, 1397386, 1395807]"
"CBN-Pla-B4-20150702","[1390793, 1390837, 1363543]"
"CBN-Pla-B4-20150723","[1395807, 1397386, 1394542]"
"CBN-Pla-B4-20150811","[1362325, 1388766, 1396843]"
"CBN-Pla-B4-20150901","[1396843, 1395807, 1397386]"
"CBN-Pla-B4-20160707","[1397386, 1363543, 1394311]"
"CBN-Pla-B4-20160728","[1395807, 1392541, 1397043]"
"CBN-Pla-B4-20180724","[1397386, 1390793, 1396843]"
"CBN-Pla-B4-20180816","[1397386, 1396843, 1395807]"
"CBN-Pla-B4-20180906","[1397043, 1397046, 1396253]"
"CBN-Pla-B4-20190723","[1394311, 1396843, 1395807]"
"CBN-Pla-B4-20190814","[1396843, 1651427, 1361347]"
"CBN-Pla-B4-20200723","[1395807, 1397043, 1396253]"
"CBN-Pla-B4-20200814","[1395807, 1394311, 1394065]"
"CBN-Pla-B5-20130724","[1418612, 1390811, 1394044]"
"CBN-Pla-B5-20130808","[1395807, 1395870, 1396843]"
"CBN-Pla-B5-20130904","[1397043, 1395807, 1392407]"
"CBN-Pla-B5-20140722","[1396253, 1394309, 1363543]"
"CBN-Pla-B5-20140812","[1397043, 1395807, 1396561]"
"CBN-Pla-B5-20140902","[1361367, 1395870, 1395807]"
"CBN-Pla-B5-20150702","[1396253, 1392565, 1744194]"
"CBN-Pla-B5-20150723","[1647677, 1395870, 1362482]"
"CBN-Pla-B5-20150811","[1741880, 1395870, 1362482]"
"CBN-Pla-B5-20150901","[1395870, 1396144, 1394311]"
"CBN-Pla-B5-20160707","[1395870, 1395120, 1396970]"
"CBN-Pla-B5-20160728","[1741880, 1397043, 1395807]"
"CBN-Pla-B5-20180724","[1396144, 1418688, 1363619]"
"CBN-Pla-B5-20180816","[1395870, 1741880, 1395807]"
"CBN-Pla-B5-20180906","[1395807, 1397043, 1397046]"
"CBN-Pla-B5-20190723","[1395807, 1396843, 1396186]"
"CBN-Pla-B5-20190814","[1395870, 1741880, 1397043]"
"CBN-Pla-B5-20200723","[1397043, 1395807, 1397046]"
"CBN-Pla-B5-20200814","[1395870, 1741880, 1397043]"
"CBN-Pla-B6-20130724","[1396144, 1397491, 1741880]"
"CBN-Pla-B6-20130808","[1396144, 1396253, 1395807]"
"CBN-Pla-B6-20130904","[1396144, 1396253, 1400017]"
"CBN-Pla-B6-20140722","[1396144, 1397491, 1396180]"
"CBN-Pla-B6-20140812","[1396144, 1395807, 1397491]"
"CBN-Pla-B6-20140902","[1396144, 1396015, 1395973]"
"CBN-Pla-B6-20150702","[1396253, 1395940, 1688053]"
"CBN-Pla-B6-20150723","[1395807, 1396144, 1396869]"
"CBN-Pla-B6-20150811","[1396144, 1396663, 1396843]"
"CBN-Pla-B6-20150901","[1396015, 1396253, 1396144]"
"CBN-Pla-B6-20160707","[1396144, 1396015, 1396023]"
"CBN-Pla-B6-20160728","[1396015, 1396144, 1395973]"
"CBN-Pla-B6-20180816","[1396144, 1396015, 1397043]"
"CBN-Pla-B6-20180906","[1396144, 1396015, 1395940]"
"CBN-Pla-B6-20190723","[1396144, 1396015, 1396253]"
"CBN-Pla-B6-20190814","[1396144, 1396015, 1397491]"
"CBN-Pla-B6-20200723","[1396144, 1396015, 1395807]"
"CBN-Pla-B6-20200814","[1396144, 1396015, 1395807]"
"CBN-Pla-C1-20130808","[1395807, 1396144, 1392535]"
"CBN-Pla-C1-20130904","[1395870, 1741880, 1392541]"
"CBN-Pla-C1-20150702","[1741880, 1392534, 1363618]"
"CBN-Pla-C1-20150723","[1395870, 1741880, 1392534]"
"CBN-Pla-C1-20150811","[1395870, 1741880, 1395807]"
"CBN-Pla-C1-20150901","[1742053, 1395870, 1392534]"
"CBN-Pla-C1-20160707","[1741880, 1395870, 1394911]"
"CBN-Pla-C1-20160728","[1395870, 1741880, 1741624]"
"CBN-Pla-C1-20180816","[1741624, 1395870, 1741880]"
"CBN-Pla-C1-20180906","[1395870, 1741880, 1394911]"
"CBN-Pla-C1-20190723","[1392535, 1392534, 1741880]"
"CBN-Pla-C1-20190814","[1395870, 1400176, 1741880]"
"CBN-Pla-C1-20200723","[1395870, 1741880, 1741624]"
"CBN-Pla-C1-20200814","[1742053, 1395870, 1741880]"
"CBN-Pla-C2-20130808","[1741880, 1396253, 1395870]"
"CBN-Pla-C2-20130904","[1741880, 1395870, 1412857]"
"CBN-Pla-C2-20140722","[1356228, 1396144, 1743359]"
"CBN-Pla-C2-20140902","[1741880, 1395870, 1412857]"
"CBN-Pla-C2-20150702","[1395870, 1741880, 1356422]"
"CBN-Pla-C2-20150723","[1741880, 1395870, 1742052]"
"CBN-Pla-C2-20150811","[1741880, 1395870, 1742053]"
"CBN-Pla-C2-20150901","[1394542, 1395870, 1741880]"
"CBN-Pla-C2-20160707","[1396253, 1390793, 1394311]"
"CBN-Pla-C2-20160728","[1742053, 1412857, 1395807]"
"CBN-Pla-C2-20180724","[1743471, 1396253, 1361275]"
"CBN-Pla-C2-20180816","[1412857, 1396253, 1742053]"
"CBN-Pla-C2-20180906","[1742053, 1412857, 1396253]"
"CBN-Pla-C2-20190723","[1396253, 1390899, 1400176]"
"CBN-Pla-C2-20190814","[1397043, 1742053, 1397046]"
"CBN-Pla-C2-20200723","[1396253, 1412857, 1450108]"
"CBN-Pla-C2-20200814","[1742053, 1396253, 1412857]"
"CBN-Pla-C3-20130808","[1400176, 1395807, 1394643]"
"CBN-Pla-C3-20130904","[1400176, 1396253, 1392293]"
"CBN-Pla-C3-20140722","[1390793, 1390837, 1390811]"
"CBN-Pla-C3-20140902","[1400176, 1361367, 1395807]"
"CBN-Pla-C3-20150702","[1395870, 1741880, 1397500]"
"CBN-Pla-C3-20150723","[1390899, 1400176, 1395870]"
"CBN-Pla-C3-20150811","[1400176, 1741880, 1395807]"
"CBN-Pla-C3-20150901","[1741880, 1412857, 1395870]"
"CBN-Pla-C3-20160707","[1396253, 1394643, 1390793]"
"CBN-Pla-C3-20160728","[1741880, 1395870, 1395807]"
"CBN-Pla-C3-20180724","[1394643, 1418688, 1532190]"
"CBN-Pla-C3-20180816","[1412857, 1395870, 1741880]"
"CBN-Pla-C3-20180906","[1742053, 1400176, 1397500]"
"CBN-Pla-C3-20190723","[1741880, 1395807, 1742053]"
"CBN-Pla-C3-20190814","[1741880, 1395870, 1361367]"
"CBN-Pla-C3-20200723","[1741880, 1400176, 1395807]"
"CBN-Pla-C3-20200814","[1741880, 1400176, 1394311]"
"CBN-Pla-C4-20130808","[1395807, 1396253, 1396843]"
"CBN-Pla-C4-20130904","[1394643, 1395807, 1394641]"
"CBN-Pla-C4-20140902","[1395807, 1394311, 1361099]"
"CBN-Pla-C4-20150702","[1396253, 1741880, 1396843]"
"CBN-Pla-C4-20150723","[1395807, 1396253, 1590997]"
"CBN-Pla-C4-20150811","[1396843, 1397500, 1395807]"
"CBN-Pla-C4-20150901","[1361141, 1393200, 1396843]"
"CBN-Pla-C4-20160707","[1532190, 1397500, 1395807]"
"CBN-Pla-C4-20160728","[1397043, 1395807, 1397500]"
"CBN-Pla-C4-20180724","[1396253, 1390837, 1397500]"
"CBN-Pla-C4-20180816","[1412857, 1396253, 1397500]"
"CBN-Pla-C4-20180906","[1396253, 1412857, 1395807]"
"CBN-Pla-C4-20190723","[1396253, 1395807, 1361367]"
"CBN-Pla-C4-20190814","[1396253, 1412857, 1742053]"
"CBN-Pla-C4-20200723","[1396253, 1741880, 1397043]"
"CBN-Pla-C4-20200814","[1742053, 1412857, 1396253]"
"CBN-Pla-C5-20130808","[1396144, 1395807, 1361367]"
"CBN-Pla-C5-20130904","[1395807, 1396144, 1397386]"
"CBN-Pla-C5-20140722","[1396144, 1390904, 1397491]"
"CBN-Pla-C5-20140902","[1396144, 1362482, 1395807]"
"CBN-Pla-C5-20150702","[1396144, 1393224, 1397491]"
"CBN-Pla-C5-20150723","[1396144, 1397046, 1397043]"
"CBN-Pla-C5-20150811","[1396144, 1395807, 1396869]"
"CBN-Pla-C5-20150901","[1396869, 1396144, 1394311]"
"CBN-Pla-C5-20160707","[1399800, 1394597, 1744293]"
"CBN-Pla-C5-20160728","[1395807, 1396144, 1394311]"
"CBN-Pla-C5-20180724","[1396144, 1397491, 1390793]"
"CBN-Pla-C5-20180816","[1396869, 1395807, 1363630]"
"CBN-Pla-C5-20180906","[1395807, 1412857, 1737701]"
"CBN-Pla-C5-20190723","[1395807, 1741880, 1388766]"
"CBN-Pla-C5-20190814","[1359333, 1395807, 1389929]"
"CBN-Pla-C5-20200723","[1412857, 1395807, 1742053]"
"CBN-Pla-C5-20200814","[1395807, 1361141, 1388766]"
"CBN-Pla-C6-20130808","[1396253, 1395807, 1395870]"
"CBN-Pla-C6-20130904","[1395870, 1396253, 1395807]"
"CBN-Pla-C6-20140902","[1395807, 1394311, 1390693]"
"CBN-Pla-C6-20150702","[1396253, 1609716, 1742052]"
"CBN-Pla-C6-20150723","[1741880, 1742053, 1395807]"
"CBN-Pla-C6-20150811","[1395807, 1396253, 1742053]"
"CBN-Pla-C6-20150901","[1396253, 1742053, 1395807]"
"CBN-Pla-C6-20160707","[1396253, 1396144, 1392241]"
"CBN-Pla-C6-20160728","[1395870, 1395807, 1396253]"
"CBN-Pla-C6-20180724","[1396253, 1391774, 1391781]"
"CBN-Pla-C6-20180816","[1412857, 1742053, 1395807]"
"CBN-Pla-C6-20180906","[1742053, 1395807, 1412857]"
"CBN-Pla-C6-20190723","[1395807, 1742053, 1741880]"
"CBN-Pla-C6-20190814","[1741880, 1396253, 1395807]"
"CBN-Pla-C6-20200723","[1396253, 1412857, 1395807]"
"CBN-Pla-C6-20200814","[1395870, 1741880, 1395807]"
"CBN-Pla-D1-20130808","[1396253, 1361347, 1395807]"
"CBN-Pla-D1-20130904","[1396144, 1396253, 1742053]"
"CBN-Pla-D1-20140722","[1396253, 1418688, 1390811]"
"CBN-Pla-D1-20140902","[1395870, 1741880, 1396253]"
"CBN-Pla-D1-20150702","[1396253, 1394311, 1741880]"
"CBN-Pla-D1-20150723","[1395870, 1741880, 1396253]"
"CBN-Pla-D1-20150811","[1412857, 1396253, 1395807]"
"CBN-Pla-D1-20150901","[1400176, 1742053, 1396253]"
"CBN-Pla-D1-20160707","[1396253, 1361347, 1412857]"
"CBN-Pla-D1-20160728","[1396253, 1395807, 1400176]"
"CBN-Pla-D1-20180724","[1412857, 1397386, 1361347]"
"CBN-Pla-D1-20180816","[1742053, 1412857, 1395807]"
"CBN-Pla-D1-20180906","[1412857, 1391120, 1395807]"
"CBN-Pla-D1-20190723","[1396253, 1394542, 1358463]"
"CBN-Pla-D1-20190814","[1394311, 1395718, 1741880]"
"CBN-Pla-D1-20200723","[1394911, 1742053, 1394597]"
"CBN-Pla-D1-20200814","[1742053, 1412857, 1741624]"
"CBN-Pla-D2-20130808","[1361347, 1396253, 1741880]"
"CBN-Pla-D2-20130904","[1396843, 1395807, 1396253]"
"CBN-Pla-D2-20140722","[1390761, 1395949, 1397500]"
"CBN-Pla-D2-20140902","[1393200, 1396843, 1395807]"
"CBN-Pla-D2-20150702","[1396253, 1396843, 1390811]"
"CBN-Pla-D2-20150723","[1396843, 1397450, 1397106]"
"CBN-Pla-D2-20150811","[1400176, 1412857, 1396843]"
"CBN-Pla-D2-20150901","[1396843, 1412857, 1742053]"
"CBN-Pla-D2-20160707","[1741880, 1412857, 1395870]"
"CBN-Pla-D2-20160728","[1412857, 1400176, 1395807]"
"CBN-Pla-D2-20180724","[1412857, 1390837, 1742053]"
"CBN-Pla-D2-20180816","[1412857, 1400176, 1396253]"
"CBN-Pla-D2-20180906","[1396253, 1400176, 1412857]"
"CBN-Pla-D2-20190723","[1742053, 1741880, 1396253]"
"CBN-Pla-D2-20190814","[1396253, 1412857, 1742053]"
"CBN-Pla-D2-20200723","[1396843, 1396253, 1412857]"
"CBN-Pla-D2-20200814","[1400176, 1742053, 1392552]"
"CBN-Pla-D3-20130808","[1741880, 1395870, 1395807]"
"CBN-Pla-D3-20130904","[1395870, 1741880, 1363133]"
"CBN-Pla-D3-20140722","[1363133, 1397500, 1743999]"
"CBN-Pla-D3-20140902","[1395870, 1741880, 1396253]"
"CBN-Pla-D3-20150702","[1397500, 1396253, 1393200]"
"CBN-Pla-D3-20150723","[1741880, 1395870, 1396253]"
"CBN-Pla-D3-20150811","[1395870, 1741880, 1396253]"
"CBN-Pla-D3-20150901","[1395870, 1396253, 1397386]"
"CBN-Pla-D3-20160707","[1397500, 1396094, 1741880]"
"CBN-Pla-D3-20160728","[1741880, 1395870, 1392541]"
"CBN-Pla-D3-20180724","[1390793, 1361347, 1394311]"
"CBN-Pla-D3-20180816","[1412857, 1741880, 1396253]"
"CBN-Pla-D3-20180906","[1400176, 1396253, 1395870]"
"CBN-Pla-D3-20190723","[1741880, 1395870, 1396253]"
"CBN-Pla-D3-20190814","[1395870, 1741880, 1394643]"
"CBN-Pla-D3-20200723","[1400176, 1741880, 1396253]"
"CBN-Pla-D3-20200814","[1741880, 1392552, 1395870]"
"CBN-Pla-D4-20130808","[1741880, 1395870, 1396253]"
"CBN-Pla-D4-20130904","[1395870, 1396144, 1741880]"
"CBN-Pla-D4-20140722","[1396144, 1396253, 1361275]"
"CBN-Pla-D4-20140902","[1395870, 1741880, 1396253]"
"CBN-Pla-D4-20150702","[1388766, 1396253, 1390793]"
"CBN-Pla-D4-20150723","[1742052, 1395870, 1390899]"
"CBN-Pla-D4-20150811","[1395870, 1396253, 1741880]"
"CBN-Pla-D4-20150901","[1396253, 1395870, 1743471]"
"CBN-Pla-D4-20160707","[1396253, 1395870, 1392541]"
"CBN-Pla-D4-20160728","[1397043, 1396253, 1395807]"
"CBN-Pla-D4-20180724","[1396253, 1361347, 1390904]"
"CBN-Pla-D4-20180816","[1395870, 1396253, 1741880]"
"CBN-Pla-D4-20180906","[1395870, 1741880, 1396253]"
"CBN-Pla-D4-20190723","[1396253, 1395870, 1741880]"
"CBN-Pla-D4-20190814","[1395870, 1395807, 1396253]"
"CBN-Pla-D4-20200723","[1395870, 1396253, 1395807]"
"CBN-Pla-D4-20200814","[1395870, 1392552, 1396253]"
"CBN-Pla-D5-20130808","[1412857, 1396253, 1396144]"
"CBN-Pla-D5-20130904","[1396843, 1395807, 1418612]"
"CBN-Pla-D5-20140722","[1396144, 1390793, 1390811]"
"CBN-Pla-D5-20140902","[1396144, 1394311, 1361367]"
"CBN-Pla-D5-20150702","[1396253, 1394597, 1418612]"
"CBN-Pla-D5-20150723","[1396144, 1395807, 1361367]"
"CBN-Pla-D5-20150811","[1390883, 1361367, 1361141]"
"CBN-Pla-D5-20150901","[1396843, 1394311, 1395807]"
"CBN-Pla-D5-20160707","[1392541, 1395807, 1359750]"
"CBN-Pla-D5-20160728","[1395807, 1397043, 1396253]"
"CBN-Pla-D5-20180724","[1396253, 1418688, 1390793]"
"CBN-Pla-D5-20180816","[1396253, 1395807, 1397043]"
"CBN-Pla-D5-20180906","[1396253, 1396843, 1395807]"
"CBN-Pla-D5-20190723","[1395807, 1396253, 1741880]"
"CBN-Pla-D5-20190814","[1396144, 1397043, 1397046]"
"CBN-Pla-D5-20200723","[1396253, 1396843, 1395807]"
"CBN-Pla-D6-20130808","[1392541, 1412857, 1396253]"
"CBN-Pla-D6-20130904","[1392535, 1392534, 1395870]"
"CBN-Pla-D6-20140722","[1412857, 1609716, 1392541]"
"CBN-Pla-D6-20140902","[1392552, 1395807, 1392541]"
"CBN-Pla-D6-20150702","[1399800, 1744293, 1399798]"
"CBN-Pla-D6-20150723","[1395807, 1741880, 1392535]"
"CBN-Pla-D6-20150811","[1392552, 1395807, 1396253]"
"CBN-Pla-D6-20150901","[1392541, 1396843, 1392535]"
"CBN-Pla-D6-20160707","[1741880, 1396253, 1392541]"
"CBN-Pla-D6-20160728","[1396253, 1397043, 1395807]"
"CBN-Pla-D6-20180724","[1412857, 1744293, 1390904]"
"CBN-Pla-D6-20180816","[1397043, 1395807, 1396843]"
"CBN-Pla-D6-20180906","[1395807, 1392541, 1396843]"
"CBN-Pla-D6-20190723","[1395807, 1394597, 1742053]"
"CBN-Pla-D6-20190814","[1741880, 1397043, 1395870]"
"CBN-Pla-D6-20200723","[1395807, 1412857, 1742053]"
"CBN-Pla-D6-20200814","[1392552, 1395807, 1742053]"
"CBN-Pla-E1-20130808","[1396144, 1396253, 1397491]"
"CBN-Pla-E1-20130904","[1396144, 1396253, 1395949]"
"CBN-Pla-E1-20140722","[1396144, 1744293, 1399800]"
"CBN-Pla-E1-20140902","[1396144, 1396253, 1397491]"
"CBN-Pla-E1-20150702","[1396144, 1396253, 1397491]"
"CBN-Pla-E1-20150723","[1396144, 1396272, 1392448]"
"CBN-Pla-E1-20150901","[1396144, 1396272, 1396253]"
"CBN-Pla-E1-20160707","[1396144, 1392541, 1396253]"
"CBN-Pla-E1-20160728","[1396144, 1392535, 1392534]"
"CBN-Pla-E1-20180816","[1396144, 1744479, 1647128]"
"CBN-Pla-E1-20180906","[1394542, 1396144, 1396253]"
"CBN-Pla-E1-20190723","[1744479, 1392535, 1392541]"
"CBN-Pla-E1-20190814","[1744479, 1396253, 1396144]"
"CBN-Pla-E1-20200630","[1396253, 1395949, 1395948]"
"CBN-Pla-E1-20200723","[1396843, 1396144, 1744479]"
"CBN-Pla-E1-20200814","[1744479, 1647128, 1396362]"
"CBN-Pla-E2-20130808","[1396144, 1396253, 1738749]"
"CBN-Pla-E2-20130904","[1396144, 1396272, 1396253]"
"CBN-Pla-E2-20140722","[1396144, 1396253, 1738749]"
"CBN-Pla-E2-20140902","[1396144, 1396253, 1394542]"
"CBN-Pla-E2-20150702","[1396144, 1396253, 1412857]"
"CBN-Pla-E2-20150723","[1396144, 1396272, 1396253]"
"CBN-Pla-E2-20150901","[1396144, 1396253, 1742053]"
"CBN-Pla-E2-20160707","[1396253, 1396144, 1738749]"
"CBN-Pla-E2-20160728","[1400176, 1396144, 1396253]"
"CBN-Pla-E2-20180724","[1396253, 1396111, 1396144]"
"CBN-Pla-E2-20180816","[1396253, 1396144, 1647128]"
"CBN-Pla-E2-20180906","[1742053, 1412857, 1396253]"
"CBN-Pla-E2-20190723","[1396144, 1396253, 1744479]"
"CBN-Pla-E2-20190814","[1742053, 1647128, 1396253]"
"CBN-Pla-E2-20200630","[1396144, 1358099, 1396253]"
"CBN-Pla-E2-20200723","[1396253, 1647128, 1742053]"
"CBN-Pla-E2-20200814","[1744479, 1647128, 1396253]"
"CBN-Pla-E3-20130808","[1396144, 1396253, 1412857]"
"CBN-Pla-E3-20130904","[1396144, 1396253, 1400176]"
"CBN-Pla-E3-20140722","[1396144, 1396253, 1394311]"
"CBN-Pla-E3-20140902","[1396144, 1412857, 1396843]"
"CBN-Pla-E3-20150702","[1396253, 1396144, 1412857]"
"CBN-Pla-E3-20150723","[1396253, 1412857, 1396144]"
"CBN-Pla-E3-20150811","[1396253, 1412857, 1394311]"
"CBN-Pla-E3-20150901","[1412857, 1742053, 1396253]"
"CBN-Pla-E3-20160707","[1396253, 1396144, 1363543]"
"CBN-Pla-E3-20160728","[1412857, 1742053, 1396253]"
"CBN-Pla-E3-20180724","[1396253, 1647156, 1390837]"
"CBN-Pla-E3-20180816","[1397043, 1396253, 1412857]"
"CBN-Pla-E3-20180906","[1412857, 1396253, 1742053]"
"CBN-Pla-E3-20190723","[1392535, 1392534, 1396253]"
"CBN-Pla-E3-20190814","[1396253, 1397043, 1394542]"
"CBN-Pla-E3-20200630","[1390532, 1395949, 1396111]"
"CBN-Pla-E3-20200723","[1396253, 1412857, 1397043]"
"CBN-Pla-E3-20200814","[1742053, 1412857, 1400176]"
"CBN-Pla-E4-20130808","[1396253, 1396843, 1412857]"
"CBN-Pla-E4-20130904","[1396843, 1396253, 1392535]"
"CBN-Pla-E4-20140722","[1396253, 1392534, 1396843]"
"CBN-Pla-E4-20140902","[1396843, 1361367, 1395718]"
"CBN-Pla-E4-20150702","[1396253, 1396843, 1390793]"
"CBN-Pla-E4-20150811","[1396843, 1396253, 1400176]"
"CBN-Pla-E4-20150901","[1396253, 1396843, 1400176]"
"CBN-Pla-E4-20160707","[1396253, 1396843, 1361275]"
"CBN-Pla-E4-20160728","[1396253, 1396843, 1395718]"
"CBN-Pla-E4-20180724","[1396253, 1392541, 1392535]"
"CBN-Pla-E4-20180816","[1392534, 1396253, 1392535]"
"CBN-Pla-E4-20180906","[1395718, 1396843, 1396253]"
"CBN-Pla-E4-20190723","[1396253, 1412857, 1396843]"
"CBN-Pla-E4-20190814","[1396843, 1396253, 1361275]"
"CBN-Pla-E4-20200630","[1396253, 1399798, 1744294]"
"CBN-Pla-E4-20200723","[1397043, 1397046, 1396253]"
"CBN-Pla-E4-20200814","[1396869, 1396253, 1396843]"
"CBN-Pla-E5-20130808","[1396253, 1744293, 1392541]"
"CBN-Pla-E5-20130904","[1395807, 1397386, 1399798]"
"CBN-Pla-E5-20140722","[1399800, 1399798, 1363618]"
"CBN-Pla-E5-20140902","[1392541, 1361367, 1394599]"
"CBN-Pla-E5-20150702","[1392260, 1392330, 1396843]"
"CBN-Pla-E5-20150723","[1414270, 1397106, 1392541]"
"CBN-Pla-E5-20150811","[1356278, 1394311, 1392534]"
"CBN-Pla-E5-20150901","[1396843, 1392541, 1396869]"
"CBN-Pla-E5-20160707","[1394311, 1396253, 1397386]"
"CBN-Pla-E5-20160728","[1392535, 1392534, 1549015]"
"CBN-Pla-E5-20180724","[1399798, 1391427, 1392541]"
"CBN-Pla-E5-20180816","[1392535, 1392534, 1392541]"
"CBN-Pla-E5-20180906","[1396843, 1392541, 1392534]"
"CBN-Pla-E5-20190723","[1400176, 1395807, 1412857]"
"CBN-Pla-E5-20190814","[1392541, 1396843, 1403533]"
"CBN-Pla-E5-20200630","[1392541, 1364066, 1743977]"
"CBN-Pla-E5-20200723","[1392534, 1392541, 1395807]"
"CBN-Pla-E5-20200814","[1362482, 1392541, 1400176]"
"CBN-Pla-E6-20130808","[1396253, 1396144, 1395807]"
"CBN-Pla-E6-20130904","[1396253, 1397386, 1395807]"
"CBN-Pla-E6-20140722","[1396253, 1390904, 1392241]"
"CBN-Pla-E6-20140902","[1412857, 1742053, 1395807]"
"CBN-Pla-E6-20150702","[1396253, 1396144, 1412857]"
"CBN-Pla-E6-20150723","[1743456, 1395807, 1396253]"
"CBN-Pla-E6-20150811","[1741880, 1412857, 1742053]"
"CBN-Pla-E6-20150901","[1396253, 1412857, 1395807]"
"CBN-Pla-E6-20160707","[1396253, 1412857, 1396144]"
"CBN-Pla-E6-20160728","[1396253, 1742053, 1396144]"
"CBN-Pla-E6-20180724","[1394643, 1393619, 1412857]"
"CBN-Pla-E6-20180816","[1396253, 1395718, 1412857]"
"CBN-Pla-E6-20180906","[1742053, 1396253, 1412857]"
"CBN-Pla-E6-20190723","[1395807, 1396253, 1396843]"
"CBN-Pla-E6-20190814","[1741624, 1396253, 1397043]"
"CBN-Pla-E6-20200723","[1396253, 1412857, 1742053]"
"CBN-Pla-E6-20200814","[1742053, 1412857, 1397043]"
"CBN-Pla-F1-20130808","[1580587, 1741624, 1398117]"
"CBN-Pla-F1-20130904","[1741624, 1397461, 1391359]"
"CBN-Pla-F1-20140722","[1580587, 1388766, 1399800]"
"CBN-Pla-F1-20140902","[1744479, 1647156, 1399082]"
"CBN-Pla-F1-20150702","[1413349, 1741624, 1393679]"
"CBN-Pla-F1-20150723","[1647128, 1391359, 1744479]"
"CBN-Pla-F1-20150901","[1361275, 1647128, 1394311]"
"CBN-Pla-F1-20160707","[1647128, 1396094, 1393679]"
"CBN-Pla-F1-20160728","[1744479, 1647156, 1741624]"
"CBN-Pla-F1-20180724","[1396144, 1647128, 1392565]"
"CBN-Pla-F1-20180816","[1741624, 1728573, 1580587]"
"CBN-Pla-F1-20180906","[1728573, 1400176, 1392534]"
"CBN-Pla-F1-20190723","[1741624, 1400176, 1393679]"
"CBN-Pla-F1-20190814","[1400176, 1394311, 1743474]"
"CBN-Pla-F1-20200630","[1363543, 1390837, 1399800]"
"CBN-Pla-F1-20200723","[1397043, 1392541, 1397046]"
"CBN-Pla-F1-20200814","[1400176, 1392260, 1741624]"
"CBN-Pla-F2-20130808","[1396253, 1396144, 1741624]"
"CBN-Pla-F2-20130904","[1647156, 1744479, 1419963]"
"CBN-Pla-F2-20140722","[1396144, 1397491, 1395948]"
"CBN-Pla-F2-20140902","[1412857, 1392541, 1361141]"
"CBN-Pla-F2-20150702","[1396144, 1396253, 1412857]"
"CBN-Pla-F2-20150723","[1741624, 1744479, 1396144]"
"CBN-Pla-F2-20150901","[1391359, 1412857, 1396253]"
"CBN-Pla-F2-20160707","[1396253, 1392260, 1412857]"
"CBN-Pla-F2-20160728","[1741624, 1652912, 1396253]"
"CBN-Pla-F2-20180724","[1396253, 1396144, 1727501]"
"CBN-Pla-F2-20180816","[1396253, 1412857, 1395718]"
"CBN-Pla-F2-20180906","[1395718, 1412857, 1396253]"
"CBN-Pla-F2-20190723","[1396253, 1363543, 1741624]"
"CBN-Pla-F2-20190814","[1396253, 1397106, 1395718]"
"CBN-Pla-F2-20200630","[1392241, 1397279, 1356228]"
"CBN-Pla-F2-20200723","[1396253, 1397046, 1397043]"
"CBN-Pla-F2-20200814","[1741624, 1392260, 1361275]"
"CBN-Pla-F3-20130808","[1396253, 1394438, 1412857]"
"CBN-Pla-F3-20130904","[1394438, 1396253, 1394444]"
"CBN-Pla-F3-20140722","[1396253, 1647156, 1394599]"
"CBN-Pla-F3-20140902","[1744479, 1396144, 1394438]"
"CBN-Pla-F3-20150702","[1396253, 1392541, 1396144]"
"CBN-Pla-F3-20150723","[1396253, 1741624, 1418612]"
"CBN-Pla-F3-20150811","[1744479, 1647156, 1396144]"
"CBN-Pla-F3-20150901","[1744479, 1647128, 1647156]"
"CBN-Pla-F3-20160707","[1396253, 1394438, 1390793]"
"CBN-Pla-F3-20160728","[1394438, 1394444, 1412857]"
"CBN-Pla-F3-20180724","[1396144, 1412857, 1400176]"
"CBN-Pla-F3-20180816","[1396253, 1412857, 1400176]"
"CBN-Pla-F3-20180906","[1396253, 1392541, 1412857]"
"CBN-Pla-F3-20190723","[1396253, 1412857, 1396362]"
"CBN-Pla-F3-20190814","[1394438, 1394444, 1394441]"
"CBN-Pla-F3-20200630","[1399800, 1744293, 1394595]"
"CBN-Pla-F3-20200723","[1396144, 1396253, 1412857]"
"CBN-Pla-F3-20200814","[1396253, 1394438, 1412857]"
"CBN-Pla-F4-20130808","[1396253, 1647128, 1396144]"
"CBN-Pla-F4-20130904","[1396144, 1396253, 1647128]"
"CBN-Pla-F4-20140722","[1396144, 1397491, 1394643]"
"CBN-Pla-F4-20150723","[1744479, 1396362, 1647128]"
"CBN-Pla-F4-20150811","[1744479, 1647128, 1413349]"
"CBN-Pla-F4-20150901","[1412857, 1396144, 1413349]"
"CBN-Pla-F4-20160707","[1412857, 1742053, 1742052]"
"CBN-Pla-F4-20160728","[1412857, 1396144, 1396253]"
"CBN-Pla-F4-20180724","[1356422, 1394643, 1390793]"
"CBN-Pla-F4-20180816","[1412857, 1396253, 1395807]"
"CBN-Pla-F4-20180906","[1412857, 1742053, 1396253]"
"CBN-Pla-F4-20190723","[1412857, 1396253, 1742053]"
"CBN-Pla-F4-20190814","[1412857, 1742053, 1396253]"
"CBN-Pla-F4-20200630","[1359937, 1651061, 1720971]"
"CBN-Pla-F4-20200723","[1412857, 1396253, 1742053]"
"CBN-Pla-F4-20200814","[1412857, 1744479, 1647128]"
"CBN-Pla-F5-20130808","[1396253, 1396144, 1397491]"
"CBN-Pla-F5-20130904","[1396144, 1396253, 1396843]"
"CBN-Pla-F5-20140722","[1395949, 1392241, 1396144]"
"CBN-Pla-F5-20140902","[1400176, 1396253, 1396843]"
"CBN-Pla-F5-20150702","[1396253, 1390793, 1396843]"
"CBN-Pla-F5-20150723","[1396253, 1396843, 1356278]"
"CBN-Pla-F5-20150811","[1396253, 1361141, 1396843]"
"CBN-Pla-F5-20150901","[1361141, 1396253, 1396843]"
"CBN-Pla-F5-20160707","[1396253, 1412857, 1742053]"
"CBN-Pla-F5-20160728","[1396253, 1396843, 1400176]"
"CBN-Pla-F5-20180724","[1388915, 1363526, 1361347]"
"CBN-Pla-F5-20180816","[1400176, 1396253, 1397043]"
"CBN-Pla-F5-20180906","[1396253, 1397043, 1396843]"
"CBN-Pla-F5-20190723","[1396253, 1400176, 1392241]"
"CBN-Pla-F5-20190814","[1397043, 1396253, 1397046]"
"CBN-Pla-F5-20200723","[1396253, 1397043, 1400176]"
"CBN-Pla-F5-20200814","[1396253, 1400176, 1392541]"
"CBN-Pla-F6-20130808","[1396253, 1394641, 1742053]"
"CBN-Pla-F6-20130904","[1396843, 1396253, 1396869]"
"CBN-Pla-F6-20140722","[1396253, 1396107, 1528543]"
"CBN-Pla-F6-20140902","[1396253, 1362482, 1394311]"
"CBN-Pla-F6-20150702","[1396253, 1392484, 1396843]"
"CBN-Pla-F6-20150723","[1396253, 1396843, 1395718]"
"CBN-Pla-F6-20150811","[1396843, 1412857, 1396253]"
"CBN-Pla-F6-20150901","[1396253, 1742053, 1396843]"
"CBN-Pla-F6-20160707","[1396253, 1359750, 1396843]"
"CBN-Pla-F6-20160728","[1396253, 1397043, 1391120]"
"CBN-Pla-F6-20180724","[1396253, 1390837, 1394828]"
"CBN-Pla-F6-20180816","[1396253, 1397043, 1396843]"
"CBN-Pla-F6-20180906","[1396253, 1396843, 1397043]"
"CBN-Pla-F6-20190723","[1396144, 1396253, 1396843]"
"CBN-Pla-F6-20190814","[1396253, 1397043, 1397386]"
"CBN-Pla-F6-20200723","[1397043, 1396253, 1397046]"
"CBN-Pla-F6-20200814","[1396253, 1397043, 1412857]"
"CBN-Pyr-01-20230706","[1396843, 1359965, 1361347]"
"CBN-Pyr-03-20230706","[1395973, 1396015, 1741624]"
"CBN-can-A1-20230705","[1392608, 1396253, 1395807]"
"CBN-can-A2-20230705","[1393200, 1393659, 1395807]"
"CBN-can-A3-20230705","[1396144, 1393200, 1392608]"
"CBN-can-A5-20230705","[1392534, 1397475, 1392535]"
"CBN-can-A6-20230705","[1393200, 1397475, 1400101]"
"CBN-can-B1-20230705","[1392608, 1393200, 1396144]"
"CBN-can-B2-20230705","[1392608, 1400101, 1360299]"
"CBN-can-B3-20230705","[1393200, 1393619, 1392608]"
"CBN-can-B4-20230705","[1397475, 1393200, 1412857]"
"CBN-can-B5-20230705","[1392535, 1397475, 1392534]"
"CBN-can-B6-20230705","[1393679, 1397475, 1395807]"
"CBN-can-C1-20230705","[1393200, 1396253, 1364066]"
"CBN-can-C2-20230705","[1393200, 1396253, 1395807]"
"CBN-can-C3-20230705","[1396253, 1395807, 1392608]"
"CBN-can-C4-20230705","[1393200, 1395807, 1364066]"
"CBN-can-D1-20230705","[1396253, 1395807, 1364066]"
"CBN-can-D2-20230705","[1396253, 1412857, 1395807]"
"CBN-can-D3-20230705","[1396253, 1413349, 1391092]"
"CBN-can-D4-20230705","[1400101, 1395807, 1396253]"
"CBN-can-E1-20230706","[1392608, 1392612, 1396144]"
"CBN-can-E2-20230706","[1395807, 1393584, 1396253]"
"CBN-can-E3-20230706","[1392535, 1392534, 1397430]"
"CBN-can-E4-20230706","[1397430, 1396253, 1360872]"
"CBN-can-E5-20230706","[1392608, 1360299, 1392534]"
"CBN-can-E6-20230706","[1392535, 1393200, 1392534]"
"CBN-can-F1-20230705","[1392534, 1392535, 1396253]"
"CBN-can-F2-20230706","[1396144, 1395807, 1396253]"
"CBN-can-F3-20230706","[1412857, 1395807, 1397430]"
"CBN-can-F4-20230706","[1397430, 1395807, 1393200]"
"CBN-can-F5-20230706","[1392608, 1396253, 1392611]"
"GUARDEN-AMB-CF04-1-10-20240325","[1359344, 1363302, 1360978]"
"GUARDEN-AMB-CF04-1-5-20240325","[1363302, 1359344, 1363882]"
"GUARDEN-AMB-CF21-1-1-20240326","[1388812, 1363302, 1357593]"
"GUARDEN-AMB-CF21-1-10-20240326","[1363302, 1744602, 1360719]"
"GUARDEN-AMB-CF21-1-2-20240326","[1360719, 1363302, 1358203]"
"GUARDEN-AMB-CF21-1-3-20240326","[1359344, 1360719, 1363302]"
"GUARDEN-AMB-CF21-1-4-20240326","[1359344, 1363302, 1360978]"
"GUARDEN-AMB-CF21-1-5-20240326","[1359344, 1363302, 1393754]"
"GUARDEN-AMB-CF21-1-6-20240326","[1359344, 1363302, 1359297]"
"GUARDEN-AMB-CF21-1-7-20240326","[1724816, 1360701, 1744602]"
"GUARDEN-AMB-CF21-1-8-20240326","[1359344, 1363302, 1743249]"
"GUARDEN-AMB-CF21-1-9-20240326","[1744602, 1399739, 1357129]"
"GUARDEN-AMB-GV04-1-3-20240326","[1359297, 1359298, 1359344]"
"GUARDEN-AMB-GV04-1-4-20240326","[1359297, 1359344, 1359298]"
"GUARDEN-AMB-GV04-1-5-20240326","[1359297, 1359298, 1359344]"
"GUARDEN-AMB-GV04-1-6-20240326","[1359297, 1359298, 1359344]"
"GUARDEN-AMB-GV04-1-7-20240326","[1359297, 1359298, 1363882]"
"GUARDEN-AMB-PR13-1-10-20240417","[1359297, 1359298, 1360701]"
"GUARDEN-AMB-PR13-1-2-20240417","[1360701, 1722578, 1721018]"
"GUARDEN-AMB-PR13-1-3-20240417","[1360701, 1721018, 1359297]"
"GUARDEN-AMB-PR13-1-4-20240417","[1721018, 1364037, 1363302]"
"GUARDEN-AMB-PR13-1-8-20240417","[1359344, 1721018, 1359297]"
"GUARDEN-AMB-PR20-1-1-20240424","[1393522, 1722441, 1722433]"
"GUARDEN-AMB-PR20-1-10-20240424","[1359297, 1359298, 1359344]"
"GUARDEN-AMB-PR20-1-8-20240424","[1359344, 1359297, 1425238]"
"GUARDEN-AMB-SA03-1-1-20240626","[1359344, 1359297, 1361412]"
"GUARDEN-AMB-SA03-1-10-20240626","[1356333, 1356045, 1361732]"
"GUARDEN-AMB-SA03-1-2-20240626","[1359344, 1391491, 1722441]"
"GUARDEN-AMB-SA03-1-3-20240626","[1359344, 1358203, 1564441]"
"GUARDEN-AMB-SA03-1-4-20240626","[1359344, 1360978, 1356325]"
"GUARDEN-AMB-SA03-1-5-20240626","[1359424, 1359344, 1360978]"
"GUARDEN-AMB-SA03-1-9-20240626","[1356905, 1359298, 1359297]"
"GUARDEN-AMB-VC03-1-3-20240417","[1359344, 1356905, 1394421]"
"GUARDEN-AMB-VC03-1-4-20240417","[1356905, 1359344, 1359298]"
"GUARDEN-AMB-VC03-1-5-20240417","[1356905, 1359297, 1359298]"
"GUARDEN-AMB-VC03-1-6-20240417","[1356905, 1359344, 1359297]"
"GUARDEN-CBNMed-10-1-16-34-20240429","[1358503, 1392024, 1358514]"
"GUARDEN-CBNMed-10-10-17-19-20240429","[1358613, 1548487, 1548459]"
"GUARDEN-CBNMed-10-5-16-55-20240429","[1357111, 1356785, 1358503]"
"GUARDEN-CBNMed-10-6-17-02-20240429","[1356785, 1358613, 1357111]"
"GUARDEN-CBNMed-10-7-17-05-20240429","[1357111, 1388990, 1362066]"
"GUARDEN-CBNMed-10-8-17-11-20240429","[1358613, 1398783, 1564646]"
"GUARDEN-CBNMed-10-9-17-16-20240429","[1358613, 1358503, 1393698]"
"GUARDEN-CBNMed-14-3-9-45-20240429","[1359676, 1364048, 1361710]"
"GUARDEN-CBNMed-14-4-9-49-20240429","[1359676, 1359678, 1359176]"
"GUARDEN-CBNMed-14-9-10-09-20240429","[1359676, 1359677, 1359678]"
"GUARDEN-CBNMed-15-10-12-17-20240429","[1363413, 1361190, 1363467]"
"GUARDEN-CBNMed-15-5-11-44-20240429","[1364171, 1361190, 1363468]"
"GUARDEN-CBNMed-15-7-12-02-20240429","[1364171, 1359676, 1363798]"
"GUARDEN-CBNMed-15-9-12-15-20240429","[1361190, 1363413, 1364171]"
"GUARDEN-CBNMed-16-1-13-37-20240429","[1356108, 1388990, 1722409]"
"GUARDEN-CBNMed-16-10-14-33-20240429","[1722409, 1743965, 1744347]"
"GUARDEN-CBNMed-16-2-13-45-20240429","[1502610, 1743965, 1583450]"
"GUARDEN-CBNMed-16-3-13-51-20240429","[1358572, 1743966, 1722409]"
"GUARDEN-CBNMed-16-4-13-57-20240429","[1722409, 1743966, 1743989]"
"GUARDEN-CBNMed-16-6-14-07-20240429","[1722409, 1743966, 1743989]"
"GUARDEN-CBNMed-16-7-14-1-20240429","[1722409, 1359029, 1743966]"
"GUARDEN-CBNMed-16-8-14-14-20240429","[1360999, 1722409, 1358318]"
"GUARDEN-CBNMed-17-3-10-56-20240429","[1361106, 1363292, 1360904]"
"GUARDEN-CBNMed-17-5-11-2-20240429","[1361106, 1363212, 1363292]"
"GUARDEN-CBNMed-19-1-15-24-20240429","[1357743, 1357293, 1357594]"
"GUARDEN-CBNMed-19-10-16-02-20240429","[1400017, 1396059, 1361926]"
"GUARDEN-CBNMed-19-2-15-31-20240429","[1363413, 1492665, 1492564]"
"GUARDEN-CBNMed-19-3-15-35-20240429","[1359521, 1363467, 1361190]"
"GUARDEN-CBNMed-19-4-15-39-20240429","[1359521, 1358477, 1396059]"
"GUARDEN-CBNMed-19-5-15-44-20240429","[1359521, 1744483, 1361926]"
"GUARDEN-CBNMed-19-6-15-48-20240429","[1363413, 1743313, 1359521]"
"GUARDEN-CBNMed-19-7-15-51-20240429","[1743300, 1358213, 1425238]"
"GUARDEN-CBNMed-19-8-15-53-20240429","[1359521, 1358654, 1425238]"
"GUARDEN-CBNMed-19-9-15-58-20240429","[1361926, 1358477, 1492665]"
"GUARDEN-CBNMed-20-1-9-35-20240428","[1360443, 1394527, 1364040]"
"GUARDEN-CBNMed-20-10-10-31-20240428","[1359216, 1357114, 1360999]"
"GUARDEN-CBNMed-20-8-10-19-20240428","[1360999, 1363053, 1392319]"
"GUARDEN-CBNMed-20-9-10-23-20240428","[1359216, 1578145, 1357114]"
"GUARDEN-CBNMed-21-10-11-42-20240428","[1357122, 1360999, 1356108]"
"GUARDEN-CBNMed-21-2-11-07-20240428","[1357121, 1357122, 1357114]"
"GUARDEN-CBNMed-21-3-11-09-20240428","[1357122, 1393365, 1357117]"
"GUARDEN-CBNMed-21-6-11-17-20240428","[1357122, 1357114, 1362454]"
"GUARDEN-CBNMed-21-8-11-23-20240428","[1357122, 1357114, 1357117]"
"GUARDEN-CBNMed-21-9-11-32-20240428","[1360999, 1388990, 1743811]"
"GUARDEN-CBNMed-22-1-13-39-20240428","[1722625, 1393569, 1360054]"
"GUARDEN-CBNMed-22-10-14-48-20240428","[1360006, 1393571, 1743275]"
"GUARDEN-CBNMed-22-2-14-05-20240428","[1393574, 1722625, 1722522]"
"GUARDEN-CBNMed-22-5-14-21-20240428","[1722521, 1393574, 1389328]"
"GUARDEN-CBNMed-22-6-14-23-20240428","[1722522, 1722625, 1722521]"
"GUARDEN-CBNMed-22-7-14-25-20240428","[1722522, 1722521, 1363200]"
"GUARDEN-CBNMed-22-9-14-42-20240428","[1722625, 1360006, 1722521]"
"GUARDEN-CBNMed-23-1-9-56-20240428","[1360999, 1357771, 1359193]"
"GUARDEN-CBNMed-23-10-10-42-20240428","[1679961, 1564646, 1743811]"
"GUARDEN-CBNMed-23-3-10-14-20240428","[1389424, 1357114, 1577392]"
"GUARDEN-CBNMed-23-4-10-17-20240428","[1647291, 1564646, 1356108]"
"GUARDEN-CBNMed-23-5-10-21-20240428","[1564646, 1360711, 1398815]"
"GUARDEN-CBNMed-23-6-10-24-20240428","[1393365, 1502610, 1509616]"
"GUARDEN-CBNMed-23-7-10-28-20240428","[1360999, 1393365, 1564441]"
"GUARDEN-CBNMed-23-8-10-34-20240428","[1356108, 1564459, 1743664]"
"GUARDEN-CBNMed-23-9-10-39-20240428","[1358318, 1564276, 1743303]"
"GUARDEN-CBNMed-24-10-13-06-20240428","[1388990, 1744002, 1577392]"
"GUARDEN-CBNMed-24-2-12-04-20240428","[1357351, 1357338, 1362462]"
"GUARDEN-CBNMed-24-3-12-15-20240428","[1357335, 1357351, 1360437]"
"GUARDEN-CBNMed-24-5-12-36-20240428","[1357351, 1744928, 1360711]"
"GUARDEN-CBNMed-24-6-12-46-20240428","[1357351, 1360711, 1396956]"
"GUARDEN-CBNMed-24-7-12-54-20240428","[1360711, 1360709, 1360715]"
"GUARDEN-CBNMed-24-8-14-58-20240428","[1357351, 1360711, 1357338]"
"GUARDEN-CBNMed-24-9-13-02-20240428","[1360711, 1396956, 1360706]"
"GUARDEN-CBNMed-25-1-13-52-20240428","[1394527, 1742109, 1561314]"
"GUARDEN-CBNMed-25-10-14-49-20240428","[1357743, 1394527, 1358111]"
"GUARDEN-CBNMed-25-2-13-57-20240428","[1742109, 1394527, 1743319]"
"GUARDEN-CBNMed-25-3-14-06-20240428","[1394527, 1400017, 1518628]"
"GUARDEN-CBNMed-25-4-14-15-20240428","[1357743, 1357293, 1394527]"
"GUARDEN-CBNMed-25-7-14-28-20240428","[1357981, 1742109, 1359676]"
"GUARDEN-CBNMed-25-8-14-39-20240428","[1357981, 1357743, 1742109]"
"GUARDEN-CBNMed-25-9-14-43-20240428","[1357981, 1742109, 1357815]"
"GUARDEN-CBNMed-26-10-10-01-20240428","[1359344, 1359088, 1359297]"
"GUARDEN-CBNMed-26-6-9-34-20240428","[1738652, 1743249, 1358380]"
"GUARDEN-CBNMed-26-8-9-45-20240428","[1359344, 1359297, 1744602]"
"GUARDEN-CBNMed-26-9-9-48-20240428","[1359344, 1359297, 1359298]"
"GUARDEN-CBNMed-27-1-11-17-20240428","[1393547, 1393567, 1743977]"
"GUARDEN-CBNMed-27-10-11-55-20240428","[1744392, 1360026, 1722522]"
"GUARDEN-CBNMed-27-2-11-32-20240428","[1360039, 1360070, 1744399]"
"GUARDEN-CBNMed-27-3-11-36-20240428","[1722625, 1722522, 1363200]"
"GUARDEN-CBNMed-27-4-11-39-20240428","[1722625, 1722522, 1393574]"
"GUARDEN-CBNMed-27-5-11-4-20240428","[1722522, 1722521, 1722625]"
"GUARDEN-CBNMed-27-6-11-42-20240428","[1449488, 1722625, 1363200]"
"GUARDEN-CBNMed-27-7-11-43-20240428","[1722522, 1722625, 1449488]"
"GUARDEN-CBNMed-27-8-11-45-20240428","[1449488, 1393574, 1722625]"
"GUARDEN-CBNMed-27-9-11-47-20240428","[1722522, 1722625, 1722521]"
"GUARDEN-CBNMed-28-1-12-46-20240428","[1360006, 1722521, 1738887]"
"GUARDEN-CBNMed-28-10-13-23-20240428","[1357705, 1391750, 1393568]"
"GUARDEN-CBNMed-28-2-12-48-20240428","[1360006, 1722521, 1722625]"
"GUARDEN-CBNMed-28-3-12-51-20240428","[1722625, 1738887, 1722522]"
"GUARDEN-CBNMed-28-4-12-52-20240428","[1360054, 1357705, 1722521]"
"GUARDEN-CBNMed-28-5-13-02-20240428","[1360054, 1360026, 1738887]"
"GUARDEN-CBNMed-28-6-13-06-20240428","[1357705, 1449488, 1393568]"
"GUARDEN-CBNMed-28-7-13-11-20240428","[1357705, 1393574, 1722522]"
"GUARDEN-CBNMed-28-8-13-14-20240428","[1357705, 1391750, 1502682]"
"GUARDEN-CBNMed-28-9-13-17-20240428","[1722625, 1357705, 1393574]"
"GUARDEN-CBNMed-29-6-14-31-20240428","[1357227, 1360719, 1359344]"
"GUARDEN-CBNMed-29-7-14-34-20240428","[1360719, 1360701, 1360798]"
"GUARDEN-CBNMed-30-1-16-07-20240428","[1393770, 1357401, 1359344]"
"GUARDEN-CBNMed-30-10-16-41-20240428","[1359344, 1357227, 1359297]"
"GUARDEN-CBNMed-30-2-16-23-20240428","[1357227, 1359344, 1357651]"
"GUARDEN-CBNMed-30-4-16-3-20240428","[1357227, 1394664, 1357236]"
"GUARDEN-CBNMed-30-6-16-34-20240428","[1357227, 1394664, 1357651]"
"GUARDEN-CBNMed-30-7-16-35-20240428","[1357227, 1394664, 1359344]"
"GUARDEN-CBNMed-30-8-16-37-20240428","[1357227, 1359344, 1394664]"
"GUARDEN-CBNMed-30-9-16-4-20240428","[1357227, 1394664, 1359344]"
"GUARDEN-CBNMed-31-1-9-37-20240428","[1393770, 1359965, 1359952]"
"GUARDEN-CBNMed-31-10-10-06-20240428","[1722578, 1393770, 1414353]"
"GUARDEN-CBNMed-31-2-9-4-20240428","[1355977, 1363433, 1358590]"
"GUARDEN-CBNMed-31-3-9-44-20240428","[1393770, 1564441, 1396726]"
"GUARDEN-CBNMed-31-4-9-48-20240428","[1357227, 1564441, 1396726]"
"GUARDEN-CBNMed-31-5-9-51-20240428","[1393770, 1564441, 1396726]"
"GUARDEN-CBNMed-31-6-9-54-20240428","[1396726, 1393770, 1564441]"
"GUARDEN-CBNMed-31-7-9-56-20240428","[1722578, 1393770, 1744001]"
"GUARDEN-CBNMed-31-8-10-20240428","[1396726, 1564441, 1393770]"
"GUARDEN-CBNMed-31-9-10-02-20240428","[1722578, 1393770, 1357227]"
"GUARDEN-CBNMed-32-1-11-46-20240428","[1396726, 1564441, 1357630]"
"GUARDEN-CBNMed-32-10-13-12-20240428","[1359952, 1396726, 1357401]"
"GUARDEN-CBNMed-32-2-11-58-20240428","[1396726, 1564441, 1359952]"
"GUARDEN-CBNMed-32-3-12-01-20240428","[1564441, 1396726, 1393770]"
"GUARDEN-CBNMed-32-4-12-12-20240428","[1396726, 1564441, 1359009]"
"GUARDEN-CBNMed-32-9-13-07-20240428","[1357401, 1359952, 1393770]"
"GUARDEN-CBNMed-33-1-14-48-20240428","[1357630, 1397398, 1392725]"
"GUARDEN-CBNMed-33-10-15-59-20240428","[1357401, 1502684, 1363882]"
"GUARDEN-CBNMed-33-2-15-01-20240428","[1357630, 1397398, 1357405]"
"GUARDEN-CBNMed-33-3-15-04-20240428","[1357630, 1397398, 1392725]"
"GUARDEN-CBNMed-33-4-15-26-20240428","[1357401, 1357630, 1742109]"
"GUARDEN-CBNMed-33-5-15-29-20240428","[1357630, 1358111, 1742109]"
"GUARDEN-CBNMed-33-6-15-36-20240428","[1357630, 1392725, 1397398]"
"GUARDEN-CBNMed-33-7-15-43-20240428","[1356976, 1357630, 1396292]"
"GUARDEN-CBNMed-33-8-15-5-20240428","[1397398, 1357630, 1392726]"
"GUARDEN-CBNMed-33-9-15-56-20240428","[1357630, 1363882, 1397398]"
"GUARDEN-CBNMed-38-1-12-58-20240428","[1360711, 1363452, 1395169]"
"GUARDEN-CBNMed-38-4-14-39-20240428","[1395162, 1360711, 1395169]"
"GUARDEN-CBNMed-38-6-15-04-20240428","[1360711, 1743588, 1395162]"
"GUARDEN-CBNMed-39-10-12-02-20240531","[1360711, 1360709, 1392155]"
"GUARDEN-CBNMed-39-7-11-3-20240531","[1360711, 1363452, 1363453]"
"GUARDEN-CBNMed-39-8-11-39-20240531","[1360711, 1359591, 1361233]"
"GUARDEN-CBNMed-39-9-11-5-20240531","[1359591, 1363452, 1394477]"
"GUARDEN-CBNMed-44-7-12-03-20240629","[1392067, 1363593, 1392059]"
"GUARDEN-CBNMed-5-1-12-38-20240430","[1414366, 1414353, 1363490]"
"GUARDEN-CBNMed-5-10-13-32-20240430","[1361058, 1414366, 1356007]"
"GUARDEN-CBNMed-5-2-12-45-20240430","[1414366, 1400181, 1414353]"
"GUARDEN-CBNMed-5-3-12-56-20240430","[1414366, 1363475, 1391823]"
"GUARDEN-CBNMed-5-4-13-20240430","[1414366, 1359277, 1363490]"
"GUARDEN-CBNMed-5-5-13-04-20240430","[1362325, 1359279, 1363490]"
"GUARDEN-CBNMed-5-6-13-07-20240430","[1414366, 1414353, 1363501]"
"GUARDEN-CBNMed-5-7-13-17-20240430","[1414366, 1391505, 1414353]"
"GUARDEN-CBNMed-5-8-13-22-20240430","[1361058, 1414366, 1363459]"
"GUARDEN-CBNMed-5-9-13-27-20240430","[1396638, 1363501, 1363543]"
"GUARDEN-CBNMed-6-9-15-28-20240430","[1359562, 1362307, 1360399]"
"GUARDEN-CBNMed-8-10-12-59-20240429","[1358613, 1743916, 1360268]"
"GUARDEN-CBNMed-8-4-12-33-20240429","[1359225, 1722409, 1587724]"
"GUARDEN-CBNMed-8-8-12-51-20240429","[1361000, 1359548, 1359546]"
"GUARDEN-CBNMed-8-9-12-56-20240429","[1361000, 1358613, 1744347]"
"GUARDEN-CBNMed-9-10-16-16-20240429","[1358613, 1502610, 1743966]"
"GUARDEN-CBNMed-9-2-15-46-20240429","[1358511, 1694092, 1564619]"
"GUARDEN-CBNMed-9-6-16-04-20240429","[1358613, 1743916, 1548487]"
"GUARDEN-CBNMed-9-7-16-06-20240429","[1358613, 1743916, 1548487]"
"GUARDEN-CBNMed-9-8-16-08-20240429","[1358613, 1360558, 1360701]"
"GUARDEN-CBNMed-9-9-16-14-20240429","[1360701, 1358613, 1577392]"
"LISAH-BOU-0-10-20230523","[1356013, 1363835, 1361190]"
"LISAH-BOU-0-101-20240425","[1425238, 1390637, 1363731]"
"LISAH-BOU-0-104-20240502","[1356397, 1396319, 1356276]"
"LISAH-BOU-0-105-20240502","[1356397, 1355908, 1356276]"
"LISAH-BOU-0-108-20240502","[1359772, 1392384, 1359778]"
"LISAH-BOU-0-109-20240502","[1359772, 1355990, 1360385]"
"LISAH-BOU-0-110-20240502","[1356397, 1360385, 1396197]"
"LISAH-BOU-0-111-20240502","[1359792, 1360420, 1356276]"
"LISAH-BOU-0-113-20240502","[1356013, 1360385, 1392594]"
"LISAH-BOU-0-114-20240502","[1360385, 1355908, 1393615]"
"LISAH-BOU-0-117-20240502","[1356013, 1364100, 1360385]"
"LISAH-BOU-0-118-20240502","[1356013, 1360385, 1356008]"
"LISAH-BOU-0-14-20230511","[1361190, 1363468, 1398327]"
"LISAH-BOU-0-15-20230511","[1356013, 1650228, 1364006]"
"LISAH-BOU-0-153-20240502","[1356013, 1356008, 1392594]"
"LISAH-BOU-0-154-20240502","[1356013, 1357351, 1390637]"
"LISAH-BOU-0-157-20240502","[1356013, 1355964, 1358643]"
"LISAH-BOU-0-16-20230511","[1363835, 1363128, 1361357]"
"LISAH-BOU-0-160-20240502","[1356013, 1358643, 1356008]"
"LISAH-BOU-0-163-20240502","[1363944, 1358643, 1356008]"
"LISAH-BOU-0-164-20240502","[1356013, 1390637, 1393770]"
"LISAH-BOU-0-165-20240502","[1356013, 1392594, 1356008]"
"LISAH-BOU-0-167-20240502","[1363731, 1359333, 1359639]"
"LISAH-BOU-0-168-20240502","[1363731, 1361307, 1359639]"
"LISAH-BOU-0-170-20240502","[1363731, 1355994, 1356008]"
"LISAH-BOU-0-171-20240502","[1363731, 1358654, 1357351]"
"LISAH-BOU-0-172-20240502","[1356013, 1363731, 1363944]"
"LISAH-BOU-0-173-20240502","[1358654, 1357351, 1363731]"
"LISAH-BOU-0-174-20240502","[1425238, 1363731, 1392594]"
"LISAH-BOU-0-175-20240502","[1363734, 1425238, 1363731]"
"LISAH-BOU-0-183-20240502","[1363731, 1363944, 1364170]"
"LISAH-BOU-0-187-20240502","[1363734, 1361307, 1363731]"
"LISAH-BOU-0-191-20240502","[1359268, 1358654, 1425238]"
"LISAH-BOU-0-2-20240425","[1356697, 1356276, 1356397]"
"LISAH-BOU-0-24-20230512","[1361000, 1397356, 1360385]"
"LISAH-BOU-0-24-20240425","[1356013, 1360433, 1392594]"
"LISAH-BOU-0-25-20230512","[1356013, 1397356, 1360385]"
"LISAH-BOU-0-25-20230711","[1360825, 1364173, 1362353]"
"LISAH-BOU-0-28-20240425","[1361000, 1360385, 1360404]"
"LISAH-BOU-0-29-20230523","[1356013, 1422217, 1360816]"
"LISAH-BOU-0-29-20230621","[1363212, 1360816, 1360358]"
"LISAH-BOU-0-29-20240425","[1397356, 1361000, 1360385]"
"LISAH-BOU-0-3-20230721","[1363212, 1362929, 1357702]"
"LISAH-BOU-0-30-20230512","[1356012, 1358671, 1356017]"
"LISAH-BOU-0-30-20240425","[1356013, 1360385, 1389311]"
"LISAH-BOU-0-31-20230919","[1743300, 1359124, 1359102]"
"LISAH-BOU-0-31-20240425","[1356013, 1356012, 1397356]"
"LISAH-BOU-0-32-20230516","[1390879, 1391113, 1391112]"
"LISAH-BOU-0-32-20240425","[1356013, 1355964, 1356012]"
"LISAH-BOU-0-34-20230516","[1650228, 1356013, 1650353]"
"LISAH-BOU-0-35-20240425","[1356012, 1356017, 1397356]"
"LISAH-BOU-0-36-20240425","[1356013, 1356012, 1356017]"
"LISAH-BOU-0-37-20230512","[1397356, 1361000, 1363212]"
"LISAH-BOU-0-37-20240425","[1356012, 1361000, 1356017]"
"LISAH-BOU-0-38-20230516","[1356013, 1363212, 1650228]"
"LISAH-BOU-0-39-20230512","[1356013, 1361000, 1397356]"
"LISAH-BOU-0-4-20230511","[1363213, 1357351, 1356013]"
"LISAH-BOU-0-4-20230711","[1364006, 1356397, 1356803]"
"LISAH-BOU-0-4-20240425","[1356013, 1390637, 1397395]"
"LISAH-BOU-0-40-20230512","[1361000, 1391112, 1397356]"
"LISAH-BOU-0-40-20240425","[1361000, 1397356, 1391113]"
"LISAH-BOU-0-41-20230512","[1363212, 1397356, 1414366]"
"LISAH-BOU-0-42-20230511","[1356013, 1392594, 1356008]"
"LISAH-BOU-0-43-20230512","[1356013, 1397356, 1363835]"
"LISAH-BOU-0-44-20240425","[1363944, 1394477, 1355978]"
"LISAH-BOU-0-5-20230512","[1356276, 1722433, 1357351]"
"LISAH-BOU-0-5-20230711","[1389369, 1356397, 1408867]"
"LISAH-BOU-0-50-20230512","[1356013, 1356286, 1355994]"
"LISAH-BOU-0-52-20230512","[1358654, 1356008, 1425238]"
"LISAH-BOU-0-54-20230512","[1392699, 1356286, 1361117]"
"LISAH-BOU-0-55-20230512","[1356008, 1363944, 1356286]"
"LISAH-BOU-0-56-20230512","[1358654, 1392699, 1359639]"
"LISAH-BOU-0-58-20230512","[1358654, 1356286, 1363838]"
"LISAH-BOU-0-6-20240425","[1356395, 1392155, 1397056]"
"LISAH-BOU-0-63-20230512","[1358257, 1358543, 1390637]"
"LISAH-BOU-0-65-20230512","[1359171, 1361307, 1356008]"
"LISAH-BOU-0-75-20230516","[1356013, 1394478, 1392601]"
"LISAH-BOU-0-79-20230512","[1425238, 1357526, 1359488]"
"LISAH-BOU-0-8-20240425","[1357351, 1358347, 1722433]"
"LISAH-BOU-0-84-20230512","[1425238, 1359336, 1393754]"
"LISAH-BOU-0-9-20240425","[1358347, 1356397, 1356395]"
"LISAH-BOU-0-98-20240425","[1425238, 1359344, 1393770]"
"LISAH-BVD-0-100-20230510","[1356286, 1361307, 1414366]"
"LISAH-BVD-0-101-20230510","[1359959, 1356066, 1391596]"
"LISAH-BVD-0-152-20230511","[1363638, 1357635, 1356067]"
"LISAH-BVD-0-155-20230511","[1364065, 1388767, 1357635]"
"LISAH-BVD-0-158-20230511","[1363740, 1359959, 1356066]"
"LISAH-BVD-0-191-20230511","[1364065, 1363455, 1363401]"
"LISAH-BVD-0-192-20230511","[1363459, 1363455, 1364065]"
"LISAH-BVD-0-195-20230511","[1393989, 1363508, 1356278]"
"LISAH-BVD-0-196-20230511","[1363212, 1363798, 1359279]"
"LISAH-BVD-0-197-20230511","[1356278, 1363993, 1363734]"
"LISAH-BVD-0-200-20230511","[1356278, 1363993, 1359333]"
"LISAH-BVD-0-203-20230511","[1363739, 1356278, 1359508]"
"LISAH-BVD-0-205-20230511","[1363740, 1363455, 1361256]"
"LISAH-BVD-0-206-20230511","[1363740, 1363739, 1362023]"
"LISAH-BVD-0-208-20230511","[1356278, 1363455, 1363740]"
"LISAH-BVD-0-209-20230511","[1356278, 1363802, 1363740]"
"LISAH-BVD-0-25-20230510","[1357875, 1361316, 1355914]"
"LISAH-BVD-0-275-20230516","[1361307, 1363460, 1414366]"
"LISAH-BVD-0-277-20230516","[1363993, 1414366, 1379532]"
"LISAH-BVD-0-278-20230516","[1363993, 1360304, 1414366]"
"LISAH-BVD-0-281-20230516","[1363993, 1395667, 1390966]"
"LISAH-BVD-0-282-20230516","[1363993, 1414366, 1361190]"
"LISAH-BVD-0-283-20230516","[1363993, 1414366, 1360304]"
"LISAH-BVD-0-285-20230516","[1361307, 1363993, 1360304]"
"LISAH-BVD-0-287-20230516","[1361307, 1414366, 1363993]"
"LISAH-BVD-0-288-20230516","[1363993, 1363468, 1363456]"
"LISAH-BVD-0-292-20230516","[1363993, 1390967, 1360304]"
"LISAH-BVD-0-293-20230516","[1363993, 1388770, 1407739]"
"LISAH-BVD-0-294-20230516","[1363993, 1360304, 1356286]"
"LISAH-BVD-0-295-20230516","[1363993, 1363740, 1361225]"
"LISAH-BVD-0-296-20230516","[1363993, 1397387, 1394592]"
"LISAH-BVD-0-297-20230516","[1363993, 1407739, 1363740]"
"LISAH-BVD-0-298-20230516","[1407739, 1363993, 1360304]"
"LISAH-BVD-0-299-20230516","[1363993, 1363740, 1359277]"
"LISAH-BVD-0-300-20230516","[1363993, 1414366, 1422217]"
"LISAH-BVD-0-301-20230516","[1407739, 1363993, 1394592]"
"LISAH-BVD-0-302-20230516","[1363993, 1394592, 1400126]"
"LISAH-BVD-0-309-20230516","[1363993, 1363994, 1360304]"
"LISAH-BVD-0-310-20230516","[1363993, 1414366, 1360304]"
"LISAH-BVD-0-337-20230516","[1361307, 1364006, 1356286]"
"LISAH-BVD-0-338-20230516","[1356286, 1361307, 1363460]"
"LISAH-BVD-0-339-20230516","[1356286, 1414353, 1364006]"
"LISAH-BVD-0-341-20230516","[1356286, 1364006, 1363740]"
"LISAH-BVD-0-342-20230516","[1356286, 1364006, 1363798]"
"LISAH-BVD-0-343-20230516","[1356286, 1363213, 1364006]"
"LISAH-BVD-0-344-20230516","[1356286, 1361850, 1364006]"
"LISAH-BVD-0-345-20230516","[1356286, 1361201, 1364006]"
"LISAH-BVD-0-346-20230516","[1356286, 1364006, 1363403]"
"LISAH-BVD-0-347-20230516","[1356286, 1364006, 1407739]"
"LISAH-BVD-0-348-20230516","[1356286, 1357875, 1362380]"
"LISAH-BVD-0-349-20230516","[1356286, 1364006, 1361205]"
"LISAH-BVD-0-35-20230510","[1396446, 1363455, 1364065]"
"LISAH-BVD-0-350-20230516","[1356286, 1357635, 1364006]"
"LISAH-BVD-0-351-20230516","[1356286, 1364006, 1363798]"
"LISAH-BVD-0-352-20230516","[1356286, 1363468, 1411890]"
"LISAH-BVD-0-353-20230516","[1356286, 1364006, 1359268]"
"LISAH-BVD-0-354-20230516","[1364006, 1361190, 1357635]"
"LISAH-BVD-0-364-20230516","[1364173, 1361307, 1363944]"
"LISAH-BVD-0-372-20230516","[1361307, 1359525, 1361117]"
"LISAH-BVD-0-379-20230516","[1361307, 1356397, 1364006]"
"LISAH-BVD-0-380-20230516","[1361307, 1360120, 1363475]"
"LISAH-BVD-0-383-20230516","[1414353, 1422217, 1363476]"
"LISAH-BVD-0-392-20230516","[1364006, 1356587, 1355936]"
"LISAH-BVD-0-397-20230517","[1361307, 1414366, 1414353]"
"LISAH-BVD-0-398-20230517","[1728568, 1363740, 1414366]"
"LISAH-BVD-0-412-20230517","[1357697, 1391445, 1360860]"
"LISAH-BVD-0-417-20230517","[1356286, 1361307, 1363740]"
"LISAH-BVD-0-428-20230517","[1361307, 1356286, 1357875]"
"LISAH-BVD-0-430-20230517","[1356286, 1364006, 1407739]"
"LISAH-BVD-0-431-20230517","[1407739, 1364006, 1363475]"
"LISAH-BVD-0-432-20230517","[1356286, 1357635, 1364006]"
"LISAH-BVD-0-463-20230517","[1364065, 1356278, 1356111]"
"LISAH-BVD-0-465-20230517","[1364065, 1363740, 1397048]"
"LISAH-BVD-0-471-20230517","[1356286, 1407739, 1722432]"
"LISAH-BVD-0-54-20230510","[1356314, 1722501, 1356081]"
"LISAH-BVD-0-99-20230510","[1414366, 1363731, 1356286]"
"LISAH-JAS-0-1-20220505","[1357526, 1357546, 1357702]"
"LISAH-JAS-0-11-20220505","[1359519, 1363739, 1359530]"
"LISAH-JAS-0-12-20220505","[1359519, 1359860, 1356278]"
"LISAH-JAS-0-13-20220505","[1359519, 1363739, 1363731]"
"LISAH-JAS-0-15-20220505","[1359519, 1422217, 1362236]"
"LISAH-JAS-0-16-20220505","[1359519, 1363878, 1357456]"
"LISAH-JAS-0-17-20220505","[1393770, 1362236, 1359792]"
"LISAH-JAS-0-2-20220505","[1356111, 1364065, 1363179]"
"LISAH-JAS-0-6-20220505","[1359519, 1364138, 1356084]"
"LISAH-JAS-0-7-20220505","[1359519, 1364138, 1356084]"
"LISAH-JAS-0-9-20220505","[1359519, 1357546, 1355869]"
"LISAH-JAS-1-25-20220505","[1363213, 1414366, 1363460]"
"LISAH-JAS-1-27-20220505","[1361307, 1363730, 1361190]"
"LISAH-JAS-1-28-20220505","[1422217, 1362898, 1363944]"
"LISAH-JAS-1-5-20220505","[1357546, 1360748, 1356697]"
"LISAH-PEC-0-0-20220608","[1357945, 1744673, 1361926]"
"LISAH-PEC-0-1-20230411","[1356013, 1364138, 1358654]"
"LISAH-PEC-0-10-20230405","[1364138, 1363878, 1357635]"
"LISAH-PEC-0-11-20230405","[1364138, 1357635, 1741452]"
"LISAH-PEC-0-11-20230411","[1356013, 1363899, 1357934]"
"LISAH-PEC-0-12-20230411","[1356013, 1355964, 1357635]"
"LISAH-PEC-0-13-20230411","[1356013, 1480138, 1550154]"
"LISAH-PEC-0-13-20230413","[1356013, 1357192, 1357514]"
"LISAH-PEC-0-14-20230407","[1360290, 1361000, 1363988]"
"LISAH-PEC-0-15-20230407","[1361000, 1392158, 1360588]"
"LISAH-PEC-0-17-20230413","[1357981, 1363676, 1397095]"
"LISAH-PEC-0-18-20230411","[1356013, 1363875, 1355964]"
"LISAH-PEC-0-19-20230413","[1356013, 1363676, 1550154]"
"LISAH-PEC-0-20-20230411","[1356013, 1355964, 1364138]"
"LISAH-PEC-0-4-20230407","[1360433, 1361081, 1359279]"
"LISAH-PEC-0-4-20230411","[1356013, 1550154, 1359254]"
"LISAH-PEC-0-6-20220608","[1357401, 1390967, 1502684]"
"LISAH-PEC-0-6-20230411","[1356013, 1363791, 1357635]"
"LISAH-PEC-0-8-20230405","[1363878, 1363791, 1358260]"
"LISAH-PEC-0-9-20230411","[1356013, 1363467, 1363878]"
"LISAH-PEC-0-9-20230413","[1356013, 1357598, 1363676]"
"LISAH-PEC-1-13-20230405","[1363878, 1357635, 1356013]"
"LISAH-PEC-1-18-20230407","[1363878, 1398824, 1355869]"
"LISAH-PEC-2-0-20220609","[1356013, 1364151, 1357227]"
"LISAH-PEC-2-11-20220609","[1357351, 1356013, 1355881]"
"LISAH-PEC-2-17-20230407","[1363878, 1390637, 1359914]"
"LISAH-PEC-2-2-20220609","[1356013, 1361307, 1358654]"
"LISAH-PEC-2-20-20230407","[1356013, 1363878, 1355994]"
"LISAH-PEC-2-4-20220609","[1356013, 1357351, 1355881]"
"LISAH-PEC-2-5-20220609","[1364151, 1357598, 1357514]"
"LISAH-PEC-2-5-20230407","[1356013, 1363878, 1355998]"
"LISAH-PEC-2-6-20220609","[1356013, 1422218, 1355881]"
"LISAH-PEC-3-10-20230407","[1363804, 1363805, 1359268]"
"LISAH-PEC-3-16-20230407","[1363676, 1363804, 1359268]"
"LISAH-PEC-3-20-20230407","[1363676, 1356013, 1396879]"
"OPTMix-0108-P1-312-20231006","[1356404, 1396752, 1392669]"
"OPTMix-0108-P1-422-20231006","[1363593, 1363933, 1741584]"
"OPTMix-0108-P1-427-20231006","[1743914, 1358612, 1391809]"
"OPTMix-0108-P1-533-20231006","[1363593, 1363016, 1357413]"
"OPTMix-0108-P1-95-20231006","[1363593, 1360945, 1392774]"
"OPTMix-012-P1-143-20231201","[1419076, 1362024, 1362023]"
"OPTMix-012-P1-208-20231201","[1419076, 1361914, 1359973]"
"OPTMix-012-P2-192-20231201","[1419076, 1738583, 1363575]"
"OPTMix-012-P2-207-20231201","[1400084, 1360945, 1419076]"
"OPTMix-012-P2-240-20231201","[1400084, 1393317, 1361914]"
"OPTMix-012-P3-190-20231201","[1359973, 1400084, 1397302]"
"OPTMix-012-P3-218-20231201","[1400084, 1419076, 1360945]"
"OPTMix-012-P3-220-20231201","[1393681, 1419076, 1362023]"
"OPTMix-0178-P1-1060-20231006","[1394044, 1356382, 1396752]"
"OPTMix-0178-P1-1061-20231006","[1357413, 1390811, 1361077]"
"OPTMix-0178-P1-552-20231006","[1391809, 1356404, 1356382]"
"OPTMix-0178-P1-661-20231006","[1356404, 1356382, 1394044]"
"OPTMix-0178-P1-663-20231006","[1356433, 1419076, 1358612]"
"OPTMix-0178-P1-669-20231006","[1397565, 1357413, 1360945]"
"OPTMix-0200-11006-20231009","[1391809, 1356404, 1419076]"
"OPTMix-0200-P2-53-20231009","[1358504, 1358514, 1358507]"
"OPTMix-0200-P2-54-20231009","[1361702, 1396088, 1363401]"
"OPTMix-0200-P2-68-20231009","[1358501, 1548583, 1517773]"
"OPTMix-0200-P3-108-20231009","[1356404, 1363087, 1392524]"
"OPTMix-0200-P3-127-20231009","[1356404, 1668635, 1363593]"
"OPTMix-0200-P3-139-20231009","[1356873, 1392764, 1392762]"
"OPTMix-0214-P1-207-20231010","[1392309, 1362023, 1392340]"
"OPTMix-0214-P1-208-20231010","[1400084, 1362023, 1651162]"
"OPTMix-0214-P1-235-20231010","[1358612, 1395026, 1357413]"
"OPTMix-0214-P2-22-20231010","[1578171, 1358501, 1359222]"
"OPTMix-0214-P2-64-20231010","[1358501, 1356042, 1482204]"
"OPTMix-0214-P2-84-20231010","[1419076, 1359973, 1357413]"
"OPTMix-0214-P3-186-20231010","[1389018, 1390894, 1362023]"
"OPTMix-0214-P3-196-20231010","[1358615, 1395026, 1358612]"
"OPTMix-0214-P3-278-20231010","[1390761, 1390887, 1392059]"
"OPTMix-0216-P4-208-20231009","[1358501, 1388890, 1578171]"
"OPTMix-0255-11233-20231009","[1363593, 1363087, 1396117]"
"OPTMix-0255-11372-20231009","[1363593, 1392319, 1395026]"
"OPTMix-0255-11382-20231009","[1363593, 1363490, 1363526]"
"OPTMix-033-P3-107-20231201","[1356404, 1396752, 1361502]"
"OPTMix-0333-P1-107-20231212","[1356404, 1356382, 1391809]"
"OPTMix-0333-P1-112-20231212","[1356404, 1361256, 1356382]"
"OPTMix-0333-P2-108-20231212","[1356404, 1356382, 1356436]"
"OPTMix-0333-P2-112-20231212","[1356404, 1356382, 1399771]"
"OPTMix-0333-P2-115-20231212","[1356404, 1356382, 1361703]"
"OPTMix-0333-P3-100-20231201","[1356404, 1363593, 1361654]"
"OPTMix-0333-P3-76-20231201","[1356404, 1358501, 1363593]"
"OPTMix-057-P1-1699-20231010","[1391809, 1356440, 1392669]"
"OPTMix-057-P1-1901-20231010","[1397344, 1401438, 1737658]"
"OPTMix-057-P1-1902-20231010","[1356382, 1391805, 1356404]"
"OPTMix-057-P1-1913-20231010","[1356404, 1356382, 1392655]"
"OPTMix-057-P1-1917-20231010","[1356428, 1391807, 1396752]"
"OPTMix-0593-P1-129-20231205","[1419076, 1359973, 1358612]"
"OPTMix-0593-P1-134-20231205","[1359973, 1400084, 1419076]"
"OPTMix-0593-P1-86-20231205","[1400084, 1362023, 1392309]"
"OPTMix-0593-P2-180-20231205","[1395026, 1419076, 1548153]"
"OPTMix-0593-P2-84-20231205","[1357413, 1356576, 1359274]"
"OPTMix-0593-P2-92-20231205","[1362023, 1651162, 1400084]"
"OPTMix-0593-P3-130-20231205","[1400084, 1361092, 1361585]"
"OPTMix-0593-P3-146-20231205","[1400084, 1390756, 1392309]"
"OPTMix-0593-P3-87-20231205","[1359973, 1361585, 1419076]"
"OPTMix-0598-P1-118-20231205","[1393522, 1388990, 1650228]"
"OPTMix-0598-P1-132-20231205","[1359973, 1357413, 1419076]"
"OPTMix-0598-P1-133-20231205","[1395026, 1419076, 1548153]"
"OPTMix-0598-P1-149-20231205","[1395020, 1357413, 1358515]"
"OPTMix-0598-P1-197-20231205","[1358501, 1391809, 1393907]"
"OPTMix-0598-P1-198-20231205","[1361245, 1360701, 1363413]"
"OPTMix-0598-P2-102-20231205","[1361256, 1502610, 1356387]"
"OPTMix-0598-P2-139-20231207","[1356404, 1391418, 1358616]"
"OPTMix-0598-P2-86-20231207","[1356790, 1356404, 1356382]"
"OPTMix-0598-P2-99-20231205","[1356790, 1356404, 1419076]"
"OPTMix-0598-P4-104-20231207","[1358501, 1396168, 1392025]"
"OPTMix-0598-P4-108-20231207","[1398295, 1395476, 1391418]"
"OPTMix-0598-P4-128-20231207","[1419076, 1357413, 1395026]"
"OPTMix-083-P3-139-20231110","[1356404, 1356382, 1356387]"
"OPTMix-083-P3-186-20231110","[1356404, 1361598, 1356382]"
"OPTMix-083-P3-96-20231110","[1358501, 1741452, 1578171]"
"OPTMix-108-P1-000-20231006","[1395035, 1359760, 1358612]"
"RNNB-1-1-20230512","[1363540, 1722522, 1722625]"
"RNNB-1-1-20240117","[1655422, 1363331, 1722433]"
"RNNB-1-10-20230512","[1722625, 1452062, 1722522]"
"RNNB-1-10-20240117","[1722433, 1393522, 1722441]"
"RNNB-1-2-20230512","[1722521, 1722522, 1722625]"
"RNNB-1-2-20240117","[1391491, 1363302, 1394414]"
"RNNB-1-3-20230512","[1738887, 1722625, 1722522]"
"RNNB-1-3-20240117","[1722441, 1361412, 1363302]"
"RNNB-1-4-20230512","[1722625, 1738887, 1722522]"
"RNNB-1-4-20240117","[1357227, 1357236, 1722672]"
"RNNB-1-5-20230512","[1722625, 1722522, 1722521]"
"RNNB-1-5-20240117","[1722433, 1655422, 1363302]"
"RNNB-1-6-20230512","[1722625, 1722522, 1363137]"
"RNNB-1-6-20240117","[1722433, 1390761, 1357227]"
"RNNB-1-7-20230512","[1722625, 1738887, 1722522]"
"RNNB-1-7-20240117","[1393522, 1722433, 1650228]"
"RNNB-1-8-20230512","[1722625, 1722522, 1738887]"
"RNNB-1-8-20240117","[1738610, 1722434, 1363302]"
"RNNB-1-9-20230512","[1722625, 1738887, 1722522]"
"RNNB-1-9-20240117","[1722433, 1731667, 1363052]"
"RNNB-2-1-20230512","[1722522, 1722625, 1360006]"
"RNNB-2-1-20240117","[1357227, 1357236, 1400016]"
"RNNB-2-10-20230512","[1360006, 1393574, 1452062]"
"RNNB-2-10-20240117","[1357227, 1357236, 1363302]"
"RNNB-2-2-20230512","[1722522, 1360006, 1722625]"
"RNNB-2-2-20240117","[1357227, 1357236, 1359344]"
"RNNB-2-3-20230512","[1360006, 1389328, 1426004]"
"RNNB-2-3-20240117","[1357227, 1357236, 1396883]"
"RNNB-2-4-20230512","[1360006, 1426004, 1743297]"
"RNNB-2-4-20240117","[1357227, 1357236, 1360701]"
"RNNB-2-5-20230512","[1360006, 1389328, 1357742]"
"RNNB-2-5-20240117","[1357227, 1359344, 1357236]"
"RNNB-2-6-20230512","[1360006, 1393568, 1393571]"
"RNNB-2-6-20240117","[1357227, 1408638, 1357236]"
"RNNB-2-7-20230512","[1360006, 1360036, 1743297]"
"RNNB-2-7-20240117","[1357227, 1357236, 1722441]"
"RNNB-2-8-20230512","[1360006, 1722624, 1426004]"
"RNNB-2-8-20240117","[1360701, 1359344, 1360719]"
"RNNB-2-9-20230512","[1360006, 1393571, 1743297]"
"RNNB-2-9-20240117","[1357227, 1357236, 1517350]"
"RNNB-3-1-20230512","[1360054, 1426088, 1357815]"
"RNNB-3-1-20240117","[1359344, 1738652, 1357049]"
"RNNB-3-10-20230512","[1650228, 1393522, 1722433]"
"RNNB-3-10-20240117","[1738652, 1357049, 1743249]"
"RNNB-3-11-20230512","[1393522, 1650228, 1650353]"
"RNNB-3-12-20230512","[1393522, 1650228, 1722433]"
"RNNB-3-2-20230512","[1357815, 1360006, 1425884]"
"RNNB-3-2-20240117","[1359344, 1363302, 1363852]"
"RNNB-3-3-20240117","[1359344, 1363302, 1360381]"
"RNNB-3-4-20230512","[1391596, 1453566, 1425884]"
"RNNB-3-4-20240117","[1359344, 1357742, 1398322]"
"RNNB-3-5-20230512","[1650228, 1722433, 1425884]"
"RNNB-3-5-20240117","[1722501, 1356083, 1357742]"
"RNNB-3-6-20230512","[1393522, 1722433, 1650228]"
"RNNB-3-6-20240117","[1355977, 1742109, 1357742]"
"RNNB-3-7-20230512","[1650228, 1393522, 1722433]"
"RNNB-3-7-20240117","[1359344, 1360978, 1355977]"
"RNNB-3-8-20230512","[1393522, 1650228, 1722433]"
"RNNB-3-8-20240117","[1359344, 1360978, 1359297]"
"RNNB-3-9-20230512","[1393522, 1650228, 1722433]"
"RNNB-3-9-20240117","[1360701, 1360711, 1360715]"
"RNNB-4-1-20240117","[1359344, 1399677, 1357769]"
"RNNB-4-1-20240118","[1392725, 1399739, 1357630]"
"RNNB-4-10-20240117","[1359344, 1360138, 1722501]"
"RNNB-4-10-20240118","[1499749, 1356951, 1357742]"
"RNNB-4-2-20240117","[1359344, 1357742, 1357044]"
"RNNB-4-2-20240118","[1394643, 1518245, 1357026]"
"RNNB-4-3-20240117","[1359344, 1722441, 1393770]"
"RNNB-4-3-20240118","[1394416, 1357742, 1493061]"
"RNNB-4-4-20240117","[1359344, 1738652, 1398322]"
"RNNB-4-4-20240118","[1392725, 1499749, 1361412]"
"RNNB-4-5-20240117","[1357227, 1359344, 1393770]"
"RNNB-4-5-20240118","[1394643, 1357630, 1393619]"
"RNNB-4-6-20240117","[1359344, 1738652, 1357023]"
"RNNB-4-6-20240118","[1499749, 1357630, 1509616]"
"RNNB-4-7-20240117","[1359344, 1388812, 1393770]"
"RNNB-4-7-20240118","[1357630, 1357705, 1499749]"
"RNNB-4-8-20240117","[1359344, 1355950, 1357848]"
"RNNB-4-8-20240118","[1357630, 1392725, 1361412]"
"RNNB-4-9-20240117","[1359344, 1357848, 1357358]"
"RNNB-4-9-20240118","[1499749, 1357705, 1357630]"
"RNNB-5-1-20240117","[1360542, 1357771, 1357630]"
"RNNB-5-1-20240118","[1738652, 1362333, 1737651]"
"RNNB-5-10-20240117","[1357742, 1398322, 1362333]"
"RNNB-5-10-20240118","[1392725, 1357630, 1499749]"
"RNNB-5-2-20240117","[1392725, 1509616, 1399609]"
"RNNB-5-2-20240118","[1392725, 1357630, 1361824]"
"RNNB-5-3-20240117","[1357630, 1357770, 1360542]"
"RNNB-5-3-20240118","[1499749, 1392725, 1364037]"
"RNNB-5-4-20240117","[1357630, 1392725, 1357770]"
"RNNB-5-4-20240118","[1357630, 1392725, 1737651]"
"RNNB-5-5-20240117","[1357630, 1392725, 1518245]"
"RNNB-5-5-20240118","[1357630, 1392725, 1499749]"
"RNNB-5-6-20240117","[1357630, 1360542, 1392725]"
"RNNB-5-6-20240118","[1392725, 1357630, 1499749]"
"RNNB-5-7-20240117","[1357401, 1744055, 1360542]"
"RNNB-5-7-20240118","[1355950, 1388812, 1499749]"
"RNNB-5-8-20240117","[1396197, 1357401, 1743332]"
"RNNB-5-8-20240118","[1722441, 1396489, 1362951]"
"RNNB-5-9-20240117","[1396197, 1393770, 1360035]"
"RNNB-5-9-20240118","[1394643, 1357630, 1397498]"
"RNNB-6-1-20240117","[1355885, 1357401, 1493539]"
"RNNB-6-1-20240118","[1357962, 1355886, 1397398]"
"RNNB-6-10-20240117","[1391122, 1744673, 1360951]"
"RNNB-6-10-20240118","[1396726, 1388812, 1357630]"
"RNNB-6-2-20240117","[1363526, 1357401, 1356682]"
"RNNB-6-2-20240118","[1357962, 1722578, 1394416]"
"RNNB-6-3-20240117","[1636863, 1738652, 1356141]"
"RNNB-6-3-20240118","[1744033, 1363302, 1394416]"
"RNNB-6-4-20240117","[1361412, 1360951, 1357401]"
"RNNB-6-4-20240118","[1361926, 1722578, 1647185]"
"RNNB-6-5-20240117","[1360978, 1744033, 1363302]"
"RNNB-6-5-20240118","[1397398, 1512544, 1392904]"
"RNNB-6-6-20240117","[1361412, 1363526, 1363852]"
"RNNB-6-6-20240118","[1357630, 1518245, 1388812]"
"RNNB-6-7-20240117","[1362333, 1360381, 1357303]"
"RNNB-6-7-20240118","[1357630, 1499749, 1392725]"
"RNNB-6-8-20240117","[1355950, 1357848, 1357928]"
"RNNB-6-8-20240118","[1392725, 1509616, 1499749]"
"RNNB-6-9-20240117","[1502684, 1502614, 1363526]"
"RNNB-6-9-20240118","[1357630, 1393619, 1743539]"
"RNNB-7-1-20240118","[1362333, 1738652, 1743249]"
"RNNB-7-10-20240118","[1392725, 1361412, 1357630]"
"RNNB-7-2-20240118","[1361412, 1394414, 1361354]"
"RNNB-7-3-20240118","[1392725, 1509616, 1399609]"
"RNNB-7-4-20240118","[1361412, 1394416, 1362576]"
"RNNB-7-5-20240118","[1361412, 1398821, 1518932]"
"RNNB-7-6-20240118","[1392725, 1357630, 1499749]"
"RNNB-7-7-20240118","[1361412, 1357303, 1357770]"
"RNNB-7-8-20240118","[1361412, 1357962, 1492564]"
"RNNB-7-9-20240118","[1388990, 1361412, 1492564]"
"RNNB-8-1-20240118","[1359344, 1393770, 1360719]"
"RNNB-8-10-20240118","[1361412, 1363302, 1722433]"
"RNNB-8-2-20240118","[1357227, 1397320, 1396883]"
"RNNB-8-3-20240118","[1364100, 1357871, 1363302]"
"RNNB-8-4-20240118","[1357227, 1361412, 1363302]"
"RNNB-8-5-20240118","[1359344, 1393770, 1388812]"
"RNNB-8-6-20240118","[1359344, 1388812, 1393770]"
"RNNB-8-7-20240118","[1359344, 1357848, 1355950]"
"RNNB-8-8-20240118","[1357227, 1359344, 1357236]"
"RNNB-8-9-20240118","[1359344, 1360381, 1355898]"
