image_name,rank,species_id,species_name,logit_score
2024-CEV3-20240602,1,1395045,Ranunculus aconitifolius,66.627617
2024-CEV3-20240602,2,1363461,Anthoxanthum odoratum,62.847351
2024-CEV3-20240602,3,1361592,Luzula campestris,62.605827
CBN-PdlC-A1-20130807,1,1396253,Sibbaldia procumbens,62.999466
CBN-PdlC-A1-20130807,2,1392608,Geum montanum,62.699711
CBN-PdlC-A1-20130807,3,1412857,Omalotheca supina,62.479153
CBN-PdlC-A1-20130903,1,1395807,Salix herbacea,63.847958
CBN-PdlC-A1-20130903,2,1392608,Geum montanum,63.562904
CBN-PdlC-A1-20130903,3,1412857,Omalotheca supina,63.181946
CBN-PdlC-A1-20140721,1,1412857,Omalotheca supina,63.978836
CBN-PdlC-A1-20140721,2,1392608,Geum montanum,62.882767
CBN-PdlC-A1-20140721,3,1396144,Sedum alpestre,62.856659
CBN-PdlC-A1-20140811,1,1392608,Geum montanum,65.199112
CBN-PdlC-A1-20140811,2,1412857,Omalotheca supina,63.960670
CBN-PdlC-A1-20140811,3,1396144,Sedum alpestre,63.913658
CBN-PdlC-A1-20140901,1,1396144,Sedum alpestre,63.512749
CBN-PdlC-A1-20140901,2,1361367,Poa alpina,62.588676
CBN-PdlC-A1-20140901,3,1412857,Omalotheca supina,62.486004
CBN-PdlC-A1-20150701,1,1396253,Sibbaldia procumbens,63.986198
CBN-PdlC-A1-20150701,2,1356422,Botrychium lunaria,63.249306
CBN-PdlC-A1-20150701,3,1393619,Logfia minima,61.376015
CBN-PdlC-A1-20150720,1,1392608,Geum montanum,64.949654
CBN-PdlC-A1-20150720,2,1392534,Gentiana acaulis,64.340340
CBN-PdlC-A1-20150720,3,1392535,Gentiana alpina,63.747650
CBN-PdlC-A1-20150831,1,1394311,Oreochloa disticha,64.788246
CBN-PdlC-A1-20150831,2,1412857,Omalotheca supina,64.045563
CBN-PdlC-A1-20150831,3,1396843,Trifolium alpinum,63.856377
CBN-PdlC-A1-20160705,1,1394911,Primula integrifolia,65.630997
CBN-PdlC-A1-20160705,2,1412857,Omalotheca supina,63.713028
CBN-PdlC-A1-20160705,3,1396253,Sibbaldia procumbens,63.700264
CBN-PdlC-A1-20160726,1,1392535,Gentiana alpina,65.232368
CBN-PdlC-A1-20160726,2,1392534,Gentiana acaulis,64.766594
CBN-PdlC-A1-20160726,3,1395807,Salix herbacea,62.062180
CBN-PdlC-A1-20170816,1,1392534,Gentiana acaulis,63.467743
CBN-PdlC-A1-20170816,2,1742053,Omalotheca hoppeana,62.634892
CBN-PdlC-A1-20170816,3,1412857,Omalotheca supina,62.623592
CBN-PdlC-A1-20170906,1,1392534,Gentiana acaulis,65.266312
CBN-PdlC-A1-20170906,2,1412857,Omalotheca supina,64.523529
CBN-PdlC-A1-20170906,3,1396253,Sibbaldia procumbens,63.861752
CBN-PdlC-A1-20180702,1,1412857,Omalotheca supina,62.169498
CBN-PdlC-A1-20180702,2,1392534,Gentiana acaulis,60.657944
CBN-PdlC-A1-20180702,3,1392535,Gentiana alpina,59.653034
CBN-PdlC-A1-20180815,1,1412857,Omalotheca supina,64.030273
CBN-PdlC-A1-20180815,2,1394311,Oreochloa disticha,61.201973
CBN-PdlC-A1-20180815,3,1394366,Oxyria digyna,59.625008
CBN-PdlC-A1-20180905,1,1412857,Omalotheca supina,64.027603
CBN-PdlC-A1-20180905,2,1392541,Gentiana brachyphylla,61.699791
CBN-PdlC-A1-20180905,3,1394311,Oreochloa disticha,61.415253
CBN-PdlC-A1-20190701,1,1397279,Alchemilla alpina,59.635620
CBN-PdlC-A1-20190701,2,1391781,Draba subnivalis,58.519447
CBN-PdlC-A1-20190701,3,1418688,Arctous alpina,58.476860
CBN-PdlC-A1-20190722,1,1392608,Geum montanum,63.918938
CBN-PdlC-A1-20190722,2,1412857,Omalotheca supina,63.262974
CBN-PdlC-A1-20190722,3,1396843,Trifolium alpinum,63.035831
CBN-PdlC-A1-20190812,1,1412857,Omalotheca supina,63.595627
CBN-PdlC-A1-20190812,2,1361367,Poa alpina,62.278488
CBN-PdlC-A1-20190812,3,1396253,Sibbaldia procumbens,62.210575
CBN-PdlC-A1-20190909,1,1392608,Geum montanum,62.746861
CBN-PdlC-A1-20190909,2,1412857,Omalotheca supina,62.200996
CBN-PdlC-A1-20190909,3,1361367,Poa alpina,61.856781
CBN-PdlC-A1-20200629,1,1647156,Armeria humilis,57.452641
CBN-PdlC-A1-20200629,2,1392066,Eriophorum scheuchzeri,56.962620
CBN-PdlC-A1-20200629,3,1356402,Hymenophyllum wilsonii,55.775349
CBN-PdlC-A1-20200722,1,1392535,Gentiana alpina,66.633804
CBN-PdlC-A1-20200722,2,1392534,Gentiana acaulis,65.278145
CBN-PdlC-A1-20200722,3,1392608,Geum montanum,63.747856
CBN-PdlC-A1-20200812,1,1742053,Omalotheca hoppeana,66.506271
CBN-PdlC-A1-20200812,2,1396144,Sedum alpestre,64.580681
CBN-PdlC-A1-20200812,3,1412857,Omalotheca supina,64.301926
CBN-PdlC-A2-20130807,1,1412857,Omalotheca supina,63.728260
CBN-PdlC-A2-20130807,2,1396253,Sibbaldia procumbens,63.479530
CBN-PdlC-A2-20130807,3,1396144,Sedum alpestre,63.235458
CBN-PdlC-A2-20130903,1,1393200,Homogyne alpina,62.230228
CBN-PdlC-A2-20130903,2,1398327,Allium pyrenaicum,61.591972
CBN-PdlC-A2-20130903,3,1395807,Salix herbacea,61.032291
CBN-PdlC-A2-20140721,1,1396144,Sedum alpestre,64.691208
CBN-PdlC-A2-20140721,2,1396253,Sibbaldia procumbens,63.827576
CBN-PdlC-A2-20140721,3,1397491,Sedum atratum,61.353157
CBN-PdlC-A2-20140901,1,1412857,Omalotheca supina,62.249523
CBN-PdlC-A2-20140901,2,1396253,Sibbaldia procumbens,62.153931
CBN-PdlC-A2-20140901,3,1394643,Antennaria dioica,61.404839
CBN-PdlC-A2-20150720,1,1393200,Homogyne alpina,68.404083
CBN-PdlC-A2-20150720,2,1412857,Omalotheca supina,63.423073
CBN-PdlC-A2-20150720,3,1396253,Sibbaldia procumbens,63.422451
CBN-PdlC-A2-20150810,1,1393200,Homogyne alpina,65.832329
CBN-PdlC-A2-20150810,2,1412857,Omalotheca supina,65.806992
CBN-PdlC-A2-20150810,3,1395807,Salix herbacea,61.309753
CBN-PdlC-A2-20150831,1,1393200,Homogyne alpina,66.698395
CBN-PdlC-A2-20150831,2,1412857,Omalotheca supina,65.270004
CBN-PdlC-A2-20150831,3,1742053,Omalotheca hoppeana,64.940636
CBN-PdlC-A2-20160705,1,1393200,Homogyne alpina,64.871033
CBN-PdlC-A2-20160705,2,1396253,Sibbaldia procumbens,64.266502
CBN-PdlC-A2-20160705,3,1412857,Omalotheca supina,62.763741
CBN-PdlC-A2-20160726,1,1392535,Gentiana alpina,69.446960
CBN-PdlC-A2-20160726,2,1393200,Homogyne alpina,66.281097
CBN-PdlC-A2-20160726,3,1392534,Gentiana acaulis,65.086868
CBN-PdlC-A2-20170816,1,1395807,Salix herbacea,64.802025
CBN-PdlC-A2-20170816,2,1412857,Omalotheca supina,64.020599
CBN-PdlC-A2-20170816,3,1393200,Homogyne alpina,63.394669
CBN-PdlC-A2-20180702,1,1392655,Goodyera repens,60.753281
CBN-PdlC-A2-20180702,2,1359750,Oxalis acetosella,60.133377
CBN-PdlC-A2-20180702,3,1391092,Cerastium tomentosum,59.693916
CBN-PdlC-A2-20180723,1,1393200,Homogyne alpina,65.558044
CBN-PdlC-A2-20180723,2,1396144,Sedum alpestre,63.633511
CBN-PdlC-A2-20180723,3,1396253,Sibbaldia procumbens,61.634483
CBN-PdlC-A2-20180815,1,1412857,Omalotheca supina,63.638069
CBN-PdlC-A2-20180815,2,1396253,Sibbaldia procumbens,62.731041
CBN-PdlC-A2-20180815,3,1392608,Geum montanum,61.655735
CBN-PdlC-A2-20180905,1,1396144,Sedum alpestre,66.628319
CBN-PdlC-A2-20180905,2,1412857,Omalotheca supina,64.681190
CBN-PdlC-A2-20180905,3,1396253,Sibbaldia procumbens,63.715714
CBN-PdlC-A2-20190701,1,1361275,Festuca indigesta,61.242386
CBN-PdlC-A2-20190701,2,1651427,Festuca summilusitana,60.995819
CBN-PdlC-A2-20190701,3,1396144,Sedum alpestre,60.767433
CBN-PdlC-A2-20190722,1,1393200,Homogyne alpina,66.113312
CBN-PdlC-A2-20190722,2,1392534,Gentiana acaulis,64.203217
CBN-PdlC-A2-20190722,3,1549015,Gentiana clusii,63.714958
CBN-PdlC-A2-20190812,1,1412857,Omalotheca supina,64.808342
CBN-PdlC-A2-20190812,2,1396253,Sibbaldia procumbens,63.838230
CBN-PdlC-A2-20190812,3,1361367,Poa alpina,62.441154
CBN-PdlC-A2-20190909,1,1392534,Gentiana acaulis,63.191528
CBN-PdlC-A2-20190909,2,1412857,Omalotheca supina,63.044617
CBN-PdlC-A2-20190909,3,1394311,Oreochloa disticha,62.242439
CBN-PdlC-A2-20200629,1,1744618,Rivasmartinezia vazquezii,54.704185
CBN-PdlC-A2-20200629,2,1363454,Aira praecox,54.623264
CBN-PdlC-A2-20200629,3,1361707,Potamogeton nodosus,54.161972
CBN-PdlC-A2-20200722,1,1392534,Gentiana acaulis,64.397339
CBN-PdlC-A2-20200722,2,1392535,Gentiana alpina,63.119926
CBN-PdlC-A2-20200722,3,1396253,Sibbaldia procumbens,62.897408
CBN-PdlC-A2-20200812,1,1412857,Omalotheca supina,65.095795
CBN-PdlC-A2-20200812,2,1396253,Sibbaldia procumbens,63.896317
CBN-PdlC-A2-20200812,3,1393200,Homogyne alpina,63.491577
CBN-PdlC-A3-20130807,1,1393200,Homogyne alpina,66.854034
CBN-PdlC-A3-20130807,2,1392608,Geum montanum,64.877640
CBN-PdlC-A3-20130807,3,1392534,Gentiana acaulis,62.382378
CBN-PdlC-A3-20130903,1,1742053,Omalotheca hoppeana,63.856094
CBN-PdlC-A3-20130903,2,1393200,Homogyne alpina,63.373768
CBN-PdlC-A3-20130903,3,1412857,Omalotheca supina,63.355270
CBN-PdlC-A3-20140721,1,1393200,Homogyne alpina,64.736366
CBN-PdlC-A3-20140721,2,1396144,Sedum alpestre,63.967060
CBN-PdlC-A3-20140721,3,1392608,Geum montanum,63.427284
CBN-PdlC-A3-20140811,1,1396144,Sedum alpestre,69.211693
CBN-PdlC-A3-20140811,2,1393200,Homogyne alpina,67.682053
CBN-PdlC-A3-20140811,3,1392608,Geum montanum,65.720612
CBN-PdlC-A3-20140901,1,1393200,Homogyne alpina,64.807747
CBN-PdlC-A3-20140901,2,1412857,Omalotheca supina,64.576637
CBN-PdlC-A3-20140901,3,1394643,Antennaria dioica,63.307335
CBN-PdlC-A3-20150701,1,1393200,Homogyne alpina,67.370285
CBN-PdlC-A3-20150701,2,1396144,Sedum alpestre,66.192261
CBN-PdlC-A3-20150701,3,1396253,Sibbaldia procumbens,63.252151
CBN-PdlC-A3-20150720,1,1393200,Homogyne alpina,67.108383
CBN-PdlC-A3-20150720,2,1396144,Sedum alpestre,64.638054
CBN-PdlC-A3-20150720,3,1392608,Geum montanum,62.572388
CBN-PdlC-A3-20150810,1,1412857,Omalotheca supina,65.174217
CBN-PdlC-A3-20150810,2,1393200,Homogyne alpina,64.736259
CBN-PdlC-A3-20150810,3,1396144,Sedum alpestre,64.543648
CBN-PdlC-A3-20150831,1,1396144,Sedum alpestre,67.942490
CBN-PdlC-A3-20150831,2,1393200,Homogyne alpina,66.112411
CBN-PdlC-A3-20150831,3,1392608,Geum montanum,65.025604
CBN-PdlC-A3-20160705,1,1393200,Homogyne alpina,67.146599
CBN-PdlC-A3-20160705,2,1396144,Sedum alpestre,66.614075
CBN-PdlC-A3-20160705,3,1392608,Geum montanum,63.460308
CBN-PdlC-A3-20160726,1,1393200,Homogyne alpina,66.070595
CBN-PdlC-A3-20160726,2,1412857,Omalotheca supina,65.468788
CBN-PdlC-A3-20160726,3,1392534,Gentiana acaulis,65.078789
CBN-PdlC-A3-20170816,1,1396144,Sedum alpestre,65.050308
CBN-PdlC-A3-20170816,2,1412857,Omalotheca supina,63.824646
CBN-PdlC-A3-20170816,3,1742053,Omalotheca hoppeana,62.906567
CBN-PdlC-A3-20170906,1,1393200,Homogyne alpina,65.923355
CBN-PdlC-A3-20170906,2,1396144,Sedum alpestre,65.515160
CBN-PdlC-A3-20170906,3,1412857,Omalotheca supina,65.323853
CBN-PdlC-A3-20180702,1,1396144,Sedum alpestre,64.768906
CBN-PdlC-A3-20180702,2,1394643,Antennaria dioica,60.276485
CBN-PdlC-A3-20180702,3,1399798,Pinguicula dertosensis,60.265705
CBN-PdlC-A3-20180723,1,1393200,Homogyne alpina,65.194511
CBN-PdlC-A3-20180723,2,1392608,Geum montanum,62.150684
CBN-PdlC-A3-20180723,3,1392534,Gentiana acaulis,61.604370
CBN-PdlC-A3-20180815,1,1412857,Omalotheca supina,63.449379
CBN-PdlC-A3-20180815,2,1394643,Antennaria dioica,63.303028
CBN-PdlC-A3-20180815,3,1392608,Geum montanum,62.842293
CBN-PdlC-A3-20180905,1,1412857,Omalotheca supina,65.889397
CBN-PdlC-A3-20180905,2,1742053,Omalotheca hoppeana,63.626415
CBN-PdlC-A3-20180905,3,1396253,Sibbaldia procumbens,63.089710
CBN-PdlC-A3-20190701,1,1393200,Homogyne alpina,65.206985
CBN-PdlC-A3-20190701,2,1392534,Gentiana acaulis,60.494774
CBN-PdlC-A3-20190701,3,1412857,Omalotheca supina,60.037792
CBN-PdlC-A3-20190722,1,1393200,Homogyne alpina,66.653885
CBN-PdlC-A3-20190722,2,1412857,Omalotheca supina,63.394253
CBN-PdlC-A3-20190722,3,1392608,Geum montanum,62.785809
CBN-PdlC-A3-20190812,1,1393200,Homogyne alpina,67.730774
CBN-PdlC-A3-20190812,2,1392608,Geum montanum,62.683083
CBN-PdlC-A3-20190812,3,1357608,Gnaphalium uliginosum,61.015003
CBN-PdlC-A3-20190909,1,1393200,Homogyne alpina,64.451759
CBN-PdlC-A3-20190909,2,1394911,Primula integrifolia,63.357262
CBN-PdlC-A3-20190909,3,1742053,Omalotheca hoppeana,61.687500
CBN-PdlC-A3-20200629,1,1743903,Androsace delphinensis,56.853951
CBN-PdlC-A3-20200629,2,1399798,Pinguicula dertosensis,56.579327
CBN-PdlC-A3-20200629,3,1393887,Myosotis corsicana,56.352318
CBN-PdlC-A3-20200722,1,1393200,Homogyne alpina,66.864899
CBN-PdlC-A3-20200722,2,1392608,Geum montanum,63.363544
CBN-PdlC-A3-20200722,3,1393660,Luzula alpinopilosa,61.608521
CBN-PdlC-A3-20200812,1,1393200,Homogyne alpina,67.327759
CBN-PdlC-A3-20200812,2,1742053,Omalotheca hoppeana,66.784462
CBN-PdlC-A3-20200812,3,1412857,Omalotheca supina,66.097054
CBN-PdlC-A4-20130807,1,1393200,Homogyne alpina,64.695511
CBN-PdlC-A4-20130807,2,1397475,Rhododendron ferrugineum,61.254902
CBN-PdlC-A4-20130807,3,1392534,Gentiana acaulis,61.246937
CBN-PdlC-A4-20130903,1,1393200,Homogyne alpina,66.016495
CBN-PdlC-A4-20130903,2,1397475,Rhododendron ferrugineum,63.575130
CBN-PdlC-A4-20130903,3,1396253,Sibbaldia procumbens,62.254501
CBN-PdlC-A4-20140811,1,1393200,Homogyne alpina,68.116455
CBN-PdlC-A4-20140811,2,1396144,Sedum alpestre,65.516052
CBN-PdlC-A4-20140811,3,1392608,Geum montanum,64.370934
CBN-PdlC-A4-20140901,1,1393200,Homogyne alpina,65.235565
CBN-PdlC-A4-20140901,2,1359835,Parnassia palustris,60.249439
CBN-PdlC-A4-20140901,3,1392559,Gentiana punctata,59.759796
CBN-PdlC-A4-20150701,1,1393200,Homogyne alpina,66.766922
CBN-PdlC-A4-20150701,2,1392608,Geum montanum,64.483696
CBN-PdlC-A4-20150701,3,1393874,Myoporum laetum,62.334541
CBN-PdlC-A4-20150810,1,1393200,Homogyne alpina,67.241760
CBN-PdlC-A4-20150810,2,1396253,Sibbaldia procumbens,63.295231
CBN-PdlC-A4-20150810,3,1396144,Sedum alpestre,62.627724
CBN-PdlC-A4-20150831,1,1393200,Homogyne alpina,67.939682
CBN-PdlC-A4-20150831,2,1396144,Sedum alpestre,66.758476
CBN-PdlC-A4-20150831,3,1396253,Sibbaldia procumbens,63.826359
CBN-PdlC-A4-20160705,1,1393200,Homogyne alpina,67.394066
CBN-PdlC-A4-20160705,2,1397475,Rhododendron ferrugineum,63.319859
CBN-PdlC-A4-20160705,3,1358095,Sedum album,60.881947
CBN-PdlC-A4-20160726,1,1396144,Sedum alpestre,67.859436
CBN-PdlC-A4-20160726,2,1393200,Homogyne alpina,66.820709
CBN-PdlC-A4-20160726,3,1392608,Geum montanum,63.892689
CBN-PdlC-A4-20170816,1,1393200,Homogyne alpina,62.611610
CBN-PdlC-A4-20170816,2,1396144,Sedum alpestre,62.050285
CBN-PdlC-A4-20170816,3,1742053,Omalotheca hoppeana,61.014484
CBN-PdlC-A4-20170906,1,1393200,Homogyne alpina,67.518875
CBN-PdlC-A4-20170906,2,1396144,Sedum alpestre,65.728889
CBN-PdlC-A4-20170906,3,1397475,Rhododendron ferrugineum,62.724785
CBN-PdlC-A4-20180702,1,1397475,Rhododendron ferrugineum,60.880436
CBN-PdlC-A4-20180702,2,1393200,Homogyne alpina,60.585262
CBN-PdlC-A4-20180702,3,1361771,Petasites albus,60.523129
CBN-PdlC-A4-20180723,1,1393200,Homogyne alpina,67.190323
CBN-PdlC-A4-20180723,2,1396144,Sedum alpestre,64.673233
CBN-PdlC-A4-20180723,3,1400101,Bartsia alpina,63.945354
CBN-PdlC-A4-20180815,1,1393200,Homogyne alpina,65.467880
CBN-PdlC-A4-20180815,2,1397475,Rhododendron ferrugineum,63.754017
CBN-PdlC-A4-20180815,3,1362100,Mirabilis jalapa,60.757988
CBN-PdlC-A4-20180905,1,1393200,Homogyne alpina,66.337799
CBN-PdlC-A4-20180905,2,1396144,Sedum alpestre,65.044418
CBN-PdlC-A4-20180905,3,1392608,Geum montanum,64.489693
CBN-PdlC-A4-20190701,1,1397475,Rhododendron ferrugineum,63.111065
CBN-PdlC-A4-20190701,2,1393200,Homogyne alpina,61.858257
CBN-PdlC-A4-20190701,3,1393874,Myoporum laetum,61.796227
CBN-PdlC-A4-20190722,1,1393200,Homogyne alpina,64.697723
CBN-PdlC-A4-20190722,2,1397475,Rhododendron ferrugineum,64.617310
CBN-PdlC-A4-20190722,3,1393874,Myoporum laetum,61.041088
CBN-PdlC-A4-20190812,1,1396180,Sempervivum montanum,61.479324
CBN-PdlC-A4-20190812,2,1373840,Senecio deltoideus,60.497078
CBN-PdlC-A4-20190812,3,1392608,Geum montanum,60.447285
CBN-PdlC-A4-20190909,1,1397475,Rhododendron ferrugineum,64.509079
CBN-PdlC-A4-20190909,2,1362482,Phleum alpinum,61.767059
CBN-PdlC-A4-20190909,3,1363491,Phalaris canariensis,61.289726
CBN-PdlC-A4-20200629,1,1397475,Rhododendron ferrugineum,62.781090
CBN-PdlC-A4-20200629,2,1393200,Homogyne alpina,62.666199
CBN-PdlC-A4-20200629,3,1529289,Sedum pedicellatum,60.816917
CBN-PdlC-A4-20200722,1,1393200,Homogyne alpina,68.414772
CBN-PdlC-A4-20200722,2,1397475,Rhododendron ferrugineum,64.383286
CBN-PdlC-A4-20200722,3,1397430,Luzula sylvatica,62.180969
CBN-PdlC-A4-20200812,1,1393200,Homogyne alpina,66.799660
CBN-PdlC-A4-20200812,2,1392608,Geum montanum,64.460381
CBN-PdlC-A4-20200812,3,1397475,Rhododendron ferrugineum,63.552834
CBN-PdlC-A5-20130807,1,1393200,Homogyne alpina,67.082733
CBN-PdlC-A5-20130807,2,1396253,Sibbaldia procumbens,63.739525
CBN-PdlC-A5-20130807,3,1397475,Rhododendron ferrugineum,63.552925
CBN-PdlC-A5-20130903,1,1397475,Rhododendron ferrugineum,63.471878
CBN-PdlC-A5-20130903,2,1396253,Sibbaldia procumbens,62.229942
CBN-PdlC-A5-20130903,3,1361367,Poa alpina,60.628258
CBN-PdlC-A5-20140721,1,1397475,Rhododendron ferrugineum,64.392105
CBN-PdlC-A5-20140721,2,1393200,Homogyne alpina,63.773418
CBN-PdlC-A5-20140721,3,1396253,Sibbaldia procumbens,63.428799
CBN-PdlC-A5-20140811,1,1392541,Gentiana brachyphylla,63.965649
CBN-PdlC-A5-20140811,2,1361598,Luzula pilosa,63.487938
CBN-PdlC-A5-20140811,3,1393660,Luzula alpinopilosa,63.230515
CBN-PdlC-A5-20150701,1,1393200,Homogyne alpina,65.947411
CBN-PdlC-A5-20150701,2,1397475,Rhododendron ferrugineum,63.153481
CBN-PdlC-A5-20150701,3,1395807,Salix herbacea,62.641960
CBN-PdlC-A5-20150831,1,1396253,Sibbaldia procumbens,64.661041
CBN-PdlC-A5-20150831,2,1397475,Rhododendron ferrugineum,63.768959
CBN-PdlC-A5-20150831,3,1395807,Salix herbacea,62.072536
CBN-PdlC-A5-20160705,1,1397475,Rhododendron ferrugineum,65.076630
CBN-PdlC-A5-20160705,2,1396253,Sibbaldia procumbens,64.185410
CBN-PdlC-A5-20160705,3,1392541,Gentiana brachyphylla,64.052742
CBN-PdlC-A5-20160726,1,1392534,Gentiana acaulis,67.068329
CBN-PdlC-A5-20160726,2,1393200,Homogyne alpina,65.584450
CBN-PdlC-A5-20160726,3,1392535,Gentiana alpina,65.356888
CBN-PdlC-A5-20170816,1,1397475,Rhododendron ferrugineum,64.831970
CBN-PdlC-A5-20170816,2,1396253,Sibbaldia procumbens,64.057419
CBN-PdlC-A5-20170816,3,1394366,Oxyria digyna,61.182777
CBN-PdlC-A5-20170906,1,1396253,Sibbaldia procumbens,64.434021
CBN-PdlC-A5-20170906,2,1397475,Rhododendron ferrugineum,64.251816
CBN-PdlC-A5-20170906,3,1393200,Homogyne alpina,63.122684
CBN-PdlC-A5-20180815,1,1393200,Homogyne alpina,65.262558
CBN-PdlC-A5-20180815,2,1396253,Sibbaldia procumbens,63.774574
CBN-PdlC-A5-20180815,3,1397475,Rhododendron ferrugineum,61.121094
CBN-PdlC-A5-20180905,1,1393200,Homogyne alpina,66.343842
CBN-PdlC-A5-20180905,2,1396253,Sibbaldia procumbens,65.282890
CBN-PdlC-A5-20180905,3,1395807,Salix herbacea,61.872379
CBN-PdlC-A5-20190909,1,1397475,Rhododendron ferrugineum,64.133438
CBN-PdlC-A5-20190909,2,1396253,Sibbaldia procumbens,61.730228
CBN-PdlC-A5-20190909,3,1556990,Ixia paniculata,60.202633
CBN-PdlC-A5-20200722,1,1396253,Sibbaldia procumbens,63.879669
CBN-PdlC-A5-20200722,2,1393200,Homogyne alpina,63.503925
CBN-PdlC-A5-20200722,3,1397043,Veronica alpina,62.268009
CBN-PdlC-A6-20130807,1,1393200,Homogyne alpina,65.581390
CBN-PdlC-A6-20130807,2,1397475,Rhododendron ferrugineum,64.446526
CBN-PdlC-A6-20130807,3,1396253,Sibbaldia procumbens,62.998856
CBN-PdlC-A6-20130903,1,1397475,Rhododendron ferrugineum,64.162437
CBN-PdlC-A6-20130903,2,1396253,Sibbaldia procumbens,63.355053
CBN-PdlC-A6-20130903,3,1360130,Rumex lunaria,60.427383
CBN-PdlC-A6-20140630,1,1397475,Rhododendron ferrugineum,61.115906
CBN-PdlC-A6-20140630,2,1396253,Sibbaldia procumbens,60.022141
CBN-PdlC-A6-20140630,3,1741880,Salix serpillifolia,57.007263
CBN-PdlC-A6-20140721,1,1397475,Rhododendron ferrugineum,65.276367
CBN-PdlC-A6-20140721,2,1361598,Luzula pilosa,65.088997
CBN-PdlC-A6-20140721,3,1393200,Homogyne alpina,64.255539
CBN-PdlC-A6-20140901,1,1397475,Rhododendron ferrugineum,63.553310
CBN-PdlC-A6-20140901,2,1361367,Poa alpina,63.217026
CBN-PdlC-A6-20140901,3,1394542,Phyteuma hemisphaericum,62.856903
CBN-PdlC-A6-20150701,1,1393200,Homogyne alpina,67.056221
CBN-PdlC-A6-20150701,2,1397475,Rhododendron ferrugineum,62.076233
CBN-PdlC-A6-20150701,3,1396253,Sibbaldia procumbens,61.996689
CBN-PdlC-A6-20150810,1,1397475,Rhododendron ferrugineum,63.664326
CBN-PdlC-A6-20150810,2,1393200,Homogyne alpina,62.959805
CBN-PdlC-A6-20150810,3,1396253,Sibbaldia procumbens,62.948795
CBN-PdlC-A6-20150831,1,1397475,Rhododendron ferrugineum,64.631844
CBN-PdlC-A6-20150831,2,1396253,Sibbaldia procumbens,62.507462
CBN-PdlC-A6-20150831,3,1393200,Homogyne alpina,62.273563
CBN-PdlC-A6-20160705,1,1393200,Homogyne alpina,65.989075
CBN-PdlC-A6-20160705,2,1397475,Rhododendron ferrugineum,65.313095
CBN-PdlC-A6-20160705,3,1396253,Sibbaldia procumbens,63.521152
CBN-PdlC-A6-20160726,1,1393200,Homogyne alpina,63.967163
CBN-PdlC-A6-20160726,2,1396253,Sibbaldia procumbens,63.372059
CBN-PdlC-A6-20160726,3,1397475,Rhododendron ferrugineum,63.346977
CBN-PdlC-A6-20170816,1,1393200,Homogyne alpina,66.151794
CBN-PdlC-A6-20170816,2,1397475,Rhododendron ferrugineum,63.269035
CBN-PdlC-A6-20170816,3,1396253,Sibbaldia procumbens,62.679436
CBN-PdlC-A6-20170906,1,1393200,Homogyne alpina,63.154125
CBN-PdlC-A6-20170906,2,1397475,Rhododendron ferrugineum,63.097313
CBN-PdlC-A6-20170906,3,1393874,Myoporum laetum,60.830162
CBN-PdlC-A6-20180702,1,1397475,Rhododendron ferrugineum,64.657585
CBN-PdlC-A6-20180702,2,1396253,Sibbaldia procumbens,63.345505
CBN-PdlC-A6-20180702,3,1393200,Homogyne alpina,63.031490
CBN-PdlC-A6-20180723,1,1393200,Homogyne alpina,63.694023
CBN-PdlC-A6-20180723,2,1397475,Rhododendron ferrugineum,62.504219
CBN-PdlC-A6-20180723,3,1396253,Sibbaldia procumbens,61.768993
CBN-PdlC-A6-20180815,1,1397475,Rhododendron ferrugineum,64.359344
CBN-PdlC-A6-20180815,2,1393874,Myoporum laetum,63.858459
CBN-PdlC-A6-20180815,3,1393200,Homogyne alpina,62.226151
CBN-PdlC-A6-20180905,1,1393200,Homogyne alpina,65.274384
CBN-PdlC-A6-20180905,2,1397475,Rhododendron ferrugineum,63.941044
CBN-PdlC-A6-20180905,3,1395862,Salix pyrenaica,60.472374
CBN-PdlC-A6-20190701,1,1393200,Homogyne alpina,66.224854
CBN-PdlC-A6-20190701,2,1397475,Rhododendron ferrugineum,64.533936
CBN-PdlC-A6-20190701,3,1396253,Sibbaldia procumbens,63.571983
CBN-PdlC-A6-20190722,1,1393660,Luzula alpinopilosa,64.257935
CBN-PdlC-A6-20190722,2,1396253,Sibbaldia procumbens,63.970936
CBN-PdlC-A6-20190722,3,1393679,Luzula lutea,62.974419
CBN-PdlC-A6-20190812,1,1396253,Sibbaldia procumbens,63.848526
CBN-PdlC-A6-20190812,2,1397475,Rhododendron ferrugineum,63.545460
CBN-PdlC-A6-20190812,3,1393200,Homogyne alpina,63.107014
CBN-PdlC-A6-20190909,1,1397475,Rhododendron ferrugineum,64.503914
CBN-PdlC-A6-20190909,2,1393200,Homogyne alpina,62.885773
CBN-PdlC-A6-20190909,3,1362482,Phleum alpinum,61.589996
CBN-PdlC-A6-20200722,1,1393200,Homogyne alpina,66.087105
CBN-PdlC-A6-20200722,2,1397475,Rhododendron ferrugineum,64.939293
CBN-PdlC-A6-20200722,3,1396253,Sibbaldia procumbens,62.826542
CBN-PdlC-A6-20200812,1,1393200,Homogyne alpina,65.729576
CBN-PdlC-A6-20200812,2,1397475,Rhododendron ferrugineum,64.980644
CBN-PdlC-A6-20200812,3,1396253,Sibbaldia procumbens,63.856216
CBN-PdlC-B1-20130807,1,1393200,Homogyne alpina,65.692429
CBN-PdlC-B1-20130807,2,1392608,Geum montanum,64.531441
CBN-PdlC-B1-20130807,3,1412857,Omalotheca supina,63.105175
CBN-PdlC-B1-20130903,1,1393200,Homogyne alpina,64.340973
CBN-PdlC-B1-20130903,2,1392608,Geum montanum,64.045433
CBN-PdlC-B1-20130903,3,1394643,Antennaria dioica,63.847416
CBN-PdlC-B1-20140721,1,1393200,Homogyne alpina,63.921268
CBN-PdlC-B1-20140721,2,1396253,Sibbaldia procumbens,63.391598
CBN-PdlC-B1-20140721,3,1392608,Geum montanum,61.633827
CBN-PdlC-B1-20140811,1,1392608,Geum montanum,65.880707
CBN-PdlC-B1-20140811,2,1396144,Sedum alpestre,65.253326
CBN-PdlC-B1-20140811,3,1412857,Omalotheca supina,64.181854
CBN-PdlC-B1-20140901,1,1392608,Geum montanum,64.574440
CBN-PdlC-B1-20140901,2,1393200,Homogyne alpina,64.085770
CBN-PdlC-B1-20140901,3,1412857,Omalotheca supina,62.730991
CBN-PdlC-B1-20150701,1,1393200,Homogyne alpina,65.495285
CBN-PdlC-B1-20150701,2,1392608,Geum montanum,64.798218
CBN-PdlC-B1-20150701,3,1396253,Sibbaldia procumbens,62.643311
CBN-PdlC-B1-20150720,1,1396253,Sibbaldia procumbens,65.213852
CBN-PdlC-B1-20150720,2,1392608,Geum montanum,63.878284
CBN-PdlC-B1-20150720,3,1395807,Salix herbacea,62.402035
CBN-PdlC-B1-20150810,1,1393200,Homogyne alpina,66.258743
CBN-PdlC-B1-20150810,2,1392608,Geum montanum,63.965260
CBN-PdlC-B1-20150810,3,1412857,Omalotheca supina,63.539154
CBN-PdlC-B1-20150831,1,1412857,Omalotheca supina,66.485695
CBN-PdlC-B1-20150831,2,1393200,Homogyne alpina,66.136688
CBN-PdlC-B1-20150831,3,1396144,Sedum alpestre,65.424545
CBN-PdlC-B1-20160705,1,1396144,Sedum alpestre,65.309891
CBN-PdlC-B1-20160705,2,1392608,Geum montanum,64.430473
CBN-PdlC-B1-20160705,3,1393200,Homogyne alpina,63.822205
CBN-PdlC-B1-20160726,1,1393200,Homogyne alpina,66.823898
CBN-PdlC-B1-20160726,2,1412857,Omalotheca supina,63.129051
CBN-PdlC-B1-20160726,3,1392608,Geum montanum,62.898045
CBN-PdlC-B1-20170816,1,1395807,Salix herbacea,62.789967
CBN-PdlC-B1-20170816,2,1742053,Omalotheca hoppeana,62.651371
CBN-PdlC-B1-20170816,3,1392608,Geum montanum,62.109665
CBN-PdlC-B1-20170906,1,1392608,Geum montanum,63.953362
CBN-PdlC-B1-20170906,2,1393200,Homogyne alpina,63.797340
CBN-PdlC-B1-20170906,3,1412857,Omalotheca supina,62.670097
CBN-PdlC-B1-20180702,1,1413349,Armeria maritima,62.283310
CBN-PdlC-B1-20180702,2,1647170,Armeria pubigera,59.767418
CBN-PdlC-B1-20180702,3,1396144,Sedum alpestre,59.706501
CBN-PdlC-B1-20180723,1,1393200,Homogyne alpina,66.018951
CBN-PdlC-B1-20180723,2,1392608,Geum montanum,63.954399
CBN-PdlC-B1-20180723,3,1396144,Sedum alpestre,62.612995
CBN-PdlC-B1-20180815,1,1396144,Sedum alpestre,67.365875
CBN-PdlC-B1-20180815,2,1412857,Omalotheca supina,64.282867
CBN-PdlC-B1-20180815,3,1397491,Sedum atratum,63.987061
CBN-PdlC-B1-20180905,1,1396144,Sedum alpestre,65.369698
CBN-PdlC-B1-20180905,2,1412857,Omalotheca supina,64.929550
CBN-PdlC-B1-20180905,3,1742053,Omalotheca hoppeana,63.942314
CBN-PdlC-B1-20190701,1,1393200,Homogyne alpina,62.388599
CBN-PdlC-B1-20190701,2,1392608,Geum montanum,61.889042
CBN-PdlC-B1-20190701,3,1358095,Sedum album,60.877029
CBN-PdlC-B1-20190722,1,1392608,Geum montanum,64.770363
CBN-PdlC-B1-20190722,2,1396253,Sibbaldia procumbens,61.951931
CBN-PdlC-B1-20190722,3,1361367,Poa alpina,61.450363
CBN-PdlC-B1-20190812,1,1396144,Sedum alpestre,66.766792
CBN-PdlC-B1-20190812,2,1412857,Omalotheca supina,64.911591
CBN-PdlC-B1-20190812,3,1392608,Geum montanum,63.322937
CBN-PdlC-B1-20190909,1,1396144,Sedum alpestre,64.035675
CBN-PdlC-B1-20190909,2,1412857,Omalotheca supina,63.823807
CBN-PdlC-B1-20190909,3,1392608,Geum montanum,62.358212
CBN-PdlC-B1-20200629,1,1393200,Homogyne alpina,60.133408
CBN-PdlC-B1-20200629,2,1356359,Asplenium septentrionale,59.225082
CBN-PdlC-B1-20200629,3,1360299,Geum sylvaticum,57.803547
CBN-PdlC-B1-20200722,1,1396144,Sedum alpestre,66.439804
CBN-PdlC-B1-20200722,2,1393200,Homogyne alpina,65.529778
CBN-PdlC-B1-20200722,3,1392608,Geum montanum,64.141037
CBN-PdlC-B1-20200812,1,1742053,Omalotheca hoppeana,64.695213
CBN-PdlC-B1-20200812,2,1396144,Sedum alpestre,64.541458
CBN-PdlC-B1-20200812,3,1412857,Omalotheca supina,64.385101
CBN-PdlC-B2-20130807,1,1392608,Geum montanum,64.674919
CBN-PdlC-B2-20130807,2,1392534,Gentiana acaulis,64.030708
CBN-PdlC-B2-20130807,3,1647128,Armeria alpina,63.225525
CBN-PdlC-B2-20130903,1,1392608,Geum montanum,62.531128
CBN-PdlC-B2-20130903,2,1647170,Armeria pubigera,62.127129
CBN-PdlC-B2-20130903,3,1744843,Dimorphotheca fruticosa,60.257408
CBN-PdlC-B2-20140721,1,1392608,Geum montanum,63.933273
CBN-PdlC-B2-20140721,2,1392611,Geum pyrenaicum,61.232723
CBN-PdlC-B2-20140721,3,1392612,Geum reptans,60.470341
CBN-PdlC-B2-20140811,1,1392608,Geum montanum,65.714897
CBN-PdlC-B2-20140811,2,1395807,Salix herbacea,64.342926
CBN-PdlC-B2-20140811,3,1360299,Geum sylvaticum,63.998360
CBN-PdlC-B2-20140901,1,1392608,Geum montanum,63.271206
CBN-PdlC-B2-20140901,2,1647128,Armeria alpina,61.807545
CBN-PdlC-B2-20140901,3,1400017,Armeria linkiana,61.344540
CBN-PdlC-B2-20150701,1,1392608,Geum montanum,63.474369
CBN-PdlC-B2-20150701,2,1360299,Geum sylvaticum,61.528458
CBN-PdlC-B2-20150701,3,1647128,Armeria alpina,59.447746
CBN-PdlC-B2-20150720,1,1392608,Geum montanum,62.755436
CBN-PdlC-B2-20150720,2,1394911,Primula integrifolia,62.314552
CBN-PdlC-B2-20150720,3,1392541,Gentiana brachyphylla,61.986633
CBN-PdlC-B2-20150810,1,1392608,Geum montanum,62.675423
CBN-PdlC-B2-20150810,2,1359835,Parnassia palustris,61.325966
CBN-PdlC-B2-20150810,3,1744293,Pinguicula tejedensis,60.479485
CBN-PdlC-B2-20150831,1,1392608,Geum montanum,63.682724
CBN-PdlC-B2-20150831,2,1647128,Armeria alpina,63.226738
CBN-PdlC-B2-20150831,3,1519648,Scorzoneroides carpetana,61.963570
CBN-PdlC-B2-20160705,1,1392608,Geum montanum,65.106155
CBN-PdlC-B2-20160705,2,1362453,Geranium cinereum,61.326759
CBN-PdlC-B2-20160705,3,1394911,Primula integrifolia,61.120956
CBN-PdlC-B2-20160726,1,1392608,Geum montanum,65.718277
CBN-PdlC-B2-20160726,2,1647187,Armeria welwitschii,61.459007
CBN-PdlC-B2-20160726,3,1397043,Veronica alpina,60.980095
CBN-PdlC-B2-20170816,1,1392534,Gentiana acaulis,64.216103
CBN-PdlC-B2-20170816,2,1388766,Botrychium simplex,63.385223
CBN-PdlC-B2-20170816,3,1392608,Geum montanum,63.237549
CBN-PdlC-B2-20170906,1,1392608,Geum montanum,63.120472
CBN-PdlC-B2-20170906,2,1412857,Omalotheca supina,62.589905
CBN-PdlC-B2-20170906,3,1392047,Erigeron glaucus,61.413383
CBN-PdlC-B2-20180702,1,1391427,Crassula pubescens,60.723293
CBN-PdlC-B2-20180702,2,1412857,Omalotheca supina,60.242966
CBN-PdlC-B2-20180702,3,1363618,Crassula multicava,58.398003
CBN-PdlC-B2-20180723,1,1392608,Geum montanum,65.528152
CBN-PdlC-B2-20180723,2,1392535,Gentiana alpina,64.109833
CBN-PdlC-B2-20180723,3,1392534,Gentiana acaulis,63.811844
CBN-PdlC-B2-20180815,1,1392534,Gentiana acaulis,65.245682
CBN-PdlC-B2-20180815,2,1412857,Omalotheca supina,63.150402
CBN-PdlC-B2-20180815,3,1392535,Gentiana alpina,62.013195
CBN-PdlC-B2-20180905,1,1392534,Gentiana acaulis,64.047661
CBN-PdlC-B2-20180905,2,1412857,Omalotheca supina,63.222435
CBN-PdlC-B2-20180905,3,1392565,Gentiana terglouensis,62.797493
CBN-PdlC-B2-20190701,1,1528543,Crassula nudicaulis,60.362484
CBN-PdlC-B2-20190701,2,1418688,Arctous alpina,59.121422
CBN-PdlC-B2-20190701,3,1392241,Alchemilla pentaphyllea,58.051575
CBN-PdlC-B2-20190722,1,1392534,Gentiana acaulis,65.626724
CBN-PdlC-B2-20190722,2,1400101,Bartsia alpina,63.638885
CBN-PdlC-B2-20190722,3,1397043,Veronica alpina,63.005470
CBN-PdlC-B2-20190812,1,1392534,Gentiana acaulis,63.399971
CBN-PdlC-B2-20190812,2,1392535,Gentiana alpina,61.901051
CBN-PdlC-B2-20190812,3,1412857,Omalotheca supina,61.754883
CBN-PdlC-B2-20190909,1,1362482,Phleum alpinum,64.376999
CBN-PdlC-B2-20190909,2,1392608,Geum montanum,62.526398
CBN-PdlC-B2-20190909,3,1412857,Omalotheca supina,60.885895
CBN-PdlC-B2-20200629,1,1397046,Veronica bellidioides,55.354362
CBN-PdlC-B2-20200629,2,1399798,Pinguicula dertosensis,54.675446
CBN-PdlC-B2-20200629,3,1393548,Limonium bonifaciense,54.431442
CBN-PdlC-B2-20200722,1,1392608,Geum montanum,63.762062
CBN-PdlC-B2-20200722,2,1392534,Gentiana acaulis,62.091316
CBN-PdlC-B2-20200722,3,1392612,Geum reptans,61.984985
CBN-PdlC-B2-20200812,1,1392608,Geum montanum,67.439064
CBN-PdlC-B2-20200812,2,1392612,Geum reptans,61.016254
CBN-PdlC-B2-20200812,3,1412857,Omalotheca supina,60.314331
CBN-PdlC-B3-20130807,1,1393200,Homogyne alpina,62.441471
CBN-PdlC-B3-20130807,2,1392534,Gentiana acaulis,61.219151
CBN-PdlC-B3-20130807,3,1392541,Gentiana brachyphylla,60.680660
CBN-PdlC-B3-20130903,1,1393200,Homogyne alpina,66.446114
CBN-PdlC-B3-20130903,2,1392541,Gentiana brachyphylla,62.134983
CBN-PdlC-B3-20130903,3,1392535,Gentiana alpina,61.934196
CBN-PdlC-B3-20140721,1,1393200,Homogyne alpina,64.971680
CBN-PdlC-B3-20140721,2,1396144,Sedum alpestre,61.586327
CBN-PdlC-B3-20140721,3,1392534,Gentiana acaulis,61.356728
CBN-PdlC-B3-20140811,1,1393200,Homogyne alpina,65.925072
CBN-PdlC-B3-20140811,2,1412857,Omalotheca supina,64.497818
CBN-PdlC-B3-20140811,3,1742053,Omalotheca hoppeana,64.261520
CBN-PdlC-B3-20140901,1,1393200,Homogyne alpina,65.498672
CBN-PdlC-B3-20140901,2,1742053,Omalotheca hoppeana,63.157181
CBN-PdlC-B3-20140901,3,1361367,Poa alpina,62.153488
CBN-PdlC-B3-20150701,1,1393200,Homogyne alpina,63.092613
CBN-PdlC-B3-20150701,2,1392534,Gentiana acaulis,60.894173
CBN-PdlC-B3-20150701,3,1394597,Pinguicula corsica,60.369595
CBN-PdlC-B3-20150810,1,1393200,Homogyne alpina,65.141518
CBN-PdlC-B3-20150810,2,1394911,Primula integrifolia,61.461323
CBN-PdlC-B3-20150810,3,1412857,Omalotheca supina,60.733162
CBN-PdlC-B3-20150831,1,1393200,Homogyne alpina,67.111435
CBN-PdlC-B3-20150831,2,1412857,Omalotheca supina,62.552818
CBN-PdlC-B3-20150831,3,1397468,Primula pedemontana,61.907269
CBN-PdlC-B3-20160705,1,1393200,Homogyne alpina,65.895317
CBN-PdlC-B3-20160705,2,1412857,Omalotheca supina,63.066788
CBN-PdlC-B3-20160705,3,1394911,Primula integrifolia,62.576920
CBN-PdlC-B3-20160726,1,1393200,Homogyne alpina,69.663101
CBN-PdlC-B3-20160726,2,1361367,Poa alpina,61.737938
CBN-PdlC-B3-20160726,3,1412857,Omalotheca supina,61.319939
CBN-PdlC-B3-20170816,1,1394542,Phyteuma hemisphaericum,65.400787
CBN-PdlC-B3-20170816,2,1412857,Omalotheca supina,64.095688
CBN-PdlC-B3-20170816,3,1393200,Homogyne alpina,62.704853
CBN-PdlC-B3-20170906,1,1393200,Homogyne alpina,65.101288
CBN-PdlC-B3-20170906,2,1412857,Omalotheca supina,62.892128
CBN-PdlC-B3-20170906,3,1742053,Omalotheca hoppeana,61.094299
CBN-PdlC-B3-20180702,1,1393200,Homogyne alpina,61.092690
CBN-PdlC-B3-20180702,2,1399798,Pinguicula dertosensis,60.399139
CBN-PdlC-B3-20180702,3,1361138,Agrostis nevadensis,59.689415
CBN-PdlC-B3-20180723,1,1393200,Homogyne alpina,65.949600
CBN-PdlC-B3-20180723,2,1412857,Omalotheca supina,62.731224
CBN-PdlC-B3-20180723,3,1742053,Omalotheca hoppeana,62.649681
CBN-PdlC-B3-20180815,1,1393200,Homogyne alpina,67.193314
CBN-PdlC-B3-20180815,2,1412857,Omalotheca supina,61.220863
CBN-PdlC-B3-20180815,3,1392260,Festuca alpina,60.136879
CBN-PdlC-B3-20180905,1,1393200,Homogyne alpina,66.469734
CBN-PdlC-B3-20180905,2,1396144,Sedum alpestre,65.271423
CBN-PdlC-B3-20180905,3,1412857,Omalotheca supina,64.241623
CBN-PdlC-B3-20190701,1,1396144,Sedum alpestre,61.273075
CBN-PdlC-B3-20190701,2,1392020,Eranthis hyemalis,58.643295
CBN-PdlC-B3-20190701,3,1390532,Salvinia molesta,58.460239
CBN-PdlC-B3-20190722,1,1392534,Gentiana acaulis,63.505814
CBN-PdlC-B3-20190722,2,1361367,Poa alpina,61.814362
CBN-PdlC-B3-20190722,3,1356359,Asplenium septentrionale,61.756371
CBN-PdlC-B3-20190812,1,1393200,Homogyne alpina,65.893417
CBN-PdlC-B3-20190812,2,1412857,Omalotheca supina,63.762913
CBN-PdlC-B3-20190812,3,1393619,Logfia minima,62.394157
CBN-PdlC-B3-20190909,1,1412857,Omalotheca supina,60.752045
CBN-PdlC-B3-20190909,2,1394643,Antennaria dioica,58.860081
CBN-PdlC-B3-20190909,3,1357405,Centaurea boissieri,58.731983
CBN-PdlC-B3-20200629,1,1356228,Cymodocea nodosa,60.343121
CBN-PdlC-B3-20200629,2,1356440,Salvinia natans,60.161228
CBN-PdlC-B3-20200629,3,1399798,Pinguicula dertosensis,59.208397
CBN-PdlC-B3-20200722,1,1393200,Homogyne alpina,65.929848
CBN-PdlC-B3-20200722,2,1742053,Omalotheca hoppeana,62.625168
CBN-PdlC-B3-20200722,3,1412857,Omalotheca supina,62.539978
CBN-PdlC-B3-20200812,1,1393200,Homogyne alpina,68.406967
CBN-PdlC-B3-20200812,2,1742053,Omalotheca hoppeana,67.264633
CBN-PdlC-B3-20200812,3,1412857,Omalotheca supina,65.243073
CBN-PdlC-B4-20130807,1,1397475,Rhododendron ferrugineum,65.218185
CBN-PdlC-B4-20130807,2,1396253,Sibbaldia procumbens,61.837074
CBN-PdlC-B4-20130807,3,1394911,Primula integrifolia,60.023949
CBN-PdlC-B4-20130903,1,1397475,Rhododendron ferrugineum,63.636414
CBN-PdlC-B4-20130903,2,1532190,Carex rorulenta,61.429878
CBN-PdlC-B4-20130903,3,1393874,Myoporum laetum,61.303864
CBN-PdlC-B4-20140721,1,1397475,Rhododendron ferrugineum,64.643295
CBN-PdlC-B4-20140721,2,1393874,Myoporum laetum,60.491127
CBN-PdlC-B4-20140721,3,1400101,Bartsia alpina,58.908997
CBN-PdlC-B4-20140811,1,1397475,Rhododendron ferrugineum,64.848633
CBN-PdlC-B4-20140811,2,1396144,Sedum alpestre,63.477863
CBN-PdlC-B4-20140811,3,1743474,Oreochloa elegans,62.870766
CBN-PdlC-B4-20140901,1,1393200,Homogyne alpina,65.347893
CBN-PdlC-B4-20140901,2,1412857,Omalotheca supina,64.438690
CBN-PdlC-B4-20140901,3,1397475,Rhododendron ferrugineum,63.571671
CBN-PdlC-B4-20150701,1,1397475,Rhododendron ferrugineum,64.947678
CBN-PdlC-B4-20150701,2,1393200,Homogyne alpina,62.883343
CBN-PdlC-B4-20150701,3,1392655,Goodyera repens,61.420063
CBN-PdlC-B4-20150810,1,1390674,Campanula scheuchzeri,64.874268
CBN-PdlC-B4-20150810,2,1397475,Rhododendron ferrugineum,64.021240
CBN-PdlC-B4-20150810,3,1393200,Homogyne alpina,62.255348
CBN-PdlC-B4-20150831,1,1397475,Rhododendron ferrugineum,64.762360
CBN-PdlC-B4-20150831,2,1394311,Oreochloa disticha,62.985039
CBN-PdlC-B4-20150831,3,1393200,Homogyne alpina,62.607819
CBN-PdlC-B4-20160726,1,1393200,Homogyne alpina,66.648430
CBN-PdlC-B4-20160726,2,1397475,Rhododendron ferrugineum,64.746971
CBN-PdlC-B4-20160726,3,1742053,Omalotheca hoppeana,64.576462
CBN-PdlC-B4-20170816,1,1397475,Rhododendron ferrugineum,63.528812
CBN-PdlC-B4-20170816,2,1393200,Homogyne alpina,62.658024
CBN-PdlC-B4-20170816,3,1519650,Scorzoneroides helvetica,62.039520
CBN-PdlC-B4-20170906,1,1397475,Rhododendron ferrugineum,64.812317
CBN-PdlC-B4-20170906,2,1396144,Sedum alpestre,63.788235
CBN-PdlC-B4-20170906,3,1400101,Bartsia alpina,61.390724
CBN-PdlC-B4-20180702,1,1397475,Rhododendron ferrugineum,64.286774
CBN-PdlC-B4-20180702,2,1741661,Rhododendron intermedium,59.468788
CBN-PdlC-B4-20180702,3,1393874,Myoporum laetum,58.249413
CBN-PdlC-B4-20180723,1,1396144,Sedum alpestre,66.518951
CBN-PdlC-B4-20180723,2,1393200,Homogyne alpina,65.294418
CBN-PdlC-B4-20180723,3,1397475,Rhododendron ferrugineum,64.852859
CBN-PdlC-B4-20180815,1,1396144,Sedum alpestre,67.392654
CBN-PdlC-B4-20180815,2,1397475,Rhododendron ferrugineum,63.990211
CBN-PdlC-B4-20180815,3,1393200,Homogyne alpina,63.270317
CBN-PdlC-B4-20180905,1,1393200,Homogyne alpina,67.241455
CBN-PdlC-B4-20180905,2,1412857,Omalotheca supina,65.241776
CBN-PdlC-B4-20180905,3,1396144,Sedum alpestre,64.350784
CBN-PdlC-B4-20190701,1,1397475,Rhododendron ferrugineum,64.653725
CBN-PdlC-B4-20190701,2,1391427,Crassula pubescens,58.826866
CBN-PdlC-B4-20190701,3,1363615,Crassula ovata,57.717735
CBN-PdlC-B4-20190722,1,1397475,Rhododendron ferrugineum,65.117188
CBN-PdlC-B4-20190722,2,1358525,Euphorbia amygdaloides,59.887821
CBN-PdlC-B4-20190722,3,1393874,Myoporum laetum,59.788025
CBN-PdlC-B4-20190812,1,1397475,Rhododendron ferrugineum,62.647930
CBN-PdlC-B4-20190812,2,1393874,Myoporum laetum,62.232327
CBN-PdlC-B4-20190812,3,1400101,Bartsia alpina,59.987457
CBN-PdlC-B4-20190909,1,1397475,Rhododendron ferrugineum,63.862907
CBN-PdlC-B4-20190909,2,1359678,Phillyrea latifolia,59.393105
CBN-PdlC-B4-20190909,3,1393874,Myoporum laetum,59.045357
CBN-PdlC-B4-20200629,1,1397475,Rhododendron ferrugineum,64.224380
CBN-PdlC-B4-20200629,2,1395870,Salix retusa,59.253532
CBN-PdlC-B4-20200629,3,1741661,Rhododendron intermedium,58.559464
CBN-PdlC-B4-20200722,1,1397475,Rhododendron ferrugineum,64.881264
CBN-PdlC-B4-20200722,2,1393200,Homogyne alpina,62.525520
CBN-PdlC-B4-20200722,3,1395807,Salix herbacea,60.577286
CBN-PdlC-B4-20200812,1,1393200,Homogyne alpina,64.961876
CBN-PdlC-B4-20200812,2,1397475,Rhododendron ferrugineum,64.169495
CBN-PdlC-B4-20200812,3,1412857,Omalotheca supina,63.445457
CBN-PdlC-B5-20130807,1,1397475,Rhododendron ferrugineum,65.522858
CBN-PdlC-B5-20130807,2,1395807,Salix herbacea,61.284389
CBN-PdlC-B5-20130807,3,1396974,Valeriana celtica,60.699612
CBN-PdlC-B5-20130903,1,1397475,Rhododendron ferrugineum,63.716034
CBN-PdlC-B5-20130903,2,1395807,Salix herbacea,62.180145
CBN-PdlC-B5-20130903,3,1360101,Polygala myrtifolia,59.504654
CBN-PdlC-B5-20140630,1,1369309,Vinca minor,54.143494
CBN-PdlC-B5-20140630,2,1738658,Petrosedum forsterianum,52.881111
CBN-PdlC-B5-20140630,3,1361801,Vaccinium myrtillus,52.592510
CBN-PdlC-B5-20140721,1,1397475,Rhododendron ferrugineum,64.949860
CBN-PdlC-B5-20140721,2,1396253,Sibbaldia procumbens,64.732254
CBN-PdlC-B5-20140721,3,1392541,Gentiana brachyphylla,63.294701
CBN-PdlC-B5-20140811,1,1395807,Salix herbacea,64.712349
CBN-PdlC-B5-20140811,2,1397475,Rhododendron ferrugineum,64.635880
CBN-PdlC-B5-20140811,3,1394311,Oreochloa disticha,64.520515
CBN-PdlC-B5-20140901,1,1397475,Rhododendron ferrugineum,63.247871
CBN-PdlC-B5-20140901,2,1394311,Oreochloa disticha,63.041481
CBN-PdlC-B5-20140901,3,1361367,Poa alpina,62.675770
CBN-PdlC-B5-20150701,1,1397475,Rhododendron ferrugineum,64.117126
CBN-PdlC-B5-20150701,2,1397450,Orthilia secunda,62.879410
CBN-PdlC-B5-20150701,3,1400101,Bartsia alpina,62.393215
CBN-PdlC-B5-20150720,1,1397475,Rhododendron ferrugineum,64.799950
CBN-PdlC-B5-20150720,2,1395807,Salix herbacea,62.660427
CBN-PdlC-B5-20150720,3,1400101,Bartsia alpina,62.039673
CBN-PdlC-B5-20150810,1,1395807,Salix herbacea,63.948090
CBN-PdlC-B5-20150810,2,1397475,Rhododendron ferrugineum,63.716068
CBN-PdlC-B5-20150810,3,1392766,Heteranthera limosa,61.097713
CBN-PdlC-B5-20150831,1,1397475,Rhododendron ferrugineum,65.580544
CBN-PdlC-B5-20150831,2,1396253,Sibbaldia procumbens,63.397438
CBN-PdlC-B5-20150831,3,1395807,Salix herbacea,63.336845
CBN-PdlC-B5-20160705,1,1397475,Rhododendron ferrugineum,65.507225
CBN-PdlC-B5-20160705,2,1396253,Sibbaldia procumbens,63.688709
CBN-PdlC-B5-20160705,3,1395807,Salix herbacea,63.046211
CBN-PdlC-B5-20160726,1,1397475,Rhododendron ferrugineum,65.397758
CBN-PdlC-B5-20160726,2,1396253,Sibbaldia procumbens,62.152634
CBN-PdlC-B5-20160726,3,1395807,Salix herbacea,62.062702
CBN-PdlC-B5-20170816,1,1397475,Rhododendron ferrugineum,64.980782
CBN-PdlC-B5-20170816,2,1393874,Myoporum laetum,62.140118
CBN-PdlC-B5-20170816,3,1359649,Menyanthes trifoliata,62.093906
CBN-PdlC-B5-20170906,1,1397475,Rhododendron ferrugineum,64.379990
CBN-PdlC-B5-20170906,2,1395807,Salix herbacea,60.431770
CBN-PdlC-B5-20170906,3,1361141,Agrostis rupestris,60.380138
CBN-PdlC-B5-20180702,1,1397475,Rhododendron ferrugineum,63.930954
CBN-PdlC-B5-20180702,2,1392541,Gentiana brachyphylla,58.799713
CBN-PdlC-B5-20180702,3,1395190,Rhododendron hirsutum,58.326271
CBN-PdlC-B5-20180723,1,1397475,Rhododendron ferrugineum,63.739197
CBN-PdlC-B5-20180723,2,1395807,Salix herbacea,62.099548
CBN-PdlC-B5-20180723,3,1361801,Vaccinium myrtillus,59.123783
CBN-PdlC-B5-20180815,1,1397475,Rhododendron ferrugineum,64.660179
CBN-PdlC-B5-20180815,2,1395807,Salix herbacea,60.290249
CBN-PdlC-B5-20180815,3,1392541,Gentiana brachyphylla,60.236294
CBN-PdlC-B5-20180905,1,1397475,Rhododendron ferrugineum,64.162476
CBN-PdlC-B5-20180905,2,1394911,Primula integrifolia,61.307278
CBN-PdlC-B5-20180905,3,1392541,Gentiana brachyphylla,61.172256
CBN-PdlC-B5-20190701,1,1397475,Rhododendron ferrugineum,61.902451
CBN-PdlC-B5-20190701,2,1392541,Gentiana brachyphylla,59.789215
CBN-PdlC-B5-20190701,3,1392407,Gagea serotina,58.479073
CBN-PdlC-B5-20190722,1,1397475,Rhododendron ferrugineum,66.543121
CBN-PdlC-B5-20190722,2,1397043,Veronica alpina,62.789650
CBN-PdlC-B5-20190722,3,1396253,Sibbaldia procumbens,62.474087
CBN-PdlC-B5-20190812,1,1392552,Gentiana nivalis,66.792412
CBN-PdlC-B5-20190812,2,1397475,Rhododendron ferrugineum,63.824131
CBN-PdlC-B5-20190812,3,1392541,Gentiana brachyphylla,62.116859
CBN-PdlC-B5-20190909,1,1397475,Rhododendron ferrugineum,64.706139
CBN-PdlC-B5-20190909,2,1395807,Salix herbacea,60.820637
CBN-PdlC-B5-20190909,3,1400101,Bartsia alpina,60.327305
CBN-PdlC-B5-20200629,1,1397475,Rhododendron ferrugineum,64.642578
CBN-PdlC-B5-20200629,2,1396253,Sibbaldia procumbens,61.357632
CBN-PdlC-B5-20200629,3,1392534,Gentiana acaulis,60.858414
CBN-PdlC-B5-20200722,1,1397475,Rhododendron ferrugineum,63.739246
CBN-PdlC-B5-20200722,2,1400101,Bartsia alpina,62.411530
CBN-PdlC-B5-20200722,3,1396253,Sibbaldia procumbens,62.271000
CBN-PdlC-B5-20200812,1,1397475,Rhododendron ferrugineum,64.049484
CBN-PdlC-B5-20200812,2,1400101,Bartsia alpina,63.277012
CBN-PdlC-B5-20200812,3,1395807,Salix herbacea,62.710167
CBN-PdlC-B6-20130807,1,1392534,Gentiana acaulis,64.515648
CBN-PdlC-B6-20130807,2,1392535,Gentiana alpina,64.321915
CBN-PdlC-B6-20130807,3,1361367,Poa alpina,62.497871
CBN-PdlC-B6-20130903,1,1397475,Rhododendron ferrugineum,63.493687
CBN-PdlC-B6-20130903,2,1392534,Gentiana acaulis,61.263752
CBN-PdlC-B6-20130903,3,1393200,Homogyne alpina,61.188461
CBN-PdlC-B6-20140630,1,1743359,Narthecium reverchonii,61.943653
CBN-PdlC-B6-20140630,2,1361598,Luzula pilosa,59.764099
CBN-PdlC-B6-20140630,3,1392534,Gentiana acaulis,58.185429
CBN-PdlC-B6-20140721,1,1396253,Sibbaldia procumbens,64.682884
CBN-PdlC-B6-20140721,2,1393200,Homogyne alpina,62.820580
CBN-PdlC-B6-20140721,3,1395807,Salix herbacea,62.103264
CBN-PdlC-B6-20140811,1,1395807,Salix herbacea,63.646118
CBN-PdlC-B6-20140811,2,1396253,Sibbaldia procumbens,62.921432
CBN-PdlC-B6-20140811,3,1393200,Homogyne alpina,61.254433
CBN-PdlC-B6-20140901,1,1361367,Poa alpina,63.184776
CBN-PdlC-B6-20140901,2,1394540,Phyteuma globulariifolium,61.708508
CBN-PdlC-B6-20140901,3,1396253,Sibbaldia procumbens,61.636333
CBN-PdlC-B6-20150701,1,1396253,Sibbaldia procumbens,63.623055
CBN-PdlC-B6-20150701,2,1395807,Salix herbacea,62.469872
CBN-PdlC-B6-20150701,3,1394911,Primula integrifolia,62.366478
CBN-PdlC-B6-20150720,1,1396253,Sibbaldia procumbens,63.949184
CBN-PdlC-B6-20150720,2,1395807,Salix herbacea,62.714058
CBN-PdlC-B6-20150720,3,1361801,Vaccinium myrtillus,61.756935
CBN-PdlC-B6-20150810,1,1395807,Salix herbacea,62.286514
CBN-PdlC-B6-20150810,2,1397475,Rhododendron ferrugineum,62.199074
CBN-PdlC-B6-20150810,3,1361801,Vaccinium myrtillus,61.061775
CBN-PdlC-B6-20150831,1,1393200,Homogyne alpina,64.210953
CBN-PdlC-B6-20150831,2,1395807,Salix herbacea,63.709511
CBN-PdlC-B6-20150831,3,1396253,Sibbaldia procumbens,63.229305
CBN-PdlC-B6-20160705,1,1393200,Homogyne alpina,64.453911
CBN-PdlC-B6-20160705,2,1397475,Rhododendron ferrugineum,64.085632
CBN-PdlC-B6-20160705,3,1395807,Salix herbacea,63.392864
CBN-PdlC-B6-20160726,1,1396253,Sibbaldia procumbens,63.344727
CBN-PdlC-B6-20160726,2,1395807,Salix herbacea,61.828712
CBN-PdlC-B6-20160726,3,1392541,Gentiana brachyphylla,60.996346
CBN-PdlC-B6-20170816,1,1396253,Sibbaldia procumbens,63.255501
CBN-PdlC-B6-20170816,2,1395807,Salix herbacea,60.414711
CBN-PdlC-B6-20170816,3,1393567,Limonium normannicum,59.999439
CBN-PdlC-B6-20170906,1,1396253,Sibbaldia procumbens,63.731541
CBN-PdlC-B6-20170906,2,1393200,Homogyne alpina,61.943539
CBN-PdlC-B6-20170906,3,1397475,Rhododendron ferrugineum,61.782413
CBN-PdlC-B6-20180702,1,1393200,Homogyne alpina,65.128822
CBN-PdlC-B6-20180702,2,1394911,Primula integrifolia,63.045769
CBN-PdlC-B6-20180702,3,1396253,Sibbaldia procumbens,62.940769
CBN-PdlC-B6-20180723,1,1395807,Salix herbacea,62.916473
CBN-PdlC-B6-20180723,2,1393200,Homogyne alpina,61.697479
CBN-PdlC-B6-20180723,3,1396253,Sibbaldia procumbens,60.884861
CBN-PdlC-B6-20180905,1,1396253,Sibbaldia procumbens,64.132156
CBN-PdlC-B6-20180905,2,1363543,Stenotaphrum secundatum,62.168095
CBN-PdlC-B6-20180905,3,1395862,Salix pyrenaica,60.372620
CBN-PdlC-B6-20190701,1,1393200,Homogyne alpina,66.420494
CBN-PdlC-B6-20190701,2,1394911,Primula integrifolia,64.078354
CBN-PdlC-B6-20190701,3,1397475,Rhododendron ferrugineum,62.686317
CBN-PdlC-B6-20190722,1,1393200,Homogyne alpina,67.637878
CBN-PdlC-B6-20190722,2,1396253,Sibbaldia procumbens,64.150818
CBN-PdlC-B6-20190722,3,1519650,Scorzoneroides helvetica,62.403332
CBN-PdlC-B6-20190812,1,1397475,Rhododendron ferrugineum,63.572441
CBN-PdlC-B6-20190812,2,1393200,Homogyne alpina,63.508171
CBN-PdlC-B6-20190812,3,1396253,Sibbaldia procumbens,63.492081
CBN-PdlC-B6-20190909,1,1397450,Orthilia secunda,62.800556
CBN-PdlC-B6-20190909,2,1395807,Salix herbacea,62.118549
CBN-PdlC-B6-20190909,3,1393200,Homogyne alpina,61.208481
CBN-PdlC-B6-20200629,1,1397475,Rhododendron ferrugineum,62.446953
CBN-PdlC-B6-20200629,2,1396253,Sibbaldia procumbens,61.422600
CBN-PdlC-B6-20200629,3,1394603,Pinguicula vulgaris,60.622566
CBN-PdlC-B6-20200722,1,1393200,Homogyne alpina,67.023720
CBN-PdlC-B6-20200722,2,1392534,Gentiana acaulis,66.813698
CBN-PdlC-B6-20200722,3,1396253,Sibbaldia procumbens,63.732502
CBN-PdlC-B6-20200812,1,1393200,Homogyne alpina,65.459923
CBN-PdlC-B6-20200812,2,1395807,Salix herbacea,62.098236
CBN-PdlC-B6-20200812,3,1392541,Gentiana brachyphylla,61.559120
CBN-PdlC-C1-20130807,1,1397500,Soldanella alpina,64.045662
CBN-PdlC-C1-20130807,2,1393708,Lysimachia nummularia,63.912788
CBN-PdlC-C1-20130807,3,1396332,Soldanella villosa,61.306721
CBN-PdlC-C1-20130903,1,1393200,Homogyne alpina,66.307350
CBN-PdlC-C1-20130903,2,1396253,Sibbaldia procumbens,63.501900
CBN-PdlC-C1-20130903,3,1395807,Salix herbacea,62.192299
CBN-PdlC-C1-20140721,1,1397500,Soldanella alpina,64.977287
CBN-PdlC-C1-20140721,2,1396253,Sibbaldia procumbens,62.587959
CBN-PdlC-C1-20140721,3,1393200,Homogyne alpina,60.365898
CBN-PdlC-C1-20140811,1,1393200,Homogyne alpina,66.819382
CBN-PdlC-C1-20140811,2,1360748,Hydrocotyle vulgaris,63.721901
CBN-PdlC-C1-20140811,3,1395807,Salix herbacea,63.507210
CBN-PdlC-C1-20140901,1,1393200,Homogyne alpina,65.214722
CBN-PdlC-C1-20140901,2,1395807,Salix herbacea,61.368107
CBN-PdlC-C1-20140901,3,1363133,Triglochin striata,61.282433
CBN-PdlC-C1-20150701,1,1397500,Soldanella alpina,66.536301
CBN-PdlC-C1-20150701,2,1393200,Homogyne alpina,65.555687
CBN-PdlC-C1-20150701,3,1395870,Salix retusa,60.078491
CBN-PdlC-C1-20150720,1,1393200,Homogyne alpina,65.071510
CBN-PdlC-C1-20150720,2,1742053,Omalotheca hoppeana,63.296066
CBN-PdlC-C1-20150720,3,1397043,Veronica alpina,62.952293
CBN-PdlC-C1-20150810,1,1393200,Homogyne alpina,66.964500
CBN-PdlC-C1-20150810,2,1396253,Sibbaldia procumbens,62.998268
CBN-PdlC-C1-20150810,3,1395807,Salix herbacea,62.793095
CBN-PdlC-C1-20150831,1,1393200,Homogyne alpina,66.001015
CBN-PdlC-C1-20150831,2,1742053,Omalotheca hoppeana,64.454147
CBN-PdlC-C1-20150831,3,1394311,Oreochloa disticha,64.017090
CBN-PdlC-C1-20160705,1,1393200,Homogyne alpina,65.718155
CBN-PdlC-C1-20160705,2,1396253,Sibbaldia procumbens,64.295891
CBN-PdlC-C1-20160705,3,1397500,Soldanella alpina,62.281670
CBN-PdlC-C1-20160726,1,1393200,Homogyne alpina,64.594566
CBN-PdlC-C1-20160726,2,1361367,Poa alpina,64.475418
CBN-PdlC-C1-20160726,3,1396253,Sibbaldia procumbens,63.565125
CBN-PdlC-C1-20170816,1,1393200,Homogyne alpina,66.543579
CBN-PdlC-C1-20170816,2,1396253,Sibbaldia procumbens,62.832745
CBN-PdlC-C1-20170816,3,1395807,Salix herbacea,62.820942
CBN-PdlC-C1-20170906,1,1396253,Sibbaldia procumbens,63.945168
CBN-PdlC-C1-20170906,2,1390532,Salvinia molesta,59.421371
CBN-PdlC-C1-20170906,3,1393200,Homogyne alpina,59.169239
CBN-PdlC-C1-20180723,1,1393200,Homogyne alpina,67.363373
CBN-PdlC-C1-20180723,2,1396253,Sibbaldia procumbens,63.665504
CBN-PdlC-C1-20180723,3,1393708,Lysimachia nummularia,61.844032
CBN-PdlC-C1-20180815,1,1393200,Homogyne alpina,64.106285
CBN-PdlC-C1-20180815,2,1395807,Salix herbacea,60.030457
CBN-PdlC-C1-20180815,3,1384658,Hydrocotyle verticillata,59.679531
CBN-PdlC-C1-20180905,1,1393200,Homogyne alpina,66.246155
CBN-PdlC-C1-20180905,2,1396253,Sibbaldia procumbens,64.637115
CBN-PdlC-C1-20180905,3,1392534,Gentiana acaulis,60.796204
CBN-PdlC-C1-20190701,1,1394065,Ophioglossum azoricum,58.935249
CBN-PdlC-C1-20190701,2,1359937,Littorella uniflora,57.898254
CBN-PdlC-C1-20190701,3,1390532,Salvinia molesta,57.549980
CBN-PdlC-C1-20190722,1,1393200,Homogyne alpina,65.777924
CBN-PdlC-C1-20190722,2,1396253,Sibbaldia procumbens,63.034416
CBN-PdlC-C1-20190722,3,1395807,Salix herbacea,61.574574
CBN-PdlC-C1-20190812,1,1392534,Gentiana acaulis,63.643105
CBN-PdlC-C1-20190812,2,1396253,Sibbaldia procumbens,62.968994
CBN-PdlC-C1-20190812,3,1393200,Homogyne alpina,62.748680
CBN-PdlC-C1-20190909,1,1393200,Homogyne alpina,63.956505
CBN-PdlC-C1-20190909,2,1396253,Sibbaldia procumbens,63.217842
CBN-PdlC-C1-20190909,3,1392534,Gentiana acaulis,62.784889
CBN-PdlC-C1-20200722,1,1393200,Homogyne alpina,65.630035
CBN-PdlC-C1-20200722,2,1395807,Salix herbacea,61.364243
CBN-PdlC-C1-20200722,3,1721018,Calystegia soldanella,60.800690
CBN-PdlC-C1-20200812,1,1392534,Gentiana acaulis,67.369751
CBN-PdlC-C1-20200812,2,1393200,Homogyne alpina,66.011841
CBN-PdlC-C1-20200812,3,1362482,Phleum alpinum,63.245510
CBN-PdlC-C2-20130903,1,1412857,Omalotheca supina,67.358604
CBN-PdlC-C2-20130903,2,1742053,Omalotheca hoppeana,65.321869
CBN-PdlC-C2-20130903,3,1395807,Salix herbacea,63.223003
CBN-PdlC-C2-20140721,1,1396144,Sedum alpestre,64.887299
CBN-PdlC-C2-20140721,2,1412857,Omalotheca supina,63.763645
CBN-PdlC-C2-20140721,3,1392541,Gentiana brachyphylla,63.018299
CBN-PdlC-C2-20140811,1,1392535,Gentiana alpina,67.109924
CBN-PdlC-C2-20140811,2,1742053,Omalotheca hoppeana,65.642967
CBN-PdlC-C2-20140811,3,1396144,Sedum alpestre,65.475433
CBN-PdlC-C2-20140901,1,1412857,Omalotheca supina,67.233902
CBN-PdlC-C2-20140901,2,1392535,Gentiana alpina,65.220642
CBN-PdlC-C2-20140901,3,1742053,Omalotheca hoppeana,65.177872
CBN-PdlC-C2-20150701,1,1393200,Homogyne alpina,65.517433
CBN-PdlC-C2-20150701,2,1412857,Omalotheca supina,64.031799
CBN-PdlC-C2-20150701,3,1396144,Sedum alpestre,63.138115
CBN-PdlC-C2-20150720,1,1412857,Omalotheca supina,65.292526
CBN-PdlC-C2-20150720,2,1396144,Sedum alpestre,65.028847
CBN-PdlC-C2-20150720,3,1396253,Sibbaldia procumbens,62.950748
CBN-PdlC-C2-20150810,1,1742053,Omalotheca hoppeana,65.932442
CBN-PdlC-C2-20150810,2,1412857,Omalotheca supina,63.795795
CBN-PdlC-C2-20150810,3,1396144,Sedum alpestre,62.719120
CBN-PdlC-C2-20150831,1,1412857,Omalotheca supina,65.975098
CBN-PdlC-C2-20150831,2,1742053,Omalotheca hoppeana,64.680206
CBN-PdlC-C2-20150831,3,1396144,Sedum alpestre,64.146324
CBN-PdlC-C2-20160705,1,1396144,Sedum alpestre,66.085968
CBN-PdlC-C2-20160705,2,1412857,Omalotheca supina,64.075554
CBN-PdlC-C2-20160705,3,1396253,Sibbaldia procumbens,61.694370
CBN-PdlC-C2-20160726,1,1392534,Gentiana acaulis,66.138000
CBN-PdlC-C2-20160726,2,1393200,Homogyne alpina,65.953362
CBN-PdlC-C2-20160726,3,1392535,Gentiana alpina,65.639671
CBN-PdlC-C2-20170816,1,1392541,Gentiana brachyphylla,66.115227
CBN-PdlC-C2-20170816,2,1412857,Omalotheca supina,65.854614
CBN-PdlC-C2-20170816,3,1393200,Homogyne alpina,64.460526
CBN-PdlC-C2-20170906,1,1392534,Gentiana acaulis,65.169594
CBN-PdlC-C2-20170906,2,1396253,Sibbaldia procumbens,63.792343
CBN-PdlC-C2-20170906,3,1394597,Pinguicula corsica,63.146519
CBN-PdlC-C2-20180723,1,1393200,Homogyne alpina,66.176018
CBN-PdlC-C2-20180723,2,1742053,Omalotheca hoppeana,62.460079
CBN-PdlC-C2-20180723,3,1412857,Omalotheca supina,61.962002
CBN-PdlC-C2-20180815,1,1412857,Omalotheca supina,62.509422
CBN-PdlC-C2-20180815,2,1392534,Gentiana acaulis,61.721512
CBN-PdlC-C2-20180815,3,1395807,Salix herbacea,61.548969
CBN-PdlC-C2-20180905,1,1393200,Homogyne alpina,66.710007
CBN-PdlC-C2-20180905,2,1412857,Omalotheca supina,65.626991
CBN-PdlC-C2-20180905,3,1742053,Omalotheca hoppeana,64.949318
CBN-PdlC-C2-20190701,1,1389475,Potamogeton schweinfurthii,60.827202
CBN-PdlC-C2-20190701,2,1361764,Eriocephalus africanus,58.410763
CBN-PdlC-C2-20190701,3,1356228,Cymodocea nodosa,58.310474
CBN-PdlC-C2-20190722,1,1393200,Homogyne alpina,66.551529
CBN-PdlC-C2-20190722,2,1412857,Omalotheca supina,63.904202
CBN-PdlC-C2-20190722,3,1396253,Sibbaldia procumbens,63.759193
CBN-PdlC-C2-20190812,1,1396253,Sibbaldia procumbens,64.261711
CBN-PdlC-C2-20190812,2,1392534,Gentiana acaulis,63.531952
CBN-PdlC-C2-20190812,3,1395807,Salix herbacea,62.645393
CBN-PdlC-C2-20190909,1,1742053,Omalotheca hoppeana,64.009018
CBN-PdlC-C2-20190909,2,1412857,Omalotheca supina,63.884621
CBN-PdlC-C2-20190909,3,1392534,Gentiana acaulis,63.143986
CBN-PdlC-C2-20200722,1,1412857,Omalotheca supina,64.301193
CBN-PdlC-C2-20200722,2,1393200,Homogyne alpina,63.050659
CBN-PdlC-C2-20200722,3,1394643,Antennaria dioica,62.984787
CBN-PdlC-C2-20200812,1,1392534,Gentiana acaulis,64.060242
CBN-PdlC-C2-20200812,2,1412857,Omalotheca supina,64.049118
CBN-PdlC-C2-20200812,3,1395807,Salix herbacea,63.310677
CBN-PdlC-C3-20130807,1,1396253,Sibbaldia procumbens,63.886292
CBN-PdlC-C3-20130807,2,1364066,Veronica serpyllifolia,60.916172
CBN-PdlC-C3-20130807,3,1395807,Salix herbacea,59.957047
CBN-PdlC-C3-20130903,1,1412857,Omalotheca supina,63.774448
CBN-PdlC-C3-20130903,2,1396253,Sibbaldia procumbens,63.359535
CBN-PdlC-C3-20130903,3,1742053,Omalotheca hoppeana,63.016411
CBN-PdlC-C3-20140721,1,1396253,Sibbaldia procumbens,62.496773
CBN-PdlC-C3-20140721,2,1392541,Gentiana brachyphylla,62.348022
CBN-PdlC-C3-20140721,3,1392534,Gentiana acaulis,61.225403
CBN-PdlC-C3-20140811,1,1412857,Omalotheca supina,64.224419
CBN-PdlC-C3-20140811,2,1395807,Salix herbacea,63.579159
CBN-PdlC-C3-20140811,3,1391092,Cerastium tomentosum,63.516331
CBN-PdlC-C3-20140901,1,1396253,Sibbaldia procumbens,63.399788
CBN-PdlC-C3-20140901,2,1412857,Omalotheca supina,62.118759
CBN-PdlC-C3-20140901,3,1743465,Aloe succotrina,62.007996
CBN-PdlC-C3-20150701,1,1393200,Homogyne alpina,63.621143
CBN-PdlC-C3-20150701,2,1392541,Gentiana brachyphylla,62.121334
CBN-PdlC-C3-20150701,3,1394911,Primula integrifolia,60.629311
CBN-PdlC-C3-20150720,1,1396253,Sibbaldia procumbens,63.491585
CBN-PdlC-C3-20150720,2,1364066,Veronica serpyllifolia,62.480259
CBN-PdlC-C3-20150720,3,1361367,Poa alpina,62.458466
CBN-PdlC-C3-20150831,1,1396253,Sibbaldia procumbens,63.257103
CBN-PdlC-C3-20150831,2,1394311,Oreochloa disticha,61.810051
CBN-PdlC-C3-20150831,3,1395807,Salix herbacea,61.740925
CBN-PdlC-C3-20160705,1,1396253,Sibbaldia procumbens,64.873055
CBN-PdlC-C3-20160705,2,1412857,Omalotheca supina,62.390530
CBN-PdlC-C3-20160705,3,1361347,Nardus stricta,61.639496
CBN-PdlC-C3-20160726,1,1392608,Geum montanum,64.603279
CBN-PdlC-C3-20160726,2,1397043,Veronica alpina,64.539398
CBN-PdlC-C3-20160726,3,1396253,Sibbaldia procumbens,64.304276
CBN-PdlC-C3-20170816,1,1396253,Sibbaldia procumbens,64.643738
CBN-PdlC-C3-20170816,2,1392534,Gentiana acaulis,64.017799
CBN-PdlC-C3-20170816,3,1392541,Gentiana brachyphylla,62.918007
CBN-PdlC-C3-20170906,1,1396253,Sibbaldia procumbens,63.662853
CBN-PdlC-C3-20170906,2,1395807,Salix herbacea,61.747070
CBN-PdlC-C3-20170906,3,1742053,Omalotheca hoppeana,60.245159
CBN-PdlC-C3-20180723,1,1396253,Sibbaldia procumbens,63.804493
CBN-PdlC-C3-20180723,2,1393200,Homogyne alpina,62.435699
CBN-PdlC-C3-20180723,3,1741880,Salix serpillifolia,61.727161
CBN-PdlC-C3-20180815,1,1396253,Sibbaldia procumbens,63.588028
CBN-PdlC-C3-20180815,2,1392766,Heteranthera limosa,60.614662
CBN-PdlC-C3-20180815,3,1363543,Stenotaphrum secundatum,59.788177
CBN-PdlC-C3-20180905,1,1396253,Sibbaldia procumbens,63.967453
CBN-PdlC-C3-20180905,2,1392534,Gentiana acaulis,62.155529
CBN-PdlC-C3-20180905,3,1395807,Salix herbacea,61.139175
CBN-PdlC-C3-20190701,1,1356228,Cymodocea nodosa,60.243752
CBN-PdlC-C3-20190701,2,1744235,Pinguicula mundi,60.222363
CBN-PdlC-C3-20190701,3,1363133,Triglochin striata,60.197315
CBN-PdlC-C3-20190722,1,1361598,Luzula pilosa,64.939064
CBN-PdlC-C3-20190722,2,1396253,Sibbaldia procumbens,64.272049
CBN-PdlC-C3-20190722,3,1397450,Orthilia secunda,62.519241
CBN-PdlC-C3-20190812,1,1395807,Salix herbacea,59.750229
CBN-PdlC-C3-20190812,2,1361594,Luzula forsteri,58.858044
CBN-PdlC-C3-20190812,3,1396253,Sibbaldia procumbens,58.587376
CBN-PdlC-C3-20190909,1,1392534,Gentiana acaulis,64.602646
CBN-PdlC-C3-20190909,2,1396253,Sibbaldia procumbens,63.294373
CBN-PdlC-C3-20190909,3,1392535,Gentiana alpina,63.065193
CBN-PdlC-C3-20200722,1,1396253,Sibbaldia procumbens,63.108074
CBN-PdlC-C3-20200722,2,1393659,Luzula alpina,62.981106
CBN-PdlC-C3-20200722,3,1395807,Salix herbacea,62.026146
CBN-PdlC-C3-20200812,1,1393660,Luzula alpinopilosa,64.456436
CBN-PdlC-C3-20200812,2,1396253,Sibbaldia procumbens,62.866722
CBN-PdlC-C3-20200812,3,1395807,Salix herbacea,61.527794
CBN-PdlC-C4-20130807,1,1395807,Salix herbacea,61.148338
CBN-PdlC-C4-20130807,2,1741880,Salix serpillifolia,60.112904
CBN-PdlC-C4-20130807,3,1364066,Veronica serpyllifolia,60.050667
CBN-PdlC-C4-20130903,1,1393200,Homogyne alpina,64.952469
CBN-PdlC-C4-20130903,2,1395807,Salix herbacea,62.384720
CBN-PdlC-C4-20130903,3,1395870,Salix retusa,61.492550
CBN-PdlC-C4-20140721,1,1396253,Sibbaldia procumbens,61.334881
CBN-PdlC-C4-20140721,2,1390811,Carex ericetorum,61.246151
CBN-PdlC-C4-20140721,3,1393708,Lysimachia nummularia,61.143696
CBN-PdlC-C4-20140811,1,1395807,Salix herbacea,62.851547
CBN-PdlC-C4-20140811,2,1394311,Oreochloa disticha,62.053165
CBN-PdlC-C4-20140811,3,1393200,Homogyne alpina,61.970543
CBN-PdlC-C4-20140901,1,1392608,Geum montanum,63.557053
CBN-PdlC-C4-20140901,2,1361367,Poa alpina,63.046261
CBN-PdlC-C4-20140901,3,1396253,Sibbaldia procumbens,63.005760
CBN-PdlC-C4-20150701,1,1393200,Homogyne alpina,61.270569
CBN-PdlC-C4-20150701,2,1356440,Salvinia natans,60.036804
CBN-PdlC-C4-20150701,3,1390793,Carex curvula,58.910080
CBN-PdlC-C4-20150720,1,1396253,Sibbaldia procumbens,62.742844
CBN-PdlC-C4-20150720,2,1397043,Veronica alpina,62.401333
CBN-PdlC-C4-20150720,3,1395807,Salix herbacea,62.253078
CBN-PdlC-C4-20150831,1,1395807,Salix herbacea,63.016121
CBN-PdlC-C4-20150831,2,1396253,Sibbaldia procumbens,62.076363
CBN-PdlC-C4-20150831,3,1744194,Bouteloua dactyloides,61.691513
CBN-PdlC-C4-20160705,1,1390793,Carex curvula,62.717735
CBN-PdlC-C4-20160705,2,1394911,Primula integrifolia,60.551998
CBN-PdlC-C4-20160705,3,1395807,Salix herbacea,59.537437
CBN-PdlC-C4-20160726,1,1395807,Salix herbacea,60.483162
CBN-PdlC-C4-20160726,2,1393708,Lysimachia nummularia,59.794647
CBN-PdlC-C4-20160726,3,1397043,Veronica alpina,59.614082
CBN-PdlC-C4-20170816,1,1395807,Salix herbacea,64.390259
CBN-PdlC-C4-20170816,2,1395862,Salix pyrenaica,60.771828
CBN-PdlC-C4-20170816,3,1395870,Salix retusa,59.940571
CBN-PdlC-C4-20170906,1,1396253,Sibbaldia procumbens,63.746960
CBN-PdlC-C4-20170906,2,1393200,Homogyne alpina,63.379425
CBN-PdlC-C4-20170906,3,1394311,Oreochloa disticha,60.728279
CBN-PdlC-C4-20180723,1,1393200,Homogyne alpina,65.259781
CBN-PdlC-C4-20180723,2,1395870,Salix retusa,62.079437
CBN-PdlC-C4-20180723,3,1393708,Lysimachia nummularia,62.028587
CBN-PdlC-C4-20180815,1,1396253,Sibbaldia procumbens,61.847496
CBN-PdlC-C4-20180815,2,1363543,Stenotaphrum secundatum,59.588837
CBN-PdlC-C4-20180815,3,1529410,Sempervivum vicentei,58.874535
CBN-PdlC-C4-20180905,1,1395807,Salix herbacea,62.255379
CBN-PdlC-C4-20180905,2,1364066,Veronica serpyllifolia,60.058350
CBN-PdlC-C4-20180905,3,1395870,Salix retusa,59.918396
CBN-PdlC-C4-20190701,1,1363595,Phleum pratense,60.961033
CBN-PdlC-C4-20190701,2,1392397,Gagea fragifera,58.236225
CBN-PdlC-C4-20190701,3,1743359,Narthecium reverchonii,58.200890
CBN-PdlC-C4-20190722,1,1392241,Alchemilla pentaphyllea,63.113106
CBN-PdlC-C4-20190722,2,1396253,Sibbaldia procumbens,62.418465
CBN-PdlC-C4-20190722,3,1395807,Salix herbacea,61.818420
CBN-PdlC-C4-20190812,1,1396253,Sibbaldia procumbens,62.389553
CBN-PdlC-C4-20190812,2,1397043,Veronica alpina,62.003803
CBN-PdlC-C4-20190812,3,1395807,Salix herbacea,61.929977
CBN-PdlC-C4-20190909,1,1395807,Salix herbacea,62.549129
CBN-PdlC-C4-20190909,2,1393200,Homogyne alpina,62.416245
CBN-PdlC-C4-20190909,3,1361367,Poa alpina,59.740685
CBN-PdlC-C4-20200722,1,1393660,Luzula alpinopilosa,62.369728
CBN-PdlC-C4-20200722,2,1364066,Veronica serpyllifolia,62.335445
CBN-PdlC-C4-20200722,3,1391596,Dactylorhiza majalis,61.110023
CBN-PdlC-C4-20200812,1,1396253,Sibbaldia procumbens,63.574703
CBN-PdlC-C4-20200812,2,1395870,Salix retusa,62.208736
CBN-PdlC-C4-20200812,3,1395862,Salix pyrenaica,61.983208
CBN-PdlC-C5-20130807,1,1394311,Oreochloa disticha,62.867016
CBN-PdlC-C5-20130807,2,1479447,Arabis stellulata,62.044090
CBN-PdlC-C5-20130807,3,1395807,Salix herbacea,62.026627
CBN-PdlC-C5-20130903,1,1397043,Veronica alpina,61.446499
CBN-PdlC-C5-20130903,2,1389815,Rumex induratus,61.049225
CBN-PdlC-C5-20130903,3,1391926,Epilobium nutans,61.022797
CBN-PdlC-C5-20140721,1,1396253,Sibbaldia procumbens,62.423679
CBN-PdlC-C5-20140721,2,1364066,Veronica serpyllifolia,62.149696
CBN-PdlC-C5-20140721,3,1393708,Lysimachia nummularia,60.915852
CBN-PdlC-C5-20140811,1,1397043,Veronica alpina,64.987961
CBN-PdlC-C5-20140811,2,1397465,Polygala alpina,64.774460
CBN-PdlC-C5-20140811,3,1394311,Oreochloa disticha,64.492294
CBN-PdlC-C5-20140901,1,1396253,Sibbaldia procumbens,63.742821
CBN-PdlC-C5-20140901,2,1397043,Veronica alpina,63.509132
CBN-PdlC-C5-20140901,3,1361367,Poa alpina,62.117855
CBN-PdlC-C5-20150701,1,1396253,Sibbaldia procumbens,60.463764
CBN-PdlC-C5-20150701,2,1392241,Alchemilla pentaphyllea,59.605545
CBN-PdlC-C5-20150701,3,1390793,Carex curvula,59.533318
CBN-PdlC-C5-20150720,1,1396253,Sibbaldia procumbens,64.860130
CBN-PdlC-C5-20150720,2,1392608,Geum montanum,64.101608
CBN-PdlC-C5-20150720,3,1395807,Salix herbacea,62.816666
CBN-PdlC-C5-20150810,1,1396253,Sibbaldia procumbens,63.436684
CBN-PdlC-C5-20150810,2,1743456,Carex macrostylos,63.224373
CBN-PdlC-C5-20150810,3,1392608,Geum montanum,62.729561
CBN-PdlC-C5-20150831,1,1396253,Sibbaldia procumbens,63.497849
CBN-PdlC-C5-20150831,2,1394311,Oreochloa disticha,62.958496
CBN-PdlC-C5-20150831,3,1395807,Salix herbacea,62.181477
CBN-PdlC-C5-20160705,1,1396253,Sibbaldia procumbens,64.321609
CBN-PdlC-C5-20160705,2,1390793,Carex curvula,64.315880
CBN-PdlC-C5-20160705,3,1390899,Carex pyrenaica,61.820637
CBN-PdlC-C5-20160726,1,1396253,Sibbaldia procumbens,63.557602
CBN-PdlC-C5-20160726,2,1363543,Stenotaphrum secundatum,62.772923
CBN-PdlC-C5-20160726,3,1397043,Veronica alpina,62.753696
CBN-PdlC-C5-20170816,1,1396253,Sibbaldia procumbens,64.458694
CBN-PdlC-C5-20170816,2,1395807,Salix herbacea,61.774391
CBN-PdlC-C5-20170816,3,1392608,Geum montanum,61.742218
CBN-PdlC-C5-20170906,1,1396253,Sibbaldia procumbens,63.826099
CBN-PdlC-C5-20170906,2,1392608,Geum montanum,63.706512
CBN-PdlC-C5-20170906,3,1395807,Salix herbacea,60.226212
CBN-PdlC-C5-20180723,1,1396253,Sibbaldia procumbens,63.340401
CBN-PdlC-C5-20180723,2,1392241,Alchemilla pentaphyllea,61.577446
CBN-PdlC-C5-20180723,3,1394311,Oreochloa disticha,61.454430
CBN-PdlC-C5-20180815,1,1396253,Sibbaldia procumbens,62.288422
CBN-PdlC-C5-20180815,2,1392241,Alchemilla pentaphyllea,59.372871
CBN-PdlC-C5-20180815,3,1394311,Oreochloa disticha,58.307076
CBN-PdlC-C5-20180905,1,1396253,Sibbaldia procumbens,64.776321
CBN-PdlC-C5-20180905,2,1397043,Veronica alpina,60.388721
CBN-PdlC-C5-20180905,3,1395807,Salix herbacea,59.568161
CBN-PdlC-C5-20190701,1,1609716,Epilobium komarovianum,61.146797
CBN-PdlC-C5-20190701,2,1393224,Hydrocotyle bonariensis,59.330788
CBN-PdlC-C5-20190701,3,1396253,Sibbaldia procumbens,58.058670
CBN-PdlC-C5-20190722,1,1390793,Carex curvula,64.604698
CBN-PdlC-C5-20190722,2,1396253,Sibbaldia procumbens,64.077812
CBN-PdlC-C5-20190722,3,1397043,Veronica alpina,63.773422
CBN-PdlC-C5-20190812,1,1396253,Sibbaldia procumbens,65.125610
CBN-PdlC-C5-20190812,2,1395807,Salix herbacea,61.694916
CBN-PdlC-C5-20190812,3,1392608,Geum montanum,61.615829
CBN-PdlC-C5-20190909,1,1396253,Sibbaldia procumbens,64.642624
CBN-PdlC-C5-20190909,2,1392608,Geum montanum,63.469444
CBN-PdlC-C5-20190909,3,1395807,Salix herbacea,63.000435
CBN-PdlC-C5-20200722,1,1394311,Oreochloa disticha,64.095634
CBN-PdlC-C5-20200722,2,1396253,Sibbaldia procumbens,63.230911
CBN-PdlC-C5-20200722,3,1397043,Veronica alpina,63.027302
CBN-PdlC-C5-20200812,1,1396253,Sibbaldia procumbens,63.518936
CBN-PdlC-C5-20200812,2,1395870,Salix retusa,62.107529
CBN-PdlC-C5-20200812,3,1741880,Salix serpillifolia,62.053207
CBN-PdlC-C6-20130807,1,1396253,Sibbaldia procumbens,63.127441
CBN-PdlC-C6-20130807,2,1394311,Oreochloa disticha,60.830170
CBN-PdlC-C6-20130807,3,1392608,Geum montanum,60.193794
CBN-PdlC-C6-20130903,1,1397043,Veronica alpina,64.251282
CBN-PdlC-C6-20130903,2,1396253,Sibbaldia procumbens,63.039818
CBN-PdlC-C6-20130903,3,1393200,Homogyne alpina,62.985191
CBN-PdlC-C6-20140721,1,1396253,Sibbaldia procumbens,64.783607
CBN-PdlC-C6-20140721,2,1392608,Geum montanum,64.262810
CBN-PdlC-C6-20140721,3,1393200,Homogyne alpina,63.738380
CBN-PdlC-C6-20140811,1,1394311,Oreochloa disticha,62.862282
CBN-PdlC-C6-20140811,2,1395807,Salix herbacea,62.692898
CBN-PdlC-C6-20140811,3,1360748,Hydrocotyle vulgaris,62.510403
CBN-PdlC-C6-20140901,1,1396253,Sibbaldia procumbens,64.116196
CBN-PdlC-C6-20140901,2,1361367,Poa alpina,63.646702
CBN-PdlC-C6-20140901,3,1394311,Oreochloa disticha,63.059727
CBN-PdlC-C6-20150701,1,1393200,Homogyne alpina,66.275742
CBN-PdlC-C6-20150701,2,1396253,Sibbaldia procumbens,63.982227
CBN-PdlC-C6-20150701,3,1397279,Alchemilla alpina,61.663040
CBN-PdlC-C6-20150720,1,1390793,Carex curvula,64.893570
CBN-PdlC-C6-20150720,2,1396253,Sibbaldia procumbens,64.142120
CBN-PdlC-C6-20150720,3,1393200,Homogyne alpina,63.487709
CBN-PdlC-C6-20150810,1,1393200,Homogyne alpina,65.762154
CBN-PdlC-C6-20150810,2,1396253,Sibbaldia procumbens,64.318550
CBN-PdlC-C6-20150810,3,1395807,Salix herbacea,62.223572
CBN-PdlC-C6-20150831,1,1396253,Sibbaldia procumbens,63.909714
CBN-PdlC-C6-20150831,2,1393200,Homogyne alpina,63.346157
CBN-PdlC-C6-20150831,3,1395807,Salix herbacea,62.781197
CBN-PdlC-C6-20160705,1,1393200,Homogyne alpina,65.782593
CBN-PdlC-C6-20160705,2,1396253,Sibbaldia procumbens,64.545303
CBN-PdlC-C6-20160705,3,1392608,Geum montanum,61.400566
CBN-PdlC-C6-20160726,1,1393200,Homogyne alpina,64.677078
CBN-PdlC-C6-20160726,2,1396253,Sibbaldia procumbens,63.907616
CBN-PdlC-C6-20160726,3,1397043,Veronica alpina,63.406376
CBN-PdlC-C6-20170816,1,1393200,Homogyne alpina,66.079735
CBN-PdlC-C6-20170816,2,1396253,Sibbaldia procumbens,64.343155
CBN-PdlC-C6-20170816,3,1362482,Phleum alpinum,62.809326
CBN-PdlC-C6-20170906,1,1396253,Sibbaldia procumbens,60.840343
CBN-PdlC-C6-20170906,2,1393200,Homogyne alpina,60.429970
CBN-PdlC-C6-20170906,3,1356278,Trifolium fragiferum,59.962711
CBN-PdlC-C6-20180723,1,1393200,Homogyne alpina,66.119446
CBN-PdlC-C6-20180723,2,1396253,Sibbaldia procumbens,62.622551
CBN-PdlC-C6-20180723,3,1396186,Senecio angulatus,60.402313
CBN-PdlC-C6-20180815,1,1393200,Homogyne alpina,61.931339
CBN-PdlC-C6-20180815,2,1362482,Phleum alpinum,61.297863
CBN-PdlC-C6-20180815,3,1396253,Sibbaldia procumbens,60.981503
CBN-PdlC-C6-20180905,1,1393200,Homogyne alpina,65.456001
CBN-PdlC-C6-20180905,2,1396253,Sibbaldia procumbens,63.958126
CBN-PdlC-C6-20180905,3,1395807,Salix herbacea,61.472572
CBN-PdlC-C6-20190701,1,1393200,Homogyne alpina,64.069695
CBN-PdlC-C6-20190701,2,1390777,Carex brevicollis,56.973469
CBN-PdlC-C6-20190701,3,1394643,Antennaria dioica,56.689705
CBN-PdlC-C6-20190722,1,1396253,Sibbaldia procumbens,64.650208
CBN-PdlC-C6-20190722,2,1393200,Homogyne alpina,64.638885
CBN-PdlC-C6-20190722,3,1392608,Geum montanum,64.521523
CBN-PdlC-C6-20190812,1,1392608,Geum montanum,66.546860
CBN-PdlC-C6-20190812,2,1396253,Sibbaldia procumbens,64.286400
CBN-PdlC-C6-20190812,3,1393200,Homogyne alpina,63.958717
CBN-PdlC-C6-20190909,1,1393200,Homogyne alpina,65.870499
CBN-PdlC-C6-20190909,2,1396253,Sibbaldia procumbens,64.598198
CBN-PdlC-C6-20190909,3,1362482,Phleum alpinum,64.060959
CBN-PdlC-C6-20200722,1,1396253,Sibbaldia procumbens,64.039032
CBN-PdlC-C6-20200722,2,1392608,Geum montanum,63.076794
CBN-PdlC-C6-20200722,3,1392241,Alchemilla pentaphyllea,61.434254
CBN-PdlC-C6-20200812,1,1396253,Sibbaldia procumbens,64.131966
CBN-PdlC-C6-20200812,2,1392114,Alchemilla flabellata,62.785568
CBN-PdlC-C6-20200812,3,1395807,Salix herbacea,62.579674
CBN-PdlC-D1-20130807,1,1396253,Sibbaldia procumbens,64.423317
CBN-PdlC-D1-20130807,2,1393708,Lysimachia nummularia,62.772560
CBN-PdlC-D1-20130807,3,1395807,Salix herbacea,62.618950
CBN-PdlC-D1-20130903,1,1396253,Sibbaldia procumbens,64.740067
CBN-PdlC-D1-20130903,2,1395807,Salix herbacea,62.973034
CBN-PdlC-D1-20130903,3,1390899,Carex pyrenaica,62.105492
CBN-PdlC-D1-20140721,1,1396253,Sibbaldia procumbens,64.656982
CBN-PdlC-D1-20140721,2,1394911,Primula integrifolia,61.475594
CBN-PdlC-D1-20140721,3,1395807,Salix herbacea,60.991795
CBN-PdlC-D1-20140811,1,1396253,Sibbaldia procumbens,63.632820
CBN-PdlC-D1-20140811,2,1395807,Salix herbacea,63.056541
CBN-PdlC-D1-20140811,3,1392608,Geum montanum,62.080704
CBN-PdlC-D1-20140901,1,1396253,Sibbaldia procumbens,64.520020
CBN-PdlC-D1-20140901,2,1412857,Omalotheca supina,63.605450
CBN-PdlC-D1-20140901,3,1742053,Omalotheca hoppeana,63.466038
CBN-PdlC-D1-20150701,1,1396253,Sibbaldia procumbens,63.289707
CBN-PdlC-D1-20150701,2,1392241,Alchemilla pentaphyllea,61.696949
CBN-PdlC-D1-20150701,3,1742052,Leontopodium nivale,58.738304
CBN-PdlC-D1-20150720,1,1392534,Gentiana acaulis,66.567551
CBN-PdlC-D1-20150720,2,1396253,Sibbaldia procumbens,65.276283
CBN-PdlC-D1-20150720,3,1392535,Gentiana alpina,63.649220
CBN-PdlC-D1-20150810,1,1396253,Sibbaldia procumbens,65.520744
CBN-PdlC-D1-20150810,2,1392534,Gentiana acaulis,64.906166
CBN-PdlC-D1-20150810,3,1392535,Gentiana alpina,64.070282
CBN-PdlC-D1-20150831,1,1392534,Gentiana acaulis,65.880737
CBN-PdlC-D1-20150831,2,1396253,Sibbaldia procumbens,64.811584
CBN-PdlC-D1-20150831,3,1392561,Gentiana pyrenaica,64.509659
CBN-PdlC-D1-20160705,1,1396253,Sibbaldia procumbens,65.300446
CBN-PdlC-D1-20160705,2,1363543,Stenotaphrum secundatum,60.849751
CBN-PdlC-D1-20160705,3,1395870,Salix retusa,59.518944
CBN-PdlC-D1-20160726,1,1396253,Sibbaldia procumbens,64.747215
CBN-PdlC-D1-20160726,2,1392534,Gentiana acaulis,64.188385
CBN-PdlC-D1-20160726,3,1392535,Gentiana alpina,62.791748
CBN-PdlC-D1-20170816,1,1396253,Sibbaldia procumbens,64.869431
CBN-PdlC-D1-20170816,2,1412857,Omalotheca supina,62.762733
CBN-PdlC-D1-20170816,3,1395807,Salix herbacea,62.047482
CBN-PdlC-D1-20170906,1,1396253,Sibbaldia procumbens,63.684002
CBN-PdlC-D1-20170906,2,1361367,Poa alpina,62.393166
CBN-PdlC-D1-20170906,3,1395807,Salix herbacea,59.375053
CBN-PdlC-D1-20180723,1,1396253,Sibbaldia procumbens,63.692089
CBN-PdlC-D1-20180723,2,1393200,Homogyne alpina,62.710140
CBN-PdlC-D1-20180723,3,1395807,Salix herbacea,61.114281
CBN-PdlC-D1-20180815,1,1396253,Sibbaldia procumbens,63.693859
CBN-PdlC-D1-20180815,2,1395807,Salix herbacea,60.686783
CBN-PdlC-D1-20180815,3,1394360,Oxalis exilis,60.379467
CBN-PdlC-D1-20180905,1,1742053,Omalotheca hoppeana,64.797714
CBN-PdlC-D1-20180905,2,1396253,Sibbaldia procumbens,64.738441
CBN-PdlC-D1-20180905,3,1394911,Primula integrifolia,61.912613
CBN-PdlC-D1-20190701,1,1396253,Sibbaldia procumbens,64.377296
CBN-PdlC-D1-20190701,2,1391427,Crassula pubescens,58.281475
CBN-PdlC-D1-20190701,3,1363618,Crassula multicava,58.166931
CBN-PdlC-D1-20190722,1,1396253,Sibbaldia procumbens,65.244568
CBN-PdlC-D1-20190722,2,1393200,Homogyne alpina,63.139492
CBN-PdlC-D1-20190722,3,1395807,Salix herbacea,62.164059
CBN-PdlC-D1-20190812,1,1396253,Sibbaldia procumbens,64.484207
CBN-PdlC-D1-20190812,2,1392534,Gentiana acaulis,64.339684
CBN-PdlC-D1-20190812,3,1395807,Salix herbacea,62.613815
CBN-PdlC-D1-20190909,1,1396253,Sibbaldia procumbens,64.174179
CBN-PdlC-D1-20190909,2,1412857,Omalotheca supina,62.316277
CBN-PdlC-D1-20190909,3,1395807,Salix herbacea,61.691830
CBN-PdlC-D1-20200722,1,1392535,Gentiana alpina,65.519661
CBN-PdlC-D1-20200722,2,1392534,Gentiana acaulis,65.039146
CBN-PdlC-D1-20200722,3,1396253,Sibbaldia procumbens,64.930359
CBN-PdlC-D1-20200812,1,1392534,Gentiana acaulis,65.841255
CBN-PdlC-D1-20200812,2,1396253,Sibbaldia procumbens,64.972878
CBN-PdlC-D1-20200812,3,1361367,Poa alpina,63.245567
CBN-PdlC-D2-20130807,1,1396253,Sibbaldia procumbens,64.758835
CBN-PdlC-D2-20130807,2,1393619,Logfia minima,63.949112
CBN-PdlC-D2-20130807,3,1412857,Omalotheca supina,61.081665
CBN-PdlC-D2-20130903,1,1412857,Omalotheca supina,64.823952
CBN-PdlC-D2-20130903,2,1394643,Antennaria dioica,64.124504
CBN-PdlC-D2-20130903,3,1396253,Sibbaldia procumbens,63.973381
CBN-PdlC-D2-20140721,1,1396253,Sibbaldia procumbens,63.816097
CBN-PdlC-D2-20140721,2,1392534,Gentiana acaulis,62.796074
CBN-PdlC-D2-20140721,3,1393619,Logfia minima,62.469872
CBN-PdlC-D2-20140811,1,1412857,Omalotheca supina,64.483810
CBN-PdlC-D2-20140811,2,1396253,Sibbaldia procumbens,64.428535
CBN-PdlC-D2-20140811,3,1393619,Logfia minima,61.999043
CBN-PdlC-D2-20140901,1,1742053,Omalotheca hoppeana,64.718071
CBN-PdlC-D2-20140901,2,1396253,Sibbaldia procumbens,64.436165
CBN-PdlC-D2-20140901,3,1412857,Omalotheca supina,64.056000
CBN-PdlC-D2-20150720,1,1396253,Sibbaldia procumbens,65.426979
CBN-PdlC-D2-20150720,2,1392535,Gentiana alpina,64.826500
CBN-PdlC-D2-20150720,3,1392534,Gentiana acaulis,63.958740
CBN-PdlC-D2-20150810,1,1396253,Sibbaldia procumbens,64.219727
CBN-PdlC-D2-20150810,2,1742053,Omalotheca hoppeana,62.555847
CBN-PdlC-D2-20150810,3,1412857,Omalotheca supina,61.878830
CBN-PdlC-D2-20150831,1,1412857,Omalotheca supina,65.421158
CBN-PdlC-D2-20150831,2,1742053,Omalotheca hoppeana,64.562775
CBN-PdlC-D2-20150831,3,1396253,Sibbaldia procumbens,63.847328
CBN-PdlC-D2-20160705,1,1396253,Sibbaldia procumbens,64.579575
CBN-PdlC-D2-20160705,2,1412857,Omalotheca supina,63.443878
CBN-PdlC-D2-20160705,3,1394643,Antennaria dioica,61.610916
CBN-PdlC-D2-20160726,1,1392534,Gentiana acaulis,65.171783
CBN-PdlC-D2-20160726,2,1392535,Gentiana alpina,64.851204
CBN-PdlC-D2-20160726,3,1396253,Sibbaldia procumbens,64.635216
CBN-PdlC-D2-20170816,1,1742053,Omalotheca hoppeana,64.495804
CBN-PdlC-D2-20170816,2,1396253,Sibbaldia procumbens,64.439651
CBN-PdlC-D2-20170816,3,1412857,Omalotheca supina,63.274864
CBN-PdlC-D2-20170906,1,1396253,Sibbaldia procumbens,64.017807
CBN-PdlC-D2-20170906,2,1412857,Omalotheca supina,63.140514
CBN-PdlC-D2-20170906,3,1391092,Cerastium tomentosum,61.612034
CBN-PdlC-D2-20180723,1,1396253,Sibbaldia procumbens,64.695000
CBN-PdlC-D2-20180723,2,1393708,Lysimachia nummularia,62.006966
CBN-PdlC-D2-20180723,3,1396144,Sedum alpestre,61.561378
CBN-PdlC-D2-20180815,1,1396253,Sibbaldia procumbens,63.351868
CBN-PdlC-D2-20180815,2,1412857,Omalotheca supina,62.979263
CBN-PdlC-D2-20180815,3,1394643,Antennaria dioica,62.967056
CBN-PdlC-D2-20180905,1,1396253,Sibbaldia procumbens,64.821655
CBN-PdlC-D2-20180905,2,1412857,Omalotheca supina,64.612167
CBN-PdlC-D2-20180905,3,1394643,Antennaria dioica,63.254166
CBN-PdlC-D2-20190701,1,1412857,Omalotheca supina,62.002678
CBN-PdlC-D2-20190701,2,1390532,Salvinia molesta,60.287216
CBN-PdlC-D2-20190701,3,1397279,Alchemilla alpina,59.806290
CBN-PdlC-D2-20190722,1,1396253,Sibbaldia procumbens,64.380501
CBN-PdlC-D2-20190722,2,1742053,Omalotheca hoppeana,62.059452
CBN-PdlC-D2-20190722,3,1412857,Omalotheca supina,61.723053
CBN-PdlC-D2-20190812,1,1396253,Sibbaldia procumbens,64.523201
CBN-PdlC-D2-20190812,2,1412857,Omalotheca supina,63.762894
CBN-PdlC-D2-20190812,3,1742053,Omalotheca hoppeana,62.965988
CBN-PdlC-D2-20190909,1,1742053,Omalotheca hoppeana,64.150017
CBN-PdlC-D2-20190909,2,1394643,Antennaria dioica,64.139053
CBN-PdlC-D2-20190909,3,1396253,Sibbaldia procumbens,63.829128
CBN-PdlC-D2-20200722,1,1396253,Sibbaldia procumbens,64.024689
CBN-PdlC-D2-20200722,2,1395807,Salix herbacea,63.171940
CBN-PdlC-D2-20200722,3,1394643,Antennaria dioica,62.229347
CBN-PdlC-D2-20200812,1,1742053,Omalotheca hoppeana,67.313782
CBN-PdlC-D2-20200812,2,1396253,Sibbaldia procumbens,63.829147
CBN-PdlC-D2-20200812,3,1395807,Salix herbacea,63.408653
CBN-PdlC-D3-20130807,1,1647156,Armeria humilis,63.016712
CBN-PdlC-D3-20130807,2,1647187,Armeria welwitschii,62.807438
CBN-PdlC-D3-20130807,3,1413349,Armeria maritima,62.609940
CBN-PdlC-D3-20130903,1,1744479,Armeria bigerrensis,65.051300
CBN-PdlC-D3-20130903,2,1647128,Armeria alpina,63.477589
CBN-PdlC-D3-20130903,3,1413349,Armeria maritima,63.391716
CBN-PdlC-D3-20140721,1,1390793,Carex curvula,63.840401
CBN-PdlC-D3-20140721,2,1413349,Armeria maritima,62.450256
CBN-PdlC-D3-20140721,3,1647187,Armeria welwitschii,62.437065
CBN-PdlC-D3-20140811,1,1412857,Omalotheca supina,65.332214
CBN-PdlC-D3-20140811,2,1413349,Armeria maritima,63.189400
CBN-PdlC-D3-20140811,3,1397043,Veronica alpina,62.589653
CBN-PdlC-D3-20140901,1,1396253,Sibbaldia procumbens,64.090080
CBN-PdlC-D3-20140901,2,1394542,Phyteuma hemisphaericum,63.665260
CBN-PdlC-D3-20140901,3,1397129,Viola calcarata,63.340446
CBN-PdlC-D3-20150701,1,1396253,Sibbaldia procumbens,63.248917
CBN-PdlC-D3-20150701,2,1413349,Armeria maritima,61.668137
CBN-PdlC-D3-20150701,3,1394643,Antennaria dioica,61.386688
CBN-PdlC-D3-20150720,1,1392534,Gentiana acaulis,66.843559
CBN-PdlC-D3-20150720,2,1390793,Carex curvula,64.433815
CBN-PdlC-D3-20150720,3,1394643,Antennaria dioica,64.227844
CBN-PdlC-D3-20150831,1,1394311,Oreochloa disticha,66.115067
CBN-PdlC-D3-20150831,2,1742053,Omalotheca hoppeana,65.261307
CBN-PdlC-D3-20150831,3,1412857,Omalotheca supina,65.191788
CBN-PdlC-D3-20160705,1,1647156,Armeria humilis,64.346092
CBN-PdlC-D3-20160705,2,1413349,Armeria maritima,62.646957
CBN-PdlC-D3-20160705,3,1396253,Sibbaldia procumbens,62.343391
CBN-PdlC-D3-20160726,1,1392534,Gentiana acaulis,65.067001
CBN-PdlC-D3-20160726,2,1744479,Armeria bigerrensis,64.865623
CBN-PdlC-D3-20160726,3,1413349,Armeria maritima,64.091713
CBN-PdlC-D3-20170816,1,1647187,Armeria welwitschii,63.286133
CBN-PdlC-D3-20170816,2,1409318,Gamochaeta antillana,63.283607
CBN-PdlC-D3-20170816,3,1647170,Armeria pubigera,63.043125
CBN-PdlC-D3-20170906,1,1413349,Armeria maritima,63.645084
CBN-PdlC-D3-20170906,2,1396253,Sibbaldia procumbens,62.806705
CBN-PdlC-D3-20170906,3,1392534,Gentiana acaulis,62.703011
CBN-PdlC-D3-20180723,1,1744479,Armeria bigerrensis,66.212158
CBN-PdlC-D3-20180723,2,1393200,Homogyne alpina,64.475464
CBN-PdlC-D3-20180723,3,1743393,Armeria pungens,64.039627
CBN-PdlC-D3-20180815,1,1396253,Sibbaldia procumbens,63.250839
CBN-PdlC-D3-20180815,2,1394643,Antennaria dioica,60.950317
CBN-PdlC-D3-20180815,3,1412857,Omalotheca supina,60.570923
CBN-PdlC-D3-20180905,1,1742053,Omalotheca hoppeana,64.767296
CBN-PdlC-D3-20180905,2,1412857,Omalotheca supina,64.416733
CBN-PdlC-D3-20180905,3,1396253,Sibbaldia procumbens,64.163757
CBN-PdlC-D3-20190701,1,1399798,Pinguicula dertosensis,62.803017
CBN-PdlC-D3-20190701,2,1390532,Salvinia molesta,61.272808
CBN-PdlC-D3-20190701,3,1744294,Pinguicula casperiana,61.052441
CBN-PdlC-D3-20190722,1,1743393,Armeria pungens,63.950417
CBN-PdlC-D3-20190722,2,1744479,Armeria bigerrensis,63.763935
CBN-PdlC-D3-20190722,3,1647128,Armeria alpina,63.582138
CBN-PdlC-D3-20190812,1,1413349,Armeria maritima,64.197319
CBN-PdlC-D3-20190812,2,1392534,Gentiana acaulis,63.459000
CBN-PdlC-D3-20190812,3,1743393,Armeria pungens,63.009441
CBN-PdlC-D3-20190909,1,1744479,Armeria bigerrensis,64.576645
CBN-PdlC-D3-20190909,2,1647128,Armeria alpina,63.953705
CBN-PdlC-D3-20190909,3,1396253,Sibbaldia procumbens,63.885689
CBN-PdlC-D3-20200722,1,1392535,Gentiana alpina,65.595139
CBN-PdlC-D3-20200722,2,1393200,Homogyne alpina,65.333687
CBN-PdlC-D3-20200722,3,1392534,Gentiana acaulis,64.787857
CBN-PdlC-D3-20200812,1,1392534,Gentiana acaulis,64.522636
CBN-PdlC-D3-20200812,2,1396253,Sibbaldia procumbens,63.616356
CBN-PdlC-D3-20200812,3,1647128,Armeria alpina,63.333611
CBN-PdlC-D4-20130807,1,1396253,Sibbaldia procumbens,64.090515
CBN-PdlC-D4-20130807,2,1744479,Armeria bigerrensis,62.705910
CBN-PdlC-D4-20130807,3,1647187,Armeria welwitschii,61.719681
CBN-PdlC-D4-20130903,1,1396253,Sibbaldia procumbens,64.034485
CBN-PdlC-D4-20130903,2,1647128,Armeria alpina,63.896671
CBN-PdlC-D4-20130903,3,1395807,Salix herbacea,63.144344
CBN-PdlC-D4-20140721,1,1391363,Corydalis intermedia,64.595093
CBN-PdlC-D4-20140721,2,1396253,Sibbaldia procumbens,64.336327
CBN-PdlC-D4-20140721,3,1647128,Armeria alpina,63.581573
CBN-PdlC-D4-20140811,1,1412857,Omalotheca supina,64.680252
CBN-PdlC-D4-20140811,2,1395807,Salix herbacea,63.841724
CBN-PdlC-D4-20140811,3,1392534,Gentiana acaulis,63.832779
CBN-PdlC-D4-20140901,1,1396253,Sibbaldia procumbens,65.189133
CBN-PdlC-D4-20140901,2,1412857,Omalotheca supina,64.816376
CBN-PdlC-D4-20140901,3,1394542,Phyteuma hemisphaericum,63.876022
CBN-PdlC-D4-20150701,1,1396253,Sibbaldia procumbens,64.512512
CBN-PdlC-D4-20150701,2,1361367,Poa alpina,61.710567
CBN-PdlC-D4-20150701,3,1394865,Potentilla nitida,61.216515
CBN-PdlC-D4-20150720,1,1393584,Linaria alpina,65.027138
CBN-PdlC-D4-20150720,2,1396253,Sibbaldia procumbens,64.237244
CBN-PdlC-D4-20150720,3,1392534,Gentiana acaulis,63.708652
CBN-PdlC-D4-20150831,1,1742053,Omalotheca hoppeana,64.911179
CBN-PdlC-D4-20150831,2,1412857,Omalotheca supina,64.788391
CBN-PdlC-D4-20150831,3,1396253,Sibbaldia procumbens,64.508766
CBN-PdlC-D4-20160705,1,1396253,Sibbaldia procumbens,65.532608
CBN-PdlC-D4-20160705,2,1412857,Omalotheca supina,63.727116
CBN-PdlC-D4-20160705,3,1394643,Antennaria dioica,62.124271
CBN-PdlC-D4-20160726,1,1396253,Sibbaldia procumbens,64.656540
CBN-PdlC-D4-20160726,2,1392534,Gentiana acaulis,64.578026
CBN-PdlC-D4-20160726,3,1392535,Gentiana alpina,63.198723
CBN-PdlC-D4-20170816,1,1396253,Sibbaldia procumbens,64.771294
CBN-PdlC-D4-20170816,2,1395870,Salix retusa,63.237343
CBN-PdlC-D4-20170816,3,1392541,Gentiana brachyphylla,62.960518
CBN-PdlC-D4-20170906,1,1396253,Sibbaldia procumbens,64.809998
CBN-PdlC-D4-20170906,2,1393567,Limonium normannicum,62.789394
CBN-PdlC-D4-20170906,3,1743977,Limonium auriculifolium,59.937386
CBN-PdlC-D4-20180723,1,1396253,Sibbaldia procumbens,64.307571
CBN-PdlC-D4-20180723,2,1394643,Antennaria dioica,62.625938
CBN-PdlC-D4-20180723,3,1741880,Salix serpillifolia,60.677032
CBN-PdlC-D4-20180815,1,1396253,Sibbaldia procumbens,62.357986
CBN-PdlC-D4-20180815,2,1742053,Omalotheca hoppeana,61.325764
CBN-PdlC-D4-20180815,3,1412857,Omalotheca supina,59.786129
CBN-PdlC-D4-20180905,1,1396253,Sibbaldia procumbens,64.556648
CBN-PdlC-D4-20180905,2,1412857,Omalotheca supina,63.728378
CBN-PdlC-D4-20180905,3,1742053,Omalotheca hoppeana,62.942444
CBN-PdlC-D4-20190701,1,1397279,Alchemilla alpina,60.556023
CBN-PdlC-D4-20190701,2,1392655,Goodyera repens,60.064491
CBN-PdlC-D4-20190701,3,1394886,Potentilla valderia,58.080063
CBN-PdlC-D4-20190722,1,1396253,Sibbaldia procumbens,64.190132
CBN-PdlC-D4-20190722,2,1395807,Salix herbacea,61.968601
CBN-PdlC-D4-20190722,3,1400101,Bartsia alpina,61.734272
CBN-PdlC-D4-20190812,1,1396253,Sibbaldia procumbens,64.785530
CBN-PdlC-D4-20190812,2,1742053,Omalotheca hoppeana,63.432701
CBN-PdlC-D4-20190812,3,1397381,Euphrasia minima,63.379112
CBN-PdlC-D4-20190909,1,1396253,Sibbaldia procumbens,64.549873
CBN-PdlC-D4-20190909,2,1395807,Salix herbacea,62.798328
CBN-PdlC-D4-20190909,3,1360130,Rumex lunaria,62.158470
CBN-PdlC-D4-20200722,1,1396253,Sibbaldia procumbens,64.238350
CBN-PdlC-D4-20200722,2,1392535,Gentiana alpina,63.789814
CBN-PdlC-D4-20200722,3,1395807,Salix herbacea,62.346691
CBN-PdlC-D4-20200812,1,1396253,Sibbaldia procumbens,63.644737
CBN-PdlC-D4-20200812,2,1395807,Salix herbacea,62.708229
CBN-PdlC-D4-20200812,3,1742053,Omalotheca hoppeana,62.463482
CBN-PdlC-D5-20130807,1,1396253,Sibbaldia procumbens,62.148586
CBN-PdlC-D5-20130807,2,1363543,Stenotaphrum secundatum,60.046055
CBN-PdlC-D5-20130807,3,1395807,Salix herbacea,59.861881
CBN-PdlC-D5-20130903,1,1395807,Salix herbacea,61.989651
CBN-PdlC-D5-20130903,2,1741880,Salix serpillifolia,61.746635
CBN-PdlC-D5-20130903,3,1395870,Salix retusa,61.670509
CBN-PdlC-D5-20140721,1,1396253,Sibbaldia procumbens,62.280930
CBN-PdlC-D5-20140721,2,1392608,Geum montanum,62.251015
CBN-PdlC-D5-20140721,3,1395943,Saxifraga aquatica,60.069691
CBN-PdlC-D5-20140811,1,1395807,Salix herbacea,63.728222
CBN-PdlC-D5-20140811,2,1392541,Gentiana brachyphylla,61.589298
CBN-PdlC-D5-20140811,3,1396253,Sibbaldia procumbens,61.276352
CBN-PdlC-D5-20140901,1,1392608,Geum montanum,62.395195
CBN-PdlC-D5-20140901,2,1361367,Poa alpina,62.193268
CBN-PdlC-D5-20140901,3,1392611,Geum pyrenaicum,59.560722
CBN-PdlC-D5-20150701,1,1396253,Sibbaldia procumbens,61.741035
CBN-PdlC-D5-20150701,2,1742053,Omalotheca hoppeana,60.982460
CBN-PdlC-D5-20150701,3,1743359,Narthecium reverchonii,58.548641
CBN-PdlC-D5-20150720,1,1396253,Sibbaldia procumbens,64.791283
CBN-PdlC-D5-20150720,2,1394311,Oreochloa disticha,62.020428
CBN-PdlC-D5-20150720,3,1395807,Salix herbacea,61.674500
CBN-PdlC-D5-20150810,1,1396253,Sibbaldia procumbens,63.172089
CBN-PdlC-D5-20150810,2,1395807,Salix herbacea,62.024277
CBN-PdlC-D5-20150810,3,1392608,Geum montanum,60.460068
CBN-PdlC-D5-20150831,1,1389929,Helictochloa versicolor,64.658493
CBN-PdlC-D5-20150831,2,1395807,Salix herbacea,62.943100
CBN-PdlC-D5-20150831,3,1396253,Sibbaldia procumbens,62.511341
CBN-PdlC-D5-20160705,1,1394911,Primula integrifolia,63.863697
CBN-PdlC-D5-20160705,2,1392608,Geum montanum,63.091473
CBN-PdlC-D5-20160705,3,1396253,Sibbaldia procumbens,62.288597
CBN-PdlC-D5-20160726,1,1397043,Veronica alpina,63.362930
CBN-PdlC-D5-20160726,2,1397386,Festuca scabriculmis,63.080544
CBN-PdlC-D5-20160726,3,1392608,Geum montanum,62.812477
CBN-PdlC-D5-20170816,1,1392608,Geum montanum,62.819256
CBN-PdlC-D5-20170816,2,1361367,Poa alpina,62.505024
CBN-PdlC-D5-20170816,3,1395807,Salix herbacea,62.213470
CBN-PdlC-D5-20170906,1,1396253,Sibbaldia procumbens,61.147846
CBN-PdlC-D5-20170906,2,1395807,Salix herbacea,60.973515
CBN-PdlC-D5-20170906,3,1363543,Stenotaphrum secundatum,59.845699
CBN-PdlC-D5-20180723,1,1400101,Bartsia alpina,64.224312
CBN-PdlC-D5-20180723,2,1392608,Geum montanum,63.560730
CBN-PdlC-D5-20180723,3,1396253,Sibbaldia procumbens,61.338070
CBN-PdlC-D5-20180815,1,1392608,Geum montanum,64.364113
CBN-PdlC-D5-20180815,2,1395870,Salix retusa,60.577820
CBN-PdlC-D5-20180815,3,1400101,Bartsia alpina,60.379196
CBN-PdlC-D5-20180905,1,1396253,Sibbaldia procumbens,64.799042
CBN-PdlC-D5-20180905,2,1394911,Primula integrifolia,60.772327
CBN-PdlC-D5-20180905,3,1392608,Geum montanum,60.674957
CBN-PdlC-D5-20190701,1,1363133,Triglochin striata,60.516144
CBN-PdlC-D5-20190701,2,1394911,Primula integrifolia,60.061089
CBN-PdlC-D5-20190701,3,1392066,Eriophorum scheuchzeri,59.872559
CBN-PdlC-D5-20190722,1,1392534,Gentiana acaulis,63.288929
CBN-PdlC-D5-20190722,2,1396253,Sibbaldia procumbens,62.348351
CBN-PdlC-D5-20190722,3,1392535,Gentiana alpina,61.863289
CBN-PdlC-D5-20190812,1,1392534,Gentiana acaulis,64.463577
CBN-PdlC-D5-20190812,2,1392608,Geum montanum,63.375610
CBN-PdlC-D5-20190812,3,1395870,Salix retusa,63.300671
CBN-PdlC-D5-20190909,1,1395807,Salix herbacea,63.716675
CBN-PdlC-D5-20190909,2,1396253,Sibbaldia procumbens,63.401787
CBN-PdlC-D5-20190909,3,1392608,Geum montanum,62.527161
CBN-PdlC-D5-20200722,1,1392534,Gentiana acaulis,61.402126
CBN-PdlC-D5-20200722,2,1395807,Salix herbacea,61.032597
CBN-PdlC-D5-20200722,3,1392608,Geum montanum,60.767113
CBN-PdlC-D5-20200812,1,1395807,Salix herbacea,63.195175
CBN-PdlC-D5-20200812,2,1392608,Geum montanum,62.924015
CBN-PdlC-D5-20200812,3,1397043,Veronica alpina,62.323997
CBN-PdlC-D6-20130807,1,1396253,Sibbaldia procumbens,63.140259
CBN-PdlC-D6-20130807,2,1395807,Salix herbacea,61.532471
CBN-PdlC-D6-20130807,3,1393708,Lysimachia nummularia,60.086258
CBN-PdlC-D6-20130903,1,1395807,Salix herbacea,62.579445
CBN-PdlC-D6-20130903,2,1396253,Sibbaldia procumbens,62.521149
CBN-PdlC-D6-20130903,3,1397043,Veronica alpina,62.480141
CBN-PdlC-D6-20140721,1,1396253,Sibbaldia procumbens,64.615181
CBN-PdlC-D6-20140721,2,1412857,Omalotheca supina,61.988449
CBN-PdlC-D6-20140721,3,1390761,Carex arenaria,60.479404
CBN-PdlC-D6-20140811,1,1397043,Veronica alpina,64.534149
CBN-PdlC-D6-20140811,2,1395807,Salix herbacea,64.488205
CBN-PdlC-D6-20140811,3,1396253,Sibbaldia procumbens,62.622875
CBN-PdlC-D6-20140901,1,1412857,Omalotheca supina,63.790108
CBN-PdlC-D6-20140901,2,1396253,Sibbaldia procumbens,63.491688
CBN-PdlC-D6-20140901,3,1397043,Veronica alpina,63.455883
CBN-PdlC-D6-20150701,1,1396253,Sibbaldia procumbens,61.988991
CBN-PdlC-D6-20150701,2,1393020,Aloe humilis,59.167645
CBN-PdlC-D6-20150701,3,1388916,Lysimachia europaea,59.078056
CBN-PdlC-D6-20150720,1,1396253,Sibbaldia procumbens,63.886063
CBN-PdlC-D6-20150720,2,1395807,Salix herbacea,62.207558
CBN-PdlC-D6-20150720,3,1392241,Alchemilla pentaphyllea,61.080204
CBN-PdlC-D6-20150810,1,1395807,Salix herbacea,63.653183
CBN-PdlC-D6-20150810,2,1389929,Helictochloa versicolor,63.403713
CBN-PdlC-D6-20150810,3,1412857,Omalotheca supina,62.387032
CBN-PdlC-D6-20150831,1,1393494,Leucanthemopsis alpina,64.731491
CBN-PdlC-D6-20150831,2,1395807,Salix herbacea,64.040054
CBN-PdlC-D6-20150831,3,1412857,Omalotheca supina,64.003204
CBN-PdlC-D6-20160705,1,1396253,Sibbaldia procumbens,64.845406
CBN-PdlC-D6-20160705,2,1741880,Salix serpillifolia,61.328835
CBN-PdlC-D6-20160705,3,1395807,Salix herbacea,60.415169
CBN-PdlC-D6-20160726,1,1397043,Veronica alpina,63.716747
CBN-PdlC-D6-20160726,2,1412857,Omalotheca supina,63.396255
CBN-PdlC-D6-20160726,3,1396253,Sibbaldia procumbens,63.138378
CBN-PdlC-D6-20170816,1,1393494,Leucanthemopsis alpina,65.857811
CBN-PdlC-D6-20170816,2,1395807,Salix herbacea,63.258331
CBN-PdlC-D6-20170816,3,1394311,Oreochloa disticha,63.145638
CBN-PdlC-D6-20170906,1,1412857,Omalotheca supina,62.845139
CBN-PdlC-D6-20170906,2,1397468,Primula pedemontana,61.859543
CBN-PdlC-D6-20170906,3,1395807,Salix herbacea,61.558781
CBN-PdlC-D6-20180723,1,1396253,Sibbaldia procumbens,63.514851
CBN-PdlC-D6-20180723,2,1741880,Salix serpillifolia,60.931908
CBN-PdlC-D6-20180723,3,1393708,Lysimachia nummularia,60.597130
CBN-PdlC-D6-20180815,1,1396253,Sibbaldia procumbens,63.065693
CBN-PdlC-D6-20180815,2,1393679,Luzula lutea,61.399979
CBN-PdlC-D6-20180815,3,1395870,Salix retusa,60.107841
CBN-PdlC-D6-20180905,1,1396253,Sibbaldia procumbens,64.454269
CBN-PdlC-D6-20180905,2,1742053,Omalotheca hoppeana,61.475395
CBN-PdlC-D6-20180905,3,1412857,Omalotheca supina,61.383320
CBN-PdlC-D6-20190701,1,1486725,Cylindropuntia kleiniae,58.250790
CBN-PdlC-D6-20190701,2,1390811,Carex ericetorum,58.118134
CBN-PdlC-D6-20190701,3,1392632,Globularia repens,57.124393
CBN-PdlC-D6-20190722,1,1397043,Veronica alpina,64.265587
CBN-PdlC-D6-20190722,2,1397046,Veronica bellidioides,63.589439
CBN-PdlC-D6-20190722,3,1396253,Sibbaldia procumbens,62.679817
CBN-PdlC-D6-20190812,1,1396253,Sibbaldia procumbens,64.363281
CBN-PdlC-D6-20190812,2,1397043,Veronica alpina,64.055237
CBN-PdlC-D6-20190812,3,1360120,Rumex acetosa,62.048161
CBN-PdlC-D6-20190909,1,1396253,Sibbaldia procumbens,65.458679
CBN-PdlC-D6-20190909,2,1393660,Luzula alpinopilosa,64.636650
CBN-PdlC-D6-20190909,3,1395807,Salix herbacea,62.769379
CBN-PdlC-D6-20200722,1,1397043,Veronica alpina,65.012367
CBN-PdlC-D6-20200722,2,1394311,Oreochloa disticha,63.924355
CBN-PdlC-D6-20200722,3,1396253,Sibbaldia procumbens,62.987293
CBN-PdlC-D6-20200812,1,1396253,Sibbaldia procumbens,63.547676
CBN-PdlC-D6-20200812,2,1362482,Phleum alpinum,62.773685
CBN-PdlC-D6-20200812,3,1395807,Salix herbacea,62.380802
CBN-PdlC-E1-20130723,1,1396253,Sibbaldia procumbens,63.442791
CBN-PdlC-E1-20130723,2,1396144,Sedum alpestre,61.466034
CBN-PdlC-E1-20130723,3,1392541,Gentiana brachyphylla,61.221321
CBN-PdlC-E1-20130807,1,1396253,Sibbaldia procumbens,64.480545
CBN-PdlC-E1-20130807,2,1390793,Carex curvula,62.396145
CBN-PdlC-E1-20130807,3,1392608,Geum montanum,62.334023
CBN-PdlC-E1-20130903,1,1392608,Geum montanum,64.261536
CBN-PdlC-E1-20130903,2,1741880,Salix serpillifolia,63.451542
CBN-PdlC-E1-20130903,3,1396253,Sibbaldia procumbens,63.354622
CBN-PdlC-E1-20140630,1,1396145,Sedum annuum,62.013409
CBN-PdlC-E1-20140630,2,1392608,Geum montanum,61.297073
CBN-PdlC-E1-20140630,3,1399798,Pinguicula dertosensis,60.013454
CBN-PdlC-E1-20140721,1,1396253,Sibbaldia procumbens,65.220703
CBN-PdlC-E1-20140721,2,1362273,Cardamine resedifolia,64.761162
CBN-PdlC-E1-20140721,3,1392608,Geum montanum,64.029228
CBN-PdlC-E1-20140811,1,1392535,Gentiana alpina,68.174965
CBN-PdlC-E1-20140811,2,1412857,Omalotheca supina,65.601540
CBN-PdlC-E1-20140811,3,1742053,Omalotheca hoppeana,65.063416
CBN-PdlC-E1-20140901,1,1412857,Omalotheca supina,65.567993
CBN-PdlC-E1-20140901,2,1742053,Omalotheca hoppeana,65.429260
CBN-PdlC-E1-20140901,3,1396253,Sibbaldia procumbens,63.989578
CBN-PdlC-E1-20150701,1,1392608,Geum montanum,65.205994
CBN-PdlC-E1-20150701,2,1396253,Sibbaldia procumbens,64.576935
CBN-PdlC-E1-20150701,3,1393584,Linaria alpina,63.023769
CBN-PdlC-E1-20150720,1,1392608,Geum montanum,65.016647
CBN-PdlC-E1-20150720,2,1396253,Sibbaldia procumbens,63.557384
CBN-PdlC-E1-20150720,3,1392534,Gentiana acaulis,63.190365
CBN-PdlC-E1-20150810,1,1393200,Homogyne alpina,67.180283
CBN-PdlC-E1-20150810,2,1400101,Bartsia alpina,64.309494
CBN-PdlC-E1-20150810,3,1397475,Rhododendron ferrugineum,63.861122
CBN-PdlC-E1-20150831,1,1392608,Geum montanum,63.727455
CBN-PdlC-E1-20150831,2,1396253,Sibbaldia procumbens,63.426216
CBN-PdlC-E1-20150831,3,1390793,Carex curvula,63.090645
CBN-PdlC-E1-20160705,1,1393584,Linaria alpina,64.800377
CBN-PdlC-E1-20160705,2,1392608,Geum montanum,64.771271
CBN-PdlC-E1-20160705,3,1396253,Sibbaldia procumbens,64.379791
CBN-PdlC-E1-20160726,1,1396253,Sibbaldia procumbens,64.120369
CBN-PdlC-E1-20160726,2,1363618,Crassula multicava,60.481133
CBN-PdlC-E1-20160726,3,1392608,Geum montanum,60.004940
CBN-PdlC-E1-20170816,1,1392608,Geum montanum,63.997726
CBN-PdlC-E1-20170816,2,1396253,Sibbaldia procumbens,63.736599
CBN-PdlC-E1-20170816,3,1392541,Gentiana brachyphylla,62.910378
CBN-PdlC-E1-20170906,1,1396253,Sibbaldia procumbens,64.065811
CBN-PdlC-E1-20170906,2,1392608,Geum montanum,62.306190
CBN-PdlC-E1-20170906,3,1392541,Gentiana brachyphylla,62.258743
CBN-PdlC-E1-20180702,1,1396253,Sibbaldia procumbens,64.763611
CBN-PdlC-E1-20180702,2,1609716,Epilobium komarovianum,61.910625
CBN-PdlC-E1-20180702,3,1392534,Gentiana acaulis,60.431953
CBN-PdlC-E1-20180723,1,1396144,Sedum alpestre,64.811798
CBN-PdlC-E1-20180723,2,1392535,Gentiana alpina,63.900818
CBN-PdlC-E1-20180723,3,1392534,Gentiana acaulis,63.591888
CBN-PdlC-E1-20180815,1,1392608,Geum montanum,62.119339
CBN-PdlC-E1-20180815,2,1396253,Sibbaldia procumbens,60.833141
CBN-PdlC-E1-20180815,3,1427744,Cyperus brevifolius,60.575417
CBN-PdlC-E1-20180905,1,1396253,Sibbaldia procumbens,64.181549
CBN-PdlC-E1-20180905,2,1392608,Geum montanum,64.072868
CBN-PdlC-E1-20180905,3,1360299,Geum sylvaticum,61.939163
CBN-PdlC-E1-20190701,1,1396253,Sibbaldia procumbens,61.246807
CBN-PdlC-E1-20190701,2,1392047,Erigeron glaucus,59.736286
CBN-PdlC-E1-20190701,3,1744194,Bouteloua dactyloides,59.425873
CBN-PdlC-E1-20190812,1,1392534,Gentiana acaulis,65.021469
CBN-PdlC-E1-20190812,2,1392608,Geum montanum,64.740013
CBN-PdlC-E1-20190812,3,1396253,Sibbaldia procumbens,63.423210
CBN-PdlC-E1-20190909,1,1651427,Festuca summilusitana,64.078224
CBN-PdlC-E1-20190909,2,1412857,Omalotheca supina,63.520500
CBN-PdlC-E1-20190909,3,1395807,Salix herbacea,62.528065
CBN-PdlC-E1-20200629,1,1392608,Geum montanum,65.136154
CBN-PdlC-E1-20200629,2,1396253,Sibbaldia procumbens,64.482193
CBN-PdlC-E1-20200629,3,1396144,Sedum alpestre,63.261772
CBN-PdlC-E1-20200722,1,1392608,Geum montanum,67.592209
CBN-PdlC-E1-20200722,2,1394599,Pinguicula leptoceras,63.033501
CBN-PdlC-E1-20200722,3,1392067,Eriophorum vaginatum,63.003853
CBN-PdlC-E1-20200812,1,1392608,Geum montanum,64.869003
CBN-PdlC-E1-20200812,2,1743471,Festuca glacialis,63.355106
CBN-PdlC-E1-20200812,3,1390793,Carex curvula,62.730579
CBN-PdlC-E2-20130723,1,1397528,Cardamine bellidifolia,63.602036
CBN-PdlC-E2-20130723,2,1396253,Sibbaldia procumbens,63.572857
CBN-PdlC-E2-20130723,3,1393584,Linaria alpina,62.263786
CBN-PdlC-E2-20130807,1,1394599,Pinguicula leptoceras,64.171089
CBN-PdlC-E2-20130807,2,1397528,Cardamine bellidifolia,62.511097
CBN-PdlC-E2-20130807,3,1412857,Omalotheca supina,62.238731
CBN-PdlC-E2-20130903,1,1395870,Salix retusa,63.144138
CBN-PdlC-E2-20130903,2,1396144,Sedum alpestre,61.963867
CBN-PdlC-E2-20130903,3,1395807,Salix herbacea,61.735229
CBN-PdlC-E2-20140630,1,1396144,Sedum alpestre,63.218517
CBN-PdlC-E2-20140630,2,1396253,Sibbaldia procumbens,62.711540
CBN-PdlC-E2-20140630,3,1392241,Alchemilla pentaphyllea,61.327358
CBN-PdlC-E2-20140721,1,1396144,Sedum alpestre,65.088470
CBN-PdlC-E2-20140721,2,1397528,Cardamine bellidifolia,62.748825
CBN-PdlC-E2-20140721,3,1396253,Sibbaldia procumbens,62.517494
CBN-PdlC-E2-20140811,1,1396144,Sedum alpestre,67.339630
CBN-PdlC-E2-20140811,2,1392608,Geum montanum,66.203056
CBN-PdlC-E2-20140811,3,1412857,Omalotheca supina,64.286324
CBN-PdlC-E2-20140901,1,1396253,Sibbaldia procumbens,64.328209
CBN-PdlC-E2-20140901,2,1396144,Sedum alpestre,63.274834
CBN-PdlC-E2-20140901,3,1412857,Omalotheca supina,62.675770
CBN-PdlC-E2-20150720,1,1393584,Linaria alpina,66.215141
CBN-PdlC-E2-20150720,2,1396253,Sibbaldia procumbens,64.074936
CBN-PdlC-E2-20150720,3,1395807,Salix herbacea,62.914932
CBN-PdlC-E2-20150810,1,1412857,Omalotheca supina,64.327232
CBN-PdlC-E2-20150810,2,1742053,Omalotheca hoppeana,63.556587
CBN-PdlC-E2-20150810,3,1395807,Salix herbacea,62.853989
CBN-PdlC-E2-20150831,1,1395807,Salix herbacea,62.130608
CBN-PdlC-E2-20150831,2,1412857,Omalotheca supina,61.787300
CBN-PdlC-E2-20150831,3,1392352,Filago tyrrhenica,61.535492
CBN-PdlC-E2-20160705,1,1396253,Sibbaldia procumbens,65.484322
CBN-PdlC-E2-20160705,2,1393584,Linaria alpina,63.851189
CBN-PdlC-E2-20160705,3,1395807,Salix herbacea,62.819481
CBN-PdlC-E2-20160726,1,1412857,Omalotheca supina,62.383728
CBN-PdlC-E2-20160726,2,1395807,Salix herbacea,61.713623
CBN-PdlC-E2-20160726,3,1357608,Gnaphalium uliginosum,61.257263
CBN-PdlC-E2-20170816,1,1412857,Omalotheca supina,63.167892
CBN-PdlC-E2-20170816,2,1396253,Sibbaldia procumbens,62.267227
CBN-PdlC-E2-20170816,3,1395807,Salix herbacea,62.090187
CBN-PdlC-E2-20170906,1,1396253,Sibbaldia procumbens,63.298389
CBN-PdlC-E2-20170906,2,1412857,Omalotheca supina,63.204712
CBN-PdlC-E2-20170906,3,1395807,Salix herbacea,61.502319
CBN-PdlC-E2-20180702,1,1396253,Sibbaldia procumbens,62.800430
CBN-PdlC-E2-20180702,2,1396144,Sedum alpestre,61.891960
CBN-PdlC-E2-20180702,3,1394911,Primula integrifolia,61.528053
CBN-PdlC-E2-20180723,1,1396253,Sibbaldia procumbens,63.523094
CBN-PdlC-E2-20180723,2,1393584,Linaria alpina,62.432713
CBN-PdlC-E2-20180723,3,1395807,Salix herbacea,61.817574
CBN-PdlC-E2-20180815,1,1742053,Omalotheca hoppeana,64.731316
CBN-PdlC-E2-20180815,2,1396253,Sibbaldia procumbens,62.264877
CBN-PdlC-E2-20180815,3,1412857,Omalotheca supina,62.112389
CBN-PdlC-E2-20180905,1,1396253,Sibbaldia procumbens,64.104858
CBN-PdlC-E2-20180905,2,1412857,Omalotheca supina,63.777840
CBN-PdlC-E2-20180905,3,1395807,Salix herbacea,61.329876
CBN-PdlC-E2-20190701,1,1396253,Sibbaldia procumbens,63.064301
CBN-PdlC-E2-20190701,2,1394911,Primula integrifolia,62.448631
CBN-PdlC-E2-20190701,3,1395807,Salix herbacea,59.740135
CBN-PdlC-E2-20190812,1,1395807,Salix herbacea,62.173599
CBN-PdlC-E2-20190812,2,1397450,Orthilia secunda,62.115395
CBN-PdlC-E2-20190812,3,1412857,Omalotheca supina,60.052425
CBN-PdlC-E2-20190909,1,1396253,Sibbaldia procumbens,60.507362
CBN-PdlC-E2-20190909,2,1395807,Salix herbacea,60.271042
CBN-PdlC-E2-20190909,3,1390793,Carex curvula,60.092323
CBN-PdlC-E2-20200629,1,1396144,Sedum alpestre,64.376572
CBN-PdlC-E2-20200629,2,1396253,Sibbaldia procumbens,64.243568
CBN-PdlC-E2-20200629,3,1393584,Linaria alpina,61.610676
CBN-PdlC-E2-20200722,1,1412857,Omalotheca supina,66.135277
CBN-PdlC-E2-20200722,2,1396253,Sibbaldia procumbens,64.471283
CBN-PdlC-E2-20200722,3,1742053,Omalotheca hoppeana,64.468765
CBN-PdlC-E2-20200812,1,1412857,Omalotheca supina,63.634506
CBN-PdlC-E2-20200812,2,1396253,Sibbaldia procumbens,63.378609
CBN-PdlC-E2-20200812,3,1395807,Salix herbacea,63.016487
CBN-PdlC-E3-20130723,1,1396253,Sibbaldia procumbens,64.942116
CBN-PdlC-E3-20130723,2,1397430,Luzula sylvatica,63.031166
CBN-PdlC-E3-20130723,3,1388766,Botrychium simplex,60.787102
CBN-PdlC-E3-20130807,1,1396253,Sibbaldia procumbens,62.004368
CBN-PdlC-E3-20130807,2,1395807,Salix herbacea,60.051331
CBN-PdlC-E3-20130807,3,1407739,Bromus catharticus,59.940308
CBN-PdlC-E3-20130903,1,1395870,Salix retusa,63.912903
CBN-PdlC-E3-20130903,2,1396253,Sibbaldia procumbens,61.983963
CBN-PdlC-E3-20130903,3,1361106,Scirpoides holoschoenus,61.605385
CBN-PdlC-E3-20140630,1,1396253,Sibbaldia procumbens,61.843899
CBN-PdlC-E3-20140630,2,1363133,Triglochin striata,58.006329
CBN-PdlC-E3-20140630,3,1397528,Cardamine bellidifolia,56.947723
CBN-PdlC-E3-20140721,1,1396253,Sibbaldia procumbens,65.092613
CBN-PdlC-E3-20140721,2,1395807,Salix herbacea,61.825222
CBN-PdlC-E3-20140721,3,1397528,Cardamine bellidifolia,60.775063
CBN-PdlC-E3-20140811,1,1396253,Sibbaldia procumbens,65.029526
CBN-PdlC-E3-20140811,2,1397381,Euphrasia minima,63.946907
CBN-PdlC-E3-20140811,3,1395807,Salix herbacea,63.926140
CBN-PdlC-E3-20140901,1,1396253,Sibbaldia procumbens,63.888252
CBN-PdlC-E3-20140901,2,1395807,Salix herbacea,60.438171
CBN-PdlC-E3-20140901,3,1360748,Hydrocotyle vulgaris,58.729992
CBN-PdlC-E3-20150701,1,1396253,Sibbaldia procumbens,64.411400
CBN-PdlC-E3-20150701,2,1393200,Homogyne alpina,63.303726
CBN-PdlC-E3-20150701,3,1397528,Cardamine bellidifolia,61.399776
CBN-PdlC-E3-20150720,1,1394311,Oreochloa disticha,64.266060
CBN-PdlC-E3-20150720,2,1396253,Sibbaldia procumbens,62.979229
CBN-PdlC-E3-20150720,3,1397430,Luzula sylvatica,62.481052
CBN-PdlC-E3-20150810,1,1396253,Sibbaldia procumbens,62.240646
CBN-PdlC-E3-20150810,2,1397381,Euphrasia minima,61.690704
CBN-PdlC-E3-20150810,3,1397386,Festuca scabriculmis,61.539814
CBN-PdlC-E3-20150831,1,1397386,Festuca scabriculmis,63.429607
CBN-PdlC-E3-20150831,2,1396253,Sibbaldia procumbens,62.986294
CBN-PdlC-E3-20150831,3,1392293,Festuca eskia,62.126038
CBN-PdlC-E3-20160705,1,1393200,Homogyne alpina,64.949730
CBN-PdlC-E3-20160705,2,1396253,Sibbaldia procumbens,64.641464
CBN-PdlC-E3-20160705,3,1395807,Salix herbacea,62.022736
CBN-PdlC-E3-20160726,1,1396253,Sibbaldia procumbens,63.614006
CBN-PdlC-E3-20160726,2,1397381,Euphrasia minima,62.985626
CBN-PdlC-E3-20160726,3,1395807,Salix herbacea,62.216076
CBN-PdlC-E3-20170816,1,1396253,Sibbaldia procumbens,64.274994
CBN-PdlC-E3-20170816,2,1395807,Salix herbacea,60.257751
CBN-PdlC-E3-20170816,3,1390778,Carex brizoides,57.946091
CBN-PdlC-E3-20170906,1,1396253,Sibbaldia procumbens,63.104553
CBN-PdlC-E3-20170906,2,1394911,Primula integrifolia,58.525894
CBN-PdlC-E3-20170906,3,1495503,Tuberaria globulariifolia,58.028095
CBN-PdlC-E3-20180702,1,1396253,Sibbaldia procumbens,63.436203
CBN-PdlC-E3-20180702,2,1397430,Luzula sylvatica,60.601112
CBN-PdlC-E3-20180702,3,1358624,Centaurium erythraea,59.432224
CBN-PdlC-E3-20180723,1,1392241,Alchemilla pentaphyllea,63.363529
CBN-PdlC-E3-20180723,2,1396253,Sibbaldia procumbens,63.335815
CBN-PdlC-E3-20180723,3,1395807,Salix herbacea,59.675125
CBN-PdlC-E3-20180815,1,1396253,Sibbaldia procumbens,62.688808
CBN-PdlC-E3-20180815,2,1397381,Euphrasia minima,62.596169
CBN-PdlC-E3-20180815,3,1397386,Festuca scabriculmis,60.306519
CBN-PdlC-E3-20180905,1,1396253,Sibbaldia procumbens,63.739895
CBN-PdlC-E3-20180905,2,1397381,Euphrasia minima,61.191772
CBN-PdlC-E3-20180905,3,1392534,Gentiana acaulis,61.137150
CBN-PdlC-E3-20190701,1,1396253,Sibbaldia procumbens,63.384773
CBN-PdlC-E3-20190701,2,1359750,Oxalis acetosella,60.993080
CBN-PdlC-E3-20190701,3,1394311,Oreochloa disticha,58.734577
CBN-PdlC-E3-20190812,1,1396253,Sibbaldia procumbens,63.948547
CBN-PdlC-E3-20190812,2,1395807,Salix herbacea,61.491066
CBN-PdlC-E3-20190812,3,1397381,Euphrasia minima,61.449623
CBN-PdlC-E3-20190909,1,1392059,Eriophorum angustifolium,63.034592
CBN-PdlC-E3-20190909,2,1396253,Sibbaldia procumbens,61.884697
CBN-PdlC-E3-20190909,3,1396970,Vaccinium uliginosum,59.872364
CBN-PdlC-E3-20200629,1,1396253,Sibbaldia procumbens,64.325859
CBN-PdlC-E3-20200629,2,1361592,Luzula campestris,62.672905
CBN-PdlC-E3-20200629,3,1392541,Gentiana brachyphylla,60.718048
CBN-PdlC-E3-20200722,1,1396253,Sibbaldia procumbens,64.845779
CBN-PdlC-E3-20200722,2,1395807,Salix herbacea,61.733673
CBN-PdlC-E3-20200722,3,1392352,Filago tyrrhenica,61.723297
CBN-PdlC-E3-20200812,1,1396253,Sibbaldia procumbens,63.896072
CBN-PdlC-E3-20200812,2,1392059,Eriophorum angustifolium,62.232433
CBN-PdlC-E3-20200812,3,1395807,Salix herbacea,61.184151
CBN-PdlC-E4-20130807,1,1392608,Geum montanum,62.816219
CBN-PdlC-E4-20130807,2,1396253,Sibbaldia procumbens,62.812347
CBN-PdlC-E4-20130807,3,1395807,Salix herbacea,60.807934
CBN-PdlC-E4-20130903,1,1396253,Sibbaldia procumbens,64.309822
CBN-PdlC-E4-20130903,2,1392608,Geum montanum,62.782005
CBN-PdlC-E4-20130903,3,1396843,Trifolium alpinum,59.947086
CBN-PdlC-E4-20140630,1,1396253,Sibbaldia procumbens,63.911636
CBN-PdlC-E4-20140630,2,1397430,Luzula sylvatica,57.644531
CBN-PdlC-E4-20140630,3,1361367,Poa alpina,57.598473
CBN-PdlC-E4-20140721,1,1396253,Sibbaldia procumbens,65.538361
CBN-PdlC-E4-20140721,2,1392608,Geum montanum,63.068169
CBN-PdlC-E4-20140721,3,1395807,Salix herbacea,61.673470
CBN-PdlC-E4-20140811,1,1743456,Carex macrostylos,65.987289
CBN-PdlC-E4-20140811,2,1396253,Sibbaldia procumbens,64.335320
CBN-PdlC-E4-20140811,3,1395807,Salix herbacea,63.983200
CBN-PdlC-E4-20140901,1,1396253,Sibbaldia procumbens,65.546516
CBN-PdlC-E4-20140901,2,1392608,Geum montanum,62.679970
CBN-PdlC-E4-20140901,3,1393494,Leucanthemopsis alpina,62.337608
CBN-PdlC-E4-20150701,1,1396253,Sibbaldia procumbens,64.829376
CBN-PdlC-E4-20150701,2,1397430,Luzula sylvatica,63.092113
CBN-PdlC-E4-20150701,3,1392608,Geum montanum,62.966167
CBN-PdlC-E4-20150720,1,1396843,Trifolium alpinum,65.301300
CBN-PdlC-E4-20150720,2,1396253,Sibbaldia procumbens,64.056549
CBN-PdlC-E4-20150720,3,1397381,Euphrasia minima,63.746689
CBN-PdlC-E4-20150810,1,1396253,Sibbaldia procumbens,64.175926
CBN-PdlC-E4-20150810,2,1393200,Homogyne alpina,62.764824
CBN-PdlC-E4-20150810,3,1392260,Festuca alpina,62.674438
CBN-PdlC-E4-20160705,1,1396253,Sibbaldia procumbens,64.698280
CBN-PdlC-E4-20160705,2,1361592,Luzula campestris,63.157700
CBN-PdlC-E4-20160705,3,1392608,Geum montanum,62.203018
CBN-PdlC-E4-20160726,1,1396253,Sibbaldia procumbens,61.523392
CBN-PdlC-E4-20160726,2,1393224,Hydrocotyle bonariensis,58.924847
CBN-PdlC-E4-20160726,3,1360130,Rumex lunaria,58.626564
CBN-PdlC-E4-20170816,1,1396253,Sibbaldia procumbens,62.738842
CBN-PdlC-E4-20170816,2,1396843,Trifolium alpinum,62.137779
CBN-PdlC-E4-20170816,3,1393339,Juncus imbricatus,58.426399
CBN-PdlC-E4-20170906,1,1396253,Sibbaldia procumbens,63.684208
CBN-PdlC-E4-20170906,2,1393494,Leucanthemopsis alpina,61.827625
CBN-PdlC-E4-20170906,3,1396843,Trifolium alpinum,59.980225
CBN-PdlC-E4-20180702,1,1396253,Sibbaldia procumbens,63.635345
CBN-PdlC-E4-20180702,2,1361592,Luzula campestris,60.732944
CBN-PdlC-E4-20180702,3,1393681,Luzula luzuloides,60.396420
CBN-PdlC-E4-20180723,1,1397279,Alchemilla alpina,61.640629
CBN-PdlC-E4-20180723,2,1392608,Geum montanum,61.029488
CBN-PdlC-E4-20180723,3,1396253,Sibbaldia procumbens,60.874413
CBN-PdlC-E4-20180815,1,1396253,Sibbaldia procumbens,63.533543
CBN-PdlC-E4-20180815,2,1393494,Leucanthemopsis alpina,63.310532
CBN-PdlC-E4-20180815,3,1393659,Luzula alpina,61.141350
CBN-PdlC-E4-20180905,1,1396253,Sibbaldia procumbens,63.082481
CBN-PdlC-E4-20180905,2,1392608,Geum montanum,62.688099
CBN-PdlC-E4-20180905,3,1393494,Leucanthemopsis alpina,62.601761
CBN-PdlC-E4-20190701,1,1392241,Alchemilla pentaphyllea,62.378048
CBN-PdlC-E4-20190701,2,1396253,Sibbaldia procumbens,62.269073
CBN-PdlC-E4-20190701,3,1397430,Luzula sylvatica,62.017101
CBN-PdlC-E4-20190812,1,1395807,Salix herbacea,58.756001
CBN-PdlC-E4-20190812,2,1363409,Themeda triandra,58.398476
CBN-PdlC-E4-20190812,3,1392666,Gymnadenia odoratissima,57.206905
CBN-PdlC-E4-20190909,1,1396843,Trifolium alpinum,61.853664
CBN-PdlC-E4-20190909,2,1392608,Geum montanum,61.819447
CBN-PdlC-E4-20190909,3,1396253,Sibbaldia procumbens,61.432560
CBN-PdlC-E4-20200629,1,1396253,Sibbaldia procumbens,64.174385
CBN-PdlC-E4-20200629,2,1392608,Geum montanum,61.744797
CBN-PdlC-E4-20200629,3,1397430,Luzula sylvatica,61.646347
CBN-PdlC-E4-20200722,1,1392608,Geum montanum,64.525192
CBN-PdlC-E4-20200722,2,1396253,Sibbaldia procumbens,64.328857
CBN-PdlC-E4-20200722,3,1393681,Luzula luzuloides,61.356422
CBN-PdlC-E4-20200812,1,1396253,Sibbaldia procumbens,63.110168
CBN-PdlC-E4-20200812,2,1392059,Eriophorum angustifolium,62.315140
CBN-PdlC-E4-20200812,3,1395807,Salix herbacea,62.035492
CBN-PdlC-E5-20130723,1,1393200,Homogyne alpina,64.660637
CBN-PdlC-E5-20130723,2,1392608,Geum montanum,60.989544
CBN-PdlC-E5-20130723,3,1392534,Gentiana acaulis,60.796753
CBN-PdlC-E5-20130807,1,1393200,Homogyne alpina,62.577847
CBN-PdlC-E5-20130807,2,1392608,Geum montanum,62.432404
CBN-PdlC-E5-20130807,3,1396253,Sibbaldia procumbens,59.378918
CBN-PdlC-E5-20130903,1,1392632,Globularia repens,62.186352
CBN-PdlC-E5-20130903,2,1393200,Homogyne alpina,60.922829
CBN-PdlC-E5-20130903,3,1396843,Trifolium alpinum,60.913124
CBN-PdlC-E5-20140630,1,1393200,Homogyne alpina,64.263428
CBN-PdlC-E5-20140630,2,1392608,Geum montanum,62.374348
CBN-PdlC-E5-20140630,3,1360299,Geum sylvaticum,59.792782
CBN-PdlC-E5-20140721,1,1392608,Geum montanum,65.590500
CBN-PdlC-E5-20140721,2,1396253,Sibbaldia procumbens,64.516548
CBN-PdlC-E5-20140721,3,1393494,Leucanthemopsis alpina,63.843990
CBN-PdlC-E5-20140811,1,1393200,Homogyne alpina,65.450806
CBN-PdlC-E5-20140811,2,1361367,Poa alpina,63.772125
CBN-PdlC-E5-20140811,3,1394311,Oreochloa disticha,63.651314
CBN-PdlC-E5-20150720,1,1392608,Geum montanum,66.642288
CBN-PdlC-E5-20150720,2,1392534,Gentiana acaulis,64.979790
CBN-PdlC-E5-20150720,3,1396253,Sibbaldia procumbens,63.722404
CBN-PdlC-E5-20150810,1,1396253,Sibbaldia procumbens,63.932533
CBN-PdlC-E5-20150810,2,1392608,Geum montanum,63.476570
CBN-PdlC-E5-20150810,3,1393200,Homogyne alpina,62.148335
CBN-PdlC-E5-20150831,1,1393200,Homogyne alpina,65.892456
CBN-PdlC-E5-20150831,2,1396253,Sibbaldia procumbens,65.050026
CBN-PdlC-E5-20150831,3,1392611,Geum pyrenaicum,64.617432
CBN-PdlC-E5-20160705,1,1392608,Geum montanum,64.115669
CBN-PdlC-E5-20160705,2,1393200,Homogyne alpina,63.793594
CBN-PdlC-E5-20160705,3,1396253,Sibbaldia procumbens,62.829739
CBN-PdlC-E5-20160726,1,1392608,Geum montanum,65.802628
CBN-PdlC-E5-20160726,2,1361367,Poa alpina,64.441879
CBN-PdlC-E5-20160726,3,1396253,Sibbaldia procumbens,62.307037
CBN-PdlC-E5-20170816,1,1392608,Geum montanum,65.269119
CBN-PdlC-E5-20170816,2,1396253,Sibbaldia procumbens,64.154816
CBN-PdlC-E5-20170816,3,1396843,Trifolium alpinum,62.379646
CBN-PdlC-E5-20170906,1,1393200,Homogyne alpina,66.386223
CBN-PdlC-E5-20170906,2,1392608,Geum montanum,63.726551
CBN-PdlC-E5-20170906,3,1396253,Sibbaldia procumbens,63.404560
CBN-PdlC-E5-20180702,1,1393200,Homogyne alpina,64.986511
CBN-PdlC-E5-20180702,2,1396253,Sibbaldia procumbens,63.178864
CBN-PdlC-E5-20180702,3,1392608,Geum montanum,61.822197
CBN-PdlC-E5-20180723,1,1396253,Sibbaldia procumbens,63.369431
CBN-PdlC-E5-20180723,2,1396843,Trifolium alpinum,62.721786
CBN-PdlC-E5-20180723,3,1393200,Homogyne alpina,62.612865
CBN-PdlC-E5-20180815,1,1396843,Trifolium alpinum,64.147301
CBN-PdlC-E5-20180815,2,1396253,Sibbaldia procumbens,61.651604
CBN-PdlC-E5-20180815,3,1392608,Geum montanum,61.320129
CBN-PdlC-E5-20180905,1,1396253,Sibbaldia procumbens,63.386894
CBN-PdlC-E5-20180905,2,1392608,Geum montanum,62.671371
CBN-PdlC-E5-20180905,3,1360748,Hydrocotyle vulgaris,61.740643
CBN-PdlC-E5-20190722,1,1393200,Homogyne alpina,63.394707
CBN-PdlC-E5-20190722,2,1396253,Sibbaldia procumbens,63.024567
CBN-PdlC-E5-20190722,3,1392608,Geum montanum,62.742954
CBN-PdlC-E5-20190812,1,1392608,Geum montanum,65.163208
CBN-PdlC-E5-20190812,2,1396253,Sibbaldia procumbens,62.942806
CBN-PdlC-E5-20190812,3,1393200,Homogyne alpina,62.211262
CBN-PdlC-E5-20190909,1,1393200,Homogyne alpina,64.791885
CBN-PdlC-E5-20190909,2,1396253,Sibbaldia procumbens,64.234077
CBN-PdlC-E5-20190909,3,1392608,Geum montanum,64.001198
CBN-PdlC-E5-20200629,1,1393200,Homogyne alpina,66.191597
CBN-PdlC-E5-20200629,2,1396253,Sibbaldia procumbens,64.017365
CBN-PdlC-E5-20200629,3,1392608,Geum montanum,62.902782
CBN-PdlC-E5-20200722,1,1393200,Homogyne alpina,64.962334
CBN-PdlC-E5-20200722,2,1396843,Trifolium alpinum,64.531197
CBN-PdlC-E5-20200722,3,1392534,Gentiana acaulis,64.003830
CBN-PdlC-E5-20200812,1,1392608,Geum montanum,65.108612
CBN-PdlC-E5-20200812,2,1396253,Sibbaldia procumbens,64.039566
CBN-PdlC-E5-20200812,3,1393200,Homogyne alpina,63.855835
CBN-PdlC-E6-20130723,1,1393494,Leucanthemopsis alpina,62.183933
CBN-PdlC-E6-20130723,2,1397528,Cardamine bellidifolia,61.812141
CBN-PdlC-E6-20130723,3,1392608,Geum montanum,61.390854
CBN-PdlC-E6-20130807,1,1396843,Trifolium alpinum,61.425934
CBN-PdlC-E6-20130807,2,1396253,Sibbaldia procumbens,60.909634
CBN-PdlC-E6-20130807,3,1390793,Carex curvula,60.465134
CBN-PdlC-E6-20130903,1,1390793,Carex curvula,64.555382
CBN-PdlC-E6-20130903,2,1393200,Homogyne alpina,61.943863
CBN-PdlC-E6-20130903,3,1396843,Trifolium alpinum,61.566841
CBN-PdlC-E6-20140630,1,1359750,Oxalis acetosella,63.745926
CBN-PdlC-E6-20140630,2,1393200,Homogyne alpina,62.878925
CBN-PdlC-E6-20140630,3,1390761,Carex arenaria,60.003567
CBN-PdlC-E6-20140721,1,1396253,Sibbaldia procumbens,61.201965
CBN-PdlC-E6-20140721,2,1396843,Trifolium alpinum,59.848232
CBN-PdlC-E6-20140721,3,1397353,Claytonia perfoliata,59.501419
CBN-PdlC-E6-20140811,1,1396843,Trifolium alpinum,65.860245
CBN-PdlC-E6-20140811,2,1393200,Homogyne alpina,64.918343
CBN-PdlC-E6-20140811,3,1395807,Salix herbacea,64.462692
CBN-PdlC-E6-20150701,1,1392534,Gentiana acaulis,66.055748
CBN-PdlC-E6-20150701,2,1393200,Homogyne alpina,65.770142
CBN-PdlC-E6-20150701,3,1392535,Gentiana alpina,65.488327
CBN-PdlC-E6-20150720,1,1396843,Trifolium alpinum,64.123291
CBN-PdlC-E6-20150720,2,1392608,Geum montanum,60.219063
CBN-PdlC-E6-20150720,3,1395807,Salix herbacea,60.031639
CBN-PdlC-E6-20150810,1,1742053,Omalotheca hoppeana,63.108047
CBN-PdlC-E6-20150810,2,1392608,Geum montanum,62.491829
CBN-PdlC-E6-20150810,3,1396843,Trifolium alpinum,61.994274
CBN-PdlC-E6-20150831,1,1393200,Homogyne alpina,65.485046
CBN-PdlC-E6-20150831,2,1392608,Geum montanum,62.725094
CBN-PdlC-E6-20150831,3,1397497,Silene ciliata,61.431717
CBN-PdlC-E6-20160705,1,1392541,Gentiana brachyphylla,63.113964
CBN-PdlC-E6-20160705,2,1392612,Geum reptans,62.908257
CBN-PdlC-E6-20160705,3,1392608,Geum montanum,62.476151
CBN-PdlC-E6-20160726,1,1392534,Gentiana acaulis,67.868271
CBN-PdlC-E6-20160726,2,1392535,Gentiana alpina,64.807167
CBN-PdlC-E6-20160726,3,1392608,Geum montanum,64.593857
CBN-PdlC-E6-20170816,1,1396843,Trifolium alpinum,62.424274
CBN-PdlC-E6-20170816,2,1396253,Sibbaldia procumbens,60.453934
CBN-PdlC-E6-20170816,3,1392608,Geum montanum,59.846542
CBN-PdlC-E6-20170906,1,1396843,Trifolium alpinum,63.678963
CBN-PdlC-E6-20170906,2,1363543,Stenotaphrum secundatum,60.355404
CBN-PdlC-E6-20170906,3,1392534,Gentiana acaulis,59.722233
CBN-PdlC-E6-20180702,1,1392608,Geum montanum,62.040764
CBN-PdlC-E6-20180702,2,1392541,Gentiana brachyphylla,60.708221
CBN-PdlC-E6-20180702,3,1357220,Anthemis cretica,60.693642
CBN-PdlC-E6-20180723,1,1392535,Gentiana alpina,64.806244
CBN-PdlC-E6-20180723,2,1392534,Gentiana acaulis,63.839127
CBN-PdlC-E6-20180723,3,1392608,Geum montanum,63.532860
CBN-PdlC-E6-20180815,1,1393200,Homogyne alpina,65.000801
CBN-PdlC-E6-20180815,2,1396843,Trifolium alpinum,61.107410
CBN-PdlC-E6-20180815,3,1742053,Omalotheca hoppeana,60.718464
CBN-PdlC-E6-20180905,1,1393200,Homogyne alpina,67.282852
CBN-PdlC-E6-20180905,2,1396843,Trifolium alpinum,62.296360
CBN-PdlC-E6-20180905,3,1396253,Sibbaldia procumbens,61.155949
CBN-PdlC-E6-20190722,1,1362273,Cardamine resedifolia,65.328186
CBN-PdlC-E6-20190722,2,1393200,Homogyne alpina,64.939865
CBN-PdlC-E6-20190722,3,1390793,Carex curvula,63.876396
CBN-PdlC-E6-20190812,1,1360748,Hydrocotyle vulgaris,57.655067
CBN-PdlC-E6-20190812,2,1393224,Hydrocotyle bonariensis,57.561722
CBN-PdlC-E6-20190812,3,1391427,Crassula pubescens,57.445877
CBN-PdlC-E6-20190909,1,1390793,Carex curvula,63.731258
CBN-PdlC-E6-20190909,2,1392608,Geum montanum,62.862293
CBN-PdlC-E6-20190909,3,1396843,Trifolium alpinum,62.229137
CBN-PdlC-E6-20200629,1,1393200,Homogyne alpina,66.876724
CBN-PdlC-E6-20200629,2,1394911,Primula integrifolia,61.743736
CBN-PdlC-E6-20200629,3,1396253,Sibbaldia procumbens,61.110130
CBN-PdlC-E6-20200722,1,1393200,Homogyne alpina,65.274498
CBN-PdlC-E6-20200722,2,1396843,Trifolium alpinum,64.652596
CBN-PdlC-E6-20200722,3,1392534,Gentiana acaulis,64.627640
CBN-PdlC-E6-20200812,1,1393200,Homogyne alpina,64.323326
CBN-PdlC-E6-20200812,2,1396843,Trifolium alpinum,62.806995
CBN-PdlC-E6-20200812,3,1395807,Salix herbacea,62.008629
CBN-PdlC-F1-20130723,1,1392541,Gentiana brachyphylla,66.089371
CBN-PdlC-F1-20130723,2,1362273,Cardamine resedifolia,66.065742
CBN-PdlC-F1-20130723,3,1396144,Sedum alpestre,65.235809
CBN-PdlC-F1-20130807,1,1396144,Sedum alpestre,63.460815
CBN-PdlC-F1-20130807,2,1396253,Sibbaldia procumbens,62.321167
CBN-PdlC-F1-20130807,3,1392541,Gentiana brachyphylla,62.204304
CBN-PdlC-F1-20130903,1,1392534,Gentiana acaulis,65.423416
CBN-PdlC-F1-20130903,2,1392535,Gentiana alpina,63.209763
CBN-PdlC-F1-20130903,3,1392541,Gentiana brachyphylla,62.827141
CBN-PdlC-F1-20140630,1,1396144,Sedum alpestre,64.179169
CBN-PdlC-F1-20140630,2,1396253,Sibbaldia procumbens,63.456867
CBN-PdlC-F1-20140630,3,1392541,Gentiana brachyphylla,62.048424
CBN-PdlC-F1-20140721,1,1396144,Sedum alpestre,64.705795
CBN-PdlC-F1-20140721,2,1362273,Cardamine resedifolia,64.324776
CBN-PdlC-F1-20140721,3,1396253,Sibbaldia procumbens,63.769089
CBN-PdlC-F1-20140811,1,1396144,Sedum alpestre,67.455338
CBN-PdlC-F1-20140811,2,1397381,Euphrasia minima,66.098328
CBN-PdlC-F1-20140811,3,1392535,Gentiana alpina,65.474831
CBN-PdlC-F1-20140901,1,1412857,Omalotheca supina,65.649498
CBN-PdlC-F1-20140901,2,1742053,Omalotheca hoppeana,65.051163
CBN-PdlC-F1-20140901,3,1396144,Sedum alpestre,64.175720
CBN-PdlC-F1-20150701,1,1396144,Sedum alpestre,65.612167
CBN-PdlC-F1-20150701,2,1392534,Gentiana acaulis,65.462830
CBN-PdlC-F1-20150701,3,1392535,Gentiana alpina,65.275925
CBN-PdlC-F1-20150720,1,1742053,Omalotheca hoppeana,66.460983
CBN-PdlC-F1-20150720,2,1396144,Sedum alpestre,64.905411
CBN-PdlC-F1-20150720,3,1396253,Sibbaldia procumbens,64.802490
CBN-PdlC-F1-20150810,1,1396253,Sibbaldia procumbens,64.708679
CBN-PdlC-F1-20150810,2,1742053,Omalotheca hoppeana,64.136719
CBN-PdlC-F1-20150810,3,1412857,Omalotheca supina,63.665878
CBN-PdlC-F1-20150831,1,1412857,Omalotheca supina,64.224747
CBN-PdlC-F1-20150831,2,1396144,Sedum alpestre,63.983898
CBN-PdlC-F1-20150831,3,1396253,Sibbaldia procumbens,63.469769
CBN-PdlC-F1-20160705,1,1396253,Sibbaldia procumbens,65.730286
CBN-PdlC-F1-20160705,2,1396144,Sedum alpestre,64.331833
CBN-PdlC-F1-20160705,3,1395807,Salix herbacea,61.757408
CBN-PdlC-F1-20160726,1,1396144,Sedum alpestre,66.418228
CBN-PdlC-F1-20160726,2,1396253,Sibbaldia procumbens,65.631149
CBN-PdlC-F1-20160726,3,1395807,Salix herbacea,63.447311
CBN-PdlC-F1-20170816,1,1396144,Sedum alpestre,64.136002
CBN-PdlC-F1-20170816,2,1396253,Sibbaldia procumbens,63.720726
CBN-PdlC-F1-20170816,3,1395807,Salix herbacea,63.217659
CBN-PdlC-F1-20170906,1,1396253,Sibbaldia procumbens,65.434677
CBN-PdlC-F1-20170906,2,1396144,Sedum alpestre,63.741402
CBN-PdlC-F1-20170906,3,1394911,Primula integrifolia,63.456833
CBN-PdlC-F1-20180702,1,1396253,Sibbaldia procumbens,64.413841
CBN-PdlC-F1-20180702,2,1392541,Gentiana brachyphylla,61.945557
CBN-PdlC-F1-20180702,3,1396144,Sedum alpestre,61.285027
CBN-PdlC-F1-20180723,1,1396144,Sedum alpestre,64.386597
CBN-PdlC-F1-20180723,2,1396253,Sibbaldia procumbens,63.353802
CBN-PdlC-F1-20180723,3,1741880,Salix serpillifolia,62.977921
CBN-PdlC-F1-20180815,1,1396253,Sibbaldia procumbens,62.860291
CBN-PdlC-F1-20180815,2,1396180,Sempervivum montanum,62.739288
CBN-PdlC-F1-20180815,3,1397381,Euphrasia minima,61.694733
CBN-PdlC-F1-20180905,1,1392541,Gentiana brachyphylla,65.376450
CBN-PdlC-F1-20180905,2,1396253,Sibbaldia procumbens,64.490723
CBN-PdlC-F1-20180905,3,1412857,Omalotheca supina,63.684647
CBN-PdlC-F1-20190701,1,1396144,Sedum alpestre,63.201645
CBN-PdlC-F1-20190701,2,1396253,Sibbaldia procumbens,62.503330
CBN-PdlC-F1-20190701,3,1392541,Gentiana brachyphylla,61.975647
CBN-PdlC-F1-20190812,1,1396253,Sibbaldia procumbens,63.398842
CBN-PdlC-F1-20190812,2,1388766,Botrychium simplex,60.155571
CBN-PdlC-F1-20190812,3,1395807,Salix herbacea,59.105244
CBN-PdlC-F1-20190909,1,1396144,Sedum alpestre,63.760162
CBN-PdlC-F1-20190909,2,1396253,Sibbaldia procumbens,62.944733
CBN-PdlC-F1-20190909,3,1395807,Salix herbacea,62.203846
CBN-PdlC-F1-20200629,1,1392541,Gentiana brachyphylla,65.355156
CBN-PdlC-F1-20200629,2,1396144,Sedum alpestre,64.569420
CBN-PdlC-F1-20200629,3,1396253,Sibbaldia procumbens,64.300194
CBN-PdlC-F1-20200722,1,1393584,Linaria alpina,66.744904
CBN-PdlC-F1-20200722,2,1396144,Sedum alpestre,65.515732
CBN-PdlC-F1-20200722,3,1396843,Trifolium alpinum,64.276627
CBN-PdlC-F1-20200812,1,1396144,Sedum alpestre,64.741287
CBN-PdlC-F1-20200812,2,1396253,Sibbaldia procumbens,63.958351
CBN-PdlC-F1-20200812,3,1397381,Euphrasia minima,63.638245
CBN-PdlC-F2-20130723,1,1396253,Sibbaldia procumbens,65.235382
CBN-PdlC-F2-20130723,2,1397528,Cardamine bellidifolia,61.456444
CBN-PdlC-F2-20130723,3,1362273,Cardamine resedifolia,61.374290
CBN-PdlC-F2-20130807,1,1396253,Sibbaldia procumbens,64.589157
CBN-PdlC-F2-20130807,2,1412857,Omalotheca supina,64.399002
CBN-PdlC-F2-20130807,3,1741880,Salix serpillifolia,61.375023
CBN-PdlC-F2-20130903,1,1396253,Sibbaldia procumbens,64.660454
CBN-PdlC-F2-20130903,2,1741880,Salix serpillifolia,63.084366
CBN-PdlC-F2-20130903,3,1393200,Homogyne alpina,62.007168
CBN-PdlC-F2-20140630,1,1396253,Sibbaldia procumbens,64.470505
CBN-PdlC-F2-20140630,2,1396144,Sedum alpestre,63.489075
CBN-PdlC-F2-20140630,3,1392608,Geum montanum,63.472748
CBN-PdlC-F2-20140721,1,1396144,Sedum alpestre,67.532242
CBN-PdlC-F2-20140721,2,1396253,Sibbaldia procumbens,65.233719
CBN-PdlC-F2-20140721,3,1362273,Cardamine resedifolia,64.488480
CBN-PdlC-F2-20140811,1,1397381,Euphrasia minima,65.097618
CBN-PdlC-F2-20140811,2,1742053,Omalotheca hoppeana,64.886337
CBN-PdlC-F2-20140811,3,1412857,Omalotheca supina,64.111061
CBN-PdlC-F2-20140901,1,1412857,Omalotheca supina,65.479965
CBN-PdlC-F2-20140901,2,1361099,Isolepis cernua,63.262165
CBN-PdlC-F2-20140901,3,1742053,Omalotheca hoppeana,62.905312
CBN-PdlC-F2-20150701,1,1396253,Sibbaldia procumbens,64.459244
CBN-PdlC-F2-20150701,2,1397491,Sedum atratum,63.414352
CBN-PdlC-F2-20150701,3,1392608,Geum montanum,63.225155
CBN-PdlC-F2-20150720,1,1396253,Sibbaldia procumbens,63.712688
CBN-PdlC-F2-20150720,2,1395807,Salix herbacea,61.227337
CBN-PdlC-F2-20150720,3,1360985,Arisarum simorrhinum,60.665436
CBN-PdlC-F2-20150810,1,1412857,Omalotheca supina,64.048927
CBN-PdlC-F2-20150810,2,1396253,Sibbaldia procumbens,63.703556
CBN-PdlC-F2-20150810,3,1395807,Salix herbacea,63.663982
CBN-PdlC-F2-20150831,1,1396253,Sibbaldia procumbens,63.992950
CBN-PdlC-F2-20150831,2,1395807,Salix herbacea,63.155556
CBN-PdlC-F2-20150831,3,1412857,Omalotheca supina,62.840710
CBN-PdlC-F2-20160705,1,1396253,Sibbaldia procumbens,66.024292
CBN-PdlC-F2-20160705,2,1397528,Cardamine bellidifolia,62.782810
CBN-PdlC-F2-20160705,3,1395807,Salix herbacea,62.430550
CBN-PdlC-F2-20160726,1,1396253,Sibbaldia procumbens,64.428596
CBN-PdlC-F2-20160726,2,1363944,Malva neglecta,62.649078
CBN-PdlC-F2-20160726,3,1395807,Salix herbacea,62.354015
CBN-PdlC-F2-20170906,1,1396253,Sibbaldia procumbens,65.162376
CBN-PdlC-F2-20170906,2,1396843,Trifolium alpinum,63.957607
CBN-PdlC-F2-20170906,3,1392541,Gentiana brachyphylla,61.521172
CBN-PdlC-F2-20180702,1,1396253,Sibbaldia procumbens,63.951828
CBN-PdlC-F2-20180702,2,1412857,Omalotheca supina,62.231308
CBN-PdlC-F2-20180702,3,1394597,Pinguicula corsica,61.867336
CBN-PdlC-F2-20180723,1,1393584,Linaria alpina,65.349655
CBN-PdlC-F2-20180723,2,1396253,Sibbaldia procumbens,63.287033
CBN-PdlC-F2-20180723,3,1396144,Sedum alpestre,62.003490
CBN-PdlC-F2-20180815,1,1396253,Sibbaldia procumbens,63.536335
CBN-PdlC-F2-20180815,2,1397381,Euphrasia minima,63.046398
CBN-PdlC-F2-20180815,3,1396843,Trifolium alpinum,63.000530
CBN-PdlC-F2-20180905,1,1396144,Sedum alpestre,65.950317
CBN-PdlC-F2-20180905,2,1396253,Sibbaldia procumbens,64.240509
CBN-PdlC-F2-20180905,3,1412857,Omalotheca supina,62.751572
CBN-PdlC-F2-20190701,1,1396253,Sibbaldia procumbens,62.479424
CBN-PdlC-F2-20190701,2,1742052,Leontopodium nivale,61.073105
CBN-PdlC-F2-20190701,3,1392541,Gentiana brachyphylla,60.668900
CBN-PdlC-F2-20190812,1,1396253,Sibbaldia procumbens,63.865181
CBN-PdlC-F2-20190812,2,1395807,Salix herbacea,61.020359
CBN-PdlC-F2-20190812,3,1412857,Omalotheca supina,60.347576
CBN-PdlC-F2-20190909,1,1396253,Sibbaldia procumbens,64.663513
CBN-PdlC-F2-20190909,2,1396144,Sedum alpestre,64.116776
CBN-PdlC-F2-20190909,3,1392565,Gentiana terglouensis,62.212040
CBN-PdlC-F2-20200629,1,1396253,Sibbaldia procumbens,64.688011
CBN-PdlC-F2-20200629,2,1396144,Sedum alpestre,63.488697
CBN-PdlC-F2-20200629,3,1412857,Omalotheca supina,62.150963
CBN-PdlC-F2-20200722,1,1396144,Sedum alpestre,65.720566
CBN-PdlC-F2-20200722,2,1396253,Sibbaldia procumbens,64.193024
CBN-PdlC-F2-20200722,3,1392534,Gentiana acaulis,63.712543
CBN-PdlC-F2-20200812,1,1412857,Omalotheca supina,63.971786
CBN-PdlC-F2-20200812,2,1397381,Euphrasia minima,63.901493
CBN-PdlC-F2-20200812,3,1392541,Gentiana brachyphylla,62.913643
CBN-PdlC-F3-20130723,1,1393200,Homogyne alpina,63.076309
CBN-PdlC-F3-20130723,2,1668387,Rosa serafinii,60.455055
CBN-PdlC-F3-20130723,3,1356422,Botrychium lunaria,60.135231
CBN-PdlC-F3-20130807,1,1392608,Geum montanum,64.228584
CBN-PdlC-F3-20130807,2,1738658,Petrosedum forsterianum,61.509811
CBN-PdlC-F3-20130807,3,1396253,Sibbaldia procumbens,61.298485
CBN-PdlC-F3-20130903,1,1392608,Geum montanum,64.302231
CBN-PdlC-F3-20130903,2,1360748,Hydrocotyle vulgaris,63.283218
CBN-PdlC-F3-20130903,3,1396253,Sibbaldia procumbens,62.068920
CBN-PdlC-F3-20140630,1,1392608,Geum montanum,63.716057
CBN-PdlC-F3-20140630,2,1360299,Geum sylvaticum,58.593071
CBN-PdlC-F3-20140630,3,1392611,Geum pyrenaicum,57.915421
CBN-PdlC-F3-20140721,1,1392608,Geum montanum,62.975586
CBN-PdlC-F3-20140721,2,1397528,Cardamine bellidifolia,62.757973
CBN-PdlC-F3-20140721,3,1396253,Sibbaldia procumbens,62.405472
CBN-PdlC-F3-20140811,1,1392608,Geum montanum,65.891014
CBN-PdlC-F3-20140811,2,1395807,Salix herbacea,64.616562
CBN-PdlC-F3-20140811,3,1397381,Euphrasia minima,64.395203
CBN-PdlC-F3-20140901,1,1396253,Sibbaldia procumbens,63.157303
CBN-PdlC-F3-20140901,2,1392608,Geum montanum,62.865795
CBN-PdlC-F3-20140901,3,1395807,Salix herbacea,61.518600
CBN-PdlC-F3-20150701,1,1392608,Geum montanum,63.942970
CBN-PdlC-F3-20150701,2,1396253,Sibbaldia procumbens,62.432381
CBN-PdlC-F3-20150701,3,1622914,Gymnadenia rhellicani,62.289066
CBN-PdlC-F3-20150720,1,1392608,Geum montanum,65.001869
CBN-PdlC-F3-20150720,2,1396253,Sibbaldia procumbens,62.686615
CBN-PdlC-F3-20150720,3,1390793,Carex curvula,61.863174
CBN-PdlC-F3-20150810,1,1396253,Sibbaldia procumbens,63.044456
CBN-PdlC-F3-20150810,2,1651162,Festuca guestfalica,61.804157
CBN-PdlC-F3-20150810,3,1412857,Omalotheca supina,61.672314
CBN-PdlC-F3-20150831,1,1392608,Geum montanum,64.146805
CBN-PdlC-F3-20150831,2,1396253,Sibbaldia procumbens,63.459000
CBN-PdlC-F3-20150831,3,1412857,Omalotheca supina,62.474159
CBN-PdlC-F3-20160705,1,1393659,Luzula alpina,65.015778
CBN-PdlC-F3-20160705,2,1361592,Luzula campestris,63.235207
CBN-PdlC-F3-20160705,3,1412857,Omalotheca supina,62.991707
CBN-PdlC-F3-20160726,1,1395807,Salix herbacea,61.399048
CBN-PdlC-F3-20160726,2,1392608,Geum montanum,61.002174
CBN-PdlC-F3-20160726,3,1394643,Antennaria dioica,59.869709
CBN-PdlC-F3-20170816,1,1396253,Sibbaldia procumbens,60.722614
CBN-PdlC-F3-20170816,2,1392608,Geum montanum,59.736351
CBN-PdlC-F3-20170816,3,1495503,Tuberaria globulariifolia,58.766312
CBN-PdlC-F3-20170906,1,1396253,Sibbaldia procumbens,61.261200
CBN-PdlC-F3-20170906,2,1392608,Geum montanum,60.569885
CBN-PdlC-F3-20170906,3,1395000,Pyrola minor,59.856369
CBN-PdlC-F3-20180702,1,1393200,Homogyne alpina,64.412483
CBN-PdlC-F3-20180702,2,1393681,Luzula luzuloides,61.301880
CBN-PdlC-F3-20180702,3,1363543,Stenotaphrum secundatum,61.213860
CBN-PdlC-F3-20180723,1,1412857,Omalotheca supina,62.881229
CBN-PdlC-F3-20180723,2,1392534,Gentiana acaulis,61.685680
CBN-PdlC-F3-20180723,3,1393619,Logfia minima,60.579353
CBN-PdlC-F3-20180815,1,1388766,Botrychium simplex,62.177933
CBN-PdlC-F3-20180815,2,1356422,Botrychium lunaria,60.584305
CBN-PdlC-F3-20180815,3,1394311,Oreochloa disticha,59.883400
CBN-PdlC-F3-20180905,1,1392608,Geum montanum,63.114643
CBN-PdlC-F3-20180905,2,1396253,Sibbaldia procumbens,61.985584
CBN-PdlC-F3-20180905,3,1651427,Festuca summilusitana,60.787666
CBN-PdlC-F3-20190701,1,1389986,Dioscorea chouardii,61.589180
CBN-PdlC-F3-20190701,2,1393708,Lysimachia nummularia,60.564659
CBN-PdlC-F3-20190701,3,1393200,Homogyne alpina,60.204895
CBN-PdlC-F3-20190722,1,1395807,Salix herbacea,64.102524
CBN-PdlC-F3-20190722,2,1393659,Luzula alpina,63.704788
CBN-PdlC-F3-20190722,3,1392608,Geum montanum,63.368118
CBN-PdlC-F3-20190812,1,1392608,Geum montanum,64.558968
CBN-PdlC-F3-20190812,2,1395807,Salix herbacea,62.732300
CBN-PdlC-F3-20190812,3,1396253,Sibbaldia procumbens,62.485817
CBN-PdlC-F3-20190909,1,1396253,Sibbaldia procumbens,63.866905
CBN-PdlC-F3-20190909,2,1392059,Eriophorum angustifolium,62.903000
CBN-PdlC-F3-20190909,3,1397386,Festuca scabriculmis,60.826035
CBN-PdlC-F3-20200629,1,1392608,Geum montanum,65.719368
CBN-PdlC-F3-20200629,2,1393200,Homogyne alpina,65.272346
CBN-PdlC-F3-20200629,3,1396253,Sibbaldia procumbens,64.014099
CBN-PdlC-F3-20200722,1,1392608,Geum montanum,64.124863
CBN-PdlC-F3-20200722,2,1397430,Luzula sylvatica,63.429123
CBN-PdlC-F3-20200722,3,1396253,Sibbaldia procumbens,61.915642
CBN-PdlC-F3-20200812,1,1359697,Euphrasia willkommii,62.001602
CBN-PdlC-F3-20200812,2,1395807,Salix herbacea,61.964561
CBN-PdlC-F3-20200812,3,1397381,Euphrasia minima,60.261929
CBN-PdlC-F4-20130723,1,1393200,Homogyne alpina,66.129547
CBN-PdlC-F4-20130723,2,1396253,Sibbaldia procumbens,64.441017
CBN-PdlC-F4-20130723,3,1397500,Soldanella alpina,61.162163
CBN-PdlC-F4-20130807,1,1392608,Geum montanum,65.453468
CBN-PdlC-F4-20130807,2,1393200,Homogyne alpina,63.366215
CBN-PdlC-F4-20130807,3,1396843,Trifolium alpinum,62.395008
CBN-PdlC-F4-20130903,1,1394542,Phyteuma hemisphaericum,68.753319
CBN-PdlC-F4-20130903,2,1393200,Homogyne alpina,64.461555
CBN-PdlC-F4-20130903,3,1392608,Geum montanum,63.276855
CBN-PdlC-F4-20140630,1,1393200,Homogyne alpina,67.459923
CBN-PdlC-F4-20140630,2,1392608,Geum montanum,63.186661
CBN-PdlC-F4-20140630,3,1396253,Sibbaldia procumbens,62.978371
CBN-PdlC-F4-20140811,1,1393200,Homogyne alpina,65.977997
CBN-PdlC-F4-20140811,2,1360299,Geum sylvaticum,63.486797
CBN-PdlC-F4-20140811,3,1396843,Trifolium alpinum,63.135437
CBN-PdlC-F4-20140901,1,1393200,Homogyne alpina,64.249954
CBN-PdlC-F4-20140901,2,1396253,Sibbaldia procumbens,63.038212
CBN-PdlC-F4-20140901,3,1392608,Geum montanum,62.939873
CBN-PdlC-F4-20150701,1,1394311,Oreochloa disticha,65.455711
CBN-PdlC-F4-20150701,2,1392608,Geum montanum,64.471634
CBN-PdlC-F4-20150701,3,1396253,Sibbaldia procumbens,64.026527
CBN-PdlC-F4-20150720,1,1396253,Sibbaldia procumbens,63.650963
CBN-PdlC-F4-20150720,2,1392608,Geum montanum,62.525410
CBN-PdlC-F4-20150720,3,1396843,Trifolium alpinum,62.369339
CBN-PdlC-F4-20150810,1,1392608,Geum montanum,64.751495
CBN-PdlC-F4-20150810,2,1393200,Homogyne alpina,64.057487
CBN-PdlC-F4-20150810,3,1396843,Trifolium alpinum,63.758144
CBN-PdlC-F4-20150831,1,1393200,Homogyne alpina,67.014008
CBN-PdlC-F4-20150831,2,1392608,Geum montanum,63.670403
CBN-PdlC-F4-20150831,3,1396253,Sibbaldia procumbens,62.918396
CBN-PdlC-F4-20160705,1,1392608,Geum montanum,64.772858
CBN-PdlC-F4-20160705,2,1393200,Homogyne alpina,64.654976
CBN-PdlC-F4-20160705,3,1397430,Luzula sylvatica,63.517746
CBN-PdlC-F4-20160726,1,1392608,Geum montanum,64.158623
CBN-PdlC-F4-20160726,2,1396843,Trifolium alpinum,64.010620
CBN-PdlC-F4-20160726,3,1396253,Sibbaldia procumbens,63.029003
CBN-PdlC-F4-20170816,1,1394366,Oxyria digyna,62.150433
CBN-PdlC-F4-20170816,2,1396843,Trifolium alpinum,61.921432
CBN-PdlC-F4-20170816,3,1392241,Alchemilla pentaphyllea,61.641441
CBN-PdlC-F4-20170906,1,1393200,Homogyne alpina,62.442089
CBN-PdlC-F4-20170906,2,1396253,Sibbaldia procumbens,62.012329
CBN-PdlC-F4-20170906,3,1362482,Phleum alpinum,61.459068
CBN-PdlC-F4-20180702,1,1393200,Homogyne alpina,66.007523
CBN-PdlC-F4-20180702,2,1397430,Luzula sylvatica,63.158924
CBN-PdlC-F4-20180702,3,1392608,Geum montanum,61.605419
CBN-PdlC-F4-20180723,1,1393200,Homogyne alpina,64.906494
CBN-PdlC-F4-20180723,2,1392608,Geum montanum,64.717201
CBN-PdlC-F4-20180723,3,1396843,Trifolium alpinum,63.016151
CBN-PdlC-F4-20180815,1,1393200,Homogyne alpina,65.721992
CBN-PdlC-F4-20180815,2,1392608,Geum montanum,63.919689
CBN-PdlC-F4-20180815,3,1396253,Sibbaldia procumbens,62.341545
CBN-PdlC-F4-20180905,1,1392608,Geum montanum,64.831879
CBN-PdlC-F4-20180905,2,1396253,Sibbaldia procumbens,64.199844
CBN-PdlC-F4-20180905,3,1393200,Homogyne alpina,62.880028
CBN-PdlC-F4-20190701,1,1393200,Homogyne alpina,67.087135
CBN-PdlC-F4-20190701,2,1392608,Geum montanum,64.434418
CBN-PdlC-F4-20190701,3,1392612,Geum reptans,62.460823
CBN-PdlC-F4-20190722,1,1393200,Homogyne alpina,64.835129
CBN-PdlC-F4-20190722,2,1396843,Trifolium alpinum,64.379478
CBN-PdlC-F4-20190722,3,1392608,Geum montanum,63.039597
CBN-PdlC-F4-20190812,1,1396253,Sibbaldia procumbens,62.697273
CBN-PdlC-F4-20190812,2,1392608,Geum montanum,62.052345
CBN-PdlC-F4-20190812,3,1397386,Festuca scabriculmis,61.873089
CBN-PdlC-F4-20190909,1,1392608,Geum montanum,64.639763
CBN-PdlC-F4-20190909,2,1396843,Trifolium alpinum,62.836380
CBN-PdlC-F4-20190909,3,1392059,Eriophorum angustifolium,61.023502
CBN-PdlC-F4-20200629,1,1393200,Homogyne alpina,65.756065
CBN-PdlC-F4-20200629,2,1392608,Geum montanum,65.105637
CBN-PdlC-F4-20200629,3,1397430,Luzula sylvatica,63.853668
CBN-PdlC-F4-20200722,1,1392608,Geum montanum,64.690277
CBN-PdlC-F4-20200722,2,1397430,Luzula sylvatica,62.352459
CBN-PdlC-F4-20200722,3,1393200,Homogyne alpina,62.143929
CBN-PdlC-F4-20200812,1,1392059,Eriophorum angustifolium,64.296974
CBN-PdlC-F4-20200812,2,1392608,Geum montanum,63.525635
CBN-PdlC-F4-20200812,3,1396253,Sibbaldia procumbens,63.312153
CBN-PdlC-F5-20130723,1,1396253,Sibbaldia procumbens,63.370987
CBN-PdlC-F5-20130723,2,1392608,Geum montanum,59.774467
CBN-PdlC-F5-20130723,3,1418688,Arctous alpina,59.266769
CBN-PdlC-F5-20130903,1,1392608,Geum montanum,65.588951
CBN-PdlC-F5-20130903,2,1396253,Sibbaldia procumbens,61.608105
CBN-PdlC-F5-20130903,3,1396843,Trifolium alpinum,61.313625
CBN-PdlC-F5-20140630,1,1396253,Sibbaldia procumbens,63.564224
CBN-PdlC-F5-20140630,2,1392608,Geum montanum,63.439163
CBN-PdlC-F5-20140630,3,1392611,Geum pyrenaicum,61.022888
CBN-PdlC-F5-20140721,1,1392608,Geum montanum,66.109657
CBN-PdlC-F5-20140721,2,1396253,Sibbaldia procumbens,64.821053
CBN-PdlC-F5-20140721,3,1396843,Trifolium alpinum,62.963890
CBN-PdlC-F5-20140811,1,1392608,Geum montanum,64.210213
CBN-PdlC-F5-20140811,2,1396253,Sibbaldia procumbens,63.680565
CBN-PdlC-F5-20140811,3,1396843,Trifolium alpinum,63.519253
CBN-PdlC-F5-20150701,1,1392608,Geum montanum,65.770973
CBN-PdlC-F5-20150701,2,1396253,Sibbaldia procumbens,64.477196
CBN-PdlC-F5-20150701,3,1396843,Trifolium alpinum,63.371231
CBN-PdlC-F5-20150720,1,1394548,Phyteuma orbiculare,65.549492
CBN-PdlC-F5-20150720,2,1392608,Geum montanum,65.021851
CBN-PdlC-F5-20150720,3,1394542,Phyteuma hemisphaericum,64.966850
CBN-PdlC-F5-20150810,1,1396253,Sibbaldia procumbens,63.499615
CBN-PdlC-F5-20150810,2,1392608,Geum montanum,63.358570
CBN-PdlC-F5-20150810,3,1396843,Trifolium alpinum,62.180077
CBN-PdlC-F5-20150831,1,1396253,Sibbaldia procumbens,63.438820
CBN-PdlC-F5-20150831,2,1396441,Armeria ruscinonensis,63.175529
CBN-PdlC-F5-20150831,3,1400017,Armeria linkiana,62.329700
CBN-PdlC-F5-20160705,1,1392608,Geum montanum,64.872253
CBN-PdlC-F5-20160705,2,1396253,Sibbaldia procumbens,64.253944
CBN-PdlC-F5-20160705,3,1390793,Carex curvula,61.483437
CBN-PdlC-F5-20160726,1,1396253,Sibbaldia procumbens,63.306824
CBN-PdlC-F5-20160726,2,1392608,Geum montanum,62.456787
CBN-PdlC-F5-20160726,3,1361367,Poa alpina,62.422539
CBN-PdlC-F5-20170816,1,1396253,Sibbaldia procumbens,63.532722
CBN-PdlC-F5-20170816,2,1396843,Trifolium alpinum,63.080536
CBN-PdlC-F5-20170816,3,1390793,Carex curvula,61.257359
CBN-PdlC-F5-20170906,1,1396253,Sibbaldia procumbens,64.135864
CBN-PdlC-F5-20170906,2,1396843,Trifolium alpinum,62.492722
CBN-PdlC-F5-20170906,3,1392608,Geum montanum,62.288048
CBN-PdlC-F5-20180702,1,1392608,Geum montanum,64.496407
CBN-PdlC-F5-20180702,2,1396253,Sibbaldia procumbens,64.271545
CBN-PdlC-F5-20180702,3,1396843,Trifolium alpinum,62.548920
CBN-PdlC-F5-20180723,1,1392608,Geum montanum,65.886833
CBN-PdlC-F5-20180723,2,1396253,Sibbaldia procumbens,63.351070
CBN-PdlC-F5-20180723,3,1396843,Trifolium alpinum,62.753735
CBN-PdlC-F5-20180815,1,1396253,Sibbaldia procumbens,62.083549
CBN-PdlC-F5-20180815,2,1396843,Trifolium alpinum,62.044067
CBN-PdlC-F5-20180815,3,1390793,Carex curvula,61.178955
CBN-PdlC-F5-20180905,1,1396253,Sibbaldia procumbens,64.008011
CBN-PdlC-F5-20180905,2,1396843,Trifolium alpinum,63.870258
CBN-PdlC-F5-20180905,3,1392608,Geum montanum,60.473907
CBN-PdlC-F5-20190722,1,1392608,Geum montanum,64.953049
CBN-PdlC-F5-20190722,2,1359508,Trifolium montanum,63.722572
CBN-PdlC-F5-20190722,3,1396253,Sibbaldia procumbens,63.079636
CBN-PdlC-F5-20190812,1,1392608,Geum montanum,62.893280
CBN-PdlC-F5-20190812,2,1360299,Geum sylvaticum,62.514450
CBN-PdlC-F5-20190812,3,1396253,Sibbaldia procumbens,62.034500
CBN-PdlC-F5-20190909,1,1396253,Sibbaldia procumbens,63.003593
CBN-PdlC-F5-20190909,2,1392608,Geum montanum,61.570713
CBN-PdlC-F5-20190909,3,1396843,Trifolium alpinum,60.936028
CBN-PdlC-F5-20200629,1,1392608,Geum montanum,63.951736
CBN-PdlC-F5-20200629,2,1396253,Sibbaldia procumbens,63.791245
CBN-PdlC-F5-20200629,3,1360299,Geum sylvaticum,62.169327
CBN-PdlC-F5-20200722,1,1396843,Trifolium alpinum,63.949921
CBN-PdlC-F5-20200722,2,1392608,Geum montanum,63.408653
CBN-PdlC-F5-20200722,3,1396253,Sibbaldia procumbens,63.232811
CBN-PdlC-F5-20200812,1,1390761,Carex arenaria,64.323738
CBN-PdlC-F5-20200812,2,1396253,Sibbaldia procumbens,63.393177
CBN-PdlC-F5-20200812,3,1396843,Trifolium alpinum,63.293571
CBN-PdlC-F6-20130723,1,1396843,Trifolium alpinum,61.196495
CBN-PdlC-F6-20130723,2,1357575,Filago carpetana,60.151062
CBN-PdlC-F6-20130723,3,1418612,Carex firma,60.136566
CBN-PdlC-F6-20130807,1,1393200,Homogyne alpina,62.714447
CBN-PdlC-F6-20130807,2,1390793,Carex curvula,62.478317
CBN-PdlC-F6-20130807,3,1396843,Trifolium alpinum,61.622082
CBN-PdlC-F6-20130903,1,1390793,Carex curvula,66.073654
CBN-PdlC-F6-20130903,2,1396843,Trifolium alpinum,60.915810
CBN-PdlC-F6-20130903,3,1390761,Carex arenaria,60.214317
CBN-PdlC-F6-20140630,1,1390793,Carex curvula,61.430115
CBN-PdlC-F6-20140630,2,1390761,Carex arenaria,61.257145
CBN-PdlC-F6-20140630,3,1390837,Carex humilis,60.461296
CBN-PdlC-F6-20140721,1,1393200,Homogyne alpina,63.076805
CBN-PdlC-F6-20140721,2,1392535,Gentiana alpina,62.929546
CBN-PdlC-F6-20140721,3,1392534,Gentiana acaulis,62.717495
CBN-PdlC-F6-20140811,1,1393200,Homogyne alpina,67.844330
CBN-PdlC-F6-20140811,2,1392535,Gentiana alpina,67.121078
CBN-PdlC-F6-20140811,3,1396843,Trifolium alpinum,65.304314
CBN-PdlC-F6-20150701,1,1393200,Homogyne alpina,67.893524
CBN-PdlC-F6-20150701,2,1392535,Gentiana alpina,64.451385
CBN-PdlC-F6-20150701,3,1392632,Globularia repens,62.683712
CBN-PdlC-F6-20150720,1,1394542,Phyteuma hemisphaericum,64.265450
CBN-PdlC-F6-20150720,2,1392608,Geum montanum,61.610161
CBN-PdlC-F6-20150720,3,1396843,Trifolium alpinum,61.243080
CBN-PdlC-F6-20150810,1,1392608,Geum montanum,63.280697
CBN-PdlC-F6-20150810,2,1361367,Poa alpina,62.226517
CBN-PdlC-F6-20150810,3,1396843,Trifolium alpinum,61.401054
CBN-PdlC-F6-20150831,1,1392608,Geum montanum,64.852112
CBN-PdlC-F6-20150831,2,1390793,Carex curvula,63.983429
CBN-PdlC-F6-20150831,3,1396843,Trifolium alpinum,61.683010
CBN-PdlC-F6-20160705,1,1397528,Cardamine bellidifolia,64.472992
CBN-PdlC-F6-20160705,2,1359079,Anagyris foetida,62.425537
CBN-PdlC-F6-20160705,3,1390793,Carex curvula,62.233185
CBN-PdlC-F6-20160726,1,1392534,Gentiana acaulis,65.944984
CBN-PdlC-F6-20160726,2,1392608,Geum montanum,64.589676
CBN-PdlC-F6-20160726,3,1394548,Phyteuma orbiculare,63.887810
CBN-PdlC-F6-20170816,1,1393200,Homogyne alpina,65.715759
CBN-PdlC-F6-20170816,2,1392608,Geum montanum,63.551064
CBN-PdlC-F6-20170816,3,1396843,Trifolium alpinum,63.085476
CBN-PdlC-F6-20170906,1,1392608,Geum montanum,62.948494
CBN-PdlC-F6-20170906,2,1396843,Trifolium alpinum,62.094452
CBN-PdlC-F6-20170906,3,1393200,Homogyne alpina,61.699154
CBN-PdlC-F6-20180702,1,1397279,Alchemilla alpina,61.162071
CBN-PdlC-F6-20180702,2,1390793,Carex curvula,60.746933
CBN-PdlC-F6-20180702,3,1396843,Trifolium alpinum,60.687035
CBN-PdlC-F6-20180723,1,1396843,Trifolium alpinum,62.860413
CBN-PdlC-F6-20180723,2,1395807,Salix herbacea,61.441536
CBN-PdlC-F6-20180723,3,1361367,Poa alpina,61.278175
CBN-PdlC-F6-20180815,1,1396843,Trifolium alpinum,62.180428
CBN-PdlC-F6-20180815,2,1741624,Lotus alpinus,61.238403
CBN-PdlC-F6-20180815,3,1396253,Sibbaldia procumbens,60.662140
CBN-PdlC-F6-20180905,1,1393200,Homogyne alpina,69.772964
CBN-PdlC-F6-20180905,2,1396843,Trifolium alpinum,63.063316
CBN-PdlC-F6-20180905,3,1647156,Armeria humilis,59.551846
CBN-PdlC-F6-20190722,1,1392541,Gentiana brachyphylla,64.879440
CBN-PdlC-F6-20190722,2,1390793,Carex curvula,64.579498
CBN-PdlC-F6-20190722,3,1392608,Geum montanum,63.212334
CBN-PdlC-F6-20190812,1,1396843,Trifolium alpinum,61.517700
CBN-PdlC-F6-20190812,2,1400017,Armeria linkiana,61.502117
CBN-PdlC-F6-20190812,3,1647156,Armeria humilis,61.066383
CBN-PdlC-F6-20190909,1,1393200,Homogyne alpina,64.171234
CBN-PdlC-F6-20190909,2,1394311,Oreochloa disticha,63.025620
CBN-PdlC-F6-20190909,3,1396843,Trifolium alpinum,62.781071
CBN-PdlC-F6-20200629,1,1393200,Homogyne alpina,63.620270
CBN-PdlC-F6-20200629,2,1390793,Carex curvula,61.605736
CBN-PdlC-F6-20200629,3,1392608,Geum montanum,61.348000
CBN-PdlC-F6-20200722,1,1390793,Carex curvula,66.171310
CBN-PdlC-F6-20200722,2,1393200,Homogyne alpina,65.889221
CBN-PdlC-F6-20200722,3,1392534,Gentiana acaulis,65.615868
CBN-PdlC-F6-20200812,1,1392534,Gentiana acaulis,65.078911
CBN-PdlC-F6-20200812,2,1393200,Homogyne alpina,64.995285
CBN-PdlC-F6-20200812,3,1390793,Carex curvula,63.894516
CBN-Pla-A1-20130808,1,1396253,Sibbaldia procumbens,64.449142
CBN-Pla-A1-20130808,2,1397475,Rhododendron ferrugineum,63.897411
CBN-Pla-A1-20130808,3,1395807,Salix herbacea,63.180946
CBN-Pla-A1-20130904,1,1397475,Rhododendron ferrugineum,64.432014
CBN-Pla-A1-20130904,2,1395807,Salix herbacea,63.093639
CBN-Pla-A1-20130904,3,1396253,Sibbaldia procumbens,61.932716
CBN-Pla-A1-20140722,1,1397475,Rhododendron ferrugineum,63.274521
CBN-Pla-A1-20140722,2,1396253,Sibbaldia procumbens,61.042366
CBN-Pla-A1-20140722,3,1395949,Saxifraga bryoides,60.318439
CBN-Pla-A1-20140812,1,1412857,Omalotheca supina,65.006348
CBN-Pla-A1-20140812,2,1397475,Rhododendron ferrugineum,64.517899
CBN-Pla-A1-20140812,3,1396144,Sedum alpestre,64.302399
CBN-Pla-A1-20140902,1,1397208,Viscaria alpina,60.382786
CBN-Pla-A1-20140902,2,1397475,Rhododendron ferrugineum,58.758308
CBN-Pla-A1-20140902,3,1724565,Hydrocharis laevigata,58.526886
CBN-Pla-A1-20150702,1,1396094,Arenaria biflora,59.205368
CBN-Pla-A1-20150702,2,1396253,Sibbaldia procumbens,59.202942
CBN-Pla-A1-20150702,3,1397475,Rhododendron ferrugineum,58.801376
CBN-Pla-A1-20150723,1,1397475,Rhododendron ferrugineum,63.111305
CBN-Pla-A1-20150723,2,1395807,Salix herbacea,61.628799
CBN-Pla-A1-20150723,3,1400176,Bistorta vivipara,61.433170
CBN-Pla-A1-20150811,1,1397475,Rhododendron ferrugineum,63.956955
CBN-Pla-A1-20150811,2,1395807,Salix herbacea,62.976990
CBN-Pla-A1-20150811,3,1412857,Omalotheca supina,62.352562
CBN-Pla-A1-20150901,1,1400176,Bistorta vivipara,65.021553
CBN-Pla-A1-20150901,2,1395807,Salix herbacea,63.243488
CBN-Pla-A1-20150901,3,1396253,Sibbaldia procumbens,63.075714
CBN-Pla-A1-20160707,1,1397475,Rhododendron ferrugineum,62.260399
CBN-Pla-A1-20160707,2,1357575,Filago carpetana,58.980801
CBN-Pla-A1-20160707,3,1412857,Omalotheca supina,58.908890
CBN-Pla-A1-20160728,1,1397475,Rhododendron ferrugineum,63.601368
CBN-Pla-A1-20160728,2,1397043,Veronica alpina,63.377155
CBN-Pla-A1-20160728,3,1395807,Salix herbacea,62.390190
CBN-Pla-A1-20180724,1,1397475,Rhododendron ferrugineum,64.180481
CBN-Pla-A1-20180724,2,1394643,Antennaria dioica,60.828560
CBN-Pla-A1-20180724,3,1359587,Pinguicula lusitanica,57.351059
CBN-Pla-A1-20180816,1,1396253,Sibbaldia procumbens,63.258072
CBN-Pla-A1-20180816,2,1397475,Rhododendron ferrugineum,62.139912
CBN-Pla-A1-20180816,3,1395807,Salix herbacea,61.417881
CBN-Pla-A1-20180906,1,1397475,Rhododendron ferrugineum,62.493622
CBN-Pla-A1-20180906,2,1412857,Omalotheca supina,61.793133
CBN-Pla-A1-20180906,3,1363630,Oxalis purpurea,60.056122
CBN-Pla-A1-20190723,1,1396253,Sibbaldia procumbens,63.259430
CBN-Pla-A1-20190723,2,1397475,Rhododendron ferrugineum,62.939804
CBN-Pla-A1-20190723,3,1395807,Salix herbacea,61.616535
CBN-Pla-A1-20190814,1,1397475,Rhododendron ferrugineum,63.661568
CBN-Pla-A1-20190814,2,1412857,Omalotheca supina,62.157314
CBN-Pla-A1-20190814,3,1396253,Sibbaldia procumbens,62.067421
CBN-Pla-A1-20200630,1,1366028,Utricularia subulata,54.279469
CBN-Pla-A1-20200630,2,1558119,Juncus minutulus,53.442463
CBN-Pla-A1-20200630,3,1741564,Carex aterrima,53.415199
CBN-Pla-A1-20200723,1,1400176,Bistorta vivipara,64.440735
CBN-Pla-A1-20200723,2,1397475,Rhododendron ferrugineum,63.346931
CBN-Pla-A1-20200723,3,1397043,Veronica alpina,63.087204
CBN-Pla-A1-20200814,1,1412857,Omalotheca supina,66.814262
CBN-Pla-A1-20200814,2,1392552,Gentiana nivalis,65.626007
CBN-Pla-A1-20200814,3,1742053,Omalotheca hoppeana,65.537262
CBN-Pla-A2-20130724,1,1396015,Saxifraga moschata,60.339043
CBN-Pla-A2-20130724,2,1397549,Saxifraga paniculata,60.137657
CBN-Pla-A2-20130724,3,1395949,Saxifraga bryoides,56.810070
CBN-Pla-A2-20130808,1,1396253,Sibbaldia procumbens,62.820408
CBN-Pla-A2-20130808,2,1395807,Salix herbacea,61.823826
CBN-Pla-A2-20130808,3,1412857,Omalotheca supina,60.274162
CBN-Pla-A2-20130904,1,1395973,Saxifraga exarata,63.967468
CBN-Pla-A2-20130904,2,1396015,Saxifraga moschata,63.716293
CBN-Pla-A2-20130904,3,1395807,Salix herbacea,62.556625
CBN-Pla-A2-20140722,1,1396015,Saxifraga moschata,63.017097
CBN-Pla-A2-20140722,2,1395949,Saxifraga bryoides,62.926533
CBN-Pla-A2-20140722,3,1396180,Sempervivum montanum,61.537350
CBN-Pla-A2-20140812,1,1396144,Sedum alpestre,64.386147
CBN-Pla-A2-20140812,2,1395949,Saxifraga bryoides,64.082458
CBN-Pla-A2-20140812,3,1396015,Saxifraga moschata,63.801373
CBN-Pla-A2-20140902,1,1396015,Saxifraga moschata,63.555351
CBN-Pla-A2-20140902,2,1361367,Poa alpina,63.423908
CBN-Pla-A2-20140902,3,1395973,Saxifraga exarata,62.819405
CBN-Pla-A2-20150702,1,1412857,Omalotheca supina,61.837276
CBN-Pla-A2-20150702,2,1396015,Saxifraga moschata,61.644123
CBN-Pla-A2-20150702,3,1395949,Saxifraga bryoides,61.202209
CBN-Pla-A2-20150723,1,1396015,Saxifraga moschata,63.098412
CBN-Pla-A2-20150723,2,1742053,Omalotheca hoppeana,62.990902
CBN-Pla-A2-20150723,3,1395949,Saxifraga bryoides,62.320885
CBN-Pla-A2-20150811,1,1392552,Gentiana nivalis,65.027863
CBN-Pla-A2-20150811,2,1396015,Saxifraga moschata,64.043091
CBN-Pla-A2-20150811,3,1391881,Epilobium anagallidifolium,62.221718
CBN-Pla-A2-20150901,1,1396015,Saxifraga moschata,64.804581
CBN-Pla-A2-20150901,2,1412857,Omalotheca supina,62.727646
CBN-Pla-A2-20150901,3,1396253,Sibbaldia procumbens,62.366314
CBN-Pla-A2-20160707,1,1396015,Saxifraga moschata,64.890266
CBN-Pla-A2-20160707,2,1396253,Sibbaldia procumbens,63.860649
CBN-Pla-A2-20160707,3,1395949,Saxifraga bryoides,63.674641
CBN-Pla-A2-20160728,1,1412857,Omalotheca supina,62.560165
CBN-Pla-A2-20160728,2,1396015,Saxifraga moschata,62.544174
CBN-Pla-A2-20160728,3,1395807,Salix herbacea,61.341816
CBN-Pla-A2-20180724,1,1396180,Sempervivum montanum,62.299828
CBN-Pla-A2-20180724,2,1363543,Stenotaphrum secundatum,61.096779
CBN-Pla-A2-20180724,3,1396018,Saxifraga oppositifolia,60.960537
CBN-Pla-A2-20180816,1,1412857,Omalotheca supina,64.507866
CBN-Pla-A2-20180816,2,1396015,Saxifraga moschata,63.698502
CBN-Pla-A2-20180816,3,1396253,Sibbaldia procumbens,62.817924
CBN-Pla-A2-20180906,1,1396015,Saxifraga moschata,63.227715
CBN-Pla-A2-20180906,2,1395949,Saxifraga bryoides,63.064465
CBN-Pla-A2-20180906,3,1395973,Saxifraga exarata,62.370312
CBN-Pla-A2-20190723,1,1412857,Omalotheca supina,64.087196
CBN-Pla-A2-20190723,2,1396144,Sedum alpestre,63.380966
CBN-Pla-A2-20190723,3,1742053,Omalotheca hoppeana,63.266220
CBN-Pla-A2-20190814,1,1396015,Saxifraga moschata,64.182884
CBN-Pla-A2-20190814,2,1396253,Sibbaldia procumbens,64.157585
CBN-Pla-A2-20190814,3,1396144,Sedum alpestre,63.969185
CBN-Pla-A2-20200723,1,1397043,Veronica alpina,64.313843
CBN-Pla-A2-20200723,2,1396253,Sibbaldia procumbens,62.995987
CBN-Pla-A2-20200723,3,1395807,Salix herbacea,62.620842
CBN-Pla-A2-20200814,1,1742053,Omalotheca hoppeana,67.065292
CBN-Pla-A2-20200814,2,1412857,Omalotheca supina,65.886162
CBN-Pla-A2-20200814,3,1392552,Gentiana nivalis,65.679367
CBN-Pla-A3-20130724,1,1396144,Sedum alpestre,59.071877
CBN-Pla-A3-20130724,2,1392534,Gentiana acaulis,58.183144
CBN-Pla-A3-20130724,3,1391427,Crassula pubescens,58.096786
CBN-Pla-A3-20130808,1,1396253,Sibbaldia procumbens,64.005997
CBN-Pla-A3-20130808,2,1395807,Salix herbacea,63.078644
CBN-Pla-A3-20130808,3,1412857,Omalotheca supina,61.380417
CBN-Pla-A3-20130904,1,1412857,Omalotheca supina,62.136215
CBN-Pla-A3-20130904,2,1397049,Veronica fruticans,62.050362
CBN-Pla-A3-20130904,3,1397465,Polygala alpina,62.042183
CBN-Pla-A3-20140722,1,1528543,Crassula nudicaulis,58.877121
CBN-Pla-A3-20140722,2,1396144,Sedum alpestre,58.822014
CBN-Pla-A3-20140722,3,1363543,Stenotaphrum secundatum,58.067162
CBN-Pla-A3-20140812,1,1395807,Salix herbacea,62.779461
CBN-Pla-A3-20140812,2,1395870,Salix retusa,61.335167
CBN-Pla-A3-20140812,3,1396843,Trifolium alpinum,61.294548
CBN-Pla-A3-20140902,1,1395807,Salix herbacea,62.857780
CBN-Pla-A3-20140902,2,1394678,Poa perconcinna,62.109543
CBN-Pla-A3-20140902,3,1361367,Poa alpina,62.014076
CBN-Pla-A3-20150702,1,1396144,Sedum alpestre,63.307175
CBN-Pla-A3-20150702,2,1392186,Euphorbia pyrenaica,60.092392
CBN-Pla-A3-20150702,3,1532190,Carex rorulenta,59.859047
CBN-Pla-A3-20150723,1,1395807,Salix herbacea,60.012077
CBN-Pla-A3-20150723,2,1741880,Salix serpillifolia,59.736416
CBN-Pla-A3-20150723,3,1396843,Trifolium alpinum,59.108936
CBN-Pla-A3-20150811,1,1412857,Omalotheca supina,61.752052
CBN-Pla-A3-20150811,2,1388766,Botrychium simplex,60.630539
CBN-Pla-A3-20150811,3,1395807,Salix herbacea,60.489784
CBN-Pla-A3-20150901,1,1396253,Sibbaldia procumbens,63.490719
CBN-Pla-A3-20150901,2,1412857,Omalotheca supina,63.066761
CBN-Pla-A3-20150901,3,1395807,Salix herbacea,62.892696
CBN-Pla-A3-20160707,1,1396144,Sedum alpestre,63.132786
CBN-Pla-A3-20160707,2,1363543,Stenotaphrum secundatum,61.997093
CBN-Pla-A3-20160707,3,1393708,Lysimachia nummularia,61.551125
CBN-Pla-A3-20160728,1,1396144,Sedum alpestre,65.822159
CBN-Pla-A3-20160728,2,1412857,Omalotheca supina,63.606922
CBN-Pla-A3-20160728,3,1397043,Veronica alpina,63.051826
CBN-Pla-A3-20180724,1,1363619,Crassula muscosa,58.401302
CBN-Pla-A3-20180724,2,1390837,Carex humilis,58.264984
CBN-Pla-A3-20180724,3,1396144,Sedum alpestre,58.245033
CBN-Pla-A3-20180816,1,1396144,Sedum alpestre,64.797241
CBN-Pla-A3-20180816,2,1396843,Trifolium alpinum,63.534599
CBN-Pla-A3-20180816,3,1395807,Salix herbacea,63.239857
CBN-Pla-A3-20180906,1,1396144,Sedum alpestre,66.245613
CBN-Pla-A3-20180906,2,1396843,Trifolium alpinum,62.226269
CBN-Pla-A3-20180906,3,1395807,Salix herbacea,61.945290
CBN-Pla-A3-20190723,1,1395807,Salix herbacea,60.933807
CBN-Pla-A3-20190723,2,1396253,Sibbaldia procumbens,60.408501
CBN-Pla-A3-20190723,3,1741880,Salix serpillifolia,60.350739
CBN-Pla-A3-20190814,1,1361367,Poa alpina,61.147667
CBN-Pla-A3-20190814,2,1396144,Sedum alpestre,61.040161
CBN-Pla-A3-20190814,3,1395807,Salix herbacea,60.208992
CBN-Pla-A3-20200723,1,1395807,Salix herbacea,62.972588
CBN-Pla-A3-20200723,2,1397043,Veronica alpina,62.721729
CBN-Pla-A3-20200723,3,1362482,Phleum alpinum,61.963413
CBN-Pla-A3-20200814,1,1396144,Sedum alpestre,64.195877
CBN-Pla-A3-20200814,2,1392541,Gentiana brachyphylla,63.368618
CBN-Pla-A3-20200814,3,1392260,Festuca alpina,62.071041
CBN-Pla-A4-20130724,1,1392241,Alchemilla pentaphyllea,58.342323
CBN-Pla-A4-20130724,2,1743465,Aloe succotrina,56.026276
CBN-Pla-A4-20130724,3,1418688,Arctous alpina,55.720497
CBN-Pla-A4-20130808,1,1741880,Salix serpillifolia,67.653557
CBN-Pla-A4-20130808,2,1395870,Salix retusa,64.871140
CBN-Pla-A4-20130808,3,1395807,Salix herbacea,62.794273
CBN-Pla-A4-20130904,1,1741880,Salix serpillifolia,66.633499
CBN-Pla-A4-20130904,2,1395870,Salix retusa,65.231369
CBN-Pla-A4-20130904,3,1392186,Euphorbia pyrenaica,64.297043
CBN-Pla-A4-20140722,1,1744340,Ruschia uncinata,58.588276
CBN-Pla-A4-20140722,2,1363543,Stenotaphrum secundatum,58.543446
CBN-Pla-A4-20140722,3,1741880,Salix serpillifolia,57.435371
CBN-Pla-A4-20140812,1,1395870,Salix retusa,66.305283
CBN-Pla-A4-20140812,2,1741880,Salix serpillifolia,64.862770
CBN-Pla-A4-20140812,3,1395807,Salix herbacea,63.672813
CBN-Pla-A4-20140902,1,1741880,Salix serpillifolia,67.225769
CBN-Pla-A4-20140902,2,1395870,Salix retusa,66.877037
CBN-Pla-A4-20140902,3,1363543,Stenotaphrum secundatum,62.645195
CBN-Pla-A4-20150702,1,1418688,Arctous alpina,58.383408
CBN-Pla-A4-20150702,2,1741880,Salix serpillifolia,58.281097
CBN-Pla-A4-20150702,3,1394311,Oreochloa disticha,58.238579
CBN-Pla-A4-20150723,1,1395870,Salix retusa,67.523193
CBN-Pla-A4-20150723,2,1741880,Salix serpillifolia,66.926964
CBN-Pla-A4-20150723,3,1396869,Trifolium thalii,63.641182
CBN-Pla-A4-20150811,1,1741880,Salix serpillifolia,66.935287
CBN-Pla-A4-20150811,2,1395870,Salix retusa,66.872597
CBN-Pla-A4-20150811,3,1395807,Salix herbacea,64.369682
CBN-Pla-A4-20150901,1,1395870,Salix retusa,66.357536
CBN-Pla-A4-20150901,2,1741880,Salix serpillifolia,65.707619
CBN-Pla-A4-20150901,3,1395718,Sagina saginoides,62.809341
CBN-Pla-A4-20160707,1,1741880,Salix serpillifolia,60.858322
CBN-Pla-A4-20160707,2,1363543,Stenotaphrum secundatum,59.537659
CBN-Pla-A4-20160707,3,1363619,Crassula muscosa,58.872475
CBN-Pla-A4-20160728,1,1397043,Veronica alpina,63.153664
CBN-Pla-A4-20160728,2,1395870,Salix retusa,62.185783
CBN-Pla-A4-20160728,3,1395807,Salix herbacea,61.874306
CBN-Pla-A4-20180724,1,1390783,Carex cespitosa,58.530880
CBN-Pla-A4-20180724,2,1588800,Gagea luberonensis,58.333179
CBN-Pla-A4-20180724,3,1363133,Triglochin striata,58.080364
CBN-Pla-A4-20180816,1,1741880,Salix serpillifolia,65.185692
CBN-Pla-A4-20180816,2,1395870,Salix retusa,65.112701
CBN-Pla-A4-20180816,3,1397043,Veronica alpina,62.679455
CBN-Pla-A4-20180906,1,1741880,Salix serpillifolia,66.852303
CBN-Pla-A4-20180906,2,1395870,Salix retusa,66.232864
CBN-Pla-A4-20180906,3,1397043,Veronica alpina,62.746010
CBN-Pla-A4-20190723,1,1741880,Salix serpillifolia,64.258354
CBN-Pla-A4-20190723,2,1395870,Salix retusa,64.032722
CBN-Pla-A4-20190723,3,1396843,Trifolium alpinum,61.324150
CBN-Pla-A4-20190814,1,1395870,Salix retusa,63.847923
CBN-Pla-A4-20190814,2,1741880,Salix serpillifolia,63.134895
CBN-Pla-A4-20190814,3,1395807,Salix herbacea,60.739716
CBN-Pla-A4-20200723,1,1741880,Salix serpillifolia,64.888435
CBN-Pla-A4-20200723,2,1395870,Salix retusa,64.037224
CBN-Pla-A4-20200723,3,1396253,Sibbaldia procumbens,62.789082
CBN-Pla-A4-20200814,1,1395870,Salix retusa,64.356613
CBN-Pla-A4-20200814,2,1741880,Salix serpillifolia,63.074680
CBN-Pla-A4-20200814,3,1395807,Salix herbacea,62.825966
CBN-Pla-A5-20130724,1,1744293,Pinguicula tejedensis,57.804165
CBN-Pla-A5-20130724,2,1394596,Pinguicula arvetii,57.294632
CBN-Pla-A5-20130724,3,1392632,Globularia repens,57.270363
CBN-Pla-A5-20130808,1,1741880,Salix serpillifolia,67.351883
CBN-Pla-A5-20130808,2,1395870,Salix retusa,66.199348
CBN-Pla-A5-20130808,3,1395807,Salix herbacea,62.236248
CBN-Pla-A5-20130904,1,1741880,Salix serpillifolia,67.192337
CBN-Pla-A5-20130904,2,1395870,Salix retusa,67.094383
CBN-Pla-A5-20130904,3,1392632,Globularia repens,62.469582
CBN-Pla-A5-20140722,1,1396144,Sedum alpestre,58.297478
CBN-Pla-A5-20140722,2,1394270,Androsace adfinis,57.993610
CBN-Pla-A5-20140722,3,1647156,Armeria humilis,57.656998
CBN-Pla-A5-20140812,1,1395870,Salix retusa,65.961433
CBN-Pla-A5-20140812,2,1741880,Salix serpillifolia,65.886246
CBN-Pla-A5-20140812,3,1396144,Sedum alpestre,65.207031
CBN-Pla-A5-20140902,1,1741880,Salix serpillifolia,66.601112
CBN-Pla-A5-20140902,2,1395870,Salix retusa,66.032906
CBN-Pla-A5-20140902,3,1395807,Salix herbacea,60.713547
CBN-Pla-A5-20150702,1,1395870,Salix retusa,59.034050
CBN-Pla-A5-20150702,2,1396144,Sedum alpestre,58.723392
CBN-Pla-A5-20150702,3,1741880,Salix serpillifolia,58.142113
CBN-Pla-A5-20150723,1,1395870,Salix retusa,66.735840
CBN-Pla-A5-20150723,2,1741880,Salix serpillifolia,66.599426
CBN-Pla-A5-20150723,3,1394643,Antennaria dioica,62.515808
CBN-Pla-A5-20150811,1,1395870,Salix retusa,66.351959
CBN-Pla-A5-20150811,2,1741880,Salix serpillifolia,65.425400
CBN-Pla-A5-20150811,3,1412857,Omalotheca supina,63.147667
CBN-Pla-A5-20160707,1,1412857,Omalotheca supina,63.337147
CBN-Pla-A5-20160707,2,1741880,Salix serpillifolia,62.893528
CBN-Pla-A5-20160707,3,1742053,Omalotheca hoppeana,60.798206
CBN-Pla-A5-20160728,1,1395870,Salix retusa,64.662247
CBN-Pla-A5-20160728,2,1741880,Salix serpillifolia,64.081261
CBN-Pla-A5-20160728,3,1396843,Trifolium alpinum,63.885147
CBN-Pla-A5-20180724,1,1741880,Salix serpillifolia,57.177715
CBN-Pla-A5-20180724,2,1395870,Salix retusa,57.027336
CBN-Pla-A5-20180724,3,1363543,Stenotaphrum secundatum,56.888222
CBN-Pla-A5-20180816,1,1395870,Salix retusa,66.329254
CBN-Pla-A5-20180816,2,1741880,Salix serpillifolia,65.809486
CBN-Pla-A5-20180816,3,1742053,Omalotheca hoppeana,64.126373
CBN-Pla-A5-20180906,1,1395870,Salix retusa,66.621071
CBN-Pla-A5-20180906,2,1741880,Salix serpillifolia,66.544266
CBN-Pla-A5-20180906,3,1412857,Omalotheca supina,64.752884
CBN-Pla-A5-20190723,1,1741880,Salix serpillifolia,66.089188
CBN-Pla-A5-20190723,2,1395870,Salix retusa,65.687866
CBN-Pla-A5-20190723,3,1361141,Agrostis rupestris,61.212273
CBN-Pla-A5-20190814,1,1741880,Salix serpillifolia,66.475990
CBN-Pla-A5-20190814,2,1395870,Salix retusa,65.845673
CBN-Pla-A5-20190814,3,1412857,Omalotheca supina,63.957294
CBN-Pla-A5-20200723,1,1741880,Salix serpillifolia,65.523857
CBN-Pla-A5-20200723,2,1395870,Salix retusa,64.895309
CBN-Pla-A5-20200723,3,1360141,Portulaca oleracea,61.398655
CBN-Pla-A5-20200814,1,1395870,Salix retusa,65.306915
CBN-Pla-A5-20200814,2,1742053,Omalotheca hoppeana,65.166824
CBN-Pla-A5-20200814,3,1741880,Salix serpillifolia,64.569191
CBN-Pla-A6-20130724,1,1396253,Sibbaldia procumbens,59.564117
CBN-Pla-A6-20130724,2,1737701,Kalmia procumbens,58.728119
CBN-Pla-A6-20130724,3,1529402,Sempervivum minutum,57.726852
CBN-Pla-A6-20130808,1,1741880,Salix serpillifolia,65.256126
CBN-Pla-A6-20130808,2,1395870,Salix retusa,64.458466
CBN-Pla-A6-20130808,3,1396253,Sibbaldia procumbens,63.228134
CBN-Pla-A6-20130904,1,1741880,Salix serpillifolia,67.465836
CBN-Pla-A6-20130904,2,1395870,Salix retusa,64.818916
CBN-Pla-A6-20130904,3,1395807,Salix herbacea,62.586967
CBN-Pla-A6-20140722,1,1741880,Salix serpillifolia,62.869774
CBN-Pla-A6-20140722,2,1395870,Salix retusa,60.703114
CBN-Pla-A6-20140722,3,1396253,Sibbaldia procumbens,59.214996
CBN-Pla-A6-20140812,1,1395870,Salix retusa,66.244751
CBN-Pla-A6-20140812,2,1396144,Sedum alpestre,65.911522
CBN-Pla-A6-20140812,3,1741880,Salix serpillifolia,64.444946
CBN-Pla-A6-20140902,1,1395870,Salix retusa,65.111176
CBN-Pla-A6-20140902,2,1741880,Salix serpillifolia,63.597923
CBN-Pla-A6-20140902,3,1395807,Salix herbacea,61.102024
CBN-Pla-A6-20150702,1,1396253,Sibbaldia procumbens,63.305706
CBN-Pla-A6-20150702,2,1741880,Salix serpillifolia,61.732952
CBN-Pla-A6-20150702,3,1396094,Arenaria biflora,59.595482
CBN-Pla-A6-20150723,1,1741880,Salix serpillifolia,64.318451
CBN-Pla-A6-20150723,2,1395870,Salix retusa,64.294365
CBN-Pla-A6-20150723,3,1396869,Trifolium thalii,64.157974
CBN-Pla-A6-20150811,1,1741880,Salix serpillifolia,64.353111
CBN-Pla-A6-20150811,2,1395870,Salix retusa,63.858032
CBN-Pla-A6-20150811,3,1396253,Sibbaldia procumbens,63.679417
CBN-Pla-A6-20150901,1,1397381,Euphrasia minima,64.644775
CBN-Pla-A6-20150901,2,1392541,Gentiana brachyphylla,64.331238
CBN-Pla-A6-20150901,3,1395870,Salix retusa,64.248329
CBN-Pla-A6-20160707,1,1396253,Sibbaldia procumbens,61.720505
CBN-Pla-A6-20160707,2,1363543,Stenotaphrum secundatum,61.435070
CBN-Pla-A6-20160707,3,1395807,Salix herbacea,59.925808
CBN-Pla-A6-20160728,1,1741880,Salix serpillifolia,62.287102
CBN-Pla-A6-20160728,2,1395870,Salix retusa,62.209846
CBN-Pla-A6-20160728,3,1395807,Salix herbacea,62.172012
CBN-Pla-A6-20180724,1,1396253,Sibbaldia procumbens,59.104141
CBN-Pla-A6-20180724,2,1529410,Sempervivum vicentei,57.104637
CBN-Pla-A6-20180724,3,1392241,Alchemilla pentaphyllea,56.514370
CBN-Pla-A6-20180816,1,1395870,Salix retusa,63.849121
CBN-Pla-A6-20180816,2,1741880,Salix serpillifolia,63.550171
CBN-Pla-A6-20180816,3,1741624,Lotus alpinus,62.007004
CBN-Pla-A6-20180906,1,1396144,Sedum alpestre,62.685097
CBN-Pla-A6-20180906,2,1396253,Sibbaldia procumbens,62.009266
CBN-Pla-A6-20180906,3,1741880,Salix serpillifolia,61.737759
CBN-Pla-A6-20190723,1,1395870,Salix retusa,63.929394
CBN-Pla-A6-20190723,2,1395862,Salix pyrenaica,62.360119
CBN-Pla-A6-20190723,3,1395807,Salix herbacea,61.801510
CBN-Pla-A6-20190814,1,1395870,Salix retusa,65.579292
CBN-Pla-A6-20190814,2,1396843,Trifolium alpinum,63.860653
CBN-Pla-A6-20190814,3,1361367,Poa alpina,63.731712
CBN-Pla-A6-20200723,1,1741624,Lotus alpinus,65.098557
CBN-Pla-A6-20200723,2,1395870,Salix retusa,64.858566
CBN-Pla-A6-20200723,3,1741880,Salix serpillifolia,64.526657
CBN-Pla-A6-20200814,1,1741880,Salix serpillifolia,63.215866
CBN-Pla-A6-20200814,2,1741624,Lotus alpinus,62.890377
CBN-Pla-A6-20200814,3,1395807,Salix herbacea,62.415699
CBN-Pla-B1-20130724,1,1363133,Triglochin striata,57.759037
CBN-Pla-B1-20130724,2,1393318,Isolepis prolifera,55.311714
CBN-Pla-B1-20130724,3,1366028,Utricularia subulata,54.354038
CBN-Pla-B1-20130808,1,1396253,Sibbaldia procumbens,65.100555
CBN-Pla-B1-20130808,2,1395807,Salix herbacea,60.917423
CBN-Pla-B1-20130808,3,1741880,Salix serpillifolia,59.595261
CBN-Pla-B1-20130904,1,1396253,Sibbaldia procumbens,63.618149
CBN-Pla-B1-20130904,2,1400176,Bistorta vivipara,60.247238
CBN-Pla-B1-20130904,3,1393224,Hydrocotyle bonariensis,60.116501
CBN-Pla-B1-20140722,1,1390793,Carex curvula,59.955700
CBN-Pla-B1-20140722,2,1392241,Alchemilla pentaphyllea,59.544403
CBN-Pla-B1-20140722,3,1396253,Sibbaldia procumbens,58.001602
CBN-Pla-B1-20140812,1,1396253,Sibbaldia procumbens,63.906876
CBN-Pla-B1-20140812,2,1412857,Omalotheca supina,63.844151
CBN-Pla-B1-20140812,3,1395807,Salix herbacea,63.398899
CBN-Pla-B1-20140902,1,1396253,Sibbaldia procumbens,63.202557
CBN-Pla-B1-20140902,2,1392541,Gentiana brachyphylla,62.456001
CBN-Pla-B1-20140902,3,1742053,Omalotheca hoppeana,61.935318
CBN-Pla-B1-20150702,1,1396253,Sibbaldia procumbens,60.000629
CBN-Pla-B1-20150702,2,1394643,Antennaria dioica,57.812027
CBN-Pla-B1-20150702,3,1651427,Festuca summilusitana,57.294167
CBN-Pla-B1-20150723,1,1361367,Poa alpina,61.599564
CBN-Pla-B1-20150723,2,1396253,Sibbaldia procumbens,61.361797
CBN-Pla-B1-20150723,3,1395807,Salix herbacea,60.873169
CBN-Pla-B1-20150811,1,1396253,Sibbaldia procumbens,62.600208
CBN-Pla-B1-20150811,2,1741880,Salix serpillifolia,59.768467
CBN-Pla-B1-20150811,3,1395807,Salix herbacea,59.698597
CBN-Pla-B1-20150901,1,1396253,Sibbaldia procumbens,63.966305
CBN-Pla-B1-20150901,2,1394311,Oreochloa disticha,61.271957
CBN-Pla-B1-20150901,3,1742053,Omalotheca hoppeana,60.575890
CBN-Pla-B1-20160707,1,1396253,Sibbaldia procumbens,63.118355
CBN-Pla-B1-20160707,2,1412857,Omalotheca supina,61.510872
CBN-Pla-B1-20160707,3,1742053,Omalotheca hoppeana,61.421715
CBN-Pla-B1-20160728,1,1396253,Sibbaldia procumbens,63.129341
CBN-Pla-B1-20160728,2,1397043,Veronica alpina,61.119331
CBN-Pla-B1-20160728,3,1397465,Polygala alpina,61.031883
CBN-Pla-B1-20180724,1,1396253,Sibbaldia procumbens,58.472931
CBN-Pla-B1-20180724,2,1363619,Crassula muscosa,57.079559
CBN-Pla-B1-20180724,3,1742053,Omalotheca hoppeana,55.824608
CBN-Pla-B1-20180816,1,1396253,Sibbaldia procumbens,61.656147
CBN-Pla-B1-20180816,2,1395807,Salix herbacea,60.735031
CBN-Pla-B1-20180816,3,1412857,Omalotheca supina,60.690575
CBN-Pla-B1-20180906,1,1396253,Sibbaldia procumbens,61.977661
CBN-Pla-B1-20180906,2,1609716,Epilobium komarovianum,61.448231
CBN-Pla-B1-20180906,3,1412857,Omalotheca supina,61.269524
CBN-Pla-B1-20190723,1,1396253,Sibbaldia procumbens,61.783722
CBN-Pla-B1-20190723,2,1741880,Salix serpillifolia,59.271358
CBN-Pla-B1-20190723,3,1392541,Gentiana brachyphylla,58.725861
CBN-Pla-B1-20190814,1,1412857,Omalotheca supina,62.479748
CBN-Pla-B1-20190814,2,1651061,Festuca clementei,61.229118
CBN-Pla-B1-20190814,3,1397381,Euphrasia minima,61.020325
CBN-Pla-B1-20200630,1,1393911,Najas gracillima,48.798397
CBN-Pla-B1-20200630,2,1743300,Sulla spinosissima,48.373833
CBN-Pla-B1-20200630,3,1399798,Pinguicula dertosensis,48.168762
CBN-Pla-B1-20200723,1,1741880,Salix serpillifolia,63.087254
CBN-Pla-B1-20200723,2,1742053,Omalotheca hoppeana,63.061829
CBN-Pla-B1-20200723,3,1412857,Omalotheca supina,62.575989
CBN-Pla-B1-20200814,1,1397381,Euphrasia minima,62.299843
CBN-Pla-B1-20200814,2,1394643,Antennaria dioica,60.797272
CBN-Pla-B1-20200814,3,1388915,Lysimachia minima,59.751213
CBN-Pla-B2-20130724,1,1399798,Pinguicula dertosensis,57.649235
CBN-Pla-B2-20130724,2,1363133,Triglochin striata,56.590618
CBN-Pla-B2-20130724,3,1361347,Nardus stricta,55.270969
CBN-Pla-B2-20130808,1,1412857,Omalotheca supina,63.313194
CBN-Pla-B2-20130808,2,1395807,Salix herbacea,62.077324
CBN-Pla-B2-20130808,3,1396253,Sibbaldia procumbens,61.926964
CBN-Pla-B2-20130904,1,1395807,Salix herbacea,61.361015
CBN-Pla-B2-20130904,2,1363543,Stenotaphrum secundatum,60.606014
CBN-Pla-B2-20130904,3,1395870,Salix retusa,58.938568
CBN-Pla-B2-20140722,1,1741880,Salix serpillifolia,59.203491
CBN-Pla-B2-20140722,2,1529402,Sempervivum minutum,58.428162
CBN-Pla-B2-20140722,3,1529410,Sempervivum vicentei,58.389107
CBN-Pla-B2-20140812,1,1395807,Salix herbacea,62.645958
CBN-Pla-B2-20140812,2,1396843,Trifolium alpinum,60.911674
CBN-Pla-B2-20140812,3,1412857,Omalotheca supina,60.487057
CBN-Pla-B2-20140902,1,1395807,Salix herbacea,62.346016
CBN-Pla-B2-20140902,2,1396843,Trifolium alpinum,62.043903
CBN-Pla-B2-20140902,3,1395870,Salix retusa,60.730957
CBN-Pla-B2-20150702,1,1396253,Sibbaldia procumbens,59.910381
CBN-Pla-B2-20150702,2,1412857,Omalotheca supina,59.559196
CBN-Pla-B2-20150702,3,1390793,Carex curvula,58.363960
CBN-Pla-B2-20150723,1,1396843,Trifolium alpinum,62.038002
CBN-Pla-B2-20150723,2,1741880,Salix serpillifolia,61.682793
CBN-Pla-B2-20150723,3,1396253,Sibbaldia procumbens,61.678207
CBN-Pla-B2-20150811,1,1392552,Gentiana nivalis,67.282234
CBN-Pla-B2-20150811,2,1396843,Trifolium alpinum,63.628151
CBN-Pla-B2-20150811,3,1741880,Salix serpillifolia,62.906143
CBN-Pla-B2-20150901,1,1396253,Sibbaldia procumbens,63.375126
CBN-Pla-B2-20150901,2,1741880,Salix serpillifolia,63.343201
CBN-Pla-B2-20150901,3,1396843,Trifolium alpinum,62.874668
CBN-Pla-B2-20160707,1,1396253,Sibbaldia procumbens,62.838413
CBN-Pla-B2-20160707,2,1741880,Salix serpillifolia,61.744232
CBN-Pla-B2-20160707,3,1363615,Crassula ovata,60.005161
CBN-Pla-B2-20160728,1,1395807,Salix herbacea,62.167458
CBN-Pla-B2-20160728,2,1741880,Salix serpillifolia,60.751087
CBN-Pla-B2-20160728,3,1396843,Trifolium alpinum,60.316967
CBN-Pla-B2-20180724,1,1418688,Arctous alpina,58.039375
CBN-Pla-B2-20180724,2,1390966,Catapodium marinum,57.624977
CBN-Pla-B2-20180724,3,1396107,Sclerochloa dura,56.963875
CBN-Pla-B2-20180816,1,1741880,Salix serpillifolia,64.276672
CBN-Pla-B2-20180816,2,1395807,Salix herbacea,63.103134
CBN-Pla-B2-20180816,3,1396843,Trifolium alpinum,62.750160
CBN-Pla-B2-20180906,1,1364066,Veronica serpyllifolia,62.726295
CBN-Pla-B2-20180906,2,1395807,Salix herbacea,61.435921
CBN-Pla-B2-20180906,3,1396843,Trifolium alpinum,61.420788
CBN-Pla-B2-20190723,1,1741880,Salix serpillifolia,62.317947
CBN-Pla-B2-20190723,2,1395807,Salix herbacea,61.385929
CBN-Pla-B2-20190723,3,1394542,Phyteuma hemisphaericum,60.175583
CBN-Pla-B2-20190814,1,1362482,Phleum alpinum,64.437752
CBN-Pla-B2-20190814,2,1741880,Salix serpillifolia,62.802986
CBN-Pla-B2-20190814,3,1395870,Salix retusa,61.693497
CBN-Pla-B2-20200723,1,1397043,Veronica alpina,64.008270
CBN-Pla-B2-20200723,2,1396253,Sibbaldia procumbens,62.895805
CBN-Pla-B2-20200723,3,1395807,Salix herbacea,61.798592
CBN-Pla-B2-20200814,1,1392186,Euphorbia pyrenaica,61.511734
CBN-Pla-B2-20200814,2,1393200,Homogyne alpina,61.117744
CBN-Pla-B2-20200814,3,1391706,Dianthus pavonius,61.064869
CBN-Pla-B3-20130724,1,1390811,Carex ericetorum,59.442577
CBN-Pla-B3-20130724,2,1418612,Carex firma,56.962803
CBN-Pla-B3-20130724,3,1418688,Arctous alpina,56.692200
CBN-Pla-B3-20130808,1,1396253,Sibbaldia procumbens,64.324142
CBN-Pla-B3-20130808,2,1395807,Salix herbacea,63.359196
CBN-Pla-B3-20130808,3,1412857,Omalotheca supina,60.412212
CBN-Pla-B3-20130904,1,1396253,Sibbaldia procumbens,64.024567
CBN-Pla-B3-20130904,2,1742053,Omalotheca hoppeana,61.993141
CBN-Pla-B3-20130904,3,1412857,Omalotheca supina,61.889046
CBN-Pla-B3-20140722,1,1363543,Stenotaphrum secundatum,58.923668
CBN-Pla-B3-20140722,2,1396253,Sibbaldia procumbens,58.864971
CBN-Pla-B3-20140722,3,1390811,Carex ericetorum,58.072540
CBN-Pla-B3-20140812,1,1396253,Sibbaldia procumbens,64.295120
CBN-Pla-B3-20140812,2,1395807,Salix herbacea,63.210129
CBN-Pla-B3-20140812,3,1397043,Veronica alpina,62.892700
CBN-Pla-B3-20140902,1,1361367,Poa alpina,64.738731
CBN-Pla-B3-20140902,2,1396253,Sibbaldia procumbens,63.222626
CBN-Pla-B3-20140902,3,1395807,Salix herbacea,61.814457
CBN-Pla-B3-20150811,1,1396253,Sibbaldia procumbens,62.628559
CBN-Pla-B3-20150811,2,1395807,Salix herbacea,61.286758
CBN-Pla-B3-20150811,3,1412857,Omalotheca supina,60.934872
CBN-Pla-B3-20150901,1,1396253,Sibbaldia procumbens,62.944054
CBN-Pla-B3-20150901,2,1361347,Nardus stricta,62.819897
CBN-Pla-B3-20150901,3,1395807,Salix herbacea,62.263027
CBN-Pla-B3-20160707,1,1396253,Sibbaldia procumbens,64.347496
CBN-Pla-B3-20160707,2,1361347,Nardus stricta,61.508698
CBN-Pla-B3-20160707,3,1395807,Salix herbacea,60.062500
CBN-Pla-B3-20160728,1,1396253,Sibbaldia procumbens,62.453117
CBN-Pla-B3-20160728,2,1355926,Gamochaeta calviceps,60.998299
CBN-Pla-B3-20160728,3,1392260,Festuca alpina,60.726540
CBN-Pla-B3-20180724,1,1394643,Antennaria dioica,59.523323
CBN-Pla-B3-20180724,2,1418688,Arctous alpina,56.729847
CBN-Pla-B3-20180724,3,1390811,Carex ericetorum,56.187912
CBN-Pla-B3-20180816,1,1396253,Sibbaldia procumbens,63.853802
CBN-Pla-B3-20180816,2,1395807,Salix herbacea,61.390160
CBN-Pla-B3-20180816,3,1364066,Veronica serpyllifolia,60.976265
CBN-Pla-B3-20180906,1,1396253,Sibbaldia procumbens,63.993507
CBN-Pla-B3-20180906,2,1395807,Salix herbacea,61.696220
CBN-Pla-B3-20180906,3,1394366,Oxyria digyna,59.909611
CBN-Pla-B3-20190723,1,1396253,Sibbaldia procumbens,61.582287
CBN-Pla-B3-20190723,2,1395807,Salix herbacea,61.322521
CBN-Pla-B3-20190723,3,1394643,Antennaria dioica,60.881321
CBN-Pla-B3-20190814,1,1697384,Viola nummulariifolia,61.087830
CBN-Pla-B3-20190814,2,1395807,Salix herbacea,60.973938
CBN-Pla-B3-20190814,3,1392260,Festuca alpina,60.431358
CBN-Pla-B3-20200723,1,1396253,Sibbaldia procumbens,63.353439
CBN-Pla-B3-20200723,2,1412857,Omalotheca supina,62.327988
CBN-Pla-B3-20200723,3,1395807,Salix herbacea,62.325844
CBN-Pla-B3-20200814,1,1396253,Sibbaldia procumbens,62.904427
CBN-Pla-B3-20200814,2,1743471,Festuca glacialis,61.689507
CBN-Pla-B3-20200814,3,1397386,Festuca scabriculmis,61.513245
CBN-Pla-B4-20130724,1,1361347,Nardus stricta,57.334473
CBN-Pla-B4-20130724,2,1397376,Ephedra distachya,57.103241
CBN-Pla-B4-20130724,3,1397386,Festuca scabriculmis,56.434719
CBN-Pla-B4-20130808,1,1395870,Salix retusa,63.504456
CBN-Pla-B4-20130808,2,1395807,Salix herbacea,62.483139
CBN-Pla-B4-20130808,3,1397461,Plantago alpina,61.978828
CBN-Pla-B4-20130904,1,1359835,Parnassia palustris,62.222511
CBN-Pla-B4-20130904,2,1395807,Salix herbacea,61.974953
CBN-Pla-B4-20130904,3,1397046,Veronica bellidioides,60.508858
CBN-Pla-B4-20140722,1,1361347,Nardus stricta,59.412914
CBN-Pla-B4-20140722,2,1397376,Ephedra distachya,58.595291
CBN-Pla-B4-20140722,3,1651267,Festuca michaelis,57.245033
CBN-Pla-B4-20140812,1,1395807,Salix herbacea,62.090351
CBN-Pla-B4-20140812,2,1396253,Sibbaldia procumbens,60.961777
CBN-Pla-B4-20140812,3,1394311,Oreochloa disticha,60.334229
CBN-Pla-B4-20140902,1,1361141,Agrostis rupestris,62.242699
CBN-Pla-B4-20140902,2,1397386,Festuca scabriculmis,61.616264
CBN-Pla-B4-20140902,3,1395807,Salix herbacea,60.657192
CBN-Pla-B4-20150702,1,1390837,Carex humilis,58.481785
CBN-Pla-B4-20150702,2,1396253,Sibbaldia procumbens,57.988907
CBN-Pla-B4-20150702,3,1532190,Carex rorulenta,57.499577
CBN-Pla-B4-20150723,1,1394311,Oreochloa disticha,61.252380
CBN-Pla-B4-20150723,2,1395807,Salix herbacea,61.081036
CBN-Pla-B4-20150723,3,1395870,Salix retusa,59.898220
CBN-Pla-B4-20150811,1,1362325,Juncus compressus,61.309765
CBN-Pla-B4-20150811,2,1396253,Sibbaldia procumbens,60.940704
CBN-Pla-B4-20150811,3,1651061,Festuca clementei,60.311123
CBN-Pla-B4-20150901,1,1396843,Trifolium alpinum,61.472733
CBN-Pla-B4-20150901,2,1361347,Nardus stricta,60.542801
CBN-Pla-B4-20150901,3,1395807,Salix herbacea,60.464394
CBN-Pla-B4-20160707,1,1363543,Stenotaphrum secundatum,60.084908
CBN-Pla-B4-20160707,2,1396253,Sibbaldia procumbens,59.868690
CBN-Pla-B4-20160707,3,1397386,Festuca scabriculmis,59.410027
CBN-Pla-B4-20160728,1,1397043,Veronica alpina,63.394268
CBN-Pla-B4-20160728,2,1397046,Veronica bellidioides,62.625626
CBN-Pla-B4-20160728,3,1395807,Salix herbacea,62.060802
CBN-Pla-B4-20180724,1,1361347,Nardus stricta,58.108334
CBN-Pla-B4-20180724,2,1396253,Sibbaldia procumbens,57.538727
CBN-Pla-B4-20180724,3,1577392,Echinospartum boissieri,56.876572
CBN-Pla-B4-20180816,1,1397386,Festuca scabriculmis,63.094395
CBN-Pla-B4-20180816,2,1397043,Veronica alpina,63.009216
CBN-Pla-B4-20180816,3,1395807,Salix herbacea,61.194221
CBN-Pla-B4-20180906,1,1397043,Veronica alpina,64.609909
CBN-Pla-B4-20180906,2,1396253,Sibbaldia procumbens,62.319527
CBN-Pla-B4-20180906,3,1395807,Salix herbacea,62.141937
CBN-Pla-B4-20190723,1,1395807,Salix herbacea,60.333702
CBN-Pla-B4-20190723,2,1396843,Trifolium alpinum,59.852901
CBN-Pla-B4-20190723,3,1396253,Sibbaldia procumbens,58.990780
CBN-Pla-B4-20190814,1,1395870,Salix retusa,61.334248
CBN-Pla-B4-20190814,2,1394542,Phyteuma hemisphaericum,60.977280
CBN-Pla-B4-20190814,3,1396253,Sibbaldia procumbens,60.697498
CBN-Pla-B4-20200723,1,1397043,Veronica alpina,61.974976
CBN-Pla-B4-20200723,2,1395807,Salix herbacea,61.471401
CBN-Pla-B4-20200723,3,1396253,Sibbaldia procumbens,60.695137
CBN-Pla-B4-20200814,1,1647156,Armeria humilis,61.335598
CBN-Pla-B4-20200814,2,1395807,Salix herbacea,60.878315
CBN-Pla-B4-20200814,3,1394311,Oreochloa disticha,60.845329
CBN-Pla-B5-20130724,1,1396447,Armeria soleirolii,58.532551
CBN-Pla-B5-20130724,2,1396441,Armeria ruscinonensis,57.955643
CBN-Pla-B5-20130724,3,1396362,Armeria leucocephala,57.852341
CBN-Pla-B5-20130808,1,1395870,Salix retusa,64.124481
CBN-Pla-B5-20130808,2,1741880,Salix serpillifolia,63.344009
CBN-Pla-B5-20130808,3,1395807,Salix herbacea,62.290443
CBN-Pla-B5-20130904,1,1397043,Veronica alpina,61.478806
CBN-Pla-B5-20130904,2,1395807,Salix herbacea,61.087700
CBN-Pla-B5-20130904,3,1741880,Salix serpillifolia,59.438774
CBN-Pla-B5-20140722,1,1396253,Sibbaldia procumbens,59.686153
CBN-Pla-B5-20140722,2,1363543,Stenotaphrum secundatum,57.531010
CBN-Pla-B5-20140722,3,1396447,Armeria soleirolii,57.175812
CBN-Pla-B5-20140812,1,1396144,Sedum alpestre,64.171188
CBN-Pla-B5-20140812,2,1397043,Veronica alpina,63.592407
CBN-Pla-B5-20140812,3,1395807,Salix herbacea,62.826740
CBN-Pla-B5-20140902,1,1361367,Poa alpina,63.790112
CBN-Pla-B5-20140902,2,1395870,Salix retusa,63.367504
CBN-Pla-B5-20140902,3,1395807,Salix herbacea,62.678074
CBN-Pla-B5-20150702,1,1393708,Lysimachia nummularia,60.457947
CBN-Pla-B5-20150702,2,1396144,Sedum alpestre,57.510513
CBN-Pla-B5-20150702,3,1744194,Bouteloua dactyloides,57.092522
CBN-Pla-B5-20150723,1,1395870,Salix retusa,61.783417
CBN-Pla-B5-20150723,2,1395807,Salix herbacea,61.365543
CBN-Pla-B5-20150723,3,1647677,Alopecurus gerardii,60.843987
CBN-Pla-B5-20150811,1,1395870,Salix retusa,65.217957
CBN-Pla-B5-20150811,2,1741880,Salix serpillifolia,64.512772
CBN-Pla-B5-20150811,3,1395807,Salix herbacea,61.836372
CBN-Pla-B5-20150901,1,1394311,Oreochloa disticha,65.422867
CBN-Pla-B5-20150901,2,1395870,Salix retusa,64.759018
CBN-Pla-B5-20150901,3,1396144,Sedum alpestre,64.593750
CBN-Pla-B5-20160707,1,1395870,Salix retusa,61.089630
CBN-Pla-B5-20160707,2,1741880,Salix serpillifolia,58.676762
CBN-Pla-B5-20160707,3,1396970,Vaccinium uliginosum,58.605293
CBN-Pla-B5-20160728,1,1397043,Veronica alpina,61.402405
CBN-Pla-B5-20160728,2,1391706,Dianthus pavonius,59.537685
CBN-Pla-B5-20160728,3,1741880,Salix serpillifolia,59.156876
CBN-Pla-B5-20180724,1,1363619,Crassula muscosa,58.555229
CBN-Pla-B5-20180724,2,1744340,Ruschia uncinata,57.324493
CBN-Pla-B5-20180724,3,1532190,Carex rorulenta,56.206932
CBN-Pla-B5-20180816,1,1395870,Salix retusa,65.636757
CBN-Pla-B5-20180816,2,1395807,Salix herbacea,61.679073
CBN-Pla-B5-20180816,3,1741880,Salix serpillifolia,61.094421
CBN-Pla-B5-20180906,1,1741880,Salix serpillifolia,63.465477
CBN-Pla-B5-20180906,2,1395870,Salix retusa,62.357780
CBN-Pla-B5-20180906,3,1360130,Rumex lunaria,60.768066
CBN-Pla-B5-20190723,1,1395807,Salix herbacea,59.346001
CBN-Pla-B5-20190723,2,1396309,Aristolochia tyrrhena,58.110714
CBN-Pla-B5-20190723,3,1389986,Dioscorea chouardii,57.884724
CBN-Pla-B5-20190814,1,1395870,Salix retusa,65.361679
CBN-Pla-B5-20190814,2,1741880,Salix serpillifolia,64.145470
CBN-Pla-B5-20190814,3,1397043,Veronica alpina,63.535435
CBN-Pla-B5-20200723,1,1397049,Veronica fruticans,63.726795
CBN-Pla-B5-20200723,2,1397043,Veronica alpina,62.259254
CBN-Pla-B5-20200723,3,1395807,Salix herbacea,61.513786
CBN-Pla-B5-20200814,1,1397043,Veronica alpina,63.475601
CBN-Pla-B5-20200814,2,1741880,Salix serpillifolia,62.327362
CBN-Pla-B5-20200814,3,1395870,Salix retusa,61.594936
CBN-Pla-B6-20130724,1,1396144,Sedum alpestre,64.875336
CBN-Pla-B6-20130724,2,1358099,Sedum brevifolium,59.608543
CBN-Pla-B6-20130724,3,1397491,Sedum atratum,59.306458
CBN-Pla-B6-20130808,1,1396144,Sedum alpestre,65.958450
CBN-Pla-B6-20130808,2,1396253,Sibbaldia procumbens,64.382271
CBN-Pla-B6-20130808,3,1397491,Sedum atratum,62.489185
CBN-Pla-B6-20130904,1,1396144,Sedum alpestre,67.594978
CBN-Pla-B6-20130904,2,1396253,Sibbaldia procumbens,61.813381
CBN-Pla-B6-20130904,3,1395807,Salix herbacea,61.134792
CBN-Pla-B6-20140722,1,1396144,Sedum alpestre,64.406967
CBN-Pla-B6-20140722,2,1396180,Sempervivum montanum,60.694588
CBN-Pla-B6-20140722,3,1397491,Sedum atratum,60.078640
CBN-Pla-B6-20140812,1,1396144,Sedum alpestre,67.395584
CBN-Pla-B6-20140812,2,1396253,Sibbaldia procumbens,62.119675
CBN-Pla-B6-20140812,3,1396023,Saxifraga praetermissa,61.914192
CBN-Pla-B6-20140902,1,1396144,Sedum alpestre,66.784286
CBN-Pla-B6-20140902,2,1396015,Saxifraga moschata,64.284866
CBN-Pla-B6-20140902,3,1396663,Taraxacum pyrenaicum,63.224007
CBN-Pla-B6-20150702,1,1396253,Sibbaldia procumbens,60.806908
CBN-Pla-B6-20150702,2,1395940,Saxifraga aizoides,59.435295
CBN-Pla-B6-20150702,3,1687875,Saxifraga babiana,58.434914
CBN-Pla-B6-20150723,1,1396144,Sedum alpestre,63.809235
CBN-Pla-B6-20150723,2,1395807,Salix herbacea,62.701859
CBN-Pla-B6-20150723,3,1395940,Saxifraga aizoides,62.069141
CBN-Pla-B6-20150811,1,1396144,Sedum alpestre,66.426643
CBN-Pla-B6-20150811,2,1396663,Taraxacum pyrenaicum,62.108383
CBN-Pla-B6-20150811,3,1396015,Saxifraga moschata,61.843189
CBN-Pla-B6-20150901,1,1396015,Saxifraga moschata,64.266495
CBN-Pla-B6-20150901,2,1396253,Sibbaldia procumbens,63.143921
CBN-Pla-B6-20150901,3,1396843,Trifolium alpinum,62.649662
CBN-Pla-B6-20160707,1,1396144,Sedum alpestre,64.614258
CBN-Pla-B6-20160707,2,1396015,Saxifraga moschata,62.077839
CBN-Pla-B6-20160707,3,1395973,Saxifraga exarata,61.241455
CBN-Pla-B6-20160728,1,1396015,Saxifraga moschata,64.265411
CBN-Pla-B6-20160728,2,1396144,Sedum alpestre,63.046211
CBN-Pla-B6-20160728,3,1395973,Saxifraga exarata,62.962536
CBN-Pla-B6-20180816,1,1396144,Sedum alpestre,65.156944
CBN-Pla-B6-20180816,2,1395987,Saxifraga hariotii,63.004963
CBN-Pla-B6-20180816,3,1396015,Saxifraga moschata,62.637909
CBN-Pla-B6-20180906,1,1396144,Sedum alpestre,65.745895
CBN-Pla-B6-20180906,2,1396015,Saxifraga moschata,65.488831
CBN-Pla-B6-20180906,3,1395940,Saxifraga aizoides,64.527901
CBN-Pla-B6-20190723,1,1396144,Sedum alpestre,64.201988
CBN-Pla-B6-20190723,2,1396253,Sibbaldia procumbens,62.125156
CBN-Pla-B6-20190723,3,1395807,Salix herbacea,61.542618
CBN-Pla-B6-20190814,1,1396015,Saxifraga moschata,65.233459
CBN-Pla-B6-20190814,2,1396144,Sedum alpestre,63.970512
CBN-Pla-B6-20190814,3,1395973,Saxifraga exarata,62.104271
CBN-Pla-B6-20200723,1,1396144,Sedum alpestre,64.435806
CBN-Pla-B6-20200723,2,1388766,Botrychium simplex,60.999077
CBN-Pla-B6-20200723,3,1395807,Salix herbacea,60.998356
CBN-Pla-B6-20200814,1,1396144,Sedum alpestre,63.892166
CBN-Pla-B6-20200814,2,1396015,Saxifraga moschata,62.956360
CBN-Pla-B6-20200814,3,1395807,Salix herbacea,62.448719
CBN-Pla-C1-20130808,1,1392534,Gentiana acaulis,63.049896
CBN-Pla-C1-20130808,2,1741880,Salix serpillifolia,63.026733
CBN-Pla-C1-20130808,3,1395870,Salix retusa,62.965950
CBN-Pla-C1-20130904,1,1395870,Salix retusa,64.949554
CBN-Pla-C1-20130904,2,1741880,Salix serpillifolia,63.430717
CBN-Pla-C1-20130904,3,1400017,Armeria linkiana,60.305702
CBN-Pla-C1-20150702,1,1741880,Salix serpillifolia,60.971645
CBN-Pla-C1-20150702,2,1396253,Sibbaldia procumbens,59.285671
CBN-Pla-C1-20150702,3,1392534,Gentiana acaulis,59.172894
CBN-Pla-C1-20150723,1,1395870,Salix retusa,64.278770
CBN-Pla-C1-20150723,2,1741880,Salix serpillifolia,63.212906
CBN-Pla-C1-20150723,3,1392534,Gentiana acaulis,62.476242
CBN-Pla-C1-20150811,1,1741880,Salix serpillifolia,64.045448
CBN-Pla-C1-20150811,2,1395870,Salix retusa,62.102890
CBN-Pla-C1-20150811,3,1393224,Hydrocotyle bonariensis,60.224209
CBN-Pla-C1-20150901,1,1742053,Omalotheca hoppeana,65.164551
CBN-Pla-C1-20150901,2,1741880,Salix serpillifolia,63.637543
CBN-Pla-C1-20150901,3,1395870,Salix retusa,63.567841
CBN-Pla-C1-20160707,1,1741880,Salix serpillifolia,64.645798
CBN-Pla-C1-20160707,2,1395870,Salix retusa,62.453484
CBN-Pla-C1-20160707,3,1394911,Primula integrifolia,61.056744
CBN-Pla-C1-20160728,1,1395870,Salix retusa,64.519547
CBN-Pla-C1-20160728,2,1741880,Salix serpillifolia,64.279167
CBN-Pla-C1-20160728,3,1394911,Primula integrifolia,61.820770
CBN-Pla-C1-20180816,1,1395870,Salix retusa,64.386032
CBN-Pla-C1-20180816,2,1741624,Lotus alpinus,63.673103
CBN-Pla-C1-20180816,3,1741880,Salix serpillifolia,63.470150
CBN-Pla-C1-20180906,1,1741880,Salix serpillifolia,63.112617
CBN-Pla-C1-20180906,2,1395870,Salix retusa,62.259682
CBN-Pla-C1-20180906,3,1392534,Gentiana acaulis,62.098873
CBN-Pla-C1-20190723,1,1741880,Salix serpillifolia,64.003311
CBN-Pla-C1-20190723,2,1392534,Gentiana acaulis,63.661037
CBN-Pla-C1-20190723,3,1395870,Salix retusa,63.318024
CBN-Pla-C1-20190814,1,1400176,Bistorta vivipara,64.867935
CBN-Pla-C1-20190814,2,1741880,Salix serpillifolia,64.043350
CBN-Pla-C1-20190814,3,1395870,Salix retusa,63.825142
CBN-Pla-C1-20200723,1,1395870,Salix retusa,65.596207
CBN-Pla-C1-20200723,2,1741880,Salix serpillifolia,62.660713
CBN-Pla-C1-20200723,3,1393200,Homogyne alpina,60.544983
CBN-Pla-C1-20200814,1,1741880,Salix serpillifolia,61.300648
CBN-Pla-C1-20200814,2,1412857,Omalotheca supina,60.873997
CBN-Pla-C1-20200814,3,1395870,Salix retusa,60.617863
CBN-Pla-C2-20130808,1,1396253,Sibbaldia procumbens,64.441460
CBN-Pla-C2-20130808,2,1741880,Salix serpillifolia,62.274754
CBN-Pla-C2-20130808,3,1395807,Salix herbacea,60.529198
CBN-Pla-C2-20130904,1,1741880,Salix serpillifolia,64.818085
CBN-Pla-C2-20130904,2,1395870,Salix retusa,64.479889
CBN-Pla-C2-20130904,3,1412857,Omalotheca supina,60.646206
CBN-Pla-C2-20140722,1,1395949,Saxifraga bryoides,59.512848
CBN-Pla-C2-20140722,2,1743359,Narthecium reverchonii,58.829227
CBN-Pla-C2-20140722,3,1397513,Tofieldia pusilla,58.260197
CBN-Pla-C2-20140902,1,1412857,Omalotheca supina,64.112099
CBN-Pla-C2-20140902,2,1395870,Salix retusa,63.886139
CBN-Pla-C2-20140902,3,1741880,Salix serpillifolia,63.594101
CBN-Pla-C2-20150702,1,1395870,Salix retusa,61.702072
CBN-Pla-C2-20150702,2,1741880,Salix serpillifolia,61.100647
CBN-Pla-C2-20150702,3,1396144,Sedum alpestre,58.390045
CBN-Pla-C2-20150723,1,1741880,Salix serpillifolia,63.800262
CBN-Pla-C2-20150723,2,1395870,Salix retusa,63.601452
CBN-Pla-C2-20150723,3,1395807,Salix herbacea,60.408237
CBN-Pla-C2-20150811,1,1741880,Salix serpillifolia,65.551514
CBN-Pla-C2-20150811,2,1395870,Salix retusa,64.052742
CBN-Pla-C2-20150811,3,1394643,Antennaria dioica,60.435753
CBN-Pla-C2-20150901,1,1394542,Phyteuma hemisphaericum,68.357437
CBN-Pla-C2-20150901,2,1741880,Salix serpillifolia,63.805817
CBN-Pla-C2-20150901,3,1395870,Salix retusa,63.029255
CBN-Pla-C2-20160707,1,1361141,Agrostis rupestris,59.265118
CBN-Pla-C2-20160707,2,1393619,Logfia minima,59.044930
CBN-Pla-C2-20160707,3,1394311,Oreochloa disticha,59.001328
CBN-Pla-C2-20160728,1,1400176,Bistorta vivipara,61.965492
CBN-Pla-C2-20160728,2,1412857,Omalotheca supina,61.633904
CBN-Pla-C2-20160728,3,1742053,Omalotheca hoppeana,61.471600
CBN-Pla-C2-20180724,1,1412857,Omalotheca supina,59.733284
CBN-Pla-C2-20180724,2,1744194,Bouteloua dactyloides,58.322620
CBN-Pla-C2-20180724,3,1390837,Carex humilis,58.113430
CBN-Pla-C2-20180816,1,1412857,Omalotheca supina,64.285065
CBN-Pla-C2-20180816,2,1396253,Sibbaldia procumbens,63.887108
CBN-Pla-C2-20180816,3,1400176,Bistorta vivipara,61.665077
CBN-Pla-C2-20180906,1,1412857,Omalotheca supina,64.450089
CBN-Pla-C2-20180906,2,1396253,Sibbaldia procumbens,62.811447
CBN-Pla-C2-20180906,3,1742053,Omalotheca hoppeana,62.358864
CBN-Pla-C2-20190723,1,1396253,Sibbaldia procumbens,64.374886
CBN-Pla-C2-20190723,2,1392534,Gentiana acaulis,61.299545
CBN-Pla-C2-20190723,3,1394643,Antennaria dioica,60.897095
CBN-Pla-C2-20190814,1,1396253,Sibbaldia procumbens,63.085327
CBN-Pla-C2-20190814,2,1397046,Veronica bellidioides,62.684391
CBN-Pla-C2-20190814,3,1397043,Veronica alpina,62.566723
CBN-Pla-C2-20200723,1,1396253,Sibbaldia procumbens,64.470383
CBN-Pla-C2-20200723,2,1412857,Omalotheca supina,63.617641
CBN-Pla-C2-20200723,3,1450108,Baldellia alpestris,62.806244
CBN-Pla-C2-20200814,1,1742053,Omalotheca hoppeana,64.531517
CBN-Pla-C2-20200814,2,1396253,Sibbaldia procumbens,64.192902
CBN-Pla-C2-20200814,3,1395807,Salix herbacea,61.694698
CBN-Pla-C3-20130808,1,1395807,Salix herbacea,62.469650
CBN-Pla-C3-20130808,2,1400176,Bistorta vivipara,61.975475
CBN-Pla-C3-20130808,3,1394643,Antennaria dioica,61.254219
CBN-Pla-C3-20130904,1,1400176,Bistorta vivipara,63.320404
CBN-Pla-C3-20130904,2,1363133,Triglochin striata,60.365433
CBN-Pla-C3-20130904,3,1392767,Heteranthera reniformis,60.302536
CBN-Pla-C3-20140722,1,1395870,Salix retusa,58.360397
CBN-Pla-C3-20140722,2,1356359,Asplenium septentrionale,57.777470
CBN-Pla-C3-20140722,3,1390837,Carex humilis,57.618084
CBN-Pla-C3-20140902,1,1400176,Bistorta vivipara,63.440845
CBN-Pla-C3-20140902,2,1741880,Salix serpillifolia,62.411346
CBN-Pla-C3-20140902,3,1395870,Salix retusa,61.793705
CBN-Pla-C3-20150702,1,1407739,Bromus catharticus,60.657627
CBN-Pla-C3-20150702,2,1396094,Arenaria biflora,59.667648
CBN-Pla-C3-20150702,3,1741932,Facchinia rupestris,57.179329
CBN-Pla-C3-20150723,1,1400176,Bistorta vivipara,64.196854
CBN-Pla-C3-20150723,2,1741880,Salix serpillifolia,62.118813
CBN-Pla-C3-20150723,3,1359835,Parnassia palustris,61.654415
CBN-Pla-C3-20150811,1,1400176,Bistorta vivipara,63.656395
CBN-Pla-C3-20150811,2,1395807,Salix herbacea,61.709114
CBN-Pla-C3-20150811,3,1741880,Salix serpillifolia,61.483498
CBN-Pla-C3-20150901,1,1412857,Omalotheca supina,63.892006
CBN-Pla-C3-20150901,2,1741880,Salix serpillifolia,63.608871
CBN-Pla-C3-20150901,3,1400176,Bistorta vivipara,62.522221
CBN-Pla-C3-20160707,1,1394643,Antennaria dioica,61.460373
CBN-Pla-C3-20160707,2,1361703,Posidonia oceanica,61.131279
CBN-Pla-C3-20160707,3,1390793,Carex curvula,59.967392
CBN-Pla-C3-20160728,1,1741880,Salix serpillifolia,64.907036
CBN-Pla-C3-20160728,2,1395870,Salix retusa,64.166046
CBN-Pla-C3-20160728,3,1397043,Veronica alpina,62.805183
CBN-Pla-C3-20180724,1,1418688,Arctous alpina,57.699631
CBN-Pla-C3-20180724,2,1532190,Carex rorulenta,56.781155
CBN-Pla-C3-20180724,3,1390904,Carex rupestris,56.387493
CBN-Pla-C3-20180816,1,1412857,Omalotheca supina,64.620171
CBN-Pla-C3-20180816,2,1742053,Omalotheca hoppeana,63.480598
CBN-Pla-C3-20180816,3,1400176,Bistorta vivipara,62.713245
CBN-Pla-C3-20180906,1,1741880,Salix serpillifolia,63.873314
CBN-Pla-C3-20180906,2,1390899,Carex pyrenaica,63.242386
CBN-Pla-C3-20180906,3,1412857,Omalotheca supina,62.969418
CBN-Pla-C3-20190723,1,1741880,Salix serpillifolia,64.855873
CBN-Pla-C3-20190723,2,1395807,Salix herbacea,61.752640
CBN-Pla-C3-20190723,3,1395870,Salix retusa,61.047398
CBN-Pla-C3-20190814,1,1741880,Salix serpillifolia,64.049667
CBN-Pla-C3-20190814,2,1361367,Poa alpina,62.098766
CBN-Pla-C3-20190814,3,1394655,Poa badensis,61.913269
CBN-Pla-C3-20200723,1,1400176,Bistorta vivipara,64.473015
CBN-Pla-C3-20200723,2,1741880,Salix serpillifolia,64.032288
CBN-Pla-C3-20200723,3,1395870,Salix retusa,62.533581
CBN-Pla-C3-20200814,1,1400176,Bistorta vivipara,63.977409
CBN-Pla-C3-20200814,2,1741880,Salix serpillifolia,63.138374
CBN-Pla-C3-20200814,3,1390899,Carex pyrenaica,62.985287
CBN-Pla-C4-20130808,1,1395807,Salix herbacea,62.479500
CBN-Pla-C4-20130808,2,1396253,Sibbaldia procumbens,61.983570
CBN-Pla-C4-20130808,3,1363543,Stenotaphrum secundatum,60.832184
CBN-Pla-C4-20130904,1,1360748,Hydrocotyle vulgaris,62.311272
CBN-Pla-C4-20130904,2,1395807,Salix herbacea,59.674965
CBN-Pla-C4-20130904,3,1363133,Triglochin striata,59.020744
CBN-Pla-C4-20140902,1,1361099,Isolepis cernua,62.664936
CBN-Pla-C4-20140902,2,1395807,Salix herbacea,60.447388
CBN-Pla-C4-20140902,3,1361367,Poa alpina,59.751793
CBN-Pla-C4-20150702,1,1390811,Carex ericetorum,59.496780
CBN-Pla-C4-20150702,2,1392565,Gentiana terglouensis,58.790581
CBN-Pla-C4-20150702,3,1392241,Alchemilla pentaphyllea,58.695557
CBN-Pla-C4-20150723,1,1395807,Salix herbacea,61.100655
CBN-Pla-C4-20150723,2,1400017,Armeria linkiana,59.784122
CBN-Pla-C4-20150723,3,1363543,Stenotaphrum secundatum,58.809425
CBN-Pla-C4-20150811,1,1396843,Trifolium alpinum,62.453583
CBN-Pla-C4-20150811,2,1395870,Salix retusa,60.898193
CBN-Pla-C4-20150811,3,1395807,Salix herbacea,60.648243
CBN-Pla-C4-20150901,1,1396869,Trifolium thalii,60.794022
CBN-Pla-C4-20150901,2,1395807,Salix herbacea,60.764217
CBN-Pla-C4-20150901,3,1412857,Omalotheca supina,60.341206
CBN-Pla-C4-20160707,1,1397500,Soldanella alpina,62.825153
CBN-Pla-C4-20160707,2,1397106,Vicia pyrenaica,62.266640
CBN-Pla-C4-20160707,3,1397353,Claytonia perfoliata,61.508724
CBN-Pla-C4-20160728,1,1395807,Salix herbacea,62.976540
CBN-Pla-C4-20160728,2,1397043,Veronica alpina,62.358181
CBN-Pla-C4-20160728,3,1397046,Veronica bellidioides,61.901505
CBN-Pla-C4-20180724,1,1397500,Soldanella alpina,59.796940
CBN-Pla-C4-20180724,2,1396253,Sibbaldia procumbens,58.591164
CBN-Pla-C4-20180724,3,1390837,Carex humilis,56.379066
CBN-Pla-C4-20180816,1,1396253,Sibbaldia procumbens,64.865036
CBN-Pla-C4-20180816,2,1412857,Omalotheca supina,62.470131
CBN-Pla-C4-20180816,3,1397500,Soldanella alpina,62.224300
CBN-Pla-C4-20180906,1,1396253,Sibbaldia procumbens,65.030777
CBN-Pla-C4-20180906,2,1395807,Salix herbacea,62.629929
CBN-Pla-C4-20180906,3,1397500,Soldanella alpina,62.282051
CBN-Pla-C4-20190723,1,1396253,Sibbaldia procumbens,63.536118
CBN-Pla-C4-20190723,2,1395807,Salix herbacea,61.457012
CBN-Pla-C4-20190723,3,1393200,Homogyne alpina,60.311337
CBN-Pla-C4-20190814,1,1396253,Sibbaldia procumbens,63.938667
CBN-Pla-C4-20190814,2,1397500,Soldanella alpina,62.429588
CBN-Pla-C4-20190814,3,1395807,Salix herbacea,62.178509
CBN-Pla-C4-20200723,1,1396253,Sibbaldia procumbens,64.573753
CBN-Pla-C4-20200723,2,1397043,Veronica alpina,63.509964
CBN-Pla-C4-20200723,3,1741880,Salix serpillifolia,61.708771
CBN-Pla-C4-20200814,1,1742053,Omalotheca hoppeana,65.623093
CBN-Pla-C4-20200814,2,1412857,Omalotheca supina,65.071632
CBN-Pla-C4-20200814,3,1396253,Sibbaldia procumbens,63.269222
CBN-Pla-C5-20130808,1,1395807,Salix herbacea,62.370449
CBN-Pla-C5-20130808,2,1396144,Sedum alpestre,62.014534
CBN-Pla-C5-20130808,3,1393947,Neottia cordata,61.245796
CBN-Pla-C5-20130904,1,1396144,Sedum alpestre,65.241295
CBN-Pla-C5-20130904,2,1395807,Salix herbacea,61.617538
CBN-Pla-C5-20130904,3,1397491,Sedum atratum,60.613838
CBN-Pla-C5-20140722,1,1396144,Sedum alpestre,65.370453
CBN-Pla-C5-20140722,2,1397491,Sedum atratum,58.991146
CBN-Pla-C5-20140722,3,1362489,Sedum anglicum,58.914364
CBN-Pla-C5-20140902,1,1396144,Sedum alpestre,64.761765
CBN-Pla-C5-20140902,2,1396869,Trifolium thalii,61.767628
CBN-Pla-C5-20140902,3,1362482,Phleum alpinum,61.439171
CBN-Pla-C5-20150702,1,1396144,Sedum alpestre,60.993385
CBN-Pla-C5-20150702,2,1609716,Epilobium komarovianum,59.996155
CBN-Pla-C5-20150702,3,1393224,Hydrocotyle bonariensis,58.861275
CBN-Pla-C5-20150723,1,1395807,Salix herbacea,62.122356
CBN-Pla-C5-20150723,2,1396144,Sedum alpestre,62.107399
CBN-Pla-C5-20150723,3,1359108,Astragalus depressus,60.367260
CBN-Pla-C5-20150811,1,1396144,Sedum alpestre,66.581024
CBN-Pla-C5-20150811,2,1396869,Trifolium thalii,64.171227
CBN-Pla-C5-20150811,3,1395807,Salix herbacea,60.843090
CBN-Pla-C5-20150901,1,1396869,Trifolium thalii,64.498993
CBN-Pla-C5-20150901,2,1396144,Sedum alpestre,62.892578
CBN-Pla-C5-20150901,3,1742053,Omalotheca hoppeana,62.766510
CBN-Pla-C5-20160707,1,1399800,Pinguicula nevadensis,60.142815
CBN-Pla-C5-20160707,2,1395807,Salix herbacea,59.586922
CBN-Pla-C5-20160707,3,1388766,Botrychium simplex,59.571190
CBN-Pla-C5-20160728,1,1395807,Salix herbacea,61.821648
CBN-Pla-C5-20160728,2,1359835,Parnassia palustris,59.655113
CBN-Pla-C5-20160728,3,1394366,Oxyria digyna,58.964386
CBN-Pla-C5-20180724,1,1396144,Sedum alpestre,57.261368
CBN-Pla-C5-20180724,2,1361374,Poa ligulata,56.884338
CBN-Pla-C5-20180724,3,1390783,Carex cespitosa,56.370094
CBN-Pla-C5-20180816,1,1395807,Salix herbacea,61.372562
CBN-Pla-C5-20180816,2,1394366,Oxyria digyna,58.177116
CBN-Pla-C5-20180816,3,1397675,Senecio soldanella,57.407242
CBN-Pla-C5-20180906,1,1395807,Salix herbacea,63.143776
CBN-Pla-C5-20180906,2,1397513,Tofieldia pusilla,58.723377
CBN-Pla-C5-20180906,3,1412857,Omalotheca supina,58.706707
CBN-Pla-C5-20190723,1,1395807,Salix herbacea,60.750362
CBN-Pla-C5-20190723,2,1647156,Armeria humilis,59.315857
CBN-Pla-C5-20190723,3,1363543,Stenotaphrum secundatum,59.199371
CBN-Pla-C5-20190814,1,1742053,Omalotheca hoppeana,63.472809
CBN-Pla-C5-20190814,2,1395807,Salix herbacea,62.764587
CBN-Pla-C5-20190814,3,1412857,Omalotheca supina,62.586510
CBN-Pla-C5-20200723,1,1742053,Omalotheca hoppeana,64.916229
CBN-Pla-C5-20200723,2,1412857,Omalotheca supina,64.176186
CBN-Pla-C5-20200723,3,1395807,Salix herbacea,63.633896
CBN-Pla-C5-20200814,1,1395807,Salix herbacea,60.712612
CBN-Pla-C5-20200814,2,1361141,Agrostis rupestris,60.016701
CBN-Pla-C5-20200814,3,1394311,Oreochloa disticha,59.549568
CBN-Pla-C6-20130808,1,1396253,Sibbaldia procumbens,64.760292
CBN-Pla-C6-20130808,2,1395807,Salix herbacea,62.424812
CBN-Pla-C6-20130808,3,1361347,Nardus stricta,59.589027
CBN-Pla-C6-20130904,1,1396253,Sibbaldia procumbens,63.552658
CBN-Pla-C6-20130904,2,1395807,Salix herbacea,61.984394
CBN-Pla-C6-20130904,3,1395870,Salix retusa,61.555786
CBN-Pla-C6-20140902,1,1395807,Salix herbacea,60.673500
CBN-Pla-C6-20140902,2,1388766,Botrychium simplex,60.496452
CBN-Pla-C6-20140902,3,1363543,Stenotaphrum secundatum,60.429123
CBN-Pla-C6-20150702,1,1396253,Sibbaldia procumbens,59.101368
CBN-Pla-C6-20150702,2,1363543,Stenotaphrum secundatum,57.568474
CBN-Pla-C6-20150702,3,1418688,Arctous alpina,57.428711
CBN-Pla-C6-20150723,1,1395870,Salix retusa,61.466251
CBN-Pla-C6-20150723,2,1395807,Salix herbacea,61.202950
CBN-Pla-C6-20150723,3,1741880,Salix serpillifolia,60.401909
CBN-Pla-C6-20150811,1,1395807,Salix herbacea,60.813576
CBN-Pla-C6-20150811,2,1394366,Oxyria digyna,60.514999
CBN-Pla-C6-20150811,3,1396253,Sibbaldia procumbens,60.403275
CBN-Pla-C6-20150901,1,1742053,Omalotheca hoppeana,65.321983
CBN-Pla-C6-20150901,2,1396253,Sibbaldia procumbens,63.848267
CBN-Pla-C6-20150901,3,1390793,Carex curvula,63.489143
CBN-Pla-C6-20160707,1,1396253,Sibbaldia procumbens,63.218590
CBN-Pla-C6-20160707,2,1741880,Salix serpillifolia,59.458107
CBN-Pla-C6-20160707,3,1363543,Stenotaphrum secundatum,58.184856
CBN-Pla-C6-20160728,1,1396253,Sibbaldia procumbens,61.778778
CBN-Pla-C6-20160728,2,1395807,Salix herbacea,61.671112
CBN-Pla-C6-20160728,3,1395870,Salix retusa,59.642288
CBN-Pla-C6-20180724,1,1391781,Draba subnivalis,61.508018
CBN-Pla-C6-20180724,2,1396253,Sibbaldia procumbens,60.120766
CBN-Pla-C6-20180724,3,1391774,Draba loiseleurii,59.650440
CBN-Pla-C6-20180816,1,1396253,Sibbaldia procumbens,62.683155
CBN-Pla-C6-20180816,2,1395807,Salix herbacea,61.697762
CBN-Pla-C6-20180816,3,1741880,Salix serpillifolia,59.737309
CBN-Pla-C6-20180906,1,1412857,Omalotheca supina,64.508965
CBN-Pla-C6-20180906,2,1742053,Omalotheca hoppeana,63.370037
CBN-Pla-C6-20180906,3,1395807,Salix herbacea,62.255394
CBN-Pla-C6-20190723,1,1395807,Salix herbacea,61.719421
CBN-Pla-C6-20190723,2,1395870,Salix retusa,59.103325
CBN-Pla-C6-20190723,3,1741880,Salix serpillifolia,59.069172
CBN-Pla-C6-20190814,1,1396253,Sibbaldia procumbens,62.762924
CBN-Pla-C6-20190814,2,1395807,Salix herbacea,62.293701
CBN-Pla-C6-20190814,3,1741880,Salix serpillifolia,60.475208
CBN-Pla-C6-20200723,1,1396253,Sibbaldia procumbens,65.368607
CBN-Pla-C6-20200723,2,1396144,Sedum alpestre,64.123505
CBN-Pla-C6-20200723,3,1395807,Salix herbacea,63.514236
CBN-Pla-C6-20200814,1,1395807,Salix herbacea,62.201500
CBN-Pla-C6-20200814,2,1741880,Salix serpillifolia,61.607174
CBN-Pla-C6-20200814,3,1395870,Salix retusa,61.422073
CBN-Pla-D1-20130808,1,1396253,Sibbaldia procumbens,64.137352
CBN-Pla-D1-20130808,2,1395807,Salix herbacea,61.278805
CBN-Pla-D1-20130808,3,1412857,Omalotheca supina,61.106670
CBN-Pla-D1-20130904,1,1396253,Sibbaldia procumbens,63.675495
CBN-Pla-D1-20130904,2,1396144,Sedum alpestre,62.805889
CBN-Pla-D1-20130904,3,1395807,Salix herbacea,60.801895
CBN-Pla-D1-20140722,1,1396253,Sibbaldia procumbens,60.334538
CBN-Pla-D1-20140722,2,1395940,Saxifraga aizoides,57.536751
CBN-Pla-D1-20140722,3,1390811,Carex ericetorum,56.794857
CBN-Pla-D1-20140902,1,1395870,Salix retusa,62.982395
CBN-Pla-D1-20140902,2,1396253,Sibbaldia procumbens,62.474495
CBN-Pla-D1-20140902,3,1741880,Salix serpillifolia,62.441124
CBN-Pla-D1-20150702,1,1744194,Bouteloua dactyloides,62.931591
CBN-Pla-D1-20150702,2,1396253,Sibbaldia procumbens,59.019875
CBN-Pla-D1-20150702,3,1392565,Gentiana terglouensis,58.853104
CBN-Pla-D1-20150723,1,1741880,Salix serpillifolia,64.177521
CBN-Pla-D1-20150723,2,1395870,Salix retusa,61.964687
CBN-Pla-D1-20150723,3,1396253,Sibbaldia procumbens,61.111755
CBN-Pla-D1-20150811,1,1396253,Sibbaldia procumbens,61.801868
CBN-Pla-D1-20150811,2,1395807,Salix herbacea,61.593910
CBN-Pla-D1-20150811,3,1395870,Salix retusa,60.933792
CBN-Pla-D1-20150901,1,1396253,Sibbaldia procumbens,63.532906
CBN-Pla-D1-20150901,2,1396869,Trifolium thalii,61.500454
CBN-Pla-D1-20150901,3,1395807,Salix herbacea,61.151260
CBN-Pla-D1-20160707,1,1396253,Sibbaldia procumbens,63.058685
CBN-Pla-D1-20160707,2,1412857,Omalotheca supina,62.433067
CBN-Pla-D1-20160707,3,1361347,Nardus stricta,59.986038
CBN-Pla-D1-20160728,1,1396253,Sibbaldia procumbens,62.293438
CBN-Pla-D1-20160728,2,1395807,Salix herbacea,61.331532
CBN-Pla-D1-20160728,3,1395718,Sagina saginoides,61.231720
CBN-Pla-D1-20180724,1,1361347,Nardus stricta,59.732491
CBN-Pla-D1-20180724,2,1412857,Omalotheca supina,58.902126
CBN-Pla-D1-20180724,3,1397279,Alchemilla alpina,58.094418
CBN-Pla-D1-20180816,1,1400176,Bistorta vivipara,61.961884
CBN-Pla-D1-20180816,2,1395807,Salix herbacea,61.918804
CBN-Pla-D1-20180816,3,1397043,Veronica alpina,61.359848
CBN-Pla-D1-20180906,1,1412857,Omalotheca supina,62.876110
CBN-Pla-D1-20180906,2,1397450,Orthilia secunda,61.770702
CBN-Pla-D1-20180906,3,1396869,Trifolium thalii,61.263981
CBN-Pla-D1-20190723,1,1742053,Omalotheca hoppeana,59.598949
CBN-Pla-D1-20190723,2,1412857,Omalotheca supina,59.342606
CBN-Pla-D1-20190723,3,1396253,Sibbaldia procumbens,59.328224
CBN-Pla-D1-20190814,1,1394311,Oreochloa disticha,63.471764
CBN-Pla-D1-20190814,2,1741880,Salix serpillifolia,62.574127
CBN-Pla-D1-20190814,3,1412857,Omalotheca supina,62.520660
CBN-Pla-D1-20200723,1,1742053,Omalotheca hoppeana,61.234653
CBN-Pla-D1-20200723,2,1412857,Omalotheca supina,60.694866
CBN-Pla-D1-20200723,3,1394911,Primula integrifolia,59.394302
CBN-Pla-D1-20200814,1,1742053,Omalotheca hoppeana,65.583412
CBN-Pla-D1-20200814,2,1412857,Omalotheca supina,65.253693
CBN-Pla-D1-20200814,3,1394311,Oreochloa disticha,64.126785
CBN-Pla-D2-20130808,1,1361347,Nardus stricta,61.550621
CBN-Pla-D2-20130808,2,1396253,Sibbaldia procumbens,61.510689
CBN-Pla-D2-20130808,3,1395807,Salix herbacea,60.809223
CBN-Pla-D2-20130904,1,1396843,Trifolium alpinum,62.191425
CBN-Pla-D2-20130904,2,1400176,Bistorta vivipara,61.201511
CBN-Pla-D2-20130904,3,1359531,Trifolium uniflorum,60.571480
CBN-Pla-D2-20140722,1,1392541,Gentiana brachyphylla,58.605186
CBN-Pla-D2-20140722,2,1396253,Sibbaldia procumbens,58.077850
CBN-Pla-D2-20140722,3,1390837,Carex humilis,57.633617
CBN-Pla-D2-20140902,1,1396843,Trifolium alpinum,63.116589
CBN-Pla-D2-20140902,2,1393200,Homogyne alpina,61.739853
CBN-Pla-D2-20140902,3,1363133,Triglochin striata,60.111427
CBN-Pla-D2-20150702,1,1418612,Carex firma,61.038208
CBN-Pla-D2-20150702,2,1391092,Cerastium tomentosum,59.713009
CBN-Pla-D2-20150702,3,1396253,Sibbaldia procumbens,58.791626
CBN-Pla-D2-20150723,1,1396843,Trifolium alpinum,65.276512
CBN-Pla-D2-20150723,2,1396253,Sibbaldia procumbens,62.003387
CBN-Pla-D2-20150723,3,1395807,Salix herbacea,61.325878
CBN-Pla-D2-20150811,1,1395807,Salix herbacea,61.893742
CBN-Pla-D2-20150811,2,1743471,Festuca glacialis,61.287048
CBN-Pla-D2-20150811,3,1396843,Trifolium alpinum,60.737701
CBN-Pla-D2-20150901,1,1396843,Trifolium alpinum,63.626228
CBN-Pla-D2-20150901,2,1412857,Omalotheca supina,63.328033
CBN-Pla-D2-20150901,3,1742053,Omalotheca hoppeana,61.733700
CBN-Pla-D2-20160707,1,1396843,Trifolium alpinum,61.658119
CBN-Pla-D2-20160707,2,1742052,Leontopodium nivale,61.050671
CBN-Pla-D2-20160707,3,1395870,Salix retusa,60.923153
CBN-Pla-D2-20160728,1,1412857,Omalotheca supina,62.976730
CBN-Pla-D2-20160728,2,1742053,Omalotheca hoppeana,61.445286
CBN-Pla-D2-20160728,3,1400176,Bistorta vivipara,60.877884
CBN-Pla-D2-20180724,1,1412857,Omalotheca supina,59.136723
CBN-Pla-D2-20180724,2,1390837,Carex humilis,57.355209
CBN-Pla-D2-20180724,3,1647156,Armeria humilis,57.147530
CBN-Pla-D2-20180816,1,1412857,Omalotheca supina,63.598770
CBN-Pla-D2-20180816,2,1396253,Sibbaldia procumbens,63.323219
CBN-Pla-D2-20180816,3,1397043,Veronica alpina,63.017452
CBN-Pla-D2-20180906,1,1400176,Bistorta vivipara,65.031509
CBN-Pla-D2-20180906,2,1396253,Sibbaldia procumbens,64.143219
CBN-Pla-D2-20180906,3,1396843,Trifolium alpinum,63.596954
CBN-Pla-D2-20190723,1,1742053,Omalotheca hoppeana,62.138428
CBN-Pla-D2-20190723,2,1395807,Salix herbacea,61.794609
CBN-Pla-D2-20190723,3,1400176,Bistorta vivipara,61.500462
CBN-Pla-D2-20190814,1,1396253,Sibbaldia procumbens,64.007324
CBN-Pla-D2-20190814,2,1742053,Omalotheca hoppeana,63.306385
CBN-Pla-D2-20190814,3,1396843,Trifolium alpinum,62.897240
CBN-Pla-D2-20200723,1,1400176,Bistorta vivipara,63.374252
CBN-Pla-D2-20200723,2,1396843,Trifolium alpinum,62.483570
CBN-Pla-D2-20200723,3,1396253,Sibbaldia procumbens,62.070702
CBN-Pla-D2-20200814,1,1392552,Gentiana nivalis,66.579506
CBN-Pla-D2-20200814,2,1742053,Omalotheca hoppeana,66.395081
CBN-Pla-D2-20200814,3,1400176,Bistorta vivipara,65.900711
CBN-Pla-D3-20130808,1,1395870,Salix retusa,64.335686
CBN-Pla-D3-20130808,2,1741880,Salix serpillifolia,64.279259
CBN-Pla-D3-20130808,3,1395807,Salix herbacea,61.885155
CBN-Pla-D3-20130904,1,1741880,Salix serpillifolia,66.600883
CBN-Pla-D3-20130904,2,1395870,Salix retusa,66.009171
CBN-Pla-D3-20130904,3,1396253,Sibbaldia procumbens,61.058086
CBN-Pla-D3-20140722,1,1363133,Triglochin striata,59.422935
CBN-Pla-D3-20140722,2,1397376,Ephedra distachya,58.186329
CBN-Pla-D3-20140722,3,1390811,Carex ericetorum,58.039970
CBN-Pla-D3-20140902,1,1395870,Salix retusa,64.262100
CBN-Pla-D3-20140902,2,1396253,Sibbaldia procumbens,62.807167
CBN-Pla-D3-20140902,3,1741880,Salix serpillifolia,62.600594
CBN-Pla-D3-20150702,1,1407739,Bromus catharticus,61.369564
CBN-Pla-D3-20150702,2,1397500,Soldanella alpina,60.837685
CBN-Pla-D3-20150702,3,1396253,Sibbaldia procumbens,60.394478
CBN-Pla-D3-20150723,1,1741880,Salix serpillifolia,62.472393
CBN-Pla-D3-20150723,2,1395870,Salix retusa,62.370384
CBN-Pla-D3-20150723,3,1396253,Sibbaldia procumbens,60.338478
CBN-Pla-D3-20150811,1,1392534,Gentiana acaulis,63.648434
CBN-Pla-D3-20150811,2,1395870,Salix retusa,63.412743
CBN-Pla-D3-20150811,3,1396253,Sibbaldia procumbens,62.701118
CBN-Pla-D3-20150901,1,1395870,Salix retusa,64.903069
CBN-Pla-D3-20150901,2,1742053,Omalotheca hoppeana,63.771828
CBN-Pla-D3-20150901,3,1396253,Sibbaldia procumbens,63.623314
CBN-Pla-D3-20160707,1,1397500,Soldanella alpina,63.382545
CBN-Pla-D3-20160707,2,1396094,Arenaria biflora,60.057930
CBN-Pla-D3-20160707,3,1393200,Homogyne alpina,59.797222
CBN-Pla-D3-20160728,1,1395870,Salix retusa,64.245247
CBN-Pla-D3-20160728,2,1741880,Salix serpillifolia,64.003052
CBN-Pla-D3-20160728,3,1397500,Soldanella alpina,60.438347
CBN-Pla-D3-20180724,1,1390793,Carex curvula,57.687965
CBN-Pla-D3-20180724,2,1361347,Nardus stricta,57.254883
CBN-Pla-D3-20180724,3,1396253,Sibbaldia procumbens,57.236286
CBN-Pla-D3-20180816,1,1412857,Omalotheca supina,62.372574
CBN-Pla-D3-20180816,2,1741880,Salix serpillifolia,62.345070
CBN-Pla-D3-20180816,3,1396253,Sibbaldia procumbens,62.130657
CBN-Pla-D3-20180906,1,1396253,Sibbaldia procumbens,63.018692
CBN-Pla-D3-20180906,2,1395870,Salix retusa,62.058289
CBN-Pla-D3-20180906,3,1412857,Omalotheca supina,61.602703
CBN-Pla-D3-20190723,1,1741880,Salix serpillifolia,65.316437
CBN-Pla-D3-20190723,2,1395870,Salix retusa,62.894196
CBN-Pla-D3-20190723,3,1396253,Sibbaldia procumbens,62.024635
CBN-Pla-D3-20190814,1,1741880,Salix serpillifolia,65.217346
CBN-Pla-D3-20190814,2,1395870,Salix retusa,63.612610
CBN-Pla-D3-20190814,3,1396253,Sibbaldia procumbens,62.343872
CBN-Pla-D3-20200723,1,1396253,Sibbaldia procumbens,62.375946
CBN-Pla-D3-20200723,2,1400176,Bistorta vivipara,62.217121
CBN-Pla-D3-20200723,3,1741880,Salix serpillifolia,61.826523
CBN-Pla-D3-20200814,1,1392552,Gentiana nivalis,65.464050
CBN-Pla-D3-20200814,2,1741880,Salix serpillifolia,64.833527
CBN-Pla-D3-20200814,3,1397043,Veronica alpina,64.044991
CBN-Pla-D4-20130808,1,1741880,Salix serpillifolia,65.024033
CBN-Pla-D4-20130808,2,1395870,Salix retusa,63.114132
CBN-Pla-D4-20130808,3,1396253,Sibbaldia procumbens,62.652035
CBN-Pla-D4-20130904,1,1396144,Sedum alpestre,63.665451
CBN-Pla-D4-20130904,2,1396253,Sibbaldia procumbens,63.588017
CBN-Pla-D4-20130904,3,1397465,Polygala alpina,62.415234
CBN-Pla-D4-20140722,1,1396253,Sibbaldia procumbens,62.814087
CBN-Pla-D4-20140722,2,1395949,Saxifraga bryoides,59.673019
CBN-Pla-D4-20140722,3,1396144,Sedum alpestre,59.426083
CBN-Pla-D4-20140902,1,1396253,Sibbaldia procumbens,62.389420
CBN-Pla-D4-20140902,2,1395807,Salix herbacea,61.882030
CBN-Pla-D4-20140902,3,1395870,Salix retusa,61.820145
CBN-Pla-D4-20150702,1,1396253,Sibbaldia procumbens,59.292831
CBN-Pla-D4-20150702,2,1743471,Festuca glacialis,57.746864
CBN-Pla-D4-20150702,3,1392260,Festuca alpina,57.483398
CBN-Pla-D4-20150723,1,1742052,Leontopodium nivale,62.992001
CBN-Pla-D4-20150723,2,1395807,Salix herbacea,62.269688
CBN-Pla-D4-20150723,3,1396253,Sibbaldia procumbens,61.122112
CBN-Pla-D4-20150811,1,1396253,Sibbaldia procumbens,63.423096
CBN-Pla-D4-20150811,2,1395807,Salix herbacea,62.854473
CBN-Pla-D4-20150811,3,1741880,Salix serpillifolia,62.388420
CBN-Pla-D4-20150901,1,1396253,Sibbaldia procumbens,64.584831
CBN-Pla-D4-20150901,2,1741880,Salix serpillifolia,62.404549
CBN-Pla-D4-20150901,3,1395870,Salix retusa,61.929977
CBN-Pla-D4-20160707,1,1396253,Sibbaldia procumbens,62.963181
CBN-Pla-D4-20160707,2,1390793,Carex curvula,61.095963
CBN-Pla-D4-20160707,3,1395870,Salix retusa,60.653450
CBN-Pla-D4-20160728,1,1361367,Poa alpina,63.357620
CBN-Pla-D4-20160728,2,1396253,Sibbaldia procumbens,62.027702
CBN-Pla-D4-20160728,3,1397043,Veronica alpina,61.936340
CBN-Pla-D4-20180724,1,1396253,Sibbaldia procumbens,59.648552
CBN-Pla-D4-20180724,2,1390904,Carex rupestris,57.539162
CBN-Pla-D4-20180724,3,1396107,Sclerochloa dura,54.999081
CBN-Pla-D4-20180816,1,1397046,Veronica bellidioides,64.947495
CBN-Pla-D4-20180816,2,1396253,Sibbaldia procumbens,64.766716
CBN-Pla-D4-20180816,3,1395870,Salix retusa,64.223747
CBN-Pla-D4-20180906,1,1395870,Salix retusa,65.729919
CBN-Pla-D4-20180906,2,1396253,Sibbaldia procumbens,64.378235
CBN-Pla-D4-20180906,3,1395807,Salix herbacea,61.417110
CBN-Pla-D4-20190723,1,1395870,Salix retusa,62.196022
CBN-Pla-D4-20190723,2,1395807,Salix herbacea,61.827148
CBN-Pla-D4-20190723,3,1361077,Carex pilulifera,61.346252
CBN-Pla-D4-20190814,1,1395870,Salix retusa,64.759811
CBN-Pla-D4-20190814,2,1741880,Salix serpillifolia,63.594925
CBN-Pla-D4-20190814,3,1395807,Salix herbacea,63.017574
CBN-Pla-D4-20200723,1,1396253,Sibbaldia procumbens,63.917473
CBN-Pla-D4-20200723,2,1395870,Salix retusa,62.204227
CBN-Pla-D4-20200723,3,1400017,Armeria linkiana,61.540413
CBN-Pla-D4-20200814,1,1395870,Salix retusa,65.441742
CBN-Pla-D4-20200814,2,1396253,Sibbaldia procumbens,64.002335
CBN-Pla-D4-20200814,3,1741880,Salix serpillifolia,62.934170
CBN-Pla-D5-20130808,1,1396253,Sibbaldia procumbens,64.305099
CBN-Pla-D5-20130808,2,1396144,Sedum alpestre,63.276459
CBN-Pla-D5-20130808,3,1412857,Omalotheca supina,62.239285
CBN-Pla-D5-20130904,1,1396253,Sibbaldia procumbens,61.348179
CBN-Pla-D5-20130904,2,1395807,Salix herbacea,60.554657
CBN-Pla-D5-20130904,3,1394311,Oreochloa disticha,60.397400
CBN-Pla-D5-20140722,1,1396144,Sedum alpestre,59.908661
CBN-Pla-D5-20140722,2,1390811,Carex ericetorum,56.751877
CBN-Pla-D5-20140722,3,1396160,Sedum monregalense,56.261047
CBN-Pla-D5-20140902,1,1396144,Sedum alpestre,63.785309
CBN-Pla-D5-20140902,2,1361367,Poa alpina,63.096157
CBN-Pla-D5-20140902,3,1394311,Oreochloa disticha,62.347343
CBN-Pla-D5-20150702,1,1396253,Sibbaldia procumbens,59.569584
CBN-Pla-D5-20150702,2,1390793,Carex curvula,58.418701
CBN-Pla-D5-20150702,3,1609716,Epilobium komarovianum,58.008781
CBN-Pla-D5-20150723,1,1396144,Sedum alpestre,63.645752
CBN-Pla-D5-20150723,2,1390883,Carex parviflora,62.964813
CBN-Pla-D5-20150723,3,1395807,Salix herbacea,62.342621
CBN-Pla-D5-20150811,1,1396253,Sibbaldia procumbens,61.728539
CBN-Pla-D5-20150811,2,1395807,Salix herbacea,60.608948
CBN-Pla-D5-20150811,3,1361367,Poa alpina,60.535206
CBN-Pla-D5-20150901,1,1396144,Sedum alpestre,64.282440
CBN-Pla-D5-20150901,2,1394311,Oreochloa disticha,63.129715
CBN-Pla-D5-20150901,3,1396843,Trifolium alpinum,62.190681
CBN-Pla-D5-20160707,1,1392541,Gentiana brachyphylla,62.004906
CBN-Pla-D5-20160707,2,1395807,Salix herbacea,61.007816
CBN-Pla-D5-20160707,3,1388766,Botrychium simplex,58.935711
CBN-Pla-D5-20160728,1,1396253,Sibbaldia procumbens,61.628178
CBN-Pla-D5-20160728,2,1395807,Salix herbacea,61.557243
CBN-Pla-D5-20160728,3,1394366,Oxyria digyna,60.343739
CBN-Pla-D5-20180724,1,1396253,Sibbaldia procumbens,61.765877
CBN-Pla-D5-20180724,2,1363543,Stenotaphrum secundatum,57.361317
CBN-Pla-D5-20180724,3,1390495,Fascicularia bicolor,56.820679
CBN-Pla-D5-20180816,1,1396253,Sibbaldia procumbens,63.637115
CBN-Pla-D5-20180816,2,1397043,Veronica alpina,62.095070
CBN-Pla-D5-20180816,3,1395807,Salix herbacea,61.844044
CBN-Pla-D5-20180906,1,1396253,Sibbaldia procumbens,62.780144
CBN-Pla-D5-20180906,2,1396843,Trifolium alpinum,61.499920
CBN-Pla-D5-20180906,3,1395807,Salix herbacea,60.477009
CBN-Pla-D5-20190723,1,1396253,Sibbaldia procumbens,62.670250
CBN-Pla-D5-20190723,2,1360748,Hydrocotyle vulgaris,61.986198
CBN-Pla-D5-20190723,3,1395807,Salix herbacea,61.149124
CBN-Pla-D5-20190814,1,1396144,Sedum alpestre,65.583221
CBN-Pla-D5-20190814,2,1397043,Veronica alpina,63.547745
CBN-Pla-D5-20190814,3,1397046,Veronica bellidioides,62.510880
CBN-Pla-D5-20200723,1,1396253,Sibbaldia procumbens,63.052597
CBN-Pla-D5-20200723,2,1395807,Salix herbacea,62.825470
CBN-Pla-D5-20200723,3,1412857,Omalotheca supina,60.690517
CBN-Pla-D6-20130808,1,1395807,Salix herbacea,62.320549
CBN-Pla-D6-20130808,2,1412857,Omalotheca supina,61.926773
CBN-Pla-D6-20130808,3,1396253,Sibbaldia procumbens,61.548119
CBN-Pla-D6-20130904,1,1392535,Gentiana alpina,62.824066
CBN-Pla-D6-20130904,2,1392534,Gentiana acaulis,62.649391
CBN-Pla-D6-20130904,3,1392541,Gentiana brachyphylla,61.573112
CBN-Pla-D6-20140722,1,1744293,Pinguicula tejedensis,59.350151
CBN-Pla-D6-20140722,2,1399800,Pinguicula nevadensis,58.968971
CBN-Pla-D6-20140722,3,1396144,Sedum alpestre,58.049362
CBN-Pla-D6-20140902,1,1392552,Gentiana nivalis,63.308823
CBN-Pla-D6-20140902,2,1395807,Salix herbacea,61.700356
CBN-Pla-D6-20140902,3,1392566,Gentiana utriculosa,61.084301
CBN-Pla-D6-20150702,1,1391774,Draba loiseleurii,60.725914
CBN-Pla-D6-20150702,2,1391781,Draba subnivalis,60.271523
CBN-Pla-D6-20150702,3,1744293,Pinguicula tejedensis,60.022045
CBN-Pla-D6-20150723,1,1395807,Salix herbacea,61.571323
CBN-Pla-D6-20150723,2,1394366,Oxyria digyna,61.139397
CBN-Pla-D6-20150723,3,1394911,Primula integrifolia,60.939396
CBN-Pla-D6-20150811,1,1392552,Gentiana nivalis,64.238297
CBN-Pla-D6-20150811,2,1412857,Omalotheca supina,62.488792
CBN-Pla-D6-20150811,3,1395807,Salix herbacea,60.793068
CBN-Pla-D6-20150901,1,1396843,Trifolium alpinum,63.491486
CBN-Pla-D6-20150901,2,1396253,Sibbaldia procumbens,63.298370
CBN-Pla-D6-20150901,3,1392541,Gentiana brachyphylla,63.134018
CBN-Pla-D6-20160707,1,1741880,Salix serpillifolia,60.559437
CBN-Pla-D6-20160707,2,1394911,Primula integrifolia,60.426361
CBN-Pla-D6-20160707,3,1392541,Gentiana brachyphylla,60.282330
CBN-Pla-D6-20160728,1,1396253,Sibbaldia procumbens,62.980522
CBN-Pla-D6-20160728,2,1392541,Gentiana brachyphylla,61.884956
CBN-Pla-D6-20160728,3,1395807,Salix herbacea,60.821705
CBN-Pla-D6-20180724,1,1744293,Pinguicula tejedensis,61.017578
CBN-Pla-D6-20180724,2,1412857,Omalotheca supina,60.993458
CBN-Pla-D6-20180724,3,1399800,Pinguicula nevadensis,58.867893
CBN-Pla-D6-20180816,1,1397043,Veronica alpina,63.034611
CBN-Pla-D6-20180816,2,1412857,Omalotheca supina,62.893471
CBN-Pla-D6-20180816,3,1395807,Salix herbacea,61.975681
CBN-Pla-D6-20180906,1,1396253,Sibbaldia procumbens,63.716278
CBN-Pla-D6-20180906,2,1397043,Veronica alpina,62.916843
CBN-Pla-D6-20180906,3,1394366,Oxyria digyna,61.300251
CBN-Pla-D6-20190723,1,1396144,Sedum alpestre,65.348076
CBN-Pla-D6-20190723,2,1395807,Salix herbacea,61.785877
CBN-Pla-D6-20190723,3,1412857,Omalotheca supina,61.729614
CBN-Pla-D6-20190814,1,1396843,Trifolium alpinum,61.983528
CBN-Pla-D6-20190814,2,1495503,Tuberaria globulariifolia,61.334599
CBN-Pla-D6-20190814,3,1395807,Salix herbacea,61.164101
CBN-Pla-D6-20200723,1,1395807,Salix herbacea,63.291702
CBN-Pla-D6-20200723,2,1396253,Sibbaldia procumbens,62.188660
CBN-Pla-D6-20200723,3,1412857,Omalotheca supina,61.972679
CBN-Pla-D6-20200814,1,1392552,Gentiana nivalis,65.484772
CBN-Pla-D6-20200814,2,1395807,Salix herbacea,62.585464
CBN-Pla-D6-20200814,3,1396253,Sibbaldia procumbens,62.475220
CBN-Pla-E1-20130808,1,1396144,Sedum alpestre,66.325790
CBN-Pla-E1-20130808,2,1396253,Sibbaldia procumbens,63.481209
CBN-Pla-E1-20130808,3,1397491,Sedum atratum,61.972099
CBN-Pla-E1-20130904,1,1396144,Sedum alpestre,64.237076
CBN-Pla-E1-20130904,2,1396253,Sibbaldia procumbens,62.743778
CBN-Pla-E1-20130904,3,1647128,Armeria alpina,62.691059
CBN-Pla-E1-20140722,1,1396144,Sedum alpestre,65.496063
CBN-Pla-E1-20140722,2,1744293,Pinguicula tejedensis,63.378464
CBN-Pla-E1-20140722,3,1399800,Pinguicula nevadensis,62.668091
CBN-Pla-E1-20140902,1,1396144,Sedum alpestre,64.707306
CBN-Pla-E1-20140902,2,1396253,Sibbaldia procumbens,61.839119
CBN-Pla-E1-20140902,3,1397491,Sedum atratum,60.438934
CBN-Pla-E1-20150702,1,1396144,Sedum alpestre,65.107040
CBN-Pla-E1-20150702,2,1396253,Sibbaldia procumbens,62.398373
CBN-Pla-E1-20150702,3,1396015,Saxifraga moschata,61.700417
CBN-Pla-E1-20150723,1,1396144,Sedum alpestre,63.451950
CBN-Pla-E1-20150723,2,1741624,Lotus alpinus,62.546597
CBN-Pla-E1-20150723,3,1396253,Sibbaldia procumbens,62.474247
CBN-Pla-E1-20150901,1,1396144,Sedum alpestre,66.232895
CBN-Pla-E1-20150901,2,1396253,Sibbaldia procumbens,63.647163
CBN-Pla-E1-20150901,3,1361141,Agrostis rupestris,62.740791
CBN-Pla-E1-20160707,1,1396144,Sedum alpestre,66.364372
CBN-Pla-E1-20160707,2,1392541,Gentiana brachyphylla,63.717888
CBN-Pla-E1-20160707,3,1392535,Gentiana alpina,61.575813
CBN-Pla-E1-20160728,1,1396144,Sedum alpestre,65.506126
CBN-Pla-E1-20160728,2,1392535,Gentiana alpina,64.971634
CBN-Pla-E1-20160728,3,1392534,Gentiana acaulis,64.223000
CBN-Pla-E1-20180816,1,1396144,Sedum alpestre,65.731697
CBN-Pla-E1-20180816,2,1396253,Sibbaldia procumbens,64.751572
CBN-Pla-E1-20180816,3,1744479,Armeria bigerrensis,63.698933
CBN-Pla-E1-20180906,1,1396144,Sedum alpestre,67.184013
CBN-Pla-E1-20180906,2,1394542,Phyteuma hemisphaericum,66.416870
CBN-Pla-E1-20180906,3,1396253,Sibbaldia procumbens,64.681618
CBN-Pla-E1-20190723,1,1392535,Gentiana alpina,66.076027
CBN-Pla-E1-20190723,2,1392541,Gentiana brachyphylla,65.431831
CBN-Pla-E1-20190723,3,1392534,Gentiana acaulis,65.316521
CBN-Pla-E1-20190814,1,1396253,Sibbaldia procumbens,64.957047
CBN-Pla-E1-20190814,2,1396144,Sedum alpestre,64.280716
CBN-Pla-E1-20190814,3,1744479,Armeria bigerrensis,64.010193
CBN-Pla-E1-20200630,1,1396253,Sibbaldia procumbens,63.209518
CBN-Pla-E1-20200630,2,1397491,Sedum atratum,61.093544
CBN-Pla-E1-20200630,3,1395948,Saxifraga biflora,59.100185
CBN-Pla-E1-20200723,1,1396144,Sedum alpestre,66.316765
CBN-Pla-E1-20200723,2,1396843,Trifolium alpinum,64.700806
CBN-Pla-E1-20200723,3,1744479,Armeria bigerrensis,64.420982
CBN-Pla-E1-20200814,1,1744479,Armeria bigerrensis,67.173134
CBN-Pla-E1-20200814,2,1396362,Armeria leucocephala,65.142090
CBN-Pla-E1-20200814,3,1647128,Armeria alpina,64.737999
CBN-Pla-E2-20130808,1,1396144,Sedum alpestre,64.915009
CBN-Pla-E2-20130808,2,1738749,Cherleria sedoides,63.710922
CBN-Pla-E2-20130808,3,1396253,Sibbaldia procumbens,63.496193
CBN-Pla-E2-20130904,1,1396144,Sedum alpestre,65.261627
CBN-Pla-E2-20130904,2,1396253,Sibbaldia procumbens,63.549438
CBN-Pla-E2-20130904,3,1396272,Silene acaulis,63.179260
CBN-Pla-E2-20140722,1,1396144,Sedum alpestre,65.394264
CBN-Pla-E2-20140722,2,1396253,Sibbaldia procumbens,63.643307
CBN-Pla-E2-20140722,3,1396272,Silene acaulis,62.427483
CBN-Pla-E2-20140902,1,1396144,Sedum alpestre,65.509125
CBN-Pla-E2-20140902,2,1396253,Sibbaldia procumbens,64.078308
CBN-Pla-E2-20140902,3,1394542,Phyteuma hemisphaericum,63.643978
CBN-Pla-E2-20150702,1,1396144,Sedum alpestre,66.565018
CBN-Pla-E2-20150702,2,1396253,Sibbaldia procumbens,64.946838
CBN-Pla-E2-20150702,3,1396272,Silene acaulis,63.405846
CBN-Pla-E2-20150723,1,1396253,Sibbaldia procumbens,65.837059
CBN-Pla-E2-20150723,2,1396144,Sedum alpestre,63.938938
CBN-Pla-E2-20150723,3,1396272,Silene acaulis,63.439148
CBN-Pla-E2-20150901,1,1396144,Sedum alpestre,64.389069
CBN-Pla-E2-20150901,2,1396253,Sibbaldia procumbens,64.191948
CBN-Pla-E2-20150901,3,1742053,Omalotheca hoppeana,63.596596
CBN-Pla-E2-20160707,1,1396253,Sibbaldia procumbens,64.312698
CBN-Pla-E2-20160707,2,1396144,Sedum alpestre,63.127319
CBN-Pla-E2-20160707,3,1400176,Bistorta vivipara,60.557919
CBN-Pla-E2-20160728,1,1400176,Bistorta vivipara,64.479225
CBN-Pla-E2-20160728,2,1396144,Sedum alpestre,64.206833
CBN-Pla-E2-20160728,3,1413349,Armeria maritima,64.035667
CBN-Pla-E2-20180724,1,1396253,Sibbaldia procumbens,64.731056
CBN-Pla-E2-20180724,2,1396144,Sedum alpestre,63.638672
CBN-Pla-E2-20180724,3,1363543,Stenotaphrum secundatum,61.306057
CBN-Pla-E2-20180816,1,1396253,Sibbaldia procumbens,65.260590
CBN-Pla-E2-20180816,2,1741624,Lotus alpinus,65.063202
CBN-Pla-E2-20180816,3,1396144,Sedum alpestre,64.102707
CBN-Pla-E2-20180906,1,1742053,Omalotheca hoppeana,66.233597
CBN-Pla-E2-20180906,2,1412857,Omalotheca supina,64.835251
CBN-Pla-E2-20180906,3,1396253,Sibbaldia procumbens,64.334312
CBN-Pla-E2-20190723,1,1396144,Sedum alpestre,65.467476
CBN-Pla-E2-20190723,2,1396253,Sibbaldia procumbens,63.489742
CBN-Pla-E2-20190723,3,1396362,Armeria leucocephala,63.250893
CBN-Pla-E2-20190814,1,1742053,Omalotheca hoppeana,66.433426
CBN-Pla-E2-20190814,2,1396144,Sedum alpestre,64.958839
CBN-Pla-E2-20190814,3,1396253,Sibbaldia procumbens,64.877274
CBN-Pla-E2-20200630,1,1396253,Sibbaldia procumbens,60.054443
CBN-Pla-E2-20200630,2,1396144,Sedum alpestre,59.283810
CBN-Pla-E2-20200630,3,1358099,Sedum brevifolium,58.555061
CBN-Pla-E2-20200723,1,1396253,Sibbaldia procumbens,65.144531
CBN-Pla-E2-20200723,2,1647128,Armeria alpina,63.468021
CBN-Pla-E2-20200723,3,1741624,Lotus alpinus,62.834667
CBN-Pla-E2-20200814,1,1396253,Sibbaldia procumbens,64.977547
CBN-Pla-E2-20200814,2,1742053,Omalotheca hoppeana,64.766556
CBN-Pla-E2-20200814,3,1744479,Armeria bigerrensis,64.560654
CBN-Pla-E3-20130808,1,1396144,Sedum alpestre,65.707520
CBN-Pla-E3-20130808,2,1396253,Sibbaldia procumbens,64.385330
CBN-Pla-E3-20130808,3,1412857,Omalotheca supina,60.256371
CBN-Pla-E3-20130904,1,1396144,Sedum alpestre,64.747879
CBN-Pla-E3-20130904,2,1396253,Sibbaldia procumbens,63.914364
CBN-Pla-E3-20130904,3,1394641,Antennaria carpatica,62.373268
CBN-Pla-E3-20140722,1,1396144,Sedum alpestre,66.318733
CBN-Pla-E3-20140722,2,1396253,Sibbaldia procumbens,64.149559
CBN-Pla-E3-20140722,3,1395949,Saxifraga bryoides,61.544319
CBN-Pla-E3-20140902,1,1396843,Trifolium alpinum,64.579956
CBN-Pla-E3-20140902,2,1412857,Omalotheca supina,63.917130
CBN-Pla-E3-20140902,3,1396144,Sedum alpestre,63.822212
CBN-Pla-E3-20150702,1,1396253,Sibbaldia procumbens,64.803047
CBN-Pla-E3-20150702,2,1396144,Sedum alpestre,62.837761
CBN-Pla-E3-20150702,3,1412857,Omalotheca supina,62.332642
CBN-Pla-E3-20150723,1,1396253,Sibbaldia procumbens,64.471428
CBN-Pla-E3-20150723,2,1397043,Veronica alpina,62.151913
CBN-Pla-E3-20150723,3,1396843,Trifolium alpinum,60.552071
CBN-Pla-E3-20150811,1,1396253,Sibbaldia procumbens,65.295807
CBN-Pla-E3-20150811,2,1412857,Omalotheca supina,60.563625
CBN-Pla-E3-20150811,3,1744194,Bouteloua dactyloides,59.321495
CBN-Pla-E3-20150901,1,1412857,Omalotheca supina,65.594261
CBN-Pla-E3-20150901,2,1396253,Sibbaldia procumbens,64.882042
CBN-Pla-E3-20150901,3,1742053,Omalotheca hoppeana,64.373466
CBN-Pla-E3-20160707,1,1396253,Sibbaldia procumbens,63.636612
CBN-Pla-E3-20160707,2,1396144,Sedum alpestre,62.939487
CBN-Pla-E3-20160707,3,1395948,Saxifraga biflora,59.286640
CBN-Pla-E3-20160728,1,1412857,Omalotheca supina,66.298172
CBN-Pla-E3-20160728,2,1396253,Sibbaldia procumbens,64.075577
CBN-Pla-E3-20160728,3,1400155,Biscutella brevifolia,64.034866
CBN-Pla-E3-20180724,1,1396253,Sibbaldia procumbens,64.303879
CBN-Pla-E3-20180724,2,1394641,Antennaria carpatica,58.291973
CBN-Pla-E3-20180724,3,1412857,Omalotheca supina,57.726837
CBN-Pla-E3-20180816,1,1397043,Veronica alpina,64.704514
CBN-Pla-E3-20180816,2,1396253,Sibbaldia procumbens,63.616013
CBN-Pla-E3-20180816,3,1396843,Trifolium alpinum,60.755611
CBN-Pla-E3-20180906,1,1412857,Omalotheca supina,64.775414
CBN-Pla-E3-20180906,2,1396253,Sibbaldia procumbens,64.623138
CBN-Pla-E3-20180906,3,1742053,Omalotheca hoppeana,63.705097
CBN-Pla-E3-20190723,1,1392535,Gentiana alpina,66.075554
CBN-Pla-E3-20190723,2,1392534,Gentiana acaulis,65.395355
CBN-Pla-E3-20190723,3,1396253,Sibbaldia procumbens,64.889130
CBN-Pla-E3-20190814,1,1396253,Sibbaldia procumbens,64.643967
CBN-Pla-E3-20190814,2,1742053,Omalotheca hoppeana,62.265873
CBN-Pla-E3-20190814,3,1742052,Leontopodium nivale,61.978134
CBN-Pla-E3-20200630,1,1392534,Gentiana acaulis,58.824047
CBN-Pla-E3-20200630,2,1742053,Omalotheca hoppeana,58.151138
CBN-Pla-E3-20200630,3,1360981,Sternbergia colchiciflora,58.137695
CBN-Pla-E3-20200723,1,1396253,Sibbaldia procumbens,64.932304
CBN-Pla-E3-20200723,2,1397049,Veronica fruticans,63.784260
CBN-Pla-E3-20200723,3,1412857,Omalotheca supina,63.536087
CBN-Pla-E3-20200814,1,1412857,Omalotheca supina,64.473282
CBN-Pla-E3-20200814,2,1400176,Bistorta vivipara,63.743820
CBN-Pla-E3-20200814,3,1742053,Omalotheca hoppeana,62.755470
CBN-Pla-E4-20130808,1,1396253,Sibbaldia procumbens,64.591995
CBN-Pla-E4-20130808,2,1394643,Antennaria dioica,61.240448
CBN-Pla-E4-20130808,3,1396843,Trifolium alpinum,60.861263
CBN-Pla-E4-20130904,1,1396843,Trifolium alpinum,64.437759
CBN-Pla-E4-20130904,2,1396253,Sibbaldia procumbens,63.441322
CBN-Pla-E4-20130904,3,1397106,Vicia pyrenaica,60.545784
CBN-Pla-E4-20140722,1,1396253,Sibbaldia procumbens,63.769928
CBN-Pla-E4-20140722,2,1395967,Saxifraga cuneata,60.020279
CBN-Pla-E4-20140722,3,1392535,Gentiana alpina,59.636795
CBN-Pla-E4-20140902,1,1361367,Poa alpina,63.354599
CBN-Pla-E4-20140902,2,1396843,Trifolium alpinum,62.750664
CBN-Pla-E4-20140902,3,1396253,Sibbaldia procumbens,62.521927
CBN-Pla-E4-20150702,1,1396253,Sibbaldia procumbens,63.983032
CBN-Pla-E4-20150702,2,1396843,Trifolium alpinum,60.455486
CBN-Pla-E4-20150702,3,1397317,Argyrolobium zanonii,59.289062
CBN-Pla-E4-20150811,1,1396843,Trifolium alpinum,64.773277
CBN-Pla-E4-20150811,2,1400176,Bistorta vivipara,63.970169
CBN-Pla-E4-20150811,3,1396253,Sibbaldia procumbens,63.262695
CBN-Pla-E4-20150901,1,1396253,Sibbaldia procumbens,64.554535
CBN-Pla-E4-20150901,2,1396843,Trifolium alpinum,63.307140
CBN-Pla-E4-20150901,3,1400176,Bistorta vivipara,62.779079
CBN-Pla-E4-20160707,1,1396253,Sibbaldia procumbens,63.450130
CBN-Pla-E4-20160707,2,1363543,Stenotaphrum secundatum,59.913021
CBN-Pla-E4-20160707,3,1400176,Bistorta vivipara,59.274681
CBN-Pla-E4-20160728,1,1395718,Sagina saginoides,63.316536
CBN-Pla-E4-20160728,2,1392241,Alchemilla pentaphyllea,62.686531
CBN-Pla-E4-20160728,3,1396253,Sibbaldia procumbens,62.638985
CBN-Pla-E4-20180724,1,1396253,Sibbaldia procumbens,64.007690
CBN-Pla-E4-20180724,2,1396843,Trifolium alpinum,59.557774
CBN-Pla-E4-20180724,3,1392534,Gentiana acaulis,59.426308
CBN-Pla-E4-20180816,1,1392534,Gentiana acaulis,64.523773
CBN-Pla-E4-20180816,2,1396253,Sibbaldia procumbens,63.862045
CBN-Pla-E4-20180816,3,1397046,Veronica bellidioides,62.316273
CBN-Pla-E4-20180906,1,1397043,Veronica alpina,64.586998
CBN-Pla-E4-20180906,2,1396253,Sibbaldia procumbens,64.255951
CBN-Pla-E4-20180906,3,1395718,Sagina saginoides,64.142471
CBN-Pla-E4-20190723,1,1396253,Sibbaldia procumbens,65.380722
CBN-Pla-E4-20190723,2,1395807,Salix herbacea,62.101307
CBN-Pla-E4-20190723,3,1399800,Pinguicula nevadensis,60.612583
CBN-Pla-E4-20190814,1,1396843,Trifolium alpinum,65.619659
CBN-Pla-E4-20190814,2,1396253,Sibbaldia procumbens,63.433216
CBN-Pla-E4-20190814,3,1427744,Cyperus brevifolius,60.144859
CBN-Pla-E4-20200630,1,1399798,Pinguicula dertosensis,62.467781
CBN-Pla-E4-20200630,2,1744294,Pinguicula casperiana,62.370445
CBN-Pla-E4-20200630,3,1396253,Sibbaldia procumbens,61.690426
CBN-Pla-E4-20200723,1,1396144,Sedum alpestre,65.041840
CBN-Pla-E4-20200723,2,1397043,Veronica alpina,63.982216
CBN-Pla-E4-20200723,3,1397046,Veronica bellidioides,63.797741
CBN-Pla-E4-20200814,1,1396253,Sibbaldia procumbens,63.860100
CBN-Pla-E4-20200814,2,1396843,Trifolium alpinum,63.761627
CBN-Pla-E4-20200814,3,1397046,Veronica bellidioides,62.908451
CBN-Pla-E5-20130808,1,1396253,Sibbaldia procumbens,62.963684
CBN-Pla-E5-20130808,2,1395807,Salix herbacea,61.461361
CBN-Pla-E5-20130808,3,1392541,Gentiana brachyphylla,61.430290
CBN-Pla-E5-20130904,1,1396843,Trifolium alpinum,61.500740
CBN-Pla-E5-20130904,2,1395807,Salix herbacea,61.421463
CBN-Pla-E5-20130904,3,1397386,Festuca scabriculmis,60.588215
CBN-Pla-E5-20140722,1,1392534,Gentiana acaulis,59.909035
CBN-Pla-E5-20140722,2,1394603,Pinguicula vulgaris,59.528934
CBN-Pla-E5-20140722,3,1418211,Mesembryanthemum cordifolium,59.035927
CBN-Pla-E5-20140902,1,1744194,Bouteloua dactyloides,61.529705
CBN-Pla-E5-20140902,2,1395870,Salix retusa,60.657883
CBN-Pla-E5-20140902,3,1394542,Phyteuma hemisphaericum,60.629307
CBN-Pla-E5-20150702,1,1396843,Trifolium alpinum,61.718575
CBN-Pla-E5-20150702,2,1392534,Gentiana acaulis,60.494728
CBN-Pla-E5-20150702,3,1396253,Sibbaldia procumbens,59.934605
CBN-Pla-E5-20150723,1,1394311,Oreochloa disticha,60.092468
CBN-Pla-E5-20150723,2,1395807,Salix herbacea,59.954941
CBN-Pla-E5-20150723,3,1651267,Festuca michaelis,59.593063
CBN-Pla-E5-20150811,1,1394311,Oreochloa disticha,62.529839
CBN-Pla-E5-20150811,2,1363618,Crassula multicava,61.485130
CBN-Pla-E5-20150811,3,1392534,Gentiana acaulis,60.946529
CBN-Pla-E5-20150901,1,1396843,Trifolium alpinum,65.081070
CBN-Pla-E5-20150901,2,1395807,Salix herbacea,61.868179
CBN-Pla-E5-20150901,3,1363618,Crassula multicava,61.827316
CBN-Pla-E5-20160707,1,1392541,Gentiana brachyphylla,61.101501
CBN-Pla-E5-20160707,2,1394643,Antennaria dioica,60.595917
CBN-Pla-E5-20160707,3,1399798,Pinguicula dertosensis,59.430660
CBN-Pla-E5-20160728,1,1392535,Gentiana alpina,63.817886
CBN-Pla-E5-20160728,2,1392534,Gentiana acaulis,62.915810
CBN-Pla-E5-20160728,3,1399798,Pinguicula dertosensis,60.551163
CBN-Pla-E5-20180724,1,1399798,Pinguicula dertosensis,59.707867
CBN-Pla-E5-20180724,2,1363618,Crassula multicava,59.402153
CBN-Pla-E5-20180724,3,1391427,Crassula pubescens,57.913399
CBN-Pla-E5-20180816,1,1392534,Gentiana acaulis,64.195312
CBN-Pla-E5-20180816,2,1392541,Gentiana brachyphylla,62.187019
CBN-Pla-E5-20180816,3,1392535,Gentiana alpina,62.059116
CBN-Pla-E5-20180906,1,1392534,Gentiana acaulis,65.310043
CBN-Pla-E5-20180906,2,1392541,Gentiana brachyphylla,61.620930
CBN-Pla-E5-20180906,3,1356422,Botrychium lunaria,61.559036
CBN-Pla-E5-20190723,1,1396843,Trifolium alpinum,61.502819
CBN-Pla-E5-20190723,2,1395807,Salix herbacea,61.382858
CBN-Pla-E5-20190723,3,1400175,Bistorta officinalis,61.172623
CBN-Pla-E5-20190814,1,1396843,Trifolium alpinum,61.560741
CBN-Pla-E5-20190814,2,1395807,Salix herbacea,60.461891
CBN-Pla-E5-20190814,3,1392541,Gentiana brachyphylla,60.230759
CBN-Pla-E5-20200630,1,1364066,Veronica serpyllifolia,56.357162
CBN-Pla-E5-20200630,2,1392565,Gentiana terglouensis,53.986691
CBN-Pla-E5-20200630,3,1363618,Crassula multicava,53.866898
CBN-Pla-E5-20200723,1,1400176,Bistorta vivipara,62.945690
CBN-Pla-E5-20200723,2,1392534,Gentiana acaulis,62.616444
CBN-Pla-E5-20200723,3,1395807,Salix herbacea,61.863720
CBN-Pla-E5-20200814,1,1362482,Phleum alpinum,64.651466
CBN-Pla-E5-20200814,2,1396843,Trifolium alpinum,62.638866
CBN-Pla-E5-20200814,3,1392541,Gentiana brachyphylla,62.284580
CBN-Pla-E6-20130808,1,1396253,Sibbaldia procumbens,64.213341
CBN-Pla-E6-20130808,2,1396144,Sedum alpestre,62.782490
CBN-Pla-E6-20130808,3,1395807,Salix herbacea,62.219467
CBN-Pla-E6-20130904,1,1396253,Sibbaldia procumbens,63.019447
CBN-Pla-E6-20130904,2,1395807,Salix herbacea,61.997860
CBN-Pla-E6-20130904,3,1741880,Salix serpillifolia,60.518505
CBN-Pla-E6-20140722,1,1396253,Sibbaldia procumbens,60.115456
CBN-Pla-E6-20140722,2,1737701,Kalmia procumbens,56.208084
CBN-Pla-E6-20140722,3,1412857,Omalotheca supina,55.683685
CBN-Pla-E6-20140902,1,1412857,Omalotheca supina,64.848083
CBN-Pla-E6-20140902,2,1742053,Omalotheca hoppeana,64.005341
CBN-Pla-E6-20140902,3,1361275,Festuca indigesta,62.288624
CBN-Pla-E6-20150702,1,1396253,Sibbaldia procumbens,63.392647
CBN-Pla-E6-20150702,2,1412857,Omalotheca supina,59.620079
CBN-Pla-E6-20150702,3,1388766,Botrychium simplex,59.386337
CBN-Pla-E6-20150723,1,1412857,Omalotheca supina,63.292736
CBN-Pla-E6-20150723,2,1743456,Carex macrostylos,61.901821
CBN-Pla-E6-20150723,3,1395807,Salix herbacea,61.138371
CBN-Pla-E6-20150811,1,1741880,Salix serpillifolia,63.038200
CBN-Pla-E6-20150811,2,1412857,Omalotheca supina,62.264671
CBN-Pla-E6-20150811,3,1742053,Omalotheca hoppeana,61.472092
CBN-Pla-E6-20150901,1,1396253,Sibbaldia procumbens,63.841896
CBN-Pla-E6-20150901,2,1412857,Omalotheca supina,62.787720
CBN-Pla-E6-20150901,3,1741624,Lotus alpinus,62.523537
CBN-Pla-E6-20160707,1,1396253,Sibbaldia procumbens,63.768669
CBN-Pla-E6-20160707,2,1742053,Omalotheca hoppeana,61.679756
CBN-Pla-E6-20160707,3,1412857,Omalotheca supina,61.116211
CBN-Pla-E6-20160728,1,1396253,Sibbaldia procumbens,63.127419
CBN-Pla-E6-20160728,2,1396144,Sedum alpestre,62.410637
CBN-Pla-E6-20160728,3,1412857,Omalotheca supina,62.279930
CBN-Pla-E6-20180724,1,1390783,Carex cespitosa,58.032570
CBN-Pla-E6-20180724,2,1399798,Pinguicula dertosensis,56.618484
CBN-Pla-E6-20180724,3,1743506,Pinguicula caussensis,55.200558
CBN-Pla-E6-20180816,1,1412857,Omalotheca supina,63.731190
CBN-Pla-E6-20180816,2,1397043,Veronica alpina,63.684265
CBN-Pla-E6-20180816,3,1396253,Sibbaldia procumbens,63.618862
CBN-Pla-E6-20180906,1,1742053,Omalotheca hoppeana,67.438530
CBN-Pla-E6-20180906,2,1412857,Omalotheca supina,65.676834
CBN-Pla-E6-20180906,3,1396253,Sibbaldia procumbens,63.815094
CBN-Pla-E6-20190723,1,1395807,Salix herbacea,63.811764
CBN-Pla-E6-20190723,2,1396253,Sibbaldia procumbens,63.793549
CBN-Pla-E6-20190723,3,1412857,Omalotheca supina,59.396660
CBN-Pla-E6-20190814,1,1397043,Veronica alpina,64.606964
CBN-Pla-E6-20190814,2,1396253,Sibbaldia procumbens,63.479691
CBN-Pla-E6-20190814,3,1741624,Lotus alpinus,63.041382
CBN-Pla-E6-20200723,1,1396253,Sibbaldia procumbens,64.650589
CBN-Pla-E6-20200723,2,1412857,Omalotheca supina,62.188133
CBN-Pla-E6-20200723,3,1397046,Veronica bellidioides,61.761711
CBN-Pla-E6-20200814,1,1742053,Omalotheca hoppeana,66.054405
CBN-Pla-E6-20200814,2,1412857,Omalotheca supina,65.157570
CBN-Pla-E6-20200814,3,1396253,Sibbaldia procumbens,64.906624
CBN-Pla-F1-20130808,1,1647128,Armeria alpina,61.056702
CBN-Pla-F1-20130808,2,1363543,Stenotaphrum secundatum,59.844688
CBN-Pla-F1-20130808,3,1741624,Lotus alpinus,59.348202
CBN-Pla-F1-20130904,1,1741624,Lotus alpinus,61.387005
CBN-Pla-F1-20130904,2,1390793,Carex curvula,61.159897
CBN-Pla-F1-20130904,3,1580587,Lotus glacialis,61.062664
CBN-Pla-F1-20140722,1,1394597,Pinguicula corsica,61.383904
CBN-Pla-F1-20140722,2,1399800,Pinguicula nevadensis,60.224186
CBN-Pla-F1-20140722,3,1397461,Plantago alpina,60.212116
CBN-Pla-F1-20140902,1,1744479,Armeria bigerrensis,65.055344
CBN-Pla-F1-20140902,2,1647156,Armeria humilis,64.860077
CBN-Pla-F1-20140902,3,1399082,Armeria sardoa,59.991562
CBN-Pla-F1-20150702,1,1413349,Armeria maritima,60.267082
CBN-Pla-F1-20150702,2,1647156,Armeria humilis,60.198845
CBN-Pla-F1-20150702,3,1741624,Lotus alpinus,60.127895
CBN-Pla-F1-20150723,1,1413349,Armeria maritima,63.530788
CBN-Pla-F1-20150723,2,1647128,Armeria alpina,63.479591
CBN-Pla-F1-20150723,3,1744479,Armeria bigerrensis,61.962135
CBN-Pla-F1-20150901,1,1647128,Armeria alpina,63.804554
CBN-Pla-F1-20150901,2,1728573,Atocion rupestre,63.292450
CBN-Pla-F1-20150901,3,1400017,Armeria linkiana,61.822998
CBN-Pla-F1-20160707,1,1393679,Luzula lutea,63.177063
CBN-Pla-F1-20160707,2,1744194,Bouteloua dactyloides,60.050110
CBN-Pla-F1-20160707,3,1361367,Poa alpina,59.457748
CBN-Pla-F1-20160728,1,1647156,Armeria humilis,64.264946
CBN-Pla-F1-20160728,2,1396296,Silene uniflora,62.989799
CBN-Pla-F1-20160728,3,1728573,Atocion rupestre,62.428429
CBN-Pla-F1-20180724,1,1356422,Botrychium lunaria,59.804092
CBN-Pla-F1-20180724,2,1647128,Armeria alpina,58.852325
CBN-Pla-F1-20180724,3,1389597,Bupleurum stellatum,58.102837
CBN-Pla-F1-20180816,1,1741624,Lotus alpinus,60.103279
CBN-Pla-F1-20180816,2,1361233,Danthonia decumbens,59.713882
CBN-Pla-F1-20180816,3,1392541,Gentiana brachyphylla,59.403149
CBN-Pla-F1-20180906,1,1728573,Atocion rupestre,64.143562
CBN-Pla-F1-20180906,2,1400176,Bistorta vivipara,62.515675
CBN-Pla-F1-20180906,3,1392260,Festuca alpina,62.008972
CBN-Pla-F1-20190723,1,1741624,Lotus alpinus,62.417362
CBN-Pla-F1-20190723,2,1580588,Lotus glareosus,60.498344
CBN-Pla-F1-20190723,3,1580587,Lotus glacialis,60.457363
CBN-Pla-F1-20190814,1,1400176,Bistorta vivipara,62.690510
CBN-Pla-F1-20190814,2,1743471,Festuca glacialis,60.623680
CBN-Pla-F1-20190814,3,1393494,Leucanthemopsis alpina,60.004906
CBN-Pla-F1-20200630,1,1363543,Stenotaphrum secundatum,58.671532
CBN-Pla-F1-20200630,2,1390837,Carex humilis,55.442715
CBN-Pla-F1-20200630,3,1363534,Ehrharta calycina,54.467850
CBN-Pla-F1-20200723,1,1397043,Veronica alpina,64.295563
CBN-Pla-F1-20200723,2,1397046,Veronica bellidioides,62.700150
CBN-Pla-F1-20200723,3,1741624,Lotus alpinus,61.649254
CBN-Pla-F1-20200814,1,1400176,Bistorta vivipara,64.027740
CBN-Pla-F1-20200814,2,1741624,Lotus alpinus,62.413342
CBN-Pla-F1-20200814,3,1361275,Festuca indigesta,62.216576
CBN-Pla-F2-20130808,1,1396253,Sibbaldia procumbens,61.966702
CBN-Pla-F2-20130808,2,1392657,Allium lusitanicum,61.256569
CBN-Pla-F2-20130808,3,1396144,Sedum alpestre,60.918598
CBN-Pla-F2-20130904,1,1744479,Armeria bigerrensis,68.508034
CBN-Pla-F2-20130904,2,1647156,Armeria humilis,67.236389
CBN-Pla-F2-20130904,3,1419963,Armeria splendens,65.003082
CBN-Pla-F2-20140722,1,1396144,Sedum alpestre,63.776337
CBN-Pla-F2-20140722,2,1397491,Sedum atratum,60.160587
CBN-Pla-F2-20140722,3,1396253,Sibbaldia procumbens,60.097679
CBN-Pla-F2-20140902,1,1412857,Omalotheca supina,62.654606
CBN-Pla-F2-20140902,2,1392541,Gentiana brachyphylla,61.324287
CBN-Pla-F2-20140902,3,1743471,Festuca glacialis,60.839706
CBN-Pla-F2-20150702,1,1396253,Sibbaldia procumbens,62.642967
CBN-Pla-F2-20150702,2,1396144,Sedum alpestre,62.586998
CBN-Pla-F2-20150702,3,1394311,Oreochloa disticha,60.373764
CBN-Pla-F2-20150723,1,1741624,Lotus alpinus,63.334373
CBN-Pla-F2-20150723,2,1580588,Lotus glareosus,62.085850
CBN-Pla-F2-20150723,3,1412857,Omalotheca supina,60.873672
CBN-Pla-F2-20150901,1,1391359,Coronilla vaginalis,63.314674
CBN-Pla-F2-20150901,2,1412857,Omalotheca supina,63.056137
CBN-Pla-F2-20150901,3,1396253,Sibbaldia procumbens,62.369301
CBN-Pla-F2-20160707,1,1396253,Sibbaldia procumbens,62.883286
CBN-Pla-F2-20160707,2,1412857,Omalotheca supina,60.034760
CBN-Pla-F2-20160707,3,1392241,Alchemilla pentaphyllea,59.876019
CBN-Pla-F2-20160728,1,1741624,Lotus alpinus,63.706337
CBN-Pla-F2-20160728,2,1395718,Sagina saginoides,63.032169
CBN-Pla-F2-20160728,3,1396253,Sibbaldia procumbens,62.457100
CBN-Pla-F2-20180724,1,1396253,Sibbaldia procumbens,60.904202
CBN-Pla-F2-20180724,2,1396144,Sedum alpestre,60.307335
CBN-Pla-F2-20180724,3,1395948,Saxifraga biflora,58.344772
CBN-Pla-F2-20180816,1,1412857,Omalotheca supina,63.526474
CBN-Pla-F2-20180816,2,1396253,Sibbaldia procumbens,62.555695
CBN-Pla-F2-20180816,3,1743315,Helosciadium bermejoi,62.199932
CBN-Pla-F2-20180906,1,1395718,Sagina saginoides,65.260345
CBN-Pla-F2-20180906,2,1412857,Omalotheca supina,63.395790
CBN-Pla-F2-20180906,3,1396253,Sibbaldia procumbens,62.309284
CBN-Pla-F2-20190723,1,1397208,Viscaria alpina,62.270954
CBN-Pla-F2-20190723,2,1741624,Lotus alpinus,60.563869
CBN-Pla-F2-20190723,3,1396253,Sibbaldia procumbens,60.470963
CBN-Pla-F2-20190814,1,1395718,Sagina saginoides,62.709507
CBN-Pla-F2-20190814,2,1394311,Oreochloa disticha,61.543594
CBN-Pla-F2-20190814,3,1396253,Sibbaldia procumbens,61.170021
CBN-Pla-F2-20200630,1,1399798,Pinguicula dertosensis,60.680481
CBN-Pla-F2-20200630,2,1396253,Sibbaldia procumbens,60.086575
CBN-Pla-F2-20200630,3,1394595,Pinguicula alpina,59.082935
CBN-Pla-F2-20200723,1,1396253,Sibbaldia procumbens,64.062202
CBN-Pla-F2-20200723,2,1741624,Lotus alpinus,60.505653
CBN-Pla-F2-20200723,3,1394865,Potentilla nitida,60.269283
CBN-Pla-F2-20200814,1,1742053,Omalotheca hoppeana,61.475155
CBN-Pla-F2-20200814,2,1392541,Gentiana brachyphylla,61.401978
CBN-Pla-F2-20200814,3,1388915,Lysimachia minima,60.463722
CBN-Pla-F3-20130808,1,1396253,Sibbaldia procumbens,64.558426
CBN-Pla-F3-20130808,2,1390793,Carex curvula,62.729279
CBN-Pla-F3-20130808,3,1394438,Pedicularis kerneri,62.195576
CBN-Pla-F3-20130904,1,1394438,Pedicularis kerneri,63.039070
CBN-Pla-F3-20130904,2,1394441,Pedicularis mixta,61.491852
CBN-Pla-F3-20130904,3,1394444,Pedicularis pyrenaica,61.203194
CBN-Pla-F3-20140722,1,1396253,Sibbaldia procumbens,61.992802
CBN-Pla-F3-20140722,2,1647156,Armeria humilis,61.421787
CBN-Pla-F3-20140722,3,1396144,Sedum alpestre,60.536610
CBN-Pla-F3-20140902,1,1396144,Sedum alpestre,65.122993
CBN-Pla-F3-20140902,2,1396253,Sibbaldia procumbens,63.574791
CBN-Pla-F3-20140902,3,1397106,Vicia pyrenaica,63.502525
CBN-Pla-F3-20150702,1,1396253,Sibbaldia procumbens,64.410538
CBN-Pla-F3-20150702,2,1392541,Gentiana brachyphylla,58.341896
CBN-Pla-F3-20150702,3,1363409,Themeda triandra,58.047340
CBN-Pla-F3-20150723,1,1396253,Sibbaldia procumbens,62.102783
CBN-Pla-F3-20150723,2,1741624,Lotus alpinus,61.570438
CBN-Pla-F3-20150723,3,1418612,Carex firma,59.364887
CBN-Pla-F3-20150811,1,1396253,Sibbaldia procumbens,62.920948
CBN-Pla-F3-20150811,2,1396144,Sedum alpestre,62.685593
CBN-Pla-F3-20150811,3,1744479,Armeria bigerrensis,62.502281
CBN-Pla-F3-20150901,1,1744479,Armeria bigerrensis,65.376801
CBN-Pla-F3-20150901,2,1396144,Sedum alpestre,64.086594
CBN-Pla-F3-20150901,3,1647156,Armeria humilis,63.543839
CBN-Pla-F3-20160707,1,1394438,Pedicularis kerneri,63.542362
CBN-Pla-F3-20160707,2,1396253,Sibbaldia procumbens,63.374161
CBN-Pla-F3-20160707,3,1390793,Carex curvula,62.558975
CBN-Pla-F3-20160728,1,1396144,Sedum alpestre,65.235535
CBN-Pla-F3-20160728,2,1394438,Pedicularis kerneri,63.425797
CBN-Pla-F3-20160728,3,1396253,Sibbaldia procumbens,60.958572
CBN-Pla-F3-20180724,1,1396253,Sibbaldia procumbens,61.871979
CBN-Pla-F3-20180724,2,1391427,Crassula pubescens,59.944843
CBN-Pla-F3-20180724,3,1528543,Crassula nudicaulis,59.040035
CBN-Pla-F3-20180816,1,1396253,Sibbaldia procumbens,63.900108
CBN-Pla-F3-20180816,2,1412857,Omalotheca supina,63.616585
CBN-Pla-F3-20180816,3,1396144,Sedum alpestre,63.200737
CBN-Pla-F3-20180906,1,1396253,Sibbaldia procumbens,64.987366
CBN-Pla-F3-20180906,2,1412857,Omalotheca supina,63.157444
CBN-Pla-F3-20180906,3,1741624,Lotus alpinus,63.055248
CBN-Pla-F3-20190723,1,1396253,Sibbaldia procumbens,65.217445
CBN-Pla-F3-20190723,2,1412857,Omalotheca supina,62.190220
CBN-Pla-F3-20190723,3,1396144,Sedum alpestre,62.018913
CBN-Pla-F3-20190814,1,1394438,Pedicularis kerneri,67.452171
CBN-Pla-F3-20190814,2,1394444,Pedicularis pyrenaica,65.898773
CBN-Pla-F3-20190814,3,1396253,Sibbaldia procumbens,62.412323
CBN-Pla-F3-20200630,1,1396253,Sibbaldia procumbens,57.547600
CBN-Pla-F3-20200630,2,1363133,Triglochin striata,57.164703
CBN-Pla-F3-20200630,3,1359965,Plantago maritima,57.011650
CBN-Pla-F3-20200723,1,1396253,Sibbaldia procumbens,64.455566
CBN-Pla-F3-20200723,2,1396144,Sedum alpestre,63.508110
CBN-Pla-F3-20200723,3,1412857,Omalotheca supina,61.480881
CBN-Pla-F3-20200814,1,1396144,Sedum alpestre,64.878799
CBN-Pla-F3-20200814,2,1396253,Sibbaldia procumbens,64.231026
CBN-Pla-F3-20200814,3,1412857,Omalotheca supina,64.222435
CBN-Pla-F4-20130808,1,1396144,Sedum alpestre,61.997505
CBN-Pla-F4-20130808,2,1396253,Sibbaldia procumbens,61.574833
CBN-Pla-F4-20130808,3,1361367,Poa alpina,60.157890
CBN-Pla-F4-20130904,1,1396253,Sibbaldia procumbens,62.499226
CBN-Pla-F4-20130904,2,1394643,Antennaria dioica,61.835121
CBN-Pla-F4-20130904,3,1361367,Poa alpina,60.067802
CBN-Pla-F4-20140722,1,1396144,Sedum alpestre,61.155346
CBN-Pla-F4-20140722,2,1412857,Omalotheca supina,60.689777
CBN-Pla-F4-20140722,3,1359965,Plantago maritima,58.970985
CBN-Pla-F4-20150723,1,1744479,Armeria bigerrensis,63.403912
CBN-Pla-F4-20150723,2,1647156,Armeria humilis,62.809891
CBN-Pla-F4-20150723,3,1396362,Armeria leucocephala,62.574379
CBN-Pla-F4-20150811,1,1413349,Armeria maritima,62.856033
CBN-Pla-F4-20150811,2,1744479,Armeria bigerrensis,61.826725
CBN-Pla-F4-20150811,3,1394311,Oreochloa disticha,61.315742
CBN-Pla-F4-20150901,1,1396144,Sedum alpestre,63.416298
CBN-Pla-F4-20150901,2,1412857,Omalotheca supina,62.446156
CBN-Pla-F4-20150901,3,1742053,Omalotheca hoppeana,61.848206
CBN-Pla-F4-20160707,1,1412857,Omalotheca supina,62.592274
CBN-Pla-F4-20160707,2,1396253,Sibbaldia procumbens,61.836411
CBN-Pla-F4-20160707,3,1742053,Omalotheca hoppeana,61.129452
CBN-Pla-F4-20160728,1,1742053,Omalotheca hoppeana,62.685753
CBN-Pla-F4-20160728,2,1412857,Omalotheca supina,62.398621
CBN-Pla-F4-20160728,3,1396253,Sibbaldia procumbens,61.821732
CBN-Pla-F4-20180724,1,1363543,Stenotaphrum secundatum,60.389786
CBN-Pla-F4-20180724,2,1394643,Antennaria dioica,57.931244
CBN-Pla-F4-20180724,3,1355914,Centaurium tenuiflorum,57.156403
CBN-Pla-F4-20180816,1,1412857,Omalotheca supina,63.515991
CBN-Pla-F4-20180816,2,1742053,Omalotheca hoppeana,59.620773
CBN-Pla-F4-20180816,3,1396253,Sibbaldia procumbens,59.543800
CBN-Pla-F4-20180906,1,1412857,Omalotheca supina,66.030357
CBN-Pla-F4-20180906,2,1742053,Omalotheca hoppeana,62.831272
CBN-Pla-F4-20180906,3,1396253,Sibbaldia procumbens,62.298103
CBN-Pla-F4-20190723,1,1412857,Omalotheca supina,63.763741
CBN-Pla-F4-20190723,2,1396253,Sibbaldia procumbens,62.780762
CBN-Pla-F4-20190723,3,1395807,Salix herbacea,60.861099
CBN-Pla-F4-20190814,1,1412857,Omalotheca supina,64.263054
CBN-Pla-F4-20190814,2,1742053,Omalotheca hoppeana,62.867458
CBN-Pla-F4-20190814,3,1396253,Sibbaldia procumbens,62.781235
CBN-Pla-F4-20200630,1,1356228,Cymodocea nodosa,56.988365
CBN-Pla-F4-20200630,2,1363133,Triglochin striata,55.851158
CBN-Pla-F4-20200630,3,1360035,Limonium echioides,55.093384
CBN-Pla-F4-20200723,1,1412857,Omalotheca supina,63.671913
CBN-Pla-F4-20200723,2,1742053,Omalotheca hoppeana,63.411850
CBN-Pla-F4-20200723,3,1396253,Sibbaldia procumbens,62.214638
CBN-Pla-F4-20200814,1,1742053,Omalotheca hoppeana,66.500946
CBN-Pla-F4-20200814,2,1412857,Omalotheca supina,66.241905
CBN-Pla-F4-20200814,3,1744479,Armeria bigerrensis,66.009933
CBN-Pla-F5-20130808,1,1396253,Sibbaldia procumbens,63.891914
CBN-Pla-F5-20130808,2,1396144,Sedum alpestre,62.664337
CBN-Pla-F5-20130808,3,1397491,Sedum atratum,59.886616
CBN-Pla-F5-20130904,1,1396253,Sibbaldia procumbens,62.838718
CBN-Pla-F5-20130904,2,1392241,Alchemilla pentaphyllea,61.604443
CBN-Pla-F5-20130904,3,1390837,Carex humilis,61.086140
CBN-Pla-F5-20140722,1,1392241,Alchemilla pentaphyllea,58.309792
CBN-Pla-F5-20140722,2,1363543,Stenotaphrum secundatum,57.734539
CBN-Pla-F5-20140722,3,1396253,Sibbaldia procumbens,57.429367
CBN-Pla-F5-20140902,1,1400176,Bistorta vivipara,63.131172
CBN-Pla-F5-20140902,2,1396253,Sibbaldia procumbens,62.796783
CBN-Pla-F5-20140902,3,1361347,Nardus stricta,62.181259
CBN-Pla-F5-20150702,1,1396253,Sibbaldia procumbens,63.982559
CBN-Pla-F5-20150702,2,1407739,Bromus catharticus,58.824154
CBN-Pla-F5-20150702,3,1396843,Trifolium alpinum,58.747681
CBN-Pla-F5-20150723,1,1396253,Sibbaldia procumbens,64.119385
CBN-Pla-F5-20150723,2,1396843,Trifolium alpinum,60.070553
CBN-Pla-F5-20150723,3,1391706,Dianthus pavonius,59.594753
CBN-Pla-F5-20150811,1,1396253,Sibbaldia procumbens,64.436516
CBN-Pla-F5-20150811,2,1361275,Festuca indigesta,62.095505
CBN-Pla-F5-20150811,3,1396843,Trifolium alpinum,61.756050
CBN-Pla-F5-20150901,1,1396253,Sibbaldia procumbens,64.239403
CBN-Pla-F5-20150901,2,1396843,Trifolium alpinum,63.310085
CBN-Pla-F5-20150901,3,1412857,Omalotheca supina,62.744568
CBN-Pla-F5-20160707,1,1396253,Sibbaldia procumbens,64.029579
CBN-Pla-F5-20160707,2,1412857,Omalotheca supina,61.038486
CBN-Pla-F5-20160707,3,1394865,Potentilla nitida,58.819229
CBN-Pla-F5-20160728,1,1396253,Sibbaldia procumbens,64.750999
CBN-Pla-F5-20160728,2,1400176,Bistorta vivipara,61.173363
CBN-Pla-F5-20160728,3,1395807,Salix herbacea,60.669903
CBN-Pla-F5-20180724,1,1396253,Sibbaldia procumbens,55.606396
CBN-Pla-F5-20180724,2,1358099,Sedum brevifolium,55.420517
CBN-Pla-F5-20180724,3,1390783,Carex cespitosa,54.562981
CBN-Pla-F5-20180816,1,1397043,Veronica alpina,64.898354
CBN-Pla-F5-20180816,2,1396253,Sibbaldia procumbens,64.607941
CBN-Pla-F5-20180816,3,1400176,Bistorta vivipara,63.854111
CBN-Pla-F5-20180906,1,1396253,Sibbaldia procumbens,64.231995
CBN-Pla-F5-20180906,2,1396843,Trifolium alpinum,64.223160
CBN-Pla-F5-20180906,3,1397043,Veronica alpina,64.201065
CBN-Pla-F5-20190723,1,1396253,Sibbaldia procumbens,64.637405
CBN-Pla-F5-20190723,2,1395807,Salix herbacea,59.249672
CBN-Pla-F5-20190723,3,1396117,Scorzoneroides autumnalis,58.965828
CBN-Pla-F5-20190814,1,1396253,Sibbaldia procumbens,62.997948
CBN-Pla-F5-20190814,2,1397046,Veronica bellidioides,62.013054
CBN-Pla-F5-20190814,3,1397043,Veronica alpina,61.972076
CBN-Pla-F5-20200723,1,1396253,Sibbaldia procumbens,63.833767
CBN-Pla-F5-20200723,2,1397043,Veronica alpina,62.797752
CBN-Pla-F5-20200723,3,1395807,Salix herbacea,59.985668
CBN-Pla-F5-20200814,1,1396253,Sibbaldia procumbens,64.002457
CBN-Pla-F5-20200814,2,1400176,Bistorta vivipara,63.681152
CBN-Pla-F5-20200814,3,1394542,Phyteuma hemisphaericum,62.338570
CBN-Pla-F6-20130808,1,1396253,Sibbaldia procumbens,62.744526
CBN-Pla-F6-20130808,2,1392241,Alchemilla pentaphyllea,61.995766
CBN-Pla-F6-20130808,3,1395862,Salix pyrenaica,60.912666
CBN-Pla-F6-20130904,1,1396843,Trifolium alpinum,65.064514
CBN-Pla-F6-20130904,2,1396253,Sibbaldia procumbens,63.310486
CBN-Pla-F6-20130904,3,1363273,Eleocharis caduca,61.023941
CBN-Pla-F6-20140722,1,1396253,Sibbaldia procumbens,60.657413
CBN-Pla-F6-20140722,2,1609716,Epilobium komarovianum,58.513493
CBN-Pla-F6-20140722,3,1743315,Helosciadium bermejoi,58.281822
CBN-Pla-F6-20140902,1,1392241,Alchemilla pentaphyllea,62.476318
CBN-Pla-F6-20140902,2,1396253,Sibbaldia procumbens,62.274818
CBN-Pla-F6-20140902,3,1396843,Trifolium alpinum,61.808167
CBN-Pla-F6-20150702,1,1396253,Sibbaldia procumbens,62.872456
CBN-Pla-F6-20150702,2,1392484,Galium pyrenaicum,61.889236
CBN-Pla-F6-20150702,3,1394643,Antennaria dioica,58.861031
CBN-Pla-F6-20150723,1,1396253,Sibbaldia procumbens,64.505363
CBN-Pla-F6-20150723,2,1392541,Gentiana brachyphylla,62.463127
CBN-Pla-F6-20150723,3,1396843,Trifolium alpinum,62.072948
CBN-Pla-F6-20150811,1,1396843,Trifolium alpinum,65.059692
CBN-Pla-F6-20150811,2,1396253,Sibbaldia procumbens,63.103233
CBN-Pla-F6-20150811,3,1359138,Astragalus monspessulanus,60.251991
CBN-Pla-F6-20150901,1,1396253,Sibbaldia procumbens,64.516022
CBN-Pla-F6-20150901,2,1396843,Trifolium alpinum,63.592636
CBN-Pla-F6-20150901,3,1742053,Omalotheca hoppeana,61.168774
CBN-Pla-F6-20160707,1,1396253,Sibbaldia procumbens,63.497719
CBN-Pla-F6-20160707,2,1609716,Epilobium komarovianum,59.216911
CBN-Pla-F6-20160707,3,1396843,Trifolium alpinum,58.727921
CBN-Pla-F6-20160728,1,1396253,Sibbaldia procumbens,63.513123
CBN-Pla-F6-20160728,2,1397043,Veronica alpina,60.895931
CBN-Pla-F6-20160728,3,1360130,Rumex lunaria,59.935814
CBN-Pla-F6-20180724,1,1396253,Sibbaldia procumbens,58.096809
CBN-Pla-F6-20180724,2,1398699,Marsilea batardae,57.457245
CBN-Pla-F6-20180724,3,1360222,Ranunculus repens,55.578709
CBN-Pla-F6-20180816,1,1396253,Sibbaldia procumbens,63.717316
CBN-Pla-F6-20180816,2,1397043,Veronica alpina,62.225681
CBN-Pla-F6-20180816,3,1395000,Pyrola minor,62.053921
CBN-Pla-F6-20180906,1,1396253,Sibbaldia procumbens,64.897057
CBN-Pla-F6-20180906,2,1396843,Trifolium alpinum,64.168015
CBN-Pla-F6-20180906,3,1397043,Veronica alpina,63.244293
CBN-Pla-F6-20190723,1,1396144,Sedum alpestre,66.450485
CBN-Pla-F6-20190723,2,1396253,Sibbaldia procumbens,64.699692
CBN-Pla-F6-20190723,3,1396843,Trifolium alpinum,63.086273
CBN-Pla-F6-20190814,1,1396253,Sibbaldia procumbens,65.100586
CBN-Pla-F6-20190814,2,1412857,Omalotheca supina,63.803024
CBN-Pla-F6-20190814,3,1742053,Omalotheca hoppeana,63.769669
CBN-Pla-F6-20200723,1,1397043,Veronica alpina,64.238159
CBN-Pla-F6-20200723,2,1396253,Sibbaldia procumbens,63.709732
CBN-Pla-F6-20200723,3,1392241,Alchemilla pentaphyllea,62.305508
CBN-Pla-F6-20200814,1,1396253,Sibbaldia procumbens,64.040436
CBN-Pla-F6-20200814,2,1396144,Sedum alpestre,63.291428
CBN-Pla-F6-20200814,3,1397046,Veronica bellidioides,63.277706
CBN-Pyr-01-20230706,1,1396843,Trifolium alpinum,63.389801
CBN-Pyr-01-20230706,2,1362442,Dactylorhiza incarnata,62.006237
CBN-Pyr-01-20230706,3,1359508,Trifolium montanum,61.950226
CBN-Pyr-03-20230706,1,1396015,Saxifraga moschata,65.096237
CBN-Pyr-03-20230706,2,1741624,Lotus alpinus,65.016525
CBN-Pyr-03-20230706,3,1395973,Saxifraga exarata,64.108681
CBN-can-A1-20230705,1,1392608,Geum montanum,65.243286
CBN-can-A1-20230705,2,1360299,Geum sylvaticum,63.319305
CBN-can-A1-20230705,3,1396253,Sibbaldia procumbens,62.761883
CBN-can-A2-20230705,1,1393200,Homogyne alpina,63.072182
CBN-can-A2-20230705,2,1392352,Filago tyrrhenica,59.820572
CBN-can-A2-20230705,3,1508026,Filago lusitanica,59.080841
CBN-can-A3-20230705,1,1393200,Homogyne alpina,65.065300
CBN-can-A3-20230705,2,1396144,Sedum alpestre,64.773834
CBN-can-A3-20230705,3,1392534,Gentiana acaulis,64.244110
CBN-can-A5-20230705,1,1392534,Gentiana acaulis,65.605057
CBN-can-A5-20230705,2,1392535,Gentiana alpina,65.272675
CBN-can-A5-20230705,3,1397475,Rhododendron ferrugineum,64.813667
CBN-can-A6-20230705,1,1397475,Rhododendron ferrugineum,65.680267
CBN-can-A6-20230705,2,1393200,Homogyne alpina,64.805870
CBN-can-A6-20230705,3,1396253,Sibbaldia procumbens,61.317291
CBN-can-B1-20230705,1,1392608,Geum montanum,66.765663
CBN-can-B1-20230705,2,1396144,Sedum alpestre,66.567719
CBN-can-B1-20230705,3,1742053,Omalotheca hoppeana,64.483780
CBN-can-B2-20230705,1,1392608,Geum montanum,65.669678
CBN-can-B2-20230705,2,1400101,Bartsia alpina,64.439140
CBN-can-B2-20230705,3,1412857,Omalotheca supina,62.188885
CBN-can-B3-20230705,1,1393200,Homogyne alpina,62.616093
CBN-can-B3-20230705,2,1393619,Logfia minima,61.898685
CBN-can-B3-20230705,3,1396144,Sedum alpestre,61.637821
CBN-can-B4-20230705,1,1397475,Rhododendron ferrugineum,64.414146
CBN-can-B4-20230705,2,1393200,Homogyne alpina,63.653038
CBN-can-B4-20230705,3,1391648,Daphne alpina,59.258926
CBN-can-B5-20230705,1,1392535,Gentiana alpina,66.876747
CBN-can-B5-20230705,2,1397475,Rhododendron ferrugineum,66.050865
CBN-can-B5-20230705,3,1392534,Gentiana acaulis,64.694473
CBN-can-B6-20230705,1,1393679,Luzula lutea,66.019905
CBN-can-B6-20230705,2,1393200,Homogyne alpina,64.910576
CBN-can-B6-20230705,3,1397475,Rhododendron ferrugineum,64.028114
CBN-can-C1-20230705,1,1393200,Homogyne alpina,63.182796
CBN-can-C1-20230705,2,1396253,Sibbaldia procumbens,62.675354
CBN-can-C1-20230705,3,1360872,Viola odorata,59.656258
CBN-can-C2-20230705,1,1393200,Homogyne alpina,64.814499
CBN-can-C2-20230705,2,1412857,Omalotheca supina,64.613640
CBN-can-C2-20230705,3,1395807,Salix herbacea,62.892780
CBN-can-C3-20230705,1,1396253,Sibbaldia procumbens,63.932949
CBN-can-C3-20230705,2,1395807,Salix herbacea,63.102226
CBN-can-C3-20230705,3,1392541,Gentiana brachyphylla,62.400070
CBN-can-C4-20230705,1,1393200,Homogyne alpina,67.519028
CBN-can-C4-20230705,2,1395807,Salix herbacea,63.360775
CBN-can-C4-20230705,3,1364066,Veronica serpyllifolia,62.195446
CBN-can-D1-20230705,1,1396253,Sibbaldia procumbens,63.749077
CBN-can-D1-20230705,2,1395807,Salix herbacea,62.257282
CBN-can-D1-20230705,3,1392241,Alchemilla pentaphyllea,60.737652
CBN-can-D2-20230705,1,1396253,Sibbaldia procumbens,64.292107
CBN-can-D2-20230705,2,1395807,Salix herbacea,63.212296
CBN-can-D2-20230705,3,1391092,Cerastium tomentosum,63.192207
CBN-can-D3-20230705,1,1396253,Sibbaldia procumbens,63.242210
CBN-can-D3-20230705,2,1413349,Armeria maritima,62.831272
CBN-can-D3-20230705,3,1391092,Cerastium tomentosum,62.000641
CBN-can-D4-20230705,1,1392535,Gentiana alpina,64.351120
CBN-can-D4-20230705,2,1395807,Salix herbacea,64.213684
CBN-can-D4-20230705,3,1400101,Bartsia alpina,64.191978
CBN-can-E1-20230706,1,1392608,Geum montanum,65.534744
CBN-can-E1-20230706,2,1392612,Geum reptans,63.742985
CBN-can-E1-20230706,3,1396144,Sedum alpestre,62.612713
CBN-can-E2-20230706,1,1395807,Salix herbacea,64.332626
CBN-can-E2-20230706,2,1393584,Linaria alpina,64.068268
CBN-can-E2-20230706,3,1393619,Logfia minima,62.982231
CBN-can-E3-20230706,1,1392534,Gentiana acaulis,66.054832
CBN-can-E3-20230706,2,1397430,Luzula sylvatica,65.082031
CBN-can-E3-20230706,3,1392535,Gentiana alpina,64.450821
CBN-can-E4-20230706,1,1397430,Luzula sylvatica,65.227539
CBN-can-E4-20230706,2,1396253,Sibbaldia procumbens,61.639408
CBN-can-E4-20230706,3,1395807,Salix herbacea,60.946480
CBN-can-E5-20230706,1,1392535,Gentiana alpina,66.050041
CBN-can-E5-20230706,2,1392608,Geum montanum,64.944168
CBN-can-E5-20230706,3,1392534,Gentiana acaulis,64.241455
CBN-can-E6-20230706,1,1392535,Gentiana alpina,67.211327
CBN-can-E6-20230706,2,1392534,Gentiana acaulis,66.233360
CBN-can-E6-20230706,3,1393200,Homogyne alpina,65.071831
CBN-can-F1-20230705,1,1392534,Gentiana acaulis,66.027893
CBN-can-F1-20230705,2,1392535,Gentiana alpina,65.356003
CBN-can-F1-20230705,3,1412857,Omalotheca supina,65.233086
CBN-can-F2-20230706,1,1396144,Sedum alpestre,65.651047
CBN-can-F2-20230706,2,1396253,Sibbaldia procumbens,63.446785
CBN-can-F2-20230706,3,1393619,Logfia minima,63.078712
CBN-can-F3-20230706,1,1412857,Omalotheca supina,63.613464
CBN-can-F3-20230706,2,1397430,Luzula sylvatica,63.097755
CBN-can-F3-20230706,3,1395807,Salix herbacea,61.822800
CBN-can-F4-20230706,1,1397430,Luzula sylvatica,63.981262
CBN-can-F4-20230706,2,1360748,Hydrocotyle vulgaris,62.803322
CBN-can-F4-20230706,3,1395807,Salix herbacea,61.974602
CBN-can-F5-20230706,1,1392608,Geum montanum,66.785423
CBN-can-F5-20230706,2,1392614,Geum rivale,61.206093
CBN-can-F5-20230706,3,1396253,Sibbaldia procumbens,61.071007
GUARDEN-AMB-CF04-1-10-20240325,1,1359344,Medicago marina,66.566093
GUARDEN-AMB-CF04-1-10-20240325,2,1363302,Cyperus capitatus,65.533867
GUARDEN-AMB-CF04-1-10-20240325,3,1393770,Medicago littoralis,63.250046
GUARDEN-AMB-CF04-1-5-20240325,1,1363302,Cyperus capitatus,67.385201
GUARDEN-AMB-CF04-1-5-20240325,2,1359344,Medicago marina,65.716293
GUARDEN-AMB-CF04-1-5-20240325,3,1363882,Lobularia maritima,63.742439
GUARDEN-AMB-CF21-1-1-20240326,1,1388812,Achillea maritima,66.749611
GUARDEN-AMB-CF21-1-1-20240326,2,1363302,Cyperus capitatus,63.513588
GUARDEN-AMB-CF21-1-1-20240326,3,1737651,Pseudognaphalium luteoalbum,59.922058
GUARDEN-AMB-CF21-1-10-20240326,1,1363302,Cyperus capitatus,66.076355
GUARDEN-AMB-CF21-1-10-20240326,2,1399739,Linaria polygalifolia,61.432945
GUARDEN-AMB-CF21-1-10-20240326,3,1744602,Alyssum gallaecicum,61.291046
GUARDEN-AMB-CF21-1-2-20240326,1,1358203,Cakile maritima,60.995449
GUARDEN-AMB-CF21-1-2-20240326,2,1363302,Cyperus capitatus,60.962616
GUARDEN-AMB-CF21-1-2-20240326,3,1360719,Eryngium maritimum,59.275990
GUARDEN-AMB-CF21-1-3-20240326,1,1359344,Medicago marina,66.285492
GUARDEN-AMB-CF21-1-3-20240326,2,1360719,Eryngium maritimum,63.981659
GUARDEN-AMB-CF21-1-3-20240326,3,1363302,Cyperus capitatus,62.236549
GUARDEN-AMB-CF21-1-4-20240326,1,1359344,Medicago marina,66.502075
GUARDEN-AMB-CF21-1-4-20240326,2,1360978,Pancratium maritimum,66.246140
GUARDEN-AMB-CF21-1-4-20240326,3,1363302,Cyperus capitatus,65.299698
GUARDEN-AMB-CF21-1-5-20240326,1,1359344,Medicago marina,66.799995
GUARDEN-AMB-CF21-1-5-20240326,2,1363302,Cyperus capitatus,62.598454
GUARDEN-AMB-CF21-1-5-20240326,3,1359297,Lotus creticus,61.744507
GUARDEN-AMB-CF21-1-6-20240326,1,1359344,Medicago marina,66.445480
GUARDEN-AMB-CF21-1-6-20240326,2,1363302,Cyperus capitatus,61.203316
GUARDEN-AMB-CF21-1-6-20240326,3,1738652,Matthiola sinuata,61.013603
GUARDEN-AMB-CF21-1-7-20240326,1,1363302,Cyperus capitatus,63.625130
GUARDEN-AMB-CF21-1-7-20240326,2,1724816,Matthiola incana,62.487801
GUARDEN-AMB-CF21-1-7-20240326,3,1744602,Alyssum gallaecicum,61.688736
GUARDEN-AMB-CF21-1-8-20240326,1,1359344,Medicago marina,66.040092
GUARDEN-AMB-CF21-1-8-20240326,2,1363302,Cyperus capitatus,65.907722
GUARDEN-AMB-CF21-1-8-20240326,3,1743249,Matthiola tricuspidata,63.448631
GUARDEN-AMB-CF21-1-9-20240326,1,1399739,Linaria polygalifolia,63.763298
GUARDEN-AMB-CF21-1-9-20240326,2,1398786,Lavandula lanata,62.793411
GUARDEN-AMB-CF21-1-9-20240326,3,1744602,Alyssum gallaecicum,61.857616
GUARDEN-AMB-GV04-1-3-20240326,1,1359297,Lotus creticus,64.656372
GUARDEN-AMB-GV04-1-3-20240326,2,1359344,Medicago marina,64.104759
GUARDEN-AMB-GV04-1-3-20240326,3,1359298,Lotus cytisoides,63.340309
GUARDEN-AMB-GV04-1-4-20240326,1,1359297,Lotus creticus,65.799805
GUARDEN-AMB-GV04-1-4-20240326,2,1359344,Medicago marina,64.257980
GUARDEN-AMB-GV04-1-4-20240326,3,1359298,Lotus cytisoides,63.751801
GUARDEN-AMB-GV04-1-5-20240326,1,1359297,Lotus creticus,65.903038
GUARDEN-AMB-GV04-1-5-20240326,2,1359298,Lotus cytisoides,63.767025
GUARDEN-AMB-GV04-1-5-20240326,3,1743990,Adenocarpus argyrophyllus,61.854214
GUARDEN-AMB-GV04-1-6-20240326,1,1359297,Lotus creticus,64.827255
GUARDEN-AMB-GV04-1-6-20240326,2,1359298,Lotus cytisoides,63.174767
GUARDEN-AMB-GV04-1-6-20240326,3,1399739,Linaria polygalifolia,61.778152
GUARDEN-AMB-GV04-1-7-20240326,1,1359297,Lotus creticus,66.864098
GUARDEN-AMB-GV04-1-7-20240326,2,1399739,Linaria polygalifolia,63.848656
GUARDEN-AMB-GV04-1-7-20240326,3,1359298,Lotus cytisoides,63.368469
GUARDEN-AMB-PR13-1-10-20240417,1,1360701,Echinophora spinosa,65.781738
GUARDEN-AMB-PR13-1-10-20240417,2,1359297,Lotus creticus,65.190445
GUARDEN-AMB-PR13-1-10-20240417,3,1359914,Linaria munbyana,64.656631
GUARDEN-AMB-PR13-1-2-20240417,1,1360701,Echinophora spinosa,65.729523
GUARDEN-AMB-PR13-1-2-20240417,2,1722578,Daucus pumilus,64.459198
GUARDEN-AMB-PR13-1-2-20240417,3,1721018,Calystegia soldanella,64.019287
GUARDEN-AMB-PR13-1-3-20240417,1,1360701,Echinophora spinosa,67.689323
GUARDEN-AMB-PR13-1-3-20240417,2,1721018,Calystegia soldanella,64.628876
GUARDEN-AMB-PR13-1-3-20240417,3,1359297,Lotus creticus,62.774204
GUARDEN-AMB-PR13-1-4-20240417,1,1721018,Calystegia soldanella,64.565407
GUARDEN-AMB-PR13-1-4-20240417,2,1364037,Ipomoea imperati,60.106644
GUARDEN-AMB-PR13-1-4-20240417,3,1722578,Daucus pumilus,57.231644
GUARDEN-AMB-PR13-1-8-20240417,1,1359344,Medicago marina,66.364769
GUARDEN-AMB-PR13-1-8-20240417,2,1359298,Lotus cytisoides,64.983154
GUARDEN-AMB-PR13-1-8-20240417,3,1721018,Calystegia soldanella,64.797310
GUARDEN-AMB-PR20-1-1-20240424,1,1393522,Leymus arenarius,60.218758
GUARDEN-AMB-PR20-1-1-20240424,2,1722433,Calamagrostis arenaria,59.164528
GUARDEN-AMB-PR20-1-1-20240424,3,1722441,Thinopyrum junceum,57.909439
GUARDEN-AMB-PR20-1-10-20240424,1,1359297,Lotus creticus,66.352615
GUARDEN-AMB-PR20-1-10-20240424,2,1359344,Medicago marina,65.038422
GUARDEN-AMB-PR20-1-10-20240424,3,1359298,Lotus cytisoides,63.726402
GUARDEN-AMB-PR20-1-8-20240424,1,1359344,Medicago marina,66.414581
GUARDEN-AMB-PR20-1-8-20240424,2,1359297,Lotus creticus,63.729057
GUARDEN-AMB-PR20-1-8-20240424,3,1425238,Medicago minima,61.858650
GUARDEN-AMB-SA03-1-1-20240626,1,1359344,Medicago marina,65.068054
GUARDEN-AMB-SA03-1-1-20240626,2,1360381,Crucianella maritima,61.874950
GUARDEN-AMB-SA03-1-1-20240626,3,1399739,Linaria polygalifolia,61.853203
GUARDEN-AMB-SA03-1-10-20240626,1,1356333,Tribulus terrestris,60.339096
GUARDEN-AMB-SA03-1-10-20240626,2,1360035,Limonium echioides,57.311256
GUARDEN-AMB-SA03-1-10-20240626,3,1361732,Salsola tragus,55.871262
GUARDEN-AMB-SA03-1-2-20240626,1,1359344,Medicago marina,65.734459
GUARDEN-AMB-SA03-1-2-20240626,2,1359297,Lotus creticus,61.298363
GUARDEN-AMB-SA03-1-2-20240626,3,1738652,Matthiola sinuata,60.587921
GUARDEN-AMB-SA03-1-3-20240626,1,1359344,Medicago marina,65.795021
GUARDEN-AMB-SA03-1-3-20240626,2,1358203,Cakile maritima,62.411705
GUARDEN-AMB-SA03-1-3-20240626,3,1360381,Crucianella maritima,62.255226
GUARDEN-AMB-SA03-1-4-20240626,1,1359344,Medicago marina,66.131653
GUARDEN-AMB-SA03-1-4-20240626,2,1360978,Pancratium maritimum,64.449158
GUARDEN-AMB-SA03-1-4-20240626,3,1359437,Ononis variegata,63.815430
GUARDEN-AMB-SA03-1-5-20240626,1,1359344,Medicago marina,65.990356
GUARDEN-AMB-SA03-1-5-20240626,2,1359424,Ononis ramosissima,64.200012
GUARDEN-AMB-SA03-1-5-20240626,3,1360978,Pancratium maritimum,63.062332
GUARDEN-AMB-SA03-1-9-20240626,1,1356905,Paronychia argentea,66.631142
GUARDEN-AMB-SA03-1-9-20240626,2,1359298,Lotus cytisoides,65.230453
GUARDEN-AMB-SA03-1-9-20240626,3,1359297,Lotus creticus,65.064011
GUARDEN-AMB-VC03-1-3-20240417,1,1359344,Medicago marina,67.637154
GUARDEN-AMB-VC03-1-3-20240417,2,1356905,Paronychia argentea,67.469971
GUARDEN-AMB-VC03-1-3-20240417,3,1394421,Paronychia kapela,64.338203
GUARDEN-AMB-VC03-1-4-20240417,1,1356905,Paronychia argentea,67.707291
GUARDEN-AMB-VC03-1-4-20240417,2,1359344,Medicago marina,66.809975
GUARDEN-AMB-VC03-1-4-20240417,3,1359297,Lotus creticus,63.992027
GUARDEN-AMB-VC03-1-5-20240417,1,1356905,Paronychia argentea,66.747833
GUARDEN-AMB-VC03-1-5-20240417,2,1359297,Lotus creticus,64.888611
GUARDEN-AMB-VC03-1-5-20240417,3,1394421,Paronychia kapela,64.006516
GUARDEN-AMB-VC03-1-6-20240417,1,1359344,Medicago marina,66.760803
GUARDEN-AMB-VC03-1-6-20240417,2,1356905,Paronychia argentea,66.404938
GUARDEN-AMB-VC03-1-6-20240417,3,1359297,Lotus creticus,65.194351
GUARDEN-CBNMed-10-1-16-34-20240429,1,1358503,Erica arborea,61.521976
GUARDEN-CBNMed-10-1-16-34-20240429,2,1564276,Teucrium balearicum,59.409893
GUARDEN-CBNMed-10-1-16-34-20240429,3,1393366,Juniperus phoenicea,58.138927
GUARDEN-CBNMed-10-10-17-19-20240429,1,1358613,Quercus coccifera,63.214447
GUARDEN-CBNMed-10-10-17-19-20240429,2,1548487,Quercus senneniana,57.491508
GUARDEN-CBNMed-10-10-17-19-20240429,3,1743448,Quercus auzendei,56.504677
GUARDEN-CBNMed-10-5-16-55-20240429,1,1357111,Cistus salviifolius,66.233398
GUARDEN-CBNMed-10-5-16-55-20240429,2,1356785,Lonicera implexa,64.453560
GUARDEN-CBNMed-10-5-16-55-20240429,3,1358503,Erica arborea,63.301491
GUARDEN-CBNMed-10-6-17-02-20240429,1,1356785,Lonicera implexa,63.850662
GUARDEN-CBNMed-10-6-17-02-20240429,2,1358613,Quercus coccifera,61.651436
GUARDEN-CBNMed-10-6-17-02-20240429,3,1357111,Cistus salviifolius,59.281647
GUARDEN-CBNMed-10-7-17-05-20240429,1,1388990,Brachypodium retusum,63.329510
GUARDEN-CBNMed-10-7-17-05-20240429,2,1357111,Cistus salviifolius,62.807678
GUARDEN-CBNMed-10-7-17-05-20240429,3,1362066,Micromeria filiformis,62.472565
GUARDEN-CBNMed-10-8-17-11-20240429,1,1358613,Quercus coccifera,62.829884
GUARDEN-CBNMed-10-8-17-11-20240429,2,1373840,Senecio deltoideus,58.088768
GUARDEN-CBNMed-10-8-17-11-20240429,3,1390466,Thymelaea velutina,57.692387
GUARDEN-CBNMed-10-9-17-16-20240429,1,1358613,Quercus coccifera,63.549973
GUARDEN-CBNMed-10-9-17-16-20240429,2,1358503,Erica arborea,59.633419
GUARDEN-CBNMed-10-9-17-16-20240429,3,1360595,Thymelaea hirsuta,57.879478
GUARDEN-CBNMed-14-3-9-45-20240429,1,1359676,Olea europaea,60.743259
GUARDEN-CBNMed-14-3-9-45-20240429,2,1364048,Osyris lanceolata,57.643501
GUARDEN-CBNMed-14-3-9-45-20240429,3,1360578,Withania frutescens,56.377487
GUARDEN-CBNMed-14-4-9-49-20240429,1,1359676,Olea europaea,61.541492
GUARDEN-CBNMed-14-4-9-49-20240429,2,1359176,Cytisus arboreus,58.147636
GUARDEN-CBNMed-14-4-9-49-20240429,3,1356728,Buxus balearica,57.200661
GUARDEN-CBNMed-14-9-10-09-20240429,1,1359676,Olea europaea,62.224579
GUARDEN-CBNMed-14-9-10-09-20240429,2,1359677,Phillyrea angustifolia,59.964485
GUARDEN-CBNMed-14-9-10-09-20240429,3,1359079,Anagyris foetida,56.909378
GUARDEN-CBNMed-15-10-12-17-20240429,1,1363413,Eleusine tristachya,63.533432
GUARDEN-CBNMed-15-10-12-17-20240429,2,1363731,Medicago polymorpha,60.679813
GUARDEN-CBNMed-15-10-12-17-20240429,3,1361190,Avena sterilis,60.552986
GUARDEN-CBNMed-15-5-11-44-20240429,1,1364171,Sonchus tenerrimus,65.139236
GUARDEN-CBNMed-15-5-11-44-20240429,2,1356013,Geranium rotundifolium,63.034229
GUARDEN-CBNMed-15-5-11-44-20240429,3,1357351,Carduus pycnocephalus,62.923241
GUARDEN-CBNMed-15-7-12-02-20240429,1,1364171,Sonchus tenerrimus,63.180969
GUARDEN-CBNMed-15-7-12-02-20240429,2,1358478,Scabiosa ochroleuca,60.795399
GUARDEN-CBNMed-15-7-12-02-20240429,3,1359676,Olea europaea,60.394234
GUARDEN-CBNMed-15-9-12-15-20240429,1,1363413,Eleusine tristachya,61.402122
GUARDEN-CBNMed-15-9-12-15-20240429,2,1363467,Avena barbata,61.388977
GUARDEN-CBNMed-15-9-12-15-20240429,3,1364171,Sonchus tenerrimus,60.040726
GUARDEN-CBNMed-16-1-13-37-20240429,1,1356108,Thymus vulgaris,63.846619
GUARDEN-CBNMed-16-1-13-37-20240429,2,1357120,Fumana procumbens,63.845333
GUARDEN-CBNMed-16-1-13-37-20240429,3,1388990,Brachypodium retusum,63.257893
GUARDEN-CBNMed-16-10-14-33-20240429,1,1722409,Salvia rosmarinus,62.232510
GUARDEN-CBNMed-16-10-14-33-20240429,2,1744347,Ulex canescens,60.849598
GUARDEN-CBNMed-16-10-14-33-20240429,3,1743965,Ulex argenteus,60.167168
GUARDEN-CBNMed-16-2-13-45-20240429,1,1399771,Astragalus balearicus,59.996887
GUARDEN-CBNMed-16-2-13-45-20240429,2,1360782,Pimpinella tragium,58.468811
GUARDEN-CBNMed-16-2-13-45-20240429,3,1743989,Ulex densus,58.407082
GUARDEN-CBNMed-16-3-13-51-20240429,1,1722409,Salvia rosmarinus,63.269569
GUARDEN-CBNMed-16-3-13-51-20240429,2,1743965,Ulex argenteus,62.888985
GUARDEN-CBNMed-16-3-13-51-20240429,3,1743966,Ulex erinaceus,62.316505
GUARDEN-CBNMed-16-4-13-57-20240429,1,1722409,Salvia rosmarinus,63.206612
GUARDEN-CBNMed-16-4-13-57-20240429,2,1744243,Salvia jordanii,59.596588
GUARDEN-CBNMed-16-4-13-57-20240429,3,1359029,Thymbra capitata,59.013313
GUARDEN-CBNMed-16-6-14-07-20240429,1,1722409,Salvia rosmarinus,62.585682
GUARDEN-CBNMed-16-6-14-07-20240429,2,1744243,Salvia jordanii,59.549469
GUARDEN-CBNMed-16-6-14-07-20240429,3,1743303,Anthyllis hystrix,59.201965
GUARDEN-CBNMed-16-7-14-1-20240429,1,1722409,Salvia rosmarinus,62.054268
GUARDEN-CBNMed-16-7-14-1-20240429,2,1363707,Ulex europaeus,58.943775
GUARDEN-CBNMed-16-7-14-1-20240429,3,1744243,Salvia jordanii,58.247070
GUARDEN-CBNMed-16-8-14-14-20240429,1,1360999,Aphyllanthes monspeliensis,65.054901
GUARDEN-CBNMed-16-8-14-14-20240429,2,1722409,Salvia rosmarinus,62.747131
GUARDEN-CBNMed-16-8-14-14-20240429,3,1743336,Santolina magonica,58.068043
GUARDEN-CBNMed-17-3-10-56-20240429,1,1361106,Scirpoides holoschoenus,62.581818
GUARDEN-CBNMed-17-3-10-56-20240429,2,1363292,Cyperus difformis,59.632774
GUARDEN-CBNMed-17-3-10-56-20240429,3,1363293,Cyperus eragrostis,57.751343
GUARDEN-CBNMed-17-5-11-2-20240429,1,1361106,Scirpoides holoschoenus,63.766800
GUARDEN-CBNMed-17-5-11-2-20240429,2,1363212,Torilis arvensis,62.302010
GUARDEN-CBNMed-17-5-11-2-20240429,3,1361088,Cyperus fuscus,61.693752
GUARDEN-CBNMed-19-1-15-24-20240429,1,1357293,Asteriscus aquaticus,66.210518
GUARDEN-CBNMed-19-1-15-24-20240429,2,1357743,Pallenis spinosa,65.561493
GUARDEN-CBNMed-19-1-15-24-20240429,3,1357593,Filago pygmaea,63.416866
GUARDEN-CBNMed-19-10-16-02-20240429,1,1743956,Pycnocomon intermedium,59.953426
GUARDEN-CBNMed-19-10-16-02-20240429,2,1361926,Scabiosa columbaria,59.558266
GUARDEN-CBNMed-19-10-16-02-20240429,3,1359369,Onobrychis conferta,59.526550
GUARDEN-CBNMed-19-2-15-31-20240429,1,1363413,Eleusine tristachya,64.549332
GUARDEN-CBNMed-19-2-15-31-20240429,2,1393770,Medicago littoralis,60.851192
GUARDEN-CBNMed-19-2-15-31-20240429,3,1400017,Armeria linkiana,60.659637
GUARDEN-CBNMed-19-3-15-35-20240429,1,1359521,Trifolium scabrum,65.868019
GUARDEN-CBNMed-19-3-15-35-20240429,2,1389369,Lysimachia foemina,62.054802
GUARDEN-CBNMed-19-3-15-35-20240429,3,1357815,Reichardia picroides,61.479511
GUARDEN-CBNMed-19-4-15-39-20240429,1,1493549,Silene longicilia,61.804108
GUARDEN-CBNMed-19-4-15-39-20240429,2,1358459,Knautia subscaposa,60.982506
GUARDEN-CBNMed-19-4-15-39-20240429,3,1359521,Trifolium scabrum,60.852821
GUARDEN-CBNMed-19-5-15-44-20240429,1,1359521,Trifolium scabrum,64.355972
GUARDEN-CBNMed-19-5-15-44-20240429,2,1744483,Astragalus nitidiflorus,62.519756
GUARDEN-CBNMed-19-5-15-44-20240429,3,1361926,Scabiosa columbaria,61.177631
GUARDEN-CBNMed-19-6-15-48-20240429,1,1400017,Armeria linkiana,62.704872
GUARDEN-CBNMed-19-6-15-48-20240429,2,1359521,Trifolium scabrum,62.552845
GUARDEN-CBNMed-19-6-15-48-20240429,3,1363413,Eleusine tristachya,61.855171
GUARDEN-CBNMed-19-7-15-51-20240429,1,1425238,Medicago minima,63.145294
GUARDEN-CBNMed-19-7-15-51-20240429,2,1502795,Centaurea pinnata,62.050861
GUARDEN-CBNMed-19-7-15-51-20240429,3,1400017,Armeria linkiana,61.230759
GUARDEN-CBNMed-19-8-15-53-20240429,1,1359521,Trifolium scabrum,68.752014
GUARDEN-CBNMed-19-8-15-53-20240429,2,1425238,Medicago minima,63.812336
GUARDEN-CBNMed-19-8-15-53-20240429,3,1357815,Reichardia picroides,61.993507
GUARDEN-CBNMed-19-9-15-58-20240429,1,1728575,Moenchia erecta,59.307465
GUARDEN-CBNMed-19-9-15-58-20240429,2,1391710,Dianthus pyrenaicus,58.300930
GUARDEN-CBNMed-19-9-15-58-20240429,3,1363413,Eleusine tristachya,57.765217
GUARDEN-CBNMed-20-1-9-35-20240428,1,1360443,Ruta angustifolia,63.846237
GUARDEN-CBNMed-20-1-9-35-20240428,2,1394527,Phlomis lychnitis,63.588577
GUARDEN-CBNMed-20-1-9-35-20240428,3,1364040,Ruta chalepensis,61.241619
GUARDEN-CBNMed-20-10-10-31-20240428,1,1359161,Calicotome villosa,64.270370
GUARDEN-CBNMed-20-10-10-31-20240428,2,1744033,Centaurea cordubensis,63.842472
GUARDEN-CBNMed-20-10-10-31-20240428,3,1357121,Fumana scoparia,63.506969
GUARDEN-CBNMed-20-8-10-19-20240428,1,1360999,Aphyllanthes monspeliensis,62.599277
GUARDEN-CBNMed-20-8-10-19-20240428,2,1356397,Equisetum ramosissimum,60.340225
GUARDEN-CBNMed-20-8-10-19-20240428,3,1399771,Astragalus balearicus,59.373951
GUARDEN-CBNMed-20-9-10-23-20240428,1,1578131,Genista hystrix,63.779312
GUARDEN-CBNMed-20-9-10-23-20240428,2,1357114,Fumana ericoides,63.707932
GUARDEN-CBNMed-20-9-10-23-20240428,3,1357122,Fumana thymifolia,63.500828
GUARDEN-CBNMed-21-10-11-42-20240428,1,1357122,Fumana thymifolia,62.236488
GUARDEN-CBNMed-21-10-11-42-20240428,2,1360999,Aphyllanthes monspeliensis,61.470047
GUARDEN-CBNMed-21-10-11-42-20240428,3,1357121,Fumana scoparia,60.496120
GUARDEN-CBNMed-21-2-11-07-20240428,1,1357122,Fumana thymifolia,64.885002
GUARDEN-CBNMed-21-2-11-07-20240428,2,1357121,Fumana scoparia,61.769302
GUARDEN-CBNMed-21-2-11-07-20240428,3,1357114,Fumana ericoides,60.368679
GUARDEN-CBNMed-21-3-11-09-20240428,1,1357122,Fumana thymifolia,64.914085
GUARDEN-CBNMed-21-3-11-09-20240428,2,1393365,Juniperus oxycedrus,64.547157
GUARDEN-CBNMed-21-3-11-09-20240428,3,1701525,Juniperus macrocarpa,61.983654
GUARDEN-CBNMed-21-6-11-17-20240428,1,1357122,Fumana thymifolia,64.463524
GUARDEN-CBNMed-21-6-11-17-20240428,2,1357116,Fumana juniperina,63.334175
GUARDEN-CBNMed-21-6-11-17-20240428,3,1357114,Fumana ericoides,63.173580
GUARDEN-CBNMed-21-8-11-23-20240428,1,1357122,Fumana thymifolia,66.425667
GUARDEN-CBNMed-21-8-11-23-20240428,2,1495485,Helianthemum viscidulum,62.242302
GUARDEN-CBNMed-21-8-11-23-20240428,3,1357121,Fumana scoparia,62.158543
GUARDEN-CBNMed-21-9-11-32-20240428,1,1388990,Brachypodium retusum,60.812447
GUARDEN-CBNMed-21-9-11-32-20240428,2,1358968,Teucrium capitatum,60.212616
GUARDEN-CBNMed-21-9-11-32-20240428,3,1492564,Dianthus charidemi,60.196770
GUARDEN-CBNMed-22-1-13-39-20240428,1,1722625,Arthrocaulon macrostachyum,64.017845
GUARDEN-CBNMed-22-1-13-39-20240428,2,1360054,Limonium narbonense,63.612659
GUARDEN-CBNMed-22-1-13-39-20240428,3,1743979,Limonium multiflorum,63.494934
GUARDEN-CBNMed-22-10-14-48-20240428,1,1360006,Limoniastrum monopetalum,65.005966
GUARDEN-CBNMed-22-10-14-48-20240428,2,1393568,Limonium obtusifolium,62.176769
GUARDEN-CBNMed-22-10-14-48-20240428,3,1743275,Limonium ebusitanum,62.102718
GUARDEN-CBNMed-22-2-14-05-20240428,1,1393574,Limonium tarcoense,62.685616
GUARDEN-CBNMed-22-2-14-05-20240428,2,1722625,Arthrocaulon macrostachyum,61.901875
GUARDEN-CBNMed-22-2-14-05-20240428,3,1722521,Salicornia perennis,61.662807
GUARDEN-CBNMed-22-5-14-21-20240428,1,1486726,Cylindropuntia leptocaulis,61.326019
GUARDEN-CBNMed-22-5-14-21-20240428,2,1389328,Malephora crocea,61.102501
GUARDEN-CBNMed-22-5-14-21-20240428,3,1722522,Salicornia fruticosa,60.882412
GUARDEN-CBNMed-22-6-14-23-20240428,1,1722522,Salicornia fruticosa,63.087322
GUARDEN-CBNMed-22-6-14-23-20240428,2,1722521,Salicornia perennis,62.081974
GUARDEN-CBNMed-22-6-14-23-20240428,3,1722625,Arthrocaulon macrostachyum,61.913685
GUARDEN-CBNMed-22-7-14-25-20240428,1,1722522,Salicornia fruticosa,62.452255
GUARDEN-CBNMed-22-7-14-25-20240428,2,1363200,Anabasis articulata,62.162567
GUARDEN-CBNMed-22-7-14-25-20240428,3,1722521,Salicornia perennis,61.791458
GUARDEN-CBNMed-22-9-14-42-20240428,1,1722625,Arthrocaulon macrostachyum,64.668007
GUARDEN-CBNMed-22-9-14-42-20240428,2,1360006,Limoniastrum monopetalum,63.211700
GUARDEN-CBNMed-22-9-14-42-20240428,3,1363200,Anabasis articulata,62.646111
GUARDEN-CBNMed-23-1-9-56-20240428,1,1360999,Aphyllanthes monspeliensis,65.709396
GUARDEN-CBNMed-23-1-9-56-20240428,2,1492564,Dianthus charidemi,60.414459
GUARDEN-CBNMed-23-1-9-56-20240428,3,1388990,Brachypodium retusum,59.957336
GUARDEN-CBNMed-23-10-10-42-20240428,1,1564646,Thymus orospedanus,62.130585
GUARDEN-CBNMed-23-10-10-42-20240428,2,1358318,Hormathophylla spinosa,60.755196
GUARDEN-CBNMed-23-10-10-42-20240428,3,1502610,Centaurea horrida,60.646492
GUARDEN-CBNMed-23-3-10-14-20240428,1,1357114,Fumana ericoides,63.094238
GUARDEN-CBNMed-23-3-10-14-20240428,2,1577392,Echinospartum boissieri,61.173729
GUARDEN-CBNMed-23-3-10-14-20240428,3,1389424,Linaria aeruginea,60.097923
GUARDEN-CBNMed-23-4-10-17-20240428,1,1356108,Thymus vulgaris,64.417809
GUARDEN-CBNMed-23-4-10-17-20240428,2,1389394,Thymus longiflorus,62.790817
GUARDEN-CBNMed-23-4-10-17-20240428,3,1564646,Thymus orospedanus,62.320534
GUARDEN-CBNMed-23-5-10-21-20240428,1,1360711,Eryngium campestre,63.059181
GUARDEN-CBNMed-23-5-10-21-20240428,2,1398815,Thymus camphoratus,61.535408
GUARDEN-CBNMed-23-5-10-21-20240428,3,1360701,Echinophora spinosa,61.502544
GUARDEN-CBNMed-23-6-10-24-20240428,1,1393365,Juniperus oxycedrus,64.532318
GUARDEN-CBNMed-23-6-10-24-20240428,2,1357401,Centaurea aspera,60.530220
GUARDEN-CBNMed-23-6-10-24-20240428,3,1399771,Astragalus balearicus,59.862877
GUARDEN-CBNMed-23-7-10-28-20240428,1,1360999,Aphyllanthes monspeliensis,65.075867
GUARDEN-CBNMed-23-7-10-28-20240428,2,1393365,Juniperus oxycedrus,63.166283
GUARDEN-CBNMed-23-7-10-28-20240428,3,1518934,Santolina insularis,60.273933
GUARDEN-CBNMed-23-8-10-34-20240428,1,1359435,Ononis tridentata,61.936832
GUARDEN-CBNMed-23-8-10-34-20240428,2,1362415,Atractylis humilis,60.918213
GUARDEN-CBNMed-23-8-10-34-20240428,3,1564276,Teucrium balearicum,60.690071
GUARDEN-CBNMed-23-9-10-39-20240428,1,1399423,Teucrium subspinosum,62.193550
GUARDEN-CBNMed-23-9-10-39-20240428,2,1357769,Phagnalon rupestre,62.178291
GUARDEN-CBNMed-23-9-10-39-20240428,3,1564441,Teucrium vincentinum,61.959305
GUARDEN-CBNMed-24-10-13-06-20240428,1,1743889,Gelasia hirsuta,59.091606
GUARDEN-CBNMed-24-10-13-06-20240428,2,1502543,Centaurea filiformis,58.865837
GUARDEN-CBNMed-24-10-13-06-20240428,3,1359952,Plantago crassifolia,58.854668
GUARDEN-CBNMed-24-2-12-04-20240428,1,1357351,Carduus pycnocephalus,62.687721
GUARDEN-CBNMed-24-2-12-04-20240428,2,1360978,Pancratium maritimum,60.905094
GUARDEN-CBNMed-24-2-12-04-20240428,3,1357338,Carduus bourgeanus,59.748165
GUARDEN-CBNMed-24-3-12-15-20240428,1,1357351,Carduus pycnocephalus,63.893761
GUARDEN-CBNMed-24-3-12-15-20240428,2,1357335,Carduus argyroa,63.865677
GUARDEN-CBNMed-24-3-12-15-20240428,3,1357405,Centaurea boissieri,62.811783
GUARDEN-CBNMed-24-5-12-36-20240428,1,1357351,Carduus pycnocephalus,63.897327
GUARDEN-CBNMed-24-5-12-36-20240428,2,1355881,Carduus tenuiflorus,62.373417
GUARDEN-CBNMed-24-5-12-36-20240428,3,1360711,Eryngium campestre,62.349823
GUARDEN-CBNMed-24-6-12-46-20240428,1,1357351,Carduus pycnocephalus,65.171844
GUARDEN-CBNMed-24-6-12-46-20240428,2,1360711,Eryngium campestre,64.246140
GUARDEN-CBNMed-24-6-12-46-20240428,3,1360706,Eryngium aquifolium,62.718750
GUARDEN-CBNMed-24-7-12-54-20240428,1,1360711,Eryngium campestre,62.773109
GUARDEN-CBNMed-24-7-12-54-20240428,2,1363619,Crassula muscosa,58.958744
GUARDEN-CBNMed-24-7-12-54-20240428,3,1360716,Eryngium glaciale,57.966801
GUARDEN-CBNMed-24-8-14-58-20240428,1,1360711,Eryngium campestre,63.275124
GUARDEN-CBNMed-24-8-14-58-20240428,2,1357351,Carduus pycnocephalus,61.183418
GUARDEN-CBNMed-24-8-14-58-20240428,3,1360715,Eryngium dilatatum,59.824394
GUARDEN-CBNMed-24-9-13-02-20240428,1,1492564,Dianthus charidemi,59.194839
GUARDEN-CBNMed-24-9-13-02-20240428,2,1360706,Eryngium aquifolium,58.376160
GUARDEN-CBNMed-24-9-13-02-20240428,3,1360711,Eryngium campestre,56.817696
GUARDEN-CBNMed-25-1-13-52-20240428,1,1394527,Phlomis lychnitis,67.176758
GUARDEN-CBNMed-25-1-13-52-20240428,2,1742109,Petrosedum sediforme,63.136272
GUARDEN-CBNMed-25-1-13-52-20240428,3,1360739,Foeniculum vulgare,61.082630
GUARDEN-CBNMed-25-10-14-49-20240428,1,1394527,Phlomis lychnitis,66.321060
GUARDEN-CBNMed-25-10-14-49-20240428,2,1357743,Pallenis spinosa,66.153748
GUARDEN-CBNMed-25-10-14-49-20240428,3,1358111,Sedum gypsicola,65.862701
GUARDEN-CBNMed-25-2-13-57-20240428,1,1394527,Phlomis lychnitis,59.646873
GUARDEN-CBNMed-25-2-13-57-20240428,2,1388990,Brachypodium retusum,58.772430
GUARDEN-CBNMed-25-2-13-57-20240428,3,1359952,Plantago crassifolia,58.545383
GUARDEN-CBNMed-25-3-14-06-20240428,1,1394527,Phlomis lychnitis,66.009247
GUARDEN-CBNMed-25-3-14-06-20240428,2,1394526,Phlomis fruticosa,61.600483
GUARDEN-CBNMed-25-3-14-06-20240428,3,1359952,Plantago crassifolia,61.160095
GUARDEN-CBNMed-25-4-14-15-20240428,1,1357743,Pallenis spinosa,66.266251
GUARDEN-CBNMed-25-4-14-15-20240428,2,1394527,Phlomis lychnitis,65.498360
GUARDEN-CBNMed-25-4-14-15-20240428,3,1357981,Convolvulus lineatus,64.694031
GUARDEN-CBNMed-25-7-14-28-20240428,1,1742109,Petrosedum sediforme,65.005493
GUARDEN-CBNMed-25-7-14-28-20240428,2,1359676,Olea europaea,63.020859
GUARDEN-CBNMed-25-7-14-28-20240428,3,1357981,Convolvulus lineatus,62.767418
GUARDEN-CBNMed-25-8-14-39-20240428,1,1357981,Convolvulus lineatus,67.073692
GUARDEN-CBNMed-25-8-14-39-20240428,2,1357743,Pallenis spinosa,66.197151
GUARDEN-CBNMed-25-8-14-39-20240428,3,1742109,Petrosedum sediforme,64.454758
GUARDEN-CBNMed-25-9-14-43-20240428,1,1357981,Convolvulus lineatus,66.136276
GUARDEN-CBNMed-25-9-14-43-20240428,2,1742109,Petrosedum sediforme,64.693039
GUARDEN-CBNMed-25-9-14-43-20240428,3,1357815,Reichardia picroides,61.514290
GUARDEN-CBNMed-26-10-10-01-20240428,1,1359344,Medicago marina,64.850891
GUARDEN-CBNMed-26-10-10-01-20240428,2,1359297,Lotus creticus,57.193333
GUARDEN-CBNMed-26-10-10-01-20240428,3,1393770,Medicago littoralis,56.981415
GUARDEN-CBNMed-26-6-9-34-20240428,1,1738652,Matthiola sinuata,66.021255
GUARDEN-CBNMed-26-6-9-34-20240428,2,1743249,Matthiola tricuspidata,62.491253
GUARDEN-CBNMed-26-6-9-34-20240428,3,1481437,Matthiola fruticulosa,61.340446
GUARDEN-CBNMed-26-8-9-45-20240428,1,1359344,Medicago marina,65.679710
GUARDEN-CBNMed-26-8-9-45-20240428,2,1394643,Antennaria dioica,59.853363
GUARDEN-CBNMed-26-8-9-45-20240428,3,1359297,Lotus creticus,58.870914
GUARDEN-CBNMed-26-9-9-48-20240428,1,1359344,Medicago marina,65.377876
GUARDEN-CBNMed-26-9-9-48-20240428,2,1358782,Marrubium supinum,62.194572
GUARDEN-CBNMed-26-9-9-48-20240428,3,1393754,Marrubium incanum,60.520950
GUARDEN-CBNMed-27-1-11-17-20240428,1,1393547,Limonium binervosum,65.444107
GUARDEN-CBNMed-27-1-11-17-20240428,2,1743977,Limonium auriculifolium,63.491634
GUARDEN-CBNMed-27-1-11-17-20240428,3,1393567,Limonium normannicum,63.325783
GUARDEN-CBNMed-27-10-11-55-20240428,1,1744392,Limonium alicunense,62.627316
GUARDEN-CBNMed-27-10-11-55-20240428,2,1360026,Limonium cossonianum,62.573586
GUARDEN-CBNMed-27-10-11-55-20240428,3,1393548,Limonium bonifaciense,62.321236
GUARDEN-CBNMed-27-2-11-32-20240428,1,1744019,Limonium maritimum,60.990639
GUARDEN-CBNMed-27-2-11-32-20240428,2,1360054,Limonium narbonense,60.129864
GUARDEN-CBNMed-27-2-11-32-20240428,3,1360026,Limonium cossonianum,59.818909
GUARDEN-CBNMed-27-3-11-36-20240428,1,1449488,Ruschia caroli,62.913868
GUARDEN-CBNMed-27-3-11-36-20240428,2,1722625,Arthrocaulon macrostachyum,62.539520
GUARDEN-CBNMed-27-3-11-36-20240428,3,1360054,Limonium narbonense,62.392601
GUARDEN-CBNMed-27-4-11-39-20240428,1,1393574,Limonium tarcoense,62.836357
GUARDEN-CBNMed-27-4-11-39-20240428,2,1722625,Arthrocaulon macrostachyum,62.190865
GUARDEN-CBNMed-27-4-11-39-20240428,3,1722522,Salicornia fruticosa,61.851974
GUARDEN-CBNMed-27-5-11-4-20240428,1,1722522,Salicornia fruticosa,62.486652
GUARDEN-CBNMed-27-5-11-4-20240428,2,1722625,Arthrocaulon macrostachyum,61.967045
GUARDEN-CBNMed-27-5-11-4-20240428,3,1393574,Limonium tarcoense,61.532562
GUARDEN-CBNMed-27-6-11-42-20240428,1,1393574,Limonium tarcoense,61.823051
GUARDEN-CBNMed-27-6-11-42-20240428,2,1449488,Ruschia caroli,61.756359
GUARDEN-CBNMed-27-6-11-42-20240428,3,1389328,Malephora crocea,60.649334
GUARDEN-CBNMed-27-7-11-43-20240428,1,1722522,Salicornia fruticosa,64.031387
GUARDEN-CBNMed-27-7-11-43-20240428,2,1449488,Ruschia caroli,63.644257
GUARDEN-CBNMed-27-7-11-43-20240428,3,1722625,Arthrocaulon macrostachyum,62.060135
GUARDEN-CBNMed-27-8-11-45-20240428,1,1449488,Ruschia caroli,65.515045
GUARDEN-CBNMed-27-8-11-45-20240428,2,1393574,Limonium tarcoense,63.466473
GUARDEN-CBNMed-27-8-11-45-20240428,3,1647291,Limonium furfuraceum,62.294968
GUARDEN-CBNMed-27-9-11-47-20240428,1,1360054,Limonium narbonense,61.079453
GUARDEN-CBNMed-27-9-11-47-20240428,2,1393569,Limonium patrimoniense,59.428947
GUARDEN-CBNMed-27-9-11-47-20240428,3,1744399,Limonium malacitanum,59.174908
GUARDEN-CBNMed-28-1-12-46-20240428,1,1360006,Limoniastrum monopetalum,63.151382
GUARDEN-CBNMed-28-1-12-46-20240428,2,1393574,Limonium tarcoense,62.583046
GUARDEN-CBNMed-28-1-12-46-20240428,3,1743275,Limonium ebusitanum,62.510067
GUARDEN-CBNMed-28-10-13-23-20240428,1,1357705,Limbarda crithmoides,64.124573
GUARDEN-CBNMed-28-10-13-23-20240428,2,1391750,Disphyma crassifolium,61.262466
GUARDEN-CBNMed-28-10-13-23-20240428,3,1393571,Limonium pseudominutum,59.677650
GUARDEN-CBNMed-28-2-12-48-20240428,1,1363200,Anabasis articulata,63.300087
GUARDEN-CBNMed-28-2-12-48-20240428,2,1360006,Limoniastrum monopetalum,62.714096
GUARDEN-CBNMed-28-2-12-48-20240428,3,1722521,Salicornia perennis,61.614296
GUARDEN-CBNMed-28-3-12-51-20240428,1,1722625,Arthrocaulon macrostachyum,61.744553
GUARDEN-CBNMed-28-3-12-51-20240428,2,1738887,Salicornia marshallii,61.311039
GUARDEN-CBNMed-28-3-12-51-20240428,3,1722522,Salicornia fruticosa,60.716957
GUARDEN-CBNMed-28-4-12-52-20240428,1,1357705,Limbarda crithmoides,64.019112
GUARDEN-CBNMed-28-4-12-52-20240428,2,1360054,Limonium narbonense,61.911030
GUARDEN-CBNMed-28-4-12-52-20240428,3,1722521,Salicornia perennis,61.771900
GUARDEN-CBNMed-28-5-13-02-20240428,1,1743977,Limonium auriculifolium,62.527168
GUARDEN-CBNMed-28-5-13-02-20240428,2,1357705,Limbarda crithmoides,62.267418
GUARDEN-CBNMed-28-5-13-02-20240428,3,1360054,Limonium narbonense,61.511227
GUARDEN-CBNMed-28-6-13-06-20240428,1,1357705,Limbarda crithmoides,64.986046
GUARDEN-CBNMed-28-6-13-06-20240428,2,1743275,Limonium ebusitanum,62.478474
GUARDEN-CBNMed-28-6-13-06-20240428,3,1738887,Salicornia marshallii,61.815083
GUARDEN-CBNMed-28-7-13-11-20240428,1,1357705,Limbarda crithmoides,64.376686
GUARDEN-CBNMed-28-7-13-11-20240428,2,1722625,Arthrocaulon macrostachyum,61.524998
GUARDEN-CBNMed-28-7-13-11-20240428,3,1744365,Salicornia alpini,61.519257
GUARDEN-CBNMed-28-8-13-14-20240428,1,1357705,Limbarda crithmoides,65.222260
GUARDEN-CBNMed-28-8-13-14-20240428,2,1391750,Disphyma crassifolium,64.586601
GUARDEN-CBNMed-28-8-13-14-20240428,3,1393574,Limonium tarcoense,60.144844
GUARDEN-CBNMed-28-9-13-17-20240428,1,1722625,Arthrocaulon macrostachyum,63.905441
GUARDEN-CBNMed-28-9-13-17-20240428,2,1357705,Limbarda crithmoides,63.887527
GUARDEN-CBNMed-28-9-13-17-20240428,3,1393574,Limonium tarcoense,63.715546
GUARDEN-CBNMed-29-6-14-31-20240428,1,1357227,Anthemis maritima,66.324524
GUARDEN-CBNMed-29-6-14-31-20240428,2,1360719,Eryngium maritimum,65.099838
GUARDEN-CBNMed-29-6-14-31-20240428,3,1359344,Medicago marina,64.957901
GUARDEN-CBNMed-29-7-14-34-20240428,1,1360701,Echinophora spinosa,65.945671
GUARDEN-CBNMed-29-7-14-34-20240428,2,1360719,Eryngium maritimum,65.064873
GUARDEN-CBNMed-29-7-14-34-20240428,3,1392108,Eryngium spinalba,59.311367
GUARDEN-CBNMed-30-1-16-07-20240428,1,1359344,Medicago marina,64.646408
GUARDEN-CBNMed-30-1-16-07-20240428,2,1393770,Medicago littoralis,63.743240
GUARDEN-CBNMed-30-1-16-07-20240428,3,1357401,Centaurea aspera,63.464493
GUARDEN-CBNMed-30-10-16-41-20240428,1,1357227,Anthemis maritima,66.308693
GUARDEN-CBNMed-30-10-16-41-20240428,2,1359344,Medicago marina,65.120247
GUARDEN-CBNMed-30-10-16-41-20240428,3,1394664,Anthemis tomentosa,60.915947
GUARDEN-CBNMed-30-2-16-23-20240428,1,1357227,Anthemis maritima,68.617691
GUARDEN-CBNMed-30-2-16-23-20240428,2,1359344,Medicago marina,65.135071
GUARDEN-CBNMed-30-2-16-23-20240428,3,1357236,Anthemis secundiramea,63.299950
GUARDEN-CBNMed-30-4-16-3-20240428,1,1357227,Anthemis maritima,70.086250
GUARDEN-CBNMed-30-4-16-3-20240428,2,1359344,Medicago marina,66.091103
GUARDEN-CBNMed-30-4-16-3-20240428,3,1357236,Anthemis secundiramea,65.871628
GUARDEN-CBNMed-30-6-16-34-20240428,1,1357227,Anthemis maritima,69.953171
GUARDEN-CBNMed-30-6-16-34-20240428,2,1394664,Anthemis tomentosa,65.949539
GUARDEN-CBNMed-30-6-16-34-20240428,3,1359344,Medicago marina,65.126205
GUARDEN-CBNMed-30-7-16-35-20240428,1,1357227,Anthemis maritima,70.470596
GUARDEN-CBNMed-30-7-16-35-20240428,2,1394664,Anthemis tomentosa,67.182755
GUARDEN-CBNMed-30-7-16-35-20240428,3,1359344,Medicago marina,64.830032
GUARDEN-CBNMed-30-8-16-37-20240428,1,1357227,Anthemis maritima,69.658607
GUARDEN-CBNMed-30-8-16-37-20240428,2,1394664,Anthemis tomentosa,65.381187
GUARDEN-CBNMed-30-8-16-37-20240428,3,1359344,Medicago marina,64.994751
GUARDEN-CBNMed-30-9-16-4-20240428,1,1357227,Anthemis maritima,69.228973
GUARDEN-CBNMed-30-9-16-4-20240428,2,1394664,Anthemis tomentosa,67.534904
GUARDEN-CBNMed-30-9-16-4-20240428,3,1359344,Medicago marina,64.890442
GUARDEN-CBNMed-31-1-9-37-20240428,1,1359965,Plantago maritima,61.638641
GUARDEN-CBNMed-31-1-9-37-20240428,2,1393770,Medicago littoralis,61.296822
GUARDEN-CBNMed-31-1-9-37-20240428,3,1359952,Plantago crassifolia,61.192093
GUARDEN-CBNMed-31-10-10-06-20240428,1,1722578,Daucus pumilus,65.988541
GUARDEN-CBNMed-31-10-10-06-20240428,2,1414353,Bromus diandrus,62.195995
GUARDEN-CBNMed-31-10-10-06-20240428,3,1744001,Daucus minusculus,61.815590
GUARDEN-CBNMed-31-2-9-4-20240428,1,1355977,Euphorbia paralias,63.347603
GUARDEN-CBNMed-31-2-9-4-20240428,2,1363433,Lagurus ovatus,62.764660
GUARDEN-CBNMed-31-2-9-4-20240428,3,1393770,Medicago littoralis,62.065887
GUARDEN-CBNMed-31-3-9-44-20240428,1,1564441,Teucrium vincentinum,65.615089
GUARDEN-CBNMed-31-3-9-44-20240428,2,1393770,Medicago littoralis,65.056221
GUARDEN-CBNMed-31-3-9-44-20240428,3,1396726,Teucrium dunense,63.618660
GUARDEN-CBNMed-31-4-9-48-20240428,1,1357227,Anthemis maritima,67.251320
GUARDEN-CBNMed-31-4-9-48-20240428,2,1564441,Teucrium vincentinum,65.771370
GUARDEN-CBNMed-31-4-9-48-20240428,3,1396726,Teucrium dunense,64.670738
GUARDEN-CBNMed-31-5-9-51-20240428,1,1393770,Medicago littoralis,66.255333
GUARDEN-CBNMed-31-5-9-51-20240428,2,1564441,Teucrium vincentinum,65.832512
GUARDEN-CBNMed-31-5-9-51-20240428,3,1396726,Teucrium dunense,63.379128
GUARDEN-CBNMed-31-6-9-54-20240428,1,1396726,Teucrium dunense,62.925034
GUARDEN-CBNMed-31-6-9-54-20240428,2,1564441,Teucrium vincentinum,62.794807
GUARDEN-CBNMed-31-6-9-54-20240428,3,1363882,Lobularia maritima,62.281006
GUARDEN-CBNMed-31-7-9-56-20240428,1,1722578,Daucus pumilus,64.184425
GUARDEN-CBNMed-31-7-9-56-20240428,2,1393770,Medicago littoralis,62.594604
GUARDEN-CBNMed-31-7-9-56-20240428,3,1425238,Medicago minima,60.976662
GUARDEN-CBNMed-31-8-10-20240428,1,1396726,Teucrium dunense,67.058418
GUARDEN-CBNMed-31-8-10-20240428,2,1564441,Teucrium vincentinum,66.283447
GUARDEN-CBNMed-31-8-10-20240428,3,1722578,Daucus pumilus,64.209763
GUARDEN-CBNMed-31-9-10-02-20240428,1,1722578,Daucus pumilus,66.435562
GUARDEN-CBNMed-31-9-10-02-20240428,2,1357227,Anthemis maritima,63.949799
GUARDEN-CBNMed-31-9-10-02-20240428,3,1393770,Medicago littoralis,62.968262
GUARDEN-CBNMed-32-1-11-46-20240428,1,1564441,Teucrium vincentinum,65.853394
GUARDEN-CBNMed-32-1-11-46-20240428,2,1357630,Helichrysum stoechas,64.716530
GUARDEN-CBNMed-32-1-11-46-20240428,3,1396726,Teucrium dunense,64.667587
GUARDEN-CBNMed-32-10-13-12-20240428,1,1393770,Medicago littoralis,67.181297
GUARDEN-CBNMed-32-10-13-12-20240428,2,1359952,Plantago crassifolia,65.062462
GUARDEN-CBNMed-32-10-13-12-20240428,3,1396726,Teucrium dunense,64.925880
GUARDEN-CBNMed-32-2-11-58-20240428,1,1564441,Teucrium vincentinum,65.642189
GUARDEN-CBNMed-32-2-11-58-20240428,2,1396726,Teucrium dunense,64.850510
GUARDEN-CBNMed-32-2-11-58-20240428,3,1358968,Teucrium capitatum,62.888649
GUARDEN-CBNMed-32-3-12-01-20240428,1,1564441,Teucrium vincentinum,65.793350
GUARDEN-CBNMed-32-3-12-01-20240428,2,1396726,Teucrium dunense,65.322746
GUARDEN-CBNMed-32-3-12-01-20240428,3,1393770,Medicago littoralis,64.861786
GUARDEN-CBNMed-32-4-12-12-20240428,1,1396726,Teucrium dunense,65.904999
GUARDEN-CBNMed-32-4-12-12-20240428,2,1564441,Teucrium vincentinum,65.692741
GUARDEN-CBNMed-32-4-12-12-20240428,3,1358968,Teucrium capitatum,63.157482
GUARDEN-CBNMed-32-9-13-07-20240428,1,1357401,Centaurea aspera,65.873405
GUARDEN-CBNMed-32-9-13-07-20240428,2,1393770,Medicago littoralis,65.550522
GUARDEN-CBNMed-32-9-13-07-20240428,3,1359952,Plantago crassifolia,64.920166
GUARDEN-CBNMed-33-1-14-48-20240428,1,1357630,Helichrysum stoechas,64.850029
GUARDEN-CBNMed-33-1-14-48-20240428,2,1397398,Helichrysum arenarium,63.087154
GUARDEN-CBNMed-33-1-14-48-20240428,3,1362025,Leucanthemopsis pallida,61.803337
GUARDEN-CBNMed-33-10-15-59-20240428,1,1357401,Centaurea aspera,64.885056
GUARDEN-CBNMed-33-10-15-59-20240428,2,1363882,Lobularia maritima,61.675831
GUARDEN-CBNMed-33-10-15-59-20240428,3,1502684,Centaurea linifolia,61.161892
GUARDEN-CBNMed-33-2-15-01-20240428,1,1357630,Helichrysum stoechas,65.123009
GUARDEN-CBNMed-33-2-15-01-20240428,2,1397398,Helichrysum arenarium,63.820141
GUARDEN-CBNMed-33-2-15-01-20240428,3,1392725,Helichrysum italicum,63.582832
GUARDEN-CBNMed-33-3-15-04-20240428,1,1392726,Helichrysum orientale,66.199265
GUARDEN-CBNMed-33-3-15-04-20240428,2,1357630,Helichrysum stoechas,65.160454
GUARDEN-CBNMed-33-3-15-04-20240428,3,1397398,Helichrysum arenarium,63.034531
GUARDEN-CBNMed-33-4-15-26-20240428,1,1357401,Centaurea aspera,65.022957
GUARDEN-CBNMed-33-4-15-26-20240428,2,1742109,Petrosedum sediforme,64.062859
GUARDEN-CBNMed-33-4-15-26-20240428,3,1357630,Helichrysum stoechas,62.141994
GUARDEN-CBNMed-33-5-15-29-20240428,1,1357630,Helichrysum stoechas,64.987213
GUARDEN-CBNMed-33-5-15-29-20240428,2,1397398,Helichrysum arenarium,64.473709
GUARDEN-CBNMed-33-5-15-29-20240428,3,1742109,Petrosedum sediforme,64.245758
GUARDEN-CBNMed-33-6-15-36-20240428,1,1357630,Helichrysum stoechas,64.445747
GUARDEN-CBNMed-33-6-15-36-20240428,2,1392725,Helichrysum italicum,62.610180
GUARDEN-CBNMed-33-6-15-36-20240428,3,1397398,Helichrysum arenarium,61.535305
GUARDEN-CBNMed-33-7-15-43-20240428,1,1356976,Silene conica,66.971352
GUARDEN-CBNMed-33-7-15-43-20240428,2,1356951,Silene andryalifolia,63.262474
GUARDEN-CBNMed-33-7-15-43-20240428,3,1357630,Helichrysum stoechas,62.886864
GUARDEN-CBNMed-33-8-15-5-20240428,1,1357630,Helichrysum stoechas,64.574371
GUARDEN-CBNMed-33-8-15-5-20240428,2,1397398,Helichrysum arenarium,64.251312
GUARDEN-CBNMed-33-8-15-5-20240428,3,1392726,Helichrysum orientale,62.866680
GUARDEN-CBNMed-33-9-15-56-20240428,1,1357630,Helichrysum stoechas,63.838020
GUARDEN-CBNMed-33-9-15-56-20240428,2,1361412,Sporobolus pungens,63.065475
GUARDEN-CBNMed-33-9-15-56-20240428,3,1397398,Helichrysum arenarium,61.933685
GUARDEN-CBNMed-38-1-12-58-20240428,1,1360711,Eryngium campestre,65.365768
GUARDEN-CBNMed-38-1-12-58-20240428,2,1437245,Rhinanthus major,62.509117
GUARDEN-CBNMed-38-1-12-58-20240428,3,1395169,Rhinanthus minor,62.415726
GUARDEN-CBNMed-38-4-14-39-20240428,1,1360711,Eryngium campestre,64.184456
GUARDEN-CBNMed-38-4-14-39-20240428,2,1395162,Rhinanthus alectorolophus,63.479019
GUARDEN-CBNMed-38-4-14-39-20240428,3,1395169,Rhinanthus minor,63.252480
GUARDEN-CBNMed-38-6-15-04-20240428,1,1360711,Eryngium campestre,65.561150
GUARDEN-CBNMed-38-6-15-04-20240428,2,1395162,Rhinanthus alectorolophus,63.413738
GUARDEN-CBNMed-38-6-15-04-20240428,3,1720959,Anthoxanthum nipponicum,63.375706
GUARDEN-CBNMed-39-10-12-02-20240531,1,1360711,Eryngium campestre,64.912262
GUARDEN-CBNMed-39-10-12-02-20240531,2,1360709,Eryngium bourgatii,64.000748
GUARDEN-CBNMed-39-10-12-02-20240531,3,1738610,Festuca fasciculata,61.516193
GUARDEN-CBNMed-39-7-11-3-20240531,1,1360711,Eryngium campestre,62.556065
GUARDEN-CBNMed-39-7-11-3-20240531,2,1356278,Trifolium fragiferum,61.299057
GUARDEN-CBNMed-39-7-11-3-20240531,3,1363452,Aira caryophyllea,59.658291
GUARDEN-CBNMed-39-8-11-39-20240531,1,1395158,Rhamnus saxatilis,59.575127
GUARDEN-CBNMed-39-8-11-39-20240531,2,1360711,Eryngium campestre,58.661232
GUARDEN-CBNMed-39-8-11-39-20240531,3,1360267,Rhamnus lycioides,56.167473
GUARDEN-CBNMed-39-9-11-5-20240531,1,1359591,Linum bienne,64.495110
GUARDEN-CBNMed-39-9-11-5-20240531,2,1363452,Aira caryophyllea,63.074196
GUARDEN-CBNMed-39-9-11-5-20240531,3,1394742,Polygala vulgaris,61.675224
GUARDEN-CBNMed-44-7-12-03-20240629,1,1532449,Carex trinervis,62.276100
GUARDEN-CBNMed-44-7-12-03-20240629,2,1360307,Potentilla erecta,61.796410
GUARDEN-CBNMed-44-7-12-03-20240629,3,1392059,Eriophorum angustifolium,61.367126
GUARDEN-CBNMed-5-1-12-38-20240430,1,1414366,Bromus sterilis,63.338223
GUARDEN-CBNMed-5-1-12-38-20240430,2,1363490,Phalaris arundinacea,60.796593
GUARDEN-CBNMed-5-1-12-38-20240430,3,1414353,Bromus diandrus,59.848877
GUARDEN-CBNMed-5-10-13-32-20240430,1,1361058,Carex hirta,63.059711
GUARDEN-CBNMed-5-10-13-32-20240430,2,1414366,Bromus sterilis,62.736458
GUARDEN-CBNMed-5-10-13-32-20240430,3,1356007,Geranium dissectum,62.413933
GUARDEN-CBNMed-5-2-12-45-20240430,1,1414366,Bromus sterilis,62.378578
GUARDEN-CBNMed-5-2-12-45-20240430,2,1390966,Catapodium marinum,59.089523
GUARDEN-CBNMed-5-2-12-45-20240430,3,1414353,Bromus diandrus,58.819016
GUARDEN-CBNMed-5-3-12-56-20240430,1,1391823,Echinochloa crus-galli,61.108894
GUARDEN-CBNMed-5-3-12-56-20240430,2,1363933,Ehrharta erecta,58.048103
GUARDEN-CBNMed-5-3-12-56-20240430,3,1396638,Arrhenatherum elatius,57.667652
GUARDEN-CBNMed-5-4-13-20240430,1,1391823,Echinochloa crus-galli,58.377930
GUARDEN-CBNMed-5-4-13-20240430,2,1363543,Stenotaphrum secundatum,57.941006
GUARDEN-CBNMed-5-4-13-20240430,3,1363490,Phalaris arundinacea,57.661816
GUARDEN-CBNMed-5-5-13-04-20240430,1,1362325,Juncus compressus,58.463497
GUARDEN-CBNMed-5-5-13-04-20240430,2,1363543,Stenotaphrum secundatum,57.468712
GUARDEN-CBNMed-5-5-13-04-20240430,3,1397416,Juncus gerardi,56.728031
GUARDEN-CBNMed-5-6-13-07-20240430,1,1363407,Nassella neesiana,63.380398
GUARDEN-CBNMed-5-6-13-07-20240430,2,1414353,Bromus diandrus,61.896339
GUARDEN-CBNMed-5-6-13-07-20240430,3,1414366,Bromus sterilis,61.163548
GUARDEN-CBNMed-5-7-13-17-20240430,1,1414366,Bromus sterilis,62.922520
GUARDEN-CBNMed-5-7-13-17-20240430,2,1414353,Bromus diandrus,58.231911
GUARDEN-CBNMed-5-7-13-17-20240430,3,1363501,Dactylis glomerata,56.942101
GUARDEN-CBNMed-5-8-13-22-20240430,1,1363459,Poa trivialis,60.681610
GUARDEN-CBNMed-5-8-13-22-20240430,2,1414366,Bromus sterilis,60.449120
GUARDEN-CBNMed-5-8-13-22-20240430,3,1414353,Bromus diandrus,59.259838
GUARDEN-CBNMed-5-9-13-27-20240430,1,1363490,Phalaris arundinacea,59.895134
GUARDEN-CBNMed-5-9-13-27-20240430,2,1363501,Dactylis glomerata,59.745029
GUARDEN-CBNMed-5-9-13-27-20240430,3,1396638,Arrhenatherum elatius,58.115211
GUARDEN-CBNMed-6-9-15-28-20240430,1,1360399,Galium mollugo,61.474770
GUARDEN-CBNMed-6-9-15-28-20240430,2,1363461,Anthoxanthum odoratum,60.896809
GUARDEN-CBNMed-6-9-15-28-20240430,3,1362307,Galium pumilum,59.579391
GUARDEN-CBNMed-8-10-12-59-20240429,1,1358613,Quercus coccifera,64.207687
GUARDEN-CBNMed-8-10-12-59-20240429,2,1743916,Quercus pseudococcifera,58.027691
GUARDEN-CBNMed-8-10-12-59-20240429,3,1743448,Quercus auzendei,57.072620
GUARDEN-CBNMed-8-4-12-33-20240429,1,1359460,Stauracanthus boivinii,61.401951
GUARDEN-CBNMed-8-4-12-33-20240429,2,1577392,Echinospartum boissieri,61.370056
GUARDEN-CBNMed-8-4-12-33-20240429,3,1743651,Echinospartum horridum,61.339355
GUARDEN-CBNMed-8-8-12-51-20240429,1,1361000,Asparagus acutifolius,62.895164
GUARDEN-CBNMed-8-8-12-51-20240429,2,1743965,Ulex argenteus,61.675377
GUARDEN-CBNMed-8-8-12-51-20240429,3,1359546,Ulex baeticus,61.139908
GUARDEN-CBNMed-8-9-12-56-20240429,1,1361000,Asparagus acutifolius,63.865318
GUARDEN-CBNMed-8-9-12-56-20240429,2,1358613,Quercus coccifera,62.998642
GUARDEN-CBNMed-8-9-12-56-20240429,3,1357274,Artemisia barrelieri,60.198837
GUARDEN-CBNMed-9-10-16-16-20240429,1,1360701,Echinophora spinosa,62.828583
GUARDEN-CBNMed-9-10-16-16-20240429,2,1357566,Echinops strigosus,61.599541
GUARDEN-CBNMed-9-10-16-16-20240429,3,1358613,Quercus coccifera,61.523800
GUARDEN-CBNMed-9-2-15-46-20240429,1,1358511,Erica scoparia,61.722946
GUARDEN-CBNMed-9-2-15-46-20240429,2,1390468,Thymelaea coridifolia,59.525108
GUARDEN-CBNMed-9-2-15-46-20240429,3,1694092,Thymelaea ruizii,58.618736
GUARDEN-CBNMed-9-6-16-04-20240429,1,1358613,Quercus coccifera,63.443127
GUARDEN-CBNMed-9-6-16-04-20240429,2,1548487,Quercus senneniana,56.272091
GUARDEN-CBNMed-9-6-16-04-20240429,3,1743916,Quercus pseudococcifera,56.121746
GUARDEN-CBNMed-9-7-16-06-20240429,1,1358613,Quercus coccifera,62.948051
GUARDEN-CBNMed-9-7-16-06-20240429,2,1515981,Olearia paniculata,56.584671
GUARDEN-CBNMed-9-7-16-06-20240429,3,1743916,Quercus pseudococcifera,55.960751
GUARDEN-CBNMed-9-8-16-08-20240429,1,1358613,Quercus coccifera,62.708576
GUARDEN-CBNMed-9-8-16-08-20240429,2,1679961,Rubia balearica,56.093800
GUARDEN-CBNMed-9-8-16-08-20240429,3,1743916,Quercus pseudococcifera,55.550934
GUARDEN-CBNMed-9-9-16-14-20240429,1,1358613,Quercus coccifera,61.970665
GUARDEN-CBNMed-9-9-16-14-20240429,2,1360701,Echinophora spinosa,61.681839
GUARDEN-CBNMed-9-9-16-14-20240429,3,1577392,Echinospartum boissieri,60.947372
LISAH-BOU-0-10-20230523,1,1356013,Geranium rotundifolium,63.112057
LISAH-BOU-0-10-20230523,2,1363835,Borago officinalis,61.722816
LISAH-BOU-0-10-20230523,3,1744001,Daucus minusculus,60.720577
LISAH-BOU-0-101-20240425,1,1425238,Medicago minima,65.489136
LISAH-BOU-0-101-20240425,2,1390637,Calendula arvensis,64.904274
LISAH-BOU-0-101-20240425,3,1363731,Medicago polymorpha,62.770054
LISAH-BOU-0-104-20240502,1,1356397,Equisetum ramosissimum,62.780010
LISAH-BOU-0-104-20240502,2,1360385,Galium aparine,60.073429
LISAH-BOU-0-104-20240502,3,1360755,Magydaris panacifolia,58.594193
LISAH-BOU-0-105-20240502,1,1356397,Equisetum ramosissimum,62.461502
LISAH-BOU-0-105-20240502,2,1356276,Sambucus ebulus,60.510460
LISAH-BOU-0-105-20240502,3,1355908,Erigeron sumatrensis,59.418114
LISAH-BOU-0-108-20240502,1,1359772,Fumaria capreolata,65.737549
LISAH-BOU-0-108-20240502,2,1392384,Fumaria muralis,63.064728
LISAH-BOU-0-108-20240502,3,1359767,Fumaria bastardii,62.961361
LISAH-BOU-0-109-20240502,1,1359772,Fumaria capreolata,64.389572
LISAH-BOU-0-109-20240502,2,1355990,Mercurialis annua,63.326405
LISAH-BOU-0-109-20240502,3,1364173,Lactuca serriola,61.470242
LISAH-BOU-0-110-20240502,1,1360385,Galium aparine,61.568138
LISAH-BOU-0-110-20240502,2,1356397,Equisetum ramosissimum,61.072010
LISAH-BOU-0-110-20240502,3,1360399,Galium mollugo,58.887421
LISAH-BOU-0-111-20240502,1,1359792,Fumaria officinalis,64.226578
LISAH-BOU-0-111-20240502,2,1360420,Galium verrucosum,62.099735
LISAH-BOU-0-111-20240502,3,1360385,Galium aparine,60.871857
LISAH-BOU-0-113-20240502,1,1356013,Geranium rotundifolium,64.208771
LISAH-BOU-0-113-20240502,2,1392594,Geranium pusillum,64.184303
LISAH-BOU-0-113-20240502,3,1360385,Galium aparine,59.953468
LISAH-BOU-0-114-20240502,1,1360385,Galium aparine,61.994122
LISAH-BOU-0-114-20240502,2,1355908,Erigeron sumatrensis,59.187805
LISAH-BOU-0-114-20240502,3,1360420,Galium verrucosum,58.749695
LISAH-BOU-0-117-20240502,1,1356013,Geranium rotundifolium,65.773560
LISAH-BOU-0-117-20240502,2,1364100,Silybum marianum,62.756744
LISAH-BOU-0-117-20240502,3,1360385,Galium aparine,61.862453
LISAH-BOU-0-118-20240502,1,1356013,Geranium rotundifolium,67.220840
LISAH-BOU-0-118-20240502,2,1392594,Geranium pusillum,62.284416
LISAH-BOU-0-118-20240502,3,1360385,Galium aparine,62.162117
LISAH-BOU-0-14-20230511,1,1361190,Avena sterilis,62.353088
LISAH-BOU-0-14-20230511,2,1393522,Leymus arenarius,58.958019
LISAH-BOU-0-14-20230511,3,1363469,Avena sativa,58.910896
LISAH-BOU-0-15-20230511,1,1356013,Geranium rotundifolium,64.312469
LISAH-BOU-0-15-20230511,2,1364006,Convolvulus arvensis,59.787796
LISAH-BOU-0-15-20230511,3,1650228,Elymus athericus,59.035393
LISAH-BOU-0-153-20240502,1,1355881,Carduus tenuiflorus,64.036583
LISAH-BOU-0-153-20240502,2,1356008,Geranium molle,62.878311
LISAH-BOU-0-153-20240502,3,1392594,Geranium pusillum,62.646542
LISAH-BOU-0-154-20240502,1,1356013,Geranium rotundifolium,66.460602
LISAH-BOU-0-154-20240502,2,1357351,Carduus pycnocephalus,63.439411
LISAH-BOU-0-154-20240502,3,1390637,Calendula arvensis,62.984604
LISAH-BOU-0-157-20240502,1,1356013,Geranium rotundifolium,66.485550
LISAH-BOU-0-157-20240502,2,1355964,Euphorbia helioscopia,63.873116
LISAH-BOU-0-157-20240502,3,1357351,Carduus pycnocephalus,62.442429
LISAH-BOU-0-16-20230511,1,1363835,Borago officinalis,61.105949
LISAH-BOU-0-16-20230511,2,1358653,Erodium lebelii,61.028698
LISAH-BOU-0-16-20230511,3,1744004,Erodium maculatum,58.911247
LISAH-BOU-0-160-20240502,1,1356013,Geranium rotundifolium,67.029594
LISAH-BOU-0-160-20240502,2,1356008,Geranium molle,64.495163
LISAH-BOU-0-160-20240502,3,1358643,Erodium ciconium,64.481834
LISAH-BOU-0-163-20240502,1,1363944,Malva neglecta,65.347206
LISAH-BOU-0-163-20240502,2,1356008,Geranium molle,63.944275
LISAH-BOU-0-163-20240502,3,1392594,Geranium pusillum,63.833916
LISAH-BOU-0-164-20240502,1,1356013,Geranium rotundifolium,67.150467
LISAH-BOU-0-164-20240502,2,1358643,Erodium ciconium,65.201096
LISAH-BOU-0-164-20240502,3,1393770,Medicago littoralis,64.897278
LISAH-BOU-0-165-20240502,1,1356013,Geranium rotundifolium,66.054962
LISAH-BOU-0-165-20240502,2,1392594,Geranium pusillum,64.614258
LISAH-BOU-0-165-20240502,3,1356008,Geranium molle,63.978256
LISAH-BOU-0-167-20240502,1,1363731,Medicago polymorpha,63.348934
LISAH-BOU-0-167-20240502,2,1359333,Medicago arabica,60.440777
LISAH-BOU-0-167-20240502,3,1393766,Medicago ciliaris,59.072899
LISAH-BOU-0-168-20240502,1,1361307,Hordeum murinum,63.417011
LISAH-BOU-0-168-20240502,2,1363731,Medicago polymorpha,63.176723
LISAH-BOU-0-168-20240502,3,1355994,Erodium cicutarium,61.069096
LISAH-BOU-0-170-20240502,1,1359333,Medicago arabica,63.629284
LISAH-BOU-0-170-20240502,2,1363731,Medicago polymorpha,63.273590
LISAH-BOU-0-170-20240502,3,1355994,Erodium cicutarium,62.621681
LISAH-BOU-0-171-20240502,1,1363731,Medicago polymorpha,63.243576
LISAH-BOU-0-171-20240502,2,1358654,Erodium malacoides,62.696999
LISAH-BOU-0-171-20240502,3,1355881,Carduus tenuiflorus,61.555771
LISAH-BOU-0-172-20240502,1,1356013,Geranium rotundifolium,65.798218
LISAH-BOU-0-172-20240502,2,1363731,Medicago polymorpha,63.175598
LISAH-BOU-0-172-20240502,3,1363946,Malva pusilla,63.015232
LISAH-BOU-0-173-20240502,1,1358654,Erodium malacoides,66.227585
LISAH-BOU-0-173-20240502,2,1357351,Carduus pycnocephalus,63.726452
LISAH-BOU-0-173-20240502,3,1363731,Medicago polymorpha,62.981216
LISAH-BOU-0-174-20240502,1,1425238,Medicago minima,63.891426
LISAH-BOU-0-174-20240502,2,1363731,Medicago polymorpha,62.814682
LISAH-BOU-0-174-20240502,3,1359333,Medicago arabica,61.451927
LISAH-BOU-0-175-20240502,1,1425238,Medicago minima,64.941582
LISAH-BOU-0-175-20240502,2,1363734,Medicago orbicularis,64.027512
LISAH-BOU-0-175-20240502,3,1363731,Medicago polymorpha,62.845490
LISAH-BOU-0-183-20240502,1,1363731,Medicago polymorpha,62.897453
LISAH-BOU-0-183-20240502,2,1359333,Medicago arabica,60.624161
LISAH-BOU-0-183-20240502,3,1363944,Malva neglecta,60.469612
LISAH-BOU-0-187-20240502,1,1363734,Medicago orbicularis,64.958229
LISAH-BOU-0-187-20240502,2,1361307,Hordeum murinum,63.193207
LISAH-BOU-0-187-20240502,3,1363731,Medicago polymorpha,62.792561
LISAH-BOU-0-191-20240502,1,1359268,Lathyrus cicera,66.315933
LISAH-BOU-0-191-20240502,2,1358654,Erodium malacoides,65.268051
LISAH-BOU-0-191-20240502,3,1425238,Medicago minima,63.743713
LISAH-BOU-0-2-20240425,1,1356697,Cerastium glomeratum,63.511024
LISAH-BOU-0-2-20240425,2,1356276,Sambucus ebulus,60.475330
LISAH-BOU-0-2-20240425,3,1397387,Fragaria viridis,60.388115
LISAH-BOU-0-24-20230512,1,1361000,Asparagus acutifolius,63.316978
LISAH-BOU-0-24-20230512,2,1363801,Lathyrus latifolius,61.546440
LISAH-BOU-0-24-20230512,3,1360385,Galium aparine,61.496441
LISAH-BOU-0-24-20240425,1,1356013,Geranium rotundifolium,67.375656
LISAH-BOU-0-24-20240425,2,1360433,Rubia peregrina,62.152264
LISAH-BOU-0-24-20240425,3,1392594,Geranium pusillum,61.729385
LISAH-BOU-0-25-20230512,1,1356013,Geranium rotundifolium,61.390404
LISAH-BOU-0-25-20230512,2,1360385,Galium aparine,61.025864
LISAH-BOU-0-25-20230512,3,1397356,Cornus sanguinea,59.340847
LISAH-BOU-0-25-20230711,1,1360825,Parietaria judaica,61.006680
LISAH-BOU-0-25-20230711,2,1363993,Potentilla reptans,60.092136
LISAH-BOU-0-25-20230711,3,1360763,Oenanthe fistulosa,60.071739
LISAH-BOU-0-28-20240425,1,1361000,Asparagus acutifolius,66.104263
LISAH-BOU-0-28-20240425,2,1360385,Galium aparine,62.140648
LISAH-BOU-0-28-20240425,3,1364029,Sherardia arvensis,59.232468
LISAH-BOU-0-29-20230523,1,1356013,Geranium rotundifolium,66.101349
LISAH-BOU-0-29-20230523,2,1397356,Cornus sanguinea,60.562744
LISAH-BOU-0-29-20230523,3,1422217,Bromus madritensis,60.145493
LISAH-BOU-0-29-20230621,1,1363212,Torilis arvensis,62.129536
LISAH-BOU-0-29-20230621,2,1356397,Equisetum ramosissimum,61.049416
LISAH-BOU-0-29-20230621,3,1360358,Rubus ulmifolius,61.023544
LISAH-BOU-0-29-20240425,1,1361000,Asparagus acutifolius,63.919666
LISAH-BOU-0-29-20240425,2,1397356,Cornus sanguinea,62.168694
LISAH-BOU-0-29-20240425,3,1360385,Galium aparine,61.531700
LISAH-BOU-0-3-20230721,1,1425238,Medicago minima,57.974037
LISAH-BOU-0-3-20230721,2,1357815,Reichardia picroides,57.435970
LISAH-BOU-0-3-20230721,3,1355941,Reichardia tingitana,57.192078
LISAH-BOU-0-30-20230512,1,1356012,Geranium purpureum,65.231255
LISAH-BOU-0-30-20230512,2,1356017,Geranium robertianum,63.146790
LISAH-BOU-0-30-20230512,3,1391113,Chaerophyllum villarsii,60.976128
LISAH-BOU-0-30-20240425,1,1356013,Geranium rotundifolium,67.558624
LISAH-BOU-0-30-20240425,2,1391113,Chaerophyllum villarsii,62.809616
LISAH-BOU-0-30-20240425,3,1397395,Geranium pyrenaicum,61.307838
LISAH-BOU-0-31-20230919,1,1358909,Sideritis incana,57.626831
LISAH-BOU-0-31-20230919,2,1743300,Sulla spinosissima,57.012520
LISAH-BOU-0-31-20230919,3,1359959,Plantago lagopus,56.803520
LISAH-BOU-0-31-20240425,1,1356013,Geranium rotundifolium,67.051994
LISAH-BOU-0-31-20240425,2,1356012,Geranium purpureum,63.834923
LISAH-BOU-0-31-20240425,3,1360614,Anthriscus sylvestris,61.120865
LISAH-BOU-0-32-20230516,1,1390879,Carex otrubae,62.945534
LISAH-BOU-0-32-20230516,2,1391113,Chaerophyllum villarsii,61.604710
LISAH-BOU-0-32-20230516,3,1356422,Botrychium lunaria,61.444801
LISAH-BOU-0-32-20240425,1,1356013,Geranium rotundifolium,66.392090
LISAH-BOU-0-32-20240425,2,1355964,Euphorbia helioscopia,64.675201
LISAH-BOU-0-32-20240425,3,1356012,Geranium purpureum,63.595352
LISAH-BOU-0-34-20230516,1,1356013,Geranium rotundifolium,62.707733
LISAH-BOU-0-34-20230516,2,1650228,Elymus athericus,60.965027
LISAH-BOU-0-34-20230516,3,1393522,Leymus arenarius,60.662029
LISAH-BOU-0-35-20240425,1,1356013,Geranium rotundifolium,65.046494
LISAH-BOU-0-35-20240425,2,1356012,Geranium purpureum,64.948654
LISAH-BOU-0-35-20240425,3,1356017,Geranium robertianum,63.603516
LISAH-BOU-0-36-20240425,1,1356013,Geranium rotundifolium,65.792824
LISAH-BOU-0-36-20240425,2,1356012,Geranium purpureum,64.734482
LISAH-BOU-0-36-20240425,3,1391112,Chaerophyllum hirsutum,63.564270
LISAH-BOU-0-37-20230512,1,1361000,Asparagus acutifolius,61.821434
LISAH-BOU-0-37-20230512,2,1397356,Cornus sanguinea,61.479080
LISAH-BOU-0-37-20230512,3,1360358,Rubus ulmifolius,60.080193
LISAH-BOU-0-37-20240425,1,1356012,Geranium purpureum,64.680679
LISAH-BOU-0-37-20240425,2,1361000,Asparagus acutifolius,63.902470
LISAH-BOU-0-37-20240425,3,1356017,Geranium robertianum,62.426826
LISAH-BOU-0-38-20230516,1,1356013,Geranium rotundifolium,66.735229
LISAH-BOU-0-38-20230516,2,1390879,Carex otrubae,62.421047
LISAH-BOU-0-38-20230516,3,1363212,Torilis arvensis,61.772713
LISAH-BOU-0-39-20230512,1,1361000,Asparagus acutifolius,64.523781
LISAH-BOU-0-39-20230512,2,1356013,Geranium rotundifolium,63.335934
LISAH-BOU-0-39-20230512,3,1397356,Cornus sanguinea,62.271339
LISAH-BOU-0-4-20230511,1,1356013,Geranium rotundifolium,63.198494
LISAH-BOU-0-4-20230511,2,1363213,Torilis nodosa,60.354294
LISAH-BOU-0-4-20230511,3,1357351,Carduus pycnocephalus,59.917038
LISAH-BOU-0-4-20230711,1,1356397,Equisetum ramosissimum,61.569588
LISAH-BOU-0-4-20230711,2,1364006,Convolvulus arvensis,60.920155
LISAH-BOU-0-4-20230711,3,1356395,Equisetum fluviatile,59.608009
LISAH-BOU-0-4-20240425,1,1356013,Geranium rotundifolium,67.732086
LISAH-BOU-0-4-20240425,2,1390637,Calendula arvensis,64.295029
LISAH-BOU-0-4-20240425,3,1356008,Geranium molle,62.227264
LISAH-BOU-0-40-20230512,1,1361000,Asparagus acutifolius,65.540504
LISAH-BOU-0-40-20230512,2,1391112,Chaerophyllum hirsutum,63.187153
LISAH-BOU-0-40-20230512,3,1391113,Chaerophyllum villarsii,62.359333
LISAH-BOU-0-40-20240425,1,1397356,Cornus sanguinea,61.519470
LISAH-BOU-0-40-20240425,2,1391112,Chaerophyllum hirsutum,61.224815
LISAH-BOU-0-40-20240425,3,1361000,Asparagus acutifolius,61.123978
LISAH-BOU-0-41-20230512,1,1397356,Cornus sanguinea,61.352592
LISAH-BOU-0-41-20230512,2,1391113,Chaerophyllum villarsii,61.065388
LISAH-BOU-0-41-20230512,3,1414365,Bromus sitchensis,60.562527
LISAH-BOU-0-42-20230511,1,1356013,Geranium rotundifolium,63.623329
LISAH-BOU-0-42-20230511,2,1392594,Geranium pusillum,59.540165
LISAH-BOU-0-42-20230511,3,1360385,Galium aparine,57.622177
LISAH-BOU-0-43-20230512,1,1356013,Geranium rotundifolium,66.343689
LISAH-BOU-0-43-20230512,2,1391113,Chaerophyllum villarsii,63.414623
LISAH-BOU-0-43-20230512,3,1397356,Cornus sanguinea,62.144798
LISAH-BOU-0-44-20240425,1,1359639,Malva parviflora,58.937485
LISAH-BOU-0-44-20240425,2,1392040,Erigeron blakei,58.722618
LISAH-BOU-0-44-20240425,3,1363944,Malva neglecta,57.853443
LISAH-BOU-0-5-20230512,1,1357351,Carduus pycnocephalus,63.359863
LISAH-BOU-0-5-20230512,2,1722433,Calamagrostis arenaria,61.019165
LISAH-BOU-0-5-20230512,3,1356276,Sambucus ebulus,60.500572
LISAH-BOU-0-5-20230711,1,1389369,Lysimachia foemina,59.252995
LISAH-BOU-0-5-20230711,2,1356075,Tradescantia fluminensis,58.672974
LISAH-BOU-0-5-20230711,3,1356397,Equisetum ramosissimum,58.349678
LISAH-BOU-0-50-20230512,1,1356013,Geranium rotundifolium,65.657051
LISAH-BOU-0-50-20230512,2,1361117,Aegilops geniculata,63.097160
LISAH-BOU-0-50-20230512,3,1361307,Hordeum murinum,62.602936
LISAH-BOU-0-52-20230512,1,1358654,Erodium malacoides,62.263565
LISAH-BOU-0-52-20230512,2,1359639,Malva parviflora,61.746597
LISAH-BOU-0-52-20230512,3,1355994,Erodium cicutarium,60.526123
LISAH-BOU-0-54-20230512,1,1392699,Hedypnois rhagadioloides,62.140987
LISAH-BOU-0-54-20230512,2,1356286,Bromus hordeaceus,61.334118
LISAH-BOU-0-54-20230512,3,1363944,Malva neglecta,60.608101
LISAH-BOU-0-55-20230512,1,1356008,Geranium molle,62.603306
LISAH-BOU-0-55-20230512,2,1356286,Bromus hordeaceus,62.483650
LISAH-BOU-0-55-20230512,3,1363944,Malva neglecta,61.083870
LISAH-BOU-0-56-20230512,1,1392699,Hedypnois rhagadioloides,64.180374
LISAH-BOU-0-56-20230512,2,1358654,Erodium malacoides,61.960766
LISAH-BOU-0-56-20230512,3,1361307,Hordeum murinum,60.299904
LISAH-BOU-0-58-20230512,1,1356286,Bromus hordeaceus,62.387024
LISAH-BOU-0-58-20230512,2,1361307,Hordeum murinum,62.181152
LISAH-BOU-0-58-20230512,3,1363838,Heliotropium curassavicum,61.254345
LISAH-BOU-0-6-20240425,1,1356395,Equisetum fluviatile,64.437103
LISAH-BOU-0-6-20240425,2,1722433,Calamagrostis arenaria,60.364574
LISAH-BOU-0-6-20240425,3,1650228,Elymus athericus,59.967564
LISAH-BOU-0-63-20230512,1,1390637,Calendula arvensis,63.171803
LISAH-BOU-0-63-20230512,2,1358257,Diplotaxis tenuifolia,62.841732
LISAH-BOU-0-63-20230512,3,1357332,Calendula suffruticosa,61.931183
LISAH-BOU-0-65-20230512,1,1361117,Aegilops geniculata,60.976109
LISAH-BOU-0-65-20230512,2,1363944,Malva neglecta,60.465214
LISAH-BOU-0-65-20230512,3,1361307,Hordeum murinum,60.247490
LISAH-BOU-0-75-20230516,1,1356013,Geranium rotundifolium,60.501396
LISAH-BOU-0-75-20230516,2,1363805,Lathyrus annuus,60.136261
LISAH-BOU-0-75-20230516,3,1363797,Lathyrus sphaericus,59.909531
LISAH-BOU-0-79-20230512,1,1357526,Crepis bursifolia,63.488895
LISAH-BOU-0-79-20230512,2,1425238,Medicago minima,63.016338
LISAH-BOU-0-79-20230512,3,1359488,Trifolium campestre,62.812782
LISAH-BOU-0-8-20240425,1,1357351,Carduus pycnocephalus,62.762772
LISAH-BOU-0-8-20240425,2,1358347,Lepidium draba,60.717930
LISAH-BOU-0-8-20240425,3,1393522,Leymus arenarius,60.703362
LISAH-BOU-0-84-20230512,1,1425238,Medicago minima,63.635925
LISAH-BOU-0-84-20230512,2,1361361,Phleum arenarium,61.269394
LISAH-BOU-0-84-20230512,3,1357456,Centaurea sphaerocephala,60.952991
LISAH-BOU-0-9-20240425,1,1356397,Equisetum ramosissimum,62.306595
LISAH-BOU-0-9-20240425,2,1358347,Lepidium draba,61.340603
LISAH-BOU-0-9-20240425,3,1356395,Equisetum fluviatile,61.155556
LISAH-BOU-0-98-20240425,1,1425238,Medicago minima,65.650383
LISAH-BOU-0-98-20240425,2,1359344,Medicago marina,62.609192
LISAH-BOU-0-98-20240425,3,1393770,Medicago littoralis,62.232506
LISAH-BVD-0-100-20230510,1,1356286,Bromus hordeaceus,63.749496
LISAH-BVD-0-100-20230510,2,1361307,Hordeum murinum,61.521576
LISAH-BVD-0-100-20230510,3,1359333,Medicago arabica,61.010944
LISAH-BVD-0-101-20230510,1,1359959,Plantago lagopus,60.191673
LISAH-BVD-0-101-20230510,2,1363433,Lagurus ovatus,59.971897
LISAH-BVD-0-101-20230510,3,1356066,Plantago lanceolata,58.123413
LISAH-BVD-0-152-20230511,1,1357635,Helminthotheca echioides,60.410477
LISAH-BVD-0-152-20230511,2,1357320,Bellis sylvestris,59.618652
LISAH-BVD-0-152-20230511,3,1363638,Oxalis corniculata,59.362621
LISAH-BVD-0-155-20230511,1,1363455,Poa annua,60.837757
LISAH-BVD-0-155-20230511,2,1364065,Veronica persica,60.014603
LISAH-BVD-0-155-20230511,3,1364063,Veronica arvensis,59.744572
LISAH-BVD-0-158-20230511,1,1359279,Lathyrus ochrus,62.521412
LISAH-BVD-0-158-20230511,2,1394636,Plantago media,60.441975
LISAH-BVD-0-158-20230511,3,1356461,Adoxa moschatellina,60.033592
LISAH-BVD-0-191-20230511,1,1364065,Veronica persica,60.294075
LISAH-BVD-0-191-20230511,2,1363455,Poa annua,59.541069
LISAH-BVD-0-191-20230511,3,1390966,Catapodium marinum,57.443768
LISAH-BVD-0-192-20230511,1,1363455,Poa annua,58.941879
LISAH-BVD-0-192-20230511,2,1364065,Veronica persica,58.520645
LISAH-BVD-0-192-20230511,3,1363798,Lathyrus aphaca,58.357277
LISAH-BVD-0-195-20230511,1,1363508,Sorghum halepense,55.961578
LISAH-BVD-0-195-20230511,2,1394395,Panicum dichotomiflorum,54.975197
LISAH-BVD-0-195-20230511,3,1718548,Megathyrsus maximus,54.680695
LISAH-BVD-0-196-20230511,1,1363734,Medicago orbicularis,58.387566
LISAH-BVD-0-196-20230511,2,1363798,Lathyrus aphaca,57.429718
LISAH-BVD-0-196-20230511,3,1359279,Lathyrus ochrus,55.608578
LISAH-BVD-0-197-20230511,1,1363805,Lathyrus annuus,59.143410
LISAH-BVD-0-197-20230511,2,1363993,Potentilla reptans,58.985146
LISAH-BVD-0-197-20230511,3,1359333,Medicago arabica,58.885330
LISAH-BVD-0-200-20230511,1,1356278,Trifolium fragiferum,61.293652
LISAH-BVD-0-200-20230511,2,1363993,Potentilla reptans,61.181896
LISAH-BVD-0-200-20230511,3,1359266,Lathyrus angulatus,58.735577
LISAH-BVD-0-203-20230511,1,1359108,Astragalus depressus,60.001091
LISAH-BVD-0-203-20230511,2,1363739,Trifolium nigrescens,58.313744
LISAH-BVD-0-203-20230511,3,1363731,Medicago polymorpha,57.670780
LISAH-BVD-0-205-20230511,1,1359333,Medicago arabica,60.341370
LISAH-BVD-0-205-20230511,2,1363740,Trifolium repens,57.943844
LISAH-BVD-0-205-20230511,3,1361256,Eragrostis multicaulis,57.698067
LISAH-BVD-0-206-20230511,1,1363740,Trifolium repens,57.815998
LISAH-BVD-0-206-20230511,2,1359333,Medicago arabica,55.975979
LISAH-BVD-0-206-20230511,3,1363749,Melilotus indicus,55.914684
LISAH-BVD-0-208-20230511,1,1356278,Trifolium fragiferum,59.527969
LISAH-BVD-0-208-20230511,2,1363455,Poa annua,58.119312
LISAH-BVD-0-208-20230511,3,1363740,Trifolium repens,56.325169
LISAH-BVD-0-209-20230511,1,1363455,Poa annua,58.657188
LISAH-BVD-0-209-20230511,2,1356066,Plantago lanceolata,57.999115
LISAH-BVD-0-209-20230511,3,1363740,Trifolium repens,57.979233
LISAH-BVD-0-25-20230510,1,1357875,Sonchus asper,59.932590
LISAH-BVD-0-25-20230510,2,1361316,Leersia oryzoides,59.074066
LISAH-BVD-0-25-20230510,3,1363639,Oxalis latifolia,57.900970
LISAH-BVD-0-275-20230516,1,1361307,Hordeum murinum,62.997025
LISAH-BVD-0-275-20230516,2,1363468,Avena fatua,60.063385
LISAH-BVD-0-275-20230516,3,1414366,Bromus sterilis,59.175583
LISAH-BVD-0-277-20230516,1,1363993,Potentilla reptans,64.636368
LISAH-BVD-0-277-20230516,2,1414366,Bromus sterilis,61.185280
LISAH-BVD-0-277-20230516,3,1360304,Potentilla anglica,60.486206
LISAH-BVD-0-278-20230516,1,1363993,Potentilla reptans,64.426788
LISAH-BVD-0-278-20230516,2,1360304,Potentilla anglica,60.181572
LISAH-BVD-0-278-20230516,3,1414366,Bromus sterilis,59.988590
LISAH-BVD-0-281-20230516,1,1363993,Potentilla reptans,64.555916
LISAH-BVD-0-281-20230516,2,1395667,Rumex longifolius,61.510571
LISAH-BVD-0-281-20230516,3,1363801,Lathyrus latifolius,60.684204
LISAH-BVD-0-282-20230516,1,1363993,Potentilla reptans,62.519859
LISAH-BVD-0-282-20230516,2,1414366,Bromus sterilis,62.436241
LISAH-BVD-0-282-20230516,3,1407739,Bromus catharticus,62.040573
LISAH-BVD-0-283-20230516,1,1363993,Potentilla reptans,66.207085
LISAH-BVD-0-283-20230516,2,1360304,Potentilla anglica,61.136345
LISAH-BVD-0-283-20230516,3,1394593,Pimpinella saxifraga,59.103523
LISAH-BVD-0-285-20230516,1,1363993,Potentilla reptans,63.592262
LISAH-BVD-0-285-20230516,2,1361307,Hordeum murinum,62.424305
LISAH-BVD-0-285-20230516,3,1360304,Potentilla anglica,60.415947
LISAH-BVD-0-287-20230516,1,1361307,Hordeum murinum,62.886276
LISAH-BVD-0-287-20230516,2,1363993,Potentilla reptans,61.641079
LISAH-BVD-0-287-20230516,3,1407739,Bromus catharticus,58.543457
LISAH-BVD-0-288-20230516,1,1363993,Potentilla reptans,62.435883
LISAH-BVD-0-288-20230516,2,1396117,Scorzoneroides autumnalis,60.022774
LISAH-BVD-0-288-20230516,3,1363413,Eleusine tristachya,59.961906
LISAH-BVD-0-292-20230516,1,1363993,Potentilla reptans,64.871811
LISAH-BVD-0-292-20230516,2,1361307,Hordeum murinum,59.888664
LISAH-BVD-0-292-20230516,3,1360304,Potentilla anglica,58.330093
LISAH-BVD-0-293-20230516,1,1363993,Potentilla reptans,64.893806
LISAH-BVD-0-293-20230516,2,1356286,Bromus hordeaceus,62.204872
LISAH-BVD-0-293-20230516,3,1363459,Poa trivialis,59.607037
LISAH-BVD-0-294-20230516,1,1363993,Potentilla reptans,63.759377
LISAH-BVD-0-294-20230516,2,1360304,Potentilla anglica,60.857071
LISAH-BVD-0-294-20230516,3,1355869,Crepis capillaris,59.796265
LISAH-BVD-0-295-20230516,1,1361245,Eleusine indica,56.924984
LISAH-BVD-0-295-20230516,2,1362626,Colocasia esculenta,55.919155
LISAH-BVD-0-295-20230516,3,1384658,Hydrocotyle verticillata,55.240501
LISAH-BVD-0-296-20230516,1,1363993,Potentilla reptans,62.667641
LISAH-BVD-0-296-20230516,2,1360859,Phyla nodiflora,57.493382
LISAH-BVD-0-296-20230516,3,1390967,Catapodium rigidum,57.434792
LISAH-BVD-0-297-20230516,1,1407739,Bromus catharticus,62.230118
LISAH-BVD-0-297-20230516,2,1363993,Potentilla reptans,59.512413
LISAH-BVD-0-297-20230516,3,1358352,Lepidium latifolium,59.082962
LISAH-BVD-0-298-20230516,1,1363993,Potentilla reptans,63.951614
LISAH-BVD-0-298-20230516,2,1407739,Bromus catharticus,62.737328
LISAH-BVD-0-298-20230516,3,1390967,Catapodium rigidum,59.885941
LISAH-BVD-0-299-20230516,1,1363993,Potentilla reptans,63.137142
LISAH-BVD-0-299-20230516,2,1390966,Catapodium marinum,60.604012
LISAH-BVD-0-299-20230516,3,1360313,Potentilla recta,57.249428
LISAH-BVD-0-300-20230516,1,1363993,Potentilla reptans,63.174377
LISAH-BVD-0-300-20230516,2,1422217,Bromus madritensis,58.892578
LISAH-BVD-0-300-20230516,3,1394592,Pimpinella major,58.538628
LISAH-BVD-0-301-20230516,1,1407739,Bromus catharticus,64.355743
LISAH-BVD-0-301-20230516,2,1363993,Potentilla reptans,64.225426
LISAH-BVD-0-301-20230516,3,1414366,Bromus sterilis,59.547714
LISAH-BVD-0-302-20230516,1,1363993,Potentilla reptans,62.805447
LISAH-BVD-0-302-20230516,2,1400126,Betonica officinalis,59.883003
LISAH-BVD-0-302-20230516,3,1400125,Betonica hirsuta,57.478447
LISAH-BVD-0-309-20230516,1,1363993,Potentilla reptans,63.385109
LISAH-BVD-0-309-20230516,2,1363994,Agrimonia eupatoria,59.542892
LISAH-BVD-0-309-20230516,3,1394592,Pimpinella major,58.335175
LISAH-BVD-0-310-20230516,1,1363993,Potentilla reptans,64.505356
LISAH-BVD-0-310-20230516,2,1390966,Catapodium marinum,59.115891
LISAH-BVD-0-310-20230516,3,1360304,Potentilla anglica,58.360455
LISAH-BVD-0-337-20230516,1,1361307,Hordeum murinum,60.504662
LISAH-BVD-0-337-20230516,2,1356286,Bromus hordeaceus,60.276302
LISAH-BVD-0-337-20230516,3,1360985,Arisarum simorrhinum,59.005341
LISAH-BVD-0-338-20230516,1,1356286,Bromus hordeaceus,64.051750
LISAH-BVD-0-338-20230516,2,1361307,Hordeum murinum,61.706726
LISAH-BVD-0-338-20230516,3,1364006,Convolvulus arvensis,59.843239
LISAH-BVD-0-339-20230516,1,1356286,Bromus hordeaceus,63.754471
LISAH-BVD-0-339-20230516,2,1407739,Bromus catharticus,61.260025
LISAH-BVD-0-339-20230516,3,1414353,Bromus diandrus,59.931877
LISAH-BVD-0-341-20230516,1,1356286,Bromus hordeaceus,62.267563
LISAH-BVD-0-341-20230516,2,1364006,Convolvulus arvensis,60.592567
LISAH-BVD-0-341-20230516,3,1363740,Trifolium repens,57.039082
LISAH-BVD-0-342-20230516,1,1356286,Bromus hordeaceus,64.224747
LISAH-BVD-0-342-20230516,2,1364006,Convolvulus arvensis,62.170391
LISAH-BVD-0-342-20230516,3,1394636,Plantago media,57.452282
LISAH-BVD-0-343-20230516,1,1356286,Bromus hordeaceus,62.797974
LISAH-BVD-0-343-20230516,2,1363213,Torilis nodosa,61.635914
LISAH-BVD-0-343-20230516,3,1364006,Convolvulus arvensis,58.233299
LISAH-BVD-0-344-20230516,1,1364006,Convolvulus arvensis,59.112228
LISAH-BVD-0-344-20230516,2,1356318,Convolvulus siculus,57.698315
LISAH-BVD-0-344-20230516,3,1356286,Bromus hordeaceus,57.452225
LISAH-BVD-0-345-20230516,1,1356286,Bromus hordeaceus,63.820084
LISAH-BVD-0-345-20230516,2,1364006,Convolvulus arvensis,59.250961
LISAH-BVD-0-345-20230516,3,1391337,Convolvulus betonicifolius,57.910858
LISAH-BVD-0-346-20230516,1,1356286,Bromus hordeaceus,62.654106
LISAH-BVD-0-346-20230516,2,1363212,Torilis arvensis,60.217316
LISAH-BVD-0-346-20230516,3,1364006,Convolvulus arvensis,59.591385
LISAH-BVD-0-347-20230516,1,1356286,Bromus hordeaceus,63.440742
LISAH-BVD-0-347-20230516,2,1407739,Bromus catharticus,60.546852
LISAH-BVD-0-347-20230516,3,1364006,Convolvulus arvensis,60.389252
LISAH-BVD-0-348-20230516,1,1356286,Bromus hordeaceus,64.326836
LISAH-BVD-0-348-20230516,2,1357875,Sonchus asper,61.426559
LISAH-BVD-0-348-20230516,3,1364006,Convolvulus arvensis,59.934074
LISAH-BVD-0-349-20230516,1,1356286,Bromus hordeaceus,63.707241
LISAH-BVD-0-349-20230516,2,1364006,Convolvulus arvensis,61.760162
LISAH-BVD-0-349-20230516,3,1362626,Colocasia esculenta,60.382069
LISAH-BVD-0-35-20230510,1,1396446,Stellaria graminea,59.261776
LISAH-BVD-0-35-20230510,2,1363455,Poa annua,58.899960
LISAH-BVD-0-35-20230510,3,1363740,Trifolium repens,55.646687
LISAH-BVD-0-350-20230516,1,1356286,Bromus hordeaceus,64.723145
LISAH-BVD-0-350-20230516,2,1364006,Convolvulus arvensis,60.134968
LISAH-BVD-0-350-20230516,3,1357635,Helminthotheca echioides,60.121994
LISAH-BVD-0-351-20230516,1,1364006,Convolvulus arvensis,60.775097
LISAH-BVD-0-351-20230516,2,1359510,Trifolium ochroleucon,58.765022
LISAH-BVD-0-351-20230516,3,1356066,Plantago lanceolata,58.680862
LISAH-BVD-0-352-20230516,1,1356286,Bromus hordeaceus,62.856812
LISAH-BVD-0-352-20230516,2,1361190,Avena sterilis,61.409492
LISAH-BVD-0-352-20230516,3,1364006,Convolvulus arvensis,59.438576
LISAH-BVD-0-353-20230516,1,1356286,Bromus hordeaceus,62.775528
LISAH-BVD-0-353-20230516,2,1364006,Convolvulus arvensis,60.030926
LISAH-BVD-0-353-20230516,3,1391337,Convolvulus betonicifolius,59.233582
LISAH-BVD-0-354-20230516,1,1364006,Convolvulus arvensis,60.826630
LISAH-BVD-0-354-20230516,2,1391337,Convolvulus betonicifolius,58.460793
LISAH-BVD-0-354-20230516,3,1363489,Phalaris aquatica,57.531609
LISAH-BVD-0-364-20230516,1,1361307,Hordeum murinum,61.423225
LISAH-BVD-0-364-20230516,2,1364173,Lactuca serriola,60.641384
LISAH-BVD-0-364-20230516,3,1363944,Malva neglecta,58.992828
LISAH-BVD-0-372-20230516,1,1361307,Hordeum murinum,62.084232
LISAH-BVD-0-372-20230516,2,1425224,Malvella sherardiana,58.768494
LISAH-BVD-0-372-20230516,3,1357303,Atractylis cancellata,58.059364
LISAH-BVD-0-379-20230516,1,1361307,Hordeum murinum,61.745110
LISAH-BVD-0-379-20230516,2,1361357,Phalaris coerulescens,57.623589
LISAH-BVD-0-379-20230516,3,1361117,Aegilops geniculata,57.119820
LISAH-BVD-0-380-20230516,1,1361307,Hordeum murinum,61.367798
LISAH-BVD-0-380-20230516,2,1361245,Eleusine indica,59.934624
LISAH-BVD-0-380-20230516,3,1363475,Lolium perenne,59.845688
LISAH-BVD-0-383-20230516,1,1422217,Bromus madritensis,60.397232
LISAH-BVD-0-383-20230516,2,1414353,Bromus diandrus,59.998360
LISAH-BVD-0-383-20230516,3,1722501,Rumex spinosus,58.809338
LISAH-BVD-0-392-20230516,1,1364006,Convolvulus arvensis,59.985855
LISAH-BVD-0-392-20230516,2,1407739,Bromus catharticus,58.969494
LISAH-BVD-0-392-20230516,3,1363740,Trifolium repens,57.114094
LISAH-BVD-0-397-20230517,1,1361307,Hordeum murinum,58.233257
LISAH-BVD-0-397-20230517,2,1357697,Leontodon hispidus,57.615013
LISAH-BVD-0-397-20230517,3,1397306,Allium ursinum,57.366783
LISAH-BVD-0-398-20230517,1,1728568,Jacobaea erucifolia,59.435425
LISAH-BVD-0-398-20230517,2,1363740,Trifolium repens,58.495049
LISAH-BVD-0-398-20230517,3,1358770,Lycopus europaeus,57.006557
LISAH-BVD-0-412-20230517,1,1360860,Verbena officinalis,61.374016
LISAH-BVD-0-412-20230517,2,1357697,Leontodon hispidus,60.546574
LISAH-BVD-0-412-20230517,3,1364160,Picris hieracioides,58.609699
LISAH-BVD-0-417-20230517,1,1356286,Bromus hordeaceus,64.785980
LISAH-BVD-0-417-20230517,2,1361307,Hordeum murinum,62.859306
LISAH-BVD-0-417-20230517,3,1363730,Medicago lupulina,59.633621
LISAH-BVD-0-428-20230517,1,1356286,Bromus hordeaceus,62.523846
LISAH-BVD-0-428-20230517,2,1361307,Hordeum murinum,62.208496
LISAH-BVD-0-428-20230517,3,1396416,Sporobolus indicus,60.653183
LISAH-BVD-0-430-20230517,1,1356286,Bromus hordeaceus,64.100044
LISAH-BVD-0-430-20230517,2,1364006,Convolvulus arvensis,60.843483
LISAH-BVD-0-430-20230517,3,1357875,Sonchus asper,59.290970
LISAH-BVD-0-431-20230517,1,1407739,Bromus catharticus,64.594604
LISAH-BVD-0-431-20230517,2,1356286,Bromus hordeaceus,61.591629
LISAH-BVD-0-431-20230517,3,1364006,Convolvulus arvensis,61.059021
LISAH-BVD-0-432-20230517,1,1356286,Bromus hordeaceus,64.004478
LISAH-BVD-0-432-20230517,2,1357635,Helminthotheca echioides,62.423943
LISAH-BVD-0-432-20230517,3,1364006,Convolvulus arvensis,61.268246
LISAH-BVD-0-463-20230517,1,1364065,Veronica persica,61.518768
LISAH-BVD-0-463-20230517,2,1394636,Plantago media,59.059212
LISAH-BVD-0-463-20230517,3,1390674,Campanula scheuchzeri,58.202515
LISAH-BVD-0-465-20230517,1,1364065,Veronica persica,60.044067
LISAH-BVD-0-465-20230517,2,1363740,Trifolium repens,59.819347
LISAH-BVD-0-465-20230517,3,1363455,Poa annua,58.869297
LISAH-BVD-0-471-20230517,1,1356286,Bromus hordeaceus,63.718754
LISAH-BVD-0-471-20230517,2,1407739,Bromus catharticus,62.813301
LISAH-BVD-0-471-20230517,3,1364063,Veronica arvensis,59.369774
LISAH-BVD-0-54-20230510,1,1356314,Rumex pulcher,62.120586
LISAH-BVD-0-54-20230510,2,1722501,Rumex spinosus,61.825211
LISAH-BVD-0-54-20230510,3,1722490,Patellifolia procumbens,61.615162
LISAH-BVD-0-99-20230510,1,1363731,Medicago polymorpha,61.950787
LISAH-BVD-0-99-20230510,2,1414366,Bromus sterilis,61.290890
LISAH-BVD-0-99-20230510,3,1361307,Hordeum murinum,60.991379
LISAH-JAS-0-1-20220505,1,1357526,Crepis bursifolia,64.530006
LISAH-JAS-0-1-20220505,2,1357546,Crepis sancta,62.171791
LISAH-JAS-0-1-20220505,3,1391452,Crepis leontodontoides,61.372963
LISAH-JAS-0-11-20220505,1,1359519,Trifolium resupinatum,65.880943
LISAH-JAS-0-11-20220505,2,1357848,Scolymus hispanicus,61.633415
LISAH-JAS-0-11-20220505,3,1357351,Carduus pycnocephalus,61.153515
LISAH-JAS-0-12-20220505,1,1359519,Trifolium resupinatum,66.631500
LISAH-JAS-0-12-20220505,2,1359860,Chaenorhinum minus,63.133465
LISAH-JAS-0-12-20220505,3,1363731,Medicago polymorpha,61.837040
LISAH-JAS-0-13-20220505,1,1359519,Trifolium resupinatum,66.935043
LISAH-JAS-0-13-20220505,2,1393770,Medicago littoralis,65.385391
LISAH-JAS-0-13-20220505,3,1363731,Medicago polymorpha,63.239349
LISAH-JAS-0-15-20220505,1,1359519,Trifolium resupinatum,66.435593
LISAH-JAS-0-15-20220505,2,1362236,Fumaria parviflora,64.179321
LISAH-JAS-0-15-20220505,3,1422217,Bromus madritensis,63.968987
LISAH-JAS-0-16-20220505,1,1359519,Trifolium resupinatum,66.623123
LISAH-JAS-0-16-20220505,2,1363878,Diplotaxis erucoides,63.994240
LISAH-JAS-0-16-20220505,3,1356278,Trifolium fragiferum,63.816021
LISAH-JAS-0-17-20220505,1,1393770,Medicago littoralis,63.932175
LISAH-JAS-0-17-20220505,2,1362236,Fumaria parviflora,63.229591
LISAH-JAS-0-17-20220505,3,1359802,Fumaria vaillantii,63.092789
LISAH-JAS-0-2-20220505,1,1356111,Lamium amplexicaule,63.391857
LISAH-JAS-0-2-20220505,2,1363179,Chenopodium ficifolium,61.894665
LISAH-JAS-0-2-20220505,3,1364065,Veronica persica,61.485699
LISAH-JAS-0-6-20220505,1,1359519,Trifolium resupinatum,66.229919
LISAH-JAS-0-6-20220505,2,1364138,Senecio vulgaris,63.272980
LISAH-JAS-0-6-20220505,3,1356084,Polygonum aviculare,62.866615
LISAH-JAS-0-7-20220505,1,1359519,Trifolium resupinatum,63.475327
LISAH-JAS-0-7-20220505,2,1364138,Senecio vulgaris,63.235363
LISAH-JAS-0-7-20220505,3,1356084,Polygonum aviculare,61.670990
LISAH-JAS-0-9-20220505,1,1359519,Trifolium resupinatum,65.445526
LISAH-JAS-0-9-20220505,2,1357546,Crepis sancta,64.528748
LISAH-JAS-0-9-20220505,3,1355869,Crepis capillaris,62.155796
LISAH-JAS-1-25-20220505,1,1355869,Crepis capillaris,62.876442
LISAH-JAS-1-25-20220505,2,1363213,Torilis nodosa,62.132149
LISAH-JAS-1-25-20220505,3,1363460,Holcus lanatus,61.052433
LISAH-JAS-1-27-20220505,1,1361307,Hordeum murinum,62.992916
LISAH-JAS-1-27-20220505,2,1422217,Bromus madritensis,62.320492
LISAH-JAS-1-27-20220505,3,1361190,Avena sterilis,62.080048
LISAH-JAS-1-28-20220505,1,1362898,Malva multiflora,61.821632
LISAH-JAS-1-28-20220505,2,1359639,Malva parviflora,61.638252
LISAH-JAS-1-28-20220505,3,1363944,Malva neglecta,61.512180
LISAH-JAS-1-5-20220505,1,1357546,Crepis sancta,62.279434
LISAH-JAS-1-5-20220505,2,1356697,Cerastium glomeratum,61.509964
LISAH-JAS-1-5-20220505,3,1364065,Veronica persica,61.435417
LISAH-PEC-0-0-20220608,1,1357945,Tolpis umbellata,60.992947
LISAH-PEC-0-0-20220608,2,1744673,Mantisalca spinulosa,60.887833
LISAH-PEC-0-0-20220608,3,1361926,Scabiosa columbaria,60.799889
LISAH-PEC-0-1-20230411,1,1356013,Geranium rotundifolium,67.779243
LISAH-PEC-0-1-20230411,2,1364138,Senecio vulgaris,62.566292
LISAH-PEC-0-1-20230411,3,1550154,Erodium cazorlanum,61.925724
LISAH-PEC-0-10-20230405,1,1364138,Senecio vulgaris,62.518990
LISAH-PEC-0-10-20230405,2,1363878,Diplotaxis erucoides,61.362061
LISAH-PEC-0-10-20230405,3,1357635,Helminthotheca echioides,60.791485
LISAH-PEC-0-11-20230405,1,1357635,Helminthotheca echioides,60.480103
LISAH-PEC-0-11-20230405,2,1364138,Senecio vulgaris,60.291988
LISAH-PEC-0-11-20230405,3,1357861,Senecio leucanthemifolius,59.471840
LISAH-PEC-0-11-20230411,1,1356013,Geranium rotundifolium,64.629692
LISAH-PEC-0-11-20230411,2,1363878,Diplotaxis erucoides,60.298244
LISAH-PEC-0-11-20230411,3,1391148,Chloris truncata,58.531517
LISAH-PEC-0-12-20230411,1,1356013,Geranium rotundifolium,67.438393
LISAH-PEC-0-12-20230411,2,1519648,Scorzoneroides carpetana,61.633789
LISAH-PEC-0-12-20230411,3,1505455,Crepis commutata,61.015419
LISAH-PEC-0-13-20230411,1,1356013,Geranium rotundifolium,66.074188
LISAH-PEC-0-13-20230411,2,1391148,Chloris truncata,61.050934
LISAH-PEC-0-13-20230411,3,1550154,Erodium cazorlanum,60.887001
LISAH-PEC-0-13-20230413,1,1356013,Geranium rotundifolium,61.950115
LISAH-PEC-0-13-20230413,2,1357514,Cladanthus mixtus,61.236530
LISAH-PEC-0-13-20230413,3,1357465,Chamaemelum nobile,60.192612
LISAH-PEC-0-14-20230407,1,1668635,Rubus castellarnaui,58.242695
LISAH-PEC-0-14-20230407,2,1357401,Centaurea aspera,57.911228
LISAH-PEC-0-14-20230407,3,1738679,Trocdaris verticillatum,57.831486
LISAH-PEC-0-15-20230407,1,1361000,Asparagus acutifolius,60.875374
LISAH-PEC-0-15-20230407,2,1431896,Lycium cinereum,55.493820
LISAH-PEC-0-15-20230407,3,1356084,Polygonum aviculare,55.375412
LISAH-PEC-0-17-20230413,1,1414366,Bromus sterilis,58.785240
LISAH-PEC-0-17-20230413,2,1357690,Launaea pumila,58.446922
LISAH-PEC-0-17-20230413,3,1396826,Tragopogon angustifolius,58.118954
LISAH-PEC-0-18-20230411,1,1356013,Geranium rotundifolium,66.592506
LISAH-PEC-0-18-20230411,2,1355964,Euphorbia helioscopia,62.796577
LISAH-PEC-0-18-20230411,3,1357635,Helminthotheca echioides,59.886326
LISAH-PEC-0-19-20230413,1,1356013,Geranium rotundifolium,67.248657
LISAH-PEC-0-19-20230413,2,1363676,Vicia faba,61.445305
LISAH-PEC-0-19-20230413,3,1550154,Erodium cazorlanum,60.298885
LISAH-PEC-0-20-20230411,1,1356013,Geranium rotundifolium,65.868210
LISAH-PEC-0-20-20230411,2,1355964,Euphorbia helioscopia,62.391449
LISAH-PEC-0-20-20230411,3,1364138,Senecio vulgaris,61.694893
LISAH-PEC-0-4-20230407,1,1360433,Rubia peregrina,57.661396
LISAH-PEC-0-4-20230407,2,1359279,Lathyrus ochrus,54.999168
LISAH-PEC-0-4-20230407,3,1357361,Carlina racemosa,52.824368
LISAH-PEC-0-4-20230411,1,1356013,Geranium rotundifolium,67.022171
LISAH-PEC-0-4-20230411,2,1550154,Erodium cazorlanum,62.243958
LISAH-PEC-0-4-20230411,3,1419102,Erodium corsicum,60.694489
LISAH-PEC-0-6-20220608,1,1357401,Centaurea aspera,67.908508
LISAH-PEC-0-6-20220608,2,1744677,Centaurea bofilliana,63.005280
LISAH-PEC-0-6-20220608,3,1359530,Trifolium tomentosum,62.491169
LISAH-PEC-0-6-20230411,1,1356013,Geranium rotundifolium,66.528152
LISAH-PEC-0-6-20230411,2,1357635,Helminthotheca echioides,60.432770
LISAH-PEC-0-6-20230411,3,1550154,Erodium cazorlanum,60.262455
LISAH-PEC-0-8-20230405,1,1363878,Diplotaxis erucoides,63.128742
LISAH-PEC-0-8-20230405,2,1356013,Geranium rotundifolium,61.646591
LISAH-PEC-0-8-20230405,3,1363791,Scorpiurus muricatus,60.463459
LISAH-PEC-0-9-20230411,1,1356013,Geranium rotundifolium,67.222069
LISAH-PEC-0-9-20230411,2,1550154,Erodium cazorlanum,60.544964
LISAH-PEC-0-9-20230411,3,1355969,Euphorbia peplus,59.375202
LISAH-PEC-0-9-20230413,1,1356013,Geranium rotundifolium,66.075668
LISAH-PEC-0-9-20230413,2,1357598,Galactites tomentosus,63.709641
LISAH-PEC-0-9-20230413,3,1363676,Vicia faba,60.818275
LISAH-PEC-1-13-20230405,1,1363878,Diplotaxis erucoides,64.618042
LISAH-PEC-1-13-20230405,2,1390966,Catapodium marinum,63.663239
LISAH-PEC-1-13-20230405,3,1357635,Helminthotheca echioides,63.004303
LISAH-PEC-1-18-20230407,1,1363878,Diplotaxis erucoides,62.032211
LISAH-PEC-1-18-20230407,2,1437978,Scorzonera laciniata,61.385326
LISAH-PEC-1-18-20230407,3,1355869,Crepis capillaris,61.234535
LISAH-PEC-2-0-20220609,1,1364151,Anacyclus clavatus,65.298668
LISAH-PEC-2-0-20220609,2,1357227,Anthemis maritima,64.821907
LISAH-PEC-2-0-20220609,3,1356013,Geranium rotundifolium,64.141083
LISAH-PEC-2-11-20220609,1,1357351,Carduus pycnocephalus,63.805054
LISAH-PEC-2-11-20220609,2,1356013,Geranium rotundifolium,63.447517
LISAH-PEC-2-11-20220609,3,1355881,Carduus tenuiflorus,61.154488
LISAH-PEC-2-17-20230407,1,1390637,Calendula arvensis,60.870903
LISAH-PEC-2-17-20230407,2,1355994,Erodium cicutarium,60.103813
LISAH-PEC-2-17-20230407,3,1687885,Saxifraga bourgaeana,59.844952
LISAH-PEC-2-2-20220609,1,1356013,Geranium rotundifolium,64.665894
LISAH-PEC-2-2-20220609,2,1392594,Geranium pusillum,60.221611
LISAH-PEC-2-2-20220609,3,1356012,Geranium purpureum,59.576698
LISAH-PEC-2-20-20230407,1,1356013,Geranium rotundifolium,65.746254
LISAH-PEC-2-20-20230407,2,1425224,Malvella sherardiana,62.034012
LISAH-PEC-2-20-20230407,3,1363878,Diplotaxis erucoides,60.961849
LISAH-PEC-2-4-20220609,1,1356013,Geranium rotundifolium,63.726070
LISAH-PEC-2-4-20220609,2,1357351,Carduus pycnocephalus,62.056000
LISAH-PEC-2-4-20220609,3,1422218,Bromus rubens,61.723999
LISAH-PEC-2-5-20220609,1,1364151,Anacyclus clavatus,64.104675
LISAH-PEC-2-5-20220609,2,1357514,Cladanthus mixtus,63.929657
LISAH-PEC-2-5-20220609,3,1355881,Carduus tenuiflorus,63.364124
LISAH-PEC-2-5-20230407,1,1356013,Geranium rotundifolium,65.814796
LISAH-PEC-2-5-20230407,2,1363878,Diplotaxis erucoides,62.517094
LISAH-PEC-2-5-20230407,3,1744413,Linaria orbensis,60.416107
LISAH-PEC-2-6-20220609,1,1356013,Geranium rotundifolium,63.376205
LISAH-PEC-2-6-20220609,2,1355881,Carduus tenuiflorus,62.898903
LISAH-PEC-2-6-20220609,3,1422218,Bromus rubens,60.508320
LISAH-PEC-3-10-20230407,1,1363804,Lathyrus sativus,64.705452
LISAH-PEC-3-10-20230407,2,1363799,Lathyrus clymenum,61.139000
LISAH-PEC-3-10-20230407,3,1363805,Lathyrus annuus,60.867603
LISAH-PEC-3-16-20230407,1,1363804,Lathyrus sativus,63.687485
LISAH-PEC-3-16-20230407,2,1363676,Vicia faba,62.354687
LISAH-PEC-3-16-20230407,3,1359268,Lathyrus cicera,61.988022
LISAH-PEC-3-20-20230407,1,1363676,Vicia faba,64.094994
LISAH-PEC-3-20-20230407,2,1722569,Atriplex suberecta,61.520462
LISAH-PEC-3-20-20230407,3,1356013,Geranium rotundifolium,60.311253
OPTMix-0108-P1-312-20231006,1,1396752,Thelypteris palustris,57.698586
OPTMix-0108-P1-312-20231006,2,1392669,Gymnocarpium dryopteris,56.277664
OPTMix-0108-P1-312-20231006,3,1395026,Quercus pubescens,54.818829
OPTMix-0108-P1-422-20231006,1,1363933,Ehrharta erecta,57.387714
OPTMix-0108-P1-422-20231006,2,1363593,Molinia caerulea,55.984657
OPTMix-0108-P1-422-20231006,3,1396117,Scorzoneroides autumnalis,54.614719
OPTMix-0108-P1-427-20231006,1,1391805,Dryopteris carthusiana,58.326134
OPTMix-0108-P1-427-20231006,2,1356404,Pteridium aquilinum,55.761150
OPTMix-0108-P1-427-20231006,3,1391809,Dryopteris dilatata,55.443565
OPTMix-0108-P1-533-20231006,1,1363593,Molinia caerulea,56.169273
OPTMix-0108-P1-533-20231006,2,1363447,Panicum repens,55.965595
OPTMix-0108-P1-533-20231006,3,1718548,Megathyrsus maximus,55.530304
OPTMix-0108-P1-95-20231006,1,1361081,Carex riparia,54.404228
OPTMix-0108-P1-95-20231006,2,1361104,Schoenoplectus lacustris,52.111031
OPTMix-0108-P1-95-20231006,3,1360945,Allium vineale,51.730003
OPTMix-012-P1-143-20231201,1,1419076,Quercus petraea,55.553791
OPTMix-012-P1-143-20231201,2,1357413,Quercus robur,55.411537
OPTMix-012-P1-143-20231201,3,1391809,Dryopteris dilatata,55.010365
OPTMix-012-P1-208-20231201,1,1548153,Quercus cerrioides,57.554306
OPTMix-012-P1-208-20231201,2,1395026,Quercus pubescens,57.282677
OPTMix-012-P1-208-20231201,3,1358612,Quercus canariensis,56.837204
OPTMix-012-P2-192-20231201,1,1419076,Quercus petraea,58.930496
OPTMix-012-P2-192-20231201,2,1738583,Hedera algeriensis,58.751213
OPTMix-012-P2-192-20231201,3,1467321,Hedera maroccana,56.714527
OPTMix-012-P2-207-20231201,1,1360945,Allium vineale,58.759796
OPTMix-012-P2-207-20231201,2,1400017,Armeria linkiana,57.938271
OPTMix-012-P2-207-20231201,3,1419076,Quercus petraea,57.488472
OPTMix-012-P2-240-20231201,1,1400084,Avenella flexuosa,59.499367
OPTMix-012-P2-240-20231201,2,1393317,Isolepis fluitans,58.740768
OPTMix-012-P2-240-20231201,3,1359973,Plantago subulata,56.886425
OPTMix-012-P3-190-20231201,1,1393215,Hottonia palustris,60.984982
OPTMix-012-P3-190-20231201,2,1400084,Avenella flexuosa,60.613968
OPTMix-012-P3-190-20231201,3,1392778,Hippuris vulgaris,58.982708
OPTMix-012-P3-218-20231201,1,1419076,Quercus petraea,59.496429
OPTMix-012-P3-218-20231201,2,1651162,Festuca guestfalica,58.248581
OPTMix-012-P3-218-20231201,3,1400084,Avenella flexuosa,57.562382
OPTMix-012-P3-220-20231201,1,1363267,Asparagus setaceus,56.086792
OPTMix-012-P3-220-20231201,2,1360945,Allium vineale,55.827816
OPTMix-012-P3-220-20231201,3,1396752,Thelypteris palustris,55.441311
OPTMix-0178-P1-1060-20231006,1,1394044,Onoclea sensibilis,59.446114
OPTMix-0178-P1-1060-20231006,2,1356382,Dryopteris filix-mas,58.927967
OPTMix-0178-P1-1060-20231006,3,1363575,Hedera helix,55.662788
OPTMix-0178-P1-1061-20231006,1,1357413,Quercus robur,53.670761
OPTMix-0178-P1-1061-20231006,2,1396168,Selaginella kraussiana,53.601910
OPTMix-0178-P1-1061-20231006,3,1419076,Quercus petraea,52.722263
OPTMix-0178-P1-552-20231006,1,1356404,Pteridium aquilinum,57.372116
OPTMix-0178-P1-552-20231006,2,1356382,Dryopteris filix-mas,56.799019
OPTMix-0178-P1-552-20231006,3,1394503,Phegopteris connectilis,56.569828
OPTMix-0178-P1-661-20231006,1,1356404,Pteridium aquilinum,60.623508
OPTMix-0178-P1-661-20231006,2,1356382,Dryopteris filix-mas,59.941307
OPTMix-0178-P1-661-20231006,3,1396752,Thelypteris palustris,59.014965
OPTMix-0178-P1-663-20231006,1,1358612,Quercus canariensis,56.529900
OPTMix-0178-P1-663-20231006,2,1419076,Quercus petraea,55.259090
OPTMix-0178-P1-663-20231006,3,1743914,Quercus estremadurensis,54.494167
OPTMix-0178-P1-669-20231006,1,1400084,Avenella flexuosa,55.504303
OPTMix-0178-P1-669-20231006,2,1392309,Festuca heterophylla,53.403053
OPTMix-0178-P1-669-20231006,3,1395026,Quercus pubescens,52.964699
OPTMix-0200-11006-20231009,1,1391809,Dryopteris dilatata,59.163559
OPTMix-0200-11006-20231009,2,1548153,Quercus cerrioides,56.398232
OPTMix-0200-11006-20231009,3,1548487,Quercus senneniana,56.101593
OPTMix-0200-P2-53-20231009,1,1358504,Erica australis,62.504921
OPTMix-0200-P2-53-20231009,2,1358503,Erica arborea,62.322807
OPTMix-0200-P2-53-20231009,3,1358514,Erica umbellata,61.336578
OPTMix-0200-P2-54-20231009,1,1668888,Rubus grabowskii,56.536766
OPTMix-0200-P2-54-20231009,2,1390778,Carex brizoides,55.498402
OPTMix-0200-P2-54-20231009,3,1390807,Carex elongata,54.894978
OPTMix-0200-P2-68-20231009,1,1358501,Calluna vulgaris,61.993668
OPTMix-0200-P2-68-20231009,2,1357274,Artemisia barrelieri,60.700157
OPTMix-0200-P2-68-20231009,3,1362319,Herniaria fruticosa,57.780304
OPTMix-0200-P3-108-20231009,1,1392524,Genista sagittalis,60.812847
OPTMix-0200-P3-108-20231009,2,1356404,Pteridium aquilinum,57.877155
OPTMix-0200-P3-108-20231009,3,1744029,Leuzea longifolia,55.774593
OPTMix-0200-P3-127-20231009,1,1668635,Rubus castellarnaui,58.397827
OPTMix-0200-P3-127-20231009,2,1356404,Pteridium aquilinum,58.204399
OPTMix-0200-P3-127-20231009,3,1363496,Paspalum dilatatum,56.570679
OPTMix-0200-P3-139-20231009,1,1493092,Herniaria lusitanica,56.300766
OPTMix-0200-P3-139-20231009,2,1392764,Herniaria litardierei,56.121346
OPTMix-0200-P3-139-20231009,3,1356873,Herniaria hirsuta,55.541603
OPTMix-0214-P1-207-20231010,1,1741608,Achnatherum virescens,55.295952
OPTMix-0214-P1-207-20231010,2,1392309,Festuca heterophylla,55.074413
OPTMix-0214-P1-207-20231010,3,1397983,Nassella tenuissima,53.925552
OPTMix-0214-P1-208-20231010,1,1651162,Festuca guestfalica,57.820251
OPTMix-0214-P1-208-20231010,2,1362023,Festuca filiformis,57.310478
OPTMix-0214-P1-208-20231010,3,1360945,Allium vineale,56.148586
OPTMix-0214-P1-235-20231010,1,1358615,Quercus lusitanica,54.587994
OPTMix-0214-P1-235-20231010,2,1357413,Quercus robur,54.321297
OPTMix-0214-P1-235-20231010,3,1358612,Quercus canariensis,54.262150
OPTMix-0214-P2-22-20231010,1,1358501,Calluna vulgaris,61.843575
OPTMix-0214-P2-22-20231010,2,1578171,Genista tridentata,59.222015
OPTMix-0214-P2-22-20231010,3,1356595,Silene gallica,57.857948
OPTMix-0214-P2-64-20231010,1,1358501,Calluna vulgaris,62.067551
OPTMix-0214-P2-64-20231010,2,1359740,Pedicularis sylvatica,61.101952
OPTMix-0214-P2-64-20231010,3,1397455,Pedicularis palustris,58.066486
OPTMix-0214-P2-84-20231010,1,1359973,Plantago subulata,58.088154
OPTMix-0214-P2-84-20231010,2,1419076,Quercus petraea,56.929260
OPTMix-0214-P2-84-20231010,3,1358612,Quercus canariensis,56.393311
OPTMix-0214-P3-186-20231010,1,1390778,Carex brizoides,54.687813
OPTMix-0214-P3-186-20231010,2,1356401,Hymenophyllum tunbrigense,53.971199
OPTMix-0214-P3-186-20231010,3,1394416,Parapholis strigosa,53.908607
OPTMix-0214-P3-196-20231010,1,1357413,Quercus robur,57.540459
OPTMix-0214-P3-196-20231010,2,1419076,Quercus petraea,57.385536
OPTMix-0214-P3-196-20231010,3,1743914,Quercus estremadurensis,57.010227
OPTMix-0214-P3-278-20231010,1,1392059,Eriophorum angustifolium,59.405476
OPTMix-0214-P3-278-20231010,2,1390761,Carex arenaria,58.436069
OPTMix-0214-P3-278-20231010,3,1392067,Eriophorum vaginatum,55.770962
OPTMix-0216-P4-208-20231009,1,1358501,Calluna vulgaris,61.243027
OPTMix-0216-P4-208-20231009,2,1388890,Lysimachia maritima,60.373158
OPTMix-0216-P4-208-20231009,3,1362309,Genista anglica,58.363293
OPTMix-0255-11233-20231009,1,1363401,Imperata cylindrica,53.639137
OPTMix-0255-11233-20231009,2,1363409,Themeda triandra,52.729595
OPTMix-0255-11233-20231009,3,1652912,Nassella trichotoma,52.657944
OPTMix-0255-11372-20231009,1,1363593,Molinia caerulea,59.245445
OPTMix-0255-11372-20231009,2,1395026,Quercus pubescens,58.363861
OPTMix-0255-11372-20231009,3,1400122,Berberis aquifolium,56.601940
OPTMix-0255-11382-20231009,1,1411890,Elymus repens,54.313602
OPTMix-0255-11382-20231009,2,1360433,Rubia peregrina,53.516155
OPTMix-0255-11382-20231009,3,1417843,Lactuca tatarica,53.369404
OPTMix-033-P3-107-20231201,1,1356404,Pteridium aquilinum,60.652012
OPTMix-033-P3-107-20231201,2,1356373,Blechnum spicant,57.422646
OPTMix-033-P3-107-20231201,3,1396752,Thelypteris palustris,57.179039
OPTMix-0333-P1-107-20231212,1,1356404,Pteridium aquilinum,59.908672
OPTMix-0333-P1-107-20231212,2,1396752,Thelypteris palustris,55.544121
OPTMix-0333-P1-107-20231212,3,1356382,Dryopteris filix-mas,53.147018
OPTMix-0333-P1-112-20231212,1,1397763,Eragrostis curtipedicellata,61.164886
OPTMix-0333-P1-112-20231212,2,1361256,Eragrostis multicaulis,59.602715
OPTMix-0333-P1-112-20231212,3,1356404,Pteridium aquilinum,59.127014
OPTMix-0333-P2-108-20231212,1,1356404,Pteridium aquilinum,58.031631
OPTMix-0333-P2-108-20231212,2,1356382,Dryopteris filix-mas,55.476021
OPTMix-0333-P2-108-20231212,3,1356387,Polystichum aculeatum,55.074894
OPTMix-0333-P2-112-20231212,1,1356404,Pteridium aquilinum,54.629276
OPTMix-0333-P2-112-20231212,2,1361703,Posidonia oceanica,53.824604
OPTMix-0333-P2-112-20231212,3,1577392,Echinospartum boissieri,52.838730
OPTMix-0333-P2-115-20231212,1,1356404,Pteridium aquilinum,59.096329
OPTMix-0333-P2-115-20231212,2,1361703,Posidonia oceanica,55.692093
OPTMix-0333-P2-115-20231212,3,1356382,Dryopteris filix-mas,54.786995
OPTMix-0333-P3-100-20231201,1,1356404,Pteridium aquilinum,54.952797
OPTMix-0333-P3-100-20231201,2,1358515,Monotropa hypopitys,50.571930
OPTMix-0333-P3-100-20231201,3,1391361,Cortaderia selloana,49.730289
OPTMix-0333-P3-76-20231201,1,1356404,Pteridium aquilinum,60.072018
OPTMix-0333-P3-76-20231201,2,1363593,Molinia caerulea,58.307884
OPTMix-0333-P3-76-20231201,3,1394503,Phegopteris connectilis,57.589512
OPTMix-057-P1-1699-20231010,1,1358615,Quercus lusitanica,56.185566
OPTMix-057-P1-1699-20231010,2,1548153,Quercus cerrioides,55.818279
OPTMix-057-P1-1699-20231010,3,1487694,Opuntia aurantiaca,55.553017
OPTMix-057-P1-1901-20231010,1,1737658,Dryopteris cambrensis,52.583542
OPTMix-057-P1-1901-20231010,2,1401438,Thelypteris dentata,52.195190
OPTMix-057-P1-1901-20231010,3,1743340,Asplenium helii,51.495617
OPTMix-057-P1-1902-20231010,1,1356382,Dryopteris filix-mas,56.795837
OPTMix-057-P1-1902-20231010,2,1356404,Pteridium aquilinum,53.595657
OPTMix-057-P1-1902-20231010,3,1722693,Polystichum setiferum,53.452068
OPTMix-057-P1-1913-20231010,1,1356404,Pteridium aquilinum,60.310822
OPTMix-057-P1-1913-20231010,2,1362038,Jacobaea maritima,57.856739
OPTMix-057-P1-1913-20231010,3,1356382,Dryopteris filix-mas,55.045578
OPTMix-057-P1-1917-20231010,1,1394044,Onoclea sensibilis,61.564560
OPTMix-057-P1-1917-20231010,2,1396752,Thelypteris palustris,60.529610
OPTMix-057-P1-1917-20231010,3,1391807,Dryopteris cristata,60.346092
OPTMix-0593-P1-129-20231205,1,1389018,Brachypodium sylvaticum,56.642208
OPTMix-0593-P1-129-20231205,2,1359973,Plantago subulata,52.384014
OPTMix-0593-P1-129-20231205,3,1388809,Brachypodium pinnatum,52.146652
OPTMix-0593-P1-134-20231205,1,1359973,Plantago subulata,59.788261
OPTMix-0593-P1-134-20231205,2,1419076,Quercus petraea,54.622101
OPTMix-0593-P1-134-20231205,3,1358612,Quercus canariensis,53.545525
OPTMix-0593-P1-86-20231205,1,1363267,Asparagus setaceus,52.933826
OPTMix-0593-P1-86-20231205,2,1362023,Festuca filiformis,51.320457
OPTMix-0593-P1-86-20231205,3,1400084,Avenella flexuosa,50.268265
OPTMix-0593-P2-180-20231205,1,1548153,Quercus cerrioides,54.674683
OPTMix-0593-P2-180-20231205,2,1395026,Quercus pubescens,54.627342
OPTMix-0593-P2-180-20231205,3,1419076,Quercus petraea,54.295135
OPTMix-0593-P2-84-20231205,1,1356576,Ilex aquifolium,57.474094
OPTMix-0593-P2-84-20231205,2,1357413,Quercus robur,54.581173
OPTMix-0593-P2-84-20231205,3,1358612,Quercus canariensis,53.627556
OPTMix-0593-P2-92-20231205,1,1392309,Festuca heterophylla,55.874664
OPTMix-0593-P2-92-20231205,2,1558009,Juncus capillaceus,55.010647
OPTMix-0593-P2-92-20231205,3,1651162,Festuca guestfalica,54.373726
OPTMix-0593-P3-130-20231205,1,1737588,Torminalis glaberrima,58.795204
OPTMix-0593-P3-130-20231205,2,1400084,Avenella flexuosa,57.200626
OPTMix-0593-P3-130-20231205,3,1362023,Festuca filiformis,56.615150
OPTMix-0593-P3-146-20231205,1,1391809,Dryopteris dilatata,58.162048
OPTMix-0593-P3-146-20231205,2,1400084,Avenella flexuosa,57.208019
OPTMix-0593-P3-146-20231205,3,1361573,Juncus bulbosus,56.175365
OPTMix-0593-P3-87-20231205,1,1359973,Plantago subulata,59.787140
OPTMix-0593-P3-87-20231205,2,1390761,Carex arenaria,55.978504
OPTMix-0593-P3-87-20231205,3,1419076,Quercus petraea,55.791969
OPTMix-0598-P1-118-20231205,1,1393522,Leymus arenarius,54.388451
OPTMix-0598-P1-118-20231205,2,1722433,Calamagrostis arenaria,53.550274
OPTMix-0598-P1-118-20231205,3,1390495,Fascicularia bicolor,52.686810
OPTMix-0598-P1-132-20231205,1,1743914,Quercus estremadurensis,60.816425
OPTMix-0598-P1-132-20231205,2,1395026,Quercus pubescens,59.258087
OPTMix-0598-P1-132-20231205,3,1359973,Plantago subulata,58.867943
OPTMix-0598-P1-133-20231205,1,1419076,Quercus petraea,57.595963
OPTMix-0598-P1-133-20231205,2,1357413,Quercus robur,56.161922
OPTMix-0598-P1-133-20231205,3,1395026,Quercus pubescens,56.136719
OPTMix-0598-P1-149-20231205,1,1651162,Festuca guestfalica,52.633484
OPTMix-0598-P1-149-20231205,2,1651233,Festuca lemanii,52.064758
OPTMix-0598-P1-149-20231205,3,1356439,Pteris vittata,51.854866
OPTMix-0598-P1-197-20231205,1,1358501,Calluna vulgaris,60.042152
OPTMix-0598-P1-197-20231205,2,1391809,Dryopteris dilatata,58.880280
OPTMix-0598-P1-197-20231205,3,1356442,Selaginella denticulata,58.266624
OPTMix-0598-P1-198-20231205,1,1361245,Eleusine indica,52.316242
OPTMix-0598-P1-198-20231205,2,1486742,Cylindropuntia tunicata,52.081051
OPTMix-0598-P1-198-20231205,3,1388770,Brachypodium distachyon,50.829372
OPTMix-0598-P2-102-20231205,1,1363534,Ehrharta calycina,46.922611
OPTMix-0598-P2-102-20231205,2,1390966,Catapodium marinum,46.834499
OPTMix-0598-P2-102-20231205,3,1722433,Calamagrostis arenaria,46.544033
OPTMix-0598-P2-139-20231207,1,1356404,Pteridium aquilinum,59.112633
OPTMix-0598-P2-139-20231207,2,1391418,Cotoneaster salicifolius,58.445328
OPTMix-0598-P2-139-20231207,3,1356382,Dryopteris filix-mas,56.089874
OPTMix-0598-P2-86-20231207,1,1356790,Lonicera periclymenum,63.501022
OPTMix-0598-P2-86-20231207,2,1356404,Pteridium aquilinum,60.775349
OPTMix-0598-P2-86-20231207,3,1392655,Goodyera repens,58.086700
OPTMix-0598-P2-99-20231205,1,1356790,Lonicera periclymenum,58.181705
OPTMix-0598-P2-99-20231205,2,1356404,Pteridium aquilinum,57.239803
OPTMix-0598-P2-99-20231205,3,1396168,Selaginella kraussiana,54.849659
OPTMix-0598-P4-104-20231207,1,1358501,Calluna vulgaris,61.284378
OPTMix-0598-P4-104-20231207,2,1396168,Selaginella kraussiana,57.638157
OPTMix-0598-P4-104-20231207,3,1358612,Quercus canariensis,55.950676
OPTMix-0598-P4-108-20231207,1,1391652,Daphne mezereum,59.068642
OPTMix-0598-P4-108-20231207,2,1668635,Rubus castellarnaui,56.784557
OPTMix-0598-P4-108-20231207,3,1395476,Rubus foliosus,55.689110
OPTMix-0598-P4-128-20231207,1,1359973,Plantago subulata,56.099213
OPTMix-0598-P4-128-20231207,2,1419076,Quercus petraea,55.084190
OPTMix-0598-P4-128-20231207,3,1395026,Quercus pubescens,54.804424
OPTMix-083-P3-139-20231110,1,1356404,Pteridium aquilinum,60.186237
OPTMix-083-P3-139-20231110,2,1356382,Dryopteris filix-mas,56.408520
OPTMix-083-P3-139-20231110,3,1722693,Polystichum setiferum,55.972645
OPTMix-083-P3-186-20231110,1,1356404,Pteridium aquilinum,60.568939
OPTMix-083-P3-186-20231110,2,1396752,Thelypteris palustris,58.489441
OPTMix-083-P3-186-20231110,3,1395480,Rubus geniculatus,55.372192
OPTMix-083-P3-96-20231110,1,1741452,Senecio gallicus,58.340828
OPTMix-083-P3-96-20231110,2,1358501,Calluna vulgaris,57.360748
OPTMix-083-P3-96-20231110,3,1578171,Genista tridentata,56.745583
OPTMix-108-P1-000-20231006,1,1356732,Austrocylindropuntia subulata,49.926773
OPTMix-108-P1-000-20231006,2,1668635,Rubus castellarnaui,49.920383
OPTMix-108-P1-000-20231006,3,1358612,Quercus canariensis,49.286728
RNNB-1-1-20230512,1,1722625,Arthrocaulon macrostachyum,63.625336
RNNB-1-1-20230512,2,1363540,Sphenopus divaricatus,63.478630
RNNB-1-1-20230512,3,1722522,Salicornia fruticosa,63.394737
RNNB-1-1-20240117,1,1722433,Calamagrostis arenaria,57.850945
RNNB-1-1-20240117,2,1388770,Brachypodium distachyon,57.639183
RNNB-1-1-20240117,3,1655422,Stipa iberica,57.573814
RNNB-1-10-20230512,1,1722625,Arthrocaulon macrostachyum,66.378334
RNNB-1-10-20230512,2,1452062,Suaeda vermiculata,64.038742
RNNB-1-10-20230512,3,1738887,Salicornia marshallii,63.884468
RNNB-1-10-20240117,1,1722433,Calamagrostis arenaria,60.695877
RNNB-1-10-20240117,2,1578145,Genista mugronensis,60.213066
RNNB-1-10-20240117,3,1393522,Leymus arenarius,59.558033
RNNB-1-2-20230512,1,1722521,Salicornia perennis,64.842735
RNNB-1-2-20230512,2,1738887,Salicornia marshallii,63.073338
RNNB-1-2-20230512,3,1722522,Salicornia fruticosa,63.033066
RNNB-1-2-20240117,1,1391491,Cutandia maritima,55.761204
RNNB-1-2-20240117,2,1394414,Parapholis incurva,55.527340
RNNB-1-2-20240117,3,1361412,Sporobolus pungens,54.397533
RNNB-1-3-20230512,1,1738887,Salicornia marshallii,65.706795
RNNB-1-3-20230512,2,1722625,Arthrocaulon macrostachyum,64.451607
RNNB-1-3-20230512,3,1722521,Salicornia perennis,63.671406
RNNB-1-3-20240117,1,1363302,Cyperus capitatus,53.283012
RNNB-1-3-20240117,2,1392324,Festuca occitanica,51.343452
RNNB-1-3-20240117,3,1361412,Sporobolus pungens,50.594723
RNNB-1-4-20230512,1,1722625,Arthrocaulon macrostachyum,64.687851
RNNB-1-4-20230512,2,1738887,Salicornia marshallii,64.259827
RNNB-1-4-20230512,3,1722521,Salicornia perennis,63.473236
RNNB-1-4-20240117,1,1357227,Anthemis maritima,62.717995
RNNB-1-4-20240117,2,1722672,Soliva stolonifera,60.704460
RNNB-1-4-20240117,3,1357236,Anthemis secundiramea,60.638542
RNNB-1-5-20230512,1,1722625,Arthrocaulon macrostachyum,64.653610
RNNB-1-5-20230512,2,1738887,Salicornia marshallii,63.801991
RNNB-1-5-20230512,3,1722522,Salicornia fruticosa,62.891026
RNNB-1-5-20240117,1,1722433,Calamagrostis arenaria,61.679333
RNNB-1-5-20240117,2,1363302,Cyperus capitatus,58.608532
RNNB-1-5-20240117,3,1393522,Leymus arenarius,56.633919
RNNB-1-6-20230512,1,1722522,Salicornia fruticosa,63.670425
RNNB-1-6-20230512,2,1722625,Arthrocaulon macrostachyum,63.627926
RNNB-1-6-20230512,3,1743297,Limonium fontqueri,62.765717
RNNB-1-6-20240117,1,1722433,Calamagrostis arenaria,61.794556
RNNB-1-6-20240117,2,1650228,Elymus athericus,57.740688
RNNB-1-6-20240117,3,1390761,Carex arenaria,57.572201
RNNB-1-7-20230512,1,1722625,Arthrocaulon macrostachyum,65.424843
RNNB-1-7-20230512,2,1722522,Salicornia fruticosa,63.845821
RNNB-1-7-20230512,3,1738887,Salicornia marshallii,63.601456
RNNB-1-7-20240117,1,1393522,Leymus arenarius,61.803669
RNNB-1-7-20240117,2,1722433,Calamagrostis arenaria,61.288651
RNNB-1-7-20240117,3,1731667,Sporobolus montevidensis,57.558643
RNNB-1-8-20230512,1,1722625,Arthrocaulon macrostachyum,64.525352
RNNB-1-8-20230512,2,1722522,Salicornia fruticosa,62.809166
RNNB-1-8-20230512,3,1722521,Salicornia perennis,62.660954
RNNB-1-8-20240117,1,1738610,Festuca fasciculata,61.941879
RNNB-1-8-20240117,2,1722437,Festuca membranacea,58.777161
RNNB-1-8-20240117,3,1722434,Festuca alopecuros,58.331783
RNNB-1-9-20230512,1,1722625,Arthrocaulon macrostachyum,66.230751
RNNB-1-9-20230512,2,1738887,Salicornia marshallii,64.859665
RNNB-1-9-20230512,3,1722522,Salicornia fruticosa,62.770245
RNNB-1-9-20240117,1,1722433,Calamagrostis arenaria,59.151161
RNNB-1-9-20240117,2,1722434,Festuca alopecuros,55.219540
RNNB-1-9-20240117,3,1361326,Macrochloa tenacissima,54.285244
RNNB-2-1-20230512,1,1722625,Arthrocaulon macrostachyum,64.575035
RNNB-2-1-20230512,2,1738887,Salicornia marshallii,64.046394
RNNB-2-1-20230512,3,1722522,Salicornia fruticosa,63.608475
RNNB-2-1-20240117,1,1357227,Anthemis maritima,69.230255
RNNB-2-1-20240117,2,1357236,Anthemis secundiramea,62.471687
RNNB-2-1-20240117,3,1408638,Argyranthemum frutescens,61.215881
RNNB-2-10-20230512,1,1360006,Limoniastrum monopetalum,62.942589
RNNB-2-10-20230512,2,1393568,Limonium obtusifolium,60.453453
RNNB-2-10-20230512,3,1743297,Limonium fontqueri,59.773613
RNNB-2-10-20240117,1,1357227,Anthemis maritima,69.383553
RNNB-2-10-20240117,2,1357236,Anthemis secundiramea,64.555832
RNNB-2-10-20240117,3,1722578,Daucus pumilus,61.133881
RNNB-2-2-20230512,1,1360006,Limoniastrum monopetalum,64.538216
RNNB-2-2-20230512,2,1722522,Salicornia fruticosa,64.473511
RNNB-2-2-20230512,3,1738887,Salicornia marshallii,64.126991
RNNB-2-2-20240117,1,1357227,Anthemis maritima,70.823143
RNNB-2-2-20240117,2,1359344,Medicago marina,65.985840
RNNB-2-2-20240117,3,1357236,Anthemis secundiramea,64.871460
RNNB-2-3-20230512,1,1360006,Limoniastrum monopetalum,62.147888
RNNB-2-3-20230512,2,1426004,Atriplex portulacoides,59.314930
RNNB-2-3-20230512,3,1452062,Suaeda vermiculata,59.034481
RNNB-2-3-20240117,1,1357227,Anthemis maritima,68.902374
RNNB-2-3-20240117,2,1357236,Anthemis secundiramea,62.910034
RNNB-2-3-20240117,3,1357514,Cladanthus mixtus,61.571106
RNNB-2-4-20230512,1,1360006,Limoniastrum monopetalum,65.481247
RNNB-2-4-20230512,2,1360676,Crithmum maritimum,61.729565
RNNB-2-4-20230512,3,1452062,Suaeda vermiculata,60.606583
RNNB-2-4-20240117,1,1357227,Anthemis maritima,67.548820
RNNB-2-4-20240117,2,1357236,Anthemis secundiramea,60.951851
RNNB-2-4-20240117,3,1360701,Echinophora spinosa,60.416473
RNNB-2-5-20230512,1,1360006,Limoniastrum monopetalum,62.403351
RNNB-2-5-20230512,2,1356086,Polygonum maritimum,59.610001
RNNB-2-5-20230512,3,1744361,Zygophyllum album,59.240246
RNNB-2-5-20240117,1,1357227,Anthemis maritima,67.797318
RNNB-2-5-20240117,2,1359344,Medicago marina,65.394775
RNNB-2-5-20240117,3,1357236,Anthemis secundiramea,61.742767
RNNB-2-6-20230512,1,1360006,Limoniastrum monopetalum,63.064552
RNNB-2-6-20230512,2,1743297,Limonium fontqueri,61.669991
RNNB-2-6-20230512,3,1357742,Pallenis maritima,60.896484
RNNB-2-6-20240117,1,1357227,Anthemis maritima,69.485641
RNNB-2-6-20240117,2,1357236,Anthemis secundiramea,65.813004
RNNB-2-6-20240117,3,1359344,Medicago marina,64.575294
RNNB-2-7-20230512,1,1360006,Limoniastrum monopetalum,64.990082
RNNB-2-7-20230512,2,1389328,Malephora crocea,59.914001
RNNB-2-7-20230512,3,1426005,Atriplex semibaccata,59.910820
RNNB-2-7-20240117,1,1357227,Anthemis maritima,66.819763
RNNB-2-7-20240117,2,1357236,Anthemis secundiramea,60.479336
RNNB-2-7-20240117,3,1393494,Leucanthemopsis alpina,59.735725
RNNB-2-8-20230512,1,1360006,Limoniastrum monopetalum,64.039230
RNNB-2-8-20230512,2,1356284,Atriplex halimus,60.991173
RNNB-2-8-20230512,3,1389328,Malephora crocea,60.122826
RNNB-2-8-20240117,1,1360701,Echinophora spinosa,67.590515
RNNB-2-8-20240117,2,1359344,Medicago marina,63.990059
RNNB-2-8-20240117,3,1360719,Eryngium maritimum,62.268837
RNNB-2-9-20230512,1,1360006,Limoniastrum monopetalum,64.267723
RNNB-2-9-20230512,2,1389328,Malephora crocea,60.418793
RNNB-2-9-20230512,3,1393568,Limonium obtusifolium,59.990753
RNNB-2-9-20240117,1,1357227,Anthemis maritima,67.912231
RNNB-2-9-20240117,2,1357236,Anthemis secundiramea,62.293457
RNNB-2-9-20240117,3,1408638,Argyranthemum frutescens,62.059155
RNNB-3-1-20230512,1,1359124,Astragalus hamosus,58.793262
RNNB-3-1-20230512,2,1357815,Reichardia picroides,58.449295
RNNB-3-1-20230512,3,1426004,Atriplex portulacoides,58.373749
RNNB-3-1-20240117,1,1359344,Medicago marina,64.735031
RNNB-3-1-20240117,2,1738652,Matthiola sinuata,62.030937
RNNB-3-1-20240117,3,1360381,Crucianella maritima,59.441685
RNNB-3-10-20230512,1,1393522,Leymus arenarius,63.809525
RNNB-3-10-20230512,2,1650228,Elymus athericus,61.543777
RNNB-3-10-20230512,3,1722433,Calamagrostis arenaria,59.219490
RNNB-3-10-20240117,1,1738652,Matthiola sinuata,61.404572
RNNB-3-10-20240117,2,1722501,Rumex spinosus,60.045227
RNNB-3-10-20240117,3,1743249,Matthiola tricuspidata,59.569962
RNNB-3-11-20230512,1,1393522,Leymus arenarius,61.605968
RNNB-3-11-20230512,2,1650228,Elymus athericus,59.487167
RNNB-3-11-20230512,3,1722433,Calamagrostis arenaria,59.004837
RNNB-3-12-20230512,1,1393522,Leymus arenarius,64.193436
RNNB-3-12-20230512,2,1650228,Elymus athericus,62.477577
RNNB-3-12-20230512,3,1358019,Ipomoea sagittata,61.199600
RNNB-3-2-20230512,1,1360006,Limoniastrum monopetalum,60.879906
RNNB-3-2-20230512,2,1360034,Limonium duriusculum,60.355843
RNNB-3-2-20230512,3,1356284,Atriplex halimus,60.349400
RNNB-3-2-20240117,1,1359344,Medicago marina,63.953598
RNNB-3-2-20240117,2,1722441,Thinopyrum junceum,59.458515
RNNB-3-2-20240117,3,1722578,Daucus pumilus,59.006222
RNNB-3-3-20240117,1,1359344,Medicago marina,65.056816
RNNB-3-3-20240117,2,1363302,Cyperus capitatus,62.251129
RNNB-3-3-20240117,3,1388812,Achillea maritima,59.131046
RNNB-3-4-20230512,1,1391596,Dactylorhiza majalis,61.088982
RNNB-3-4-20230512,2,1360006,Limoniastrum monopetalum,59.017838
RNNB-3-4-20230512,3,1426004,Atriplex portulacoides,58.862808
RNNB-3-4-20240117,1,1359344,Medicago marina,64.304489
RNNB-3-4-20240117,2,1357742,Pallenis maritima,64.060806
RNNB-3-4-20240117,3,1744033,Centaurea cordubensis,63.183720
RNNB-3-5-20230512,1,1650228,Elymus athericus,61.185684
RNNB-3-5-20230512,2,1722433,Calamagrostis arenaria,60.691257
RNNB-3-5-20230512,3,1393522,Leymus arenarius,58.787766
RNNB-3-5-20240117,1,1738652,Matthiola sinuata,62.492325
RNNB-3-5-20240117,2,1722501,Rumex spinosus,61.317131
RNNB-3-5-20240117,3,1356083,Rumex roseus,60.512333
RNNB-3-6-20230512,1,1393522,Leymus arenarius,62.288616
RNNB-3-6-20230512,2,1722433,Calamagrostis arenaria,61.409626
RNNB-3-6-20230512,3,1650228,Elymus athericus,60.394848
RNNB-3-6-20240117,1,1355977,Euphorbia paralias,63.507866
RNNB-3-6-20240117,2,1742109,Petrosedum sediforme,61.659447
RNNB-3-6-20240117,3,1357742,Pallenis maritima,61.293144
RNNB-3-7-20230512,1,1393522,Leymus arenarius,62.116695
RNNB-3-7-20230512,2,1650228,Elymus athericus,61.376514
RNNB-3-7-20230512,3,1722433,Calamagrostis arenaria,61.302528
RNNB-3-7-20240117,1,1359344,Medicago marina,65.567322
RNNB-3-7-20240117,2,1360978,Pancratium maritimum,63.865742
RNNB-3-7-20240117,3,1355977,Euphorbia paralias,62.300606
RNNB-3-8-20230512,1,1393522,Leymus arenarius,65.265549
RNNB-3-8-20230512,2,1650228,Elymus athericus,62.059311
RNNB-3-8-20230512,3,1722433,Calamagrostis arenaria,60.725178
RNNB-3-8-20240117,1,1359344,Medicago marina,63.341316
RNNB-3-8-20240117,2,1357049,Silene succulenta,58.842285
RNNB-3-8-20240117,3,1360978,Pancratium maritimum,57.274479
RNNB-3-9-20230512,1,1393522,Leymus arenarius,64.397484
RNNB-3-9-20230512,2,1650228,Elymus athericus,61.871185
RNNB-3-9-20230512,3,1722433,Calamagrostis arenaria,59.608772
RNNB-3-9-20240117,1,1360701,Echinophora spinosa,64.958351
RNNB-3-9-20240117,2,1360715,Eryngium dilatatum,60.796345
RNNB-3-9-20240117,3,1360711,Eryngium campestre,60.547764
RNNB-4-1-20240117,1,1359344,Medicago marina,62.833622
RNNB-4-1-20240117,2,1357769,Phagnalon rupestre,61.397057
RNNB-4-1-20240117,3,1518932,Santolina canescens,60.159763
RNNB-4-1-20240118,1,1356295,Reseda lutea,62.952175
RNNB-4-1-20240118,2,1392725,Helichrysum italicum,61.000961
RNNB-4-1-20240118,3,1393619,Logfia minima,60.281708
RNNB-4-10-20240117,1,1359344,Medicago marina,65.558891
RNNB-4-10-20240117,2,1363302,Cyperus capitatus,58.956444
RNNB-4-10-20240117,3,1722501,Rumex spinosus,58.119553
RNNB-4-10-20240118,1,1499749,Artemisia nesiotica,61.725594
RNNB-4-10-20240118,2,1397498,Silene otites,59.593510
RNNB-4-10-20240118,3,1357742,Pallenis maritima,59.479141
RNNB-4-2-20240117,1,1359344,Medicago marina,65.807343
RNNB-4-2-20240117,2,1357742,Pallenis maritima,58.436928
RNNB-4-2-20240117,3,1357212,Andryala ragusina,58.057915
RNNB-4-2-20240118,1,1393619,Logfia minima,61.034695
RNNB-4-2-20240118,2,1741601,Sporobolus aculeatus,58.239742
RNNB-4-2-20240118,3,1518245,Pseudognaphalium undulatum,58.011105
RNNB-4-3-20240117,1,1359344,Medicago marina,61.482056
RNNB-4-3-20240117,2,1722441,Thinopyrum junceum,60.427727
RNNB-4-3-20240117,3,1650228,Elymus athericus,57.911934
RNNB-4-3-20240118,1,1357026,Silene nutans,60.075600
RNNB-4-3-20240118,2,1357742,Pallenis maritima,58.183006
RNNB-4-3-20240118,3,1395606,Rubus scissus,56.749146
RNNB-4-4-20240117,1,1359344,Medicago marina,64.650818
RNNB-4-4-20240117,2,1738652,Matthiola sinuata,60.795769
RNNB-4-4-20240117,3,1398322,Aurinia sinuata,58.906101
RNNB-4-4-20240118,1,1357630,Helichrysum stoechas,60.937485
RNNB-4-4-20240118,2,1509616,Helichrysum pendulum,59.252491
RNNB-4-4-20240118,3,1392725,Helichrysum italicum,59.120918
RNNB-4-5-20240117,1,1357227,Anthemis maritima,65.005447
RNNB-4-5-20240117,2,1359344,Medicago marina,63.639046
RNNB-4-5-20240117,3,1647291,Limonium furfuraceum,62.287506
RNNB-4-5-20240118,1,1357630,Helichrysum stoechas,61.657932
RNNB-4-5-20240118,2,1393619,Logfia minima,61.579002
RNNB-4-5-20240118,3,1357742,Pallenis maritima,61.509071
RNNB-4-6-20240117,1,1359344,Medicago marina,65.453674
RNNB-4-6-20240117,2,1738652,Matthiola sinuata,61.197041
RNNB-4-6-20240117,3,1393770,Medicago littoralis,59.799980
RNNB-4-6-20240118,1,1357630,Helichrysum stoechas,59.115768
RNNB-4-6-20240118,2,1397320,Artemisia maritima,58.839508
RNNB-4-6-20240118,3,1363165,Suaeda maritima,58.049500
RNNB-4-7-20240117,1,1359344,Medicago marina,63.425732
RNNB-4-7-20240117,2,1722441,Thinopyrum junceum,60.440311
RNNB-4-7-20240117,3,1393770,Medicago littoralis,59.855194
RNNB-4-7-20240118,1,1499749,Artemisia nesiotica,62.319908
RNNB-4-7-20240118,2,1357630,Helichrysum stoechas,62.079155
RNNB-4-7-20240118,3,1393619,Logfia minima,61.185215
RNNB-4-8-20240117,1,1359344,Medicago marina,64.457886
RNNB-4-8-20240117,2,1355950,Scolymus maculatus,64.339081
RNNB-4-8-20240117,3,1357848,Scolymus hispanicus,63.421230
RNNB-4-8-20240118,1,1357630,Helichrysum stoechas,62.202484
RNNB-4-8-20240118,2,1392725,Helichrysum italicum,61.996780
RNNB-4-8-20240118,3,1499749,Artemisia nesiotica,60.196754
RNNB-4-9-20240117,1,1357848,Scolymus hispanicus,65.487984
RNNB-4-9-20240117,2,1359344,Medicago marina,65.338837
RNNB-4-9-20240117,3,1394057,Onopordum illyricum,62.176254
RNNB-4-9-20240118,1,1357705,Limbarda crithmoides,62.566750
RNNB-4-9-20240118,2,1397320,Artemisia maritima,62.270119
RNNB-4-9-20240118,3,1499749,Artemisia nesiotica,62.120163
RNNB-5-1-20240117,1,1360542,Verbascum sinuatum,63.964352
RNNB-5-1-20240117,2,1357630,Helichrysum stoechas,61.451126
RNNB-5-1-20240117,3,1357401,Centaurea aspera,59.799095
RNNB-5-1-20240118,1,1738652,Matthiola sinuata,60.001717
RNNB-5-1-20240118,2,1502707,Centaurea mariana,59.413544
RNNB-5-1-20240118,3,1392725,Helichrysum italicum,59.337166
RNNB-5-10-20240117,1,1357742,Pallenis maritima,62.225639
RNNB-5-10-20240117,2,1362333,Matthiola perennis,59.648293
RNNB-5-10-20240117,3,1738652,Matthiola sinuata,59.506771
RNNB-5-10-20240118,1,1499749,Artemisia nesiotica,62.038284
RNNB-5-10-20240118,2,1392725,Helichrysum italicum,60.047554
RNNB-5-10-20240118,3,1357630,Helichrysum stoechas,59.775043
RNNB-5-2-20240117,1,1363433,Lagurus ovatus,63.379383
RNNB-5-2-20240117,2,1357630,Helichrysum stoechas,62.776951
RNNB-5-2-20240117,3,1392725,Helichrysum italicum,62.645683
RNNB-5-2-20240118,1,1393619,Logfia minima,63.041782
RNNB-5-2-20240118,2,1518932,Santolina canescens,59.970119
RNNB-5-2-20240118,3,1392725,Helichrysum italicum,59.083652
RNNB-5-3-20240117,1,1357630,Helichrysum stoechas,64.404533
RNNB-5-3-20240117,2,1392725,Helichrysum italicum,63.749126
RNNB-5-3-20240117,3,1360542,Verbascum sinuatum,63.624901
RNNB-5-3-20240118,1,1499749,Artemisia nesiotica,61.436314
RNNB-5-3-20240118,2,1722501,Rumex spinosus,57.200157
RNNB-5-3-20240118,3,1502610,Centaurea horrida,55.872208
RNNB-5-4-20240117,1,1357630,Helichrysum stoechas,64.255219
RNNB-5-4-20240117,2,1392725,Helichrysum italicum,63.128609
RNNB-5-4-20240117,3,1564354,Teucrium libanitis,62.339359
RNNB-5-4-20240118,1,1392725,Helichrysum italicum,62.003670
RNNB-5-4-20240118,2,1357630,Helichrysum stoechas,61.587227
RNNB-5-4-20240118,3,1393619,Logfia minima,60.520363
RNNB-5-5-20240117,1,1518245,Pseudognaphalium undulatum,63.266754
RNNB-5-5-20240117,2,1357630,Helichrysum stoechas,63.121529
RNNB-5-5-20240117,3,1357771,Phagnalon sordidum,62.920876
RNNB-5-5-20240118,1,1499749,Artemisia nesiotica,64.134506
RNNB-5-5-20240118,2,1357630,Helichrysum stoechas,62.511703
RNNB-5-5-20240118,3,1392725,Helichrysum italicum,61.300064
RNNB-5-6-20240117,1,1357630,Helichrysum stoechas,64.804955
RNNB-5-6-20240117,2,1360542,Verbascum sinuatum,64.341187
RNNB-5-6-20240117,3,1392725,Helichrysum italicum,63.514618
RNNB-5-6-20240118,1,1392725,Helichrysum italicum,60.892445
RNNB-5-6-20240118,2,1357630,Helichrysum stoechas,60.819195
RNNB-5-6-20240118,3,1499749,Artemisia nesiotica,60.710445
RNNB-5-7-20240117,1,1357453,Centaurea seridis,63.058853
RNNB-5-7-20240117,2,1360542,Verbascum sinuatum,62.747303
RNNB-5-7-20240117,3,1357401,Centaurea aspera,61.775726
RNNB-5-7-20240118,1,1355950,Scolymus maculatus,59.689255
RNNB-5-7-20240118,2,1362038,Jacobaea maritima,59.143303
RNNB-5-7-20240118,3,1499749,Artemisia nesiotica,58.964043
RNNB-5-8-20240117,1,1396197,Senecio inaequidens,62.912193
RNNB-5-8-20240117,2,1357227,Anthemis maritima,60.976936
RNNB-5-8-20240117,3,1357401,Centaurea aspera,59.757965
RNNB-5-8-20240118,1,1390966,Catapodium marinum,54.633564
RNNB-5-8-20240118,2,1722433,Calamagrostis arenaria,54.510876
RNNB-5-8-20240118,3,1741614,Thinopyrum obtusiflorum,54.120186
RNNB-5-9-20240117,1,1396197,Senecio inaequidens,63.912819
RNNB-5-9-20240117,2,1393770,Medicago littoralis,57.792641
RNNB-5-9-20240117,3,1741619,Cynanchica aristata,57.760773
RNNB-5-9-20240118,1,1394643,Antennaria dioica,57.949402
RNNB-5-9-20240118,2,1722433,Calamagrostis arenaria,56.735504
RNNB-5-9-20240118,3,1363526,Cynodon dactylon,55.768513
RNNB-6-1-20240117,1,1356951,Silene andryalifolia,61.063797
RNNB-6-1-20240117,2,1493539,Silene legionensis,60.015720
RNNB-6-1-20240117,3,1393770,Medicago littoralis,59.283760
RNNB-6-1-20240118,1,1361412,Sporobolus pungens,58.420086
RNNB-6-1-20240118,2,1397398,Helichrysum arenarium,58.113861
RNNB-6-1-20240118,3,1512544,Jacobaea boissieri,57.707260
RNNB-6-10-20240117,1,1357401,Centaurea aspera,61.006470
RNNB-6-10-20240117,2,1356149,Datura ferox,58.557209
RNNB-6-10-20240117,3,1391122,Cheirolophus intybaceus,58.075603
RNNB-6-10-20240118,1,1362038,Jacobaea maritima,60.975590
RNNB-6-10-20240118,2,1396726,Teucrium dunense,60.886150
RNNB-6-10-20240118,3,1392725,Helichrysum italicum,60.882698
RNNB-6-2-20240117,1,1363526,Cynodon dactylon,57.604107
RNNB-6-2-20240117,2,1360035,Limonium echioides,57.207951
RNNB-6-2-20240117,3,1743297,Limonium fontqueri,57.010147
RNNB-6-2-20240118,1,1357962,Volutaria tubuliflora,60.902252
RNNB-6-2-20240118,2,1722578,Daucus pumilus,59.188568
RNNB-6-2-20240118,3,1361412,Sporobolus pungens,57.333088
RNNB-6-3-20240117,1,1738652,Matthiola sinuata,60.609116
RNNB-6-3-20240117,2,1362333,Matthiola perennis,60.333351
RNNB-6-3-20240117,3,1512544,Jacobaea boissieri,59.849537
RNNB-6-3-20240118,1,1361412,Sporobolus pungens,62.472534
RNNB-6-3-20240118,2,1361996,Gazania rigens,60.245029
RNNB-6-3-20240118,3,1361127,Aeluropus littoralis,59.428387
RNNB-6-4-20240117,1,1393771,Medicago monspeliaca,59.419884
RNNB-6-4-20240117,2,1357401,Centaurea aspera,59.137367
RNNB-6-4-20240117,3,1398322,Aurinia sinuata,58.810310
RNNB-6-4-20240118,1,1722578,Daucus pumilus,58.388218
RNNB-6-4-20240118,2,1361926,Scabiosa columbaria,58.212994
RNNB-6-4-20240118,3,1357212,Andryala ragusina,58.122547
RNNB-6-5-20240117,1,1360701,Echinophora spinosa,60.399986
RNNB-6-5-20240117,2,1360978,Pancratium maritimum,60.158195
RNNB-6-5-20240117,3,1363544,Dactyloctenium aegyptium,59.246563
RNNB-6-5-20240118,1,1722433,Calamagrostis arenaria,60.422615
RNNB-6-5-20240118,2,1397398,Helichrysum arenarium,59.650230
RNNB-6-5-20240118,3,1744602,Alyssum gallaecicum,58.824680
RNNB-6-6-20240117,1,1743750,Iberodes littoralis,58.639050
RNNB-6-6-20240117,2,1363526,Cynodon dactylon,58.599842
RNNB-6-6-20240117,3,1361412,Sporobolus pungens,57.630512
RNNB-6-6-20240118,1,1357771,Phagnalon sordidum,60.692108
RNNB-6-6-20240118,2,1398322,Aurinia sinuata,60.261101
RNNB-6-6-20240118,3,1396726,Teucrium dunense,59.935951
RNNB-6-7-20240117,1,1738652,Matthiola sinuata,59.775105
RNNB-6-7-20240117,2,1362333,Matthiola perennis,59.254860
RNNB-6-7-20240117,3,1361412,Sporobolus pungens,58.471451
RNNB-6-7-20240118,1,1392725,Helichrysum italicum,63.289383
RNNB-6-7-20240118,2,1357630,Helichrysum stoechas,62.833519
RNNB-6-7-20240118,3,1499749,Artemisia nesiotica,61.705448
RNNB-6-8-20240117,1,1355950,Scolymus maculatus,63.464287
RNNB-6-8-20240117,2,1357848,Scolymus hispanicus,61.509762
RNNB-6-8-20240117,3,1360701,Echinophora spinosa,59.357338
RNNB-6-8-20240118,1,1392725,Helichrysum italicum,61.478741
RNNB-6-8-20240118,2,1357630,Helichrysum stoechas,60.900814
RNNB-6-8-20240118,3,1499749,Artemisia nesiotica,60.480583
RNNB-6-9-20240117,1,1363526,Cynodon dactylon,58.566971
RNNB-6-9-20240117,2,1396955,Urospermum dalechampii,58.301399
RNNB-6-9-20240117,3,1744055,Centaurea francoi,58.290367
RNNB-6-9-20240118,1,1357630,Helichrysum stoechas,61.676056
RNNB-6-9-20240118,2,1357742,Pallenis maritima,60.773315
RNNB-6-9-20240118,3,1398786,Lavandula lanata,58.999977
RNNB-7-1-20240118,1,1738652,Matthiola sinuata,62.209866
RNNB-7-1-20240118,2,1362333,Matthiola perennis,61.303879
RNNB-7-1-20240118,3,1743249,Matthiola tricuspidata,60.226601
RNNB-7-10-20240118,1,1392725,Helichrysum italicum,63.180202
RNNB-7-10-20240118,2,1356951,Silene andryalifolia,62.269112
RNNB-7-10-20240118,3,1357742,Pallenis maritima,62.106819
RNNB-7-2-20240118,1,1357630,Helichrysum stoechas,59.839535
RNNB-7-2-20240118,2,1361412,Sporobolus pungens,59.437481
RNNB-7-2-20240118,3,1392725,Helichrysum italicum,58.878288
RNNB-7-3-20240118,1,1361412,Sporobolus pungens,58.763218
RNNB-7-3-20240118,2,1499749,Artemisia nesiotica,58.035736
RNNB-7-3-20240118,3,1392725,Helichrysum italicum,57.858093
RNNB-7-4-20240118,1,1361412,Sporobolus pungens,58.745964
RNNB-7-4-20240118,2,1417758,Ammobium alatum,56.874710
RNNB-7-4-20240118,3,1363610,Kalanchoe delagoensis,55.898388
RNNB-7-5-20240118,1,1398821,Santolina impressa,64.747299
RNNB-7-5-20240118,2,1396726,Teucrium dunense,62.097401
RNNB-7-5-20240118,3,1361412,Sporobolus pungens,61.742031
RNNB-7-6-20240118,1,1392725,Helichrysum italicum,62.152569
RNNB-7-6-20240118,2,1357630,Helichrysum stoechas,60.552860
RNNB-7-6-20240118,3,1499749,Artemisia nesiotica,59.955627
RNNB-7-7-20240118,1,1396726,Teucrium dunense,59.956940
RNNB-7-7-20240118,2,1394414,Parapholis incurva,58.566448
RNNB-7-7-20240118,3,1361412,Sporobolus pungens,58.400536
RNNB-7-8-20240118,1,1361412,Sporobolus pungens,60.084141
RNNB-7-8-20240118,2,1394416,Parapholis strigosa,58.189255
RNNB-7-8-20240118,3,1357962,Volutaria tubuliflora,57.092319
RNNB-7-9-20240118,1,1361412,Sporobolus pungens,57.447098
RNNB-7-9-20240118,2,1491329,Dipsacus comosus,56.840164
RNNB-7-9-20240118,3,1357742,Pallenis maritima,55.819515
RNNB-8-1-20240118,1,1359344,Medicago marina,65.442146
RNNB-8-1-20240118,2,1360381,Crucianella maritima,61.558037
RNNB-8-1-20240118,3,1359297,Lotus creticus,61.031219
RNNB-8-10-20240118,1,1361412,Sporobolus pungens,63.884033
RNNB-8-10-20240118,2,1363302,Cyperus capitatus,61.165081
RNNB-8-10-20240118,3,1390761,Carex arenaria,58.458378
RNNB-8-2-20240118,1,1357227,Anthemis maritima,62.343277
RNNB-8-2-20240118,2,1397320,Artemisia maritima,59.997993
RNNB-8-2-20240118,3,1390966,Catapodium marinum,58.969189
RNNB-8-3-20240118,1,1364100,Silybum marianum,61.819649
RNNB-8-3-20240118,2,1357871,Silybum eburneum,59.873940
RNNB-8-3-20240118,3,1722433,Calamagrostis arenaria,58.858261
RNNB-8-4-20240118,1,1361412,Sporobolus pungens,58.612213
RNNB-8-4-20240118,2,1722441,Thinopyrum junceum,58.353729
RNNB-8-4-20240118,3,1390761,Carex arenaria,57.543034
RNNB-8-5-20240118,1,1359344,Medicago marina,65.095810
RNNB-8-5-20240118,2,1393770,Medicago littoralis,58.054161
RNNB-8-5-20240118,3,1359297,Lotus creticus,57.265476
RNNB-8-6-20240118,1,1359344,Medicago marina,65.349068
RNNB-8-6-20240118,2,1393770,Medicago littoralis,60.552124
RNNB-8-6-20240118,3,1393619,Logfia minima,59.183102
RNNB-8-7-20240118,1,1355950,Scolymus maculatus,65.360298
RNNB-8-7-20240118,2,1359344,Medicago marina,65.139259
RNNB-8-7-20240118,3,1357227,Anthemis maritima,64.406708
RNNB-8-8-20240118,1,1357227,Anthemis maritima,67.214577
RNNB-8-8-20240118,2,1359344,Medicago marina,66.126999
RNNB-8-8-20240118,3,1360381,Crucianella maritima,63.769554
RNNB-8-9-20240118,1,1359344,Medicago marina,64.707214
RNNB-8-9-20240118,2,1360381,Crucianella maritima,63.295387
RNNB-8-9-20240118,3,1359297,Lotus creticus,62.642776
