image_name,rank,species_id,species_name,logit_score
2024-CEV3-20240602,1,1395045,Ranunculus aconitifolius,65.226852
2024-CEV3-20240602,2,1362443,Dactylorhiza maculata,62.075424
2024-CEV3-20240602,3,1360203,Ranunculus flammula,61.891228
CBN-PdlC-A1-20130807,1,1392608,Geum montanum,61.801891
CBN-PdlC-A1-20130807,2,1412857,Omalotheca supina,61.580742
CBN-PdlC-A1-20130807,3,1395807,Salix herbacea,60.776352
CBN-PdlC-A1-20130903,1,1396144,Sedum alpestre,64.069519
CBN-PdlC-A1-20130903,2,1412857,Omalotheca supina,63.014713
CBN-PdlC-A1-20130903,3,1742053,Omalotheca hoppeana,62.771751
CBN-PdlC-A1-20140721,1,1392608,Geum montanum,65.559135
CBN-PdlC-A1-20140721,2,1396144,Sedum alpestre,63.555550
CBN-PdlC-A1-20140721,3,1412857,Omalotheca supina,63.308823
CBN-PdlC-A1-20140811,1,1392608,Geum montanum,64.758858
CBN-PdlC-A1-20140811,2,1396144,Sedum alpestre,64.416435
CBN-PdlC-A1-20140811,3,1412857,Omalotheca supina,64.153503
CBN-PdlC-A1-20140901,1,1392608,Geum montanum,62.804588
CBN-PdlC-A1-20140901,2,1361367,Poa alpina,61.267838
CBN-PdlC-A1-20140901,3,1412857,Omalotheca supina,61.067101
CBN-PdlC-A1-20150701,1,1392608,Geum montanum,61.178726
CBN-PdlC-A1-20150701,2,1356422,Botrychium lunaria,60.305405
CBN-PdlC-A1-20150701,3,1396253,Sibbaldia procumbens,59.565720
CBN-PdlC-A1-20150720,1,1392608,Geum montanum,65.636368
CBN-PdlC-A1-20150720,2,1392534,Gentiana acaulis,65.121948
CBN-PdlC-A1-20150720,3,1394311,Oreochloa disticha,65.104111
CBN-PdlC-A1-20150831,1,1392608,Geum montanum,63.937317
CBN-PdlC-A1-20150831,2,1396843,Trifolium alpinum,63.895203
CBN-PdlC-A1-20150831,3,1742053,Omalotheca hoppeana,63.841343
CBN-PdlC-A1-20160705,1,1412857,Omalotheca supina,63.009357
CBN-PdlC-A1-20160705,2,1392608,Geum montanum,62.719765
CBN-PdlC-A1-20160705,3,1394911,Primula integrifolia,62.617023
CBN-PdlC-A1-20160726,1,1392534,Gentiana acaulis,64.703003
CBN-PdlC-A1-20160726,2,1392535,Gentiana alpina,63.414230
CBN-PdlC-A1-20160726,3,1394911,Primula integrifolia,62.209084
CBN-PdlC-A1-20170816,1,1392534,Gentiana acaulis,62.077484
CBN-PdlC-A1-20170816,2,1412857,Omalotheca supina,61.624168
CBN-PdlC-A1-20170816,3,1361367,Poa alpina,61.214211
CBN-PdlC-A1-20170906,1,1392534,Gentiana acaulis,65.752777
CBN-PdlC-A1-20170906,2,1412857,Omalotheca supina,64.842308
CBN-PdlC-A1-20170906,3,1742053,Omalotheca hoppeana,62.072460
CBN-PdlC-A1-20180702,1,1394911,Primula integrifolia,60.287228
CBN-PdlC-A1-20180702,2,1412857,Omalotheca supina,59.243313
CBN-PdlC-A1-20180702,3,1392541,Gentiana brachyphylla,57.193256
CBN-PdlC-A1-20180815,1,1412857,Omalotheca supina,64.546417
CBN-PdlC-A1-20180815,2,1742053,Omalotheca hoppeana,60.432541
CBN-PdlC-A1-20180815,3,1361367,Poa alpina,59.816368
CBN-PdlC-A1-20180905,1,1412857,Omalotheca supina,63.818436
CBN-PdlC-A1-20180905,2,1392608,Geum montanum,63.091572
CBN-PdlC-A1-20180905,3,1396253,Sibbaldia procumbens,62.615723
CBN-PdlC-A1-20190701,1,1742053,Omalotheca hoppeana,59.589291
CBN-PdlC-A1-20190701,2,1392534,Gentiana acaulis,57.797276
CBN-PdlC-A1-20190701,3,1412857,Omalotheca supina,57.711418
CBN-PdlC-A1-20190722,1,1392608,Geum montanum,65.275482
CBN-PdlC-A1-20190722,2,1396843,Trifolium alpinum,63.299179
CBN-PdlC-A1-20190722,3,1361367,Poa alpina,61.330727
CBN-PdlC-A1-20190812,1,1412857,Omalotheca supina,64.295059
CBN-PdlC-A1-20190812,2,1392608,Geum montanum,63.530174
CBN-PdlC-A1-20190812,3,1742053,Omalotheca hoppeana,62.900242
CBN-PdlC-A1-20190909,1,1392608,Geum montanum,62.580006
CBN-PdlC-A1-20190909,2,1392534,Gentiana acaulis,60.706310
CBN-PdlC-A1-20190909,3,1742052,Leontopodium nivale,60.541481
CBN-PdlC-A1-20200629,1,1356337,Adiantum capillus-veneris,56.890194
CBN-PdlC-A1-20200629,2,1361801,Vaccinium myrtillus,55.586391
CBN-PdlC-A1-20200629,3,1389368,Adiantum raddianum,54.827934
CBN-PdlC-A1-20200722,1,1392534,Gentiana acaulis,65.335495
CBN-PdlC-A1-20200722,2,1392535,Gentiana alpina,64.346199
CBN-PdlC-A1-20200722,3,1392608,Geum montanum,63.972477
CBN-PdlC-A1-20200812,1,1412857,Omalotheca supina,65.641846
CBN-PdlC-A1-20200812,2,1392535,Gentiana alpina,64.691040
CBN-PdlC-A1-20200812,3,1392608,Geum montanum,64.098946
CBN-PdlC-A2-20130807,1,1393200,Homogyne alpina,63.651047
CBN-PdlC-A2-20130807,2,1412857,Omalotheca supina,63.209709
CBN-PdlC-A2-20130807,3,1394911,Primula integrifolia,62.738541
CBN-PdlC-A2-20130903,1,1393200,Homogyne alpina,62.431343
CBN-PdlC-A2-20130903,2,1742053,Omalotheca hoppeana,59.702408
CBN-PdlC-A2-20130903,3,1396253,Sibbaldia procumbens,59.597588
CBN-PdlC-A2-20140721,1,1396144,Sedum alpestre,66.027657
CBN-PdlC-A2-20140721,2,1396253,Sibbaldia procumbens,62.279922
CBN-PdlC-A2-20140721,3,1397491,Sedum atratum,60.981331
CBN-PdlC-A2-20140901,1,1396253,Sibbaldia procumbens,62.519558
CBN-PdlC-A2-20140901,2,1412857,Omalotheca supina,60.965923
CBN-PdlC-A2-20140901,3,1394643,Antennaria dioica,60.463387
CBN-PdlC-A2-20150720,1,1393200,Homogyne alpina,66.501541
CBN-PdlC-A2-20150720,2,1412857,Omalotheca supina,63.753853
CBN-PdlC-A2-20150720,3,1742053,Omalotheca hoppeana,63.479088
CBN-PdlC-A2-20150810,1,1393200,Homogyne alpina,63.306038
CBN-PdlC-A2-20150810,2,1412857,Omalotheca supina,63.262524
CBN-PdlC-A2-20150810,3,1742053,Omalotheca hoppeana,62.458374
CBN-PdlC-A2-20150831,1,1393200,Homogyne alpina,65.233009
CBN-PdlC-A2-20150831,2,1412857,Omalotheca supina,65.184883
CBN-PdlC-A2-20150831,3,1396253,Sibbaldia procumbens,64.243156
CBN-PdlC-A2-20160705,1,1393200,Homogyne alpina,65.257614
CBN-PdlC-A2-20160705,2,1396253,Sibbaldia procumbens,64.251427
CBN-PdlC-A2-20160705,3,1412857,Omalotheca supina,63.158623
CBN-PdlC-A2-20160726,1,1392535,Gentiana alpina,67.764755
CBN-PdlC-A2-20160726,2,1393200,Homogyne alpina,66.906464
CBN-PdlC-A2-20160726,3,1412857,Omalotheca supina,64.258568
CBN-PdlC-A2-20170816,1,1393200,Homogyne alpina,63.649181
CBN-PdlC-A2-20170816,2,1412857,Omalotheca supina,63.560585
CBN-PdlC-A2-20170816,3,1395807,Salix herbacea,63.315941
CBN-PdlC-A2-20180702,1,1412241,Hepatica nobilis,59.804047
CBN-PdlC-A2-20180702,2,1396144,Sedum alpestre,58.897743
CBN-PdlC-A2-20180702,3,1360981,Sternbergia colchiciflora,58.888458
CBN-PdlC-A2-20180723,1,1393200,Homogyne alpina,67.538658
CBN-PdlC-A2-20180723,2,1396144,Sedum alpestre,63.690495
CBN-PdlC-A2-20180723,3,1395807,Salix herbacea,59.874695
CBN-PdlC-A2-20180815,1,1412857,Omalotheca supina,65.258186
CBN-PdlC-A2-20180815,2,1396253,Sibbaldia procumbens,63.406906
CBN-PdlC-A2-20180815,3,1742053,Omalotheca hoppeana,62.871925
CBN-PdlC-A2-20180905,1,1412857,Omalotheca supina,65.450127
CBN-PdlC-A2-20180905,2,1396144,Sedum alpestre,63.650490
CBN-PdlC-A2-20180905,3,1742053,Omalotheca hoppeana,63.574902
CBN-PdlC-A2-20190701,1,1393200,Homogyne alpina,61.597389
CBN-PdlC-A2-20190701,2,1651061,Festuca clementei,58.982079
CBN-PdlC-A2-20190701,3,1394643,Antennaria dioica,58.413536
CBN-PdlC-A2-20190722,1,1392534,Gentiana acaulis,64.102951
CBN-PdlC-A2-20190722,2,1393200,Homogyne alpina,63.935097
CBN-PdlC-A2-20190722,3,1396253,Sibbaldia procumbens,63.512012
CBN-PdlC-A2-20190812,1,1396253,Sibbaldia procumbens,63.000999
CBN-PdlC-A2-20190812,2,1412857,Omalotheca supina,62.416100
CBN-PdlC-A2-20190812,3,1393200,Homogyne alpina,61.929993
CBN-PdlC-A2-20190909,1,1742053,Omalotheca hoppeana,63.579971
CBN-PdlC-A2-20190909,2,1412857,Omalotheca supina,62.490036
CBN-PdlC-A2-20190909,3,1395807,Salix herbacea,60.763149
CBN-PdlC-A2-20200629,1,1394065,Ophioglossum azoricum,54.433197
CBN-PdlC-A2-20200629,2,1361113,Lemna minor,53.770111
CBN-PdlC-A2-20200629,3,1388766,Botrychium simplex,53.590630
CBN-PdlC-A2-20200722,1,1393200,Homogyne alpina,64.876236
CBN-PdlC-A2-20200722,2,1392534,Gentiana acaulis,64.582191
CBN-PdlC-A2-20200722,3,1396253,Sibbaldia procumbens,63.422260
CBN-PdlC-A2-20200812,1,1392534,Gentiana acaulis,65.825058
CBN-PdlC-A2-20200812,2,1393200,Homogyne alpina,63.597107
CBN-PdlC-A2-20200812,3,1396253,Sibbaldia procumbens,63.270203
CBN-PdlC-A3-20130807,1,1399800,Pinguicula nevadensis,62.826668
CBN-PdlC-A3-20130807,2,1394597,Pinguicula corsica,61.963161
CBN-PdlC-A3-20130807,3,1744235,Pinguicula mundi,61.938080
CBN-PdlC-A3-20130903,1,1392608,Geum montanum,64.438881
CBN-PdlC-A3-20130903,2,1742053,Omalotheca hoppeana,62.132458
CBN-PdlC-A3-20130903,3,1412857,Omalotheca supina,61.965763
CBN-PdlC-A3-20140721,1,1393200,Homogyne alpina,64.717545
CBN-PdlC-A3-20140721,2,1396144,Sedum alpestre,63.267487
CBN-PdlC-A3-20140721,3,1392608,Geum montanum,61.490253
CBN-PdlC-A3-20140811,1,1393200,Homogyne alpina,66.298775
CBN-PdlC-A3-20140811,2,1392608,Geum montanum,65.131966
CBN-PdlC-A3-20140811,3,1396144,Sedum alpestre,64.951126
CBN-PdlC-A3-20140901,1,1412857,Omalotheca supina,63.439579
CBN-PdlC-A3-20140901,2,1393200,Homogyne alpina,62.731918
CBN-PdlC-A3-20140901,3,1742053,Omalotheca hoppeana,61.983730
CBN-PdlC-A3-20150701,1,1396144,Sedum alpestre,64.085197
CBN-PdlC-A3-20150701,2,1393200,Homogyne alpina,63.685658
CBN-PdlC-A3-20150701,3,1392608,Geum montanum,62.820969
CBN-PdlC-A3-20150720,1,1393200,Homogyne alpina,66.158218
CBN-PdlC-A3-20150720,2,1392608,Geum montanum,63.235626
CBN-PdlC-A3-20150720,3,1396144,Sedum alpestre,62.100723
CBN-PdlC-A3-20150810,1,1393200,Homogyne alpina,65.287857
CBN-PdlC-A3-20150810,2,1396144,Sedum alpestre,63.805130
CBN-PdlC-A3-20150810,3,1412857,Omalotheca supina,63.318329
CBN-PdlC-A3-20150831,1,1393200,Homogyne alpina,66.750145
CBN-PdlC-A3-20150831,2,1396144,Sedum alpestre,66.668503
CBN-PdlC-A3-20150831,3,1412857,Omalotheca supina,64.541374
CBN-PdlC-A3-20160705,1,1393200,Homogyne alpina,64.086243
CBN-PdlC-A3-20160705,2,1412857,Omalotheca supina,62.968193
CBN-PdlC-A3-20160705,3,1392608,Geum montanum,62.487083
CBN-PdlC-A3-20160726,1,1393200,Homogyne alpina,65.141670
CBN-PdlC-A3-20160726,2,1392534,Gentiana acaulis,64.797852
CBN-PdlC-A3-20160726,3,1412857,Omalotheca supina,64.352036
CBN-PdlC-A3-20170816,1,1396144,Sedum alpestre,64.537354
CBN-PdlC-A3-20170816,2,1393200,Homogyne alpina,62.356007
CBN-PdlC-A3-20170816,3,1412857,Omalotheca supina,61.817696
CBN-PdlC-A3-20170906,1,1396144,Sedum alpestre,65.030533
CBN-PdlC-A3-20170906,2,1393200,Homogyne alpina,64.684189
CBN-PdlC-A3-20170906,3,1412857,Omalotheca supina,64.683296
CBN-PdlC-A3-20180702,1,1394643,Antennaria dioica,59.086933
CBN-PdlC-A3-20180702,2,1412857,Omalotheca supina,59.058945
CBN-PdlC-A3-20180702,3,1399798,Pinguicula dertosensis,58.082851
CBN-PdlC-A3-20180723,1,1393200,Homogyne alpina,64.533623
CBN-PdlC-A3-20180723,2,1392608,Geum montanum,61.391155
CBN-PdlC-A3-20180723,3,1412857,Omalotheca supina,60.545822
CBN-PdlC-A3-20180815,1,1393200,Homogyne alpina,62.696102
CBN-PdlC-A3-20180815,2,1742053,Omalotheca hoppeana,62.082893
CBN-PdlC-A3-20180815,3,1412857,Omalotheca supina,61.401539
CBN-PdlC-A3-20180905,1,1412857,Omalotheca supina,65.281158
CBN-PdlC-A3-20180905,2,1393200,Homogyne alpina,63.155373
CBN-PdlC-A3-20180905,3,1742053,Omalotheca hoppeana,62.670208
CBN-PdlC-A3-20190701,1,1393200,Homogyne alpina,63.700699
CBN-PdlC-A3-20190701,2,1397535,Gentiana verna,59.255699
CBN-PdlC-A3-20190701,3,1392534,Gentiana acaulis,58.925308
CBN-PdlC-A3-20190722,1,1393200,Homogyne alpina,65.661629
CBN-PdlC-A3-20190722,2,1392608,Geum montanum,63.203011
CBN-PdlC-A3-20190722,3,1412857,Omalotheca supina,63.195507
CBN-PdlC-A3-20190812,1,1393200,Homogyne alpina,63.909157
CBN-PdlC-A3-20190812,2,1742053,Omalotheca hoppeana,63.352337
CBN-PdlC-A3-20190812,3,1412857,Omalotheca supina,63.082771
CBN-PdlC-A3-20190909,1,1412857,Omalotheca supina,65.104973
CBN-PdlC-A3-20190909,2,1742053,Omalotheca hoppeana,63.057304
CBN-PdlC-A3-20190909,3,1393200,Homogyne alpina,62.195171
CBN-PdlC-A3-20200629,1,1359750,Oxalis acetosella,53.805016
CBN-PdlC-A3-20200629,2,1517561,Pilosella officinarum,53.279804
CBN-PdlC-A3-20200629,3,1743903,Androsace delphinensis,52.910576
CBN-PdlC-A3-20200722,1,1393200,Homogyne alpina,67.137642
CBN-PdlC-A3-20200722,2,1412857,Omalotheca supina,62.036888
CBN-PdlC-A3-20200722,3,1392608,Geum montanum,61.408997
CBN-PdlC-A3-20200812,1,1742053,Omalotheca hoppeana,67.493317
CBN-PdlC-A3-20200812,2,1412857,Omalotheca supina,66.696693
CBN-PdlC-A3-20200812,3,1393200,Homogyne alpina,66.594894
CBN-PdlC-A4-20130807,1,1393200,Homogyne alpina,63.441093
CBN-PdlC-A4-20130807,2,1392608,Geum montanum,62.181103
CBN-PdlC-A4-20130807,3,1397475,Rhododendron ferrugineum,61.603504
CBN-PdlC-A4-20130903,1,1393200,Homogyne alpina,66.089424
CBN-PdlC-A4-20130903,2,1397475,Rhododendron ferrugineum,63.646744
CBN-PdlC-A4-20130903,3,1392608,Geum montanum,62.237221
CBN-PdlC-A4-20140811,1,1393200,Homogyne alpina,68.772751
CBN-PdlC-A4-20140811,2,1392608,Geum montanum,65.284546
CBN-PdlC-A4-20140811,3,1396843,Trifolium alpinum,64.060287
CBN-PdlC-A4-20140901,1,1393200,Homogyne alpina,65.095535
CBN-PdlC-A4-20140901,2,1397475,Rhododendron ferrugineum,64.155472
CBN-PdlC-A4-20140901,3,1392608,Geum montanum,62.016148
CBN-PdlC-A4-20150701,1,1393200,Homogyne alpina,67.160065
CBN-PdlC-A4-20150701,2,1396144,Sedum alpestre,63.142559
CBN-PdlC-A4-20150701,3,1397475,Rhododendron ferrugineum,61.744186
CBN-PdlC-A4-20150810,1,1393200,Homogyne alpina,66.606842
CBN-PdlC-A4-20150810,2,1390674,Campanula scheuchzeri,64.155037
CBN-PdlC-A4-20150810,3,1392608,Geum montanum,63.959496
CBN-PdlC-A4-20150831,1,1393200,Homogyne alpina,67.677460
CBN-PdlC-A4-20150831,2,1396144,Sedum alpestre,64.640800
CBN-PdlC-A4-20150831,3,1392608,Geum montanum,63.105774
CBN-PdlC-A4-20160705,1,1393200,Homogyne alpina,67.058586
CBN-PdlC-A4-20160705,2,1397475,Rhododendron ferrugineum,63.242718
CBN-PdlC-A4-20160705,3,1397500,Soldanella alpina,60.454826
CBN-PdlC-A4-20160726,1,1393200,Homogyne alpina,68.690369
CBN-PdlC-A4-20160726,2,1396144,Sedum alpestre,66.381180
CBN-PdlC-A4-20160726,3,1392608,Geum montanum,63.163780
CBN-PdlC-A4-20170816,1,1742053,Omalotheca hoppeana,61.462700
CBN-PdlC-A4-20170816,2,1396144,Sedum alpestre,60.119259
CBN-PdlC-A4-20170816,3,1397475,Rhododendron ferrugineum,60.052361
CBN-PdlC-A4-20170906,1,1393200,Homogyne alpina,67.091057
CBN-PdlC-A4-20170906,2,1396144,Sedum alpestre,67.061073
CBN-PdlC-A4-20170906,3,1397475,Rhododendron ferrugineum,64.076324
CBN-PdlC-A4-20180702,1,1393200,Homogyne alpina,64.895134
CBN-PdlC-A4-20180702,2,1397475,Rhododendron ferrugineum,61.882488
CBN-PdlC-A4-20180702,3,1396144,Sedum alpestre,59.960335
CBN-PdlC-A4-20180723,1,1393200,Homogyne alpina,66.186340
CBN-PdlC-A4-20180723,2,1392608,Geum montanum,64.797798
CBN-PdlC-A4-20180723,3,1397475,Rhododendron ferrugineum,63.208488
CBN-PdlC-A4-20180815,1,1393200,Homogyne alpina,66.749374
CBN-PdlC-A4-20180815,2,1397475,Rhododendron ferrugineum,63.437752
CBN-PdlC-A4-20180815,3,1361275,Festuca indigesta,57.735149
CBN-PdlC-A4-20180905,1,1393200,Homogyne alpina,66.243973
CBN-PdlC-A4-20180905,2,1396144,Sedum alpestre,64.556465
CBN-PdlC-A4-20180905,3,1392608,Geum montanum,63.585243
CBN-PdlC-A4-20190701,1,1393200,Homogyne alpina,63.720863
CBN-PdlC-A4-20190701,2,1397475,Rhododendron ferrugineum,62.729790
CBN-PdlC-A4-20190701,3,1392608,Geum montanum,58.812065
CBN-PdlC-A4-20190722,1,1393200,Homogyne alpina,65.705429
CBN-PdlC-A4-20190722,2,1397475,Rhododendron ferrugineum,65.007088
CBN-PdlC-A4-20190722,3,1396144,Sedum alpestre,63.007072
CBN-PdlC-A4-20190812,1,1393200,Homogyne alpina,64.411423
CBN-PdlC-A4-20190812,2,1396144,Sedum alpestre,64.091324
CBN-PdlC-A4-20190812,3,1392608,Geum montanum,63.473656
CBN-PdlC-A4-20190909,1,1397475,Rhododendron ferrugineum,64.326309
CBN-PdlC-A4-20190909,2,1362482,Phleum alpinum,62.510147
CBN-PdlC-A4-20190909,3,1393874,Myoporum laetum,60.536324
CBN-PdlC-A4-20200629,1,1397475,Rhododendron ferrugineum,64.620399
CBN-PdlC-A4-20200629,2,1392608,Geum montanum,59.321110
CBN-PdlC-A4-20200629,3,1393200,Homogyne alpina,58.157295
CBN-PdlC-A4-20200722,1,1393200,Homogyne alpina,68.120415
CBN-PdlC-A4-20200722,2,1397475,Rhododendron ferrugineum,64.156693
CBN-PdlC-A4-20200722,3,1393660,Luzula alpinopilosa,59.520748
CBN-PdlC-A4-20200812,1,1393200,Homogyne alpina,66.967270
CBN-PdlC-A4-20200812,2,1397475,Rhododendron ferrugineum,63.634441
CBN-PdlC-A4-20200812,3,1392608,Geum montanum,63.193504
CBN-PdlC-A5-20130807,1,1397475,Rhododendron ferrugineum,64.448013
CBN-PdlC-A5-20130807,2,1393200,Homogyne alpina,62.485573
CBN-PdlC-A5-20130807,3,1395807,Salix herbacea,61.116943
CBN-PdlC-A5-20130903,1,1397475,Rhododendron ferrugineum,64.001564
CBN-PdlC-A5-20130903,2,1396253,Sibbaldia procumbens,63.177158
CBN-PdlC-A5-20130903,3,1395807,Salix herbacea,60.787270
CBN-PdlC-A5-20140721,1,1393660,Luzula alpinopilosa,65.974991
CBN-PdlC-A5-20140721,2,1393659,Luzula alpina,64.910950
CBN-PdlC-A5-20140721,3,1397475,Rhododendron ferrugineum,64.428329
CBN-PdlC-A5-20140811,1,1397043,Veronica alpina,63.955894
CBN-PdlC-A5-20140811,2,1395807,Salix herbacea,63.637333
CBN-PdlC-A5-20140811,3,1392541,Gentiana brachyphylla,62.874783
CBN-PdlC-A5-20150701,1,1393200,Homogyne alpina,65.500221
CBN-PdlC-A5-20150701,2,1395807,Salix herbacea,61.408890
CBN-PdlC-A5-20150701,3,1396253,Sibbaldia procumbens,60.476288
CBN-PdlC-A5-20150831,1,1397475,Rhododendron ferrugineum,64.022408
CBN-PdlC-A5-20150831,2,1396253,Sibbaldia procumbens,63.520412
CBN-PdlC-A5-20150831,3,1395807,Salix herbacea,62.385773
CBN-PdlC-A5-20160705,1,1397475,Rhododendron ferrugineum,64.898582
CBN-PdlC-A5-20160705,2,1396253,Sibbaldia procumbens,63.066849
CBN-PdlC-A5-20160705,3,1393200,Homogyne alpina,60.471134
CBN-PdlC-A5-20160726,1,1392534,Gentiana acaulis,67.426224
CBN-PdlC-A5-20160726,2,1393200,Homogyne alpina,65.358109
CBN-PdlC-A5-20160726,3,1396253,Sibbaldia procumbens,63.301220
CBN-PdlC-A5-20170816,1,1397475,Rhododendron ferrugineum,64.910782
CBN-PdlC-A5-20170816,2,1396253,Sibbaldia procumbens,61.697586
CBN-PdlC-A5-20170816,3,1395807,Salix herbacea,59.848976
CBN-PdlC-A5-20170906,1,1393200,Homogyne alpina,64.349205
CBN-PdlC-A5-20170906,2,1396253,Sibbaldia procumbens,63.597534
CBN-PdlC-A5-20170906,3,1397475,Rhododendron ferrugineum,63.286781
CBN-PdlC-A5-20180815,1,1393200,Homogyne alpina,64.216072
CBN-PdlC-A5-20180815,2,1397475,Rhododendron ferrugineum,62.525280
CBN-PdlC-A5-20180815,3,1396253,Sibbaldia procumbens,62.478996
CBN-PdlC-A5-20180905,1,1393200,Homogyne alpina,65.928177
CBN-PdlC-A5-20180905,2,1396253,Sibbaldia procumbens,65.091667
CBN-PdlC-A5-20180905,3,1397475,Rhododendron ferrugineum,61.439384
CBN-PdlC-A5-20190909,1,1397475,Rhododendron ferrugineum,62.311409
CBN-PdlC-A5-20190909,2,1396253,Sibbaldia procumbens,59.187981
CBN-PdlC-A5-20190909,3,1361367,Poa alpina,58.692215
CBN-PdlC-A5-20200722,1,1397475,Rhododendron ferrugineum,64.064537
CBN-PdlC-A5-20200722,2,1396253,Sibbaldia procumbens,63.927952
CBN-PdlC-A5-20200722,3,1395807,Salix herbacea,61.546394
CBN-PdlC-A6-20130807,1,1397475,Rhododendron ferrugineum,66.012787
CBN-PdlC-A6-20130807,2,1393200,Homogyne alpina,65.513885
CBN-PdlC-A6-20130807,3,1396253,Sibbaldia procumbens,61.004524
CBN-PdlC-A6-20130903,1,1397475,Rhododendron ferrugineum,64.805695
CBN-PdlC-A6-20130903,2,1396253,Sibbaldia procumbens,62.401291
CBN-PdlC-A6-20130903,3,1393200,Homogyne alpina,60.449059
CBN-PdlC-A6-20140630,1,1396253,Sibbaldia procumbens,60.354977
CBN-PdlC-A6-20140630,2,1397475,Rhododendron ferrugineum,60.096928
CBN-PdlC-A6-20140630,3,1741776,Polygaloides chamaebuxus,59.552380
CBN-PdlC-A6-20140721,1,1397475,Rhododendron ferrugineum,65.375587
CBN-PdlC-A6-20140721,2,1396253,Sibbaldia procumbens,63.096367
CBN-PdlC-A6-20140721,3,1397430,Luzula sylvatica,62.943733
CBN-PdlC-A6-20140901,1,1397475,Rhododendron ferrugineum,63.441200
CBN-PdlC-A6-20140901,2,1397430,Luzula sylvatica,62.895508
CBN-PdlC-A6-20140901,3,1393200,Homogyne alpina,62.288689
CBN-PdlC-A6-20150701,1,1393200,Homogyne alpina,64.763428
CBN-PdlC-A6-20150701,2,1397475,Rhododendron ferrugineum,63.459106
CBN-PdlC-A6-20150701,3,1396253,Sibbaldia procumbens,59.639191
CBN-PdlC-A6-20150810,1,1397475,Rhododendron ferrugineum,63.478615
CBN-PdlC-A6-20150810,2,1393200,Homogyne alpina,63.172470
CBN-PdlC-A6-20150810,3,1396253,Sibbaldia procumbens,62.776741
CBN-PdlC-A6-20150831,1,1397475,Rhododendron ferrugineum,64.620384
CBN-PdlC-A6-20150831,2,1395807,Salix herbacea,59.881416
CBN-PdlC-A6-20150831,3,1397430,Luzula sylvatica,59.762886
CBN-PdlC-A6-20160705,1,1393200,Homogyne alpina,66.684418
CBN-PdlC-A6-20160705,2,1397475,Rhododendron ferrugineum,65.356407
CBN-PdlC-A6-20160705,3,1396253,Sibbaldia procumbens,62.658710
CBN-PdlC-A6-20160726,1,1397475,Rhododendron ferrugineum,64.561028
CBN-PdlC-A6-20160726,2,1396253,Sibbaldia procumbens,63.233131
CBN-PdlC-A6-20160726,3,1393200,Homogyne alpina,60.215843
CBN-PdlC-A6-20170816,1,1397475,Rhododendron ferrugineum,63.759396
CBN-PdlC-A6-20170816,2,1393200,Homogyne alpina,62.173882
CBN-PdlC-A6-20170816,3,1393660,Luzula alpinopilosa,58.312370
CBN-PdlC-A6-20170906,1,1393200,Homogyne alpina,65.000336
CBN-PdlC-A6-20170906,2,1397475,Rhododendron ferrugineum,63.474571
CBN-PdlC-A6-20170906,3,1396253,Sibbaldia procumbens,63.022686
CBN-PdlC-A6-20180702,1,1393200,Homogyne alpina,65.119797
CBN-PdlC-A6-20180702,2,1397475,Rhododendron ferrugineum,64.794708
CBN-PdlC-A6-20180702,3,1396253,Sibbaldia procumbens,63.484989
CBN-PdlC-A6-20180723,1,1393200,Homogyne alpina,68.314163
CBN-PdlC-A6-20180723,2,1397475,Rhododendron ferrugineum,63.173660
CBN-PdlC-A6-20180723,3,1396253,Sibbaldia procumbens,60.562347
CBN-PdlC-A6-20180815,1,1397475,Rhododendron ferrugineum,63.217266
CBN-PdlC-A6-20180815,2,1394540,Phyteuma globulariifolium,62.852631
CBN-PdlC-A6-20180815,3,1394542,Phyteuma hemisphaericum,61.652748
CBN-PdlC-A6-20180905,1,1397475,Rhododendron ferrugineum,64.448471
CBN-PdlC-A6-20180905,2,1393200,Homogyne alpina,62.954987
CBN-PdlC-A6-20180905,3,1741661,Rhododendron intermedium,58.656097
CBN-PdlC-A6-20190701,1,1393200,Homogyne alpina,67.111023
CBN-PdlC-A6-20190701,2,1397475,Rhododendron ferrugineum,64.500946
CBN-PdlC-A6-20190701,3,1396253,Sibbaldia procumbens,64.435188
CBN-PdlC-A6-20190722,1,1397475,Rhododendron ferrugineum,64.316475
CBN-PdlC-A6-20190722,2,1393660,Luzula alpinopilosa,64.102089
CBN-PdlC-A6-20190722,3,1393200,Homogyne alpina,62.537155
CBN-PdlC-A6-20190812,1,1393200,Homogyne alpina,64.923492
CBN-PdlC-A6-20190812,2,1397475,Rhododendron ferrugineum,64.591331
CBN-PdlC-A6-20190812,3,1396253,Sibbaldia procumbens,61.686733
CBN-PdlC-A6-20190909,1,1397475,Rhododendron ferrugineum,64.379150
CBN-PdlC-A6-20190909,2,1362482,Phleum alpinum,63.125599
CBN-PdlC-A6-20190909,3,1396253,Sibbaldia procumbens,61.098961
CBN-PdlC-A6-20200722,1,1397475,Rhododendron ferrugineum,64.697800
CBN-PdlC-A6-20200722,2,1393200,Homogyne alpina,64.337761
CBN-PdlC-A6-20200722,3,1397430,Luzula sylvatica,62.314816
CBN-PdlC-A6-20200812,1,1396253,Sibbaldia procumbens,64.874916
CBN-PdlC-A6-20200812,2,1397475,Rhododendron ferrugineum,64.682465
CBN-PdlC-A6-20200812,3,1393200,Homogyne alpina,62.674297
CBN-PdlC-B1-20130807,1,1392608,Geum montanum,64.052940
CBN-PdlC-B1-20130807,2,1393200,Homogyne alpina,63.656898
CBN-PdlC-B1-20130807,3,1395807,Salix herbacea,61.120743
CBN-PdlC-B1-20130903,1,1393200,Homogyne alpina,65.675301
CBN-PdlC-B1-20130903,2,1392608,Geum montanum,64.032578
CBN-PdlC-B1-20130903,3,1392614,Geum rivale,61.219280
CBN-PdlC-B1-20140721,1,1393200,Homogyne alpina,65.206383
CBN-PdlC-B1-20140721,2,1392608,Geum montanum,62.999893
CBN-PdlC-B1-20140721,3,1396253,Sibbaldia procumbens,60.841248
CBN-PdlC-B1-20140811,1,1396144,Sedum alpestre,67.581024
CBN-PdlC-B1-20140811,2,1393200,Homogyne alpina,65.632530
CBN-PdlC-B1-20140811,3,1392608,Geum montanum,65.399338
CBN-PdlC-B1-20140901,1,1393200,Homogyne alpina,65.477112
CBN-PdlC-B1-20140901,2,1392608,Geum montanum,64.608681
CBN-PdlC-B1-20140901,3,1396253,Sibbaldia procumbens,63.124401
CBN-PdlC-B1-20150701,1,1393200,Homogyne alpina,64.361320
CBN-PdlC-B1-20150701,2,1392608,Geum montanum,62.119041
CBN-PdlC-B1-20150701,3,1394597,Pinguicula corsica,60.229416
CBN-PdlC-B1-20150720,1,1392608,Geum montanum,63.840782
CBN-PdlC-B1-20150720,2,1395807,Salix herbacea,62.276237
CBN-PdlC-B1-20150720,3,1396253,Sibbaldia procumbens,61.764839
CBN-PdlC-B1-20150810,1,1393200,Homogyne alpina,64.166245
CBN-PdlC-B1-20150810,2,1392608,Geum montanum,62.917145
CBN-PdlC-B1-20150810,3,1363133,Triglochin striata,61.683659
CBN-PdlC-B1-20150831,1,1392608,Geum montanum,66.925911
CBN-PdlC-B1-20150831,2,1393200,Homogyne alpina,66.536774
CBN-PdlC-B1-20150831,3,1412857,Omalotheca supina,65.402893
CBN-PdlC-B1-20160705,1,1396144,Sedum alpestre,65.038353
CBN-PdlC-B1-20160705,2,1393200,Homogyne alpina,64.306084
CBN-PdlC-B1-20160705,3,1392608,Geum montanum,62.827152
CBN-PdlC-B1-20160726,1,1393200,Homogyne alpina,64.935135
CBN-PdlC-B1-20160726,2,1392608,Geum montanum,63.333206
CBN-PdlC-B1-20160726,3,1361367,Poa alpina,62.207420
CBN-PdlC-B1-20170816,1,1392608,Geum montanum,63.677315
CBN-PdlC-B1-20170816,2,1742053,Omalotheca hoppeana,63.223030
CBN-PdlC-B1-20170816,3,1396144,Sedum alpestre,62.279949
CBN-PdlC-B1-20170906,1,1393200,Homogyne alpina,63.930851
CBN-PdlC-B1-20170906,2,1396144,Sedum alpestre,63.916924
CBN-PdlC-B1-20170906,3,1412857,Omalotheca supina,63.502899
CBN-PdlC-B1-20180702,1,1413349,Armeria maritima,62.030556
CBN-PdlC-B1-20180702,2,1393660,Luzula alpinopilosa,59.420822
CBN-PdlC-B1-20180702,3,1393679,Luzula lutea,59.269665
CBN-PdlC-B1-20180723,1,1393200,Homogyne alpina,65.872772
CBN-PdlC-B1-20180723,2,1392608,Geum montanum,65.732727
CBN-PdlC-B1-20180723,3,1393679,Luzula lutea,61.766289
CBN-PdlC-B1-20180815,1,1396144,Sedum alpestre,65.567390
CBN-PdlC-B1-20180815,2,1412857,Omalotheca supina,63.949085
CBN-PdlC-B1-20180815,3,1392608,Geum montanum,63.597397
CBN-PdlC-B1-20180905,1,1412857,Omalotheca supina,64.919647
CBN-PdlC-B1-20180905,2,1742053,Omalotheca hoppeana,63.668682
CBN-PdlC-B1-20180905,3,1392608,Geum montanum,63.539097
CBN-PdlC-B1-20190701,1,1393200,Homogyne alpina,62.630310
CBN-PdlC-B1-20190701,2,1392608,Geum montanum,61.476486
CBN-PdlC-B1-20190701,3,1392612,Geum reptans,59.912300
CBN-PdlC-B1-20190722,1,1392608,Geum montanum,63.857727
CBN-PdlC-B1-20190722,2,1361367,Poa alpina,63.509823
CBN-PdlC-B1-20190722,3,1412857,Omalotheca supina,63.465549
CBN-PdlC-B1-20190812,1,1392608,Geum montanum,63.400845
CBN-PdlC-B1-20190812,2,1412857,Omalotheca supina,63.161003
CBN-PdlC-B1-20190812,3,1742053,Omalotheca hoppeana,61.709354
CBN-PdlC-B1-20190909,1,1392608,Geum montanum,62.500301
CBN-PdlC-B1-20190909,2,1412857,Omalotheca supina,61.598194
CBN-PdlC-B1-20190909,3,1647128,Armeria alpina,61.232224
CBN-PdlC-B1-20200629,1,1393200,Homogyne alpina,61.329372
CBN-PdlC-B1-20200629,2,1356359,Asplenium septentrionale,58.766235
CBN-PdlC-B1-20200629,3,1392608,Geum montanum,58.561905
CBN-PdlC-B1-20200722,1,1393200,Homogyne alpina,65.716621
CBN-PdlC-B1-20200722,2,1392608,Geum montanum,65.539536
CBN-PdlC-B1-20200722,3,1395807,Salix herbacea,63.204437
CBN-PdlC-B1-20200812,1,1412857,Omalotheca supina,65.149017
CBN-PdlC-B1-20200812,2,1392608,Geum montanum,65.108498
CBN-PdlC-B1-20200812,3,1742053,Omalotheca hoppeana,63.953838
CBN-PdlC-B2-20130807,1,1392608,Geum montanum,64.048798
CBN-PdlC-B2-20130807,2,1647128,Armeria alpina,62.733582
CBN-PdlC-B2-20130807,3,1392541,Gentiana brachyphylla,61.470161
CBN-PdlC-B2-20130903,1,1392608,Geum montanum,62.771469
CBN-PdlC-B2-20130903,2,1647128,Armeria alpina,61.619186
CBN-PdlC-B2-20130903,3,1395807,Salix herbacea,59.842499
CBN-PdlC-B2-20140721,1,1392608,Geum montanum,64.460403
CBN-PdlC-B2-20140721,2,1392612,Geum reptans,60.249092
CBN-PdlC-B2-20140721,3,1392606,Geum hispidum,59.847954
CBN-PdlC-B2-20140811,1,1392608,Geum montanum,66.946571
CBN-PdlC-B2-20140811,2,1395807,Salix herbacea,63.062771
CBN-PdlC-B2-20140811,3,1392611,Geum pyrenaicum,62.642979
CBN-PdlC-B2-20140901,1,1392608,Geum montanum,63.525391
CBN-PdlC-B2-20140901,2,1647128,Armeria alpina,61.452633
CBN-PdlC-B2-20140901,3,1392612,Geum reptans,60.553120
CBN-PdlC-B2-20150701,1,1392608,Geum montanum,59.836895
CBN-PdlC-B2-20150701,2,1360299,Geum sylvaticum,59.339935
CBN-PdlC-B2-20150701,3,1392612,Geum reptans,57.901234
CBN-PdlC-B2-20150720,1,1392608,Geum montanum,63.154121
CBN-PdlC-B2-20150720,2,1394311,Oreochloa disticha,62.175049
CBN-PdlC-B2-20150720,3,1392612,Geum reptans,61.212425
CBN-PdlC-B2-20150810,1,1741880,Salix serpillifolia,61.285004
CBN-PdlC-B2-20150810,2,1647128,Armeria alpina,60.616066
CBN-PdlC-B2-20150810,3,1392608,Geum montanum,60.094254
CBN-PdlC-B2-20150831,1,1392608,Geum montanum,62.056923
CBN-PdlC-B2-20150831,2,1519650,Scorzoneroides helvetica,61.706322
CBN-PdlC-B2-20150831,3,1742053,Omalotheca hoppeana,61.679787
CBN-PdlC-B2-20160705,1,1392608,Geum montanum,60.920715
CBN-PdlC-B2-20160705,2,1413349,Armeria maritima,59.506264
CBN-PdlC-B2-20160705,3,1392612,Geum reptans,58.254948
CBN-PdlC-B2-20160726,1,1392608,Geum montanum,64.653465
CBN-PdlC-B2-20160726,2,1647128,Armeria alpina,64.303429
CBN-PdlC-B2-20160726,3,1392534,Gentiana acaulis,64.151482
CBN-PdlC-B2-20170816,1,1392608,Geum montanum,63.227303
CBN-PdlC-B2-20170816,2,1412857,Omalotheca supina,62.757530
CBN-PdlC-B2-20170816,3,1362482,Phleum alpinum,62.425133
CBN-PdlC-B2-20170906,1,1394911,Primula integrifolia,60.572281
CBN-PdlC-B2-20170906,2,1395807,Salix herbacea,59.812859
CBN-PdlC-B2-20170906,3,1395718,Sagina saginoides,59.278492
CBN-PdlC-B2-20180702,1,1391427,Crassula pubescens,59.706635
CBN-PdlC-B2-20180702,2,1392534,Gentiana acaulis,58.442318
CBN-PdlC-B2-20180702,3,1394911,Primula integrifolia,57.615765
CBN-PdlC-B2-20180723,1,1392608,Geum montanum,63.219162
CBN-PdlC-B2-20180723,2,1392535,Gentiana alpina,63.201660
CBN-PdlC-B2-20180723,3,1392534,Gentiana acaulis,62.218555
CBN-PdlC-B2-20180815,1,1392534,Gentiana acaulis,65.121109
CBN-PdlC-B2-20180815,2,1412857,Omalotheca supina,62.670689
CBN-PdlC-B2-20180815,3,1393708,Lysimachia nummularia,62.309029
CBN-PdlC-B2-20180905,1,1412857,Omalotheca supina,62.888641
CBN-PdlC-B2-20180905,2,1392534,Gentiana acaulis,61.544575
CBN-PdlC-B2-20180905,3,1392541,Gentiana brachyphylla,61.375847
CBN-PdlC-B2-20190701,1,1392534,Gentiana acaulis,57.788265
CBN-PdlC-B2-20190701,2,1392541,Gentiana brachyphylla,57.484997
CBN-PdlC-B2-20190701,3,1418688,Arctous alpina,56.898750
CBN-PdlC-B2-20190722,1,1392534,Gentiana acaulis,65.392853
CBN-PdlC-B2-20190722,2,1392535,Gentiana alpina,63.103111
CBN-PdlC-B2-20190722,3,1412857,Omalotheca supina,62.634392
CBN-PdlC-B2-20190812,1,1412857,Omalotheca supina,62.912632
CBN-PdlC-B2-20190812,2,1392534,Gentiana acaulis,62.432549
CBN-PdlC-B2-20190812,3,1742053,Omalotheca hoppeana,61.787823
CBN-PdlC-B2-20190909,1,1362482,Phleum alpinum,64.995651
CBN-PdlC-B2-20190909,2,1392565,Gentiana terglouensis,64.236588
CBN-PdlC-B2-20190909,3,1392608,Geum montanum,63.318573
CBN-PdlC-B2-20200629,1,1394911,Primula integrifolia,58.162960
CBN-PdlC-B2-20200629,2,1392534,Gentiana acaulis,56.702789
CBN-PdlC-B2-20200629,3,1418688,Arctous alpina,55.932899
CBN-PdlC-B2-20200722,1,1392608,Geum montanum,64.557617
CBN-PdlC-B2-20200722,2,1392611,Geum pyrenaicum,63.274033
CBN-PdlC-B2-20200722,3,1397043,Veronica alpina,62.313046
CBN-PdlC-B2-20200812,1,1392608,Geum montanum,63.788216
CBN-PdlC-B2-20200812,2,1392732,Helictotrichon parlatorei,60.853123
CBN-PdlC-B2-20200812,3,1397386,Festuca scabriculmis,59.908691
CBN-PdlC-B3-20130807,1,1392541,Gentiana brachyphylla,62.271729
CBN-PdlC-B3-20130807,2,1394911,Primula integrifolia,61.334900
CBN-PdlC-B3-20130807,3,1364066,Veronica serpyllifolia,60.794716
CBN-PdlC-B3-20130903,1,1393200,Homogyne alpina,65.670029
CBN-PdlC-B3-20130903,2,1392534,Gentiana acaulis,61.610298
CBN-PdlC-B3-20130903,3,1392541,Gentiana brachyphylla,59.501198
CBN-PdlC-B3-20140721,1,1393200,Homogyne alpina,66.166473
CBN-PdlC-B3-20140721,2,1392534,Gentiana acaulis,60.905830
CBN-PdlC-B3-20140721,3,1394366,Oxyria digyna,59.537636
CBN-PdlC-B3-20140811,1,1393200,Homogyne alpina,66.993217
CBN-PdlC-B3-20140811,2,1742053,Omalotheca hoppeana,63.996418
CBN-PdlC-B3-20140811,3,1412857,Omalotheca supina,63.053272
CBN-PdlC-B3-20140901,1,1393200,Homogyne alpina,62.832634
CBN-PdlC-B3-20140901,2,1412857,Omalotheca supina,62.786644
CBN-PdlC-B3-20140901,3,1361367,Poa alpina,62.460655
CBN-PdlC-B3-20150701,1,1393200,Homogyne alpina,61.754574
CBN-PdlC-B3-20150701,2,1392534,Gentiana acaulis,61.540936
CBN-PdlC-B3-20150701,3,1392541,Gentiana brachyphylla,61.139107
CBN-PdlC-B3-20150810,1,1393200,Homogyne alpina,61.761623
CBN-PdlC-B3-20150810,2,1394911,Primula integrifolia,61.189240
CBN-PdlC-B3-20150810,3,1742053,Omalotheca hoppeana,61.024891
CBN-PdlC-B3-20150831,1,1393200,Homogyne alpina,66.029861
CBN-PdlC-B3-20150831,2,1392541,Gentiana brachyphylla,63.633923
CBN-PdlC-B3-20150831,3,1392534,Gentiana acaulis,61.562057
CBN-PdlC-B3-20160705,1,1393200,Homogyne alpina,66.528107
CBN-PdlC-B3-20160705,2,1394911,Primula integrifolia,63.998344
CBN-PdlC-B3-20160705,3,1412857,Omalotheca supina,62.636814
CBN-PdlC-B3-20160726,1,1393200,Homogyne alpina,66.828644
CBN-PdlC-B3-20160726,2,1396144,Sedum alpestre,62.638821
CBN-PdlC-B3-20160726,3,1392534,Gentiana acaulis,61.857162
CBN-PdlC-B3-20170816,1,1394542,Phyteuma hemisphaericum,65.413788
CBN-PdlC-B3-20170816,2,1742053,Omalotheca hoppeana,63.455921
CBN-PdlC-B3-20170816,3,1412857,Omalotheca supina,62.999451
CBN-PdlC-B3-20170906,1,1412857,Omalotheca supina,64.139702
CBN-PdlC-B3-20170906,2,1393200,Homogyne alpina,63.847054
CBN-PdlC-B3-20170906,3,1392541,Gentiana brachyphylla,62.693176
CBN-PdlC-B3-20180702,1,1393200,Homogyne alpina,59.804100
CBN-PdlC-B3-20180702,2,1397475,Rhododendron ferrugineum,57.531670
CBN-PdlC-B3-20180702,3,1392608,Geum montanum,57.267952
CBN-PdlC-B3-20180723,1,1393200,Homogyne alpina,65.510056
CBN-PdlC-B3-20180723,2,1742053,Omalotheca hoppeana,60.665016
CBN-PdlC-B3-20180723,3,1392541,Gentiana brachyphylla,59.967476
CBN-PdlC-B3-20180815,1,1393200,Homogyne alpina,65.281410
CBN-PdlC-B3-20180815,2,1412857,Omalotheca supina,62.269814
CBN-PdlC-B3-20180815,3,1742053,Omalotheca hoppeana,62.246330
CBN-PdlC-B3-20180905,1,1412857,Omalotheca supina,64.368401
CBN-PdlC-B3-20180905,2,1396144,Sedum alpestre,63.740986
CBN-PdlC-B3-20180905,3,1393200,Homogyne alpina,62.446880
CBN-PdlC-B3-20190701,1,1396144,Sedum alpestre,57.077507
CBN-PdlC-B3-20190701,2,1356356,Asplenium sagittatum,56.581799
CBN-PdlC-B3-20190701,3,1418688,Arctous alpina,55.800247
CBN-PdlC-B3-20190722,1,1393200,Homogyne alpina,62.626785
CBN-PdlC-B3-20190722,2,1361367,Poa alpina,62.365166
CBN-PdlC-B3-20190722,3,1392534,Gentiana acaulis,61.702587
CBN-PdlC-B3-20190812,1,1412857,Omalotheca supina,63.506229
CBN-PdlC-B3-20190812,2,1393200,Homogyne alpina,63.500378
CBN-PdlC-B3-20190812,3,1361367,Poa alpina,62.252670
CBN-PdlC-B3-20190909,1,1742053,Omalotheca hoppeana,62.353195
CBN-PdlC-B3-20190909,2,1412857,Omalotheca supina,59.652546
CBN-PdlC-B3-20190909,3,1394542,Phyteuma hemisphaericum,59.186417
CBN-PdlC-B3-20200629,1,1361425,Stipa offneri,57.445030
CBN-PdlC-B3-20200629,2,1390532,Salvinia molesta,57.052505
CBN-PdlC-B3-20200629,3,1655422,Stipa iberica,56.962311
CBN-PdlC-B3-20200722,1,1393200,Homogyne alpina,64.911148
CBN-PdlC-B3-20200722,2,1742053,Omalotheca hoppeana,64.841263
CBN-PdlC-B3-20200722,3,1412857,Omalotheca supina,61.531898
CBN-PdlC-B3-20200812,1,1393200,Homogyne alpina,66.881134
CBN-PdlC-B3-20200812,2,1742053,Omalotheca hoppeana,65.945404
CBN-PdlC-B3-20200812,3,1397381,Euphrasia minima,65.004440
CBN-PdlC-B4-20130807,1,1397475,Rhododendron ferrugineum,64.254944
CBN-PdlC-B4-20130807,2,1394911,Primula integrifolia,59.684643
CBN-PdlC-B4-20130807,3,1392541,Gentiana brachyphylla,59.366150
CBN-PdlC-B4-20130903,1,1397475,Rhododendron ferrugineum,65.012657
CBN-PdlC-B4-20130903,2,1394311,Oreochloa disticha,60.663197
CBN-PdlC-B4-20130903,3,1361070,Carex oedipostyla,58.833263
CBN-PdlC-B4-20140721,1,1397475,Rhododendron ferrugineum,64.999146
CBN-PdlC-B4-20140721,2,1400101,Bartsia alpina,59.710854
CBN-PdlC-B4-20140721,3,1393200,Homogyne alpina,58.239609
CBN-PdlC-B4-20140811,1,1397475,Rhododendron ferrugineum,65.765137
CBN-PdlC-B4-20140811,2,1394311,Oreochloa disticha,63.200699
CBN-PdlC-B4-20140811,3,1412857,Omalotheca supina,62.861187
CBN-PdlC-B4-20140901,1,1412857,Omalotheca supina,64.173912
CBN-PdlC-B4-20140901,2,1397475,Rhododendron ferrugineum,63.237743
CBN-PdlC-B4-20140901,3,1742053,Omalotheca hoppeana,62.882023
CBN-PdlC-B4-20150701,1,1397475,Rhododendron ferrugineum,65.378510
CBN-PdlC-B4-20150701,2,1412857,Omalotheca supina,59.882633
CBN-PdlC-B4-20150701,3,1741661,Rhododendron intermedium,58.451591
CBN-PdlC-B4-20150810,1,1393200,Homogyne alpina,66.291550
CBN-PdlC-B4-20150810,2,1390674,Campanula scheuchzeri,64.579361
CBN-PdlC-B4-20150810,3,1397475,Rhododendron ferrugineum,63.771683
CBN-PdlC-B4-20150831,1,1393200,Homogyne alpina,64.910477
CBN-PdlC-B4-20150831,2,1397475,Rhododendron ferrugineum,64.594460
CBN-PdlC-B4-20150831,3,1394311,Oreochloa disticha,63.989090
CBN-PdlC-B4-20160726,1,1397475,Rhododendron ferrugineum,64.383354
CBN-PdlC-B4-20160726,2,1393200,Homogyne alpina,64.351601
CBN-PdlC-B4-20160726,3,1394311,Oreochloa disticha,63.285362
CBN-PdlC-B4-20170816,1,1397475,Rhododendron ferrugineum,65.136513
CBN-PdlC-B4-20170816,2,1519650,Scorzoneroides helvetica,62.769917
CBN-PdlC-B4-20170816,3,1394311,Oreochloa disticha,62.161324
CBN-PdlC-B4-20170906,1,1397475,Rhododendron ferrugineum,64.888321
CBN-PdlC-B4-20170906,2,1393874,Myoporum laetum,59.415096
CBN-PdlC-B4-20170906,3,1743984,Myoporum insulare,59.015167
CBN-PdlC-B4-20180702,1,1397475,Rhododendron ferrugineum,63.726112
CBN-PdlC-B4-20180702,2,1393200,Homogyne alpina,61.046986
CBN-PdlC-B4-20180702,3,1396144,Sedum alpestre,59.587776
CBN-PdlC-B4-20180723,1,1393200,Homogyne alpina,65.961990
CBN-PdlC-B4-20180723,2,1397475,Rhododendron ferrugineum,65.505470
CBN-PdlC-B4-20180723,3,1396144,Sedum alpestre,64.268753
CBN-PdlC-B4-20180815,1,1397475,Rhododendron ferrugineum,64.754120
CBN-PdlC-B4-20180815,2,1742053,Omalotheca hoppeana,64.239655
CBN-PdlC-B4-20180815,3,1396144,Sedum alpestre,64.114922
CBN-PdlC-B4-20180905,1,1396144,Sedum alpestre,65.772125
CBN-PdlC-B4-20180905,2,1397475,Rhododendron ferrugineum,64.753235
CBN-PdlC-B4-20180905,3,1393200,Homogyne alpina,62.421169
CBN-PdlC-B4-20190701,1,1397475,Rhododendron ferrugineum,64.255074
CBN-PdlC-B4-20190701,2,1741661,Rhododendron intermedium,56.499649
CBN-PdlC-B4-20190701,3,1395190,Rhododendron hirsutum,56.368778
CBN-PdlC-B4-20190722,1,1397475,Rhododendron ferrugineum,64.588791
CBN-PdlC-B4-20190722,2,1393200,Homogyne alpina,62.883869
CBN-PdlC-B4-20190722,3,1393874,Myoporum laetum,59.840637
CBN-PdlC-B4-20190812,1,1397475,Rhododendron ferrugineum,63.256966
CBN-PdlC-B4-20190812,2,1393874,Myoporum laetum,60.409180
CBN-PdlC-B4-20190812,3,1362482,Phleum alpinum,60.067879
CBN-PdlC-B4-20190909,1,1397475,Rhododendron ferrugineum,64.503136
CBN-PdlC-B4-20190909,2,1452585,Allium palentinum,58.925041
CBN-PdlC-B4-20190909,3,1394671,Poa laxa,57.475578
CBN-PdlC-B4-20200629,1,1397475,Rhododendron ferrugineum,64.476341
CBN-PdlC-B4-20200629,2,1412241,Hepatica nobilis,57.435738
CBN-PdlC-B4-20200629,3,1362952,Ficus rubiginosa,57.270386
CBN-PdlC-B4-20200722,1,1397475,Rhododendron ferrugineum,66.011238
CBN-PdlC-B4-20200722,2,1393200,Homogyne alpina,62.050350
CBN-PdlC-B4-20200722,3,1412857,Omalotheca supina,61.247253
CBN-PdlC-B4-20200812,1,1393200,Homogyne alpina,64.925285
CBN-PdlC-B4-20200812,2,1397475,Rhododendron ferrugineum,64.573441
CBN-PdlC-B4-20200812,3,1412857,Omalotheca supina,63.636566
CBN-PdlC-B5-20130807,1,1397475,Rhododendron ferrugineum,65.274994
CBN-PdlC-B5-20130807,2,1396974,Valeriana celtica,61.111176
CBN-PdlC-B5-20130807,3,1395807,Salix herbacea,60.540417
CBN-PdlC-B5-20130903,1,1397475,Rhododendron ferrugineum,64.344711
CBN-PdlC-B5-20130903,2,1395807,Salix herbacea,61.053379
CBN-PdlC-B5-20130903,3,1394542,Phyteuma hemisphaericum,57.940353
CBN-PdlC-B5-20140630,1,1744504,Genista legionensis,52.876949
CBN-PdlC-B5-20140630,2,1492045,Arenaria alfacarensis,52.374302
CBN-PdlC-B5-20140630,3,1743903,Androsace delphinensis,52.193954
CBN-PdlC-B5-20140721,1,1397475,Rhododendron ferrugineum,65.372513
CBN-PdlC-B5-20140721,2,1396253,Sibbaldia procumbens,63.824074
CBN-PdlC-B5-20140721,3,1392541,Gentiana brachyphylla,62.500252
CBN-PdlC-B5-20140811,1,1397475,Rhododendron ferrugineum,65.464790
CBN-PdlC-B5-20140811,2,1400101,Bartsia alpina,64.496635
CBN-PdlC-B5-20140811,3,1395807,Salix herbacea,64.303207
CBN-PdlC-B5-20140901,1,1361367,Poa alpina,63.667587
CBN-PdlC-B5-20140901,2,1397475,Rhododendron ferrugineum,63.461029
CBN-PdlC-B5-20140901,3,1395807,Salix herbacea,61.260818
CBN-PdlC-B5-20150701,1,1397475,Rhododendron ferrugineum,64.607277
CBN-PdlC-B5-20150701,2,1395807,Salix herbacea,62.050194
CBN-PdlC-B5-20150701,3,1393874,Myoporum laetum,61.620541
CBN-PdlC-B5-20150720,1,1397475,Rhododendron ferrugineum,63.958069
CBN-PdlC-B5-20150720,2,1395807,Salix herbacea,61.616291
CBN-PdlC-B5-20150720,3,1361801,Vaccinium myrtillus,60.668053
CBN-PdlC-B5-20150810,1,1397475,Rhododendron ferrugineum,62.844189
CBN-PdlC-B5-20150810,2,1395807,Salix herbacea,62.730068
CBN-PdlC-B5-20150810,3,1395870,Salix retusa,59.208832
CBN-PdlC-B5-20150831,1,1397475,Rhododendron ferrugineum,65.335205
CBN-PdlC-B5-20150831,2,1395807,Salix herbacea,62.713367
CBN-PdlC-B5-20150831,3,1394911,Primula integrifolia,60.909946
CBN-PdlC-B5-20160705,1,1397475,Rhododendron ferrugineum,65.900375
CBN-PdlC-B5-20160705,2,1395807,Salix herbacea,62.131718
CBN-PdlC-B5-20160705,3,1361801,Vaccinium myrtillus,61.024933
CBN-PdlC-B5-20160726,1,1397475,Rhododendron ferrugineum,65.215019
CBN-PdlC-B5-20160726,2,1400101,Bartsia alpina,62.393753
CBN-PdlC-B5-20160726,3,1395807,Salix herbacea,61.578640
CBN-PdlC-B5-20170816,1,1394311,Oreochloa disticha,64.597870
CBN-PdlC-B5-20170816,2,1397475,Rhododendron ferrugineum,64.410240
CBN-PdlC-B5-20170816,3,1722440,Sesleria albicans,61.963142
CBN-PdlC-B5-20170906,1,1397475,Rhododendron ferrugineum,65.035858
CBN-PdlC-B5-20170906,2,1395807,Salix herbacea,60.550098
CBN-PdlC-B5-20170906,3,1396347,Armeria euscadiensis,60.335506
CBN-PdlC-B5-20180702,1,1397475,Rhododendron ferrugineum,64.036385
CBN-PdlC-B5-20180702,2,1394911,Primula integrifolia,60.647762
CBN-PdlC-B5-20180702,3,1391427,Crassula pubescens,57.502811
CBN-PdlC-B5-20180723,1,1397475,Rhododendron ferrugineum,65.754196
CBN-PdlC-B5-20180723,2,1395807,Salix herbacea,61.152699
CBN-PdlC-B5-20180723,3,1361367,Poa alpina,58.987457
CBN-PdlC-B5-20180815,1,1397475,Rhododendron ferrugineum,63.621971
CBN-PdlC-B5-20180815,2,1395807,Salix herbacea,60.566612
CBN-PdlC-B5-20180815,3,1394366,Oxyria digyna,57.593666
CBN-PdlC-B5-20180905,1,1397475,Rhododendron ferrugineum,63.651642
CBN-PdlC-B5-20180905,2,1395807,Salix herbacea,59.133488
CBN-PdlC-B5-20180905,3,1394911,Primula integrifolia,59.074097
CBN-PdlC-B5-20190701,1,1397475,Rhododendron ferrugineum,62.270222
CBN-PdlC-B5-20190701,2,1396970,Vaccinium uliginosum,57.918884
CBN-PdlC-B5-20190701,3,1394911,Primula integrifolia,57.418858
CBN-PdlC-B5-20190722,1,1397475,Rhododendron ferrugineum,66.300529
CBN-PdlC-B5-20190722,2,1395807,Salix herbacea,61.560692
CBN-PdlC-B5-20190722,3,1400101,Bartsia alpina,61.031189
CBN-PdlC-B5-20190812,1,1397475,Rhododendron ferrugineum,63.750355
CBN-PdlC-B5-20190812,2,1392541,Gentiana brachyphylla,61.538353
CBN-PdlC-B5-20190812,3,1392558,Gentiana pumila,61.447136
CBN-PdlC-B5-20190909,1,1397475,Rhododendron ferrugineum,64.854942
CBN-PdlC-B5-20190909,2,1400101,Bartsia alpina,61.454849
CBN-PdlC-B5-20190909,3,1394911,Primula integrifolia,60.950249
CBN-PdlC-B5-20200629,1,1397475,Rhododendron ferrugineum,64.058624
CBN-PdlC-B5-20200629,2,1396253,Sibbaldia procumbens,63.493904
CBN-PdlC-B5-20200629,3,1394911,Primula integrifolia,59.572632
CBN-PdlC-B5-20200722,1,1397475,Rhododendron ferrugineum,63.712067
CBN-PdlC-B5-20200722,2,1395807,Salix herbacea,61.186268
CBN-PdlC-B5-20200722,3,1400101,Bartsia alpina,61.009228
CBN-PdlC-B5-20200812,1,1397475,Rhododendron ferrugineum,64.452728
CBN-PdlC-B5-20200812,2,1395807,Salix herbacea,62.447124
CBN-PdlC-B5-20200812,3,1400101,Bartsia alpina,61.580624
CBN-PdlC-B6-20130807,1,1396253,Sibbaldia procumbens,61.943691
CBN-PdlC-B6-20130807,2,1392534,Gentiana acaulis,61.519173
CBN-PdlC-B6-20130807,3,1395807,Salix herbacea,61.265194
CBN-PdlC-B6-20130903,1,1397475,Rhododendron ferrugineum,62.236938
CBN-PdlC-B6-20130903,2,1394311,Oreochloa disticha,61.418331
CBN-PdlC-B6-20130903,3,1743474,Oreochloa elegans,60.934994
CBN-PdlC-B6-20140630,1,1393200,Homogyne alpina,57.252480
CBN-PdlC-B6-20140630,2,1392534,Gentiana acaulis,56.730324
CBN-PdlC-B6-20140630,3,1399798,Pinguicula dertosensis,56.478279
CBN-PdlC-B6-20140721,1,1396253,Sibbaldia procumbens,63.794437
CBN-PdlC-B6-20140721,2,1395807,Salix herbacea,62.636879
CBN-PdlC-B6-20140721,3,1394311,Oreochloa disticha,60.212532
CBN-PdlC-B6-20140811,1,1392541,Gentiana brachyphylla,64.775269
CBN-PdlC-B6-20140811,2,1395807,Salix herbacea,64.676819
CBN-PdlC-B6-20140811,3,1396253,Sibbaldia procumbens,63.200172
CBN-PdlC-B6-20140901,1,1393200,Homogyne alpina,63.651466
CBN-PdlC-B6-20140901,2,1361367,Poa alpina,62.925667
CBN-PdlC-B6-20140901,3,1394540,Phyteuma globulariifolium,61.282364
CBN-PdlC-B6-20150701,1,1394911,Primula integrifolia,63.166298
CBN-PdlC-B6-20150701,2,1396253,Sibbaldia procumbens,62.904156
CBN-PdlC-B6-20150701,3,1395807,Salix herbacea,62.058331
CBN-PdlC-B6-20150720,1,1395807,Salix herbacea,62.382683
CBN-PdlC-B6-20150720,2,1394911,Primula integrifolia,60.397362
CBN-PdlC-B6-20150720,3,1361801,Vaccinium myrtillus,59.778675
CBN-PdlC-B6-20150810,1,1397475,Rhododendron ferrugineum,63.331581
CBN-PdlC-B6-20150810,2,1397450,Orthilia secunda,62.935783
CBN-PdlC-B6-20150810,3,1361801,Vaccinium myrtillus,61.368774
CBN-PdlC-B6-20150831,1,1395807,Salix herbacea,62.776726
CBN-PdlC-B6-20150831,2,1396253,Sibbaldia procumbens,62.549698
CBN-PdlC-B6-20150831,3,1393200,Homogyne alpina,60.298462
CBN-PdlC-B6-20160705,1,1397475,Rhododendron ferrugineum,64.107536
CBN-PdlC-B6-20160705,2,1396253,Sibbaldia procumbens,63.161884
CBN-PdlC-B6-20160705,3,1395807,Salix herbacea,62.534149
CBN-PdlC-B6-20160726,1,1395807,Salix herbacea,61.944363
CBN-PdlC-B6-20160726,2,1396253,Sibbaldia procumbens,61.255600
CBN-PdlC-B6-20160726,3,1397475,Rhododendron ferrugineum,61.175316
CBN-PdlC-B6-20170816,1,1393200,Homogyne alpina,61.776886
CBN-PdlC-B6-20170816,2,1396253,Sibbaldia procumbens,61.494766
CBN-PdlC-B6-20170816,3,1395807,Salix herbacea,60.785030
CBN-PdlC-B6-20170906,1,1393200,Homogyne alpina,65.884949
CBN-PdlC-B6-20170906,2,1396253,Sibbaldia procumbens,61.370018
CBN-PdlC-B6-20170906,3,1395807,Salix herbacea,60.586052
CBN-PdlC-B6-20180702,1,1394911,Primula integrifolia,66.384750
CBN-PdlC-B6-20180702,2,1393200,Homogyne alpina,63.977989
CBN-PdlC-B6-20180702,3,1396253,Sibbaldia procumbens,63.723557
CBN-PdlC-B6-20180723,1,1395807,Salix herbacea,62.508423
CBN-PdlC-B6-20180723,2,1396253,Sibbaldia procumbens,61.085167
CBN-PdlC-B6-20180723,3,1397475,Rhododendron ferrugineum,60.603741
CBN-PdlC-B6-20180905,1,1396253,Sibbaldia procumbens,63.930740
CBN-PdlC-B6-20180905,2,1392541,Gentiana brachyphylla,59.439156
CBN-PdlC-B6-20180905,3,1395807,Salix herbacea,58.044044
CBN-PdlC-B6-20190701,1,1394911,Primula integrifolia,64.624710
CBN-PdlC-B6-20190701,2,1396253,Sibbaldia procumbens,60.977539
CBN-PdlC-B6-20190701,3,1393200,Homogyne alpina,60.456669
CBN-PdlC-B6-20190722,1,1393200,Homogyne alpina,64.035324
CBN-PdlC-B6-20190722,2,1519650,Scorzoneroides helvetica,63.046852
CBN-PdlC-B6-20190722,3,1397475,Rhododendron ferrugineum,62.603168
CBN-PdlC-B6-20190812,1,1396253,Sibbaldia procumbens,62.605278
CBN-PdlC-B6-20190812,2,1393200,Homogyne alpina,61.677746
CBN-PdlC-B6-20190812,3,1395807,Salix herbacea,60.749672
CBN-PdlC-B6-20190909,1,1395807,Salix herbacea,61.905689
CBN-PdlC-B6-20190909,2,1396253,Sibbaldia procumbens,61.006065
CBN-PdlC-B6-20190909,3,1392541,Gentiana brachyphylla,60.668949
CBN-PdlC-B6-20200629,1,1397475,Rhododendron ferrugineum,62.877975
CBN-PdlC-B6-20200629,2,1397513,Tofieldia pusilla,61.139397
CBN-PdlC-B6-20200629,3,1396253,Sibbaldia procumbens,61.069401
CBN-PdlC-B6-20200722,1,1393200,Homogyne alpina,68.270706
CBN-PdlC-B6-20200722,2,1392534,Gentiana acaulis,66.244812
CBN-PdlC-B6-20200722,3,1397475,Rhododendron ferrugineum,63.059532
CBN-PdlC-B6-20200812,1,1393200,Homogyne alpina,65.400230
CBN-PdlC-B6-20200812,2,1395807,Salix herbacea,61.258774
CBN-PdlC-B6-20200812,3,1397475,Rhododendron ferrugineum,60.952457
CBN-PdlC-C1-20130807,1,1397500,Soldanella alpina,63.454044
CBN-PdlC-C1-20130807,2,1393708,Lysimachia nummularia,62.187199
CBN-PdlC-C1-20130807,3,1396253,Sibbaldia procumbens,60.049644
CBN-PdlC-C1-20130903,1,1393200,Homogyne alpina,67.274666
CBN-PdlC-C1-20130903,2,1396253,Sibbaldia procumbens,62.657810
CBN-PdlC-C1-20130903,3,1395807,Salix herbacea,61.944965
CBN-PdlC-C1-20140721,1,1393200,Homogyne alpina,66.270981
CBN-PdlC-C1-20140721,2,1397500,Soldanella alpina,65.689156
CBN-PdlC-C1-20140721,3,1396253,Sibbaldia procumbens,60.325485
CBN-PdlC-C1-20140811,1,1393200,Homogyne alpina,65.456902
CBN-PdlC-C1-20140811,2,1396253,Sibbaldia procumbens,63.156910
CBN-PdlC-C1-20140811,3,1395807,Salix herbacea,62.819641
CBN-PdlC-C1-20140901,1,1393200,Homogyne alpina,63.868385
CBN-PdlC-C1-20140901,2,1395807,Salix herbacea,60.346630
CBN-PdlC-C1-20140901,3,1393604,Linnaea borealis,60.273052
CBN-PdlC-C1-20150701,1,1393200,Homogyne alpina,66.603897
CBN-PdlC-C1-20150701,2,1397500,Soldanella alpina,66.150246
CBN-PdlC-C1-20150701,3,1394597,Pinguicula corsica,58.866936
CBN-PdlC-C1-20150720,1,1393200,Homogyne alpina,67.915558
CBN-PdlC-C1-20150720,2,1742053,Omalotheca hoppeana,64.454155
CBN-PdlC-C1-20150720,3,1412857,Omalotheca supina,63.848270
CBN-PdlC-C1-20150810,1,1393200,Homogyne alpina,66.989189
CBN-PdlC-C1-20150810,2,1396253,Sibbaldia procumbens,62.591660
CBN-PdlC-C1-20150810,3,1362482,Phleum alpinum,62.347977
CBN-PdlC-C1-20150831,1,1393200,Homogyne alpina,67.184967
CBN-PdlC-C1-20150831,2,1362482,Phleum alpinum,62.700180
CBN-PdlC-C1-20150831,3,1396253,Sibbaldia procumbens,62.276821
CBN-PdlC-C1-20160705,1,1393200,Homogyne alpina,64.044754
CBN-PdlC-C1-20160705,2,1396253,Sibbaldia procumbens,63.820724
CBN-PdlC-C1-20160705,3,1397500,Soldanella alpina,61.920197
CBN-PdlC-C1-20160726,1,1392241,Alchemilla pentaphyllea,62.780029
CBN-PdlC-C1-20160726,2,1393200,Homogyne alpina,62.394966
CBN-PdlC-C1-20160726,3,1361367,Poa alpina,62.154301
CBN-PdlC-C1-20170816,1,1393200,Homogyne alpina,66.859383
CBN-PdlC-C1-20170816,2,1392534,Gentiana acaulis,61.940762
CBN-PdlC-C1-20170816,3,1395807,Salix herbacea,61.398315
CBN-PdlC-C1-20170906,1,1396253,Sibbaldia procumbens,62.914341
CBN-PdlC-C1-20170906,2,1393200,Homogyne alpina,61.486511
CBN-PdlC-C1-20170906,3,1393708,Lysimachia nummularia,59.658546
CBN-PdlC-C1-20180723,1,1393200,Homogyne alpina,65.540947
CBN-PdlC-C1-20180723,2,1396253,Sibbaldia procumbens,62.085083
CBN-PdlC-C1-20180723,3,1393708,Lysimachia nummularia,61.682587
CBN-PdlC-C1-20180815,1,1395807,Salix herbacea,59.139019
CBN-PdlC-C1-20180815,2,1397043,Veronica alpina,58.465363
CBN-PdlC-C1-20180815,3,1393200,Homogyne alpina,58.367531
CBN-PdlC-C1-20180905,1,1393200,Homogyne alpina,65.794945
CBN-PdlC-C1-20180905,2,1396253,Sibbaldia procumbens,64.042679
CBN-PdlC-C1-20180905,3,1392534,Gentiana acaulis,61.478256
CBN-PdlC-C1-20190701,1,1392655,Goodyera repens,56.516533
CBN-PdlC-C1-20190701,2,1390532,Salvinia molesta,55.720734
CBN-PdlC-C1-20190701,3,1718504,Pontederia crassipes,55.497513
CBN-PdlC-C1-20190722,1,1393200,Homogyne alpina,66.277740
CBN-PdlC-C1-20190722,2,1395807,Salix herbacea,61.520054
CBN-PdlC-C1-20190722,3,1396253,Sibbaldia procumbens,61.300926
CBN-PdlC-C1-20190812,1,1393200,Homogyne alpina,62.953987
CBN-PdlC-C1-20190812,2,1396253,Sibbaldia procumbens,61.667271
CBN-PdlC-C1-20190812,3,1394366,Oxyria digyna,59.937241
CBN-PdlC-C1-20190909,1,1392534,Gentiana acaulis,62.590626
CBN-PdlC-C1-20190909,2,1395807,Salix herbacea,61.871651
CBN-PdlC-C1-20190909,3,1397386,Festuca scabriculmis,61.712257
CBN-PdlC-C1-20200722,1,1393200,Homogyne alpina,65.503349
CBN-PdlC-C1-20200722,2,1395807,Salix herbacea,60.768650
CBN-PdlC-C1-20200722,3,1396253,Sibbaldia procumbens,60.373047
CBN-PdlC-C1-20200812,1,1393200,Homogyne alpina,66.396286
CBN-PdlC-C1-20200812,2,1392534,Gentiana acaulis,65.489517
CBN-PdlC-C1-20200812,3,1396253,Sibbaldia procumbens,62.933372
CBN-PdlC-C2-20130903,1,1412857,Omalotheca supina,66.907898
CBN-PdlC-C2-20130903,2,1742053,Omalotheca hoppeana,65.830849
CBN-PdlC-C2-20130903,3,1395807,Salix herbacea,62.842308
CBN-PdlC-C2-20140721,1,1396144,Sedum alpestre,63.592430
CBN-PdlC-C2-20140721,2,1412857,Omalotheca supina,63.130169
CBN-PdlC-C2-20140721,3,1394911,Primula integrifolia,60.104824
CBN-PdlC-C2-20140811,1,1392535,Gentiana alpina,65.712624
CBN-PdlC-C2-20140811,2,1412857,Omalotheca supina,65.629044
CBN-PdlC-C2-20140811,3,1742053,Omalotheca hoppeana,64.179771
CBN-PdlC-C2-20140901,1,1742053,Omalotheca hoppeana,66.488327
CBN-PdlC-C2-20140901,2,1412857,Omalotheca supina,65.895058
CBN-PdlC-C2-20140901,3,1392541,Gentiana brachyphylla,62.140472
CBN-PdlC-C2-20150701,1,1393200,Homogyne alpina,64.042244
CBN-PdlC-C2-20150701,2,1412857,Omalotheca supina,63.888157
CBN-PdlC-C2-20150701,3,1396144,Sedum alpestre,62.128590
CBN-PdlC-C2-20150720,1,1412857,Omalotheca supina,66.745384
CBN-PdlC-C2-20150720,2,1742053,Omalotheca hoppeana,64.177246
CBN-PdlC-C2-20150720,3,1397043,Veronica alpina,62.517258
CBN-PdlC-C2-20150810,1,1742053,Omalotheca hoppeana,66.519012
CBN-PdlC-C2-20150810,2,1412857,Omalotheca supina,65.405586
CBN-PdlC-C2-20150810,3,1396144,Sedum alpestre,63.021988
CBN-PdlC-C2-20150831,1,1742053,Omalotheca hoppeana,65.645630
CBN-PdlC-C2-20150831,2,1396144,Sedum alpestre,65.063858
CBN-PdlC-C2-20150831,3,1412857,Omalotheca supina,64.882004
CBN-PdlC-C2-20160705,1,1412857,Omalotheca supina,65.828598
CBN-PdlC-C2-20160705,2,1742053,Omalotheca hoppeana,63.046970
CBN-PdlC-C2-20160705,3,1396144,Sedum alpestre,62.354561
CBN-PdlC-C2-20160726,1,1392535,Gentiana alpina,65.977005
CBN-PdlC-C2-20160726,2,1412857,Omalotheca supina,64.633018
CBN-PdlC-C2-20160726,3,1393200,Homogyne alpina,64.426308
CBN-PdlC-C2-20170816,1,1412857,Omalotheca supina,64.755226
CBN-PdlC-C2-20170816,2,1392541,Gentiana brachyphylla,64.173866
CBN-PdlC-C2-20170816,3,1392565,Gentiana terglouensis,63.794167
CBN-PdlC-C2-20170906,1,1412857,Omalotheca supina,65.402382
CBN-PdlC-C2-20170906,2,1393200,Homogyne alpina,63.196190
CBN-PdlC-C2-20170906,3,1396253,Sibbaldia procumbens,62.530067
CBN-PdlC-C2-20180723,1,1393200,Homogyne alpina,62.434013
CBN-PdlC-C2-20180723,2,1396253,Sibbaldia procumbens,62.382092
CBN-PdlC-C2-20180723,3,1412857,Omalotheca supina,61.334793
CBN-PdlC-C2-20180815,1,1412857,Omalotheca supina,62.301796
CBN-PdlC-C2-20180815,2,1397386,Festuca scabriculmis,61.257698
CBN-PdlC-C2-20180815,3,1393200,Homogyne alpina,61.200798
CBN-PdlC-C2-20180905,1,1412857,Omalotheca supina,63.822414
CBN-PdlC-C2-20180905,2,1392541,Gentiana brachyphylla,63.692604
CBN-PdlC-C2-20180905,3,1393200,Homogyne alpina,63.673981
CBN-PdlC-C2-20190701,1,1743315,Helosciadium bermejoi,55.810684
CBN-PdlC-C2-20190701,2,1609716,Epilobium komarovianum,54.899288
CBN-PdlC-C2-20190701,3,1424250,Spirodela punctata,54.716751
CBN-PdlC-C2-20190722,1,1393200,Homogyne alpina,65.654938
CBN-PdlC-C2-20190722,2,1392535,Gentiana alpina,64.925529
CBN-PdlC-C2-20190722,3,1392541,Gentiana brachyphylla,62.495163
CBN-PdlC-C2-20190812,1,1392534,Gentiana acaulis,64.883141
CBN-PdlC-C2-20190812,2,1396253,Sibbaldia procumbens,64.463013
CBN-PdlC-C2-20190812,3,1392535,Gentiana alpina,63.581612
CBN-PdlC-C2-20190909,1,1412857,Omalotheca supina,65.627136
CBN-PdlC-C2-20190909,2,1742053,Omalotheca hoppeana,63.196041
CBN-PdlC-C2-20190909,3,1393200,Homogyne alpina,62.844925
CBN-PdlC-C2-20200722,1,1393200,Homogyne alpina,63.203484
CBN-PdlC-C2-20200722,2,1395807,Salix herbacea,62.922417
CBN-PdlC-C2-20200722,3,1392541,Gentiana brachyphylla,61.740669
CBN-PdlC-C2-20200812,1,1392541,Gentiana brachyphylla,64.569710
CBN-PdlC-C2-20200812,2,1392534,Gentiana acaulis,63.992996
CBN-PdlC-C2-20200812,3,1393200,Homogyne alpina,63.959084
CBN-PdlC-C3-20130807,1,1396253,Sibbaldia procumbens,63.570198
CBN-PdlC-C3-20130807,2,1393200,Homogyne alpina,62.119827
CBN-PdlC-C3-20130807,3,1395807,Salix herbacea,60.876316
CBN-PdlC-C3-20130903,1,1412857,Omalotheca supina,63.617378
CBN-PdlC-C3-20130903,2,1392541,Gentiana brachyphylla,61.768578
CBN-PdlC-C3-20130903,3,1396253,Sibbaldia procumbens,61.396862
CBN-PdlC-C3-20140721,1,1396253,Sibbaldia procumbens,61.449104
CBN-PdlC-C3-20140721,2,1392534,Gentiana acaulis,60.892021
CBN-PdlC-C3-20140721,3,1399800,Pinguicula nevadensis,60.104580
CBN-PdlC-C3-20140811,1,1412857,Omalotheca supina,66.111710
CBN-PdlC-C3-20140811,2,1397386,Festuca scabriculmis,63.725056
CBN-PdlC-C3-20140811,3,1742053,Omalotheca hoppeana,62.721588
CBN-PdlC-C3-20140901,1,1396253,Sibbaldia procumbens,62.691212
CBN-PdlC-C3-20140901,2,1412857,Omalotheca supina,61.767754
CBN-PdlC-C3-20140901,3,1742053,Omalotheca hoppeana,61.692158
CBN-PdlC-C3-20150701,1,1393200,Homogyne alpina,64.241638
CBN-PdlC-C3-20150701,2,1392541,Gentiana brachyphylla,60.948669
CBN-PdlC-C3-20150701,3,1394911,Primula integrifolia,60.687790
CBN-PdlC-C3-20150720,1,1396253,Sibbaldia procumbens,62.452187
CBN-PdlC-C3-20150720,2,1395807,Salix herbacea,61.209618
CBN-PdlC-C3-20150720,3,1361367,Poa alpina,60.298378
CBN-PdlC-C3-20150831,1,1742053,Omalotheca hoppeana,64.279991
CBN-PdlC-C3-20150831,2,1396253,Sibbaldia procumbens,63.879612
CBN-PdlC-C3-20150831,3,1395807,Salix herbacea,61.810043
CBN-PdlC-C3-20160705,1,1396253,Sibbaldia procumbens,64.361076
CBN-PdlC-C3-20160705,2,1361347,Nardus stricta,62.370182
CBN-PdlC-C3-20160705,3,1392541,Gentiana brachyphylla,61.071663
CBN-PdlC-C3-20160726,1,1393660,Luzula alpinopilosa,64.139671
CBN-PdlC-C3-20160726,2,1392608,Geum montanum,63.879807
CBN-PdlC-C3-20160726,3,1396253,Sibbaldia procumbens,63.548660
CBN-PdlC-C3-20170816,1,1396253,Sibbaldia procumbens,62.916248
CBN-PdlC-C3-20170816,2,1392534,Gentiana acaulis,62.667854
CBN-PdlC-C3-20170816,3,1392541,Gentiana brachyphylla,62.505447
CBN-PdlC-C3-20170906,1,1396253,Sibbaldia procumbens,64.909668
CBN-PdlC-C3-20170906,2,1395807,Salix herbacea,61.095016
CBN-PdlC-C3-20170906,3,1361347,Nardus stricta,61.091568
CBN-PdlC-C3-20180723,1,1396253,Sibbaldia procumbens,63.269302
CBN-PdlC-C3-20180723,2,1393200,Homogyne alpina,63.190575
CBN-PdlC-C3-20180723,3,1741880,Salix serpillifolia,61.325241
CBN-PdlC-C3-20180815,1,1396253,Sibbaldia procumbens,63.410187
CBN-PdlC-C3-20180815,2,1393200,Homogyne alpina,59.602985
CBN-PdlC-C3-20180815,3,1395870,Salix retusa,58.565147
CBN-PdlC-C3-20180905,1,1396253,Sibbaldia procumbens,63.473671
CBN-PdlC-C3-20180905,2,1392534,Gentiana acaulis,62.281487
CBN-PdlC-C3-20180905,3,1412857,Omalotheca supina,60.687424
CBN-PdlC-C3-20190701,1,1363133,Triglochin striata,60.009701
CBN-PdlC-C3-20190701,2,1399798,Pinguicula dertosensis,59.919121
CBN-PdlC-C3-20190701,3,1609716,Epilobium komarovianum,57.742733
CBN-PdlC-C3-20190722,1,1396253,Sibbaldia procumbens,63.263401
CBN-PdlC-C3-20190722,2,1361598,Luzula pilosa,61.349869
CBN-PdlC-C3-20190722,3,1361347,Nardus stricta,60.835030
CBN-PdlC-C3-20190812,1,1395807,Salix herbacea,61.090500
CBN-PdlC-C3-20190812,2,1396253,Sibbaldia procumbens,60.044029
CBN-PdlC-C3-20190812,3,1396733,Thalictrum alpinum,57.420506
CBN-PdlC-C3-20190909,1,1396253,Sibbaldia procumbens,63.050758
CBN-PdlC-C3-20190909,2,1363441,Briza minor,62.360912
CBN-PdlC-C3-20190909,3,1392293,Festuca eskia,60.887474
CBN-PdlC-C3-20200722,1,1393659,Luzula alpina,63.905659
CBN-PdlC-C3-20200722,2,1396253,Sibbaldia procumbens,63.077621
CBN-PdlC-C3-20200722,3,1393660,Luzula alpinopilosa,62.872414
CBN-PdlC-C3-20200812,1,1395807,Salix herbacea,62.535652
CBN-PdlC-C3-20200812,2,1396253,Sibbaldia procumbens,61.742271
CBN-PdlC-C3-20200812,3,1397386,Festuca scabriculmis,59.323067
CBN-PdlC-C4-20130807,1,1395807,Salix herbacea,59.439606
CBN-PdlC-C4-20130807,2,1392608,Geum montanum,58.448689
CBN-PdlC-C4-20130807,3,1396112,Scorzonera aristata,58.319790
CBN-PdlC-C4-20130903,1,1395807,Salix herbacea,61.351143
CBN-PdlC-C4-20130903,2,1395870,Salix retusa,60.230034
CBN-PdlC-C4-20130903,3,1363455,Poa annua,59.873306
CBN-PdlC-C4-20140721,1,1390793,Carex curvula,59.742191
CBN-PdlC-C4-20140721,2,1394311,Oreochloa disticha,58.007233
CBN-PdlC-C4-20140721,3,1391503,Cyperus congestus,57.661613
CBN-PdlC-C4-20140811,1,1395807,Salix herbacea,62.043579
CBN-PdlC-C4-20140811,2,1361367,Poa alpina,60.606133
CBN-PdlC-C4-20140811,3,1390793,Carex curvula,60.167091
CBN-PdlC-C4-20140901,1,1392608,Geum montanum,63.716091
CBN-PdlC-C4-20140901,2,1361367,Poa alpina,63.368656
CBN-PdlC-C4-20140901,3,1396253,Sibbaldia procumbens,62.380123
CBN-PdlC-C4-20150701,1,1393200,Homogyne alpina,59.347713
CBN-PdlC-C4-20150701,2,1396144,Sedum alpestre,57.754562
CBN-PdlC-C4-20150701,3,1361367,Poa alpina,57.587456
CBN-PdlC-C4-20150720,1,1395807,Salix herbacea,60.922226
CBN-PdlC-C4-20150720,2,1397043,Veronica alpina,60.863689
CBN-PdlC-C4-20150720,3,1392608,Geum montanum,60.600006
CBN-PdlC-C4-20150831,1,1395807,Salix herbacea,62.759361
CBN-PdlC-C4-20150831,2,1742053,Omalotheca hoppeana,61.490238
CBN-PdlC-C4-20150831,3,1394311,Oreochloa disticha,61.190868
CBN-PdlC-C4-20160705,1,1390793,Carex curvula,62.552025
CBN-PdlC-C4-20160705,2,1741880,Salix serpillifolia,58.619324
CBN-PdlC-C4-20160705,3,1394311,Oreochloa disticha,58.603424
CBN-PdlC-C4-20160726,1,1364066,Veronica serpyllifolia,62.573944
CBN-PdlC-C4-20160726,2,1397043,Veronica alpina,62.016094
CBN-PdlC-C4-20160726,3,1395807,Salix herbacea,60.998940
CBN-PdlC-C4-20170816,1,1395807,Salix herbacea,61.417332
CBN-PdlC-C4-20170816,2,1394311,Oreochloa disticha,58.736683
CBN-PdlC-C4-20170816,3,1361141,Agrostis rupestris,58.629631
CBN-PdlC-C4-20170906,1,1396253,Sibbaldia procumbens,61.962036
CBN-PdlC-C4-20170906,2,1393200,Homogyne alpina,61.572899
CBN-PdlC-C4-20170906,3,1395807,Salix herbacea,60.096619
CBN-PdlC-C4-20180723,1,1393708,Lysimachia nummularia,61.814293
CBN-PdlC-C4-20180723,2,1741880,Salix serpillifolia,60.006516
CBN-PdlC-C4-20180723,3,1395807,Salix herbacea,60.002357
CBN-PdlC-C4-20180815,1,1396253,Sibbaldia procumbens,61.401237
CBN-PdlC-C4-20180815,2,1396843,Trifolium alpinum,57.468109
CBN-PdlC-C4-20180815,3,1395807,Salix herbacea,57.242584
CBN-PdlC-C4-20180905,1,1395807,Salix herbacea,59.261486
CBN-PdlC-C4-20180905,2,1395870,Salix retusa,57.520721
CBN-PdlC-C4-20180905,3,1741880,Salix serpillifolia,56.805153
CBN-PdlC-C4-20190701,1,1393228,Hylotelephium anacampseros,58.304050
CBN-PdlC-C4-20190701,2,1363595,Phleum pratense,57.836258
CBN-PdlC-C4-20190701,3,1392407,Gagea serotina,57.047897
CBN-PdlC-C4-20190722,1,1396253,Sibbaldia procumbens,64.050919
CBN-PdlC-C4-20190722,2,1395807,Salix herbacea,62.189529
CBN-PdlC-C4-20190722,3,1363543,Stenotaphrum secundatum,59.757694
CBN-PdlC-C4-20190812,1,1393200,Homogyne alpina,62.400581
CBN-PdlC-C4-20190812,2,1397043,Veronica alpina,62.298481
CBN-PdlC-C4-20190812,3,1395807,Salix herbacea,61.865040
CBN-PdlC-C4-20190909,1,1361367,Poa alpina,61.611099
CBN-PdlC-C4-20190909,2,1395807,Salix herbacea,61.125969
CBN-PdlC-C4-20190909,3,1397043,Veronica alpina,58.990135
CBN-PdlC-C4-20200722,1,1393660,Luzula alpinopilosa,62.435886
CBN-PdlC-C4-20200722,2,1396253,Sibbaldia procumbens,61.624466
CBN-PdlC-C4-20200722,3,1395807,Salix herbacea,60.092789
CBN-PdlC-C4-20200812,1,1395807,Salix herbacea,61.733841
CBN-PdlC-C4-20200812,2,1396253,Sibbaldia procumbens,61.307026
CBN-PdlC-C4-20200812,3,1395870,Salix retusa,60.887283
CBN-PdlC-C5-20130807,1,1395807,Salix herbacea,61.561394
CBN-PdlC-C5-20130807,2,1364066,Veronica serpyllifolia,58.850807
CBN-PdlC-C5-20130807,3,1394311,Oreochloa disticha,58.831612
CBN-PdlC-C5-20130903,1,1395807,Salix herbacea,60.927601
CBN-PdlC-C5-20130903,2,1394311,Oreochloa disticha,60.903984
CBN-PdlC-C5-20130903,3,1397046,Veronica bellidioides,59.331886
CBN-PdlC-C5-20140721,1,1396253,Sibbaldia procumbens,62.076447
CBN-PdlC-C5-20140721,2,1390793,Carex curvula,62.053272
CBN-PdlC-C5-20140721,3,1364066,Veronica serpyllifolia,60.889568
CBN-PdlC-C5-20140811,1,1397043,Veronica alpina,65.107269
CBN-PdlC-C5-20140811,2,1394311,Oreochloa disticha,64.542755
CBN-PdlC-C5-20140811,3,1395807,Salix herbacea,63.611523
CBN-PdlC-C5-20140901,1,1396253,Sibbaldia procumbens,63.586342
CBN-PdlC-C5-20140901,2,1361367,Poa alpina,61.344025
CBN-PdlC-C5-20140901,3,1394311,Oreochloa disticha,59.549797
CBN-PdlC-C5-20150701,1,1396253,Sibbaldia procumbens,60.081291
CBN-PdlC-C5-20150701,2,1363543,Stenotaphrum secundatum,59.737572
CBN-PdlC-C5-20150701,3,1394311,Oreochloa disticha,58.042358
CBN-PdlC-C5-20150720,1,1396253,Sibbaldia procumbens,64.847778
CBN-PdlC-C5-20150720,2,1392608,Geum montanum,62.681297
CBN-PdlC-C5-20150720,3,1394311,Oreochloa disticha,61.984283
CBN-PdlC-C5-20150810,1,1743456,Carex macrostylos,62.694603
CBN-PdlC-C5-20150810,2,1396253,Sibbaldia procumbens,61.859222
CBN-PdlC-C5-20150810,3,1395807,Salix herbacea,61.848282
CBN-PdlC-C5-20150831,1,1396253,Sibbaldia procumbens,63.674473
CBN-PdlC-C5-20150831,2,1392608,Geum montanum,62.319447
CBN-PdlC-C5-20150831,3,1395807,Salix herbacea,62.264946
CBN-PdlC-C5-20160705,1,1396253,Sibbaldia procumbens,64.691513
CBN-PdlC-C5-20160705,2,1390793,Carex curvula,61.834930
CBN-PdlC-C5-20160705,3,1395870,Salix retusa,61.464668
CBN-PdlC-C5-20160726,1,1396253,Sibbaldia procumbens,62.735386
CBN-PdlC-C5-20160726,2,1397043,Veronica alpina,62.376762
CBN-PdlC-C5-20160726,3,1395807,Salix herbacea,62.246460
CBN-PdlC-C5-20170816,1,1396253,Sibbaldia procumbens,63.428444
CBN-PdlC-C5-20170816,2,1395807,Salix herbacea,62.289696
CBN-PdlC-C5-20170816,3,1393659,Luzula alpina,60.520859
CBN-PdlC-C5-20170906,1,1392608,Geum montanum,63.398849
CBN-PdlC-C5-20170906,2,1396253,Sibbaldia procumbens,62.885830
CBN-PdlC-C5-20170906,3,1395862,Salix pyrenaica,61.710472
CBN-PdlC-C5-20180723,1,1392608,Geum montanum,63.390247
CBN-PdlC-C5-20180723,2,1396253,Sibbaldia procumbens,61.526527
CBN-PdlC-C5-20180723,3,1395807,Salix herbacea,60.999458
CBN-PdlC-C5-20180815,1,1396253,Sibbaldia procumbens,62.345184
CBN-PdlC-C5-20180815,2,1395948,Saxifraga biflora,58.988953
CBN-PdlC-C5-20180815,3,1741880,Salix serpillifolia,58.951233
CBN-PdlC-C5-20180905,1,1396253,Sibbaldia procumbens,64.142380
CBN-PdlC-C5-20180905,2,1395807,Salix herbacea,60.287628
CBN-PdlC-C5-20180905,3,1392241,Alchemilla pentaphyllea,59.961391
CBN-PdlC-C5-20190701,1,1392541,Gentiana brachyphylla,59.443382
CBN-PdlC-C5-20190701,2,1392608,Geum montanum,58.148071
CBN-PdlC-C5-20190701,3,1392406,Gagea reverchonii,56.597122
CBN-PdlC-C5-20190722,1,1396253,Sibbaldia procumbens,63.884422
CBN-PdlC-C5-20190722,2,1390793,Carex curvula,63.189285
CBN-PdlC-C5-20190722,3,1397043,Veronica alpina,62.509003
CBN-PdlC-C5-20190812,1,1396253,Sibbaldia procumbens,65.057098
CBN-PdlC-C5-20190812,2,1395807,Salix herbacea,61.416832
CBN-PdlC-C5-20190812,3,1397043,Veronica alpina,60.070332
CBN-PdlC-C5-20190909,1,1396253,Sibbaldia procumbens,63.690502
CBN-PdlC-C5-20190909,2,1395807,Salix herbacea,62.648788
CBN-PdlC-C5-20190909,3,1361367,Poa alpina,62.621559
CBN-PdlC-C5-20200722,1,1396253,Sibbaldia procumbens,63.765842
CBN-PdlC-C5-20200722,2,1390899,Carex pyrenaica,61.657364
CBN-PdlC-C5-20200722,3,1395807,Salix herbacea,61.316429
CBN-PdlC-C5-20200812,1,1396253,Sibbaldia procumbens,63.063087
CBN-PdlC-C5-20200812,2,1395807,Salix herbacea,61.683617
CBN-PdlC-C5-20200812,3,1392608,Geum montanum,60.931610
CBN-PdlC-C6-20130807,1,1393200,Homogyne alpina,61.941376
CBN-PdlC-C6-20130807,2,1396253,Sibbaldia procumbens,60.992676
CBN-PdlC-C6-20130807,3,1393887,Myosotis corsicana,59.344570
CBN-PdlC-C6-20130903,1,1394311,Oreochloa disticha,64.925323
CBN-PdlC-C6-20130903,2,1397043,Veronica alpina,64.686127
CBN-PdlC-C6-20130903,3,1395807,Salix herbacea,62.388351
CBN-PdlC-C6-20140721,1,1396253,Sibbaldia procumbens,64.342819
CBN-PdlC-C6-20140721,2,1392608,Geum montanum,63.567368
CBN-PdlC-C6-20140721,3,1393200,Homogyne alpina,62.111309
CBN-PdlC-C6-20140811,1,1395807,Salix herbacea,63.174469
CBN-PdlC-C6-20140811,2,1356709,Myosotis ramosissima,62.340820
CBN-PdlC-C6-20140811,3,1396253,Sibbaldia procumbens,61.930218
CBN-PdlC-C6-20140901,1,1396253,Sibbaldia procumbens,64.318451
CBN-PdlC-C6-20140901,2,1361367,Poa alpina,62.034855
CBN-PdlC-C6-20140901,3,1396733,Thalictrum alpinum,61.115314
CBN-PdlC-C6-20150701,1,1396253,Sibbaldia procumbens,62.387550
CBN-PdlC-C6-20150701,2,1393200,Homogyne alpina,60.984798
CBN-PdlC-C6-20150701,3,1397279,Alchemilla alpina,58.127972
CBN-PdlC-C6-20150720,1,1393200,Homogyne alpina,64.703522
CBN-PdlC-C6-20150720,2,1396253,Sibbaldia procumbens,64.688583
CBN-PdlC-C6-20150720,3,1390793,Carex curvula,61.570999
CBN-PdlC-C6-20150810,1,1396253,Sibbaldia procumbens,63.705681
CBN-PdlC-C6-20150810,2,1390899,Carex pyrenaica,63.670338
CBN-PdlC-C6-20150810,3,1393200,Homogyne alpina,62.355186
CBN-PdlC-C6-20150831,1,1396253,Sibbaldia procumbens,62.511322
CBN-PdlC-C6-20150831,2,1395807,Salix herbacea,62.354977
CBN-PdlC-C6-20150831,3,1394311,Oreochloa disticha,61.589134
CBN-PdlC-C6-20160705,1,1396253,Sibbaldia procumbens,65.728951
CBN-PdlC-C6-20160705,2,1393200,Homogyne alpina,63.187248
CBN-PdlC-C6-20160705,3,1392608,Geum montanum,62.427906
CBN-PdlC-C6-20160726,1,1397043,Veronica alpina,63.628944
CBN-PdlC-C6-20160726,2,1396253,Sibbaldia procumbens,63.558292
CBN-PdlC-C6-20160726,3,1392608,Geum montanum,62.199493
CBN-PdlC-C6-20170816,1,1393200,Homogyne alpina,65.433487
CBN-PdlC-C6-20170816,2,1396253,Sibbaldia procumbens,62.597336
CBN-PdlC-C6-20170816,3,1362482,Phleum alpinum,62.470348
CBN-PdlC-C6-20170906,1,1396253,Sibbaldia procumbens,61.011387
CBN-PdlC-C6-20170906,2,1393200,Homogyne alpina,60.356300
CBN-PdlC-C6-20170906,3,1395807,Salix herbacea,60.055428
CBN-PdlC-C6-20180723,1,1393200,Homogyne alpina,65.498901
CBN-PdlC-C6-20180723,2,1395870,Salix retusa,61.526638
CBN-PdlC-C6-20180723,3,1396253,Sibbaldia procumbens,60.381481
CBN-PdlC-C6-20180815,1,1393200,Homogyne alpina,62.587196
CBN-PdlC-C6-20180815,2,1396253,Sibbaldia procumbens,60.620438
CBN-PdlC-C6-20180815,3,1362482,Phleum alpinum,57.516563
CBN-PdlC-C6-20180905,1,1393200,Homogyne alpina,65.839043
CBN-PdlC-C6-20180905,2,1396253,Sibbaldia procumbens,63.738258
CBN-PdlC-C6-20180905,3,1393494,Leucanthemopsis alpina,59.901047
CBN-PdlC-C6-20190701,1,1393200,Homogyne alpina,64.712517
CBN-PdlC-C6-20190701,2,1392819,Allium strictum,54.987030
CBN-PdlC-C6-20190701,3,1418688,Arctous alpina,54.849075
CBN-PdlC-C6-20190722,1,1396253,Sibbaldia procumbens,64.759567
CBN-PdlC-C6-20190722,2,1393200,Homogyne alpina,63.726799
CBN-PdlC-C6-20190722,3,1393660,Luzula alpinopilosa,61.565056
CBN-PdlC-C6-20190812,1,1392608,Geum montanum,64.837852
CBN-PdlC-C6-20190812,2,1396253,Sibbaldia procumbens,62.853867
CBN-PdlC-C6-20190812,3,1393200,Homogyne alpina,62.647499
CBN-PdlC-C6-20190909,1,1393200,Homogyne alpina,67.515991
CBN-PdlC-C6-20190909,2,1396253,Sibbaldia procumbens,63.642426
CBN-PdlC-C6-20190909,3,1392608,Geum montanum,63.626842
CBN-PdlC-C6-20200722,1,1396253,Sibbaldia procumbens,64.302673
CBN-PdlC-C6-20200722,2,1392608,Geum montanum,64.273628
CBN-PdlC-C6-20200722,3,1647677,Alopecurus gerardii,62.372601
CBN-PdlC-C6-20200812,1,1396253,Sibbaldia procumbens,64.328163
CBN-PdlC-C6-20200812,2,1397465,Polygala alpina,62.047844
CBN-PdlC-C6-20200812,3,1395807,Salix herbacea,62.009010
CBN-PdlC-D1-20130807,1,1396253,Sibbaldia procumbens,64.096924
CBN-PdlC-D1-20130807,2,1395807,Salix herbacea,61.072384
CBN-PdlC-D1-20130807,3,1393708,Lysimachia nummularia,60.356380
CBN-PdlC-D1-20130903,1,1396253,Sibbaldia procumbens,64.420364
CBN-PdlC-D1-20130903,2,1395807,Salix herbacea,62.659439
CBN-PdlC-D1-20130903,3,1390899,Carex pyrenaica,62.489079
CBN-PdlC-D1-20140721,1,1396253,Sibbaldia procumbens,64.767143
CBN-PdlC-D1-20140721,2,1392534,Gentiana acaulis,62.077190
CBN-PdlC-D1-20140721,3,1396970,Vaccinium uliginosum,60.452450
CBN-PdlC-D1-20140811,1,1392608,Geum montanum,64.710907
CBN-PdlC-D1-20140811,2,1395807,Salix herbacea,64.447807
CBN-PdlC-D1-20140811,3,1396253,Sibbaldia procumbens,63.809273
CBN-PdlC-D1-20140901,1,1396253,Sibbaldia procumbens,64.549095
CBN-PdlC-D1-20140901,2,1412857,Omalotheca supina,61.802509
CBN-PdlC-D1-20140901,3,1392608,Geum montanum,61.623512
CBN-PdlC-D1-20150701,1,1396253,Sibbaldia procumbens,63.735245
CBN-PdlC-D1-20150701,2,1395870,Salix retusa,59.577812
CBN-PdlC-D1-20150701,3,1741880,Salix serpillifolia,58.589111
CBN-PdlC-D1-20150720,1,1396253,Sibbaldia procumbens,65.290977
CBN-PdlC-D1-20150720,2,1392534,Gentiana acaulis,63.997574
CBN-PdlC-D1-20150720,3,1395807,Salix herbacea,62.437698
CBN-PdlC-D1-20150810,1,1396253,Sibbaldia procumbens,64.968018
CBN-PdlC-D1-20150810,2,1390899,Carex pyrenaica,64.893562
CBN-PdlC-D1-20150810,3,1392534,Gentiana acaulis,64.364258
CBN-PdlC-D1-20150831,1,1396253,Sibbaldia procumbens,64.173180
CBN-PdlC-D1-20150831,2,1392534,Gentiana acaulis,62.670311
CBN-PdlC-D1-20150831,3,1390899,Carex pyrenaica,62.057610
CBN-PdlC-D1-20160705,1,1396253,Sibbaldia procumbens,65.025200
CBN-PdlC-D1-20160705,2,1741880,Salix serpillifolia,60.054993
CBN-PdlC-D1-20160705,3,1395870,Salix retusa,60.028008
CBN-PdlC-D1-20160726,1,1396253,Sibbaldia procumbens,64.182877
CBN-PdlC-D1-20160726,2,1392534,Gentiana acaulis,63.091263
CBN-PdlC-D1-20160726,3,1395807,Salix herbacea,61.422169
CBN-PdlC-D1-20170816,1,1395807,Salix herbacea,62.792702
CBN-PdlC-D1-20170816,2,1396253,Sibbaldia procumbens,62.571922
CBN-PdlC-D1-20170816,3,1361367,Poa alpina,59.373215
CBN-PdlC-D1-20170906,1,1396253,Sibbaldia procumbens,63.760250
CBN-PdlC-D1-20170906,2,1361367,Poa alpina,61.266033
CBN-PdlC-D1-20170906,3,1395807,Salix herbacea,60.415619
CBN-PdlC-D1-20180723,1,1396253,Sibbaldia procumbens,62.939781
CBN-PdlC-D1-20180723,2,1393200,Homogyne alpina,61.903439
CBN-PdlC-D1-20180723,3,1741880,Salix serpillifolia,61.415054
CBN-PdlC-D1-20180815,1,1396253,Sibbaldia procumbens,61.670723
CBN-PdlC-D1-20180815,2,1395870,Salix retusa,58.052994
CBN-PdlC-D1-20180815,3,1395807,Salix herbacea,58.020844
CBN-PdlC-D1-20180905,1,1412857,Omalotheca supina,65.026047
CBN-PdlC-D1-20180905,2,1396253,Sibbaldia procumbens,64.874680
CBN-PdlC-D1-20180905,3,1742053,Omalotheca hoppeana,63.722939
CBN-PdlC-D1-20190701,1,1396253,Sibbaldia procumbens,64.175323
CBN-PdlC-D1-20190701,2,1418688,Arctous alpina,57.080460
CBN-PdlC-D1-20190701,3,1397535,Gentiana verna,56.632168
CBN-PdlC-D1-20190722,1,1396253,Sibbaldia procumbens,64.724663
CBN-PdlC-D1-20190722,2,1395807,Salix herbacea,61.940067
CBN-PdlC-D1-20190722,3,1392608,Geum montanum,59.077438
CBN-PdlC-D1-20190812,1,1396253,Sibbaldia procumbens,64.648071
CBN-PdlC-D1-20190812,2,1392608,Geum montanum,61.398544
CBN-PdlC-D1-20190812,3,1395807,Salix herbacea,61.241734
CBN-PdlC-D1-20190909,1,1396253,Sibbaldia procumbens,62.897118
CBN-PdlC-D1-20190909,2,1395807,Salix herbacea,60.882935
CBN-PdlC-D1-20190909,3,1397386,Festuca scabriculmis,59.876869
CBN-PdlC-D1-20200722,1,1396253,Sibbaldia procumbens,64.952988
CBN-PdlC-D1-20200722,2,1392535,Gentiana alpina,64.768936
CBN-PdlC-D1-20200722,3,1392534,Gentiana acaulis,64.381592
CBN-PdlC-D1-20200812,1,1392534,Gentiana acaulis,66.068100
CBN-PdlC-D1-20200812,2,1396253,Sibbaldia procumbens,65.552452
CBN-PdlC-D1-20200812,3,1392535,Gentiana alpina,62.634422
CBN-PdlC-D2-20130807,1,1396253,Sibbaldia procumbens,63.578102
CBN-PdlC-D2-20130807,2,1412857,Omalotheca supina,60.892124
CBN-PdlC-D2-20130807,3,1393619,Logfia minima,58.931625
CBN-PdlC-D2-20130903,1,1412857,Omalotheca supina,64.093132
CBN-PdlC-D2-20130903,2,1396253,Sibbaldia procumbens,63.160347
CBN-PdlC-D2-20130903,3,1390793,Carex curvula,62.059616
CBN-PdlC-D2-20140721,1,1396253,Sibbaldia procumbens,63.274025
CBN-PdlC-D2-20140721,2,1412857,Omalotheca supina,61.121155
CBN-PdlC-D2-20140721,3,1392241,Alchemilla pentaphyllea,60.419514
CBN-PdlC-D2-20140811,1,1412857,Omalotheca supina,64.146889
CBN-PdlC-D2-20140811,2,1742053,Omalotheca hoppeana,63.825119
CBN-PdlC-D2-20140811,3,1396253,Sibbaldia procumbens,63.714088
CBN-PdlC-D2-20140901,1,1396253,Sibbaldia procumbens,64.208611
CBN-PdlC-D2-20140901,2,1412857,Omalotheca supina,64.084068
CBN-PdlC-D2-20140901,3,1392260,Festuca alpina,63.038101
CBN-PdlC-D2-20150720,1,1392534,Gentiana acaulis,63.792088
CBN-PdlC-D2-20150720,2,1396253,Sibbaldia procumbens,63.709045
CBN-PdlC-D2-20150720,3,1412857,Omalotheca supina,62.526497
CBN-PdlC-D2-20150810,1,1396253,Sibbaldia procumbens,63.622360
CBN-PdlC-D2-20150810,2,1412857,Omalotheca supina,63.580894
CBN-PdlC-D2-20150810,3,1742053,Omalotheca hoppeana,62.203094
CBN-PdlC-D2-20150831,1,1412857,Omalotheca supina,64.676308
CBN-PdlC-D2-20150831,2,1396253,Sibbaldia procumbens,63.951645
CBN-PdlC-D2-20150831,3,1742053,Omalotheca hoppeana,63.848293
CBN-PdlC-D2-20160705,1,1396253,Sibbaldia procumbens,63.476879
CBN-PdlC-D2-20160705,2,1742053,Omalotheca hoppeana,61.939365
CBN-PdlC-D2-20160705,3,1412857,Omalotheca supina,61.602173
CBN-PdlC-D2-20160726,1,1392534,Gentiana acaulis,64.923447
CBN-PdlC-D2-20160726,2,1396253,Sibbaldia procumbens,64.715469
CBN-PdlC-D2-20160726,3,1392535,Gentiana alpina,63.873886
CBN-PdlC-D2-20170816,1,1396253,Sibbaldia procumbens,63.988564
CBN-PdlC-D2-20170816,2,1412857,Omalotheca supina,63.937393
CBN-PdlC-D2-20170816,3,1742053,Omalotheca hoppeana,62.999130
CBN-PdlC-D2-20170906,1,1396253,Sibbaldia procumbens,64.313492
CBN-PdlC-D2-20170906,2,1395807,Salix herbacea,62.065102
CBN-PdlC-D2-20170906,3,1412857,Omalotheca supina,61.933796
CBN-PdlC-D2-20180723,1,1396253,Sibbaldia procumbens,64.047394
CBN-PdlC-D2-20180723,2,1394643,Antennaria dioica,60.918915
CBN-PdlC-D2-20180723,3,1390793,Carex curvula,60.917297
CBN-PdlC-D2-20180815,1,1742053,Omalotheca hoppeana,64.390533
CBN-PdlC-D2-20180815,2,1412857,Omalotheca supina,62.396019
CBN-PdlC-D2-20180815,3,1396253,Sibbaldia procumbens,62.225216
CBN-PdlC-D2-20180905,1,1412857,Omalotheca supina,64.571800
CBN-PdlC-D2-20180905,2,1396253,Sibbaldia procumbens,64.049538
CBN-PdlC-D2-20180905,3,1742053,Omalotheca hoppeana,62.391239
CBN-PdlC-D2-20190701,1,1392534,Gentiana acaulis,57.986546
CBN-PdlC-D2-20190701,2,1390532,Salvinia molesta,57.811752
CBN-PdlC-D2-20190701,3,1399800,Pinguicula nevadensis,57.015625
CBN-PdlC-D2-20190722,1,1396253,Sibbaldia procumbens,63.399254
CBN-PdlC-D2-20190722,2,1394643,Antennaria dioica,63.351257
CBN-PdlC-D2-20190722,3,1395807,Salix herbacea,61.912880
CBN-PdlC-D2-20190812,1,1396253,Sibbaldia procumbens,64.438637
CBN-PdlC-D2-20190812,2,1412857,Omalotheca supina,64.327354
CBN-PdlC-D2-20190812,3,1742053,Omalotheca hoppeana,60.360809
CBN-PdlC-D2-20190909,1,1412857,Omalotheca supina,63.341057
CBN-PdlC-D2-20190909,2,1742053,Omalotheca hoppeana,63.286247
CBN-PdlC-D2-20190909,3,1396253,Sibbaldia procumbens,62.914814
CBN-PdlC-D2-20200722,1,1396253,Sibbaldia procumbens,63.975304
CBN-PdlC-D2-20200722,2,1394643,Antennaria dioica,61.443638
CBN-PdlC-D2-20200722,3,1395807,Salix herbacea,60.514637
CBN-PdlC-D2-20200812,1,1412857,Omalotheca supina,65.388214
CBN-PdlC-D2-20200812,2,1742053,Omalotheca hoppeana,65.337112
CBN-PdlC-D2-20200812,3,1394643,Antennaria dioica,64.026184
CBN-PdlC-D3-20130807,1,1413349,Armeria maritima,63.792938
CBN-PdlC-D3-20130807,2,1647187,Armeria welwitschii,62.212540
CBN-PdlC-D3-20130807,3,1744479,Armeria bigerrensis,61.375751
CBN-PdlC-D3-20130903,1,1647128,Armeria alpina,65.698624
CBN-PdlC-D3-20130903,2,1744479,Armeria bigerrensis,63.993584
CBN-PdlC-D3-20130903,3,1412857,Omalotheca supina,63.516975
CBN-PdlC-D3-20140721,1,1396441,Armeria ruscinonensis,62.986618
CBN-PdlC-D3-20140721,2,1413349,Armeria maritima,62.546978
CBN-PdlC-D3-20140721,3,1396347,Armeria euscadiensis,62.539253
CBN-PdlC-D3-20140811,1,1742053,Omalotheca hoppeana,63.700481
CBN-PdlC-D3-20140811,2,1412857,Omalotheca supina,63.625278
CBN-PdlC-D3-20140811,3,1390883,Carex parviflora,63.536125
CBN-PdlC-D3-20140901,1,1412857,Omalotheca supina,63.060318
CBN-PdlC-D3-20140901,2,1742053,Omalotheca hoppeana,62.799286
CBN-PdlC-D3-20140901,3,1396253,Sibbaldia procumbens,62.663040
CBN-PdlC-D3-20150701,1,1413349,Armeria maritima,61.928741
CBN-PdlC-D3-20150701,2,1392541,Gentiana brachyphylla,60.165592
CBN-PdlC-D3-20150701,3,1647170,Armeria pubigera,59.855663
CBN-PdlC-D3-20150720,1,1647128,Armeria alpina,63.537117
CBN-PdlC-D3-20150720,2,1413349,Armeria maritima,63.298531
CBN-PdlC-D3-20150720,3,1394643,Antennaria dioica,63.051323
CBN-PdlC-D3-20150831,1,1742053,Omalotheca hoppeana,65.710373
CBN-PdlC-D3-20150831,2,1412857,Omalotheca supina,65.297249
CBN-PdlC-D3-20150831,3,1392534,Gentiana acaulis,63.474499
CBN-PdlC-D3-20160705,1,1358097,Sedum andegavense,64.179062
CBN-PdlC-D3-20160705,2,1647156,Armeria humilis,62.684372
CBN-PdlC-D3-20160705,3,1413349,Armeria maritima,61.806404
CBN-PdlC-D3-20160726,1,1413349,Armeria maritima,63.763092
CBN-PdlC-D3-20160726,2,1356278,Trifolium fragiferum,63.746460
CBN-PdlC-D3-20160726,3,1393619,Logfia minima,62.733414
CBN-PdlC-D3-20170816,1,1647128,Armeria alpina,63.842812
CBN-PdlC-D3-20170816,2,1647156,Armeria humilis,62.805534
CBN-PdlC-D3-20170816,3,1744479,Armeria bigerrensis,62.292305
CBN-PdlC-D3-20170906,1,1647128,Armeria alpina,63.039330
CBN-PdlC-D3-20170906,2,1413349,Armeria maritima,62.855465
CBN-PdlC-D3-20170906,3,1396253,Sibbaldia procumbens,62.609940
CBN-PdlC-D3-20180723,1,1413349,Armeria maritima,63.076683
CBN-PdlC-D3-20180723,2,1393200,Homogyne alpina,62.561226
CBN-PdlC-D3-20180723,3,1396253,Sibbaldia procumbens,62.492493
CBN-PdlC-D3-20180815,1,1647128,Armeria alpina,60.601543
CBN-PdlC-D3-20180815,2,1742053,Omalotheca hoppeana,59.665642
CBN-PdlC-D3-20180815,3,1647187,Armeria welwitschii,59.338104
CBN-PdlC-D3-20180905,1,1396253,Sibbaldia procumbens,63.469158
CBN-PdlC-D3-20180905,2,1412857,Omalotheca supina,63.154202
CBN-PdlC-D3-20180905,3,1742053,Omalotheca hoppeana,61.955475
CBN-PdlC-D3-20190701,1,1359952,Plantago crassifolia,61.770592
CBN-PdlC-D3-20190701,2,1413349,Armeria maritima,58.951897
CBN-PdlC-D3-20190701,3,1394643,Antennaria dioica,57.773792
CBN-PdlC-D3-20190722,1,1647128,Armeria alpina,65.041283
CBN-PdlC-D3-20190722,2,1744479,Armeria bigerrensis,64.823494
CBN-PdlC-D3-20190722,3,1647156,Armeria humilis,63.782658
CBN-PdlC-D3-20190812,1,1742053,Omalotheca hoppeana,65.982841
CBN-PdlC-D3-20190812,2,1412857,Omalotheca supina,63.866920
CBN-PdlC-D3-20190812,3,1413349,Armeria maritima,63.482788
CBN-PdlC-D3-20190909,1,1744479,Armeria bigerrensis,64.917519
CBN-PdlC-D3-20190909,2,1396441,Armeria ruscinonensis,64.760330
CBN-PdlC-D3-20190909,3,1396253,Sibbaldia procumbens,62.849777
CBN-PdlC-D3-20200722,1,1393200,Homogyne alpina,65.107361
CBN-PdlC-D3-20200722,2,1647128,Armeria alpina,63.077076
CBN-PdlC-D3-20200722,3,1396253,Sibbaldia procumbens,62.653641
CBN-PdlC-D3-20200812,1,1396253,Sibbaldia procumbens,64.742676
CBN-PdlC-D3-20200812,2,1744479,Armeria bigerrensis,63.730419
CBN-PdlC-D3-20200812,3,1647128,Armeria alpina,63.713631
CBN-PdlC-D4-20130807,1,1396253,Sibbaldia procumbens,64.244423
CBN-PdlC-D4-20130807,2,1744479,Armeria bigerrensis,63.972099
CBN-PdlC-D4-20130807,3,1647128,Armeria alpina,62.189293
CBN-PdlC-D4-20130903,1,1742053,Omalotheca hoppeana,64.544914
CBN-PdlC-D4-20130903,2,1744479,Armeria bigerrensis,64.191513
CBN-PdlC-D4-20130903,3,1647128,Armeria alpina,64.018776
CBN-PdlC-D4-20140721,1,1396253,Sibbaldia procumbens,64.354958
CBN-PdlC-D4-20140721,2,1392608,Geum montanum,62.725239
CBN-PdlC-D4-20140721,3,1647128,Armeria alpina,62.000580
CBN-PdlC-D4-20140811,1,1395807,Salix herbacea,63.385216
CBN-PdlC-D4-20140811,2,1742053,Omalotheca hoppeana,63.036301
CBN-PdlC-D4-20140811,3,1412857,Omalotheca supina,63.031967
CBN-PdlC-D4-20140901,1,1396253,Sibbaldia procumbens,65.265152
CBN-PdlC-D4-20140901,2,1412857,Omalotheca supina,64.084991
CBN-PdlC-D4-20140901,3,1361367,Poa alpina,62.030006
CBN-PdlC-D4-20150701,1,1394643,Antennaria dioica,62.427856
CBN-PdlC-D4-20150701,2,1396253,Sibbaldia procumbens,62.018097
CBN-PdlC-D4-20150701,3,1742052,Leontopodium nivale,59.735886
CBN-PdlC-D4-20150720,1,1396253,Sibbaldia procumbens,65.115555
CBN-PdlC-D4-20150720,2,1742053,Omalotheca hoppeana,63.329723
CBN-PdlC-D4-20150720,3,1392534,Gentiana acaulis,62.303894
CBN-PdlC-D4-20150831,1,1742053,Omalotheca hoppeana,65.474899
CBN-PdlC-D4-20150831,2,1412857,Omalotheca supina,64.304756
CBN-PdlC-D4-20150831,3,1396253,Sibbaldia procumbens,63.828884
CBN-PdlC-D4-20160705,1,1396253,Sibbaldia procumbens,65.446861
CBN-PdlC-D4-20160705,2,1394643,Antennaria dioica,63.512238
CBN-PdlC-D4-20160705,3,1413349,Armeria maritima,61.771782
CBN-PdlC-D4-20160726,1,1396253,Sibbaldia procumbens,64.798775
CBN-PdlC-D4-20160726,2,1412857,Omalotheca supina,62.033302
CBN-PdlC-D4-20160726,3,1392534,Gentiana acaulis,61.719284
CBN-PdlC-D4-20170816,1,1396253,Sibbaldia procumbens,63.575958
CBN-PdlC-D4-20170816,2,1412857,Omalotheca supina,62.562817
CBN-PdlC-D4-20170816,3,1395807,Salix herbacea,62.113434
CBN-PdlC-D4-20170906,1,1396253,Sibbaldia procumbens,64.035614
CBN-PdlC-D4-20170906,2,1412857,Omalotheca supina,63.053612
CBN-PdlC-D4-20170906,3,1395870,Salix retusa,60.600517
CBN-PdlC-D4-20180723,1,1396253,Sibbaldia procumbens,62.562943
CBN-PdlC-D4-20180723,2,1395807,Salix herbacea,60.978428
CBN-PdlC-D4-20180723,3,1394641,Antennaria carpatica,60.665398
CBN-PdlC-D4-20180815,1,1396253,Sibbaldia procumbens,63.691307
CBN-PdlC-D4-20180815,2,1742053,Omalotheca hoppeana,60.110378
CBN-PdlC-D4-20180815,3,1395870,Salix retusa,59.585831
CBN-PdlC-D4-20180905,1,1396253,Sibbaldia procumbens,64.005592
CBN-PdlC-D4-20180905,2,1742053,Omalotheca hoppeana,62.454475
CBN-PdlC-D4-20180905,3,1392541,Gentiana brachyphylla,62.017830
CBN-PdlC-D4-20190701,1,1392534,Gentiana acaulis,60.673782
CBN-PdlC-D4-20190701,2,1396253,Sibbaldia procumbens,60.442947
CBN-PdlC-D4-20190701,3,1392541,Gentiana brachyphylla,60.049763
CBN-PdlC-D4-20190722,1,1396253,Sibbaldia procumbens,64.027245
CBN-PdlC-D4-20190722,2,1395870,Salix retusa,61.372437
CBN-PdlC-D4-20190722,3,1394911,Primula integrifolia,61.235962
CBN-PdlC-D4-20190812,1,1396253,Sibbaldia procumbens,64.608665
CBN-PdlC-D4-20190812,2,1412857,Omalotheca supina,64.075394
CBN-PdlC-D4-20190812,3,1742053,Omalotheca hoppeana,63.801537
CBN-PdlC-D4-20190909,1,1396253,Sibbaldia procumbens,63.916832
CBN-PdlC-D4-20190909,2,1395807,Salix herbacea,63.574978
CBN-PdlC-D4-20190909,3,1742053,Omalotheca hoppeana,62.390091
CBN-PdlC-D4-20200722,1,1396253,Sibbaldia procumbens,65.234131
CBN-PdlC-D4-20200722,2,1395807,Salix herbacea,61.813576
CBN-PdlC-D4-20200722,3,1394643,Antennaria dioica,60.613029
CBN-PdlC-D4-20200812,1,1742053,Omalotheca hoppeana,65.233475
CBN-PdlC-D4-20200812,2,1396253,Sibbaldia procumbens,63.909336
CBN-PdlC-D4-20200812,3,1395807,Salix herbacea,61.920624
CBN-PdlC-D5-20130807,1,1396253,Sibbaldia procumbens,60.962330
CBN-PdlC-D5-20130807,2,1395807,Salix herbacea,60.372810
CBN-PdlC-D5-20130807,3,1697384,Viola nummulariifolia,56.974102
CBN-PdlC-D5-20130903,1,1395807,Salix herbacea,61.395927
CBN-PdlC-D5-20130903,2,1397386,Festuca scabriculmis,59.758617
CBN-PdlC-D5-20130903,3,1647128,Armeria alpina,59.175507
CBN-PdlC-D5-20140721,1,1396253,Sibbaldia procumbens,62.193291
CBN-PdlC-D5-20140721,2,1392608,Geum montanum,60.979744
CBN-PdlC-D5-20140721,3,1392534,Gentiana acaulis,59.800850
CBN-PdlC-D5-20140811,1,1395807,Salix herbacea,63.414867
CBN-PdlC-D5-20140811,2,1396253,Sibbaldia procumbens,62.106705
CBN-PdlC-D5-20140811,3,1392608,Geum montanum,60.989059
CBN-PdlC-D5-20140901,1,1361367,Poa alpina,62.489811
CBN-PdlC-D5-20140901,2,1395807,Salix herbacea,60.652557
CBN-PdlC-D5-20140901,3,1392608,Geum montanum,59.772530
CBN-PdlC-D5-20150701,1,1396253,Sibbaldia procumbens,62.427952
CBN-PdlC-D5-20150701,2,1395807,Salix herbacea,58.412998
CBN-PdlC-D5-20150701,3,1363133,Triglochin striata,57.917938
CBN-PdlC-D5-20150720,1,1396253,Sibbaldia procumbens,61.680679
CBN-PdlC-D5-20150720,2,1395807,Salix herbacea,61.047333
CBN-PdlC-D5-20150720,3,1392608,Geum montanum,60.573544
CBN-PdlC-D5-20150810,1,1396253,Sibbaldia procumbens,64.100723
CBN-PdlC-D5-20150810,2,1392608,Geum montanum,62.538849
CBN-PdlC-D5-20150810,3,1395807,Salix herbacea,61.196320
CBN-PdlC-D5-20150831,1,1395807,Salix herbacea,62.483154
CBN-PdlC-D5-20150831,2,1396253,Sibbaldia procumbens,61.834190
CBN-PdlC-D5-20150831,3,1397381,Euphrasia minima,59.904682
CBN-PdlC-D5-20160705,1,1392608,Geum montanum,62.901981
CBN-PdlC-D5-20160705,2,1394911,Primula integrifolia,62.634121
CBN-PdlC-D5-20160705,3,1396253,Sibbaldia procumbens,60.756439
CBN-PdlC-D5-20160726,1,1392608,Geum montanum,62.869194
CBN-PdlC-D5-20160726,2,1397386,Festuca scabriculmis,62.440617
CBN-PdlC-D5-20160726,3,1361367,Poa alpina,62.184963
CBN-PdlC-D5-20170816,1,1395807,Salix herbacea,61.263927
CBN-PdlC-D5-20170816,2,1396253,Sibbaldia procumbens,60.763191
CBN-PdlC-D5-20170816,3,1361367,Poa alpina,60.090748
CBN-PdlC-D5-20170906,1,1395807,Salix herbacea,62.572025
CBN-PdlC-D5-20170906,2,1363543,Stenotaphrum secundatum,61.444618
CBN-PdlC-D5-20170906,3,1400101,Bartsia alpina,60.071136
CBN-PdlC-D5-20180723,1,1400101,Bartsia alpina,61.083935
CBN-PdlC-D5-20180723,2,1396253,Sibbaldia procumbens,60.775681
CBN-PdlC-D5-20180723,3,1392608,Geum montanum,60.477295
CBN-PdlC-D5-20180815,1,1741880,Salix serpillifolia,59.248299
CBN-PdlC-D5-20180815,2,1395870,Salix retusa,59.002769
CBN-PdlC-D5-20180815,3,1395807,Salix herbacea,58.230846
CBN-PdlC-D5-20180905,1,1396253,Sibbaldia procumbens,64.205780
CBN-PdlC-D5-20180905,2,1395807,Salix herbacea,62.354347
CBN-PdlC-D5-20180905,3,1394655,Poa badensis,60.395500
CBN-PdlC-D5-20190701,1,1394911,Primula integrifolia,61.591904
CBN-PdlC-D5-20190701,2,1392066,Eriophorum scheuchzeri,59.784569
CBN-PdlC-D5-20190701,3,1363133,Triglochin striata,58.091820
CBN-PdlC-D5-20190722,1,1392535,Gentiana alpina,63.738647
CBN-PdlC-D5-20190722,2,1400101,Bartsia alpina,61.661621
CBN-PdlC-D5-20190722,3,1392534,Gentiana acaulis,61.563187
CBN-PdlC-D5-20190812,1,1392608,Geum montanum,65.065750
CBN-PdlC-D5-20190812,2,1392534,Gentiana acaulis,64.526337
CBN-PdlC-D5-20190812,3,1362482,Phleum alpinum,61.900639
CBN-PdlC-D5-20190909,1,1395807,Salix herbacea,62.364056
CBN-PdlC-D5-20190909,2,1396253,Sibbaldia procumbens,61.771378
CBN-PdlC-D5-20190909,3,1397043,Veronica alpina,61.614983
CBN-PdlC-D5-20200722,1,1364066,Veronica serpyllifolia,61.751621
CBN-PdlC-D5-20200722,2,1395807,Salix herbacea,60.300690
CBN-PdlC-D5-20200722,3,1395870,Salix retusa,59.185345
CBN-PdlC-D5-20200812,1,1392608,Geum montanum,63.747513
CBN-PdlC-D5-20200812,2,1395807,Salix herbacea,61.363605
CBN-PdlC-D5-20200812,3,1647677,Alopecurus gerardii,61.165771
CBN-PdlC-D6-20130807,1,1396253,Sibbaldia procumbens,63.488144
CBN-PdlC-D6-20130807,2,1395807,Salix herbacea,59.885437
CBN-PdlC-D6-20130807,3,1609716,Epilobium komarovianum,58.801834
CBN-PdlC-D6-20130903,1,1397043,Veronica alpina,63.391144
CBN-PdlC-D6-20130903,2,1396253,Sibbaldia procumbens,63.058128
CBN-PdlC-D6-20130903,3,1395807,Salix herbacea,61.734207
CBN-PdlC-D6-20140721,1,1396253,Sibbaldia procumbens,64.118240
CBN-PdlC-D6-20140721,2,1722440,Sesleria albicans,59.292812
CBN-PdlC-D6-20140721,3,1390904,Carex rupestris,58.313282
CBN-PdlC-D6-20140811,1,1397043,Veronica alpina,64.444221
CBN-PdlC-D6-20140811,2,1395807,Salix herbacea,63.892849
CBN-PdlC-D6-20140811,3,1396253,Sibbaldia procumbens,62.646976
CBN-PdlC-D6-20140901,1,1742053,Omalotheca hoppeana,63.400570
CBN-PdlC-D6-20140901,2,1396253,Sibbaldia procumbens,63.320549
CBN-PdlC-D6-20140901,3,1412857,Omalotheca supina,62.745647
CBN-PdlC-D6-20150701,1,1395949,Saxifraga bryoides,59.785934
CBN-PdlC-D6-20150701,2,1396253,Sibbaldia procumbens,59.094627
CBN-PdlC-D6-20150701,3,1393708,Lysimachia nummularia,56.816917
CBN-PdlC-D6-20150720,1,1396253,Sibbaldia procumbens,63.325752
CBN-PdlC-D6-20150720,2,1395807,Salix herbacea,62.074272
CBN-PdlC-D6-20150720,3,1393660,Luzula alpinopilosa,59.242432
CBN-PdlC-D6-20150810,1,1396253,Sibbaldia procumbens,62.166851
CBN-PdlC-D6-20150810,2,1395807,Salix herbacea,61.994545
CBN-PdlC-D6-20150810,3,1741880,Salix serpillifolia,61.105354
CBN-PdlC-D6-20150831,1,1396253,Sibbaldia procumbens,63.245590
CBN-PdlC-D6-20150831,2,1395807,Salix herbacea,62.427094
CBN-PdlC-D6-20150831,3,1412857,Omalotheca supina,61.999886
CBN-PdlC-D6-20160705,1,1396253,Sibbaldia procumbens,64.372169
CBN-PdlC-D6-20160705,2,1609716,Epilobium komarovianum,61.923294
CBN-PdlC-D6-20160705,3,1412857,Omalotheca supina,58.734089
CBN-PdlC-D6-20160726,1,1647677,Alopecurus gerardii,64.143600
CBN-PdlC-D6-20160726,2,1395807,Salix herbacea,62.245506
CBN-PdlC-D6-20160726,3,1397043,Veronica alpina,62.242527
CBN-PdlC-D6-20170816,1,1412857,Omalotheca supina,63.636047
CBN-PdlC-D6-20170816,2,1742053,Omalotheca hoppeana,63.520760
CBN-PdlC-D6-20170816,3,1394311,Oreochloa disticha,62.630066
CBN-PdlC-D6-20170906,1,1397468,Primula pedemontana,63.097687
CBN-PdlC-D6-20170906,2,1395807,Salix herbacea,62.893932
CBN-PdlC-D6-20170906,3,1412857,Omalotheca supina,61.425732
CBN-PdlC-D6-20180723,1,1396253,Sibbaldia procumbens,64.233383
CBN-PdlC-D6-20180723,2,1395870,Salix retusa,60.905285
CBN-PdlC-D6-20180723,3,1741880,Salix serpillifolia,60.498528
CBN-PdlC-D6-20180815,1,1396253,Sibbaldia procumbens,60.112633
CBN-PdlC-D6-20180815,2,1395807,Salix herbacea,59.573826
CBN-PdlC-D6-20180815,3,1363543,Stenotaphrum secundatum,58.529865
CBN-PdlC-D6-20180905,1,1396253,Sibbaldia procumbens,62.460499
CBN-PdlC-D6-20180905,2,1395807,Salix herbacea,61.382973
CBN-PdlC-D6-20180905,3,1412857,Omalotheca supina,61.335068
CBN-PdlC-D6-20190701,1,1392522,Genista pulchella,56.616913
CBN-PdlC-D6-20190701,2,1744340,Ruschia uncinata,56.500843
CBN-PdlC-D6-20190701,3,1396111,Arenaria erinacea,56.196976
CBN-PdlC-D6-20190722,1,1394311,Oreochloa disticha,65.427826
CBN-PdlC-D6-20190722,2,1397043,Veronica alpina,64.579697
CBN-PdlC-D6-20190722,3,1393679,Luzula lutea,63.151985
CBN-PdlC-D6-20190812,1,1397043,Veronica alpina,63.598114
CBN-PdlC-D6-20190812,2,1396253,Sibbaldia procumbens,62.952286
CBN-PdlC-D6-20190812,3,1395807,Salix herbacea,62.705772
CBN-PdlC-D6-20190909,1,1393660,Luzula alpinopilosa,65.820389
CBN-PdlC-D6-20190909,2,1396253,Sibbaldia procumbens,61.776966
CBN-PdlC-D6-20190909,3,1395807,Salix herbacea,61.680492
CBN-PdlC-D6-20200722,1,1397043,Veronica alpina,64.487183
CBN-PdlC-D6-20200722,2,1396253,Sibbaldia procumbens,61.775475
CBN-PdlC-D6-20200722,3,1356427,Ophioglossum vulgatum,61.292847
CBN-PdlC-D6-20200812,1,1396253,Sibbaldia procumbens,64.039108
CBN-PdlC-D6-20200812,2,1362482,Phleum alpinum,62.378292
CBN-PdlC-D6-20200812,3,1395807,Salix herbacea,61.235527
CBN-PdlC-E1-20130723,1,1519650,Scorzoneroides helvetica,62.867046
CBN-PdlC-E1-20130723,2,1392534,Gentiana acaulis,62.862301
CBN-PdlC-E1-20130723,3,1393584,Linaria alpina,62.840652
CBN-PdlC-E1-20130807,1,1396253,Sibbaldia procumbens,63.775230
CBN-PdlC-E1-20130807,2,1390793,Carex curvula,61.108707
CBN-PdlC-E1-20130807,3,1392608,Geum montanum,59.743149
CBN-PdlC-E1-20130903,1,1396253,Sibbaldia procumbens,63.223038
CBN-PdlC-E1-20130903,2,1392608,Geum montanum,62.531746
CBN-PdlC-E1-20130903,3,1392541,Gentiana brachyphylla,61.289688
CBN-PdlC-E1-20140630,1,1392608,Geum montanum,66.229797
CBN-PdlC-E1-20140630,2,1394643,Antennaria dioica,62.264297
CBN-PdlC-E1-20140630,3,1392541,Gentiana brachyphylla,60.686367
CBN-PdlC-E1-20140721,1,1396253,Sibbaldia procumbens,64.657661
CBN-PdlC-E1-20140721,2,1392608,Geum montanum,63.428368
CBN-PdlC-E1-20140721,3,1412857,Omalotheca supina,62.910690
CBN-PdlC-E1-20140811,1,1392535,Gentiana alpina,65.475525
CBN-PdlC-E1-20140811,2,1395807,Salix herbacea,64.194969
CBN-PdlC-E1-20140811,3,1412857,Omalotheca supina,64.028526
CBN-PdlC-E1-20140901,1,1412857,Omalotheca supina,66.403229
CBN-PdlC-E1-20140901,2,1742053,Omalotheca hoppeana,64.553116
CBN-PdlC-E1-20140901,3,1396253,Sibbaldia procumbens,64.454903
CBN-PdlC-E1-20150701,1,1392608,Geum montanum,66.530525
CBN-PdlC-E1-20150701,2,1396253,Sibbaldia procumbens,62.870808
CBN-PdlC-E1-20150701,3,1395807,Salix herbacea,61.857449
CBN-PdlC-E1-20150720,1,1392608,Geum montanum,65.174988
CBN-PdlC-E1-20150720,2,1392612,Geum reptans,63.056419
CBN-PdlC-E1-20150720,3,1392534,Gentiana acaulis,62.293755
CBN-PdlC-E1-20150810,1,1393200,Homogyne alpina,67.554932
CBN-PdlC-E1-20150810,2,1392608,Geum montanum,65.832108
CBN-PdlC-E1-20150810,3,1396253,Sibbaldia procumbens,64.005951
CBN-PdlC-E1-20150831,1,1390793,Carex curvula,65.160507
CBN-PdlC-E1-20150831,2,1392608,Geum montanum,64.665916
CBN-PdlC-E1-20150831,3,1396253,Sibbaldia procumbens,62.503529
CBN-PdlC-E1-20160705,1,1396253,Sibbaldia procumbens,64.271805
CBN-PdlC-E1-20160705,2,1392608,Geum montanum,63.215916
CBN-PdlC-E1-20160705,3,1396144,Sedum alpestre,61.646294
CBN-PdlC-E1-20160726,1,1396253,Sibbaldia procumbens,64.267136
CBN-PdlC-E1-20160726,2,1392608,Geum montanum,64.077286
CBN-PdlC-E1-20160726,3,1363618,Crassula multicava,60.126461
CBN-PdlC-E1-20170816,1,1396253,Sibbaldia procumbens,63.504295
CBN-PdlC-E1-20170816,2,1392608,Geum montanum,63.268211
CBN-PdlC-E1-20170816,3,1395807,Salix herbacea,61.924572
CBN-PdlC-E1-20170906,1,1396253,Sibbaldia procumbens,64.110191
CBN-PdlC-E1-20170906,2,1392608,Geum montanum,62.571613
CBN-PdlC-E1-20170906,3,1392541,Gentiana brachyphylla,62.136002
CBN-PdlC-E1-20180702,1,1396253,Sibbaldia procumbens,64.240211
CBN-PdlC-E1-20180702,2,1394911,Primula integrifolia,60.656746
CBN-PdlC-E1-20180702,3,1399800,Pinguicula nevadensis,60.582584
CBN-PdlC-E1-20180723,1,1396144,Sedum alpestre,65.132080
CBN-PdlC-E1-20180723,2,1392535,Gentiana alpina,62.031143
CBN-PdlC-E1-20180723,3,1390793,Carex curvula,61.157257
CBN-PdlC-E1-20180815,1,1392608,Geum montanum,63.013641
CBN-PdlC-E1-20180815,2,1390793,Carex curvula,59.674683
CBN-PdlC-E1-20180815,3,1392541,Gentiana brachyphylla,58.731796
CBN-PdlC-E1-20180905,1,1392608,Geum montanum,63.601051
CBN-PdlC-E1-20180905,2,1396253,Sibbaldia procumbens,62.953987
CBN-PdlC-E1-20180905,3,1394911,Primula integrifolia,62.263687
CBN-PdlC-E1-20190701,1,1395870,Salix retusa,57.391697
CBN-PdlC-E1-20190701,2,1392541,Gentiana brachyphylla,56.823837
CBN-PdlC-E1-20190701,3,1392565,Gentiana terglouensis,56.804802
CBN-PdlC-E1-20190812,1,1392608,Geum montanum,65.382217
CBN-PdlC-E1-20190812,2,1392534,Gentiana acaulis,64.577652
CBN-PdlC-E1-20190812,3,1392535,Gentiana alpina,63.915405
CBN-PdlC-E1-20190909,1,1397386,Festuca scabriculmis,63.701313
CBN-PdlC-E1-20190909,2,1412857,Omalotheca supina,63.267925
CBN-PdlC-E1-20190909,3,1396144,Sedum alpestre,62.592987
CBN-PdlC-E1-20200629,1,1392608,Geum montanum,63.995193
CBN-PdlC-E1-20200629,2,1396253,Sibbaldia procumbens,61.599258
CBN-PdlC-E1-20200629,3,1392541,Gentiana brachyphylla,61.245583
CBN-PdlC-E1-20200722,1,1392608,Geum montanum,67.095779
CBN-PdlC-E1-20200722,2,1412857,Omalotheca supina,64.095871
CBN-PdlC-E1-20200722,3,1742053,Omalotheca hoppeana,62.832867
CBN-PdlC-E1-20200812,1,1392608,Geum montanum,63.920815
CBN-PdlC-E1-20200812,2,1390793,Carex curvula,62.436684
CBN-PdlC-E1-20200812,3,1743471,Festuca glacialis,62.359032
CBN-PdlC-E2-20130723,1,1396253,Sibbaldia procumbens,63.306831
CBN-PdlC-E2-20130723,2,1397528,Cardamine bellidifolia,62.631767
CBN-PdlC-E2-20130723,3,1392534,Gentiana acaulis,61.185524
CBN-PdlC-E2-20130807,1,1395807,Salix herbacea,60.940521
CBN-PdlC-E2-20130807,2,1741880,Salix serpillifolia,58.483253
CBN-PdlC-E2-20130807,3,1395870,Salix retusa,57.705307
CBN-PdlC-E2-20130903,1,1395807,Salix herbacea,62.322170
CBN-PdlC-E2-20130903,2,1397386,Festuca scabriculmis,61.002945
CBN-PdlC-E2-20130903,3,1742052,Leontopodium nivale,59.699543
CBN-PdlC-E2-20140630,1,1396144,Sedum alpestre,63.812408
CBN-PdlC-E2-20140630,2,1396253,Sibbaldia procumbens,61.751667
CBN-PdlC-E2-20140630,3,1392541,Gentiana brachyphylla,61.064850
CBN-PdlC-E2-20140721,1,1396144,Sedum alpestre,63.778164
CBN-PdlC-E2-20140721,2,1397528,Cardamine bellidifolia,63.422478
CBN-PdlC-E2-20140721,3,1395807,Salix herbacea,62.210136
CBN-PdlC-E2-20140811,1,1392608,Geum montanum,66.341003
CBN-PdlC-E2-20140811,2,1395807,Salix herbacea,64.099022
CBN-PdlC-E2-20140811,3,1396144,Sedum alpestre,63.674232
CBN-PdlC-E2-20140901,1,1396253,Sibbaldia procumbens,63.797932
CBN-PdlC-E2-20140901,2,1412857,Omalotheca supina,63.757351
CBN-PdlC-E2-20140901,3,1742053,Omalotheca hoppeana,63.082226
CBN-PdlC-E2-20150720,1,1395807,Salix herbacea,63.440453
CBN-PdlC-E2-20150720,2,1396253,Sibbaldia procumbens,62.951977
CBN-PdlC-E2-20150720,3,1397381,Euphrasia minima,62.305737
CBN-PdlC-E2-20150810,1,1412857,Omalotheca supina,63.184307
CBN-PdlC-E2-20150810,2,1395807,Salix herbacea,63.143669
CBN-PdlC-E2-20150810,3,1742053,Omalotheca hoppeana,61.921661
CBN-PdlC-E2-20150831,1,1412857,Omalotheca supina,63.783131
CBN-PdlC-E2-20150831,2,1395807,Salix herbacea,63.113567
CBN-PdlC-E2-20150831,3,1742053,Omalotheca hoppeana,62.420288
CBN-PdlC-E2-20160705,1,1393584,Linaria alpina,64.552719
CBN-PdlC-E2-20160705,2,1396253,Sibbaldia procumbens,64.460274
CBN-PdlC-E2-20160705,3,1397528,Cardamine bellidifolia,63.182323
CBN-PdlC-E2-20160726,1,1412857,Omalotheca supina,65.125977
CBN-PdlC-E2-20160726,2,1395807,Salix herbacea,62.604965
CBN-PdlC-E2-20160726,3,1392608,Geum montanum,61.411144
CBN-PdlC-E2-20170816,1,1412857,Omalotheca supina,63.288162
CBN-PdlC-E2-20170816,2,1742053,Omalotheca hoppeana,62.474575
CBN-PdlC-E2-20170816,3,1392534,Gentiana acaulis,61.416054
CBN-PdlC-E2-20170906,1,1396253,Sibbaldia procumbens,61.821205
CBN-PdlC-E2-20170906,2,1395807,Salix herbacea,60.365734
CBN-PdlC-E2-20170906,3,1412857,Omalotheca supina,60.198357
CBN-PdlC-E2-20180702,1,1396253,Sibbaldia procumbens,63.849899
CBN-PdlC-E2-20180702,2,1394911,Primula integrifolia,62.490047
CBN-PdlC-E2-20180702,3,1412857,Omalotheca supina,62.425064
CBN-PdlC-E2-20180723,1,1393584,Linaria alpina,64.110718
CBN-PdlC-E2-20180723,2,1392608,Geum montanum,63.737293
CBN-PdlC-E2-20180723,3,1396253,Sibbaldia procumbens,62.380142
CBN-PdlC-E2-20180815,1,1742053,Omalotheca hoppeana,61.029984
CBN-PdlC-E2-20180815,2,1395807,Salix herbacea,60.304623
CBN-PdlC-E2-20180815,3,1363133,Triglochin striata,59.890160
CBN-PdlC-E2-20180905,1,1396253,Sibbaldia procumbens,63.526424
CBN-PdlC-E2-20180905,2,1412857,Omalotheca supina,62.357601
CBN-PdlC-E2-20180905,3,1396144,Sedum alpestre,61.382034
CBN-PdlC-E2-20190701,1,1396253,Sibbaldia procumbens,61.751587
CBN-PdlC-E2-20190701,2,1394911,Primula integrifolia,59.695953
CBN-PdlC-E2-20190701,3,1395807,Salix herbacea,59.001274
CBN-PdlC-E2-20190812,1,1395807,Salix herbacea,61.906006
CBN-PdlC-E2-20190812,2,1412857,Omalotheca supina,60.614780
CBN-PdlC-E2-20190812,3,1651162,Festuca guestfalica,59.761047
CBN-PdlC-E2-20190909,1,1396253,Sibbaldia procumbens,60.561829
CBN-PdlC-E2-20190909,2,1412857,Omalotheca supina,60.388786
CBN-PdlC-E2-20190909,3,1362424,Carex leporina,59.958534
CBN-PdlC-E2-20200629,1,1396253,Sibbaldia procumbens,63.817112
CBN-PdlC-E2-20200629,2,1395807,Salix herbacea,58.698460
CBN-PdlC-E2-20200629,3,1397528,Cardamine bellidifolia,58.394363
CBN-PdlC-E2-20200722,1,1412857,Omalotheca supina,65.790154
CBN-PdlC-E2-20200722,2,1396253,Sibbaldia procumbens,64.371521
CBN-PdlC-E2-20200722,3,1742053,Omalotheca hoppeana,63.008492
CBN-PdlC-E2-20200812,1,1396253,Sibbaldia procumbens,61.853554
CBN-PdlC-E2-20200812,2,1396144,Sedum alpestre,61.723278
CBN-PdlC-E2-20200812,3,1397386,Festuca scabriculmis,61.550949
CBN-PdlC-E3-20130723,1,1396253,Sibbaldia procumbens,64.331863
CBN-PdlC-E3-20130723,2,1356422,Botrychium lunaria,59.562252
CBN-PdlC-E3-20130723,3,1388766,Botrychium simplex,58.222683
CBN-PdlC-E3-20130807,1,1396253,Sibbaldia procumbens,63.239983
CBN-PdlC-E3-20130807,2,1395807,Salix herbacea,58.028557
CBN-PdlC-E3-20130807,3,1361347,Nardus stricta,57.811787
CBN-PdlC-E3-20130903,1,1397386,Festuca scabriculmis,62.468204
CBN-PdlC-E3-20130903,2,1396253,Sibbaldia procumbens,62.375908
CBN-PdlC-E3-20130903,3,1651357,Festuca puccinellii,59.408230
CBN-PdlC-E3-20140630,1,1396253,Sibbaldia procumbens,61.435955
CBN-PdlC-E3-20140630,2,1397528,Cardamine bellidifolia,57.465206
CBN-PdlC-E3-20140630,3,1390793,Carex curvula,56.050251
CBN-PdlC-E3-20140721,1,1396253,Sibbaldia procumbens,65.812653
CBN-PdlC-E3-20140721,2,1397528,Cardamine bellidifolia,63.364647
CBN-PdlC-E3-20140721,3,1395807,Salix herbacea,61.920135
CBN-PdlC-E3-20140811,1,1397381,Euphrasia minima,64.739532
CBN-PdlC-E3-20140811,2,1396253,Sibbaldia procumbens,63.452187
CBN-PdlC-E3-20140811,3,1395807,Salix herbacea,63.075245
CBN-PdlC-E3-20140901,1,1396253,Sibbaldia procumbens,63.747990
CBN-PdlC-E3-20140901,2,1395807,Salix herbacea,62.087852
CBN-PdlC-E3-20140901,3,1397381,Euphrasia minima,58.622574
CBN-PdlC-E3-20150701,1,1396253,Sibbaldia procumbens,63.568195
CBN-PdlC-E3-20150701,2,1397528,Cardamine bellidifolia,62.140507
CBN-PdlC-E3-20150701,3,1395807,Salix herbacea,60.838684
CBN-PdlC-E3-20150720,1,1394311,Oreochloa disticha,64.700096
CBN-PdlC-E3-20150720,2,1396253,Sibbaldia procumbens,62.332489
CBN-PdlC-E3-20150720,3,1395807,Salix herbacea,62.093521
CBN-PdlC-E3-20150810,1,1396253,Sibbaldia procumbens,62.294342
CBN-PdlC-E3-20150810,2,1397381,Euphrasia minima,62.061230
CBN-PdlC-E3-20150810,3,1395807,Salix herbacea,60.915524
CBN-PdlC-E3-20150831,1,1397386,Festuca scabriculmis,62.445473
CBN-PdlC-E3-20150831,2,1396253,Sibbaldia procumbens,62.051991
CBN-PdlC-E3-20150831,3,1361141,Agrostis rupestris,60.115791
CBN-PdlC-E3-20160705,1,1393200,Homogyne alpina,64.729645
CBN-PdlC-E3-20160705,2,1396253,Sibbaldia procumbens,64.486916
CBN-PdlC-E3-20160705,3,1397430,Luzula sylvatica,62.239037
CBN-PdlC-E3-20160726,1,1396253,Sibbaldia procumbens,62.673668
CBN-PdlC-E3-20160726,2,1395807,Salix herbacea,61.272072
CBN-PdlC-E3-20160726,3,1395870,Salix retusa,57.936768
CBN-PdlC-E3-20170816,1,1396253,Sibbaldia procumbens,64.217667
CBN-PdlC-E3-20170816,2,1395807,Salix herbacea,58.670052
CBN-PdlC-E3-20170816,3,1397468,Primula pedemontana,58.141171
CBN-PdlC-E3-20170906,1,1396253,Sibbaldia procumbens,61.767395
CBN-PdlC-E3-20170906,2,1396970,Vaccinium uliginosum,59.811882
CBN-PdlC-E3-20170906,3,1392534,Gentiana acaulis,58.397488
CBN-PdlC-E3-20180702,1,1396253,Sibbaldia procumbens,62.568069
CBN-PdlC-E3-20180702,2,1393681,Luzula luzuloides,58.809376
CBN-PdlC-E3-20180702,3,1361592,Luzula campestris,58.069839
CBN-PdlC-E3-20180723,1,1396253,Sibbaldia procumbens,61.363991
CBN-PdlC-E3-20180723,2,1622895,Gymnadenia austriaca,60.624199
CBN-PdlC-E3-20180723,3,1392241,Alchemilla pentaphyllea,59.588928
CBN-PdlC-E3-20180815,1,1396253,Sibbaldia procumbens,62.760246
CBN-PdlC-E3-20180815,2,1397381,Euphrasia minima,61.210938
CBN-PdlC-E3-20180815,3,1397386,Festuca scabriculmis,60.284916
CBN-PdlC-E3-20180905,1,1396253,Sibbaldia procumbens,64.311188
CBN-PdlC-E3-20180905,2,1397386,Festuca scabriculmis,62.838104
CBN-PdlC-E3-20180905,3,1392293,Festuca eskia,61.090408
CBN-PdlC-E3-20190701,1,1396253,Sibbaldia procumbens,60.554970
CBN-PdlC-E3-20190701,2,1364066,Veronica serpyllifolia,58.893509
CBN-PdlC-E3-20190701,3,1395862,Salix pyrenaica,57.871208
CBN-PdlC-E3-20190812,1,1396253,Sibbaldia procumbens,64.638412
CBN-PdlC-E3-20190812,2,1395807,Salix herbacea,61.553604
CBN-PdlC-E3-20190812,3,1360874,Viola palustris,60.234978
CBN-PdlC-E3-20190909,1,1396253,Sibbaldia procumbens,61.258194
CBN-PdlC-E3-20190909,2,1392293,Festuca eskia,60.343315
CBN-PdlC-E3-20190909,3,1390761,Carex arenaria,59.462433
CBN-PdlC-E3-20200629,1,1396253,Sibbaldia procumbens,63.915241
CBN-PdlC-E3-20200629,2,1393659,Luzula alpina,61.715099
CBN-PdlC-E3-20200629,3,1397430,Luzula sylvatica,61.492569
CBN-PdlC-E3-20200722,1,1396253,Sibbaldia procumbens,63.893036
CBN-PdlC-E3-20200722,2,1393659,Luzula alpina,61.314758
CBN-PdlC-E3-20200722,3,1395807,Salix herbacea,60.609802
CBN-PdlC-E3-20200812,1,1396253,Sibbaldia procumbens,62.956993
CBN-PdlC-E3-20200812,2,1395807,Salix herbacea,61.282967
CBN-PdlC-E3-20200812,3,1394911,Primula integrifolia,60.267574
CBN-PdlC-E4-20130807,1,1396253,Sibbaldia procumbens,62.213600
CBN-PdlC-E4-20130807,2,1395807,Salix herbacea,59.298656
CBN-PdlC-E4-20130807,3,1392608,Geum montanum,57.995731
CBN-PdlC-E4-20130903,1,1396253,Sibbaldia procumbens,64.159012
CBN-PdlC-E4-20130903,2,1392608,Geum montanum,63.027908
CBN-PdlC-E4-20130903,3,1396843,Trifolium alpinum,60.955841
CBN-PdlC-E4-20140630,1,1396253,Sibbaldia procumbens,61.616585
CBN-PdlC-E4-20140630,2,1392241,Alchemilla pentaphyllea,58.799458
CBN-PdlC-E4-20140630,3,1361374,Poa ligulata,57.775169
CBN-PdlC-E4-20140721,1,1396253,Sibbaldia procumbens,64.833237
CBN-PdlC-E4-20140721,2,1392608,Geum montanum,63.063831
CBN-PdlC-E4-20140721,3,1395807,Salix herbacea,61.644051
CBN-PdlC-E4-20140811,1,1743456,Carex macrostylos,66.149071
CBN-PdlC-E4-20140811,2,1395807,Salix herbacea,65.157822
CBN-PdlC-E4-20140811,3,1396253,Sibbaldia procumbens,64.722473
CBN-PdlC-E4-20140901,1,1396253,Sibbaldia procumbens,64.291794
CBN-PdlC-E4-20140901,2,1392608,Geum montanum,61.859589
CBN-PdlC-E4-20140901,3,1395807,Salix herbacea,60.589363
CBN-PdlC-E4-20150701,1,1396253,Sibbaldia procumbens,64.468536
CBN-PdlC-E4-20150701,2,1397430,Luzula sylvatica,62.790436
CBN-PdlC-E4-20150701,3,1392608,Geum montanum,62.455395
CBN-PdlC-E4-20150720,1,1396843,Trifolium alpinum,64.922089
CBN-PdlC-E4-20150720,2,1396253,Sibbaldia procumbens,63.582077
CBN-PdlC-E4-20150720,3,1392608,Geum montanum,61.699036
CBN-PdlC-E4-20150810,1,1396253,Sibbaldia procumbens,63.139065
CBN-PdlC-E4-20150810,2,1392608,Geum montanum,62.650974
CBN-PdlC-E4-20150810,3,1361141,Agrostis rupestris,62.030422
CBN-PdlC-E4-20160705,1,1392608,Geum montanum,63.657204
CBN-PdlC-E4-20160705,2,1396253,Sibbaldia procumbens,62.979126
CBN-PdlC-E4-20160705,3,1394655,Poa badensis,62.250908
CBN-PdlC-E4-20160726,1,1396253,Sibbaldia procumbens,64.326462
CBN-PdlC-E4-20160726,2,1392241,Alchemilla pentaphyllea,58.203583
CBN-PdlC-E4-20160726,3,1392608,Geum montanum,58.177902
CBN-PdlC-E4-20170816,1,1396253,Sibbaldia procumbens,62.495613
CBN-PdlC-E4-20170816,2,1396843,Trifolium alpinum,60.485497
CBN-PdlC-E4-20170816,3,1395807,Salix herbacea,58.240547
CBN-PdlC-E4-20170906,1,1396253,Sibbaldia procumbens,63.705414
CBN-PdlC-E4-20170906,2,1393494,Leucanthemopsis alpina,61.612011
CBN-PdlC-E4-20170906,3,1361233,Danthonia decumbens,59.850540
CBN-PdlC-E4-20180702,1,1396253,Sibbaldia procumbens,63.565273
CBN-PdlC-E4-20180702,2,1397430,Luzula sylvatica,62.679134
CBN-PdlC-E4-20180702,3,1396970,Vaccinium uliginosum,59.741817
CBN-PdlC-E4-20180723,1,1392608,Geum montanum,63.561577
CBN-PdlC-E4-20180723,2,1396253,Sibbaldia procumbens,61.266235
CBN-PdlC-E4-20180723,3,1741880,Salix serpillifolia,59.986393
CBN-PdlC-E4-20180815,1,1393659,Luzula alpina,62.009991
CBN-PdlC-E4-20180815,2,1393494,Leucanthemopsis alpina,61.386810
CBN-PdlC-E4-20180815,3,1396253,Sibbaldia procumbens,59.820374
CBN-PdlC-E4-20180905,1,1396253,Sibbaldia procumbens,62.510235
CBN-PdlC-E4-20180905,2,1393200,Homogyne alpina,62.276260
CBN-PdlC-E4-20180905,3,1393494,Leucanthemopsis alpina,61.205387
CBN-PdlC-E4-20190701,1,1397430,Luzula sylvatica,60.557407
CBN-PdlC-E4-20190701,2,1393681,Luzula luzuloides,60.206425
CBN-PdlC-E4-20190701,3,1396253,Sibbaldia procumbens,59.421524
CBN-PdlC-E4-20190812,1,1392059,Eriophorum angustifolium,59.510498
CBN-PdlC-E4-20190812,2,1396253,Sibbaldia procumbens,59.282173
CBN-PdlC-E4-20190812,3,1400017,Armeria linkiana,58.851112
CBN-PdlC-E4-20190909,1,1392608,Geum montanum,62.040237
CBN-PdlC-E4-20190909,2,1396253,Sibbaldia procumbens,61.269749
CBN-PdlC-E4-20190909,3,1393659,Luzula alpina,61.153027
CBN-PdlC-E4-20200629,1,1396253,Sibbaldia procumbens,63.831833
CBN-PdlC-E4-20200629,2,1397430,Luzula sylvatica,62.051308
CBN-PdlC-E4-20200629,3,1392608,Geum montanum,61.368500
CBN-PdlC-E4-20200722,1,1393659,Luzula alpina,65.385025
CBN-PdlC-E4-20200722,2,1396253,Sibbaldia procumbens,64.863907
CBN-PdlC-E4-20200722,3,1392608,Geum montanum,64.390900
CBN-PdlC-E4-20200812,1,1395807,Salix herbacea,62.003193
CBN-PdlC-E4-20200812,2,1396253,Sibbaldia procumbens,61.349991
CBN-PdlC-E4-20200812,3,1396843,Trifolium alpinum,60.647823
CBN-PdlC-E5-20130723,1,1393200,Homogyne alpina,63.581638
CBN-PdlC-E5-20130723,2,1396253,Sibbaldia procumbens,59.734825
CBN-PdlC-E5-20130723,3,1363543,Stenotaphrum secundatum,59.620224
CBN-PdlC-E5-20130807,1,1393200,Homogyne alpina,60.715626
CBN-PdlC-E5-20130807,2,1392608,Geum montanum,60.202881
CBN-PdlC-E5-20130807,3,1390899,Carex pyrenaica,59.267883
CBN-PdlC-E5-20130903,1,1392608,Geum montanum,64.215874
CBN-PdlC-E5-20130903,2,1396253,Sibbaldia procumbens,61.843719
CBN-PdlC-E5-20130903,3,1360748,Hydrocotyle vulgaris,61.299362
CBN-PdlC-E5-20140630,1,1393200,Homogyne alpina,64.961441
CBN-PdlC-E5-20140630,2,1392608,Geum montanum,63.257870
CBN-PdlC-E5-20140630,3,1392611,Geum pyrenaicum,59.066666
CBN-PdlC-E5-20140721,1,1393200,Homogyne alpina,66.741989
CBN-PdlC-E5-20140721,2,1396253,Sibbaldia procumbens,64.227890
CBN-PdlC-E5-20140721,3,1392608,Geum montanum,63.405083
CBN-PdlC-E5-20140811,1,1393200,Homogyne alpina,66.375046
CBN-PdlC-E5-20140811,2,1392608,Geum montanum,64.294724
CBN-PdlC-E5-20140811,3,1395807,Salix herbacea,63.060444
CBN-PdlC-E5-20150720,1,1392608,Geum montanum,65.962318
CBN-PdlC-E5-20150720,2,1393200,Homogyne alpina,64.039780
CBN-PdlC-E5-20150720,3,1396253,Sibbaldia procumbens,62.582077
CBN-PdlC-E5-20150810,1,1392608,Geum montanum,65.689041
CBN-PdlC-E5-20150810,2,1396253,Sibbaldia procumbens,64.528625
CBN-PdlC-E5-20150810,3,1393200,Homogyne alpina,62.868359
CBN-PdlC-E5-20150831,1,1393200,Homogyne alpina,65.386101
CBN-PdlC-E5-20150831,2,1392608,Geum montanum,64.565155
CBN-PdlC-E5-20150831,3,1361367,Poa alpina,63.293289
CBN-PdlC-E5-20160705,1,1392608,Geum montanum,64.876205
CBN-PdlC-E5-20160705,2,1393200,Homogyne alpina,62.321457
CBN-PdlC-E5-20160705,3,1396843,Trifolium alpinum,61.502953
CBN-PdlC-E5-20160726,1,1392608,Geum montanum,66.474297
CBN-PdlC-E5-20160726,2,1361367,Poa alpina,62.119995
CBN-PdlC-E5-20160726,3,1395855,Arabis soyeri,61.984238
CBN-PdlC-E5-20170816,1,1392608,Geum montanum,64.116608
CBN-PdlC-E5-20170816,2,1396843,Trifolium alpinum,62.808182
CBN-PdlC-E5-20170816,3,1396253,Sibbaldia procumbens,62.438469
CBN-PdlC-E5-20170906,1,1392608,Geum montanum,64.063606
CBN-PdlC-E5-20170906,2,1396253,Sibbaldia procumbens,63.159973
CBN-PdlC-E5-20170906,3,1393200,Homogyne alpina,61.812515
CBN-PdlC-E5-20180702,1,1396253,Sibbaldia procumbens,63.809574
CBN-PdlC-E5-20180702,2,1393200,Homogyne alpina,63.161289
CBN-PdlC-E5-20180702,3,1392608,Geum montanum,62.232361
CBN-PdlC-E5-20180723,1,1396253,Sibbaldia procumbens,64.544884
CBN-PdlC-E5-20180723,2,1393200,Homogyne alpina,62.930321
CBN-PdlC-E5-20180723,3,1392608,Geum montanum,62.884918
CBN-PdlC-E5-20180815,1,1393200,Homogyne alpina,64.325050
CBN-PdlC-E5-20180815,2,1396843,Trifolium alpinum,61.981400
CBN-PdlC-E5-20180815,3,1396253,Sibbaldia procumbens,61.748672
CBN-PdlC-E5-20180905,1,1396253,Sibbaldia procumbens,64.019463
CBN-PdlC-E5-20180905,2,1392608,Geum montanum,63.178284
CBN-PdlC-E5-20180905,3,1393200,Homogyne alpina,62.848469
CBN-PdlC-E5-20190722,1,1393200,Homogyne alpina,64.121750
CBN-PdlC-E5-20190722,2,1396253,Sibbaldia procumbens,63.723431
CBN-PdlC-E5-20190722,3,1392608,Geum montanum,62.827808
CBN-PdlC-E5-20190812,1,1392608,Geum montanum,65.524979
CBN-PdlC-E5-20190812,2,1396253,Sibbaldia procumbens,63.596947
CBN-PdlC-E5-20190812,3,1393200,Homogyne alpina,61.554501
CBN-PdlC-E5-20190909,1,1396253,Sibbaldia procumbens,64.680061
CBN-PdlC-E5-20190909,2,1392608,Geum montanum,64.165276
CBN-PdlC-E5-20190909,3,1390793,Carex curvula,61.177433
CBN-PdlC-E5-20200629,1,1393200,Homogyne alpina,66.249504
CBN-PdlC-E5-20200629,2,1396253,Sibbaldia procumbens,64.081207
CBN-PdlC-E5-20200629,3,1392608,Geum montanum,62.929020
CBN-PdlC-E5-20200722,1,1392608,Geum montanum,65.049843
CBN-PdlC-E5-20200722,2,1393200,Homogyne alpina,64.351746
CBN-PdlC-E5-20200722,3,1396253,Sibbaldia procumbens,62.622292
CBN-PdlC-E5-20200812,1,1392608,Geum montanum,67.153305
CBN-PdlC-E5-20200812,2,1396253,Sibbaldia procumbens,64.276688
CBN-PdlC-E5-20200812,3,1392611,Geum pyrenaicum,61.857441
CBN-PdlC-E6-20130723,1,1390793,Carex curvula,59.958282
CBN-PdlC-E6-20130723,2,1392534,Gentiana acaulis,59.701775
CBN-PdlC-E6-20130723,3,1397528,Cardamine bellidifolia,59.342312
CBN-PdlC-E6-20130807,1,1395807,Salix herbacea,60.219959
CBN-PdlC-E6-20130807,2,1396843,Trifolium alpinum,59.858578
CBN-PdlC-E6-20130807,3,1399800,Pinguicula nevadensis,59.468941
CBN-PdlC-E6-20130903,1,1396843,Trifolium alpinum,62.868656
CBN-PdlC-E6-20130903,2,1393200,Homogyne alpina,62.556011
CBN-PdlC-E6-20130903,3,1391654,Daphne striata,60.379894
CBN-PdlC-E6-20140630,1,1393200,Homogyne alpina,60.438786
CBN-PdlC-E6-20140630,2,1394911,Primula integrifolia,58.352093
CBN-PdlC-E6-20140630,3,1390793,Carex curvula,57.878933
CBN-PdlC-E6-20140721,1,1396843,Trifolium alpinum,61.440979
CBN-PdlC-E6-20140721,2,1392608,Geum montanum,61.369713
CBN-PdlC-E6-20140721,3,1393200,Homogyne alpina,58.836777
CBN-PdlC-E6-20140811,1,1392608,Geum montanum,65.062332
CBN-PdlC-E6-20140811,2,1395807,Salix herbacea,64.134254
CBN-PdlC-E6-20140811,3,1396843,Trifolium alpinum,63.295170
CBN-PdlC-E6-20150701,1,1392608,Geum montanum,63.956970
CBN-PdlC-E6-20150701,2,1393200,Homogyne alpina,63.264462
CBN-PdlC-E6-20150701,3,1392535,Gentiana alpina,62.981956
CBN-PdlC-E6-20150720,1,1396843,Trifolium alpinum,64.291466
CBN-PdlC-E6-20150720,2,1392608,Geum montanum,61.936405
CBN-PdlC-E6-20150720,3,1395807,Salix herbacea,61.028809
CBN-PdlC-E6-20150810,1,1742053,Omalotheca hoppeana,65.221878
CBN-PdlC-E6-20150810,2,1396843,Trifolium alpinum,62.939449
CBN-PdlC-E6-20150810,3,1412857,Omalotheca supina,62.917435
CBN-PdlC-E6-20150831,1,1359835,Parnassia palustris,62.088402
CBN-PdlC-E6-20150831,2,1392541,Gentiana brachyphylla,61.864334
CBN-PdlC-E6-20150831,3,1392608,Geum montanum,61.771935
CBN-PdlC-E6-20160705,1,1392608,Geum montanum,63.918282
CBN-PdlC-E6-20160705,2,1390793,Carex curvula,61.921516
CBN-PdlC-E6-20160705,3,1392535,Gentiana alpina,60.470901
CBN-PdlC-E6-20160726,1,1392534,Gentiana acaulis,66.523735
CBN-PdlC-E6-20160726,2,1392535,Gentiana alpina,64.404457
CBN-PdlC-E6-20160726,3,1395807,Salix herbacea,62.224419
CBN-PdlC-E6-20170816,1,1396843,Trifolium alpinum,61.769833
CBN-PdlC-E6-20170816,2,1392541,Gentiana brachyphylla,61.603588
CBN-PdlC-E6-20170816,3,1394311,Oreochloa disticha,59.770203
CBN-PdlC-E6-20170906,1,1396843,Trifolium alpinum,61.677479
CBN-PdlC-E6-20170906,2,1392541,Gentiana brachyphylla,60.457771
CBN-PdlC-E6-20170906,3,1392535,Gentiana alpina,60.410034
CBN-PdlC-E6-20180702,1,1392608,Geum montanum,60.303757
CBN-PdlC-E6-20180702,2,1392534,Gentiana acaulis,59.584164
CBN-PdlC-E6-20180702,3,1741880,Salix serpillifolia,59.458698
CBN-PdlC-E6-20180723,1,1392535,Gentiana alpina,63.982037
CBN-PdlC-E6-20180723,2,1392608,Geum montanum,63.880310
CBN-PdlC-E6-20180723,3,1392534,Gentiana acaulis,63.220848
CBN-PdlC-E6-20180815,1,1393200,Homogyne alpina,65.660645
CBN-PdlC-E6-20180815,2,1392534,Gentiana acaulis,63.179405
CBN-PdlC-E6-20180815,3,1392535,Gentiana alpina,62.180931
CBN-PdlC-E6-20180905,1,1392608,Geum montanum,63.734016
CBN-PdlC-E6-20180905,2,1392534,Gentiana acaulis,63.184669
CBN-PdlC-E6-20180905,3,1396843,Trifolium alpinum,63.012619
CBN-PdlC-E6-20190722,1,1393200,Homogyne alpina,66.621826
CBN-PdlC-E6-20190722,2,1362273,Cardamine resedifolia,64.884758
CBN-PdlC-E6-20190722,3,1396843,Trifolium alpinum,62.704563
CBN-PdlC-E6-20190812,1,1363618,Crassula multicava,58.993401
CBN-PdlC-E6-20190812,2,1395807,Salix herbacea,58.181911
CBN-PdlC-E6-20190812,3,1718504,Pontederia crassipes,57.498569
CBN-PdlC-E6-20190909,1,1392608,Geum montanum,64.469032
CBN-PdlC-E6-20190909,2,1390793,Carex curvula,63.036247
CBN-PdlC-E6-20190909,3,1396843,Trifolium alpinum,61.186756
CBN-PdlC-E6-20200629,1,1393200,Homogyne alpina,65.464714
CBN-PdlC-E6-20200629,2,1394911,Primula integrifolia,60.934937
CBN-PdlC-E6-20200629,3,1392541,Gentiana brachyphylla,60.923286
CBN-PdlC-E6-20200722,1,1393200,Homogyne alpina,64.053253
CBN-PdlC-E6-20200722,2,1396843,Trifolium alpinum,63.587872
CBN-PdlC-E6-20200722,3,1392534,Gentiana acaulis,62.221344
CBN-PdlC-E6-20200812,1,1396843,Trifolium alpinum,62.701645
CBN-PdlC-E6-20200812,2,1393200,Homogyne alpina,61.408085
CBN-PdlC-E6-20200812,3,1390793,Carex curvula,60.807465
CBN-PdlC-F1-20130723,1,1392541,Gentiana brachyphylla,65.408943
CBN-PdlC-F1-20130723,2,1396144,Sedum alpestre,63.415272
CBN-PdlC-F1-20130723,3,1392535,Gentiana alpina,62.653290
CBN-PdlC-F1-20130807,1,1396144,Sedum alpestre,62.443573
CBN-PdlC-F1-20130807,2,1392541,Gentiana brachyphylla,61.359886
CBN-PdlC-F1-20130807,3,1741880,Salix serpillifolia,60.838356
CBN-PdlC-F1-20130903,1,1392534,Gentiana acaulis,63.075935
CBN-PdlC-F1-20130903,2,1741880,Salix serpillifolia,63.052158
CBN-PdlC-F1-20130903,3,1396144,Sedum alpestre,62.495155
CBN-PdlC-F1-20140630,1,1392541,Gentiana brachyphylla,63.901211
CBN-PdlC-F1-20140630,2,1396144,Sedum alpestre,63.256172
CBN-PdlC-F1-20140630,3,1396253,Sibbaldia procumbens,63.250488
CBN-PdlC-F1-20140721,1,1392541,Gentiana brachyphylla,64.302292
CBN-PdlC-F1-20140721,2,1397528,Cardamine bellidifolia,64.048431
CBN-PdlC-F1-20140721,3,1396253,Sibbaldia procumbens,63.344173
CBN-PdlC-F1-20140811,1,1396144,Sedum alpestre,65.949020
CBN-PdlC-F1-20140811,2,1397381,Euphrasia minima,65.780334
CBN-PdlC-F1-20140811,3,1412857,Omalotheca supina,64.603432
CBN-PdlC-F1-20140901,1,1412857,Omalotheca supina,64.746338
CBN-PdlC-F1-20140901,2,1392541,Gentiana brachyphylla,63.451958
CBN-PdlC-F1-20140901,3,1742053,Omalotheca hoppeana,63.313438
CBN-PdlC-F1-20150701,1,1392535,Gentiana alpina,65.424362
CBN-PdlC-F1-20150701,2,1393584,Linaria alpina,64.928398
CBN-PdlC-F1-20150701,3,1412857,Omalotheca supina,64.238640
CBN-PdlC-F1-20150720,1,1412857,Omalotheca supina,65.616226
CBN-PdlC-F1-20150720,2,1396144,Sedum alpestre,65.063461
CBN-PdlC-F1-20150720,3,1396253,Sibbaldia procumbens,64.084175
CBN-PdlC-F1-20150810,1,1396253,Sibbaldia procumbens,63.323578
CBN-PdlC-F1-20150810,2,1392541,Gentiana brachyphylla,63.098515
CBN-PdlC-F1-20150810,3,1359697,Euphrasia willkommii,62.759167
CBN-PdlC-F1-20150831,1,1396253,Sibbaldia procumbens,63.942947
CBN-PdlC-F1-20150831,2,1390793,Carex curvula,63.082100
CBN-PdlC-F1-20150831,3,1396144,Sedum alpestre,63.067406
CBN-PdlC-F1-20160705,1,1396253,Sibbaldia procumbens,65.538727
CBN-PdlC-F1-20160705,2,1392541,Gentiana brachyphylla,63.400429
CBN-PdlC-F1-20160705,3,1395807,Salix herbacea,62.387733
CBN-PdlC-F1-20160726,1,1396253,Sibbaldia procumbens,64.330688
CBN-PdlC-F1-20160726,2,1395807,Salix herbacea,63.037071
CBN-PdlC-F1-20160726,3,1397381,Euphrasia minima,62.490475
CBN-PdlC-F1-20170816,1,1396253,Sibbaldia procumbens,63.922630
CBN-PdlC-F1-20170816,2,1392541,Gentiana brachyphylla,61.852451
CBN-PdlC-F1-20170816,3,1412857,Omalotheca supina,61.313858
CBN-PdlC-F1-20170906,1,1396144,Sedum alpestre,64.716637
CBN-PdlC-F1-20170906,2,1396253,Sibbaldia procumbens,63.896164
CBN-PdlC-F1-20170906,3,1392541,Gentiana brachyphylla,63.827362
CBN-PdlC-F1-20180702,1,1396144,Sedum alpestre,67.230240
CBN-PdlC-F1-20180702,2,1396253,Sibbaldia procumbens,63.520046
CBN-PdlC-F1-20180702,3,1394911,Primula integrifolia,61.942146
CBN-PdlC-F1-20180723,1,1396144,Sedum alpestre,63.371948
CBN-PdlC-F1-20180723,2,1396180,Sempervivum montanum,61.952782
CBN-PdlC-F1-20180723,3,1741880,Salix serpillifolia,61.566879
CBN-PdlC-F1-20180815,1,1396144,Sedum alpestre,61.577797
CBN-PdlC-F1-20180815,2,1397381,Euphrasia minima,61.039524
CBN-PdlC-F1-20180815,3,1396253,Sibbaldia procumbens,60.800251
CBN-PdlC-F1-20180905,1,1392541,Gentiana brachyphylla,64.858040
CBN-PdlC-F1-20180905,2,1396253,Sibbaldia procumbens,63.950104
CBN-PdlC-F1-20180905,3,1396144,Sedum alpestre,61.862720
CBN-PdlC-F1-20190701,1,1396253,Sibbaldia procumbens,61.933895
CBN-PdlC-F1-20190701,2,1741880,Salix serpillifolia,60.557209
CBN-PdlC-F1-20190701,3,1396144,Sedum alpestre,59.957603
CBN-PdlC-F1-20190812,1,1392608,Geum montanum,61.643730
CBN-PdlC-F1-20190812,2,1396253,Sibbaldia procumbens,61.111053
CBN-PdlC-F1-20190812,3,1395807,Salix herbacea,59.664967
CBN-PdlC-F1-20190909,1,1394311,Oreochloa disticha,63.918629
CBN-PdlC-F1-20190909,2,1396253,Sibbaldia procumbens,63.083321
CBN-PdlC-F1-20190909,3,1392541,Gentiana brachyphylla,62.868740
CBN-PdlC-F1-20200629,1,1396253,Sibbaldia procumbens,63.720425
CBN-PdlC-F1-20200629,2,1392541,Gentiana brachyphylla,62.246384
CBN-PdlC-F1-20200629,3,1396144,Sedum alpestre,62.211868
CBN-PdlC-F1-20200722,1,1396843,Trifolium alpinum,64.446243
CBN-PdlC-F1-20200722,2,1396144,Sedum alpestre,63.269264
CBN-PdlC-F1-20200722,3,1396253,Sibbaldia procumbens,62.287159
CBN-PdlC-F1-20200812,1,1396144,Sedum alpestre,63.614891
CBN-PdlC-F1-20200812,2,1396253,Sibbaldia procumbens,63.434029
CBN-PdlC-F1-20200812,3,1397381,Euphrasia minima,63.291222
CBN-PdlC-F2-20130723,1,1396253,Sibbaldia procumbens,64.863144
CBN-PdlC-F2-20130723,2,1397528,Cardamine bellidifolia,63.598213
CBN-PdlC-F2-20130723,3,1392534,Gentiana acaulis,62.710709
CBN-PdlC-F2-20130807,1,1396253,Sibbaldia procumbens,62.988495
CBN-PdlC-F2-20130807,2,1362273,Cardamine resedifolia,62.152916
CBN-PdlC-F2-20130807,3,1392608,Geum montanum,61.059807
CBN-PdlC-F2-20130903,1,1396253,Sibbaldia procumbens,64.016975
CBN-PdlC-F2-20130903,2,1392541,Gentiana brachyphylla,63.831146
CBN-PdlC-F2-20130903,3,1395807,Salix herbacea,61.042332
CBN-PdlC-F2-20140630,1,1392541,Gentiana brachyphylla,63.605038
CBN-PdlC-F2-20140630,2,1392565,Gentiana terglouensis,61.693222
CBN-PdlC-F2-20140630,3,1396144,Sedum alpestre,60.694695
CBN-PdlC-F2-20140721,1,1362273,Cardamine resedifolia,66.030479
CBN-PdlC-F2-20140721,2,1396253,Sibbaldia procumbens,65.127350
CBN-PdlC-F2-20140721,3,1397528,Cardamine bellidifolia,65.001801
CBN-PdlC-F2-20140811,1,1397381,Euphrasia minima,65.533676
CBN-PdlC-F2-20140811,2,1412857,Omalotheca supina,64.948380
CBN-PdlC-F2-20140811,3,1742053,Omalotheca hoppeana,64.401726
CBN-PdlC-F2-20140901,1,1395807,Salix herbacea,63.573345
CBN-PdlC-F2-20140901,2,1397381,Euphrasia minima,63.199871
CBN-PdlC-F2-20140901,3,1392541,Gentiana brachyphylla,62.568459
CBN-PdlC-F2-20150701,1,1396253,Sibbaldia procumbens,63.684135
CBN-PdlC-F2-20150701,2,1397528,Cardamine bellidifolia,63.352451
CBN-PdlC-F2-20150701,3,1396144,Sedum alpestre,63.207836
CBN-PdlC-F2-20150720,1,1396253,Sibbaldia procumbens,62.047920
CBN-PdlC-F2-20150720,2,1395807,Salix herbacea,61.123550
CBN-PdlC-F2-20150720,3,1392608,Geum montanum,59.761940
CBN-PdlC-F2-20150810,1,1412857,Omalotheca supina,64.377182
CBN-PdlC-F2-20150810,2,1742053,Omalotheca hoppeana,62.892342
CBN-PdlC-F2-20150810,3,1396253,Sibbaldia procumbens,61.618168
CBN-PdlC-F2-20150831,1,1412857,Omalotheca supina,63.462650
CBN-PdlC-F2-20150831,2,1396253,Sibbaldia procumbens,61.896870
CBN-PdlC-F2-20150831,3,1742053,Omalotheca hoppeana,61.794621
CBN-PdlC-F2-20160705,1,1396253,Sibbaldia procumbens,63.774052
CBN-PdlC-F2-20160705,2,1397528,Cardamine bellidifolia,62.482452
CBN-PdlC-F2-20160705,3,1392534,Gentiana acaulis,61.837074
CBN-PdlC-F2-20160726,1,1396253,Sibbaldia procumbens,63.306259
CBN-PdlC-F2-20160726,2,1395807,Salix herbacea,62.425175
CBN-PdlC-F2-20160726,3,1412857,Omalotheca supina,62.036926
CBN-PdlC-F2-20170906,1,1396253,Sibbaldia procumbens,64.273903
CBN-PdlC-F2-20170906,2,1396843,Trifolium alpinum,63.279327
CBN-PdlC-F2-20170906,3,1395807,Salix herbacea,61.294811
CBN-PdlC-F2-20180702,1,1396253,Sibbaldia procumbens,64.233994
CBN-PdlC-F2-20180702,2,1412857,Omalotheca supina,62.315948
CBN-PdlC-F2-20180702,3,1742053,Omalotheca hoppeana,61.603634
CBN-PdlC-F2-20180723,1,1393584,Linaria alpina,66.414635
CBN-PdlC-F2-20180723,2,1396253,Sibbaldia procumbens,62.831112
CBN-PdlC-F2-20180723,3,1392541,Gentiana brachyphylla,60.474258
CBN-PdlC-F2-20180815,1,1396253,Sibbaldia procumbens,63.449135
CBN-PdlC-F2-20180815,2,1396843,Trifolium alpinum,62.520073
CBN-PdlC-F2-20180815,3,1742053,Omalotheca hoppeana,60.582634
CBN-PdlC-F2-20180905,1,1396253,Sibbaldia procumbens,64.469864
CBN-PdlC-F2-20180905,2,1392541,Gentiana brachyphylla,63.598431
CBN-PdlC-F2-20180905,3,1412857,Omalotheca supina,63.193455
CBN-PdlC-F2-20190701,1,1392534,Gentiana acaulis,63.763649
CBN-PdlC-F2-20190701,2,1396253,Sibbaldia procumbens,62.635635
CBN-PdlC-F2-20190701,3,1392541,Gentiana brachyphylla,61.721855
CBN-PdlC-F2-20190812,1,1396253,Sibbaldia procumbens,61.724693
CBN-PdlC-F2-20190812,2,1412857,Omalotheca supina,61.153488
CBN-PdlC-F2-20190812,3,1395807,Salix herbacea,61.132771
CBN-PdlC-F2-20190909,1,1396253,Sibbaldia procumbens,63.403694
CBN-PdlC-F2-20190909,2,1412857,Omalotheca supina,61.932610
CBN-PdlC-F2-20190909,3,1395807,Salix herbacea,61.624638
CBN-PdlC-F2-20200629,1,1396253,Sibbaldia procumbens,64.028656
CBN-PdlC-F2-20200629,2,1396144,Sedum alpestre,62.099922
CBN-PdlC-F2-20200629,3,1741880,Salix serpillifolia,60.837147
CBN-PdlC-F2-20200722,1,1396144,Sedum alpestre,66.427628
CBN-PdlC-F2-20200722,2,1412857,Omalotheca supina,64.420280
CBN-PdlC-F2-20200722,3,1392534,Gentiana acaulis,63.968529
CBN-PdlC-F2-20200812,1,1396253,Sibbaldia procumbens,63.091267
CBN-PdlC-F2-20200812,2,1392534,Gentiana acaulis,62.555756
CBN-PdlC-F2-20200812,3,1395807,Salix herbacea,62.076092
CBN-PdlC-F3-20130723,1,1393200,Homogyne alpina,63.102753
CBN-PdlC-F3-20130723,2,1356422,Botrychium lunaria,62.632198
CBN-PdlC-F3-20130723,3,1395807,Salix herbacea,59.423214
CBN-PdlC-F3-20130807,1,1392608,Geum montanum,62.542824
CBN-PdlC-F3-20130807,2,1396253,Sibbaldia procumbens,61.599285
CBN-PdlC-F3-20130807,3,1395807,Salix herbacea,59.574963
CBN-PdlC-F3-20130903,1,1392608,Geum montanum,65.394867
CBN-PdlC-F3-20130903,2,1395807,Salix herbacea,60.781109
CBN-PdlC-F3-20130903,3,1360299,Geum sylvaticum,60.640144
CBN-PdlC-F3-20140630,1,1392608,Geum montanum,65.542618
CBN-PdlC-F3-20140630,2,1392611,Geum pyrenaicum,58.629181
CBN-PdlC-F3-20140630,3,1396144,Sedum alpestre,58.233929
CBN-PdlC-F3-20140721,1,1392608,Geum montanum,64.433334
CBN-PdlC-F3-20140721,2,1397528,Cardamine bellidifolia,62.516808
CBN-PdlC-F3-20140721,3,1395807,Salix herbacea,61.064400
CBN-PdlC-F3-20140811,1,1393200,Homogyne alpina,65.999451
CBN-PdlC-F3-20140811,2,1395807,Salix herbacea,64.369392
CBN-PdlC-F3-20140811,3,1392608,Geum montanum,64.098946
CBN-PdlC-F3-20140901,1,1392608,Geum montanum,61.246178
CBN-PdlC-F3-20140901,2,1743471,Festuca glacialis,61.002537
CBN-PdlC-F3-20140901,3,1412857,Omalotheca supina,60.872086
CBN-PdlC-F3-20150701,1,1396253,Sibbaldia procumbens,62.692574
CBN-PdlC-F3-20150701,2,1397528,Cardamine bellidifolia,62.340591
CBN-PdlC-F3-20150701,3,1393584,Linaria alpina,62.097839
CBN-PdlC-F3-20150720,1,1397386,Festuca scabriculmis,63.987053
CBN-PdlC-F3-20150720,2,1392608,Geum montanum,63.643589
CBN-PdlC-F3-20150720,3,1651427,Festuca summilusitana,62.805229
CBN-PdlC-F3-20150810,1,1392608,Geum montanum,62.660286
CBN-PdlC-F3-20150810,2,1396253,Sibbaldia procumbens,62.382713
CBN-PdlC-F3-20150810,3,1395807,Salix herbacea,62.113857
CBN-PdlC-F3-20150831,1,1396253,Sibbaldia procumbens,62.214748
CBN-PdlC-F3-20150831,2,1395807,Salix herbacea,61.703354
CBN-PdlC-F3-20150831,3,1412857,Omalotheca supina,60.022728
CBN-PdlC-F3-20160705,1,1393659,Luzula alpina,65.459938
CBN-PdlC-F3-20160705,2,1392608,Geum montanum,62.385902
CBN-PdlC-F3-20160705,3,1395807,Salix herbacea,62.294640
CBN-PdlC-F3-20160726,1,1392608,Geum montanum,61.837795
CBN-PdlC-F3-20160726,2,1395807,Salix herbacea,60.421909
CBN-PdlC-F3-20160726,3,1396253,Sibbaldia procumbens,58.290123
CBN-PdlC-F3-20170816,1,1395807,Salix herbacea,58.930962
CBN-PdlC-F3-20170816,2,1393619,Logfia minima,58.287666
CBN-PdlC-F3-20170816,3,1397158,Viola lactea,58.182785
CBN-PdlC-F3-20170906,1,1392608,Geum montanum,60.791367
CBN-PdlC-F3-20170906,2,1361141,Agrostis rupestris,58.693890
CBN-PdlC-F3-20170906,3,1394311,Oreochloa disticha,58.542694
CBN-PdlC-F3-20180702,1,1393200,Homogyne alpina,64.306389
CBN-PdlC-F3-20180702,2,1396253,Sibbaldia procumbens,60.891869
CBN-PdlC-F3-20180702,3,1392608,Geum montanum,60.010059
CBN-PdlC-F3-20180723,1,1392534,Gentiana acaulis,63.134285
CBN-PdlC-F3-20180723,2,1395807,Salix herbacea,60.899887
CBN-PdlC-F3-20180723,3,1392535,Gentiana alpina,60.676353
CBN-PdlC-F3-20180815,1,1395807,Salix herbacea,59.775547
CBN-PdlC-F3-20180815,2,1396253,Sibbaldia procumbens,59.382141
CBN-PdlC-F3-20180815,3,1394311,Oreochloa disticha,57.776978
CBN-PdlC-F3-20180905,1,1393200,Homogyne alpina,64.453751
CBN-PdlC-F3-20180905,2,1651427,Festuca summilusitana,62.583397
CBN-PdlC-F3-20180905,3,1392608,Geum montanum,62.350132
CBN-PdlC-F3-20190701,1,1397430,Luzula sylvatica,61.818108
CBN-PdlC-F3-20190701,2,1393659,Luzula alpina,61.178646
CBN-PdlC-F3-20190701,3,1393200,Homogyne alpina,60.939625
CBN-PdlC-F3-20190722,1,1392608,Geum montanum,64.863640
CBN-PdlC-F3-20190722,2,1395807,Salix herbacea,63.560642
CBN-PdlC-F3-20190722,3,1396253,Sibbaldia procumbens,63.283009
CBN-PdlC-F3-20190812,1,1395807,Salix herbacea,62.748135
CBN-PdlC-F3-20190812,2,1396253,Sibbaldia procumbens,61.454758
CBN-PdlC-F3-20190812,3,1394542,Phyteuma hemisphaericum,61.225616
CBN-PdlC-F3-20190909,1,1396253,Sibbaldia procumbens,63.380119
CBN-PdlC-F3-20190909,2,1392608,Geum montanum,62.994263
CBN-PdlC-F3-20190909,3,1397386,Festuca scabriculmis,61.461246
CBN-PdlC-F3-20200629,1,1393200,Homogyne alpina,62.916626
CBN-PdlC-F3-20200629,2,1396253,Sibbaldia procumbens,62.460655
CBN-PdlC-F3-20200629,3,1392608,Geum montanum,60.007484
CBN-PdlC-F3-20200722,1,1392608,Geum montanum,62.915989
CBN-PdlC-F3-20200722,2,1392114,Alchemilla flabellata,61.992226
CBN-PdlC-F3-20200722,3,1396253,Sibbaldia procumbens,61.386177
CBN-PdlC-F3-20200812,1,1394311,Oreochloa disticha,62.712620
CBN-PdlC-F3-20200812,2,1395807,Salix herbacea,61.222862
CBN-PdlC-F3-20200812,3,1392608,Geum montanum,60.955048
CBN-PdlC-F4-20130723,1,1393200,Homogyne alpina,66.083794
CBN-PdlC-F4-20130723,2,1396253,Sibbaldia procumbens,64.355209
CBN-PdlC-F4-20130723,3,1392541,Gentiana brachyphylla,61.530716
CBN-PdlC-F4-20130807,1,1392608,Geum montanum,65.093193
CBN-PdlC-F4-20130807,2,1396843,Trifolium alpinum,61.755642
CBN-PdlC-F4-20130807,3,1396253,Sibbaldia procumbens,60.669750
CBN-PdlC-F4-20130903,1,1394542,Phyteuma hemisphaericum,68.432228
CBN-PdlC-F4-20130903,2,1393200,Homogyne alpina,64.737686
CBN-PdlC-F4-20130903,3,1392608,Geum montanum,61.140236
CBN-PdlC-F4-20140630,1,1393200,Homogyne alpina,66.994301
CBN-PdlC-F4-20140630,2,1392608,Geum montanum,64.631500
CBN-PdlC-F4-20140630,3,1396253,Sibbaldia procumbens,63.013321
CBN-PdlC-F4-20140811,1,1393200,Homogyne alpina,68.081306
CBN-PdlC-F4-20140811,2,1395807,Salix herbacea,63.755428
CBN-PdlC-F4-20140811,3,1392608,Geum montanum,63.731571
CBN-PdlC-F4-20140901,1,1393200,Homogyne alpina,66.560783
CBN-PdlC-F4-20140901,2,1396253,Sibbaldia procumbens,63.496468
CBN-PdlC-F4-20140901,3,1392608,Geum montanum,63.067913
CBN-PdlC-F4-20150701,1,1394311,Oreochloa disticha,66.872681
CBN-PdlC-F4-20150701,2,1392608,Geum montanum,65.555893
CBN-PdlC-F4-20150701,3,1393200,Homogyne alpina,64.870163
CBN-PdlC-F4-20150720,1,1392608,Geum montanum,61.528149
CBN-PdlC-F4-20150720,2,1393659,Luzula alpina,61.373352
CBN-PdlC-F4-20150720,3,1396843,Trifolium alpinum,61.033485
CBN-PdlC-F4-20150810,1,1392608,Geum montanum,63.988510
CBN-PdlC-F4-20150810,2,1361141,Agrostis rupestris,62.924835
CBN-PdlC-F4-20150810,3,1396253,Sibbaldia procumbens,62.920918
CBN-PdlC-F4-20150831,1,1392608,Geum montanum,64.752083
CBN-PdlC-F4-20150831,2,1397430,Luzula sylvatica,62.743782
CBN-PdlC-F4-20150831,3,1396253,Sibbaldia procumbens,62.171925
CBN-PdlC-F4-20160705,1,1392608,Geum montanum,64.627190
CBN-PdlC-F4-20160705,2,1361592,Luzula campestris,63.061768
CBN-PdlC-F4-20160705,3,1395807,Salix herbacea,62.177120
CBN-PdlC-F4-20160726,1,1392608,Geum montanum,64.749847
CBN-PdlC-F4-20160726,2,1396843,Trifolium alpinum,63.126038
CBN-PdlC-F4-20160726,3,1396253,Sibbaldia procumbens,62.958187
CBN-PdlC-F4-20170816,1,1393200,Homogyne alpina,64.053032
CBN-PdlC-F4-20170816,2,1396253,Sibbaldia procumbens,61.452332
CBN-PdlC-F4-20170816,3,1394366,Oxyria digyna,60.518581
CBN-PdlC-F4-20170906,1,1396253,Sibbaldia procumbens,63.316895
CBN-PdlC-F4-20170906,2,1393200,Homogyne alpina,62.000351
CBN-PdlC-F4-20170906,3,1396843,Trifolium alpinum,60.338997
CBN-PdlC-F4-20180702,1,1393200,Homogyne alpina,66.483955
CBN-PdlC-F4-20180702,2,1392608,Geum montanum,62.832985
CBN-PdlC-F4-20180702,3,1396843,Trifolium alpinum,61.914398
CBN-PdlC-F4-20180723,1,1396843,Trifolium alpinum,64.408028
CBN-PdlC-F4-20180723,2,1392608,Geum montanum,63.705757
CBN-PdlC-F4-20180723,3,1393200,Homogyne alpina,62.082378
CBN-PdlC-F4-20180815,1,1393200,Homogyne alpina,64.752388
CBN-PdlC-F4-20180815,2,1396253,Sibbaldia procumbens,63.430721
CBN-PdlC-F4-20180815,3,1392608,Geum montanum,62.247177
CBN-PdlC-F4-20180905,1,1392608,Geum montanum,64.421776
CBN-PdlC-F4-20180905,2,1396253,Sibbaldia procumbens,62.776726
CBN-PdlC-F4-20180905,3,1392553,Gentiana occidentalis,59.960426
CBN-PdlC-F4-20190701,1,1393200,Homogyne alpina,65.350067
CBN-PdlC-F4-20190701,2,1392612,Geum reptans,64.351295
CBN-PdlC-F4-20190701,3,1392608,Geum montanum,61.953819
CBN-PdlC-F4-20190722,1,1393200,Homogyne alpina,64.481339
CBN-PdlC-F4-20190722,2,1396843,Trifolium alpinum,64.245453
CBN-PdlC-F4-20190722,3,1392608,Geum montanum,63.929886
CBN-PdlC-F4-20190812,1,1392608,Geum montanum,62.723351
CBN-PdlC-F4-20190812,2,1396253,Sibbaldia procumbens,62.566357
CBN-PdlC-F4-20190812,3,1397386,Festuca scabriculmis,61.052311
CBN-PdlC-F4-20190909,1,1392608,Geum montanum,62.648132
CBN-PdlC-F4-20190909,2,1393200,Homogyne alpina,61.558022
CBN-PdlC-F4-20190909,3,1396843,Trifolium alpinum,61.002193
CBN-PdlC-F4-20200629,1,1393200,Homogyne alpina,65.623093
CBN-PdlC-F4-20200629,2,1392608,Geum montanum,64.175278
CBN-PdlC-F4-20200629,3,1393659,Luzula alpina,61.883648
CBN-PdlC-F4-20200722,1,1392608,Geum montanum,65.032852
CBN-PdlC-F4-20200722,2,1393659,Luzula alpina,64.154564
CBN-PdlC-F4-20200722,3,1395807,Salix herbacea,61.800144
CBN-PdlC-F4-20200812,1,1393200,Homogyne alpina,63.422340
CBN-PdlC-F4-20200812,2,1396843,Trifolium alpinum,62.268570
CBN-PdlC-F4-20200812,3,1392608,Geum montanum,61.442898
CBN-PdlC-F5-20130723,1,1396253,Sibbaldia procumbens,64.070259
CBN-PdlC-F5-20130723,2,1396843,Trifolium alpinum,60.428501
CBN-PdlC-F5-20130723,3,1392608,Geum montanum,59.045822
CBN-PdlC-F5-20130903,1,1392608,Geum montanum,63.748631
CBN-PdlC-F5-20130903,2,1396253,Sibbaldia procumbens,60.720596
CBN-PdlC-F5-20130903,3,1396843,Trifolium alpinum,60.273735
CBN-PdlC-F5-20140630,1,1396253,Sibbaldia procumbens,64.089821
CBN-PdlC-F5-20140630,2,1392608,Geum montanum,60.482891
CBN-PdlC-F5-20140630,3,1388766,Botrychium simplex,60.426216
CBN-PdlC-F5-20140721,1,1392608,Geum montanum,66.268219
CBN-PdlC-F5-20140721,2,1396253,Sibbaldia procumbens,64.449806
CBN-PdlC-F5-20140721,3,1392611,Geum pyrenaicum,63.419769
CBN-PdlC-F5-20140811,1,1392608,Geum montanum,64.236588
CBN-PdlC-F5-20140811,2,1396843,Trifolium alpinum,64.112282
CBN-PdlC-F5-20140811,3,1396253,Sibbaldia procumbens,64.010147
CBN-PdlC-F5-20150701,1,1392608,Geum montanum,65.595474
CBN-PdlC-F5-20150701,2,1396253,Sibbaldia procumbens,64.549728
CBN-PdlC-F5-20150701,3,1395807,Salix herbacea,62.478889
CBN-PdlC-F5-20150720,1,1394542,Phyteuma hemisphaericum,64.712822
CBN-PdlC-F5-20150720,2,1392608,Geum montanum,64.017967
CBN-PdlC-F5-20150720,3,1396253,Sibbaldia procumbens,63.889107
CBN-PdlC-F5-20150810,1,1392608,Geum montanum,63.935822
CBN-PdlC-F5-20150810,2,1396253,Sibbaldia procumbens,63.201561
CBN-PdlC-F5-20150810,3,1395807,Salix herbacea,61.596046
CBN-PdlC-F5-20150831,1,1392608,Geum montanum,64.252991
CBN-PdlC-F5-20150831,2,1396253,Sibbaldia procumbens,62.888008
CBN-PdlC-F5-20150831,3,1396843,Trifolium alpinum,61.734291
CBN-PdlC-F5-20160705,1,1390793,Carex curvula,63.842793
CBN-PdlC-F5-20160705,2,1392608,Geum montanum,62.117985
CBN-PdlC-F5-20160705,3,1396843,Trifolium alpinum,61.991638
CBN-PdlC-F5-20160726,1,1392608,Geum montanum,62.663059
CBN-PdlC-F5-20160726,2,1361367,Poa alpina,62.495605
CBN-PdlC-F5-20160726,3,1394655,Poa badensis,61.739357
CBN-PdlC-F5-20170816,1,1396253,Sibbaldia procumbens,62.493721
CBN-PdlC-F5-20170816,2,1396843,Trifolium alpinum,61.290176
CBN-PdlC-F5-20170816,3,1394311,Oreochloa disticha,60.822861
CBN-PdlC-F5-20170906,1,1396253,Sibbaldia procumbens,63.898369
CBN-PdlC-F5-20170906,2,1396843,Trifolium alpinum,62.198586
CBN-PdlC-F5-20170906,3,1397386,Festuca scabriculmis,58.614784
CBN-PdlC-F5-20180702,1,1396253,Sibbaldia procumbens,64.487648
CBN-PdlC-F5-20180702,2,1392608,Geum montanum,61.805874
CBN-PdlC-F5-20180702,3,1396843,Trifolium alpinum,60.675644
CBN-PdlC-F5-20180723,1,1392608,Geum montanum,65.639114
CBN-PdlC-F5-20180723,2,1396843,Trifolium alpinum,62.885277
CBN-PdlC-F5-20180723,3,1396253,Sibbaldia procumbens,62.035099
CBN-PdlC-F5-20180815,1,1396253,Sibbaldia procumbens,62.611542
CBN-PdlC-F5-20180815,2,1396843,Trifolium alpinum,60.318512
CBN-PdlC-F5-20180815,3,1392608,Geum montanum,57.878849
CBN-PdlC-F5-20180905,1,1396253,Sibbaldia procumbens,63.602432
CBN-PdlC-F5-20180905,2,1396843,Trifolium alpinum,62.779221
CBN-PdlC-F5-20180905,3,1390899,Carex pyrenaica,59.544422
CBN-PdlC-F5-20190722,1,1392608,Geum montanum,66.353653
CBN-PdlC-F5-20190722,2,1396843,Trifolium alpinum,62.919518
CBN-PdlC-F5-20190722,3,1397386,Festuca scabriculmis,62.454575
CBN-PdlC-F5-20190812,1,1392608,Geum montanum,63.328918
CBN-PdlC-F5-20190812,2,1396253,Sibbaldia procumbens,61.317291
CBN-PdlC-F5-20190812,3,1360299,Geum sylvaticum,61.275017
CBN-PdlC-F5-20190909,1,1396253,Sibbaldia procumbens,63.480762
CBN-PdlC-F5-20190909,2,1743471,Festuca glacialis,61.725670
CBN-PdlC-F5-20190909,3,1396843,Trifolium alpinum,61.586449
CBN-PdlC-F5-20200629,1,1392608,Geum montanum,63.811466
CBN-PdlC-F5-20200629,2,1396253,Sibbaldia procumbens,63.394196
CBN-PdlC-F5-20200629,3,1390793,Carex curvula,61.123199
CBN-PdlC-F5-20200722,1,1392608,Geum montanum,65.861893
CBN-PdlC-F5-20200722,2,1396843,Trifolium alpinum,63.129032
CBN-PdlC-F5-20200722,3,1390793,Carex curvula,62.207729
CBN-PdlC-F5-20200812,1,1396253,Sibbaldia procumbens,63.474678
CBN-PdlC-F5-20200812,2,1390793,Carex curvula,63.335136
CBN-PdlC-F5-20200812,3,1396843,Trifolium alpinum,62.478882
CBN-PdlC-F6-20130723,1,1396843,Trifolium alpinum,61.599884
CBN-PdlC-F6-20130723,2,1390793,Carex curvula,61.506931
CBN-PdlC-F6-20130723,3,1392186,Euphorbia pyrenaica,59.677456
CBN-PdlC-F6-20130807,1,1390793,Carex curvula,64.950005
CBN-PdlC-F6-20130807,2,1396843,Trifolium alpinum,61.042515
CBN-PdlC-F6-20130807,3,1396253,Sibbaldia procumbens,60.155231
CBN-PdlC-F6-20130903,1,1390793,Carex curvula,64.157196
CBN-PdlC-F6-20130903,2,1396843,Trifolium alpinum,60.823433
CBN-PdlC-F6-20130903,3,1390899,Carex pyrenaica,60.347805
CBN-PdlC-F6-20140630,1,1390793,Carex curvula,62.510498
CBN-PdlC-F6-20140630,2,1390761,Carex arenaria,59.787819
CBN-PdlC-F6-20140630,3,1531697,Carex lainzii,58.196892
CBN-PdlC-F6-20140721,1,1390793,Carex curvula,63.833488
CBN-PdlC-F6-20140721,2,1392534,Gentiana acaulis,62.874592
CBN-PdlC-F6-20140721,3,1392535,Gentiana alpina,62.109306
CBN-PdlC-F6-20140811,1,1392535,Gentiana alpina,66.253571
CBN-PdlC-F6-20140811,2,1396843,Trifolium alpinum,64.880508
CBN-PdlC-F6-20140811,3,1396869,Trifolium thalii,63.668648
CBN-PdlC-F6-20150701,1,1393200,Homogyne alpina,66.300613
CBN-PdlC-F6-20150701,2,1396843,Trifolium alpinum,63.643303
CBN-PdlC-F6-20150701,3,1392535,Gentiana alpina,62.854622
CBN-PdlC-F6-20150720,1,1392608,Geum montanum,64.490799
CBN-PdlC-F6-20150720,2,1394542,Phyteuma hemisphaericum,64.452576
CBN-PdlC-F6-20150720,3,1392612,Geum reptans,62.670082
CBN-PdlC-F6-20150810,1,1392608,Geum montanum,63.733284
CBN-PdlC-F6-20150810,2,1361367,Poa alpina,62.942535
CBN-PdlC-F6-20150810,3,1396843,Trifolium alpinum,62.412243
CBN-PdlC-F6-20150831,1,1390793,Carex curvula,63.778664
CBN-PdlC-F6-20150831,2,1396843,Trifolium alpinum,61.750027
CBN-PdlC-F6-20150831,3,1392608,Geum montanum,61.332375
CBN-PdlC-F6-20160705,1,1394311,Oreochloa disticha,62.274872
CBN-PdlC-F6-20160705,2,1361367,Poa alpina,61.492466
CBN-PdlC-F6-20160705,3,1390793,Carex curvula,61.482929
CBN-PdlC-F6-20160726,1,1392534,Gentiana acaulis,65.205261
CBN-PdlC-F6-20160726,2,1394542,Phyteuma hemisphaericum,64.167145
CBN-PdlC-F6-20160726,3,1396843,Trifolium alpinum,62.820038
CBN-PdlC-F6-20170816,1,1742053,Omalotheca hoppeana,64.324760
CBN-PdlC-F6-20170816,2,1393200,Homogyne alpina,64.150024
CBN-PdlC-F6-20170816,3,1390793,Carex curvula,63.418018
CBN-PdlC-F6-20170906,1,1390793,Carex curvula,62.112778
CBN-PdlC-F6-20170906,2,1396843,Trifolium alpinum,61.348598
CBN-PdlC-F6-20170906,3,1393200,Homogyne alpina,60.909950
CBN-PdlC-F6-20180702,1,1390793,Carex curvula,60.747078
CBN-PdlC-F6-20180702,2,1396843,Trifolium alpinum,59.733337
CBN-PdlC-F6-20180702,3,1396253,Sibbaldia procumbens,59.392433
CBN-PdlC-F6-20180723,1,1396843,Trifolium alpinum,63.807178
CBN-PdlC-F6-20180723,2,1392608,Geum montanum,62.072464
CBN-PdlC-F6-20180723,3,1394311,Oreochloa disticha,61.747208
CBN-PdlC-F6-20180815,1,1396869,Trifolium thalii,61.787540
CBN-PdlC-F6-20180815,2,1396843,Trifolium alpinum,60.570602
CBN-PdlC-F6-20180815,3,1390793,Carex curvula,60.408424
CBN-PdlC-F6-20180905,1,1393200,Homogyne alpina,66.299667
CBN-PdlC-F6-20180905,2,1396843,Trifolium alpinum,61.036106
CBN-PdlC-F6-20180905,3,1361275,Festuca indigesta,60.134926
CBN-PdlC-F6-20190722,1,1393200,Homogyne alpina,65.252144
CBN-PdlC-F6-20190722,2,1361367,Poa alpina,64.134995
CBN-PdlC-F6-20190722,3,1396843,Trifolium alpinum,62.603218
CBN-PdlC-F6-20190812,1,1391706,Dianthus pavonius,62.841476
CBN-PdlC-F6-20190812,2,1361367,Poa alpina,62.498108
CBN-PdlC-F6-20190812,3,1392608,Geum montanum,62.230431
CBN-PdlC-F6-20190909,1,1390793,Carex curvula,63.752014
CBN-PdlC-F6-20190909,2,1394311,Oreochloa disticha,63.558178
CBN-PdlC-F6-20190909,3,1396843,Trifolium alpinum,62.578808
CBN-PdlC-F6-20200629,1,1392608,Geum montanum,64.087662
CBN-PdlC-F6-20200629,2,1390793,Carex curvula,62.976433
CBN-PdlC-F6-20200629,3,1393200,Homogyne alpina,62.779846
CBN-PdlC-F6-20200722,1,1396843,Trifolium alpinum,65.394905
CBN-PdlC-F6-20200722,2,1392535,Gentiana alpina,64.617531
CBN-PdlC-F6-20200722,3,1392608,Geum montanum,63.990356
CBN-PdlC-F6-20200812,1,1394311,Oreochloa disticha,65.972664
CBN-PdlC-F6-20200812,2,1393200,Homogyne alpina,65.314568
CBN-PdlC-F6-20200812,3,1392534,Gentiana acaulis,64.159134
CBN-Pla-A1-20130808,1,1397475,Rhododendron ferrugineum,65.052315
CBN-Pla-A1-20130808,2,1396253,Sibbaldia procumbens,63.966385
CBN-Pla-A1-20130808,3,1395807,Salix herbacea,62.975452
CBN-Pla-A1-20130904,1,1397475,Rhododendron ferrugineum,63.670918
CBN-Pla-A1-20130904,2,1395807,Salix herbacea,61.181931
CBN-Pla-A1-20130904,3,1396253,Sibbaldia procumbens,60.041412
CBN-Pla-A1-20140722,1,1397475,Rhododendron ferrugineum,63.531857
CBN-Pla-A1-20140722,2,1396253,Sibbaldia procumbens,63.110466
CBN-Pla-A1-20140722,3,1392241,Alchemilla pentaphyllea,57.948761
CBN-Pla-A1-20140812,1,1397475,Rhododendron ferrugineum,65.435257
CBN-Pla-A1-20140812,2,1412857,Omalotheca supina,64.227699
CBN-Pla-A1-20140812,3,1400176,Bistorta vivipara,63.962967
CBN-Pla-A1-20140902,1,1397475,Rhododendron ferrugineum,63.237457
CBN-Pla-A1-20140902,2,1396253,Sibbaldia procumbens,59.658096
CBN-Pla-A1-20140902,3,1395807,Salix herbacea,58.861401
CBN-Pla-A1-20150702,1,1397475,Rhododendron ferrugineum,62.938995
CBN-Pla-A1-20150702,2,1396253,Sibbaldia procumbens,60.878838
CBN-Pla-A1-20150702,3,1412857,Omalotheca supina,59.606750
CBN-Pla-A1-20150723,1,1397475,Rhododendron ferrugineum,64.428650
CBN-Pla-A1-20150723,2,1400111,Bellium nivale,62.367363
CBN-Pla-A1-20150723,3,1394542,Phyteuma hemisphaericum,60.146774
CBN-Pla-A1-20150811,1,1400176,Bistorta vivipara,63.408333
CBN-Pla-A1-20150811,2,1394311,Oreochloa disticha,62.724571
CBN-Pla-A1-20150811,3,1397475,Rhododendron ferrugineum,61.258598
CBN-Pla-A1-20150901,1,1397475,Rhododendron ferrugineum,64.525940
CBN-Pla-A1-20150901,2,1395807,Salix herbacea,63.684429
CBN-Pla-A1-20150901,3,1412857,Omalotheca supina,62.271469
CBN-Pla-A1-20160707,1,1397475,Rhododendron ferrugineum,62.171116
CBN-Pla-A1-20160707,2,1357575,Filago carpetana,61.486343
CBN-Pla-A1-20160707,3,1390904,Carex rupestris,60.339005
CBN-Pla-A1-20160728,1,1397475,Rhododendron ferrugineum,62.739182
CBN-Pla-A1-20160728,2,1395807,Salix herbacea,62.021545
CBN-Pla-A1-20160728,3,1412857,Omalotheca supina,60.670967
CBN-Pla-A1-20180724,1,1394643,Antennaria dioica,60.353706
CBN-Pla-A1-20180724,2,1397475,Rhododendron ferrugineum,58.653976
CBN-Pla-A1-20180724,3,1418688,Arctous alpina,57.251884
CBN-Pla-A1-20180816,1,1397475,Rhododendron ferrugineum,64.232048
CBN-Pla-A1-20180816,2,1400176,Bistorta vivipara,62.519783
CBN-Pla-A1-20180816,3,1396253,Sibbaldia procumbens,60.819992
CBN-Pla-A1-20180906,1,1412857,Omalotheca supina,60.721287
CBN-Pla-A1-20180906,2,1395807,Salix herbacea,59.928310
CBN-Pla-A1-20180906,3,1397475,Rhododendron ferrugineum,59.042881
CBN-Pla-A1-20190723,1,1397475,Rhododendron ferrugineum,60.918930
CBN-Pla-A1-20190723,2,1395807,Salix herbacea,60.898384
CBN-Pla-A1-20190723,3,1396253,Sibbaldia procumbens,58.777496
CBN-Pla-A1-20190814,1,1397475,Rhododendron ferrugineum,63.898113
CBN-Pla-A1-20190814,2,1742053,Omalotheca hoppeana,62.312218
CBN-Pla-A1-20190814,3,1396253,Sibbaldia procumbens,61.601410
CBN-Pla-A1-20200630,1,1400182,Bolboschoenus planiculmis,52.051613
CBN-Pla-A1-20200630,2,1737685,Carex subviridula,51.793762
CBN-Pla-A1-20200630,3,1366028,Utricularia subulata,50.887798
CBN-Pla-A1-20200723,1,1397475,Rhododendron ferrugineum,64.556084
CBN-Pla-A1-20200723,2,1400176,Bistorta vivipara,63.295464
CBN-Pla-A1-20200723,3,1412857,Omalotheca supina,62.337067
CBN-Pla-A1-20200814,1,1412857,Omalotheca supina,66.607513
CBN-Pla-A1-20200814,2,1392552,Gentiana nivalis,65.526466
CBN-Pla-A1-20200814,3,1742053,Omalotheca hoppeana,63.945374
CBN-Pla-A2-20130724,1,1396015,Saxifraga moschata,56.358185
CBN-Pla-A2-20130724,2,1397549,Saxifraga paniculata,55.884842
CBN-Pla-A2-20130724,3,1395973,Saxifraga exarata,54.957218
CBN-Pla-A2-20130808,1,1397386,Festuca scabriculmis,62.787003
CBN-Pla-A2-20130808,2,1396253,Sibbaldia procumbens,62.335251
CBN-Pla-A2-20130808,3,1651363,Festuca quadriflora,61.449280
CBN-Pla-A2-20130904,1,1396015,Saxifraga moschata,63.984520
CBN-Pla-A2-20130904,2,1395973,Saxifraga exarata,62.704651
CBN-Pla-A2-20130904,3,1395949,Saxifraga bryoides,61.140232
CBN-Pla-A2-20140722,1,1396015,Saxifraga moschata,63.351398
CBN-Pla-A2-20140722,2,1395949,Saxifraga bryoides,62.214539
CBN-Pla-A2-20140722,3,1395973,Saxifraga exarata,61.658447
CBN-Pla-A2-20140812,1,1396015,Saxifraga moschata,64.908012
CBN-Pla-A2-20140812,2,1395949,Saxifraga bryoides,64.181244
CBN-Pla-A2-20140812,3,1395807,Salix herbacea,63.874859
CBN-Pla-A2-20140902,1,1396015,Saxifraga moschata,62.978142
CBN-Pla-A2-20140902,2,1395973,Saxifraga exarata,61.625854
CBN-Pla-A2-20140902,3,1361367,Poa alpina,60.827549
CBN-Pla-A2-20150702,1,1396253,Sibbaldia procumbens,61.550667
CBN-Pla-A2-20150702,2,1412857,Omalotheca supina,60.416908
CBN-Pla-A2-20150702,3,1396015,Saxifraga moschata,60.012394
CBN-Pla-A2-20150723,1,1742053,Omalotheca hoppeana,63.005104
CBN-Pla-A2-20150723,2,1396869,Trifolium thalii,61.901398
CBN-Pla-A2-20150723,3,1396015,Saxifraga moschata,61.600113
CBN-Pla-A2-20150811,1,1392552,Gentiana nivalis,66.406578
CBN-Pla-A2-20150811,2,1396015,Saxifraga moschata,62.527122
CBN-Pla-A2-20150811,3,1412857,Omalotheca supina,62.477245
CBN-Pla-A2-20150901,1,1396015,Saxifraga moschata,64.417007
CBN-Pla-A2-20150901,2,1360036,Limonium emarginatum,63.829842
CBN-Pla-A2-20150901,3,1392552,Gentiana nivalis,62.953632
CBN-Pla-A2-20160707,1,1396015,Saxifraga moschata,64.290924
CBN-Pla-A2-20160707,2,1396253,Sibbaldia procumbens,62.648735
CBN-Pla-A2-20160707,3,1395949,Saxifraga bryoides,61.740471
CBN-Pla-A2-20160728,1,1742053,Omalotheca hoppeana,62.727715
CBN-Pla-A2-20160728,2,1395870,Salix retusa,62.380146
CBN-Pla-A2-20160728,3,1397043,Veronica alpina,62.319839
CBN-Pla-A2-20180724,1,1396180,Sempervivum montanum,62.754192
CBN-Pla-A2-20180724,2,1396175,Sempervivum arachnoideum,59.640697
CBN-Pla-A2-20180724,3,1395949,Saxifraga bryoides,58.619137
CBN-Pla-A2-20180816,1,1396015,Saxifraga moschata,64.052261
CBN-Pla-A2-20180816,2,1395949,Saxifraga bryoides,62.434475
CBN-Pla-A2-20180816,3,1397043,Veronica alpina,61.854393
CBN-Pla-A2-20180906,1,1396015,Saxifraga moschata,65.104767
CBN-Pla-A2-20180906,2,1395973,Saxifraga exarata,63.163910
CBN-Pla-A2-20180906,3,1395949,Saxifraga bryoides,62.828911
CBN-Pla-A2-20190723,1,1412857,Omalotheca supina,65.930557
CBN-Pla-A2-20190723,2,1742053,Omalotheca hoppeana,65.872078
CBN-Pla-A2-20190723,3,1396144,Sedum alpestre,60.960770
CBN-Pla-A2-20190814,1,1396015,Saxifraga moschata,64.077148
CBN-Pla-A2-20190814,2,1395973,Saxifraga exarata,62.109516
CBN-Pla-A2-20190814,3,1395807,Salix herbacea,60.639366
CBN-Pla-A2-20200723,1,1397043,Veronica alpina,63.422092
CBN-Pla-A2-20200723,2,1396015,Saxifraga moschata,62.381210
CBN-Pla-A2-20200723,3,1392541,Gentiana brachyphylla,62.200016
CBN-Pla-A2-20200814,1,1392552,Gentiana nivalis,65.512535
CBN-Pla-A2-20200814,2,1742053,Omalotheca hoppeana,64.954453
CBN-Pla-A2-20200814,3,1396015,Saxifraga moschata,63.950550
CBN-Pla-A3-20130724,1,1479447,Arabis stellulata,56.750031
CBN-Pla-A3-20130724,2,1392534,Gentiana acaulis,56.405502
CBN-Pla-A3-20130724,3,1418688,Arctous alpina,55.516323
CBN-Pla-A3-20130808,1,1388766,Botrychium simplex,62.241173
CBN-Pla-A3-20130808,2,1395807,Salix herbacea,61.450573
CBN-Pla-A3-20130808,3,1394911,Primula integrifolia,60.987171
CBN-Pla-A3-20130904,1,1392541,Gentiana brachyphylla,62.046074
CBN-Pla-A3-20130904,2,1395807,Salix herbacea,60.675293
CBN-Pla-A3-20130904,3,1395870,Salix retusa,60.662766
CBN-Pla-A3-20140722,1,1418612,Carex firma,57.781113
CBN-Pla-A3-20140722,2,1390793,Carex curvula,56.679844
CBN-Pla-A3-20140722,3,1356424,Ophioglossum lusitanicum,56.229546
CBN-Pla-A3-20140812,1,1395807,Salix herbacea,63.735264
CBN-Pla-A3-20140812,2,1396843,Trifolium alpinum,61.862682
CBN-Pla-A3-20140812,3,1397043,Veronica alpina,60.969276
CBN-Pla-A3-20140902,1,1395807,Salix herbacea,62.156727
CBN-Pla-A3-20140902,2,1393200,Homogyne alpina,59.761990
CBN-Pla-A3-20140902,3,1361367,Poa alpina,59.485519
CBN-Pla-A3-20150702,1,1396843,Trifolium alpinum,60.312180
CBN-Pla-A3-20150702,2,1390793,Carex curvula,59.255501
CBN-Pla-A3-20150702,3,1399800,Pinguicula nevadensis,58.861267
CBN-Pla-A3-20150723,1,1395807,Salix herbacea,60.673729
CBN-Pla-A3-20150723,2,1396843,Trifolium alpinum,59.869110
CBN-Pla-A3-20150723,3,1362482,Phleum alpinum,59.502083
CBN-Pla-A3-20150811,1,1396144,Sedum alpestre,62.981384
CBN-Pla-A3-20150811,2,1412857,Omalotheca supina,62.929665
CBN-Pla-A3-20150811,3,1742053,Omalotheca hoppeana,60.812412
CBN-Pla-A3-20150901,1,1412857,Omalotheca supina,61.798950
CBN-Pla-A3-20150901,2,1742053,Omalotheca hoppeana,61.718788
CBN-Pla-A3-20150901,3,1396144,Sedum alpestre,61.585083
CBN-Pla-A3-20160707,1,1396144,Sedum alpestre,63.284805
CBN-Pla-A3-20160707,2,1741880,Salix serpillifolia,60.741123
CBN-Pla-A3-20160707,3,1363543,Stenotaphrum secundatum,60.445339
CBN-Pla-A3-20160728,1,1412857,Omalotheca supina,63.863327
CBN-Pla-A3-20160728,2,1742053,Omalotheca hoppeana,63.850632
CBN-Pla-A3-20160728,3,1395807,Salix herbacea,62.907921
CBN-Pla-A3-20180724,1,1396144,Sedum alpestre,59.490265
CBN-Pla-A3-20180724,2,1358099,Sedum brevifolium,58.593575
CBN-Pla-A3-20180724,3,1418688,Arctous alpina,56.680656
CBN-Pla-A3-20180816,1,1395807,Salix herbacea,62.077881
CBN-Pla-A3-20180816,2,1397043,Veronica alpina,61.042343
CBN-Pla-A3-20180816,3,1361367,Poa alpina,60.638290
CBN-Pla-A3-20180906,1,1396144,Sedum alpestre,65.638687
CBN-Pla-A3-20180906,2,1395807,Salix herbacea,60.931984
CBN-Pla-A3-20180906,3,1741880,Salix serpillifolia,60.140766
CBN-Pla-A3-20190723,1,1396144,Sedum alpestre,60.155113
CBN-Pla-A3-20190723,2,1395807,Salix herbacea,59.896210
CBN-Pla-A3-20190723,3,1395870,Salix retusa,59.252636
CBN-Pla-A3-20190814,1,1396843,Trifolium alpinum,61.303520
CBN-Pla-A3-20190814,2,1361367,Poa alpina,60.411808
CBN-Pla-A3-20190814,3,1395807,Salix herbacea,60.134476
CBN-Pla-A3-20200723,1,1361367,Poa alpina,63.577965
CBN-Pla-A3-20200723,2,1395807,Salix herbacea,61.730350
CBN-Pla-A3-20200723,3,1647677,Alopecurus gerardii,61.352951
CBN-Pla-A3-20200814,1,1396144,Sedum alpestre,65.207809
CBN-Pla-A3-20200814,2,1397386,Festuca scabriculmis,62.540787
CBN-Pla-A3-20200814,3,1396843,Trifolium alpinum,62.191376
CBN-Pla-A4-20130724,1,1393659,Luzula alpina,57.170971
CBN-Pla-A4-20130724,2,1399800,Pinguicula nevadensis,55.911354
CBN-Pla-A4-20130724,3,1395870,Salix retusa,55.788925
CBN-Pla-A4-20130808,1,1741880,Salix serpillifolia,65.313492
CBN-Pla-A4-20130808,2,1395870,Salix retusa,64.407516
CBN-Pla-A4-20130808,3,1395807,Salix herbacea,62.346924
CBN-Pla-A4-20130904,1,1741880,Salix serpillifolia,66.180519
CBN-Pla-A4-20130904,2,1395870,Salix retusa,65.287453
CBN-Pla-A4-20130904,3,1395807,Salix herbacea,62.488163
CBN-Pla-A4-20140722,1,1741880,Salix serpillifolia,57.989670
CBN-Pla-A4-20140722,2,1737701,Kalmia procumbens,57.299232
CBN-Pla-A4-20140722,3,1393966,Noccaea corymbosa,57.171425
CBN-Pla-A4-20140812,1,1395870,Salix retusa,65.738441
CBN-Pla-A4-20140812,2,1395807,Salix herbacea,64.683006
CBN-Pla-A4-20140812,3,1741880,Salix serpillifolia,64.326889
CBN-Pla-A4-20140902,1,1395870,Salix retusa,66.518036
CBN-Pla-A4-20140902,2,1741880,Salix serpillifolia,65.204597
CBN-Pla-A4-20140902,3,1361367,Poa alpina,62.508202
CBN-Pla-A4-20150702,1,1741880,Salix serpillifolia,57.787399
CBN-Pla-A4-20150702,2,1728575,Moenchia erecta,57.243870
CBN-Pla-A4-20150702,3,1418688,Arctous alpina,56.740402
CBN-Pla-A4-20150723,1,1395870,Salix retusa,65.648964
CBN-Pla-A4-20150723,2,1741880,Salix serpillifolia,64.446709
CBN-Pla-A4-20150723,3,1396869,Trifolium thalii,61.694672
CBN-Pla-A4-20150811,1,1741880,Salix serpillifolia,67.917931
CBN-Pla-A4-20150811,2,1395870,Salix retusa,65.486572
CBN-Pla-A4-20150811,3,1395718,Sagina saginoides,62.383873
CBN-Pla-A4-20150901,1,1741880,Salix serpillifolia,65.633766
CBN-Pla-A4-20150901,2,1395870,Salix retusa,64.934097
CBN-Pla-A4-20150901,3,1395807,Salix herbacea,62.235653
CBN-Pla-A4-20160707,1,1741880,Salix serpillifolia,59.626411
CBN-Pla-A4-20160707,2,1418688,Arctous alpina,58.125259
CBN-Pla-A4-20160707,3,1361138,Agrostis nevadensis,57.729126
CBN-Pla-A4-20160728,1,1397043,Veronica alpina,62.778313
CBN-Pla-A4-20160728,2,1395870,Salix retusa,61.792839
CBN-Pla-A4-20160728,3,1741880,Salix serpillifolia,61.786671
CBN-Pla-A4-20180724,1,1395870,Salix retusa,55.861359
CBN-Pla-A4-20180724,2,1418688,Arctous alpina,55.623379
CBN-Pla-A4-20180724,3,1357950,Tussilago farfara,55.582527
CBN-Pla-A4-20180816,1,1741880,Salix serpillifolia,64.286499
CBN-Pla-A4-20180816,2,1395870,Salix retusa,63.708290
CBN-Pla-A4-20180816,3,1397046,Veronica bellidioides,61.086246
CBN-Pla-A4-20180906,1,1395870,Salix retusa,64.904579
CBN-Pla-A4-20180906,2,1741880,Salix serpillifolia,64.056458
CBN-Pla-A4-20180906,3,1397043,Veronica alpina,61.388313
CBN-Pla-A4-20190723,1,1395870,Salix retusa,63.226574
CBN-Pla-A4-20190723,2,1741880,Salix serpillifolia,62.650841
CBN-Pla-A4-20190723,3,1395807,Salix herbacea,60.833366
CBN-Pla-A4-20190814,1,1741880,Salix serpillifolia,63.513790
CBN-Pla-A4-20190814,2,1395870,Salix retusa,63.064346
CBN-Pla-A4-20190814,3,1395807,Salix herbacea,59.976032
CBN-Pla-A4-20200723,1,1741880,Salix serpillifolia,65.291374
CBN-Pla-A4-20200723,2,1395870,Salix retusa,64.430199
CBN-Pla-A4-20200723,3,1395807,Salix herbacea,61.514786
CBN-Pla-A4-20200814,1,1741880,Salix serpillifolia,63.014008
CBN-Pla-A4-20200814,2,1395870,Salix retusa,62.803436
CBN-Pla-A4-20200814,3,1396869,Trifolium thalii,62.477829
CBN-Pla-A5-20130724,1,1741880,Salix serpillifolia,57.874748
CBN-Pla-A5-20130724,2,1395870,Salix retusa,57.477528
CBN-Pla-A5-20130724,3,1395807,Salix herbacea,56.328156
CBN-Pla-A5-20130808,1,1741880,Salix serpillifolia,66.480423
CBN-Pla-A5-20130808,2,1395870,Salix retusa,64.584862
CBN-Pla-A5-20130808,3,1395807,Salix herbacea,61.070667
CBN-Pla-A5-20130904,1,1395870,Salix retusa,65.648972
CBN-Pla-A5-20130904,2,1741880,Salix serpillifolia,65.615654
CBN-Pla-A5-20130904,3,1392632,Globularia repens,61.805775
CBN-Pla-A5-20140722,1,1390837,Carex humilis,57.540951
CBN-Pla-A5-20140722,2,1399764,Astragalus genargenteus,57.208176
CBN-Pla-A5-20140722,3,1390793,Carex curvula,56.520836
CBN-Pla-A5-20140812,1,1395870,Salix retusa,66.404396
CBN-Pla-A5-20140812,2,1741880,Salix serpillifolia,65.476067
CBN-Pla-A5-20140812,3,1396144,Sedum alpestre,63.585464
CBN-Pla-A5-20140902,1,1741880,Salix serpillifolia,67.117119
CBN-Pla-A5-20140902,2,1395870,Salix retusa,65.452721
CBN-Pla-A5-20140902,3,1361367,Poa alpina,61.388752
CBN-Pla-A5-20150702,1,1741880,Salix serpillifolia,58.847309
CBN-Pla-A5-20150702,2,1395870,Salix retusa,58.350822
CBN-Pla-A5-20150702,3,1361367,Poa alpina,55.965805
CBN-Pla-A5-20150723,1,1741880,Salix serpillifolia,65.216087
CBN-Pla-A5-20150723,2,1395870,Salix retusa,64.223633
CBN-Pla-A5-20150723,3,1395807,Salix herbacea,60.599724
CBN-Pla-A5-20150811,1,1395870,Salix retusa,65.793808
CBN-Pla-A5-20150811,2,1741880,Salix serpillifolia,65.110008
CBN-Pla-A5-20150811,3,1742053,Omalotheca hoppeana,61.532845
CBN-Pla-A5-20160707,1,1741880,Salix serpillifolia,63.442528
CBN-Pla-A5-20160707,2,1395870,Salix retusa,60.856209
CBN-Pla-A5-20160707,3,1390793,Carex curvula,57.978996
CBN-Pla-A5-20160728,1,1395870,Salix retusa,65.275497
CBN-Pla-A5-20160728,2,1741880,Salix serpillifolia,64.731567
CBN-Pla-A5-20160728,3,1396144,Sedum alpestre,64.419441
CBN-Pla-A5-20180724,1,1412857,Omalotheca supina,56.370655
CBN-Pla-A5-20180724,2,1743252,Orobanche rosmarina,55.551502
CBN-Pla-A5-20180724,3,1356359,Asplenium septentrionale,55.415611
CBN-Pla-A5-20180816,1,1741880,Salix serpillifolia,65.422256
CBN-Pla-A5-20180816,2,1742053,Omalotheca hoppeana,65.182793
CBN-Pla-A5-20180816,3,1395870,Salix retusa,64.897659
CBN-Pla-A5-20180906,1,1395870,Salix retusa,67.098701
CBN-Pla-A5-20180906,2,1741880,Salix serpillifolia,65.602631
CBN-Pla-A5-20180906,3,1388766,Botrychium simplex,61.577099
CBN-Pla-A5-20190723,1,1741880,Salix serpillifolia,65.747292
CBN-Pla-A5-20190723,2,1395870,Salix retusa,65.239059
CBN-Pla-A5-20190723,3,1395949,Saxifraga bryoides,60.384953
CBN-Pla-A5-20190814,1,1395870,Salix retusa,65.572906
CBN-Pla-A5-20190814,2,1741880,Salix serpillifolia,64.879822
CBN-Pla-A5-20190814,3,1396253,Sibbaldia procumbens,61.178097
CBN-Pla-A5-20200723,1,1741880,Salix serpillifolia,65.390350
CBN-Pla-A5-20200723,2,1395870,Salix retusa,64.106964
CBN-Pla-A5-20200723,3,1394311,Oreochloa disticha,62.339088
CBN-Pla-A5-20200814,1,1395870,Salix retusa,65.942299
CBN-Pla-A5-20200814,2,1741880,Salix serpillifolia,64.787933
CBN-Pla-A5-20200814,3,1394911,Primula integrifolia,61.012066
CBN-Pla-A6-20130724,1,1395870,Salix retusa,61.239258
CBN-Pla-A6-20130724,2,1418688,Arctous alpina,58.360634
CBN-Pla-A6-20130724,3,1395807,Salix herbacea,57.795803
CBN-Pla-A6-20130808,1,1741880,Salix serpillifolia,63.667671
CBN-Pla-A6-20130808,2,1395870,Salix retusa,63.143391
CBN-Pla-A6-20130808,3,1395807,Salix herbacea,62.234741
CBN-Pla-A6-20130904,1,1741880,Salix serpillifolia,66.637619
CBN-Pla-A6-20130904,2,1395870,Salix retusa,65.476440
CBN-Pla-A6-20130904,3,1395807,Salix herbacea,60.484463
CBN-Pla-A6-20140722,1,1741880,Salix serpillifolia,62.751396
CBN-Pla-A6-20140722,2,1395870,Salix retusa,60.365761
CBN-Pla-A6-20140722,3,1394311,Oreochloa disticha,57.843910
CBN-Pla-A6-20140812,1,1395870,Salix retusa,65.417366
CBN-Pla-A6-20140812,2,1741880,Salix serpillifolia,63.830608
CBN-Pla-A6-20140812,3,1395807,Salix herbacea,63.041050
CBN-Pla-A6-20140902,1,1741880,Salix serpillifolia,62.572681
CBN-Pla-A6-20140902,2,1395870,Salix retusa,62.461395
CBN-Pla-A6-20140902,3,1361367,Poa alpina,61.246979
CBN-Pla-A6-20150702,1,1396253,Sibbaldia procumbens,61.253441
CBN-Pla-A6-20150702,2,1609716,Epilobium komarovianum,60.221581
CBN-Pla-A6-20150702,3,1356422,Botrychium lunaria,59.579689
CBN-Pla-A6-20150723,1,1741880,Salix serpillifolia,64.179176
CBN-Pla-A6-20150723,2,1395870,Salix retusa,64.012123
CBN-Pla-A6-20150723,3,1395807,Salix herbacea,60.051235
CBN-Pla-A6-20150811,1,1395870,Salix retusa,65.470573
CBN-Pla-A6-20150811,2,1741880,Salix serpillifolia,64.004089
CBN-Pla-A6-20150811,3,1396843,Trifolium alpinum,61.993374
CBN-Pla-A6-20150901,1,1396253,Sibbaldia procumbens,62.960533
CBN-Pla-A6-20150901,2,1741880,Salix serpillifolia,62.724434
CBN-Pla-A6-20150901,3,1395870,Salix retusa,62.359509
CBN-Pla-A6-20160707,1,1395807,Salix herbacea,59.334034
CBN-Pla-A6-20160707,2,1394311,Oreochloa disticha,58.501740
CBN-Pla-A6-20160707,3,1391480,Cryptogramma crispa,58.058895
CBN-Pla-A6-20160728,1,1741880,Salix serpillifolia,61.971294
CBN-Pla-A6-20160728,2,1395870,Salix retusa,61.814240
CBN-Pla-A6-20160728,3,1396869,Trifolium thalii,61.316895
CBN-Pla-A6-20180724,1,1396018,Saxifraga oppositifolia,59.668236
CBN-Pla-A6-20180724,2,1418688,Arctous alpina,57.459141
CBN-Pla-A6-20180724,3,1737701,Kalmia procumbens,57.065479
CBN-Pla-A6-20180816,1,1395870,Salix retusa,62.362427
CBN-Pla-A6-20180816,2,1741880,Salix serpillifolia,62.139366
CBN-Pla-A6-20180816,3,1395807,Salix herbacea,60.450645
CBN-Pla-A6-20180906,1,1741880,Salix serpillifolia,62.781975
CBN-Pla-A6-20180906,2,1395870,Salix retusa,61.342957
CBN-Pla-A6-20180906,3,1395807,Salix herbacea,61.099358
CBN-Pla-A6-20190723,1,1395870,Salix retusa,63.227112
CBN-Pla-A6-20190723,2,1395862,Salix pyrenaica,61.324284
CBN-Pla-A6-20190723,3,1395807,Salix herbacea,60.520863
CBN-Pla-A6-20190814,1,1397381,Euphrasia minima,62.916744
CBN-Pla-A6-20190814,2,1396843,Trifolium alpinum,62.866882
CBN-Pla-A6-20190814,3,1395807,Salix herbacea,62.530071
CBN-Pla-A6-20200723,1,1741880,Salix serpillifolia,62.592659
CBN-Pla-A6-20200723,2,1580587,Lotus glacialis,62.286015
CBN-Pla-A6-20200723,3,1741624,Lotus alpinus,61.931435
CBN-Pla-A6-20200814,1,1741624,Lotus alpinus,64.154144
CBN-Pla-A6-20200814,2,1741880,Salix serpillifolia,61.681969
CBN-Pla-A6-20200814,3,1394311,Oreochloa disticha,61.237324
CBN-Pla-B1-20130724,1,1363133,Triglochin striata,56.322002
CBN-Pla-B1-20130724,2,1479447,Arabis stellulata,55.653812
CBN-Pla-B1-20130724,3,1418688,Arctous alpina,53.660099
CBN-Pla-B1-20130808,1,1396253,Sibbaldia procumbens,62.606544
CBN-Pla-B1-20130808,2,1395807,Salix herbacea,60.976814
CBN-Pla-B1-20130808,3,1741880,Salix serpillifolia,60.778389
CBN-Pla-B1-20130904,1,1396253,Sibbaldia procumbens,61.403156
CBN-Pla-B1-20130904,2,1395807,Salix herbacea,60.360016
CBN-Pla-B1-20130904,3,1397386,Festuca scabriculmis,58.784119
CBN-Pla-B1-20140722,1,1396253,Sibbaldia procumbens,59.381004
CBN-Pla-B1-20140722,2,1390793,Carex curvula,58.439068
CBN-Pla-B1-20140722,3,1418688,Arctous alpina,56.793915
CBN-Pla-B1-20140812,1,1742053,Omalotheca hoppeana,64.098793
CBN-Pla-B1-20140812,2,1412857,Omalotheca supina,63.273666
CBN-Pla-B1-20140812,3,1396253,Sibbaldia procumbens,62.877113
CBN-Pla-B1-20140902,1,1396253,Sibbaldia procumbens,62.574936
CBN-Pla-B1-20140902,2,1361367,Poa alpina,62.143852
CBN-Pla-B1-20140902,3,1742053,Omalotheca hoppeana,61.522518
CBN-Pla-B1-20150702,1,1396253,Sibbaldia procumbens,60.393463
CBN-Pla-B1-20150702,2,1393708,Lysimachia nummularia,56.788532
CBN-Pla-B1-20150702,3,1418688,Arctous alpina,56.654156
CBN-Pla-B1-20150723,1,1396253,Sibbaldia procumbens,60.901367
CBN-Pla-B1-20150723,2,1397587,Trisetum alpestre,59.845299
CBN-Pla-B1-20150723,3,1743474,Oreochloa elegans,59.060513
CBN-Pla-B1-20150811,1,1396253,Sibbaldia procumbens,62.207245
CBN-Pla-B1-20150811,2,1742053,Omalotheca hoppeana,61.764542
CBN-Pla-B1-20150811,3,1395807,Salix herbacea,59.619896
CBN-Pla-B1-20150901,1,1396253,Sibbaldia procumbens,63.094795
CBN-Pla-B1-20150901,2,1394311,Oreochloa disticha,62.720490
CBN-Pla-B1-20150901,3,1393659,Luzula alpina,60.321083
CBN-Pla-B1-20160707,1,1396253,Sibbaldia procumbens,63.043953
CBN-Pla-B1-20160707,2,1741880,Salix serpillifolia,60.689030
CBN-Pla-B1-20160707,3,1390793,Carex curvula,58.037731
CBN-Pla-B1-20160728,1,1741880,Salix serpillifolia,61.178276
CBN-Pla-B1-20160728,2,1396253,Sibbaldia procumbens,60.277790
CBN-Pla-B1-20160728,3,1394311,Oreochloa disticha,59.317551
CBN-Pla-B1-20180724,1,1395870,Salix retusa,59.790230
CBN-Pla-B1-20180724,2,1363619,Crassula muscosa,58.923889
CBN-Pla-B1-20180724,3,1741880,Salix serpillifolia,56.572636
CBN-Pla-B1-20180816,1,1741880,Salix serpillifolia,59.731365
CBN-Pla-B1-20180816,2,1395807,Salix herbacea,58.874943
CBN-Pla-B1-20180816,3,1395870,Salix retusa,58.860443
CBN-Pla-B1-20180906,1,1742053,Omalotheca hoppeana,63.364120
CBN-Pla-B1-20180906,2,1396253,Sibbaldia procumbens,62.384903
CBN-Pla-B1-20180906,3,1412857,Omalotheca supina,62.137543
CBN-Pla-B1-20190723,1,1395807,Salix herbacea,59.429260
CBN-Pla-B1-20190723,2,1741880,Salix serpillifolia,57.986336
CBN-Pla-B1-20190723,3,1394542,Phyteuma hemisphaericum,57.888824
CBN-Pla-B1-20190814,1,1392260,Festuca alpina,60.410713
CBN-Pla-B1-20190814,2,1742053,Omalotheca hoppeana,59.697594
CBN-Pla-B1-20190814,3,1651061,Festuca clementei,59.447159
CBN-Pla-B1-20200630,1,1419104,Erodium rupestre,48.356815
CBN-Pla-B1-20200630,2,1419103,Erodium reichardii,47.728127
CBN-Pla-B1-20200630,3,1355998,Erodium laciniatum,47.508987
CBN-Pla-B1-20200723,1,1394542,Phyteuma hemisphaericum,61.155472
CBN-Pla-B1-20200723,2,1395807,Salix herbacea,59.805592
CBN-Pla-B1-20200723,3,1742053,Omalotheca hoppeana,59.325920
CBN-Pla-B1-20200814,1,1397386,Festuca scabriculmis,60.081696
CBN-Pla-B1-20200814,2,1651061,Festuca clementei,59.953743
CBN-Pla-B1-20200814,3,1392260,Festuca alpina,59.584667
CBN-Pla-B2-20130724,1,1394911,Primula integrifolia,56.854034
CBN-Pla-B2-20130724,2,1737701,Kalmia procumbens,55.147861
CBN-Pla-B2-20130724,3,1399798,Pinguicula dertosensis,54.534920
CBN-Pla-B2-20130808,1,1395807,Salix herbacea,61.020145
CBN-Pla-B2-20130808,2,1412857,Omalotheca supina,59.679916
CBN-Pla-B2-20130808,3,1396253,Sibbaldia procumbens,59.304993
CBN-Pla-B2-20130904,1,1395807,Salix herbacea,61.365463
CBN-Pla-B2-20130904,2,1394311,Oreochloa disticha,60.368309
CBN-Pla-B2-20130904,3,1363543,Stenotaphrum secundatum,59.370174
CBN-Pla-B2-20140722,1,1396253,Sibbaldia procumbens,61.144722
CBN-Pla-B2-20140722,2,1390837,Carex humilis,59.572323
CBN-Pla-B2-20140722,3,1741880,Salix serpillifolia,58.070946
CBN-Pla-B2-20140812,1,1396843,Trifolium alpinum,63.990223
CBN-Pla-B2-20140812,2,1395807,Salix herbacea,62.504684
CBN-Pla-B2-20140812,3,1394542,Phyteuma hemisphaericum,61.494591
CBN-Pla-B2-20140902,1,1396843,Trifolium alpinum,62.664196
CBN-Pla-B2-20140902,2,1394366,Oxyria digyna,61.040588
CBN-Pla-B2-20140902,3,1395807,Salix herbacea,60.970512
CBN-Pla-B2-20150702,1,1396253,Sibbaldia procumbens,60.344059
CBN-Pla-B2-20150702,2,1651061,Festuca clementei,58.256752
CBN-Pla-B2-20150702,3,1651427,Festuca summilusitana,56.701935
CBN-Pla-B2-20150723,1,1396843,Trifolium alpinum,61.013718
CBN-Pla-B2-20150723,2,1395870,Salix retusa,60.173637
CBN-Pla-B2-20150723,3,1392534,Gentiana acaulis,59.790085
CBN-Pla-B2-20150811,1,1392552,Gentiana nivalis,66.231781
CBN-Pla-B2-20150811,2,1741880,Salix serpillifolia,62.256424
CBN-Pla-B2-20150811,3,1396253,Sibbaldia procumbens,61.307590
CBN-Pla-B2-20150901,1,1741880,Salix serpillifolia,62.140587
CBN-Pla-B2-20150901,2,1396843,Trifolium alpinum,61.343178
CBN-Pla-B2-20150901,3,1395807,Salix herbacea,59.482754
CBN-Pla-B2-20160707,1,1741880,Salix serpillifolia,62.232567
CBN-Pla-B2-20160707,2,1396253,Sibbaldia procumbens,61.159565
CBN-Pla-B2-20160707,3,1394311,Oreochloa disticha,57.468815
CBN-Pla-B2-20160728,1,1741880,Salix serpillifolia,62.678795
CBN-Pla-B2-20160728,2,1395807,Salix herbacea,61.052910
CBN-Pla-B2-20160728,3,1394311,Oreochloa disticha,59.276348
CBN-Pla-B2-20180724,1,1418688,Arctous alpina,57.373959
CBN-Pla-B2-20180724,2,1737701,Kalmia procumbens,56.380020
CBN-Pla-B2-20180724,3,1395870,Salix retusa,54.471832
CBN-Pla-B2-20180816,1,1741880,Salix serpillifolia,63.388645
CBN-Pla-B2-20180816,2,1395807,Salix herbacea,61.888416
CBN-Pla-B2-20180816,3,1397386,Festuca scabriculmis,59.787376
CBN-Pla-B2-20180906,1,1741880,Salix serpillifolia,63.252731
CBN-Pla-B2-20180906,2,1396253,Sibbaldia procumbens,60.855339
CBN-Pla-B2-20180906,3,1392293,Festuca eskia,60.266220
CBN-Pla-B2-20190723,1,1396843,Trifolium alpinum,61.631653
CBN-Pla-B2-20190723,2,1395807,Salix herbacea,61.418140
CBN-Pla-B2-20190723,3,1395120,Ranunculus pyrenaeus,59.684959
CBN-Pla-B2-20190814,1,1362482,Phleum alpinum,64.149712
CBN-Pla-B2-20190814,2,1412857,Omalotheca supina,61.106766
CBN-Pla-B2-20190814,3,1741880,Salix serpillifolia,60.669552
CBN-Pla-B2-20200723,1,1396253,Sibbaldia procumbens,61.306374
CBN-Pla-B2-20200723,2,1395807,Salix herbacea,61.218987
CBN-Pla-B2-20200723,3,1412857,Omalotheca supina,59.346600
CBN-Pla-B2-20200814,1,1741880,Salix serpillifolia,60.905384
CBN-Pla-B2-20200814,2,1394311,Oreochloa disticha,59.746788
CBN-Pla-B2-20200814,3,1395807,Salix herbacea,58.889042
CBN-Pla-B3-20130724,1,1395807,Salix herbacea,57.734432
CBN-Pla-B3-20130724,2,1743465,Aloe succotrina,57.392258
CBN-Pla-B3-20130724,3,1528543,Crassula nudicaulis,56.987152
CBN-Pla-B3-20130808,1,1396253,Sibbaldia procumbens,64.474640
CBN-Pla-B3-20130808,2,1395807,Salix herbacea,61.851982
CBN-Pla-B3-20130808,3,1397386,Festuca scabriculmis,58.585724
CBN-Pla-B3-20130904,1,1396253,Sibbaldia procumbens,63.824055
CBN-Pla-B3-20130904,2,1395807,Salix herbacea,60.815628
CBN-Pla-B3-20130904,3,1397386,Festuca scabriculmis,60.213467
CBN-Pla-B3-20140722,1,1532190,Carex rorulenta,57.257664
CBN-Pla-B3-20140722,2,1396253,Sibbaldia procumbens,57.095268
CBN-Pla-B3-20140722,3,1390837,Carex humilis,56.163918
CBN-Pla-B3-20140812,1,1396253,Sibbaldia procumbens,63.501770
CBN-Pla-B3-20140812,2,1395807,Salix herbacea,63.143497
CBN-Pla-B3-20140812,3,1412857,Omalotheca supina,61.803555
CBN-Pla-B3-20140902,1,1396253,Sibbaldia procumbens,63.034729
CBN-Pla-B3-20140902,2,1361367,Poa alpina,61.315426
CBN-Pla-B3-20140902,3,1394311,Oreochloa disticha,60.801250
CBN-Pla-B3-20150811,1,1396253,Sibbaldia procumbens,61.982964
CBN-Pla-B3-20150811,2,1743471,Festuca glacialis,61.528618
CBN-Pla-B3-20150811,3,1361141,Agrostis rupestris,61.031052
CBN-Pla-B3-20150901,1,1396253,Sibbaldia procumbens,63.127129
CBN-Pla-B3-20150901,2,1395807,Salix herbacea,62.228867
CBN-Pla-B3-20150901,3,1361347,Nardus stricta,61.518044
CBN-Pla-B3-20160707,1,1396253,Sibbaldia procumbens,61.657539
CBN-Pla-B3-20160707,2,1361347,Nardus stricta,59.033791
CBN-Pla-B3-20160707,3,1394311,Oreochloa disticha,58.975208
CBN-Pla-B3-20160728,1,1395807,Salix herbacea,61.205421
CBN-Pla-B3-20160728,2,1396253,Sibbaldia procumbens,61.067673
CBN-Pla-B3-20160728,3,1397386,Festuca scabriculmis,60.047989
CBN-Pla-B3-20180724,1,1397376,Ephedra distachya,55.721680
CBN-Pla-B3-20180724,2,1651267,Festuca michaelis,55.687168
CBN-Pla-B3-20180724,3,1418688,Arctous alpina,55.178383
CBN-Pla-B3-20180816,1,1395807,Salix herbacea,60.643959
CBN-Pla-B3-20180816,2,1742053,Omalotheca hoppeana,60.531441
CBN-Pla-B3-20180816,3,1394311,Oreochloa disticha,59.629906
CBN-Pla-B3-20180906,1,1396253,Sibbaldia procumbens,62.991623
CBN-Pla-B3-20180906,2,1395807,Salix herbacea,60.167839
CBN-Pla-B3-20180906,3,1397043,Veronica alpina,59.447708
CBN-Pla-B3-20190723,1,1397386,Festuca scabriculmis,61.640930
CBN-Pla-B3-20190723,2,1398327,Allium pyrenaicum,61.549305
CBN-Pla-B3-20190723,3,1395807,Salix herbacea,60.927567
CBN-Pla-B3-20190814,1,1396843,Trifolium alpinum,61.388142
CBN-Pla-B3-20190814,2,1395807,Salix herbacea,59.583069
CBN-Pla-B3-20190814,3,1361141,Agrostis rupestris,59.453136
CBN-Pla-B3-20200723,1,1395807,Salix herbacea,62.226818
CBN-Pla-B3-20200723,2,1396253,Sibbaldia procumbens,61.653080
CBN-Pla-B3-20200723,3,1418688,Arctous alpina,60.189129
CBN-Pla-B3-20200814,1,1397386,Festuca scabriculmis,63.364094
CBN-Pla-B3-20200814,2,1396253,Sibbaldia procumbens,60.269508
CBN-Pla-B3-20200814,3,1395807,Salix herbacea,59.810974
CBN-Pla-B4-20130724,1,1418688,Arctous alpina,57.287533
CBN-Pla-B4-20130724,2,1646126,Globularia montiberica,56.904243
CBN-Pla-B4-20130724,3,1390793,Carex curvula,56.164394
CBN-Pla-B4-20130808,1,1395870,Salix retusa,62.478546
CBN-Pla-B4-20130808,2,1395807,Salix herbacea,62.242527
CBN-Pla-B4-20130808,3,1392299,Festuca gautieri,60.498203
CBN-Pla-B4-20130904,1,1397043,Veronica alpina,61.343254
CBN-Pla-B4-20130904,2,1519648,Scorzoneroides carpetana,60.615967
CBN-Pla-B4-20130904,3,1394542,Phyteuma hemisphaericum,59.521862
CBN-Pla-B4-20140722,1,1744315,Noccaea nevadensis,58.147240
CBN-Pla-B4-20140722,2,1418688,Arctous alpina,57.392056
CBN-Pla-B4-20140722,3,1397376,Ephedra distachya,56.722595
CBN-Pla-B4-20140812,1,1395807,Salix herbacea,61.570702
CBN-Pla-B4-20140812,2,1394542,Phyteuma hemisphaericum,60.981144
CBN-Pla-B4-20140812,3,1361367,Poa alpina,59.903446
CBN-Pla-B4-20140902,1,1395807,Salix herbacea,62.227638
CBN-Pla-B4-20140902,2,1397386,Festuca scabriculmis,60.135345
CBN-Pla-B4-20140902,3,1393200,Homogyne alpina,58.692757
CBN-Pla-B4-20150702,1,1394360,Oxalis exilis,56.440479
CBN-Pla-B4-20150702,2,1396843,Trifolium alpinum,56.269680
CBN-Pla-B4-20150702,3,1390793,Carex curvula,55.084591
CBN-Pla-B4-20150723,1,1392186,Euphorbia pyrenaica,60.907955
CBN-Pla-B4-20150723,2,1394311,Oreochloa disticha,59.873722
CBN-Pla-B4-20150723,3,1395807,Salix herbacea,59.860535
CBN-Pla-B4-20150811,1,1396843,Trifolium alpinum,60.910267
CBN-Pla-B4-20150811,2,1396253,Sibbaldia procumbens,59.907528
CBN-Pla-B4-20150811,3,1651061,Festuca clementei,59.649277
CBN-Pla-B4-20150901,1,1397386,Festuca scabriculmis,61.665588
CBN-Pla-B4-20150901,2,1361141,Agrostis rupestris,61.598274
CBN-Pla-B4-20150901,3,1396843,Trifolium alpinum,60.896511
CBN-Pla-B4-20160707,1,1397386,Festuca scabriculmis,61.179840
CBN-Pla-B4-20160707,2,1361347,Nardus stricta,60.076332
CBN-Pla-B4-20160707,3,1396843,Trifolium alpinum,60.055099
CBN-Pla-B4-20160728,1,1397046,Veronica bellidioides,62.527496
CBN-Pla-B4-20160728,2,1397043,Veronica alpina,60.888660
CBN-Pla-B4-20160728,3,1395807,Salix herbacea,60.378185
CBN-Pla-B4-20180724,1,1397386,Festuca scabriculmis,55.912216
CBN-Pla-B4-20180724,2,1396253,Sibbaldia procumbens,54.937511
CBN-Pla-B4-20180724,3,1397376,Ephedra distachya,54.918739
CBN-Pla-B4-20180816,1,1397043,Veronica alpina,62.810246
CBN-Pla-B4-20180816,2,1395807,Salix herbacea,60.786026
CBN-Pla-B4-20180816,3,1394311,Oreochloa disticha,60.326210
CBN-Pla-B4-20180906,1,1397043,Veronica alpina,65.605957
CBN-Pla-B4-20180906,2,1395870,Salix retusa,61.932129
CBN-Pla-B4-20180906,3,1396253,Sibbaldia procumbens,61.878433
CBN-Pla-B4-20190723,1,1397386,Festuca scabriculmis,60.285248
CBN-Pla-B4-20190723,2,1741880,Salix serpillifolia,60.277401
CBN-Pla-B4-20190723,3,1396843,Trifolium alpinum,59.813713
CBN-Pla-B4-20190814,1,1396253,Sibbaldia procumbens,60.441292
CBN-Pla-B4-20190814,2,1651427,Festuca summilusitana,60.353401
CBN-Pla-B4-20190814,3,1741880,Salix serpillifolia,60.233723
CBN-Pla-B4-20200723,1,1395807,Salix herbacea,61.724861
CBN-Pla-B4-20200723,2,1395870,Salix retusa,59.049744
CBN-Pla-B4-20200723,3,1361347,Nardus stricta,58.393303
CBN-Pla-B4-20200814,1,1361347,Nardus stricta,62.812119
CBN-Pla-B4-20200814,2,1395807,Salix herbacea,59.620361
CBN-Pla-B4-20200814,3,1394311,Oreochloa disticha,59.139561
CBN-Pla-B5-20130724,1,1395870,Salix retusa,56.659264
CBN-Pla-B5-20130724,2,1396144,Sedum alpestre,56.192375
CBN-Pla-B5-20130724,3,1395862,Salix pyrenaica,56.044964
CBN-Pla-B5-20130808,1,1395807,Salix herbacea,62.630989
CBN-Pla-B5-20130808,2,1395870,Salix retusa,62.191616
CBN-Pla-B5-20130808,3,1741880,Salix serpillifolia,60.559307
CBN-Pla-B5-20130904,1,1397043,Veronica alpina,63.641705
CBN-Pla-B5-20130904,2,1395807,Salix herbacea,60.070766
CBN-Pla-B5-20130904,3,1390899,Carex pyrenaica,58.893517
CBN-Pla-B5-20140722,1,1363543,Stenotaphrum secundatum,57.615791
CBN-Pla-B5-20140722,2,1532190,Carex rorulenta,57.293167
CBN-Pla-B5-20140722,3,1390837,Carex humilis,56.388245
CBN-Pla-B5-20140812,1,1395807,Salix herbacea,62.445168
CBN-Pla-B5-20140812,2,1396144,Sedum alpestre,62.106804
CBN-Pla-B5-20140812,3,1395870,Salix retusa,60.799797
CBN-Pla-B5-20140902,1,1395870,Salix retusa,62.339222
CBN-Pla-B5-20140902,2,1397043,Veronica alpina,61.625805
CBN-Pla-B5-20140902,3,1361367,Poa alpina,61.360313
CBN-Pla-B5-20150702,1,1741880,Salix serpillifolia,56.540295
CBN-Pla-B5-20150702,2,1394311,Oreochloa disticha,56.424294
CBN-Pla-B5-20150702,3,1395870,Salix retusa,56.126541
CBN-Pla-B5-20150723,1,1362482,Phleum alpinum,62.202766
CBN-Pla-B5-20150723,2,1395870,Salix retusa,61.052025
CBN-Pla-B5-20150723,3,1647677,Alopecurus gerardii,60.154953
CBN-Pla-B5-20150811,1,1395870,Salix retusa,65.397926
CBN-Pla-B5-20150811,2,1741880,Salix serpillifolia,64.513924
CBN-Pla-B5-20150811,3,1395807,Salix herbacea,62.253304
CBN-Pla-B5-20150901,1,1741880,Salix serpillifolia,63.414921
CBN-Pla-B5-20150901,2,1394311,Oreochloa disticha,62.637337
CBN-Pla-B5-20150901,3,1395870,Salix retusa,62.301285
CBN-Pla-B5-20160707,1,1395870,Salix retusa,58.144627
CBN-Pla-B5-20160707,2,1741880,Salix serpillifolia,57.942902
CBN-Pla-B5-20160707,3,1361347,Nardus stricta,57.838959
CBN-Pla-B5-20160728,1,1397043,Veronica alpina,62.262421
CBN-Pla-B5-20160728,2,1741880,Salix serpillifolia,60.328598
CBN-Pla-B5-20160728,3,1395807,Salix herbacea,59.740211
CBN-Pla-B5-20180724,1,1743465,Aloe succotrina,55.663742
CBN-Pla-B5-20180724,2,1396144,Sedum alpestre,55.455849
CBN-Pla-B5-20180724,3,1389307,Sedum pachyphyllum,55.298134
CBN-Pla-B5-20180816,1,1395870,Salix retusa,63.251823
CBN-Pla-B5-20180816,2,1395807,Salix herbacea,61.509804
CBN-Pla-B5-20180816,3,1741880,Salix serpillifolia,61.465645
CBN-Pla-B5-20180906,1,1741880,Salix serpillifolia,60.699799
CBN-Pla-B5-20180906,2,1395870,Salix retusa,59.778557
CBN-Pla-B5-20180906,3,1395807,Salix herbacea,59.412460
CBN-Pla-B5-20190723,1,1395807,Salix herbacea,59.093708
CBN-Pla-B5-20190723,2,1392186,Euphorbia pyrenaica,58.127918
CBN-Pla-B5-20190723,3,1395870,Salix retusa,57.705601
CBN-Pla-B5-20190814,1,1395870,Salix retusa,65.452133
CBN-Pla-B5-20190814,2,1741880,Salix serpillifolia,64.313049
CBN-Pla-B5-20190814,3,1361367,Poa alpina,63.183655
CBN-Pla-B5-20200723,1,1397043,Veronica alpina,62.934792
CBN-Pla-B5-20200723,2,1395807,Salix herbacea,61.355400
CBN-Pla-B5-20200723,3,1397046,Veronica bellidioides,59.937469
CBN-Pla-B5-20200814,1,1741587,Psilathera ovata,60.863277
CBN-Pla-B5-20200814,2,1397049,Veronica fruticans,60.749573
CBN-Pla-B5-20200814,3,1397043,Veronica alpina,60.700916
CBN-Pla-B6-20130724,1,1396144,Sedum alpestre,60.229919
CBN-Pla-B6-20130724,2,1392541,Gentiana brachyphylla,58.191078
CBN-Pla-B6-20130724,3,1361374,Poa ligulata,57.617336
CBN-Pla-B6-20130808,1,1396144,Sedum alpestre,63.250511
CBN-Pla-B6-20130808,2,1396253,Sibbaldia procumbens,63.090435
CBN-Pla-B6-20130808,3,1390899,Carex pyrenaica,62.901939
CBN-Pla-B6-20130904,1,1396144,Sedum alpestre,66.310783
CBN-Pla-B6-20130904,2,1395807,Salix herbacea,60.014465
CBN-Pla-B6-20130904,3,1393966,Noccaea corymbosa,59.452839
CBN-Pla-B6-20140722,1,1396144,Sedum alpestre,63.199749
CBN-Pla-B6-20140722,2,1397491,Sedum atratum,59.294281
CBN-Pla-B6-20140722,3,1397279,Alchemilla alpina,59.007076
CBN-Pla-B6-20140812,1,1396144,Sedum alpestre,68.847931
CBN-Pla-B6-20140812,2,1395987,Saxifraga hariotii,62.608116
CBN-Pla-B6-20140812,3,1396015,Saxifraga moschata,62.153957
CBN-Pla-B6-20140902,1,1396144,Sedum alpestre,64.461983
CBN-Pla-B6-20140902,2,1361367,Poa alpina,62.219978
CBN-Pla-B6-20140902,3,1395807,Salix herbacea,61.184914
CBN-Pla-B6-20150702,1,1396253,Sibbaldia procumbens,58.220360
CBN-Pla-B6-20150702,2,1390904,Carex rupestris,57.043617
CBN-Pla-B6-20150702,3,1397386,Festuca scabriculmis,56.697506
CBN-Pla-B6-20150723,1,1396015,Saxifraga moschata,62.536385
CBN-Pla-B6-20150723,2,1395807,Salix herbacea,61.718262
CBN-Pla-B6-20150723,3,1396144,Sedum alpestre,61.222054
CBN-Pla-B6-20150811,1,1396144,Sedum alpestre,66.528641
CBN-Pla-B6-20150811,2,1396253,Sibbaldia procumbens,61.978870
CBN-Pla-B6-20150811,3,1395807,Salix herbacea,61.516811
CBN-Pla-B6-20150901,1,1396144,Sedum alpestre,64.940628
CBN-Pla-B6-20150901,2,1396015,Saxifraga moschata,63.014961
CBN-Pla-B6-20150901,3,1396253,Sibbaldia procumbens,62.850918
CBN-Pla-B6-20160707,1,1396015,Saxifraga moschata,63.043339
CBN-Pla-B6-20160707,2,1396144,Sedum alpestre,62.967728
CBN-Pla-B6-20160707,3,1395973,Saxifraga exarata,61.172180
CBN-Pla-B6-20160728,1,1396015,Saxifraga moschata,65.063095
CBN-Pla-B6-20160728,2,1395973,Saxifraga exarata,62.662613
CBN-Pla-B6-20160728,3,1395987,Saxifraga hariotii,61.316341
CBN-Pla-B6-20180816,1,1396144,Sedum alpestre,63.967766
CBN-Pla-B6-20180816,2,1397043,Veronica alpina,62.596088
CBN-Pla-B6-20180816,3,1396015,Saxifraga moschata,61.879402
CBN-Pla-B6-20180906,1,1396144,Sedum alpestre,65.825272
CBN-Pla-B6-20180906,2,1396015,Saxifraga moschata,64.775650
CBN-Pla-B6-20180906,3,1390899,Carex pyrenaica,62.954796
CBN-Pla-B6-20190723,1,1396144,Sedum alpestre,63.632301
CBN-Pla-B6-20190723,2,1418612,Carex firma,60.413815
CBN-Pla-B6-20190723,3,1361374,Poa ligulata,60.362301
CBN-Pla-B6-20190814,1,1396015,Saxifraga moschata,64.512169
CBN-Pla-B6-20190814,2,1396144,Sedum alpestre,63.312546
CBN-Pla-B6-20190814,3,1394311,Oreochloa disticha,63.135117
CBN-Pla-B6-20200723,1,1395807,Salix herbacea,60.308662
CBN-Pla-B6-20200723,2,1505431,Crepis aurea,60.174072
CBN-Pla-B6-20200723,3,1396144,Sedum alpestre,59.337654
CBN-Pla-B6-20200814,1,1396144,Sedum alpestre,63.973568
CBN-Pla-B6-20200814,2,1396015,Saxifraga moschata,63.576904
CBN-Pla-B6-20200814,3,1395940,Saxifraga aizoides,62.524254
CBN-Pla-C1-20130808,1,1392535,Gentiana alpina,62.228138
CBN-Pla-C1-20130808,2,1741880,Salix serpillifolia,62.168839
CBN-Pla-C1-20130808,3,1395870,Salix retusa,62.094177
CBN-Pla-C1-20130904,1,1395870,Salix retusa,61.318275
CBN-Pla-C1-20130904,2,1741880,Salix serpillifolia,59.967751
CBN-Pla-C1-20130904,3,1392534,Gentiana acaulis,59.943802
CBN-Pla-C1-20150702,1,1392541,Gentiana brachyphylla,62.034393
CBN-Pla-C1-20150702,2,1392534,Gentiana acaulis,59.219238
CBN-Pla-C1-20150702,3,1741880,Salix serpillifolia,57.524139
CBN-Pla-C1-20150723,1,1741880,Salix serpillifolia,59.603188
CBN-Pla-C1-20150723,2,1395870,Salix retusa,58.783409
CBN-Pla-C1-20150723,3,1392534,Gentiana acaulis,58.752777
CBN-Pla-C1-20150811,1,1741880,Salix serpillifolia,60.804142
CBN-Pla-C1-20150811,2,1395870,Salix retusa,60.538620
CBN-Pla-C1-20150811,3,1392534,Gentiana acaulis,60.057072
CBN-Pla-C1-20150901,1,1400176,Bistorta vivipara,64.134766
CBN-Pla-C1-20150901,2,1392534,Gentiana acaulis,63.761009
CBN-Pla-C1-20150901,3,1395870,Salix retusa,62.868706
CBN-Pla-C1-20160707,1,1741880,Salix serpillifolia,62.954403
CBN-Pla-C1-20160707,2,1395870,Salix retusa,60.223793
CBN-Pla-C1-20160707,3,1392534,Gentiana acaulis,58.900116
CBN-Pla-C1-20160728,1,1741880,Salix serpillifolia,64.443764
CBN-Pla-C1-20160728,2,1395870,Salix retusa,64.181458
CBN-Pla-C1-20160728,3,1394366,Oxyria digyna,60.608795
CBN-Pla-C1-20180816,1,1741880,Salix serpillifolia,64.134186
CBN-Pla-C1-20180816,2,1741624,Lotus alpinus,63.931885
CBN-Pla-C1-20180816,3,1395870,Salix retusa,63.002686
CBN-Pla-C1-20180906,1,1395870,Salix retusa,61.609642
CBN-Pla-C1-20180906,2,1395807,Salix herbacea,60.843842
CBN-Pla-C1-20180906,3,1741880,Salix serpillifolia,60.562637
CBN-Pla-C1-20190723,1,1392534,Gentiana acaulis,65.003487
CBN-Pla-C1-20190723,2,1392535,Gentiana alpina,64.813362
CBN-Pla-C1-20190723,3,1392541,Gentiana brachyphylla,62.280243
CBN-Pla-C1-20190814,1,1741880,Salix serpillifolia,61.294998
CBN-Pla-C1-20190814,2,1395870,Salix retusa,60.771721
CBN-Pla-C1-20190814,3,1392534,Gentiana acaulis,60.510529
CBN-Pla-C1-20200723,1,1395870,Salix retusa,64.137260
CBN-Pla-C1-20200723,2,1741880,Salix serpillifolia,60.516300
CBN-Pla-C1-20200723,3,1392534,Gentiana acaulis,60.500481
CBN-Pla-C1-20200814,1,1395870,Salix retusa,62.560455
CBN-Pla-C1-20200814,2,1741880,Salix serpillifolia,60.815331
CBN-Pla-C1-20200814,3,1395807,Salix herbacea,60.272064
CBN-Pla-C2-20130808,1,1396253,Sibbaldia procumbens,64.839417
CBN-Pla-C2-20130808,2,1741880,Salix serpillifolia,61.943741
CBN-Pla-C2-20130808,3,1395870,Salix retusa,60.485352
CBN-Pla-C2-20130904,1,1741880,Salix serpillifolia,64.909843
CBN-Pla-C2-20130904,2,1395870,Salix retusa,64.005943
CBN-Pla-C2-20130904,3,1412857,Omalotheca supina,61.310593
CBN-Pla-C2-20140722,1,1363543,Stenotaphrum secundatum,56.327530
CBN-Pla-C2-20140722,2,1418688,Arctous alpina,55.370102
CBN-Pla-C2-20140722,3,1742109,Petrosedum sediforme,54.778267
CBN-Pla-C2-20140902,1,1741880,Salix serpillifolia,62.529079
CBN-Pla-C2-20140902,2,1395870,Salix retusa,61.982262
CBN-Pla-C2-20140902,3,1412857,Omalotheca supina,61.694519
CBN-Pla-C2-20150702,1,1412857,Omalotheca supina,60.111820
CBN-Pla-C2-20150702,2,1741880,Salix serpillifolia,57.806404
CBN-Pla-C2-20150702,3,1396094,Arenaria biflora,57.650398
CBN-Pla-C2-20150723,1,1741880,Salix serpillifolia,63.513855
CBN-Pla-C2-20150723,2,1395870,Salix retusa,62.062775
CBN-Pla-C2-20150723,3,1742053,Omalotheca hoppeana,60.864784
CBN-Pla-C2-20150811,1,1741880,Salix serpillifolia,64.373901
CBN-Pla-C2-20150811,2,1395870,Salix retusa,63.618031
CBN-Pla-C2-20150811,3,1394643,Antennaria dioica,59.437881
CBN-Pla-C2-20150901,1,1394542,Phyteuma hemisphaericum,65.619064
CBN-Pla-C2-20150901,2,1395870,Salix retusa,64.414948
CBN-Pla-C2-20150901,3,1741880,Salix serpillifolia,63.657333
CBN-Pla-C2-20160707,1,1394311,Oreochloa disticha,57.850372
CBN-Pla-C2-20160707,2,1392293,Festuca eskia,57.551395
CBN-Pla-C2-20160707,3,1741880,Salix serpillifolia,57.121643
CBN-Pla-C2-20160728,1,1742053,Omalotheca hoppeana,62.849522
CBN-Pla-C2-20160728,2,1412857,Omalotheca supina,62.371666
CBN-Pla-C2-20160728,3,1742052,Leontopodium nivale,59.666321
CBN-Pla-C2-20180724,1,1744194,Bouteloua dactyloides,57.389061
CBN-Pla-C2-20180724,2,1418688,Arctous alpina,56.390781
CBN-Pla-C2-20180724,3,1390874,Carex myosuroides,56.343124
CBN-Pla-C2-20180816,1,1396253,Sibbaldia procumbens,63.018692
CBN-Pla-C2-20180816,2,1412857,Omalotheca supina,62.308067
CBN-Pla-C2-20180816,3,1395807,Salix herbacea,61.782120
CBN-Pla-C2-20180906,1,1742053,Omalotheca hoppeana,60.272465
CBN-Pla-C2-20180906,2,1396253,Sibbaldia procumbens,59.659538
CBN-Pla-C2-20180906,3,1392293,Festuca eskia,59.246128
CBN-Pla-C2-20190723,1,1396253,Sibbaldia procumbens,62.298889
CBN-Pla-C2-20190723,2,1390899,Carex pyrenaica,59.794239
CBN-Pla-C2-20190723,3,1394311,Oreochloa disticha,59.678680
CBN-Pla-C2-20190814,1,1397046,Veronica bellidioides,62.241756
CBN-Pla-C2-20190814,2,1397043,Veronica alpina,60.351490
CBN-Pla-C2-20190814,3,1395807,Salix herbacea,59.998222
CBN-Pla-C2-20200723,1,1396253,Sibbaldia procumbens,62.857254
CBN-Pla-C2-20200723,2,1394542,Phyteuma hemisphaericum,59.781399
CBN-Pla-C2-20200723,3,1395870,Salix retusa,59.443005
CBN-Pla-C2-20200814,1,1396253,Sibbaldia procumbens,61.443718
CBN-Pla-C2-20200814,2,1393966,Noccaea corymbosa,60.627998
CBN-Pla-C2-20200814,3,1394542,Phyteuma hemisphaericum,59.809090
CBN-Pla-C3-20130808,1,1394643,Antennaria dioica,61.825768
CBN-Pla-C3-20130808,2,1395807,Salix herbacea,60.847061
CBN-Pla-C3-20130808,3,1400176,Bistorta vivipara,58.832848
CBN-Pla-C3-20130904,1,1392293,Festuca eskia,59.561409
CBN-Pla-C3-20130904,2,1395807,Salix herbacea,59.561302
CBN-Pla-C3-20130904,3,1400176,Bistorta vivipara,59.417305
CBN-Pla-C3-20140722,1,1528543,Crassula nudicaulis,55.064503
CBN-Pla-C3-20140722,2,1741880,Salix serpillifolia,55.041878
CBN-Pla-C3-20140722,3,1418688,Arctous alpina,54.561531
CBN-Pla-C3-20140902,1,1400176,Bistorta vivipara,61.781517
CBN-Pla-C3-20140902,2,1532190,Carex rorulenta,60.748451
CBN-Pla-C3-20140902,3,1395807,Salix herbacea,60.724178
CBN-Pla-C3-20150702,1,1741880,Salix serpillifolia,58.591015
CBN-Pla-C3-20150702,2,1390837,Carex humilis,58.128609
CBN-Pla-C3-20150702,3,1397500,Soldanella alpina,57.386196
CBN-Pla-C3-20150723,1,1395870,Salix retusa,63.317455
CBN-Pla-C3-20150723,2,1741880,Salix serpillifolia,62.102535
CBN-Pla-C3-20150723,3,1395807,Salix herbacea,59.823219
CBN-Pla-C3-20150811,1,1741880,Salix serpillifolia,65.681732
CBN-Pla-C3-20150811,2,1400176,Bistorta vivipara,64.068619
CBN-Pla-C3-20150811,3,1395870,Salix retusa,60.257801
CBN-Pla-C3-20150901,1,1741880,Salix serpillifolia,64.235023
CBN-Pla-C3-20150901,2,1395870,Salix retusa,63.364380
CBN-Pla-C3-20150901,3,1742053,Omalotheca hoppeana,60.990913
CBN-Pla-C3-20160707,1,1741880,Salix serpillifolia,57.906593
CBN-Pla-C3-20160707,2,1390793,Carex curvula,57.428524
CBN-Pla-C3-20160707,3,1396362,Armeria leucocephala,57.419868
CBN-Pla-C3-20160728,1,1741880,Salix serpillifolia,64.248894
CBN-Pla-C3-20160728,2,1395870,Salix retusa,62.310406
CBN-Pla-C3-20160728,3,1390899,Carex pyrenaica,60.877312
CBN-Pla-C3-20180724,1,1418688,Arctous alpina,55.760536
CBN-Pla-C3-20180724,2,1361347,Nardus stricta,55.302605
CBN-Pla-C3-20180724,3,1394270,Androsace adfinis,55.215878
CBN-Pla-C3-20180816,1,1395807,Salix herbacea,62.254448
CBN-Pla-C3-20180816,2,1741880,Salix serpillifolia,61.632725
CBN-Pla-C3-20180816,3,1395870,Salix retusa,60.969734
CBN-Pla-C3-20180906,1,1390899,Carex pyrenaica,63.339375
CBN-Pla-C3-20180906,2,1412857,Omalotheca supina,62.858807
CBN-Pla-C3-20180906,3,1741880,Salix serpillifolia,62.588978
CBN-Pla-C3-20190723,1,1741880,Salix serpillifolia,62.882774
CBN-Pla-C3-20190723,2,1742053,Omalotheca hoppeana,61.539299
CBN-Pla-C3-20190723,3,1395807,Salix herbacea,61.090752
CBN-Pla-C3-20190814,1,1741880,Salix serpillifolia,62.784679
CBN-Pla-C3-20190814,2,1395870,Salix retusa,60.883659
CBN-Pla-C3-20190814,3,1361367,Poa alpina,59.461067
CBN-Pla-C3-20200723,1,1741880,Salix serpillifolia,61.787189
CBN-Pla-C3-20200723,2,1395870,Salix retusa,61.577900
CBN-Pla-C3-20200723,3,1397043,Veronica alpina,61.042507
CBN-Pla-C3-20200814,1,1400176,Bistorta vivipara,62.998882
CBN-Pla-C3-20200814,2,1741880,Salix serpillifolia,61.512722
CBN-Pla-C3-20200814,3,1395870,Salix retusa,61.466911
CBN-Pla-C4-20130808,1,1395807,Salix herbacea,62.574310
CBN-Pla-C4-20130808,2,1741880,Salix serpillifolia,57.054596
CBN-Pla-C4-20130808,3,1394655,Poa badensis,56.932957
CBN-Pla-C4-20130904,1,1395807,Salix herbacea,61.220959
CBN-Pla-C4-20130904,2,1393200,Homogyne alpina,58.508728
CBN-Pla-C4-20130904,3,1397500,Soldanella alpina,58.298576
CBN-Pla-C4-20140902,1,1395807,Salix herbacea,59.696377
CBN-Pla-C4-20140902,2,1363133,Triglochin striata,59.512218
CBN-Pla-C4-20140902,3,1396754,Thesium alpinum,59.362720
CBN-Pla-C4-20150702,1,1397500,Soldanella alpina,59.177147
CBN-Pla-C4-20150702,2,1396253,Sibbaldia procumbens,57.738804
CBN-Pla-C4-20150702,3,1393200,Homogyne alpina,57.416546
CBN-Pla-C4-20150723,1,1395807,Salix herbacea,60.657410
CBN-Pla-C4-20150723,2,1394542,Phyteuma hemisphaericum,58.252964
CBN-Pla-C4-20150723,3,1388766,Botrychium simplex,57.786823
CBN-Pla-C4-20150811,1,1395807,Salix herbacea,60.656479
CBN-Pla-C4-20150811,2,1396843,Trifolium alpinum,60.183846
CBN-Pla-C4-20150811,3,1363133,Triglochin striata,59.495705
CBN-Pla-C4-20150901,1,1361141,Agrostis rupestris,60.910690
CBN-Pla-C4-20150901,2,1396869,Trifolium thalii,60.813644
CBN-Pla-C4-20150901,3,1395807,Salix herbacea,60.139660
CBN-Pla-C4-20160707,1,1397500,Soldanella alpina,59.960617
CBN-Pla-C4-20160707,2,1390793,Carex curvula,58.915306
CBN-Pla-C4-20160707,3,1361367,Poa alpina,58.201481
CBN-Pla-C4-20160728,1,1397500,Soldanella alpina,60.308678
CBN-Pla-C4-20160728,2,1392300,Alchemilla transiens,60.300396
CBN-Pla-C4-20160728,3,1396843,Trifolium alpinum,60.059685
CBN-Pla-C4-20180724,1,1397500,Soldanella alpina,59.496010
CBN-Pla-C4-20180724,2,1396253,Sibbaldia procumbens,58.151550
CBN-Pla-C4-20180724,3,1394643,Antennaria dioica,53.794632
CBN-Pla-C4-20180816,1,1396253,Sibbaldia procumbens,62.013489
CBN-Pla-C4-20180816,2,1395807,Salix herbacea,60.755550
CBN-Pla-C4-20180816,3,1397500,Soldanella alpina,59.316608
CBN-Pla-C4-20180906,1,1396253,Sibbaldia procumbens,64.923264
CBN-Pla-C4-20180906,2,1412857,Omalotheca supina,61.883686
CBN-Pla-C4-20180906,3,1395807,Salix herbacea,61.487823
CBN-Pla-C4-20190723,1,1395807,Salix herbacea,61.705910
CBN-Pla-C4-20190723,2,1396253,Sibbaldia procumbens,61.431141
CBN-Pla-C4-20190723,3,1742053,Omalotheca hoppeana,61.395622
CBN-Pla-C4-20190814,1,1396253,Sibbaldia procumbens,63.490028
CBN-Pla-C4-20190814,2,1397500,Soldanella alpina,62.944164
CBN-Pla-C4-20190814,3,1412857,Omalotheca supina,61.947678
CBN-Pla-C4-20200723,1,1396253,Sibbaldia procumbens,62.884201
CBN-Pla-C4-20200723,2,1397043,Veronica alpina,62.752346
CBN-Pla-C4-20200723,3,1397046,Veronica bellidioides,61.955292
CBN-Pla-C4-20200814,1,1742053,Omalotheca hoppeana,67.032112
CBN-Pla-C4-20200814,2,1412857,Omalotheca supina,65.843880
CBN-Pla-C4-20200814,3,1396253,Sibbaldia procumbens,63.131695
CBN-Pla-C5-20130808,1,1395807,Salix herbacea,62.470165
CBN-Pla-C5-20130808,2,1394311,Oreochloa disticha,58.161774
CBN-Pla-C5-20130808,3,1390793,Carex curvula,58.123528
CBN-Pla-C5-20130904,1,1395807,Salix herbacea,61.043480
CBN-Pla-C5-20130904,2,1396144,Sedum alpestre,59.565315
CBN-Pla-C5-20130904,3,1394311,Oreochloa disticha,59.224594
CBN-Pla-C5-20140722,1,1396144,Sedum alpestre,63.288586
CBN-Pla-C5-20140722,2,1397491,Sedum atratum,56.701862
CBN-Pla-C5-20140722,3,1418688,Arctous alpina,56.296947
CBN-Pla-C5-20140902,1,1395807,Salix herbacea,60.578484
CBN-Pla-C5-20140902,2,1396144,Sedum alpestre,59.392975
CBN-Pla-C5-20140902,3,1361367,Poa alpina,59.242161
CBN-Pla-C5-20150702,1,1396144,Sedum alpestre,61.902153
CBN-Pla-C5-20150702,2,1397491,Sedum atratum,58.127174
CBN-Pla-C5-20150702,3,1418688,Arctous alpina,57.487934
CBN-Pla-C5-20150723,1,1396144,Sedum alpestre,67.127518
CBN-Pla-C5-20150723,2,1395807,Salix herbacea,61.356705
CBN-Pla-C5-20150723,3,1397491,Sedum atratum,60.489323
CBN-Pla-C5-20150811,1,1396144,Sedum alpestre,65.576889
CBN-Pla-C5-20150811,2,1396869,Trifolium thalii,61.757683
CBN-Pla-C5-20150811,3,1395807,Salix herbacea,60.000072
CBN-Pla-C5-20150901,1,1394311,Oreochloa disticha,64.016769
CBN-Pla-C5-20150901,2,1396869,Trifolium thalii,62.669090
CBN-Pla-C5-20150901,3,1361347,Nardus stricta,60.420570
CBN-Pla-C5-20160707,1,1390793,Carex curvula,59.501122
CBN-Pla-C5-20160707,2,1743474,Oreochloa elegans,58.074078
CBN-Pla-C5-20160707,3,1394311,Oreochloa disticha,57.894814
CBN-Pla-C5-20160728,1,1395807,Salix herbacea,61.352718
CBN-Pla-C5-20160728,2,1395870,Salix retusa,59.013756
CBN-Pla-C5-20160728,3,1394311,Oreochloa disticha,58.721172
CBN-Pla-C5-20180724,1,1361374,Poa ligulata,58.491310
CBN-Pla-C5-20180724,2,1390837,Carex humilis,57.225407
CBN-Pla-C5-20180724,3,1390904,Carex rupestris,56.999397
CBN-Pla-C5-20180816,1,1395807,Salix herbacea,61.438000
CBN-Pla-C5-20180816,2,1412857,Omalotheca supina,59.799026
CBN-Pla-C5-20180816,3,1516081,Omalotheca norvegica,57.598660
CBN-Pla-C5-20180906,1,1395807,Salix herbacea,62.260044
CBN-Pla-C5-20180906,2,1397046,Veronica bellidioides,59.391762
CBN-Pla-C5-20180906,3,1743359,Narthecium reverchonii,58.425545
CBN-Pla-C5-20190723,1,1395807,Salix herbacea,60.342304
CBN-Pla-C5-20190723,2,1741880,Salix serpillifolia,60.280552
CBN-Pla-C5-20190723,3,1397386,Festuca scabriculmis,59.602516
CBN-Pla-C5-20190814,1,1395807,Salix herbacea,61.006096
CBN-Pla-C5-20190814,2,1363133,Triglochin striata,59.653358
CBN-Pla-C5-20190814,3,1609716,Epilobium komarovianum,58.062794
CBN-Pla-C5-20200723,1,1395807,Salix herbacea,63.175583
CBN-Pla-C5-20200723,2,1742053,Omalotheca hoppeana,62.679123
CBN-Pla-C5-20200723,3,1412857,Omalotheca supina,61.151112
CBN-Pla-C5-20200814,1,1652912,Nassella trichotoma,61.380722
CBN-Pla-C5-20200814,2,1395807,Salix herbacea,61.245667
CBN-Pla-C5-20200814,3,1396869,Trifolium thalii,60.500313
CBN-Pla-C6-20130808,1,1396253,Sibbaldia procumbens,64.061234
CBN-Pla-C6-20130808,2,1395807,Salix herbacea,61.628803
CBN-Pla-C6-20130808,3,1741880,Salix serpillifolia,60.079926
CBN-Pla-C6-20130904,1,1741880,Salix serpillifolia,60.285416
CBN-Pla-C6-20130904,2,1395807,Salix herbacea,59.944817
CBN-Pla-C6-20130904,3,1395870,Salix retusa,59.633728
CBN-Pla-C6-20140902,1,1741880,Salix serpillifolia,60.399746
CBN-Pla-C6-20140902,2,1395807,Salix herbacea,60.010239
CBN-Pla-C6-20140902,3,1395870,Salix retusa,59.686172
CBN-Pla-C6-20150702,1,1361367,Poa alpina,62.072876
CBN-Pla-C6-20150702,2,1396253,Sibbaldia procumbens,59.017982
CBN-Pla-C6-20150702,3,1394655,Poa badensis,58.318550
CBN-Pla-C6-20150723,1,1741880,Salix serpillifolia,61.976006
CBN-Pla-C6-20150723,2,1395807,Salix herbacea,60.287525
CBN-Pla-C6-20150723,3,1397386,Festuca scabriculmis,58.658325
CBN-Pla-C6-20150811,1,1395807,Salix herbacea,60.959656
CBN-Pla-C6-20150811,2,1394311,Oreochloa disticha,58.874725
CBN-Pla-C6-20150811,3,1741880,Salix serpillifolia,58.296856
CBN-Pla-C6-20150901,1,1396253,Sibbaldia procumbens,62.303780
CBN-Pla-C6-20150901,2,1412857,Omalotheca supina,61.945656
CBN-Pla-C6-20150901,3,1395807,Salix herbacea,61.592831
CBN-Pla-C6-20160707,1,1396253,Sibbaldia procumbens,62.036774
CBN-Pla-C6-20160707,2,1390793,Carex curvula,57.226658
CBN-Pla-C6-20160707,3,1741880,Salix serpillifolia,57.115658
CBN-Pla-C6-20160728,1,1395807,Salix herbacea,61.699001
CBN-Pla-C6-20160728,2,1396253,Sibbaldia procumbens,61.341446
CBN-Pla-C6-20160728,3,1395870,Salix retusa,60.436428
CBN-Pla-C6-20180724,1,1396253,Sibbaldia procumbens,58.796364
CBN-Pla-C6-20180724,2,1738749,Cherleria sedoides,58.784149
CBN-Pla-C6-20180724,3,1743903,Androsace delphinensis,58.569229
CBN-Pla-C6-20180816,1,1742053,Omalotheca hoppeana,61.893356
CBN-Pla-C6-20180816,2,1412857,Omalotheca supina,61.808563
CBN-Pla-C6-20180816,3,1395807,Salix herbacea,61.035969
CBN-Pla-C6-20180906,1,1742053,Omalotheca hoppeana,65.402710
CBN-Pla-C6-20180906,2,1412857,Omalotheca supina,62.621792
CBN-Pla-C6-20180906,3,1395807,Salix herbacea,62.293270
CBN-Pla-C6-20190723,1,1395807,Salix herbacea,60.938057
CBN-Pla-C6-20190723,2,1741880,Salix serpillifolia,60.346798
CBN-Pla-C6-20190723,3,1697384,Viola nummulariifolia,57.811775
CBN-Pla-C6-20190814,1,1395807,Salix herbacea,59.720139
CBN-Pla-C6-20190814,2,1388766,Botrychium simplex,59.684177
CBN-Pla-C6-20190814,3,1741880,Salix serpillifolia,58.820801
CBN-Pla-C6-20200723,1,1395807,Salix herbacea,62.686417
CBN-Pla-C6-20200723,2,1395870,Salix retusa,58.693184
CBN-Pla-C6-20200723,3,1396253,Sibbaldia procumbens,58.485355
CBN-Pla-C6-20200814,1,1395807,Salix herbacea,60.772484
CBN-Pla-C6-20200814,2,1741880,Salix serpillifolia,60.322716
CBN-Pla-C6-20200814,3,1395870,Salix retusa,60.268623
CBN-Pla-D1-20130808,1,1396253,Sibbaldia procumbens,64.221634
CBN-Pla-D1-20130808,2,1395807,Salix herbacea,61.344700
CBN-Pla-D1-20130808,3,1361347,Nardus stricta,61.343906
CBN-Pla-D1-20130904,1,1396253,Sibbaldia procumbens,62.592941
CBN-Pla-D1-20130904,2,1396843,Trifolium alpinum,60.151398
CBN-Pla-D1-20130904,3,1394311,Oreochloa disticha,59.741226
CBN-Pla-D1-20140722,1,1412857,Omalotheca supina,57.737549
CBN-Pla-D1-20140722,2,1396253,Sibbaldia procumbens,57.649433
CBN-Pla-D1-20140722,3,1418688,Arctous alpina,56.825073
CBN-Pla-D1-20140902,1,1395870,Salix retusa,63.574089
CBN-Pla-D1-20140902,2,1396253,Sibbaldia procumbens,61.582481
CBN-Pla-D1-20140902,3,1395807,Salix herbacea,59.948822
CBN-Pla-D1-20150702,1,1741880,Salix serpillifolia,60.245754
CBN-Pla-D1-20150702,2,1395870,Salix retusa,59.244400
CBN-Pla-D1-20150702,3,1396253,Sibbaldia procumbens,58.068932
CBN-Pla-D1-20150723,1,1741880,Salix serpillifolia,60.228603
CBN-Pla-D1-20150723,2,1395870,Salix retusa,60.092319
CBN-Pla-D1-20150723,3,1394311,Oreochloa disticha,59.758781
CBN-Pla-D1-20150811,1,1396253,Sibbaldia procumbens,62.690651
CBN-Pla-D1-20150811,2,1742053,Omalotheca hoppeana,62.407524
CBN-Pla-D1-20150811,3,1412857,Omalotheca supina,62.126312
CBN-Pla-D1-20150901,1,1742053,Omalotheca hoppeana,62.590218
CBN-Pla-D1-20150901,2,1361347,Nardus stricta,62.179211
CBN-Pla-D1-20150901,3,1412857,Omalotheca supina,61.464752
CBN-Pla-D1-20160707,1,1397386,Festuca scabriculmis,59.488075
CBN-Pla-D1-20160707,2,1361347,Nardus stricta,58.765289
CBN-Pla-D1-20160707,3,1744618,Rivasmartinezia vazquezii,58.217461
CBN-Pla-D1-20160728,1,1396253,Sibbaldia procumbens,62.307503
CBN-Pla-D1-20160728,2,1395718,Sagina saginoides,61.172619
CBN-Pla-D1-20160728,3,1394311,Oreochloa disticha,61.015160
CBN-Pla-D1-20180724,1,1412857,Omalotheca supina,57.409054
CBN-Pla-D1-20180724,2,1394311,Oreochloa disticha,56.949917
CBN-Pla-D1-20180724,3,1361347,Nardus stricta,56.760883
CBN-Pla-D1-20180816,1,1395807,Salix herbacea,60.897694
CBN-Pla-D1-20180816,2,1394311,Oreochloa disticha,59.979637
CBN-Pla-D1-20180816,3,1743474,Oreochloa elegans,59.595413
CBN-Pla-D1-20180906,1,1394311,Oreochloa disticha,61.291512
CBN-Pla-D1-20180906,2,1397386,Festuca scabriculmis,60.389702
CBN-Pla-D1-20180906,3,1412857,Omalotheca supina,60.188049
CBN-Pla-D1-20190723,1,1394542,Phyteuma hemisphaericum,61.460121
CBN-Pla-D1-20190723,2,1395862,Salix pyrenaica,59.161793
CBN-Pla-D1-20190723,3,1395870,Salix retusa,59.106842
CBN-Pla-D1-20190814,1,1741880,Salix serpillifolia,62.905571
CBN-Pla-D1-20190814,2,1361141,Agrostis rupestris,62.419117
CBN-Pla-D1-20190814,3,1394311,Oreochloa disticha,62.010010
CBN-Pla-D1-20200723,1,1394542,Phyteuma hemisphaericum,60.168278
CBN-Pla-D1-20200723,2,1741880,Salix serpillifolia,60.090630
CBN-Pla-D1-20200723,3,1395807,Salix herbacea,58.726238
CBN-Pla-D1-20200814,1,1394311,Oreochloa disticha,64.739441
CBN-Pla-D1-20200814,2,1412857,Omalotheca supina,64.613899
CBN-Pla-D1-20200814,3,1396843,Trifolium alpinum,62.967728
CBN-Pla-D2-20130808,1,1412857,Omalotheca supina,61.705513
CBN-Pla-D2-20130808,2,1392407,Gagea serotina,60.425720
CBN-Pla-D2-20130808,3,1395870,Salix retusa,59.831612
CBN-Pla-D2-20130904,1,1396843,Trifolium alpinum,64.512978
CBN-Pla-D2-20130904,2,1394643,Antennaria dioica,60.434341
CBN-Pla-D2-20130904,3,1396253,Sibbaldia procumbens,59.388367
CBN-Pla-D2-20140722,1,1397376,Ephedra distachya,56.991043
CBN-Pla-D2-20140722,2,1412857,Omalotheca supina,55.810730
CBN-Pla-D2-20140722,3,1727501,Soliva mexicana,55.493919
CBN-Pla-D2-20140902,1,1396843,Trifolium alpinum,61.682941
CBN-Pla-D2-20140902,2,1397386,Festuca scabriculmis,59.728642
CBN-Pla-D2-20140902,3,1394311,Oreochloa disticha,58.790543
CBN-Pla-D2-20150702,1,1361347,Nardus stricta,58.232594
CBN-Pla-D2-20150702,2,1390811,Carex ericetorum,57.973007
CBN-Pla-D2-20150702,3,1418612,Carex firma,57.873711
CBN-Pla-D2-20150723,1,1396843,Trifolium alpinum,63.542233
CBN-Pla-D2-20150723,2,1388766,Botrychium simplex,61.074615
CBN-Pla-D2-20150723,3,1394311,Oreochloa disticha,60.724121
CBN-Pla-D2-20150811,1,1396843,Trifolium alpinum,61.043304
CBN-Pla-D2-20150811,2,1395807,Salix herbacea,59.220676
CBN-Pla-D2-20150811,3,1412857,Omalotheca supina,58.452881
CBN-Pla-D2-20150901,1,1396843,Trifolium alpinum,63.902306
CBN-Pla-D2-20150901,2,1742053,Omalotheca hoppeana,63.155640
CBN-Pla-D2-20150901,3,1412857,Omalotheca supina,61.713623
CBN-Pla-D2-20160707,1,1412857,Omalotheca supina,61.910069
CBN-Pla-D2-20160707,2,1741880,Salix serpillifolia,60.046680
CBN-Pla-D2-20160707,3,1742053,Omalotheca hoppeana,59.611679
CBN-Pla-D2-20160728,1,1412857,Omalotheca supina,61.906986
CBN-Pla-D2-20160728,2,1396843,Trifolium alpinum,60.493484
CBN-Pla-D2-20160728,3,1394641,Antennaria carpatica,60.166523
CBN-Pla-D2-20180724,1,1412857,Omalotheca supina,59.884521
CBN-Pla-D2-20180724,2,1742053,Omalotheca hoppeana,59.424370
CBN-Pla-D2-20180724,3,1394641,Antennaria carpatica,57.967762
CBN-Pla-D2-20180816,1,1742053,Omalotheca hoppeana,62.579815
CBN-Pla-D2-20180816,2,1396843,Trifolium alpinum,62.343414
CBN-Pla-D2-20180816,3,1397043,Veronica alpina,62.288521
CBN-Pla-D2-20180906,1,1396843,Trifolium alpinum,63.914692
CBN-Pla-D2-20180906,2,1396253,Sibbaldia procumbens,63.142529
CBN-Pla-D2-20180906,3,1412857,Omalotheca supina,62.423180
CBN-Pla-D2-20190723,1,1741880,Salix serpillifolia,61.317436
CBN-Pla-D2-20190723,2,1397043,Veronica alpina,60.708672
CBN-Pla-D2-20190723,3,1395807,Salix herbacea,60.430656
CBN-Pla-D2-20190814,1,1412857,Omalotheca supina,63.729481
CBN-Pla-D2-20190814,2,1742053,Omalotheca hoppeana,63.141037
CBN-Pla-D2-20190814,3,1396843,Trifolium alpinum,61.725914
CBN-Pla-D2-20200723,1,1742053,Omalotheca hoppeana,62.620651
CBN-Pla-D2-20200723,2,1400176,Bistorta vivipara,61.634117
CBN-Pla-D2-20200723,3,1396253,Sibbaldia procumbens,60.913631
CBN-Pla-D2-20200814,1,1742053,Omalotheca hoppeana,66.674973
CBN-Pla-D2-20200814,2,1412857,Omalotheca supina,64.715508
CBN-Pla-D2-20200814,3,1396843,Trifolium alpinum,64.489990
CBN-Pla-D3-20130808,1,1741880,Salix serpillifolia,64.054672
CBN-Pla-D3-20130808,2,1395870,Salix retusa,62.672615
CBN-Pla-D3-20130808,3,1397049,Veronica fruticans,60.262657
CBN-Pla-D3-20130904,1,1741880,Salix serpillifolia,64.193207
CBN-Pla-D3-20130904,2,1395870,Salix retusa,63.085983
CBN-Pla-D3-20130904,3,1396253,Sibbaldia procumbens,61.303955
CBN-Pla-D3-20140722,1,1396253,Sibbaldia procumbens,58.383659
CBN-Pla-D3-20140722,2,1390837,Carex humilis,57.788303
CBN-Pla-D3-20140722,3,1742053,Omalotheca hoppeana,57.006416
CBN-Pla-D3-20140902,1,1395870,Salix retusa,64.742622
CBN-Pla-D3-20140902,2,1741880,Salix serpillifolia,62.663849
CBN-Pla-D3-20140902,3,1397386,Festuca scabriculmis,62.325890
CBN-Pla-D3-20150702,1,1397500,Soldanella alpina,58.575752
CBN-Pla-D3-20150702,2,1396253,Sibbaldia procumbens,58.034859
CBN-Pla-D3-20150702,3,1388766,Botrychium simplex,56.559208
CBN-Pla-D3-20150723,1,1741880,Salix serpillifolia,62.056957
CBN-Pla-D3-20150723,2,1397465,Polygala alpina,60.204079
CBN-Pla-D3-20150723,3,1395870,Salix retusa,60.115955
CBN-Pla-D3-20150811,1,1395870,Salix retusa,62.138802
CBN-Pla-D3-20150811,2,1396253,Sibbaldia procumbens,60.688377
CBN-Pla-D3-20150811,3,1743471,Festuca glacialis,60.244564
CBN-Pla-D3-20150901,1,1395870,Salix retusa,63.121582
CBN-Pla-D3-20150901,2,1742053,Omalotheca hoppeana,62.721149
CBN-Pla-D3-20150901,3,1741880,Salix serpillifolia,62.634792
CBN-Pla-D3-20160707,1,1397500,Soldanella alpina,62.920300
CBN-Pla-D3-20160707,2,1392541,Gentiana brachyphylla,61.984261
CBN-Pla-D3-20160707,3,1394311,Oreochloa disticha,61.662567
CBN-Pla-D3-20160728,1,1395870,Salix retusa,62.890186
CBN-Pla-D3-20160728,2,1741880,Salix serpillifolia,62.644672
CBN-Pla-D3-20160728,3,1394311,Oreochloa disticha,59.927410
CBN-Pla-D3-20180724,1,1390783,Carex cespitosa,55.678894
CBN-Pla-D3-20180724,2,1390837,Carex humilis,55.424553
CBN-Pla-D3-20180724,3,1361347,Nardus stricta,55.322201
CBN-Pla-D3-20180816,1,1395870,Salix retusa,61.841225
CBN-Pla-D3-20180816,2,1741880,Salix serpillifolia,60.983246
CBN-Pla-D3-20180816,3,1395807,Salix herbacea,59.140648
CBN-Pla-D3-20180906,1,1396253,Sibbaldia procumbens,60.920120
CBN-Pla-D3-20180906,2,1395870,Salix retusa,60.887981
CBN-Pla-D3-20180906,3,1741880,Salix serpillifolia,60.415962
CBN-Pla-D3-20190723,1,1741880,Salix serpillifolia,63.386612
CBN-Pla-D3-20190723,2,1395870,Salix retusa,61.343376
CBN-Pla-D3-20190723,3,1400176,Bistorta vivipara,60.671577
CBN-Pla-D3-20190814,1,1741880,Salix serpillifolia,62.649284
CBN-Pla-D3-20190814,2,1397049,Veronica fruticans,61.270561
CBN-Pla-D3-20190814,3,1395870,Salix retusa,60.337616
CBN-Pla-D3-20200723,1,1400176,Bistorta vivipara,64.536186
CBN-Pla-D3-20200723,2,1741880,Salix serpillifolia,61.707935
CBN-Pla-D3-20200723,3,1396253,Sibbaldia procumbens,61.626240
CBN-Pla-D3-20200814,1,1392552,Gentiana nivalis,65.341446
CBN-Pla-D3-20200814,2,1743471,Festuca glacialis,65.258820
CBN-Pla-D3-20200814,3,1392260,Festuca alpina,64.164543
CBN-Pla-D4-20130808,1,1395862,Salix pyrenaica,62.994289
CBN-Pla-D4-20130808,2,1396253,Sibbaldia procumbens,62.970909
CBN-Pla-D4-20130808,3,1395870,Salix retusa,62.429115
CBN-Pla-D4-20130904,1,1396144,Sedum alpestre,64.433380
CBN-Pla-D4-20130904,2,1395870,Salix retusa,61.151646
CBN-Pla-D4-20130904,3,1395807,Salix herbacea,60.946899
CBN-Pla-D4-20140722,1,1396144,Sedum alpestre,60.033363
CBN-Pla-D4-20140722,2,1396253,Sibbaldia procumbens,59.641388
CBN-Pla-D4-20140722,3,1390793,Carex curvula,57.796375
CBN-Pla-D4-20140902,1,1361367,Poa alpina,61.582958
CBN-Pla-D4-20140902,2,1397043,Veronica alpina,61.340855
CBN-Pla-D4-20140902,3,1743471,Festuca glacialis,61.230530
CBN-Pla-D4-20150702,1,1396253,Sibbaldia procumbens,59.899078
CBN-Pla-D4-20150702,2,1395807,Salix herbacea,56.783909
CBN-Pla-D4-20150702,3,1743471,Festuca glacialis,56.326431
CBN-Pla-D4-20150723,1,1395807,Salix herbacea,62.409313
CBN-Pla-D4-20150723,2,1395862,Salix pyrenaica,61.978779
CBN-Pla-D4-20150723,3,1395870,Salix retusa,61.720703
CBN-Pla-D4-20150811,1,1396253,Sibbaldia procumbens,63.645412
CBN-Pla-D4-20150811,2,1395870,Salix retusa,63.431545
CBN-Pla-D4-20150811,3,1741880,Salix serpillifolia,62.421921
CBN-Pla-D4-20150901,1,1396253,Sibbaldia procumbens,63.856007
CBN-Pla-D4-20150901,2,1741880,Salix serpillifolia,63.801071
CBN-Pla-D4-20150901,3,1395870,Salix retusa,63.594582
CBN-Pla-D4-20160707,1,1395870,Salix retusa,60.911289
CBN-Pla-D4-20160707,2,1396253,Sibbaldia procumbens,57.711319
CBN-Pla-D4-20160707,3,1647128,Armeria alpina,57.585621
CBN-Pla-D4-20160728,1,1396253,Sibbaldia procumbens,60.783539
CBN-Pla-D4-20160728,2,1361367,Poa alpina,60.423351
CBN-Pla-D4-20160728,3,1395862,Salix pyrenaica,60.203930
CBN-Pla-D4-20180724,1,1396253,Sibbaldia procumbens,61.424324
CBN-Pla-D4-20180724,2,1390904,Carex rupestris,54.690239
CBN-Pla-D4-20180724,3,1390811,Carex ericetorum,53.528801
CBN-Pla-D4-20180816,1,1395870,Salix retusa,64.288452
CBN-Pla-D4-20180816,2,1396253,Sibbaldia procumbens,64.000366
CBN-Pla-D4-20180816,3,1741880,Salix serpillifolia,63.256775
CBN-Pla-D4-20180906,1,1396253,Sibbaldia procumbens,63.467697
CBN-Pla-D4-20180906,2,1395870,Salix retusa,62.054977
CBN-Pla-D4-20180906,3,1397386,Festuca scabriculmis,61.462357
CBN-Pla-D4-20190723,1,1395870,Salix retusa,60.194817
CBN-Pla-D4-20190723,2,1741880,Salix serpillifolia,59.466904
CBN-Pla-D4-20190723,3,1364066,Veronica serpyllifolia,59.252800
CBN-Pla-D4-20190814,1,1395870,Salix retusa,61.880466
CBN-Pla-D4-20190814,2,1390837,Carex humilis,61.650116
CBN-Pla-D4-20190814,3,1395807,Salix herbacea,61.602051
CBN-Pla-D4-20200723,1,1396253,Sibbaldia procumbens,63.381519
CBN-Pla-D4-20200723,2,1390793,Carex curvula,61.933758
CBN-Pla-D4-20200723,3,1741880,Salix serpillifolia,61.538246
CBN-Pla-D4-20200814,1,1395870,Salix retusa,67.764435
CBN-Pla-D4-20200814,2,1741880,Salix serpillifolia,62.934658
CBN-Pla-D4-20200814,3,1396253,Sibbaldia procumbens,62.832458
CBN-Pla-D5-20130808,1,1396253,Sibbaldia procumbens,63.145370
CBN-Pla-D5-20130808,2,1395807,Salix herbacea,61.590919
CBN-Pla-D5-20130808,3,1396144,Sedum alpestre,61.361748
CBN-Pla-D5-20130904,1,1395807,Salix herbacea,59.888763
CBN-Pla-D5-20130904,2,1396253,Sibbaldia procumbens,59.517555
CBN-Pla-D5-20130904,3,1741880,Salix serpillifolia,58.767502
CBN-Pla-D5-20140722,1,1396144,Sedum alpestre,63.597084
CBN-Pla-D5-20140722,2,1390811,Carex ericetorum,60.126198
CBN-Pla-D5-20140722,3,1390904,Carex rupestris,58.645420
CBN-Pla-D5-20140902,1,1396144,Sedum alpestre,66.791153
CBN-Pla-D5-20140902,2,1412857,Omalotheca supina,61.209160
CBN-Pla-D5-20140902,3,1395807,Salix herbacea,61.181927
CBN-Pla-D5-20150702,1,1396843,Trifolium alpinum,60.577469
CBN-Pla-D5-20150702,2,1396253,Sibbaldia procumbens,59.792278
CBN-Pla-D5-20150702,3,1390793,Carex curvula,56.116348
CBN-Pla-D5-20150723,1,1395807,Salix herbacea,60.659100
CBN-Pla-D5-20150723,2,1390883,Carex parviflora,60.045551
CBN-Pla-D5-20150723,3,1396144,Sedum alpestre,59.942039
CBN-Pla-D5-20150811,1,1361141,Agrostis rupestris,59.962154
CBN-Pla-D5-20150811,2,1395807,Salix herbacea,59.817612
CBN-Pla-D5-20150811,3,1396733,Thalictrum alpinum,59.504761
CBN-Pla-D5-20150901,1,1394311,Oreochloa disticha,63.592678
CBN-Pla-D5-20150901,2,1396843,Trifolium alpinum,62.887169
CBN-Pla-D5-20150901,3,1743474,Oreochloa elegans,60.246338
CBN-Pla-D5-20160707,1,1363543,Stenotaphrum secundatum,59.030727
CBN-Pla-D5-20160707,2,1741880,Salix serpillifolia,58.401001
CBN-Pla-D5-20160707,3,1395807,Salix herbacea,57.874863
CBN-Pla-D5-20160728,1,1396843,Trifolium alpinum,59.978271
CBN-Pla-D5-20160728,2,1395807,Salix herbacea,59.556503
CBN-Pla-D5-20160728,3,1741880,Salix serpillifolia,58.117096
CBN-Pla-D5-20180724,1,1396253,Sibbaldia procumbens,58.662094
CBN-Pla-D5-20180724,2,1390793,Carex curvula,55.482067
CBN-Pla-D5-20180724,3,1743315,Helosciadium bermejoi,54.843052
CBN-Pla-D5-20180816,1,1396253,Sibbaldia procumbens,63.851143
CBN-Pla-D5-20180816,2,1395807,Salix herbacea,61.285690
CBN-Pla-D5-20180816,3,1392541,Gentiana brachyphylla,59.425003
CBN-Pla-D5-20180906,1,1396253,Sibbaldia procumbens,62.727478
CBN-Pla-D5-20180906,2,1396843,Trifolium alpinum,60.963348
CBN-Pla-D5-20180906,3,1395807,Salix herbacea,60.411102
CBN-Pla-D5-20190723,1,1741880,Salix serpillifolia,61.609493
CBN-Pla-D5-20190723,2,1396253,Sibbaldia procumbens,61.120708
CBN-Pla-D5-20190723,3,1395807,Salix herbacea,60.574432
CBN-Pla-D5-20190814,1,1397046,Veronica bellidioides,62.282059
CBN-Pla-D5-20190814,2,1397043,Veronica alpina,61.276909
CBN-Pla-D5-20190814,3,1392552,Gentiana nivalis,60.999111
CBN-Pla-D5-20200723,1,1395807,Salix herbacea,62.277786
CBN-Pla-D5-20200723,2,1396253,Sibbaldia procumbens,60.753025
CBN-Pla-D5-20200723,3,1396843,Trifolium alpinum,59.544098
CBN-Pla-D6-20130808,1,1392541,Gentiana brachyphylla,62.272324
CBN-Pla-D6-20130808,2,1395807,Salix herbacea,61.681408
CBN-Pla-D6-20130808,3,1399800,Pinguicula nevadensis,60.222359
CBN-Pla-D6-20130904,1,1392535,Gentiana alpina,62.169403
CBN-Pla-D6-20130904,2,1392534,Gentiana acaulis,61.938423
CBN-Pla-D6-20130904,3,1395870,Salix retusa,61.422340
CBN-Pla-D6-20140722,1,1744293,Pinguicula tejedensis,61.006336
CBN-Pla-D6-20140722,2,1399798,Pinguicula dertosensis,58.792126
CBN-Pla-D6-20140722,3,1399800,Pinguicula nevadensis,58.748299
CBN-Pla-D6-20140902,1,1392552,Gentiana nivalis,61.711754
CBN-Pla-D6-20140902,2,1395807,Salix herbacea,60.507973
CBN-Pla-D6-20140902,3,1396843,Trifolium alpinum,60.067253
CBN-Pla-D6-20150702,1,1394597,Pinguicula corsica,59.555283
CBN-Pla-D6-20150702,2,1399800,Pinguicula nevadensis,59.435894
CBN-Pla-D6-20150702,3,1395807,Salix herbacea,58.272129
CBN-Pla-D6-20150723,1,1395807,Salix herbacea,61.371689
CBN-Pla-D6-20150723,2,1395718,Sagina saginoides,59.634300
CBN-Pla-D6-20150723,3,1392535,Gentiana alpina,59.145462
CBN-Pla-D6-20150811,1,1392552,Gentiana nivalis,64.449722
CBN-Pla-D6-20150811,2,1395807,Salix herbacea,60.683922
CBN-Pla-D6-20150811,3,1396843,Trifolium alpinum,60.288979
CBN-Pla-D6-20150901,1,1396869,Trifolium thalii,63.742287
CBN-Pla-D6-20150901,2,1396843,Trifolium alpinum,62.194199
CBN-Pla-D6-20150901,3,1742053,Omalotheca hoppeana,61.762276
CBN-Pla-D6-20160707,1,1392541,Gentiana brachyphylla,60.212166
CBN-Pla-D6-20160707,2,1741880,Salix serpillifolia,60.024372
CBN-Pla-D6-20160707,3,1395807,Salix herbacea,58.903339
CBN-Pla-D6-20160728,1,1395807,Salix herbacea,60.478203
CBN-Pla-D6-20160728,2,1742053,Omalotheca hoppeana,60.053478
CBN-Pla-D6-20160728,3,1418688,Arctous alpina,59.597374
CBN-Pla-D6-20180724,1,1412857,Omalotheca supina,60.822487
CBN-Pla-D6-20180724,2,1394911,Primula integrifolia,58.285530
CBN-Pla-D6-20180724,3,1394311,Oreochloa disticha,57.997353
CBN-Pla-D6-20180816,1,1397043,Veronica alpina,63.247540
CBN-Pla-D6-20180816,2,1396144,Sedum alpestre,62.738083
CBN-Pla-D6-20180816,3,1395807,Salix herbacea,62.148205
CBN-Pla-D6-20180906,1,1395807,Salix herbacea,61.345093
CBN-Pla-D6-20180906,2,1359697,Euphrasia willkommii,59.957829
CBN-Pla-D6-20180906,3,1394366,Oxyria digyna,58.990185
CBN-Pla-D6-20190723,1,1395807,Salix herbacea,61.405849
CBN-Pla-D6-20190723,2,1412857,Omalotheca supina,60.743610
CBN-Pla-D6-20190723,3,1742053,Omalotheca hoppeana,60.597797
CBN-Pla-D6-20190814,1,1741880,Salix serpillifolia,62.379761
CBN-Pla-D6-20190814,2,1392535,Gentiana alpina,60.993469
CBN-Pla-D6-20190814,3,1397046,Veronica bellidioides,60.894264
CBN-Pla-D6-20200723,1,1395807,Salix herbacea,63.283443
CBN-Pla-D6-20200723,2,1741880,Salix serpillifolia,60.067337
CBN-Pla-D6-20200723,3,1396843,Trifolium alpinum,59.236595
CBN-Pla-D6-20200814,1,1392552,Gentiana nivalis,64.540100
CBN-Pla-D6-20200814,2,1741880,Salix serpillifolia,61.179321
CBN-Pla-D6-20200814,3,1395807,Salix herbacea,60.994392
CBN-Pla-E1-20130808,1,1396144,Sedum alpestre,65.100021
CBN-Pla-E1-20130808,2,1396253,Sibbaldia procumbens,60.348480
CBN-Pla-E1-20130808,3,1399800,Pinguicula nevadensis,60.347378
CBN-Pla-E1-20130904,1,1396144,Sedum alpestre,62.825420
CBN-Pla-E1-20130904,2,1396253,Sibbaldia procumbens,62.595997
CBN-Pla-E1-20130904,3,1741624,Lotus alpinus,62.116520
CBN-Pla-E1-20140722,1,1396144,Sedum alpestre,60.845554
CBN-Pla-E1-20140722,2,1392541,Gentiana brachyphylla,60.480629
CBN-Pla-E1-20140722,3,1744293,Pinguicula tejedensis,60.208656
CBN-Pla-E1-20140902,1,1396144,Sedum alpestre,65.339958
CBN-Pla-E1-20140902,2,1396253,Sibbaldia procumbens,62.442989
CBN-Pla-E1-20140902,3,1397491,Sedum atratum,61.530296
CBN-Pla-E1-20150702,1,1396144,Sedum alpestre,65.953987
CBN-Pla-E1-20150702,2,1396253,Sibbaldia procumbens,62.637375
CBN-Pla-E1-20150702,3,1397491,Sedum atratum,61.413933
CBN-Pla-E1-20150723,1,1742053,Omalotheca hoppeana,64.309288
CBN-Pla-E1-20150723,2,1412857,Omalotheca supina,63.166332
CBN-Pla-E1-20150723,3,1741624,Lotus alpinus,62.069885
CBN-Pla-E1-20150901,1,1396144,Sedum alpestre,65.407524
CBN-Pla-E1-20150901,2,1396272,Silene acaulis,64.143677
CBN-Pla-E1-20150901,3,1396253,Sibbaldia procumbens,63.374062
CBN-Pla-E1-20160707,1,1396144,Sedum alpestre,66.123253
CBN-Pla-E1-20160707,2,1392541,Gentiana brachyphylla,63.636909
CBN-Pla-E1-20160707,3,1392535,Gentiana alpina,63.414032
CBN-Pla-E1-20160728,1,1396144,Sedum alpestre,65.125038
CBN-Pla-E1-20160728,2,1392535,Gentiana alpina,64.793510
CBN-Pla-E1-20160728,3,1392534,Gentiana acaulis,63.526340
CBN-Pla-E1-20180816,1,1744479,Armeria bigerrensis,64.795395
CBN-Pla-E1-20180816,2,1396144,Sedum alpestre,63.582939
CBN-Pla-E1-20180816,3,1396253,Sibbaldia procumbens,63.539665
CBN-Pla-E1-20180906,1,1396144,Sedum alpestre,65.617195
CBN-Pla-E1-20180906,2,1394542,Phyteuma hemisphaericum,64.278358
CBN-Pla-E1-20180906,3,1413349,Armeria maritima,63.592506
CBN-Pla-E1-20190723,1,1744479,Armeria bigerrensis,66.488541
CBN-Pla-E1-20190723,2,1392535,Gentiana alpina,65.159103
CBN-Pla-E1-20190723,3,1392534,Gentiana acaulis,65.031540
CBN-Pla-E1-20190814,1,1396253,Sibbaldia procumbens,63.676888
CBN-Pla-E1-20190814,2,1744479,Armeria bigerrensis,62.483383
CBN-Pla-E1-20190814,3,1647187,Armeria welwitschii,62.367722
CBN-Pla-E1-20200630,1,1395949,Saxifraga bryoides,61.678314
CBN-Pla-E1-20200630,2,1396253,Sibbaldia procumbens,60.892632
CBN-Pla-E1-20200630,3,1396144,Sedum alpestre,58.561668
CBN-Pla-E1-20200723,1,1396843,Trifolium alpinum,66.958702
CBN-Pla-E1-20200723,2,1744479,Armeria bigerrensis,63.689331
CBN-Pla-E1-20200723,3,1396144,Sedum alpestre,63.430164
CBN-Pla-E1-20200814,1,1744479,Armeria bigerrensis,64.246582
CBN-Pla-E1-20200814,2,1647128,Armeria alpina,64.035858
CBN-Pla-E1-20200814,3,1396253,Sibbaldia procumbens,63.581795
CBN-Pla-E2-20130808,1,1396144,Sedum alpestre,64.803284
CBN-Pla-E2-20130808,2,1396253,Sibbaldia procumbens,63.873852
CBN-Pla-E2-20130808,3,1741624,Lotus alpinus,61.609337
CBN-Pla-E2-20130904,1,1396144,Sedum alpestre,64.924782
CBN-Pla-E2-20130904,2,1396272,Silene acaulis,63.683479
CBN-Pla-E2-20130904,3,1396253,Sibbaldia procumbens,62.432270
CBN-Pla-E2-20140722,1,1396144,Sedum alpestre,64.909706
CBN-Pla-E2-20140722,2,1396253,Sibbaldia procumbens,63.838821
CBN-Pla-E2-20140722,3,1396272,Silene acaulis,62.377907
CBN-Pla-E2-20140902,1,1394542,Phyteuma hemisphaericum,65.380737
CBN-Pla-E2-20140902,2,1396253,Sibbaldia procumbens,64.091614
CBN-Pla-E2-20140902,3,1396144,Sedum alpestre,63.586609
CBN-Pla-E2-20150702,1,1396253,Sibbaldia procumbens,64.626740
CBN-Pla-E2-20150702,2,1396144,Sedum alpestre,63.657692
CBN-Pla-E2-20150702,3,1396272,Silene acaulis,61.443424
CBN-Pla-E2-20150723,1,1396253,Sibbaldia procumbens,62.850464
CBN-Pla-E2-20150723,2,1412857,Omalotheca supina,61.427750
CBN-Pla-E2-20150723,3,1396144,Sedum alpestre,61.020275
CBN-Pla-E2-20150901,1,1742053,Omalotheca hoppeana,64.269783
CBN-Pla-E2-20150901,2,1396253,Sibbaldia procumbens,64.231949
CBN-Pla-E2-20150901,3,1412857,Omalotheca supina,63.772766
CBN-Pla-E2-20160707,1,1396253,Sibbaldia procumbens,63.793644
CBN-Pla-E2-20160707,2,1396144,Sedum alpestre,61.614174
CBN-Pla-E2-20160707,3,1400176,Bistorta vivipara,61.389404
CBN-Pla-E2-20160728,1,1400176,Bistorta vivipara,64.433670
CBN-Pla-E2-20160728,2,1396144,Sedum alpestre,63.949783
CBN-Pla-E2-20160728,3,1397491,Sedum atratum,63.136883
CBN-Pla-E2-20180724,1,1396253,Sibbaldia procumbens,64.072060
CBN-Pla-E2-20180724,2,1396144,Sedum alpestre,61.520168
CBN-Pla-E2-20180724,3,1396111,Arenaria erinacea,61.147961
CBN-Pla-E2-20180816,1,1396253,Sibbaldia procumbens,64.102921
CBN-Pla-E2-20180816,2,1741624,Lotus alpinus,63.682159
CBN-Pla-E2-20180816,3,1412857,Omalotheca supina,63.383942
CBN-Pla-E2-20180906,1,1742053,Omalotheca hoppeana,67.791801
CBN-Pla-E2-20180906,2,1412857,Omalotheca supina,65.199677
CBN-Pla-E2-20180906,3,1396253,Sibbaldia procumbens,63.691380
CBN-Pla-E2-20190723,1,1396253,Sibbaldia procumbens,63.256210
CBN-Pla-E2-20190723,2,1741624,Lotus alpinus,60.766975
CBN-Pla-E2-20190723,3,1413349,Armeria maritima,60.469803
CBN-Pla-E2-20190814,1,1396253,Sibbaldia procumbens,64.042969
CBN-Pla-E2-20190814,2,1396144,Sedum alpestre,62.740685
CBN-Pla-E2-20190814,3,1647128,Armeria alpina,62.345184
CBN-Pla-E2-20200630,1,1396253,Sibbaldia procumbens,62.047871
CBN-Pla-E2-20200630,2,1413349,Armeria maritima,56.540707
CBN-Pla-E2-20200630,3,1392407,Gagea serotina,56.468163
CBN-Pla-E2-20200723,1,1396253,Sibbaldia procumbens,63.614098
CBN-Pla-E2-20200723,2,1744479,Armeria bigerrensis,62.218040
CBN-Pla-E2-20200723,3,1412857,Omalotheca supina,61.580208
CBN-Pla-E2-20200814,1,1744479,Armeria bigerrensis,66.560974
CBN-Pla-E2-20200814,2,1396253,Sibbaldia procumbens,65.187805
CBN-Pla-E2-20200814,3,1647128,Armeria alpina,64.281403
CBN-Pla-E3-20130808,1,1396253,Sibbaldia procumbens,64.221817
CBN-Pla-E3-20130808,2,1396144,Sedum alpestre,62.547485
CBN-Pla-E3-20130808,3,1397491,Sedum atratum,58.127556
CBN-Pla-E3-20130904,1,1396144,Sedum alpestre,65.822746
CBN-Pla-E3-20130904,2,1396253,Sibbaldia procumbens,63.853714
CBN-Pla-E3-20130904,3,1397491,Sedum atratum,60.498169
CBN-Pla-E3-20140722,1,1396253,Sibbaldia procumbens,64.252838
CBN-Pla-E3-20140722,2,1396144,Sedum alpestre,62.642879
CBN-Pla-E3-20140722,3,1647128,Armeria alpina,59.364471
CBN-Pla-E3-20140902,1,1412857,Omalotheca supina,64.976425
CBN-Pla-E3-20140902,2,1742053,Omalotheca hoppeana,63.984982
CBN-Pla-E3-20140902,3,1396253,Sibbaldia procumbens,63.577164
CBN-Pla-E3-20150702,1,1396253,Sibbaldia procumbens,64.707581
CBN-Pla-E3-20150702,2,1396144,Sedum alpestre,60.645020
CBN-Pla-E3-20150702,3,1394638,Plantago monosperma,60.293480
CBN-Pla-E3-20150723,1,1392535,Gentiana alpina,64.946541
CBN-Pla-E3-20150723,2,1392541,Gentiana brachyphylla,63.705853
CBN-Pla-E3-20150723,3,1396253,Sibbaldia procumbens,63.473923
CBN-Pla-E3-20150811,1,1396253,Sibbaldia procumbens,65.155746
CBN-Pla-E3-20150811,2,1394311,Oreochloa disticha,61.423790
CBN-Pla-E3-20150811,3,1412857,Omalotheca supina,61.153217
CBN-Pla-E3-20150901,1,1361141,Agrostis rupestris,65.467873
CBN-Pla-E3-20150901,2,1396253,Sibbaldia procumbens,64.696800
CBN-Pla-E3-20150901,3,1412857,Omalotheca supina,64.181389
CBN-Pla-E3-20160707,1,1396253,Sibbaldia procumbens,63.780556
CBN-Pla-E3-20160707,2,1396144,Sedum alpestre,60.771629
CBN-Pla-E3-20160707,3,1361141,Agrostis rupestris,60.388153
CBN-Pla-E3-20160728,1,1396253,Sibbaldia procumbens,64.036331
CBN-Pla-E3-20160728,2,1392535,Gentiana alpina,61.221054
CBN-Pla-E3-20160728,3,1412857,Omalotheca supina,61.176281
CBN-Pla-E3-20180724,1,1396253,Sibbaldia procumbens,63.944069
CBN-Pla-E3-20180724,2,1390837,Carex humilis,57.172081
CBN-Pla-E3-20180724,3,1394641,Antennaria carpatica,57.155254
CBN-Pla-E3-20180816,1,1396253,Sibbaldia procumbens,63.811859
CBN-Pla-E3-20180816,2,1397043,Veronica alpina,62.651852
CBN-Pla-E3-20180816,3,1396843,Trifolium alpinum,60.862305
CBN-Pla-E3-20180906,1,1396253,Sibbaldia procumbens,64.302635
CBN-Pla-E3-20180906,2,1412857,Omalotheca supina,62.506973
CBN-Pla-E3-20180906,3,1742053,Omalotheca hoppeana,62.084831
CBN-Pla-E3-20190723,1,1392535,Gentiana alpina,65.560921
CBN-Pla-E3-20190723,2,1396253,Sibbaldia procumbens,65.117271
CBN-Pla-E3-20190723,3,1392534,Gentiana acaulis,64.994484
CBN-Pla-E3-20190814,1,1396253,Sibbaldia procumbens,63.680267
CBN-Pla-E3-20190814,2,1412857,Omalotheca supina,62.595558
CBN-Pla-E3-20190814,3,1742053,Omalotheca hoppeana,61.867371
CBN-Pla-E3-20200630,1,1363618,Crassula multicava,57.214653
CBN-Pla-E3-20200630,2,1647156,Armeria humilis,56.399410
CBN-Pla-E3-20200630,3,1400017,Armeria linkiana,55.404495
CBN-Pla-E3-20200723,1,1396253,Sibbaldia procumbens,64.750565
CBN-Pla-E3-20200723,2,1412857,Omalotheca supina,62.719284
CBN-Pla-E3-20200723,3,1742053,Omalotheca hoppeana,61.980061
CBN-Pla-E3-20200814,1,1396253,Sibbaldia procumbens,63.827972
CBN-Pla-E3-20200814,2,1742053,Omalotheca hoppeana,62.916904
CBN-Pla-E3-20200814,3,1400176,Bistorta vivipara,62.536118
CBN-Pla-E4-20130808,1,1396253,Sibbaldia procumbens,64.157288
CBN-Pla-E4-20130808,2,1412857,Omalotheca supina,60.425606
CBN-Pla-E4-20130808,3,1646126,Globularia montiberica,59.918610
CBN-Pla-E4-20130904,1,1396843,Trifolium alpinum,63.959949
CBN-Pla-E4-20130904,2,1396253,Sibbaldia procumbens,62.149006
CBN-Pla-E4-20130904,3,1390883,Carex parviflora,60.685776
CBN-Pla-E4-20140722,1,1396253,Sibbaldia procumbens,63.553238
CBN-Pla-E4-20140722,2,1396843,Trifolium alpinum,61.609154
CBN-Pla-E4-20140722,3,1392535,Gentiana alpina,56.744080
CBN-Pla-E4-20140902,1,1396843,Trifolium alpinum,62.975250
CBN-Pla-E4-20140902,2,1395718,Sagina saginoides,62.856449
CBN-Pla-E4-20140902,3,1361367,Poa alpina,61.647285
CBN-Pla-E4-20150702,1,1396253,Sibbaldia procumbens,61.113579
CBN-Pla-E4-20150702,2,1392541,Gentiana brachyphylla,59.096031
CBN-Pla-E4-20150702,3,1412857,Omalotheca supina,57.701130
CBN-Pla-E4-20150811,1,1396843,Trifolium alpinum,63.184258
CBN-Pla-E4-20150811,2,1396253,Sibbaldia procumbens,62.213181
CBN-Pla-E4-20150811,3,1651363,Festuca quadriflora,59.846565
CBN-Pla-E4-20150901,1,1396253,Sibbaldia procumbens,65.280197
CBN-Pla-E4-20150901,2,1412857,Omalotheca supina,64.655388
CBN-Pla-E4-20150901,3,1742053,Omalotheca hoppeana,64.532684
CBN-Pla-E4-20160707,1,1396253,Sibbaldia procumbens,60.669220
CBN-Pla-E4-20160707,2,1396843,Trifolium alpinum,58.844852
CBN-Pla-E4-20160707,3,1400176,Bistorta vivipara,57.694469
CBN-Pla-E4-20160728,1,1396843,Trifolium alpinum,62.204041
CBN-Pla-E4-20160728,2,1396253,Sibbaldia procumbens,61.964233
CBN-Pla-E4-20160728,3,1742052,Leontopodium nivale,60.713909
CBN-Pla-E4-20180724,1,1392541,Gentiana brachyphylla,64.607986
CBN-Pla-E4-20180724,2,1396253,Sibbaldia procumbens,62.329895
CBN-Pla-E4-20180724,3,1392565,Gentiana terglouensis,61.627106
CBN-Pla-E4-20180816,1,1396253,Sibbaldia procumbens,62.879494
CBN-Pla-E4-20180816,2,1397043,Veronica alpina,62.478058
CBN-Pla-E4-20180816,3,1392534,Gentiana acaulis,62.224846
CBN-Pla-E4-20180906,1,1396253,Sibbaldia procumbens,63.768467
CBN-Pla-E4-20180906,2,1396843,Trifolium alpinum,63.583267
CBN-Pla-E4-20180906,3,1396869,Trifolium thalii,62.132137
CBN-Pla-E4-20190723,1,1396253,Sibbaldia procumbens,64.460381
CBN-Pla-E4-20190723,2,1412857,Omalotheca supina,62.719456
CBN-Pla-E4-20190723,3,1742053,Omalotheca hoppeana,60.469261
CBN-Pla-E4-20190814,1,1396843,Trifolium alpinum,63.117722
CBN-Pla-E4-20190814,2,1396253,Sibbaldia procumbens,60.392891
CBN-Pla-E4-20190814,3,1396858,Trifolium pallescens,59.636574
CBN-Pla-E4-20200630,1,1396253,Sibbaldia procumbens,56.593475
CBN-Pla-E4-20200630,2,1356228,Cymodocea nodosa,54.829361
CBN-Pla-E4-20200630,3,1361530,Crocus nevadensis,54.722183
CBN-Pla-E4-20200723,1,1396253,Sibbaldia procumbens,62.973076
CBN-Pla-E4-20200723,2,1361141,Agrostis rupestris,62.246056
CBN-Pla-E4-20200723,3,1397046,Veronica bellidioides,61.958534
CBN-Pla-E4-20200814,1,1396843,Trifolium alpinum,63.699116
CBN-Pla-E4-20200814,2,1396869,Trifolium thalii,63.579910
CBN-Pla-E4-20200814,3,1396253,Sibbaldia procumbens,63.061886
CBN-Pla-E5-20130808,1,1395807,Salix herbacea,60.156010
CBN-Pla-E5-20130808,2,1361347,Nardus stricta,59.354179
CBN-Pla-E5-20130808,3,1396843,Trifolium alpinum,59.140354
CBN-Pla-E5-20130904,1,1395807,Salix herbacea,60.321133
CBN-Pla-E5-20130904,2,1397386,Festuca scabriculmis,60.295795
CBN-Pla-E5-20130904,3,1396843,Trifolium alpinum,60.284164
CBN-Pla-E5-20140722,1,1399800,Pinguicula nevadensis,58.756416
CBN-Pla-E5-20140722,2,1394595,Pinguicula alpina,57.285316
CBN-Pla-E5-20140722,3,1363618,Crassula multicava,57.225739
CBN-Pla-E5-20140902,1,1363133,Triglochin striata,58.244247
CBN-Pla-E5-20140902,2,1395870,Salix retusa,58.189247
CBN-Pla-E5-20140902,3,1392293,Festuca eskia,58.163681
CBN-Pla-E5-20150702,1,1392534,Gentiana acaulis,63.680679
CBN-Pla-E5-20150702,2,1396843,Trifolium alpinum,61.008392
CBN-Pla-E5-20150702,3,1392541,Gentiana brachyphylla,60.964478
CBN-Pla-E5-20150723,1,1392541,Gentiana brachyphylla,59.402119
CBN-Pla-E5-20150723,2,1396869,Trifolium thalii,59.125751
CBN-Pla-E5-20150723,3,1397386,Festuca scabriculmis,58.466969
CBN-Pla-E5-20150811,1,1394911,Primula integrifolia,64.371017
CBN-Pla-E5-20150811,2,1397468,Primula pedemontana,62.124939
CBN-Pla-E5-20150811,3,1363618,Crassula multicava,61.466263
CBN-Pla-E5-20150901,1,1396843,Trifolium alpinum,63.703827
CBN-Pla-E5-20150901,2,1412857,Omalotheca supina,61.532219
CBN-Pla-E5-20150901,3,1742053,Omalotheca hoppeana,61.221737
CBN-Pla-E5-20160707,1,1394311,Oreochloa disticha,58.907215
CBN-Pla-E5-20160707,2,1396253,Sibbaldia procumbens,58.551834
CBN-Pla-E5-20160707,3,1397386,Festuca scabriculmis,58.247135
CBN-Pla-E5-20160728,1,1392535,Gentiana alpina,63.163353
CBN-Pla-E5-20160728,2,1412857,Omalotheca supina,61.934425
CBN-Pla-E5-20160728,3,1392541,Gentiana brachyphylla,61.718071
CBN-Pla-E5-20180724,1,1363618,Crassula multicava,58.078835
CBN-Pla-E5-20180724,2,1391427,Crassula pubescens,57.578804
CBN-Pla-E5-20180724,3,1609716,Epilobium komarovianum,56.344383
CBN-Pla-E5-20180816,1,1392535,Gentiana alpina,61.739456
CBN-Pla-E5-20180816,2,1392534,Gentiana acaulis,61.714745
CBN-Pla-E5-20180816,3,1395807,Salix herbacea,60.193829
CBN-Pla-E5-20180906,1,1392541,Gentiana brachyphylla,61.298088
CBN-Pla-E5-20180906,2,1396843,Trifolium alpinum,61.022774
CBN-Pla-E5-20180906,3,1392565,Gentiana terglouensis,60.924091
CBN-Pla-E5-20190723,1,1400176,Bistorta vivipara,64.540955
CBN-Pla-E5-20190723,2,1395807,Salix herbacea,60.530392
CBN-Pla-E5-20190723,3,1392541,Gentiana brachyphylla,59.560833
CBN-Pla-E5-20190814,1,1392541,Gentiana brachyphylla,60.050449
CBN-Pla-E5-20190814,2,1403533,Bacopa monnieri,58.856400
CBN-Pla-E5-20190814,3,1395807,Salix herbacea,58.811089
CBN-Pla-E5-20200630,1,1392541,Gentiana brachyphylla,58.978218
CBN-Pla-E5-20200630,2,1392565,Gentiana terglouensis,55.842808
CBN-Pla-E5-20200630,3,1394911,Primula integrifolia,54.371433
CBN-Pla-E5-20200723,1,1392534,Gentiana acaulis,63.127953
CBN-Pla-E5-20200723,2,1395807,Salix herbacea,62.115841
CBN-Pla-E5-20200723,3,1392535,Gentiana alpina,60.508530
CBN-Pla-E5-20200814,1,1362482,Phleum alpinum,65.155281
CBN-Pla-E5-20200814,2,1396843,Trifolium alpinum,61.193489
CBN-Pla-E5-20200814,3,1396869,Trifolium thalii,60.517555
CBN-Pla-E6-20130808,1,1396253,Sibbaldia procumbens,62.269539
CBN-Pla-E6-20130808,2,1395807,Salix herbacea,61.267418
CBN-Pla-E6-20130808,3,1741880,Salix serpillifolia,59.233978
CBN-Pla-E6-20130904,1,1396253,Sibbaldia procumbens,63.609573
CBN-Pla-E6-20130904,2,1397386,Festuca scabriculmis,60.392143
CBN-Pla-E6-20130904,3,1361141,Agrostis rupestris,59.999962
CBN-Pla-E6-20140722,1,1412857,Omalotheca supina,60.870621
CBN-Pla-E6-20140722,2,1742053,Omalotheca hoppeana,57.774052
CBN-Pla-E6-20140722,3,1397376,Ephedra distachya,56.688789
CBN-Pla-E6-20140902,1,1396253,Sibbaldia procumbens,61.908867
CBN-Pla-E6-20140902,2,1397386,Festuca scabriculmis,61.145653
CBN-Pla-E6-20140902,3,1395807,Salix herbacea,61.092754
CBN-Pla-E6-20150702,1,1396253,Sibbaldia procumbens,63.167053
CBN-Pla-E6-20150702,2,1396144,Sedum alpestre,58.688000
CBN-Pla-E6-20150702,3,1388766,Botrychium simplex,57.854610
CBN-Pla-E6-20150723,1,1742053,Omalotheca hoppeana,61.311810
CBN-Pla-E6-20150723,2,1742052,Leontopodium nivale,61.308945
CBN-Pla-E6-20150723,3,1394311,Oreochloa disticha,60.870533
CBN-Pla-E6-20150811,1,1412857,Omalotheca supina,63.340927
CBN-Pla-E6-20150811,2,1361347,Nardus stricta,62.044971
CBN-Pla-E6-20150811,3,1395807,Salix herbacea,60.699455
CBN-Pla-E6-20150901,1,1412857,Omalotheca supina,63.659718
CBN-Pla-E6-20150901,2,1395807,Salix herbacea,61.451969
CBN-Pla-E6-20150901,3,1742053,Omalotheca hoppeana,60.625805
CBN-Pla-E6-20160707,1,1742053,Omalotheca hoppeana,61.434296
CBN-Pla-E6-20160707,2,1412857,Omalotheca supina,61.311726
CBN-Pla-E6-20160707,3,1396253,Sibbaldia procumbens,61.166977
CBN-Pla-E6-20160728,1,1396144,Sedum alpestre,63.444721
CBN-Pla-E6-20160728,2,1396253,Sibbaldia procumbens,63.122559
CBN-Pla-E6-20160728,3,1742053,Omalotheca hoppeana,62.256134
CBN-Pla-E6-20180724,1,1396253,Sibbaldia procumbens,55.486496
CBN-Pla-E6-20180724,2,1417760,Anaphalis margaritacea,54.945000
CBN-Pla-E6-20180724,3,1357575,Filago carpetana,54.761745
CBN-Pla-E6-20180816,1,1412857,Omalotheca supina,64.142273
CBN-Pla-E6-20180816,2,1396253,Sibbaldia procumbens,63.234894
CBN-Pla-E6-20180816,3,1397043,Veronica alpina,62.697441
CBN-Pla-E6-20180906,1,1742053,Omalotheca hoppeana,67.798019
CBN-Pla-E6-20180906,2,1412857,Omalotheca supina,65.196419
CBN-Pla-E6-20180906,3,1396253,Sibbaldia procumbens,62.377457
CBN-Pla-E6-20190723,1,1396253,Sibbaldia procumbens,64.646416
CBN-Pla-E6-20190723,2,1395807,Salix herbacea,62.533367
CBN-Pla-E6-20190723,3,1396843,Trifolium alpinum,59.488083
CBN-Pla-E6-20190814,1,1741624,Lotus alpinus,63.174049
CBN-Pla-E6-20190814,2,1742053,Omalotheca hoppeana,61.686913
CBN-Pla-E6-20190814,3,1395870,Salix retusa,60.316788
CBN-Pla-E6-20200723,1,1396253,Sibbaldia procumbens,65.453339
CBN-Pla-E6-20200723,2,1393584,Linaria alpina,62.386719
CBN-Pla-E6-20200723,3,1395807,Salix herbacea,61.809395
CBN-Pla-E6-20200814,1,1396253,Sibbaldia procumbens,63.856407
CBN-Pla-E6-20200814,2,1741624,Lotus alpinus,63.768108
CBN-Pla-E6-20200814,3,1394643,Antennaria dioica,62.748131
CBN-Pla-F1-20130808,1,1741624,Lotus alpinus,60.202805
CBN-Pla-F1-20130808,2,1647128,Armeria alpina,59.938629
CBN-Pla-F1-20130808,3,1744479,Armeria bigerrensis,59.382015
CBN-Pla-F1-20130904,1,1391359,Coronilla vaginalis,62.134476
CBN-Pla-F1-20130904,2,1741624,Lotus alpinus,60.919868
CBN-Pla-F1-20130904,3,1396362,Armeria leucocephala,59.452133
CBN-Pla-F1-20140722,1,1394597,Pinguicula corsica,61.108654
CBN-Pla-F1-20140722,2,1394599,Pinguicula leptoceras,59.812523
CBN-Pla-F1-20140722,3,1744235,Pinguicula mundi,59.628960
CBN-Pla-F1-20140902,1,1647156,Armeria humilis,61.776527
CBN-Pla-F1-20140902,2,1741587,Psilathera ovata,61.335949
CBN-Pla-F1-20140902,3,1361141,Agrostis rupestris,60.246078
CBN-Pla-F1-20150702,1,1361367,Poa alpina,59.868645
CBN-Pla-F1-20150702,2,1580587,Lotus glacialis,59.462494
CBN-Pla-F1-20150702,3,1741624,Lotus alpinus,59.321461
CBN-Pla-F1-20150723,1,1744479,Armeria bigerrensis,64.529945
CBN-Pla-F1-20150723,2,1399082,Armeria sardoa,63.064320
CBN-Pla-F1-20150723,3,1647128,Armeria alpina,62.289772
CBN-Pla-F1-20150901,1,1394311,Oreochloa disticha,62.312618
CBN-Pla-F1-20150901,2,1728573,Atocion rupestre,61.584106
CBN-Pla-F1-20150901,3,1741624,Lotus alpinus,61.217953
CBN-Pla-F1-20160707,1,1394272,Androsace alpina,60.687355
CBN-Pla-F1-20160707,2,1396094,Arenaria biflora,59.579079
CBN-Pla-F1-20160707,3,1741624,Lotus alpinus,59.233692
CBN-Pla-F1-20160728,1,1647156,Armeria humilis,63.729549
CBN-Pla-F1-20160728,2,1744479,Armeria bigerrensis,62.571815
CBN-Pla-F1-20160728,3,1741624,Lotus alpinus,62.491875
CBN-Pla-F1-20180724,1,1647128,Armeria alpina,58.611084
CBN-Pla-F1-20180724,2,1359973,Plantago subulata,57.931492
CBN-Pla-F1-20180724,3,1390793,Carex curvula,57.426414
CBN-Pla-F1-20180816,1,1741624,Lotus alpinus,62.087250
CBN-Pla-F1-20180816,2,1580587,Lotus glacialis,58.540043
CBN-Pla-F1-20180816,3,1580588,Lotus glareosus,58.019489
CBN-Pla-F1-20180906,1,1728573,Atocion rupestre,63.654022
CBN-Pla-F1-20180906,2,1647128,Armeria alpina,60.566540
CBN-Pla-F1-20180906,3,1394479,Petrorhagia saxifraga,60.469376
CBN-Pla-F1-20190723,1,1400176,Bistorta vivipara,61.135674
CBN-Pla-F1-20190723,2,1392534,Gentiana acaulis,60.385216
CBN-Pla-F1-20190723,3,1580587,Lotus glacialis,59.575932
CBN-Pla-F1-20190814,1,1394311,Oreochloa disticha,64.557037
CBN-Pla-F1-20190814,2,1400176,Bistorta vivipara,64.122192
CBN-Pla-F1-20190814,3,1743474,Oreochloa elegans,62.266117
CBN-Pla-F1-20200630,1,1529410,Sempervivum vicentei,56.179703
CBN-Pla-F1-20200630,2,1394414,Parapholis incurva,54.215656
CBN-Pla-F1-20200630,3,1396180,Sempervivum montanum,53.932816
CBN-Pla-F1-20200723,1,1741624,Lotus alpinus,62.433426
CBN-Pla-F1-20200723,2,1397043,Veronica alpina,61.691662
CBN-Pla-F1-20200723,3,1397046,Veronica bellidioides,60.572514
CBN-Pla-F1-20200814,1,1400176,Bistorta vivipara,62.817940
CBN-Pla-F1-20200814,2,1728573,Atocion rupestre,61.360237
CBN-Pla-F1-20200814,3,1580587,Lotus glacialis,61.105267
CBN-Pla-F2-20130808,1,1396253,Sibbaldia procumbens,59.693565
CBN-Pla-F2-20130808,2,1394641,Antennaria carpatica,59.538704
CBN-Pla-F2-20130808,3,1741624,Lotus alpinus,59.375443
CBN-Pla-F2-20130904,1,1744479,Armeria bigerrensis,66.129662
CBN-Pla-F2-20130904,2,1647156,Armeria humilis,65.008743
CBN-Pla-F2-20130904,3,1742053,Omalotheca hoppeana,63.663212
CBN-Pla-F2-20140722,1,1396144,Sedum alpestre,59.154762
CBN-Pla-F2-20140722,2,1400111,Bellium nivale,58.396492
CBN-Pla-F2-20140722,3,1418612,Carex firma,57.601189
CBN-Pla-F2-20140902,1,1412857,Omalotheca supina,60.677261
CBN-Pla-F2-20140902,2,1394542,Phyteuma hemisphaericum,60.186893
CBN-Pla-F2-20140902,3,1393619,Logfia minima,60.089512
CBN-Pla-F2-20150702,1,1396144,Sedum alpestre,62.173576
CBN-Pla-F2-20150702,2,1396253,Sibbaldia procumbens,60.689770
CBN-Pla-F2-20150702,3,1394641,Antennaria carpatica,58.155540
CBN-Pla-F2-20150723,1,1741624,Lotus alpinus,62.498878
CBN-Pla-F2-20150723,2,1742053,Omalotheca hoppeana,60.548180
CBN-Pla-F2-20150723,3,1412857,Omalotheca supina,60.252243
CBN-Pla-F2-20150901,1,1412857,Omalotheca supina,63.385090
CBN-Pla-F2-20150901,2,1396253,Sibbaldia procumbens,60.714672
CBN-Pla-F2-20150901,3,1742053,Omalotheca hoppeana,60.266113
CBN-Pla-F2-20160707,1,1396253,Sibbaldia procumbens,58.514984
CBN-Pla-F2-20160707,2,1361141,Agrostis rupestris,58.424721
CBN-Pla-F2-20160707,3,1412857,Omalotheca supina,58.408146
CBN-Pla-F2-20160728,1,1396253,Sibbaldia procumbens,62.222099
CBN-Pla-F2-20160728,2,1741624,Lotus alpinus,61.568283
CBN-Pla-F2-20160728,3,1394542,Phyteuma hemisphaericum,61.559776
CBN-Pla-F2-20180724,1,1396144,Sedum alpestre,58.505089
CBN-Pla-F2-20180724,2,1395948,Saxifraga biflora,57.421440
CBN-Pla-F2-20180724,3,1361347,Nardus stricta,56.490532
CBN-Pla-F2-20180816,1,1412857,Omalotheca supina,63.294395
CBN-Pla-F2-20180816,2,1395718,Sagina saginoides,61.335346
CBN-Pla-F2-20180816,3,1392260,Festuca alpina,60.902584
CBN-Pla-F2-20180906,1,1395718,Sagina saginoides,63.101467
CBN-Pla-F2-20180906,2,1742053,Omalotheca hoppeana,62.091221
CBN-Pla-F2-20180906,3,1412857,Omalotheca supina,61.419460
CBN-Pla-F2-20190723,1,1741624,Lotus alpinus,60.799446
CBN-Pla-F2-20190723,2,1390883,Carex parviflora,58.783779
CBN-Pla-F2-20190723,3,1363543,Stenotaphrum secundatum,58.508118
CBN-Pla-F2-20190814,1,1395718,Sagina saginoides,61.123150
CBN-Pla-F2-20190814,2,1396253,Sibbaldia procumbens,60.728516
CBN-Pla-F2-20190814,3,1741624,Lotus alpinus,60.623394
CBN-Pla-F2-20200630,1,1356042,Radiola linoides,56.873180
CBN-Pla-F2-20200630,2,1727501,Soliva mexicana,56.738083
CBN-Pla-F2-20200630,3,1388915,Lysimachia minima,55.898682
CBN-Pla-F2-20200723,1,1396253,Sibbaldia procumbens,64.351662
CBN-Pla-F2-20200723,2,1741624,Lotus alpinus,61.983833
CBN-Pla-F2-20200723,3,1412857,Omalotheca supina,61.734322
CBN-Pla-F2-20200814,1,1392260,Festuca alpina,62.196079
CBN-Pla-F2-20200814,2,1651363,Festuca quadriflora,61.141167
CBN-Pla-F2-20200814,3,1741624,Lotus alpinus,60.749683
CBN-Pla-F3-20130808,1,1396253,Sibbaldia procumbens,63.505241
CBN-Pla-F3-20130808,2,1394655,Poa badensis,60.047459
CBN-Pla-F3-20130808,3,1361367,Poa alpina,59.753334
CBN-Pla-F3-20130904,1,1394438,Pedicularis kerneri,61.752300
CBN-Pla-F3-20130904,2,1394441,Pedicularis mixta,60.938255
CBN-Pla-F3-20130904,3,1394444,Pedicularis pyrenaica,60.087299
CBN-Pla-F3-20140722,1,1647156,Armeria humilis,61.998550
CBN-Pla-F3-20140722,2,1396144,Sedum alpestre,61.255466
CBN-Pla-F3-20140722,3,1396253,Sibbaldia procumbens,59.274143
CBN-Pla-F3-20140902,1,1396144,Sedum alpestre,64.353584
CBN-Pla-F3-20140902,2,1394444,Pedicularis pyrenaica,63.449337
CBN-Pla-F3-20140902,3,1394438,Pedicularis kerneri,62.732204
CBN-Pla-F3-20150702,1,1396253,Sibbaldia procumbens,63.634377
CBN-Pla-F3-20150702,2,1392541,Gentiana brachyphylla,58.802322
CBN-Pla-F3-20150702,3,1400017,Armeria linkiana,58.629395
CBN-Pla-F3-20150723,1,1396253,Sibbaldia procumbens,62.040123
CBN-Pla-F3-20150723,2,1741624,Lotus alpinus,60.981636
CBN-Pla-F3-20150723,3,1390883,Carex parviflora,58.093529
CBN-Pla-F3-20150811,1,1647156,Armeria humilis,65.032173
CBN-Pla-F3-20150811,2,1744479,Armeria bigerrensis,64.455841
CBN-Pla-F3-20150811,3,1412857,Omalotheca supina,62.879639
CBN-Pla-F3-20150901,1,1744479,Armeria bigerrensis,68.087540
CBN-Pla-F3-20150901,2,1647128,Armeria alpina,64.593918
CBN-Pla-F3-20150901,3,1647156,Armeria humilis,63.584351
CBN-Pla-F3-20160707,1,1394438,Pedicularis kerneri,61.920742
CBN-Pla-F3-20160707,2,1396253,Sibbaldia procumbens,61.309265
CBN-Pla-F3-20160707,3,1647128,Armeria alpina,61.147873
CBN-Pla-F3-20160728,1,1394438,Pedicularis kerneri,61.457817
CBN-Pla-F3-20160728,2,1396253,Sibbaldia procumbens,59.436172
CBN-Pla-F3-20160728,3,1394449,Pedicularis tuberosa,58.184570
CBN-Pla-F3-20180724,1,1391427,Crassula pubescens,59.685089
CBN-Pla-F3-20180724,2,1400176,Bistorta vivipara,59.659416
CBN-Pla-F3-20180724,3,1396144,Sedum alpestre,58.465965
CBN-Pla-F3-20180816,1,1396253,Sibbaldia procumbens,63.464645
CBN-Pla-F3-20180816,2,1741624,Lotus alpinus,62.340874
CBN-Pla-F3-20180816,3,1362273,Cardamine resedifolia,61.320831
CBN-Pla-F3-20180906,1,1412857,Omalotheca supina,63.749691
CBN-Pla-F3-20180906,2,1394438,Pedicularis kerneri,63.225471
CBN-Pla-F3-20180906,3,1396253,Sibbaldia procumbens,63.181896
CBN-Pla-F3-20190723,1,1396253,Sibbaldia procumbens,64.082779
CBN-Pla-F3-20190723,2,1412857,Omalotheca supina,61.654110
CBN-Pla-F3-20190723,3,1362273,Cardamine resedifolia,61.356762
CBN-Pla-F3-20190814,1,1394444,Pedicularis pyrenaica,65.559639
CBN-Pla-F3-20190814,2,1394438,Pedicularis kerneri,63.765778
CBN-Pla-F3-20190814,3,1394441,Pedicularis mixta,62.866207
CBN-Pla-F3-20200630,1,1394270,Androsace adfinis,58.274109
CBN-Pla-F3-20200630,2,1743903,Androsace delphinensis,56.573261
CBN-Pla-F3-20200630,3,1360143,Androsace villosa,56.268909
CBN-Pla-F3-20200723,1,1396253,Sibbaldia procumbens,63.105938
CBN-Pla-F3-20200723,2,1412857,Omalotheca supina,62.552700
CBN-Pla-F3-20200723,3,1396144,Sedum alpestre,62.267532
CBN-Pla-F3-20200814,1,1394438,Pedicularis kerneri,63.792717
CBN-Pla-F3-20200814,2,1395718,Sagina saginoides,62.710037
CBN-Pla-F3-20200814,3,1392260,Festuca alpina,62.466003
CBN-Pla-F4-20130808,1,1744618,Rivasmartinezia vazquezii,59.621651
CBN-Pla-F4-20130808,2,1396144,Sedum alpestre,59.417809
CBN-Pla-F4-20130808,3,1395807,Salix herbacea,58.669579
CBN-Pla-F4-20130904,1,1396253,Sibbaldia procumbens,62.351120
CBN-Pla-F4-20130904,2,1396362,Armeria leucocephala,59.013458
CBN-Pla-F4-20130904,3,1744479,Armeria bigerrensis,58.926899
CBN-Pla-F4-20140722,1,1392407,Gagea serotina,56.779736
CBN-Pla-F4-20140722,2,1396144,Sedum alpestre,56.717113
CBN-Pla-F4-20140722,3,1359965,Plantago maritima,56.381767
CBN-Pla-F4-20150723,1,1396362,Armeria leucocephala,62.292217
CBN-Pla-F4-20150723,2,1744479,Armeria bigerrensis,61.422050
CBN-Pla-F4-20150723,3,1647128,Armeria alpina,59.810963
CBN-Pla-F4-20150811,1,1744479,Armeria bigerrensis,63.725662
CBN-Pla-F4-20150811,2,1647128,Armeria alpina,63.063423
CBN-Pla-F4-20150811,3,1413349,Armeria maritima,62.039680
CBN-Pla-F4-20150901,1,1396144,Sedum alpestre,62.199905
CBN-Pla-F4-20150901,2,1744479,Armeria bigerrensis,62.094479
CBN-Pla-F4-20150901,3,1647128,Armeria alpina,61.875031
CBN-Pla-F4-20160707,1,1742053,Omalotheca hoppeana,61.446278
CBN-Pla-F4-20160707,2,1412857,Omalotheca supina,61.205471
CBN-Pla-F4-20160707,3,1742052,Leontopodium nivale,59.730213
CBN-Pla-F4-20160728,1,1412857,Omalotheca supina,64.404968
CBN-Pla-F4-20160728,2,1396253,Sibbaldia procumbens,62.347816
CBN-Pla-F4-20160728,3,1396144,Sedum alpestre,60.371262
CBN-Pla-F4-20180724,1,1390837,Carex humilis,56.692108
CBN-Pla-F4-20180724,2,1390870,Carex montana,56.505356
CBN-Pla-F4-20180724,3,1361367,Poa alpina,55.420853
CBN-Pla-F4-20180816,1,1412857,Omalotheca supina,64.689728
CBN-Pla-F4-20180816,2,1395807,Salix herbacea,61.213779
CBN-Pla-F4-20180816,3,1396253,Sibbaldia procumbens,60.369537
CBN-Pla-F4-20180906,1,1412857,Omalotheca supina,66.285156
CBN-Pla-F4-20180906,2,1742053,Omalotheca hoppeana,62.709976
CBN-Pla-F4-20180906,3,1396253,Sibbaldia procumbens,61.590012
CBN-Pla-F4-20190723,1,1396253,Sibbaldia procumbens,63.152939
CBN-Pla-F4-20190723,2,1412857,Omalotheca supina,60.348625
CBN-Pla-F4-20190723,3,1395085,Ranunculus glacialis,59.022190
CBN-Pla-F4-20190814,1,1412857,Omalotheca supina,63.453308
CBN-Pla-F4-20190814,2,1396253,Sibbaldia procumbens,62.141720
CBN-Pla-F4-20190814,3,1395807,Salix herbacea,61.455799
CBN-Pla-F4-20200630,1,1647156,Armeria humilis,55.266392
CBN-Pla-F4-20200630,2,1399082,Armeria sardoa,54.799187
CBN-Pla-F4-20200630,3,1400017,Armeria linkiana,53.735737
CBN-Pla-F4-20200723,1,1412857,Omalotheca supina,64.403625
CBN-Pla-F4-20200723,2,1742053,Omalotheca hoppeana,63.098236
CBN-Pla-F4-20200723,3,1741624,Lotus alpinus,62.633450
CBN-Pla-F4-20200814,1,1412857,Omalotheca supina,68.057655
CBN-Pla-F4-20200814,2,1744479,Armeria bigerrensis,66.609001
CBN-Pla-F4-20200814,3,1742053,Omalotheca hoppeana,66.450966
CBN-Pla-F5-20130808,1,1396144,Sedum alpestre,64.241661
CBN-Pla-F5-20130808,2,1396253,Sibbaldia procumbens,63.837921
CBN-Pla-F5-20130808,3,1397491,Sedum atratum,59.453667
CBN-Pla-F5-20130904,1,1396253,Sibbaldia procumbens,61.513191
CBN-Pla-F5-20130904,2,1396843,Trifolium alpinum,61.486267
CBN-Pla-F5-20130904,3,1392293,Festuca eskia,59.607918
CBN-Pla-F5-20140722,1,1396253,Sibbaldia procumbens,59.101704
CBN-Pla-F5-20140722,2,1392241,Alchemilla pentaphyllea,59.072151
CBN-Pla-F5-20140722,3,1395949,Saxifraga bryoides,57.638428
CBN-Pla-F5-20140902,1,1396253,Sibbaldia procumbens,63.111729
CBN-Pla-F5-20140902,2,1400176,Bistorta vivipara,62.938110
CBN-Pla-F5-20140902,3,1396843,Trifolium alpinum,59.746033
CBN-Pla-F5-20150702,1,1396253,Sibbaldia procumbens,61.986618
CBN-Pla-F5-20150702,2,1396843,Trifolium alpinum,57.549072
CBN-Pla-F5-20150702,3,1394311,Oreochloa disticha,56.833664
CBN-Pla-F5-20150723,1,1396253,Sibbaldia procumbens,62.088615
CBN-Pla-F5-20150723,2,1396843,Trifolium alpinum,61.614845
CBN-Pla-F5-20150723,3,1361141,Agrostis rupestris,59.807617
CBN-Pla-F5-20150811,1,1396253,Sibbaldia procumbens,63.279701
CBN-Pla-F5-20150811,2,1396843,Trifolium alpinum,62.261284
CBN-Pla-F5-20150811,3,1743471,Festuca glacialis,60.281586
CBN-Pla-F5-20150901,1,1396253,Sibbaldia procumbens,63.421188
CBN-Pla-F5-20150901,2,1396843,Trifolium alpinum,63.355755
CBN-Pla-F5-20150901,3,1393567,Limonium normannicum,60.430618
CBN-Pla-F5-20160707,1,1396253,Sibbaldia procumbens,63.318123
CBN-Pla-F5-20160707,2,1392293,Festuca eskia,57.454620
CBN-Pla-F5-20160707,3,1743474,Oreochloa elegans,57.253632
CBN-Pla-F5-20160728,1,1396253,Sibbaldia procumbens,63.571388
CBN-Pla-F5-20160728,2,1697384,Viola nummulariifolia,59.990242
CBN-Pla-F5-20160728,3,1394311,Oreochloa disticha,59.560749
CBN-Pla-F5-20180724,1,1358099,Sedum brevifolium,54.980549
CBN-Pla-F5-20180724,2,1394596,Pinguicula arvetii,52.693760
CBN-Pla-F5-20180724,3,1388915,Lysimachia minima,52.608330
CBN-Pla-F5-20180816,1,1397043,Veronica alpina,63.038013
CBN-Pla-F5-20180816,2,1396253,Sibbaldia procumbens,62.460171
CBN-Pla-F5-20180816,3,1397049,Veronica fruticans,61.768326
CBN-Pla-F5-20180906,1,1397043,Veronica alpina,62.502701
CBN-Pla-F5-20180906,2,1396253,Sibbaldia procumbens,61.923470
CBN-Pla-F5-20180906,3,1395807,Salix herbacea,60.188744
CBN-Pla-F5-20190723,1,1396253,Sibbaldia procumbens,63.968185
CBN-Pla-F5-20190723,2,1395807,Salix herbacea,62.832336
CBN-Pla-F5-20190723,3,1400176,Bistorta vivipara,57.455662
CBN-Pla-F5-20190814,1,1396253,Sibbaldia procumbens,62.825462
CBN-Pla-F5-20190814,2,1397043,Veronica alpina,61.580742
CBN-Pla-F5-20190814,3,1400176,Bistorta vivipara,60.934177
CBN-Pla-F5-20200723,1,1396253,Sibbaldia procumbens,63.454407
CBN-Pla-F5-20200723,2,1400176,Bistorta vivipara,61.315105
CBN-Pla-F5-20200723,3,1397043,Veronica alpina,59.850117
CBN-Pla-F5-20200814,1,1396253,Sibbaldia procumbens,63.330101
CBN-Pla-F5-20200814,2,1400176,Bistorta vivipara,62.957436
CBN-Pla-F5-20200814,3,1394542,Phyteuma hemisphaericum,60.627747
CBN-Pla-F6-20130808,1,1396253,Sibbaldia procumbens,62.423985
CBN-Pla-F6-20130808,2,1396843,Trifolium alpinum,60.364037
CBN-Pla-F6-20130808,3,1395807,Salix herbacea,59.628548
CBN-Pla-F6-20130904,1,1396843,Trifolium alpinum,63.846771
CBN-Pla-F6-20130904,2,1396253,Sibbaldia procumbens,62.801689
CBN-Pla-F6-20130904,3,1392241,Alchemilla pentaphyllea,59.104515
CBN-Pla-F6-20140722,1,1396253,Sibbaldia procumbens,60.390301
CBN-Pla-F6-20140722,2,1397376,Ephedra distachya,58.521645
CBN-Pla-F6-20140722,3,1359952,Plantago crassifolia,56.027523
CBN-Pla-F6-20140902,1,1362482,Phleum alpinum,63.602928
CBN-Pla-F6-20140902,2,1396253,Sibbaldia procumbens,63.252472
CBN-Pla-F6-20140902,3,1395807,Salix herbacea,60.238865
CBN-Pla-F6-20150702,1,1396253,Sibbaldia procumbens,62.855751
CBN-Pla-F6-20150702,2,1396843,Trifolium alpinum,58.208073
CBN-Pla-F6-20150702,3,1651363,Festuca quadriflora,57.080868
CBN-Pla-F6-20150723,1,1396843,Trifolium alpinum,63.285759
CBN-Pla-F6-20150723,2,1396253,Sibbaldia procumbens,63.110191
CBN-Pla-F6-20150723,3,1397043,Veronica alpina,59.253349
CBN-Pla-F6-20150811,1,1396843,Trifolium alpinum,64.907303
CBN-Pla-F6-20150811,2,1396253,Sibbaldia procumbens,63.563263
CBN-Pla-F6-20150811,3,1397106,Vicia pyrenaica,62.802856
CBN-Pla-F6-20150901,1,1396253,Sibbaldia procumbens,63.266426
CBN-Pla-F6-20150901,2,1396843,Trifolium alpinum,60.843552
CBN-Pla-F6-20150901,3,1394311,Oreochloa disticha,60.365227
CBN-Pla-F6-20160707,1,1396253,Sibbaldia procumbens,61.494160
CBN-Pla-F6-20160707,2,1396843,Trifolium alpinum,58.150764
CBN-Pla-F6-20160707,3,1395807,Salix herbacea,58.073982
CBN-Pla-F6-20160728,1,1396253,Sibbaldia procumbens,62.372730
CBN-Pla-F6-20160728,2,1397043,Veronica alpina,61.411674
CBN-Pla-F6-20160728,3,1397465,Polygala alpina,58.330246
CBN-Pla-F6-20180724,1,1396253,Sibbaldia procumbens,57.732277
CBN-Pla-F6-20180724,2,1390837,Carex humilis,53.844196
CBN-Pla-F6-20180724,3,1394865,Potentilla nitida,53.841156
CBN-Pla-F6-20180816,1,1396253,Sibbaldia procumbens,63.915054
CBN-Pla-F6-20180816,2,1364066,Veronica serpyllifolia,61.815479
CBN-Pla-F6-20180816,3,1395807,Salix herbacea,59.429020
CBN-Pla-F6-20180906,1,1396253,Sibbaldia procumbens,64.775703
CBN-Pla-F6-20180906,2,1397043,Veronica alpina,62.521622
CBN-Pla-F6-20180906,3,1396843,Trifolium alpinum,61.957291
CBN-Pla-F6-20190723,1,1396144,Sedum alpestre,65.765266
CBN-Pla-F6-20190723,2,1396253,Sibbaldia procumbens,64.360474
CBN-Pla-F6-20190723,3,1396843,Trifolium alpinum,63.817070
CBN-Pla-F6-20190814,1,1397043,Veronica alpina,64.578011
CBN-Pla-F6-20190814,2,1396253,Sibbaldia procumbens,63.245121
CBN-Pla-F6-20190814,3,1397046,Veronica bellidioides,61.478622
CBN-Pla-F6-20200723,1,1396253,Sibbaldia procumbens,63.969208
CBN-Pla-F6-20200723,2,1397043,Veronica alpina,63.592453
CBN-Pla-F6-20200723,3,1397049,Veronica fruticans,61.387833
CBN-Pla-F6-20200814,1,1396253,Sibbaldia procumbens,63.531532
CBN-Pla-F6-20200814,2,1396144,Sedum alpestre,63.354763
CBN-Pla-F6-20200814,3,1397043,Veronica alpina,62.531460
CBN-Pyr-01-20230706,1,1396843,Trifolium alpinum,65.008850
CBN-Pyr-01-20230706,2,1362442,Dactylorhiza incarnata,63.808949
CBN-Pyr-01-20230706,3,1359508,Trifolium montanum,58.037857
CBN-Pyr-03-20230706,1,1397512,Thymus praecox,64.850899
CBN-Pyr-03-20230706,2,1395973,Saxifraga exarata,64.220596
CBN-Pyr-03-20230706,3,1396015,Saxifraga moschata,63.604362
CBN-can-A1-20230705,1,1392608,Geum montanum,65.272400
CBN-can-A1-20230705,2,1395807,Salix herbacea,62.563606
CBN-can-A1-20230705,3,1742053,Omalotheca hoppeana,62.069294
CBN-can-A2-20230705,1,1393200,Homogyne alpina,63.888100
CBN-can-A2-20230705,2,1392186,Euphorbia pyrenaica,60.883560
CBN-can-A2-20230705,3,1395807,Salix herbacea,60.779785
CBN-can-A3-20230705,1,1393200,Homogyne alpina,65.355461
CBN-can-A3-20230705,2,1392608,Geum montanum,64.452232
CBN-can-A3-20230705,3,1396144,Sedum alpestre,62.622986
CBN-can-A5-20230705,1,1397475,Rhododendron ferrugineum,64.600624
CBN-can-A5-20230705,2,1395807,Salix herbacea,61.717537
CBN-can-A5-20230705,3,1396253,Sibbaldia procumbens,61.656639
CBN-can-A6-20230705,1,1393200,Homogyne alpina,65.396545
CBN-can-A6-20230705,2,1397475,Rhododendron ferrugineum,64.432907
CBN-can-A6-20230705,3,1400101,Bartsia alpina,59.501682
CBN-can-B1-20230705,1,1392608,Geum montanum,65.993271
CBN-can-B1-20230705,2,1412857,Omalotheca supina,64.127274
CBN-can-B1-20230705,3,1360299,Geum sylvaticum,63.098358
CBN-can-B2-20230705,1,1392608,Geum montanum,65.979813
CBN-can-B2-20230705,2,1400101,Bartsia alpina,63.440113
CBN-can-B2-20230705,3,1392611,Geum pyrenaicum,60.882885
CBN-can-B3-20230705,1,1393200,Homogyne alpina,65.082085
CBN-can-B3-20230705,2,1396144,Sedum alpestre,62.577827
CBN-can-B3-20230705,3,1395807,Salix herbacea,61.433128
CBN-can-B4-20230705,1,1397475,Rhododendron ferrugineum,66.350861
CBN-can-B4-20230705,2,1393200,Homogyne alpina,63.553436
CBN-can-B4-20230705,3,1362050,Nothobartsia asperrima,60.092823
CBN-can-B5-20230705,1,1392535,Gentiana alpina,66.744873
CBN-can-B5-20230705,2,1397475,Rhododendron ferrugineum,65.763008
CBN-can-B5-20230705,3,1392534,Gentiana acaulis,65.289711
CBN-can-B6-20230705,1,1393679,Luzula lutea,66.498016
CBN-can-B6-20230705,2,1397475,Rhododendron ferrugineum,65.343765
CBN-can-B6-20230705,3,1393200,Homogyne alpina,63.673393
CBN-can-C1-20230705,1,1396253,Sibbaldia procumbens,62.066841
CBN-can-C1-20230705,2,1393200,Homogyne alpina,59.697605
CBN-can-C1-20230705,3,1391312,Cochlearia officinalis,59.184269
CBN-can-C2-20230705,1,1395807,Salix herbacea,62.424179
CBN-can-C2-20230705,2,1393200,Homogyne alpina,60.800636
CBN-can-C2-20230705,3,1364066,Veronica serpyllifolia,60.181591
CBN-can-C3-20230705,1,1392608,Geum montanum,62.250725
CBN-can-C3-20230705,2,1396253,Sibbaldia procumbens,62.114910
CBN-can-C3-20230705,3,1395807,Salix herbacea,61.887032
CBN-can-C4-20230705,1,1393200,Homogyne alpina,66.498459
CBN-can-C4-20230705,2,1395807,Salix herbacea,62.054039
CBN-can-C4-20230705,3,1396253,Sibbaldia procumbens,59.975441
CBN-can-D1-20230705,1,1396253,Sibbaldia procumbens,64.035988
CBN-can-D1-20230705,2,1395807,Salix herbacea,61.839890
CBN-can-D1-20230705,3,1392241,Alchemilla pentaphyllea,60.201572
CBN-can-D2-20230705,1,1396253,Sibbaldia procumbens,62.963665
CBN-can-D2-20230705,2,1395807,Salix herbacea,62.059193
CBN-can-D2-20230705,3,1412857,Omalotheca supina,61.232750
CBN-can-D3-20230705,1,1413349,Armeria maritima,62.957523
CBN-can-D3-20230705,2,1396253,Sibbaldia procumbens,61.040466
CBN-can-D3-20230705,3,1391092,Cerastium tomentosum,60.994072
CBN-can-D4-20230705,1,1395807,Salix herbacea,63.685535
CBN-can-D4-20230705,2,1400101,Bartsia alpina,63.550686
CBN-can-D4-20230705,3,1396253,Sibbaldia procumbens,62.172016
CBN-can-E1-20230706,1,1392608,Geum montanum,64.998970
CBN-can-E1-20230706,2,1392612,Geum reptans,61.326454
CBN-can-E1-20230706,3,1396253,Sibbaldia procumbens,61.155167
CBN-can-E2-20230706,1,1395807,Salix herbacea,63.300312
CBN-can-E2-20230706,2,1393584,Linaria alpina,61.583580
CBN-can-E2-20230706,3,1393619,Logfia minima,60.320728
CBN-can-E3-20230706,1,1392535,Gentiana alpina,65.500252
CBN-can-E3-20230706,2,1392534,Gentiana acaulis,63.305862
CBN-can-E3-20230706,3,1396253,Sibbaldia procumbens,62.996719
CBN-can-E4-20230706,1,1397430,Luzula sylvatica,61.768860
CBN-can-E4-20230706,2,1395807,Salix herbacea,59.854321
CBN-can-E4-20230706,3,1396253,Sibbaldia procumbens,59.355095
CBN-can-E5-20230706,1,1392608,Geum montanum,65.875122
CBN-can-E5-20230706,2,1393200,Homogyne alpina,64.837105
CBN-can-E5-20230706,3,1390793,Carex curvula,63.724499
CBN-can-E6-20230706,1,1392535,Gentiana alpina,65.610268
CBN-can-E6-20230706,2,1392534,Gentiana acaulis,64.945168
CBN-can-E6-20230706,3,1396843,Trifolium alpinum,63.329132
CBN-can-F1-20230705,1,1392534,Gentiana acaulis,64.504868
CBN-can-F1-20230705,2,1392535,Gentiana alpina,63.799885
CBN-can-F1-20230705,3,1396253,Sibbaldia procumbens,62.955036
CBN-can-F2-20230706,1,1395807,Salix herbacea,64.058632
CBN-can-F2-20230706,2,1396144,Sedum alpestre,63.212189
CBN-can-F2-20230706,3,1396253,Sibbaldia procumbens,62.520451
CBN-can-F3-20230706,1,1395807,Salix herbacea,61.843849
CBN-can-F3-20230706,2,1412857,Omalotheca supina,61.568600
CBN-can-F3-20230706,3,1392608,Geum montanum,61.561008
CBN-can-F4-20230706,1,1392608,Geum montanum,65.195557
CBN-can-F4-20230706,2,1397430,Luzula sylvatica,63.082657
CBN-can-F4-20230706,3,1361592,Luzula campestris,61.437813
CBN-can-F5-20230706,1,1392608,Geum montanum,64.165123
CBN-can-F5-20230706,2,1396253,Sibbaldia procumbens,61.262135
CBN-can-F5-20230706,3,1360299,Geum sylvaticum,60.952003
GUARDEN-AMB-CF04-1-10-20240325,1,1359344,Medicago marina,66.346466
GUARDEN-AMB-CF04-1-10-20240325,2,1393770,Medicago littoralis,63.018707
GUARDEN-AMB-CF04-1-10-20240325,3,1363302,Cyperus capitatus,62.912010
GUARDEN-AMB-CF04-1-5-20240325,1,1363302,Cyperus capitatus,67.897133
GUARDEN-AMB-CF04-1-5-20240325,2,1363882,Lobularia maritima,64.064392
GUARDEN-AMB-CF04-1-5-20240325,3,1359344,Medicago marina,63.847313
GUARDEN-AMB-CF21-1-1-20240326,1,1388812,Achillea maritima,67.430115
GUARDEN-AMB-CF21-1-1-20240326,2,1363302,Cyperus capitatus,59.823734
GUARDEN-AMB-CF21-1-1-20240326,3,1357589,Filago mareotica,56.630959
GUARDEN-AMB-CF21-1-10-20240326,1,1363302,Cyperus capitatus,62.651031
GUARDEN-AMB-CF21-1-10-20240326,2,1744602,Alyssum gallaecicum,60.586964
GUARDEN-AMB-CF21-1-10-20240326,3,1479220,Alyssum fastigiatum,57.678780
GUARDEN-AMB-CF21-1-2-20240326,1,1358203,Cakile maritima,60.696804
GUARDEN-AMB-CF21-1-2-20240326,2,1363302,Cyperus capitatus,60.366386
GUARDEN-AMB-CF21-1-2-20240326,3,1360719,Eryngium maritimum,58.847054
GUARDEN-AMB-CF21-1-3-20240326,1,1359344,Medicago marina,65.181221
GUARDEN-AMB-CF21-1-3-20240326,2,1360719,Eryngium maritimum,63.378494
GUARDEN-AMB-CF21-1-3-20240326,3,1363302,Cyperus capitatus,61.604988
GUARDEN-AMB-CF21-1-4-20240326,1,1359344,Medicago marina,66.356094
GUARDEN-AMB-CF21-1-4-20240326,2,1360978,Pancratium maritimum,63.305534
GUARDEN-AMB-CF21-1-4-20240326,3,1363302,Cyperus capitatus,60.784939
GUARDEN-AMB-CF21-1-5-20240326,1,1359344,Medicago marina,66.058830
GUARDEN-AMB-CF21-1-5-20240326,2,1359297,Lotus creticus,59.347893
GUARDEN-AMB-CF21-1-5-20240326,3,1393770,Medicago littoralis,58.497375
GUARDEN-AMB-CF21-1-6-20240326,1,1359344,Medicago marina,66.064285
GUARDEN-AMB-CF21-1-6-20240326,2,1744602,Alyssum gallaecicum,59.369030
GUARDEN-AMB-CF21-1-6-20240326,3,1359297,Lotus creticus,58.828152
GUARDEN-AMB-CF21-1-7-20240326,1,1744602,Alyssum gallaecicum,60.735764
GUARDEN-AMB-CF21-1-7-20240326,2,1363302,Cyperus capitatus,60.708832
GUARDEN-AMB-CF21-1-7-20240326,3,1738652,Matthiola sinuata,59.438740
GUARDEN-AMB-CF21-1-8-20240326,1,1359344,Medicago marina,66.432899
GUARDEN-AMB-CF21-1-8-20240326,2,1363302,Cyperus capitatus,63.536182
GUARDEN-AMB-CF21-1-8-20240326,3,1744602,Alyssum gallaecicum,61.982151
GUARDEN-AMB-CF21-1-9-20240326,1,1399739,Linaria polygalifolia,64.924850
GUARDEN-AMB-CF21-1-9-20240326,2,1744602,Alyssum gallaecicum,61.099869
GUARDEN-AMB-CF21-1-9-20240326,3,1357129,Helianthemum caput-felis,60.042259
GUARDEN-AMB-GV04-1-3-20240326,1,1359297,Lotus creticus,65.220314
GUARDEN-AMB-GV04-1-3-20240326,2,1359344,Medicago marina,63.083431
GUARDEN-AMB-GV04-1-3-20240326,3,1359298,Lotus cytisoides,62.394142
GUARDEN-AMB-GV04-1-4-20240326,1,1359297,Lotus creticus,65.216728
GUARDEN-AMB-GV04-1-4-20240326,2,1359344,Medicago marina,64.614098
GUARDEN-AMB-GV04-1-4-20240326,3,1359298,Lotus cytisoides,62.759254
GUARDEN-AMB-GV04-1-5-20240326,1,1359297,Lotus creticus,65.002121
GUARDEN-AMB-GV04-1-5-20240326,2,1359298,Lotus cytisoides,62.945019
GUARDEN-AMB-GV04-1-5-20240326,3,1359344,Medicago marina,61.760838
GUARDEN-AMB-GV04-1-6-20240326,1,1359297,Lotus creticus,64.745209
GUARDEN-AMB-GV04-1-6-20240326,2,1359298,Lotus cytisoides,61.436104
GUARDEN-AMB-GV04-1-6-20240326,3,1359344,Medicago marina,60.259575
GUARDEN-AMB-GV04-1-7-20240326,1,1359297,Lotus creticus,65.417168
GUARDEN-AMB-GV04-1-7-20240326,2,1359298,Lotus cytisoides,64.193581
GUARDEN-AMB-GV04-1-7-20240326,3,1363882,Lobularia maritima,62.081413
GUARDEN-AMB-PR13-1-10-20240417,1,1359297,Lotus creticus,64.891953
GUARDEN-AMB-PR13-1-10-20240417,2,1359298,Lotus cytisoides,64.560379
GUARDEN-AMB-PR13-1-10-20240417,3,1721018,Calystegia soldanella,64.495003
GUARDEN-AMB-PR13-1-2-20240417,1,1721018,Calystegia soldanella,64.252235
GUARDEN-AMB-PR13-1-2-20240417,2,1360701,Echinophora spinosa,64.183922
GUARDEN-AMB-PR13-1-2-20240417,3,1722578,Daucus pumilus,63.554939
GUARDEN-AMB-PR13-1-3-20240417,1,1360701,Echinophora spinosa,66.414619
GUARDEN-AMB-PR13-1-3-20240417,2,1721018,Calystegia soldanella,65.246437
GUARDEN-AMB-PR13-1-3-20240417,3,1359297,Lotus creticus,63.022316
GUARDEN-AMB-PR13-1-4-20240417,1,1721018,Calystegia soldanella,64.173317
GUARDEN-AMB-PR13-1-4-20240417,2,1364037,Ipomoea imperati,57.905998
GUARDEN-AMB-PR13-1-4-20240417,3,1360381,Crucianella maritima,54.407486
GUARDEN-AMB-PR13-1-8-20240417,1,1359344,Medicago marina,66.752457
GUARDEN-AMB-PR13-1-8-20240417,2,1359297,Lotus creticus,64.766983
GUARDEN-AMB-PR13-1-8-20240417,3,1721018,Calystegia soldanella,63.374222
GUARDEN-AMB-PR20-1-1-20240424,1,1722441,Thinopyrum junceum,60.203262
GUARDEN-AMB-PR20-1-1-20240424,2,1393522,Leymus arenarius,58.766678
GUARDEN-AMB-PR20-1-1-20240424,3,1722433,Calamagrostis arenaria,57.031067
GUARDEN-AMB-PR20-1-10-20240424,1,1359297,Lotus creticus,64.866028
GUARDEN-AMB-PR20-1-10-20240424,2,1359344,Medicago marina,64.518341
GUARDEN-AMB-PR20-1-10-20240424,3,1359298,Lotus cytisoides,63.004066
GUARDEN-AMB-PR20-1-8-20240424,1,1359344,Medicago marina,66.749565
GUARDEN-AMB-PR20-1-8-20240424,2,1359297,Lotus creticus,63.457245
GUARDEN-AMB-PR20-1-8-20240424,3,1359298,Lotus cytisoides,61.416901
GUARDEN-AMB-SA03-1-1-20240626,1,1359344,Medicago marina,64.398239
GUARDEN-AMB-SA03-1-1-20240626,2,1359297,Lotus creticus,58.683735
GUARDEN-AMB-SA03-1-1-20240626,3,1722441,Thinopyrum junceum,58.143620
GUARDEN-AMB-SA03-1-10-20240626,1,1356333,Tribulus terrestris,56.516434
GUARDEN-AMB-SA03-1-10-20240626,2,1361732,Salsola tragus,52.665291
GUARDEN-AMB-SA03-1-10-20240626,3,1356045,Mesembryanthemum nodiflorum,51.708340
GUARDEN-AMB-SA03-1-2-20240626,1,1359344,Medicago marina,65.631485
GUARDEN-AMB-SA03-1-2-20240626,2,1359298,Lotus cytisoides,59.378090
GUARDEN-AMB-SA03-1-2-20240626,3,1722441,Thinopyrum junceum,58.538441
GUARDEN-AMB-SA03-1-3-20240626,1,1359344,Medicago marina,65.167549
GUARDEN-AMB-SA03-1-3-20240626,2,1358203,Cakile maritima,62.678299
GUARDEN-AMB-SA03-1-3-20240626,3,1743249,Matthiola tricuspidata,62.111977
GUARDEN-AMB-SA03-1-4-20240626,1,1359344,Medicago marina,65.404083
GUARDEN-AMB-SA03-1-4-20240626,2,1359424,Ononis ramosissima,61.176254
GUARDEN-AMB-SA03-1-4-20240626,3,1360978,Pancratium maritimum,60.286003
GUARDEN-AMB-SA03-1-5-20240626,1,1359344,Medicago marina,65.494225
GUARDEN-AMB-SA03-1-5-20240626,2,1359424,Ononis ramosissima,65.474129
GUARDEN-AMB-SA03-1-5-20240626,3,1359432,Ononis talaverae,63.122490
GUARDEN-AMB-SA03-1-9-20240626,1,1356905,Paronychia argentea,67.219528
GUARDEN-AMB-SA03-1-9-20240626,2,1359297,Lotus creticus,64.296364
GUARDEN-AMB-SA03-1-9-20240626,3,1356333,Tribulus terrestris,64.004539
GUARDEN-AMB-VC03-1-3-20240417,1,1359344,Medicago marina,66.885254
GUARDEN-AMB-VC03-1-3-20240417,2,1356905,Paronychia argentea,66.299576
GUARDEN-AMB-VC03-1-3-20240417,3,1394421,Paronychia kapela,62.029381
GUARDEN-AMB-VC03-1-4-20240417,1,1356905,Paronychia argentea,67.002762
GUARDEN-AMB-VC03-1-4-20240417,2,1359344,Medicago marina,66.039368
GUARDEN-AMB-VC03-1-4-20240417,3,1359297,Lotus creticus,61.775528
GUARDEN-AMB-VC03-1-5-20240417,1,1356905,Paronychia argentea,67.314537
GUARDEN-AMB-VC03-1-5-20240417,2,1359297,Lotus creticus,65.956207
GUARDEN-AMB-VC03-1-5-20240417,3,1359298,Lotus cytisoides,62.986103
GUARDEN-AMB-VC03-1-6-20240417,1,1359344,Medicago marina,66.318008
GUARDEN-AMB-VC03-1-6-20240417,2,1356905,Paronychia argentea,65.769882
GUARDEN-AMB-VC03-1-6-20240417,3,1359297,Lotus creticus,65.302078
GUARDEN-CBNMed-10-1-16-34-20240429,1,1358503,Erica arborea,61.302101
GUARDEN-CBNMed-10-1-16-34-20240429,2,1722409,Salvia rosmarinus,56.007885
GUARDEN-CBNMed-10-1-16-34-20240429,3,1392024,Erica lusitanica,55.681553
GUARDEN-CBNMed-10-10-17-19-20240429,1,1358613,Quercus coccifera,63.434315
GUARDEN-CBNMed-10-10-17-19-20240429,2,1548487,Quercus senneniana,59.491364
GUARDEN-CBNMed-10-10-17-19-20240429,3,1548459,Quercus rotundifolia,57.150436
GUARDEN-CBNMed-10-5-16-55-20240429,1,1357111,Cistus salviifolius,65.595901
GUARDEN-CBNMed-10-5-16-55-20240429,2,1356785,Lonicera implexa,65.525299
GUARDEN-CBNMed-10-5-16-55-20240429,3,1358503,Erica arborea,63.136162
GUARDEN-CBNMed-10-6-17-02-20240429,1,1356785,Lonicera implexa,64.302589
GUARDEN-CBNMed-10-6-17-02-20240429,2,1358613,Quercus coccifera,61.711281
GUARDEN-CBNMed-10-6-17-02-20240429,3,1357111,Cistus salviifolius,58.006748
GUARDEN-CBNMed-10-7-17-05-20240429,1,1357111,Cistus salviifolius,65.077087
GUARDEN-CBNMed-10-7-17-05-20240429,2,1358613,Quercus coccifera,61.323410
GUARDEN-CBNMed-10-7-17-05-20240429,3,1358884,Satureja thymbra,60.963287
GUARDEN-CBNMed-10-8-17-11-20240429,1,1358613,Quercus coccifera,62.420303
GUARDEN-CBNMed-10-8-17-11-20240429,2,1548487,Quercus senneniana,56.182137
GUARDEN-CBNMed-10-8-17-11-20240429,3,1743916,Quercus pseudococcifera,55.915024
GUARDEN-CBNMed-10-9-17-16-20240429,1,1358613,Quercus coccifera,63.516296
GUARDEN-CBNMed-10-9-17-16-20240429,2,1358503,Erica arborea,59.394409
GUARDEN-CBNMed-10-9-17-16-20240429,3,1360595,Thymelaea hirsuta,57.513603
GUARDEN-CBNMed-14-3-9-45-20240429,1,1359676,Olea europaea,59.244751
GUARDEN-CBNMed-14-3-9-45-20240429,2,1359662,Myrtus communis,54.140045
GUARDEN-CBNMed-14-3-9-45-20240429,3,1356728,Buxus balearica,53.981724
GUARDEN-CBNMed-14-4-9-49-20240429,1,1359676,Olea europaea,59.778564
GUARDEN-CBNMed-14-4-9-49-20240429,2,1744361,Zygophyllum album,56.104958
GUARDEN-CBNMed-14-4-9-49-20240429,3,1359161,Calicotome villosa,53.852383
GUARDEN-CBNMed-14-9-10-09-20240429,1,1359676,Olea europaea,61.744534
GUARDEN-CBNMed-14-9-10-09-20240429,2,1359677,Phillyrea angustifolia,58.610310
GUARDEN-CBNMed-14-9-10-09-20240429,3,1359678,Phillyrea latifolia,56.618584
GUARDEN-CBNMed-15-10-12-17-20240429,1,1363413,Eleusine tristachya,61.669540
GUARDEN-CBNMed-15-10-12-17-20240429,2,1361357,Phalaris coerulescens,58.270306
GUARDEN-CBNMed-15-10-12-17-20240429,3,1363468,Avena fatua,57.945534
GUARDEN-CBNMed-15-5-11-44-20240429,1,1364171,Sonchus tenerrimus,64.226234
GUARDEN-CBNMed-15-5-11-44-20240429,2,1357351,Carduus pycnocephalus,62.470528
GUARDEN-CBNMed-15-5-11-44-20240429,3,1356013,Geranium rotundifolium,62.103767
GUARDEN-CBNMed-15-7-12-02-20240429,1,1361190,Avena sterilis,61.491180
GUARDEN-CBNMed-15-7-12-02-20240429,2,1359676,Olea europaea,61.203201
GUARDEN-CBNMed-15-7-12-02-20240429,3,1364171,Sonchus tenerrimus,60.199688
GUARDEN-CBNMed-15-9-12-15-20240429,1,1363413,Eleusine tristachya,61.471924
GUARDEN-CBNMed-15-9-12-15-20240429,2,1361190,Avena sterilis,60.548512
GUARDEN-CBNMed-15-9-12-15-20240429,3,1363468,Avena fatua,59.259598
GUARDEN-CBNMed-16-1-13-37-20240429,1,1388990,Brachypodium retusum,65.601532
GUARDEN-CBNMed-16-1-13-37-20240429,2,1356108,Thymus vulgaris,63.582005
GUARDEN-CBNMed-16-1-13-37-20240429,3,1492564,Dianthus charidemi,62.685692
GUARDEN-CBNMed-16-10-14-33-20240429,1,1722409,Salvia rosmarinus,63.049255
GUARDEN-CBNMed-16-10-14-33-20240429,2,1744347,Ulex canescens,61.819824
GUARDEN-CBNMed-16-10-14-33-20240429,3,1743965,Ulex argenteus,61.171890
GUARDEN-CBNMed-16-2-13-45-20240429,1,1743966,Ulex erinaceus,61.849609
GUARDEN-CBNMed-16-2-13-45-20240429,2,1743965,Ulex argenteus,60.690376
GUARDEN-CBNMed-16-2-13-45-20240429,3,1388990,Brachypodium retusum,60.075901
GUARDEN-CBNMed-16-3-13-51-20240429,1,1358572,Euphorbia nicaeensis,63.089012
GUARDEN-CBNMed-16-3-13-51-20240429,2,1743965,Ulex argenteus,62.407169
GUARDEN-CBNMed-16-3-13-51-20240429,3,1722409,Salvia rosmarinus,62.175938
GUARDEN-CBNMed-16-4-13-57-20240429,1,1722409,Salvia rosmarinus,63.790131
GUARDEN-CBNMed-16-4-13-57-20240429,2,1363707,Ulex europaeus,59.483120
GUARDEN-CBNMed-16-4-13-57-20240429,3,1564354,Teucrium libanitis,59.394249
GUARDEN-CBNMed-16-6-14-07-20240429,1,1722409,Salvia rosmarinus,61.246124
GUARDEN-CBNMed-16-6-14-07-20240429,2,1743989,Ulex densus,60.877628
GUARDEN-CBNMed-16-6-14-07-20240429,3,1359548,Ulex parviflorus,59.926331
GUARDEN-CBNMed-16-7-14-1-20240429,1,1722409,Salvia rosmarinus,61.683960
GUARDEN-CBNMed-16-7-14-1-20240429,2,1357566,Echinops strigosus,57.647160
GUARDEN-CBNMed-16-7-14-1-20240429,3,1363707,Ulex europaeus,57.294212
GUARDEN-CBNMed-16-8-14-14-20240429,1,1360999,Aphyllanthes monspeliensis,64.019241
GUARDEN-CBNMed-16-8-14-14-20240429,2,1722409,Salvia rosmarinus,62.043373
GUARDEN-CBNMed-16-8-14-14-20240429,3,1392516,Genista hispanica,59.445843
GUARDEN-CBNMed-17-3-10-56-20240429,1,1361106,Scirpoides holoschoenus,64.430237
GUARDEN-CBNMed-17-3-10-56-20240429,2,1360385,Galium aparine,54.516987
GUARDEN-CBNMed-17-3-10-56-20240429,3,1363292,Cyperus difformis,53.988483
GUARDEN-CBNMed-17-5-11-2-20240429,1,1363212,Torilis arvensis,62.315475
GUARDEN-CBNMed-17-5-11-2-20240429,2,1361106,Scirpoides holoschoenus,62.229305
GUARDEN-CBNMed-17-5-11-2-20240429,3,1361088,Cyperus fuscus,59.518837
GUARDEN-CBNMed-19-1-15-24-20240429,1,1357743,Pallenis spinosa,64.825455
GUARDEN-CBNMed-19-1-15-24-20240429,2,1357293,Asteriscus aquaticus,62.480568
GUARDEN-CBNMed-19-1-15-24-20240429,3,1363731,Medicago polymorpha,59.569302
GUARDEN-CBNMed-19-10-16-02-20240429,1,1728575,Moenchia erecta,62.936420
GUARDEN-CBNMed-19-10-16-02-20240429,2,1356323,Linum strictum,61.196407
GUARDEN-CBNMed-19-10-16-02-20240429,3,1361926,Scabiosa columbaria,60.300339
GUARDEN-CBNMed-19-2-15-31-20240429,1,1363413,Eleusine tristachya,62.737251
GUARDEN-CBNMed-19-2-15-31-20240429,2,1400017,Armeria linkiana,58.741367
GUARDEN-CBNMed-19-2-15-31-20240429,3,1363409,Themeda triandra,57.755024
GUARDEN-CBNMed-19-3-15-35-20240429,1,1359521,Trifolium scabrum,65.460800
GUARDEN-CBNMed-19-3-15-35-20240429,2,1389369,Lysimachia foemina,62.942001
GUARDEN-CBNMed-19-3-15-35-20240429,3,1363467,Avena barbata,60.539547
GUARDEN-CBNMed-19-4-15-39-20240429,1,1358477,Pycnocomon rutifolium,62.728996
GUARDEN-CBNMed-19-4-15-39-20240429,2,1358459,Knautia subscaposa,60.560822
GUARDEN-CBNMed-19-4-15-39-20240429,3,1359521,Trifolium scabrum,59.818615
GUARDEN-CBNMed-19-5-15-44-20240429,1,1359521,Trifolium scabrum,63.737877
GUARDEN-CBNMed-19-5-15-44-20240429,2,1361926,Scabiosa columbaria,61.678127
GUARDEN-CBNMed-19-5-15-44-20240429,3,1363738,Trifolium glomeratum,61.656578
GUARDEN-CBNMed-19-6-15-48-20240429,1,1363413,Eleusine tristachya,61.080246
GUARDEN-CBNMed-19-6-15-48-20240429,2,1743313,Knautia integrifolia,60.526077
GUARDEN-CBNMed-19-6-15-48-20240429,3,1743256,Vicia lenticula,59.603233
GUARDEN-CBNMed-19-7-15-51-20240429,1,1400017,Armeria linkiana,56.966103
GUARDEN-CBNMed-19-7-15-51-20240429,2,1361655,Neotinea maculata,56.858646
GUARDEN-CBNMed-19-7-15-51-20240429,3,1359823,Platycapnos spicata,56.837132
GUARDEN-CBNMed-19-8-15-53-20240429,1,1359521,Trifolium scabrum,67.068657
GUARDEN-CBNMed-19-8-15-53-20240429,2,1358654,Erodium malacoides,62.895657
GUARDEN-CBNMed-19-8-15-53-20240429,3,1425238,Medicago minima,62.344238
GUARDEN-CBNMed-19-9-15-58-20240429,1,1492665,Dianthus laricifolius,59.451263
GUARDEN-CBNMed-19-9-15-58-20240429,2,1492564,Dianthus charidemi,59.265419
GUARDEN-CBNMed-19-9-15-58-20240429,3,1400151,Tecomaria capensis,58.024521
GUARDEN-CBNMed-20-1-9-35-20240428,1,1360443,Ruta angustifolia,65.263962
GUARDEN-CBNMed-20-1-9-35-20240428,2,1360999,Aphyllanthes monspeliensis,61.595200
GUARDEN-CBNMed-20-1-9-35-20240428,3,1364040,Ruta chalepensis,61.044743
GUARDEN-CBNMed-20-10-10-31-20240428,1,1357122,Fumana thymifolia,63.687580
GUARDEN-CBNMed-20-10-10-31-20240428,2,1357114,Fumana ericoides,63.358055
GUARDEN-CBNMed-20-10-10-31-20240428,3,1744033,Centaurea cordubensis,63.340870
GUARDEN-CBNMed-20-8-10-19-20240428,1,1360999,Aphyllanthes monspeliensis,65.040222
GUARDEN-CBNMed-20-8-10-19-20240428,2,1397376,Ephedra distachya,57.836617
GUARDEN-CBNMed-20-8-10-19-20240428,3,1363053,Helictochloa bromoides,57.798557
GUARDEN-CBNMed-20-9-10-23-20240428,1,1360999,Aphyllanthes monspeliensis,64.951103
GUARDEN-CBNMed-20-9-10-23-20240428,2,1357114,Fumana ericoides,63.773975
GUARDEN-CBNMed-20-9-10-23-20240428,3,1357121,Fumana scoparia,63.319920
GUARDEN-CBNMed-21-10-11-42-20240428,1,1360999,Aphyllanthes monspeliensis,62.672089
GUARDEN-CBNMed-21-10-11-42-20240428,2,1357121,Fumana scoparia,60.342922
GUARDEN-CBNMed-21-10-11-42-20240428,3,1388990,Brachypodium retusum,59.973129
GUARDEN-CBNMed-21-2-11-07-20240428,1,1357122,Fumana thymifolia,62.564007
GUARDEN-CBNMed-21-2-11-07-20240428,2,1357121,Fumana scoparia,62.128201
GUARDEN-CBNMed-21-2-11-07-20240428,3,1357114,Fumana ericoides,61.154209
GUARDEN-CBNMed-21-3-11-09-20240428,1,1357122,Fumana thymifolia,66.736511
GUARDEN-CBNMed-21-3-11-09-20240428,2,1393365,Juniperus oxycedrus,64.483353
GUARDEN-CBNMed-21-3-11-09-20240428,3,1357121,Fumana scoparia,62.614807
GUARDEN-CBNMed-21-6-11-17-20240428,1,1357122,Fumana thymifolia,64.427193
GUARDEN-CBNMed-21-6-11-17-20240428,2,1357114,Fumana ericoides,63.196838
GUARDEN-CBNMed-21-6-11-17-20240428,3,1357117,Fumana laevipes,62.884605
GUARDEN-CBNMed-21-8-11-23-20240428,1,1357122,Fumana thymifolia,66.094826
GUARDEN-CBNMed-21-8-11-23-20240428,2,1357121,Fumana scoparia,63.371738
GUARDEN-CBNMed-21-8-11-23-20240428,3,1495485,Helianthemum viscidulum,62.816837
GUARDEN-CBNMed-21-9-11-32-20240428,1,1388990,Brachypodium retusum,61.224140
GUARDEN-CBNMed-21-9-11-32-20240428,2,1492564,Dianthus charidemi,58.569763
GUARDEN-CBNMed-21-9-11-32-20240428,3,1356108,Thymus vulgaris,58.558475
GUARDEN-CBNMed-22-1-13-39-20240428,1,1360054,Limonium narbonense,63.524899
GUARDEN-CBNMed-22-1-13-39-20240428,2,1722625,Arthrocaulon macrostachyum,63.522957
GUARDEN-CBNMed-22-1-13-39-20240428,3,1360026,Limonium cossonianum,62.462933
GUARDEN-CBNMed-22-10-14-48-20240428,1,1360006,Limoniastrum monopetalum,62.837009
GUARDEN-CBNMed-22-10-14-48-20240428,2,1393574,Limonium tarcoense,61.044563
GUARDEN-CBNMed-22-10-14-48-20240428,3,1743297,Limonium fontqueri,60.459362
GUARDEN-CBNMed-22-2-14-05-20240428,1,1722522,Salicornia fruticosa,61.418095
GUARDEN-CBNMed-22-2-14-05-20240428,2,1393574,Limonium tarcoense,61.229393
GUARDEN-CBNMed-22-2-14-05-20240428,3,1722625,Arthrocaulon macrostachyum,60.637070
GUARDEN-CBNMed-22-5-14-21-20240428,1,1722521,Salicornia perennis,61.132950
GUARDEN-CBNMed-22-5-14-21-20240428,2,1738887,Salicornia marshallii,59.974972
GUARDEN-CBNMed-22-5-14-21-20240428,3,1389328,Malephora crocea,59.970493
GUARDEN-CBNMed-22-6-14-23-20240428,1,1722625,Arthrocaulon macrostachyum,62.649532
GUARDEN-CBNMed-22-6-14-23-20240428,2,1722522,Salicornia fruticosa,62.545601
GUARDEN-CBNMed-22-6-14-23-20240428,3,1722521,Salicornia perennis,61.749382
GUARDEN-CBNMed-22-7-14-25-20240428,1,1722522,Salicornia fruticosa,62.273865
GUARDEN-CBNMed-22-7-14-25-20240428,2,1722521,Salicornia perennis,62.050808
GUARDEN-CBNMed-22-7-14-25-20240428,3,1722625,Arthrocaulon macrostachyum,61.142021
GUARDEN-CBNMed-22-9-14-42-20240428,1,1722625,Arthrocaulon macrostachyum,63.934654
GUARDEN-CBNMed-22-9-14-42-20240428,2,1722521,Salicornia perennis,62.100246
GUARDEN-CBNMed-22-9-14-42-20240428,3,1738887,Salicornia marshallii,62.064877
GUARDEN-CBNMed-23-1-9-56-20240428,1,1360999,Aphyllanthes monspeliensis,65.647552
GUARDEN-CBNMed-23-1-9-56-20240428,2,1393574,Limonium tarcoense,61.421986
GUARDEN-CBNMed-23-1-9-56-20240428,3,1399771,Astragalus balearicus,61.410351
GUARDEN-CBNMed-23-10-10-42-20240428,1,1564646,Thymus orospedanus,60.825344
GUARDEN-CBNMed-23-10-10-42-20240428,2,1357114,Fumana ericoides,60.272083
GUARDEN-CBNMed-23-10-10-42-20240428,3,1363137,Frankenia thymifolia,59.473984
GUARDEN-CBNMed-23-3-10-14-20240428,1,1357114,Fumana ericoides,62.441406
GUARDEN-CBNMed-23-3-10-14-20240428,2,1392516,Genista hispanica,61.829834
GUARDEN-CBNMed-23-3-10-14-20240428,3,1388990,Brachypodium retusum,61.641376
GUARDEN-CBNMed-23-4-10-17-20240428,1,1564646,Thymus orospedanus,63.717766
GUARDEN-CBNMed-23-4-10-17-20240428,2,1356108,Thymus vulgaris,63.453251
GUARDEN-CBNMed-23-4-10-17-20240428,3,1388990,Brachypodium retusum,62.163185
GUARDEN-CBNMed-23-5-10-21-20240428,1,1360711,Eryngium campestre,64.351395
GUARDEN-CBNMed-23-5-10-21-20240428,2,1564646,Thymus orospedanus,61.161850
GUARDEN-CBNMed-23-5-10-21-20240428,3,1564596,Thymus lacaitae,61.134071
GUARDEN-CBNMed-23-6-10-24-20240428,1,1393365,Juniperus oxycedrus,64.107269
GUARDEN-CBNMed-23-6-10-24-20240428,2,1359216,Genista scorpius,59.648991
GUARDEN-CBNMed-23-6-10-24-20240428,3,1701525,Juniperus macrocarpa,59.528366
GUARDEN-CBNMed-23-7-10-28-20240428,1,1360999,Aphyllanthes monspeliensis,62.685303
GUARDEN-CBNMed-23-7-10-28-20240428,2,1393365,Juniperus oxycedrus,61.252552
GUARDEN-CBNMed-23-7-10-28-20240428,3,1492564,Dianthus charidemi,60.223965
GUARDEN-CBNMed-23-8-10-34-20240428,1,1743336,Santolina magonica,61.865288
GUARDEN-CBNMed-23-8-10-34-20240428,2,1398815,Thymus camphoratus,61.133247
GUARDEN-CBNMed-23-8-10-34-20240428,3,1395922,Santolina chamaecyparissus,61.085228
GUARDEN-CBNMed-23-9-10-39-20240428,1,1578131,Genista hystrix,63.842239
GUARDEN-CBNMed-23-9-10-39-20240428,2,1578145,Genista mugronensis,63.350830
GUARDEN-CBNMed-23-9-10-39-20240428,3,1744504,Genista legionensis,63.265919
GUARDEN-CBNMed-24-10-13-06-20240428,1,1743889,Gelasia hirsuta,59.774475
GUARDEN-CBNMed-24-10-13-06-20240428,2,1388990,Brachypodium retusum,59.475540
GUARDEN-CBNMed-24-10-13-06-20240428,3,1394414,Parapholis incurva,58.526386
GUARDEN-CBNMed-24-2-12-04-20240428,1,1357351,Carduus pycnocephalus,62.517292
GUARDEN-CBNMed-24-2-12-04-20240428,2,1362462,Iris lutescens,61.759415
GUARDEN-CBNMed-24-2-12-04-20240428,3,1359410,Ononis minutissima,58.798676
GUARDEN-CBNMed-24-3-12-15-20240428,1,1357335,Carduus argyroa,62.584610
GUARDEN-CBNMed-24-3-12-15-20240428,2,1357351,Carduus pycnocephalus,62.091515
GUARDEN-CBNMed-24-3-12-15-20240428,3,1357338,Carduus bourgeanus,61.951447
GUARDEN-CBNMed-24-5-12-36-20240428,1,1357351,Carduus pycnocephalus,63.970551
GUARDEN-CBNMed-24-5-12-36-20240428,2,1360706,Eryngium aquifolium,60.995758
GUARDEN-CBNMed-24-5-12-36-20240428,3,1357550,Crupina crupinastrum,60.324371
GUARDEN-CBNMed-24-6-12-46-20240428,1,1357351,Carduus pycnocephalus,64.153427
GUARDEN-CBNMed-24-6-12-46-20240428,2,1360711,Eryngium campestre,63.492825
GUARDEN-CBNMed-24-6-12-46-20240428,3,1396956,Urospermum picroides,63.356102
GUARDEN-CBNMed-24-7-12-54-20240428,1,1360711,Eryngium campestre,60.079678
GUARDEN-CBNMed-24-7-12-54-20240428,2,1360716,Eryngium glaciale,59.444736
GUARDEN-CBNMed-24-7-12-54-20240428,3,1360709,Eryngium bourgatii,59.175392
GUARDEN-CBNMed-24-8-14-58-20240428,1,1357351,Carduus pycnocephalus,63.415390
GUARDEN-CBNMed-24-8-14-58-20240428,2,1357338,Carduus bourgeanus,61.884338
GUARDEN-CBNMed-24-8-14-58-20240428,3,1357335,Carduus argyroa,60.906158
GUARDEN-CBNMed-24-9-13-02-20240428,1,1396956,Urospermum picroides,59.464520
GUARDEN-CBNMed-24-9-13-02-20240428,2,1388990,Brachypodium retusum,58.810249
GUARDEN-CBNMed-24-9-13-02-20240428,3,1399553,Crepis alpina,58.144318
GUARDEN-CBNMed-25-1-13-52-20240428,1,1394527,Phlomis lychnitis,67.087265
GUARDEN-CBNMed-25-1-13-52-20240428,2,1742109,Petrosedum sediforme,62.017612
GUARDEN-CBNMed-25-1-13-52-20240428,3,1561314,Phlomis composita,61.905968
GUARDEN-CBNMed-25-10-14-49-20240428,1,1357743,Pallenis spinosa,66.821083
GUARDEN-CBNMed-25-10-14-49-20240428,2,1394527,Phlomis lychnitis,65.970001
GUARDEN-CBNMed-25-10-14-49-20240428,3,1357981,Convolvulus lineatus,64.587029
GUARDEN-CBNMed-25-2-13-57-20240428,1,1388990,Brachypodium retusum,61.380455
GUARDEN-CBNMed-25-2-13-57-20240428,2,1742109,Petrosedum sediforme,57.824574
GUARDEN-CBNMed-25-2-13-57-20240428,3,1394527,Phlomis lychnitis,57.611263
GUARDEN-CBNMed-25-3-14-06-20240428,1,1394527,Phlomis lychnitis,65.622948
GUARDEN-CBNMed-25-3-14-06-20240428,2,1357815,Reichardia picroides,62.659824
GUARDEN-CBNMed-25-3-14-06-20240428,3,1561314,Phlomis composita,60.241573
GUARDEN-CBNMed-25-4-14-15-20240428,1,1357743,Pallenis spinosa,66.129143
GUARDEN-CBNMed-25-4-14-15-20240428,2,1394527,Phlomis lychnitis,65.243057
GUARDEN-CBNMed-25-4-14-15-20240428,3,1357293,Asteriscus aquaticus,64.316833
GUARDEN-CBNMed-25-7-14-28-20240428,1,1357981,Convolvulus lineatus,65.010643
GUARDEN-CBNMed-25-7-14-28-20240428,2,1359676,Olea europaea,63.448792
GUARDEN-CBNMed-25-7-14-28-20240428,3,1742109,Petrosedum sediforme,61.477203
GUARDEN-CBNMed-25-8-14-39-20240428,1,1357981,Convolvulus lineatus,66.884895
GUARDEN-CBNMed-25-8-14-39-20240428,2,1357743,Pallenis spinosa,65.438805
GUARDEN-CBNMed-25-8-14-39-20240428,3,1357293,Asteriscus aquaticus,63.489902
GUARDEN-CBNMed-25-9-14-43-20240428,1,1357981,Convolvulus lineatus,64.723228
GUARDEN-CBNMed-25-9-14-43-20240428,2,1742109,Petrosedum sediforme,63.681976
GUARDEN-CBNMed-25-9-14-43-20240428,3,1357815,Reichardia picroides,61.538647
GUARDEN-CBNMed-26-10-10-01-20240428,1,1359344,Medicago marina,64.331627
GUARDEN-CBNMed-26-10-10-01-20240428,2,1359297,Lotus creticus,57.675980
GUARDEN-CBNMed-26-10-10-01-20240428,3,1359088,Anthyllis tejedensis,53.816673
GUARDEN-CBNMed-26-6-9-34-20240428,1,1738652,Matthiola sinuata,63.878410
GUARDEN-CBNMed-26-6-9-34-20240428,2,1362333,Matthiola perennis,60.707230
GUARDEN-CBNMed-26-6-9-34-20240428,3,1358380,Matthiola lunata,60.685966
GUARDEN-CBNMed-26-8-9-45-20240428,1,1359344,Medicago marina,64.642471
GUARDEN-CBNMed-26-8-9-45-20240428,2,1359297,Lotus creticus,57.621162
GUARDEN-CBNMed-26-8-9-45-20240428,3,1363733,Medicago arborea,55.856888
GUARDEN-CBNMed-26-9-9-48-20240428,1,1359344,Medicago marina,66.357231
GUARDEN-CBNMed-26-9-9-48-20240428,2,1359297,Lotus creticus,60.597778
GUARDEN-CBNMed-26-9-9-48-20240428,3,1359298,Lotus cytisoides,58.598045
GUARDEN-CBNMed-27-1-11-17-20240428,1,1393547,Limonium binervosum,64.367165
GUARDEN-CBNMed-27-1-11-17-20240428,2,1393567,Limonium normannicum,63.309490
GUARDEN-CBNMed-27-1-11-17-20240428,3,1360059,Limonium ovalifolium,63.012337
GUARDEN-CBNMed-27-10-11-55-20240428,1,1743977,Limonium auriculifolium,62.578506
GUARDEN-CBNMed-27-10-11-55-20240428,2,1360054,Limonium narbonense,62.509392
GUARDEN-CBNMed-27-10-11-55-20240428,3,1393574,Limonium tarcoense,62.184532
GUARDEN-CBNMed-27-2-11-32-20240428,1,1744019,Limonium maritimum,60.462807
GUARDEN-CBNMed-27-2-11-32-20240428,2,1393574,Limonium tarcoense,60.084114
GUARDEN-CBNMed-27-2-11-32-20240428,3,1393571,Limonium pseudominutum,60.081947
GUARDEN-CBNMed-27-3-11-36-20240428,1,1722625,Arthrocaulon macrostachyum,63.026699
GUARDEN-CBNMed-27-3-11-36-20240428,2,1722522,Salicornia fruticosa,62.371262
GUARDEN-CBNMed-27-3-11-36-20240428,3,1722521,Salicornia perennis,61.755936
GUARDEN-CBNMed-27-4-11-39-20240428,1,1722522,Salicornia fruticosa,62.401932
GUARDEN-CBNMed-27-4-11-39-20240428,2,1393574,Limonium tarcoense,62.333977
GUARDEN-CBNMed-27-4-11-39-20240428,3,1722625,Arthrocaulon macrostachyum,61.768761
GUARDEN-CBNMed-27-5-11-4-20240428,1,1722522,Salicornia fruticosa,62.813934
GUARDEN-CBNMed-27-5-11-4-20240428,2,1722625,Arthrocaulon macrostachyum,62.808689
GUARDEN-CBNMed-27-5-11-4-20240428,3,1722521,Salicornia perennis,60.586475
GUARDEN-CBNMed-27-6-11-42-20240428,1,1449488,Ruschia caroli,62.514145
GUARDEN-CBNMed-27-6-11-42-20240428,2,1744340,Ruschia uncinata,59.480057
GUARDEN-CBNMed-27-6-11-42-20240428,3,1722625,Arthrocaulon macrostachyum,58.995369
GUARDEN-CBNMed-27-7-11-43-20240428,1,1722522,Salicornia fruticosa,63.480648
GUARDEN-CBNMed-27-7-11-43-20240428,2,1722625,Arthrocaulon macrostachyum,62.176319
GUARDEN-CBNMed-27-7-11-43-20240428,3,1722521,Salicornia perennis,60.812054
GUARDEN-CBNMed-27-8-11-45-20240428,1,1393574,Limonium tarcoense,65.920235
GUARDEN-CBNMed-27-8-11-45-20240428,2,1743297,Limonium fontqueri,64.649025
GUARDEN-CBNMed-27-8-11-45-20240428,3,1449488,Ruschia caroli,63.935677
GUARDEN-CBNMed-27-9-11-47-20240428,1,1360054,Limonium narbonense,57.755997
GUARDEN-CBNMed-27-9-11-47-20240428,2,1393569,Limonium patrimoniense,57.642319
GUARDEN-CBNMed-27-9-11-47-20240428,3,1360009,Limonium algarvense,57.565872
GUARDEN-CBNMed-28-1-12-46-20240428,1,1722522,Salicornia fruticosa,62.140221
GUARDEN-CBNMed-28-1-12-46-20240428,2,1722521,Salicornia perennis,62.032280
GUARDEN-CBNMed-28-1-12-46-20240428,3,1722625,Arthrocaulon macrostachyum,61.976234
GUARDEN-CBNMed-28-10-13-23-20240428,1,1357705,Limbarda crithmoides,64.707397
GUARDEN-CBNMed-28-10-13-23-20240428,2,1393571,Limonium pseudominutum,60.092804
GUARDEN-CBNMed-28-10-13-23-20240428,3,1393568,Limonium obtusifolium,59.916451
GUARDEN-CBNMed-28-2-12-48-20240428,1,1722625,Arthrocaulon macrostachyum,62.598961
GUARDEN-CBNMed-28-2-12-48-20240428,2,1744365,Salicornia alpini,61.517616
GUARDEN-CBNMed-28-2-12-48-20240428,3,1722522,Salicornia fruticosa,61.517216
GUARDEN-CBNMed-28-3-12-51-20240428,1,1722625,Arthrocaulon macrostachyum,62.521935
GUARDEN-CBNMed-28-3-12-51-20240428,2,1738887,Salicornia marshallii,62.166882
GUARDEN-CBNMed-28-3-12-51-20240428,3,1744365,Salicornia alpini,61.158264
GUARDEN-CBNMed-28-4-12-52-20240428,1,1357705,Limbarda crithmoides,65.065079
GUARDEN-CBNMed-28-4-12-52-20240428,2,1360026,Limonium cossonianum,64.081131
GUARDEN-CBNMed-28-4-12-52-20240428,3,1360054,Limonium narbonense,62.735928
GUARDEN-CBNMed-28-5-13-02-20240428,1,1360054,Limonium narbonense,64.559647
GUARDEN-CBNMed-28-5-13-02-20240428,2,1360026,Limonium cossonianum,60.487835
GUARDEN-CBNMed-28-5-13-02-20240428,3,1743977,Limonium auriculifolium,60.053139
GUARDEN-CBNMed-28-6-13-06-20240428,1,1357705,Limbarda crithmoides,65.031601
GUARDEN-CBNMed-28-6-13-06-20240428,2,1393568,Limonium obtusifolium,61.950233
GUARDEN-CBNMed-28-6-13-06-20240428,3,1393574,Limonium tarcoense,61.106937
GUARDEN-CBNMed-28-7-13-11-20240428,1,1357705,Limbarda crithmoides,64.342506
GUARDEN-CBNMed-28-7-13-11-20240428,2,1393574,Limonium tarcoense,63.693802
GUARDEN-CBNMed-28-7-13-11-20240428,3,1722625,Arthrocaulon macrostachyum,62.145370
GUARDEN-CBNMed-28-8-13-14-20240428,1,1357705,Limbarda crithmoides,64.695229
GUARDEN-CBNMed-28-8-13-14-20240428,2,1393574,Limonium tarcoense,59.481808
GUARDEN-CBNMed-28-8-13-14-20240428,3,1391750,Disphyma crassifolium,59.460503
GUARDEN-CBNMed-28-9-13-17-20240428,1,1722625,Arthrocaulon macrostachyum,63.660114
GUARDEN-CBNMed-28-9-13-17-20240428,2,1722522,Salicornia fruticosa,62.153572
GUARDEN-CBNMed-28-9-13-17-20240428,3,1357705,Limbarda crithmoides,61.363075
GUARDEN-CBNMed-29-6-14-31-20240428,1,1357227,Anthemis maritima,66.341347
GUARDEN-CBNMed-29-6-14-31-20240428,2,1360719,Eryngium maritimum,65.429680
GUARDEN-CBNMed-29-6-14-31-20240428,3,1359344,Medicago marina,65.243492
GUARDEN-CBNMed-29-7-14-34-20240428,1,1360719,Eryngium maritimum,65.338425
GUARDEN-CBNMed-29-7-14-34-20240428,2,1360701,Echinophora spinosa,63.165283
GUARDEN-CBNMed-29-7-14-34-20240428,3,1391491,Cutandia maritima,57.566727
GUARDEN-CBNMed-30-1-16-07-20240428,1,1393770,Medicago littoralis,67.676689
GUARDEN-CBNMed-30-1-16-07-20240428,2,1359356,Medicago truncatula,61.904209
GUARDEN-CBNMed-30-1-16-07-20240428,3,1581618,Medicago tornata,61.021523
GUARDEN-CBNMed-30-10-16-41-20240428,1,1357227,Anthemis maritima,66.534332
GUARDEN-CBNMed-30-10-16-41-20240428,2,1359344,Medicago marina,64.824562
GUARDEN-CBNMed-30-10-16-41-20240428,3,1391491,Cutandia maritima,59.026581
GUARDEN-CBNMed-30-2-16-23-20240428,1,1357227,Anthemis maritima,69.265701
GUARDEN-CBNMed-30-2-16-23-20240428,2,1359344,Medicago marina,65.877899
GUARDEN-CBNMed-30-2-16-23-20240428,3,1394664,Anthemis tomentosa,64.929169
GUARDEN-CBNMed-30-4-16-3-20240428,1,1357227,Anthemis maritima,70.217682
GUARDEN-CBNMed-30-4-16-3-20240428,2,1357236,Anthemis secundiramea,66.722221
GUARDEN-CBNMed-30-4-16-3-20240428,3,1394664,Anthemis tomentosa,65.217316
GUARDEN-CBNMed-30-6-16-34-20240428,1,1357227,Anthemis maritima,72.374130
GUARDEN-CBNMed-30-6-16-34-20240428,2,1359344,Medicago marina,65.390488
GUARDEN-CBNMed-30-6-16-34-20240428,3,1394664,Anthemis tomentosa,65.343193
GUARDEN-CBNMed-30-7-16-35-20240428,1,1357227,Anthemis maritima,69.207924
GUARDEN-CBNMed-30-7-16-35-20240428,2,1394664,Anthemis tomentosa,65.356544
GUARDEN-CBNMed-30-7-16-35-20240428,3,1359344,Medicago marina,64.941788
GUARDEN-CBNMed-30-8-16-37-20240428,1,1357227,Anthemis maritima,69.351685
GUARDEN-CBNMed-30-8-16-37-20240428,2,1359344,Medicago marina,64.899704
GUARDEN-CBNMed-30-8-16-37-20240428,3,1357236,Anthemis secundiramea,63.740334
GUARDEN-CBNMed-30-9-16-4-20240428,1,1357227,Anthemis maritima,69.846138
GUARDEN-CBNMed-30-9-16-4-20240428,2,1357236,Anthemis secundiramea,64.690292
GUARDEN-CBNMed-30-9-16-4-20240428,3,1359344,Medicago marina,63.935982
GUARDEN-CBNMed-31-1-9-37-20240428,1,1393770,Medicago littoralis,63.732704
GUARDEN-CBNMed-31-1-9-37-20240428,2,1359952,Plantago crassifolia,63.206066
GUARDEN-CBNMed-31-1-9-37-20240428,3,1359965,Plantago maritima,58.753731
GUARDEN-CBNMed-31-10-10-06-20240428,1,1414353,Bromus diandrus,63.762394
GUARDEN-CBNMed-31-10-10-06-20240428,2,1722578,Daucus pumilus,63.428707
GUARDEN-CBNMed-31-10-10-06-20240428,3,1393770,Medicago littoralis,61.140060
GUARDEN-CBNMed-31-2-9-4-20240428,1,1355977,Euphorbia paralias,64.115822
GUARDEN-CBNMed-31-2-9-4-20240428,2,1363433,Lagurus ovatus,63.697231
GUARDEN-CBNMed-31-2-9-4-20240428,3,1393770,Medicago littoralis,63.261223
GUARDEN-CBNMed-31-3-9-44-20240428,1,1393770,Medicago littoralis,64.899979
GUARDEN-CBNMed-31-3-9-44-20240428,2,1564441,Teucrium vincentinum,62.014427
GUARDEN-CBNMed-31-3-9-44-20240428,3,1393771,Medicago monspeliaca,61.418606
GUARDEN-CBNMed-31-4-9-48-20240428,1,1357227,Anthemis maritima,66.889992
GUARDEN-CBNMed-31-4-9-48-20240428,2,1396726,Teucrium dunense,65.512299
GUARDEN-CBNMed-31-4-9-48-20240428,3,1564441,Teucrium vincentinum,65.326584
GUARDEN-CBNMed-31-5-9-51-20240428,1,1564441,Teucrium vincentinum,66.742218
GUARDEN-CBNMed-31-5-9-51-20240428,2,1393770,Medicago littoralis,65.737709
GUARDEN-CBNMed-31-5-9-51-20240428,3,1396726,Teucrium dunense,64.390915
GUARDEN-CBNMed-31-6-9-54-20240428,1,1396726,Teucrium dunense,65.696274
GUARDEN-CBNMed-31-6-9-54-20240428,2,1564441,Teucrium vincentinum,65.167847
GUARDEN-CBNMed-31-6-9-54-20240428,3,1393770,Medicago littoralis,63.525024
GUARDEN-CBNMed-31-7-9-56-20240428,1,1722578,Daucus pumilus,64.029106
GUARDEN-CBNMed-31-7-9-56-20240428,2,1393770,Medicago littoralis,62.270805
GUARDEN-CBNMed-31-7-9-56-20240428,3,1363882,Lobularia maritima,62.064186
GUARDEN-CBNMed-31-8-10-20240428,1,1396726,Teucrium dunense,67.416412
GUARDEN-CBNMed-31-8-10-20240428,2,1564441,Teucrium vincentinum,66.671417
GUARDEN-CBNMed-31-8-10-20240428,3,1564370,Teucrium murcicum,64.319977
GUARDEN-CBNMed-31-9-10-02-20240428,1,1357227,Anthemis maritima,65.906525
GUARDEN-CBNMed-31-9-10-02-20240428,2,1393770,Medicago littoralis,63.924942
GUARDEN-CBNMed-31-9-10-02-20240428,3,1722578,Daucus pumilus,62.729576
GUARDEN-CBNMed-32-1-11-46-20240428,1,1396726,Teucrium dunense,64.964600
GUARDEN-CBNMed-32-1-11-46-20240428,2,1357630,Helichrysum stoechas,64.733711
GUARDEN-CBNMed-32-1-11-46-20240428,3,1564441,Teucrium vincentinum,64.236046
GUARDEN-CBNMed-32-10-13-12-20240428,1,1359952,Plantago crassifolia,66.044518
GUARDEN-CBNMed-32-10-13-12-20240428,2,1393770,Medicago littoralis,65.994522
GUARDEN-CBNMed-32-10-13-12-20240428,3,1396726,Teucrium dunense,65.037994
GUARDEN-CBNMed-32-2-11-58-20240428,1,1396726,Teucrium dunense,66.317261
GUARDEN-CBNMed-32-2-11-58-20240428,2,1564441,Teucrium vincentinum,65.063934
GUARDEN-CBNMed-32-2-11-58-20240428,3,1359952,Plantago crassifolia,63.593891
GUARDEN-CBNMed-32-3-12-01-20240428,1,1564441,Teucrium vincentinum,66.369110
GUARDEN-CBNMed-32-3-12-01-20240428,2,1396726,Teucrium dunense,66.048973
GUARDEN-CBNMed-32-3-12-01-20240428,3,1359009,Teucrium polium,63.049011
GUARDEN-CBNMed-32-4-12-12-20240428,1,1396726,Teucrium dunense,66.024002
GUARDEN-CBNMed-32-4-12-12-20240428,2,1564441,Teucrium vincentinum,65.127159
GUARDEN-CBNMed-32-4-12-12-20240428,3,1358968,Teucrium capitatum,63.003723
GUARDEN-CBNMed-32-9-13-07-20240428,1,1359952,Plantago crassifolia,64.944092
GUARDEN-CBNMed-32-9-13-07-20240428,2,1393770,Medicago littoralis,63.879147
GUARDEN-CBNMed-32-9-13-07-20240428,3,1359965,Plantago maritima,62.055870
GUARDEN-CBNMed-33-1-14-48-20240428,1,1357630,Helichrysum stoechas,64.496857
GUARDEN-CBNMed-33-1-14-48-20240428,2,1493539,Silene legionensis,60.627514
GUARDEN-CBNMed-33-1-14-48-20240428,3,1392725,Helichrysum italicum,60.095963
GUARDEN-CBNMed-33-10-15-59-20240428,1,1357401,Centaurea aspera,63.714802
GUARDEN-CBNMed-33-10-15-59-20240428,2,1363882,Lobularia maritima,61.854210
GUARDEN-CBNMed-33-10-15-59-20240428,3,1502682,Centaurea limbata,61.726891
GUARDEN-CBNMed-33-2-15-01-20240428,1,1357630,Helichrysum stoechas,64.585442
GUARDEN-CBNMed-33-2-15-01-20240428,2,1392725,Helichrysum italicum,62.190575
GUARDEN-CBNMed-33-2-15-01-20240428,3,1744698,Centaurea maritima,62.152912
GUARDEN-CBNMed-33-3-15-04-20240428,1,1357630,Helichrysum stoechas,65.086319
GUARDEN-CBNMed-33-3-15-04-20240428,2,1392726,Helichrysum orientale,62.843258
GUARDEN-CBNMed-33-3-15-04-20240428,3,1392725,Helichrysum italicum,62.225834
GUARDEN-CBNMed-33-4-15-26-20240428,1,1742109,Petrosedum sediforme,64.493546
GUARDEN-CBNMed-33-4-15-26-20240428,2,1357630,Helichrysum stoechas,61.991379
GUARDEN-CBNMed-33-4-15-26-20240428,3,1742400,Petrosedum ochroleucum,60.654091
GUARDEN-CBNMed-33-5-15-29-20240428,1,1357630,Helichrysum stoechas,64.231834
GUARDEN-CBNMed-33-5-15-29-20240428,2,1742109,Petrosedum sediforme,63.788284
GUARDEN-CBNMed-33-5-15-29-20240428,3,1392725,Helichrysum italicum,62.004589
GUARDEN-CBNMed-33-6-15-36-20240428,1,1357630,Helichrysum stoechas,64.878342
GUARDEN-CBNMed-33-6-15-36-20240428,2,1392725,Helichrysum italicum,61.553669
GUARDEN-CBNMed-33-6-15-36-20240428,3,1397398,Helichrysum arenarium,59.019272
GUARDEN-CBNMed-33-7-15-43-20240428,1,1357401,Centaurea aspera,65.782135
GUARDEN-CBNMed-33-7-15-43-20240428,2,1357630,Helichrysum stoechas,61.713306
GUARDEN-CBNMed-33-7-15-43-20240428,3,1357023,Silene nicaeensis,60.632397
GUARDEN-CBNMed-33-8-15-5-20240428,1,1357630,Helichrysum stoechas,64.733711
GUARDEN-CBNMed-33-8-15-5-20240428,2,1392725,Helichrysum italicum,63.006504
GUARDEN-CBNMed-33-8-15-5-20240428,3,1397398,Helichrysum arenarium,62.598999
GUARDEN-CBNMed-33-9-15-56-20240428,1,1357630,Helichrysum stoechas,63.979408
GUARDEN-CBNMed-33-9-15-56-20240428,2,1393770,Medicago littoralis,63.199265
GUARDEN-CBNMed-33-9-15-56-20240428,3,1363882,Lobularia maritima,61.633820
GUARDEN-CBNMed-38-1-12-58-20240428,1,1360711,Eryngium campestre,64.115456
GUARDEN-CBNMed-38-1-12-58-20240428,2,1395169,Rhinanthus minor,62.391140
GUARDEN-CBNMed-38-1-12-58-20240428,3,1360709,Eryngium bourgatii,61.043793
GUARDEN-CBNMed-38-4-14-39-20240428,1,1360711,Eryngium campestre,62.461128
GUARDEN-CBNMed-38-4-14-39-20240428,2,1395162,Rhinanthus alectorolophus,62.252094
GUARDEN-CBNMed-38-4-14-39-20240428,3,1743588,Rhinanthus pumilus,61.281246
GUARDEN-CBNMed-38-6-15-04-20240428,1,1360711,Eryngium campestre,65.414566
GUARDEN-CBNMed-38-6-15-04-20240428,2,1743588,Rhinanthus pumilus,64.723038
GUARDEN-CBNMed-38-6-15-04-20240428,3,1395169,Rhinanthus minor,62.602535
GUARDEN-CBNMed-39-10-12-02-20240531,1,1360711,Eryngium campestre,64.761139
GUARDEN-CBNMed-39-10-12-02-20240531,2,1358671,Geranium columbinum,61.758335
GUARDEN-CBNMed-39-10-12-02-20240531,3,1360709,Eryngium bourgatii,59.410019
GUARDEN-CBNMed-39-7-11-3-20240531,1,1360711,Eryngium campestre,62.334656
GUARDEN-CBNMed-39-7-11-3-20240531,2,1360709,Eryngium bourgatii,57.902840
GUARDEN-CBNMed-39-7-11-3-20240531,3,1392731,Helictotrichon cantabricum,57.860050
GUARDEN-CBNMed-39-8-11-39-20240531,1,1363452,Aira caryophyllea,61.642540
GUARDEN-CBNMed-39-8-11-39-20240531,2,1358625,Centaurium maritimum,58.963387
GUARDEN-CBNMed-39-8-11-39-20240531,3,1360711,Eryngium campestre,58.688522
GUARDEN-CBNMed-39-9-11-5-20240531,1,1359591,Linum bienne,64.039444
GUARDEN-CBNMed-39-9-11-5-20240531,2,1357945,Tolpis umbellata,59.258900
GUARDEN-CBNMed-39-9-11-5-20240531,3,1362307,Galium pumilum,58.478977
GUARDEN-CBNMed-44-7-12-03-20240629,1,1392059,Eriophorum angustifolium,63.041870
GUARDEN-CBNMed-44-7-12-03-20240629,2,1358501,Calluna vulgaris,61.080772
GUARDEN-CBNMed-44-7-12-03-20240629,3,1361073,Carex panicea,60.165291
GUARDEN-CBNMed-5-1-12-38-20240430,1,1414366,Bromus sterilis,62.782181
GUARDEN-CBNMed-5-1-12-38-20240430,2,1363490,Phalaris arundinacea,62.192856
GUARDEN-CBNMed-5-1-12-38-20240430,3,1363407,Nassella neesiana,57.664127
GUARDEN-CBNMed-5-10-13-32-20240430,1,1414366,Bromus sterilis,63.883461
GUARDEN-CBNMed-5-10-13-32-20240430,2,1361058,Carex hirta,61.519005
GUARDEN-CBNMed-5-10-13-32-20240430,3,1356007,Geranium dissectum,57.501595
GUARDEN-CBNMed-5-2-12-45-20240430,1,1414366,Bromus sterilis,62.626419
GUARDEN-CBNMed-5-2-12-45-20240430,2,1720971,Lolium arundinaceum,59.414085
GUARDEN-CBNMed-5-2-12-45-20240430,3,1414353,Bromus diandrus,59.359280
GUARDEN-CBNMed-5-3-12-56-20240430,1,1414366,Bromus sterilis,62.682587
GUARDEN-CBNMed-5-3-12-56-20240430,2,1363446,Panicum miliaceum,56.547516
GUARDEN-CBNMed-5-3-12-56-20240430,3,1363508,Sorghum halepense,56.461113
GUARDEN-CBNMed-5-4-13-20240430,1,1414366,Bromus sterilis,60.239128
GUARDEN-CBNMed-5-4-13-20240430,2,1363490,Phalaris arundinacea,58.996552
GUARDEN-CBNMed-5-4-13-20240430,3,1363497,Paspalum distichum,56.860382
GUARDEN-CBNMed-5-5-13-04-20240430,1,1363501,Dactylis glomerata,60.093651
GUARDEN-CBNMed-5-5-13-04-20240430,2,1362325,Juncus compressus,57.463882
GUARDEN-CBNMed-5-5-13-04-20240430,3,1363490,Phalaris arundinacea,54.612179
GUARDEN-CBNMed-5-6-13-07-20240430,1,1414366,Bromus sterilis,64.959679
GUARDEN-CBNMed-5-6-13-07-20240430,2,1414353,Bromus diandrus,60.235600
GUARDEN-CBNMed-5-6-13-07-20240430,3,1422217,Bromus madritensis,58.824814
GUARDEN-CBNMed-5-7-13-17-20240430,1,1414366,Bromus sterilis,61.494823
GUARDEN-CBNMed-5-7-13-17-20240430,2,1363501,Dactylis glomerata,58.355225
GUARDEN-CBNMed-5-7-13-17-20240430,3,1414353,Bromus diandrus,55.326996
GUARDEN-CBNMed-5-8-13-22-20240430,1,1414366,Bromus sterilis,60.771370
GUARDEN-CBNMed-5-8-13-22-20240430,2,1363459,Poa trivialis,60.502163
GUARDEN-CBNMed-5-8-13-22-20240430,3,1363458,Poa pratensis,57.449547
GUARDEN-CBNMed-5-9-13-27-20240430,1,1396638,Arrhenatherum elatius,61.177525
GUARDEN-CBNMed-5-9-13-27-20240430,2,1363490,Phalaris arundinacea,60.896431
GUARDEN-CBNMed-5-9-13-27-20240430,3,1363543,Stenotaphrum secundatum,60.892708
GUARDEN-CBNMed-6-9-15-28-20240430,1,1360399,Galium mollugo,60.832966
GUARDEN-CBNMed-6-9-15-28-20240430,2,1359431,Ononis spinosa,60.146557
GUARDEN-CBNMed-6-9-15-28-20240430,3,1363461,Anthoxanthum odoratum,58.396866
GUARDEN-CBNMed-8-10-12-59-20240429,1,1358613,Quercus coccifera,63.491302
GUARDEN-CBNMed-8-10-12-59-20240429,2,1743916,Quercus pseudococcifera,57.429527
GUARDEN-CBNMed-8-10-12-59-20240429,3,1743448,Quercus auzendei,55.285469
GUARDEN-CBNMed-8-4-12-33-20240429,1,1722409,Salvia rosmarinus,61.580914
GUARDEN-CBNMed-8-4-12-33-20240429,2,1359460,Stauracanthus boivinii,59.873474
GUARDEN-CBNMed-8-4-12-33-20240429,3,1587724,Ulex borgiae,59.769184
GUARDEN-CBNMed-8-8-12-51-20240429,1,1361000,Asparagus acutifolius,62.616291
GUARDEN-CBNMed-8-8-12-51-20240429,2,1359548,Ulex parviflorus,62.357807
GUARDEN-CBNMed-8-8-12-51-20240429,3,1743965,Ulex argenteus,62.102005
GUARDEN-CBNMed-8-9-12-56-20240429,1,1361000,Asparagus acutifolius,63.725327
GUARDEN-CBNMed-8-9-12-56-20240429,2,1358613,Quercus coccifera,63.495415
GUARDEN-CBNMed-8-9-12-56-20240429,3,1577392,Echinospartum boissieri,60.205288
GUARDEN-CBNMed-9-10-16-16-20240429,1,1358613,Quercus coccifera,61.078766
GUARDEN-CBNMed-9-10-16-16-20240429,2,1577392,Echinospartum boissieri,60.603672
GUARDEN-CBNMed-9-10-16-16-20240429,3,1744002,Echinospartum ibericum,59.321690
GUARDEN-CBNMed-9-2-15-46-20240429,1,1358511,Erica scoparia,59.797886
GUARDEN-CBNMed-9-2-15-46-20240429,2,1392023,Erica erigena,58.598915
GUARDEN-CBNMed-9-2-15-46-20240429,3,1358509,Erica multiflora,57.778542
GUARDEN-CBNMed-9-6-16-04-20240429,1,1358613,Quercus coccifera,63.324017
GUARDEN-CBNMed-9-6-16-04-20240429,2,1743916,Quercus pseudococcifera,56.892517
GUARDEN-CBNMed-9-6-16-04-20240429,3,1548487,Quercus senneniana,55.962421
GUARDEN-CBNMed-9-7-16-06-20240429,1,1358613,Quercus coccifera,62.911263
GUARDEN-CBNMed-9-7-16-06-20240429,2,1743916,Quercus pseudococcifera,56.376465
GUARDEN-CBNMed-9-7-16-06-20240429,3,1359161,Calicotome villosa,56.302433
GUARDEN-CBNMed-9-8-16-08-20240429,1,1358613,Quercus coccifera,63.303509
GUARDEN-CBNMed-9-8-16-08-20240429,2,1743916,Quercus pseudococcifera,56.288090
GUARDEN-CBNMed-9-8-16-08-20240429,3,1396186,Senecio angulatus,55.743546
GUARDEN-CBNMed-9-9-16-14-20240429,1,1358613,Quercus coccifera,62.139931
GUARDEN-CBNMed-9-9-16-14-20240429,2,1360701,Echinophora spinosa,61.146706
GUARDEN-CBNMed-9-9-16-14-20240429,3,1502610,Centaurea horrida,60.608921
LISAH-BOU-0-10-20230523,1,1356013,Geranium rotundifolium,64.466980
LISAH-BOU-0-10-20230523,2,1363835,Borago officinalis,61.932190
LISAH-BOU-0-10-20230523,3,1355881,Carduus tenuiflorus,58.779953
LISAH-BOU-0-101-20240425,1,1425238,Medicago minima,65.444977
LISAH-BOU-0-101-20240425,2,1363731,Medicago polymorpha,60.728157
LISAH-BOU-0-101-20240425,3,1390637,Calendula arvensis,59.629925
LISAH-BOU-0-104-20240502,1,1356397,Equisetum ramosissimum,61.931377
LISAH-BOU-0-104-20240502,2,1360385,Galium aparine,61.215481
LISAH-BOU-0-104-20240502,3,1356276,Sambucus ebulus,60.040287
LISAH-BOU-0-105-20240502,1,1356397,Equisetum ramosissimum,62.213982
LISAH-BOU-0-105-20240502,2,1356276,Sambucus ebulus,60.292316
LISAH-BOU-0-105-20240502,3,1356464,Sambucus nigra,56.603302
LISAH-BOU-0-108-20240502,1,1359772,Fumaria capreolata,65.891129
LISAH-BOU-0-108-20240502,2,1392384,Fumaria muralis,63.024033
LISAH-BOU-0-108-20240502,3,1359778,Fumaria flabellata,61.792286
LISAH-BOU-0-109-20240502,1,1359772,Fumaria capreolata,64.655685
LISAH-BOU-0-109-20240502,2,1355990,Mercurialis annua,63.998856
LISAH-BOU-0-109-20240502,3,1360385,Galium aparine,61.542110
LISAH-BOU-0-110-20240502,1,1360385,Galium aparine,62.341709
LISAH-BOU-0-110-20240502,2,1356397,Equisetum ramosissimum,60.781410
LISAH-BOU-0-110-20240502,3,1360420,Galium verrucosum,57.669159
LISAH-BOU-0-111-20240502,1,1359792,Fumaria officinalis,63.180809
LISAH-BOU-0-111-20240502,2,1356276,Sambucus ebulus,61.409481
LISAH-BOU-0-111-20240502,3,1360385,Galium aparine,61.245792
LISAH-BOU-0-113-20240502,1,1356013,Geranium rotundifolium,63.856190
LISAH-BOU-0-113-20240502,2,1356276,Sambucus ebulus,59.684223
LISAH-BOU-0-113-20240502,3,1392594,Geranium pusillum,58.647503
LISAH-BOU-0-114-20240502,1,1360385,Galium aparine,62.101711
LISAH-BOU-0-114-20240502,2,1355908,Erigeron sumatrensis,60.935043
LISAH-BOU-0-114-20240502,3,1360420,Galium verrucosum,58.847000
LISAH-BOU-0-117-20240502,1,1356013,Geranium rotundifolium,66.497299
LISAH-BOU-0-117-20240502,2,1364100,Silybum marianum,62.732132
LISAH-BOU-0-117-20240502,3,1364171,Sonchus tenerrimus,61.847515
LISAH-BOU-0-118-20240502,1,1356013,Geranium rotundifolium,67.414536
LISAH-BOU-0-118-20240502,2,1360385,Galium aparine,61.693581
LISAH-BOU-0-118-20240502,3,1356276,Sambucus ebulus,61.314400
LISAH-BOU-0-14-20230511,1,1361190,Avena sterilis,62.585697
LISAH-BOU-0-14-20230511,2,1363468,Avena fatua,59.797173
LISAH-BOU-0-14-20230511,3,1363467,Avena barbata,59.078564
LISAH-BOU-0-15-20230511,1,1356013,Geranium rotundifolium,64.855148
LISAH-BOU-0-15-20230511,2,1364006,Convolvulus arvensis,56.524357
LISAH-BOU-0-15-20230511,3,1362525,Allium commutatum,56.397472
LISAH-BOU-0-153-20240502,1,1355881,Carduus tenuiflorus,63.945229
LISAH-BOU-0-153-20240502,2,1357351,Carduus pycnocephalus,63.069130
LISAH-BOU-0-153-20240502,3,1357338,Carduus bourgeanus,63.048897
LISAH-BOU-0-154-20240502,1,1356013,Geranium rotundifolium,65.860031
LISAH-BOU-0-154-20240502,2,1357351,Carduus pycnocephalus,62.858017
LISAH-BOU-0-154-20240502,3,1390637,Calendula arvensis,62.409740
LISAH-BOU-0-157-20240502,1,1356013,Geranium rotundifolium,67.406960
LISAH-BOU-0-157-20240502,2,1355964,Euphorbia helioscopia,63.760826
LISAH-BOU-0-157-20240502,3,1358643,Erodium ciconium,62.949989
LISAH-BOU-0-16-20230511,1,1363835,Borago officinalis,61.496181
LISAH-BOU-0-16-20230511,2,1452750,Allium subvillosum,59.356564
LISAH-BOU-0-16-20230511,3,1360931,Allium roseum,58.671379
LISAH-BOU-0-160-20240502,1,1356013,Geranium rotundifolium,66.965622
LISAH-BOU-0-160-20240502,2,1357347,Carduus meonanthus,65.053833
LISAH-BOU-0-160-20240502,3,1358643,Erodium ciconium,64.876869
LISAH-BOU-0-163-20240502,1,1358643,Erodium ciconium,65.431618
LISAH-BOU-0-163-20240502,2,1363944,Malva neglecta,64.609245
LISAH-BOU-0-163-20240502,3,1390637,Calendula arvensis,64.409988
LISAH-BOU-0-164-20240502,1,1356013,Geranium rotundifolium,66.889214
LISAH-BOU-0-164-20240502,2,1390637,Calendula arvensis,64.513123
LISAH-BOU-0-164-20240502,3,1358643,Erodium ciconium,64.044846
LISAH-BOU-0-165-20240502,1,1356013,Geranium rotundifolium,66.755875
LISAH-BOU-0-165-20240502,2,1392594,Geranium pusillum,64.807907
LISAH-BOU-0-165-20240502,3,1356008,Geranium molle,64.057816
LISAH-BOU-0-167-20240502,1,1363731,Medicago polymorpha,63.484245
LISAH-BOU-0-167-20240502,2,1361844,Medicago radiata,60.212032
LISAH-BOU-0-167-20240502,3,1359639,Malva parviflora,59.938110
LISAH-BOU-0-168-20240502,1,1363731,Medicago polymorpha,63.543350
LISAH-BOU-0-168-20240502,2,1359639,Malva parviflora,62.370125
LISAH-BOU-0-168-20240502,3,1361307,Hordeum murinum,62.155029
LISAH-BOU-0-170-20240502,1,1363731,Medicago polymorpha,63.450230
LISAH-BOU-0-170-20240502,2,1355994,Erodium cicutarium,61.589752
LISAH-BOU-0-170-20240502,3,1392594,Geranium pusillum,60.878151
LISAH-BOU-0-171-20240502,1,1358654,Erodium malacoides,64.044556
LISAH-BOU-0-171-20240502,2,1363731,Medicago polymorpha,63.568794
LISAH-BOU-0-171-20240502,3,1355881,Carduus tenuiflorus,62.893944
LISAH-BOU-0-172-20240502,1,1363731,Medicago polymorpha,63.610790
LISAH-BOU-0-172-20240502,2,1356013,Geranium rotundifolium,63.273872
LISAH-BOU-0-172-20240502,3,1425238,Medicago minima,62.841927
LISAH-BOU-0-173-20240502,1,1358654,Erodium malacoides,65.765846
LISAH-BOU-0-173-20240502,2,1363731,Medicago polymorpha,62.891609
LISAH-BOU-0-173-20240502,3,1357351,Carduus pycnocephalus,62.283035
LISAH-BOU-0-174-20240502,1,1425238,Medicago minima,63.286926
LISAH-BOU-0-174-20240502,2,1363731,Medicago polymorpha,63.204891
LISAH-BOU-0-174-20240502,3,1359342,Medicago laciniata,61.564201
LISAH-BOU-0-175-20240502,1,1425238,Medicago minima,64.514412
LISAH-BOU-0-175-20240502,2,1363731,Medicago polymorpha,63.441719
LISAH-BOU-0-175-20240502,3,1363734,Medicago orbicularis,61.716385
LISAH-BOU-0-183-20240502,1,1363731,Medicago polymorpha,63.292698
LISAH-BOU-0-183-20240502,2,1363944,Malva neglecta,62.632084
LISAH-BOU-0-183-20240502,3,1364170,Sonchus oleraceus,60.598434
LISAH-BOU-0-187-20240502,1,1363734,Medicago orbicularis,64.854454
LISAH-BOU-0-187-20240502,2,1363731,Medicago polymorpha,63.169930
LISAH-BOU-0-187-20240502,3,1361307,Hordeum murinum,62.171753
LISAH-BOU-0-191-20240502,1,1359268,Lathyrus cicera,65.887848
LISAH-BOU-0-191-20240502,2,1358654,Erodium malacoides,63.169533
LISAH-BOU-0-191-20240502,3,1425238,Medicago minima,62.384995
LISAH-BOU-0-2-20240425,1,1356697,Cerastium glomeratum,63.423054
LISAH-BOU-0-2-20240425,2,1356276,Sambucus ebulus,62.769928
LISAH-BOU-0-2-20240425,3,1363993,Potentilla reptans,61.106850
LISAH-BOU-0-24-20230512,1,1361000,Asparagus acutifolius,64.286942
LISAH-BOU-0-24-20230512,2,1360385,Galium aparine,62.058823
LISAH-BOU-0-24-20230512,3,1363801,Lathyrus latifolius,61.946075
LISAH-BOU-0-24-20240425,1,1356013,Geranium rotundifolium,67.110870
LISAH-BOU-0-24-20240425,2,1360614,Anthriscus sylvestris,60.599056
LISAH-BOU-0-24-20240425,3,1393910,Myrrhis odorata,60.589264
LISAH-BOU-0-25-20230512,1,1397356,Cornus sanguinea,60.844940
LISAH-BOU-0-25-20230512,2,1360385,Galium aparine,60.820332
LISAH-BOU-0-25-20230512,3,1356012,Geranium purpureum,57.029549
LISAH-BOU-0-25-20230711,1,1360825,Parietaria judaica,59.857269
LISAH-BOU-0-25-20230711,2,1356397,Equisetum ramosissimum,57.818375
LISAH-BOU-0-25-20230711,3,1360826,Parietaria lusitanica,56.580963
LISAH-BOU-0-28-20240425,1,1361000,Asparagus acutifolius,65.322906
LISAH-BOU-0-28-20240425,2,1360385,Galium aparine,61.577545
LISAH-BOU-0-28-20240425,3,1744344,Thapsia asclepium,59.874496
LISAH-BOU-0-29-20230523,1,1356013,Geranium rotundifolium,64.532417
LISAH-BOU-0-29-20230523,2,1422217,Bromus madritensis,60.615612
LISAH-BOU-0-29-20230523,3,1397356,Cornus sanguinea,59.874252
LISAH-BOU-0-29-20230621,1,1363212,Torilis arvensis,64.753319
LISAH-BOU-0-29-20230621,2,1360816,Torilis japonica,61.945038
LISAH-BOU-0-29-20230621,3,1397356,Cornus sanguinea,60.268929
LISAH-BOU-0-29-20240425,1,1361000,Asparagus acutifolius,62.712463
LISAH-BOU-0-29-20240425,2,1397356,Cornus sanguinea,61.475491
LISAH-BOU-0-29-20240425,3,1360385,Galium aparine,61.087204
LISAH-BOU-0-3-20230721,1,1363212,Torilis arvensis,57.720932
LISAH-BOU-0-3-20230721,2,1492564,Dianthus charidemi,56.673500
LISAH-BOU-0-3-20230721,3,1355941,Reichardia tingitana,56.392540
LISAH-BOU-0-30-20230512,1,1356012,Geranium purpureum,65.682831
LISAH-BOU-0-30-20230512,2,1356017,Geranium robertianum,62.247551
LISAH-BOU-0-30-20230512,3,1389311,Rubus pruinosus,59.922768
LISAH-BOU-0-30-20240425,1,1356013,Geranium rotundifolium,67.482170
LISAH-BOU-0-30-20240425,2,1361000,Asparagus acutifolius,62.590042
LISAH-BOU-0-30-20240425,3,1389311,Rubus pruinosus,61.917393
LISAH-BOU-0-31-20230919,1,1711781,Biserrula epiglottis,56.211845
LISAH-BOU-0-31-20230919,2,1743300,Sulla spinosissima,55.733253
LISAH-BOU-0-31-20230919,3,1722433,Calamagrostis arenaria,54.225166
LISAH-BOU-0-31-20240425,1,1356013,Geranium rotundifolium,67.675423
LISAH-BOU-0-31-20240425,2,1356012,Geranium purpureum,64.845856
LISAH-BOU-0-31-20240425,3,1397356,Cornus sanguinea,61.844486
LISAH-BOU-0-32-20230516,1,1390879,Carex otrubae,65.538055
LISAH-BOU-0-32-20230516,2,1361072,Carex pallescens,59.859550
LISAH-BOU-0-32-20230516,3,1360614,Anthriscus sylvestris,59.682686
LISAH-BOU-0-32-20240425,1,1356012,Geranium purpureum,63.716324
LISAH-BOU-0-32-20240425,2,1355964,Euphorbia helioscopia,62.785358
LISAH-BOU-0-32-20240425,3,1361000,Asparagus acutifolius,62.708015
LISAH-BOU-0-34-20230516,1,1650228,Elymus athericus,60.306046
LISAH-BOU-0-34-20230516,2,1390879,Carex otrubae,58.564102
LISAH-BOU-0-34-20230516,3,1650353,Elymus pungens,57.869400
LISAH-BOU-0-35-20240425,1,1356012,Geranium purpureum,65.173645
LISAH-BOU-0-35-20240425,2,1356017,Geranium robertianum,62.011826
LISAH-BOU-0-35-20240425,3,1397356,Cornus sanguinea,61.785202
LISAH-BOU-0-36-20240425,1,1391113,Chaerophyllum villarsii,65.628708
LISAH-BOU-0-36-20240425,2,1356012,Geranium purpureum,64.289230
LISAH-BOU-0-36-20240425,3,1356013,Geranium rotundifolium,63.019634
LISAH-BOU-0-37-20230512,1,1397356,Cornus sanguinea,62.236984
LISAH-BOU-0-37-20230512,2,1360358,Rubus ulmifolius,60.324734
LISAH-BOU-0-37-20230512,3,1360614,Anthriscus sylvestris,58.796562
LISAH-BOU-0-37-20240425,1,1356012,Geranium purpureum,64.319435
LISAH-BOU-0-37-20240425,2,1361000,Asparagus acutifolius,64.010300
LISAH-BOU-0-37-20240425,3,1356017,Geranium robertianum,62.444576
LISAH-BOU-0-38-20230516,1,1356013,Geranium rotundifolium,66.546059
LISAH-BOU-0-38-20230516,2,1363805,Lathyrus annuus,59.422775
LISAH-BOU-0-38-20230516,3,1390879,Carex otrubae,59.261379
LISAH-BOU-0-39-20230512,1,1397356,Cornus sanguinea,61.788673
LISAH-BOU-0-39-20230512,2,1361000,Asparagus acutifolius,60.463428
LISAH-BOU-0-39-20230512,3,1363212,Torilis arvensis,58.264393
LISAH-BOU-0-4-20230511,1,1356013,Geranium rotundifolium,62.423126
LISAH-BOU-0-4-20230511,2,1363213,Torilis nodosa,62.324585
LISAH-BOU-0-4-20230511,3,1357351,Carduus pycnocephalus,61.084267
LISAH-BOU-0-4-20230711,1,1364006,Convolvulus arvensis,60.827217
LISAH-BOU-0-4-20230711,2,1356397,Equisetum ramosissimum,59.979126
LISAH-BOU-0-4-20230711,3,1389311,Rubus pruinosus,59.542038
LISAH-BOU-0-4-20240425,1,1356013,Geranium rotundifolium,67.330513
LISAH-BOU-0-4-20240425,2,1356008,Geranium molle,60.297108
LISAH-BOU-0-4-20240425,3,1358654,Erodium malacoides,60.269497
LISAH-BOU-0-40-20230512,1,1391113,Chaerophyllum villarsii,64.784065
LISAH-BOU-0-40-20230512,2,1361000,Asparagus acutifolius,64.499001
LISAH-BOU-0-40-20230512,3,1397356,Cornus sanguinea,62.392120
LISAH-BOU-0-40-20240425,1,1361000,Asparagus acutifolius,62.968048
LISAH-BOU-0-40-20240425,2,1397356,Cornus sanguinea,62.198391
LISAH-BOU-0-40-20240425,3,1363212,Torilis arvensis,61.732941
LISAH-BOU-0-41-20230512,1,1397356,Cornus sanguinea,61.904587
LISAH-BOU-0-41-20230512,2,1414365,Bromus sitchensis,61.145832
LISAH-BOU-0-41-20230512,3,1414366,Bromus sterilis,60.672150
LISAH-BOU-0-42-20230511,1,1356013,Geranium rotundifolium,60.996223
LISAH-BOU-0-42-20230511,2,1392594,Geranium pusillum,59.979851
LISAH-BOU-0-42-20230511,3,1356008,Geranium molle,56.536041
LISAH-BOU-0-43-20230512,1,1356013,Geranium rotundifolium,66.613838
LISAH-BOU-0-43-20230512,2,1363835,Borago officinalis,62.585632
LISAH-BOU-0-43-20230512,3,1397356,Cornus sanguinea,62.535519
LISAH-BOU-0-44-20240425,1,1355908,Erigeron sumatrensis,57.055542
LISAH-BOU-0-44-20240425,2,1392040,Erigeron blakei,56.736885
LISAH-BOU-0-44-20240425,3,1359639,Malva parviflora,56.360989
LISAH-BOU-0-5-20230512,1,1356276,Sambucus ebulus,63.257965
LISAH-BOU-0-5-20230512,2,1722433,Calamagrostis arenaria,61.575310
LISAH-BOU-0-5-20230512,3,1357351,Carduus pycnocephalus,61.165073
LISAH-BOU-0-5-20230711,1,1408867,Cyclospermum leptophyllum,58.046043
LISAH-BOU-0-5-20230711,2,1389311,Rubus pruinosus,57.894066
LISAH-BOU-0-5-20230711,3,1356397,Equisetum ramosissimum,57.789131
LISAH-BOU-0-50-20230512,1,1356013,Geranium rotundifolium,63.445843
LISAH-BOU-0-50-20230512,2,1361307,Hordeum murinum,62.587448
LISAH-BOU-0-50-20230512,3,1356286,Bromus hordeaceus,62.486031
LISAH-BOU-0-52-20230512,1,1358654,Erodium malacoides,63.863586
LISAH-BOU-0-52-20230512,2,1356008,Geranium molle,60.729240
LISAH-BOU-0-52-20230512,3,1425238,Medicago minima,60.614769
LISAH-BOU-0-54-20230512,1,1392699,Hedypnois rhagadioloides,62.502586
LISAH-BOU-0-54-20230512,2,1425172,Launaea nudicaulis,59.443985
LISAH-BOU-0-54-20230512,3,1363454,Aira praecox,58.408440
LISAH-BOU-0-55-20230512,1,1356008,Geranium molle,62.338570
LISAH-BOU-0-55-20230512,2,1359639,Malva parviflora,58.969822
LISAH-BOU-0-55-20230512,3,1363947,Malva sylvestris,58.574440
LISAH-BOU-0-56-20230512,1,1358654,Erodium malacoides,65.292336
LISAH-BOU-0-56-20230512,2,1361307,Hordeum murinum,61.030022
LISAH-BOU-0-56-20230512,3,1359639,Malva parviflora,59.576996
LISAH-BOU-0-58-20230512,1,1361307,Hordeum murinum,60.014069
LISAH-BOU-0-58-20230512,2,1356286,Bromus hordeaceus,59.885872
LISAH-BOU-0-58-20230512,3,1358654,Erodium malacoides,59.100151
LISAH-BOU-0-6-20240425,1,1356395,Equisetum fluviatile,59.802658
LISAH-BOU-0-6-20240425,2,1356397,Equisetum ramosissimum,59.588791
LISAH-BOU-0-6-20240425,3,1722433,Calamagrostis arenaria,58.574184
LISAH-BOU-0-63-20230512,1,1358257,Diplotaxis tenuifolia,62.019936
LISAH-BOU-0-63-20230512,2,1390637,Calendula arvensis,61.530571
LISAH-BOU-0-63-20230512,3,1400016,Glebionis coronaria,60.135143
LISAH-BOU-0-65-20230512,1,1359639,Malva parviflora,59.504204
LISAH-BOU-0-65-20230512,2,1356008,Geranium molle,59.419609
LISAH-BOU-0-65-20230512,3,1359356,Medicago truncatula,59.130222
LISAH-BOU-0-75-20230516,1,1356013,Geranium rotundifolium,61.784382
LISAH-BOU-0-75-20230516,2,1414366,Bromus sterilis,57.816616
LISAH-BOU-0-75-20230516,3,1360385,Galium aparine,57.260223
LISAH-BOU-0-79-20230512,1,1425238,Medicago minima,64.353546
LISAH-BOU-0-79-20230512,2,1359488,Trifolium campestre,62.244438
LISAH-BOU-0-79-20230512,3,1361307,Hordeum murinum,60.556705
LISAH-BOU-0-8-20240425,1,1358347,Lepidium draba,61.288185
LISAH-BOU-0-8-20240425,2,1355881,Carduus tenuiflorus,60.324738
LISAH-BOU-0-8-20240425,3,1357351,Carduus pycnocephalus,60.103935
LISAH-BOU-0-84-20230512,1,1425238,Medicago minima,63.290287
LISAH-BOU-0-84-20230512,2,1393770,Medicago littoralis,61.605125
LISAH-BOU-0-84-20230512,3,1363791,Scorpiurus muricatus,59.655872
LISAH-BOU-0-9-20240425,1,1414366,Bromus sterilis,61.957470
LISAH-BOU-0-9-20240425,2,1356397,Equisetum ramosissimum,61.865929
LISAH-BOU-0-9-20240425,3,1356395,Equisetum fluviatile,61.348316
LISAH-BOU-0-98-20240425,1,1425238,Medicago minima,65.953941
LISAH-BOU-0-98-20240425,2,1359442,Ornithopus compressus,60.996342
LISAH-BOU-0-98-20240425,3,1363731,Medicago polymorpha,60.472317
LISAH-BVD-0-100-20230510,1,1356286,Bromus hordeaceus,63.782909
LISAH-BVD-0-100-20230510,2,1361307,Hordeum murinum,60.286488
LISAH-BVD-0-100-20230510,3,1414366,Bromus sterilis,58.673260
LISAH-BVD-0-101-20230510,1,1361155,Alopecurus geniculatus,58.608768
LISAH-BVD-0-101-20230510,2,1356066,Plantago lanceolata,58.588364
LISAH-BVD-0-101-20230510,3,1362406,Alopecurus pratensis,58.105164
LISAH-BVD-0-152-20230511,1,1363638,Oxalis corniculata,60.310036
LISAH-BVD-0-152-20230511,2,1394360,Oxalis exilis,59.384762
LISAH-BVD-0-152-20230511,3,1360910,Allium chamaemoly,58.703758
LISAH-BVD-0-155-20230511,1,1363213,Torilis nodosa,63.086685
LISAH-BVD-0-155-20230511,2,1364063,Veronica arvensis,60.190987
LISAH-BVD-0-155-20230511,3,1356871,Herniaria glabra,59.893486
LISAH-BVD-0-158-20230511,1,1356066,Plantago lanceolata,58.554951
LISAH-BVD-0-158-20230511,2,1363740,Trifolium repens,57.960091
LISAH-BVD-0-158-20230511,3,1364065,Veronica persica,57.293701
LISAH-BVD-0-191-20230511,1,1364065,Veronica persica,60.521648
LISAH-BVD-0-191-20230511,2,1390967,Catapodium rigidum,60.192242
LISAH-BVD-0-191-20230511,3,1363455,Poa annua,59.445549
LISAH-BVD-0-192-20230511,1,1414366,Bromus sterilis,57.984402
LISAH-BVD-0-192-20230511,2,1363459,Poa trivialis,57.863274
LISAH-BVD-0-192-20230511,3,1355869,Crepis capillaris,56.556232
LISAH-BVD-0-195-20230511,1,1363740,Trifolium repens,53.623558
LISAH-BVD-0-195-20230511,2,1363455,Poa annua,53.172916
LISAH-BVD-0-195-20230511,3,1718548,Megathyrsus maximus,53.018044
LISAH-BVD-0-196-20230511,1,1363740,Trifolium repens,56.117920
LISAH-BVD-0-196-20230511,2,1356278,Trifolium fragiferum,54.202999
LISAH-BVD-0-196-20230511,3,1425584,Setaria viridis,53.648918
LISAH-BVD-0-197-20230511,1,1363993,Potentilla reptans,59.477356
LISAH-BVD-0-197-20230511,2,1356066,Plantago lanceolata,55.790848
LISAH-BVD-0-197-20230511,3,1363798,Lathyrus aphaca,55.277981
LISAH-BVD-0-200-20230511,1,1363740,Trifolium repens,57.245388
LISAH-BVD-0-200-20230511,2,1359333,Medicago arabica,57.227390
LISAH-BVD-0-200-20230511,3,1363993,Potentilla reptans,56.638496
LISAH-BVD-0-203-20230511,1,1363739,Trifolium nigrescens,57.566532
LISAH-BVD-0-203-20230511,2,1363740,Trifolium repens,57.055042
LISAH-BVD-0-203-20230511,3,1356278,Trifolium fragiferum,56.969070
LISAH-BVD-0-205-20230511,1,1363740,Trifolium repens,59.053883
LISAH-BVD-0-205-20230511,2,1359333,Medicago arabica,58.963268
LISAH-BVD-0-205-20230511,3,1363455,Poa annua,58.049911
LISAH-BVD-0-206-20230511,1,1363740,Trifolium repens,56.887817
LISAH-BVD-0-206-20230511,2,1356278,Trifolium fragiferum,56.818283
LISAH-BVD-0-206-20230511,3,1362023,Festuca filiformis,56.243664
LISAH-BVD-0-208-20230511,1,1361245,Eleusine indica,55.735207
LISAH-BVD-0-208-20230511,2,1362023,Festuca filiformis,55.537411
LISAH-BVD-0-208-20230511,3,1356278,Trifolium fragiferum,55.065048
LISAH-BVD-0-209-20230511,1,1391596,Dactylorhiza majalis,59.401428
LISAH-BVD-0-209-20230511,2,1363740,Trifolium repens,58.263382
LISAH-BVD-0-209-20230511,3,1356066,Plantago lanceolata,57.082397
LISAH-BVD-0-25-20230510,1,1356278,Trifolium fragiferum,56.375336
LISAH-BVD-0-25-20230510,2,1357875,Sonchus asper,55.747803
LISAH-BVD-0-25-20230510,3,1364170,Sonchus oleraceus,54.983082
LISAH-BVD-0-275-20230516,1,1361307,Hordeum murinum,60.552437
LISAH-BVD-0-275-20230516,2,1363993,Potentilla reptans,59.287872
LISAH-BVD-0-275-20230516,3,1364006,Convolvulus arvensis,58.861870
LISAH-BVD-0-277-20230516,1,1363993,Potentilla reptans,64.983856
LISAH-BVD-0-277-20230516,2,1361307,Hordeum murinum,59.983421
LISAH-BVD-0-277-20230516,3,1414366,Bromus sterilis,59.428085
LISAH-BVD-0-278-20230516,1,1363993,Potentilla reptans,64.855347
LISAH-BVD-0-278-20230516,2,1360304,Potentilla anglica,61.046692
LISAH-BVD-0-278-20230516,3,1360307,Potentilla erecta,58.227715
LISAH-BVD-0-281-20230516,1,1363993,Potentilla reptans,64.599075
LISAH-BVD-0-281-20230516,2,1360304,Potentilla anglica,61.562042
LISAH-BVD-0-281-20230516,3,1361190,Avena sterilis,60.475742
LISAH-BVD-0-282-20230516,1,1407739,Bromus catharticus,63.240852
LISAH-BVD-0-282-20230516,2,1363993,Potentilla reptans,62.959019
LISAH-BVD-0-282-20230516,3,1414366,Bromus sterilis,62.218376
LISAH-BVD-0-283-20230516,1,1363993,Potentilla reptans,65.492210
LISAH-BVD-0-283-20230516,2,1360304,Potentilla anglica,61.014004
LISAH-BVD-0-283-20230516,3,1389597,Bupleurum stellatum,58.118477
LISAH-BVD-0-285-20230516,1,1361307,Hordeum murinum,63.958347
LISAH-BVD-0-285-20230516,2,1363993,Potentilla reptans,62.472275
LISAH-BVD-0-285-20230516,3,1414366,Bromus sterilis,60.311562
LISAH-BVD-0-287-20230516,1,1361307,Hordeum murinum,63.001732
LISAH-BVD-0-287-20230516,2,1414366,Bromus sterilis,58.079567
LISAH-BVD-0-287-20230516,3,1363455,Poa annua,56.714096
LISAH-BVD-0-288-20230516,1,1363993,Potentilla reptans,59.530910
LISAH-BVD-0-288-20230516,2,1363458,Poa pratensis,59.134594
LISAH-BVD-0-288-20230516,3,1363468,Avena fatua,58.237846
LISAH-BVD-0-292-20230516,1,1363993,Potentilla reptans,64.935593
LISAH-BVD-0-292-20230516,2,1360304,Potentilla anglica,60.774719
LISAH-BVD-0-292-20230516,3,1390967,Catapodium rigidum,58.873650
LISAH-BVD-0-293-20230516,1,1363993,Potentilla reptans,65.222610
LISAH-BVD-0-293-20230516,2,1407739,Bromus catharticus,58.678352
LISAH-BVD-0-293-20230516,3,1363459,Poa trivialis,57.897476
LISAH-BVD-0-294-20230516,1,1363993,Potentilla reptans,64.626907
LISAH-BVD-0-294-20230516,2,1356286,Bromus hordeaceus,61.248245
LISAH-BVD-0-294-20230516,3,1363403,Polypogon viridis,58.969818
LISAH-BVD-0-295-20230516,1,1363993,Potentilla reptans,56.368057
LISAH-BVD-0-295-20230516,2,1363798,Lathyrus aphaca,55.670151
LISAH-BVD-0-295-20230516,3,1356321,Agrostis stolonifera,55.301628
LISAH-BVD-0-296-20230516,1,1363993,Potentilla reptans,63.275631
LISAH-BVD-0-296-20230516,2,1394592,Pimpinella major,58.111156
LISAH-BVD-0-296-20230516,3,1397387,Fragaria viridis,55.793312
LISAH-BVD-0-297-20230516,1,1363993,Potentilla reptans,62.613762
LISAH-BVD-0-297-20230516,2,1363740,Trifolium repens,57.975784
LISAH-BVD-0-297-20230516,3,1363735,Trifolium alexandrinum,57.624748
LISAH-BVD-0-298-20230516,1,1407739,Bromus catharticus,64.769623
LISAH-BVD-0-298-20230516,2,1363993,Potentilla reptans,62.374489
LISAH-BVD-0-298-20230516,3,1390967,Catapodium rigidum,56.080833
LISAH-BVD-0-299-20230516,1,1363993,Potentilla reptans,64.159241
LISAH-BVD-0-299-20230516,2,1363740,Trifolium repens,56.996784
LISAH-BVD-0-299-20230516,3,1363731,Medicago polymorpha,55.423485
LISAH-BVD-0-300-20230516,1,1363993,Potentilla reptans,64.193138
LISAH-BVD-0-300-20230516,2,1414366,Bromus sterilis,61.141460
LISAH-BVD-0-300-20230516,3,1407739,Bromus catharticus,60.297245
LISAH-BVD-0-301-20230516,1,1363993,Potentilla reptans,63.882957
LISAH-BVD-0-301-20230516,2,1407739,Bromus catharticus,63.570129
LISAH-BVD-0-301-20230516,3,1414366,Bromus sterilis,58.871754
LISAH-BVD-0-302-20230516,1,1363993,Potentilla reptans,64.260345
LISAH-BVD-0-302-20230516,2,1394592,Pimpinella major,57.637794
LISAH-BVD-0-302-20230516,3,1359622,Althaea cannabina,57.027992
LISAH-BVD-0-309-20230516,1,1363993,Potentilla reptans,63.977707
LISAH-BVD-0-309-20230516,2,1360304,Potentilla anglica,56.447170
LISAH-BVD-0-309-20230516,3,1394848,Potentilla grandiflora,55.728527
LISAH-BVD-0-310-20230516,1,1363993,Potentilla reptans,64.885643
LISAH-BVD-0-310-20230516,2,1414366,Bromus sterilis,61.028954
LISAH-BVD-0-310-20230516,3,1360304,Potentilla anglica,56.585037
LISAH-BVD-0-337-20230516,1,1356286,Bromus hordeaceus,61.696278
LISAH-BVD-0-337-20230516,2,1361307,Hordeum murinum,60.358685
LISAH-BVD-0-337-20230516,3,1364006,Convolvulus arvensis,59.302559
LISAH-BVD-0-338-20230516,1,1356286,Bromus hordeaceus,63.716263
LISAH-BVD-0-338-20230516,2,1361307,Hordeum murinum,61.342575
LISAH-BVD-0-338-20230516,3,1364006,Convolvulus arvensis,60.060135
LISAH-BVD-0-339-20230516,1,1414366,Bromus sterilis,62.271198
LISAH-BVD-0-339-20230516,2,1356286,Bromus hordeaceus,61.339684
LISAH-BVD-0-339-20230516,3,1364006,Convolvulus arvensis,60.231853
LISAH-BVD-0-341-20230516,1,1356286,Bromus hordeaceus,63.337418
LISAH-BVD-0-341-20230516,2,1364006,Convolvulus arvensis,59.669991
LISAH-BVD-0-341-20230516,3,1722432,Bromus ferronii,56.648788
LISAH-BVD-0-342-20230516,1,1356286,Bromus hordeaceus,63.201538
LISAH-BVD-0-342-20230516,2,1364006,Convolvulus arvensis,62.912300
LISAH-BVD-0-342-20230516,3,1722432,Bromus ferronii,56.120125
LISAH-BVD-0-343-20230516,1,1356286,Bromus hordeaceus,63.763359
LISAH-BVD-0-343-20230516,2,1363213,Torilis nodosa,60.826916
LISAH-BVD-0-343-20230516,3,1364006,Convolvulus arvensis,59.774700
LISAH-BVD-0-344-20230516,1,1356286,Bromus hordeaceus,62.305355
LISAH-BVD-0-344-20230516,2,1364006,Convolvulus arvensis,59.633526
LISAH-BVD-0-344-20230516,3,1720971,Lolium arundinaceum,57.537579
LISAH-BVD-0-345-20230516,1,1356286,Bromus hordeaceus,62.376030
LISAH-BVD-0-345-20230516,2,1364006,Convolvulus arvensis,58.934105
LISAH-BVD-0-345-20230516,3,1356066,Plantago lanceolata,55.665428
LISAH-BVD-0-346-20230516,1,1356286,Bromus hordeaceus,62.287277
LISAH-BVD-0-346-20230516,2,1364006,Convolvulus arvensis,57.313873
LISAH-BVD-0-346-20230516,3,1361245,Eleusine indica,56.995087
LISAH-BVD-0-347-20230516,1,1356286,Bromus hordeaceus,62.255798
LISAH-BVD-0-347-20230516,2,1364006,Convolvulus arvensis,58.461628
LISAH-BVD-0-347-20230516,3,1363460,Holcus lanatus,58.074780
LISAH-BVD-0-348-20230516,1,1356286,Bromus hordeaceus,64.414734
LISAH-BVD-0-348-20230516,2,1357875,Sonchus asper,60.188110
LISAH-BVD-0-348-20230516,3,1390967,Catapodium rigidum,59.694298
LISAH-BVD-0-349-20230516,1,1356286,Bromus hordeaceus,63.888077
LISAH-BVD-0-349-20230516,2,1722432,Bromus ferronii,59.255783
LISAH-BVD-0-349-20230516,3,1363798,Lathyrus aphaca,58.330467
LISAH-BVD-0-35-20230510,1,1363455,Poa annua,56.491486
LISAH-BVD-0-35-20230510,2,1364065,Veronica persica,55.346935
LISAH-BVD-0-35-20230510,3,1396446,Stellaria graminea,55.222378
LISAH-BVD-0-350-20230516,1,1356286,Bromus hordeaceus,64.236313
LISAH-BVD-0-350-20230516,2,1357635,Helminthotheca echioides,59.908493
LISAH-BVD-0-350-20230516,3,1364006,Convolvulus arvensis,58.973167
LISAH-BVD-0-351-20230516,1,1364006,Convolvulus arvensis,59.818062
LISAH-BVD-0-351-20230516,2,1363798,Lathyrus aphaca,58.668789
LISAH-BVD-0-351-20230516,3,1356286,Bromus hordeaceus,57.538937
LISAH-BVD-0-352-20230516,1,1356286,Bromus hordeaceus,62.436642
LISAH-BVD-0-352-20230516,2,1364006,Convolvulus arvensis,60.372822
LISAH-BVD-0-352-20230516,3,1361190,Avena sterilis,59.628757
LISAH-BVD-0-353-20230516,1,1356286,Bromus hordeaceus,62.086578
LISAH-BVD-0-353-20230516,2,1391337,Convolvulus betonicifolius,61.121616
LISAH-BVD-0-353-20230516,3,1361190,Avena sterilis,59.635662
LISAH-BVD-0-354-20230516,1,1364006,Convolvulus arvensis,60.032604
LISAH-BVD-0-354-20230516,2,1357635,Helminthotheca echioides,59.742573
LISAH-BVD-0-354-20230516,3,1363467,Avena barbata,56.619484
LISAH-BVD-0-364-20230516,1,1361307,Hordeum murinum,60.013290
LISAH-BVD-0-364-20230516,2,1364173,Lactuca serriola,59.749367
LISAH-BVD-0-364-20230516,3,1359639,Malva parviflora,58.391026
LISAH-BVD-0-372-20230516,1,1361307,Hordeum murinum,59.232208
LISAH-BVD-0-372-20230516,2,1359495,Trifolium hirtum,59.073132
LISAH-BVD-0-372-20230516,3,1359525,Trifolium stellatum,57.852707
LISAH-BVD-0-379-20230516,1,1361307,Hordeum murinum,61.817432
LISAH-BVD-0-379-20230516,2,1364006,Convolvulus arvensis,56.896240
LISAH-BVD-0-379-20230516,3,1361306,Hordeum marinum,54.862278
LISAH-BVD-0-380-20230516,1,1361307,Hordeum murinum,62.221539
LISAH-BVD-0-380-20230516,2,1360120,Rumex acetosa,58.234558
LISAH-BVD-0-380-20230516,3,1364006,Convolvulus arvensis,58.091614
LISAH-BVD-0-383-20230516,1,1422217,Bromus madritensis,60.301762
LISAH-BVD-0-383-20230516,2,1363475,Lolium perenne,58.685848
LISAH-BVD-0-383-20230516,3,1422218,Bromus rubens,58.003082
LISAH-BVD-0-392-20230516,1,1364006,Convolvulus arvensis,59.388737
LISAH-BVD-0-392-20230516,2,1363740,Trifolium repens,57.153439
LISAH-BVD-0-392-20230516,3,1355936,Cirsium arvense,55.997494
LISAH-BVD-0-397-20230517,1,1414366,Bromus sterilis,58.689838
LISAH-BVD-0-397-20230517,2,1422217,Bromus madritensis,58.484543
LISAH-BVD-0-397-20230517,3,1364160,Picris hieracioides,56.432270
LISAH-BVD-0-398-20230517,1,1360860,Verbena officinalis,60.424461
LISAH-BVD-0-398-20230517,2,1363740,Trifolium repens,58.232780
LISAH-BVD-0-398-20230517,3,1414366,Bromus sterilis,57.487976
LISAH-BVD-0-412-20230517,1,1360860,Verbena officinalis,61.248344
LISAH-BVD-0-412-20230517,2,1357697,Leontodon hispidus,60.376991
LISAH-BVD-0-412-20230517,3,1414353,Bromus diandrus,58.150047
LISAH-BVD-0-417-20230517,1,1361307,Hordeum murinum,63.045639
LISAH-BVD-0-417-20230517,2,1356286,Bromus hordeaceus,62.833778
LISAH-BVD-0-417-20230517,3,1363740,Trifolium repens,59.016869
LISAH-BVD-0-428-20230517,1,1356286,Bromus hordeaceus,62.229919
LISAH-BVD-0-428-20230517,2,1361307,Hordeum murinum,61.805866
LISAH-BVD-0-428-20230517,3,1357875,Sonchus asper,59.091766
LISAH-BVD-0-430-20230517,1,1356286,Bromus hordeaceus,64.792984
LISAH-BVD-0-430-20230517,2,1364006,Convolvulus arvensis,61.701996
LISAH-BVD-0-430-20230517,3,1363740,Trifolium repens,58.279945
LISAH-BVD-0-431-20230517,1,1364006,Convolvulus arvensis,61.132214
LISAH-BVD-0-431-20230517,2,1363475,Lolium perenne,61.036324
LISAH-BVD-0-431-20230517,3,1407739,Bromus catharticus,61.022377
LISAH-BVD-0-432-20230517,1,1356286,Bromus hordeaceus,64.771751
LISAH-BVD-0-432-20230517,2,1357635,Helminthotheca echioides,60.954456
LISAH-BVD-0-432-20230517,3,1359284,Lathyrus tuberosus,60.592026
LISAH-BVD-0-463-20230517,1,1364065,Veronica persica,60.752495
LISAH-BVD-0-463-20230517,2,1394636,Plantago media,60.072693
LISAH-BVD-0-463-20230517,3,1356066,Plantago lanceolata,58.317623
LISAH-BVD-0-465-20230517,1,1364065,Veronica persica,60.379963
LISAH-BVD-0-465-20230517,2,1356066,Plantago lanceolata,57.851387
LISAH-BVD-0-465-20230517,3,1363555,Eragrostis minor,56.886353
LISAH-BVD-0-471-20230517,1,1356286,Bromus hordeaceus,62.985172
LISAH-BVD-0-471-20230517,2,1407739,Bromus catharticus,62.860733
LISAH-BVD-0-471-20230517,3,1356066,Plantago lanceolata,58.360237
LISAH-BVD-0-54-20230510,1,1722501,Rumex spinosus,61.075146
LISAH-BVD-0-54-20230510,2,1356314,Rumex pulcher,60.674450
LISAH-BVD-0-54-20230510,3,1359639,Malva parviflora,58.934162
LISAH-BVD-0-99-20230510,1,1407739,Bromus catharticus,61.442429
LISAH-BVD-0-99-20230510,2,1363731,Medicago polymorpha,61.375259
LISAH-BVD-0-99-20230510,3,1356286,Bromus hordeaceus,61.216835
LISAH-JAS-0-1-20220505,1,1357546,Crepis sancta,63.421410
LISAH-JAS-0-1-20220505,2,1357526,Crepis bursifolia,63.199768
LISAH-JAS-0-1-20220505,3,1357702,Leontodon tuberosus,60.709389
LISAH-JAS-0-11-20220505,1,1357875,Sonchus asper,61.214211
LISAH-JAS-0-11-20220505,2,1359519,Trifolium resupinatum,60.555237
LISAH-JAS-0-11-20220505,3,1743544,Trifolium clusii,59.480934
LISAH-JAS-0-12-20220505,1,1359519,Trifolium resupinatum,66.763023
LISAH-JAS-0-12-20220505,2,1359860,Chaenorhinum minus,61.031242
LISAH-JAS-0-12-20220505,3,1363731,Medicago polymorpha,60.542294
LISAH-JAS-0-13-20220505,1,1359519,Trifolium resupinatum,65.552162
LISAH-JAS-0-13-20220505,2,1363739,Trifolium nigrescens,63.978882
LISAH-JAS-0-13-20220505,3,1356084,Polygonum aviculare,62.286800
LISAH-JAS-0-15-20220505,1,1359519,Trifolium resupinatum,66.399353
LISAH-JAS-0-15-20220505,2,1422217,Bromus madritensis,63.290386
LISAH-JAS-0-15-20220505,3,1356084,Polygonum aviculare,62.966797
LISAH-JAS-0-16-20220505,1,1359519,Trifolium resupinatum,67.039047
LISAH-JAS-0-16-20220505,2,1363878,Diplotaxis erucoides,64.011551
LISAH-JAS-0-16-20220505,3,1356278,Trifolium fragiferum,61.646973
LISAH-JAS-0-17-20220505,1,1362236,Fumaria parviflora,64.168777
LISAH-JAS-0-17-20220505,2,1363731,Medicago polymorpha,62.771622
LISAH-JAS-0-17-20220505,3,1356084,Polygonum aviculare,62.711853
LISAH-JAS-0-2-20220505,1,1356111,Lamium amplexicaule,63.298542
LISAH-JAS-0-2-20220505,2,1364065,Veronica persica,61.371845
LISAH-JAS-0-2-20220505,3,1356084,Polygonum aviculare,59.690784
LISAH-JAS-0-6-20220505,1,1359519,Trifolium resupinatum,63.556080
LISAH-JAS-0-6-20220505,2,1364138,Senecio vulgaris,63.138016
LISAH-JAS-0-6-20220505,3,1356084,Polygonum aviculare,61.280891
LISAH-JAS-0-7-20220505,1,1364138,Senecio vulgaris,62.816742
LISAH-JAS-0-7-20220505,2,1356084,Polygonum aviculare,61.737122
LISAH-JAS-0-7-20220505,3,1359519,Trifolium resupinatum,58.338009
LISAH-JAS-0-9-20220505,1,1359519,Trifolium resupinatum,65.100121
LISAH-JAS-0-9-20220505,2,1357546,Crepis sancta,64.434303
LISAH-JAS-0-9-20220505,3,1355870,Crepis foetida,61.251274
LISAH-JAS-1-25-20220505,1,1363213,Torilis nodosa,62.914639
LISAH-JAS-1-25-20220505,2,1363467,Avena barbata,57.224533
LISAH-JAS-1-25-20220505,3,1422217,Bromus madritensis,56.118126
LISAH-JAS-1-27-20220505,1,1361307,Hordeum murinum,63.098782
LISAH-JAS-1-27-20220505,2,1363730,Medicago lupulina,59.929504
LISAH-JAS-1-27-20220505,3,1359296,Lotus corniculatus,59.720619
LISAH-JAS-1-28-20220505,1,1363947,Malva sylvestris,61.997192
LISAH-JAS-1-28-20220505,2,1363945,Malva nicaeensis,61.682327
LISAH-JAS-1-28-20220505,3,1362898,Malva multiflora,61.263863
LISAH-JAS-1-5-20220505,1,1357546,Crepis sancta,62.615871
LISAH-JAS-1-5-20220505,2,1364065,Veronica persica,60.400146
LISAH-JAS-1-5-20220505,3,1357526,Crepis bursifolia,59.918678
LISAH-PEC-0-0-20220608,1,1357945,Tolpis umbellata,61.511921
LISAH-PEC-0-0-20220608,2,1361926,Scabiosa columbaria,61.478958
LISAH-PEC-0-0-20220608,3,1502684,Centaurea linifolia,59.811333
LISAH-PEC-0-1-20230411,1,1356013,Geranium rotundifolium,66.814941
LISAH-PEC-0-1-20230411,2,1358654,Erodium malacoides,61.661156
LISAH-PEC-0-1-20230411,3,1364138,Senecio vulgaris,60.211082
LISAH-PEC-0-10-20230405,1,1363878,Diplotaxis erucoides,61.738186
LISAH-PEC-0-10-20230405,2,1364138,Senecio vulgaris,60.252216
LISAH-PEC-0-10-20230405,3,1357635,Helminthotheca echioides,59.454769
LISAH-PEC-0-11-20230405,1,1357635,Helminthotheca echioides,60.670162
LISAH-PEC-0-11-20230405,2,1363791,Scorpiurus muricatus,58.623318
LISAH-PEC-0-11-20230405,3,1364138,Senecio vulgaris,58.468643
LISAH-PEC-0-11-20230411,1,1356013,Geranium rotundifolium,65.977554
LISAH-PEC-0-11-20230411,2,1363878,Diplotaxis erucoides,59.633041
LISAH-PEC-0-11-20230411,3,1480138,Diplotaxis ilorcitana,57.940666
LISAH-PEC-0-12-20230411,1,1356013,Geranium rotundifolium,66.694611
LISAH-PEC-0-12-20230411,2,1360437,Valantia muralis,59.392670
LISAH-PEC-0-12-20230411,3,1357702,Leontodon tuberosus,59.322243
LISAH-PEC-0-13-20230411,1,1356013,Geranium rotundifolium,65.921707
LISAH-PEC-0-13-20230411,2,1364016,Convolvulus althaeoides,59.389942
LISAH-PEC-0-13-20230411,3,1664563,Ranunculus nigrescens,59.099113
LISAH-PEC-0-13-20230413,1,1357198,Anacyclus radiatus,61.523926
LISAH-PEC-0-13-20230413,2,1356013,Geranium rotundifolium,61.460014
LISAH-PEC-0-13-20230413,3,1364151,Anacyclus clavatus,61.238194
LISAH-PEC-0-14-20230407,1,1363988,Crataegus monogyna,58.841442
LISAH-PEC-0-14-20230407,2,1361000,Asparagus acutifolius,56.975113
LISAH-PEC-0-14-20230407,3,1391368,Corylus avellana,55.760864
LISAH-PEC-0-15-20230407,1,1361000,Asparagus acutifolius,61.029205
LISAH-PEC-0-15-20230407,2,1360588,Daphne gnidium,56.506432
LISAH-PEC-0-15-20230407,3,1358596,Euphorbia transtagana,55.342865
LISAH-PEC-0-17-20230413,1,1363676,Vicia faba,59.998383
LISAH-PEC-0-17-20230413,2,1396879,Trigonella gladiata,58.676117
LISAH-PEC-0-17-20230413,3,1363674,Vicia narbonensis,58.061508
LISAH-PEC-0-18-20230411,1,1356013,Geranium rotundifolium,64.775833
LISAH-PEC-0-18-20230411,2,1355964,Euphorbia helioscopia,62.771935
LISAH-PEC-0-18-20230411,3,1357635,Helminthotheca echioides,59.656284
LISAH-PEC-0-19-20230413,1,1356013,Geranium rotundifolium,66.056793
LISAH-PEC-0-19-20230413,2,1363676,Vicia faba,62.285557
LISAH-PEC-0-19-20230413,3,1359266,Lathyrus angulatus,60.660873
LISAH-PEC-0-20-20230411,1,1356013,Geranium rotundifolium,65.989723
LISAH-PEC-0-20-20230411,2,1363878,Diplotaxis erucoides,62.392853
LISAH-PEC-0-20-20230411,3,1364138,Senecio vulgaris,61.825630
LISAH-PEC-0-4-20230407,1,1360433,Rubia peregrina,53.580761
LISAH-PEC-0-4-20230407,2,1358946,Stachys ocymastrum,52.371971
LISAH-PEC-0-4-20230407,3,1357361,Carlina racemosa,52.203312
LISAH-PEC-0-4-20230411,1,1356013,Geranium rotundifolium,67.572983
LISAH-PEC-0-4-20230411,2,1363878,Diplotaxis erucoides,61.027710
LISAH-PEC-0-4-20230411,3,1550154,Erodium cazorlanum,59.381226
LISAH-PEC-0-6-20220608,1,1357401,Centaurea aspera,66.203827
LISAH-PEC-0-6-20220608,2,1744673,Mantisalca spinulosa,61.973686
LISAH-PEC-0-6-20220608,3,1502795,Centaurea pinnata,61.751743
LISAH-PEC-0-6-20230411,1,1356013,Geranium rotundifolium,67.828781
LISAH-PEC-0-6-20230411,2,1363791,Scorpiurus muricatus,63.476593
LISAH-PEC-0-6-20230411,3,1364138,Senecio vulgaris,60.025215
LISAH-PEC-0-8-20230405,1,1363878,Diplotaxis erucoides,64.296883
LISAH-PEC-0-8-20230405,2,1357425,Centaurea hyalolepis,62.876804
LISAH-PEC-0-8-20230405,3,1358260,Diplotaxis virgata,60.448048
LISAH-PEC-0-9-20230411,1,1356013,Geranium rotundifolium,67.058784
LISAH-PEC-0-9-20230411,2,1357546,Crepis sancta,59.559593
LISAH-PEC-0-9-20230411,3,1550154,Erodium cazorlanum,58.906944
LISAH-PEC-0-9-20230413,1,1356013,Geranium rotundifolium,63.821854
LISAH-PEC-0-9-20230413,2,1357598,Galactites tomentosus,63.753212
LISAH-PEC-0-9-20230413,3,1363676,Vicia faba,60.582485
LISAH-PEC-1-13-20230405,1,1363791,Scorpiurus muricatus,62.511517
LISAH-PEC-1-13-20230405,2,1357635,Helminthotheca echioides,61.674736
LISAH-PEC-1-13-20230405,3,1363878,Diplotaxis erucoides,61.283768
LISAH-PEC-1-18-20230407,1,1363878,Diplotaxis erucoides,62.047813
LISAH-PEC-1-18-20230407,2,1355994,Erodium cicutarium,58.027626
LISAH-PEC-1-18-20230407,3,1743300,Sulla spinosissima,57.787651
LISAH-PEC-2-0-20220609,1,1356013,Geranium rotundifolium,65.290840
LISAH-PEC-2-0-20220609,2,1364151,Anacyclus clavatus,64.531433
LISAH-PEC-2-0-20220609,3,1361307,Hordeum murinum,60.886131
LISAH-PEC-2-11-20220609,1,1356013,Geranium rotundifolium,64.966698
LISAH-PEC-2-11-20220609,2,1357351,Carduus pycnocephalus,63.165104
LISAH-PEC-2-11-20220609,3,1361307,Hordeum murinum,59.011208
LISAH-PEC-2-17-20230407,1,1363878,Diplotaxis erucoides,61.172997
LISAH-PEC-2-17-20230407,2,1355994,Erodium cicutarium,59.896690
LISAH-PEC-2-17-20230407,3,1361805,Erodium acaule,59.478203
LISAH-PEC-2-2-20220609,1,1356013,Geranium rotundifolium,65.531586
LISAH-PEC-2-2-20220609,2,1356012,Geranium purpureum,61.078320
LISAH-PEC-2-2-20220609,3,1422217,Bromus madritensis,59.827217
LISAH-PEC-2-20-20230407,1,1356013,Geranium rotundifolium,65.620567
LISAH-PEC-2-20-20230407,2,1363878,Diplotaxis erucoides,62.874584
LISAH-PEC-2-20-20230407,3,1355994,Erodium cicutarium,61.871895
LISAH-PEC-2-4-20220609,1,1356013,Geranium rotundifolium,64.995293
LISAH-PEC-2-4-20220609,2,1357351,Carduus pycnocephalus,60.870514
LISAH-PEC-2-4-20220609,3,1357335,Carduus argyroa,60.264999
LISAH-PEC-2-5-20220609,1,1364151,Anacyclus clavatus,65.197319
LISAH-PEC-2-5-20220609,2,1357514,Cladanthus mixtus,63.817348
LISAH-PEC-2-5-20220609,3,1357351,Carduus pycnocephalus,62.471195
LISAH-PEC-2-5-20230407,1,1356013,Geranium rotundifolium,67.077446
LISAH-PEC-2-5-20230407,2,1492109,Arenaria fontqueri,61.840771
LISAH-PEC-2-5-20230407,3,1722525,Stellaria apetala,61.271034
LISAH-PEC-2-6-20220609,1,1422217,Bromus madritensis,60.465931
LISAH-PEC-2-6-20220609,2,1361117,Aegilops geniculata,59.689095
LISAH-PEC-2-6-20220609,3,1356013,Geranium rotundifolium,59.366741
LISAH-PEC-3-10-20230407,1,1363804,Lathyrus sativus,63.833191
LISAH-PEC-3-10-20230407,2,1363676,Vicia faba,60.861866
LISAH-PEC-3-10-20230407,3,1363805,Lathyrus annuus,60.340866
LISAH-PEC-3-16-20230407,1,1363676,Vicia faba,63.316330
LISAH-PEC-3-16-20230407,2,1363804,Lathyrus sativus,61.719742
LISAH-PEC-3-16-20230407,3,1359336,Medicago disciformis,60.616196
LISAH-PEC-3-20-20230407,1,1359279,Lathyrus ochrus,60.490322
LISAH-PEC-3-20-20230407,2,1363676,Vicia faba,60.192154
LISAH-PEC-3-20-20230407,3,1356013,Geranium rotundifolium,57.952156
OPTMix-0108-P1-312-20231006,1,1356404,Pteridium aquilinum,58.610130
OPTMix-0108-P1-312-20231006,2,1395020,Quercus cerris,55.183235
OPTMix-0108-P1-312-20231006,3,1358616,Quercus pyrenaica,55.071266
OPTMix-0108-P1-422-20231006,1,1363593,Molinia caerulea,59.566475
OPTMix-0108-P1-422-20231006,2,1357413,Quercus robur,53.963020
OPTMix-0108-P1-422-20231006,3,1741584,Molinia arundinacea,53.896954
OPTMix-0108-P1-427-20231006,1,1358612,Quercus canariensis,59.288490
OPTMix-0108-P1-427-20231006,2,1743914,Quercus estremadurensis,58.989876
OPTMix-0108-P1-427-20231006,3,1356404,Pteridium aquilinum,56.572647
OPTMix-0108-P1-533-20231006,1,1743914,Quercus estremadurensis,55.509758
OPTMix-0108-P1-533-20231006,2,1363593,Molinia caerulea,55.457954
OPTMix-0108-P1-533-20231006,3,1357413,Quercus robur,55.113922
OPTMix-0108-P1-95-20231006,1,1363593,Molinia caerulea,56.047340
OPTMix-0108-P1-95-20231006,2,1363329,Juncus inflexus,49.854435
OPTMix-0108-P1-95-20231006,3,1363087,Carex reuteriana,49.536861
OPTMix-012-P1-143-20231201,1,1391809,Dryopteris dilatata,60.153618
OPTMix-012-P1-143-20231201,2,1357413,Quercus robur,57.469849
OPTMix-012-P1-143-20231201,3,1358616,Quercus pyrenaica,56.670906
OPTMix-012-P1-208-20231201,1,1419076,Quercus petraea,61.426910
OPTMix-012-P1-208-20231201,2,1358612,Quercus canariensis,56.229183
OPTMix-012-P1-208-20231201,3,1357413,Quercus robur,55.749390
OPTMix-012-P2-192-20231201,1,1419076,Quercus petraea,58.753540
OPTMix-012-P2-192-20231201,2,1738583,Hedera algeriensis,56.799530
OPTMix-012-P2-192-20231201,3,1363575,Hedera helix,56.549469
OPTMix-012-P2-207-20231201,1,1419076,Quercus petraea,58.702744
OPTMix-012-P2-207-20231201,2,1360945,Allium vineale,58.581326
OPTMix-012-P2-207-20231201,3,1400084,Avenella flexuosa,57.744656
OPTMix-012-P2-240-20231201,1,1356357,Asplenium scolopendrium,57.537540
OPTMix-012-P2-240-20231201,2,1400084,Avenella flexuosa,56.741535
OPTMix-012-P2-240-20231201,3,1419076,Quercus petraea,56.554272
OPTMix-012-P3-190-20231201,1,1400084,Avenella flexuosa,60.337212
OPTMix-012-P3-190-20231201,2,1359973,Plantago subulata,58.944157
OPTMix-012-P3-190-20231201,3,1363575,Hedera helix,58.048531
OPTMix-012-P3-218-20231201,1,1419076,Quercus petraea,58.862568
OPTMix-012-P3-218-20231201,2,1357413,Quercus robur,57.139996
OPTMix-012-P3-218-20231201,3,1548458,Quercus rosacea,52.809280
OPTMix-012-P3-220-20231201,1,1358612,Quercus canariensis,57.536366
OPTMix-012-P3-220-20231201,2,1358616,Quercus pyrenaica,56.375458
OPTMix-012-P3-220-20231201,3,1743914,Quercus estremadurensis,56.270226
OPTMix-0178-P1-1060-20231006,1,1356382,Dryopteris filix-mas,55.533134
OPTMix-0178-P1-1060-20231006,2,1356404,Pteridium aquilinum,52.293995
OPTMix-0178-P1-1060-20231006,3,1396752,Thelypteris palustris,52.050629
OPTMix-0178-P1-1061-20231006,1,1419915,Pinus nigra,49.085075
OPTMix-0178-P1-1061-20231006,2,1394611,Pinus pinaster,48.698189
OPTMix-0178-P1-1061-20231006,3,1361654,Neottia nidus-avis,47.673031
OPTMix-0178-P1-552-20231006,1,1356404,Pteridium aquilinum,58.036331
OPTMix-0178-P1-552-20231006,2,1356382,Dryopteris filix-mas,56.109444
OPTMix-0178-P1-552-20231006,3,1391809,Dryopteris dilatata,53.714691
OPTMix-0178-P1-661-20231006,1,1356404,Pteridium aquilinum,60.471458
OPTMix-0178-P1-661-20231006,2,1356364,Athyrium filix-femina,57.520679
OPTMix-0178-P1-661-20231006,3,1356382,Dryopteris filix-mas,56.350452
OPTMix-0178-P1-663-20231006,1,1358612,Quercus canariensis,55.805912
OPTMix-0178-P1-663-20231006,2,1358614,Quercus faginea,51.385506
OPTMix-0178-P1-663-20231006,3,1419076,Quercus petraea,51.301521
OPTMix-0178-P1-669-20231006,1,1394611,Pinus pinaster,52.014404
OPTMix-0178-P1-669-20231006,2,1356404,Pteridium aquilinum,49.665199
OPTMix-0178-P1-669-20231006,3,1400084,Avenella flexuosa,49.581451
OPTMix-0200-11006-20231009,1,1393681,Luzula luzuloides,56.397404
OPTMix-0200-11006-20231009,2,1419076,Quercus petraea,56.389290
OPTMix-0200-11006-20231009,3,1357413,Quercus robur,55.934105
OPTMix-0200-P2-53-20231009,1,1358504,Erica australis,62.607330
OPTMix-0200-P2-53-20231009,2,1358507,Erica cinerea,61.361752
OPTMix-0200-P2-53-20231009,3,1358514,Erica umbellata,60.639187
OPTMix-0200-P2-54-20231009,1,1393790,Ampelodesmos mauritanicus,55.006248
OPTMix-0200-P2-54-20231009,2,1379532,Calamagrostis epigejos,54.358086
OPTMix-0200-P2-54-20231009,3,1731667,Sporobolus montevidensis,53.713081
OPTMix-0200-P2-68-20231009,1,1358501,Calluna vulgaris,62.046890
OPTMix-0200-P2-68-20231009,2,1743336,Santolina magonica,54.667778
OPTMix-0200-P2-68-20231009,3,1358503,Erica arborea,54.647091
OPTMix-0200-P3-108-20231009,1,1356404,Pteridium aquilinum,55.915287
OPTMix-0200-P3-108-20231009,2,1731667,Sporobolus montevidensis,54.171078
OPTMix-0200-P3-108-20231009,3,1361081,Carex riparia,53.799362
OPTMix-0200-P3-127-20231009,1,1356404,Pteridium aquilinum,59.833477
OPTMix-0200-P3-127-20231009,2,1363593,Molinia caerulea,57.497498
OPTMix-0200-P3-127-20231009,3,1363401,Imperata cylindrica,56.665497
OPTMix-0200-P3-139-20231009,1,1363933,Ehrharta erecta,58.674603
OPTMix-0200-P3-139-20231009,2,1392764,Herniaria litardierei,55.333904
OPTMix-0200-P3-139-20231009,3,1722433,Calamagrostis arenaria,54.489841
OPTMix-0214-P1-207-20231010,1,1358612,Quercus canariensis,56.708836
OPTMix-0214-P1-207-20231010,2,1358616,Quercus pyrenaica,56.349136
OPTMix-0214-P1-207-20231010,3,1392309,Festuca heterophylla,56.282318
OPTMix-0214-P1-208-20231010,1,1400084,Avenella flexuosa,58.564835
OPTMix-0214-P1-208-20231010,2,1358612,Quercus canariensis,58.478031
OPTMix-0214-P1-208-20231010,3,1362023,Festuca filiformis,56.929405
OPTMix-0214-P1-235-20231010,1,1358612,Quercus canariensis,57.964859
OPTMix-0214-P1-235-20231010,2,1548153,Quercus cerrioides,57.291298
OPTMix-0214-P1-235-20231010,3,1743914,Quercus estremadurensis,56.722832
OPTMix-0214-P2-22-20231010,1,1358501,Calluna vulgaris,61.935787
OPTMix-0214-P2-22-20231010,2,1358703,Hypericum linariifolium,58.880455
OPTMix-0214-P2-22-20231010,3,1362024,Hypericum triquetrifolium,58.732101
OPTMix-0214-P2-64-20231010,1,1358501,Calluna vulgaris,62.212017
OPTMix-0214-P2-64-20231010,2,1362385,Thesium humifusum,53.964333
OPTMix-0214-P2-64-20231010,3,1578171,Genista tridentata,53.728405
OPTMix-0214-P2-84-20231010,1,1419076,Quercus petraea,60.898804
OPTMix-0214-P2-84-20231010,2,1359973,Plantago subulata,58.272362
OPTMix-0214-P2-84-20231010,3,1358612,Quercus canariensis,55.100243
OPTMix-0214-P3-186-20231010,1,1744507,Genista patens,56.264603
OPTMix-0214-P3-186-20231010,2,1392521,Genista pilosa,55.670822
OPTMix-0214-P3-186-20231010,3,1578119,Genista falcata,53.456589
OPTMix-0214-P3-196-20231010,1,1419076,Quercus petraea,58.158928
OPTMix-0214-P3-196-20231010,2,1357413,Quercus robur,57.508514
OPTMix-0214-P3-196-20231010,3,1356455,Acer campestre,55.127460
OPTMix-0214-P3-278-20231010,1,1390761,Carex arenaria,55.689346
OPTMix-0214-P3-278-20231010,2,1392059,Eriophorum angustifolium,54.317619
OPTMix-0214-P3-278-20231010,3,1731667,Sporobolus montevidensis,53.959930
OPTMix-0216-P4-208-20231009,1,1358501,Calluna vulgaris,61.302742
OPTMix-0216-P4-208-20231009,2,1391809,Dryopteris dilatata,56.970562
OPTMix-0216-P4-208-20231009,3,1393522,Leymus arenarius,56.205364
OPTMix-0255-11233-20231009,1,1362592,Agrostis vinealis,53.780174
OPTMix-0255-11233-20231009,2,1399620,Armeria macrophylla,53.548851
OPTMix-0255-11233-20231009,3,1388990,Brachypodium retusum,52.922073
OPTMix-0255-11372-20231009,1,1363593,Molinia caerulea,60.288055
OPTMix-0255-11372-20231009,2,1395026,Quercus pubescens,57.505833
OPTMix-0255-11372-20231009,3,1419076,Quercus petraea,55.646957
OPTMix-0255-11382-20231009,1,1502682,Centaurea limbata,54.536331
OPTMix-0255-11382-20231009,2,1363593,Molinia caerulea,53.895355
OPTMix-0255-11382-20231009,3,1361075,Carex pendula,53.871384
OPTMix-033-P3-107-20231201,1,1356404,Pteridium aquilinum,60.187473
OPTMix-033-P3-107-20231201,2,1363281,Carex acutiformis,53.880783
OPTMix-033-P3-107-20231201,3,1361043,Carex binervis,53.767918
OPTMix-0333-P1-107-20231212,1,1356404,Pteridium aquilinum,59.083668
OPTMix-0333-P1-107-20231212,2,1361703,Posidonia oceanica,52.412292
OPTMix-0333-P1-107-20231212,3,1391809,Dryopteris dilatata,52.400723
OPTMix-0333-P1-112-20231212,1,1356404,Pteridium aquilinum,59.793629
OPTMix-0333-P1-112-20231212,2,1361256,Eragrostis multicaulis,58.726852
OPTMix-0333-P1-112-20231212,3,1396168,Selaginella kraussiana,56.988800
OPTMix-0333-P2-108-20231212,1,1356404,Pteridium aquilinum,58.728268
OPTMix-0333-P2-108-20231212,2,1356382,Dryopteris filix-mas,58.076187
OPTMix-0333-P2-108-20231212,3,1356436,Pteris incompleta,51.792023
OPTMix-0333-P2-112-20231212,1,1388770,Brachypodium distachyon,52.377602
OPTMix-0333-P2-112-20231212,2,1356404,Pteridium aquilinum,52.169624
OPTMix-0333-P2-112-20231212,3,1388990,Brachypodium retusum,51.415531
OPTMix-0333-P2-115-20231212,1,1356404,Pteridium aquilinum,58.894215
OPTMix-0333-P2-115-20231212,2,1361412,Sporobolus pungens,52.756645
OPTMix-0333-P2-115-20231212,3,1388990,Brachypodium retusum,51.908367
OPTMix-0333-P3-100-20231201,1,1356404,Pteridium aquilinum,57.853466
OPTMix-0333-P3-100-20231201,2,1743252,Orobanche rosmarina,50.676315
OPTMix-0333-P3-100-20231201,3,1738619,Hesperocyparis lusitanica,50.394772
OPTMix-0333-P3-76-20231201,1,1356404,Pteridium aquilinum,61.085392
OPTMix-0333-P3-76-20231201,2,1356442,Selaginella denticulata,58.027122
OPTMix-0333-P3-76-20231201,3,1396752,Thelypteris palustris,57.264450
OPTMix-057-P1-1699-20231010,1,1356382,Dryopteris filix-mas,55.937675
OPTMix-057-P1-1699-20231010,2,1356404,Pteridium aquilinum,55.838341
OPTMix-057-P1-1699-20231010,3,1358615,Quercus lusitanica,55.700401
OPTMix-057-P1-1901-20231010,1,1356382,Dryopteris filix-mas,54.349262
OPTMix-057-P1-1901-20231010,2,1401438,Thelypteris dentata,52.320034
OPTMix-057-P1-1901-20231010,3,1391814,Dryopteris oreades,51.443897
OPTMix-057-P1-1902-20231010,1,1356404,Pteridium aquilinum,58.308533
OPTMix-057-P1-1902-20231010,2,1356382,Dryopteris filix-mas,58.227955
OPTMix-057-P1-1902-20231010,3,1391805,Dryopteris carthusiana,56.164528
OPTMix-057-P1-1913-20231010,1,1356404,Pteridium aquilinum,59.412605
OPTMix-057-P1-1913-20231010,2,1356382,Dryopteris filix-mas,54.351540
OPTMix-057-P1-1913-20231010,3,1492564,Dianthus charidemi,51.653980
OPTMix-057-P1-1917-20231010,1,1356404,Pteridium aquilinum,59.506866
OPTMix-057-P1-1917-20231010,2,1356382,Dryopteris filix-mas,59.208733
OPTMix-057-P1-1917-20231010,3,1396752,Thelypteris palustris,58.783463
OPTMix-0593-P1-129-20231205,1,1419076,Quercus petraea,57.801796
OPTMix-0593-P1-129-20231205,2,1395026,Quercus pubescens,56.516273
OPTMix-0593-P1-129-20231205,3,1358612,Quercus canariensis,55.749527
OPTMix-0593-P1-134-20231205,1,1359973,Plantago subulata,59.934067
OPTMix-0593-P1-134-20231205,2,1419076,Quercus petraea,55.761410
OPTMix-0593-P1-134-20231205,3,1400084,Avenella flexuosa,51.234371
OPTMix-0593-P1-86-20231205,1,1400084,Avenella flexuosa,56.209450
OPTMix-0593-P1-86-20231205,2,1362023,Festuca filiformis,52.752346
OPTMix-0593-P1-86-20231205,3,1390756,Carex alba,52.283207
OPTMix-0593-P2-180-20231205,1,1419076,Quercus petraea,59.688671
OPTMix-0593-P2-180-20231205,2,1395026,Quercus pubescens,57.588181
OPTMix-0593-P2-180-20231205,3,1357413,Quercus robur,57.548450
OPTMix-0593-P2-84-20231205,1,1359274,Lathyrus linifolius,55.668133
OPTMix-0593-P2-84-20231205,2,1357413,Quercus robur,55.619045
OPTMix-0593-P2-84-20231205,3,1419076,Quercus petraea,53.082802
OPTMix-0593-P2-92-20231205,1,1651162,Festuca guestfalica,57.696232
OPTMix-0593-P2-92-20231205,2,1400084,Avenella flexuosa,57.153942
OPTMix-0593-P2-92-20231205,3,1392340,Festuca valesiaca,56.319733
OPTMix-0593-P3-130-20231205,1,1359973,Plantago subulata,57.487236
OPTMix-0593-P3-130-20231205,2,1400084,Avenella flexuosa,56.149391
OPTMix-0593-P3-130-20231205,3,1419076,Quercus petraea,55.903942
OPTMix-0593-P3-146-20231205,1,1361077,Carex pilulifera,58.105705
OPTMix-0593-P3-146-20231205,2,1400084,Avenella flexuosa,57.711235
OPTMix-0593-P3-146-20231205,3,1390801,Carex digitata,56.019676
OPTMix-0593-P3-87-20231205,1,1359973,Plantago subulata,58.366936
OPTMix-0593-P3-87-20231205,2,1363332,Juncus tenuis,55.672718
OPTMix-0593-P3-87-20231205,3,1357413,Quercus robur,55.250397
OPTMix-0598-P1-118-20231205,1,1722433,Calamagrostis arenaria,53.649334
OPTMix-0598-P1-118-20231205,2,1363593,Molinia caerulea,51.938126
OPTMix-0598-P1-118-20231205,3,1650228,Elymus athericus,50.635910
OPTMix-0598-P1-132-20231205,1,1359973,Plantago subulata,59.139462
OPTMix-0598-P1-132-20231205,2,1419076,Quercus petraea,58.018070
OPTMix-0598-P1-132-20231205,3,1357413,Quercus robur,55.136597
OPTMix-0598-P1-133-20231205,1,1395026,Quercus pubescens,56.420918
OPTMix-0598-P1-133-20231205,2,1357413,Quercus robur,55.470825
OPTMix-0598-P1-133-20231205,3,1548458,Quercus rosacea,54.066345
OPTMix-0598-P1-149-20231205,1,1358616,Quercus pyrenaica,55.601807
OPTMix-0598-P1-149-20231205,2,1395020,Quercus cerris,54.954788
OPTMix-0598-P1-149-20231205,3,1419076,Quercus petraea,52.552216
OPTMix-0598-P1-197-20231205,1,1358501,Calluna vulgaris,61.310345
OPTMix-0598-P1-197-20231205,2,1418584,Chamaecyparis lawsoniana,56.415386
OPTMix-0598-P1-197-20231205,3,1738619,Hesperocyparis lusitanica,55.562691
OPTMix-0598-P1-198-20231205,1,1391809,Dryopteris dilatata,51.757339
OPTMix-0598-P1-198-20231205,2,1363593,Molinia caerulea,50.706627
OPTMix-0598-P1-198-20231205,3,1400084,Avenella flexuosa,50.659218
OPTMix-0598-P2-102-20231205,1,1356404,Pteridium aquilinum,56.185333
OPTMix-0598-P2-102-20231205,2,1737654,Lycopodium tristachyum,49.342354
OPTMix-0598-P2-102-20231205,3,1397431,Lycopodium annotinum,47.982521
OPTMix-0598-P2-139-20231207,1,1356404,Pteridium aquilinum,60.780754
OPTMix-0598-P2-139-20231207,2,1419076,Quercus petraea,56.956833
OPTMix-0598-P2-139-20231207,3,1356382,Dryopteris filix-mas,55.587952
OPTMix-0598-P2-86-20231207,1,1356790,Lonicera periclymenum,63.901287
OPTMix-0598-P2-86-20231207,2,1356404,Pteridium aquilinum,61.065208
OPTMix-0598-P2-86-20231207,3,1356382,Dryopteris filix-mas,54.930454
OPTMix-0598-P2-99-20231205,1,1356404,Pteridium aquilinum,59.480606
OPTMix-0598-P2-99-20231205,2,1356790,Lonicera periclymenum,58.209122
OPTMix-0598-P2-99-20231205,3,1396168,Selaginella kraussiana,53.941467
OPTMix-0598-P4-104-20231207,1,1358501,Calluna vulgaris,59.854485
OPTMix-0598-P4-104-20231207,2,1393526,Ligustrum ovalifolium,56.509438
OPTMix-0598-P4-104-20231207,3,1419076,Quercus petraea,56.033409
OPTMix-0598-P4-108-20231207,1,1398295,Rubus saltuum,59.749477
OPTMix-0598-P4-108-20231207,2,1395476,Rubus foliosus,58.990131
OPTMix-0598-P4-108-20231207,3,1396952,Arum maculatum,58.504192
OPTMix-0598-P4-128-20231207,1,1358612,Quercus canariensis,56.320229
OPTMix-0598-P4-128-20231207,2,1743914,Quercus estremadurensis,56.067921
OPTMix-0598-P4-128-20231207,3,1744224,Quercus diegoi,54.963772
OPTMix-083-P3-139-20231110,1,1356404,Pteridium aquilinum,60.363083
OPTMix-083-P3-139-20231110,2,1356382,Dryopteris filix-mas,57.115425
OPTMix-083-P3-139-20231110,3,1356387,Polystichum aculeatum,56.987484
OPTMix-083-P3-186-20231110,1,1356404,Pteridium aquilinum,61.289127
OPTMix-083-P3-186-20231110,2,1356382,Dryopteris filix-mas,56.058685
OPTMix-083-P3-186-20231110,3,1363575,Hedera helix,55.470989
OPTMix-083-P3-96-20231110,1,1358501,Calluna vulgaris,60.545090
OPTMix-083-P3-96-20231110,2,1358514,Erica umbellata,55.763443
OPTMix-083-P3-96-20231110,3,1389451,Santolina villosa,55.051517
OPTMix-108-P1-000-20231006,1,1738583,Hedera algeriensis,54.091202
OPTMix-108-P1-000-20231006,2,1358612,Quercus canariensis,53.270702
OPTMix-108-P1-000-20231006,3,1467321,Hedera maroccana,53.012115
RNNB-1-1-20230512,1,1722521,Salicornia perennis,63.346848
RNNB-1-1-20230512,2,1722522,Salicornia fruticosa,63.112755
RNNB-1-1-20230512,3,1722625,Arthrocaulon macrostachyum,63.096840
RNNB-1-1-20240117,1,1722433,Calamagrostis arenaria,58.765923
RNNB-1-1-20240117,2,1361326,Macrochloa tenacissima,58.618725
RNNB-1-1-20240117,3,1731667,Sporobolus montevidensis,57.514881
RNNB-1-10-20230512,1,1722625,Arthrocaulon macrostachyum,65.802200
RNNB-1-10-20230512,2,1452062,Suaeda vermiculata,64.906677
RNNB-1-10-20230512,3,1722522,Salicornia fruticosa,62.908600
RNNB-1-10-20240117,1,1722441,Thinopyrum junceum,58.443825
RNNB-1-10-20240117,2,1722433,Calamagrostis arenaria,57.888988
RNNB-1-10-20240117,3,1425895,Lygeum spartum,57.033371
RNNB-1-2-20230512,1,1722625,Arthrocaulon macrostachyum,64.540680
RNNB-1-2-20230512,2,1722522,Salicornia fruticosa,64.022934
RNNB-1-2-20230512,3,1722521,Salicornia perennis,63.795898
RNNB-1-2-20240117,1,1652912,Nassella trichotoma,49.836319
RNNB-1-2-20240117,2,1515981,Olearia paniculata,49.077751
RNNB-1-2-20240117,3,1361338,Mibora minima,48.613491
RNNB-1-3-20230512,1,1722625,Arthrocaulon macrostachyum,64.976395
RNNB-1-3-20230512,2,1738887,Salicornia marshallii,63.781578
RNNB-1-3-20230512,3,1722522,Salicornia fruticosa,63.552471
RNNB-1-3-20240117,1,1361090,Cyperus rotundus,48.470135
RNNB-1-3-20240117,2,1741932,Facchinia rupestris,47.176384
RNNB-1-3-20240117,3,1363052,Helictochloa gervaisii,46.590088
RNNB-1-4-20230512,1,1722625,Arthrocaulon macrostachyum,66.182816
RNNB-1-4-20230512,2,1722522,Salicornia fruticosa,64.452835
RNNB-1-4-20230512,3,1738887,Salicornia marshallii,62.522675
RNNB-1-4-20240117,1,1357227,Anthemis maritima,63.913155
RNNB-1-4-20240117,2,1357236,Anthemis secundiramea,61.534321
RNNB-1-4-20240117,3,1722672,Soliva stolonifera,57.980610
RNNB-1-5-20230512,1,1722625,Arthrocaulon macrostachyum,65.614304
RNNB-1-5-20230512,2,1722522,Salicornia fruticosa,63.507980
RNNB-1-5-20230512,3,1722521,Salicornia perennis,61.506733
RNNB-1-5-20240117,1,1722433,Calamagrostis arenaria,60.305542
RNNB-1-5-20240117,2,1393522,Leymus arenarius,58.115192
RNNB-1-5-20240117,3,1722441,Thinopyrum junceum,56.152584
RNNB-1-6-20230512,1,1722625,Arthrocaulon macrostachyum,65.821213
RNNB-1-6-20230512,2,1722522,Salicornia fruticosa,63.480049
RNNB-1-6-20230512,3,1452062,Suaeda vermiculata,63.158463
RNNB-1-6-20240117,1,1722433,Calamagrostis arenaria,61.792709
RNNB-1-6-20240117,2,1393522,Leymus arenarius,57.680687
RNNB-1-6-20240117,3,1357227,Anthemis maritima,57.427883
RNNB-1-7-20230512,1,1722625,Arthrocaulon macrostachyum,65.925217
RNNB-1-7-20230512,2,1722522,Salicornia fruticosa,63.590630
RNNB-1-7-20230512,3,1722521,Salicornia perennis,63.131699
RNNB-1-7-20240117,1,1393522,Leymus arenarius,61.424587
RNNB-1-7-20240117,2,1722433,Calamagrostis arenaria,60.619392
RNNB-1-7-20240117,3,1731667,Sporobolus montevidensis,57.750786
RNNB-1-8-20230512,1,1722625,Arthrocaulon macrostachyum,66.114357
RNNB-1-8-20230512,2,1738887,Salicornia marshallii,62.802410
RNNB-1-8-20230512,3,1722522,Salicornia fruticosa,62.596226
RNNB-1-8-20240117,1,1722441,Thinopyrum junceum,56.982224
RNNB-1-8-20240117,2,1722433,Calamagrostis arenaria,56.088463
RNNB-1-8-20240117,3,1391491,Cutandia maritima,54.994095
RNNB-1-9-20230512,1,1722625,Arthrocaulon macrostachyum,66.618210
RNNB-1-9-20230512,2,1738887,Salicornia marshallii,63.128456
RNNB-1-9-20230512,3,1722522,Salicornia fruticosa,62.678421
RNNB-1-9-20240117,1,1722433,Calamagrostis arenaria,57.225941
RNNB-1-9-20240117,2,1722441,Thinopyrum junceum,53.345947
RNNB-1-9-20240117,3,1361326,Macrochloa tenacissima,52.368637
RNNB-2-1-20230512,1,1722625,Arthrocaulon macrostachyum,63.389339
RNNB-2-1-20230512,2,1722522,Salicornia fruticosa,63.317360
RNNB-2-1-20230512,3,1722521,Salicornia perennis,63.171345
RNNB-2-1-20240117,1,1357227,Anthemis maritima,68.691559
RNNB-2-1-20240117,2,1357236,Anthemis secundiramea,62.430344
RNNB-2-1-20240117,3,1722578,Daucus pumilus,58.851608
RNNB-2-10-20230512,1,1360006,Limoniastrum monopetalum,60.840019
RNNB-2-10-20230512,2,1743297,Limonium fontqueri,58.985443
RNNB-2-10-20230512,3,1495481,Helianthemum squamatum,58.902760
RNNB-2-10-20240117,1,1357227,Anthemis maritima,69.934181
RNNB-2-10-20240117,2,1357236,Anthemis secundiramea,63.320099
RNNB-2-10-20240117,3,1722578,Daucus pumilus,61.424133
RNNB-2-2-20230512,1,1722522,Salicornia fruticosa,64.871567
RNNB-2-2-20230512,2,1722625,Arthrocaulon macrostachyum,64.135590
RNNB-2-2-20230512,3,1722521,Salicornia perennis,62.692276
RNNB-2-2-20240117,1,1357227,Anthemis maritima,69.508896
RNNB-2-2-20240117,2,1357236,Anthemis secundiramea,64.722839
RNNB-2-2-20240117,3,1359344,Medicago marina,63.531509
RNNB-2-3-20230512,1,1360006,Limoniastrum monopetalum,60.025185
RNNB-2-3-20230512,2,1426004,Atriplex portulacoides,57.826496
RNNB-2-3-20230512,3,1356284,Atriplex halimus,56.924141
RNNB-2-3-20240117,1,1357227,Anthemis maritima,69.901932
RNNB-2-3-20240117,2,1357236,Anthemis secundiramea,64.114197
RNNB-2-3-20240117,3,1722671,Cotula australis,59.446835
RNNB-2-4-20230512,1,1360006,Limoniastrum monopetalum,63.925705
RNNB-2-4-20230512,2,1360036,Limonium emarginatum,58.595047
RNNB-2-4-20230512,3,1393568,Limonium obtusifolium,58.494698
RNNB-2-4-20240117,1,1357227,Anthemis maritima,67.974960
RNNB-2-4-20240117,2,1357236,Anthemis secundiramea,61.459053
RNNB-2-4-20240117,3,1360701,Echinophora spinosa,59.795532
RNNB-2-5-20230512,1,1360006,Limoniastrum monopetalum,61.334888
RNNB-2-5-20230512,2,1356284,Atriplex halimus,59.027634
RNNB-2-5-20230512,3,1426005,Atriplex semibaccata,58.770554
RNNB-2-5-20240117,1,1357227,Anthemis maritima,67.101532
RNNB-2-5-20240117,2,1359344,Medicago marina,65.522507
RNNB-2-5-20240117,3,1357236,Anthemis secundiramea,60.269115
RNNB-2-6-20230512,1,1360006,Limoniastrum monopetalum,60.429749
RNNB-2-6-20230512,2,1426004,Atriplex portulacoides,58.506760
RNNB-2-6-20230512,3,1743297,Limonium fontqueri,58.008770
RNNB-2-6-20240117,1,1357227,Anthemis maritima,70.319511
RNNB-2-6-20240117,2,1357236,Anthemis secundiramea,65.605362
RNNB-2-6-20240117,3,1359344,Medicago marina,63.958912
RNNB-2-7-20230512,1,1360006,Limoniastrum monopetalum,62.083031
RNNB-2-7-20230512,2,1360036,Limonium emarginatum,59.632969
RNNB-2-7-20230512,3,1743297,Limonium fontqueri,58.401695
RNNB-2-7-20240117,1,1357227,Anthemis maritima,66.085442
RNNB-2-7-20240117,2,1357236,Anthemis secundiramea,60.331543
RNNB-2-7-20240117,3,1722441,Thinopyrum junceum,60.173889
RNNB-2-8-20230512,1,1360006,Limoniastrum monopetalum,62.360023
RNNB-2-8-20230512,2,1426004,Atriplex portulacoides,58.647446
RNNB-2-8-20230512,3,1356284,Atriplex halimus,57.516663
RNNB-2-8-20240117,1,1360701,Echinophora spinosa,66.794830
RNNB-2-8-20240117,2,1359344,Medicago marina,62.447643
RNNB-2-8-20240117,3,1360978,Pancratium maritimum,62.408882
RNNB-2-9-20230512,1,1360006,Limoniastrum monopetalum,61.411800
RNNB-2-9-20230512,2,1357742,Pallenis maritima,59.383461
RNNB-2-9-20230512,3,1426004,Atriplex portulacoides,59.049713
RNNB-2-9-20240117,1,1357227,Anthemis maritima,67.796127
RNNB-2-9-20240117,2,1408638,Argyranthemum frutescens,61.709267
RNNB-2-9-20240117,3,1357236,Anthemis secundiramea,61.644886
RNNB-3-1-20230512,1,1426088,Aetheorhiza bulbosa,58.297230
RNNB-3-1-20230512,2,1357815,Reichardia picroides,57.785275
RNNB-3-1-20230512,3,1360054,Limonium narbonense,57.302914
RNNB-3-1-20240117,1,1359344,Medicago marina,64.560677
RNNB-3-1-20240117,2,1357742,Pallenis maritima,58.733418
RNNB-3-1-20240117,3,1357049,Silene succulenta,58.260586
RNNB-3-10-20230512,1,1393522,Leymus arenarius,62.597416
RNNB-3-10-20230512,2,1650228,Elymus athericus,62.322029
RNNB-3-10-20230512,3,1650353,Elymus pungens,58.566845
RNNB-3-10-20240117,1,1357049,Silene succulenta,59.905983
RNNB-3-10-20240117,2,1738652,Matthiola sinuata,59.862488
RNNB-3-10-20240117,3,1722490,Patellifolia procumbens,57.694603
RNNB-3-11-20230512,1,1650228,Elymus athericus,58.978500
RNNB-3-11-20230512,2,1393522,Leymus arenarius,58.675255
RNNB-3-11-20230512,3,1743938,Sporobolus pumilus,56.697208
RNNB-3-12-20230512,1,1393522,Leymus arenarius,61.389969
RNNB-3-12-20230512,2,1650228,Elymus athericus,60.230766
RNNB-3-12-20230512,3,1722433,Calamagrostis arenaria,60.046921
RNNB-3-2-20230512,1,1360006,Limoniastrum monopetalum,60.191315
RNNB-3-2-20230512,2,1360034,Limonium duriusculum,59.230736
RNNB-3-2-20230512,3,1360009,Limonium algarvense,58.871731
RNNB-3-2-20240117,1,1359344,Medicago marina,63.196449
RNNB-3-2-20240117,2,1360381,Crucianella maritima,58.171951
RNNB-3-2-20240117,3,1655379,Stipa dasyvaginata,57.358784
RNNB-3-3-20240117,1,1359344,Medicago marina,64.953400
RNNB-3-3-20240117,2,1359297,Lotus creticus,56.892899
RNNB-3-3-20240117,3,1357742,Pallenis maritima,56.663494
RNNB-3-4-20230512,1,1391596,Dactylorhiza majalis,59.566414
RNNB-3-4-20230512,2,1362443,Dactylorhiza maculata,58.801720
RNNB-3-4-20230512,3,1359279,Lathyrus ochrus,57.211807
RNNB-3-4-20240117,1,1359344,Medicago marina,63.751667
RNNB-3-4-20240117,2,1398322,Aurinia sinuata,59.136883
RNNB-3-4-20240117,3,1743664,Hormathophylla lapeyrouseana,58.668190
RNNB-3-5-20230512,1,1650228,Elymus athericus,58.909252
RNNB-3-5-20230512,2,1361053,Carex extensa,58.798370
RNNB-3-5-20230512,3,1722433,Calamagrostis arenaria,58.216988
RNNB-3-5-20240117,1,1722501,Rumex spinosus,61.172596
RNNB-3-5-20240117,2,1356083,Rumex roseus,60.892342
RNNB-3-5-20240117,3,1738652,Matthiola sinuata,59.506386
RNNB-3-6-20230512,1,1393522,Leymus arenarius,61.193871
RNNB-3-6-20230512,2,1722433,Calamagrostis arenaria,59.390320
RNNB-3-6-20230512,3,1650228,Elymus athericus,58.954765
RNNB-3-6-20240117,1,1355977,Euphorbia paralias,62.987625
RNNB-3-6-20240117,2,1722501,Rumex spinosus,59.434341
RNNB-3-6-20240117,3,1358581,Euphorbia pithyusa,58.719353
RNNB-3-7-20230512,1,1722433,Calamagrostis arenaria,61.340561
RNNB-3-7-20230512,2,1650228,Elymus athericus,60.670650
RNNB-3-7-20230512,3,1393522,Leymus arenarius,60.096264
RNNB-3-7-20240117,1,1360978,Pancratium maritimum,64.368103
RNNB-3-7-20240117,2,1359344,Medicago marina,62.813572
RNNB-3-7-20240117,3,1355977,Euphorbia paralias,59.049171
RNNB-3-8-20230512,1,1393522,Leymus arenarius,64.218445
RNNB-3-8-20230512,2,1650228,Elymus athericus,62.812531
RNNB-3-8-20230512,3,1722441,Thinopyrum junceum,57.670898
RNNB-3-8-20240117,1,1359344,Medicago marina,60.378109
RNNB-3-8-20240117,2,1357049,Silene succulenta,56.021381
RNNB-3-8-20240117,3,1388812,Achillea maritima,55.188957
RNNB-3-9-20230512,1,1393522,Leymus arenarius,63.267357
RNNB-3-9-20230512,2,1650228,Elymus athericus,60.156937
RNNB-3-9-20230512,3,1722433,Calamagrostis arenaria,59.911232
RNNB-3-9-20240117,1,1360701,Echinophora spinosa,67.257088
RNNB-3-9-20240117,2,1363043,Seseli praecox,59.429291
RNNB-3-9-20240117,3,1357566,Echinops strigosus,59.293224
RNNB-4-1-20240117,1,1357630,Helichrysum stoechas,61.052925
RNNB-4-1-20240117,2,1357769,Phagnalon rupestre,60.205681
RNNB-4-1-20240117,3,1359344,Medicago marina,60.099136
RNNB-4-1-20240118,1,1392725,Helichrysum italicum,58.647552
RNNB-4-1-20240118,2,1357630,Helichrysum stoechas,58.177094
RNNB-4-1-20240118,3,1357770,Phagnalon saxatile,57.760941
RNNB-4-10-20240117,1,1359344,Medicago marina,61.581169
RNNB-4-10-20240117,2,1743750,Iberodes littoralis,57.125870
RNNB-4-10-20240117,3,1360381,Crucianella maritima,56.170109
RNNB-4-10-20240118,1,1499416,Arctotis stoechadifolia,59.713219
RNNB-4-10-20240118,2,1499749,Artemisia nesiotica,59.690338
RNNB-4-10-20240118,3,1518245,Pseudognaphalium undulatum,59.275757
RNNB-4-2-20240117,1,1359344,Medicago marina,65.702927
RNNB-4-2-20240117,2,1359088,Anthyllis tejedensis,55.331993
RNNB-4-2-20240117,3,1359297,Lotus creticus,55.141830
RNNB-4-2-20240118,1,1396726,Teucrium dunense,57.773884
RNNB-4-2-20240118,2,1564354,Teucrium libanitis,56.289158
RNNB-4-2-20240118,3,1361953,Oenothera biennis,56.212608
RNNB-4-3-20240117,1,1722441,Thinopyrum junceum,58.735229
RNNB-4-3-20240117,2,1393770,Medicago littoralis,55.490261
RNNB-4-3-20240117,3,1393599,Linaria thymifolia,54.204784
RNNB-4-3-20240118,1,1357026,Silene nutans,60.715466
RNNB-4-3-20240118,2,1356822,Cerastium diffusum,58.290661
RNNB-4-3-20240118,3,1396288,Silene nemoralis,55.822540
RNNB-4-4-20240117,1,1359344,Medicago marina,58.506966
RNNB-4-4-20240117,2,1738652,Matthiola sinuata,56.507847
RNNB-4-4-20240117,3,1363302,Cyperus capitatus,55.492249
RNNB-4-4-20240118,1,1357630,Helichrysum stoechas,60.378624
RNNB-4-4-20240118,2,1392725,Helichrysum italicum,59.422386
RNNB-4-4-20240118,3,1499749,Artemisia nesiotica,58.631287
RNNB-4-5-20240117,1,1357227,Anthemis maritima,63.431416
RNNB-4-5-20240117,2,1357212,Andryala ragusina,60.784981
RNNB-4-5-20240117,3,1393770,Medicago littoralis,60.451935
RNNB-4-5-20240118,1,1564441,Teucrium vincentinum,63.212296
RNNB-4-5-20240118,2,1356951,Silene andryalifolia,61.983711
RNNB-4-5-20240118,3,1357630,Helichrysum stoechas,61.594269
RNNB-4-6-20240117,1,1359344,Medicago marina,65.405342
RNNB-4-6-20240117,2,1359297,Lotus creticus,58.996441
RNNB-4-6-20240117,3,1722578,Daucus pumilus,58.177296
RNNB-4-6-20240118,1,1509616,Helichrysum pendulum,58.802528
RNNB-4-6-20240118,2,1357630,Helichrysum stoechas,58.005119
RNNB-4-6-20240118,3,1357705,Limbarda crithmoides,56.942352
RNNB-4-7-20240117,1,1359344,Medicago marina,65.051254
RNNB-4-7-20240117,2,1388812,Achillea maritima,58.877941
RNNB-4-7-20240117,3,1722441,Thinopyrum junceum,58.282574
RNNB-4-7-20240118,1,1392725,Helichrysum italicum,61.190071
RNNB-4-7-20240118,2,1357630,Helichrysum stoechas,59.918587
RNNB-4-7-20240118,3,1518245,Pseudognaphalium undulatum,59.592495
RNNB-4-8-20240117,1,1359344,Medicago marina,67.192772
RNNB-4-8-20240117,2,1357848,Scolymus hispanicus,63.496769
RNNB-4-8-20240117,3,1355950,Scolymus maculatus,62.092545
RNNB-4-8-20240118,1,1509616,Helichrysum pendulum,61.025444
RNNB-4-8-20240118,2,1357630,Helichrysum stoechas,60.724922
RNNB-4-8-20240118,3,1392725,Helichrysum italicum,60.444660
RNNB-4-9-20240117,1,1357848,Scolymus hispanicus,64.461830
RNNB-4-9-20240117,2,1357358,Carlina hispanica,63.610615
RNNB-4-9-20240117,3,1359344,Medicago marina,63.047726
RNNB-4-9-20240118,1,1357630,Helichrysum stoechas,60.450542
RNNB-4-9-20240118,2,1518245,Pseudognaphalium undulatum,60.290550
RNNB-4-9-20240118,3,1499749,Artemisia nesiotica,58.863880
RNNB-5-1-20240117,1,1360542,Verbascum sinuatum,63.886852
RNNB-5-1-20240117,2,1392725,Helichrysum italicum,58.476517
RNNB-5-1-20240117,3,1357630,Helichrysum stoechas,57.599567
RNNB-5-1-20240118,1,1357670,Jurinea humilis,60.737606
RNNB-5-1-20240118,2,1518245,Pseudognaphalium undulatum,60.311489
RNNB-5-1-20240118,3,1738652,Matthiola sinuata,59.288433
RNNB-5-10-20240117,1,1357742,Pallenis maritima,60.048553
RNNB-5-10-20240117,2,1363526,Cynodon dactylon,58.545570
RNNB-5-10-20240117,3,1493539,Silene legionensis,58.233673
RNNB-5-10-20240118,1,1392725,Helichrysum italicum,61.154152
RNNB-5-10-20240118,2,1357630,Helichrysum stoechas,60.382793
RNNB-5-10-20240118,3,1518245,Pseudognaphalium undulatum,59.749352
RNNB-5-2-20240117,1,1363433,Lagurus ovatus,63.467705
RNNB-5-2-20240117,2,1357630,Helichrysum stoechas,62.874218
RNNB-5-2-20240117,3,1392725,Helichrysum italicum,61.926559
RNNB-5-2-20240118,1,1392725,Helichrysum italicum,60.487404
RNNB-5-2-20240118,2,1357630,Helichrysum stoechas,59.078247
RNNB-5-2-20240118,3,1518245,Pseudognaphalium undulatum,57.988533
RNNB-5-3-20240117,1,1357630,Helichrysum stoechas,63.922363
RNNB-5-3-20240117,2,1360542,Verbascum sinuatum,63.181168
RNNB-5-3-20240117,3,1392725,Helichrysum italicum,62.887398
RNNB-5-3-20240118,1,1499749,Artemisia nesiotica,54.672756
RNNB-5-3-20240118,2,1357742,Pallenis maritima,54.559235
RNNB-5-3-20240118,3,1647187,Armeria welwitschii,54.461613
RNNB-5-4-20240117,1,1357630,Helichrysum stoechas,64.327072
RNNB-5-4-20240117,2,1392725,Helichrysum italicum,62.796005
RNNB-5-4-20240117,3,1357770,Phagnalon saxatile,62.542618
RNNB-5-4-20240118,1,1357630,Helichrysum stoechas,61.117691
RNNB-5-4-20240118,2,1392725,Helichrysum italicum,60.788460
RNNB-5-4-20240118,3,1509616,Helichrysum pendulum,60.729744
RNNB-5-5-20240117,1,1357630,Helichrysum stoechas,63.933868
RNNB-5-5-20240117,2,1392725,Helichrysum italicum,63.421009
RNNB-5-5-20240117,3,1357742,Pallenis maritima,61.653275
RNNB-5-5-20240118,1,1357630,Helichrysum stoechas,63.351746
RNNB-5-5-20240118,2,1392725,Helichrysum italicum,60.835083
RNNB-5-5-20240118,3,1499749,Artemisia nesiotica,60.247131
RNNB-5-6-20240117,1,1360542,Verbascum sinuatum,63.958664
RNNB-5-6-20240117,2,1357630,Helichrysum stoechas,63.870281
RNNB-5-6-20240117,3,1392725,Helichrysum italicum,62.148933
RNNB-5-6-20240118,1,1392725,Helichrysum italicum,60.557487
RNNB-5-6-20240118,2,1357630,Helichrysum stoechas,59.721642
RNNB-5-6-20240118,3,1396726,Teucrium dunense,59.450439
RNNB-5-7-20240117,1,1360542,Verbascum sinuatum,63.193024
RNNB-5-7-20240117,2,1357401,Centaurea aspera,62.253799
RNNB-5-7-20240117,3,1722578,Daucus pumilus,61.409912
RNNB-5-7-20240118,1,1355950,Scolymus maculatus,56.917881
RNNB-5-7-20240118,2,1363734,Medicago orbicularis,56.421951
RNNB-5-7-20240118,3,1499749,Artemisia nesiotica,56.333008
RNNB-5-8-20240117,1,1396197,Senecio inaequidens,62.582512
RNNB-5-8-20240117,2,1357401,Centaurea aspera,56.984756
RNNB-5-8-20240117,3,1743332,Senecio malacitanus,56.959526
RNNB-5-8-20240118,1,1744490,Caroxylon genistoides,58.416332
RNNB-5-8-20240118,2,1722441,Thinopyrum junceum,56.052898
RNNB-5-8-20240118,3,1743398,Genista tyrrhena,55.290829
RNNB-5-9-20240117,1,1396197,Senecio inaequidens,61.788689
RNNB-5-9-20240117,2,1363734,Medicago orbicularis,56.251266
RNNB-5-9-20240117,3,1492664,Dianthus langeanus,56.017380
RNNB-5-9-20240118,1,1722433,Calamagrostis arenaria,57.200432
RNNB-5-9-20240118,2,1397498,Silene otites,57.066479
RNNB-5-9-20240118,3,1357742,Pallenis maritima,56.798286
RNNB-6-1-20240117,1,1356951,Silene andryalifolia,59.039207
RNNB-6-1-20240117,2,1502775,Centaurea paui,58.818882
RNNB-6-1-20240117,3,1357303,Atractylis cancellata,58.439819
RNNB-6-1-20240118,1,1391491,Cutandia maritima,57.432182
RNNB-6-1-20240118,2,1361354,Parapholis marginata,57.383972
RNNB-6-1-20240118,3,1397398,Helichrysum arenarium,57.150906
RNNB-6-10-20240117,1,1357401,Centaurea aspera,61.127182
RNNB-6-10-20240117,2,1502614,Centaurea hyssopifolia,59.095394
RNNB-6-10-20240117,3,1502406,Centaurea aristata,58.234924
RNNB-6-10-20240118,1,1388812,Achillea maritima,61.869408
RNNB-6-10-20240118,2,1357630,Helichrysum stoechas,61.755547
RNNB-6-10-20240118,3,1362038,Jacobaea maritima,61.309772
RNNB-6-2-20240117,1,1363526,Cynodon dactylon,58.865105
RNNB-6-2-20240117,2,1360035,Limonium echioides,57.752590
RNNB-6-2-20240117,3,1356682,Echium tuberculatum,57.628208
RNNB-6-2-20240118,1,1357962,Volutaria tubuliflora,60.538246
RNNB-6-2-20240118,2,1358477,Pycnocomon rutifolium,57.877579
RNNB-6-2-20240118,3,1357227,Anthemis maritima,57.840595
RNNB-6-3-20240117,1,1738652,Matthiola sinuata,58.596001
RNNB-6-3-20240117,2,1362333,Matthiola perennis,58.046368
RNNB-6-3-20240117,3,1724816,Matthiola incana,57.852966
RNNB-6-3-20240118,1,1361354,Parapholis marginata,59.437469
RNNB-6-3-20240118,2,1361412,Sporobolus pungens,57.981674
RNNB-6-3-20240118,3,1358477,Pycnocomon rutifolium,56.982384
RNNB-6-4-20240117,1,1363302,Cyperus capitatus,56.828190
RNNB-6-4-20240117,2,1361412,Sporobolus pungens,56.538383
RNNB-6-4-20240117,3,1398322,Aurinia sinuata,56.379810
RNNB-6-4-20240118,1,1361926,Scabiosa columbaria,58.409878
RNNB-6-4-20240118,2,1363526,Cynodon dactylon,56.522911
RNNB-6-4-20240118,3,1357212,Andryala ragusina,56.426941
RNNB-6-5-20240117,1,1363302,Cyperus capitatus,59.425659
RNNB-6-5-20240117,2,1360978,Pancratium maritimum,59.080505
RNNB-6-5-20240117,3,1361412,Sporobolus pungens,57.844109
RNNB-6-5-20240118,1,1397398,Helichrysum arenarium,60.397591
RNNB-6-5-20240118,2,1388812,Achillea maritima,57.777157
RNNB-6-5-20240118,3,1489806,Jasione maritima,55.731140
RNNB-6-6-20240117,1,1363526,Cynodon dactylon,58.357613
RNNB-6-6-20240117,2,1361412,Sporobolus pungens,56.720848
RNNB-6-6-20240117,3,1361354,Parapholis marginata,55.918701
RNNB-6-6-20240118,1,1357630,Helichrysum stoechas,62.340721
RNNB-6-6-20240118,2,1359344,Medicago marina,60.967205
RNNB-6-6-20240118,3,1392725,Helichrysum italicum,59.198292
RNNB-6-7-20240117,1,1361412,Sporobolus pungens,60.367611
RNNB-6-7-20240117,2,1362333,Matthiola perennis,56.305698
RNNB-6-7-20240117,3,1741601,Sporobolus aculeatus,55.788277
RNNB-6-7-20240118,1,1357630,Helichrysum stoechas,62.899521
RNNB-6-7-20240118,2,1392725,Helichrysum italicum,62.213158
RNNB-6-7-20240118,3,1509616,Helichrysum pendulum,60.732105
RNNB-6-8-20240117,1,1357848,Scolymus hispanicus,63.925629
RNNB-6-8-20240117,2,1355950,Scolymus maculatus,63.865795
RNNB-6-8-20240117,3,1399771,Astragalus balearicus,59.461540
RNNB-6-8-20240118,1,1392725,Helichrysum italicum,62.395233
RNNB-6-8-20240118,2,1357630,Helichrysum stoechas,61.610378
RNNB-6-8-20240118,3,1518932,Santolina canescens,59.219570
RNNB-6-9-20240117,1,1361412,Sporobolus pungens,58.277588
RNNB-6-9-20240117,2,1493539,Silene legionensis,57.039318
RNNB-6-9-20240117,3,1502610,Centaurea horrida,56.206932
RNNB-6-9-20240118,1,1357630,Helichrysum stoechas,59.547867
RNNB-6-9-20240118,2,1362038,Jacobaea maritima,57.029900
RNNB-6-9-20240118,3,1388812,Achillea maritima,56.978539
RNNB-7-1-20240118,1,1738652,Matthiola sinuata,64.160004
RNNB-7-1-20240118,2,1362333,Matthiola perennis,62.887550
RNNB-7-1-20240118,3,1743249,Matthiola tricuspidata,59.445938
RNNB-7-10-20240118,1,1361412,Sporobolus pungens,63.323311
RNNB-7-10-20240118,2,1392725,Helichrysum italicum,61.134232
RNNB-7-10-20240118,3,1357630,Helichrysum stoechas,60.197510
RNNB-7-2-20240118,1,1361412,Sporobolus pungens,60.421257
RNNB-7-2-20240118,2,1361127,Aeluropus littoralis,57.935257
RNNB-7-2-20240118,3,1357401,Centaurea aspera,57.831268
RNNB-7-3-20240118,1,1399609,Helichrysum saxatile,58.067406
RNNB-7-3-20240118,2,1392725,Helichrysum italicum,58.047668
RNNB-7-3-20240118,3,1509616,Helichrysum pendulum,57.780788
RNNB-7-4-20240118,1,1361412,Sporobolus pungens,59.226788
RNNB-7-4-20240118,2,1744399,Limonium malacitanum,55.761490
RNNB-7-4-20240118,3,1397398,Helichrysum arenarium,54.698883
RNNB-7-5-20240118,1,1392725,Helichrysum italicum,61.755844
RNNB-7-5-20240118,2,1357630,Helichrysum stoechas,60.756889
RNNB-7-5-20240118,3,1398821,Santolina impressa,60.647591
RNNB-7-6-20240118,1,1361412,Sporobolus pungens,62.245174
RNNB-7-6-20240118,2,1392725,Helichrysum italicum,62.109985
RNNB-7-6-20240118,3,1357630,Helichrysum stoechas,61.570267
RNNB-7-7-20240118,1,1394414,Parapholis incurva,57.626492
RNNB-7-7-20240118,2,1392725,Helichrysum italicum,57.310303
RNNB-7-7-20240118,3,1396726,Teucrium dunense,57.123863
RNNB-7-8-20240118,1,1361412,Sporobolus pungens,59.562340
RNNB-7-8-20240118,2,1388990,Brachypodium retusum,57.552719
RNNB-7-8-20240118,3,1724816,Matthiola incana,56.566364
RNNB-7-9-20240118,1,1361412,Sporobolus pungens,55.539917
RNNB-7-9-20240118,2,1388990,Brachypodium retusum,55.235554
RNNB-7-9-20240118,3,1744075,Malephora uitenhagensis,54.305428
RNNB-8-1-20240118,1,1359344,Medicago marina,63.254223
RNNB-8-1-20240118,2,1358782,Marrubium supinum,59.178688
RNNB-8-1-20240118,3,1393754,Marrubium incanum,58.123779
RNNB-8-10-20240118,1,1361412,Sporobolus pungens,58.006718
RNNB-8-10-20240118,2,1363302,Cyperus capitatus,57.795067
RNNB-8-10-20240118,3,1722441,Thinopyrum junceum,56.048943
RNNB-8-2-20240118,1,1357227,Anthemis maritima,63.308170
RNNB-8-2-20240118,2,1397320,Artemisia maritima,61.830048
RNNB-8-2-20240118,3,1722433,Calamagrostis arenaria,57.731949
RNNB-8-3-20240118,1,1357871,Silybum eburneum,60.100307
RNNB-8-3-20240118,2,1364100,Silybum marianum,59.946316
RNNB-8-3-20240118,3,1722441,Thinopyrum junceum,57.211395
RNNB-8-4-20240118,1,1357227,Anthemis maritima,59.468391
RNNB-8-4-20240118,2,1361412,Sporobolus pungens,56.246372
RNNB-8-4-20240118,3,1722433,Calamagrostis arenaria,55.212513
RNNB-8-5-20240118,1,1359344,Medicago marina,65.693451
RNNB-8-5-20240118,2,1388812,Achillea maritima,57.278275
RNNB-8-5-20240118,3,1722441,Thinopyrum junceum,56.753265
RNNB-8-6-20240118,1,1359344,Medicago marina,63.856075
RNNB-8-6-20240118,2,1393770,Medicago littoralis,58.722252
RNNB-8-6-20240118,3,1356044,Mesembryanthemum crystallinum,57.800957
RNNB-8-7-20240118,1,1357227,Anthemis maritima,65.040581
RNNB-8-7-20240118,2,1359344,Medicago marina,64.620621
RNNB-8-7-20240118,3,1357848,Scolymus hispanicus,64.001732
RNNB-8-8-20240118,1,1359344,Medicago marina,65.640839
RNNB-8-8-20240118,2,1357227,Anthemis maritima,64.253906
RNNB-8-8-20240118,3,1357236,Anthemis secundiramea,61.962753
RNNB-8-9-20240118,1,1359344,Medicago marina,64.440041
RNNB-8-9-20240118,2,1360381,Crucianella maritima,63.574699
RNNB-8-9-20240118,3,1359297,Lotus creticus,60.244621
