"quadrat_id","species_ids"
"2024-CEV3-20240602","[1395045, 1363461, 1361592]"
"CBN-PdlC-A1-20130807","[1396253, 1395807, 1412857]"
"CBN-PdlC-A1-20130903","[1392608, 1395807, 1396144]"
"CBN-PdlC-A1-20140721","[1392608, 1392611, 1412857]"
"CBN-PdlC-A1-20140811","[1392608, 1412857, 1396144]"
"CBN-PdlC-A1-20140901","[1396144, 1412857, 1392608]"
"CBN-PdlC-A1-20150701","[1396253, 1394911, 1412857]"
"CBN-PdlC-A1-20150720","[1392608, 1392534, 1412857]"
"CBN-PdlC-A1-20150831","[1412857, 1396843, 1396253]"
"CBN-PdlC-A1-20160705","[1394911, 1396253, 1412857]"
"CBN-PdlC-A1-20160726","[1392534, 1392535, 1412857]"
"CBN-PdlC-A1-20170816","[1412857, 1742053, 1361367]"
"CBN-PdlC-A1-20170906","[1392534, 1396253, 1412857]"
"CBN-PdlC-A1-20180702","[1412857, 1392534, 1392541]"
"CBN-PdlC-A1-20180815","[1412857, 1396898, 1742053]"
"CBN-PdlC-A1-20180905","[1412857, 1397279, 1742053]"
"CBN-PdlC-A1-20190701","[1412857, 1394643, 1391781]"
"CBN-PdlC-A1-20190722","[1392608, 1396843, 1412857]"
"CBN-PdlC-A1-20190812","[1412857, 1396253, 1742053]"
"CBN-PdlC-A1-20190909","[1392608, 1361141, 1361367]"
"CBN-PdlC-A1-20200629","[1400017, 1360981, 1411089]"
"CBN-PdlC-A1-20200722","[1392535, 1392534, 1392608]"
"CBN-PdlC-A1-20200812","[1742053, 1392535, 1412857]"
"CBN-PdlC-A2-20130807","[1412857, 1396253, 1393619]"
"CBN-PdlC-A2-20130903","[1393200, 1391427, 1395807]"
"CBN-PdlC-A2-20140721","[1396144, 1396253, 1397491]"
"CBN-PdlC-A2-20140901","[1396253, 1412857, 1392534]"
"CBN-PdlC-A2-20150720","[1393200, 1392534, 1394311]"
"CBN-PdlC-A2-20150810","[1393200, 1742053, 1396253]"
"CBN-PdlC-A2-20150831","[1412857, 1742053, 1392534]"
"CBN-PdlC-A2-20160705","[1393200, 1412857, 1396253]"
"CBN-PdlC-A2-20160726","[1392535, 1393200, 1392534]"
"CBN-PdlC-A2-20170816","[1412857, 1396253, 1395807]"
"CBN-PdlC-A2-20180702","[1413349, 1397108, 1359750]"
"CBN-PdlC-A2-20180723","[1393200, 1396144, 1363543]"
"CBN-PdlC-A2-20180815","[1412857, 1396253, 1393200]"
"CBN-PdlC-A2-20180905","[1412857, 1396253, 1392534]"
"CBN-PdlC-A2-20190701","[1392260, 1396144, 1651427]"
"CBN-PdlC-A2-20190722","[1393200, 1392534, 1549015]"
"CBN-PdlC-A2-20190812","[1412857, 1392534, 1396253]"
"CBN-PdlC-A2-20190909","[1392534, 1412857, 1742053]"
"CBN-PdlC-A2-20200629","[1724565, 1397108, 1394065]"
"CBN-PdlC-A2-20200722","[1392534, 1392535, 1396253]"
"CBN-PdlC-A2-20200812","[1412857, 1742053, 1396253]"
"CBN-PdlC-A3-20130807","[1393200, 1392608, 1395807]"
"CBN-PdlC-A3-20130903","[1392608, 1412857, 1742053]"
"CBN-PdlC-A3-20140721","[1393200, 1392608, 1396144]"
"CBN-PdlC-A3-20140811","[1396144, 1393200, 1392608]"
"CBN-PdlC-A3-20140901","[1396144, 1393200, 1412857]"
"CBN-PdlC-A3-20150701","[1393200, 1396253, 1396144]"
"CBN-PdlC-A3-20150720","[1393200, 1396144, 1392608]"
"CBN-PdlC-A3-20150810","[1396144, 1396253, 1412857]"
"CBN-PdlC-A3-20150831","[1396144, 1393200, 1412857]"
"CBN-PdlC-A3-20160705","[1393200, 1396144, 1397475]"
"CBN-PdlC-A3-20160726","[1412857, 1392535, 1393200]"
"CBN-PdlC-A3-20170816","[1396144, 1394643, 1412857]"
"CBN-PdlC-A3-20170906","[1412857, 1396144, 1390793]"
"CBN-PdlC-A3-20180702","[1396144, 1394643, 1392534]"
"CBN-PdlC-A3-20180723","[1393200, 1392608, 1412857]"
"CBN-PdlC-A3-20180815","[1412857, 1394643, 1742053]"
"CBN-PdlC-A3-20180905","[1412857, 1742053, 1393200]"
"CBN-PdlC-A3-20190701","[1393200, 1392534, 1412857]"
"CBN-PdlC-A3-20190722","[1393200, 1392608, 1412857]"
"CBN-PdlC-A3-20190812","[1393200, 1392608, 1412857]"
"CBN-PdlC-A3-20190909","[1392608, 1393200, 1412857]"
"CBN-PdlC-A3-20200629","[1393887, 1743903, 1356708]"
"CBN-PdlC-A3-20200722","[1393200, 1394643, 1361374]"
"CBN-PdlC-A3-20200812","[1742053, 1393200, 1412857]"
"CBN-PdlC-A4-20130807","[1393200, 1397475, 1394643]"
"CBN-PdlC-A4-20130903","[1393200, 1397475, 1396253]"
"CBN-PdlC-A4-20140811","[1393200, 1392608, 1396144]"
"CBN-PdlC-A4-20140901","[1393200, 1395807, 1742053]"
"CBN-PdlC-A4-20150701","[1393200, 1392608, 1397475]"
"CBN-PdlC-A4-20150810","[1393200, 1396144, 1396253]"
"CBN-PdlC-A4-20150831","[1393200, 1396144, 1396253]"
"CBN-PdlC-A4-20160705","[1393200, 1397475, 1392608]"
"CBN-PdlC-A4-20160726","[1396144, 1393200, 1392608]"
"CBN-PdlC-A4-20170816","[1742053, 1393200, 1396144]"
"CBN-PdlC-A4-20170906","[1393200, 1396144, 1392608]"
"CBN-PdlC-A4-20180702","[1396144, 1397475, 1361771]"
"CBN-PdlC-A4-20180723","[1393200, 1392608, 1400101]"
"CBN-PdlC-A4-20180815","[1393200, 1397475, 1363455]"
"CBN-PdlC-A4-20180905","[1393200, 1396144, 1392608]"
"CBN-PdlC-A4-20190701","[1393200, 1397475, 1394911]"
"CBN-PdlC-A4-20190722","[1397475, 1393874, 1393200]"
"CBN-PdlC-A4-20190812","[1393200, 1355926, 1392241]"
"CBN-PdlC-A4-20190909","[1397475, 1362482, 1393874]"
"CBN-PdlC-A4-20200629","[1397475, 1393200, 1358099]"
"CBN-PdlC-A4-20200722","[1393200, 1397475, 1392608]"
"CBN-PdlC-A4-20200812","[1393200, 1392608, 1397475]"
"CBN-PdlC-A5-20130807","[1393200, 1396253, 1397475]"
"CBN-PdlC-A5-20130903","[1397475, 1396253, 1395000]"
"CBN-PdlC-A5-20140721","[1397475, 1393659, 1396253]"
"CBN-PdlC-A5-20140811","[1395807, 1396253, 1361598]"
"CBN-PdlC-A5-20150701","[1393200, 1396253, 1395807]"
"CBN-PdlC-A5-20150831","[1396253, 1397475, 1395807]"
"CBN-PdlC-A5-20160705","[1396253, 1397475, 1357060]"
"CBN-PdlC-A5-20160726","[1393200, 1392534, 1396253]"
"CBN-PdlC-A5-20170816","[1397475, 1396253, 1394065]"
"CBN-PdlC-A5-20170906","[1397475, 1396253, 1393200]"
"CBN-PdlC-A5-20180815","[1393200, 1396253, 1395807]"
"CBN-PdlC-A5-20180905","[1393200, 1396253, 1395807]"
"CBN-PdlC-A5-20190909","[1397475, 1396253, 1361367]"
"CBN-PdlC-A5-20200722","[1396253, 1397043, 1392241]"
"CBN-PdlC-A6-20130807","[1393200, 1397475, 1396253]"
"CBN-PdlC-A6-20130903","[1396253, 1397475, 1360130]"
"CBN-PdlC-A6-20140630","[1361598, 1741880, 1393659]"
"CBN-PdlC-A6-20140721","[1397475, 1396253, 1393200]"
"CBN-PdlC-A6-20140901","[1397475, 1361367, 1394542]"
"CBN-PdlC-A6-20150701","[1393200, 1397475, 1396253]"
"CBN-PdlC-A6-20150810","[1396253, 1397475, 1361367]"
"CBN-PdlC-A6-20150831","[1397475, 1396253, 1393874]"
"CBN-PdlC-A6-20160705","[1393200, 1397475, 1396253]"
"CBN-PdlC-A6-20160726","[1393659, 1393660, 1397475]"
"CBN-PdlC-A6-20170816","[1397475, 1396253, 1393200]"
"CBN-PdlC-A6-20170906","[1393200, 1397475, 1393874]"
"CBN-PdlC-A6-20180702","[1397475, 1396253, 1393874]"
"CBN-PdlC-A6-20180723","[1393200, 1397475, 1396253]"
"CBN-PdlC-A6-20180815","[1397475, 1393874, 1394540]"
"CBN-PdlC-A6-20180905","[1393200, 1397475, 1393874]"
"CBN-PdlC-A6-20190701","[1393200, 1397475, 1396253]"
"CBN-PdlC-A6-20190722","[1396253, 1393200, 1393660]"
"CBN-PdlC-A6-20190812","[1396253, 1397475, 1400101]"
"CBN-PdlC-A6-20190909","[1397475, 1362482, 1397450]"
"CBN-PdlC-A6-20200722","[1393200, 1397475, 1396253]"
"CBN-PdlC-A6-20200812","[1397475, 1396253, 1393200]"
"CBN-PdlC-B1-20130807","[1393200, 1392608, 1412857]"
"CBN-PdlC-B1-20130903","[1393200, 1392608, 1393524]"
"CBN-PdlC-B1-20140721","[1393200, 1396253, 1392608]"
"CBN-PdlC-B1-20140811","[1392608, 1396144, 1412857]"
"CBN-PdlC-B1-20140901","[1392608, 1393200, 1396253]"
"CBN-PdlC-B1-20150701","[1393200, 1392608, 1396253]"
"CBN-PdlC-B1-20150720","[1396253, 1392608, 1393200]"
"CBN-PdlC-B1-20150810","[1393200, 1392608, 1396253]"
"CBN-PdlC-B1-20150831","[1393200, 1396144, 1742053]"
"CBN-PdlC-B1-20160705","[1393200, 1396144, 1392608]"
"CBN-PdlC-B1-20160726","[1393200, 1392608, 1361367]"
"CBN-PdlC-B1-20170816","[1392608, 1412857, 1742053]"
"CBN-PdlC-B1-20170906","[1393200, 1392608, 1396144]"
"CBN-PdlC-B1-20180702","[1413349, 1396144, 1647170]"
"CBN-PdlC-B1-20180723","[1393200, 1392608, 1396144]"
"CBN-PdlC-B1-20180815","[1396144, 1412857, 1397491]"
"CBN-PdlC-B1-20180905","[1412857, 1742053, 1396144]"
"CBN-PdlC-B1-20190701","[1396144, 1358095, 1392608]"
"CBN-PdlC-B1-20190722","[1392608, 1396253, 1361367]"
"CBN-PdlC-B1-20190812","[1396144, 1412857, 1396253]"
"CBN-PdlC-B1-20190909","[1392608, 1396144, 1412857]"
"CBN-PdlC-B1-20200629","[1393200, 1356359, 1399797]"
"CBN-PdlC-B1-20200722","[1393200, 1396144, 1392608]"
"CBN-PdlC-B1-20200812","[1396144, 1742053, 1412857]"
"CBN-PdlC-B2-20130807","[1392535, 1392608, 1392534]"
"CBN-PdlC-B2-20130903","[1647128, 1392608, 1396362]"
"CBN-PdlC-B2-20140721","[1392608, 1392612, 1403533]"
"CBN-PdlC-B2-20140811","[1392608, 1392611, 1647128]"
"CBN-PdlC-B2-20140901","[1647128, 1392608, 1396362]"
"CBN-PdlC-B2-20150701","[1392608, 1395807, 1397106]"
"CBN-PdlC-B2-20150720","[1392608, 1392541, 1394911]"
"CBN-PdlC-B2-20150810","[1741880, 1392541, 1392608]"
"CBN-PdlC-B2-20150831","[1392608, 1742053, 1394641]"
"CBN-PdlC-B2-20160705","[1392608, 1394366, 1394911]"
"CBN-PdlC-B2-20160726","[1392608, 1392534, 1647187]"
"CBN-PdlC-B2-20170816","[1392534, 1392608, 1362482]"
"CBN-PdlC-B2-20170906","[1412857, 1392608, 1392047]"
"CBN-PdlC-B2-20180702","[1403533, 1394911, 1397046]"
"CBN-PdlC-B2-20180723","[1392608, 1392535, 1392534]"
"CBN-PdlC-B2-20180815","[1392534, 1412857, 1742053]"
"CBN-PdlC-B2-20180905","[1392534, 1392535, 1412857]"
"CBN-PdlC-B2-20190701","[1492564, 1392114, 1418688]"
"CBN-PdlC-B2-20190722","[1392534, 1400101, 1392535]"
"CBN-PdlC-B2-20190812","[1392534, 1412857, 1742053]"
"CBN-PdlC-B2-20190909","[1362482, 1743471, 1392608]"
"CBN-PdlC-B2-20200629","[1392709, 1392684, 1394749]"
"CBN-PdlC-B2-20200722","[1392608, 1397043, 1392612]"
"CBN-PdlC-B2-20200812","[1392608, 1412857, 1394911]"
"CBN-PdlC-B3-20130807","[1394911, 1392534, 1393200]"
"CBN-PdlC-B3-20130903","[1393200, 1394597, 1392541]"
"CBN-PdlC-B3-20140721","[1393200, 1396144, 1392534]"
"CBN-PdlC-B3-20140811","[1393200, 1412857, 1742053]"
"CBN-PdlC-B3-20140901","[1393200, 1361944, 1394595]"
"CBN-PdlC-B3-20150701","[1393200, 1394911, 1742053]"
"CBN-PdlC-B3-20150810","[1393200, 1742052, 1388915]"
"CBN-PdlC-B3-20150831","[1393200, 1412857, 1392534]"
"CBN-PdlC-B3-20160705","[1393200, 1412857, 1392534]"
"CBN-PdlC-B3-20160726","[1393200, 1412857, 1361367]"
"CBN-PdlC-B3-20170816","[1412857, 1394542, 1393200]"
"CBN-PdlC-B3-20170906","[1393200, 1412857, 1392535]"
"CBN-PdlC-B3-20180702","[1399800, 1356228, 1363543]"
"CBN-PdlC-B3-20180723","[1393200, 1742053, 1394641]"
"CBN-PdlC-B3-20180815","[1393200, 1412857, 1363618]"
"CBN-PdlC-B3-20180905","[1393200, 1396144, 1412857]"
"CBN-PdlC-B3-20190701","[1396144, 1390532, 1393200]"
"CBN-PdlC-B3-20190722","[1396144, 1412857, 1393200]"
"CBN-PdlC-B3-20190812","[1393200, 1412857, 1396144]"
"CBN-PdlC-B3-20190909","[1412857, 1499416, 1363618]"
"CBN-PdlC-B3-20200629","[1356228, 1399798, 1655422]"
"CBN-PdlC-B3-20200722","[1393200, 1392541, 1394643]"
"CBN-PdlC-B3-20200812","[1393200, 1742053, 1396144]"
"CBN-PdlC-B4-20130807","[1397475, 1393200, 1396253]"
"CBN-PdlC-B4-20130903","[1397475, 1393874, 1532190]"
"CBN-PdlC-B4-20140721","[1397475, 1393874, 1741661]"
"CBN-PdlC-B4-20140811","[1397475, 1396144, 1412857]"
"CBN-PdlC-B4-20140901","[1412857, 1393200, 1742053]"
"CBN-PdlC-B4-20150701","[1397475, 1393874, 1356422]"
"CBN-PdlC-B4-20150810","[1397475, 1393200, 1390674]"
"CBN-PdlC-B4-20150831","[1397475, 1394311, 1393200]"
"CBN-PdlC-B4-20160726","[1393200, 1397475, 1396144]"
"CBN-PdlC-B4-20170816","[1397475, 1391706, 1519650]"
"CBN-PdlC-B4-20170906","[1393200, 1397475, 1400101]"
"CBN-PdlC-B4-20180702","[1397475, 1396144, 1363618]"
"CBN-PdlC-B4-20180723","[1396144, 1397475, 1393200]"
"CBN-PdlC-B4-20180815","[1396144, 1397475, 1393874]"
"CBN-PdlC-B4-20180905","[1396144, 1393200, 1412857]"
"CBN-PdlC-B4-20190701","[1397475, 1395190, 1363615]"
"CBN-PdlC-B4-20190722","[1397475, 1397043, 1743984]"
"CBN-PdlC-B4-20190812","[1397475, 1362482, 1360591]"
"CBN-PdlC-B4-20190909","[1397475, 1356456, 1359678]"
"CBN-PdlC-B4-20200629","[1397475, 1393200, 1741661]"
"CBN-PdlC-B4-20200722","[1397475, 1360590, 1395807]"
"CBN-PdlC-B4-20200812","[1393200, 1397475, 1412857]"
"CBN-PdlC-B5-20130807","[1397475, 1395807, 1396974]"
"CBN-PdlC-B5-20130903","[1397475, 1395807, 1360101]"
"CBN-PdlC-B5-20140630","[1363618, 1369309, 1418509]"
"CBN-PdlC-B5-20140721","[1397475, 1396253, 1395807]"
"CBN-PdlC-B5-20140811","[1397475, 1395807, 1394311]"
"CBN-PdlC-B5-20140901","[1397475, 1361367, 1396253]"
"CBN-PdlC-B5-20150701","[1397475, 1400101, 1395807]"
"CBN-PdlC-B5-20150720","[1397475, 1395807, 1397450]"
"CBN-PdlC-B5-20150810","[1397475, 1395807, 1361801]"
"CBN-PdlC-B5-20150831","[1397475, 1400101, 1396253]"
"CBN-PdlC-B5-20160705","[1397475, 1395807, 1400101]"
"CBN-PdlC-B5-20160726","[1397475, 1395807, 1396253]"
"CBN-PdlC-B5-20170816","[1397475, 1394311, 1395807]"
"CBN-PdlC-B5-20170906","[1397475, 1395807, 1360130]"
"CBN-PdlC-B5-20180702","[1397475, 1395190, 1418688]"
"CBN-PdlC-B5-20180723","[1397475, 1395807, 1397450]"
"CBN-PdlC-B5-20180815","[1397475, 1718504, 1392541]"
"CBN-PdlC-B5-20180905","[1397475, 1392541, 1395807]"
"CBN-PdlC-B5-20190701","[1397475, 1394911, 1391085]"
"CBN-PdlC-B5-20190722","[1397475, 1397043, 1395807]"
"CBN-PdlC-B5-20190812","[1392552, 1397475, 1389929]"
"CBN-PdlC-B5-20190909","[1397475, 1394911, 1392534]"
"CBN-PdlC-B5-20200629","[1397475, 1396253, 1391994]"
"CBN-PdlC-B5-20200722","[1397475, 1396253, 1400101]"
"CBN-PdlC-B5-20200812","[1397475, 1395807, 1400101]"
"CBN-PdlC-B6-20130807","[1392535, 1392534, 1396253]"
"CBN-PdlC-B6-20130903","[1395807, 1393200, 1743474]"
"CBN-PdlC-B6-20140630","[1723119, 1358099, 1743359]"
"CBN-PdlC-B6-20140721","[1396253, 1395807, 1361367]"
"CBN-PdlC-B6-20140811","[1395807, 1396253, 1394311]"
"CBN-PdlC-B6-20140901","[1394540, 1394542, 1396253]"
"CBN-PdlC-B6-20150701","[1396253, 1390532, 1393200]"
"CBN-PdlC-B6-20150720","[1395807, 1396253, 1361801]"
"CBN-PdlC-B6-20150810","[1395807, 1397475, 1362443]"
"CBN-PdlC-B6-20150831","[1395807, 1396253, 1393200]"
"CBN-PdlC-B6-20160705","[1395807, 1396253, 1393200]"
"CBN-PdlC-B6-20160726","[1396253, 1395807, 1361801]"
"CBN-PdlC-B6-20170816","[1393200, 1396253, 1720959]"
"CBN-PdlC-B6-20170906","[1396253, 1395807, 1393200]"
"CBN-PdlC-B6-20180702","[1393200, 1394911, 1396253]"
"CBN-PdlC-B6-20180723","[1395807, 1393200, 1396253]"
"CBN-PdlC-B6-20180905","[1396253, 1393200, 1395862]"
"CBN-PdlC-B6-20190701","[1393200, 1394911, 1396253]"
"CBN-PdlC-B6-20190722","[1393200, 1396253, 1395807]"
"CBN-PdlC-B6-20190812","[1393200, 1397542, 1396253]"
"CBN-PdlC-B6-20190909","[1392541, 1395807, 1393200]"
"CBN-PdlC-B6-20200629","[1397475, 1396253, 1394603]"
"CBN-PdlC-B6-20200722","[1392534, 1392535, 1396253]"
"CBN-PdlC-B6-20200812","[1393200, 1395807, 1396253]"
"CBN-PdlC-C1-20130807","[1393708, 1397500, 1396332]"
"CBN-PdlC-C1-20130903","[1393200, 1396253, 1395807]"
"CBN-PdlC-C1-20140721","[1397500, 1392655, 1396253]"
"CBN-PdlC-C1-20140811","[1393200, 1360748, 1395807]"
"CBN-PdlC-C1-20140901","[1393200, 1395807, 1396253]"
"CBN-PdlC-C1-20150701","[1397500, 1393200, 1744235]"
"CBN-PdlC-C1-20150720","[1393200, 1396253, 1412857]"
"CBN-PdlC-C1-20150810","[1393200, 1395807, 1396253]"
"CBN-PdlC-C1-20150831","[1393200, 1742053, 1396253]"
"CBN-PdlC-C1-20160705","[1393200, 1396253, 1397500]"
"CBN-PdlC-C1-20160726","[1396253, 1361367, 1403533]"
"CBN-PdlC-C1-20170816","[1393200, 1396253, 1395807]"
"CBN-PdlC-C1-20170906","[1396253, 1361347, 1390532]"
"CBN-PdlC-C1-20180723","[1393200, 1396253, 1393708]"
"CBN-PdlC-C1-20180815","[1393200, 1395870, 1396253]"
"CBN-PdlC-C1-20180905","[1393200, 1396253, 1394366]"
"CBN-PdlC-C1-20190701","[1359750, 1390532, 1399798]"
"CBN-PdlC-C1-20190722","[1393200, 1396253, 1397043]"
"CBN-PdlC-C1-20190812","[1396253, 1392534, 1392535]"
"CBN-PdlC-C1-20190909","[1392534, 1393200, 1395807]"
"CBN-PdlC-C1-20200722","[1393200, 1395807, 1396253]"
"CBN-PdlC-C1-20200812","[1392534, 1393200, 1362482]"
"CBN-PdlC-C2-20130903","[1412857, 1742053, 1396253]"
"CBN-PdlC-C2-20140721","[1396144, 1412857, 1399800]"
"CBN-PdlC-C2-20140811","[1392535, 1742053, 1396144]"
"CBN-PdlC-C2-20140901","[1412857, 1742053, 1392535]"
"CBN-PdlC-C2-20150701","[1393200, 1396144, 1412857]"
"CBN-PdlC-C2-20150720","[1412857, 1396144, 1400101]"
"CBN-PdlC-C2-20150810","[1742053, 1412857, 1395807]"
"CBN-PdlC-C2-20150831","[1412857, 1742053, 1396144]"
"CBN-PdlC-C2-20160705","[1396144, 1412857, 1396253]"
"CBN-PdlC-C2-20160726","[1392534, 1392535, 1396253]"
"CBN-PdlC-C2-20170816","[1412857, 1393200, 1392541]"
"CBN-PdlC-C2-20170906","[1392534, 1396253, 1412857]"
"CBN-PdlC-C2-20180723","[1393200, 1741880, 1395870]"
"CBN-PdlC-C2-20180815","[1412857, 1392534, 1742053]"
"CBN-PdlC-C2-20180905","[1393200, 1412857, 1392534]"
"CBN-PdlC-C2-20190701","[1389475, 1356228, 1609716]"
"CBN-PdlC-C2-20190722","[1393200, 1392535, 1412857]"
"CBN-PdlC-C2-20190812","[1392534, 1392535, 1396253]"
"CBN-PdlC-C2-20190909","[1412857, 1742053, 1396253]"
"CBN-PdlC-C2-20200722","[1412857, 1393200, 1742053]"
"CBN-PdlC-C2-20200812","[1412857, 1742053, 1395807]"
"CBN-PdlC-C3-20130807","[1396253, 1395807, 1364066]"
"CBN-PdlC-C3-20130903","[1742053, 1413349, 1412857]"
"CBN-PdlC-C3-20140721","[1396253, 1392534, 1392541]"
"CBN-PdlC-C3-20140811","[1412857, 1395807, 1391092]"
"CBN-PdlC-C3-20140901","[1390793, 1396253, 1361367]"
"CBN-PdlC-C3-20150701","[1392541, 1394597, 1392534]"
"CBN-PdlC-C3-20150720","[1361367, 1396253, 1364066]"
"CBN-PdlC-C3-20150831","[1396253, 1392541, 1395807]"
"CBN-PdlC-C3-20160705","[1396253, 1412857, 1392541]"
"CBN-PdlC-C3-20160726","[1397043, 1396253, 1393660]"
"CBN-PdlC-C3-20170816","[1396253, 1392534, 1361347]"
"CBN-PdlC-C3-20170906","[1396253, 1517350, 1395807]"
"CBN-PdlC-C3-20180723","[1396253, 1395807, 1393200]"
"CBN-PdlC-C3-20180815","[1396253, 1395870, 1395807]"
"CBN-PdlC-C3-20180905","[1396253, 1395807, 1392534]"
"CBN-PdlC-C3-20190701","[1363133, 1356228, 1609716]"
"CBN-PdlC-C3-20190722","[1393200, 1396253, 1361598]"
"CBN-PdlC-C3-20190812","[1395807, 1363618, 1360130]"
"CBN-PdlC-C3-20190909","[1396253, 1392534, 1392541]"
"CBN-PdlC-C3-20200722","[1396253, 1741880, 1393659]"
"CBN-PdlC-C3-20200812","[1396253, 1395807, 1741880]"
"CBN-PdlC-C4-20130807","[1359750, 1395807, 1393708]"
"CBN-PdlC-C4-20130903","[1395807, 1396253, 1393200]"
"CBN-PdlC-C4-20140721","[1390811, 1396253, 1363543]"
"CBN-PdlC-C4-20140811","[1395807, 1741905, 1364066]"
"CBN-PdlC-C4-20140901","[1361367, 1392608, 1396253]"
"CBN-PdlC-C4-20150701","[1390793, 1363543, 1391648]"
"CBN-PdlC-C4-20150720","[1396253, 1395807, 1397043]"
"CBN-PdlC-C4-20150831","[1395807, 1396253, 1394311]"
"CBN-PdlC-C4-20160705","[1418688, 1392611, 1392608]"
"CBN-PdlC-C4-20160726","[1395807, 1393708, 1397043]"
"CBN-PdlC-C4-20170816","[1395807, 1395862, 1395870]"
"CBN-PdlC-C4-20170906","[1396253, 1393200, 1495503]"
"CBN-PdlC-C4-20180723","[1393200, 1393708, 1395870]"
"CBN-PdlC-C4-20180815","[1360130, 1363133, 1356356]"
"CBN-PdlC-C4-20180905","[1395807, 1394911, 1391881]"
"CBN-PdlC-C4-20190701","[1363595, 1743359, 1418612]"
"CBN-PdlC-C4-20190722","[1396253, 1395807, 1363543]"
"CBN-PdlC-C4-20190812","[1397043, 1395807, 1396253]"
"CBN-PdlC-C4-20190909","[1393200, 1395807, 1361367]"
"CBN-PdlC-C4-20200722","[1395807, 1741880, 1393679]"
"CBN-PdlC-C4-20200812","[1396253, 1395807, 1395870]"
"CBN-PdlC-C5-20130807","[1394311, 1396253, 1395807]"
"CBN-PdlC-C5-20130903","[1397043, 1395807, 1397450]"
"CBN-PdlC-C5-20140721","[1396253, 1364066, 1392608]"
"CBN-PdlC-C5-20140811","[1397465, 1397043, 1395807]"
"CBN-PdlC-C5-20140901","[1396253, 1397043, 1395807]"
"CBN-PdlC-C5-20150701","[1390793, 1396253, 1363543]"
"CBN-PdlC-C5-20150720","[1396253, 1390793, 1395807]"
"CBN-PdlC-C5-20150810","[1396253, 1390793, 1395807]"
"CBN-PdlC-C5-20150831","[1396253, 1395807, 1361367]"
"CBN-PdlC-C5-20160705","[1396253, 1390793, 1394311]"
"CBN-PdlC-C5-20160726","[1397043, 1396253, 1364066]"
"CBN-PdlC-C5-20170816","[1396253, 1395807, 1394311]"
"CBN-PdlC-C5-20170906","[1396253, 1392608, 1395807]"
"CBN-PdlC-C5-20180723","[1396253, 1395807, 1392241]"
"CBN-PdlC-C5-20180815","[1396253, 1394311, 1392241]"
"CBN-PdlC-C5-20180905","[1396253, 1395807, 1395870]"
"CBN-PdlC-C5-20190701","[1394597, 1399800, 1392608]"
"CBN-PdlC-C5-20190722","[1390793, 1396253, 1397043]"
"CBN-PdlC-C5-20190812","[1392608, 1396253, 1395807]"
"CBN-PdlC-C5-20190909","[1396253, 1395807, 1390793]"
"CBN-PdlC-C5-20200722","[1396253, 1392241, 1393245]"
"CBN-PdlC-C5-20200812","[1396253, 1395807, 1741880]"
"CBN-PdlC-C6-20130807","[1396253, 1394311, 1394643]"
"CBN-PdlC-C6-20130903","[1396253, 1397043, 1393200]"
"CBN-PdlC-C6-20140721","[1396253, 1393200, 1392241]"
"CBN-PdlC-C6-20140811","[1392608, 1395807, 1396253]"
"CBN-PdlC-C6-20140901","[1396253, 1361367, 1392657]"
"CBN-PdlC-C6-20150701","[1393200, 1396253, 1393708]"
"CBN-PdlC-C6-20150720","[1393200, 1390793, 1396253]"
"CBN-PdlC-C6-20150810","[1396253, 1395807, 1393200]"
"CBN-PdlC-C6-20150831","[1396253, 1393200, 1395807]"
"CBN-PdlC-C6-20160705","[1393200, 1396253, 1392608]"
"CBN-PdlC-C6-20160726","[1393200, 1396253, 1392608]"
"CBN-PdlC-C6-20170816","[1393200, 1396253, 1362482]"
"CBN-PdlC-C6-20170906","[1395807, 1396253, 1356278]"
"CBN-PdlC-C6-20180723","[1393200, 1396253, 1396186]"
"CBN-PdlC-C6-20180815","[1393200, 1362482, 1396253]"
"CBN-PdlC-C6-20180905","[1393200, 1396253, 1395807]"
"CBN-PdlC-C6-20190701","[1393200, 1392612, 1744075]"
"CBN-PdlC-C6-20190722","[1392608, 1396253, 1393200]"
"CBN-PdlC-C6-20190812","[1396253, 1392608, 1393200]"
"CBN-PdlC-C6-20190909","[1393200, 1396253, 1362482]"
"CBN-PdlC-C6-20200722","[1396253, 1392608, 1395807]"
"CBN-PdlC-C6-20200812","[1396253, 1392608, 1395807]"
"CBN-PdlC-D1-20130807","[1396253, 1397353, 1395807]"
"CBN-PdlC-D1-20130903","[1396253, 1395807, 1390899]"
"CBN-PdlC-D1-20140721","[1396253, 1392534, 1394911]"
"CBN-PdlC-D1-20140811","[1396253, 1395807, 1393200]"
"CBN-PdlC-D1-20140901","[1412857, 1742053, 1396253]"
"CBN-PdlC-D1-20150701","[1396253, 1392534, 1392241]"
"CBN-PdlC-D1-20150720","[1396253, 1392534, 1392535]"
"CBN-PdlC-D1-20150810","[1396253, 1392534, 1392535]"
"CBN-PdlC-D1-20150831","[1396253, 1392561, 1392534]"
"CBN-PdlC-D1-20160705","[1396253, 1363543, 1741880]"
"CBN-PdlC-D1-20160726","[1396253, 1392534, 1549015]"
"CBN-PdlC-D1-20170816","[1396253, 1395807, 1412857]"
"CBN-PdlC-D1-20170906","[1396253, 1361367, 1495503]"
"CBN-PdlC-D1-20180723","[1396253, 1393200, 1395807]"
"CBN-PdlC-D1-20180815","[1396253, 1395807, 1395870]"
"CBN-PdlC-D1-20180905","[1742053, 1396253, 1412857]"
"CBN-PdlC-D1-20190701","[1396253, 1364066, 1392655]"
"CBN-PdlC-D1-20190722","[1396253, 1395807, 1393200]"
"CBN-PdlC-D1-20190812","[1396253, 1395807, 1392534]"
"CBN-PdlC-D1-20190909","[1396253, 1393200, 1412857]"
"CBN-PdlC-D1-20200722","[1396253, 1392535, 1392534]"
"CBN-PdlC-D1-20200812","[1396253, 1392534, 1361367]"
"CBN-PdlC-D2-20130807","[1396253, 1393619, 1393708]"
"CBN-PdlC-D2-20130903","[1412857, 1394643, 1396253]"
"CBN-PdlC-D2-20140721","[1394643, 1396253, 1392534]"
"CBN-PdlC-D2-20140811","[1412857, 1396253, 1391092]"
"CBN-PdlC-D2-20140901","[1742053, 1396253, 1412857]"
"CBN-PdlC-D2-20150720","[1396253, 1392535, 1392534]"
"CBN-PdlC-D2-20150810","[1396253, 1742053, 1412857]"
"CBN-PdlC-D2-20150831","[1412857, 1742053, 1394643]"
"CBN-PdlC-D2-20160705","[1396253, 1412857, 1361347]"
"CBN-PdlC-D2-20160726","[1396253, 1392535, 1392534]"
"CBN-PdlC-D2-20170816","[1647677, 1396253, 1412857]"
"CBN-PdlC-D2-20170906","[1396253, 1391092, 1395807]"
"CBN-PdlC-D2-20180723","[1396253, 1396144, 1393708]"
"CBN-PdlC-D2-20180815","[1396253, 1412857, 1394643]"
"CBN-PdlC-D2-20180905","[1396253, 1412857, 1742053]"
"CBN-PdlC-D2-20190701","[1396253, 1651061, 1390532]"
"CBN-PdlC-D2-20190722","[1396253, 1412857, 1395807]"
"CBN-PdlC-D2-20190812","[1396253, 1412857, 1742053]"
"CBN-PdlC-D2-20190909","[1396253, 1742053, 1394643]"
"CBN-PdlC-D2-20200722","[1396253, 1395807, 1394643]"
"CBN-PdlC-D2-20200812","[1742053, 1396253, 1395807]"
"CBN-PdlC-D3-20130807","[1413349, 1396408, 1744479]"
"CBN-PdlC-D3-20130903","[1647128, 1413349, 1412857]"
"CBN-PdlC-D3-20140721","[1413349, 1647187, 1390793]"
"CBN-PdlC-D3-20140811","[1412857, 1742053, 1413349]"
"CBN-PdlC-D3-20140901","[1396253, 1394542, 1361367]"
"CBN-PdlC-D3-20150701","[1647170, 1400017, 1413349]"
"CBN-PdlC-D3-20150720","[1392534, 1390793, 1392535]"
"CBN-PdlC-D3-20150831","[1392534, 1742053, 1394311]"
"CBN-PdlC-D3-20160705","[1358097, 1529289, 1647156]"
"CBN-PdlC-D3-20160726","[1647156, 1744479, 1392534]"
"CBN-PdlC-D3-20170816","[1647187, 1647132, 1413349]"
"CBN-PdlC-D3-20170906","[1396253, 1413349, 1395807]"
"CBN-PdlC-D3-20180723","[1393200, 1743393, 1744479]"
"CBN-PdlC-D3-20180815","[1394643, 1392541, 1413349]"
"CBN-PdlC-D3-20180905","[1396253, 1392534, 1412857]"
"CBN-PdlC-D3-20190701","[1399798, 1359952, 1363016]"
"CBN-PdlC-D3-20190722","[1744479, 1647128, 1743393]"
"CBN-PdlC-D3-20190812","[1413349, 1396253, 1392534]"
"CBN-PdlC-D3-20190909","[1744479, 1647187, 1412857]"
"CBN-PdlC-D3-20200722","[1392535, 1392534, 1393200]"
"CBN-PdlC-D3-20200812","[1647128, 1744479, 1396253]"
"CBN-PdlC-D4-20130807","[1396253, 1744479, 1647128]"
"CBN-PdlC-D4-20130903","[1396253, 1742053, 1395807]"
"CBN-PdlC-D4-20140721","[1396253, 1647156, 1647132]"
"CBN-PdlC-D4-20140811","[1412857, 1392541, 1392534]"
"CBN-PdlC-D4-20140901","[1396253, 1412857, 1392234]"
"CBN-PdlC-D4-20150701","[1396253, 1394865, 1361374]"
"CBN-PdlC-D4-20150720","[1392534, 1396253, 1393584]"
"CBN-PdlC-D4-20150831","[1742053, 1396253, 1412857]"
"CBN-PdlC-D4-20160705","[1396253, 1412857, 1363543]"
"CBN-PdlC-D4-20160726","[1396253, 1392534, 1392535]"
"CBN-PdlC-D4-20170816","[1396253, 1395807, 1363618]"
"CBN-PdlC-D4-20170906","[1396253, 1412857, 1395807]"
"CBN-PdlC-D4-20180723","[1396253, 1394643, 1395870]"
"CBN-PdlC-D4-20180815","[1396253, 1741880, 1395870]"
"CBN-PdlC-D4-20180905","[1396253, 1412857, 1742053]"
"CBN-PdlC-D4-20190701","[1396253, 1363543, 1397279]"
"CBN-PdlC-D4-20190722","[1396253, 1395807, 1360130]"
"CBN-PdlC-D4-20190812","[1396253, 1392553, 1395807]"
"CBN-PdlC-D4-20190909","[1396253, 1395807, 1412857]"
"CBN-PdlC-D4-20200722","[1396253, 1392535, 1395807]"
"CBN-PdlC-D4-20200812","[1396253, 1742053, 1395807]"
"CBN-PdlC-D5-20130807","[1396253, 1363543, 1395807]"
"CBN-PdlC-D5-20130903","[1395807, 1395870, 1741880]"
"CBN-PdlC-D5-20140721","[1396253, 1392608, 1360299]"
"CBN-PdlC-D5-20140811","[1395807, 1360748, 1396253]"
"CBN-PdlC-D5-20140901","[1357652, 1394311, 1392628]"
"CBN-PdlC-D5-20150701","[1396253, 1742053, 1399800]"
"CBN-PdlC-D5-20150720","[1396253, 1394311, 1395807]"
"CBN-PdlC-D5-20150810","[1396253, 1395807, 1741880]"
"CBN-PdlC-D5-20150831","[1395807, 1396253, 1389929]"
"CBN-PdlC-D5-20160705","[1392608, 1396253, 1395870]"
"CBN-PdlC-D5-20160726","[1392608, 1397043, 1356704]"
"CBN-PdlC-D5-20170816","[1396253, 1361367, 1395807]"
"CBN-PdlC-D5-20170906","[1395807, 1356397, 1396253]"
"CBN-PdlC-D5-20180723","[1400101, 1737461, 1392608]"
"CBN-PdlC-D5-20180815","[1392608, 1395870, 1400101]"
"CBN-PdlC-D5-20180905","[1396253, 1395807, 1741600]"
"CBN-PdlC-D5-20190701","[1392655, 1363133, 1356228]"
"CBN-PdlC-D5-20190722","[1396253, 1392534, 1395807]"
"CBN-PdlC-D5-20190812","[1392534, 1392608, 1400101]"
"CBN-PdlC-D5-20190909","[1395807, 1395000, 1396253]"
"CBN-PdlC-D5-20200722","[1364066, 1395807, 1392608]"
"CBN-PdlC-D5-20200812","[1395807, 1362482, 1396253]"
"CBN-PdlC-D6-20130807","[1396253, 1393708, 1395807]"
"CBN-PdlC-D6-20130903","[1396253, 1395807, 1397049]"
"CBN-PdlC-D6-20140721","[1396253, 1412857, 1390761]"
"CBN-PdlC-D6-20140811","[1397043, 1394311, 1395807]"
"CBN-PdlC-D6-20140901","[1396253, 1397043, 1412857]"
"CBN-PdlC-D6-20150701","[1396253, 1388916, 1391750]"
"CBN-PdlC-D6-20150720","[1396253, 1395807, 1390793]"
"CBN-PdlC-D6-20150810","[1396253, 1412857, 1395807]"
"CBN-PdlC-D6-20150831","[1393494, 1742053, 1395807]"
"CBN-PdlC-D6-20160705","[1396253, 1609716, 1397466]"
"CBN-PdlC-D6-20160726","[1396253, 1397043, 1395807]"
"CBN-PdlC-D6-20170816","[1412857, 1395807, 1742053]"
"CBN-PdlC-D6-20170906","[1412857, 1396253, 1395807]"
"CBN-PdlC-D6-20180723","[1396253, 1393708, 1395807]"
"CBN-PdlC-D6-20180815","[1743315, 1395807, 1395758]"
"CBN-PdlC-D6-20180905","[1396253, 1742053, 1395807]"
"CBN-PdlC-D6-20190701","[1392522, 1395949, 1744340]"
"CBN-PdlC-D6-20190722","[1394311, 1397043, 1395807]"
"CBN-PdlC-D6-20190812","[1397043, 1396253, 1395807]"
"CBN-PdlC-D6-20190909","[1396253, 1393660, 1394655]"
"CBN-PdlC-D6-20200722","[1397043, 1396253, 1395870]"
"CBN-PdlC-D6-20200812","[1396253, 1362482, 1395807]"
"CBN-PdlC-E1-20130723","[1396253, 1396144, 1392608]"
"CBN-PdlC-E1-20130807","[1396253, 1390793, 1392608]"
"CBN-PdlC-E1-20130903","[1392608, 1396253, 1742075]"
"CBN-PdlC-E1-20140630","[1396144, 1392608, 1390793]"
"CBN-PdlC-E1-20140721","[1396253, 1362273, 1396144]"
"CBN-PdlC-E1-20140811","[1392535, 1742053, 1412857]"
"CBN-PdlC-E1-20140901","[1742053, 1412857, 1396253]"
"CBN-PdlC-E1-20150701","[1392608, 1396253, 1395807]"
"CBN-PdlC-E1-20150720","[1392608, 1609716, 1412857]"
"CBN-PdlC-E1-20150810","[1393200, 1400101, 1396253]"
"CBN-PdlC-E1-20150831","[1392608, 1396253, 1390793]"
"CBN-PdlC-E1-20160705","[1396253, 1392608, 1393584]"
"CBN-PdlC-E1-20160726","[1396253, 1363618, 1392606]"
"CBN-PdlC-E1-20170816","[1412857, 1396253, 1390793]"
"CBN-PdlC-E1-20170906","[1396253, 1392608, 1392534]"
"CBN-PdlC-E1-20180702","[1396253, 1363618, 1392541]"
"CBN-PdlC-E1-20180723","[1396144, 1392535, 1392534]"
"CBN-PdlC-E1-20180815","[1392608, 1392612, 1399082]"
"CBN-PdlC-E1-20180905","[1392608, 1396253, 1392541]"
"CBN-PdlC-E1-20190701","[1396253, 1397468, 1392541]"
"CBN-PdlC-E1-20190812","[1392608, 1396253, 1360299]"
"CBN-PdlC-E1-20190909","[1395807, 1412857, 1651427]"
"CBN-PdlC-E1-20200629","[1392608, 1396253, 1396144]"
"CBN-PdlC-E1-20200722","[1392608, 1394599, 1392611]"
"CBN-PdlC-E1-20200812","[1392608, 1743471, 1390793]"
"CBN-PdlC-E2-20130723","[1396253, 1397528, 1393584]"
"CBN-PdlC-E2-20130807","[1394599, 1396144, 1395807]"
"CBN-PdlC-E2-20130903","[1396144, 1395807, 1741880]"
"CBN-PdlC-E2-20140630","[1396253, 1396144, 1396145]"
"CBN-PdlC-E2-20140721","[1396253, 1393584, 1395807]"
"CBN-PdlC-E2-20140811","[1396144, 1392608, 1412857]"
"CBN-PdlC-E2-20140901","[1396144, 1412857, 1396253]"
"CBN-PdlC-E2-20150720","[1396253, 1395807, 1395870]"
"CBN-PdlC-E2-20150810","[1412857, 1742053, 1395807]"
"CBN-PdlC-E2-20150831","[1395807, 1412857, 1392293]"
"CBN-PdlC-E2-20160705","[1396253, 1393584, 1395807]"
"CBN-PdlC-E2-20160726","[1412857, 1395807, 1394366]"
"CBN-PdlC-E2-20170816","[1412857, 1396253, 1395807]"
"CBN-PdlC-E2-20170906","[1396253, 1412857, 1395807]"
"CBN-PdlC-E2-20180702","[1394911, 1396253, 1393584]"
"CBN-PdlC-E2-20180723","[1396253, 1412857, 1400188]"
"CBN-PdlC-E2-20180815","[1396253, 1742053, 1412857]"
"CBN-PdlC-E2-20180905","[1396253, 1412857, 1395807]"
"CBN-PdlC-E2-20190701","[1396253, 1394911, 1395807]"
"CBN-PdlC-E2-20190812","[1395807, 1412857, 1396144]"
"CBN-PdlC-E2-20190909","[1396253, 1396144, 1395807]"
"CBN-PdlC-E2-20200629","[1396253, 1741880, 1412857]"
"CBN-PdlC-E2-20200722","[1412857, 1396253, 1395807]"
"CBN-PdlC-E2-20200812","[1396253, 1412857, 1395807]"
"CBN-PdlC-E3-20130723","[1396253, 1397430, 1356427]"
"CBN-PdlC-E3-20130807","[1396253, 1651427, 1392241]"
"CBN-PdlC-E3-20130903","[1395870, 1395807, 1609716]"
"CBN-PdlC-E3-20140630","[1396253, 1361347, 1722436]"
"CBN-PdlC-E3-20140721","[1396253, 1397528, 1395807]"
"CBN-PdlC-E3-20140811","[1397381, 1396253, 1395807]"
"CBN-PdlC-E3-20140901","[1396253, 1395807, 1360748]"
"CBN-PdlC-E3-20150701","[1396253, 1397528, 1395807]"
"CBN-PdlC-E3-20150720","[1394311, 1396253, 1395807]"
"CBN-PdlC-E3-20150810","[1396253, 1397381, 1395807]"
"CBN-PdlC-E3-20150831","[1397386, 1392293, 1396253]"
"CBN-PdlC-E3-20160705","[1396253, 1393200, 1397430]"
"CBN-PdlC-E3-20160726","[1395807, 1396253, 1397381]"
"CBN-PdlC-E3-20170816","[1396253, 1391427, 1395807]"
"CBN-PdlC-E3-20170906","[1396253, 1392655, 1394911]"
"CBN-PdlC-E3-20180702","[1396253, 1358624, 1397430]"
"CBN-PdlC-E3-20180723","[1396253, 1392241, 1395807]"
"CBN-PdlC-E3-20180815","[1396253, 1397381, 1397386]"
"CBN-PdlC-E3-20180905","[1396253, 1392534, 1397386]"
"CBN-PdlC-E3-20190701","[1396253, 1393659, 1364066]"
"CBN-PdlC-E3-20190812","[1396253, 1395807, 1397450]"
"CBN-PdlC-E3-20190909","[1396253, 1392059, 1396970]"
"CBN-PdlC-E3-20200629","[1396253, 1394911, 1361592]"
"CBN-PdlC-E3-20200722","[1396253, 1388766, 1395807]"
"CBN-PdlC-E3-20200812","[1396253, 1392059, 1394911]"
"CBN-PdlC-E4-20130807","[1396253, 1392608, 1396843]"
"CBN-PdlC-E4-20130903","[1396253, 1392608, 1395807]"
"CBN-PdlC-E4-20140630","[1396253, 1609716, 1519648]"
"CBN-PdlC-E4-20140721","[1396253, 1392608, 1395807]"
"CBN-PdlC-E4-20140811","[1743456, 1396253, 1395807]"
"CBN-PdlC-E4-20140901","[1396253, 1393494, 1392608]"
"CBN-PdlC-E4-20150701","[1396253, 1392608, 1392612]"
"CBN-PdlC-E4-20150720","[1396843, 1397381, 1396253]"
"CBN-PdlC-E4-20150810","[1396253, 1396843, 1395807]"
"CBN-PdlC-E4-20160705","[1396253, 1361592, 1397430]"
"CBN-PdlC-E4-20160726","[1396253, 1395807, 1393224]"
"CBN-PdlC-E4-20170816","[1396253, 1396843, 1363409]"
"CBN-PdlC-E4-20170906","[1396253, 1394643, 1393494]"
"CBN-PdlC-E4-20180702","[1393200, 1396253, 1397430]"
"CBN-PdlC-E4-20180723","[1396253, 1393659, 1397279]"
"CBN-PdlC-E4-20180815","[1396253, 1393659, 1393494]"
"CBN-PdlC-E4-20180905","[1396253, 1393494, 1392608]"
"CBN-PdlC-E4-20190701","[1397430, 1396253, 1393681]"
"CBN-PdlC-E4-20190812","[1400017, 1392059, 1741564]"
"CBN-PdlC-E4-20190909","[1392608, 1396253, 1396843]"
"CBN-PdlC-E4-20200629","[1396253, 1397430, 1361592]"
"CBN-PdlC-E4-20200722","[1396253, 1393659, 1393681]"
"CBN-PdlC-E4-20200812","[1396253, 1360299, 1395807]"
"CBN-PdlC-E5-20130723","[1393200, 1396253, 1392612]"
"CBN-PdlC-E5-20130807","[1393200, 1392608, 1395807]"
"CBN-PdlC-E5-20130903","[1393494, 1360748, 1392047]"
"CBN-PdlC-E5-20140630","[1393200, 1392608, 1390761]"
"CBN-PdlC-E5-20140721","[1392608, 1396253, 1360748]"
"CBN-PdlC-E5-20140811","[1393200, 1390793, 1392608]"
"CBN-PdlC-E5-20150720","[1393200, 1392534, 1392608]"
"CBN-PdlC-E5-20150810","[1396253, 1393200, 1392608]"
"CBN-PdlC-E5-20150831","[1393200, 1392611, 1396253]"
"CBN-PdlC-E5-20160705","[1392608, 1393200, 1396253]"
"CBN-PdlC-E5-20160726","[1392608, 1361367, 1395807]"
"CBN-PdlC-E5-20170816","[1392608, 1396253, 1394366]"
"CBN-PdlC-E5-20170906","[1393200, 1396253, 1392608]"
"CBN-PdlC-E5-20180702","[1396253, 1397279, 1363543]"
"CBN-PdlC-E5-20180723","[1396253, 1396843, 1392608]"
"CBN-PdlC-E5-20180815","[1396843, 1393200, 1392608]"
"CBN-PdlC-E5-20180905","[1393200, 1392608, 1396253]"
"CBN-PdlC-E5-20190722","[1393200, 1396253, 1392608]"
"CBN-PdlC-E5-20190812","[1392608, 1396253, 1400017]"
"CBN-PdlC-E5-20190909","[1392608, 1396253, 1396843]"
"CBN-PdlC-E5-20200629","[1393200, 1396253, 1392608]"
"CBN-PdlC-E5-20200722","[1392534, 1396253, 1396843]"
"CBN-PdlC-E5-20200812","[1392608, 1396253, 1393200]"
"CBN-PdlC-E6-20130723","[1392534, 1393494, 1392541]"
"CBN-PdlC-E6-20130807","[1393200, 1396253, 1390793]"
"CBN-PdlC-E6-20130903","[1396843, 1356278, 1391654]"
"CBN-PdlC-E6-20140630","[1393200, 1359750, 1394911]"
"CBN-PdlC-E6-20140721","[1396253, 1396843, 1359835]"
"CBN-PdlC-E6-20140811","[1393200, 1392608, 1396843]"
"CBN-PdlC-E6-20150701","[1392535, 1392534, 1392608]"
"CBN-PdlC-E6-20150720","[1396843, 1392608, 1395807]"
"CBN-PdlC-E6-20150810","[1396843, 1395807, 1361367]"
"CBN-PdlC-E6-20150831","[1395807, 1393200, 1392608]"
"CBN-PdlC-E6-20160705","[1396843, 1390690, 1392608]"
"CBN-PdlC-E6-20160726","[1392534, 1392535, 1361367]"
"CBN-PdlC-E6-20170816","[1396843, 1396869, 1400017]"
"CBN-PdlC-E6-20170906","[1396843, 1393200, 1363543]"
"CBN-PdlC-E6-20180702","[1392608, 1357220, 1609716]"
"CBN-PdlC-E6-20180723","[1392535, 1392534, 1392608]"
"CBN-PdlC-E6-20180815","[1393200, 1392534, 1396843]"
"CBN-PdlC-E6-20180905","[1392608, 1396843, 1393200]"
"CBN-PdlC-E6-20190722","[1362273, 1393200, 1390793]"
"CBN-PdlC-E6-20190812","[1393224, 1391427, 1395868]"
"CBN-PdlC-E6-20190909","[1393200, 1395807, 1396843]"
"CBN-PdlC-E6-20200629","[1393200, 1392541, 1392534]"
"CBN-PdlC-E6-20200722","[1362273, 1393200, 1392534]"
"CBN-PdlC-E6-20200812","[1396843, 1395807, 1397386]"
"CBN-PdlC-F1-20130723","[1396144, 1362273, 1392535]"
"CBN-PdlC-F1-20130807","[1396144, 1392541, 1392535]"
"CBN-PdlC-F1-20130903","[1392534, 1392535, 1396309]"
"CBN-PdlC-F1-20140630","[1396144, 1396253, 1744293]"
"CBN-PdlC-F1-20140721","[1362273, 1392541, 1396253]"
"CBN-PdlC-F1-20140811","[1392535, 1396144, 1412857]"
"CBN-PdlC-F1-20140901","[1742053, 1396144, 1412857]"
"CBN-PdlC-F1-20150701","[1396144, 1392535, 1396253]"
"CBN-PdlC-F1-20150720","[1396144, 1396253, 1742053]"
"CBN-PdlC-F1-20150810","[1396253, 1412857, 1397381]"
"CBN-PdlC-F1-20150831","[1412857, 1396253, 1395807]"
"CBN-PdlC-F1-20160705","[1396253, 1396144, 1392541]"
"CBN-PdlC-F1-20160726","[1396144, 1396253, 1395807]"
"CBN-PdlC-F1-20170816","[1396144, 1396253, 1392541]"
"CBN-PdlC-F1-20170906","[1396253, 1396144, 1388766]"
"CBN-PdlC-F1-20180702","[1396253, 1392541, 1363543]"
"CBN-PdlC-F1-20180723","[1396253, 1388915, 1396144]"
"CBN-PdlC-F1-20180815","[1396253, 1396144, 1392541]"
"CBN-PdlC-F1-20180905","[1396253, 1412857, 1396144]"
"CBN-PdlC-F1-20190701","[1396253, 1396144, 1396180]"
"CBN-PdlC-F1-20190812","[1396253, 1395807, 1743471]"
"CBN-PdlC-F1-20190909","[1396253, 1396144, 1651427]"
"CBN-PdlC-F1-20200629","[1392541, 1396253, 1396144]"
"CBN-PdlC-F1-20200722","[1396144, 1392541, 1396843]"
"CBN-PdlC-F1-20200812","[1396253, 1392541, 1396144]"
"CBN-PdlC-F2-20130723","[1396253, 1392534, 1397528]"
"CBN-PdlC-F2-20130807","[1396253, 1412857, 1397528]"
"CBN-PdlC-F2-20130903","[1396253, 1393494, 1395807]"
"CBN-PdlC-F2-20140630","[1392608, 1396253, 1394595]"
"CBN-PdlC-F2-20140721","[1396253, 1396144, 1362273]"
"CBN-PdlC-F2-20140811","[1397381, 1396253, 1395807]"
"CBN-PdlC-F2-20140901","[1396253, 1395807, 1362273]"
"CBN-PdlC-F2-20150701","[1396253, 1392608, 1397528]"
"CBN-PdlC-F2-20150720","[1396253, 1363618, 1395807]"
"CBN-PdlC-F2-20150810","[1412857, 1396253, 1395807]"
"CBN-PdlC-F2-20150831","[1396253, 1412857, 1395807]"
"CBN-PdlC-F2-20160705","[1396253, 1397528, 1395807]"
"CBN-PdlC-F2-20160726","[1396253, 1395807, 1412857]"
"CBN-PdlC-F2-20170906","[1396253, 1392608, 1396843]"
"CBN-PdlC-F2-20180702","[1396253, 1412857, 1399800]"
"CBN-PdlC-F2-20180723","[1393584, 1396253, 1741880]"
"CBN-PdlC-F2-20180815","[1396253, 1412857, 1396843]"
"CBN-PdlC-F2-20180905","[1396253, 1392535, 1392541]"
"CBN-PdlC-F2-20190701","[1396253, 1742052, 1392541]"
"CBN-PdlC-F2-20190812","[1396253, 1412857, 1395807]"
"CBN-PdlC-F2-20190909","[1396253, 1361367, 1395807]"
"CBN-PdlC-F2-20200629","[1396253, 1396144, 1393584]"
"CBN-PdlC-F2-20200722","[1396144, 1396253, 1395807]"
"CBN-PdlC-F2-20200812","[1396253, 1412857, 1397381]"
"CBN-PdlC-F3-20130723","[1393200, 1393584, 1395807]"
"CBN-PdlC-F3-20130807","[1392608, 1396253, 1362273]"
"CBN-PdlC-F3-20130903","[1392608, 1360748, 1396253]"
"CBN-PdlC-F3-20140630","[1392608, 1393200, 1392611]"
"CBN-PdlC-F3-20140721","[1396253, 1393200, 1393584]"
"CBN-PdlC-F3-20140811","[1392608, 1395807, 1397381]"
"CBN-PdlC-F3-20140901","[1396253, 1392608, 1360869]"
"CBN-PdlC-F3-20150701","[1360985, 1396253, 1738658]"
"CBN-PdlC-F3-20150720","[1392608, 1396253, 1392541]"
"CBN-PdlC-F3-20150810","[1392608, 1395807, 1396253]"
"CBN-PdlC-F3-20150831","[1392608, 1412857, 1396253]"
"CBN-PdlC-F3-20160705","[1361592, 1395807, 1393659]"
"CBN-PdlC-F3-20160726","[1392608, 1395807, 1360299]"
"CBN-PdlC-F3-20170816","[1495503, 1392608, 1396253]"
"CBN-PdlC-F3-20170906","[1395807, 1396253, 1392608]"
"CBN-PdlC-F3-20180702","[1393200, 1396253, 1392608]"
"CBN-PdlC-F3-20180723","[1412857, 1392534, 1363946]"
"CBN-PdlC-F3-20180815","[1392260, 1392305, 1396253]"
"CBN-PdlC-F3-20180905","[1393200, 1392608, 1396253]"
"CBN-PdlC-F3-20190701","[1393200, 1393659, 1397430]"
"CBN-PdlC-F3-20190722","[1395807, 1392608, 1393659]"
"CBN-PdlC-F3-20190812","[1392608, 1395807, 1396253]"
"CBN-PdlC-F3-20190909","[1396253, 1392059, 1389929]"
"CBN-PdlC-F3-20200629","[1392608, 1396253, 1393200]"
"CBN-PdlC-F3-20200722","[1392608, 1395807, 1396253]"
"CBN-PdlC-F3-20200812","[1395807, 1392608, 1359697]"
"CBN-PdlC-F4-20130723","[1393200, 1396253, 1396843]"
"CBN-PdlC-F4-20130807","[1396843, 1393200, 1392608]"
"CBN-PdlC-F4-20130903","[1394542, 1393200, 1392608]"
"CBN-PdlC-F4-20140630","[1393200, 1392608, 1396253]"
"CBN-PdlC-F4-20140811","[1393200, 1396843, 1392608]"
"CBN-PdlC-F4-20140901","[1396253, 1397430, 1393200]"
"CBN-PdlC-F4-20150701","[1393200, 1392608, 1396253]"
"CBN-PdlC-F4-20150720","[1392608, 1397430, 1396253]"
"CBN-PdlC-F4-20150810","[1393200, 1396843, 1392608]"
"CBN-PdlC-F4-20150831","[1393200, 1397430, 1392608]"
"CBN-PdlC-F4-20160705","[1393200, 1392608, 1397528]"
"CBN-PdlC-F4-20160726","[1392608, 1397430, 1396843]"
"CBN-PdlC-F4-20170816","[1396843, 1394366, 1396253]"
"CBN-PdlC-F4-20170906","[1396253, 1396843, 1362482]"
"CBN-PdlC-F4-20180702","[1393200, 1397430, 1396253]"
"CBN-PdlC-F4-20180723","[1393200, 1392608, 1396843]"
"CBN-PdlC-F4-20180815","[1393200, 1392608, 1396253]"
"CBN-PdlC-F4-20180905","[1393200, 1392608, 1396253]"
"CBN-PdlC-F4-20190701","[1393200, 1392608, 1392612]"
"CBN-PdlC-F4-20190722","[1396843, 1393200, 1392608]"
"CBN-PdlC-F4-20190812","[1360299, 1396253, 1395807]"
"CBN-PdlC-F4-20190909","[1392608, 1392059, 1393200]"
"CBN-PdlC-F4-20200629","[1392608, 1393200, 1397430]"
"CBN-PdlC-F4-20200722","[1392608, 1396843, 1393200]"
"CBN-PdlC-F4-20200812","[1396253, 1392608, 1393200]"
"CBN-PdlC-F5-20130723","[1396253, 1396843, 1392407]"
"CBN-PdlC-F5-20130903","[1392608, 1396253, 1396843]"
"CBN-PdlC-F5-20140630","[1396253, 1392608, 1390793]"
"CBN-PdlC-F5-20140721","[1392608, 1396253, 1396843]"
"CBN-PdlC-F5-20140811","[1396253, 1392608, 1390793]"
"CBN-PdlC-F5-20150701","[1392608, 1396253, 1392611]"
"CBN-PdlC-F5-20150720","[1358491, 1392608, 1394548]"
"CBN-PdlC-F5-20150810","[1396253, 1392608, 1390761]"
"CBN-PdlC-F5-20150831","[1396253, 1396843, 1396441]"
"CBN-PdlC-F5-20160705","[1396253, 1392608, 1397386]"
"CBN-PdlC-F5-20160726","[1396843, 1361367, 1396253]"
"CBN-PdlC-F5-20170816","[1396253, 1396843, 1492610]"
"CBN-PdlC-F5-20170906","[1396253, 1396843, 1392608]"
"CBN-PdlC-F5-20180702","[1396253, 1392608, 1392541]"
"CBN-PdlC-F5-20180723","[1392608, 1396253, 1396843]"
"CBN-PdlC-F5-20180815","[1393494, 1396253, 1396843]"
"CBN-PdlC-F5-20180905","[1396253, 1396843, 1392608]"
"CBN-PdlC-F5-20190722","[1392608, 1396843, 1359649]"
"CBN-PdlC-F5-20190812","[1396253, 1392608, 1392338]"
"CBN-PdlC-F5-20190909","[1396253, 1397386, 1395807]"
"CBN-PdlC-F5-20200629","[1396253, 1392608, 1390793]"
"CBN-PdlC-F5-20200722","[1396843, 1392608, 1396253]"
"CBN-PdlC-F5-20200812","[1396253, 1396843, 1395807]"
"CBN-PdlC-F6-20130723","[1393200, 1396843, 1390793]"
"CBN-PdlC-F6-20130807","[1393200, 1396253, 1396843]"
"CBN-PdlC-F6-20130903","[1390793, 1393224, 1396843]"
"CBN-PdlC-F6-20140630","[1390793, 1390761, 1390837]"
"CBN-PdlC-F6-20140721","[1393200, 1392535, 1390793]"
"CBN-PdlC-F6-20140811","[1393200, 1392535, 1396843]"
"CBN-PdlC-F6-20150701","[1393200, 1392535, 1396843]"
"CBN-PdlC-F6-20150720","[1394542, 1392608, 1396843]"
"CBN-PdlC-F6-20150810","[1361367, 1396843, 1393200]"
"CBN-PdlC-F6-20150831","[1392608, 1396843, 1390793]"
"CBN-PdlC-F6-20160705","[1397528, 1392608, 1396843]"
"CBN-PdlC-F6-20160726","[1392534, 1392608, 1390793]"
"CBN-PdlC-F6-20170816","[1393200, 1392608, 1390793]"
"CBN-PdlC-F6-20170906","[1392608, 1393200, 1396843]"
"CBN-PdlC-F6-20180702","[1396843, 1396253, 1394911]"
"CBN-PdlC-F6-20180723","[1396843, 1390793, 1394311]"
"CBN-PdlC-F6-20180815","[1396843, 1390899, 1390793]"
"CBN-PdlC-F6-20180905","[1393200, 1396843, 1361275]"
"CBN-PdlC-F6-20190722","[1390793, 1393200, 1396843]"
"CBN-PdlC-F6-20190812","[1361367, 1396843, 1400017]"
"CBN-PdlC-F6-20190909","[1393200, 1396843, 1390793]"
"CBN-PdlC-F6-20200629","[1396253, 1392608, 1390793]"
"CBN-PdlC-F6-20200722","[1392534, 1392535, 1396843]"
"CBN-PdlC-F6-20200812","[1390793, 1392534, 1393200]"
"CBN-Pla-A1-20130808","[1396253, 1397475, 1395807]"
"CBN-Pla-A1-20130904","[1397475, 1395807, 1396253]"
"CBN-Pla-A1-20140722","[1395949, 1397475, 1396253]"
"CBN-Pla-A1-20140812","[1396144, 1397475, 1396253]"
"CBN-Pla-A1-20140902","[1394311, 1397475, 1400176]"
"CBN-Pla-A1-20150702","[1397475, 1396253, 1394311]"
"CBN-Pla-A1-20150723","[1395807, 1397475, 1396253]"
"CBN-Pla-A1-20150811","[1395807, 1412857, 1397475]"
"CBN-Pla-A1-20150901","[1400176, 1397475, 1395807]"
"CBN-Pla-A1-20160707","[1397475, 1394597, 1390837]"
"CBN-Pla-A1-20160728","[1397475, 1396144, 1396253]"
"CBN-Pla-A1-20180724","[1397475, 1412857, 1357104]"
"CBN-Pla-A1-20180816","[1395807, 1396253, 1397475]"
"CBN-Pla-A1-20180906","[1397475, 1395807, 1647156]"
"CBN-Pla-A1-20190723","[1397475, 1396253, 1395807]"
"CBN-Pla-A1-20190814","[1397475, 1396253, 1400017]"
"CBN-Pla-A1-20200630","[1741564, 1395285, 1400182]"
"CBN-Pla-A1-20200723","[1400176, 1397475, 1396253]"
"CBN-Pla-A1-20200814","[1742053, 1412857, 1392552]"
"CBN-Pla-A2-20130724","[1743359, 1396015, 1529402]"
"CBN-Pla-A2-20130808","[1396253, 1395807, 1412857]"
"CBN-Pla-A2-20130904","[1395973, 1396015, 1395807]"
"CBN-Pla-A2-20140722","[1395949, 1396015, 1395973]"
"CBN-Pla-A2-20140812","[1396144, 1395949, 1396015]"
"CBN-Pla-A2-20140902","[1396015, 1361367, 1395949]"
"CBN-Pla-A2-20150702","[1396015, 1395949, 1412857]"
"CBN-Pla-A2-20150723","[1396015, 1742053, 1395807]"
"CBN-Pla-A2-20150811","[1392552, 1396015, 1412857]"
"CBN-Pla-A2-20150901","[1396015, 1392552, 1412857]"
"CBN-Pla-A2-20160707","[1396015, 1395949, 1412857]"
"CBN-Pla-A2-20160728","[1412857, 1395949, 1742053]"
"CBN-Pla-A2-20180724","[1396180, 1363543, 1396018]"
"CBN-Pla-A2-20180816","[1396253, 1396015, 1412857]"
"CBN-Pla-A2-20180906","[1395949, 1396015, 1395973]"
"CBN-Pla-A2-20190723","[1396253, 1396144, 1742053]"
"CBN-Pla-A2-20190814","[1396015, 1396253, 1396144]"
"CBN-Pla-A2-20200723","[1396843, 1397043, 1396253]"
"CBN-Pla-A2-20200814","[1742053, 1412857, 1392552]"
"CBN-Pla-A3-20130724","[1528543, 1391424, 1391427]"
"CBN-Pla-A3-20130808","[1396253, 1395807, 1741880]"
"CBN-Pla-A3-20130904","[1392541, 1397049, 1395807]"
"CBN-Pla-A3-20140722","[1396144, 1363543, 1390793]"
"CBN-Pla-A3-20140812","[1741880, 1395807, 1395870]"
"CBN-Pla-A3-20140902","[1361374, 1395807, 1394678]"
"CBN-Pla-A3-20150702","[1396144, 1363543, 1392186]"
"CBN-Pla-A3-20150723","[1395807, 1741880, 1392657]"
"CBN-Pla-A3-20150811","[1388766, 1395807, 1361367]"
"CBN-Pla-A3-20150901","[1412857, 1396253, 1396843]"
"CBN-Pla-A3-20160707","[1396144, 1396094, 1396970]"
"CBN-Pla-A3-20160728","[1396144, 1397043, 1412857]"
"CBN-Pla-A3-20180724","[1363619, 1396180, 1363543]"
"CBN-Pla-A3-20180816","[1396144, 1397043, 1395807]"
"CBN-Pla-A3-20180906","[1396144, 1397043, 1395807]"
"CBN-Pla-A3-20190723","[1396253, 1395807, 1395870]"
"CBN-Pla-A3-20190814","[1396144, 1395870, 1395807]"
"CBN-Pla-A3-20200723","[1395807, 1397043, 1396843]"
"CBN-Pla-A3-20200814","[1396144, 1362482, 1395870]"
"CBN-Pla-A4-20130724","[1392541, 1743465, 1359587]"
"CBN-Pla-A4-20130808","[1741880, 1395870, 1395807]"
"CBN-Pla-A4-20130904","[1741880, 1395870, 1395807]"
"CBN-Pla-A4-20140722","[1395870, 1741880, 1390793]"
"CBN-Pla-A4-20140812","[1395870, 1741880, 1395807]"
"CBN-Pla-A4-20140902","[1741880, 1395870, 1363543]"
"CBN-Pla-A4-20150702","[1741880, 1399798, 1744235]"
"CBN-Pla-A4-20150723","[1395870, 1741880, 1395807]"
"CBN-Pla-A4-20150811","[1741880, 1395870, 1395807]"
"CBN-Pla-A4-20150901","[1741880, 1395870, 1395718]"
"CBN-Pla-A4-20160707","[1741880, 1363615, 1395870]"
"CBN-Pla-A4-20160728","[1397043, 1395870, 1395807]"
"CBN-Pla-A4-20180724","[1588800, 1363133, 1392522]"
"CBN-Pla-A4-20180816","[1395870, 1741880, 1394311]"
"CBN-Pla-A4-20180906","[1395870, 1741880, 1397043]"
"CBN-Pla-A4-20190723","[1741880, 1395870, 1395807]"
"CBN-Pla-A4-20190814","[1741880, 1395870, 1395807]"
"CBN-Pla-A4-20200723","[1741880, 1395870, 1396253]"
"CBN-Pla-A4-20200814","[1395870, 1395807, 1741880]"
"CBN-Pla-A5-20130724","[1651267, 1395807, 1391797]"
"CBN-Pla-A5-20130808","[1741880, 1395870, 1395807]"
"CBN-Pla-A5-20130904","[1741880, 1395870, 1395807]"
"CBN-Pla-A5-20140722","[1396144, 1395949, 1418688]"
"CBN-Pla-A5-20140812","[1741880, 1396144, 1395870]"
"CBN-Pla-A5-20140902","[1395870, 1741880, 1361367]"
"CBN-Pla-A5-20150702","[1395870, 1741880, 1609716]"
"CBN-Pla-A5-20150723","[1395870, 1741880, 1397106]"
"CBN-Pla-A5-20150811","[1395870, 1741880, 1742053]"
"CBN-Pla-A5-20160707","[1412857, 1742053, 1741880]"
"CBN-Pla-A5-20160728","[1395870, 1741880, 1396144]"
"CBN-Pla-A5-20180724","[1390837, 1741880, 1395870]"
"CBN-Pla-A5-20180816","[1395870, 1741880, 1742053]"
"CBN-Pla-A5-20180906","[1741880, 1395870, 1742053]"
"CBN-Pla-A5-20190723","[1741880, 1395870, 1395807]"
"CBN-Pla-A5-20190814","[1741880, 1412857, 1395870]"
"CBN-Pla-A5-20200723","[1741880, 1395870, 1360141]"
"CBN-Pla-A5-20200814","[1395870, 1741880, 1742053]"
"CBN-Pla-A6-20130724","[1418688, 1737701, 1396253]"
"CBN-Pla-A6-20130808","[1741880, 1395870, 1396253]"
"CBN-Pla-A6-20130904","[1741880, 1395870, 1395807]"
"CBN-Pla-A6-20140722","[1741880, 1395870, 1396144]"
"CBN-Pla-A6-20140812","[1395870, 1741880, 1396144]"
"CBN-Pla-A6-20140902","[1395870, 1741880, 1361367]"
"CBN-Pla-A6-20150702","[1396253, 1741880, 1400155]"
"CBN-Pla-A6-20150723","[1395870, 1741880, 1396869]"
"CBN-Pla-A6-20150811","[1741880, 1395870, 1397381]"
"CBN-Pla-A6-20150901","[1396253, 1741880, 1396843]"
"CBN-Pla-A6-20160707","[1396253, 1392541, 1396144]"
"CBN-Pla-A6-20160728","[1395870, 1395807, 1741624]"
"CBN-Pla-A6-20180724","[1529410, 1396253, 1391797]"
"CBN-Pla-A6-20180816","[1741880, 1395870, 1396253]"
"CBN-Pla-A6-20180906","[1396144, 1395870, 1741880]"
"CBN-Pla-A6-20190723","[1395870, 1395807, 1741880]"
"CBN-Pla-A6-20190814","[1396843, 1395870, 1361367]"
"CBN-Pla-A6-20200723","[1741880, 1395870, 1580587]"
"CBN-Pla-A6-20200814","[1395807, 1395870, 1363133]"
"CBN-Pla-B1-20130724","[1363133, 1492045, 1361099]"
"CBN-Pla-B1-20130808","[1396253, 1395807, 1741880]"
"CBN-Pla-B1-20130904","[1396253, 1395807, 1394366]"
"CBN-Pla-B1-20140722","[1390793, 1392241, 1396253]"
"CBN-Pla-B1-20140812","[1412857, 1396253, 1395807]"
"CBN-Pla-B1-20140902","[1361367, 1396253, 1742053]"
"CBN-Pla-B1-20150702","[1396253, 1743471, 1392352]"
"CBN-Pla-B1-20150723","[1742053, 1396253, 1742052]"
"CBN-Pla-B1-20150811","[1396253, 1395807, 1392241]"
"CBN-Pla-B1-20150901","[1396253, 1394311, 1741880]"
"CBN-Pla-B1-20160707","[1396253, 1741880, 1412857]"
"CBN-Pla-B1-20160728","[1396253, 1397465, 1741880]"
"CBN-Pla-B1-20180724","[1396253, 1652912, 1418688]"
"CBN-Pla-B1-20180816","[1396253, 1742053, 1394542]"
"CBN-Pla-B1-20180906","[1609716, 1396253, 1412857]"
"CBN-Pla-B1-20190723","[1396253, 1741880, 1397468]"
"CBN-Pla-B1-20190814","[1647156, 1742053, 1395807]"
"CBN-Pla-B1-20200630","[1393911, 1743300, 1361091]"
"CBN-Pla-B1-20200723","[1741880, 1396253, 1395870]"
"CBN-Pla-B1-20200814","[1742052, 1397381, 1394366]"
"CBN-Pla-B2-20130724","[1394911, 1727501, 1394331]"
"CBN-Pla-B2-20130808","[1396253, 1364066, 1395807]"
"CBN-Pla-B2-20130904","[1363543, 1395807, 1397123]"
"CBN-Pla-B2-20140722","[1529410, 1396253, 1529402]"
"CBN-Pla-B2-20140812","[1396843, 1395807, 1412857]"
"CBN-Pla-B2-20140902","[1396843, 1395807, 1741880]"
"CBN-Pla-B2-20150702","[1390793, 1396253, 1394643]"
"CBN-Pla-B2-20150723","[1396253, 1395807, 1741880]"
"CBN-Pla-B2-20150811","[1392552, 1396843, 1741880]"
"CBN-Pla-B2-20150901","[1396253, 1392552, 1741880]"
"CBN-Pla-B2-20160707","[1396253, 1363615, 1741880]"
"CBN-Pla-B2-20160728","[1395807, 1741880, 1395870]"
"CBN-Pla-B2-20180724","[1418688, 1396107, 1390966]"
"CBN-Pla-B2-20180816","[1741880, 1395807, 1412857]"
"CBN-Pla-B2-20180906","[1364066, 1395807, 1396843]"
"CBN-Pla-B2-20190723","[1395807, 1389392, 1741880]"
"CBN-Pla-B2-20190814","[1362482, 1741880, 1412857]"
"CBN-Pla-B2-20200723","[1397043, 1741880, 1396253]"
"CBN-Pla-B2-20200814","[1392186, 1395807, 1394366]"
"CBN-Pla-B3-20130724","[1390811, 1397386, 1360951]"
"CBN-Pla-B3-20130808","[1396253, 1395807, 1395870]"
"CBN-Pla-B3-20130904","[1396253, 1395807, 1395870]"
"CBN-Pla-B3-20140722","[1396253, 1390955, 1743465]"
"CBN-Pla-B3-20140812","[1396253, 1395807, 1412857]"
"CBN-Pla-B3-20140902","[1361367, 1395807, 1396253]"
"CBN-Pla-B3-20150811","[1396253, 1743471, 1361141]"
"CBN-Pla-B3-20150901","[1396253, 1395807, 1361347]"
"CBN-Pla-B3-20160707","[1396253, 1361347, 1395807]"
"CBN-Pla-B3-20160728","[1395807, 1396253, 1361702]"
"CBN-Pla-B3-20180724","[1363543, 1741880, 1390811]"
"CBN-Pla-B3-20180816","[1396253, 1395807, 1364066]"
"CBN-Pla-B3-20180906","[1396253, 1395807, 1412857]"
"CBN-Pla-B3-20190723","[1396253, 1395807, 1394366]"
"CBN-Pla-B3-20190814","[1396253, 1395807, 1361141]"
"CBN-Pla-B3-20200723","[1396253, 1395807, 1361367]"
"CBN-Pla-B3-20200814","[1396253, 1397468, 1361275]"
"CBN-Pla-B4-20130724","[1361347, 1397386, 1390811]"
"CBN-Pla-B4-20130808","[1395807, 1395870, 1397461]"
"CBN-Pla-B4-20130904","[1397043, 1395807, 1391085]"
"CBN-Pla-B4-20140722","[1361347, 1397386, 1397376]"
"CBN-Pla-B4-20140812","[1396253, 1395807, 1412857]"
"CBN-Pla-B4-20140902","[1397386, 1397043, 1392293]"
"CBN-Pla-B4-20150702","[1396253, 1363543, 1390837]"
"CBN-Pla-B4-20150723","[1395807, 1394311, 1394542]"
"CBN-Pla-B4-20150811","[1362325, 1651363, 1394311]"
"CBN-Pla-B4-20150901","[1396843, 1395807, 1359649]"
"CBN-Pla-B4-20160707","[1363543, 1397386, 1361347]"
"CBN-Pla-B4-20160728","[1397043, 1397046, 1395807]"
"CBN-Pla-B4-20180724","[1399764, 1397386, 1363543]"
"CBN-Pla-B4-20180816","[1397043, 1395807, 1397046]"
"CBN-Pla-B4-20180906","[1397043, 1395807, 1396253]"
"CBN-Pla-B4-20190723","[1395807, 1741880, 1361141]"
"CBN-Pla-B4-20190814","[1397386, 1741880, 1394911]"
"CBN-Pla-B4-20200723","[1396253, 1395807, 1361347]"
"CBN-Pla-B4-20200814","[1395870, 1395807, 1394311]"
"CBN-Pla-B5-20130724","[1361703, 1363619, 1418612]"
"CBN-Pla-B5-20130808","[1741880, 1395870, 1395807]"
"CBN-Pla-B5-20130904","[1741880, 1395807, 1397043]"
"CBN-Pla-B5-20140722","[1396253, 1396362, 1363543]"
"CBN-Pla-B5-20140812","[1396144, 1397043, 1395807]"
"CBN-Pla-B5-20140902","[1395870, 1395807, 1361367]"
"CBN-Pla-B5-20150702","[1393708, 1390899, 1396253]"
"CBN-Pla-B5-20150723","[1395807, 1362482, 1647677]"
"CBN-Pla-B5-20150811","[1395870, 1741880, 1395807]"
"CBN-Pla-B5-20150901","[1395870, 1394311, 1396144]"
"CBN-Pla-B5-20160707","[1397386, 1394311, 1743474]"
"CBN-Pla-B5-20160728","[1397043, 1394311, 1741880]"
"CBN-Pla-B5-20180724","[1743465, 1363619, 1744504]"
"CBN-Pla-B5-20180816","[1395870, 1741880, 1395807]"
"CBN-Pla-B5-20180906","[1395807, 1364066, 1397043]"
"CBN-Pla-B5-20190723","[1397353, 1396843, 1395807]"
"CBN-Pla-B5-20190814","[1395870, 1741880, 1397043]"
"CBN-Pla-B5-20200723","[1397043, 1397046, 1741880]"
"CBN-Pla-B5-20200814","[1395870, 1741880, 1397043]"
"CBN-Pla-B6-20130724","[1396144, 1358099, 1363133]"
"CBN-Pla-B6-20130808","[1396144, 1396253, 1397491]"
"CBN-Pla-B6-20130904","[1396144, 1396253, 1395987]"
"CBN-Pla-B6-20140722","[1396144, 1397491, 1358095]"
"CBN-Pla-B6-20140812","[1396144, 1395987, 1396023]"
"CBN-Pla-B6-20140902","[1396144, 1397386, 1396015]"
"CBN-Pla-B6-20150702","[1395807, 1396253, 1741905]"
"CBN-Pla-B6-20150723","[1396144, 1396015, 1396869]"
"CBN-Pla-B6-20150811","[1396253, 1396015, 1396144]"
"CBN-Pla-B6-20150901","[1396015, 1395807, 1396253]"
"CBN-Pla-B6-20160707","[1396144, 1396015, 1396023]"
"CBN-Pla-B6-20160728","[1396015, 1396144, 1397043]"
"CBN-Pla-B6-20180816","[1396144, 1397043, 1396015]"
"CBN-Pla-B6-20180906","[1396144, 1396015, 1395940]"
"CBN-Pla-B6-20190723","[1396015, 1396144, 1395807]"
"CBN-Pla-B6-20190814","[1396015, 1396144, 1395973]"
"CBN-Pla-B6-20200723","[1396144, 1395807, 1688053]"
"CBN-Pla-B6-20200814","[1396144, 1396015, 1395807]"
"CBN-Pla-C1-20130808","[1395870, 1396144, 1741880]"
"CBN-Pla-C1-20130904","[1395870, 1741880, 1363618]"
"CBN-Pla-C1-20150702","[1741880, 1395870, 1407739]"
"CBN-Pla-C1-20150723","[1395870, 1741880, 1392534]"
"CBN-Pla-C1-20150811","[1741880, 1395870, 1392534]"
"CBN-Pla-C1-20150901","[1742053, 1741880, 1395870]"
"CBN-Pla-C1-20160707","[1741880, 1395870, 1394911]"
"CBN-Pla-C1-20160728","[1741624, 1395870, 1741880]"
"CBN-Pla-C1-20180816","[1741880, 1395870, 1744235]"
"CBN-Pla-C1-20180906","[1394643, 1360269, 1395870]"
"CBN-Pla-C1-20190723","[1395870, 1392534, 1392535]"
"CBN-Pla-C1-20190814","[1400176, 1395870, 1741880]"
"CBN-Pla-C1-20200723","[1395870, 1741880, 1393200]"
"CBN-Pla-C1-20200814","[1394911, 1395807, 1395870]"
"CBN-Pla-C2-20130808","[1396253, 1741880, 1395807]"
"CBN-Pla-C2-20130904","[1741880, 1395870, 1412857]"
"CBN-Pla-C2-20140722","[1396145, 1396144, 1390837]"
"CBN-Pla-C2-20140902","[1741880, 1412857, 1395870]"
"CBN-Pla-C2-20150702","[1741880, 1395870, 1396144]"
"CBN-Pla-C2-20150723","[1741880, 1395870, 1412857]"
"CBN-Pla-C2-20150811","[1741880, 1395870, 1412857]"
"CBN-Pla-C2-20150901","[1394542, 1741880, 1395870]"
"CBN-Pla-C2-20160707","[1396253, 1393619, 1412857]"
"CBN-Pla-C2-20160728","[1412857, 1742053, 1400176]"
"CBN-Pla-C2-20180724","[1743471, 1744194, 1396253]"
"CBN-Pla-C2-20180816","[1412857, 1396253, 1742053]"
"CBN-Pla-C2-20180906","[1412857, 1742053, 1396253]"
"CBN-Pla-C2-20190723","[1396253, 1741554, 1392541]"
"CBN-Pla-C2-20190814","[1396253, 1397046, 1397043]"
"CBN-Pla-C2-20200723","[1396253, 1412857, 1395807]"
"CBN-Pla-C2-20200814","[1396253, 1742053, 1395807]"
"CBN-Pla-C3-20130808","[1395807, 1400176, 1394643]"
"CBN-Pla-C3-20130904","[1400176, 1363133, 1647156]"
"CBN-Pla-C3-20140722","[1363543, 1532190, 1390793]"
"CBN-Pla-C3-20140902","[1400176, 1361367, 1394311]"
"CBN-Pla-C3-20150702","[1390837, 1394643, 1361374]"
"CBN-Pla-C3-20150723","[1400176, 1741880, 1390899]"
"CBN-Pla-C3-20150811","[1400176, 1395807, 1390904]"
"CBN-Pla-C3-20150901","[1741880, 1395870, 1400176]"
"CBN-Pla-C3-20160707","[1396253, 1390899, 1394311]"
"CBN-Pla-C3-20160728","[1741880, 1395870, 1397043]"
"CBN-Pla-C3-20180724","[1418688, 1412857, 1609716]"
"CBN-Pla-C3-20180816","[1741880, 1412857, 1395807]"
"CBN-Pla-C3-20180906","[1741880, 1397500, 1412857]"
"CBN-Pla-C3-20190723","[1741880, 1395807, 1395870]"
"CBN-Pla-C3-20190814","[1741880, 1395870, 1361367]"
"CBN-Pla-C3-20200723","[1395870, 1741880, 1400176]"
"CBN-Pla-C3-20200814","[1400176, 1741880, 1395807]"
"CBN-Pla-C4-20130808","[1395807, 1363543, 1397500]"
"CBN-Pla-C4-20130904","[1360748, 1393200, 1395807]"
"CBN-Pla-C4-20140902","[1395807, 1363274, 1361367]"
"CBN-Pla-C4-20150702","[1390811, 1396094, 1396843]"
"CBN-Pla-C4-20150723","[1395807, 1400017, 1389986]"
"CBN-Pla-C4-20150811","[1396843, 1395807, 1412857]"
"CBN-Pla-C4-20150901","[1396253, 1396843, 1396869]"
"CBN-Pla-C4-20160707","[1397500, 1397353, 1397106]"
"CBN-Pla-C4-20160728","[1397043, 1395807, 1397500]"
"CBN-Pla-C4-20180724","[1397500, 1396253, 1358099]"
"CBN-Pla-C4-20180816","[1396253, 1395807, 1741880]"
"CBN-Pla-C4-20180906","[1396253, 1395807, 1412857]"
"CBN-Pla-C4-20190723","[1396253, 1388766, 1395807]"
"CBN-Pla-C4-20190814","[1396253, 1396869, 1412857]"
"CBN-Pla-C4-20200723","[1396253, 1397043, 1741624]"
"CBN-Pla-C4-20200814","[1742053, 1412857, 1396253]"
"CBN-Pla-C5-20130808","[1395807, 1396144, 1396869]"
"CBN-Pla-C5-20130904","[1396144, 1395807, 1356422]"
"CBN-Pla-C5-20140722","[1396144, 1397491, 1390793]"
"CBN-Pla-C5-20140902","[1396144, 1396869, 1395807]"
"CBN-Pla-C5-20150702","[1393224, 1396144, 1363543]"
"CBN-Pla-C5-20150723","[1396144, 1395807, 1396857]"
"CBN-Pla-C5-20150811","[1396144, 1395807, 1390793]"
"CBN-Pla-C5-20150901","[1395807, 1742053, 1396869]"
"CBN-Pla-C5-20160707","[1395807, 1412857, 1399800]"
"CBN-Pla-C5-20160728","[1395807, 1393224, 1394311]"
"CBN-Pla-C5-20180724","[1390967, 1361374, 1396144]"
"CBN-Pla-C5-20180816","[1395807, 1394366, 1397675]"
"CBN-Pla-C5-20180906","[1395807, 1399800, 1396869]"
"CBN-Pla-C5-20190723","[1395807, 1397123, 1394311]"
"CBN-Pla-C5-20190814","[1395807, 1394366, 1742053]"
"CBN-Pla-C5-20200723","[1395807, 1412857, 1418688]"
"CBN-Pla-C5-20200814","[1652912, 1395807, 1394311]"
"CBN-Pla-C6-20130808","[1396253, 1395807, 1363543]"
"CBN-Pla-C6-20130904","[1396253, 1395807, 1395870]"
"CBN-Pla-C6-20140902","[1395807, 1390674, 1392293]"
"CBN-Pla-C6-20150702","[1396253, 1361367, 1363543]"
"CBN-Pla-C6-20150723","[1395807, 1742053, 1741880]"
"CBN-Pla-C6-20150811","[1395807, 1396253, 1394366]"
"CBN-Pla-C6-20150901","[1390793, 1742053, 1412857]"
"CBN-Pla-C6-20160707","[1396253, 1395807, 1361347]"
"CBN-Pla-C6-20160728","[1395807, 1396253, 1395870]"
"CBN-Pla-C6-20180724","[1396253, 1400155, 1390793]"
"CBN-Pla-C6-20180816","[1395807, 1741880, 1396253]"
"CBN-Pla-C6-20180906","[1742053, 1395807, 1396253]"
"CBN-Pla-C6-20190723","[1395807, 1395870, 1741880]"
"CBN-Pla-C6-20190814","[1395807, 1396253, 1741880]"
"CBN-Pla-C6-20200723","[1396253, 1396144, 1395807]"
"CBN-Pla-C6-20200814","[1395807, 1741880, 1395870]"
"CBN-Pla-D1-20130808","[1396253, 1395807, 1412857]"
"CBN-Pla-D1-20130904","[1396253, 1450108, 1396144]"
"CBN-Pla-D1-20140722","[1412857, 1742053, 1396253]"
"CBN-Pla-D1-20140902","[1396253, 1395870, 1397386]"
"CBN-Pla-D1-20150702","[1392541, 1741880, 1392565]"
"CBN-Pla-D1-20150723","[1741880, 1395870, 1400176]"
"CBN-Pla-D1-20150811","[1395807, 1741880, 1395870]"
"CBN-Pla-D1-20150901","[1396253, 1532190, 1395807]"
"CBN-Pla-D1-20160707","[1396253, 1395807, 1361347]"
"CBN-Pla-D1-20160728","[1396253, 1395718, 1395807]"
"CBN-Pla-D1-20180724","[1361347, 1395807, 1396843]"
"CBN-Pla-D1-20180816","[1395807, 1742053, 1397043]"
"CBN-Pla-D1-20180906","[1412857, 1397450, 1395807]"
"CBN-Pla-D1-20190723","[1741880, 1395807, 1412857]"
"CBN-Pla-D1-20190814","[1741880, 1395807, 1394311]"
"CBN-Pla-D1-20200723","[1412857, 1395862, 1395870]"
"CBN-Pla-D1-20200814","[1412857, 1742053, 1394311]"
"CBN-Pla-D2-20130808","[1396253, 1361347, 1412857]"
"CBN-Pla-D2-20130904","[1396843, 1359531, 1392293]"
"CBN-Pla-D2-20140722","[1396253, 1394643, 1390761]"
"CBN-Pla-D2-20140902","[1393200, 1396843, 1399082]"
"CBN-Pla-D2-20150702","[1391092, 1396253, 1394311]"
"CBN-Pla-D2-20150723","[1396843, 1396253, 1393200]"
"CBN-Pla-D2-20150811","[1400176, 1743471, 1412857]"
"CBN-Pla-D2-20150901","[1396843, 1361141, 1397386]"
"CBN-Pla-D2-20160707","[1412857, 1396843, 1742053]"
"CBN-Pla-D2-20160728","[1412857, 1400176, 1742052]"
"CBN-Pla-D2-20180724","[1390837, 1412857, 1646497]"
"CBN-Pla-D2-20180816","[1412857, 1396253, 1397043]"
"CBN-Pla-D2-20180906","[1396253, 1400176, 1396843]"
"CBN-Pla-D2-20190723","[1742053, 1400176, 1395807]"
"CBN-Pla-D2-20190814","[1396843, 1742053, 1412857]"
"CBN-Pla-D2-20200723","[1396253, 1400176, 1395870]"
"CBN-Pla-D2-20200814","[1742053, 1392552, 1400176]"
"CBN-Pla-D3-20130808","[1741880, 1395870, 1395807]"
"CBN-Pla-D3-20130904","[1395870, 1741880, 1396253]"
"CBN-Pla-D3-20140722","[1363133, 1361099, 1392522]"
"CBN-Pla-D3-20140902","[1395870, 1396253, 1741880]"
"CBN-Pla-D3-20150702","[1407739, 1396253, 1397500]"
"CBN-Pla-D3-20150723","[1395870, 1741880, 1397043]"
"CBN-Pla-D3-20150811","[1392534, 1395870, 1396253]"
"CBN-Pla-D3-20150901","[1395870, 1742053, 1396253]"
"CBN-Pla-D3-20160707","[1397500, 1737461, 1361347]"
"CBN-Pla-D3-20160728","[1395870, 1392541, 1741880]"
"CBN-Pla-D3-20180724","[1396253, 1390837, 1418688]"
"CBN-Pla-D3-20180816","[1741880, 1396253, 1395870]"
"CBN-Pla-D3-20180906","[1396253, 1412857, 1742053]"
"CBN-Pla-D3-20190723","[1741880, 1395870, 1396253]"
"CBN-Pla-D3-20190814","[1741880, 1395870, 1396253]"
"CBN-Pla-D3-20200723","[1400176, 1741880, 1396253]"
"CBN-Pla-D3-20200814","[1392552, 1741880, 1395870]"
"CBN-Pla-D4-20130808","[1741880, 1395870, 1396253]"
"CBN-Pla-D4-20130904","[1396144, 1397491, 1396253]"
"CBN-Pla-D4-20140722","[1396253, 1743465, 1396144]"
"CBN-Pla-D4-20140902","[1396253, 1361367, 1395807]"
"CBN-Pla-D4-20150702","[1396253, 1390793, 1394641]"
"CBN-Pla-D4-20150723","[1742052, 1395807, 1395862]"
"CBN-Pla-D4-20150811","[1396253, 1395807, 1395870]"
"CBN-Pla-D4-20150901","[1396253, 1395870, 1741880]"
"CBN-Pla-D4-20160707","[1396253, 1390793, 1395870]"
"CBN-Pla-D4-20160728","[1361367, 1396253, 1363543]"
"CBN-Pla-D4-20180724","[1396253, 1382119, 1390904]"
"CBN-Pla-D4-20180816","[1397046, 1396253, 1395870]"
"CBN-Pla-D4-20180906","[1396253, 1395870, 1395807]"
"CBN-Pla-D4-20190723","[1395870, 1396253, 1741880]"
"CBN-Pla-D4-20190814","[1395870, 1395807, 1741880]"
"CBN-Pla-D4-20200723","[1396253, 1395870, 1395807]"
"CBN-Pla-D4-20200814","[1395870, 1741880, 1396253]"
"CBN-Pla-D5-20130808","[1412857, 1396253, 1396144]"
"CBN-Pla-D5-20130904","[1396843, 1395807, 1363543]"
"CBN-Pla-D5-20140722","[1396144, 1358119, 1390777]"
"CBN-Pla-D5-20140902","[1396144, 1361367, 1395807]"
"CBN-Pla-D5-20150702","[1396253, 1394597, 1609716]"
"CBN-Pla-D5-20150723","[1396253, 1395807, 1394311]"
"CBN-Pla-D5-20150811","[1361141, 1396253, 1395807]"
"CBN-Pla-D5-20150901","[1396144, 1396843, 1395807]"
"CBN-Pla-D5-20160707","[1392541, 1359750, 1395807]"
"CBN-Pla-D5-20160728","[1394366, 1396843, 1395870]"
"CBN-Pla-D5-20180724","[1396253, 1390793, 1358099]"
"CBN-Pla-D5-20180816","[1396253, 1397043, 1395807]"
"CBN-Pla-D5-20180906","[1396253, 1396843, 1395807]"
"CBN-Pla-D5-20190723","[1360748, 1396253, 1395807]"
"CBN-Pla-D5-20190814","[1396144, 1397043, 1411089]"
"CBN-Pla-D5-20200723","[1396253, 1395807, 1396843]"
"CBN-Pla-D6-20130808","[1395807, 1396253, 1392541]"
"CBN-Pla-D6-20130904","[1392541, 1392534, 1395807]"
"CBN-Pla-D6-20140722","[1743359, 1609716, 1394595]"
"CBN-Pla-D6-20140902","[1392552, 1395807, 1741880]"
"CBN-Pla-D6-20150702","[1399798, 1744293, 1741880]"
"CBN-Pla-D6-20150723","[1395807, 1392541, 1394311]"
"CBN-Pla-D6-20150811","[1392552, 1392566, 1395807]"
"CBN-Pla-D6-20150901","[1396843, 1396253, 1741880]"
"CBN-Pla-D6-20160707","[1741880, 1394911, 1394597]"
"CBN-Pla-D6-20160728","[1396253, 1397043, 1395807]"
"CBN-Pla-D6-20180724","[1412857, 1744293, 1390793]"
"CBN-Pla-D6-20180816","[1395807, 1397043, 1395870]"
"CBN-Pla-D6-20180906","[1396253, 1412857, 1395807]"
"CBN-Pla-D6-20190723","[1396974, 1395807, 1394542]"
"CBN-Pla-D6-20190814","[1395807, 1741880, 1395870]"
"CBN-Pla-D6-20200723","[1395807, 1412857, 1396253]"
"CBN-Pla-D6-20200814","[1392552, 1395807, 1742053]"
"CBN-Pla-E1-20130808","[1396144, 1396253, 1397491]"
"CBN-Pla-E1-20130904","[1396144, 1396362, 1396253]"
"CBN-Pla-E1-20140722","[1396144, 1396253, 1744293]"
"CBN-Pla-E1-20140902","[1396144, 1396253, 1412857]"
"CBN-Pla-E1-20150702","[1396144, 1397491, 1396253]"
"CBN-Pla-E1-20150723","[1396144, 1738749, 1741624]"
"CBN-Pla-E1-20150901","[1396144, 1396253, 1361141]"
"CBN-Pla-E1-20160707","[1396144, 1396253, 1392541]"
"CBN-Pla-E1-20160728","[1396144, 1392535, 1396253]"
"CBN-Pla-E1-20180816","[1396144, 1744479, 1396347]"
"CBN-Pla-E1-20180906","[1396144, 1394542, 1396253]"
"CBN-Pla-E1-20190723","[1744479, 1392541, 1392535]"
"CBN-Pla-E1-20190814","[1396253, 1396144, 1744479]"
"CBN-Pla-E1-20200630","[1396253, 1395949, 1397491]"
"CBN-Pla-E1-20200723","[1396843, 1396253, 1396144]"
"CBN-Pla-E1-20200814","[1744479, 1396362, 1399082]"
"CBN-Pla-E2-20130808","[1396144, 1396253, 1400176]"
"CBN-Pla-E2-20130904","[1396144, 1396272, 1396253]"
"CBN-Pla-E2-20140722","[1396144, 1396253, 1396272]"
"CBN-Pla-E2-20140902","[1396144, 1396253, 1395948]"
"CBN-Pla-E2-20150702","[1396144, 1396253, 1396272]"
"CBN-Pla-E2-20150723","[1396272, 1396253, 1396144]"
"CBN-Pla-E2-20150901","[1742053, 1396253, 1396144]"
"CBN-Pla-E2-20160707","[1396253, 1396144, 1738749]"
"CBN-Pla-E2-20160728","[1396144, 1400176, 1396253]"
"CBN-Pla-E2-20180724","[1396253, 1396144, 1363543]"
"CBN-Pla-E2-20180816","[1396253, 1741624, 1391359]"
"CBN-Pla-E2-20180906","[1396253, 1412857, 1742053]"
"CBN-Pla-E2-20190723","[1396144, 1396362, 1396253]"
"CBN-Pla-E2-20190814","[1396144, 1396253, 1742053]"
"CBN-Pla-E2-20200630","[1396144, 1413349, 1358099]"
"CBN-Pla-E2-20200723","[1396253, 1647128, 1741624]"
"CBN-Pla-E2-20200814","[1744479, 1396253, 1396144]"
"CBN-Pla-E3-20130808","[1396144, 1396253, 1396180]"
"CBN-Pla-E3-20130904","[1396144, 1396253, 1395948]"
"CBN-Pla-E3-20140722","[1396144, 1396253, 1397491]"
"CBN-Pla-E3-20140902","[1396144, 1412857, 1396253]"
"CBN-Pla-E3-20150702","[1396253, 1396144, 1412857]"
"CBN-Pla-E3-20150723","[1396253, 1412857, 1392541]"
"CBN-Pla-E3-20150811","[1396253, 1394311, 1412857]"
"CBN-Pla-E3-20150901","[1412857, 1742053, 1396253]"
"CBN-Pla-E3-20160707","[1396144, 1396253, 1361273]"
"CBN-Pla-E3-20160728","[1412857, 1742053, 1396253]"
"CBN-Pla-E3-20180724","[1396253, 1390904, 1394641]"
"CBN-Pla-E3-20180816","[1396253, 1397043, 1743968]"
"CBN-Pla-E3-20180906","[1412857, 1396253, 1742053]"
"CBN-Pla-E3-20190723","[1392535, 1396253, 1392534]"
"CBN-Pla-E3-20190814","[1396253, 1397043, 1412857]"
"CBN-Pla-E3-20200630","[1395940, 1356228, 1743903]"
"CBN-Pla-E3-20200723","[1396253, 1412857, 1397043]"
"CBN-Pla-E3-20200814","[1412857, 1400176, 1742053]"
"CBN-Pla-E4-20130808","[1396253, 1396843, 1395807]"
"CBN-Pla-E4-20130904","[1396843, 1396253, 1392535]"
"CBN-Pla-E4-20140722","[1396253, 1392558, 1392565]"
"CBN-Pla-E4-20140902","[1396253, 1361367, 1396843]"
"CBN-Pla-E4-20150702","[1396253, 1396843, 1392534]"
"CBN-Pla-E4-20150811","[1396843, 1400176, 1396253]"
"CBN-Pla-E4-20150901","[1396253, 1396843, 1412857]"
"CBN-Pla-E4-20160707","[1396253, 1396843, 1397279]"
"CBN-Pla-E4-20160728","[1396253, 1392241, 1396843]"
"CBN-Pla-E4-20180724","[1396253, 1396843, 1363543]"
"CBN-Pla-E4-20180816","[1392534, 1396253, 1397043]"
"CBN-Pla-E4-20180906","[1396843, 1397043, 1396253]"
"CBN-Pla-E4-20190723","[1396253, 1395807, 1412857]"
"CBN-Pla-E4-20190814","[1396843, 1396253, 1397043]"
"CBN-Pla-E4-20200630","[1744294, 1399798, 1396253]"
"CBN-Pla-E4-20200723","[1396253, 1397043, 1397046]"
"CBN-Pla-E4-20200814","[1396843, 1396253, 1397046]"
"CBN-Pla-E5-20130808","[1396253, 1395807, 1744235]"
"CBN-Pla-E5-20130904","[1395807, 1397386, 1392338]"
"CBN-Pla-E5-20140722","[1394603, 1399800, 1399798]"
"CBN-Pla-E5-20140902","[1394542, 1744294, 1399798]"
"CBN-Pla-E5-20150702","[1396843, 1396253, 1392541]"
"CBN-Pla-E5-20150723","[1396843, 1392541, 1395807]"
"CBN-Pla-E5-20150811","[1394311, 1392541, 1363618]"
"CBN-Pla-E5-20150901","[1394911, 1363618, 1394311]"
"CBN-Pla-E5-20160707","[1363618, 1388766, 1403533]"
"CBN-Pla-E5-20160728","[1392535, 1392534, 1393857]"
"CBN-Pla-E5-20180724","[1391427, 1399798, 1363618]"
"CBN-Pla-E5-20180816","[1392534, 1392535, 1395807]"
"CBN-Pla-E5-20180906","[1391331, 1392534, 1396843]"
"CBN-Pla-E5-20190723","[1395807, 1400175, 1396843]"
"CBN-Pla-E5-20190814","[1396843, 1392534, 1395807]"
"CBN-Pla-E5-20200630","[1364066, 1744019, 1360009]"
"CBN-Pla-E5-20200723","[1392534, 1395807, 1742052]"
"CBN-Pla-E5-20200814","[1362482, 1395807, 1392541]"
"CBN-Pla-E6-20130808","[1396253, 1395807, 1395870]"
"CBN-Pla-E6-20130904","[1396253, 1393224, 1395807]"
"CBN-Pla-E6-20140722","[1396253, 1393702, 1396144]"
"CBN-Pla-E6-20140902","[1742053, 1393200, 1412857]"
"CBN-Pla-E6-20150702","[1396253, 1396144, 1394643]"
"CBN-Pla-E6-20150723","[1412857, 1741880, 1742052]"
"CBN-Pla-E6-20150811","[1412857, 1388766, 1395807]"
"CBN-Pla-E6-20150901","[1412857, 1396253, 1742053]"
"CBN-Pla-E6-20160707","[1396253, 1742053, 1396144]"
"CBN-Pla-E6-20160728","[1396144, 1396253, 1742053]"
"CBN-Pla-E6-20180724","[1393619, 1390783, 1529289]"
"CBN-Pla-E6-20180816","[1397043, 1396253, 1412857]"
"CBN-Pla-E6-20180906","[1742053, 1412857, 1396253]"
"CBN-Pla-E6-20190723","[1395807, 1396253, 1396144]"
"CBN-Pla-E6-20190814","[1396253, 1741624, 1395870]"
"CBN-Pla-E6-20200723","[1396253, 1412857, 1364066]"
"CBN-Pla-E6-20200814","[1742053, 1412857, 1396253]"
"CBN-Pla-F1-20130808","[1580587, 1394311, 1741624]"
"CBN-Pla-F1-20130904","[1741624, 1391359, 1397461]"
"CBN-Pla-F1-20140722","[1580587, 1396144, 1363543]"
"CBN-Pla-F1-20140902","[1744479, 1647156, 1647128]"
"CBN-Pla-F1-20150702","[1413349, 1741624, 1580588]"
"CBN-Pla-F1-20150723","[1413349, 1647128, 1744194]"
"CBN-Pla-F1-20150901","[1728573, 1413349, 1400017]"
"CBN-Pla-F1-20160707","[1393679, 1396094, 1363543]"
"CBN-Pla-F1-20160728","[1647156, 1396296, 1744479]"
"CBN-Pla-F1-20180724","[1413349, 1647128, 1392186]"
"CBN-Pla-F1-20180816","[1741624, 1580587, 1359296]"
"CBN-Pla-F1-20180906","[1728573, 1392737, 1400176]"
"CBN-Pla-F1-20190723","[1741624, 1393679, 1647677]"
"CBN-Pla-F1-20190814","[1400176, 1394542, 1743471]"
"CBN-Pla-F1-20200630","[1363543, 1390783, 1528543]"
"CBN-Pla-F1-20200723","[1397043, 1741624, 1392487]"
"CBN-Pla-F1-20200814","[1400176, 1391359, 1359169]"
"CBN-Pla-F2-20130808","[1396253, 1412857, 1396144]"
"CBN-Pla-F2-20130904","[1647156, 1744479, 1419963]"
"CBN-Pla-F2-20140722","[1396144, 1396253, 1395948]"
"CBN-Pla-F2-20140902","[1412857, 1392541, 1741624]"
"CBN-Pla-F2-20150702","[1396144, 1396253, 1356883]"
"CBN-Pla-F2-20150723","[1580588, 1741624, 1580587]"
"CBN-Pla-F2-20150901","[1412857, 1396253, 1395718]"
"CBN-Pla-F2-20160707","[1396253, 1361273, 1361275]"
"CBN-Pla-F2-20160728","[1741624, 1396253, 1391359]"
"CBN-Pla-F2-20180724","[1396253, 1396144, 1394311]"
"CBN-Pla-F2-20180816","[1396253, 1397049, 1397465]"
"CBN-Pla-F2-20180906","[1395718, 1388766, 1412857]"
"CBN-Pla-F2-20190723","[1741624, 1396253, 1362273]"
"CBN-Pla-F2-20190814","[1394311, 1395718, 1388915]"
"CBN-Pla-F2-20200630","[1396253, 1394595, 1399800]"
"CBN-Pla-F2-20200723","[1396253, 1392541, 1394865]"
"CBN-Pla-F2-20200814","[1741624, 1396144, 1397467]"
"CBN-Pla-F3-20130808","[1396253, 1394438, 1390793]"
"CBN-Pla-F3-20130904","[1394438, 1394441, 1647156]"
"CBN-Pla-F3-20140722","[1647156, 1396253, 1396144]"
"CBN-Pla-F3-20140902","[1396253, 1397106, 1396144]"
"CBN-Pla-F3-20150702","[1396253, 1392541, 1361347]"
"CBN-Pla-F3-20150723","[1396253, 1741624, 1580588]"
"CBN-Pla-F3-20150811","[1396144, 1647156, 1744194]"
"CBN-Pla-F3-20150901","[1744479, 1396253, 1647128]"
"CBN-Pla-F3-20160707","[1396253, 1394438, 1396165]"
"CBN-Pla-F3-20160728","[1394438, 1396253, 1394441]"
"CBN-Pla-F3-20180724","[1396253, 1396144, 1744194]"
"CBN-Pla-F3-20180816","[1396253, 1412857, 1396144]"
"CBN-Pla-F3-20180906","[1396253, 1412857, 1394438]"
"CBN-Pla-F3-20190723","[1396253, 1412857, 1397528]"
"CBN-Pla-F3-20190814","[1394444, 1394438, 1396253]"
"CBN-Pla-F3-20200630","[1396253, 1359965, 1363133]"
"CBN-Pla-F3-20200723","[1396253, 1396144, 1412857]"
"CBN-Pla-F3-20200814","[1396253, 1412857, 1396144]"
"CBN-Pla-F4-20130808","[1388890, 1396253, 1396144]"
"CBN-Pla-F4-20130904","[1394643, 1412857, 1396144]"
"CBN-Pla-F4-20140722","[1396144, 1392407, 1394643]"
"CBN-Pla-F4-20150723","[1396362, 1744479, 1647156]"
"CBN-Pla-F4-20150811","[1413349, 1744479, 1647128]"
"CBN-Pla-F4-20150901","[1396144, 1412857, 1413349]"
"CBN-Pla-F4-20160707","[1412857, 1742053, 1742052]"
"CBN-Pla-F4-20160728","[1396144, 1412857, 1396253]"
"CBN-Pla-F4-20180724","[1363543, 1356422, 1358624]"
"CBN-Pla-F4-20180816","[1412857, 1396253, 1395807]"
"CBN-Pla-F4-20180906","[1412857, 1742053, 1396253]"
"CBN-Pla-F4-20190723","[1412857, 1396253, 1395807]"
"CBN-Pla-F4-20190814","[1412857, 1396253, 1742053]"
"CBN-Pla-F4-20200630","[1356228, 1359587, 1361703]"
"CBN-Pla-F4-20200723","[1412857, 1396253, 1744479]"
"CBN-Pla-F4-20200814","[1412857, 1742053, 1744479]"
"CBN-Pla-F5-20130808","[1396253, 1396144, 1397491]"
"CBN-Pla-F5-20130904","[1396253, 1396191, 1396843]"
"CBN-Pla-F5-20140722","[1396253, 1396144, 1392241]"
"CBN-Pla-F5-20140902","[1400176, 1396253, 1361099]"
"CBN-Pla-F5-20150702","[1396253, 1407739, 1412857]"
"CBN-Pla-F5-20150723","[1396253, 1397513, 1400176]"
"CBN-Pla-F5-20150811","[1396253, 1742053, 1392324]"
"CBN-Pla-F5-20150901","[1396253, 1396843, 1361275]"
"CBN-Pla-F5-20160707","[1396253, 1412857, 1396843]"
"CBN-Pla-F5-20160728","[1396253, 1397046, 1397043]"
"CBN-Pla-F5-20180724","[1358099, 1361347, 1390811]"
"CBN-Pla-F5-20180816","[1397043, 1396253, 1400176]"
"CBN-Pla-F5-20180906","[1396253, 1397043, 1396843]"
"CBN-Pla-F5-20190723","[1396253, 1395807, 1400175]"
"CBN-Pla-F5-20190814","[1396253, 1397043, 1397046]"
"CBN-Pla-F5-20200723","[1396253, 1400176, 1397043]"
"CBN-Pla-F5-20200814","[1396253, 1392541, 1400176]"
"CBN-Pla-F6-20130808","[1396253, 1394641, 1392541]"
"CBN-Pla-F6-20130904","[1396843, 1396253, 1392241]"
"CBN-Pla-F6-20140722","[1396253, 1609716, 1356228]"
"CBN-Pla-F6-20140902","[1392241, 1396253, 1396843]"
"CBN-Pla-F6-20150702","[1396253, 1394643, 1392484]"
"CBN-Pla-F6-20150723","[1396253, 1392541, 1396843]"
"CBN-Pla-F6-20150811","[1396843, 1396253, 1397106]"
"CBN-Pla-F6-20150901","[1742053, 1396253, 1396843]"
"CBN-Pla-F6-20160707","[1396253, 1396843, 1395807]"
"CBN-Pla-F6-20160728","[1396253, 1397043, 1741880]"
"CBN-Pla-F6-20180724","[1398699, 1360222, 1395111]"
"CBN-Pla-F6-20180816","[1396253, 1396843, 1360748]"
"CBN-Pla-F6-20180906","[1396253, 1396843, 1397043]"
"CBN-Pla-F6-20190723","[1396144, 1396253, 1396843]"
"CBN-Pla-F6-20190814","[1396253, 1396144, 1397046]"
"CBN-Pla-F6-20200723","[1397043, 1396253, 1396843]"
"CBN-Pla-F6-20200814","[1396144, 1396253, 1397043]"
"CBN-Pyr-01-20230706","[1396843, 1359508, 1359965]"
"CBN-Pyr-03-20230706","[1395973, 1396015, 1395948]"
"CBN-can-A1-20230705","[1392608, 1412857, 1360299]"
"CBN-can-A2-20230705","[1393200, 1395807, 1392352]"
"CBN-can-A3-20230705","[1393200, 1392608, 1396144]"
"CBN-can-A5-20230705","[1392534, 1397475, 1396253]"
"CBN-can-A6-20230705","[1397475, 1393200, 1396253]"
"CBN-can-B1-20230705","[1392608, 1396144, 1393200]"
"CBN-can-B2-20230705","[1392608, 1397123, 1360299]"
"CBN-can-B3-20230705","[1393619, 1393200, 1395807]"
"CBN-can-B4-20230705","[1397475, 1393200, 1393874]"
"CBN-can-B5-20230705","[1397475, 1392535, 1392534]"
"CBN-can-B6-20230705","[1393679, 1397475, 1393200]"
"CBN-can-C1-20230705","[1393200, 1396253, 1360872]"
"CBN-can-C2-20230705","[1393200, 1412857, 1396253]"
"CBN-can-C3-20230705","[1396253, 1395807, 1364066]"
"CBN-can-C4-20230705","[1393200, 1395807, 1364066]"
"CBN-can-D1-20230705","[1396253, 1395807, 1397043]"
"CBN-can-D2-20230705","[1396253, 1412857, 1395807]"
"CBN-can-D3-20230705","[1396253, 1413349, 1393200]"
"CBN-can-D4-20230705","[1395807, 1400101, 1396253]"
"CBN-can-E1-20230706","[1392608, 1394871, 1392612]"
"CBN-can-E2-20230706","[1395807, 1393584, 1394911]"
"CBN-can-E3-20230706","[1392535, 1392534, 1397430]"
"CBN-can-E4-20230706","[1397430, 1363798, 1395807]"
"CBN-can-E5-20230706","[1392608, 1392535, 1392534]"
"CBN-can-E6-20230706","[1392535, 1392534, 1393200]"
"CBN-can-F1-20230705","[1392534, 1392535, 1412857]"
"CBN-can-F2-20230706","[1396144, 1393619, 1396253]"
"CBN-can-F3-20230706","[1397430, 1412857, 1395807]"
"CBN-can-F4-20230706","[1397430, 1360120, 1392608]"
"CBN-can-F5-20230706","[1392608, 1396843, 1396253]"
"GUARDEN-AMB-CF04-1-10-20240325","[1359344, 1360978, 1393770]"
"GUARDEN-AMB-CF04-1-5-20240325","[1363302, 1359344, 1363882]"
"GUARDEN-AMB-CF21-1-1-20240326","[1388812, 1357589, 1357595]"
"GUARDEN-AMB-CF21-1-10-20240326","[1363302, 1356149, 1355950]"
"GUARDEN-AMB-CF21-1-2-20240326","[1360719, 1363302, 1358203]"
"GUARDEN-AMB-CF21-1-3-20240326","[1359344, 1360719, 1363302]"
"GUARDEN-AMB-CF21-1-4-20240326","[1359344, 1360978, 1363302]"
"GUARDEN-AMB-CF21-1-5-20240326","[1359344, 1363302, 1359297]"
"GUARDEN-AMB-CF21-1-6-20240326","[1359344, 1359297, 1363302]"
"GUARDEN-AMB-CF21-1-7-20240326","[1363302, 1724816, 1744602]"
"GUARDEN-AMB-CF21-1-8-20240326","[1363302, 1359344, 1399739]"
"GUARDEN-AMB-CF21-1-9-20240326","[1398786, 1399739, 1744602]"
"GUARDEN-AMB-GV04-1-3-20240326","[1359297, 1359344, 1359298]"
"GUARDEN-AMB-GV04-1-4-20240326","[1359297, 1359298, 1359344]"
"GUARDEN-AMB-GV04-1-5-20240326","[1359297, 1359298, 1359344]"
"GUARDEN-AMB-GV04-1-6-20240326","[1359297, 1359298, 1744602]"
"GUARDEN-AMB-GV04-1-7-20240326","[1359297, 1359298, 1363882]"
"GUARDEN-AMB-PR13-1-10-20240417","[1359297, 1721018, 1359298]"
"GUARDEN-AMB-PR13-1-2-20240417","[1722578, 1360701, 1721018]"
"GUARDEN-AMB-PR13-1-3-20240417","[1360701, 1721018, 1359297]"
"GUARDEN-AMB-PR13-1-4-20240417","[1721018, 1364037, 1722578]"
"GUARDEN-AMB-PR13-1-8-20240417","[1359344, 1721018, 1359297]"
"GUARDEN-AMB-PR20-1-1-20240424","[1393522, 1722441, 1722433]"
"GUARDEN-AMB-PR20-1-10-20240424","[1359297, 1359344, 1359298]"
"GUARDEN-AMB-PR20-1-8-20240424","[1359344, 1359297, 1393771]"
"GUARDEN-AMB-SA03-1-1-20240626","[1359344, 1359297, 1722433]"
"GUARDEN-AMB-SA03-1-10-20240626","[1360035, 1356333, 1361732]"
"GUARDEN-AMB-SA03-1-2-20240626","[1359344, 1359297, 1722441]"
"GUARDEN-AMB-SA03-1-3-20240626","[1359344, 1358203, 1360381]"
"GUARDEN-AMB-SA03-1-4-20240626","[1359344, 1360978, 1359297]"
"GUARDEN-AMB-SA03-1-5-20240626","[1359344, 1358203, 1359424]"
"GUARDEN-AMB-SA03-1-9-20240626","[1356905, 1359297, 1359298]"
"GUARDEN-AMB-VC03-1-3-20240417","[1356905, 1359344, 1394421]"
"GUARDEN-AMB-VC03-1-4-20240417","[1356905, 1359344, 1359297]"
"GUARDEN-AMB-VC03-1-5-20240417","[1356905, 1359297, 1359298]"
"GUARDEN-AMB-VC03-1-6-20240417","[1356905, 1359344, 1359297]"
"GUARDEN-CBNMed-10-1-16-34-20240429","[1358503, 1564276, 1722409]"
"GUARDEN-CBNMed-10-10-17-19-20240429","[1358613, 1548459, 1548487]"
"GUARDEN-CBNMed-10-5-16-55-20240429","[1357111, 1356785, 1361753]"
"GUARDEN-CBNMed-10-6-17-02-20240429","[1358613, 1356785, 1357111]"
"GUARDEN-CBNMed-10-7-17-05-20240429","[1357111, 1358503, 1388770]"
"GUARDEN-CBNMed-10-8-17-11-20240429","[1358613, 1358592, 1548487]"
"GUARDEN-CBNMed-10-9-17-16-20240429","[1358613, 1358503, 1359435]"
"GUARDEN-CBNMed-14-3-9-45-20240429","[1364048, 1359676, 1356145]"
"GUARDEN-CBNMed-14-4-9-49-20240429","[1359676, 1425884, 1356145]"
"GUARDEN-CBNMed-14-9-10-09-20240429","[1359676, 1359677, 1359079]"
"GUARDEN-CBNMed-15-10-12-17-20240429","[1363413, 1363467, 1361190]"
"GUARDEN-CBNMed-15-5-11-44-20240429","[1364171, 1363468, 1361190]"
"GUARDEN-CBNMed-15-7-12-02-20240429","[1364171, 1359676, 1361190]"
"GUARDEN-CBNMed-15-9-12-15-20240429","[1357351, 1363467, 1361190]"
"GUARDEN-CBNMed-16-1-13-37-20240429","[1356108, 1357114, 1722409]"
"GUARDEN-CBNMed-16-10-14-33-20240429","[1722409, 1744347, 1743965]"
"GUARDEN-CBNMed-16-2-13-45-20240429","[1388990, 1743966, 1743989]"
"GUARDEN-CBNMed-16-3-13-51-20240429","[1743966, 1577392, 1722409]"
"GUARDEN-CBNMed-16-4-13-57-20240429","[1722409, 1744243, 1359029]"
"GUARDEN-CBNMed-16-6-14-07-20240429","[1722409, 1564354, 1743989]"
"GUARDEN-CBNMed-16-7-14-1-20240429","[1722409, 1363707, 1744243]"
"GUARDEN-CBNMed-16-8-14-14-20240429","[1360999, 1722409, 1743965]"
"GUARDEN-CBNMed-17-3-10-56-20240429","[1361106, 1392495, 1363292]"
"GUARDEN-CBNMed-17-5-11-2-20240429","[1361106, 1363212, 1361088]"
"GUARDEN-CBNMed-19-1-15-24-20240429","[1357743, 1357293, 1396955]"
"GUARDEN-CBNMed-19-10-16-02-20240429","[1728575, 1356323, 1437978]"
"GUARDEN-CBNMed-19-2-15-31-20240429","[1363413, 1400017, 1391148]"
"GUARDEN-CBNMed-19-3-15-35-20240429","[1359521, 1742349, 1357815]"
"GUARDEN-CBNMed-19-4-15-39-20240429","[1493549, 1396059, 1358459]"
"GUARDEN-CBNMed-19-5-15-44-20240429","[1437978, 1359521, 1361926]"
"GUARDEN-CBNMed-19-6-15-48-20240429","[1400017, 1361926, 1363413]"
"GUARDEN-CBNMed-19-7-15-51-20240429","[1360841, 1356065, 1360247]"
"GUARDEN-CBNMed-19-8-15-53-20240429","[1359521, 1358654, 1425238]"
"GUARDEN-CBNMed-19-9-15-58-20240429","[1391710, 1363413, 1361926]"
"GUARDEN-CBNMed-20-1-9-35-20240428","[1360443, 1394527, 1364040]"
"GUARDEN-CBNMed-20-10-10-31-20240428","[1357121, 1359161, 1357114]"
"GUARDEN-CBNMed-20-8-10-19-20240428","[1360999, 1361092, 1356397]"
"GUARDEN-CBNMed-20-9-10-23-20240428","[1578131, 1357114, 1389002]"
"GUARDEN-CBNMed-21-10-11-42-20240428","[1360999, 1357122, 1400017]"
"GUARDEN-CBNMed-21-2-11-07-20240428","[1357122, 1357121, 1357117]"
"GUARDEN-CBNMed-21-3-11-09-20240428","[1393365, 1357122, 1357121]"
"GUARDEN-CBNMed-21-6-11-17-20240428","[1357114, 1357122, 1357117]"
"GUARDEN-CBNMed-21-8-11-23-20240428","[1357122, 1357114, 1357121]"
"GUARDEN-CBNMed-21-9-11-32-20240428","[1388990, 1391709, 1358968]"
"GUARDEN-CBNMed-22-1-13-39-20240428","[1722625, 1360026, 1393569]"
"GUARDEN-CBNMed-22-10-14-48-20240428","[1360006, 1393568, 1393574]"
"GUARDEN-CBNMed-22-2-14-05-20240428","[1393574, 1722625, 1722522]"
"GUARDEN-CBNMed-22-5-14-21-20240428","[1389328, 1722521, 1722522]"
"GUARDEN-CBNMed-22-6-14-23-20240428","[1722522, 1722521, 1722625]"
"GUARDEN-CBNMed-22-7-14-25-20240428","[1722522, 1722625, 1363200]"
"GUARDEN-CBNMed-22-9-14-42-20240428","[1722625, 1738887, 1360006]"
"GUARDEN-CBNMed-23-1-9-56-20240428","[1360999, 1492564, 1388990]"
"GUARDEN-CBNMed-23-10-10-42-20240428","[1358318, 1393552, 1392725]"
"GUARDEN-CBNMed-23-3-10-14-20240428","[1389424, 1357114, 1398815]"
"GUARDEN-CBNMed-23-4-10-17-20240428","[1356108, 1564646, 1359039]"
"GUARDEN-CBNMed-23-5-10-21-20240428","[1360711, 1360706, 1359216]"
"GUARDEN-CBNMed-23-6-10-24-20240428","[1393365, 1399771, 1509616]"
"GUARDEN-CBNMed-23-7-10-28-20240428","[1393365, 1360999, 1394477]"
"GUARDEN-CBNMed-23-8-10-34-20240428","[1564646, 1399423, 1356108]"
"GUARDEN-CBNMed-23-9-10-39-20240428","[1398815, 1357690, 1358318]"
"GUARDEN-CBNMed-24-10-13-06-20240428","[1360637, 1743889, 1399771]"
"GUARDEN-CBNMed-24-2-12-04-20240428","[1357338, 1362462, 1357351]"
"GUARDEN-CBNMed-24-3-12-15-20240428","[1357335, 1357405, 1357351]"
"GUARDEN-CBNMed-24-5-12-36-20240428","[1357351, 1355881, 1360701]"
"GUARDEN-CBNMed-24-6-12-46-20240428","[1357351, 1360711, 1357734]"
"GUARDEN-CBNMed-24-7-12-54-20240428","[1360711, 1360706, 1744928]"
"GUARDEN-CBNMed-24-8-14-58-20240428","[1360711, 1357722, 1357340]"
"GUARDEN-CBNMed-24-9-13-02-20240428","[1388990, 1396956, 1492564]"
"GUARDEN-CBNMed-25-1-13-52-20240428","[1394527, 1394526, 1742109]"
"GUARDEN-CBNMed-25-10-14-49-20240428","[1357743, 1358111, 1744215]"
"GUARDEN-CBNMed-25-2-13-57-20240428","[1361412, 1492736, 1394527]"
"GUARDEN-CBNMed-25-3-14-06-20240428","[1394527, 1357849, 1561314]"
"GUARDEN-CBNMed-25-4-14-15-20240428","[1357743, 1394527, 1357981]"
"GUARDEN-CBNMed-25-7-14-28-20240428","[1742109, 1357981, 1359676]"
"GUARDEN-CBNMed-25-8-14-39-20240428","[1357981, 1357743, 1742109]"
"GUARDEN-CBNMed-25-9-14-43-20240428","[1357981, 1742109, 1744215]"
"GUARDEN-CBNMed-26-10-10-01-20240428","[1359344, 1359297, 1359298]"
"GUARDEN-CBNMed-26-6-9-34-20240428","[1738652, 1743249, 1724816]"
"GUARDEN-CBNMed-26-8-9-45-20240428","[1359344, 1359297, 1359088]"
"GUARDEN-CBNMed-26-9-9-48-20240428","[1359344, 1359297, 1358782]"
"GUARDEN-CBNMed-27-1-11-17-20240428","[1393547, 1360059, 1360034]"
"GUARDEN-CBNMed-27-10-11-55-20240428","[1360026, 1360034, 1393567]"
"GUARDEN-CBNMed-27-2-11-32-20240428","[1360026, 1744019, 1357705]"
"GUARDEN-CBNMed-27-3-11-36-20240428","[1363200, 1722625, 1722522]"
"GUARDEN-CBNMed-27-4-11-39-20240428","[1393574, 1722522, 1722625]"
"GUARDEN-CBNMed-27-5-11-4-20240428","[1722522, 1722625, 1363200]"
"GUARDEN-CBNMed-27-6-11-42-20240428","[1449488, 1744340, 1389328]"
"GUARDEN-CBNMed-27-7-11-43-20240428","[1722522, 1722625, 1449488]"
"GUARDEN-CBNMed-27-8-11-45-20240428","[1449488, 1393574, 1722522]"
"GUARDEN-CBNMed-27-9-11-47-20240428","[1722625, 1393569, 1360054]"
"GUARDEN-CBNMed-28-1-12-46-20240428","[1722521, 1393574, 1360006]"
"GUARDEN-CBNMed-28-10-13-23-20240428","[1357705, 1391750, 1391427]"
"GUARDEN-CBNMed-28-2-12-48-20240428","[1722521, 1360006, 1363200]"
"GUARDEN-CBNMed-28-3-12-51-20240428","[1722522, 1738887, 1722625]"
"GUARDEN-CBNMed-28-4-12-52-20240428","[1357705, 1360054, 1722521]"
"GUARDEN-CBNMed-28-5-13-02-20240428","[1357705, 1360026, 1360054]"
"GUARDEN-CBNMed-28-6-13-06-20240428","[1357705, 1393568, 1391750]"
"GUARDEN-CBNMed-28-7-13-11-20240428","[1357705, 1393574, 1722521]"
"GUARDEN-CBNMed-28-8-13-14-20240428","[1357705, 1391750, 1502682]"
"GUARDEN-CBNMed-28-9-13-17-20240428","[1357705, 1393574, 1722625]"
"GUARDEN-CBNMed-29-6-14-31-20240428","[1359344, 1360719, 1357227]"
"GUARDEN-CBNMed-29-7-14-34-20240428","[1360719, 1360701, 1360712]"
"GUARDEN-CBNMed-30-1-16-07-20240428","[1393770, 1357401, 1359344]"
"GUARDEN-CBNMed-30-10-16-41-20240428","[1359344, 1357227, 1394664]"
"GUARDEN-CBNMed-30-2-16-23-20240428","[1357227, 1359344, 1394664]"
"GUARDEN-CBNMed-30-4-16-3-20240428","[1357227, 1394664, 1357236]"
"GUARDEN-CBNMed-30-6-16-34-20240428","[1357227, 1394664, 1359344]"
"GUARDEN-CBNMed-30-7-16-35-20240428","[1357227, 1394664, 1359344]"
"GUARDEN-CBNMed-30-8-16-37-20240428","[1357227, 1359344, 1394664]"
"GUARDEN-CBNMed-30-9-16-4-20240428","[1357227, 1394664, 1359344]"
"GUARDEN-CBNMed-31-1-9-37-20240428","[1393770, 1359952, 1359965]"
"GUARDEN-CBNMed-31-10-10-06-20240428","[1722578, 1744001, 1414353]"
"GUARDEN-CBNMed-31-2-9-4-20240428","[1355977, 1358590, 1359344]"
"GUARDEN-CBNMed-31-3-9-44-20240428","[1564441, 1396726, 1393770]"
"GUARDEN-CBNMed-31-4-9-48-20240428","[1357227, 1564441, 1355977]"
"GUARDEN-CBNMed-31-5-9-51-20240428","[1564441, 1393770, 1396726]"
"GUARDEN-CBNMed-31-6-9-54-20240428","[1396726, 1564441, 1363882]"
"GUARDEN-CBNMed-31-7-9-56-20240428","[1722578, 1393770, 1359342]"
"GUARDEN-CBNMed-31-8-10-20240428","[1396726, 1564441, 1722578]"
"GUARDEN-CBNMed-31-9-10-02-20240428","[1722578, 1357227, 1364151]"
"GUARDEN-CBNMed-32-1-11-46-20240428","[1357630, 1564441, 1396726]"
"GUARDEN-CBNMed-32-10-13-12-20240428","[1393770, 1359952, 1396726]"
"GUARDEN-CBNMed-32-2-11-58-20240428","[1564441, 1396726, 1359952]"
"GUARDEN-CBNMed-32-3-12-01-20240428","[1396726, 1564441, 1358968]"
"GUARDEN-CBNMed-32-4-12-12-20240428","[1564441, 1396726, 1358968]"
"GUARDEN-CBNMed-32-9-13-07-20240428","[1357401, 1359952, 1393770]"
"GUARDEN-CBNMed-33-1-14-48-20240428","[1357630, 1397398, 1392725]"
"GUARDEN-CBNMed-33-10-15-59-20240428","[1357401, 1502684, 1363882]"
"GUARDEN-CBNMed-33-2-15-01-20240428","[1357630, 1392725, 1357401]"
"GUARDEN-CBNMed-33-3-15-04-20240428","[1357630, 1392726, 1397398]"
"GUARDEN-CBNMed-33-4-15-26-20240428","[1357401, 1742109, 1493539]"
"GUARDEN-CBNMed-33-5-15-29-20240428","[1357630, 1742109, 1397398]"
"GUARDEN-CBNMed-33-6-15-36-20240428","[1357630, 1392725, 1397398]"
"GUARDEN-CBNMed-33-7-15-43-20240428","[1397398, 1357630, 1396292]"
"GUARDEN-CBNMed-33-8-15-5-20240428","[1357630, 1397398, 1392726]"
"GUARDEN-CBNMed-33-9-15-56-20240428","[1357630, 1397398, 1363882]"
"GUARDEN-CBNMed-38-1-12-58-20240428","[1360711, 1361077, 1395169]"
"GUARDEN-CBNMed-38-4-14-39-20240428","[1395162, 1360711, 1360299]"
"GUARDEN-CBNMed-38-6-15-04-20240428","[1360711, 1743588, 1395162]"
"GUARDEN-CBNMed-39-10-12-02-20240531","[1360711, 1392155, 1738610]"
"GUARDEN-CBNMed-39-7-11-3-20240531","[1360711, 1356278, 1363452]"
"GUARDEN-CBNMed-39-8-11-39-20240531","[1359488, 1360711, 1356286]"
"GUARDEN-CBNMed-39-9-11-5-20240531","[1359591, 1394742, 1363452]"
"GUARDEN-CBNMed-44-7-12-03-20240629","[1392067, 1392059, 1358501]"
"GUARDEN-CBNMed-5-1-12-38-20240430","[1363490, 1414366, 1414353]"
"GUARDEN-CBNMed-5-10-13-32-20240430","[1361058, 1414366, 1356007]"
"GUARDEN-CBNMed-5-2-12-45-20240430","[1414366, 1720971, 1363501]"
"GUARDEN-CBNMed-5-3-12-56-20240430","[1720971, 1390879, 1396249]"
"GUARDEN-CBNMed-5-4-13-20240430","[1363543, 1363490, 1391823]"
"GUARDEN-CBNMed-5-5-13-04-20240430","[1362325, 1397416, 1361088]"
"GUARDEN-CBNMed-5-6-13-07-20240430","[1414366, 1414353, 1414367]"
"GUARDEN-CBNMed-5-7-13-17-20240430","[1414366, 1358113, 1363543]"
"GUARDEN-CBNMed-5-8-13-22-20240430","[1414366, 1363459, 1361058]"
"GUARDEN-CBNMed-5-9-13-27-20240430","[1363490, 1363501, 1396638]"
"GUARDEN-CBNMed-6-9-15-28-20240430","[1360399, 1392445, 1359395]"
"GUARDEN-CBNMed-8-10-12-59-20240429","[1358613, 1743916, 1743448]"
"GUARDEN-CBNMed-8-4-12-33-20240429","[1743651, 1577392, 1359460]"
"GUARDEN-CBNMed-8-8-12-51-20240429","[1361000, 1359460, 1359548]"
"GUARDEN-CBNMed-8-9-12-56-20240429","[1361000, 1358613, 1360701]"
"GUARDEN-CBNMed-9-10-16-16-20240429","[1358613, 1360701, 1357566]"
"GUARDEN-CBNMed-9-2-15-46-20240429","[1358511, 1390468, 1396769]"
"GUARDEN-CBNMed-9-6-16-04-20240429","[1358613, 1743916, 1409031]"
"GUARDEN-CBNMed-9-7-16-06-20240429","[1358613, 1396186, 1356576]"
"GUARDEN-CBNMed-9-8-16-08-20240429","[1358613, 1432292, 1360578]"
"GUARDEN-CBNMed-9-9-16-14-20240429","[1360701, 1358613, 1577392]"
"LISAH-BOU-0-10-20230523","[1363835, 1356013, 1744001]"
"LISAH-BOU-0-101-20240425","[1425238, 1390637, 1359336]"
"LISAH-BOU-0-104-20240502","[1356397, 1360385, 1355868]"
"LISAH-BOU-0-105-20240502","[1356397, 1356276, 1391501]"
"LISAH-BOU-0-108-20240502","[1359772, 1392384, 1359778]"
"LISAH-BOU-0-109-20240502","[1359772, 1355990, 1360385]"
"LISAH-BOU-0-110-20240502","[1356397, 1360385, 1360399]"
"LISAH-BOU-0-111-20240502","[1359792, 1355908, 1360385]"
"LISAH-BOU-0-113-20240502","[1356013, 1392594, 1360385]"
"LISAH-BOU-0-114-20240502","[1363671, 1360385, 1355908]"
"LISAH-BOU-0-117-20240502","[1356013, 1364100, 1360385]"
"LISAH-BOU-0-118-20240502","[1356013, 1356008, 1360385]"
"LISAH-BOU-0-14-20230511","[1361190, 1363469, 1393522]"
"LISAH-BOU-0-15-20230511","[1356013, 1650228, 1731667]"
"LISAH-BOU-0-153-20240502","[1355881, 1356008, 1357351]"
"LISAH-BOU-0-154-20240502","[1356013, 1357351, 1356008]"
"LISAH-BOU-0-157-20240502","[1356013, 1355964, 1358643]"
"LISAH-BOU-0-16-20230511","[1363835, 1358653, 1744001]"
"LISAH-BOU-0-160-20240502","[1356013, 1358643, 1355881]"
"LISAH-BOU-0-163-20240502","[1363944, 1392594, 1390637]"
"LISAH-BOU-0-164-20240502","[1356013, 1358643, 1390637]"
"LISAH-BOU-0-165-20240502","[1356013, 1392594, 1356008]"
"LISAH-BOU-0-167-20240502","[1363731, 1359333, 1363734]"
"LISAH-BOU-0-168-20240502","[1363731, 1361307, 1359333]"
"LISAH-BOU-0-170-20240502","[1363731, 1359333, 1355994]"
"LISAH-BOU-0-171-20240502","[1363731, 1358654, 1359342]"
"LISAH-BOU-0-172-20240502","[1356013, 1363731, 1425238]"
"LISAH-BOU-0-173-20240502","[1358654, 1363731, 1357351]"
"LISAH-BOU-0-174-20240502","[1425238, 1363731, 1363730]"
"LISAH-BOU-0-175-20240502","[1425238, 1363734, 1363731]"
"LISAH-BOU-0-183-20240502","[1363731, 1361307, 1363944]"
"LISAH-BOU-0-187-20240502","[1363734, 1361307, 1363731]"
"LISAH-BOU-0-191-20240502","[1359268, 1359265, 1358654]"
"LISAH-BOU-0-2-20240425","[1397387, 1356697, 1356395]"
"LISAH-BOU-0-24-20230512","[1361000, 1363801, 1360385]"
"LISAH-BOU-0-24-20240425","[1356013, 1360433, 1397395]"
"LISAH-BOU-0-25-20230512","[1356013, 1360385, 1397356]"
"LISAH-BOU-0-25-20230711","[1363993, 1360825, 1361710]"
"LISAH-BOU-0-28-20240425","[1361000, 1360385, 1396159]"
"LISAH-BOU-0-29-20230523","[1356013, 1397356, 1650228]"
"LISAH-BOU-0-29-20230621","[1363212, 1397356, 1360816]"
"LISAH-BOU-0-29-20240425","[1361000, 1360385, 1397356]"
"LISAH-BOU-0-3-20230721","[1357815, 1425238, 1388770]"
"LISAH-BOU-0-30-20230512","[1356012, 1356017, 1358670]"
"LISAH-BOU-0-30-20240425","[1356013, 1360385, 1391113]"
"LISAH-BOU-0-31-20230919","[1359124, 1356634, 1722433]"
"LISAH-BOU-0-31-20240425","[1356013, 1356012, 1360614]"
"LISAH-BOU-0-32-20230516","[1390879, 1361082, 1391113]"
"LISAH-BOU-0-32-20240425","[1356013, 1355964, 1356012]"
"LISAH-BOU-0-34-20230516","[1356013, 1650228, 1393522]"
"LISAH-BOU-0-35-20240425","[1356012, 1356017, 1391113]"
"LISAH-BOU-0-36-20240425","[1356013, 1356012, 1356017]"
"LISAH-BOU-0-37-20230512","[1397356, 1360358, 1391112]"
"LISAH-BOU-0-37-20240425","[1356012, 1361000, 1356017]"
"LISAH-BOU-0-38-20230516","[1356013, 1390879, 1363805]"
"LISAH-BOU-0-39-20230512","[1356013, 1397356, 1361000]"
"LISAH-BOU-0-4-20230511","[1363213, 1356013, 1743300]"
"LISAH-BOU-0-4-20230711","[1356397, 1364006, 1389369]"
"LISAH-BOU-0-4-20240425","[1356013, 1356008, 1390637]"
"LISAH-BOU-0-40-20230512","[1361000, 1391113, 1391112]"
"LISAH-BOU-0-40-20240425","[1397356, 1391112, 1361000]"
"LISAH-BOU-0-41-20230512","[1397356, 1391113, 1414365]"
"LISAH-BOU-0-42-20230511","[1356013, 1392594, 1360358]"
"LISAH-BOU-0-43-20230512","[1356013, 1363835, 1397356]"
"LISAH-BOU-0-44-20240425","[1394477, 1364007, 1357453]"
"LISAH-BOU-0-5-20230512","[1356276, 1394246, 1722433]"
"LISAH-BOU-0-5-20230711","[1356075, 1356397, 1397392]"
"LISAH-BOU-0-50-20230512","[1356286, 1361307, 1356013]"
"LISAH-BOU-0-52-20230512","[1358654, 1359639, 1363944]"
"LISAH-BOU-0-54-20230512","[1356286, 1425172, 1392699]"
"LISAH-BOU-0-55-20230512","[1356286, 1356008, 1363944]"
"LISAH-BOU-0-56-20230512","[1359639, 1363946, 1392699]"
"LISAH-BOU-0-58-20230512","[1358654, 1363838, 1550154]"
"LISAH-BOU-0-6-20240425","[1356395, 1722433, 1650228]"
"LISAH-BOU-0-63-20230512","[1358257, 1356286, 1390637]"
"LISAH-BOU-0-65-20230512","[1361117, 1393770, 1361307]"
"LISAH-BOU-0-75-20230516","[1356013, 1422217, 1422218]"
"LISAH-BOU-0-79-20230512","[1425238, 1361307, 1359488]"
"LISAH-BOU-0-8-20240425","[1357351, 1393522, 1358347]"
"LISAH-BOU-0-84-20230512","[1425238, 1359336, 1393754]"
"LISAH-BOU-0-9-20240425","[1356397, 1358347, 1393522]"
"LISAH-BOU-0-98-20240425","[1425238, 1359344, 1359336]"
"LISAH-BVD-0-100-20230510","[1356286, 1361307, 1394744]"
"LISAH-BVD-0-101-20230510","[1359959, 1356066, 1393458]"
"LISAH-BVD-0-152-20230511","[1357635, 1363638, 1356066]"
"LISAH-BVD-0-155-20230511","[1364065, 1364063, 1363455]"
"LISAH-BVD-0-158-20230511","[1359279, 1363740, 1364065]"
"LISAH-BVD-0-191-20230511","[1364065, 1390967, 1363455]"
"LISAH-BVD-0-192-20230511","[1364063, 1363455, 1363459]"
"LISAH-BVD-0-195-20230511","[1718548, 1394395, 1363508]"
"LISAH-BVD-0-196-20230511","[1363798, 1388770, 1359333]"
"LISAH-BVD-0-197-20230511","[1359333, 1360748, 1359268]"
"LISAH-BVD-0-200-20230511","[1356278, 1363740, 1363739]"
"LISAH-BVD-0-203-20230511","[1363739, 1356278, 1363740]"
"LISAH-BVD-0-205-20230511","[1359333, 1363740, 1363455]"
"LISAH-BVD-0-206-20230511","[1363739, 1363740, 1363455]"
"LISAH-BVD-0-208-20230511","[1363455, 1363474, 1356278]"
"LISAH-BVD-0-209-20230511","[1363455, 1363740, 1359508]"
"LISAH-BVD-0-25-20230510","[1357875, 1364170, 1363731]"
"LISAH-BVD-0-275-20230516","[1361307, 1363469, 1414366]"
"LISAH-BVD-0-277-20230516","[1363993, 1414366, 1407739]"
"LISAH-BVD-0-278-20230516","[1363993, 1360304, 1414366]"
"LISAH-BVD-0-281-20230516","[1363993, 1395667, 1361190]"
"LISAH-BVD-0-282-20230516","[1407739, 1414366, 1363993]"
"LISAH-BVD-0-283-20230516","[1363993, 1360304, 1379532]"
"LISAH-BVD-0-285-20230516","[1361307, 1363993, 1650228]"
"LISAH-BVD-0-287-20230516","[1361307, 1363993, 1414366]"
"LISAH-BVD-0-288-20230516","[1363993, 1363468, 1361891]"
"LISAH-BVD-0-292-20230516","[1363993, 1361307, 1363403]"
"LISAH-BVD-0-293-20230516","[1363993, 1356286, 1363459]"
"LISAH-BVD-0-294-20230516","[1363993, 1356286, 1360304]"
"LISAH-BVD-0-295-20230516","[1407739, 1363993, 1362626]"
"LISAH-BVD-0-296-20230516","[1363993, 1360859, 1407739]"
"LISAH-BVD-0-297-20230516","[1407739, 1363993, 1363740]"
"LISAH-BVD-0-298-20230516","[1363993, 1407739, 1360304]"
"LISAH-BVD-0-299-20230516","[1363993, 1390967, 1390966]"
"LISAH-BVD-0-300-20230516","[1363993, 1390967, 1422217]"
"LISAH-BVD-0-301-20230516","[1407739, 1363993, 1396099]"
"LISAH-BVD-0-302-20230516","[1363993, 1400126, 1359622]"
"LISAH-BVD-0-309-20230516","[1363993, 1394592, 1360304]"
"LISAH-BVD-0-310-20230516","[1363993, 1414366, 1360304]"
"LISAH-BVD-0-337-20230516","[1361307, 1364006, 1356286]"
"LISAH-BVD-0-338-20230516","[1356286, 1361307, 1364006]"
"LISAH-BVD-0-339-20230516","[1356286, 1414353, 1407739]"
"LISAH-BVD-0-341-20230516","[1356286, 1364006, 1363740]"
"LISAH-BVD-0-342-20230516","[1356286, 1364006, 1359279]"
"LISAH-BVD-0-343-20230516","[1356286, 1363213, 1364006]"
"LISAH-BVD-0-344-20230516","[1356286, 1364006, 1356588]"
"LISAH-BVD-0-345-20230516","[1356286, 1364006, 1361302]"
"LISAH-BVD-0-346-20230516","[1356286, 1364006, 1363474]"
"LISAH-BVD-0-347-20230516","[1356286, 1364006, 1363460]"
"LISAH-BVD-0-348-20230516","[1356286, 1357875, 1364006]"
"LISAH-BVD-0-349-20230516","[1356286, 1364006, 1363467]"
"LISAH-BVD-0-35-20230510","[1396446, 1363455, 1362443]"
"LISAH-BVD-0-350-20230516","[1356286, 1364006, 1357635]"
"LISAH-BVD-0-351-20230516","[1364006, 1356066, 1364160]"
"LISAH-BVD-0-352-20230516","[1356286, 1364006, 1361357]"
"LISAH-BVD-0-353-20230516","[1356286, 1361151, 1364006]"
"LISAH-BVD-0-354-20230516","[1364006, 1357635, 1363403]"
"LISAH-BVD-0-364-20230516","[1361307, 1364173, 1550154]"
"LISAH-BVD-0-372-20230516","[1361307, 1425224, 1357303]"
"LISAH-BVD-0-379-20230516","[1361307, 1364006, 1392601]"
"LISAH-BVD-0-380-20230516","[1360120, 1361307, 1363475]"
"LISAH-BVD-0-383-20230516","[1722501, 1422217, 1414367]"
"LISAH-BVD-0-392-20230516","[1364006, 1407739, 1363740]"
"LISAH-BVD-0-397-20230517","[1361307, 1414353, 1357697]"
"LISAH-BVD-0-398-20230517","[1364168, 1728568, 1363740]"
"LISAH-BVD-0-412-20230517","[1360860, 1357697, 1357549]"
"LISAH-BVD-0-417-20230517","[1356286, 1361307, 1363455]"
"LISAH-BVD-0-428-20230517","[1361307, 1407739, 1356286]"
"LISAH-BVD-0-430-20230517","[1356286, 1407739, 1364006]"
"LISAH-BVD-0-431-20230517","[1407739, 1363798, 1364006]"
"LISAH-BVD-0-432-20230517","[1356286, 1357635, 1390967]"
"LISAH-BVD-0-463-20230517","[1364065, 1363740, 1356066]"
"LISAH-BVD-0-465-20230517","[1364065, 1363740, 1363455]"
"LISAH-BVD-0-471-20230517","[1356286, 1407739, 1364063]"
"LISAH-BVD-0-54-20230510","[1722501, 1360437, 1722490]"
"LISAH-BVD-0-99-20230510","[1363731, 1414366, 1359333]"
"LISAH-JAS-0-1-20220505","[1357526, 1357546, 1357549]"
"LISAH-JAS-0-11-20220505","[1359519, 1359530, 1357351]"
"LISAH-JAS-0-12-20220505","[1359519, 1359860, 1359333]"
"LISAH-JAS-0-13-20220505","[1359519, 1393770, 1363739]"
"LISAH-JAS-0-15-20220505","[1359519, 1422217, 1362236]"
"LISAH-JAS-0-16-20220505","[1359519, 1356278, 1363878]"
"LISAH-JAS-0-17-20220505","[1362236, 1393770, 1363731]"
"LISAH-JAS-0-2-20220505","[1363179, 1356111, 1364065]"
"LISAH-JAS-0-6-20220505","[1359519, 1364138, 1356084]"
"LISAH-JAS-0-7-20220505","[1359519, 1364138, 1356084]"
"LISAH-JAS-0-9-20220505","[1359519, 1357546, 1743544]"
"LISAH-JAS-1-25-20220505","[1363213, 1363460, 1357546]"
"LISAH-JAS-1-27-20220505","[1361307, 1363730, 1361190]"
"LISAH-JAS-1-28-20220505","[1422217, 1362898, 1359639]"
"LISAH-JAS-1-5-20220505","[1357546, 1361307, 1356697]"
"LISAH-PEC-0-0-20220608","[1742627, 1357945, 1361926]"
"LISAH-PEC-0-1-20230411","[1356013, 1364138, 1356008]"
"LISAH-PEC-0-10-20230405","[1363878, 1357635, 1364138]"
"LISAH-PEC-0-11-20230405","[1364138, 1357635, 1396208]"
"LISAH-PEC-0-11-20230411","[1356013, 1358426, 1358217]"
"LISAH-PEC-0-12-20230411","[1356013, 1364138, 1550154]"
"LISAH-PEC-0-13-20230411","[1356013, 1357157, 1550154]"
"LISAH-PEC-0-13-20230413","[1356013, 1357514, 1357465]"
"LISAH-PEC-0-14-20230407","[1738679, 1669039, 1389311]"
"LISAH-PEC-0-15-20230407","[1361000, 1391357, 1358595]"
"LISAH-PEC-0-17-20230413","[1356587, 1470716, 1363676]"
"LISAH-PEC-0-18-20230411","[1356013, 1355964, 1357635]"
"LISAH-PEC-0-19-20230413","[1356013, 1356008, 1363676]"
"LISAH-PEC-0-20-20230411","[1356013, 1355964, 1364138]"
"LISAH-PEC-0-4-20230407","[1360433, 1358942, 1358906]"
"LISAH-PEC-0-4-20230411","[1356013, 1550154, 1419102]"
"LISAH-PEC-0-6-20220608","[1357401, 1502795, 1502684]"
"LISAH-PEC-0-6-20230411","[1356013, 1357635, 1357875]"
"LISAH-PEC-0-8-20230405","[1363878, 1356013, 1363791]"
"LISAH-PEC-0-9-20230411","[1356013, 1550154, 1358643]"
"LISAH-PEC-0-9-20230413","[1356013, 1357598, 1357596]"
"LISAH-PEC-1-13-20230405","[1363878, 1357635, 1356008]"
"LISAH-PEC-1-18-20230407","[1363878, 1355869, 1355994]"
"LISAH-PEC-2-0-20220609","[1364151, 1356013, 1357227]"
"LISAH-PEC-2-11-20220609","[1356013, 1357351, 1355881]"
"LISAH-PEC-2-17-20230407","[1363878, 1359914, 1355994]"
"LISAH-PEC-2-2-20220609","[1356013, 1356012, 1392594]"
"LISAH-PEC-2-20-20230407","[1356013, 1743300, 1361805]"
"LISAH-PEC-2-4-20220609","[1356013, 1392594, 1357335]"
"LISAH-PEC-2-5-20220609","[1357514, 1364151, 1357465]"
"LISAH-PEC-2-5-20230407","[1356013, 1363878, 1356008]"
"LISAH-PEC-2-6-20220609","[1356013, 1422218, 1357335]"
"LISAH-PEC-3-10-20230407","[1363804, 1359265, 1359266]"
"LISAH-PEC-3-16-20230407","[1363676, 1359279, 1363804]"
"LISAH-PEC-3-20-20230407","[1363676, 1359084, 1396879]"
"OPTMix-0108-P1-312-20231006","[1392669, 1396752, 1356404]"
"OPTMix-0108-P1-422-20231006","[1363933, 1363593, 1359760]"
"OPTMix-0108-P1-427-20231006","[1391805, 1391810, 1391809]"
"OPTMix-0108-P1-533-20231006","[1363447, 1487694, 1363593]"
"OPTMix-0108-P1-95-20231006","[1361569, 1361104, 1396088]"
"OPTMix-012-P1-143-20231201","[1362024, 1359222, 1357413]"
"OPTMix-012-P1-208-20231201","[1419076, 1359973, 1357413]"
"OPTMix-012-P2-192-20231201","[1738583, 1392697, 1419076]"
"OPTMix-012-P2-207-20231201","[1360945, 1400017, 1419076]"
"OPTMix-012-P2-240-20231201","[1360999, 1419076, 1400084]"
"OPTMix-012-P3-190-20231201","[1400084, 1393215, 1393702]"
"OPTMix-012-P3-218-20231201","[1419076, 1400084, 1362023]"
"OPTMix-012-P3-220-20231201","[1363267, 1360945, 1362023]"
"OPTMix-0178-P1-1060-20231006","[1356382, 1394044, 1356357]"
"OPTMix-0178-P1-1061-20231006","[1357413, 1396168, 1743914]"
"OPTMix-0178-P1-552-20231006","[1356382, 1356404, 1391809]"
"OPTMix-0178-P1-661-20231006","[1356404, 1396752, 1356382]"
"OPTMix-0178-P1-663-20231006","[1358612, 1743914, 1358615]"
"OPTMix-0178-P1-669-20231006","[1356404, 1397565, 1360945]"
"OPTMix-0200-11006-20231009","[1356404, 1396168, 1419076]"
"OPTMix-0200-P2-53-20231009","[1358504, 1359460, 1359548]"
"OPTMix-0200-P2-54-20231009","[1361316, 1650228, 1737447]"
"OPTMix-0200-P2-68-20231009","[1358501, 1357274, 1357277]"
"OPTMix-0200-P3-108-20231009","[1356404, 1392524, 1363087]"
"OPTMix-0200-P3-127-20231009","[1668635, 1356404, 1363496]"
"OPTMix-0200-P3-139-20231009","[1356395, 1392764, 1394611]"
"OPTMix-0214-P1-207-20231010","[1358616, 1397983, 1392309]"
"OPTMix-0214-P1-208-20231010","[1362023, 1400084, 1392309]"
"OPTMix-0214-P1-235-20231010","[1358612, 1357413, 1364046]"
"OPTMix-0214-P2-22-20231010","[1358501, 1578171, 1357401]"
"OPTMix-0214-P2-64-20231010","[1358501, 1359740, 1397455]"
"OPTMix-0214-P2-84-20231010","[1419076, 1743914, 1395026]"
"OPTMix-0214-P3-186-20231010","[1390756, 1362023, 1390778]"
"OPTMix-0214-P3-196-20231010","[1419076, 1357413, 1395026]"
"OPTMix-0214-P3-278-20231010","[1390887, 1390761, 1390786]"
"OPTMix-0216-P4-208-20231009","[1358501, 1362309, 1392521]"
"OPTMix-0255-11233-20231009","[1363401, 1391148, 1652912]"
"OPTMix-0255-11372-20231009","[1363593, 1395026, 1419076]"
"OPTMix-0255-11382-20231009","[1411890, 1417843, 1388809]"
"OPTMix-033-P3-107-20231201","[1356404, 1356373, 1396752]"
"OPTMix-0333-P1-107-20231212","[1356404, 1391809, 1356382]"
"OPTMix-0333-P1-112-20231212","[1356404, 1737658, 1397763]"
"OPTMix-0333-P2-108-20231212","[1356404, 1356382, 1391814]"
"OPTMix-0333-P2-112-20231212","[1577392, 1390837, 1390870]"
"OPTMix-0333-P2-115-20231212","[1356404, 1360701, 1396752]"
"OPTMix-0333-P3-100-20231201","[1356404, 1722693, 1401438]"
"OPTMix-0333-P3-76-20231201","[1356404, 1396752, 1363593]"
"OPTMix-057-P1-1699-20231010","[1358615, 1548153, 1394044]"
"OPTMix-057-P1-1901-20231010","[1401438, 1362038, 1737658]"
"OPTMix-057-P1-1902-20231010","[1392669, 1356373, 1390691]"
"OPTMix-057-P1-1913-20231010","[1356404, 1362038, 1356382]"
"OPTMix-057-P1-1917-20231010","[1394044, 1396752, 1356382]"
"OPTMix-0593-P1-129-20231205","[1389018, 1400084, 1389817]"
"OPTMix-0593-P1-134-20231205","[1359973, 1358612, 1419076]"
"OPTMix-0593-P1-86-20231205","[1362023, 1361376, 1651162]"
"OPTMix-0593-P2-180-20231205","[1357413, 1651162, 1419076]"
"OPTMix-0593-P2-84-20231205","[1419076, 1357413, 1358612]"
"OPTMix-0593-P2-92-20231205","[1738640, 1651162, 1392340]"
"OPTMix-0593-P3-130-20231205","[1400084, 1358614, 1651162]"
"OPTMix-0593-P3-146-20231205","[1400084, 1391809, 1392309]"
"OPTMix-0593-P3-87-20231205","[1390761, 1359973, 1419076]"
"OPTMix-0598-P1-118-20231205","[1363337, 1393522, 1396088]"
"OPTMix-0598-P1-132-20231205","[1359973, 1357413, 1419076]"
"OPTMix-0598-P1-133-20231205","[1419076, 1395026, 1548153]"
"OPTMix-0598-P1-149-20231205","[1398644, 1394611, 1390967]"
"OPTMix-0598-P1-197-20231205","[1358501, 1356442, 1364090]"
"OPTMix-0598-P1-198-20231205","[1388990, 1391361, 1388809]"
"OPTMix-0598-P2-102-20231205","[1390966, 1393403, 1650353]"
"OPTMix-0598-P2-139-20231207","[1356404, 1356364, 1391418]"
"OPTMix-0598-P2-86-20231207","[1356790, 1356404, 1392655]"
"OPTMix-0598-P2-99-20231205","[1356404, 1356790, 1396168]"
"OPTMix-0598-P4-104-20231207","[1356442, 1358501, 1396168]"
"OPTMix-0598-P4-108-20231207","[1391809, 1395476, 1668635]"
"OPTMix-0598-P4-128-20231207","[1357413, 1419076, 1358612]"
"OPTMix-083-P3-139-20231110","[1356404, 1391809, 1356382]"
"OPTMix-083-P3-186-20231110","[1356404, 1396752, 1668635]"
"OPTMix-083-P3-96-20231110","[1741452, 1358501, 1564502]"
"OPTMix-108-P1-000-20231006","[1358612, 1548153, 1358614]"
"RNNB-1-1-20230512","[1722522, 1722521, 1722625]"
"RNNB-1-1-20240117","[1722433, 1655422, 1361326]"
"RNNB-1-10-20230512","[1722625, 1452062, 1738887]"
"RNNB-1-10-20240117","[1722433, 1393522, 1578157]"
"RNNB-1-2-20230512","[1722625, 1738887, 1722521]"
"RNNB-1-2-20240117","[1391491, 1394414, 1360035]"
"RNNB-1-3-20230512","[1722625, 1738887, 1722521]"
"RNNB-1-3-20240117","[1363302, 1391491, 1361255]"
"RNNB-1-4-20230512","[1722625, 1722521, 1738887]"
"RNNB-1-4-20240117","[1357227, 1722672, 1357236]"
"RNNB-1-5-20230512","[1722625, 1738887, 1722522]"
"RNNB-1-5-20240117","[1722433, 1393522, 1363302]"
"RNNB-1-6-20230512","[1743297, 1722625, 1356560]"
"RNNB-1-6-20240117","[1722433, 1650228, 1393522]"
"RNNB-1-7-20230512","[1722625, 1722522, 1738887]"
"RNNB-1-7-20240117","[1722433, 1393522, 1738610]"
"RNNB-1-8-20230512","[1722625, 1722521, 1738887]"
"RNNB-1-8-20240117","[1722434, 1738610, 1363302]"
"RNNB-1-9-20230512","[1722625, 1738887, 1722522]"
"RNNB-1-9-20240117","[1722433, 1357023, 1492564]"
"RNNB-2-1-20230512","[1722625, 1738887, 1722522]"
"RNNB-2-1-20240117","[1357227, 1357236, 1400016]"
"RNNB-2-10-20230512","[1360006, 1393574, 1357742]"
"RNNB-2-10-20240117","[1357227, 1357236, 1722578]"
"RNNB-2-2-20230512","[1722522, 1722625, 1722521]"
"RNNB-2-2-20240117","[1357227, 1359344, 1357236]"
"RNNB-2-3-20230512","[1360006, 1363165, 1426004]"
"RNNB-2-3-20240117","[1357227, 1357236, 1393494]"
"RNNB-2-4-20230512","[1360006, 1360676, 1357129]"
"RNNB-2-4-20240117","[1357227, 1400016, 1360701]"
"RNNB-2-5-20230512","[1360006, 1744361, 1357742]"
"RNNB-2-5-20240117","[1357227, 1359344, 1357742]"
"RNNB-2-6-20230512","[1360006, 1743297, 1393574]"
"RNNB-2-6-20240117","[1357227, 1357236, 1359344]"
"RNNB-2-7-20230512","[1360006, 1356284, 1743297]"
"RNNB-2-7-20240117","[1357227, 1357236, 1393494]"
"RNNB-2-8-20230512","[1360006, 1389328, 1356284]"
"RNNB-2-8-20240117","[1360701, 1359344, 1722578]"
"RNNB-2-9-20230512","[1360006, 1357742, 1393571]"
"RNNB-2-9-20240117","[1357227, 1357236, 1727501]"
"RNNB-3-1-20230512","[1426088, 1425195, 1360026]"
"RNNB-3-1-20240117","[1359344, 1738652, 1357049]"
"RNNB-3-10-20230512","[1393522, 1650228, 1722433]"
"RNNB-3-10-20240117","[1738652, 1357049, 1357742]"
"RNNB-3-11-20230512","[1393522, 1650228, 1650353]"
"RNNB-3-12-20230512","[1393522, 1650228, 1722433]"
"RNNB-3-2-20230512","[1360039, 1360034, 1360070]"
"RNNB-3-2-20240117","[1359344, 1722578, 1738652]"
"RNNB-3-3-20240117","[1359344, 1363302, 1363733]"
"RNNB-3-4-20230512","[1391596, 1360006, 1744377]"
"RNNB-3-4-20240117","[1359344, 1357742, 1722578]"
"RNNB-3-5-20230512","[1650228, 1722433, 1425884]"
"RNNB-3-5-20240117","[1738652, 1356083, 1722501]"
"RNNB-3-6-20230512","[1393522, 1650228, 1722433]"
"RNNB-3-6-20240117","[1355977, 1360381, 1738652]"
"RNNB-3-7-20230512","[1650228, 1393522, 1722433]"
"RNNB-3-7-20240117","[1359344, 1360978, 1355977]"
"RNNB-3-8-20230512","[1393522, 1650228, 1722433]"
"RNNB-3-8-20240117","[1359344, 1360978, 1357456]"
"RNNB-3-9-20230512","[1393522, 1650228, 1731657]"
"RNNB-3-9-20240117","[1360701, 1392108, 1722441]"
"RNNB-4-1-20240117","[1359344, 1399609, 1388812]"
"RNNB-4-1-20240118","[1738652, 1363610, 1392725]"
"RNNB-4-10-20240117","[1359344, 1722501, 1722433]"
"RNNB-4-10-20240118","[1499749, 1357630, 1357742]"
"RNNB-4-2-20240117","[1359344, 1357742, 1722578]"
"RNNB-4-2-20240118","[1393619, 1564354, 1362225]"
"RNNB-4-3-20240117","[1359344, 1722441, 1393770]"
"RNNB-4-3-20240118","[1357026, 1361412, 1395606]"
"RNNB-4-4-20240117","[1359344, 1738652, 1398322]"
"RNNB-4-4-20240118","[1502610, 1357026, 1397497]"
"RNNB-4-5-20240117","[1357227, 1359344, 1738652]"
"RNNB-4-5-20240118","[1393619, 1392725, 1564441]"
"RNNB-4-6-20240117","[1359344, 1738652, 1393770]"
"RNNB-4-6-20240118","[1357630, 1392725, 1499749]"
"RNNB-4-7-20240117","[1359344, 1393770, 1722441]"
"RNNB-4-7-20240118","[1357630, 1392725, 1499749]"
"RNNB-4-8-20240117","[1355950, 1359344, 1357848]"
"RNNB-4-8-20240118","[1357630, 1392725, 1509616]"
"RNNB-4-9-20240117","[1359344, 1357848, 1357358]"
"RNNB-4-9-20240118","[1499749, 1357630, 1357705]"
"RNNB-5-1-20240117","[1360542, 1357770, 1509616]"
"RNNB-5-1-20240118","[1362333, 1738652, 1392725]"
"RNNB-5-10-20240117","[1738652, 1362333, 1357742]"
"RNNB-5-10-20240118","[1499749, 1392725, 1357630]"
"RNNB-5-2-20240117","[1357630, 1392725, 1357770]"
"RNNB-5-2-20240118","[1393619, 1392725, 1509616]"
"RNNB-5-3-20240117","[1357630, 1392725, 1360542]"
"RNNB-5-3-20240118","[1499749, 1357630, 1392725]"
"RNNB-5-4-20240117","[1392725, 1357630, 1518934]"
"RNNB-5-4-20240118","[1357630, 1392725, 1393619]"
"RNNB-5-5-20240117","[1357630, 1392725, 1357771]"
"RNNB-5-5-20240118","[1499749, 1392725, 1357630]"
"RNNB-5-6-20240117","[1357630, 1392725, 1360542]"
"RNNB-5-6-20240118","[1499749, 1392725, 1518934]"
"RNNB-5-7-20240117","[1360542, 1357401, 1744055]"
"RNNB-5-7-20240118","[1499749, 1362038, 1388812]"
"RNNB-5-8-20240117","[1396197, 1363165, 1357401]"
"RNNB-5-8-20240118","[1741614, 1360381, 1499749]"
"RNNB-5-9-20240117","[1396197, 1359952, 1393770]"
"RNNB-5-9-20240118","[1394643, 1355995, 1358654]"
"RNNB-6-1-20240117","[1356951, 1493563, 1357401]"
"RNNB-6-1-20240118","[1361412, 1397398, 1357962]"
"RNNB-6-10-20240117","[1391122, 1357401, 1744673]"
"RNNB-6-10-20240118","[1398786, 1362038, 1499749]"
"RNNB-6-2-20240117","[1363526, 1743297, 1357742]"
"RNNB-6-2-20240118","[1722578, 1357962, 1389291]"
"RNNB-6-3-20240117","[1738652, 1362333, 1357207]"
"RNNB-6-3-20240118","[1361996, 1358318, 1398322]"
"RNNB-6-4-20240117","[1398322, 1493061, 1393770]"
"RNNB-6-4-20240118","[1356069, 1722578, 1357212]"
"RNNB-6-5-20240117","[1360978, 1363302, 1393771]"
"RNNB-6-5-20240118","[1397398, 1722433, 1743514]"
"RNNB-6-6-20240117","[1363526, 1361412, 1363302]"
"RNNB-6-6-20240118","[1357630, 1392726, 1398322]"
"RNNB-6-7-20240117","[1362333, 1744602, 1362682]"
"RNNB-6-7-20240118","[1392725, 1357630, 1499749]"
"RNNB-6-8-20240117","[1360701, 1355950, 1357848]"
"RNNB-6-8-20240118","[1392725, 1357630, 1499749]"
"RNNB-6-9-20240117","[1502831, 1356951, 1362333]"
"RNNB-6-9-20240118","[1357742, 1398786, 1357630]"
"RNNB-7-1-20240118","[1738652, 1362333, 1743249]"
"RNNB-7-10-20240118","[1392725, 1357630, 1357742]"
"RNNB-7-2-20240118","[1357630, 1499749, 1361412]"
"RNNB-7-3-20240118","[1499749, 1361412, 1509616]"
"RNNB-7-4-20240118","[1361412, 1722490, 1417758]"
"RNNB-7-5-20240118","[1398821, 1392725, 1518932]"
"RNNB-7-6-20240118","[1392725, 1357630, 1396726]"
"RNNB-7-7-20240118","[1564441, 1518932, 1361412]"
"RNNB-7-8-20240118","[1361412, 1361437, 1651427]"
"RNNB-7-9-20240118","[1492564, 1361412, 1357742]"
"RNNB-8-1-20240118","[1359344, 1393522, 1639681]"
"RNNB-8-10-20240118","[1361412, 1363302, 1361127]"
"RNNB-8-2-20240118","[1357227, 1397320, 1722433]"
"RNNB-8-3-20240118","[1364100, 1357871, 1722433]"
"RNNB-8-4-20240118","[1361412, 1390761, 1722441]"
"RNNB-8-5-20240118","[1359344, 1363840, 1388812]"
"RNNB-8-6-20240118","[1359344, 1393770, 1388812]"
"RNNB-8-7-20240118","[1359344, 1355950, 1357848]"
"RNNB-8-8-20240118","[1359344, 1360381, 1357227]"
"RNNB-8-9-20240118","[1359344, 1360381, 1355898]"
