image_name,rank,species_id,species_name,logit_score
2024-CEV3-20240602,1,1395045,Ranunculus aconitifolius,65.756943
2024-CEV3-20240602,2,1400181,Blysmus compressus,63.910843
2024-CEV3-20240602,3,1360307,Potentilla erecta,63.321335
CBN-PdlC-A1-20130807,1,1392541,Gentiana brachyphylla,64.245789
CBN-PdlC-A1-20130807,2,1396253,Sibbaldia procumbens,62.743698
CBN-PdlC-A1-20130807,3,1395807,Salix herbacea,62.428436
CBN-PdlC-A1-20130903,1,1392608,Geum montanum,63.975189
CBN-PdlC-A1-20130903,2,1395807,Salix herbacea,63.847958
CBN-PdlC-A1-20130903,3,1396144,Sedum alpestre,63.542000
CBN-PdlC-A1-20140721,1,1396144,Sedum alpestre,64.148422
CBN-PdlC-A1-20140721,2,1392608,Geum montanum,64.087242
CBN-PdlC-A1-20140721,3,1412857,Omalotheca supina,64.020996
CBN-PdlC-A1-20140811,1,1392608,Geum montanum,65.016060
CBN-PdlC-A1-20140811,2,1412857,Omalotheca supina,64.639587
CBN-PdlC-A1-20140811,3,1396144,Sedum alpestre,63.686302
CBN-PdlC-A1-20140901,1,1396144,Sedum alpestre,62.753670
CBN-PdlC-A1-20140901,2,1412857,Omalotheca supina,62.571846
CBN-PdlC-A1-20140901,3,1361367,Poa alpina,62.212460
CBN-PdlC-A1-20150701,1,1396253,Sibbaldia procumbens,64.517540
CBN-PdlC-A1-20150701,2,1412857,Omalotheca supina,62.921638
CBN-PdlC-A1-20150701,3,1394311,Oreochloa disticha,62.079948
CBN-PdlC-A1-20150720,1,1392608,Geum montanum,64.805359
CBN-PdlC-A1-20150720,2,1392534,Gentiana acaulis,64.792061
CBN-PdlC-A1-20150720,3,1395807,Salix herbacea,64.064804
CBN-PdlC-A1-20150831,1,1394311,Oreochloa disticha,65.331200
CBN-PdlC-A1-20150831,2,1392534,Gentiana acaulis,64.412872
CBN-PdlC-A1-20150831,3,1412857,Omalotheca supina,64.072784
CBN-PdlC-A1-20160705,1,1394911,Primula integrifolia,65.488754
CBN-PdlC-A1-20160705,2,1412857,Omalotheca supina,64.396408
CBN-PdlC-A1-20160705,3,1396253,Sibbaldia procumbens,63.700264
CBN-PdlC-A1-20160726,1,1392535,Gentiana alpina,65.766464
CBN-PdlC-A1-20160726,2,1392534,Gentiana acaulis,65.723839
CBN-PdlC-A1-20160726,3,1412857,Omalotheca supina,63.370861
CBN-PdlC-A1-20170816,1,1392534,Gentiana acaulis,63.989441
CBN-PdlC-A1-20170816,2,1412857,Omalotheca supina,63.246834
CBN-PdlC-A1-20170816,3,1392535,Gentiana alpina,62.890018
CBN-PdlC-A1-20170906,1,1392534,Gentiana acaulis,65.827255
CBN-PdlC-A1-20170906,2,1412857,Omalotheca supina,63.979443
CBN-PdlC-A1-20170906,3,1396253,Sibbaldia procumbens,63.844299
CBN-PdlC-A1-20180702,1,1392534,Gentiana acaulis,63.532627
CBN-PdlC-A1-20180702,2,1412857,Omalotheca supina,62.169498
CBN-PdlC-A1-20180702,3,1392397,Gagea fragifera,61.116226
CBN-PdlC-A1-20180815,1,1412857,Omalotheca supina,64.697151
CBN-PdlC-A1-20180815,2,1396898,Artemisia umbelliformis,61.327286
CBN-PdlC-A1-20180815,3,1396843,Trifolium alpinum,60.393791
CBN-PdlC-A1-20180905,1,1394311,Oreochloa disticha,64.698555
CBN-PdlC-A1-20180905,2,1742053,Omalotheca hoppeana,64.097427
CBN-PdlC-A1-20180905,3,1412857,Omalotheca supina,63.469673
CBN-PdlC-A1-20190701,1,1391781,Draba subnivalis,61.750786
CBN-PdlC-A1-20190701,2,1412857,Omalotheca supina,60.977341
CBN-PdlC-A1-20190701,3,1357992,Furcraea foetida,60.474365
CBN-PdlC-A1-20190722,1,1412857,Omalotheca supina,65.936874
CBN-PdlC-A1-20190722,2,1392608,Geum montanum,64.437614
CBN-PdlC-A1-20190722,3,1396843,Trifolium alpinum,63.560066
CBN-PdlC-A1-20190812,1,1412857,Omalotheca supina,63.858536
CBN-PdlC-A1-20190812,2,1742053,Omalotheca hoppeana,63.635811
CBN-PdlC-A1-20190812,3,1396253,Sibbaldia procumbens,63.220070
CBN-PdlC-A1-20190909,1,1742053,Omalotheca hoppeana,63.492668
CBN-PdlC-A1-20190909,2,1392608,Geum montanum,62.807289
CBN-PdlC-A1-20190909,3,1361141,Agrostis rupestris,62.452892
CBN-PdlC-A1-20200629,1,1356359,Asplenium septentrionale,57.288548
CBN-PdlC-A1-20200629,2,1647156,Armeria humilis,56.396576
CBN-PdlC-A1-20200629,3,1356402,Hymenophyllum wilsonii,55.858696
CBN-PdlC-A1-20200722,1,1392535,Gentiana alpina,66.064537
CBN-PdlC-A1-20200722,2,1392534,Gentiana acaulis,65.720444
CBN-PdlC-A1-20200722,3,1392608,Geum montanum,64.450790
CBN-PdlC-A1-20200812,1,1742053,Omalotheca hoppeana,67.918114
CBN-PdlC-A1-20200812,2,1412857,Omalotheca supina,64.839684
CBN-PdlC-A1-20200812,3,1392608,Geum montanum,64.215691
CBN-PdlC-A2-20130807,1,1412857,Omalotheca supina,63.728260
CBN-PdlC-A2-20130807,2,1396253,Sibbaldia procumbens,63.479530
CBN-PdlC-A2-20130807,3,1396144,Sedum alpestre,63.249359
CBN-PdlC-A2-20130903,1,1742053,Omalotheca hoppeana,62.103325
CBN-PdlC-A2-20130903,2,1396253,Sibbaldia procumbens,61.999847
CBN-PdlC-A2-20130903,3,1391427,Crassula pubescens,61.968472
CBN-PdlC-A2-20140721,1,1396144,Sedum alpestre,64.754044
CBN-PdlC-A2-20140721,2,1396253,Sibbaldia procumbens,63.700176
CBN-PdlC-A2-20140721,3,1397491,Sedum atratum,62.157700
CBN-PdlC-A2-20140901,1,1391092,Cerastium tomentosum,63.809696
CBN-PdlC-A2-20140901,2,1396253,Sibbaldia procumbens,62.791107
CBN-PdlC-A2-20140901,3,1412857,Omalotheca supina,62.554832
CBN-PdlC-A2-20150720,1,1393200,Homogyne alpina,67.293785
CBN-PdlC-A2-20150720,2,1392541,Gentiana brachyphylla,64.859985
CBN-PdlC-A2-20150720,3,1412857,Omalotheca supina,63.700802
CBN-PdlC-A2-20150810,1,1393200,Homogyne alpina,66.805946
CBN-PdlC-A2-20150810,2,1412857,Omalotheca supina,63.487244
CBN-PdlC-A2-20150810,3,1742053,Omalotheca hoppeana,63.168045
CBN-PdlC-A2-20150831,1,1412857,Omalotheca supina,66.693993
CBN-PdlC-A2-20150831,2,1742053,Omalotheca hoppeana,65.842026
CBN-PdlC-A2-20150831,3,1393200,Homogyne alpina,65.594940
CBN-PdlC-A2-20160705,1,1393200,Homogyne alpina,65.344864
CBN-PdlC-A2-20160705,2,1396253,Sibbaldia procumbens,64.878342
CBN-PdlC-A2-20160705,3,1412857,Omalotheca supina,64.741844
CBN-PdlC-A2-20160726,1,1392535,Gentiana alpina,69.446960
CBN-PdlC-A2-20160726,2,1393200,Homogyne alpina,66.281097
CBN-PdlC-A2-20160726,3,1392534,Gentiana acaulis,65.265686
CBN-PdlC-A2-20170816,1,1393200,Homogyne alpina,65.866898
CBN-PdlC-A2-20170816,2,1395807,Salix herbacea,64.725975
CBN-PdlC-A2-20170816,3,1412857,Omalotheca supina,63.363564
CBN-PdlC-A2-20180702,1,1392655,Goodyera repens,61.793034
CBN-PdlC-A2-20180702,2,1359750,Oxalis acetosella,60.972099
CBN-PdlC-A2-20180702,3,1412857,Omalotheca supina,59.940216
CBN-PdlC-A2-20180723,1,1393200,Homogyne alpina,67.538521
CBN-PdlC-A2-20180723,2,1396144,Sedum alpestre,65.217072
CBN-PdlC-A2-20180723,3,1396253,Sibbaldia procumbens,61.812969
CBN-PdlC-A2-20180815,1,1412857,Omalotheca supina,64.750015
CBN-PdlC-A2-20180815,2,1396253,Sibbaldia procumbens,63.537987
CBN-PdlC-A2-20180815,3,1393200,Homogyne alpina,62.010231
CBN-PdlC-A2-20180905,1,1396144,Sedum alpestre,66.967087
CBN-PdlC-A2-20180905,2,1412857,Omalotheca supina,66.061546
CBN-PdlC-A2-20180905,3,1742053,Omalotheca hoppeana,65.060173
CBN-PdlC-A2-20190701,1,1392260,Festuca alpina,63.224281
CBN-PdlC-A2-20190701,2,1361275,Festuca indigesta,63.012383
CBN-PdlC-A2-20190701,3,1396144,Sedum alpestre,62.844711
CBN-PdlC-A2-20190722,1,1393200,Homogyne alpina,66.113312
CBN-PdlC-A2-20190722,2,1392534,Gentiana acaulis,64.553871
CBN-PdlC-A2-20190722,3,1549015,Gentiana clusii,64.264641
CBN-PdlC-A2-20190812,1,1412857,Omalotheca supina,65.039230
CBN-PdlC-A2-20190812,2,1396253,Sibbaldia procumbens,64.147263
CBN-PdlC-A2-20190812,3,1392534,Gentiana acaulis,63.715584
CBN-PdlC-A2-20190909,1,1392534,Gentiana acaulis,63.979149
CBN-PdlC-A2-20190909,2,1412857,Omalotheca supina,63.471779
CBN-PdlC-A2-20190909,3,1742053,Omalotheca hoppeana,63.251892
CBN-PdlC-A2-20200629,1,1356359,Asplenium septentrionale,57.098026
CBN-PdlC-A2-20200629,2,1392655,Goodyera repens,56.207550
CBN-PdlC-A2-20200629,3,1397450,Orthilia secunda,55.779831
CBN-PdlC-A2-20200722,1,1392534,Gentiana acaulis,65.075386
CBN-PdlC-A2-20200722,2,1392535,Gentiana alpina,63.847458
CBN-PdlC-A2-20200722,3,1396253,Sibbaldia procumbens,63.482613
CBN-PdlC-A2-20200812,1,1393200,Homogyne alpina,65.544891
CBN-PdlC-A2-20200812,2,1412857,Omalotheca supina,64.800018
CBN-PdlC-A2-20200812,3,1742053,Omalotheca hoppeana,64.325836
CBN-PdlC-A3-20130807,1,1393200,Homogyne alpina,66.035927
CBN-PdlC-A3-20130807,2,1392608,Geum montanum,64.877640
CBN-PdlC-A3-20130807,3,1412857,Omalotheca supina,62.992203
CBN-PdlC-A3-20130903,1,1392608,Geum montanum,64.576439
CBN-PdlC-A3-20130903,2,1360299,Geum sylvaticum,64.564423
CBN-PdlC-A3-20130903,3,1412857,Omalotheca supina,63.942917
CBN-PdlC-A3-20140721,1,1393200,Homogyne alpina,65.788254
CBN-PdlC-A3-20140721,2,1392608,Geum montanum,64.396729
CBN-PdlC-A3-20140721,3,1396144,Sedum alpestre,63.744076
CBN-PdlC-A3-20140811,1,1396144,Sedum alpestre,69.558594
CBN-PdlC-A3-20140811,2,1393200,Homogyne alpina,67.459747
CBN-PdlC-A3-20140811,3,1392608,Geum montanum,65.693130
CBN-PdlC-A3-20140901,1,1396144,Sedum alpestre,66.402550
CBN-PdlC-A3-20140901,2,1393200,Homogyne alpina,65.928009
CBN-PdlC-A3-20140901,3,1392260,Festuca alpina,63.646896
CBN-PdlC-A3-20150701,1,1393200,Homogyne alpina,67.310814
CBN-PdlC-A3-20150701,2,1396144,Sedum alpestre,66.192261
CBN-PdlC-A3-20150701,3,1396253,Sibbaldia procumbens,63.418484
CBN-PdlC-A3-20150720,1,1393200,Homogyne alpina,67.857750
CBN-PdlC-A3-20150720,2,1396144,Sedum alpestre,64.503006
CBN-PdlC-A3-20150720,3,1392608,Geum montanum,63.936630
CBN-PdlC-A3-20150810,1,1396253,Sibbaldia procumbens,64.858994
CBN-PdlC-A3-20150810,2,1396144,Sedum alpestre,64.740959
CBN-PdlC-A3-20150810,3,1412857,Omalotheca supina,64.582207
CBN-PdlC-A3-20150831,1,1396144,Sedum alpestre,66.909439
CBN-PdlC-A3-20150831,2,1393200,Homogyne alpina,66.209221
CBN-PdlC-A3-20150831,3,1392608,Geum montanum,64.920517
CBN-PdlC-A3-20160705,1,1393200,Homogyne alpina,67.747757
CBN-PdlC-A3-20160705,2,1396144,Sedum alpestre,66.730209
CBN-PdlC-A3-20160705,3,1397475,Rhododendron ferrugineum,63.950802
CBN-PdlC-A3-20160726,1,1393200,Homogyne alpina,66.688431
CBN-PdlC-A3-20160726,2,1412857,Omalotheca supina,66.038635
CBN-PdlC-A3-20160726,3,1392535,Gentiana alpina,64.819244
CBN-PdlC-A3-20170816,1,1396144,Sedum alpestre,65.317619
CBN-PdlC-A3-20170816,2,1412857,Omalotheca supina,63.824646
CBN-PdlC-A3-20170816,3,1394643,Antennaria dioica,62.066738
CBN-PdlC-A3-20170906,1,1393200,Homogyne alpina,66.479828
CBN-PdlC-A3-20170906,2,1396144,Sedum alpestre,65.943542
CBN-PdlC-A3-20170906,3,1412857,Omalotheca supina,64.943451
CBN-PdlC-A3-20180702,1,1396144,Sedum alpestre,64.445511
CBN-PdlC-A3-20180702,2,1394643,Antennaria dioica,61.877388
CBN-PdlC-A3-20180702,3,1392534,Gentiana acaulis,60.807835
CBN-PdlC-A3-20180723,1,1393200,Homogyne alpina,65.650826
CBN-PdlC-A3-20180723,2,1392608,Geum montanum,63.401894
CBN-PdlC-A3-20180723,3,1396253,Sibbaldia procumbens,62.247826
CBN-PdlC-A3-20180815,1,1392608,Geum montanum,63.518684
CBN-PdlC-A3-20180815,2,1394643,Antennaria dioica,63.303028
CBN-PdlC-A3-20180815,3,1393200,Homogyne alpina,63.012936
CBN-PdlC-A3-20180905,1,1412857,Omalotheca supina,65.889397
CBN-PdlC-A3-20180905,2,1742053,Omalotheca hoppeana,64.975304
CBN-PdlC-A3-20180905,3,1393200,Homogyne alpina,63.103916
CBN-PdlC-A3-20190701,1,1393200,Homogyne alpina,64.509781
CBN-PdlC-A3-20190701,2,1718504,Pontederia crassipes,60.921501
CBN-PdlC-A3-20190701,3,1392534,Gentiana acaulis,60.314262
CBN-PdlC-A3-20190722,1,1393200,Homogyne alpina,66.456909
CBN-PdlC-A3-20190722,2,1392608,Geum montanum,63.297844
CBN-PdlC-A3-20190722,3,1412857,Omalotheca supina,62.670250
CBN-PdlC-A3-20190812,1,1393200,Homogyne alpina,68.160210
CBN-PdlC-A3-20190812,2,1392608,Geum montanum,64.403275
CBN-PdlC-A3-20190812,3,1742053,Omalotheca hoppeana,61.488029
CBN-PdlC-A3-20190909,1,1393200,Homogyne alpina,64.253342
CBN-PdlC-A3-20190909,2,1394911,Primula integrifolia,63.357262
CBN-PdlC-A3-20190909,3,1392608,Geum montanum,62.998306
CBN-PdlC-A3-20200629,1,1393887,Myosotis corsicana,57.971794
CBN-PdlC-A3-20200629,2,1743903,Androsace delphinensis,57.875031
CBN-PdlC-A3-20200629,3,1361703,Posidonia oceanica,57.112610
CBN-PdlC-A3-20200722,1,1393200,Homogyne alpina,67.559761
CBN-PdlC-A3-20200722,2,1412857,Omalotheca supina,64.131577
CBN-PdlC-A3-20200722,3,1392608,Geum montanum,63.363544
CBN-PdlC-A3-20200812,1,1742053,Omalotheca hoppeana,66.784462
CBN-PdlC-A3-20200812,2,1393200,Homogyne alpina,66.496620
CBN-PdlC-A3-20200812,3,1412857,Omalotheca supina,66.208382
CBN-PdlC-A4-20130807,1,1393200,Homogyne alpina,65.491455
CBN-PdlC-A4-20130807,2,1397475,Rhododendron ferrugineum,62.643856
CBN-PdlC-A4-20130807,3,1392608,Geum montanum,62.479443
CBN-PdlC-A4-20130903,1,1393200,Homogyne alpina,66.234863
CBN-PdlC-A4-20130903,2,1397475,Rhododendron ferrugineum,63.417313
CBN-PdlC-A4-20130903,3,1396253,Sibbaldia procumbens,63.023205
CBN-PdlC-A4-20140811,1,1393200,Homogyne alpina,68.793167
CBN-PdlC-A4-20140811,2,1396144,Sedum alpestre,66.532776
CBN-PdlC-A4-20140811,3,1392608,Geum montanum,63.269089
CBN-PdlC-A4-20140901,1,1393200,Homogyne alpina,66.141731
CBN-PdlC-A4-20140901,2,1392608,Geum montanum,60.973888
CBN-PdlC-A4-20140901,3,1397500,Soldanella alpina,60.008797
CBN-PdlC-A4-20150701,1,1393200,Homogyne alpina,67.270264
CBN-PdlC-A4-20150701,2,1392608,Geum montanum,65.498497
CBN-PdlC-A4-20150701,3,1393874,Myoporum laetum,63.876472
CBN-PdlC-A4-20150810,1,1393200,Homogyne alpina,67.555435
CBN-PdlC-A4-20150810,2,1396144,Sedum alpestre,64.154549
CBN-PdlC-A4-20150810,3,1396253,Sibbaldia procumbens,63.584042
CBN-PdlC-A4-20150831,1,1393200,Homogyne alpina,68.915085
CBN-PdlC-A4-20150831,2,1396144,Sedum alpestre,66.758476
CBN-PdlC-A4-20150831,3,1396253,Sibbaldia procumbens,63.883091
CBN-PdlC-A4-20160705,1,1393200,Homogyne alpina,67.001877
CBN-PdlC-A4-20160705,2,1397475,Rhododendron ferrugineum,63.712849
CBN-PdlC-A4-20160705,3,1396144,Sedum alpestre,63.612576
CBN-PdlC-A4-20160726,1,1396144,Sedum alpestre,67.667213
CBN-PdlC-A4-20160726,2,1393200,Homogyne alpina,67.341476
CBN-PdlC-A4-20160726,3,1392608,Geum montanum,64.476471
CBN-PdlC-A4-20170816,1,1742053,Omalotheca hoppeana,63.239815
CBN-PdlC-A4-20170816,2,1393200,Homogyne alpina,63.013767
CBN-PdlC-A4-20170816,3,1396144,Sedum alpestre,62.460846
CBN-PdlC-A4-20170906,1,1393200,Homogyne alpina,67.518875
CBN-PdlC-A4-20170906,2,1396144,Sedum alpestre,66.277420
CBN-PdlC-A4-20170906,3,1742053,Omalotheca hoppeana,63.646225
CBN-PdlC-A4-20180702,1,1397475,Rhododendron ferrugineum,62.947121
CBN-PdlC-A4-20180702,2,1396144,Sedum alpestre,62.641422
CBN-PdlC-A4-20180702,3,1393200,Homogyne alpina,61.012413
CBN-PdlC-A4-20180723,1,1393200,Homogyne alpina,67.494682
CBN-PdlC-A4-20180723,2,1396144,Sedum alpestre,65.432373
CBN-PdlC-A4-20180723,3,1400101,Bartsia alpina,64.050194
CBN-PdlC-A4-20180815,1,1393200,Homogyne alpina,66.123718
CBN-PdlC-A4-20180815,2,1397475,Rhododendron ferrugineum,63.793060
CBN-PdlC-A4-20180815,3,1362100,Mirabilis jalapa,60.757988
CBN-PdlC-A4-20180905,1,1393200,Homogyne alpina,67.284050
CBN-PdlC-A4-20180905,2,1396144,Sedum alpestre,65.968811
CBN-PdlC-A4-20180905,3,1392608,Geum montanum,64.568695
CBN-PdlC-A4-20190701,1,1393200,Homogyne alpina,63.270561
CBN-PdlC-A4-20190701,2,1397475,Rhododendron ferrugineum,63.204155
CBN-PdlC-A4-20190701,3,1393874,Myoporum laetum,61.398148
CBN-PdlC-A4-20190722,1,1397475,Rhododendron ferrugineum,64.617310
CBN-PdlC-A4-20190722,2,1393200,Homogyne alpina,63.722198
CBN-PdlC-A4-20190722,3,1393874,Myoporum laetum,63.456619
CBN-PdlC-A4-20190812,1,1396180,Sempervivum montanum,62.270538
CBN-PdlC-A4-20190812,2,1529402,Sempervivum minutum,61.712036
CBN-PdlC-A4-20190812,3,1393200,Homogyne alpina,61.160915
CBN-PdlC-A4-20190909,1,1397475,Rhododendron ferrugineum,64.946121
CBN-PdlC-A4-20190909,2,1393874,Myoporum laetum,62.165146
CBN-PdlC-A4-20190909,3,1362482,Phleum alpinum,61.844421
CBN-PdlC-A4-20200629,1,1393200,Homogyne alpina,62.666199
CBN-PdlC-A4-20200629,2,1397475,Rhododendron ferrugineum,61.820179
CBN-PdlC-A4-20200629,3,1392608,Geum montanum,60.156212
CBN-PdlC-A4-20200722,1,1393200,Homogyne alpina,68.439880
CBN-PdlC-A4-20200722,2,1397475,Rhododendron ferrugineum,64.470009
CBN-PdlC-A4-20200722,3,1400101,Bartsia alpina,62.930317
CBN-PdlC-A4-20200812,1,1392608,Geum montanum,66.477425
CBN-PdlC-A4-20200812,2,1393200,Homogyne alpina,66.256241
CBN-PdlC-A4-20200812,3,1397475,Rhododendron ferrugineum,63.400452
CBN-PdlC-A5-20130807,1,1393200,Homogyne alpina,67.272934
CBN-PdlC-A5-20130807,2,1396253,Sibbaldia procumbens,63.768566
CBN-PdlC-A5-20130807,3,1397475,Rhododendron ferrugineum,63.552925
CBN-PdlC-A5-20130903,1,1397475,Rhododendron ferrugineum,64.455185
CBN-PdlC-A5-20130903,2,1393200,Homogyne alpina,62.913258
CBN-PdlC-A5-20130903,3,1396253,Sibbaldia procumbens,62.536869
CBN-PdlC-A5-20140721,1,1393659,Luzula alpina,64.608055
CBN-PdlC-A5-20140721,2,1397475,Rhododendron ferrugineum,64.483307
CBN-PdlC-A5-20140721,3,1393200,Homogyne alpina,63.773418
CBN-PdlC-A5-20140811,1,1361598,Luzula pilosa,64.497696
CBN-PdlC-A5-20140811,2,1393660,Luzula alpinopilosa,64.188530
CBN-PdlC-A5-20140811,3,1397043,Veronica alpina,63.734520
CBN-PdlC-A5-20150701,1,1393200,Homogyne alpina,67.282013
CBN-PdlC-A5-20150701,2,1396474,Streptopus amplexifolius,64.430748
CBN-PdlC-A5-20150701,3,1397475,Rhododendron ferrugineum,63.999706
CBN-PdlC-A5-20150831,1,1396253,Sibbaldia procumbens,65.185944
CBN-PdlC-A5-20150831,2,1397475,Rhododendron ferrugineum,64.551254
CBN-PdlC-A5-20150831,3,1395807,Salix herbacea,62.414185
CBN-PdlC-A5-20160705,1,1397475,Rhododendron ferrugineum,65.370712
CBN-PdlC-A5-20160705,2,1396253,Sibbaldia procumbens,64.833893
CBN-PdlC-A5-20160705,3,1392541,Gentiana brachyphylla,62.826073
CBN-PdlC-A5-20160726,1,1392534,Gentiana acaulis,67.259613
CBN-PdlC-A5-20160726,2,1393200,Homogyne alpina,66.246185
CBN-PdlC-A5-20160726,3,1392535,Gentiana alpina,65.156113
CBN-PdlC-A5-20170816,1,1397475,Rhododendron ferrugineum,64.831970
CBN-PdlC-A5-20170816,2,1396253,Sibbaldia procumbens,64.149635
CBN-PdlC-A5-20170816,3,1394065,Ophioglossum azoricum,61.556412
CBN-PdlC-A5-20170906,1,1396253,Sibbaldia procumbens,65.219444
CBN-PdlC-A5-20170906,2,1397475,Rhododendron ferrugineum,64.814819
CBN-PdlC-A5-20170906,3,1393200,Homogyne alpina,63.890457
CBN-PdlC-A5-20180815,1,1393200,Homogyne alpina,65.262558
CBN-PdlC-A5-20180815,2,1396253,Sibbaldia procumbens,63.175900
CBN-PdlC-A5-20180815,3,1363543,Stenotaphrum secundatum,61.409081
CBN-PdlC-A5-20180905,1,1393200,Homogyne alpina,66.920776
CBN-PdlC-A5-20180905,2,1396253,Sibbaldia procumbens,65.577942
CBN-PdlC-A5-20180905,3,1363543,Stenotaphrum secundatum,62.162983
CBN-PdlC-A5-20190909,1,1397475,Rhododendron ferrugineum,64.231796
CBN-PdlC-A5-20190909,2,1396253,Sibbaldia procumbens,61.730228
CBN-PdlC-A5-20190909,3,1361969,Watsonia meriana,59.750046
CBN-PdlC-A5-20200722,1,1396253,Sibbaldia procumbens,64.626892
CBN-PdlC-A5-20200722,2,1393200,Homogyne alpina,63.503925
CBN-PdlC-A5-20200722,3,1397043,Veronica alpina,63.073730
CBN-PdlC-A6-20130807,1,1393200,Homogyne alpina,66.592400
CBN-PdlC-A6-20130807,2,1397475,Rhododendron ferrugineum,65.645218
CBN-PdlC-A6-20130807,3,1392534,Gentiana acaulis,64.374390
CBN-PdlC-A6-20130903,1,1397475,Rhododendron ferrugineum,64.460129
CBN-PdlC-A6-20130903,2,1396253,Sibbaldia procumbens,63.881218
CBN-PdlC-A6-20130903,3,1395807,Salix herbacea,61.449196
CBN-PdlC-A6-20140630,1,1396253,Sibbaldia procumbens,61.706409
CBN-PdlC-A6-20140630,2,1397475,Rhododendron ferrugineum,61.115906
CBN-PdlC-A6-20140630,3,1529410,Sempervivum vicentei,57.129562
CBN-PdlC-A6-20140721,1,1361598,Luzula pilosa,65.874504
CBN-PdlC-A6-20140721,2,1397475,Rhododendron ferrugineum,64.847481
CBN-PdlC-A6-20140721,3,1393200,Homogyne alpina,64.255539
CBN-PdlC-A6-20140901,1,1397475,Rhododendron ferrugineum,63.553310
CBN-PdlC-A6-20140901,2,1361367,Poa alpina,63.217026
CBN-PdlC-A6-20140901,3,1394542,Phyteuma hemisphaericum,62.152370
CBN-PdlC-A6-20150701,1,1393200,Homogyne alpina,65.411217
CBN-PdlC-A6-20150701,2,1397475,Rhododendron ferrugineum,63.859825
CBN-PdlC-A6-20150701,3,1393947,Neottia cordata,62.505905
CBN-PdlC-A6-20150810,1,1397475,Rhododendron ferrugineum,63.688034
CBN-PdlC-A6-20150810,2,1396253,Sibbaldia procumbens,63.118904
CBN-PdlC-A6-20150810,3,1393200,Homogyne alpina,62.959805
CBN-PdlC-A6-20150831,1,1397475,Rhododendron ferrugineum,64.631844
CBN-PdlC-A6-20150831,2,1396253,Sibbaldia procumbens,62.498333
CBN-PdlC-A6-20150831,3,1393874,Myoporum laetum,62.022766
CBN-PdlC-A6-20160705,1,1393200,Homogyne alpina,66.362663
CBN-PdlC-A6-20160705,2,1397475,Rhododendron ferrugineum,65.570465
CBN-PdlC-A6-20160705,3,1395807,Salix herbacea,62.940300
CBN-PdlC-A6-20160726,1,1397475,Rhododendron ferrugineum,64.929359
CBN-PdlC-A6-20160726,2,1393659,Luzula alpina,64.600761
CBN-PdlC-A6-20160726,3,1393660,Luzula alpinopilosa,64.224480
CBN-PdlC-A6-20170816,1,1393200,Homogyne alpina,65.456268
CBN-PdlC-A6-20170816,2,1397475,Rhododendron ferrugineum,64.301636
CBN-PdlC-A6-20170816,3,1396253,Sibbaldia procumbens,62.771381
CBN-PdlC-A6-20170906,1,1393200,Homogyne alpina,63.542358
CBN-PdlC-A6-20170906,2,1397475,Rhododendron ferrugineum,63.461437
CBN-PdlC-A6-20170906,3,1396253,Sibbaldia procumbens,61.456318
CBN-PdlC-A6-20180702,1,1397475,Rhododendron ferrugineum,64.227425
CBN-PdlC-A6-20180702,2,1396253,Sibbaldia procumbens,63.960724
CBN-PdlC-A6-20180702,3,1393200,Homogyne alpina,63.018063
CBN-PdlC-A6-20180723,1,1393200,Homogyne alpina,64.210640
CBN-PdlC-A6-20180723,2,1397475,Rhododendron ferrugineum,63.968842
CBN-PdlC-A6-20180723,3,1396253,Sibbaldia procumbens,61.958084
CBN-PdlC-A6-20180815,1,1393874,Myoporum laetum,65.214493
CBN-PdlC-A6-20180815,2,1397475,Rhododendron ferrugineum,64.338501
CBN-PdlC-A6-20180815,3,1394540,Phyteuma globulariifolium,62.741020
CBN-PdlC-A6-20180905,1,1393200,Homogyne alpina,65.140327
CBN-PdlC-A6-20180905,2,1397475,Rhododendron ferrugineum,64.566925
CBN-PdlC-A6-20180905,3,1393874,Myoporum laetum,62.445198
CBN-PdlC-A6-20190701,1,1393200,Homogyne alpina,66.332619
CBN-PdlC-A6-20190701,2,1396253,Sibbaldia procumbens,63.571983
CBN-PdlC-A6-20190701,3,1397475,Rhododendron ferrugineum,63.294983
CBN-PdlC-A6-20190722,1,1393660,Luzula alpinopilosa,65.439232
CBN-PdlC-A6-20190722,2,1396253,Sibbaldia procumbens,64.455017
CBN-PdlC-A6-20190722,3,1393200,Homogyne alpina,63.889801
CBN-PdlC-A6-20190812,1,1397475,Rhododendron ferrugineum,64.832458
CBN-PdlC-A6-20190812,2,1396253,Sibbaldia procumbens,62.900352
CBN-PdlC-A6-20190812,3,1393200,Homogyne alpina,62.551807
CBN-PdlC-A6-20190909,1,1397475,Rhododendron ferrugineum,64.832031
CBN-PdlC-A6-20190909,2,1393200,Homogyne alpina,64.396744
CBN-PdlC-A6-20190909,3,1362482,Phleum alpinum,60.904881
CBN-PdlC-A6-20200722,1,1393200,Homogyne alpina,66.240616
CBN-PdlC-A6-20200722,2,1397475,Rhododendron ferrugineum,64.847862
CBN-PdlC-A6-20200722,3,1396253,Sibbaldia procumbens,63.664082
CBN-PdlC-A6-20200812,1,1393200,Homogyne alpina,66.012360
CBN-PdlC-A6-20200812,2,1397475,Rhododendron ferrugineum,64.878777
CBN-PdlC-A6-20200812,3,1396253,Sibbaldia procumbens,63.856216
CBN-PdlC-B1-20130807,1,1393200,Homogyne alpina,65.312065
CBN-PdlC-B1-20130807,2,1392608,Geum montanum,64.778290
CBN-PdlC-B1-20130807,3,1395982,Saxifraga geranioides,63.237175
CBN-PdlC-B1-20130903,1,1393200,Homogyne alpina,65.698532
CBN-PdlC-B1-20130903,2,1392608,Geum montanum,64.850296
CBN-PdlC-B1-20130903,3,1394643,Antennaria dioica,62.562366
CBN-PdlC-B1-20140721,1,1393200,Homogyne alpina,67.507126
CBN-PdlC-B1-20140721,2,1396253,Sibbaldia procumbens,63.391598
CBN-PdlC-B1-20140721,3,1392608,Geum montanum,62.976826
CBN-PdlC-B1-20140811,1,1392608,Geum montanum,65.629730
CBN-PdlC-B1-20140811,2,1396144,Sedum alpestre,65.576057
CBN-PdlC-B1-20140811,3,1393200,Homogyne alpina,64.336746
CBN-PdlC-B1-20140901,1,1392608,Geum montanum,64.888062
CBN-PdlC-B1-20140901,2,1393200,Homogyne alpina,64.083633
CBN-PdlC-B1-20140901,3,1412857,Omalotheca supina,62.493305
CBN-PdlC-B1-20150701,1,1393200,Homogyne alpina,67.338821
CBN-PdlC-B1-20150701,2,1392608,Geum montanum,65.515991
CBN-PdlC-B1-20150701,3,1396253,Sibbaldia procumbens,62.800983
CBN-PdlC-B1-20150720,1,1396253,Sibbaldia procumbens,65.014984
CBN-PdlC-B1-20150720,2,1392608,Geum montanum,64.940605
CBN-PdlC-B1-20150720,3,1393200,Homogyne alpina,63.726501
CBN-PdlC-B1-20150810,1,1393200,Homogyne alpina,65.541809
CBN-PdlC-B1-20150810,2,1392608,Geum montanum,64.039162
CBN-PdlC-B1-20150810,3,1396253,Sibbaldia procumbens,63.386936
CBN-PdlC-B1-20150831,1,1393200,Homogyne alpina,67.005730
CBN-PdlC-B1-20150831,2,1396144,Sedum alpestre,66.590111
CBN-PdlC-B1-20150831,3,1412857,Omalotheca supina,66.222137
CBN-PdlC-B1-20160705,1,1393200,Homogyne alpina,66.922592
CBN-PdlC-B1-20160705,2,1396144,Sedum alpestre,65.309891
CBN-PdlC-B1-20160705,3,1392608,Geum montanum,64.170197
CBN-PdlC-B1-20160726,1,1393200,Homogyne alpina,66.395355
CBN-PdlC-B1-20160726,2,1392608,Geum montanum,64.561691
CBN-PdlC-B1-20160726,3,1412857,Omalotheca supina,64.305618
CBN-PdlC-B1-20170816,1,1742052,Leontopodium nivale,63.071373
CBN-PdlC-B1-20170816,2,1395807,Salix herbacea,63.018311
CBN-PdlC-B1-20170816,3,1742053,Omalotheca hoppeana,62.615776
CBN-PdlC-B1-20170906,1,1396144,Sedum alpestre,65.149780
CBN-PdlC-B1-20170906,2,1392608,Geum montanum,63.953362
CBN-PdlC-B1-20170906,3,1393200,Homogyne alpina,63.885834
CBN-PdlC-B1-20180702,1,1413349,Armeria maritima,62.283310
CBN-PdlC-B1-20180702,2,1396144,Sedum alpestre,61.247971
CBN-PdlC-B1-20180702,3,1647170,Armeria pubigera,59.477814
CBN-PdlC-B1-20180723,1,1393200,Homogyne alpina,66.577766
CBN-PdlC-B1-20180723,2,1392608,Geum montanum,63.954399
CBN-PdlC-B1-20180723,3,1396144,Sedum alpestre,62.612995
CBN-PdlC-B1-20180815,1,1396144,Sedum alpestre,67.365875
CBN-PdlC-B1-20180815,2,1412857,Omalotheca supina,66.300209
CBN-PdlC-B1-20180815,3,1397491,Sedum atratum,64.446602
CBN-PdlC-B1-20180905,1,1396144,Sedum alpestre,66.026421
CBN-PdlC-B1-20180905,2,1412857,Omalotheca supina,65.198036
CBN-PdlC-B1-20180905,3,1392608,Geum montanum,64.707542
CBN-PdlC-B1-20190701,1,1392608,Geum montanum,62.406059
CBN-PdlC-B1-20190701,2,1358095,Sedum album,61.849724
CBN-PdlC-B1-20190701,3,1396144,Sedum alpestre,61.532059
CBN-PdlC-B1-20190722,1,1392608,Geum montanum,64.770363
CBN-PdlC-B1-20190722,2,1396253,Sibbaldia procumbens,63.564594
CBN-PdlC-B1-20190722,3,1396144,Sedum alpestre,63.457787
CBN-PdlC-B1-20190812,1,1396144,Sedum alpestre,67.124557
CBN-PdlC-B1-20190812,2,1412857,Omalotheca supina,64.911591
CBN-PdlC-B1-20190812,3,1392608,Geum montanum,64.690979
CBN-PdlC-B1-20190909,1,1396144,Sedum alpestre,63.966965
CBN-PdlC-B1-20190909,2,1392608,Geum montanum,62.841160
CBN-PdlC-B1-20190909,3,1742052,Leontopodium nivale,62.267273
CBN-PdlC-B1-20200629,1,1393200,Homogyne alpina,62.865471
CBN-PdlC-B1-20200629,2,1356359,Asplenium septentrionale,61.472672
CBN-PdlC-B1-20200629,3,1360299,Geum sylvaticum,57.803547
CBN-PdlC-B1-20200722,1,1393200,Homogyne alpina,66.500130
CBN-PdlC-B1-20200722,2,1396144,Sedum alpestre,66.489883
CBN-PdlC-B1-20200722,3,1392608,Geum montanum,65.720970
CBN-PdlC-B1-20200812,1,1396144,Sedum alpestre,65.821609
CBN-PdlC-B1-20200812,2,1412857,Omalotheca supina,65.227249
CBN-PdlC-B1-20200812,3,1742053,Omalotheca hoppeana,65.006561
CBN-PdlC-B2-20130807,1,1392608,Geum montanum,64.404274
CBN-PdlC-B2-20130807,2,1399082,Armeria sardoa,63.568336
CBN-PdlC-B2-20130807,3,1392535,Gentiana alpina,63.354591
CBN-PdlC-B2-20130903,1,1392608,Geum montanum,62.440933
CBN-PdlC-B2-20130903,2,1647128,Armeria alpina,61.298679
CBN-PdlC-B2-20130903,3,1395807,Salix herbacea,60.843014
CBN-PdlC-B2-20140721,1,1392608,Geum montanum,65.383514
CBN-PdlC-B2-20140721,2,1413349,Armeria maritima,61.641876
CBN-PdlC-B2-20140721,3,1392611,Geum pyrenaicum,61.232723
CBN-PdlC-B2-20140811,1,1392608,Geum montanum,67.362213
CBN-PdlC-B2-20140811,2,1361367,Poa alpina,64.384033
CBN-PdlC-B2-20140811,3,1392611,Geum pyrenaicum,64.329086
CBN-PdlC-B2-20140901,1,1392608,Geum montanum,62.973930
CBN-PdlC-B2-20140901,2,1400017,Armeria linkiana,62.765415
CBN-PdlC-B2-20140901,3,1647128,Armeria alpina,61.807545
CBN-PdlC-B2-20150701,1,1392608,Geum montanum,62.819870
CBN-PdlC-B2-20150701,2,1360299,Geum sylvaticum,61.214703
CBN-PdlC-B2-20150701,3,1361099,Isolepis cernua,60.740868
CBN-PdlC-B2-20150720,1,1392608,Geum montanum,63.583290
CBN-PdlC-B2-20150720,2,1392535,Gentiana alpina,62.719528
CBN-PdlC-B2-20150720,3,1392541,Gentiana brachyphylla,62.045387
CBN-PdlC-B2-20150810,1,1392608,Geum montanum,62.551357
CBN-PdlC-B2-20150810,2,1412857,Omalotheca supina,62.475410
CBN-PdlC-B2-20150810,3,1741880,Salix serpillifolia,61.047272
CBN-PdlC-B2-20150831,1,1392608,Geum montanum,64.341003
CBN-PdlC-B2-20150831,2,1647128,Armeria alpina,62.580605
CBN-PdlC-B2-20150831,3,1742053,Omalotheca hoppeana,62.546844
CBN-PdlC-B2-20160705,1,1392608,Geum montanum,65.062157
CBN-PdlC-B2-20160705,2,1394366,Oxyria digyna,62.313530
CBN-PdlC-B2-20160705,3,1362453,Geranium cinereum,61.326759
CBN-PdlC-B2-20160726,1,1392608,Geum montanum,65.718277
CBN-PdlC-B2-20160726,2,1392534,Gentiana acaulis,62.917328
CBN-PdlC-B2-20160726,3,1395807,Salix herbacea,62.513733
CBN-PdlC-B2-20170816,1,1392534,Gentiana acaulis,64.684898
CBN-PdlC-B2-20170816,2,1412857,Omalotheca supina,64.414886
CBN-PdlC-B2-20170816,3,1362482,Phleum alpinum,63.530525
CBN-PdlC-B2-20170906,1,1392608,Geum montanum,63.548813
CBN-PdlC-B2-20170906,2,1412857,Omalotheca supina,62.316700
CBN-PdlC-B2-20170906,3,1392047,Erigeron glaucus,61.763878
CBN-PdlC-B2-20180702,1,1392534,Gentiana acaulis,63.034393
CBN-PdlC-B2-20180702,2,1391427,Crassula pubescens,60.723293
CBN-PdlC-B2-20180702,3,1394911,Primula integrifolia,60.422134
CBN-PdlC-B2-20180723,1,1392608,Geum montanum,65.833649
CBN-PdlC-B2-20180723,2,1394911,Primula integrifolia,65.073486
CBN-PdlC-B2-20180723,3,1392535,Gentiana alpina,64.347557
CBN-PdlC-B2-20180815,1,1392534,Gentiana acaulis,65.245682
CBN-PdlC-B2-20180815,2,1412857,Omalotheca supina,63.150402
CBN-PdlC-B2-20180815,3,1392535,Gentiana alpina,62.013195
CBN-PdlC-B2-20180905,1,1392534,Gentiana acaulis,64.548447
CBN-PdlC-B2-20180905,2,1392535,Gentiana alpina,63.518997
CBN-PdlC-B2-20180905,3,1412857,Omalotheca supina,63.429516
CBN-PdlC-B2-20190701,1,1528543,Crassula nudicaulis,60.362484
CBN-PdlC-B2-20190701,2,1397049,Veronica fruticans,59.817993
CBN-PdlC-B2-20190701,3,1392114,Alchemilla flabellata,59.656105
CBN-PdlC-B2-20190722,1,1392534,Gentiana acaulis,65.857468
CBN-PdlC-B2-20190722,2,1400101,Bartsia alpina,63.638885
CBN-PdlC-B2-20190722,3,1392608,Geum montanum,63.637199
CBN-PdlC-B2-20190812,1,1392534,Gentiana acaulis,63.532692
CBN-PdlC-B2-20190812,2,1412857,Omalotheca supina,61.906303
CBN-PdlC-B2-20190812,3,1392535,Gentiana alpina,61.901051
CBN-PdlC-B2-20190909,1,1362482,Phleum alpinum,64.443596
CBN-PdlC-B2-20190909,2,1412857,Omalotheca supina,64.397018
CBN-PdlC-B2-20190909,3,1392608,Geum montanum,62.862732
CBN-PdlC-B2-20200629,1,1392709,Allium oporinanthum,55.779037
CBN-PdlC-B2-20200629,2,1391294,Claytonia sibirica,54.971405
CBN-PdlC-B2-20200629,3,1738653,Myosotis stolonifera,54.154160
CBN-PdlC-B2-20200722,1,1392608,Geum montanum,64.825172
CBN-PdlC-B2-20200722,2,1392534,Gentiana acaulis,64.618942
CBN-PdlC-B2-20200722,3,1392535,Gentiana alpina,64.243942
CBN-PdlC-B2-20200812,1,1392608,Geum montanum,65.152412
CBN-PdlC-B2-20200812,2,1394911,Primula integrifolia,61.001781
CBN-PdlC-B2-20200812,3,1362482,Phleum alpinum,60.749424
CBN-PdlC-B3-20130807,1,1393200,Homogyne alpina,62.590130
CBN-PdlC-B3-20130807,2,1392534,Gentiana acaulis,61.709919
CBN-PdlC-B3-20130807,3,1394911,Primula integrifolia,61.708588
CBN-PdlC-B3-20130903,1,1393200,Homogyne alpina,66.688171
CBN-PdlC-B3-20130903,2,1394595,Pinguicula alpina,62.719273
CBN-PdlC-B3-20130903,3,1392541,Gentiana brachyphylla,62.134983
CBN-PdlC-B3-20140721,1,1393200,Homogyne alpina,65.517303
CBN-PdlC-B3-20140721,2,1396144,Sedum alpestre,62.571915
CBN-PdlC-B3-20140721,3,1392541,Gentiana brachyphylla,61.778198
CBN-PdlC-B3-20140811,1,1393200,Homogyne alpina,66.366653
CBN-PdlC-B3-20140811,2,1412857,Omalotheca supina,63.950005
CBN-PdlC-B3-20140811,3,1395807,Salix herbacea,63.574986
CBN-PdlC-B3-20140901,1,1393200,Homogyne alpina,65.597168
CBN-PdlC-B3-20140901,2,1361367,Poa alpina,62.153488
CBN-PdlC-B3-20140901,3,1742053,Omalotheca hoppeana,62.106869
CBN-PdlC-B3-20150701,1,1392541,Gentiana brachyphylla,63.482136
CBN-PdlC-B3-20150701,2,1393200,Homogyne alpina,63.092613
CBN-PdlC-B3-20150701,3,1392535,Gentiana alpina,61.408669
CBN-PdlC-B3-20150810,1,1393200,Homogyne alpina,63.528435
CBN-PdlC-B3-20150810,2,1412857,Omalotheca supina,62.863590
CBN-PdlC-B3-20150810,3,1647156,Armeria humilis,62.316643
CBN-PdlC-B3-20150831,1,1393200,Homogyne alpina,67.872223
CBN-PdlC-B3-20150831,2,1412857,Omalotheca supina,62.177132
CBN-PdlC-B3-20150831,3,1392541,Gentiana brachyphylla,61.465187
CBN-PdlC-B3-20160705,1,1393200,Homogyne alpina,66.140511
CBN-PdlC-B3-20160705,2,1412857,Omalotheca supina,64.096817
CBN-PdlC-B3-20160705,3,1392534,Gentiana acaulis,63.317711
CBN-PdlC-B3-20160726,1,1393200,Homogyne alpina,68.338264
CBN-PdlC-B3-20160726,2,1742053,Omalotheca hoppeana,63.697018
CBN-PdlC-B3-20160726,3,1412857,Omalotheca supina,63.503670
CBN-PdlC-B3-20170816,1,1394542,Phyteuma hemisphaericum,65.834854
CBN-PdlC-B3-20170816,2,1412857,Omalotheca supina,64.095688
CBN-PdlC-B3-20170816,3,1393200,Homogyne alpina,62.760166
CBN-PdlC-B3-20170906,1,1393200,Homogyne alpina,65.165512
CBN-PdlC-B3-20170906,2,1412857,Omalotheca supina,63.980877
CBN-PdlC-B3-20170906,3,1742053,Omalotheca hoppeana,61.639713
CBN-PdlC-B3-20180702,1,1393200,Homogyne alpina,61.303627
CBN-PdlC-B3-20180702,2,1396144,Sedum alpestre,60.249161
CBN-PdlC-B3-20180702,3,1399800,Pinguicula nevadensis,60.183739
CBN-PdlC-B3-20180723,1,1393200,Homogyne alpina,65.809784
CBN-PdlC-B3-20180723,2,1742053,Omalotheca hoppeana,63.897034
CBN-PdlC-B3-20180723,3,1412857,Omalotheca supina,62.731224
CBN-PdlC-B3-20180815,1,1393200,Homogyne alpina,67.316055
CBN-PdlC-B3-20180815,2,1412857,Omalotheca supina,63.283131
CBN-PdlC-B3-20180815,3,1742053,Omalotheca hoppeana,60.821602
CBN-PdlC-B3-20180905,1,1393200,Homogyne alpina,66.447685
CBN-PdlC-B3-20180905,2,1396144,Sedum alpestre,65.700958
CBN-PdlC-B3-20180905,3,1412857,Omalotheca supina,64.241623
CBN-PdlC-B3-20190701,1,1396144,Sedum alpestre,61.273075
CBN-PdlC-B3-20190701,2,1393200,Homogyne alpina,60.487720
CBN-PdlC-B3-20190701,3,1390532,Salvinia molesta,58.942684
CBN-PdlC-B3-20190722,1,1392534,Gentiana acaulis,63.505814
CBN-PdlC-B3-20190722,2,1396144,Sedum alpestre,62.675354
CBN-PdlC-B3-20190722,3,1412857,Omalotheca supina,61.959827
CBN-PdlC-B3-20190812,1,1393200,Homogyne alpina,66.487129
CBN-PdlC-B3-20190812,2,1412857,Omalotheca supina,64.744614
CBN-PdlC-B3-20190812,3,1396144,Sedum alpestre,63.203461
CBN-PdlC-B3-20190909,1,1391710,Dianthus pyrenaicus,62.815228
CBN-PdlC-B3-20190909,2,1356852,Dianthus lusitanus,62.139160
CBN-PdlC-B3-20190909,3,1492564,Dianthus charidemi,59.924435
CBN-PdlC-B3-20200629,1,1356228,Cymodocea nodosa,60.970894
CBN-PdlC-B3-20200629,2,1361703,Posidonia oceanica,59.677994
CBN-PdlC-B3-20200629,3,1399798,Pinguicula dertosensis,59.208397
CBN-PdlC-B3-20200722,1,1393200,Homogyne alpina,65.504105
CBN-PdlC-B3-20200722,2,1742053,Omalotheca hoppeana,62.625168
CBN-PdlC-B3-20200722,3,1392541,Gentiana brachyphylla,61.480370
CBN-PdlC-B3-20200812,1,1393200,Homogyne alpina,68.720818
CBN-PdlC-B3-20200812,2,1742053,Omalotheca hoppeana,67.429970
CBN-PdlC-B3-20200812,3,1396144,Sedum alpestre,65.458878
CBN-PdlC-B4-20130807,1,1397475,Rhododendron ferrugineum,65.594849
CBN-PdlC-B4-20130807,2,1393200,Homogyne alpina,62.625881
CBN-PdlC-B4-20130807,3,1396253,Sibbaldia procumbens,61.522465
CBN-PdlC-B4-20130903,1,1397475,Rhododendron ferrugineum,63.899036
CBN-PdlC-B4-20130903,2,1393874,Myoporum laetum,61.805950
CBN-PdlC-B4-20130903,3,1532190,Carex rorulenta,61.429878
CBN-PdlC-B4-20140721,1,1397475,Rhododendron ferrugineum,65.101532
CBN-PdlC-B4-20140721,2,1393874,Myoporum laetum,61.545876
CBN-PdlC-B4-20140721,3,1400101,Bartsia alpina,58.908997
CBN-PdlC-B4-20140811,1,1397475,Rhododendron ferrugineum,64.786369
CBN-PdlC-B4-20140811,2,1412857,Omalotheca supina,63.354008
CBN-PdlC-B4-20140811,3,1396144,Sedum alpestre,63.308502
CBN-PdlC-B4-20140901,1,1393200,Homogyne alpina,66.536789
CBN-PdlC-B4-20140901,2,1742053,Omalotheca hoppeana,64.453896
CBN-PdlC-B4-20140901,3,1412857,Omalotheca supina,64.438690
CBN-PdlC-B4-20150701,1,1397475,Rhododendron ferrugineum,65.509583
CBN-PdlC-B4-20150701,2,1393874,Myoporum laetum,61.297714
CBN-PdlC-B4-20150701,3,1393200,Homogyne alpina,61.174503
CBN-PdlC-B4-20150810,1,1397475,Rhododendron ferrugineum,64.294502
CBN-PdlC-B4-20150810,2,1390674,Campanula scheuchzeri,64.278137
CBN-PdlC-B4-20150810,3,1393200,Homogyne alpina,63.239140
CBN-PdlC-B4-20150831,1,1397475,Rhododendron ferrugineum,64.884598
CBN-PdlC-B4-20150831,2,1394311,Oreochloa disticha,64.126808
CBN-PdlC-B4-20150831,3,1393200,Homogyne alpina,62.116013
CBN-PdlC-B4-20160726,1,1393200,Homogyne alpina,66.110191
CBN-PdlC-B4-20160726,2,1397475,Rhododendron ferrugineum,65.153610
CBN-PdlC-B4-20160726,3,1742053,Omalotheca hoppeana,64.576462
CBN-PdlC-B4-20170816,1,1397475,Rhododendron ferrugineum,64.573364
CBN-PdlC-B4-20170816,2,1393200,Homogyne alpina,63.617287
CBN-PdlC-B4-20170816,3,1391706,Dianthus pavonius,62.802895
CBN-PdlC-B4-20170906,1,1393200,Homogyne alpina,65.601517
CBN-PdlC-B4-20170906,2,1397475,Rhododendron ferrugineum,65.250427
CBN-PdlC-B4-20170906,3,1396144,Sedum alpestre,61.871487
CBN-PdlC-B4-20180702,1,1397475,Rhododendron ferrugineum,64.723877
CBN-PdlC-B4-20180702,2,1396144,Sedum alpestre,61.723717
CBN-PdlC-B4-20180702,3,1393874,Myoporum laetum,60.947216
CBN-PdlC-B4-20180723,1,1396144,Sedum alpestre,67.455437
CBN-PdlC-B4-20180723,2,1393200,Homogyne alpina,65.294418
CBN-PdlC-B4-20180723,3,1397475,Rhododendron ferrugineum,64.852859
CBN-PdlC-B4-20180815,1,1396144,Sedum alpestre,66.579468
CBN-PdlC-B4-20180815,2,1397475,Rhododendron ferrugineum,62.945614
CBN-PdlC-B4-20180815,3,1393200,Homogyne alpina,61.381714
CBN-PdlC-B4-20180905,1,1393200,Homogyne alpina,67.241455
CBN-PdlC-B4-20180905,2,1396144,Sedum alpestre,66.522430
CBN-PdlC-B4-20180905,3,1412857,Omalotheca supina,65.265610
CBN-PdlC-B4-20190701,1,1397475,Rhododendron ferrugineum,64.685120
CBN-PdlC-B4-20190701,2,1395870,Salix retusa,60.054371
CBN-PdlC-B4-20190701,3,1393874,Myoporum laetum,59.646015
CBN-PdlC-B4-20190722,1,1397475,Rhododendron ferrugineum,65.798096
CBN-PdlC-B4-20190722,2,1395758,Salix breviserrata,60.684956
CBN-PdlC-B4-20190722,3,1395870,Salix retusa,60.132488
CBN-PdlC-B4-20190812,1,1397475,Rhododendron ferrugineum,63.615662
CBN-PdlC-B4-20190812,2,1362482,Phleum alpinum,62.484562
CBN-PdlC-B4-20190812,3,1393874,Myoporum laetum,62.232327
CBN-PdlC-B4-20190909,1,1397475,Rhododendron ferrugineum,63.903172
CBN-PdlC-B4-20190909,2,1362482,Phleum alpinum,61.887596
CBN-PdlC-B4-20190909,3,1356456,Acer granatense,61.284119
CBN-PdlC-B4-20200629,1,1397475,Rhododendron ferrugineum,64.968063
CBN-PdlC-B4-20200629,2,1741661,Rhododendron intermedium,58.234627
CBN-PdlC-B4-20200629,3,1393200,Homogyne alpina,58.187492
CBN-PdlC-B4-20200722,1,1397475,Rhododendron ferrugineum,64.818687
CBN-PdlC-B4-20200722,2,1393200,Homogyne alpina,62.971748
CBN-PdlC-B4-20200722,3,1360590,Daphne laureola,61.255722
CBN-PdlC-B4-20200812,1,1393200,Homogyne alpina,66.701416
CBN-PdlC-B4-20200812,2,1397475,Rhododendron ferrugineum,64.477394
CBN-PdlC-B4-20200812,3,1412857,Omalotheca supina,63.892952
CBN-PdlC-B5-20130807,1,1397475,Rhododendron ferrugineum,65.823875
CBN-PdlC-B5-20130807,2,1395807,Salix herbacea,62.105103
CBN-PdlC-B5-20130807,3,1394311,Oreochloa disticha,61.940926
CBN-PdlC-B5-20130903,1,1397475,Rhododendron ferrugineum,64.610153
CBN-PdlC-B5-20130903,2,1397450,Orthilia secunda,62.410461
CBN-PdlC-B5-20130903,3,1395807,Salix herbacea,61.931984
CBN-PdlC-B5-20140630,1,1392709,Allium oporinanthum,59.394241
CBN-PdlC-B5-20140630,2,1363618,Crassula multicava,56.785828
CBN-PdlC-B5-20140630,3,1392684,Allium moschatum,55.949276
CBN-PdlC-B5-20140721,1,1397475,Rhododendron ferrugineum,65.434845
CBN-PdlC-B5-20140721,2,1396253,Sibbaldia procumbens,64.964745
CBN-PdlC-B5-20140721,3,1395807,Salix herbacea,62.942719
CBN-PdlC-B5-20140811,1,1394311,Oreochloa disticha,66.476692
CBN-PdlC-B5-20140811,2,1397475,Rhododendron ferrugineum,65.263855
CBN-PdlC-B5-20140811,3,1395807,Salix herbacea,64.212006
CBN-PdlC-B5-20140901,1,1394311,Oreochloa disticha,65.132759
CBN-PdlC-B5-20140901,2,1397475,Rhododendron ferrugineum,64.107605
CBN-PdlC-B5-20140901,3,1361367,Poa alpina,62.959305
CBN-PdlC-B5-20150701,1,1397475,Rhododendron ferrugineum,64.295212
CBN-PdlC-B5-20150701,2,1394911,Primula integrifolia,62.881683
CBN-PdlC-B5-20150701,3,1400101,Bartsia alpina,62.620853
CBN-PdlC-B5-20150720,1,1397475,Rhododendron ferrugineum,65.209160
CBN-PdlC-B5-20150720,2,1395807,Salix herbacea,63.744263
CBN-PdlC-B5-20150720,3,1400101,Bartsia alpina,63.274811
CBN-PdlC-B5-20150810,1,1397475,Rhododendron ferrugineum,63.553268
CBN-PdlC-B5-20150810,2,1395807,Salix herbacea,62.955872
CBN-PdlC-B5-20150810,3,1400101,Bartsia alpina,60.948944
CBN-PdlC-B5-20150831,1,1397475,Rhododendron ferrugineum,65.443802
CBN-PdlC-B5-20150831,2,1396253,Sibbaldia procumbens,63.397438
CBN-PdlC-B5-20150831,3,1400101,Bartsia alpina,63.310890
CBN-PdlC-B5-20160705,1,1397475,Rhododendron ferrugineum,65.528809
CBN-PdlC-B5-20160705,2,1400101,Bartsia alpina,64.287636
CBN-PdlC-B5-20160705,3,1396253,Sibbaldia procumbens,63.675041
CBN-PdlC-B5-20160726,1,1397475,Rhododendron ferrugineum,65.424118
CBN-PdlC-B5-20160726,2,1395807,Salix herbacea,62.392361
CBN-PdlC-B5-20160726,3,1396253,Sibbaldia procumbens,62.298828
CBN-PdlC-B5-20170816,1,1397475,Rhododendron ferrugineum,64.914406
CBN-PdlC-B5-20170816,2,1722440,Sesleria albicans,62.463333
CBN-PdlC-B5-20170816,3,1393874,Myoporum laetum,62.298210
CBN-PdlC-B5-20170906,1,1397475,Rhododendron ferrugineum,64.336983
CBN-PdlC-B5-20170906,2,1394911,Primula integrifolia,62.251545
CBN-PdlC-B5-20170906,3,1395807,Salix herbacea,61.953594
CBN-PdlC-B5-20180702,1,1397475,Rhododendron ferrugineum,64.751190
CBN-PdlC-B5-20180702,2,1396253,Sibbaldia procumbens,61.101917
CBN-PdlC-B5-20180702,3,1395190,Rhododendron hirsutum,59.018906
CBN-PdlC-B5-20180723,1,1397475,Rhododendron ferrugineum,65.004425
CBN-PdlC-B5-20180723,2,1395807,Salix herbacea,62.447083
CBN-PdlC-B5-20180723,3,1394655,Poa badensis,61.865414
CBN-PdlC-B5-20180815,1,1397475,Rhododendron ferrugineum,64.294075
CBN-PdlC-B5-20180815,2,1392541,Gentiana brachyphylla,60.407391
CBN-PdlC-B5-20180815,3,1718504,Pontederia crassipes,60.060280
CBN-PdlC-B5-20180905,1,1397475,Rhododendron ferrugineum,63.966995
CBN-PdlC-B5-20180905,2,1392541,Gentiana brachyphylla,62.111893
CBN-PdlC-B5-20180905,3,1393874,Myoporum laetum,61.586090
CBN-PdlC-B5-20190701,1,1397475,Rhododendron ferrugineum,62.428062
CBN-PdlC-B5-20190701,2,1394911,Primula integrifolia,59.394577
CBN-PdlC-B5-20190701,3,1396253,Sibbaldia procumbens,59.099861
CBN-PdlC-B5-20190722,1,1397475,Rhododendron ferrugineum,67.091125
CBN-PdlC-B5-20190722,2,1397043,Veronica alpina,64.076988
CBN-PdlC-B5-20190722,3,1395807,Salix herbacea,62.869919
CBN-PdlC-B5-20190812,1,1392552,Gentiana nivalis,66.441917
CBN-PdlC-B5-20190812,2,1397475,Rhododendron ferrugineum,65.000267
CBN-PdlC-B5-20190812,3,1389929,Helictochloa versicolor,61.843094
CBN-PdlC-B5-20190909,1,1397475,Rhododendron ferrugineum,64.560234
CBN-PdlC-B5-20190909,2,1395000,Pyrola minor,62.205711
CBN-PdlC-B5-20190909,3,1400101,Bartsia alpina,62.002007
CBN-PdlC-B5-20200629,1,1397475,Rhododendron ferrugineum,66.072311
CBN-PdlC-B5-20200629,2,1391994,Equisetum sylvaticum,62.980160
CBN-PdlC-B5-20200629,3,1396253,Sibbaldia procumbens,61.479958
CBN-PdlC-B5-20200722,1,1397475,Rhododendron ferrugineum,63.831017
CBN-PdlC-B5-20200722,2,1396253,Sibbaldia procumbens,62.849373
CBN-PdlC-B5-20200722,3,1400101,Bartsia alpina,62.411530
CBN-PdlC-B5-20200812,1,1397475,Rhododendron ferrugineum,64.272133
CBN-PdlC-B5-20200812,2,1400101,Bartsia alpina,63.277012
CBN-PdlC-B5-20200812,3,1395807,Salix herbacea,62.735886
CBN-PdlC-B6-20130807,1,1392534,Gentiana acaulis,65.467812
CBN-PdlC-B6-20130807,2,1392535,Gentiana alpina,64.823730
CBN-PdlC-B6-20130807,3,1396253,Sibbaldia procumbens,62.865173
CBN-PdlC-B6-20130903,1,1394311,Oreochloa disticha,63.986324
CBN-PdlC-B6-20130903,2,1397475,Rhododendron ferrugineum,63.884521
CBN-PdlC-B6-20130903,3,1743474,Oreochloa elegans,62.888069
CBN-PdlC-B6-20140630,1,1392534,Gentiana acaulis,60.506836
CBN-PdlC-B6-20140630,2,1399798,Pinguicula dertosensis,59.862083
CBN-PdlC-B6-20140630,3,1361598,Luzula pilosa,59.764099
CBN-PdlC-B6-20140721,1,1396253,Sibbaldia procumbens,64.994034
CBN-PdlC-B6-20140721,2,1395807,Salix herbacea,62.831699
CBN-PdlC-B6-20140721,3,1397513,Tofieldia pusilla,61.364326
CBN-PdlC-B6-20140811,1,1396253,Sibbaldia procumbens,64.161797
CBN-PdlC-B6-20140811,2,1395807,Salix herbacea,63.944351
CBN-PdlC-B6-20140811,3,1393200,Homogyne alpina,63.457558
CBN-PdlC-B6-20140901,1,1394540,Phyteuma globulariifolium,63.930344
CBN-PdlC-B6-20140901,2,1394542,Phyteuma hemisphaericum,63.532730
CBN-PdlC-B6-20140901,3,1396253,Sibbaldia procumbens,62.297253
CBN-PdlC-B6-20150701,1,1396253,Sibbaldia procumbens,63.894928
CBN-PdlC-B6-20150701,2,1395807,Salix herbacea,63.172543
CBN-PdlC-B6-20150701,3,1390532,Salvinia molesta,62.626747
CBN-PdlC-B6-20150720,1,1396253,Sibbaldia procumbens,63.949184
CBN-PdlC-B6-20150720,2,1395807,Salix herbacea,62.998852
CBN-PdlC-B6-20150720,3,1392541,Gentiana brachyphylla,62.724205
CBN-PdlC-B6-20150810,1,1397475,Rhododendron ferrugineum,62.666012
CBN-PdlC-B6-20150810,2,1395807,Salix herbacea,62.276005
CBN-PdlC-B6-20150810,3,1362443,Dactylorhiza maculata,61.072174
CBN-PdlC-B6-20150831,1,1395807,Salix herbacea,63.709511
CBN-PdlC-B6-20150831,2,1396253,Sibbaldia procumbens,63.229305
CBN-PdlC-B6-20150831,3,1393200,Homogyne alpina,62.866474
CBN-PdlC-B6-20160705,1,1393200,Homogyne alpina,65.259293
CBN-PdlC-B6-20160705,2,1396253,Sibbaldia procumbens,64.155403
CBN-PdlC-B6-20160705,3,1395807,Salix herbacea,63.844608
CBN-PdlC-B6-20160726,1,1396253,Sibbaldia procumbens,63.231621
CBN-PdlC-B6-20160726,2,1392541,Gentiana brachyphylla,62.549706
CBN-PdlC-B6-20160726,3,1392565,Gentiana terglouensis,62.180115
CBN-PdlC-B6-20170816,1,1393200,Homogyne alpina,64.626747
CBN-PdlC-B6-20170816,2,1396253,Sibbaldia procumbens,63.799774
CBN-PdlC-B6-20170816,3,1360036,Limonium emarginatum,62.272316
CBN-PdlC-B6-20170906,1,1393200,Homogyne alpina,63.715534
CBN-PdlC-B6-20170906,2,1396253,Sibbaldia procumbens,63.377327
CBN-PdlC-B6-20170906,3,1388766,Botrychium simplex,62.866341
CBN-PdlC-B6-20180702,1,1394911,Primula integrifolia,65.518021
CBN-PdlC-B6-20180702,2,1393200,Homogyne alpina,65.132263
CBN-PdlC-B6-20180702,3,1396253,Sibbaldia procumbens,62.939651
CBN-PdlC-B6-20180723,1,1395807,Salix herbacea,63.452534
CBN-PdlC-B6-20180723,2,1398675,Sisyrinchium micranthum,61.896301
CBN-PdlC-B6-20180723,3,1396253,Sibbaldia procumbens,61.813141
CBN-PdlC-B6-20180905,1,1396253,Sibbaldia procumbens,64.722260
CBN-PdlC-B6-20180905,2,1393200,Homogyne alpina,61.960575
CBN-PdlC-B6-20180905,3,1392541,Gentiana brachyphylla,61.710243
CBN-PdlC-B6-20190701,1,1393200,Homogyne alpina,66.420494
CBN-PdlC-B6-20190701,2,1394911,Primula integrifolia,64.078354
CBN-PdlC-B6-20190701,3,1396253,Sibbaldia procumbens,62.297646
CBN-PdlC-B6-20190722,1,1393200,Homogyne alpina,65.551384
CBN-PdlC-B6-20190722,2,1396253,Sibbaldia procumbens,64.270813
CBN-PdlC-B6-20190722,3,1395807,Salix herbacea,62.321121
CBN-PdlC-B6-20190812,1,1393200,Homogyne alpina,65.362503
CBN-PdlC-B6-20190812,2,1396253,Sibbaldia procumbens,63.742867
CBN-PdlC-B6-20190812,3,1397475,Rhododendron ferrugineum,63.572441
CBN-PdlC-B6-20190909,1,1397450,Orthilia secunda,63.047695
CBN-PdlC-B6-20190909,2,1392541,Gentiana brachyphylla,63.046555
CBN-PdlC-B6-20190909,3,1395807,Salix herbacea,62.736641
CBN-PdlC-B6-20200629,1,1397475,Rhododendron ferrugineum,62.203697
CBN-PdlC-B6-20200629,2,1396253,Sibbaldia procumbens,61.456692
CBN-PdlC-B6-20200629,3,1392655,Goodyera repens,61.306305
CBN-PdlC-B6-20200722,1,1392534,Gentiana acaulis,66.738289
CBN-PdlC-B6-20200722,2,1393200,Homogyne alpina,66.024544
CBN-PdlC-B6-20200722,3,1396253,Sibbaldia procumbens,64.790367
CBN-PdlC-B6-20200812,1,1393200,Homogyne alpina,66.328117
CBN-PdlC-B6-20200812,2,1395807,Salix herbacea,62.857048
CBN-PdlC-B6-20200812,3,1396253,Sibbaldia procumbens,62.033302
CBN-PdlC-C1-20130807,1,1397500,Soldanella alpina,64.019577
CBN-PdlC-C1-20130807,2,1393708,Lysimachia nummularia,63.911339
CBN-PdlC-C1-20130807,3,1396253,Sibbaldia procumbens,61.689587
CBN-PdlC-C1-20130903,1,1393200,Homogyne alpina,67.032646
CBN-PdlC-C1-20130903,2,1396253,Sibbaldia procumbens,63.812256
CBN-PdlC-C1-20130903,3,1395807,Salix herbacea,62.192299
CBN-PdlC-C1-20140721,1,1397500,Soldanella alpina,65.873726
CBN-PdlC-C1-20140721,2,1393200,Homogyne alpina,64.298111
CBN-PdlC-C1-20140721,3,1396253,Sibbaldia procumbens,62.035099
CBN-PdlC-C1-20140811,1,1393200,Homogyne alpina,67.262070
CBN-PdlC-C1-20140811,2,1360748,Hydrocotyle vulgaris,63.404541
CBN-PdlC-C1-20140811,3,1395807,Salix herbacea,62.848961
CBN-PdlC-C1-20140901,1,1393200,Homogyne alpina,65.625450
CBN-PdlC-C1-20140901,2,1396253,Sibbaldia procumbens,62.810726
CBN-PdlC-C1-20140901,3,1397043,Veronica alpina,61.835159
CBN-PdlC-C1-20150701,1,1397500,Soldanella alpina,67.039864
CBN-PdlC-C1-20150701,2,1393200,Homogyne alpina,65.873154
CBN-PdlC-C1-20150701,3,1391697,Dianthus hyssopifolius,62.116810
CBN-PdlC-C1-20150720,1,1393200,Homogyne alpina,66.196304
CBN-PdlC-C1-20150720,2,1396253,Sibbaldia procumbens,64.388084
CBN-PdlC-C1-20150720,3,1412857,Omalotheca supina,63.257271
CBN-PdlC-C1-20150810,1,1393200,Homogyne alpina,67.714279
CBN-PdlC-C1-20150810,2,1395807,Salix herbacea,63.647758
CBN-PdlC-C1-20150810,3,1396253,Sibbaldia procumbens,62.998268
CBN-PdlC-C1-20150831,1,1393200,Homogyne alpina,66.507698
CBN-PdlC-C1-20150831,2,1742053,Omalotheca hoppeana,66.113144
CBN-PdlC-C1-20150831,3,1396253,Sibbaldia procumbens,64.474937
CBN-PdlC-C1-20160705,1,1393200,Homogyne alpina,66.151054
CBN-PdlC-C1-20160705,2,1396253,Sibbaldia procumbens,63.740913
CBN-PdlC-C1-20160705,3,1397500,Soldanella alpina,62.426552
CBN-PdlC-C1-20160726,1,1393200,Homogyne alpina,64.815613
CBN-PdlC-C1-20160726,2,1396253,Sibbaldia procumbens,64.684906
CBN-PdlC-C1-20160726,3,1361367,Poa alpina,64.518417
CBN-PdlC-C1-20170816,1,1393200,Homogyne alpina,66.977463
CBN-PdlC-C1-20170816,2,1392534,Gentiana acaulis,64.092445
CBN-PdlC-C1-20170816,3,1396253,Sibbaldia procumbens,63.614208
CBN-PdlC-C1-20170906,1,1396253,Sibbaldia procumbens,63.823467
CBN-PdlC-C1-20170906,2,1361347,Nardus stricta,60.172318
CBN-PdlC-C1-20170906,3,1390532,Salvinia molesta,59.357941
CBN-PdlC-C1-20180723,1,1393200,Homogyne alpina,67.363373
CBN-PdlC-C1-20180723,2,1396253,Sibbaldia procumbens,63.506382
CBN-PdlC-C1-20180723,3,1393708,Lysimachia nummularia,61.844032
CBN-PdlC-C1-20180815,1,1393200,Homogyne alpina,63.429398
CBN-PdlC-C1-20180815,2,1395870,Salix retusa,60.213959
CBN-PdlC-C1-20180815,3,1396253,Sibbaldia procumbens,60.116249
CBN-PdlC-C1-20180905,1,1393200,Homogyne alpina,66.275528
CBN-PdlC-C1-20180905,2,1396253,Sibbaldia procumbens,64.516434
CBN-PdlC-C1-20180905,3,1395807,Salix herbacea,61.002686
CBN-PdlC-C1-20190701,1,1359750,Oxalis acetosella,61.373966
CBN-PdlC-C1-20190701,2,1356228,Cymodocea nodosa,60.016140
CBN-PdlC-C1-20190701,3,1394643,Antennaria dioica,59.457878
CBN-PdlC-C1-20190722,1,1393200,Homogyne alpina,67.439674
CBN-PdlC-C1-20190722,2,1396253,Sibbaldia procumbens,63.557625
CBN-PdlC-C1-20190722,3,1395807,Salix herbacea,61.804710
CBN-PdlC-C1-20190812,1,1392534,Gentiana acaulis,65.346313
CBN-PdlC-C1-20190812,2,1393200,Homogyne alpina,65.026810
CBN-PdlC-C1-20190812,3,1396253,Sibbaldia procumbens,63.914894
CBN-PdlC-C1-20190909,1,1393200,Homogyne alpina,64.550049
CBN-PdlC-C1-20190909,2,1392534,Gentiana acaulis,62.784889
CBN-PdlC-C1-20190909,3,1396253,Sibbaldia procumbens,62.694511
CBN-PdlC-C1-20200722,1,1393200,Homogyne alpina,66.734650
CBN-PdlC-C1-20200722,2,1395807,Salix herbacea,62.165298
CBN-PdlC-C1-20200722,3,1396253,Sibbaldia procumbens,60.903240
CBN-PdlC-C1-20200812,1,1392534,Gentiana acaulis,67.057640
CBN-PdlC-C1-20200812,2,1393200,Homogyne alpina,66.717049
CBN-PdlC-C1-20200812,3,1362482,Phleum alpinum,63.630939
CBN-PdlC-C2-20130903,1,1412857,Omalotheca supina,66.731285
CBN-PdlC-C2-20130903,2,1742053,Omalotheca hoppeana,65.892197
CBN-PdlC-C2-20130903,3,1397043,Veronica alpina,63.398178
CBN-PdlC-C2-20140721,1,1396144,Sedum alpestre,65.414810
CBN-PdlC-C2-20140721,2,1412857,Omalotheca supina,63.659088
CBN-PdlC-C2-20140721,3,1396253,Sibbaldia procumbens,63.186115
CBN-PdlC-C2-20140811,1,1392535,Gentiana alpina,67.204124
CBN-PdlC-C2-20140811,2,1742053,Omalotheca hoppeana,65.873344
CBN-PdlC-C2-20140811,3,1396144,Sedum alpestre,65.817680
CBN-PdlC-C2-20140901,1,1412857,Omalotheca supina,66.373650
CBN-PdlC-C2-20140901,2,1742053,Omalotheca hoppeana,66.194427
CBN-PdlC-C2-20140901,3,1392535,Gentiana alpina,65.449684
CBN-PdlC-C2-20150701,1,1393200,Homogyne alpina,67.339401
CBN-PdlC-C2-20150701,2,1396144,Sedum alpestre,64.543526
CBN-PdlC-C2-20150701,3,1412857,Omalotheca supina,63.746147
CBN-PdlC-C2-20150720,1,1412857,Omalotheca supina,65.402145
CBN-PdlC-C2-20150720,2,1742053,Omalotheca hoppeana,63.957386
CBN-PdlC-C2-20150720,3,1396144,Sedum alpestre,63.103268
CBN-PdlC-C2-20150810,1,1742053,Omalotheca hoppeana,65.932442
CBN-PdlC-C2-20150810,2,1412857,Omalotheca supina,65.208206
CBN-PdlC-C2-20150810,3,1396144,Sedum alpestre,63.632561
CBN-PdlC-C2-20150831,1,1396144,Sedum alpestre,65.816956
CBN-PdlC-C2-20150831,2,1412857,Omalotheca supina,65.808075
CBN-PdlC-C2-20150831,3,1742053,Omalotheca hoppeana,65.770500
CBN-PdlC-C2-20160705,1,1396144,Sedum alpestre,65.978127
CBN-PdlC-C2-20160705,2,1412857,Omalotheca supina,64.393974
CBN-PdlC-C2-20160705,3,1396253,Sibbaldia procumbens,62.282959
CBN-PdlC-C2-20160726,1,1393200,Homogyne alpina,67.478500
CBN-PdlC-C2-20160726,2,1392535,Gentiana alpina,66.601997
CBN-PdlC-C2-20160726,3,1392534,Gentiana acaulis,66.055656
CBN-PdlC-C2-20170816,1,1392541,Gentiana brachyphylla,66.288460
CBN-PdlC-C2-20170816,2,1393200,Homogyne alpina,64.866722
CBN-PdlC-C2-20170816,3,1412857,Omalotheca supina,64.780258
CBN-PdlC-C2-20170906,1,1392534,Gentiana acaulis,66.085304
CBN-PdlC-C2-20170906,2,1396253,Sibbaldia procumbens,64.442795
CBN-PdlC-C2-20170906,3,1412857,Omalotheca supina,64.362442
CBN-PdlC-C2-20180723,1,1393200,Homogyne alpina,68.229660
CBN-PdlC-C2-20180723,2,1412857,Omalotheca supina,62.725723
CBN-PdlC-C2-20180723,3,1741880,Salix serpillifolia,62.145416
CBN-PdlC-C2-20180815,1,1412857,Omalotheca supina,64.200272
CBN-PdlC-C2-20180815,2,1392534,Gentiana acaulis,62.128342
CBN-PdlC-C2-20180815,3,1395807,Salix herbacea,61.548969
CBN-PdlC-C2-20180905,1,1393200,Homogyne alpina,68.070839
CBN-PdlC-C2-20180905,2,1412857,Omalotheca supina,65.845932
CBN-PdlC-C2-20180905,3,1392534,Gentiana acaulis,64.735725
CBN-PdlC-C2-20190701,1,1390532,Salvinia molesta,59.956764
CBN-PdlC-C2-20190701,2,1389475,Potamogeton schweinfurthii,59.018970
CBN-PdlC-C2-20190701,3,1400721,Salvinia auriculata,57.341339
CBN-PdlC-C2-20190722,1,1393200,Homogyne alpina,66.551529
CBN-PdlC-C2-20190722,2,1412857,Omalotheca supina,64.408676
CBN-PdlC-C2-20190722,3,1392535,Gentiana alpina,64.286064
CBN-PdlC-C2-20190812,1,1392534,Gentiana acaulis,64.505974
CBN-PdlC-C2-20190812,2,1396253,Sibbaldia procumbens,64.417534
CBN-PdlC-C2-20190812,3,1392535,Gentiana alpina,64.031898
CBN-PdlC-C2-20190909,1,1412857,Omalotheca supina,64.032501
CBN-PdlC-C2-20190909,2,1742053,Omalotheca hoppeana,63.538090
CBN-PdlC-C2-20190909,3,1392535,Gentiana alpina,62.963058
CBN-PdlC-C2-20200722,1,1412857,Omalotheca supina,64.301193
CBN-PdlC-C2-20200722,2,1393200,Homogyne alpina,63.143860
CBN-PdlC-C2-20200722,3,1392541,Gentiana brachyphylla,62.806713
CBN-PdlC-C2-20200812,1,1394911,Primula integrifolia,64.872055
CBN-PdlC-C2-20200812,2,1412857,Omalotheca supina,64.566322
CBN-PdlC-C2-20200812,3,1392534,Gentiana acaulis,64.111191
CBN-PdlC-C3-20130807,1,1396253,Sibbaldia procumbens,64.421913
CBN-PdlC-C3-20130807,2,1364066,Veronica serpyllifolia,60.916172
CBN-PdlC-C3-20130807,3,1397123,Viola biflora,60.655144
CBN-PdlC-C3-20130903,1,1412857,Omalotheca supina,63.775932
CBN-PdlC-C3-20130903,2,1395870,Salix retusa,63.144135
CBN-PdlC-C3-20130903,3,1742053,Omalotheca hoppeana,63.016411
CBN-PdlC-C3-20140721,1,1396253,Sibbaldia procumbens,62.634613
CBN-PdlC-C3-20140721,2,1390793,Carex curvula,61.362270
CBN-PdlC-C3-20140721,3,1392541,Gentiana brachyphylla,61.337074
CBN-PdlC-C3-20140811,1,1412857,Omalotheca supina,64.369637
CBN-PdlC-C3-20140811,2,1395807,Salix herbacea,63.579159
CBN-PdlC-C3-20140811,3,1391092,Cerastium tomentosum,63.516331
CBN-PdlC-C3-20140901,1,1390793,Carex curvula,63.906311
CBN-PdlC-C3-20140901,2,1396253,Sibbaldia procumbens,63.159828
CBN-PdlC-C3-20140901,3,1361367,Poa alpina,62.487206
CBN-PdlC-C3-20150701,1,1392541,Gentiana brachyphylla,62.607452
CBN-PdlC-C3-20150701,2,1396253,Sibbaldia procumbens,61.473248
CBN-PdlC-C3-20150701,3,1394911,Primula integrifolia,61.385735
CBN-PdlC-C3-20150720,1,1361367,Poa alpina,63.261890
CBN-PdlC-C3-20150720,2,1397430,Luzula sylvatica,63.091675
CBN-PdlC-C3-20150720,3,1396253,Sibbaldia procumbens,62.862885
CBN-PdlC-C3-20150831,1,1396253,Sibbaldia procumbens,63.750557
CBN-PdlC-C3-20150831,2,1394311,Oreochloa disticha,62.078545
CBN-PdlC-C3-20150831,3,1392541,Gentiana brachyphylla,62.042183
CBN-PdlC-C3-20160705,1,1396253,Sibbaldia procumbens,64.484085
CBN-PdlC-C3-20160705,2,1361347,Nardus stricta,63.785675
CBN-PdlC-C3-20160705,3,1412857,Omalotheca supina,63.432209
CBN-PdlC-C3-20160726,1,1393660,Luzula alpinopilosa,66.663948
CBN-PdlC-C3-20160726,2,1397043,Veronica alpina,65.162773
CBN-PdlC-C3-20160726,3,1393659,Luzula alpina,64.678864
CBN-PdlC-C3-20170816,1,1392534,Gentiana acaulis,64.959671
CBN-PdlC-C3-20170816,2,1396253,Sibbaldia procumbens,64.201920
CBN-PdlC-C3-20170816,3,1392541,Gentiana brachyphylla,63.130684
CBN-PdlC-C3-20170906,1,1396253,Sibbaldia procumbens,63.851410
CBN-PdlC-C3-20170906,2,1395807,Salix herbacea,61.218784
CBN-PdlC-C3-20170906,3,1517350,Phalacrocarpum oppositifolium,59.500626
CBN-PdlC-C3-20180723,1,1396253,Sibbaldia procumbens,64.102058
CBN-PdlC-C3-20180723,2,1741880,Salix serpillifolia,61.727161
CBN-PdlC-C3-20180723,3,1363543,Stenotaphrum secundatum,61.608635
CBN-PdlC-C3-20180815,1,1396253,Sibbaldia procumbens,63.764297
CBN-PdlC-C3-20180815,2,1392541,Gentiana brachyphylla,62.230049
CBN-PdlC-C3-20180815,3,1394911,Primula integrifolia,61.672279
CBN-PdlC-C3-20180905,1,1396253,Sibbaldia procumbens,64.445015
CBN-PdlC-C3-20180905,2,1397386,Festuca scabriculmis,62.332226
CBN-PdlC-C3-20180905,3,1392534,Gentiana acaulis,62.155529
CBN-PdlC-C3-20190701,1,1356228,Cymodocea nodosa,60.243752
CBN-PdlC-C3-20190701,2,1392541,Gentiana brachyphylla,59.663658
CBN-PdlC-C3-20190701,3,1393966,Noccaea corymbosa,59.284885
CBN-PdlC-C3-20190722,1,1361598,Luzula pilosa,65.281586
CBN-PdlC-C3-20190722,2,1396253,Sibbaldia procumbens,64.504189
CBN-PdlC-C3-20190722,3,1393200,Homogyne alpina,64.029144
CBN-PdlC-C3-20190812,1,1395807,Salix herbacea,59.607300
CBN-PdlC-C3-20190812,2,1361594,Luzula forsteri,58.858044
CBN-PdlC-C3-20190812,3,1363534,Ehrharta calycina,58.740471
CBN-PdlC-C3-20190909,1,1396253,Sibbaldia procumbens,63.620716
CBN-PdlC-C3-20190909,2,1395807,Salix herbacea,62.821426
CBN-PdlC-C3-20190909,3,1363441,Briza minor,62.289047
CBN-PdlC-C3-20200722,1,1393660,Luzula alpinopilosa,63.356354
CBN-PdlC-C3-20200722,2,1396253,Sibbaldia procumbens,63.353050
CBN-PdlC-C3-20200722,3,1393659,Luzula alpina,62.991940
CBN-PdlC-C3-20200812,1,1396253,Sibbaldia procumbens,63.470779
CBN-PdlC-C3-20200812,2,1393660,Luzula alpinopilosa,62.851391
CBN-PdlC-C3-20200812,3,1395807,Salix herbacea,62.470718
CBN-PdlC-C4-20130807,1,1359750,Oxalis acetosella,61.965176
CBN-PdlC-C4-20130807,2,1395807,Salix herbacea,61.148338
CBN-PdlC-C4-20130807,3,1364066,Veronica serpyllifolia,60.929665
CBN-PdlC-C4-20130903,1,1393200,Homogyne alpina,65.640678
CBN-PdlC-C4-20130903,2,1390953,Carpobrotus acinaciformis,62.571262
CBN-PdlC-C4-20130903,3,1395807,Salix herbacea,62.405201
CBN-PdlC-C4-20140721,1,1396253,Sibbaldia procumbens,61.407890
CBN-PdlC-C4-20140721,2,1390811,Carex ericetorum,61.246151
CBN-PdlC-C4-20140721,3,1390793,Carex curvula,60.434361
CBN-PdlC-C4-20140811,1,1395807,Salix herbacea,63.511383
CBN-PdlC-C4-20140811,2,1393200,Homogyne alpina,62.586979
CBN-PdlC-C4-20140811,3,1741905,Potentilla brauneana,62.109859
CBN-PdlC-C4-20140901,1,1361367,Poa alpina,63.717865
CBN-PdlC-C4-20140901,2,1392608,Geum montanum,63.341728
CBN-PdlC-C4-20140901,3,1396253,Sibbaldia procumbens,62.890186
CBN-PdlC-C4-20150701,1,1356359,Asplenium septentrionale,61.294807
CBN-PdlC-C4-20150701,2,1361367,Poa alpina,60.786976
CBN-PdlC-C4-20150701,3,1390793,Carex curvula,60.189278
CBN-PdlC-C4-20150720,1,1396253,Sibbaldia procumbens,62.891685
CBN-PdlC-C4-20150720,2,1397043,Veronica alpina,62.742126
CBN-PdlC-C4-20150720,3,1532190,Carex rorulenta,62.426117
CBN-PdlC-C4-20150831,1,1396253,Sibbaldia procumbens,62.789028
CBN-PdlC-C4-20150831,2,1395807,Salix herbacea,62.602074
CBN-PdlC-C4-20150831,3,1394311,Oreochloa disticha,61.090351
CBN-PdlC-C4-20160705,1,1390793,Carex curvula,62.717735
CBN-PdlC-C4-20160705,2,1737701,Kalmia procumbens,61.177422
CBN-PdlC-C4-20160705,3,1395807,Salix herbacea,60.818779
CBN-PdlC-C4-20160726,1,1397043,Veronica alpina,62.449577
CBN-PdlC-C4-20160726,2,1395807,Salix herbacea,61.204315
CBN-PdlC-C4-20160726,3,1393708,Lysimachia nummularia,60.774048
CBN-PdlC-C4-20170816,1,1395807,Salix herbacea,64.373154
CBN-PdlC-C4-20170816,2,1395862,Salix pyrenaica,60.771828
CBN-PdlC-C4-20170816,3,1388766,Botrychium simplex,60.502350
CBN-PdlC-C4-20170906,1,1393200,Homogyne alpina,66.139694
CBN-PdlC-C4-20170906,2,1396253,Sibbaldia procumbens,63.744011
CBN-PdlC-C4-20170906,3,1495503,Tuberaria globulariifolia,62.158360
CBN-PdlC-C4-20180723,1,1393200,Homogyne alpina,65.259781
CBN-PdlC-C4-20180723,2,1393708,Lysimachia nummularia,62.618877
CBN-PdlC-C4-20180723,3,1395870,Salix retusa,62.079437
CBN-PdlC-C4-20180815,1,1396253,Sibbaldia procumbens,63.850441
CBN-PdlC-C4-20180815,2,1532190,Carex rorulenta,59.661598
CBN-PdlC-C4-20180815,3,1363543,Stenotaphrum secundatum,59.588837
CBN-PdlC-C4-20180905,1,1395807,Salix herbacea,63.116608
CBN-PdlC-C4-20180905,2,1394911,Primula integrifolia,60.197552
CBN-PdlC-C4-20180905,3,1364066,Veronica serpyllifolia,60.058350
CBN-PdlC-C4-20190701,1,1363595,Phleum pratense,61.355061
CBN-PdlC-C4-20190701,2,1743359,Narthecium reverchonii,59.438755
CBN-PdlC-C4-20190701,3,1392397,Gagea fragifera,58.547150
CBN-PdlC-C4-20190722,1,1396253,Sibbaldia procumbens,62.778496
CBN-PdlC-C4-20190722,2,1395807,Salix herbacea,61.818420
CBN-PdlC-C4-20190722,3,1399474,Arisarum proboscideum,61.313560
CBN-PdlC-C4-20190812,1,1393200,Homogyne alpina,63.824940
CBN-PdlC-C4-20190812,2,1397043,Veronica alpina,62.720917
CBN-PdlC-C4-20190812,3,1396253,Sibbaldia procumbens,62.525200
CBN-PdlC-C4-20190909,1,1393200,Homogyne alpina,64.918411
CBN-PdlC-C4-20190909,2,1395807,Salix herbacea,62.318512
CBN-PdlC-C4-20190909,3,1395870,Salix retusa,62.285023
CBN-PdlC-C4-20200722,1,1393660,Luzula alpinopilosa,63.132233
CBN-PdlC-C4-20200722,2,1397430,Luzula sylvatica,62.339172
CBN-PdlC-C4-20200722,3,1364066,Veronica serpyllifolia,61.570675
CBN-PdlC-C4-20200812,1,1396253,Sibbaldia procumbens,63.715233
CBN-PdlC-C4-20200812,2,1395807,Salix herbacea,62.837452
CBN-PdlC-C4-20200812,3,1395870,Salix retusa,62.507576
CBN-PdlC-C5-20130807,1,1394311,Oreochloa disticha,63.301388
CBN-PdlC-C5-20130807,2,1396253,Sibbaldia procumbens,62.380001
CBN-PdlC-C5-20130807,3,1395807,Salix herbacea,62.231831
CBN-PdlC-C5-20130903,1,1394311,Oreochloa disticha,62.463066
CBN-PdlC-C5-20130903,2,1396253,Sibbaldia procumbens,62.052467
CBN-PdlC-C5-20130903,3,1389815,Rumex induratus,61.324158
CBN-PdlC-C5-20140721,1,1396253,Sibbaldia procumbens,63.962925
CBN-PdlC-C5-20140721,2,1364066,Veronica serpyllifolia,62.353912
CBN-PdlC-C5-20140721,3,1393708,Lysimachia nummularia,60.915852
CBN-PdlC-C5-20140811,1,1397043,Veronica alpina,64.989334
CBN-PdlC-C5-20140811,2,1397465,Polygala alpina,64.774460
CBN-PdlC-C5-20140811,3,1395807,Salix herbacea,64.145554
CBN-PdlC-C5-20140901,1,1396253,Sibbaldia procumbens,64.952576
CBN-PdlC-C5-20140901,2,1397043,Veronica alpina,63.462524
CBN-PdlC-C5-20140901,3,1718504,Pontederia crassipes,62.441757
CBN-PdlC-C5-20150701,1,1396253,Sibbaldia procumbens,61.722099
CBN-PdlC-C5-20150701,2,1390793,Carex curvula,60.063717
CBN-PdlC-C5-20150701,3,1363543,Stenotaphrum secundatum,59.819221
CBN-PdlC-C5-20150720,1,1396253,Sibbaldia procumbens,65.009109
CBN-PdlC-C5-20150720,2,1390899,Carex pyrenaica,64.885590
CBN-PdlC-C5-20150720,3,1392608,Geum montanum,64.295959
CBN-PdlC-C5-20150810,1,1743456,Carex macrostylos,63.224373
CBN-PdlC-C5-20150810,2,1390793,Carex curvula,63.025932
CBN-PdlC-C5-20150810,3,1392608,Geum montanum,62.950363
CBN-PdlC-C5-20150831,1,1396253,Sibbaldia procumbens,64.123230
CBN-PdlC-C5-20150831,2,1394311,Oreochloa disticha,62.797058
CBN-PdlC-C5-20150831,3,1397043,Veronica alpina,62.193897
CBN-PdlC-C5-20160705,1,1396253,Sibbaldia procumbens,64.517151
CBN-PdlC-C5-20160705,2,1390793,Carex curvula,63.961601
CBN-PdlC-C5-20160705,3,1390899,Carex pyrenaica,62.257118
CBN-PdlC-C5-20160726,1,1397043,Veronica alpina,64.007957
CBN-PdlC-C5-20160726,2,1396253,Sibbaldia procumbens,63.828026
CBN-PdlC-C5-20160726,3,1395807,Salix herbacea,63.426804
CBN-PdlC-C5-20170816,1,1396253,Sibbaldia procumbens,64.480255
CBN-PdlC-C5-20170816,2,1395807,Salix herbacea,63.190933
CBN-PdlC-C5-20170816,3,1392608,Geum montanum,61.775215
CBN-PdlC-C5-20170906,1,1396253,Sibbaldia procumbens,64.584488
CBN-PdlC-C5-20170906,2,1392608,Geum montanum,64.141113
CBN-PdlC-C5-20170906,3,1395807,Salix herbacea,61.472824
CBN-PdlC-C5-20180723,1,1396253,Sibbaldia procumbens,63.564816
CBN-PdlC-C5-20180723,2,1741880,Salix serpillifolia,62.195126
CBN-PdlC-C5-20180723,3,1394311,Oreochloa disticha,61.806725
CBN-PdlC-C5-20180815,1,1396253,Sibbaldia procumbens,62.544029
CBN-PdlC-C5-20180815,2,1392241,Alchemilla pentaphyllea,60.529613
CBN-PdlC-C5-20180815,3,1394311,Oreochloa disticha,60.258251
CBN-PdlC-C5-20180905,1,1396253,Sibbaldia procumbens,65.207466
CBN-PdlC-C5-20180905,2,1395807,Salix herbacea,60.652706
CBN-PdlC-C5-20180905,3,1397043,Veronica alpina,60.388721
CBN-PdlC-C5-20190701,1,1609716,Epilobium komarovianum,61.236141
CBN-PdlC-C5-20190701,2,1393224,Hydrocotyle bonariensis,60.466152
CBN-PdlC-C5-20190701,3,1394597,Pinguicula corsica,59.992638
CBN-PdlC-C5-20190722,1,1396253,Sibbaldia procumbens,64.535378
CBN-PdlC-C5-20190722,2,1390793,Carex curvula,64.266602
CBN-PdlC-C5-20190722,3,1392608,Geum montanum,64.038811
CBN-PdlC-C5-20190812,1,1392608,Geum montanum,64.207840
CBN-PdlC-C5-20190812,2,1396253,Sibbaldia procumbens,63.805096
CBN-PdlC-C5-20190812,3,1395807,Salix herbacea,62.592491
CBN-PdlC-C5-20190909,1,1396253,Sibbaldia procumbens,64.857819
CBN-PdlC-C5-20190909,2,1395807,Salix herbacea,63.721046
CBN-PdlC-C5-20190909,3,1392608,Geum montanum,63.502430
CBN-PdlC-C5-20200722,1,1396253,Sibbaldia procumbens,63.608681
CBN-PdlC-C5-20200722,2,1397043,Veronica alpina,63.387466
CBN-PdlC-C5-20200722,3,1394311,Oreochloa disticha,63.070675
CBN-PdlC-C5-20200812,1,1396253,Sibbaldia procumbens,63.894547
CBN-PdlC-C5-20200812,2,1395807,Salix herbacea,62.376106
CBN-PdlC-C5-20200812,3,1392608,Geum montanum,61.822575
CBN-PdlC-C6-20130807,1,1396253,Sibbaldia procumbens,63.107021
CBN-PdlC-C6-20130807,2,1392608,Geum montanum,61.728954
CBN-PdlC-C6-20130807,3,1394311,Oreochloa disticha,61.214027
CBN-PdlC-C6-20130903,1,1396253,Sibbaldia procumbens,64.772598
CBN-PdlC-C6-20130903,2,1397043,Veronica alpina,63.939629
CBN-PdlC-C6-20130903,3,1394311,Oreochloa disticha,62.920544
CBN-PdlC-C6-20140721,1,1396253,Sibbaldia procumbens,64.682022
CBN-PdlC-C6-20140721,2,1392608,Geum montanum,64.262810
CBN-PdlC-C6-20140721,3,1390793,Carex curvula,63.009995
CBN-PdlC-C6-20140811,1,1360748,Hydrocotyle vulgaris,65.718460
CBN-PdlC-C6-20140811,2,1392608,Geum montanum,63.266617
CBN-PdlC-C6-20140811,3,1395807,Salix herbacea,63.059402
CBN-PdlC-C6-20140901,1,1396253,Sibbaldia procumbens,64.309219
CBN-PdlC-C6-20140901,2,1361367,Poa alpina,63.730209
CBN-PdlC-C6-20140901,3,1393200,Homogyne alpina,61.602592
CBN-PdlC-C6-20150701,1,1393200,Homogyne alpina,66.905975
CBN-PdlC-C6-20150701,2,1396253,Sibbaldia procumbens,64.232170
CBN-PdlC-C6-20150701,3,1397279,Alchemilla alpina,61.663040
CBN-PdlC-C6-20150720,1,1393200,Homogyne alpina,65.245766
CBN-PdlC-C6-20150720,2,1390793,Carex curvula,64.600960
CBN-PdlC-C6-20150720,3,1396253,Sibbaldia procumbens,63.944450
CBN-PdlC-C6-20150810,1,1396253,Sibbaldia procumbens,64.300667
CBN-PdlC-C6-20150810,2,1393200,Homogyne alpina,63.696129
CBN-PdlC-C6-20150810,3,1390899,Carex pyrenaica,63.570053
CBN-PdlC-C6-20150831,1,1393200,Homogyne alpina,65.565849
CBN-PdlC-C6-20150831,2,1396253,Sibbaldia procumbens,63.909714
CBN-PdlC-C6-20150831,3,1390899,Carex pyrenaica,63.611599
CBN-PdlC-C6-20160705,1,1396253,Sibbaldia procumbens,64.982857
CBN-PdlC-C6-20160705,2,1393200,Homogyne alpina,64.775070
CBN-PdlC-C6-20160705,3,1392608,Geum montanum,64.662979
CBN-PdlC-C6-20160726,1,1393200,Homogyne alpina,64.741600
CBN-PdlC-C6-20160726,2,1396253,Sibbaldia procumbens,64.230499
CBN-PdlC-C6-20160726,3,1397043,Veronica alpina,63.490566
CBN-PdlC-C6-20170816,1,1393200,Homogyne alpina,67.958908
CBN-PdlC-C6-20170816,2,1396253,Sibbaldia procumbens,64.579781
CBN-PdlC-C6-20170816,3,1362482,Phleum alpinum,62.971466
CBN-PdlC-C6-20170906,1,1395807,Salix herbacea,62.118793
CBN-PdlC-C6-20170906,2,1356278,Trifolium fragiferum,61.753571
CBN-PdlC-C6-20170906,3,1396253,Sibbaldia procumbens,61.639351
CBN-PdlC-C6-20180723,1,1393200,Homogyne alpina,67.207710
CBN-PdlC-C6-20180723,2,1396253,Sibbaldia procumbens,63.405617
CBN-PdlC-C6-20180723,3,1393708,Lysimachia nummularia,61.645828
CBN-PdlC-C6-20180815,1,1393200,Homogyne alpina,63.028648
CBN-PdlC-C6-20180815,2,1362482,Phleum alpinum,62.010460
CBN-PdlC-C6-20180815,3,1396253,Sibbaldia procumbens,61.997749
CBN-PdlC-C6-20180905,1,1393200,Homogyne alpina,65.353668
CBN-PdlC-C6-20180905,2,1396253,Sibbaldia procumbens,63.958126
CBN-PdlC-C6-20180905,3,1395807,Salix herbacea,61.733910
CBN-PdlC-C6-20190701,1,1393200,Homogyne alpina,67.183319
CBN-PdlC-C6-20190701,2,1392612,Geum reptans,58.758358
CBN-PdlC-C6-20190701,3,1390777,Carex brevicollis,58.673508
CBN-PdlC-C6-20190722,1,1392608,Geum montanum,65.861145
CBN-PdlC-C6-20190722,2,1393200,Homogyne alpina,65.522522
CBN-PdlC-C6-20190722,3,1396253,Sibbaldia procumbens,64.645210
CBN-PdlC-C6-20190812,1,1393200,Homogyne alpina,64.143562
CBN-PdlC-C6-20190812,2,1396253,Sibbaldia procumbens,63.853569
CBN-PdlC-C6-20190812,3,1392608,Geum montanum,63.687382
CBN-PdlC-C6-20190909,1,1393200,Homogyne alpina,66.810097
CBN-PdlC-C6-20190909,2,1396253,Sibbaldia procumbens,65.086693
CBN-PdlC-C6-20190909,3,1362482,Phleum alpinum,64.204155
CBN-PdlC-C6-20200722,1,1396253,Sibbaldia procumbens,65.043854
CBN-PdlC-C6-20200722,2,1392608,Geum montanum,64.299065
CBN-PdlC-C6-20200722,3,1393200,Homogyne alpina,62.747627
CBN-PdlC-C6-20200812,1,1396253,Sibbaldia procumbens,64.896141
CBN-PdlC-C6-20200812,2,1392114,Alchemilla flabellata,63.551525
CBN-PdlC-C6-20200812,3,1392608,Geum montanum,62.069626
CBN-PdlC-D1-20130807,1,1396253,Sibbaldia procumbens,64.484245
CBN-PdlC-D1-20130807,2,1397353,Claytonia perfoliata,63.528511
CBN-PdlC-D1-20130807,3,1393708,Lysimachia nummularia,62.823013
CBN-PdlC-D1-20130903,1,1396253,Sibbaldia procumbens,64.388817
CBN-PdlC-D1-20130903,2,1395807,Salix herbacea,63.167976
CBN-PdlC-D1-20130903,3,1390899,Carex pyrenaica,62.862309
CBN-PdlC-D1-20140721,1,1396253,Sibbaldia procumbens,64.366127
CBN-PdlC-D1-20140721,2,1392541,Gentiana brachyphylla,62.790184
CBN-PdlC-D1-20140721,3,1394911,Primula integrifolia,62.185822
CBN-PdlC-D1-20140811,1,1396253,Sibbaldia procumbens,63.831184
CBN-PdlC-D1-20140811,2,1395807,Salix herbacea,63.089146
CBN-PdlC-D1-20140811,3,1393200,Homogyne alpina,62.916771
CBN-PdlC-D1-20140901,1,1412857,Omalotheca supina,64.499969
CBN-PdlC-D1-20140901,2,1396253,Sibbaldia procumbens,64.268547
CBN-PdlC-D1-20140901,3,1742053,Omalotheca hoppeana,64.106110
CBN-PdlC-D1-20150701,1,1396253,Sibbaldia procumbens,64.121063
CBN-PdlC-D1-20150701,2,1392241,Alchemilla pentaphyllea,61.696949
CBN-PdlC-D1-20150701,3,1418688,Arctous alpina,59.642475
CBN-PdlC-D1-20150720,1,1392534,Gentiana acaulis,66.114334
CBN-PdlC-D1-20150720,2,1396253,Sibbaldia procumbens,65.824677
CBN-PdlC-D1-20150720,3,1392535,Gentiana alpina,64.412102
CBN-PdlC-D1-20150810,1,1396253,Sibbaldia procumbens,66.452637
CBN-PdlC-D1-20150810,2,1392534,Gentiana acaulis,66.385605
CBN-PdlC-D1-20150810,3,1392535,Gentiana alpina,64.083557
CBN-PdlC-D1-20150831,1,1396253,Sibbaldia procumbens,66.373207
CBN-PdlC-D1-20150831,2,1392534,Gentiana acaulis,65.707161
CBN-PdlC-D1-20150831,3,1392561,Gentiana pyrenaica,64.509659
CBN-PdlC-D1-20160705,1,1396253,Sibbaldia procumbens,65.126884
CBN-PdlC-D1-20160705,2,1363543,Stenotaphrum secundatum,60.849751
CBN-PdlC-D1-20160705,3,1741880,Salix serpillifolia,60.434811
CBN-PdlC-D1-20160726,1,1396253,Sibbaldia procumbens,64.427467
CBN-PdlC-D1-20160726,2,1392534,Gentiana acaulis,63.994686
CBN-PdlC-D1-20160726,3,1392535,Gentiana alpina,63.017193
CBN-PdlC-D1-20170816,1,1396253,Sibbaldia procumbens,65.174194
CBN-PdlC-D1-20170816,2,1395807,Salix herbacea,62.757408
CBN-PdlC-D1-20170816,3,1412857,Omalotheca supina,61.843758
CBN-PdlC-D1-20170906,1,1396253,Sibbaldia procumbens,64.183250
CBN-PdlC-D1-20170906,2,1361367,Poa alpina,62.615685
CBN-PdlC-D1-20170906,3,1395807,Salix herbacea,60.567005
CBN-PdlC-D1-20180723,1,1396253,Sibbaldia procumbens,63.947628
CBN-PdlC-D1-20180723,2,1393200,Homogyne alpina,62.710140
CBN-PdlC-D1-20180723,3,1395807,Salix herbacea,61.467854
CBN-PdlC-D1-20180815,1,1396253,Sibbaldia procumbens,63.693859
CBN-PdlC-D1-20180815,2,1395807,Salix herbacea,60.686783
CBN-PdlC-D1-20180815,3,1395870,Salix retusa,60.216709
CBN-PdlC-D1-20180905,1,1742053,Omalotheca hoppeana,66.912071
CBN-PdlC-D1-20180905,2,1396253,Sibbaldia procumbens,64.800537
CBN-PdlC-D1-20180905,3,1412857,Omalotheca supina,63.838295
CBN-PdlC-D1-20190701,1,1396253,Sibbaldia procumbens,64.484398
CBN-PdlC-D1-20190701,2,1741880,Salix serpillifolia,60.023964
CBN-PdlC-D1-20190701,3,1364066,Veronica serpyllifolia,59.400162
CBN-PdlC-D1-20190722,1,1393200,Homogyne alpina,66.124123
CBN-PdlC-D1-20190722,2,1396253,Sibbaldia procumbens,65.469788
CBN-PdlC-D1-20190722,3,1395807,Salix herbacea,62.532928
CBN-PdlC-D1-20190812,1,1396253,Sibbaldia procumbens,64.857689
CBN-PdlC-D1-20190812,2,1395807,Salix herbacea,63.117599
CBN-PdlC-D1-20190812,3,1392534,Gentiana acaulis,62.869446
CBN-PdlC-D1-20190909,1,1396253,Sibbaldia procumbens,64.469116
CBN-PdlC-D1-20190909,2,1412857,Omalotheca supina,62.316277
CBN-PdlC-D1-20190909,3,1742053,Omalotheca hoppeana,62.305088
CBN-PdlC-D1-20200722,1,1392534,Gentiana acaulis,65.389183
CBN-PdlC-D1-20200722,2,1396253,Sibbaldia procumbens,65.279594
CBN-PdlC-D1-20200722,3,1392535,Gentiana alpina,64.826591
CBN-PdlC-D1-20200812,1,1392534,Gentiana acaulis,65.629799
CBN-PdlC-D1-20200812,2,1396253,Sibbaldia procumbens,65.374756
CBN-PdlC-D1-20200812,3,1392535,Gentiana alpina,64.193268
CBN-PdlC-D2-20130807,1,1393619,Logfia minima,65.124802
CBN-PdlC-D2-20130807,2,1394643,Antennaria dioica,64.694237
CBN-PdlC-D2-20130807,3,1396253,Sibbaldia procumbens,64.614578
CBN-PdlC-D2-20130903,1,1412857,Omalotheca supina,64.823952
CBN-PdlC-D2-20130903,2,1396253,Sibbaldia procumbens,63.847412
CBN-PdlC-D2-20130903,3,1394643,Antennaria dioica,63.721649
CBN-PdlC-D2-20140721,1,1396253,Sibbaldia procumbens,64.498222
CBN-PdlC-D2-20140721,2,1394643,Antennaria dioica,63.590542
CBN-PdlC-D2-20140721,3,1361057,Carex halleriana,62.638546
CBN-PdlC-D2-20140811,1,1412857,Omalotheca supina,65.383591
CBN-PdlC-D2-20140811,2,1396253,Sibbaldia procumbens,65.244003
CBN-PdlC-D2-20140811,3,1394311,Oreochloa disticha,63.648308
CBN-PdlC-D2-20140901,1,1742053,Omalotheca hoppeana,66.179955
CBN-PdlC-D2-20140901,2,1396253,Sibbaldia procumbens,65.112312
CBN-PdlC-D2-20140901,3,1394643,Antennaria dioica,64.796173
CBN-PdlC-D2-20150720,1,1392535,Gentiana alpina,65.536911
CBN-PdlC-D2-20150720,2,1396253,Sibbaldia procumbens,65.344437
CBN-PdlC-D2-20150720,3,1392534,Gentiana acaulis,64.679848
CBN-PdlC-D2-20150810,1,1742053,Omalotheca hoppeana,65.744385
CBN-PdlC-D2-20150810,2,1412857,Omalotheca supina,64.113075
CBN-PdlC-D2-20150810,3,1396253,Sibbaldia procumbens,63.904045
CBN-PdlC-D2-20150831,1,1412857,Omalotheca supina,65.354431
CBN-PdlC-D2-20150831,2,1742053,Omalotheca hoppeana,65.027740
CBN-PdlC-D2-20150831,3,1396253,Sibbaldia procumbens,63.939445
CBN-PdlC-D2-20160705,1,1396253,Sibbaldia procumbens,65.082977
CBN-PdlC-D2-20160705,2,1412857,Omalotheca supina,63.443878
CBN-PdlC-D2-20160705,3,1394643,Antennaria dioica,62.371178
CBN-PdlC-D2-20160726,1,1392535,Gentiana alpina,66.047890
CBN-PdlC-D2-20160726,2,1392534,Gentiana acaulis,65.171783
CBN-PdlC-D2-20160726,3,1396253,Sibbaldia procumbens,64.917870
CBN-PdlC-D2-20170816,1,1647677,Alopecurus gerardii,66.730904
CBN-PdlC-D2-20170816,2,1742053,Omalotheca hoppeana,64.495804
CBN-PdlC-D2-20170816,3,1412857,Omalotheca supina,64.341949
CBN-PdlC-D2-20170906,1,1412857,Omalotheca supina,64.767380
CBN-PdlC-D2-20170906,2,1396253,Sibbaldia procumbens,64.418320
CBN-PdlC-D2-20170906,3,1742053,Omalotheca hoppeana,63.276604
CBN-PdlC-D2-20180723,1,1396253,Sibbaldia procumbens,64.773300
CBN-PdlC-D2-20180723,2,1394643,Antennaria dioica,64.754097
CBN-PdlC-D2-20180723,3,1396144,Sedum alpestre,63.006828
CBN-PdlC-D2-20180815,1,1394643,Antennaria dioica,63.680412
CBN-PdlC-D2-20180815,2,1396253,Sibbaldia procumbens,63.503803
CBN-PdlC-D2-20180815,3,1412857,Omalotheca supina,62.401188
CBN-PdlC-D2-20180905,1,1396253,Sibbaldia procumbens,64.850662
CBN-PdlC-D2-20180905,2,1412857,Omalotheca supina,64.475487
CBN-PdlC-D2-20180905,3,1742053,Omalotheca hoppeana,63.973320
CBN-PdlC-D2-20190701,1,1412857,Omalotheca supina,61.337654
CBN-PdlC-D2-20190701,2,1390532,Salvinia molesta,61.298134
CBN-PdlC-D2-20190701,3,1396253,Sibbaldia procumbens,60.333927
CBN-PdlC-D2-20190722,1,1396253,Sibbaldia procumbens,64.479752
CBN-PdlC-D2-20190722,2,1394643,Antennaria dioica,63.619644
CBN-PdlC-D2-20190722,3,1412857,Omalotheca supina,63.607582
CBN-PdlC-D2-20190812,1,1396253,Sibbaldia procumbens,64.965904
CBN-PdlC-D2-20190812,2,1412857,Omalotheca supina,63.762894
CBN-PdlC-D2-20190812,3,1742053,Omalotheca hoppeana,62.965988
CBN-PdlC-D2-20190909,1,1394643,Antennaria dioica,64.139053
CBN-PdlC-D2-20190909,2,1396253,Sibbaldia procumbens,64.065979
CBN-PdlC-D2-20190909,3,1742053,Omalotheca hoppeana,63.349480
CBN-PdlC-D2-20200722,1,1396253,Sibbaldia procumbens,64.203850
CBN-PdlC-D2-20200722,2,1395807,Salix herbacea,63.364109
CBN-PdlC-D2-20200722,3,1394643,Antennaria dioica,62.177578
CBN-PdlC-D2-20200812,1,1742053,Omalotheca hoppeana,66.534302
CBN-PdlC-D2-20200812,2,1396253,Sibbaldia procumbens,63.878262
CBN-PdlC-D2-20200812,3,1394643,Antennaria dioica,63.666092
CBN-PdlC-D3-20130807,1,1388766,Botrychium simplex,63.556931
CBN-PdlC-D3-20130807,2,1396253,Sibbaldia procumbens,63.276012
CBN-PdlC-D3-20130807,3,1413349,Armeria maritima,63.229527
CBN-PdlC-D3-20130903,1,1647128,Armeria alpina,64.487488
CBN-PdlC-D3-20130903,2,1647187,Armeria welwitschii,64.399895
CBN-PdlC-D3-20130903,3,1412857,Omalotheca supina,64.163979
CBN-PdlC-D3-20140721,1,1390793,Carex curvula,64.137840
CBN-PdlC-D3-20140721,2,1647156,Armeria humilis,62.498955
CBN-PdlC-D3-20140721,3,1413349,Armeria maritima,62.321690
CBN-PdlC-D3-20140811,1,1412857,Omalotheca supina,64.967224
CBN-PdlC-D3-20140811,2,1742053,Omalotheca hoppeana,63.970024
CBN-PdlC-D3-20140811,3,1413349,Armeria maritima,63.603062
CBN-PdlC-D3-20140901,1,1396253,Sibbaldia procumbens,64.418640
CBN-PdlC-D3-20140901,2,1412857,Omalotheca supina,63.998066
CBN-PdlC-D3-20140901,3,1397129,Viola calcarata,63.340446
CBN-PdlC-D3-20150701,1,1396253,Sibbaldia procumbens,63.248917
CBN-PdlC-D3-20150701,2,1394643,Antennaria dioica,62.533257
CBN-PdlC-D3-20150701,3,1396441,Armeria ruscinonensis,61.976929
CBN-PdlC-D3-20150720,1,1392534,Gentiana acaulis,67.596176
CBN-PdlC-D3-20150720,2,1392535,Gentiana alpina,66.240402
CBN-PdlC-D3-20150720,3,1390793,Carex curvula,64.433815
CBN-PdlC-D3-20150831,1,1394311,Oreochloa disticha,66.472435
CBN-PdlC-D3-20150831,2,1392534,Gentiana acaulis,66.075539
CBN-PdlC-D3-20150831,3,1742053,Omalotheca hoppeana,65.793732
CBN-PdlC-D3-20160705,1,1647156,Armeria humilis,64.710022
CBN-PdlC-D3-20160705,2,1358097,Sedum andegavense,64.095062
CBN-PdlC-D3-20160705,3,1529289,Sedum pedicellatum,63.889900
CBN-PdlC-D3-20160726,1,1392534,Gentiana acaulis,65.449181
CBN-PdlC-D3-20160726,2,1744479,Armeria bigerrensis,65.281235
CBN-PdlC-D3-20160726,3,1647156,Armeria humilis,65.085472
CBN-PdlC-D3-20170816,1,1412857,Omalotheca supina,63.809692
CBN-PdlC-D3-20170816,2,1647170,Armeria pubigera,63.290257
CBN-PdlC-D3-20170816,3,1647187,Armeria welwitschii,63.286133
CBN-PdlC-D3-20170906,1,1413349,Armeria maritima,63.562874
CBN-PdlC-D3-20170906,2,1396253,Sibbaldia procumbens,63.310619
CBN-PdlC-D3-20170906,3,1392534,Gentiana acaulis,62.703011
CBN-PdlC-D3-20180723,1,1744479,Armeria bigerrensis,66.212158
CBN-PdlC-D3-20180723,2,1393200,Homogyne alpina,64.593132
CBN-PdlC-D3-20180723,3,1743393,Armeria pungens,64.039627
CBN-PdlC-D3-20180815,1,1394643,Antennaria dioica,62.409374
CBN-PdlC-D3-20180815,2,1412857,Omalotheca supina,62.205376
CBN-PdlC-D3-20180815,3,1396253,Sibbaldia procumbens,61.537354
CBN-PdlC-D3-20180905,1,1742053,Omalotheca hoppeana,64.767296
CBN-PdlC-D3-20180905,2,1412857,Omalotheca supina,64.416733
CBN-PdlC-D3-20180905,3,1396253,Sibbaldia procumbens,64.026726
CBN-PdlC-D3-20190701,1,1399798,Pinguicula dertosensis,64.432892
CBN-PdlC-D3-20190701,2,1744294,Pinguicula casperiana,63.291855
CBN-PdlC-D3-20190701,3,1390532,Salvinia molesta,61.272808
CBN-PdlC-D3-20190722,1,1744479,Armeria bigerrensis,64.173660
CBN-PdlC-D3-20190722,2,1647128,Armeria alpina,64.033020
CBN-PdlC-D3-20190722,3,1413349,Armeria maritima,63.438004
CBN-PdlC-D3-20190812,1,1413349,Armeria maritima,64.540794
CBN-PdlC-D3-20190812,2,1744479,Armeria bigerrensis,63.605892
CBN-PdlC-D3-20190812,3,1396253,Sibbaldia procumbens,63.551537
CBN-PdlC-D3-20190909,1,1742053,Omalotheca hoppeana,66.677353
CBN-PdlC-D3-20190909,2,1744479,Armeria bigerrensis,65.107735
CBN-PdlC-D3-20190909,3,1412857,Omalotheca supina,64.763588
CBN-PdlC-D3-20200722,1,1392535,Gentiana alpina,65.834000
CBN-PdlC-D3-20200722,2,1393200,Homogyne alpina,64.942802
CBN-PdlC-D3-20200722,3,1392534,Gentiana acaulis,64.772247
CBN-PdlC-D3-20200812,1,1392534,Gentiana acaulis,64.522636
CBN-PdlC-D3-20200812,2,1647128,Armeria alpina,64.432770
CBN-PdlC-D3-20200812,3,1744479,Armeria bigerrensis,64.288795
CBN-PdlC-D4-20130807,1,1396253,Sibbaldia procumbens,64.048660
CBN-PdlC-D4-20130807,2,1647128,Armeria alpina,62.733109
CBN-PdlC-D4-20130807,3,1744479,Armeria bigerrensis,62.705910
CBN-PdlC-D4-20130903,1,1396253,Sibbaldia procumbens,64.132980
CBN-PdlC-D4-20130903,2,1742053,Omalotheca hoppeana,63.947498
CBN-PdlC-D4-20130903,3,1647128,Armeria alpina,63.759510
CBN-PdlC-D4-20140721,1,1396253,Sibbaldia procumbens,64.593170
CBN-PdlC-D4-20140721,2,1391363,Corydalis intermedia,64.480827
CBN-PdlC-D4-20140721,3,1392352,Filago tyrrhenica,61.735081
CBN-PdlC-D4-20140811,1,1392535,Gentiana alpina,65.211815
CBN-PdlC-D4-20140811,2,1412857,Omalotheca supina,64.541420
CBN-PdlC-D4-20140811,3,1392534,Gentiana acaulis,64.152756
CBN-PdlC-D4-20140901,1,1396253,Sibbaldia procumbens,65.561615
CBN-PdlC-D4-20140901,2,1412857,Omalotheca supina,64.215256
CBN-PdlC-D4-20140901,3,1742053,Omalotheca hoppeana,63.767124
CBN-PdlC-D4-20150701,1,1396253,Sibbaldia procumbens,63.795540
CBN-PdlC-D4-20150701,2,1361367,Poa alpina,61.735840
CBN-PdlC-D4-20150701,3,1394643,Antennaria dioica,61.644119
CBN-PdlC-D4-20150720,1,1396253,Sibbaldia procumbens,65.187553
CBN-PdlC-D4-20150720,2,1393584,Linaria alpina,65.027138
CBN-PdlC-D4-20150720,3,1392534,Gentiana acaulis,64.809196
CBN-PdlC-D4-20150831,1,1742053,Omalotheca hoppeana,65.126396
CBN-PdlC-D4-20150831,2,1396253,Sibbaldia procumbens,64.508766
CBN-PdlC-D4-20150831,3,1412857,Omalotheca supina,64.382874
CBN-PdlC-D4-20160705,1,1396253,Sibbaldia procumbens,65.218018
CBN-PdlC-D4-20160705,2,1412857,Omalotheca supina,63.204613
CBN-PdlC-D4-20160705,3,1647156,Armeria humilis,62.352829
CBN-PdlC-D4-20160726,1,1396253,Sibbaldia procumbens,64.939636
CBN-PdlC-D4-20160726,2,1392534,Gentiana acaulis,63.971344
CBN-PdlC-D4-20160726,3,1392535,Gentiana alpina,63.366409
CBN-PdlC-D4-20170816,1,1396253,Sibbaldia procumbens,65.073402
CBN-PdlC-D4-20170816,2,1412857,Omalotheca supina,63.873779
CBN-PdlC-D4-20170816,3,1395870,Salix retusa,62.316742
CBN-PdlC-D4-20170906,1,1396253,Sibbaldia procumbens,64.446609
CBN-PdlC-D4-20170906,2,1393567,Limonium normannicum,63.328251
CBN-PdlC-D4-20170906,3,1743977,Limonium auriculifolium,60.421143
CBN-PdlC-D4-20180723,1,1396253,Sibbaldia procumbens,64.753944
CBN-PdlC-D4-20180723,2,1394643,Antennaria dioica,62.625938
CBN-PdlC-D4-20180723,3,1395807,Salix herbacea,61.443932
CBN-PdlC-D4-20180815,1,1396253,Sibbaldia procumbens,64.150703
CBN-PdlC-D4-20180815,2,1741880,Salix serpillifolia,62.136497
CBN-PdlC-D4-20180815,3,1742053,Omalotheca hoppeana,61.325764
CBN-PdlC-D4-20180905,1,1396253,Sibbaldia procumbens,65.010139
CBN-PdlC-D4-20180905,2,1412857,Omalotheca supina,64.095055
CBN-PdlC-D4-20180905,3,1742053,Omalotheca hoppeana,62.587646
CBN-PdlC-D4-20190701,1,1397279,Alchemilla alpina,59.923088
CBN-PdlC-D4-20190701,2,1396253,Sibbaldia procumbens,59.099739
CBN-PdlC-D4-20190701,3,1392655,Goodyera repens,58.660549
CBN-PdlC-D4-20190722,1,1396253,Sibbaldia procumbens,65.159531
CBN-PdlC-D4-20190722,2,1395807,Salix herbacea,62.196209
CBN-PdlC-D4-20190722,3,1400101,Bartsia alpina,61.644398
CBN-PdlC-D4-20190812,1,1412857,Omalotheca supina,65.221680
CBN-PdlC-D4-20190812,2,1396253,Sibbaldia procumbens,65.194862
CBN-PdlC-D4-20190812,3,1742053,Omalotheca hoppeana,63.432701
CBN-PdlC-D4-20190909,1,1396253,Sibbaldia procumbens,64.707634
CBN-PdlC-D4-20190909,2,1395807,Salix herbacea,63.046791
CBN-PdlC-D4-20190909,3,1742053,Omalotheca hoppeana,61.608540
CBN-PdlC-D4-20200722,1,1396253,Sibbaldia procumbens,64.384026
CBN-PdlC-D4-20200722,2,1392535,Gentiana alpina,64.045601
CBN-PdlC-D4-20200722,3,1394643,Antennaria dioica,63.257263
CBN-PdlC-D4-20200812,1,1742053,Omalotheca hoppeana,67.160614
CBN-PdlC-D4-20200812,2,1396253,Sibbaldia procumbens,64.711746
CBN-PdlC-D4-20200812,3,1395807,Salix herbacea,63.242828
CBN-PdlC-D5-20130807,1,1396253,Sibbaldia procumbens,63.483494
CBN-PdlC-D5-20130807,2,1393708,Lysimachia nummularia,61.689068
CBN-PdlC-D5-20130807,3,1395807,Salix herbacea,60.550953
CBN-PdlC-D5-20130903,1,1395807,Salix herbacea,62.992107
CBN-PdlC-D5-20130903,2,1395870,Salix retusa,61.481789
CBN-PdlC-D5-20130903,3,1396838,Trichophorum cespitosum,60.258476
CBN-PdlC-D5-20140721,1,1396253,Sibbaldia procumbens,62.613663
CBN-PdlC-D5-20140721,2,1392608,Geum montanum,62.251015
CBN-PdlC-D5-20140721,3,1360299,Geum sylvaticum,59.999401
CBN-PdlC-D5-20140811,1,1395807,Salix herbacea,63.713642
CBN-PdlC-D5-20140811,2,1396253,Sibbaldia procumbens,61.833378
CBN-PdlC-D5-20140811,3,1392541,Gentiana brachyphylla,61.341736
CBN-PdlC-D5-20140901,1,1357652,Hyoseris radiata,61.585510
CBN-PdlC-D5-20140901,2,1394311,Oreochloa disticha,61.456669
CBN-PdlC-D5-20140901,3,1361367,Poa alpina,61.191086
CBN-PdlC-D5-20150701,1,1396253,Sibbaldia procumbens,61.189423
CBN-PdlC-D5-20150701,2,1742053,Omalotheca hoppeana,60.982460
CBN-PdlC-D5-20150701,3,1361367,Poa alpina,59.374855
CBN-PdlC-D5-20150720,1,1396253,Sibbaldia procumbens,64.483986
CBN-PdlC-D5-20150720,2,1397043,Veronica alpina,62.810883
CBN-PdlC-D5-20150720,3,1394311,Oreochloa disticha,62.804432
CBN-PdlC-D5-20150810,1,1396253,Sibbaldia procumbens,63.917496
CBN-PdlC-D5-20150810,2,1395807,Salix herbacea,63.295227
CBN-PdlC-D5-20150810,3,1395870,Salix retusa,60.457951
CBN-PdlC-D5-20150831,1,1389929,Helictochloa versicolor,64.658493
CBN-PdlC-D5-20150831,2,1395807,Salix herbacea,63.206535
CBN-PdlC-D5-20150831,3,1396253,Sibbaldia procumbens,62.900116
CBN-PdlC-D5-20160705,1,1394911,Primula integrifolia,63.397434
CBN-PdlC-D5-20160705,2,1392608,Geum montanum,63.091473
CBN-PdlC-D5-20160705,3,1396253,Sibbaldia procumbens,62.958961
CBN-PdlC-D5-20160726,1,1392608,Geum montanum,64.074120
CBN-PdlC-D5-20160726,2,1397043,Veronica alpina,63.992893
CBN-PdlC-D5-20160726,3,1356704,Myosotis decumbens,62.883316
CBN-PdlC-D5-20170816,1,1361367,Poa alpina,64.406265
CBN-PdlC-D5-20170816,2,1392608,Geum montanum,63.428902
CBN-PdlC-D5-20170816,3,1396253,Sibbaldia procumbens,63.138435
CBN-PdlC-D5-20170906,1,1396253,Sibbaldia procumbens,61.768276
CBN-PdlC-D5-20170906,2,1395807,Salix herbacea,61.533531
CBN-PdlC-D5-20170906,3,1360130,Rumex lunaria,60.381004
CBN-PdlC-D5-20180723,1,1400101,Bartsia alpina,64.224312
CBN-PdlC-D5-20180723,2,1392608,Geum montanum,63.560730
CBN-PdlC-D5-20180723,3,1395807,Salix herbacea,60.933468
CBN-PdlC-D5-20180815,1,1392608,Geum montanum,64.100716
CBN-PdlC-D5-20180815,2,1395870,Salix retusa,61.175671
CBN-PdlC-D5-20180815,3,1400101,Bartsia alpina,61.101875
CBN-PdlC-D5-20180905,1,1396253,Sibbaldia procumbens,64.422714
CBN-PdlC-D5-20180905,2,1395807,Salix herbacea,61.617760
CBN-PdlC-D5-20180905,3,1392608,Geum montanum,60.042931
CBN-PdlC-D5-20190701,1,1394911,Primula integrifolia,60.933788
CBN-PdlC-D5-20190701,2,1392655,Goodyera repens,60.183128
CBN-PdlC-D5-20190701,3,1363133,Triglochin striata,58.937328
CBN-PdlC-D5-20190722,1,1392534,Gentiana acaulis,64.231590
CBN-PdlC-D5-20190722,2,1392535,Gentiana alpina,63.428658
CBN-PdlC-D5-20190722,3,1396253,Sibbaldia procumbens,62.437901
CBN-PdlC-D5-20190812,1,1392534,Gentiana acaulis,64.800560
CBN-PdlC-D5-20190812,2,1395870,Salix retusa,63.518536
CBN-PdlC-D5-20190812,3,1392608,Geum montanum,63.375610
CBN-PdlC-D5-20190909,1,1395807,Salix herbacea,63.219780
CBN-PdlC-D5-20190909,2,1396253,Sibbaldia procumbens,63.168377
CBN-PdlC-D5-20190909,3,1395000,Pyrola minor,63.041042
CBN-PdlC-D5-20200722,1,1395807,Salix herbacea,61.828827
CBN-PdlC-D5-20200722,2,1392534,Gentiana acaulis,61.402126
CBN-PdlC-D5-20200722,3,1356362,Asplenium viride,61.360451
CBN-PdlC-D5-20200812,1,1392608,Geum montanum,63.996841
CBN-PdlC-D5-20200812,2,1395807,Salix herbacea,62.840443
CBN-PdlC-D5-20200812,3,1396253,Sibbaldia procumbens,62.647018
CBN-PdlC-D6-20130807,1,1396253,Sibbaldia procumbens,63.110912
CBN-PdlC-D6-20130807,2,1393708,Lysimachia nummularia,62.827675
CBN-PdlC-D6-20130807,3,1395807,Salix herbacea,61.539494
CBN-PdlC-D6-20130903,1,1397043,Veronica alpina,63.773956
CBN-PdlC-D6-20130903,2,1395807,Salix herbacea,62.774338
CBN-PdlC-D6-20130903,3,1396253,Sibbaldia procumbens,62.774250
CBN-PdlC-D6-20140721,1,1396253,Sibbaldia procumbens,64.615181
CBN-PdlC-D6-20140721,2,1412857,Omalotheca supina,62.721474
CBN-PdlC-D6-20140721,3,1388890,Lysimachia maritima,61.027496
CBN-PdlC-D6-20140811,1,1397043,Veronica alpina,65.608826
CBN-PdlC-D6-20140811,2,1395807,Salix herbacea,63.007725
CBN-PdlC-D6-20140811,3,1394311,Oreochloa disticha,63.004234
CBN-PdlC-D6-20140901,1,1412857,Omalotheca supina,64.536369
CBN-PdlC-D6-20140901,2,1396253,Sibbaldia procumbens,64.016296
CBN-PdlC-D6-20140901,3,1397043,Veronica alpina,63.742676
CBN-PdlC-D6-20150701,1,1396253,Sibbaldia procumbens,63.168739
CBN-PdlC-D6-20150701,2,1393009,Aloe brevifolia,60.749550
CBN-PdlC-D6-20150701,3,1393020,Aloe humilis,60.558697
CBN-PdlC-D6-20150720,1,1396253,Sibbaldia procumbens,64.552811
CBN-PdlC-D6-20150720,2,1395807,Salix herbacea,63.037235
CBN-PdlC-D6-20150720,3,1362738,Filago asterisciflora,61.920856
CBN-PdlC-D6-20150810,1,1389929,Helictochloa versicolor,64.318932
CBN-PdlC-D6-20150810,2,1396253,Sibbaldia procumbens,63.758213
CBN-PdlC-D6-20150810,3,1395807,Salix herbacea,63.237549
CBN-PdlC-D6-20150831,1,1393494,Leucanthemopsis alpina,65.175720
CBN-PdlC-D6-20150831,2,1742053,Omalotheca hoppeana,64.816528
CBN-PdlC-D6-20150831,3,1395807,Salix herbacea,63.918446
CBN-PdlC-D6-20160705,1,1396253,Sibbaldia procumbens,64.979256
CBN-PdlC-D6-20160705,2,1390761,Carex arenaria,61.467865
CBN-PdlC-D6-20160705,3,1396754,Thesium alpinum,59.757172
CBN-PdlC-D6-20160726,1,1412857,Omalotheca supina,64.158302
CBN-PdlC-D6-20160726,2,1397043,Veronica alpina,63.628216
CBN-PdlC-D6-20160726,3,1396253,Sibbaldia procumbens,63.605988
CBN-PdlC-D6-20170816,1,1393494,Leucanthemopsis alpina,65.857811
CBN-PdlC-D6-20170816,2,1394311,Oreochloa disticha,64.591835
CBN-PdlC-D6-20170816,3,1412857,Omalotheca supina,64.351669
CBN-PdlC-D6-20170906,1,1412857,Omalotheca supina,62.845139
CBN-PdlC-D6-20170906,2,1397468,Primula pedemontana,61.774284
CBN-PdlC-D6-20170906,3,1395807,Salix herbacea,61.704201
CBN-PdlC-D6-20180723,1,1396253,Sibbaldia procumbens,64.078140
CBN-PdlC-D6-20180723,2,1395807,Salix herbacea,61.180916
CBN-PdlC-D6-20180723,3,1393708,Lysimachia nummularia,60.597130
CBN-PdlC-D6-20180815,1,1396253,Sibbaldia procumbens,63.464527
CBN-PdlC-D6-20180815,2,1393679,Luzula lutea,62.394772
CBN-PdlC-D6-20180815,3,1395807,Salix herbacea,61.262463
CBN-PdlC-D6-20180905,1,1396253,Sibbaldia procumbens,64.114151
CBN-PdlC-D6-20180905,2,1412857,Omalotheca supina,62.291740
CBN-PdlC-D6-20180905,3,1395807,Salix herbacea,61.872753
CBN-PdlC-D6-20190701,1,1392522,Genista pulchella,59.261482
CBN-PdlC-D6-20190701,2,1486725,Cylindropuntia kleiniae,59.106125
CBN-PdlC-D6-20190701,3,1395949,Saxifraga bryoides,58.471382
CBN-PdlC-D6-20190722,1,1397043,Veronica alpina,64.944557
CBN-PdlC-D6-20190722,2,1394311,Oreochloa disticha,64.611275
CBN-PdlC-D6-20190722,3,1397046,Veronica bellidioides,63.589439
CBN-PdlC-D6-20190812,1,1396253,Sibbaldia procumbens,64.383842
CBN-PdlC-D6-20190812,2,1397043,Veronica alpina,64.055237
CBN-PdlC-D6-20190812,3,1395807,Salix herbacea,62.778564
CBN-PdlC-D6-20190909,1,1396253,Sibbaldia procumbens,65.684143
CBN-PdlC-D6-20190909,2,1393660,Luzula alpinopilosa,63.851074
CBN-PdlC-D6-20190909,3,1394655,Poa badensis,63.300476
CBN-PdlC-D6-20200722,1,1397043,Veronica alpina,65.126335
CBN-PdlC-D6-20200722,2,1743474,Oreochloa elegans,64.461189
CBN-PdlC-D6-20200722,3,1394311,Oreochloa disticha,64.281982
CBN-PdlC-D6-20200812,1,1396253,Sibbaldia procumbens,63.654274
CBN-PdlC-D6-20200812,2,1362482,Phleum alpinum,62.797913
CBN-PdlC-D6-20200812,3,1395870,Salix retusa,61.785404
CBN-PdlC-E1-20130723,1,1396253,Sibbaldia procumbens,64.098206
CBN-PdlC-E1-20130723,2,1396144,Sedum alpestre,62.347164
CBN-PdlC-E1-20130723,3,1392541,Gentiana brachyphylla,62.031624
CBN-PdlC-E1-20130807,1,1396253,Sibbaldia procumbens,64.433449
CBN-PdlC-E1-20130807,2,1390793,Carex curvula,62.396145
CBN-PdlC-E1-20130807,3,1392608,Geum montanum,62.268482
CBN-PdlC-E1-20130903,1,1392608,Geum montanum,64.805618
CBN-PdlC-E1-20130903,2,1396253,Sibbaldia procumbens,63.729549
CBN-PdlC-E1-20130903,3,1390793,Carex curvula,63.559944
CBN-PdlC-E1-20140630,1,1396253,Sibbaldia procumbens,62.120636
CBN-PdlC-E1-20140630,2,1394643,Antennaria dioica,62.045120
CBN-PdlC-E1-20140630,3,1392608,Geum montanum,61.991951
CBN-PdlC-E1-20140721,1,1396253,Sibbaldia procumbens,65.137909
CBN-PdlC-E1-20140721,2,1362273,Cardamine resedifolia,64.818275
CBN-PdlC-E1-20140721,3,1396144,Sedum alpestre,64.581223
CBN-PdlC-E1-20140811,1,1392535,Gentiana alpina,68.256500
CBN-PdlC-E1-20140811,2,1742053,Omalotheca hoppeana,66.035034
CBN-PdlC-E1-20140811,3,1412857,Omalotheca supina,65.480522
CBN-PdlC-E1-20140901,1,1742053,Omalotheca hoppeana,66.610260
CBN-PdlC-E1-20140901,2,1412857,Omalotheca supina,65.490128
CBN-PdlC-E1-20140901,3,1396253,Sibbaldia procumbens,64.044861
CBN-PdlC-E1-20150701,1,1392608,Geum montanum,65.884705
CBN-PdlC-E1-20150701,2,1396253,Sibbaldia procumbens,64.911911
CBN-PdlC-E1-20150701,3,1393584,Linaria alpina,64.900261
CBN-PdlC-E1-20150720,1,1392534,Gentiana acaulis,66.301743
CBN-PdlC-E1-20150720,2,1392608,Geum montanum,65.413078
CBN-PdlC-E1-20150720,3,1609716,Epilobium komarovianum,63.392769
CBN-PdlC-E1-20150810,1,1393200,Homogyne alpina,66.963272
CBN-PdlC-E1-20150810,2,1400101,Bartsia alpina,65.118248
CBN-PdlC-E1-20150810,3,1396144,Sedum alpestre,64.295319
CBN-PdlC-E1-20150831,1,1392608,Geum montanum,64.347679
CBN-PdlC-E1-20150831,2,1396253,Sibbaldia procumbens,63.241737
CBN-PdlC-E1-20150831,3,1390793,Carex curvula,63.090645
CBN-PdlC-E1-20160705,1,1396253,Sibbaldia procumbens,65.414680
CBN-PdlC-E1-20160705,2,1393584,Linaria alpina,64.800377
CBN-PdlC-E1-20160705,3,1392608,Geum montanum,64.391891
CBN-PdlC-E1-20160726,1,1396253,Sibbaldia procumbens,64.611702
CBN-PdlC-E1-20160726,2,1397450,Orthilia secunda,62.475071
CBN-PdlC-E1-20160726,3,1392608,Geum montanum,61.783905
CBN-PdlC-E1-20170816,1,1392608,Geum montanum,64.233223
CBN-PdlC-E1-20170816,2,1396253,Sibbaldia procumbens,63.736599
CBN-PdlC-E1-20170816,3,1392541,Gentiana brachyphylla,63.614193
CBN-PdlC-E1-20170906,1,1396253,Sibbaldia procumbens,64.292488
CBN-PdlC-E1-20170906,2,1392608,Geum montanum,62.949417
CBN-PdlC-E1-20170906,3,1392541,Gentiana brachyphylla,62.092739
CBN-PdlC-E1-20180702,1,1396253,Sibbaldia procumbens,64.422882
CBN-PdlC-E1-20180702,2,1392534,Gentiana acaulis,60.562614
CBN-PdlC-E1-20180702,3,1392541,Gentiana brachyphylla,60.346657
CBN-PdlC-E1-20180723,1,1396144,Sedum alpestre,65.014984
CBN-PdlC-E1-20180723,2,1392608,Geum montanum,64.362251
CBN-PdlC-E1-20180723,3,1392535,Gentiana alpina,64.308273
CBN-PdlC-E1-20180815,1,1396144,Sedum alpestre,63.696842
CBN-PdlC-E1-20180815,2,1392608,Geum montanum,62.119339
CBN-PdlC-E1-20180815,3,1392534,Gentiana acaulis,61.639755
CBN-PdlC-E1-20180905,1,1392608,Geum montanum,64.660240
CBN-PdlC-E1-20180905,2,1396253,Sibbaldia procumbens,64.118698
CBN-PdlC-E1-20180905,3,1392260,Festuca alpina,62.179520
CBN-PdlC-E1-20190701,1,1396253,Sibbaldia procumbens,62.663212
CBN-PdlC-E1-20190701,2,1356461,Adoxa moschatellina,59.966892
CBN-PdlC-E1-20190701,3,1391427,Crassula pubescens,59.436295
CBN-PdlC-E1-20190812,1,1392534,Gentiana acaulis,65.021469
CBN-PdlC-E1-20190812,2,1392608,Geum montanum,64.825668
CBN-PdlC-E1-20190812,3,1396253,Sibbaldia procumbens,64.117905
CBN-PdlC-E1-20190909,1,1412857,Omalotheca supina,63.520500
CBN-PdlC-E1-20190909,2,1395807,Salix herbacea,63.444286
CBN-PdlC-E1-20190909,3,1397386,Festuca scabriculmis,63.414146
CBN-PdlC-E1-20200629,1,1392608,Geum montanum,66.649078
CBN-PdlC-E1-20200629,2,1396253,Sibbaldia procumbens,65.081779
CBN-PdlC-E1-20200629,3,1396144,Sedum alpestre,63.750793
CBN-PdlC-E1-20200722,1,1392608,Geum montanum,67.264130
CBN-PdlC-E1-20200722,2,1394599,Pinguicula leptoceras,64.683258
CBN-PdlC-E1-20200722,3,1393584,Linaria alpina,63.290504
CBN-PdlC-E1-20200812,1,1392608,Geum montanum,65.438873
CBN-PdlC-E1-20200812,2,1743471,Festuca glacialis,62.697083
CBN-PdlC-E1-20200812,3,1390793,Carex curvula,62.469627
CBN-PdlC-E2-20130723,1,1396253,Sibbaldia procumbens,65.092155
CBN-PdlC-E2-20130723,2,1397528,Cardamine bellidifolia,63.919556
CBN-PdlC-E2-20130723,3,1393584,Linaria alpina,62.822342
CBN-PdlC-E2-20130807,1,1394599,Pinguicula leptoceras,63.778770
CBN-PdlC-E2-20130807,2,1412857,Omalotheca supina,62.710148
CBN-PdlC-E2-20130807,3,1396144,Sedum alpestre,62.431801
CBN-PdlC-E2-20130903,1,1396144,Sedum alpestre,62.474953
CBN-PdlC-E2-20130903,2,1395807,Salix herbacea,62.419731
CBN-PdlC-E2-20130903,3,1742053,Omalotheca hoppeana,61.998219
CBN-PdlC-E2-20140630,1,1396253,Sibbaldia procumbens,63.835236
CBN-PdlC-E2-20140630,2,1396144,Sedum alpestre,63.553757
CBN-PdlC-E2-20140630,3,1396145,Sedum annuum,61.647316
CBN-PdlC-E2-20140721,1,1396144,Sedum alpestre,66.724007
CBN-PdlC-E2-20140721,2,1397528,Cardamine bellidifolia,64.386917
CBN-PdlC-E2-20140721,3,1396253,Sibbaldia procumbens,63.386330
CBN-PdlC-E2-20140811,1,1396144,Sedum alpestre,67.562141
CBN-PdlC-E2-20140811,2,1392608,Geum montanum,66.603531
CBN-PdlC-E2-20140811,3,1412857,Omalotheca supina,65.366348
CBN-PdlC-E2-20140901,1,1396144,Sedum alpestre,66.028763
CBN-PdlC-E2-20140901,2,1412857,Omalotheca supina,64.527924
CBN-PdlC-E2-20140901,3,1396253,Sibbaldia procumbens,64.385101
CBN-PdlC-E2-20150720,1,1393584,Linaria alpina,66.215141
CBN-PdlC-E2-20150720,2,1396253,Sibbaldia procumbens,63.846581
CBN-PdlC-E2-20150720,3,1742053,Omalotheca hoppeana,63.347305
CBN-PdlC-E2-20150810,1,1412857,Omalotheca supina,64.539543
CBN-PdlC-E2-20150810,2,1742053,Omalotheca hoppeana,63.905499
CBN-PdlC-E2-20150810,3,1397381,Euphrasia minima,63.636108
CBN-PdlC-E2-20150831,1,1392352,Filago tyrrhenica,64.325294
CBN-PdlC-E2-20150831,2,1395807,Salix herbacea,63.388947
CBN-PdlC-E2-20150831,3,1412857,Omalotheca supina,62.201839
CBN-PdlC-E2-20160705,1,1397528,Cardamine bellidifolia,65.553329
CBN-PdlC-E2-20160705,2,1396253,Sibbaldia procumbens,65.550262
CBN-PdlC-E2-20160705,3,1393584,Linaria alpina,64.293846
CBN-PdlC-E2-20160726,1,1412857,Omalotheca supina,62.383728
CBN-PdlC-E2-20160726,2,1395807,Salix herbacea,61.794765
CBN-PdlC-E2-20160726,3,1394643,Antennaria dioica,61.186466
CBN-PdlC-E2-20170816,1,1412857,Omalotheca supina,64.269791
CBN-PdlC-E2-20170816,2,1396253,Sibbaldia procumbens,63.552078
CBN-PdlC-E2-20170816,3,1395807,Salix herbacea,62.180470
CBN-PdlC-E2-20170906,1,1396253,Sibbaldia procumbens,63.786400
CBN-PdlC-E2-20170906,2,1412857,Omalotheca supina,63.157333
CBN-PdlC-E2-20170906,3,1395807,Salix herbacea,60.918629
CBN-PdlC-E2-20180702,1,1394911,Primula integrifolia,63.926231
CBN-PdlC-E2-20180702,2,1396253,Sibbaldia procumbens,62.965397
CBN-PdlC-E2-20180702,3,1396144,Sedum alpestre,61.052635
CBN-PdlC-E2-20180723,1,1396253,Sibbaldia procumbens,63.862396
CBN-PdlC-E2-20180723,2,1392608,Geum montanum,63.131165
CBN-PdlC-E2-20180723,3,1395807,Salix herbacea,62.904942
CBN-PdlC-E2-20180815,1,1742053,Omalotheca hoppeana,65.194122
CBN-PdlC-E2-20180815,2,1412857,Omalotheca supina,63.395470
CBN-PdlC-E2-20180815,3,1395807,Salix herbacea,62.582092
CBN-PdlC-E2-20180905,1,1396253,Sibbaldia procumbens,63.877018
CBN-PdlC-E2-20180905,2,1412857,Omalotheca supina,63.623413
CBN-PdlC-E2-20180905,3,1395807,Salix herbacea,62.468285
CBN-PdlC-E2-20190701,1,1396253,Sibbaldia procumbens,62.751648
CBN-PdlC-E2-20190701,2,1394911,Primula integrifolia,61.110676
CBN-PdlC-E2-20190701,3,1392241,Alchemilla pentaphyllea,59.755104
CBN-PdlC-E2-20190812,1,1412857,Omalotheca supina,62.404266
CBN-PdlC-E2-20190812,2,1395807,Salix herbacea,62.173599
CBN-PdlC-E2-20190812,3,1400017,Armeria linkiana,61.337982
CBN-PdlC-E2-20190909,1,1396253,Sibbaldia procumbens,61.838341
CBN-PdlC-E2-20190909,2,1396144,Sedum alpestre,61.622231
CBN-PdlC-E2-20190909,3,1395807,Salix herbacea,61.226334
CBN-PdlC-E2-20200629,1,1396253,Sibbaldia procumbens,64.607437
CBN-PdlC-E2-20200629,2,1396144,Sedum alpestre,64.376572
CBN-PdlC-E2-20200629,3,1741880,Salix serpillifolia,62.334499
CBN-PdlC-E2-20200722,1,1412857,Omalotheca supina,66.135277
CBN-PdlC-E2-20200722,2,1396253,Sibbaldia procumbens,64.492157
CBN-PdlC-E2-20200722,3,1742053,Omalotheca hoppeana,64.468765
CBN-PdlC-E2-20200812,1,1396253,Sibbaldia procumbens,64.116280
CBN-PdlC-E2-20200812,2,1412857,Omalotheca supina,64.107666
CBN-PdlC-E2-20200812,3,1395807,Salix herbacea,62.647820
CBN-PdlC-E3-20130723,1,1396253,Sibbaldia procumbens,64.704781
CBN-PdlC-E3-20130723,2,1397430,Luzula sylvatica,64.563728
CBN-PdlC-E3-20130723,3,1395807,Salix herbacea,60.728615
CBN-PdlC-E3-20130807,1,1396253,Sibbaldia procumbens,63.445770
CBN-PdlC-E3-20130807,2,1651427,Festuca summilusitana,61.782684
CBN-PdlC-E3-20130807,3,1395807,Salix herbacea,60.745255
CBN-PdlC-E3-20130903,1,1395870,Salix retusa,64.369095
CBN-PdlC-E3-20130903,2,1396253,Sibbaldia procumbens,62.530659
CBN-PdlC-E3-20130903,3,1361106,Scirpoides holoschoenus,61.268295
CBN-PdlC-E3-20140630,1,1396253,Sibbaldia procumbens,61.772171
CBN-PdlC-E3-20140630,2,1361347,Nardus stricta,58.231060
CBN-PdlC-E3-20140630,3,1363133,Triglochin striata,58.006329
CBN-PdlC-E3-20140721,1,1396253,Sibbaldia procumbens,65.737679
CBN-PdlC-E3-20140721,2,1397528,Cardamine bellidifolia,63.062069
CBN-PdlC-E3-20140721,3,1395807,Salix herbacea,62.337555
CBN-PdlC-E3-20140811,1,1396253,Sibbaldia procumbens,65.029526
CBN-PdlC-E3-20140811,2,1397381,Euphrasia minima,64.108284
CBN-PdlC-E3-20140811,3,1395807,Salix herbacea,63.450943
CBN-PdlC-E3-20140901,1,1396253,Sibbaldia procumbens,63.733040
CBN-PdlC-E3-20140901,2,1360748,Hydrocotyle vulgaris,61.120872
CBN-PdlC-E3-20140901,3,1397381,Euphrasia minima,60.584206
CBN-PdlC-E3-20150701,1,1393200,Homogyne alpina,65.401047
CBN-PdlC-E3-20150701,2,1396253,Sibbaldia procumbens,64.343575
CBN-PdlC-E3-20150701,3,1397528,Cardamine bellidifolia,63.121464
CBN-PdlC-E3-20150720,1,1394311,Oreochloa disticha,62.911972
CBN-PdlC-E3-20150720,2,1396253,Sibbaldia procumbens,62.905548
CBN-PdlC-E3-20150720,3,1397430,Luzula sylvatica,62.078819
CBN-PdlC-E3-20150810,1,1396253,Sibbaldia procumbens,63.133511
CBN-PdlC-E3-20150810,2,1397381,Euphrasia minima,62.668869
CBN-PdlC-E3-20150810,3,1395807,Salix herbacea,61.812634
CBN-PdlC-E3-20150831,1,1392293,Festuca eskia,64.725548
CBN-PdlC-E3-20150831,2,1397386,Festuca scabriculmis,64.336365
CBN-PdlC-E3-20150831,3,1396253,Sibbaldia procumbens,63.132679
CBN-PdlC-E3-20160705,1,1393200,Homogyne alpina,65.865265
CBN-PdlC-E3-20160705,2,1396253,Sibbaldia procumbens,64.411301
CBN-PdlC-E3-20160705,3,1397430,Luzula sylvatica,62.851940
CBN-PdlC-E3-20160726,1,1396253,Sibbaldia procumbens,63.663574
CBN-PdlC-E3-20160726,2,1395807,Salix herbacea,62.522686
CBN-PdlC-E3-20160726,3,1397381,Euphrasia minima,61.817310
CBN-PdlC-E3-20170816,1,1396253,Sibbaldia procumbens,64.575844
CBN-PdlC-E3-20170816,2,1391427,Crassula pubescens,59.312443
CBN-PdlC-E3-20170816,3,1395807,Salix herbacea,58.171379
CBN-PdlC-E3-20170906,1,1396253,Sibbaldia procumbens,63.651192
CBN-PdlC-E3-20170906,2,1392655,Goodyera repens,60.488235
CBN-PdlC-E3-20170906,3,1396970,Vaccinium uliginosum,58.759407
CBN-PdlC-E3-20180702,1,1396253,Sibbaldia procumbens,63.683014
CBN-PdlC-E3-20180702,2,1397430,Luzula sylvatica,61.830070
CBN-PdlC-E3-20180702,3,1358624,Centaurium erythraea,61.803741
CBN-PdlC-E3-20180723,1,1392241,Alchemilla pentaphyllea,64.460098
CBN-PdlC-E3-20180723,2,1396253,Sibbaldia procumbens,63.562225
CBN-PdlC-E3-20180723,3,1395807,Salix herbacea,61.300461
CBN-PdlC-E3-20180815,1,1396253,Sibbaldia procumbens,63.118927
CBN-PdlC-E3-20180815,2,1397381,Euphrasia minima,62.149376
CBN-PdlC-E3-20180815,3,1397386,Festuca scabriculmis,61.402344
CBN-PdlC-E3-20180905,1,1396253,Sibbaldia procumbens,64.433037
CBN-PdlC-E3-20180905,2,1392534,Gentiana acaulis,61.330421
CBN-PdlC-E3-20180905,3,1356845,Dianthus cintranus,60.054649
CBN-PdlC-E3-20190701,1,1396253,Sibbaldia procumbens,63.384773
CBN-PdlC-E3-20190701,2,1393659,Luzula alpina,60.740944
CBN-PdlC-E3-20190701,3,1364066,Veronica serpyllifolia,59.901756
CBN-PdlC-E3-20190812,1,1396253,Sibbaldia procumbens,64.135193
CBN-PdlC-E3-20190812,2,1397381,Euphrasia minima,61.883144
CBN-PdlC-E3-20190812,3,1395807,Salix herbacea,61.414310
CBN-PdlC-E3-20190909,1,1392059,Eriophorum angustifolium,63.034592
CBN-PdlC-E3-20190909,2,1396253,Sibbaldia procumbens,63.031734
CBN-PdlC-E3-20190909,3,1396970,Vaccinium uliginosum,60.266201
CBN-PdlC-E3-20200629,1,1396253,Sibbaldia procumbens,64.573456
CBN-PdlC-E3-20200629,2,1393681,Luzula luzuloides,61.031895
CBN-PdlC-E3-20200629,3,1394911,Primula integrifolia,60.947342
CBN-PdlC-E3-20200722,1,1396253,Sibbaldia procumbens,65.014320
CBN-PdlC-E3-20200722,2,1395807,Salix herbacea,62.036930
CBN-PdlC-E3-20200722,3,1388766,Botrychium simplex,61.740894
CBN-PdlC-E3-20200812,1,1396253,Sibbaldia procumbens,64.450272
CBN-PdlC-E3-20200812,2,1392059,Eriophorum angustifolium,61.189579
CBN-PdlC-E3-20200812,3,1395807,Salix herbacea,60.964668
CBN-PdlC-E4-20130807,1,1396253,Sibbaldia procumbens,63.496880
CBN-PdlC-E4-20130807,2,1397513,Tofieldia pusilla,63.001656
CBN-PdlC-E4-20130807,3,1392608,Geum montanum,61.938511
CBN-PdlC-E4-20130903,1,1396253,Sibbaldia procumbens,64.721054
CBN-PdlC-E4-20130903,2,1363336,Smilax aspera,62.152340
CBN-PdlC-E4-20130903,3,1392608,Geum montanum,61.016163
CBN-PdlC-E4-20140630,1,1396253,Sibbaldia procumbens,63.640877
CBN-PdlC-E4-20140630,2,1392608,Geum montanum,58.976681
CBN-PdlC-E4-20140630,3,1395870,Salix retusa,58.321705
CBN-PdlC-E4-20140721,1,1396253,Sibbaldia procumbens,65.728905
CBN-PdlC-E4-20140721,2,1392608,Geum montanum,64.542114
CBN-PdlC-E4-20140721,3,1395807,Salix herbacea,62.052902
CBN-PdlC-E4-20140811,1,1743456,Carex macrostylos,65.354340
CBN-PdlC-E4-20140811,2,1396253,Sibbaldia procumbens,64.490784
CBN-PdlC-E4-20140811,3,1395807,Salix herbacea,64.478554
CBN-PdlC-E4-20140901,1,1396253,Sibbaldia procumbens,64.641830
CBN-PdlC-E4-20140901,2,1392608,Geum montanum,62.679970
CBN-PdlC-E4-20140901,3,1393494,Leucanthemopsis alpina,62.337608
CBN-PdlC-E4-20150701,1,1396253,Sibbaldia procumbens,64.578560
CBN-PdlC-E4-20150701,2,1392608,Geum montanum,64.417076
CBN-PdlC-E4-20150701,3,1392612,Geum reptans,62.733009
CBN-PdlC-E4-20150720,1,1396843,Trifolium alpinum,65.301300
CBN-PdlC-E4-20150720,2,1397381,Euphrasia minima,64.340164
CBN-PdlC-E4-20150720,3,1396253,Sibbaldia procumbens,64.238281
CBN-PdlC-E4-20150810,1,1396253,Sibbaldia procumbens,63.858391
CBN-PdlC-E4-20150810,2,1393200,Homogyne alpina,63.047810
CBN-PdlC-E4-20150810,3,1396843,Trifolium alpinum,62.565727
CBN-PdlC-E4-20160705,1,1396253,Sibbaldia procumbens,65.205200
CBN-PdlC-E4-20160705,2,1361592,Luzula campestris,63.157700
CBN-PdlC-E4-20160705,3,1392608,Geum montanum,62.575890
CBN-PdlC-E4-20160726,1,1396253,Sibbaldia procumbens,62.256577
CBN-PdlC-E4-20160726,2,1395807,Salix herbacea,60.591454
CBN-PdlC-E4-20160726,3,1360748,Hydrocotyle vulgaris,59.440605
CBN-PdlC-E4-20170816,1,1396253,Sibbaldia procumbens,63.117760
CBN-PdlC-E4-20170816,2,1396843,Trifolium alpinum,62.137779
CBN-PdlC-E4-20170816,3,1397279,Alchemilla alpina,59.603508
CBN-PdlC-E4-20170906,1,1396253,Sibbaldia procumbens,63.486153
CBN-PdlC-E4-20170906,2,1393494,Leucanthemopsis alpina,62.766655
CBN-PdlC-E4-20170906,3,1394643,Antennaria dioica,61.572853
CBN-PdlC-E4-20180702,1,1393200,Homogyne alpina,64.768158
CBN-PdlC-E4-20180702,2,1396253,Sibbaldia procumbens,64.063797
CBN-PdlC-E4-20180702,3,1397430,Luzula sylvatica,61.199867
CBN-PdlC-E4-20180723,1,1396253,Sibbaldia procumbens,63.377331
CBN-PdlC-E4-20180723,2,1393200,Homogyne alpina,61.809559
CBN-PdlC-E4-20180723,3,1392608,Geum montanum,61.380260
CBN-PdlC-E4-20180815,1,1396253,Sibbaldia procumbens,63.507172
CBN-PdlC-E4-20180815,2,1393494,Leucanthemopsis alpina,62.798477
CBN-PdlC-E4-20180815,3,1393659,Luzula alpina,61.141350
CBN-PdlC-E4-20180905,1,1392608,Geum montanum,63.456429
CBN-PdlC-E4-20180905,2,1396253,Sibbaldia procumbens,62.858650
CBN-PdlC-E4-20180905,3,1393494,Leucanthemopsis alpina,62.601761
CBN-PdlC-E4-20190701,1,1396253,Sibbaldia procumbens,63.315243
CBN-PdlC-E4-20190701,2,1397430,Luzula sylvatica,62.234150
CBN-PdlC-E4-20190701,3,1393659,Luzula alpina,61.356644
CBN-PdlC-E4-20190812,1,1741564,Carex aterrima,58.458305
CBN-PdlC-E4-20190812,2,1392666,Gymnadenia odoratissima,58.365509
CBN-PdlC-E4-20190812,3,1360563,Sclerophylax spinescens,57.298473
CBN-PdlC-E4-20190909,1,1392608,Geum montanum,63.401772
CBN-PdlC-E4-20190909,2,1396843,Trifolium alpinum,62.809868
CBN-PdlC-E4-20190909,3,1396253,Sibbaldia procumbens,62.512650
CBN-PdlC-E4-20200629,1,1396253,Sibbaldia procumbens,64.750053
CBN-PdlC-E4-20200629,2,1397430,Luzula sylvatica,62.110748
CBN-PdlC-E4-20200629,3,1392608,Geum montanum,61.744797
CBN-PdlC-E4-20200722,1,1396253,Sibbaldia procumbens,64.590393
CBN-PdlC-E4-20200722,2,1392608,Geum montanum,64.525192
CBN-PdlC-E4-20200722,3,1393659,Luzula alpina,63.463039
CBN-PdlC-E4-20200812,1,1396253,Sibbaldia procumbens,63.768574
CBN-PdlC-E4-20200812,2,1395807,Salix herbacea,63.435516
CBN-PdlC-E4-20200812,3,1392059,Eriophorum angustifolium,62.464024
CBN-PdlC-E5-20130723,1,1393200,Homogyne alpina,65.395447
CBN-PdlC-E5-20130723,2,1392608,Geum montanum,62.022385
CBN-PdlC-E5-20130723,3,1396253,Sibbaldia procumbens,61.040833
CBN-PdlC-E5-20130807,1,1393200,Homogyne alpina,63.435318
CBN-PdlC-E5-20130807,2,1392608,Geum montanum,63.054848
CBN-PdlC-E5-20130807,3,1393494,Leucanthemopsis alpina,61.077988
CBN-PdlC-E5-20130903,1,1392608,Geum montanum,62.637283
CBN-PdlC-E5-20130903,2,1393200,Homogyne alpina,62.524078
CBN-PdlC-E5-20130903,3,1360748,Hydrocotyle vulgaris,62.507336
CBN-PdlC-E5-20140630,1,1393200,Homogyne alpina,64.415100
CBN-PdlC-E5-20140630,2,1392608,Geum montanum,63.770222
CBN-PdlC-E5-20140630,3,1392655,Goodyera repens,61.623901
CBN-PdlC-E5-20140721,1,1392608,Geum montanum,65.504852
CBN-PdlC-E5-20140721,2,1393200,Homogyne alpina,64.938965
CBN-PdlC-E5-20140721,3,1396253,Sibbaldia procumbens,64.219559
CBN-PdlC-E5-20140811,1,1393200,Homogyne alpina,65.657555
CBN-PdlC-E5-20140811,2,1392608,Geum montanum,64.205002
CBN-PdlC-E5-20140811,3,1361367,Poa alpina,63.772125
CBN-PdlC-E5-20150720,1,1392534,Gentiana acaulis,66.011375
CBN-PdlC-E5-20150720,2,1393200,Homogyne alpina,65.616776
CBN-PdlC-E5-20150720,3,1392608,Geum montanum,65.371681
CBN-PdlC-E5-20150810,1,1396253,Sibbaldia procumbens,64.776566
CBN-PdlC-E5-20150810,2,1393200,Homogyne alpina,63.876808
CBN-PdlC-E5-20150810,3,1392608,Geum montanum,63.515144
CBN-PdlC-E5-20150831,1,1393200,Homogyne alpina,66.130623
CBN-PdlC-E5-20150831,2,1392608,Geum montanum,65.257401
CBN-PdlC-E5-20150831,3,1396253,Sibbaldia procumbens,64.737350
CBN-PdlC-E5-20160705,1,1392608,Geum montanum,65.241943
CBN-PdlC-E5-20160705,2,1393200,Homogyne alpina,64.015060
CBN-PdlC-E5-20160705,3,1396253,Sibbaldia procumbens,63.266479
CBN-PdlC-E5-20160726,1,1392608,Geum montanum,65.802628
CBN-PdlC-E5-20160726,2,1361367,Poa alpina,63.893600
CBN-PdlC-E5-20160726,3,1396253,Sibbaldia procumbens,62.610069
CBN-PdlC-E5-20170816,1,1392608,Geum montanum,64.885826
CBN-PdlC-E5-20170816,2,1396253,Sibbaldia procumbens,62.919785
CBN-PdlC-E5-20170816,3,1396843,Trifolium alpinum,61.630947
CBN-PdlC-E5-20170906,1,1393200,Homogyne alpina,66.323006
CBN-PdlC-E5-20170906,2,1392608,Geum montanum,63.546890
CBN-PdlC-E5-20170906,3,1396253,Sibbaldia procumbens,63.485237
CBN-PdlC-E5-20180702,1,1396253,Sibbaldia procumbens,64.792526
CBN-PdlC-E5-20180702,2,1397279,Alchemilla alpina,62.417015
CBN-PdlC-E5-20180702,3,1393200,Homogyne alpina,62.356606
CBN-PdlC-E5-20180723,1,1393200,Homogyne alpina,63.986717
CBN-PdlC-E5-20180723,2,1396253,Sibbaldia procumbens,63.556618
CBN-PdlC-E5-20180723,3,1396843,Trifolium alpinum,63.098549
CBN-PdlC-E5-20180815,1,1396843,Trifolium alpinum,64.147301
CBN-PdlC-E5-20180815,2,1393200,Homogyne alpina,62.940071
CBN-PdlC-E5-20180815,3,1394911,Primula integrifolia,62.755775
CBN-PdlC-E5-20180905,1,1392608,Geum montanum,63.693954
CBN-PdlC-E5-20180905,2,1396253,Sibbaldia procumbens,63.655373
CBN-PdlC-E5-20180905,3,1393200,Homogyne alpina,63.526047
CBN-PdlC-E5-20190722,1,1392608,Geum montanum,64.797691
CBN-PdlC-E5-20190722,2,1393200,Homogyne alpina,63.724346
CBN-PdlC-E5-20190722,3,1396253,Sibbaldia procumbens,63.447220
CBN-PdlC-E5-20190812,1,1392608,Geum montanum,65.035690
CBN-PdlC-E5-20190812,2,1396253,Sibbaldia procumbens,63.184341
CBN-PdlC-E5-20190812,3,1396843,Trifolium alpinum,62.642994
CBN-PdlC-E5-20190909,1,1392608,Geum montanum,65.633354
CBN-PdlC-E5-20190909,2,1396253,Sibbaldia procumbens,64.362457
CBN-PdlC-E5-20190909,3,1393200,Homogyne alpina,63.281471
CBN-PdlC-E5-20200629,1,1393200,Homogyne alpina,66.340591
CBN-PdlC-E5-20200629,2,1396253,Sibbaldia procumbens,63.837669
CBN-PdlC-E5-20200629,3,1392608,Geum montanum,63.384556
CBN-PdlC-E5-20200722,1,1396843,Trifolium alpinum,64.317245
CBN-PdlC-E5-20200722,2,1393200,Homogyne alpina,64.100151
CBN-PdlC-E5-20200722,3,1392534,Gentiana acaulis,64.003830
CBN-PdlC-E5-20200812,1,1392608,Geum montanum,65.776306
CBN-PdlC-E5-20200812,2,1393200,Homogyne alpina,65.300392
CBN-PdlC-E5-20200812,3,1396253,Sibbaldia procumbens,64.739052
CBN-PdlC-E6-20130723,1,1392534,Gentiana acaulis,63.306675
CBN-PdlC-E6-20130723,2,1393494,Leucanthemopsis alpina,62.322018
CBN-PdlC-E6-20130723,3,1396843,Trifolium alpinum,61.469612
CBN-PdlC-E6-20130807,1,1393200,Homogyne alpina,61.692120
CBN-PdlC-E6-20130807,2,1396253,Sibbaldia procumbens,61.500027
CBN-PdlC-E6-20130807,3,1741624,Lotus alpinus,61.132278
CBN-PdlC-E6-20130903,1,1390793,Carex curvula,64.188927
CBN-PdlC-E6-20130903,2,1391494,Cyclamen balearicum,63.718742
CBN-PdlC-E6-20130903,3,1392632,Globularia repens,62.931408
CBN-PdlC-E6-20140630,1,1359750,Oxalis acetosella,63.745926
CBN-PdlC-E6-20140630,2,1393200,Homogyne alpina,63.478199
CBN-PdlC-E6-20140630,3,1390761,Carex arenaria,61.799564
CBN-PdlC-E6-20140721,1,1396253,Sibbaldia procumbens,61.557728
CBN-PdlC-E6-20140721,2,1396843,Trifolium alpinum,60.126842
CBN-PdlC-E6-20140721,3,1393708,Lysimachia nummularia,59.935783
CBN-PdlC-E6-20140811,1,1396843,Trifolium alpinum,65.267151
CBN-PdlC-E6-20140811,2,1393200,Homogyne alpina,65.222939
CBN-PdlC-E6-20140811,3,1395807,Salix herbacea,64.445442
CBN-PdlC-E6-20150701,1,1393200,Homogyne alpina,66.158188
CBN-PdlC-E6-20150701,2,1392535,Gentiana alpina,65.486732
CBN-PdlC-E6-20150701,3,1392534,Gentiana acaulis,65.442429
CBN-PdlC-E6-20150720,1,1396843,Trifolium alpinum,65.167992
CBN-PdlC-E6-20150720,2,1742053,Omalotheca hoppeana,61.622467
CBN-PdlC-E6-20150720,3,1392608,Geum montanum,61.091484
CBN-PdlC-E6-20150810,1,1742053,Omalotheca hoppeana,63.141041
CBN-PdlC-E6-20150810,2,1392608,Geum montanum,62.772507
CBN-PdlC-E6-20150810,3,1395807,Salix herbacea,62.126965
CBN-PdlC-E6-20150831,1,1393200,Homogyne alpina,65.485046
CBN-PdlC-E6-20150831,2,1392608,Geum montanum,64.194595
CBN-PdlC-E6-20150831,3,1395807,Salix herbacea,62.674782
CBN-PdlC-E6-20160705,1,1397123,Viola biflora,63.468765
CBN-PdlC-E6-20160705,2,1392541,Gentiana brachyphylla,62.673672
CBN-PdlC-E6-20160705,3,1392534,Gentiana acaulis,61.633423
CBN-PdlC-E6-20160726,1,1392534,Gentiana acaulis,67.232887
CBN-PdlC-E6-20160726,2,1392535,Gentiana alpina,65.684616
CBN-PdlC-E6-20160726,3,1361367,Poa alpina,63.096535
CBN-PdlC-E6-20170816,1,1396843,Trifolium alpinum,61.734619
CBN-PdlC-E6-20170816,2,1392541,Gentiana brachyphylla,60.670555
CBN-PdlC-E6-20170816,3,1396869,Trifolium thalii,60.318001
CBN-PdlC-E6-20170906,1,1396843,Trifolium alpinum,63.330093
CBN-PdlC-E6-20170906,2,1393200,Homogyne alpina,61.798267
CBN-PdlC-E6-20170906,3,1357220,Anthemis cretica,61.487122
CBN-PdlC-E6-20180702,1,1392608,Geum montanum,64.451515
CBN-PdlC-E6-20180702,2,1393200,Homogyne alpina,63.183636
CBN-PdlC-E6-20180702,3,1393966,Noccaea corymbosa,61.094818
CBN-PdlC-E6-20180723,1,1392535,Gentiana alpina,64.806244
CBN-PdlC-E6-20180723,2,1392534,Gentiana acaulis,63.812775
CBN-PdlC-E6-20180723,3,1392608,Geum montanum,62.940414
CBN-PdlC-E6-20180815,1,1393200,Homogyne alpina,64.463745
CBN-PdlC-E6-20180815,2,1390793,Carex curvula,62.876534
CBN-PdlC-E6-20180815,3,1396843,Trifolium alpinum,62.156113
CBN-PdlC-E6-20180905,1,1393200,Homogyne alpina,64.551903
CBN-PdlC-E6-20180905,2,1396843,Trifolium alpinum,64.419662
CBN-PdlC-E6-20180905,3,1392608,Geum montanum,63.494209
CBN-PdlC-E6-20190722,1,1362273,Cardamine resedifolia,65.935577
CBN-PdlC-E6-20190722,2,1393200,Homogyne alpina,65.695549
CBN-PdlC-E6-20190722,3,1392608,Geum montanum,65.552834
CBN-PdlC-E6-20190812,1,1393224,Hydrocotyle bonariensis,60.421387
CBN-PdlC-E6-20190812,2,1391427,Crassula pubescens,58.952675
CBN-PdlC-E6-20190812,3,1724565,Hydrocharis laevigata,57.899387
CBN-PdlC-E6-20190909,1,1392608,Geum montanum,62.862293
CBN-PdlC-E6-20190909,2,1395807,Salix herbacea,62.760334
CBN-PdlC-E6-20190909,3,1396843,Trifolium alpinum,62.473732
CBN-PdlC-E6-20200629,1,1393200,Homogyne alpina,66.876724
CBN-PdlC-E6-20200629,2,1392541,Gentiana brachyphylla,62.952835
CBN-PdlC-E6-20200629,3,1390793,Carex curvula,62.839996
CBN-PdlC-E6-20200722,1,1362273,Cardamine resedifolia,65.849472
CBN-PdlC-E6-20200722,2,1393200,Homogyne alpina,65.274498
CBN-PdlC-E6-20200722,3,1396843,Trifolium alpinum,65.041206
CBN-PdlC-E6-20200812,1,1393200,Homogyne alpina,64.323326
CBN-PdlC-E6-20200812,2,1396843,Trifolium alpinum,62.596085
CBN-PdlC-E6-20200812,3,1395807,Salix herbacea,61.572678
CBN-PdlC-F1-20130723,1,1396144,Sedum alpestre,66.209671
CBN-PdlC-F1-20130723,2,1362273,Cardamine resedifolia,66.065742
CBN-PdlC-F1-20130723,3,1392541,Gentiana brachyphylla,65.243439
CBN-PdlC-F1-20130807,1,1392535,Gentiana alpina,64.396912
CBN-PdlC-F1-20130807,2,1392541,Gentiana brachyphylla,63.470879
CBN-PdlC-F1-20130807,3,1396253,Sibbaldia procumbens,63.352081
CBN-PdlC-F1-20130903,1,1392534,Gentiana acaulis,65.558876
CBN-PdlC-F1-20130903,2,1396144,Sedum alpestre,63.998550
CBN-PdlC-F1-20130903,3,1392535,Gentiana alpina,63.962372
CBN-PdlC-F1-20140630,1,1396144,Sedum alpestre,65.268562
CBN-PdlC-F1-20140630,2,1396253,Sibbaldia procumbens,63.460567
CBN-PdlC-F1-20140630,3,1399800,Pinguicula nevadensis,63.178699
CBN-PdlC-F1-20140721,1,1362273,Cardamine resedifolia,64.825012
CBN-PdlC-F1-20140721,2,1393584,Linaria alpina,64.822540
CBN-PdlC-F1-20140721,3,1396144,Sedum alpestre,64.705795
CBN-PdlC-F1-20140811,1,1396144,Sedum alpestre,67.047134
CBN-PdlC-F1-20140811,2,1393584,Linaria alpina,66.187981
CBN-PdlC-F1-20140811,3,1397381,Euphrasia minima,66.137878
CBN-PdlC-F1-20140901,1,1742053,Omalotheca hoppeana,65.889343
CBN-PdlC-F1-20140901,2,1412857,Omalotheca supina,65.581543
CBN-PdlC-F1-20140901,3,1396144,Sedum alpestre,64.581604
CBN-PdlC-F1-20150701,1,1396144,Sedum alpestre,67.214317
CBN-PdlC-F1-20150701,2,1392534,Gentiana acaulis,66.031624
CBN-PdlC-F1-20150701,3,1393584,Linaria alpina,65.397873
CBN-PdlC-F1-20150720,1,1396144,Sedum alpestre,65.707924
CBN-PdlC-F1-20150720,2,1412857,Omalotheca supina,65.638748
CBN-PdlC-F1-20150720,3,1742053,Omalotheca hoppeana,64.982147
CBN-PdlC-F1-20150810,1,1396253,Sibbaldia procumbens,64.624886
CBN-PdlC-F1-20150810,2,1412857,Omalotheca supina,63.496117
CBN-PdlC-F1-20150810,3,1397381,Euphrasia minima,63.027233
CBN-PdlC-F1-20150831,1,1412857,Omalotheca supina,64.717232
CBN-PdlC-F1-20150831,2,1396144,Sedum alpestre,63.983898
CBN-PdlC-F1-20150831,3,1396253,Sibbaldia procumbens,63.810616
CBN-PdlC-F1-20160705,1,1396253,Sibbaldia procumbens,65.737312
CBN-PdlC-F1-20160705,2,1396144,Sedum alpestre,64.315498
CBN-PdlC-F1-20160705,3,1392541,Gentiana brachyphylla,62.533241
CBN-PdlC-F1-20160726,1,1396144,Sedum alpestre,66.418228
CBN-PdlC-F1-20160726,2,1396253,Sibbaldia procumbens,64.811348
CBN-PdlC-F1-20160726,3,1397381,Euphrasia minima,63.977654
CBN-PdlC-F1-20170816,1,1396144,Sedum alpestre,66.436577
CBN-PdlC-F1-20170816,2,1397381,Euphrasia minima,64.194267
CBN-PdlC-F1-20170816,3,1396253,Sibbaldia procumbens,63.798527
CBN-PdlC-F1-20170906,1,1396253,Sibbaldia procumbens,65.434677
CBN-PdlC-F1-20170906,2,1396144,Sedum alpestre,64.483139
CBN-PdlC-F1-20170906,3,1394911,Primula integrifolia,63.270267
CBN-PdlC-F1-20180702,1,1396253,Sibbaldia procumbens,64.413841
CBN-PdlC-F1-20180702,2,1396144,Sedum alpestre,63.070038
CBN-PdlC-F1-20180702,3,1741880,Salix serpillifolia,62.074371
CBN-PdlC-F1-20180723,1,1396144,Sedum alpestre,65.015144
CBN-PdlC-F1-20180723,2,1396253,Sibbaldia procumbens,63.808796
CBN-PdlC-F1-20180723,3,1388915,Lysimachia minima,62.508324
CBN-PdlC-F1-20180815,1,1396253,Sibbaldia procumbens,63.065723
CBN-PdlC-F1-20180815,2,1396180,Sempervivum montanum,62.934090
CBN-PdlC-F1-20180815,3,1396144,Sedum alpestre,62.731796
CBN-PdlC-F1-20180905,1,1396253,Sibbaldia procumbens,64.573700
CBN-PdlC-F1-20180905,2,1412857,Omalotheca supina,64.274376
CBN-PdlC-F1-20180905,3,1396180,Sempervivum montanum,63.048641
CBN-PdlC-F1-20190701,1,1396253,Sibbaldia procumbens,63.509590
CBN-PdlC-F1-20190701,2,1396144,Sedum alpestre,63.201645
CBN-PdlC-F1-20190701,3,1396180,Sempervivum montanum,61.951202
CBN-PdlC-F1-20190812,1,1396253,Sibbaldia procumbens,63.848190
CBN-PdlC-F1-20190812,2,1388766,Botrychium simplex,60.155571
CBN-PdlC-F1-20190812,3,1395807,Salix herbacea,59.532658
CBN-PdlC-F1-20190909,1,1396144,Sedum alpestre,64.501434
CBN-PdlC-F1-20190909,2,1396253,Sibbaldia procumbens,63.732399
CBN-PdlC-F1-20190909,3,1396843,Trifolium alpinum,63.279175
CBN-PdlC-F1-20200629,1,1396144,Sedum alpestre,65.482712
CBN-PdlC-F1-20200629,2,1392541,Gentiana brachyphylla,65.403687
CBN-PdlC-F1-20200629,3,1396253,Sibbaldia procumbens,64.784615
CBN-PdlC-F1-20200722,1,1393584,Linaria alpina,67.281868
CBN-PdlC-F1-20200722,2,1396144,Sedum alpestre,65.575012
CBN-PdlC-F1-20200722,3,1396843,Trifolium alpinum,64.618408
CBN-PdlC-F1-20200812,1,1396144,Sedum alpestre,66.325066
CBN-PdlC-F1-20200812,2,1412857,Omalotheca supina,64.833183
CBN-PdlC-F1-20200812,3,1396253,Sibbaldia procumbens,64.033554
CBN-PdlC-F2-20130723,1,1396253,Sibbaldia procumbens,65.383568
CBN-PdlC-F2-20130723,2,1362273,Cardamine resedifolia,63.279968
CBN-PdlC-F2-20130723,3,1397528,Cardamine bellidifolia,62.575207
CBN-PdlC-F2-20130807,1,1396253,Sibbaldia procumbens,65.283455
CBN-PdlC-F2-20130807,2,1412857,Omalotheca supina,64.407059
CBN-PdlC-F2-20130807,3,1395807,Salix herbacea,61.772438
CBN-PdlC-F2-20130903,1,1396253,Sibbaldia procumbens,64.765938
CBN-PdlC-F2-20130903,2,1393494,Leucanthemopsis alpina,62.215008
CBN-PdlC-F2-20130903,3,1395807,Salix herbacea,61.898605
CBN-PdlC-F2-20140630,1,1392541,Gentiana brachyphylla,64.775238
CBN-PdlC-F2-20140630,2,1392608,Geum montanum,64.340096
CBN-PdlC-F2-20140630,3,1396144,Sedum alpestre,63.972969
CBN-PdlC-F2-20140721,1,1396144,Sedum alpestre,66.323853
CBN-PdlC-F2-20140721,2,1362273,Cardamine resedifolia,65.385712
CBN-PdlC-F2-20140721,3,1397528,Cardamine bellidifolia,65.364952
CBN-PdlC-F2-20140811,1,1742053,Omalotheca hoppeana,65.705704
CBN-PdlC-F2-20140811,2,1397381,Euphrasia minima,65.032471
CBN-PdlC-F2-20140811,3,1396144,Sedum alpestre,64.544479
CBN-PdlC-F2-20140901,1,1412857,Omalotheca supina,64.273888
CBN-PdlC-F2-20140901,2,1397381,Euphrasia minima,63.804047
CBN-PdlC-F2-20140901,3,1742053,Omalotheca hoppeana,62.914497
CBN-PdlC-F2-20150701,1,1396253,Sibbaldia procumbens,64.569481
CBN-PdlC-F2-20150701,2,1392608,Geum montanum,64.221336
CBN-PdlC-F2-20150701,3,1396144,Sedum alpestre,63.245445
CBN-PdlC-F2-20150720,1,1396253,Sibbaldia procumbens,64.110336
CBN-PdlC-F2-20150720,2,1395807,Salix herbacea,61.227337
CBN-PdlC-F2-20150720,3,1363618,Crassula multicava,60.895920
CBN-PdlC-F2-20150810,1,1412857,Omalotheca supina,64.151009
CBN-PdlC-F2-20150810,2,1396253,Sibbaldia procumbens,63.703556
CBN-PdlC-F2-20150810,3,1395807,Salix herbacea,63.663982
CBN-PdlC-F2-20150831,1,1412857,Omalotheca supina,65.102142
CBN-PdlC-F2-20150831,2,1396253,Sibbaldia procumbens,64.803940
CBN-PdlC-F2-20150831,3,1742053,Omalotheca hoppeana,64.002174
CBN-PdlC-F2-20160705,1,1396253,Sibbaldia procumbens,66.024292
CBN-PdlC-F2-20160705,2,1397528,Cardamine bellidifolia,63.815792
CBN-PdlC-F2-20160705,3,1362273,Cardamine resedifolia,62.854317
CBN-PdlC-F2-20160726,1,1396253,Sibbaldia procumbens,64.673683
CBN-PdlC-F2-20160726,2,1363944,Malva neglecta,62.809891
CBN-PdlC-F2-20160726,3,1395807,Salix herbacea,62.637722
CBN-PdlC-F2-20170906,1,1396253,Sibbaldia procumbens,64.943611
CBN-PdlC-F2-20170906,2,1396843,Trifolium alpinum,64.722137
CBN-PdlC-F2-20170906,3,1392608,Geum montanum,63.124870
CBN-PdlC-F2-20180702,1,1396253,Sibbaldia procumbens,63.956188
CBN-PdlC-F2-20180702,2,1412857,Omalotheca supina,62.231308
CBN-PdlC-F2-20180702,3,1394911,Primula integrifolia,62.180565
CBN-PdlC-F2-20180723,1,1393584,Linaria alpina,65.636467
CBN-PdlC-F2-20180723,2,1396253,Sibbaldia procumbens,64.057564
CBN-PdlC-F2-20180723,3,1741880,Salix serpillifolia,62.779755
CBN-PdlC-F2-20180815,1,1396253,Sibbaldia procumbens,63.713314
CBN-PdlC-F2-20180815,2,1396843,Trifolium alpinum,63.299820
CBN-PdlC-F2-20180815,3,1412857,Omalotheca supina,62.514900
CBN-PdlC-F2-20180905,1,1396144,Sedum alpestre,65.953918
CBN-PdlC-F2-20180905,2,1396253,Sibbaldia procumbens,64.127724
CBN-PdlC-F2-20180905,3,1392541,Gentiana brachyphylla,63.093075
CBN-PdlC-F2-20190701,1,1396253,Sibbaldia procumbens,63.906902
CBN-PdlC-F2-20190701,2,1392608,Geum montanum,62.228062
CBN-PdlC-F2-20190701,3,1396843,Trifolium alpinum,61.611603
CBN-PdlC-F2-20190812,1,1396253,Sibbaldia procumbens,64.127892
CBN-PdlC-F2-20190812,2,1412857,Omalotheca supina,62.626080
CBN-PdlC-F2-20190812,3,1395807,Salix herbacea,61.252510
CBN-PdlC-F2-20190909,1,1396144,Sedum alpestre,64.116776
CBN-PdlC-F2-20190909,2,1396253,Sibbaldia procumbens,63.938251
CBN-PdlC-F2-20190909,3,1361367,Poa alpina,62.380901
CBN-PdlC-F2-20200629,1,1396144,Sedum alpestre,64.975777
CBN-PdlC-F2-20200629,2,1396253,Sibbaldia procumbens,64.963509
CBN-PdlC-F2-20200629,3,1393584,Linaria alpina,62.855354
CBN-PdlC-F2-20200722,1,1396144,Sedum alpestre,67.470764
CBN-PdlC-F2-20200722,2,1392534,Gentiana acaulis,65.132568
CBN-PdlC-F2-20200722,3,1394311,Oreochloa disticha,64.505371
CBN-PdlC-F2-20200812,1,1359697,Euphrasia willkommii,64.119690
CBN-PdlC-F2-20200812,2,1412857,Omalotheca supina,63.971786
CBN-PdlC-F2-20200812,3,1396253,Sibbaldia procumbens,63.636215
CBN-PdlC-F3-20130723,1,1393200,Homogyne alpina,65.027618
CBN-PdlC-F3-20130723,2,1396843,Trifolium alpinum,61.698532
CBN-PdlC-F3-20130723,3,1356422,Botrychium lunaria,61.565136
CBN-PdlC-F3-20130807,1,1392608,Geum montanum,64.171982
CBN-PdlC-F3-20130807,2,1396253,Sibbaldia procumbens,62.460037
CBN-PdlC-F3-20130807,3,1360299,Geum sylvaticum,62.227367
CBN-PdlC-F3-20130903,1,1392608,Geum montanum,64.526100
CBN-PdlC-F3-20130903,2,1360748,Hydrocotyle vulgaris,64.011246
CBN-PdlC-F3-20130903,3,1396253,Sibbaldia procumbens,62.220730
CBN-PdlC-F3-20140630,1,1392608,Geum montanum,65.278030
CBN-PdlC-F3-20140630,2,1393200,Homogyne alpina,61.595276
CBN-PdlC-F3-20140630,3,1396253,Sibbaldia procumbens,60.017220
CBN-PdlC-F3-20140721,1,1396253,Sibbaldia procumbens,63.804291
CBN-PdlC-F3-20140721,2,1392608,Geum montanum,63.183968
CBN-PdlC-F3-20140721,3,1393200,Homogyne alpina,62.993931
CBN-PdlC-F3-20140811,1,1392608,Geum montanum,66.308479
CBN-PdlC-F3-20140811,2,1393200,Homogyne alpina,65.257317
CBN-PdlC-F3-20140811,3,1395807,Salix herbacea,64.616562
CBN-PdlC-F3-20140901,1,1396253,Sibbaldia procumbens,63.270657
CBN-PdlC-F3-20140901,2,1743471,Festuca glacialis,61.983719
CBN-PdlC-F3-20140901,3,1392608,Geum montanum,61.328873
CBN-PdlC-F3-20150701,1,1392608,Geum montanum,64.256058
CBN-PdlC-F3-20150701,2,1393659,Luzula alpina,62.882797
CBN-PdlC-F3-20150701,3,1360985,Arisarum simorrhinum,62.781158
CBN-PdlC-F3-20150720,1,1392608,Geum montanum,65.001869
CBN-PdlC-F3-20150720,2,1396253,Sibbaldia procumbens,62.749199
CBN-PdlC-F3-20150720,3,1395807,Salix herbacea,61.313881
CBN-PdlC-F3-20150810,1,1392608,Geum montanum,64.404099
CBN-PdlC-F3-20150810,2,1396253,Sibbaldia procumbens,62.814323
CBN-PdlC-F3-20150810,3,1395807,Salix herbacea,61.578541
CBN-PdlC-F3-20150831,1,1397386,Festuca scabriculmis,64.076477
CBN-PdlC-F3-20150831,2,1392608,Geum montanum,63.353531
CBN-PdlC-F3-20150831,3,1396253,Sibbaldia procumbens,62.776955
CBN-PdlC-F3-20160705,1,1393659,Luzula alpina,65.131813
CBN-PdlC-F3-20160705,2,1361592,Luzula campestris,63.584793
CBN-PdlC-F3-20160705,3,1412857,Omalotheca supina,63.416069
CBN-PdlC-F3-20160726,1,1392608,Geum montanum,62.738216
CBN-PdlC-F3-20160726,2,1395807,Salix herbacea,61.810394
CBN-PdlC-F3-20160726,3,1394643,Antennaria dioica,60.073227
CBN-PdlC-F3-20170816,1,1396253,Sibbaldia procumbens,61.763863
CBN-PdlC-F3-20170816,2,1395807,Salix herbacea,60.820560
CBN-PdlC-F3-20170816,3,1495503,Tuberaria globulariifolia,60.705872
CBN-PdlC-F3-20170906,1,1392608,Geum montanum,61.763634
CBN-PdlC-F3-20170906,2,1397430,Luzula sylvatica,61.274582
CBN-PdlC-F3-20170906,3,1359697,Euphrasia willkommii,59.971500
CBN-PdlC-F3-20180702,1,1393200,Homogyne alpina,63.755852
CBN-PdlC-F3-20180702,2,1396253,Sibbaldia procumbens,62.758293
CBN-PdlC-F3-20180702,3,1393659,Luzula alpina,61.548897
CBN-PdlC-F3-20180723,1,1412857,Omalotheca supina,63.377724
CBN-PdlC-F3-20180723,2,1392534,Gentiana acaulis,61.642391
CBN-PdlC-F3-20180723,3,1395807,Salix herbacea,61.481483
CBN-PdlC-F3-20180815,1,1397381,Euphrasia minima,61.789463
CBN-PdlC-F3-20180815,2,1394311,Oreochloa disticha,61.160271
CBN-PdlC-F3-20180815,3,1392260,Festuca alpina,60.972134
CBN-PdlC-F3-20180905,1,1393200,Homogyne alpina,63.774864
CBN-PdlC-F3-20180905,2,1392608,Geum montanum,63.651104
CBN-PdlC-F3-20180905,3,1395807,Salix herbacea,62.185257
CBN-PdlC-F3-20190701,1,1393200,Homogyne alpina,63.713242
CBN-PdlC-F3-20190701,2,1359750,Oxalis acetosella,63.290329
CBN-PdlC-F3-20190701,3,1393659,Luzula alpina,62.693169
CBN-PdlC-F3-20190722,1,1393659,Luzula alpina,65.262642
CBN-PdlC-F3-20190722,2,1395807,Salix herbacea,64.102524
CBN-PdlC-F3-20190722,3,1392608,Geum montanum,63.581947
CBN-PdlC-F3-20190812,1,1392608,Geum montanum,64.871712
CBN-PdlC-F3-20190812,2,1395807,Salix herbacea,63.852409
CBN-PdlC-F3-20190812,3,1396253,Sibbaldia procumbens,62.020386
CBN-PdlC-F3-20190909,1,1396253,Sibbaldia procumbens,64.350311
CBN-PdlC-F3-20190909,2,1392059,Eriophorum angustifolium,62.903000
CBN-PdlC-F3-20190909,3,1392608,Geum montanum,62.335304
CBN-PdlC-F3-20200629,1,1392608,Geum montanum,67.425003
CBN-PdlC-F3-20200629,2,1393200,Homogyne alpina,65.272346
CBN-PdlC-F3-20200629,3,1396253,Sibbaldia procumbens,64.400085
CBN-PdlC-F3-20200722,1,1392608,Geum montanum,64.483788
CBN-PdlC-F3-20200722,2,1395807,Salix herbacea,62.907043
CBN-PdlC-F3-20200722,3,1397430,Luzula sylvatica,62.510704
CBN-PdlC-F3-20200812,1,1395807,Salix herbacea,62.285637
CBN-PdlC-F3-20200812,2,1359697,Euphrasia willkommii,62.001602
CBN-PdlC-F3-20200812,3,1397450,Orthilia secunda,61.660263
CBN-PdlC-F4-20130723,1,1393200,Homogyne alpina,67.688019
CBN-PdlC-F4-20130723,2,1396253,Sibbaldia procumbens,64.441017
CBN-PdlC-F4-20130723,3,1392608,Geum montanum,62.230526
CBN-PdlC-F4-20130807,1,1392608,Geum montanum,64.008133
CBN-PdlC-F4-20130807,2,1396843,Trifolium alpinum,63.830780
CBN-PdlC-F4-20130807,3,1393200,Homogyne alpina,63.678448
CBN-PdlC-F4-20130903,1,1394542,Phyteuma hemisphaericum,68.352776
CBN-PdlC-F4-20130903,2,1393200,Homogyne alpina,66.354248
CBN-PdlC-F4-20130903,3,1392608,Geum montanum,63.616249
CBN-PdlC-F4-20140630,1,1393200,Homogyne alpina,67.602959
CBN-PdlC-F4-20140630,2,1392608,Geum montanum,63.733696
CBN-PdlC-F4-20140630,3,1396253,Sibbaldia procumbens,62.978371
CBN-PdlC-F4-20140811,1,1393200,Homogyne alpina,66.818779
CBN-PdlC-F4-20140811,2,1396843,Trifolium alpinum,64.342957
CBN-PdlC-F4-20140811,3,1392608,Geum montanum,64.062759
CBN-PdlC-F4-20140901,1,1392608,Geum montanum,63.805344
CBN-PdlC-F4-20140901,2,1396253,Sibbaldia procumbens,63.621727
CBN-PdlC-F4-20140901,3,1396843,Trifolium alpinum,62.974377
CBN-PdlC-F4-20150701,1,1393200,Homogyne alpina,65.667412
CBN-PdlC-F4-20150701,2,1392608,Geum montanum,64.535873
CBN-PdlC-F4-20150701,3,1396253,Sibbaldia procumbens,63.628391
CBN-PdlC-F4-20150720,1,1392608,Geum montanum,64.878540
CBN-PdlC-F4-20150720,2,1396253,Sibbaldia procumbens,63.811684
CBN-PdlC-F4-20150720,3,1393659,Luzula alpina,62.829494
CBN-PdlC-F4-20150810,1,1393200,Homogyne alpina,65.291451
CBN-PdlC-F4-20150810,2,1392608,Geum montanum,65.211868
CBN-PdlC-F4-20150810,3,1396843,Trifolium alpinum,63.317627
CBN-PdlC-F4-20150831,1,1393200,Homogyne alpina,67.980446
CBN-PdlC-F4-20150831,2,1397430,Luzula sylvatica,63.837723
CBN-PdlC-F4-20150831,3,1392608,Geum montanum,63.555405
CBN-PdlC-F4-20160705,1,1392608,Geum montanum,64.230278
CBN-PdlC-F4-20160705,2,1393200,Homogyne alpina,63.969551
CBN-PdlC-F4-20160705,3,1397430,Luzula sylvatica,63.517746
CBN-PdlC-F4-20160726,1,1392608,Geum montanum,65.384354
CBN-PdlC-F4-20160726,2,1396843,Trifolium alpinum,63.579430
CBN-PdlC-F4-20160726,3,1396253,Sibbaldia procumbens,62.857990
CBN-PdlC-F4-20170816,1,1396843,Trifolium alpinum,63.886246
CBN-PdlC-F4-20170816,2,1393200,Homogyne alpina,61.757305
CBN-PdlC-F4-20170816,3,1394366,Oxyria digyna,61.693268
CBN-PdlC-F4-20170906,1,1393200,Homogyne alpina,62.442089
CBN-PdlC-F4-20170906,2,1362482,Phleum alpinum,62.290817
CBN-PdlC-F4-20170906,3,1396253,Sibbaldia procumbens,62.003777
CBN-PdlC-F4-20180702,1,1393200,Homogyne alpina,66.984772
CBN-PdlC-F4-20180702,2,1397430,Luzula sylvatica,62.668655
CBN-PdlC-F4-20180702,3,1396253,Sibbaldia procumbens,62.063889
CBN-PdlC-F4-20180723,1,1393200,Homogyne alpina,64.730667
CBN-PdlC-F4-20180723,2,1392608,Geum montanum,63.787369
CBN-PdlC-F4-20180723,3,1397430,Luzula sylvatica,63.137959
CBN-PdlC-F4-20180815,1,1393200,Homogyne alpina,64.816864
CBN-PdlC-F4-20180815,2,1392608,Geum montanum,64.606827
CBN-PdlC-F4-20180815,3,1396253,Sibbaldia procumbens,62.713009
CBN-PdlC-F4-20180905,1,1392608,Geum montanum,64.831879
CBN-PdlC-F4-20180905,2,1393200,Homogyne alpina,64.609634
CBN-PdlC-F4-20180905,3,1396253,Sibbaldia procumbens,63.994976
CBN-PdlC-F4-20190701,1,1393200,Homogyne alpina,66.553482
CBN-PdlC-F4-20190701,2,1392608,Geum montanum,65.125763
CBN-PdlC-F4-20190701,3,1396253,Sibbaldia procumbens,63.067101
CBN-PdlC-F4-20190722,1,1393200,Homogyne alpina,65.808304
CBN-PdlC-F4-20190722,2,1396843,Trifolium alpinum,65.446899
CBN-PdlC-F4-20190722,3,1392608,Geum montanum,63.368587
CBN-PdlC-F4-20190812,1,1392608,Geum montanum,64.212036
CBN-PdlC-F4-20190812,2,1396253,Sibbaldia procumbens,63.365814
CBN-PdlC-F4-20190812,3,1360299,Geum sylvaticum,62.785423
CBN-PdlC-F4-20190909,1,1392608,Geum montanum,65.908218
CBN-PdlC-F4-20190909,2,1393200,Homogyne alpina,64.326256
CBN-PdlC-F4-20190909,3,1396843,Trifolium alpinum,62.836380
CBN-PdlC-F4-20200629,1,1393200,Homogyne alpina,65.858398
CBN-PdlC-F4-20200629,2,1392608,Geum montanum,65.105637
CBN-PdlC-F4-20200629,3,1396253,Sibbaldia procumbens,63.252811
CBN-PdlC-F4-20200722,1,1392608,Geum montanum,64.288361
CBN-PdlC-F4-20200722,2,1361592,Luzula campestris,62.832855
CBN-PdlC-F4-20200722,3,1396843,Trifolium alpinum,62.678085
CBN-PdlC-F4-20200812,1,1392059,Eriophorum angustifolium,63.980164
CBN-PdlC-F4-20200812,2,1392608,Geum montanum,63.525635
CBN-PdlC-F4-20200812,3,1396253,Sibbaldia procumbens,63.140182
CBN-PdlC-F5-20130723,1,1396253,Sibbaldia procumbens,63.965645
CBN-PdlC-F5-20130723,2,1392534,Gentiana acaulis,60.458115
CBN-PdlC-F5-20130723,3,1396843,Trifolium alpinum,60.357761
CBN-PdlC-F5-20130903,1,1392608,Geum montanum,64.252411
CBN-PdlC-F5-20130903,2,1396253,Sibbaldia procumbens,61.608105
CBN-PdlC-F5-20130903,3,1396843,Trifolium alpinum,61.419231
CBN-PdlC-F5-20140630,1,1396253,Sibbaldia procumbens,63.657219
CBN-PdlC-F5-20140630,2,1392608,Geum montanum,63.074375
CBN-PdlC-F5-20140630,3,1390793,Carex curvula,60.439331
CBN-PdlC-F5-20140721,1,1392608,Geum montanum,65.554420
CBN-PdlC-F5-20140721,2,1396253,Sibbaldia procumbens,65.037888
CBN-PdlC-F5-20140721,3,1392611,Geum pyrenaicum,63.585232
CBN-PdlC-F5-20140811,1,1396253,Sibbaldia procumbens,64.796768
CBN-PdlC-F5-20140811,2,1392608,Geum montanum,64.706825
CBN-PdlC-F5-20140811,3,1396843,Trifolium alpinum,64.526573
CBN-PdlC-F5-20150701,1,1392608,Geum montanum,67.581703
CBN-PdlC-F5-20150701,2,1396253,Sibbaldia procumbens,64.707832
CBN-PdlC-F5-20150701,3,1396843,Trifolium alpinum,64.059280
CBN-PdlC-F5-20150720,1,1392608,Geum montanum,65.426620
CBN-PdlC-F5-20150720,2,1394542,Phyteuma hemisphaericum,65.315666
CBN-PdlC-F5-20150720,3,1358491,Succisa pratensis,64.568329
CBN-PdlC-F5-20150810,1,1396253,Sibbaldia procumbens,63.627789
CBN-PdlC-F5-20150810,2,1392608,Geum montanum,63.358570
CBN-PdlC-F5-20150810,3,1390761,Carex arenaria,62.304039
CBN-PdlC-F5-20150831,1,1396253,Sibbaldia procumbens,63.841835
CBN-PdlC-F5-20150831,2,1390761,Carex arenaria,63.082500
CBN-PdlC-F5-20150831,3,1396843,Trifolium alpinum,62.186340
CBN-PdlC-F5-20160705,1,1396253,Sibbaldia procumbens,64.600052
CBN-PdlC-F5-20160705,2,1390793,Carex curvula,63.224876
CBN-PdlC-F5-20160705,3,1396843,Trifolium alpinum,63.059494
CBN-PdlC-F5-20160726,1,1361367,Poa alpina,63.282703
CBN-PdlC-F5-20160726,2,1396843,Trifolium alpinum,62.837025
CBN-PdlC-F5-20160726,3,1396253,Sibbaldia procumbens,62.828640
CBN-PdlC-F5-20170816,1,1396253,Sibbaldia procumbens,64.115860
CBN-PdlC-F5-20170816,2,1396843,Trifolium alpinum,63.480457
CBN-PdlC-F5-20170816,3,1394311,Oreochloa disticha,61.845390
CBN-PdlC-F5-20170906,1,1396253,Sibbaldia procumbens,65.257195
CBN-PdlC-F5-20170906,2,1392608,Geum montanum,62.717487
CBN-PdlC-F5-20170906,3,1396843,Trifolium alpinum,62.492722
CBN-PdlC-F5-20180702,1,1396253,Sibbaldia procumbens,64.600266
CBN-PdlC-F5-20180702,2,1392608,Geum montanum,64.204811
CBN-PdlC-F5-20180702,3,1392541,Gentiana brachyphylla,63.459496
CBN-PdlC-F5-20180723,1,1392608,Geum montanum,66.359047
CBN-PdlC-F5-20180723,2,1396253,Sibbaldia procumbens,63.733997
CBN-PdlC-F5-20180723,3,1396843,Trifolium alpinum,63.117256
CBN-PdlC-F5-20180815,1,1396843,Trifolium alpinum,63.707619
CBN-PdlC-F5-20180815,2,1396253,Sibbaldia procumbens,63.142952
CBN-PdlC-F5-20180815,3,1393494,Leucanthemopsis alpina,62.423161
CBN-PdlC-F5-20180905,1,1396253,Sibbaldia procumbens,64.192230
CBN-PdlC-F5-20180905,2,1396843,Trifolium alpinum,63.862183
CBN-PdlC-F5-20180905,3,1392608,Geum montanum,61.423870
CBN-PdlC-F5-20190722,1,1392608,Geum montanum,64.953049
CBN-PdlC-F5-20190722,2,1396843,Trifolium alpinum,63.721794
CBN-PdlC-F5-20190722,3,1359508,Trifolium montanum,63.359318
CBN-PdlC-F5-20190812,1,1396253,Sibbaldia procumbens,63.545860
CBN-PdlC-F5-20190812,2,1360299,Geum sylvaticum,63.132889
CBN-PdlC-F5-20190812,3,1392608,Geum montanum,62.849869
CBN-PdlC-F5-20190909,1,1392608,Geum montanum,63.391842
CBN-PdlC-F5-20190909,2,1396253,Sibbaldia procumbens,63.194565
CBN-PdlC-F5-20190909,3,1397386,Festuca scabriculmis,62.755062
CBN-PdlC-F5-20200629,1,1392608,Geum montanum,66.255928
CBN-PdlC-F5-20200629,2,1396253,Sibbaldia procumbens,64.348457
CBN-PdlC-F5-20200629,3,1390793,Carex curvula,62.345570
CBN-PdlC-F5-20200722,1,1392608,Geum montanum,65.270248
CBN-PdlC-F5-20200722,2,1396843,Trifolium alpinum,65.004982
CBN-PdlC-F5-20200722,3,1390793,Carex curvula,64.628471
CBN-PdlC-F5-20200812,1,1396843,Trifolium alpinum,64.948273
CBN-PdlC-F5-20200812,2,1390793,Carex curvula,63.730934
CBN-PdlC-F5-20200812,3,1396253,Sibbaldia procumbens,63.379021
CBN-PdlC-F6-20130723,1,1393200,Homogyne alpina,62.818916
CBN-PdlC-F6-20130723,2,1396843,Trifolium alpinum,61.626236
CBN-PdlC-F6-20130723,3,1357575,Filago carpetana,60.151062
CBN-PdlC-F6-20130807,1,1393200,Homogyne alpina,63.616634
CBN-PdlC-F6-20130807,2,1390793,Carex curvula,62.371765
CBN-PdlC-F6-20130807,3,1396843,Trifolium alpinum,61.971928
CBN-PdlC-F6-20130903,1,1390793,Carex curvula,67.063034
CBN-PdlC-F6-20130903,2,1390872,Carex mucronata,61.777893
CBN-PdlC-F6-20130903,3,1418612,Carex firma,61.456467
CBN-PdlC-F6-20140630,1,1390761,Carex arenaria,63.590401
CBN-PdlC-F6-20140630,2,1390793,Carex curvula,62.748047
CBN-PdlC-F6-20140630,3,1390837,Carex humilis,60.232494
CBN-PdlC-F6-20140721,1,1393200,Homogyne alpina,64.114616
CBN-PdlC-F6-20140721,2,1392534,Gentiana acaulis,63.872894
CBN-PdlC-F6-20140721,3,1392535,Gentiana alpina,63.243759
CBN-PdlC-F6-20140811,1,1393200,Homogyne alpina,67.924896
CBN-PdlC-F6-20140811,2,1392535,Gentiana alpina,66.583084
CBN-PdlC-F6-20140811,3,1396843,Trifolium alpinum,65.304314
CBN-PdlC-F6-20150701,1,1393200,Homogyne alpina,68.013176
CBN-PdlC-F6-20150701,2,1392535,Gentiana alpina,64.164825
CBN-PdlC-F6-20150701,3,1396843,Trifolium alpinum,63.940727
CBN-PdlC-F6-20150720,1,1394542,Phyteuma hemisphaericum,65.319916
CBN-PdlC-F6-20150720,2,1392608,Geum montanum,63.060413
CBN-PdlC-F6-20150720,3,1396843,Trifolium alpinum,61.815437
CBN-PdlC-F6-20150810,1,1392608,Geum montanum,63.554958
CBN-PdlC-F6-20150810,2,1360299,Geum sylvaticum,62.703506
CBN-PdlC-F6-20150810,3,1361367,Poa alpina,62.226517
CBN-PdlC-F6-20150831,1,1392608,Geum montanum,64.945648
CBN-PdlC-F6-20150831,2,1390793,Carex curvula,63.333672
CBN-PdlC-F6-20150831,3,1396843,Trifolium alpinum,63.084362
CBN-PdlC-F6-20160705,1,1397528,Cardamine bellidifolia,63.231766
CBN-PdlC-F6-20160705,2,1393200,Homogyne alpina,62.276615
CBN-PdlC-F6-20160705,3,1392608,Geum montanum,61.993874
CBN-PdlC-F6-20160726,1,1392534,Gentiana acaulis,66.088684
CBN-PdlC-F6-20160726,2,1394548,Phyteuma orbiculare,64.422188
CBN-PdlC-F6-20160726,3,1392608,Geum montanum,63.916325
CBN-PdlC-F6-20170816,1,1393200,Homogyne alpina,65.916328
CBN-PdlC-F6-20170816,2,1392608,Geum montanum,63.855141
CBN-PdlC-F6-20170816,3,1390793,Carex curvula,63.559410
CBN-PdlC-F6-20170906,1,1393200,Homogyne alpina,64.411263
CBN-PdlC-F6-20170906,2,1392608,Geum montanum,63.814888
CBN-PdlC-F6-20170906,3,1396843,Trifolium alpinum,62.094452
CBN-PdlC-F6-20180702,1,1397279,Alchemilla alpina,61.162071
CBN-PdlC-F6-20180702,2,1390793,Carex curvula,61.008659
CBN-PdlC-F6-20180702,3,1394911,Primula integrifolia,60.927811
CBN-PdlC-F6-20180723,1,1396843,Trifolium alpinum,63.545639
CBN-PdlC-F6-20180723,2,1396869,Trifolium thalii,61.747601
CBN-PdlC-F6-20180723,3,1361367,Poa alpina,61.278175
CBN-PdlC-F6-20180815,1,1396843,Trifolium alpinum,62.359428
CBN-PdlC-F6-20180815,2,1394643,Antennaria dioica,62.196274
CBN-PdlC-F6-20180815,3,1390793,Carex curvula,62.070984
CBN-PdlC-F6-20180905,1,1393200,Homogyne alpina,69.688202
CBN-PdlC-F6-20180905,2,1396843,Trifolium alpinum,64.259415
CBN-PdlC-F6-20180905,3,1361367,Poa alpina,60.617439
CBN-PdlC-F6-20190722,1,1393200,Homogyne alpina,65.042328
CBN-PdlC-F6-20190722,2,1392541,Gentiana brachyphylla,64.622589
CBN-PdlC-F6-20190722,3,1390793,Carex curvula,64.598175
CBN-PdlC-F6-20190812,1,1361367,Poa alpina,62.022518
CBN-PdlC-F6-20190812,2,1396843,Trifolium alpinum,61.517700
CBN-PdlC-F6-20190812,3,1359508,Trifolium montanum,61.021446
CBN-PdlC-F6-20190909,1,1393200,Homogyne alpina,64.495247
CBN-PdlC-F6-20190909,2,1394311,Oreochloa disticha,63.624443
CBN-PdlC-F6-20190909,3,1390793,Carex curvula,63.390732
CBN-PdlC-F6-20200629,1,1393200,Homogyne alpina,63.748222
CBN-PdlC-F6-20200629,2,1390793,Carex curvula,62.609768
CBN-PdlC-F6-20200629,3,1363543,Stenotaphrum secundatum,62.479492
CBN-PdlC-F6-20200722,1,1392534,Gentiana acaulis,65.845253
CBN-PdlC-F6-20200722,2,1393200,Homogyne alpina,65.521759
CBN-PdlC-F6-20200722,3,1396843,Trifolium alpinum,65.346016
CBN-PdlC-F6-20200812,1,1392534,Gentiana acaulis,66.003212
CBN-PdlC-F6-20200812,2,1390793,Carex curvula,64.773727
CBN-PdlC-F6-20200812,3,1393200,Homogyne alpina,64.520683
CBN-Pla-A1-20130808,1,1397475,Rhododendron ferrugineum,64.633667
CBN-Pla-A1-20130808,2,1396253,Sibbaldia procumbens,64.607269
CBN-Pla-A1-20130808,3,1395807,Salix herbacea,63.382439
CBN-Pla-A1-20130904,1,1397475,Rhododendron ferrugineum,64.342133
CBN-Pla-A1-20130904,2,1395807,Salix herbacea,64.073021
CBN-Pla-A1-20130904,3,1396253,Sibbaldia procumbens,62.005356
CBN-Pla-A1-20140722,1,1397475,Rhododendron ferrugineum,63.853561
CBN-Pla-A1-20140722,2,1395949,Saxifraga bryoides,63.826904
CBN-Pla-A1-20140722,3,1396253,Sibbaldia procumbens,61.291561
CBN-Pla-A1-20140812,1,1397475,Rhododendron ferrugineum,64.613174
CBN-Pla-A1-20140812,2,1742053,Omalotheca hoppeana,64.418694
CBN-Pla-A1-20140812,3,1396144,Sedum alpestre,64.302399
CBN-Pla-A1-20140902,1,1397475,Rhododendron ferrugineum,61.789898
CBN-Pla-A1-20140902,2,1360120,Rumex acetosa,60.456818
CBN-Pla-A1-20140902,3,1396253,Sibbaldia procumbens,60.292923
CBN-Pla-A1-20150702,1,1397475,Rhododendron ferrugineum,62.370419
CBN-Pla-A1-20150702,2,1396253,Sibbaldia procumbens,60.706448
CBN-Pla-A1-20150702,3,1394311,Oreochloa disticha,59.360657
CBN-Pla-A1-20150723,1,1397475,Rhododendron ferrugineum,63.111305
CBN-Pla-A1-20150723,2,1395807,Salix herbacea,62.440247
CBN-Pla-A1-20150723,3,1400176,Bistorta vivipara,62.388069
CBN-Pla-A1-20150811,1,1397475,Rhododendron ferrugineum,63.956955
CBN-Pla-A1-20150811,2,1412857,Omalotheca supina,63.334496
CBN-Pla-A1-20150811,3,1395807,Salix herbacea,63.143826
CBN-Pla-A1-20150901,1,1400176,Bistorta vivipara,65.427948
CBN-Pla-A1-20150901,2,1397475,Rhododendron ferrugineum,63.610733
CBN-Pla-A1-20150901,3,1396253,Sibbaldia procumbens,63.467045
CBN-Pla-A1-20160707,1,1397475,Rhododendron ferrugineum,62.928741
CBN-Pla-A1-20160707,2,1396253,Sibbaldia procumbens,59.666981
CBN-Pla-A1-20160707,3,1357575,Filago carpetana,59.096840
CBN-Pla-A1-20160728,1,1396253,Sibbaldia procumbens,63.758224
CBN-Pla-A1-20160728,2,1397475,Rhododendron ferrugineum,63.647610
CBN-Pla-A1-20160728,3,1397043,Veronica alpina,63.377155
CBN-Pla-A1-20180724,1,1397475,Rhododendron ferrugineum,64.180481
CBN-Pla-A1-20180724,2,1394643,Antennaria dioica,60.787064
CBN-Pla-A1-20180724,3,1412857,Omalotheca supina,57.856403
CBN-Pla-A1-20180816,1,1397475,Rhododendron ferrugineum,63.766785
CBN-Pla-A1-20180816,2,1396253,Sibbaldia procumbens,63.316204
CBN-Pla-A1-20180816,3,1395807,Salix herbacea,61.842712
CBN-Pla-A1-20180906,1,1412857,Omalotheca supina,63.509407
CBN-Pla-A1-20180906,2,1397475,Rhododendron ferrugineum,62.704720
CBN-Pla-A1-20180906,3,1391427,Crassula pubescens,60.722176
CBN-Pla-A1-20190723,1,1397475,Rhododendron ferrugineum,62.369164
CBN-Pla-A1-20190723,2,1396253,Sibbaldia procumbens,62.158512
CBN-Pla-A1-20190723,3,1395807,Salix herbacea,61.711594
CBN-Pla-A1-20190814,1,1396253,Sibbaldia procumbens,63.654854
CBN-Pla-A1-20190814,2,1397475,Rhododendron ferrugineum,63.559380
CBN-Pla-A1-20190814,3,1412857,Omalotheca supina,62.091988
CBN-Pla-A1-20200630,1,1366028,Utricularia subulata,55.064079
CBN-Pla-A1-20200630,2,1741564,Carex aterrima,54.392822
CBN-Pla-A1-20200630,3,1558119,Juncus minutulus,53.442463
CBN-Pla-A1-20200723,1,1400176,Bistorta vivipara,64.288132
CBN-Pla-A1-20200723,2,1412857,Omalotheca supina,63.631275
CBN-Pla-A1-20200723,3,1396253,Sibbaldia procumbens,63.390171
CBN-Pla-A1-20200814,1,1412857,Omalotheca supina,66.814262
CBN-Pla-A1-20200814,2,1392552,Gentiana nivalis,65.962273
CBN-Pla-A1-20200814,3,1742053,Omalotheca hoppeana,65.469452
CBN-Pla-A2-20130724,1,1397549,Saxifraga paniculata,60.483086
CBN-Pla-A2-20130724,2,1396015,Saxifraga moschata,60.339043
CBN-Pla-A2-20130724,3,1359210,Genista lobelii,58.652618
CBN-Pla-A2-20130808,1,1741880,Salix serpillifolia,63.084999
CBN-Pla-A2-20130808,2,1396253,Sibbaldia procumbens,62.820408
CBN-Pla-A2-20130808,3,1395807,Salix herbacea,62.156879
CBN-Pla-A2-20130904,1,1396015,Saxifraga moschata,63.914497
CBN-Pla-A2-20130904,2,1395973,Saxifraga exarata,63.910126
CBN-Pla-A2-20130904,3,1395807,Salix herbacea,62.819313
CBN-Pla-A2-20140722,1,1396015,Saxifraga moschata,62.184036
CBN-Pla-A2-20140722,2,1395949,Saxifraga bryoides,61.868362
CBN-Pla-A2-20140722,3,1395973,Saxifraga exarata,61.577209
CBN-Pla-A2-20140812,1,1396144,Sedum alpestre,66.025673
CBN-Pla-A2-20140812,2,1395949,Saxifraga bryoides,64.151871
CBN-Pla-A2-20140812,3,1396015,Saxifraga moschata,63.980865
CBN-Pla-A2-20140902,1,1396015,Saxifraga moschata,63.839691
CBN-Pla-A2-20140902,2,1361367,Poa alpina,63.424202
CBN-Pla-A2-20140902,3,1395949,Saxifraga bryoides,63.167583
CBN-Pla-A2-20150702,1,1396015,Saxifraga moschata,62.194893
CBN-Pla-A2-20150702,2,1396253,Sibbaldia procumbens,62.162514
CBN-Pla-A2-20150702,3,1395949,Saxifraga bryoides,61.609787
CBN-Pla-A2-20150723,1,1396015,Saxifraga moschata,64.783905
CBN-Pla-A2-20150723,2,1742053,Omalotheca hoppeana,62.350166
CBN-Pla-A2-20150723,3,1394542,Phyteuma hemisphaericum,62.082966
CBN-Pla-A2-20150811,1,1412857,Omalotheca supina,65.421463
CBN-Pla-A2-20150811,2,1392552,Gentiana nivalis,65.369225
CBN-Pla-A2-20150811,3,1396015,Saxifraga moschata,64.476532
CBN-Pla-A2-20150901,1,1396015,Saxifraga moschata,65.475769
CBN-Pla-A2-20150901,2,1392552,Gentiana nivalis,65.155472
CBN-Pla-A2-20150901,3,1412857,Omalotheca supina,63.376663
CBN-Pla-A2-20160707,1,1396015,Saxifraga moschata,65.136375
CBN-Pla-A2-20160707,2,1396253,Sibbaldia procumbens,64.012161
CBN-Pla-A2-20160707,3,1395949,Saxifraga bryoides,63.222404
CBN-Pla-A2-20160728,1,1396015,Saxifraga moschata,64.125992
CBN-Pla-A2-20160728,2,1412857,Omalotheca supina,63.106953
CBN-Pla-A2-20160728,3,1395949,Saxifraga bryoides,62.256393
CBN-Pla-A2-20180724,1,1396180,Sempervivum montanum,63.137985
CBN-Pla-A2-20180724,2,1363543,Stenotaphrum secundatum,61.538094
CBN-Pla-A2-20180724,3,1395949,Saxifraga bryoides,61.528770
CBN-Pla-A2-20180816,1,1412857,Omalotheca supina,64.220863
CBN-Pla-A2-20180816,2,1396015,Saxifraga moschata,64.109100
CBN-Pla-A2-20180816,3,1396253,Sibbaldia procumbens,63.724422
CBN-Pla-A2-20180906,1,1396015,Saxifraga moschata,64.649002
CBN-Pla-A2-20180906,2,1395949,Saxifraga bryoides,63.578278
CBN-Pla-A2-20180906,3,1395973,Saxifraga exarata,62.845879
CBN-Pla-A2-20190723,1,1742053,Omalotheca hoppeana,64.493530
CBN-Pla-A2-20190723,2,1396253,Sibbaldia procumbens,64.019226
CBN-Pla-A2-20190723,3,1412857,Omalotheca supina,63.199554
CBN-Pla-A2-20190814,1,1396253,Sibbaldia procumbens,64.363602
CBN-Pla-A2-20190814,2,1396015,Saxifraga moschata,64.079971
CBN-Pla-A2-20190814,3,1396144,Sedum alpestre,63.620323
CBN-Pla-A2-20200723,1,1397043,Veronica alpina,64.676407
CBN-Pla-A2-20200723,2,1396843,Trifolium alpinum,63.861599
CBN-Pla-A2-20200723,3,1396253,Sibbaldia procumbens,63.349453
CBN-Pla-A2-20200814,1,1742053,Omalotheca hoppeana,66.590477
CBN-Pla-A2-20200814,2,1412857,Omalotheca supina,65.754440
CBN-Pla-A2-20200814,3,1392552,Gentiana nivalis,65.679367
CBN-Pla-A3-20130724,1,1418612,Carex firma,59.514217
CBN-Pla-A3-20130724,2,1396144,Sedum alpestre,59.212891
CBN-Pla-A3-20130724,3,1391427,Crassula pubescens,58.462757
CBN-Pla-A3-20130808,1,1396253,Sibbaldia procumbens,63.982582
CBN-Pla-A3-20130808,2,1741880,Salix serpillifolia,62.601826
CBN-Pla-A3-20130808,3,1395807,Salix herbacea,62.583790
CBN-Pla-A3-20130904,1,1395807,Salix herbacea,61.985203
CBN-Pla-A3-20130904,2,1392541,Gentiana brachyphylla,61.838661
CBN-Pla-A3-20130904,3,1397049,Veronica fruticans,61.540886
CBN-Pla-A3-20140722,1,1396144,Sedum alpestre,59.012093
CBN-Pla-A3-20140722,2,1528543,Crassula nudicaulis,58.877121
CBN-Pla-A3-20140722,3,1390955,Carpobrotus glaucescens,58.439331
CBN-Pla-A3-20140812,1,1741880,Salix serpillifolia,63.482849
CBN-Pla-A3-20140812,2,1395807,Salix herbacea,63.007294
CBN-Pla-A3-20140812,3,1394671,Poa laxa,62.588654
CBN-Pla-A3-20140902,1,1395807,Salix herbacea,63.029060
CBN-Pla-A3-20140902,2,1361367,Poa alpina,62.694748
CBN-Pla-A3-20140902,3,1394678,Poa perconcinna,62.603115
CBN-Pla-A3-20150702,1,1396144,Sedum alpestre,63.514069
CBN-Pla-A3-20150702,2,1392186,Euphorbia pyrenaica,61.156715
CBN-Pla-A3-20150702,3,1396843,Trifolium alpinum,60.357590
CBN-Pla-A3-20150723,1,1395807,Salix herbacea,61.180115
CBN-Pla-A3-20150723,2,1397043,Veronica alpina,60.543163
CBN-Pla-A3-20150723,3,1396843,Trifolium alpinum,60.376476
CBN-Pla-A3-20150811,1,1395807,Salix herbacea,61.145466
CBN-Pla-A3-20150811,2,1388766,Botrychium simplex,60.646484
CBN-Pla-A3-20150811,3,1741880,Salix serpillifolia,60.425716
CBN-Pla-A3-20150901,1,1412857,Omalotheca supina,63.590118
CBN-Pla-A3-20150901,2,1396253,Sibbaldia procumbens,63.490719
CBN-Pla-A3-20150901,3,1396144,Sedum alpestre,62.649689
CBN-Pla-A3-20160707,1,1396144,Sedum alpestre,64.476303
CBN-Pla-A3-20160707,2,1396094,Arenaria biflora,61.463051
CBN-Pla-A3-20160707,3,1396165,Sedum sexangulare,61.455776
CBN-Pla-A3-20160728,1,1396144,Sedum alpestre,65.822159
CBN-Pla-A3-20160728,2,1397043,Veronica alpina,63.681202
CBN-Pla-A3-20160728,3,1395807,Salix herbacea,62.749470
CBN-Pla-A3-20180724,1,1497667,Tradescantia sillamontana,60.284836
CBN-Pla-A3-20180724,2,1396180,Sempervivum montanum,58.843998
CBN-Pla-A3-20180724,3,1396144,Sedum alpestre,58.675182
CBN-Pla-A3-20180816,1,1396144,Sedum alpestre,65.477898
CBN-Pla-A3-20180816,2,1395807,Salix herbacea,63.239857
CBN-Pla-A3-20180816,3,1397043,Veronica alpina,63.212868
CBN-Pla-A3-20180906,1,1396144,Sedum alpestre,66.787506
CBN-Pla-A3-20180906,2,1396843,Trifolium alpinum,63.439163
CBN-Pla-A3-20180906,3,1395807,Salix herbacea,62.773285
CBN-Pla-A3-20190723,1,1396144,Sedum alpestre,62.792660
CBN-Pla-A3-20190723,2,1396253,Sibbaldia procumbens,61.931808
CBN-Pla-A3-20190723,3,1395807,Salix herbacea,61.565228
CBN-Pla-A3-20190814,1,1361367,Poa alpina,61.147667
CBN-Pla-A3-20190814,2,1396144,Sedum alpestre,61.040161
CBN-Pla-A3-20190814,3,1395807,Salix herbacea,60.724567
CBN-Pla-A3-20200723,1,1395807,Salix herbacea,63.379738
CBN-Pla-A3-20200723,2,1397043,Veronica alpina,62.870636
CBN-Pla-A3-20200723,3,1647677,Alopecurus gerardii,62.509533
CBN-Pla-A3-20200814,1,1396144,Sedum alpestre,64.819351
CBN-Pla-A3-20200814,2,1396843,Trifolium alpinum,63.056789
CBN-Pla-A3-20200814,3,1741880,Salix serpillifolia,62.692421
CBN-Pla-A4-20130724,1,1392541,Gentiana brachyphylla,57.937286
CBN-Pla-A4-20130724,2,1363543,Stenotaphrum secundatum,57.613701
CBN-Pla-A4-20130724,3,1363619,Crassula muscosa,56.834152
CBN-Pla-A4-20130808,1,1741880,Salix serpillifolia,67.176712
CBN-Pla-A4-20130808,2,1395870,Salix retusa,65.454269
CBN-Pla-A4-20130808,3,1395807,Salix herbacea,62.794273
CBN-Pla-A4-20130904,1,1741880,Salix serpillifolia,68.022682
CBN-Pla-A4-20130904,2,1395870,Salix retusa,66.219704
CBN-Pla-A4-20130904,3,1395807,Salix herbacea,63.606705
CBN-Pla-A4-20140722,1,1395870,Salix retusa,60.129677
CBN-Pla-A4-20140722,2,1741880,Salix serpillifolia,60.040634
CBN-Pla-A4-20140722,3,1390793,Carex curvula,59.819542
CBN-Pla-A4-20140812,1,1395870,Salix retusa,66.553940
CBN-Pla-A4-20140812,2,1741880,Salix serpillifolia,65.293396
CBN-Pla-A4-20140812,3,1395807,Salix herbacea,64.337959
CBN-Pla-A4-20140902,1,1395870,Salix retusa,67.588211
CBN-Pla-A4-20140902,2,1741880,Salix serpillifolia,66.911568
CBN-Pla-A4-20140902,3,1361367,Poa alpina,62.628021
CBN-Pla-A4-20150702,1,1741880,Salix serpillifolia,58.999687
CBN-Pla-A4-20150702,2,1361141,Agrostis rupestris,58.975803
CBN-Pla-A4-20150702,3,1390793,Carex curvula,58.956997
CBN-Pla-A4-20150723,1,1395870,Salix retusa,69.177856
CBN-Pla-A4-20150723,2,1741880,Salix serpillifolia,67.779602
CBN-Pla-A4-20150723,3,1396869,Trifolium thalii,63.641182
CBN-Pla-A4-20150811,1,1741880,Salix serpillifolia,68.224693
CBN-Pla-A4-20150811,2,1395870,Salix retusa,66.573044
CBN-Pla-A4-20150811,3,1395807,Salix herbacea,64.057152
CBN-Pla-A4-20150901,1,1395870,Salix retusa,66.357536
CBN-Pla-A4-20150901,2,1741880,Salix serpillifolia,65.676804
CBN-Pla-A4-20150901,3,1395718,Sagina saginoides,65.468208
CBN-Pla-A4-20160707,1,1741880,Salix serpillifolia,61.525314
CBN-Pla-A4-20160707,2,1396839,Trichophorum pumilum,60.898689
CBN-Pla-A4-20160707,3,1363615,Crassula ovata,60.707405
CBN-Pla-A4-20160728,1,1395870,Salix retusa,65.408691
CBN-Pla-A4-20160728,2,1397043,Veronica alpina,63.153664
CBN-Pla-A4-20160728,3,1395807,Salix herbacea,62.961277
CBN-Pla-A4-20180724,1,1391797,Dryas octopetala,58.729298
CBN-Pla-A4-20180724,2,1486726,Cylindropuntia leptocaulis,58.423908
CBN-Pla-A4-20180724,3,1588800,Gagea luberonensis,58.333179
CBN-Pla-A4-20180816,1,1741880,Salix serpillifolia,66.279701
CBN-Pla-A4-20180816,2,1395870,Salix retusa,65.534821
CBN-Pla-A4-20180816,3,1394311,Oreochloa disticha,63.088051
CBN-Pla-A4-20180906,1,1741880,Salix serpillifolia,66.967979
CBN-Pla-A4-20180906,2,1395870,Salix retusa,66.417664
CBN-Pla-A4-20180906,3,1397043,Veronica alpina,63.846302
CBN-Pla-A4-20190723,1,1741880,Salix serpillifolia,65.366463
CBN-Pla-A4-20190723,2,1395870,Salix retusa,63.151909
CBN-Pla-A4-20190723,3,1395807,Salix herbacea,61.510757
CBN-Pla-A4-20190814,1,1741880,Salix serpillifolia,66.324692
CBN-Pla-A4-20190814,2,1395870,Salix retusa,65.686066
CBN-Pla-A4-20190814,3,1395807,Salix herbacea,61.814293
CBN-Pla-A4-20200723,1,1741880,Salix serpillifolia,65.976326
CBN-Pla-A4-20200723,2,1395870,Salix retusa,64.778183
CBN-Pla-A4-20200723,3,1396253,Sibbaldia procumbens,62.789082
CBN-Pla-A4-20200814,1,1395870,Salix retusa,65.103134
CBN-Pla-A4-20200814,2,1741880,Salix serpillifolia,63.518250
CBN-Pla-A4-20200814,3,1395807,Salix herbacea,63.027832
CBN-Pla-A5-20130724,1,1744293,Pinguicula tejedensis,59.291454
CBN-Pla-A5-20130724,2,1393544,Limonium acutifolium,58.350338
CBN-Pla-A5-20130724,3,1392522,Genista pulchella,57.619217
CBN-Pla-A5-20130808,1,1741880,Salix serpillifolia,68.250633
CBN-Pla-A5-20130808,2,1395870,Salix retusa,66.211975
CBN-Pla-A5-20130808,3,1392541,Gentiana brachyphylla,61.405731
CBN-Pla-A5-20130904,1,1395870,Salix retusa,67.990456
CBN-Pla-A5-20130904,2,1741880,Salix serpillifolia,67.715103
CBN-Pla-A5-20130904,3,1392632,Globularia repens,62.737434
CBN-Pla-A5-20140722,1,1418612,Carex firma,59.992775
CBN-Pla-A5-20140722,2,1396144,Sedum alpestre,59.948357
CBN-Pla-A5-20140722,3,1390793,Carex curvula,58.475796
CBN-Pla-A5-20140812,1,1741880,Salix serpillifolia,66.415001
CBN-Pla-A5-20140812,2,1396144,Sedum alpestre,66.272072
CBN-Pla-A5-20140812,3,1395870,Salix retusa,66.026016
CBN-Pla-A5-20140902,1,1395870,Salix retusa,66.951889
CBN-Pla-A5-20140902,2,1741880,Salix serpillifolia,66.712326
CBN-Pla-A5-20140902,3,1361367,Poa alpina,61.815773
CBN-Pla-A5-20150702,1,1395870,Salix retusa,59.034050
CBN-Pla-A5-20150702,2,1396094,Arenaria biflora,58.929375
CBN-Pla-A5-20150702,3,1394643,Antennaria dioica,58.615841
CBN-Pla-A5-20150723,1,1395870,Salix retusa,66.451279
CBN-Pla-A5-20150723,2,1741880,Salix serpillifolia,66.104424
CBN-Pla-A5-20150723,3,1394643,Antennaria dioica,62.263405
CBN-Pla-A5-20150811,1,1395870,Salix retusa,66.375153
CBN-Pla-A5-20150811,2,1741880,Salix serpillifolia,66.130440
CBN-Pla-A5-20150811,3,1742053,Omalotheca hoppeana,64.351959
CBN-Pla-A5-20160707,1,1412857,Omalotheca supina,63.337147
CBN-Pla-A5-20160707,2,1741880,Salix serpillifolia,61.900177
CBN-Pla-A5-20160707,3,1742053,Omalotheca hoppeana,61.443310
CBN-Pla-A5-20160728,1,1395870,Salix retusa,65.348137
CBN-Pla-A5-20160728,2,1741880,Salix serpillifolia,64.783409
CBN-Pla-A5-20160728,3,1396843,Trifolium alpinum,63.885147
CBN-Pla-A5-20180724,1,1390837,Carex humilis,60.265137
CBN-Pla-A5-20180724,2,1396111,Arenaria erinacea,60.002945
CBN-Pla-A5-20180724,3,1741880,Salix serpillifolia,59.061371
CBN-Pla-A5-20180816,1,1395870,Salix retusa,66.616402
CBN-Pla-A5-20180816,2,1741880,Salix serpillifolia,66.594086
CBN-Pla-A5-20180816,3,1742053,Omalotheca hoppeana,62.522549
CBN-Pla-A5-20180906,1,1395870,Salix retusa,67.324951
CBN-Pla-A5-20180906,2,1741880,Salix serpillifolia,66.661461
CBN-Pla-A5-20180906,3,1742053,Omalotheca hoppeana,65.592384
CBN-Pla-A5-20190723,1,1741880,Salix serpillifolia,66.768471
CBN-Pla-A5-20190723,2,1395870,Salix retusa,65.266243
CBN-Pla-A5-20190723,3,1394542,Phyteuma hemisphaericum,61.584835
CBN-Pla-A5-20190814,1,1395870,Salix retusa,67.271591
CBN-Pla-A5-20190814,2,1741880,Salix serpillifolia,65.974655
CBN-Pla-A5-20190814,3,1412857,Omalotheca supina,65.777306
CBN-Pla-A5-20200723,1,1741880,Salix serpillifolia,66.189270
CBN-Pla-A5-20200723,2,1395870,Salix retusa,65.381058
CBN-Pla-A5-20200723,3,1360141,Portulaca oleracea,61.926060
CBN-Pla-A5-20200814,1,1395870,Salix retusa,66.537552
CBN-Pla-A5-20200814,2,1741880,Salix serpillifolia,66.417053
CBN-Pla-A5-20200814,3,1742053,Omalotheca hoppeana,65.191170
CBN-Pla-A6-20130724,1,1395974,Saxifraga florulenta,58.741241
CBN-Pla-A6-20130724,2,1418688,Arctous alpina,58.533546
CBN-Pla-A6-20130724,3,1741880,Salix serpillifolia,58.489212
CBN-Pla-A6-20130808,1,1741880,Salix serpillifolia,66.411682
CBN-Pla-A6-20130808,2,1395870,Salix retusa,65.325546
CBN-Pla-A6-20130808,3,1396253,Sibbaldia procumbens,63.704971
CBN-Pla-A6-20130904,1,1741880,Salix serpillifolia,67.622467
CBN-Pla-A6-20130904,2,1395870,Salix retusa,65.686310
CBN-Pla-A6-20130904,3,1395807,Salix herbacea,62.215340
CBN-Pla-A6-20140722,1,1741880,Salix serpillifolia,62.548183
CBN-Pla-A6-20140722,2,1395870,Salix retusa,60.689873
CBN-Pla-A6-20140722,3,1396144,Sedum alpestre,59.397743
CBN-Pla-A6-20140812,1,1395870,Salix retusa,66.244751
CBN-Pla-A6-20140812,2,1396144,Sedum alpestre,65.995880
CBN-Pla-A6-20140812,3,1741880,Salix serpillifolia,64.954041
CBN-Pla-A6-20140902,1,1395870,Salix retusa,65.111176
CBN-Pla-A6-20140902,2,1741880,Salix serpillifolia,64.851074
CBN-Pla-A6-20140902,3,1395807,Salix herbacea,62.260605
CBN-Pla-A6-20150702,1,1396253,Sibbaldia procumbens,62.236603
CBN-Pla-A6-20150702,2,1741880,Salix serpillifolia,62.151070
CBN-Pla-A6-20150702,3,1396094,Arenaria biflora,60.826309
CBN-Pla-A6-20150723,1,1741880,Salix serpillifolia,65.536819
CBN-Pla-A6-20150723,2,1396869,Trifolium thalii,64.886581
CBN-Pla-A6-20150723,3,1395870,Salix retusa,64.376251
CBN-Pla-A6-20150811,1,1741880,Salix serpillifolia,65.779655
CBN-Pla-A6-20150811,2,1395870,Salix retusa,65.060837
CBN-Pla-A6-20150811,3,1396253,Sibbaldia procumbens,63.413948
CBN-Pla-A6-20150901,1,1396253,Sibbaldia procumbens,64.670876
CBN-Pla-A6-20150901,2,1741880,Salix serpillifolia,64.007736
CBN-Pla-A6-20150901,3,1392541,Gentiana brachyphylla,64.007172
CBN-Pla-A6-20160707,1,1396253,Sibbaldia procumbens,61.720505
CBN-Pla-A6-20160707,2,1363543,Stenotaphrum secundatum,61.172436
CBN-Pla-A6-20160707,3,1395807,Salix herbacea,59.808964
CBN-Pla-A6-20160728,1,1395870,Salix retusa,63.043842
CBN-Pla-A6-20160728,2,1741880,Salix serpillifolia,62.460129
CBN-Pla-A6-20160728,3,1396869,Trifolium thalii,62.171692
CBN-Pla-A6-20180724,1,1397279,Alchemilla alpina,57.880966
CBN-Pla-A6-20180724,2,1418688,Arctous alpina,57.726238
CBN-Pla-A6-20180724,3,1396253,Sibbaldia procumbens,57.581882
CBN-Pla-A6-20180816,1,1395870,Salix retusa,63.849121
CBN-Pla-A6-20180816,2,1741880,Salix serpillifolia,63.550171
CBN-Pla-A6-20180816,3,1396253,Sibbaldia procumbens,62.297607
CBN-Pla-A6-20180906,1,1396144,Sedum alpestre,63.355293
CBN-Pla-A6-20180906,2,1741880,Salix serpillifolia,62.690327
CBN-Pla-A6-20180906,3,1395870,Salix retusa,62.374550
CBN-Pla-A6-20190723,1,1395870,Salix retusa,64.749916
CBN-Pla-A6-20190723,2,1395862,Salix pyrenaica,62.360119
CBN-Pla-A6-20190723,3,1395807,Salix herbacea,62.254002
CBN-Pla-A6-20190814,1,1395870,Salix retusa,64.786255
CBN-Pla-A6-20190814,2,1396843,Trifolium alpinum,63.663689
CBN-Pla-A6-20190814,3,1396144,Sedum alpestre,63.526535
CBN-Pla-A6-20200723,1,1741880,Salix serpillifolia,64.885941
CBN-Pla-A6-20200723,2,1741624,Lotus alpinus,64.813004
CBN-Pla-A6-20200723,3,1395870,Salix retusa,64.112663
CBN-Pla-A6-20200814,1,1741880,Salix serpillifolia,62.676598
CBN-Pla-A6-20200814,2,1395807,Salix herbacea,62.517807
CBN-Pla-A6-20200814,3,1395870,Salix retusa,62.318863
CBN-Pla-B1-20130724,1,1363133,Triglochin striata,58.005718
CBN-Pla-B1-20130724,2,1361099,Isolepis cernua,56.010689
CBN-Pla-B1-20130724,3,1393318,Isolepis prolifera,55.471733
CBN-Pla-B1-20130808,1,1396253,Sibbaldia procumbens,65.254814
CBN-Pla-B1-20130808,2,1395807,Salix herbacea,61.042702
CBN-Pla-B1-20130808,3,1741880,Salix serpillifolia,60.605389
CBN-Pla-B1-20130904,1,1396253,Sibbaldia procumbens,63.618149
CBN-Pla-B1-20130904,2,1395807,Salix herbacea,62.010128
CBN-Pla-B1-20130904,3,1394366,Oxyria digyna,60.348450
CBN-Pla-B1-20140722,1,1390793,Carex curvula,59.955700
CBN-Pla-B1-20140722,2,1396253,Sibbaldia procumbens,58.765747
CBN-Pla-B1-20140722,3,1392241,Alchemilla pentaphyllea,58.290955
CBN-Pla-B1-20140812,1,1396253,Sibbaldia procumbens,64.614464
CBN-Pla-B1-20140812,2,1412857,Omalotheca supina,64.505615
CBN-Pla-B1-20140812,3,1395807,Salix herbacea,63.831772
CBN-Pla-B1-20140902,1,1361367,Poa alpina,63.561150
CBN-Pla-B1-20140902,2,1396253,Sibbaldia procumbens,63.373623
CBN-Pla-B1-20140902,3,1742053,Omalotheca hoppeana,62.219940
CBN-Pla-B1-20150702,1,1396253,Sibbaldia procumbens,61.676666
CBN-Pla-B1-20150702,2,1418612,Carex firma,60.240814
CBN-Pla-B1-20150702,3,1394643,Antennaria dioica,59.851151
CBN-Pla-B1-20150723,1,1396253,Sibbaldia procumbens,63.214039
CBN-Pla-B1-20150723,2,1742053,Omalotheca hoppeana,62.311935
CBN-Pla-B1-20150723,3,1361367,Poa alpina,62.161827
CBN-Pla-B1-20150811,1,1396253,Sibbaldia procumbens,63.499229
CBN-Pla-B1-20150811,2,1741880,Salix serpillifolia,61.563377
CBN-Pla-B1-20150811,3,1361275,Festuca indigesta,60.105927
CBN-Pla-B1-20150901,1,1396253,Sibbaldia procumbens,64.240707
CBN-Pla-B1-20150901,2,1395870,Salix retusa,62.368019
CBN-Pla-B1-20150901,3,1394311,Oreochloa disticha,61.148964
CBN-Pla-B1-20160707,1,1396253,Sibbaldia procumbens,63.087151
CBN-Pla-B1-20160707,2,1741880,Salix serpillifolia,61.072441
CBN-Pla-B1-20160707,3,1412857,Omalotheca supina,60.593140
CBN-Pla-B1-20160728,1,1396253,Sibbaldia procumbens,64.524513
CBN-Pla-B1-20160728,2,1397465,Polygala alpina,62.302952
CBN-Pla-B1-20160728,3,1395807,Salix herbacea,62.196293
CBN-Pla-B1-20180724,1,1396253,Sibbaldia procumbens,60.054588
CBN-Pla-B1-20180724,2,1363619,Crassula muscosa,57.739426
CBN-Pla-B1-20180724,3,1609716,Epilobium komarovianum,56.406132
CBN-Pla-B1-20180816,1,1396253,Sibbaldia procumbens,61.656147
CBN-Pla-B1-20180816,2,1394366,Oxyria digyna,61.551144
CBN-Pla-B1-20180816,3,1741880,Salix serpillifolia,61.132915
CBN-Pla-B1-20180906,1,1396253,Sibbaldia procumbens,63.328796
CBN-Pla-B1-20180906,2,1609716,Epilobium komarovianum,61.448231
CBN-Pla-B1-20180906,3,1412857,Omalotheca supina,61.440109
CBN-Pla-B1-20190723,1,1396253,Sibbaldia procumbens,61.410576
CBN-Pla-B1-20190723,2,1741880,Salix serpillifolia,59.490196
CBN-Pla-B1-20190723,3,1395807,Salix herbacea,59.450867
CBN-Pla-B1-20190814,1,1392260,Festuca alpina,62.427658
CBN-Pla-B1-20190814,2,1651061,Festuca clementei,61.320511
CBN-Pla-B1-20190814,3,1647156,Armeria humilis,61.320213
CBN-Pla-B1-20200630,1,1393911,Najas gracillima,49.463825
CBN-Pla-B1-20200630,2,1743300,Sulla spinosissima,48.386032
CBN-Pla-B1-20200630,3,1361091,Eleocharis acicularis,48.172615
CBN-Pla-B1-20200723,1,1741880,Salix serpillifolia,63.426331
CBN-Pla-B1-20200723,2,1396253,Sibbaldia procumbens,62.929420
CBN-Pla-B1-20200723,3,1742053,Omalotheca hoppeana,62.357719
CBN-Pla-B1-20200814,1,1743471,Festuca glacialis,62.505081
CBN-Pla-B1-20200814,2,1397381,Euphrasia minima,61.381561
CBN-Pla-B1-20200814,3,1392330,Festuca pyrenaica,61.212551
CBN-Pla-B2-20130724,1,1394044,Onoclea sensibilis,57.840538
CBN-Pla-B2-20130724,2,1390532,Salvinia molesta,56.706928
CBN-Pla-B2-20130724,3,1390495,Fascicularia bicolor,56.152416
CBN-Pla-B2-20130808,1,1412857,Omalotheca supina,64.180038
CBN-Pla-B2-20130808,2,1396253,Sibbaldia procumbens,63.583553
CBN-Pla-B2-20130808,3,1395807,Salix herbacea,62.139229
CBN-Pla-B2-20130904,1,1395807,Salix herbacea,62.378368
CBN-Pla-B2-20130904,2,1363543,Stenotaphrum secundatum,61.413414
CBN-Pla-B2-20130904,3,1395870,Salix retusa,59.444061
CBN-Pla-B2-20140722,1,1741880,Salix serpillifolia,59.467113
CBN-Pla-B2-20140722,2,1609716,Epilobium komarovianum,58.676598
CBN-Pla-B2-20140722,3,1390793,Carex curvula,58.647404
CBN-Pla-B2-20140812,1,1395807,Salix herbacea,62.710327
CBN-Pla-B2-20140812,2,1396843,Trifolium alpinum,62.707325
CBN-Pla-B2-20140812,3,1412857,Omalotheca supina,62.239243
CBN-Pla-B2-20140902,1,1396843,Trifolium alpinum,63.237427
CBN-Pla-B2-20140902,2,1395807,Salix herbacea,62.764614
CBN-Pla-B2-20140902,3,1395870,Salix retusa,60.764671
CBN-Pla-B2-20150702,1,1396253,Sibbaldia procumbens,59.347656
CBN-Pla-B2-20150702,2,1412857,Omalotheca supina,58.719852
CBN-Pla-B2-20150702,3,1390793,Carex curvula,58.560902
CBN-Pla-B2-20150723,1,1396253,Sibbaldia procumbens,63.206963
CBN-Pla-B2-20150723,2,1741880,Salix serpillifolia,62.429386
CBN-Pla-B2-20150723,3,1396843,Trifolium alpinum,61.902111
CBN-Pla-B2-20150811,1,1392552,Gentiana nivalis,67.643204
CBN-Pla-B2-20150811,2,1396843,Trifolium alpinum,63.608780
CBN-Pla-B2-20150811,3,1741880,Salix serpillifolia,63.039318
CBN-Pla-B2-20150901,1,1396253,Sibbaldia procumbens,63.518620
CBN-Pla-B2-20150901,2,1741880,Salix serpillifolia,63.131523
CBN-Pla-B2-20150901,3,1392552,Gentiana nivalis,62.926823
CBN-Pla-B2-20160707,1,1396253,Sibbaldia procumbens,62.634811
CBN-Pla-B2-20160707,2,1741880,Salix serpillifolia,61.744232
CBN-Pla-B2-20160707,3,1363615,Crassula ovata,60.005161
CBN-Pla-B2-20160728,1,1741880,Salix serpillifolia,61.966393
CBN-Pla-B2-20160728,2,1395807,Salix herbacea,61.906765
CBN-Pla-B2-20160728,3,1396843,Trifolium alpinum,61.592606
CBN-Pla-B2-20180724,1,1418688,Arctous alpina,57.613239
CBN-Pla-B2-20180724,2,1390793,Carex curvula,57.144733
CBN-Pla-B2-20180724,3,1396107,Sclerochloa dura,56.963875
CBN-Pla-B2-20180816,1,1741880,Salix serpillifolia,66.306389
CBN-Pla-B2-20180816,2,1395807,Salix herbacea,62.638550
CBN-Pla-B2-20180816,3,1412857,Omalotheca supina,62.060131
CBN-Pla-B2-20180906,1,1396843,Trifolium alpinum,62.572289
CBN-Pla-B2-20180906,2,1364066,Veronica serpyllifolia,62.457718
CBN-Pla-B2-20180906,3,1396253,Sibbaldia procumbens,61.715923
CBN-Pla-B2-20190723,1,1741880,Salix serpillifolia,62.663929
CBN-Pla-B2-20190723,2,1395807,Salix herbacea,61.673790
CBN-Pla-B2-20190723,3,1389392,Euphorbia minuta,60.647171
CBN-Pla-B2-20190814,1,1362482,Phleum alpinum,64.437752
CBN-Pla-B2-20190814,2,1396253,Sibbaldia procumbens,63.278812
CBN-Pla-B2-20190814,3,1392731,Helictotrichon cantabricum,61.945179
CBN-Pla-B2-20200723,1,1397043,Veronica alpina,64.345291
CBN-Pla-B2-20200723,2,1395807,Salix herbacea,63.753780
CBN-Pla-B2-20200723,3,1396843,Trifolium alpinum,63.397110
CBN-Pla-B2-20200814,1,1392186,Euphorbia pyrenaica,62.115814
CBN-Pla-B2-20200814,2,1741880,Salix serpillifolia,61.515320
CBN-Pla-B2-20200814,3,1395807,Salix herbacea,61.362556
CBN-Pla-B3-20130724,1,1390811,Carex ericetorum,59.442577
CBN-Pla-B3-20130724,2,1528543,Crassula nudicaulis,57.665668
CBN-Pla-B3-20130724,3,1743465,Aloe succotrina,56.564438
CBN-Pla-B3-20130808,1,1396253,Sibbaldia procumbens,64.333138
CBN-Pla-B3-20130808,2,1395807,Salix herbacea,62.220821
CBN-Pla-B3-20130808,3,1412857,Omalotheca supina,60.412212
CBN-Pla-B3-20130904,1,1396253,Sibbaldia procumbens,64.145233
CBN-Pla-B3-20130904,2,1395807,Salix herbacea,62.780262
CBN-Pla-B3-20130904,3,1395870,Salix retusa,60.470154
CBN-Pla-B3-20140722,1,1396253,Sibbaldia procumbens,59.836792
CBN-Pla-B3-20140722,2,1363543,Stenotaphrum secundatum,58.923668
CBN-Pla-B3-20140722,3,1361347,Nardus stricta,57.332127
CBN-Pla-B3-20140812,1,1396253,Sibbaldia procumbens,64.208405
CBN-Pla-B3-20140812,2,1395807,Salix herbacea,63.298485
CBN-Pla-B3-20140812,3,1397043,Veronica alpina,62.683121
CBN-Pla-B3-20140902,1,1361367,Poa alpina,64.738731
CBN-Pla-B3-20140902,2,1396253,Sibbaldia procumbens,63.585327
CBN-Pla-B3-20140902,3,1395807,Salix herbacea,62.292934
CBN-Pla-B3-20150811,1,1396253,Sibbaldia procumbens,62.750351
CBN-Pla-B3-20150811,2,1743471,Festuca glacialis,61.745243
CBN-Pla-B3-20150811,3,1412857,Omalotheca supina,60.934872
CBN-Pla-B3-20150901,1,1396253,Sibbaldia procumbens,63.794453
CBN-Pla-B3-20150901,2,1361347,Nardus stricta,62.897236
CBN-Pla-B3-20150901,3,1395807,Salix herbacea,62.029228
CBN-Pla-B3-20160707,1,1396253,Sibbaldia procumbens,64.228333
CBN-Pla-B3-20160707,2,1361347,Nardus stricta,60.815712
CBN-Pla-B3-20160707,3,1394311,Oreochloa disticha,59.585983
CBN-Pla-B3-20160728,1,1396253,Sibbaldia procumbens,62.648872
CBN-Pla-B3-20160728,2,1395807,Salix herbacea,62.345886
CBN-Pla-B3-20160728,3,1397386,Festuca scabriculmis,60.960045
CBN-Pla-B3-20180724,1,1394643,Antennaria dioica,58.040688
CBN-Pla-B3-20180724,2,1363543,Stenotaphrum secundatum,56.293472
CBN-Pla-B3-20180724,3,1741880,Salix serpillifolia,56.107460
CBN-Pla-B3-20180816,1,1396253,Sibbaldia procumbens,63.967159
CBN-Pla-B3-20180816,2,1364066,Veronica serpyllifolia,62.349434
CBN-Pla-B3-20180816,3,1395807,Salix herbacea,61.656658
CBN-Pla-B3-20180906,1,1396253,Sibbaldia procumbens,63.942551
CBN-Pla-B3-20180906,2,1395807,Salix herbacea,62.615440
CBN-Pla-B3-20180906,3,1412857,Omalotheca supina,60.291252
CBN-Pla-B3-20190723,1,1396253,Sibbaldia procumbens,61.582287
CBN-Pla-B3-20190723,2,1395807,Salix herbacea,61.529148
CBN-Pla-B3-20190723,3,1394366,Oxyria digyna,59.857513
CBN-Pla-B3-20190814,1,1396253,Sibbaldia procumbens,61.665302
CBN-Pla-B3-20190814,2,1395807,Salix herbacea,61.128483
CBN-Pla-B3-20190814,3,1697384,Viola nummulariifolia,60.961178
CBN-Pla-B3-20200723,1,1396253,Sibbaldia procumbens,63.372017
CBN-Pla-B3-20200723,2,1395807,Salix herbacea,62.266487
CBN-Pla-B3-20200723,3,1412857,Omalotheca supina,60.295380
CBN-Pla-B3-20200814,1,1396253,Sibbaldia procumbens,63.137310
CBN-Pla-B3-20200814,2,1397468,Primula pedemontana,62.486698
CBN-Pla-B3-20200814,3,1362482,Phleum alpinum,62.273361
CBN-Pla-B4-20130724,1,1647156,Armeria humilis,58.178249
CBN-Pla-B4-20130724,2,1397376,Ephedra distachya,57.103241
CBN-Pla-B4-20130724,3,1361347,Nardus stricta,56.931469
CBN-Pla-B4-20130808,1,1395870,Salix retusa,65.609955
CBN-Pla-B4-20130808,2,1395807,Salix herbacea,63.847107
CBN-Pla-B4-20130808,3,1741880,Salix serpillifolia,63.199863
CBN-Pla-B4-20130904,1,1395870,Salix retusa,62.225792
CBN-Pla-B4-20130904,2,1741880,Salix serpillifolia,61.646873
CBN-Pla-B4-20130904,3,1397043,Veronica alpina,61.620785
CBN-Pla-B4-20140722,1,1361347,Nardus stricta,59.469593
CBN-Pla-B4-20140722,2,1390793,Carex curvula,59.264076
CBN-Pla-B4-20140722,3,1397386,Festuca scabriculmis,57.535622
CBN-Pla-B4-20140812,1,1412857,Omalotheca supina,62.541122
CBN-Pla-B4-20140812,2,1395807,Salix herbacea,61.894680
CBN-Pla-B4-20140812,3,1396253,Sibbaldia procumbens,60.977245
CBN-Pla-B4-20140902,1,1388766,Botrychium simplex,62.805275
CBN-Pla-B4-20140902,2,1395807,Salix herbacea,62.449211
CBN-Pla-B4-20140902,3,1397386,Festuca scabriculmis,62.064240
CBN-Pla-B4-20150702,1,1361141,Agrostis rupestris,57.999161
CBN-Pla-B4-20150702,2,1390793,Carex curvula,57.928398
CBN-Pla-B4-20150702,3,1363543,Stenotaphrum secundatum,57.409775
CBN-Pla-B4-20150723,1,1395807,Salix herbacea,61.081036
CBN-Pla-B4-20150723,2,1394311,Oreochloa disticha,60.604561
CBN-Pla-B4-20150723,3,1396843,Trifolium alpinum,60.427551
CBN-Pla-B4-20150811,1,1362325,Juncus compressus,61.835827
CBN-Pla-B4-20150811,2,1651363,Festuca quadriflora,60.988319
CBN-Pla-B4-20150811,3,1396253,Sibbaldia procumbens,60.940704
CBN-Pla-B4-20150901,1,1395807,Salix herbacea,61.426468
CBN-Pla-B4-20150901,2,1396843,Trifolium alpinum,61.086540
CBN-Pla-B4-20150901,3,1361347,Nardus stricta,60.847687
CBN-Pla-B4-20160707,1,1397386,Festuca scabriculmis,62.169712
CBN-Pla-B4-20160707,2,1363543,Stenotaphrum secundatum,60.084908
CBN-Pla-B4-20160707,3,1396253,Sibbaldia procumbens,59.944733
CBN-Pla-B4-20160728,1,1397043,Veronica alpina,63.416412
CBN-Pla-B4-20160728,2,1397046,Veronica bellidioides,62.519165
CBN-Pla-B4-20160728,3,1395807,Salix herbacea,62.346970
CBN-Pla-B4-20180724,1,1396253,Sibbaldia procumbens,59.638287
CBN-Pla-B4-20180724,2,1361347,Nardus stricta,57.552452
CBN-Pla-B4-20180724,3,1390793,Carex curvula,57.510876
CBN-Pla-B4-20180816,1,1397043,Veronica alpina,64.171547
CBN-Pla-B4-20180816,2,1395870,Salix retusa,61.138309
CBN-Pla-B4-20180816,3,1395807,Salix herbacea,60.980614
CBN-Pla-B4-20180906,1,1397043,Veronica alpina,64.591591
CBN-Pla-B4-20180906,2,1395807,Salix herbacea,62.486584
CBN-Pla-B4-20180906,3,1396253,Sibbaldia procumbens,62.421566
CBN-Pla-B4-20190723,1,1395807,Salix herbacea,61.359337
CBN-Pla-B4-20190723,2,1363543,Stenotaphrum secundatum,60.127945
CBN-Pla-B4-20190723,3,1741880,Salix serpillifolia,60.100689
CBN-Pla-B4-20190814,1,1397386,Festuca scabriculmis,61.563290
CBN-Pla-B4-20190814,2,1396253,Sibbaldia procumbens,60.929710
CBN-Pla-B4-20190814,3,1741880,Salix serpillifolia,60.456062
CBN-Pla-B4-20200723,1,1396253,Sibbaldia procumbens,62.919895
CBN-Pla-B4-20200723,2,1395807,Salix herbacea,62.040527
CBN-Pla-B4-20200723,3,1399800,Pinguicula nevadensis,60.829071
CBN-Pla-B4-20200814,1,1394311,Oreochloa disticha,62.871849
CBN-Pla-B4-20200814,2,1395870,Salix retusa,62.106171
CBN-Pla-B4-20200814,3,1647187,Armeria welwitschii,61.221313
CBN-Pla-B5-20130724,1,1396253,Sibbaldia procumbens,58.398903
CBN-Pla-B5-20130724,2,1647128,Armeria alpina,57.737804
CBN-Pla-B5-20130724,3,1396447,Armeria soleirolii,57.650986
CBN-Pla-B5-20130808,1,1741880,Salix serpillifolia,62.816975
CBN-Pla-B5-20130808,2,1395807,Salix herbacea,62.707138
CBN-Pla-B5-20130808,3,1395870,Salix retusa,62.361458
CBN-Pla-B5-20130904,1,1397043,Veronica alpina,62.778362
CBN-Pla-B5-20130904,2,1647128,Armeria alpina,61.733185
CBN-Pla-B5-20130904,3,1741880,Salix serpillifolia,61.529957
CBN-Pla-B5-20140722,1,1396253,Sibbaldia procumbens,58.969131
CBN-Pla-B5-20140722,2,1363543,Stenotaphrum secundatum,58.427376
CBN-Pla-B5-20140722,3,1743315,Helosciadium bermejoi,58.042351
CBN-Pla-B5-20140812,1,1396144,Sedum alpestre,64.687965
CBN-Pla-B5-20140812,2,1396561,Taraxacum cucullatum,63.165565
CBN-Pla-B5-20140812,3,1397043,Veronica alpina,62.981903
CBN-Pla-B5-20140902,1,1395870,Salix retusa,63.607620
CBN-Pla-B5-20140902,2,1361367,Poa alpina,63.116859
CBN-Pla-B5-20140902,3,1395807,Salix herbacea,62.526279
CBN-Pla-B5-20150702,1,1393708,Lysimachia nummularia,58.684536
CBN-Pla-B5-20150702,2,1744194,Bouteloua dactyloides,57.714718
CBN-Pla-B5-20150702,3,1396253,Sibbaldia procumbens,57.649235
CBN-Pla-B5-20150723,1,1395870,Salix retusa,62.526642
CBN-Pla-B5-20150723,2,1395807,Salix herbacea,61.728004
CBN-Pla-B5-20150723,3,1362482,Phleum alpinum,61.320858
CBN-Pla-B5-20150811,1,1395870,Salix retusa,65.488113
CBN-Pla-B5-20150811,2,1741880,Salix serpillifolia,63.938801
CBN-Pla-B5-20150811,3,1395807,Salix herbacea,61.456177
CBN-Pla-B5-20150901,1,1396144,Sedum alpestre,65.100433
CBN-Pla-B5-20150901,2,1395870,Salix retusa,64.786423
CBN-Pla-B5-20150901,3,1394311,Oreochloa disticha,64.130714
CBN-Pla-B5-20160707,1,1395870,Salix retusa,62.430119
CBN-Pla-B5-20160707,2,1741880,Salix serpillifolia,61.613373
CBN-Pla-B5-20160707,3,1397386,Festuca scabriculmis,59.319595
CBN-Pla-B5-20160728,1,1397043,Veronica alpina,61.845257
CBN-Pla-B5-20160728,2,1394366,Oxyria digyna,60.025536
CBN-Pla-B5-20160728,3,1388766,Botrychium simplex,59.792927
CBN-Pla-B5-20180724,1,1486742,Cylindropuntia tunicata,61.782310
CBN-Pla-B5-20180724,2,1743465,Aloe succotrina,57.903889
CBN-Pla-B5-20180724,3,1363619,Crassula muscosa,57.846977
CBN-Pla-B5-20180816,1,1395870,Salix retusa,65.600937
CBN-Pla-B5-20180816,2,1741880,Salix serpillifolia,62.828453
CBN-Pla-B5-20180816,3,1361367,Poa alpina,62.460934
CBN-Pla-B5-20180906,1,1395870,Salix retusa,62.891609
CBN-Pla-B5-20180906,2,1741880,Salix serpillifolia,62.837685
CBN-Pla-B5-20180906,3,1395807,Salix herbacea,60.871223
CBN-Pla-B5-20190723,1,1397353,Claytonia perfoliata,61.386929
CBN-Pla-B5-20190723,2,1396309,Aristolochia tyrrhena,60.084053
CBN-Pla-B5-20190723,3,1397471,Ranunculus alpestris,59.914665
CBN-Pla-B5-20190814,1,1395870,Salix retusa,65.698586
CBN-Pla-B5-20190814,2,1741880,Salix serpillifolia,65.386856
CBN-Pla-B5-20190814,3,1397043,Veronica alpina,64.432373
CBN-Pla-B5-20200723,1,1397049,Veronica fruticans,63.726795
CBN-Pla-B5-20200723,2,1397043,Veronica alpina,62.451946
CBN-Pla-B5-20200723,3,1395807,Salix herbacea,62.085949
CBN-Pla-B5-20200814,1,1393887,Myosotis corsicana,64.844307
CBN-Pla-B5-20200814,2,1395870,Salix retusa,64.242378
CBN-Pla-B5-20200814,3,1741880,Salix serpillifolia,63.272804
CBN-Pla-B6-20130724,1,1396144,Sedum alpestre,64.916763
CBN-Pla-B6-20130724,2,1397491,Sedum atratum,60.121536
CBN-Pla-B6-20130724,3,1390532,Salvinia molesta,59.860111
CBN-Pla-B6-20130808,1,1396144,Sedum alpestre,66.621620
CBN-Pla-B6-20130808,2,1396253,Sibbaldia procumbens,64.618141
CBN-Pla-B6-20130808,3,1397491,Sedum atratum,62.052269
CBN-Pla-B6-20130904,1,1396144,Sedum alpestre,68.105453
CBN-Pla-B6-20130904,2,1396253,Sibbaldia procumbens,62.707195
CBN-Pla-B6-20130904,3,1395987,Saxifraga hariotii,61.167637
CBN-Pla-B6-20140722,1,1396144,Sedum alpestre,64.742584
CBN-Pla-B6-20140722,2,1397491,Sedum atratum,60.838009
CBN-Pla-B6-20140722,3,1396015,Saxifraga moschata,60.066177
CBN-Pla-B6-20140812,1,1396144,Sedum alpestre,67.804199
CBN-Pla-B6-20140812,2,1396253,Sibbaldia procumbens,62.510082
CBN-Pla-B6-20140812,3,1395987,Saxifraga hariotii,62.216881
CBN-Pla-B6-20140902,1,1396144,Sedum alpestre,66.830147
CBN-Pla-B6-20140902,2,1396015,Saxifraga moschata,64.039223
CBN-Pla-B6-20140902,3,1397386,Festuca scabriculmis,63.358429
CBN-Pla-B6-20150702,1,1396253,Sibbaldia procumbens,61.640625
CBN-Pla-B6-20150702,2,1395807,Salix herbacea,59.960674
CBN-Pla-B6-20150702,3,1395940,Saxifraga aizoides,59.733360
CBN-Pla-B6-20150723,1,1396144,Sedum alpestre,65.007561
CBN-Pla-B6-20150723,2,1395807,Salix herbacea,63.480797
CBN-Pla-B6-20150723,3,1396869,Trifolium thalii,62.271465
CBN-Pla-B6-20150811,1,1396144,Sedum alpestre,66.955994
CBN-Pla-B6-20150811,2,1396663,Taraxacum pyrenaicum,63.992378
CBN-Pla-B6-20150811,3,1396015,Saxifraga moschata,63.805862
CBN-Pla-B6-20150901,1,1396015,Saxifraga moschata,64.986115
CBN-Pla-B6-20150901,2,1395807,Salix herbacea,63.272442
CBN-Pla-B6-20150901,3,1396253,Sibbaldia procumbens,62.991451
CBN-Pla-B6-20160707,1,1396144,Sedum alpestre,64.813705
CBN-Pla-B6-20160707,2,1396015,Saxifraga moschata,62.026054
CBN-Pla-B6-20160707,3,1396023,Saxifraga praetermissa,61.462482
CBN-Pla-B6-20160728,1,1396015,Saxifraga moschata,64.767181
CBN-Pla-B6-20160728,2,1395807,Salix herbacea,63.173668
CBN-Pla-B6-20160728,3,1396144,Sedum alpestre,63.046211
CBN-Pla-B6-20180816,1,1396144,Sedum alpestre,65.556793
CBN-Pla-B6-20180816,2,1397043,Veronica alpina,63.565079
CBN-Pla-B6-20180816,3,1743519,Hexaphylla hirta,63.087379
CBN-Pla-B6-20180906,1,1396144,Sedum alpestre,66.348206
CBN-Pla-B6-20180906,2,1396015,Saxifraga moschata,65.733170
CBN-Pla-B6-20180906,3,1395940,Saxifraga aizoides,63.469315
CBN-Pla-B6-20190723,1,1396144,Sedum alpestre,64.945435
CBN-Pla-B6-20190723,2,1396015,Saxifraga moschata,62.757767
CBN-Pla-B6-20190723,3,1395807,Salix herbacea,62.728031
CBN-Pla-B6-20190814,1,1396015,Saxifraga moschata,65.366028
CBN-Pla-B6-20190814,2,1396144,Sedum alpestre,63.970512
CBN-Pla-B6-20190814,3,1395973,Saxifraga exarata,62.484993
CBN-Pla-B6-20200723,1,1396144,Sedum alpestre,65.067955
CBN-Pla-B6-20200723,2,1395807,Salix herbacea,62.140018
CBN-Pla-B6-20200723,3,1688053,Saxifraga moncayensis,61.989464
CBN-Pla-B6-20200814,1,1396144,Sedum alpestre,65.264038
CBN-Pla-B6-20200814,2,1396015,Saxifraga moschata,63.491730
CBN-Pla-B6-20200814,3,1395940,Saxifraga aizoides,63.171532
CBN-Pla-C1-20130808,1,1396144,Sedum alpestre,65.116554
CBN-Pla-C1-20130808,2,1395870,Salix retusa,63.450722
CBN-Pla-C1-20130808,3,1741880,Salix serpillifolia,63.303436
CBN-Pla-C1-20130904,1,1395870,Salix retusa,64.949554
CBN-Pla-C1-20130904,2,1741880,Salix serpillifolia,64.426132
CBN-Pla-C1-20130904,3,1363618,Crassula multicava,61.083717
CBN-Pla-C1-20150702,1,1396253,Sibbaldia procumbens,60.884487
CBN-Pla-C1-20150702,2,1741880,Salix serpillifolia,60.541428
CBN-Pla-C1-20150702,3,1395870,Salix retusa,60.255615
CBN-Pla-C1-20150723,1,1395870,Salix retusa,64.742554
CBN-Pla-C1-20150723,2,1741880,Salix serpillifolia,63.212906
CBN-Pla-C1-20150723,3,1392534,Gentiana acaulis,62.529430
CBN-Pla-C1-20150811,1,1741880,Salix serpillifolia,64.378571
CBN-Pla-C1-20150811,2,1395870,Salix retusa,62.490627
CBN-Pla-C1-20150811,3,1392534,Gentiana acaulis,61.175385
CBN-Pla-C1-20150901,1,1742053,Omalotheca hoppeana,64.808441
CBN-Pla-C1-20150901,2,1741880,Salix serpillifolia,63.637543
CBN-Pla-C1-20150901,3,1395870,Salix retusa,63.567841
CBN-Pla-C1-20160707,1,1741880,Salix serpillifolia,63.912750
CBN-Pla-C1-20160707,2,1395870,Salix retusa,62.310184
CBN-Pla-C1-20160707,3,1394911,Primula integrifolia,61.049259
CBN-Pla-C1-20160728,1,1395870,Salix retusa,64.648727
CBN-Pla-C1-20160728,2,1741880,Salix serpillifolia,64.421738
CBN-Pla-C1-20160728,3,1741624,Lotus alpinus,64.060776
CBN-Pla-C1-20180816,1,1741624,Lotus alpinus,64.354424
CBN-Pla-C1-20180816,2,1395870,Salix retusa,64.202621
CBN-Pla-C1-20180816,3,1741880,Salix serpillifolia,63.584518
CBN-Pla-C1-20180906,1,1395870,Salix retusa,63.331337
CBN-Pla-C1-20180906,2,1394643,Antennaria dioica,63.303299
CBN-Pla-C1-20180906,3,1394597,Pinguicula corsica,62.176506
CBN-Pla-C1-20190723,1,1392534,Gentiana acaulis,64.864693
CBN-Pla-C1-20190723,2,1392535,Gentiana alpina,64.634888
CBN-Pla-C1-20190723,3,1395870,Salix retusa,64.465340
CBN-Pla-C1-20190814,1,1400176,Bistorta vivipara,64.875336
CBN-Pla-C1-20190814,2,1395870,Salix retusa,64.345863
CBN-Pla-C1-20190814,3,1741880,Salix serpillifolia,64.043350
CBN-Pla-C1-20200723,1,1395870,Salix retusa,64.608643
CBN-Pla-C1-20200723,2,1392534,Gentiana acaulis,62.464649
CBN-Pla-C1-20200723,3,1392541,Gentiana brachyphylla,61.318954
CBN-Pla-C1-20200814,1,1395870,Salix retusa,62.755322
CBN-Pla-C1-20200814,2,1741880,Salix serpillifolia,61.626816
CBN-Pla-C1-20200814,3,1395807,Salix herbacea,61.303905
CBN-Pla-C2-20130808,1,1396253,Sibbaldia procumbens,64.727638
CBN-Pla-C2-20130808,2,1741880,Salix serpillifolia,62.308193
CBN-Pla-C2-20130808,3,1395807,Salix herbacea,60.990494
CBN-Pla-C2-20130904,1,1395870,Salix retusa,64.970451
CBN-Pla-C2-20130904,2,1741880,Salix serpillifolia,64.500526
CBN-Pla-C2-20130904,3,1390884,Carex pauciflora,62.722660
CBN-Pla-C2-20140722,1,1396144,Sedum alpestre,62.208378
CBN-Pla-C2-20140722,2,1397491,Sedum atratum,59.815964
CBN-Pla-C2-20140722,3,1396145,Sedum annuum,59.066071
CBN-Pla-C2-20140902,1,1395870,Salix retusa,65.367844
CBN-Pla-C2-20140902,2,1412857,Omalotheca supina,64.888992
CBN-Pla-C2-20140902,3,1741880,Salix serpillifolia,63.905411
CBN-Pla-C2-20150702,1,1395870,Salix retusa,61.628170
CBN-Pla-C2-20150702,2,1741880,Salix serpillifolia,61.323452
CBN-Pla-C2-20150702,3,1388766,Botrychium simplex,60.089481
CBN-Pla-C2-20150723,1,1741880,Salix serpillifolia,65.622002
CBN-Pla-C2-20150723,2,1395870,Salix retusa,64.426987
CBN-Pla-C2-20150723,3,1397046,Veronica bellidioides,62.069176
CBN-Pla-C2-20150811,1,1741880,Salix serpillifolia,65.626419
CBN-Pla-C2-20150811,2,1395870,Salix retusa,64.023827
CBN-Pla-C2-20150811,3,1412857,Omalotheca supina,61.284283
CBN-Pla-C2-20150901,1,1394542,Phyteuma hemisphaericum,67.826508
CBN-Pla-C2-20150901,2,1741880,Salix serpillifolia,64.396584
CBN-Pla-C2-20150901,3,1395870,Salix retusa,64.097099
CBN-Pla-C2-20160707,1,1396253,Sibbaldia procumbens,60.293373
CBN-Pla-C2-20160707,2,1392241,Alchemilla pentaphyllea,59.049751
CBN-Pla-C2-20160707,3,1393619,Logfia minima,59.044930
CBN-Pla-C2-20160728,1,1412857,Omalotheca supina,62.976040
CBN-Pla-C2-20160728,2,1742053,Omalotheca hoppeana,62.703522
CBN-Pla-C2-20160728,3,1400176,Bistorta vivipara,62.064884
CBN-Pla-C2-20180724,1,1743471,Festuca glacialis,61.537006
CBN-Pla-C2-20180724,2,1412857,Omalotheca supina,59.993881
CBN-Pla-C2-20180724,3,1361275,Festuca indigesta,58.170326
CBN-Pla-C2-20180816,1,1412857,Omalotheca supina,65.109253
CBN-Pla-C2-20180816,2,1396253,Sibbaldia procumbens,63.595840
CBN-Pla-C2-20180816,3,1742053,Omalotheca hoppeana,62.117767
CBN-Pla-C2-20180906,1,1412857,Omalotheca supina,65.128143
CBN-Pla-C2-20180906,2,1742053,Omalotheca hoppeana,63.932823
CBN-Pla-C2-20180906,3,1396253,Sibbaldia procumbens,63.464817
CBN-Pla-C2-20190723,1,1396253,Sibbaldia procumbens,64.006424
CBN-Pla-C2-20190723,2,1741554,Gymnadenia intermedia,62.290306
CBN-Pla-C2-20190723,3,1392541,Gentiana brachyphylla,61.446770
CBN-Pla-C2-20190814,1,1396253,Sibbaldia procumbens,64.093681
CBN-Pla-C2-20190814,2,1397046,Veronica bellidioides,62.955166
CBN-Pla-C2-20190814,3,1397043,Veronica alpina,62.857933
CBN-Pla-C2-20200723,1,1396253,Sibbaldia procumbens,64.589828
CBN-Pla-C2-20200723,2,1412857,Omalotheca supina,63.617641
CBN-Pla-C2-20200723,3,1400176,Bistorta vivipara,62.187088
CBN-Pla-C2-20200814,1,1742053,Omalotheca hoppeana,64.876633
CBN-Pla-C2-20200814,2,1396253,Sibbaldia procumbens,64.338913
CBN-Pla-C2-20200814,3,1412857,Omalotheca supina,62.485775
CBN-Pla-C3-20130808,1,1394643,Antennaria dioica,62.663879
CBN-Pla-C3-20130808,2,1395807,Salix herbacea,62.299728
CBN-Pla-C3-20130808,3,1400176,Bistorta vivipara,61.397934
CBN-Pla-C3-20130904,1,1400176,Bistorta vivipara,63.804863
CBN-Pla-C3-20130904,2,1392767,Heteranthera reniformis,60.302536
CBN-Pla-C3-20130904,3,1395807,Salix herbacea,60.185970
CBN-Pla-C3-20140722,1,1395870,Salix retusa,59.817631
CBN-Pla-C3-20140722,2,1532190,Carex rorulenta,58.492622
CBN-Pla-C3-20140722,3,1741880,Salix serpillifolia,58.477821
CBN-Pla-C3-20140902,1,1400176,Bistorta vivipara,62.934631
CBN-Pla-C3-20140902,2,1741880,Salix serpillifolia,62.244949
CBN-Pla-C3-20140902,3,1360141,Portulaca oleracea,61.405991
CBN-Pla-C3-20150702,1,1407739,Bromus catharticus,60.657627
CBN-Pla-C3-20150702,2,1390837,Carex humilis,58.804596
CBN-Pla-C3-20150702,3,1396094,Arenaria biflora,58.450722
CBN-Pla-C3-20150723,1,1400176,Bistorta vivipara,64.341827
CBN-Pla-C3-20150723,2,1741880,Salix serpillifolia,63.806023
CBN-Pla-C3-20150723,3,1395870,Salix retusa,62.610199
CBN-Pla-C3-20150811,1,1400176,Bistorta vivipara,63.716942
CBN-Pla-C3-20150811,2,1741880,Salix serpillifolia,62.982693
CBN-Pla-C3-20150811,3,1395807,Salix herbacea,62.399185
CBN-Pla-C3-20150901,1,1741880,Salix serpillifolia,63.605659
CBN-Pla-C3-20150901,2,1400176,Bistorta vivipara,63.135967
CBN-Pla-C3-20150901,3,1395870,Salix retusa,62.908657
CBN-Pla-C3-20160707,1,1396253,Sibbaldia procumbens,62.112053
CBN-Pla-C3-20160707,2,1394643,Antennaria dioica,61.460373
CBN-Pla-C3-20160707,3,1390793,Carex curvula,60.431992
CBN-Pla-C3-20160728,1,1741880,Salix serpillifolia,65.607498
CBN-Pla-C3-20160728,2,1395870,Salix retusa,64.951874
CBN-Pla-C3-20160728,3,1397043,Veronica alpina,62.722176
CBN-Pla-C3-20180724,1,1418688,Arctous alpina,57.699631
CBN-Pla-C3-20180724,2,1609716,Epilobium komarovianum,57.186745
CBN-Pla-C3-20180724,3,1532190,Carex rorulenta,56.781155
CBN-Pla-C3-20180816,1,1412857,Omalotheca supina,63.495239
CBN-Pla-C3-20180816,2,1741880,Salix serpillifolia,63.157448
CBN-Pla-C3-20180816,3,1395870,Salix retusa,62.996140
CBN-Pla-C3-20180906,1,1390899,Carex pyrenaica,64.070831
CBN-Pla-C3-20180906,2,1412857,Omalotheca supina,64.068352
CBN-Pla-C3-20180906,3,1741880,Salix serpillifolia,63.873314
CBN-Pla-C3-20190723,1,1741880,Salix serpillifolia,64.855873
CBN-Pla-C3-20190723,2,1400176,Bistorta vivipara,62.174721
CBN-Pla-C3-20190723,3,1395807,Salix herbacea,61.752640
CBN-Pla-C3-20190814,1,1741880,Salix serpillifolia,64.049667
CBN-Pla-C3-20190814,2,1395870,Salix retusa,62.662083
CBN-Pla-C3-20190814,3,1361367,Poa alpina,62.163864
CBN-Pla-C3-20200723,1,1741880,Salix serpillifolia,63.601574
CBN-Pla-C3-20200723,2,1400176,Bistorta vivipara,63.305557
CBN-Pla-C3-20200723,3,1395870,Salix retusa,63.028378
CBN-Pla-C3-20200814,1,1400176,Bistorta vivipara,64.601936
CBN-Pla-C3-20200814,2,1741880,Salix serpillifolia,63.138374
CBN-Pla-C3-20200814,3,1395870,Salix retusa,62.455612
CBN-Pla-C4-20130808,1,1395807,Salix herbacea,63.179493
CBN-Pla-C4-20130808,2,1363543,Stenotaphrum secundatum,60.832184
CBN-Pla-C4-20130808,3,1396253,Sibbaldia procumbens,59.885910
CBN-Pla-C4-20130904,1,1360748,Hydrocotyle vulgaris,61.957016
CBN-Pla-C4-20130904,2,1395807,Salix herbacea,61.607563
CBN-Pla-C4-20130904,3,1363133,Triglochin striata,61.514763
CBN-Pla-C4-20140902,1,1395807,Salix herbacea,62.836746
CBN-Pla-C4-20140902,2,1361099,Isolepis cernua,62.139977
CBN-Pla-C4-20140902,3,1361367,Poa alpina,60.974945
CBN-Pla-C4-20150702,1,1390811,Carex ericetorum,61.542412
CBN-Pla-C4-20150702,2,1407739,Bromus catharticus,60.603695
CBN-Pla-C4-20150702,3,1396094,Arenaria biflora,59.199940
CBN-Pla-C4-20150723,1,1395807,Salix herbacea,61.642204
CBN-Pla-C4-20150723,2,1396253,Sibbaldia procumbens,60.719162
CBN-Pla-C4-20150723,3,1361273,Festuca hystrix,60.556194
CBN-Pla-C4-20150811,1,1396843,Trifolium alpinum,62.198956
CBN-Pla-C4-20150811,2,1741880,Salix serpillifolia,61.192596
CBN-Pla-C4-20150811,3,1395870,Salix retusa,60.716404
CBN-Pla-C4-20150901,1,1396253,Sibbaldia procumbens,61.246300
CBN-Pla-C4-20150901,2,1396869,Trifolium thalii,61.130962
CBN-Pla-C4-20150901,3,1361141,Agrostis rupestris,61.051426
CBN-Pla-C4-20160707,1,1397500,Soldanella alpina,63.962898
CBN-Pla-C4-20160707,2,1397353,Claytonia perfoliata,61.621368
CBN-Pla-C4-20160707,3,1397106,Vicia pyrenaica,61.201927
CBN-Pla-C4-20160728,1,1397043,Veronica alpina,63.244823
CBN-Pla-C4-20160728,2,1395807,Salix herbacea,63.005058
CBN-Pla-C4-20160728,3,1397046,Veronica bellidioides,62.265217
CBN-Pla-C4-20180724,1,1397500,Soldanella alpina,59.796940
CBN-Pla-C4-20180724,2,1396253,Sibbaldia procumbens,58.198761
CBN-Pla-C4-20180724,3,1361347,Nardus stricta,57.763454
CBN-Pla-C4-20180816,1,1396253,Sibbaldia procumbens,65.493584
CBN-Pla-C4-20180816,2,1412857,Omalotheca supina,62.889450
CBN-Pla-C4-20180816,3,1397500,Soldanella alpina,62.224300
CBN-Pla-C4-20180906,1,1396253,Sibbaldia procumbens,65.277214
CBN-Pla-C4-20180906,2,1395807,Salix herbacea,62.184258
CBN-Pla-C4-20180906,3,1412857,Omalotheca supina,61.606712
CBN-Pla-C4-20190723,1,1396253,Sibbaldia procumbens,64.051422
CBN-Pla-C4-20190723,2,1388766,Botrychium simplex,62.199257
CBN-Pla-C4-20190723,3,1395807,Salix herbacea,61.903820
CBN-Pla-C4-20190814,1,1396253,Sibbaldia procumbens,64.299294
CBN-Pla-C4-20190814,2,1396869,Trifolium thalii,63.520393
CBN-Pla-C4-20190814,3,1397500,Soldanella alpina,62.962830
CBN-Pla-C4-20200723,1,1396253,Sibbaldia procumbens,64.611572
CBN-Pla-C4-20200723,2,1397043,Veronica alpina,64.425186
CBN-Pla-C4-20200723,3,1741624,Lotus alpinus,61.886326
CBN-Pla-C4-20200814,1,1742053,Omalotheca hoppeana,65.666435
CBN-Pla-C4-20200814,2,1412857,Omalotheca supina,65.053642
CBN-Pla-C4-20200814,3,1396253,Sibbaldia procumbens,63.309944
CBN-Pla-C5-20130808,1,1396144,Sedum alpestre,64.075127
CBN-Pla-C5-20130808,2,1395807,Salix herbacea,62.404045
CBN-Pla-C5-20130808,3,1396869,Trifolium thalii,60.473423
CBN-Pla-C5-20130904,1,1396144,Sedum alpestre,64.510979
CBN-Pla-C5-20130904,2,1395807,Salix herbacea,62.279625
CBN-Pla-C5-20130904,3,1390693,Cardamine crassifolia,61.325813
CBN-Pla-C5-20140722,1,1396144,Sedum alpestre,66.127533
CBN-Pla-C5-20140722,2,1397491,Sedum atratum,59.800999
CBN-Pla-C5-20140722,3,1532190,Carex rorulenta,58.670784
CBN-Pla-C5-20140902,1,1396144,Sedum alpestre,64.761765
CBN-Pla-C5-20140902,2,1396869,Trifolium thalii,62.894756
CBN-Pla-C5-20140902,3,1395807,Salix herbacea,61.348564
CBN-Pla-C5-20150702,1,1396144,Sedum alpestre,61.994137
CBN-Pla-C5-20150702,2,1393224,Hydrocotyle bonariensis,60.621994
CBN-Pla-C5-20150702,3,1609716,Epilobium komarovianum,59.996155
CBN-Pla-C5-20150723,1,1396144,Sedum alpestre,65.127716
CBN-Pla-C5-20150723,2,1359108,Astragalus depressus,63.383518
CBN-Pla-C5-20150723,3,1396869,Trifolium thalii,62.776508
CBN-Pla-C5-20150811,1,1396144,Sedum alpestre,66.388786
CBN-Pla-C5-20150811,2,1396869,Trifolium thalii,64.171227
CBN-Pla-C5-20150811,3,1395807,Salix herbacea,61.213104
CBN-Pla-C5-20150901,1,1395807,Salix herbacea,63.340923
CBN-Pla-C5-20150901,2,1396869,Trifolium thalii,63.074478
CBN-Pla-C5-20150901,3,1396144,Sedum alpestre,63.016258
CBN-Pla-C5-20160707,1,1399800,Pinguicula nevadensis,60.838749
CBN-Pla-C5-20160707,2,1394911,Primula integrifolia,60.401524
CBN-Pla-C5-20160707,3,1395807,Salix herbacea,60.071365
CBN-Pla-C5-20160728,1,1395807,Salix herbacea,62.590927
CBN-Pla-C5-20160728,2,1394366,Oxyria digyna,59.645004
CBN-Pla-C5-20160728,3,1393224,Hydrocotyle bonariensis,58.909920
CBN-Pla-C5-20180724,1,1390967,Catapodium rigidum,58.243935
CBN-Pla-C5-20180724,2,1396144,Sedum alpestre,57.261368
CBN-Pla-C5-20180724,3,1529402,Sempervivum minutum,57.187294
CBN-Pla-C5-20180816,1,1395807,Salix herbacea,61.931080
CBN-Pla-C5-20180816,2,1394366,Oxyria digyna,59.551117
CBN-Pla-C5-20180816,3,1397500,Soldanella alpina,58.167366
CBN-Pla-C5-20180906,1,1395807,Salix herbacea,62.783447
CBN-Pla-C5-20180906,2,1412857,Omalotheca supina,60.272324
CBN-Pla-C5-20180906,3,1628796,Ophrys brigittae,59.514519
CBN-Pla-C5-20190723,1,1395807,Salix herbacea,60.750362
CBN-Pla-C5-20190723,2,1360874,Viola palustris,59.910507
CBN-Pla-C5-20190723,3,1427744,Cyperus brevifolius,59.176010
CBN-Pla-C5-20190814,1,1742053,Omalotheca hoppeana,63.472809
CBN-Pla-C5-20190814,2,1395807,Salix herbacea,62.978497
CBN-Pla-C5-20190814,3,1412857,Omalotheca supina,62.586510
CBN-Pla-C5-20200723,1,1395807,Salix herbacea,63.554352
CBN-Pla-C5-20200723,2,1412857,Omalotheca supina,62.195667
CBN-Pla-C5-20200723,3,1394641,Antennaria carpatica,61.651325
CBN-Pla-C5-20200814,1,1652912,Nassella trichotoma,62.919781
CBN-Pla-C5-20200814,2,1395807,Salix herbacea,61.129044
CBN-Pla-C5-20200814,3,1364066,Veronica serpyllifolia,60.632992
CBN-Pla-C6-20130808,1,1396253,Sibbaldia procumbens,65.231171
CBN-Pla-C6-20130808,2,1395807,Salix herbacea,61.984528
CBN-Pla-C6-20130808,3,1395870,Salix retusa,59.954987
CBN-Pla-C6-20130904,1,1396253,Sibbaldia procumbens,63.747681
CBN-Pla-C6-20130904,2,1395807,Salix herbacea,61.984394
CBN-Pla-C6-20130904,3,1395870,Salix retusa,61.170013
CBN-Pla-C6-20140902,1,1359835,Parnassia palustris,63.305496
CBN-Pla-C6-20140902,2,1361367,Poa alpina,62.353024
CBN-Pla-C6-20140902,3,1418612,Carex firma,60.908333
CBN-Pla-C6-20150702,1,1396253,Sibbaldia procumbens,60.204739
CBN-Pla-C6-20150702,2,1363543,Stenotaphrum secundatum,59.741283
CBN-Pla-C6-20150702,3,1361367,Poa alpina,58.460999
CBN-Pla-C6-20150723,1,1741880,Salix serpillifolia,61.534615
CBN-Pla-C6-20150723,2,1395807,Salix herbacea,61.400642
CBN-Pla-C6-20150723,3,1395870,Salix retusa,60.559963
CBN-Pla-C6-20150811,1,1741880,Salix serpillifolia,62.393356
CBN-Pla-C6-20150811,2,1395807,Salix herbacea,61.465267
CBN-Pla-C6-20150811,3,1396253,Sibbaldia procumbens,60.975159
CBN-Pla-C6-20150901,1,1396253,Sibbaldia procumbens,64.098724
CBN-Pla-C6-20150901,2,1390793,Carex curvula,63.489143
CBN-Pla-C6-20150901,3,1742053,Omalotheca hoppeana,63.280632
CBN-Pla-C6-20160707,1,1396253,Sibbaldia procumbens,63.218590
CBN-Pla-C6-20160707,2,1388916,Lysimachia europaea,60.172043
CBN-Pla-C6-20160707,3,1388766,Botrychium simplex,59.587032
CBN-Pla-C6-20160728,1,1396253,Sibbaldia procumbens,62.953552
CBN-Pla-C6-20160728,2,1395807,Salix herbacea,62.632145
CBN-Pla-C6-20160728,3,1395870,Salix retusa,60.916145
CBN-Pla-C6-20180724,1,1396253,Sibbaldia procumbens,60.184544
CBN-Pla-C6-20180724,2,1390967,Catapodium rigidum,59.799110
CBN-Pla-C6-20180724,3,1391781,Draba subnivalis,59.398457
CBN-Pla-C6-20180816,1,1412857,Omalotheca supina,63.326286
CBN-Pla-C6-20180816,2,1396253,Sibbaldia procumbens,62.936230
CBN-Pla-C6-20180816,3,1395807,Salix herbacea,62.822968
CBN-Pla-C6-20180906,1,1412857,Omalotheca supina,64.508965
CBN-Pla-C6-20180906,2,1742053,Omalotheca hoppeana,63.627468
CBN-Pla-C6-20180906,3,1396253,Sibbaldia procumbens,62.770241
CBN-Pla-C6-20190723,1,1395807,Salix herbacea,61.684860
CBN-Pla-C6-20190723,2,1396253,Sibbaldia procumbens,60.710255
CBN-Pla-C6-20190723,3,1395870,Salix retusa,59.103325
CBN-Pla-C6-20190814,1,1396253,Sibbaldia procumbens,62.471943
CBN-Pla-C6-20190814,2,1741880,Salix serpillifolia,62.104824
CBN-Pla-C6-20190814,3,1395807,Salix herbacea,61.873566
CBN-Pla-C6-20200723,1,1396144,Sedum alpestre,65.629547
CBN-Pla-C6-20200723,2,1396253,Sibbaldia procumbens,65.349182
CBN-Pla-C6-20200723,3,1395807,Salix herbacea,63.330322
CBN-Pla-C6-20200814,1,1395807,Salix herbacea,62.381847
CBN-Pla-C6-20200814,2,1359511,Trifolium ornithopodioides,62.297440
CBN-Pla-C6-20200814,3,1395870,Salix retusa,62.100109
CBN-Pla-D1-20130808,1,1396253,Sibbaldia procumbens,64.150017
CBN-Pla-D1-20130808,2,1412857,Omalotheca supina,62.218224
CBN-Pla-D1-20130808,3,1361347,Nardus stricta,61.968571
CBN-Pla-D1-20130904,1,1396253,Sibbaldia procumbens,63.675495
CBN-Pla-D1-20130904,2,1450108,Baldellia alpestris,61.816086
CBN-Pla-D1-20130904,3,1396144,Sedum alpestre,61.776810
CBN-Pla-D1-20140722,1,1396253,Sibbaldia procumbens,61.784550
CBN-Pla-D1-20140722,2,1412857,Omalotheca supina,59.828171
CBN-Pla-D1-20140722,3,1390904,Carex rupestris,58.750057
CBN-Pla-D1-20140902,1,1395870,Salix retusa,62.982395
CBN-Pla-D1-20140902,2,1396253,Sibbaldia procumbens,62.698677
CBN-Pla-D1-20140902,3,1741880,Salix serpillifolia,62.441124
CBN-Pla-D1-20150702,1,1744194,Bouteloua dactyloides,61.722191
CBN-Pla-D1-20150702,2,1741880,Salix serpillifolia,60.574543
CBN-Pla-D1-20150702,3,1396253,Sibbaldia procumbens,60.128826
CBN-Pla-D1-20150723,1,1741880,Salix serpillifolia,64.177521
CBN-Pla-D1-20150723,2,1395870,Salix retusa,62.860546
CBN-Pla-D1-20150723,3,1399082,Armeria sardoa,61.452961
CBN-Pla-D1-20150811,1,1396253,Sibbaldia procumbens,62.305862
CBN-Pla-D1-20150811,2,1412857,Omalotheca supina,61.485245
CBN-Pla-D1-20150811,3,1395870,Salix retusa,60.964737
CBN-Pla-D1-20150901,1,1396253,Sibbaldia procumbens,64.144325
CBN-Pla-D1-20150901,2,1400176,Bistorta vivipara,62.353859
CBN-Pla-D1-20150901,3,1396869,Trifolium thalii,61.706764
CBN-Pla-D1-20160707,1,1396253,Sibbaldia procumbens,63.169617
CBN-Pla-D1-20160707,2,1361347,Nardus stricta,62.358295
CBN-Pla-D1-20160707,3,1412857,Omalotheca supina,62.134529
CBN-Pla-D1-20160728,1,1394311,Oreochloa disticha,62.221146
CBN-Pla-D1-20160728,2,1396253,Sibbaldia procumbens,62.138031
CBN-Pla-D1-20160728,3,1395718,Sagina saginoides,62.047909
CBN-Pla-D1-20180724,1,1361347,Nardus stricta,60.009151
CBN-Pla-D1-20180724,2,1412857,Omalotheca supina,59.716431
CBN-Pla-D1-20180724,3,1397279,Alchemilla alpina,58.094418
CBN-Pla-D1-20180816,1,1412857,Omalotheca supina,63.049881
CBN-Pla-D1-20180816,2,1742053,Omalotheca hoppeana,62.903931
CBN-Pla-D1-20180816,3,1395807,Salix herbacea,62.075241
CBN-Pla-D1-20180906,1,1412857,Omalotheca supina,61.832928
CBN-Pla-D1-20180906,2,1397513,Tofieldia pusilla,61.742435
CBN-Pla-D1-20180906,3,1400176,Bistorta vivipara,61.653267
CBN-Pla-D1-20190723,1,1412857,Omalotheca supina,59.710930
CBN-Pla-D1-20190723,2,1356427,Ophioglossum vulgatum,59.521938
CBN-Pla-D1-20190723,3,1392352,Filago tyrrhenica,59.516392
CBN-Pla-D1-20190814,1,1741880,Salix serpillifolia,63.542572
CBN-Pla-D1-20190814,2,1394311,Oreochloa disticha,63.471764
CBN-Pla-D1-20190814,3,1395807,Salix herbacea,62.853210
CBN-Pla-D1-20200723,1,1412857,Omalotheca supina,61.769661
CBN-Pla-D1-20200723,2,1742053,Omalotheca hoppeana,60.994850
CBN-Pla-D1-20200723,3,1395870,Salix retusa,60.456181
CBN-Pla-D1-20200814,1,1742053,Omalotheca hoppeana,65.583412
CBN-Pla-D1-20200814,2,1412857,Omalotheca supina,65.253693
CBN-Pla-D1-20200814,3,1394311,Oreochloa disticha,64.126785
CBN-Pla-D2-20130808,1,1396253,Sibbaldia procumbens,61.510689
CBN-Pla-D2-20130808,2,1395807,Salix herbacea,61.046814
CBN-Pla-D2-20130808,3,1396843,Trifolium alpinum,60.632893
CBN-Pla-D2-20130904,1,1396843,Trifolium alpinum,62.058353
CBN-Pla-D2-20130904,2,1359531,Trifolium uniflorum,61.884232
CBN-Pla-D2-20130904,3,1400176,Bistorta vivipara,61.454849
CBN-Pla-D2-20140722,1,1396253,Sibbaldia procumbens,61.659111
CBN-Pla-D2-20140722,2,1394643,Antennaria dioica,59.087692
CBN-Pla-D2-20140722,3,1390811,Carex ericetorum,58.684235
CBN-Pla-D2-20140902,1,1393200,Homogyne alpina,62.970108
CBN-Pla-D2-20140902,2,1396843,Trifolium alpinum,62.784832
CBN-Pla-D2-20140902,3,1363133,Triglochin striata,61.599667
CBN-Pla-D2-20150702,1,1418612,Carex firma,61.038208
CBN-Pla-D2-20150702,2,1396253,Sibbaldia procumbens,59.774670
CBN-Pla-D2-20150702,3,1391092,Cerastium tomentosum,59.309738
CBN-Pla-D2-20150723,1,1396843,Trifolium alpinum,64.977730
CBN-Pla-D2-20150723,2,1396253,Sibbaldia procumbens,62.919128
CBN-Pla-D2-20150723,3,1400176,Bistorta vivipara,62.539970
CBN-Pla-D2-20150811,1,1400176,Bistorta vivipara,62.163887
CBN-Pla-D2-20150811,2,1394311,Oreochloa disticha,62.074104
CBN-Pla-D2-20150811,3,1395807,Salix herbacea,61.893742
CBN-Pla-D2-20150901,1,1396843,Trifolium alpinum,64.147110
CBN-Pla-D2-20150901,2,1361141,Agrostis rupestris,62.731358
CBN-Pla-D2-20150901,3,1651363,Festuca quadriflora,61.911774
CBN-Pla-D2-20160707,1,1742052,Leontopodium nivale,62.114315
CBN-Pla-D2-20160707,2,1396843,Trifolium alpinum,61.658119
CBN-Pla-D2-20160707,3,1412857,Omalotheca supina,60.797104
CBN-Pla-D2-20160728,1,1412857,Omalotheca supina,62.569263
CBN-Pla-D2-20160728,2,1742053,Omalotheca hoppeana,62.211102
CBN-Pla-D2-20160728,3,1395807,Salix herbacea,61.911110
CBN-Pla-D2-20180724,1,1412857,Omalotheca supina,60.382690
CBN-Pla-D2-20180724,2,1390837,Carex humilis,58.387207
CBN-Pla-D2-20180724,3,1646497,Plantago nivalis,57.453274
CBN-Pla-D2-20180816,1,1396253,Sibbaldia procumbens,63.666485
CBN-Pla-D2-20180816,2,1412857,Omalotheca supina,63.621239
CBN-Pla-D2-20180816,3,1397043,Veronica alpina,63.017452
CBN-Pla-D2-20180906,1,1400176,Bistorta vivipara,65.031509
CBN-Pla-D2-20180906,2,1396253,Sibbaldia procumbens,64.454895
CBN-Pla-D2-20180906,3,1742053,Omalotheca hoppeana,64.261505
CBN-Pla-D2-20190723,1,1742053,Omalotheca hoppeana,62.740784
CBN-Pla-D2-20190723,2,1400176,Bistorta vivipara,62.159004
CBN-Pla-D2-20190723,3,1395807,Salix herbacea,61.794609
CBN-Pla-D2-20190814,1,1742053,Omalotheca hoppeana,64.436707
CBN-Pla-D2-20190814,2,1396843,Trifolium alpinum,63.901047
CBN-Pla-D2-20190814,3,1396253,Sibbaldia procumbens,63.499187
CBN-Pla-D2-20200723,1,1400176,Bistorta vivipara,63.270252
CBN-Pla-D2-20200723,2,1396253,Sibbaldia procumbens,63.235069
CBN-Pla-D2-20200723,3,1396843,Trifolium alpinum,62.292336
CBN-Pla-D2-20200814,1,1392552,Gentiana nivalis,66.677643
CBN-Pla-D2-20200814,2,1742053,Omalotheca hoppeana,66.395081
CBN-Pla-D2-20200814,3,1400176,Bistorta vivipara,65.900711
CBN-Pla-D3-20130808,1,1741880,Salix serpillifolia,64.150040
CBN-Pla-D3-20130808,2,1395870,Salix retusa,63.817970
CBN-Pla-D3-20130808,3,1395807,Salix herbacea,61.980835
CBN-Pla-D3-20130904,1,1395870,Salix retusa,65.927017
CBN-Pla-D3-20130904,2,1741880,Salix serpillifolia,65.169342
CBN-Pla-D3-20130904,3,1396253,Sibbaldia procumbens,62.712437
CBN-Pla-D3-20140722,1,1396253,Sibbaldia procumbens,60.315926
CBN-Pla-D3-20140722,2,1363133,Triglochin striata,60.217503
CBN-Pla-D3-20140722,3,1392522,Genista pulchella,58.794067
CBN-Pla-D3-20140902,1,1395870,Salix retusa,64.620811
CBN-Pla-D3-20140902,2,1396253,Sibbaldia procumbens,63.501690
CBN-Pla-D3-20140902,3,1741880,Salix serpillifolia,63.043346
CBN-Pla-D3-20150702,1,1407739,Bromus catharticus,63.400948
CBN-Pla-D3-20150702,2,1397500,Soldanella alpina,60.837685
CBN-Pla-D3-20150702,3,1396253,Sibbaldia procumbens,60.554771
CBN-Pla-D3-20150723,1,1741880,Salix serpillifolia,63.676994
CBN-Pla-D3-20150723,2,1395870,Salix retusa,62.794426
CBN-Pla-D3-20150723,3,1396253,Sibbaldia procumbens,61.192894
CBN-Pla-D3-20150811,1,1395870,Salix retusa,63.848263
CBN-Pla-D3-20150811,2,1392534,Gentiana acaulis,63.648434
CBN-Pla-D3-20150811,3,1396253,Sibbaldia procumbens,63.051533
CBN-Pla-D3-20150901,1,1395870,Salix retusa,64.687851
CBN-Pla-D3-20150901,2,1741880,Salix serpillifolia,64.071274
CBN-Pla-D3-20150901,3,1396253,Sibbaldia procumbens,64.061096
CBN-Pla-D3-20160707,1,1397500,Soldanella alpina,63.796577
CBN-Pla-D3-20160707,2,1393200,Homogyne alpina,61.812340
CBN-Pla-D3-20160707,3,1741880,Salix serpillifolia,60.863174
CBN-Pla-D3-20160728,1,1741880,Salix serpillifolia,64.968643
CBN-Pla-D3-20160728,2,1395870,Salix retusa,63.484539
CBN-Pla-D3-20160728,3,1392541,Gentiana brachyphylla,62.902096
CBN-Pla-D3-20180724,1,1731667,Sporobolus montevidensis,59.184410
CBN-Pla-D3-20180724,2,1396253,Sibbaldia procumbens,58.078407
CBN-Pla-D3-20180724,3,1361347,Nardus stricta,57.987099
CBN-Pla-D3-20180816,1,1396253,Sibbaldia procumbens,63.177505
CBN-Pla-D3-20180816,2,1412857,Omalotheca supina,63.076099
CBN-Pla-D3-20180816,3,1741880,Salix serpillifolia,62.345070
CBN-Pla-D3-20180906,1,1396253,Sibbaldia procumbens,62.570473
CBN-Pla-D3-20180906,2,1395870,Salix retusa,61.824402
CBN-Pla-D3-20180906,3,1742053,Omalotheca hoppeana,61.780762
CBN-Pla-D3-20190723,1,1741880,Salix serpillifolia,65.316437
CBN-Pla-D3-20190723,2,1395870,Salix retusa,63.419128
CBN-Pla-D3-20190723,3,1396253,Sibbaldia procumbens,63.030277
CBN-Pla-D3-20190814,1,1741880,Salix serpillifolia,64.293381
CBN-Pla-D3-20190814,2,1395870,Salix retusa,63.644863
CBN-Pla-D3-20190814,3,1396253,Sibbaldia procumbens,62.175919
CBN-Pla-D3-20200723,1,1400176,Bistorta vivipara,63.864517
CBN-Pla-D3-20200723,2,1396253,Sibbaldia procumbens,63.491829
CBN-Pla-D3-20200723,3,1741880,Salix serpillifolia,63.168728
CBN-Pla-D3-20200814,1,1741880,Salix serpillifolia,66.561653
CBN-Pla-D3-20200814,2,1392552,Gentiana nivalis,65.690575
CBN-Pla-D3-20200814,3,1395870,Salix retusa,64.497513
CBN-Pla-D4-20130808,1,1741880,Salix serpillifolia,65.024033
CBN-Pla-D4-20130808,2,1396253,Sibbaldia procumbens,63.935070
CBN-Pla-D4-20130808,3,1395870,Salix retusa,63.623913
CBN-Pla-D4-20130904,1,1396144,Sedum alpestre,65.838821
CBN-Pla-D4-20130904,2,1741880,Salix serpillifolia,63.385464
CBN-Pla-D4-20130904,3,1396253,Sibbaldia procumbens,62.817757
CBN-Pla-D4-20140722,1,1396253,Sibbaldia procumbens,63.481895
CBN-Pla-D4-20140722,2,1396144,Sedum alpestre,61.838371
CBN-Pla-D4-20140722,3,1743465,Aloe succotrina,59.968170
CBN-Pla-D4-20140902,1,1396253,Sibbaldia procumbens,63.048126
CBN-Pla-D4-20140902,2,1397043,Veronica alpina,62.099274
CBN-Pla-D4-20140902,3,1395870,Salix retusa,61.951992
CBN-Pla-D4-20150702,1,1396253,Sibbaldia procumbens,58.917595
CBN-Pla-D4-20150702,2,1390793,Carex curvula,58.321049
CBN-Pla-D4-20150702,3,1651363,Festuca quadriflora,57.839970
CBN-Pla-D4-20150723,1,1742052,Leontopodium nivale,62.870758
CBN-Pla-D4-20150723,2,1395870,Salix retusa,62.535397
CBN-Pla-D4-20150723,3,1395807,Salix herbacea,62.008221
CBN-Pla-D4-20150811,1,1741880,Salix serpillifolia,63.973602
CBN-Pla-D4-20150811,2,1396253,Sibbaldia procumbens,63.767475
CBN-Pla-D4-20150811,3,1395807,Salix herbacea,63.305313
CBN-Pla-D4-20150901,1,1396253,Sibbaldia procumbens,64.152359
CBN-Pla-D4-20150901,2,1395870,Salix retusa,63.637421
CBN-Pla-D4-20150901,3,1741880,Salix serpillifolia,63.391899
CBN-Pla-D4-20160707,1,1396253,Sibbaldia procumbens,63.462357
CBN-Pla-D4-20160707,2,1390793,Carex curvula,61.095963
CBN-Pla-D4-20160707,3,1395870,Salix retusa,60.653450
CBN-Pla-D4-20160728,1,1361367,Poa alpina,63.357620
CBN-Pla-D4-20160728,2,1363543,Stenotaphrum secundatum,62.504353
CBN-Pla-D4-20160728,3,1396253,Sibbaldia procumbens,62.475948
CBN-Pla-D4-20180724,1,1396253,Sibbaldia procumbens,61.444214
CBN-Pla-D4-20180724,2,1382119,Utricularia intermedia,58.220509
CBN-Pla-D4-20180724,3,1390904,Carex rupestris,57.939655
CBN-Pla-D4-20180816,1,1397046,Veronica bellidioides,64.895630
CBN-Pla-D4-20180816,2,1396253,Sibbaldia procumbens,64.641373
CBN-Pla-D4-20180816,3,1395870,Salix retusa,64.316444
CBN-Pla-D4-20180906,1,1396253,Sibbaldia procumbens,64.182808
CBN-Pla-D4-20180906,2,1395870,Salix retusa,64.137833
CBN-Pla-D4-20180906,3,1741880,Salix serpillifolia,62.717857
CBN-Pla-D4-20190723,1,1395870,Salix retusa,63.281258
CBN-Pla-D4-20190723,2,1361233,Danthonia decumbens,62.401035
CBN-Pla-D4-20190723,3,1741880,Salix serpillifolia,61.795284
CBN-Pla-D4-20190814,1,1395870,Salix retusa,66.424065
CBN-Pla-D4-20190814,2,1397043,Veronica alpina,64.103348
CBN-Pla-D4-20190814,3,1741880,Salix serpillifolia,63.572235
CBN-Pla-D4-20200723,1,1396253,Sibbaldia procumbens,63.783215
CBN-Pla-D4-20200723,2,1395870,Salix retusa,63.024536
CBN-Pla-D4-20200723,3,1395807,Salix herbacea,61.553745
CBN-Pla-D4-20200814,1,1395870,Salix retusa,67.152473
CBN-Pla-D4-20200814,2,1741880,Salix serpillifolia,64.172028
CBN-Pla-D4-20200814,3,1396253,Sibbaldia procumbens,63.207935
CBN-Pla-D5-20130808,1,1412857,Omalotheca supina,65.418701
CBN-Pla-D5-20130808,2,1396144,Sedum alpestre,64.186943
CBN-Pla-D5-20130808,3,1396253,Sibbaldia procumbens,64.111359
CBN-Pla-D5-20130904,1,1363336,Smilax aspera,62.604599
CBN-Pla-D5-20130904,2,1396843,Trifolium alpinum,61.775887
CBN-Pla-D5-20130904,3,1396253,Sibbaldia procumbens,61.348179
CBN-Pla-D5-20140722,1,1396144,Sedum alpestre,61.759171
CBN-Pla-D5-20140722,2,1390811,Carex ericetorum,61.655060
CBN-Pla-D5-20140722,3,1390777,Carex brevicollis,59.213280
CBN-Pla-D5-20140902,1,1396144,Sedum alpestre,66.235397
CBN-Pla-D5-20140902,2,1742053,Omalotheca hoppeana,64.017807
CBN-Pla-D5-20140902,3,1394311,Oreochloa disticha,63.949059
CBN-Pla-D5-20150702,1,1396253,Sibbaldia procumbens,60.821247
CBN-Pla-D5-20150702,2,1390793,Carex curvula,58.676758
CBN-Pla-D5-20150702,3,1394597,Pinguicula corsica,58.238335
CBN-Pla-D5-20150723,1,1396144,Sedum alpestre,65.584351
CBN-Pla-D5-20150723,2,1390883,Carex parviflora,63.226105
CBN-Pla-D5-20150723,3,1395807,Salix herbacea,62.763035
CBN-Pla-D5-20150811,1,1361141,Agrostis rupestris,63.137463
CBN-Pla-D5-20150811,2,1396253,Sibbaldia procumbens,61.712921
CBN-Pla-D5-20150811,3,1395807,Salix herbacea,60.704536
CBN-Pla-D5-20150901,1,1396144,Sedum alpestre,66.143982
CBN-Pla-D5-20150901,2,1396843,Trifolium alpinum,63.602570
CBN-Pla-D5-20150901,3,1394311,Oreochloa disticha,63.543629
CBN-Pla-D5-20160707,1,1392541,Gentiana brachyphylla,62.956543
CBN-Pla-D5-20160707,2,1388766,Botrychium simplex,62.351803
CBN-Pla-D5-20160707,3,1359750,Oxalis acetosella,59.827168
CBN-Pla-D5-20160728,1,1363543,Stenotaphrum secundatum,60.783020
CBN-Pla-D5-20160728,2,1395807,Salix herbacea,60.273151
CBN-Pla-D5-20160728,3,1396253,Sibbaldia procumbens,60.169167
CBN-Pla-D5-20180724,1,1396253,Sibbaldia procumbens,62.750416
CBN-Pla-D5-20180724,2,1418688,Arctous alpina,57.236786
CBN-Pla-D5-20180724,3,1390793,Carex curvula,56.894215
CBN-Pla-D5-20180816,1,1396253,Sibbaldia procumbens,63.984215
CBN-Pla-D5-20180816,2,1397043,Veronica alpina,62.432625
CBN-Pla-D5-20180816,3,1395807,Salix herbacea,61.769310
CBN-Pla-D5-20180906,1,1396253,Sibbaldia procumbens,63.754101
CBN-Pla-D5-20180906,2,1396843,Trifolium alpinum,62.006874
CBN-Pla-D5-20180906,3,1395807,Salix herbacea,61.249374
CBN-Pla-D5-20190723,1,1360748,Hydrocotyle vulgaris,62.853027
CBN-Pla-D5-20190723,2,1396253,Sibbaldia procumbens,62.670250
CBN-Pla-D5-20190723,3,1395807,Salix herbacea,61.909019
CBN-Pla-D5-20190814,1,1396144,Sedum alpestre,66.134796
CBN-Pla-D5-20190814,2,1397043,Veronica alpina,63.547745
CBN-Pla-D5-20190814,3,1397046,Veronica bellidioides,62.321655
CBN-Pla-D5-20200723,1,1396253,Sibbaldia procumbens,63.922211
CBN-Pla-D5-20200723,2,1742053,Omalotheca hoppeana,63.083649
CBN-Pla-D5-20200723,3,1395807,Salix herbacea,62.853821
CBN-Pla-D6-20130808,1,1395807,Salix herbacea,62.695061
CBN-Pla-D6-20130808,2,1396253,Sibbaldia procumbens,62.483185
CBN-Pla-D6-20130808,3,1412857,Omalotheca supina,61.926773
CBN-Pla-D6-20130904,1,1392534,Gentiana acaulis,62.588524
CBN-Pla-D6-20130904,2,1392535,Gentiana alpina,61.737812
CBN-Pla-D6-20130904,3,1395807,Salix herbacea,61.571404
CBN-Pla-D6-20140722,1,1394599,Pinguicula leptoceras,62.447430
CBN-Pla-D6-20140722,2,1744293,Pinguicula tejedensis,62.353676
CBN-Pla-D6-20140722,3,1399800,Pinguicula nevadensis,61.986145
CBN-Pla-D6-20140902,1,1392552,Gentiana nivalis,63.495640
CBN-Pla-D6-20140902,2,1395807,Salix herbacea,61.747372
CBN-Pla-D6-20140902,3,1741880,Salix serpillifolia,60.708824
CBN-Pla-D6-20150702,1,1388766,Botrychium simplex,61.058434
CBN-Pla-D6-20150702,2,1744293,Pinguicula tejedensis,60.022045
CBN-Pla-D6-20150702,3,1399798,Pinguicula dertosensis,59.926208
CBN-Pla-D6-20150723,1,1741880,Salix serpillifolia,63.541374
CBN-Pla-D6-20150723,2,1392535,Gentiana alpina,62.348648
CBN-Pla-D6-20150723,3,1395807,Salix herbacea,61.745029
CBN-Pla-D6-20150811,1,1392552,Gentiana nivalis,64.716553
CBN-Pla-D6-20150811,2,1396253,Sibbaldia procumbens,61.691723
CBN-Pla-D6-20150811,3,1392566,Gentiana utriculosa,61.298077
CBN-Pla-D6-20150901,1,1396843,Trifolium alpinum,64.293289
CBN-Pla-D6-20150901,2,1392541,Gentiana brachyphylla,63.897408
CBN-Pla-D6-20150901,3,1396253,Sibbaldia procumbens,63.888885
CBN-Pla-D6-20160707,1,1388766,Botrychium simplex,61.846275
CBN-Pla-D6-20160707,2,1392186,Euphorbia pyrenaica,61.329391
CBN-Pla-D6-20160707,3,1741880,Salix serpillifolia,61.222523
CBN-Pla-D6-20160728,1,1396253,Sibbaldia procumbens,63.933197
CBN-Pla-D6-20160728,2,1397043,Veronica alpina,63.066978
CBN-Pla-D6-20160728,3,1392541,Gentiana brachyphylla,61.793396
CBN-Pla-D6-20180724,1,1412857,Omalotheca supina,62.186523
CBN-Pla-D6-20180724,2,1744293,Pinguicula tejedensis,61.017578
CBN-Pla-D6-20180724,3,1390904,Carex rupestris,59.030087
CBN-Pla-D6-20180816,1,1397043,Veronica alpina,63.710827
CBN-Pla-D6-20180816,2,1396843,Trifolium alpinum,63.312534
CBN-Pla-D6-20180816,3,1395807,Salix herbacea,62.559532
CBN-Pla-D6-20180906,1,1396253,Sibbaldia procumbens,63.255554
CBN-Pla-D6-20180906,2,1397043,Veronica alpina,62.916843
CBN-Pla-D6-20180906,3,1395807,Salix herbacea,61.411366
CBN-Pla-D6-20190723,1,1396144,Sedum alpestre,63.339020
CBN-Pla-D6-20190723,2,1396974,Valeriana celtica,62.898254
CBN-Pla-D6-20190723,3,1395807,Salix herbacea,61.773319
CBN-Pla-D6-20190814,1,1394311,Oreochloa disticha,63.291866
CBN-Pla-D6-20190814,2,1397043,Veronica alpina,61.763416
CBN-Pla-D6-20190814,3,1395807,Salix herbacea,61.418839
CBN-Pla-D6-20200723,1,1412857,Omalotheca supina,63.319752
CBN-Pla-D6-20200723,2,1395807,Salix herbacea,63.268303
CBN-Pla-D6-20200723,3,1396253,Sibbaldia procumbens,62.091507
CBN-Pla-D6-20200814,1,1392552,Gentiana nivalis,66.364029
CBN-Pla-D6-20200814,2,1742053,Omalotheca hoppeana,62.822098
CBN-Pla-D6-20200814,3,1392566,Gentiana utriculosa,61.973175
CBN-Pla-E1-20130808,1,1396144,Sedum alpestre,66.733139
CBN-Pla-E1-20130808,2,1396253,Sibbaldia procumbens,63.481209
CBN-Pla-E1-20130808,3,1397491,Sedum atratum,61.151566
CBN-Pla-E1-20130904,1,1396144,Sedum alpestre,65.038155
CBN-Pla-E1-20130904,2,1396362,Armeria leucocephala,62.448921
CBN-Pla-E1-20130904,3,1395940,Saxifraga aizoides,62.352287
CBN-Pla-E1-20140722,1,1396144,Sedum alpestre,66.551765
CBN-Pla-E1-20140722,2,1744293,Pinguicula tejedensis,63.656910
CBN-Pla-E1-20140722,3,1394599,Pinguicula leptoceras,62.459751
CBN-Pla-E1-20140902,1,1396144,Sedum alpestre,65.474121
CBN-Pla-E1-20140902,2,1396253,Sibbaldia procumbens,63.037140
CBN-Pla-E1-20140902,3,1397491,Sedum atratum,62.320900
CBN-Pla-E1-20150702,1,1396144,Sedum alpestre,66.915253
CBN-Pla-E1-20150702,2,1396253,Sibbaldia procumbens,62.648357
CBN-Pla-E1-20150702,3,1397491,Sedum atratum,62.415390
CBN-Pla-E1-20150723,1,1396272,Silene acaulis,62.675430
CBN-Pla-E1-20150723,2,1396144,Sedum alpestre,62.640995
CBN-Pla-E1-20150723,3,1738749,Cherleria sedoides,62.636688
CBN-Pla-E1-20150901,1,1396144,Sedum alpestre,65.512032
CBN-Pla-E1-20150901,2,1396253,Sibbaldia procumbens,63.783375
CBN-Pla-E1-20150901,3,1396272,Silene acaulis,62.750782
CBN-Pla-E1-20160707,1,1396144,Sedum alpestre,66.364372
CBN-Pla-E1-20160707,2,1392541,Gentiana brachyphylla,63.461922
CBN-Pla-E1-20160707,3,1396253,Sibbaldia procumbens,61.686874
CBN-Pla-E1-20160728,1,1392535,Gentiana alpina,66.149139
CBN-Pla-E1-20160728,2,1396144,Sedum alpestre,65.813004
CBN-Pla-E1-20160728,3,1392534,Gentiana acaulis,64.511429
CBN-Pla-E1-20180816,1,1396144,Sedum alpestre,66.598877
CBN-Pla-E1-20180816,2,1396253,Sibbaldia procumbens,64.906853
CBN-Pla-E1-20180816,3,1744479,Armeria bigerrensis,64.801254
CBN-Pla-E1-20180906,1,1396144,Sedum alpestre,67.799210
CBN-Pla-E1-20180906,2,1394542,Phyteuma hemisphaericum,65.679642
CBN-Pla-E1-20180906,3,1396253,Sibbaldia procumbens,65.394928
CBN-Pla-E1-20190723,1,1392541,Gentiana brachyphylla,65.431831
CBN-Pla-E1-20190723,2,1392535,Gentiana alpina,65.395409
CBN-Pla-E1-20190723,3,1744479,Armeria bigerrensis,64.830063
CBN-Pla-E1-20190814,1,1744479,Armeria bigerrensis,66.397957
CBN-Pla-E1-20190814,2,1396253,Sibbaldia procumbens,65.038437
CBN-Pla-E1-20190814,3,1396144,Sedum alpestre,64.388275
CBN-Pla-E1-20200630,1,1396253,Sibbaldia procumbens,63.667526
CBN-Pla-E1-20200630,2,1392541,Gentiana brachyphylla,60.345753
CBN-Pla-E1-20200630,3,1397491,Sedum atratum,59.961906
CBN-Pla-E1-20200723,1,1396144,Sedum alpestre,65.180222
CBN-Pla-E1-20200723,2,1396843,Trifolium alpinum,64.904739
CBN-Pla-E1-20200723,3,1396253,Sibbaldia procumbens,64.704720
CBN-Pla-E1-20200814,1,1744479,Armeria bigerrensis,66.214447
CBN-Pla-E1-20200814,2,1396362,Armeria leucocephala,65.251053
CBN-Pla-E1-20200814,3,1647128,Armeria alpina,64.737999
CBN-Pla-E2-20130808,1,1396144,Sedum alpestre,65.992264
CBN-Pla-E2-20130808,2,1396253,Sibbaldia procumbens,63.760105
CBN-Pla-E2-20130808,3,1738749,Cherleria sedoides,63.196877
CBN-Pla-E2-20130904,1,1396144,Sedum alpestre,65.757729
CBN-Pla-E2-20130904,2,1396272,Silene acaulis,64.121185
CBN-Pla-E2-20130904,3,1396253,Sibbaldia procumbens,63.618553
CBN-Pla-E2-20140722,1,1396144,Sedum alpestre,65.746284
CBN-Pla-E2-20140722,2,1396253,Sibbaldia procumbens,63.796753
CBN-Pla-E2-20140722,3,1738749,Cherleria sedoides,62.576057
CBN-Pla-E2-20140902,1,1396144,Sedum alpestre,65.774261
CBN-Pla-E2-20140902,2,1396253,Sibbaldia procumbens,64.333702
CBN-Pla-E2-20140902,3,1394542,Phyteuma hemisphaericum,63.156731
CBN-Pla-E2-20150702,1,1396144,Sedum alpestre,66.551651
CBN-Pla-E2-20150702,2,1396253,Sibbaldia procumbens,64.699692
CBN-Pla-E2-20150702,3,1396272,Silene acaulis,63.649803
CBN-Pla-E2-20150723,1,1396253,Sibbaldia procumbens,64.863083
CBN-Pla-E2-20150723,2,1396272,Silene acaulis,64.510094
CBN-Pla-E2-20150723,3,1396144,Sedum alpestre,64.171722
CBN-Pla-E2-20150901,1,1396144,Sedum alpestre,64.960915
CBN-Pla-E2-20150901,2,1742053,Omalotheca hoppeana,64.594582
CBN-Pla-E2-20150901,3,1396253,Sibbaldia procumbens,64.473518
CBN-Pla-E2-20160707,1,1396253,Sibbaldia procumbens,64.211601
CBN-Pla-E2-20160707,2,1396144,Sedum alpestre,63.130791
CBN-Pla-E2-20160707,3,1738749,Cherleria sedoides,62.081104
CBN-Pla-E2-20160728,1,1396144,Sedum alpestre,64.709793
CBN-Pla-E2-20160728,2,1400176,Bistorta vivipara,64.335953
CBN-Pla-E2-20160728,3,1396253,Sibbaldia procumbens,64.095955
CBN-Pla-E2-20180724,1,1396253,Sibbaldia procumbens,64.896606
CBN-Pla-E2-20180724,2,1396144,Sedum alpestre,63.780994
CBN-Pla-E2-20180724,3,1363543,Stenotaphrum secundatum,62.047707
CBN-Pla-E2-20180816,1,1396253,Sibbaldia procumbens,65.354935
CBN-Pla-E2-20180816,2,1741624,Lotus alpinus,65.063202
CBN-Pla-E2-20180816,3,1391359,Coronilla vaginalis,64.587814
CBN-Pla-E2-20180906,1,1742053,Omalotheca hoppeana,65.986504
CBN-Pla-E2-20180906,2,1412857,Omalotheca supina,65.368103
CBN-Pla-E2-20180906,3,1396253,Sibbaldia procumbens,64.190903
CBN-Pla-E2-20190723,1,1396144,Sedum alpestre,66.179100
CBN-Pla-E2-20190723,2,1741624,Lotus alpinus,64.348198
CBN-Pla-E2-20190723,3,1744479,Armeria bigerrensis,63.783890
CBN-Pla-E2-20190814,1,1396144,Sedum alpestre,65.305870
CBN-Pla-E2-20190814,2,1742053,Omalotheca hoppeana,65.042549
CBN-Pla-E2-20190814,3,1396253,Sibbaldia procumbens,64.550568
CBN-Pla-E2-20200630,1,1396144,Sedum alpestre,59.923325
CBN-Pla-E2-20200630,2,1358099,Sedum brevifolium,59.521404
CBN-Pla-E2-20200630,3,1396253,Sibbaldia procumbens,59.445950
CBN-Pla-E2-20200723,1,1396253,Sibbaldia procumbens,65.182953
CBN-Pla-E2-20200723,2,1647128,Armeria alpina,62.739307
CBN-Pla-E2-20200723,3,1392241,Alchemilla pentaphyllea,62.469463
CBN-Pla-E2-20200814,1,1744479,Armeria bigerrensis,66.560028
CBN-Pla-E2-20200814,2,1396253,Sibbaldia procumbens,64.974548
CBN-Pla-E2-20200814,3,1396144,Sedum alpestre,64.305214
CBN-Pla-E3-20130808,1,1396144,Sedum alpestre,66.402222
CBN-Pla-E3-20130808,2,1396253,Sibbaldia procumbens,64.390541
CBN-Pla-E3-20130808,3,1396180,Sempervivum montanum,61.526711
CBN-Pla-E3-20130904,1,1396144,Sedum alpestre,65.006104
CBN-Pla-E3-20130904,2,1396253,Sibbaldia procumbens,63.910103
CBN-Pla-E3-20130904,3,1742053,Omalotheca hoppeana,62.935104
CBN-Pla-E3-20140722,1,1396144,Sedum alpestre,66.415253
CBN-Pla-E3-20140722,2,1396253,Sibbaldia procumbens,64.275665
CBN-Pla-E3-20140722,3,1397491,Sedum atratum,61.323971
CBN-Pla-E3-20140902,1,1396144,Sedum alpestre,65.045380
CBN-Pla-E3-20140902,2,1396843,Trifolium alpinum,64.707901
CBN-Pla-E3-20140902,3,1412857,Omalotheca supina,64.467934
CBN-Pla-E3-20150702,1,1396253,Sibbaldia procumbens,65.043823
CBN-Pla-E3-20150702,2,1396144,Sedum alpestre,62.843246
CBN-Pla-E3-20150702,3,1412857,Omalotheca supina,62.332642
CBN-Pla-E3-20150723,1,1396253,Sibbaldia procumbens,64.498360
CBN-Pla-E3-20150723,2,1396843,Trifolium alpinum,63.599396
CBN-Pla-E3-20150723,3,1396144,Sedum alpestre,62.479050
CBN-Pla-E3-20150811,1,1396253,Sibbaldia procumbens,65.461060
CBN-Pla-E3-20150811,2,1412857,Omalotheca supina,61.914532
CBN-Pla-E3-20150811,3,1396843,Trifolium alpinum,61.146671
CBN-Pla-E3-20150901,1,1412857,Omalotheca supina,65.962845
CBN-Pla-E3-20150901,2,1742053,Omalotheca hoppeana,65.038696
CBN-Pla-E3-20150901,3,1396253,Sibbaldia procumbens,64.956284
CBN-Pla-E3-20160707,1,1396144,Sedum alpestre,64.626671
CBN-Pla-E3-20160707,2,1396253,Sibbaldia procumbens,64.159546
CBN-Pla-E3-20160707,3,1647128,Armeria alpina,59.983009
CBN-Pla-E3-20160728,1,1412857,Omalotheca supina,67.057327
CBN-Pla-E3-20160728,2,1742053,Omalotheca hoppeana,64.174362
CBN-Pla-E3-20160728,3,1400155,Biscutella brevifolia,64.034866
CBN-Pla-E3-20180724,1,1396253,Sibbaldia procumbens,64.252853
CBN-Pla-E3-20180724,2,1742052,Leontopodium nivale,60.211887
CBN-Pla-E3-20180724,3,1394641,Antennaria carpatica,60.057713
CBN-Pla-E3-20180816,1,1397043,Veronica alpina,64.704514
CBN-Pla-E3-20180816,2,1396253,Sibbaldia procumbens,63.988716
CBN-Pla-E3-20180816,3,1412857,Omalotheca supina,62.318558
CBN-Pla-E3-20180906,1,1412857,Omalotheca supina,64.911072
CBN-Pla-E3-20180906,2,1396253,Sibbaldia procumbens,64.110619
CBN-Pla-E3-20180906,3,1742053,Omalotheca hoppeana,62.865360
CBN-Pla-E3-20190723,1,1392535,Gentiana alpina,66.631676
CBN-Pla-E3-20190723,2,1392534,Gentiana acaulis,65.386955
CBN-Pla-E3-20190723,3,1396253,Sibbaldia procumbens,64.824921
CBN-Pla-E3-20190814,1,1396253,Sibbaldia procumbens,64.390327
CBN-Pla-E3-20190814,2,1397043,Veronica alpina,63.961845
CBN-Pla-E3-20190814,3,1412857,Omalotheca supina,63.831615
CBN-Pla-E3-20200630,1,1392534,Gentiana acaulis,58.882950
CBN-Pla-E3-20200630,2,1360981,Sternbergia colchiciflora,58.626236
CBN-Pla-E3-20200630,3,1742053,Omalotheca hoppeana,58.151138
CBN-Pla-E3-20200723,1,1396253,Sibbaldia procumbens,64.886436
CBN-Pla-E3-20200723,2,1394542,Phyteuma hemisphaericum,64.277542
CBN-Pla-E3-20200723,3,1412857,Omalotheca supina,63.844215
CBN-Pla-E3-20200814,1,1412857,Omalotheca supina,64.773132
CBN-Pla-E3-20200814,2,1742053,Omalotheca hoppeana,63.821465
CBN-Pla-E3-20200814,3,1400176,Bistorta vivipara,63.787521
CBN-Pla-E4-20130808,1,1396253,Sibbaldia procumbens,64.966537
CBN-Pla-E4-20130808,2,1361347,Nardus stricta,62.012100
CBN-Pla-E4-20130808,3,1392541,Gentiana brachyphylla,61.238132
CBN-Pla-E4-20130904,1,1396843,Trifolium alpinum,64.868858
CBN-Pla-E4-20130904,2,1396253,Sibbaldia procumbens,64.425369
CBN-Pla-E4-20130904,3,1392535,Gentiana alpina,60.743256
CBN-Pla-E4-20140722,1,1396253,Sibbaldia procumbens,63.372662
CBN-Pla-E4-20140722,2,1392558,Gentiana pumila,60.323868
CBN-Pla-E4-20140722,3,1395967,Saxifraga cuneata,60.020279
CBN-Pla-E4-20140902,1,1396843,Trifolium alpinum,63.426147
CBN-Pla-E4-20140902,2,1361367,Poa alpina,63.060677
CBN-Pla-E4-20140902,3,1396253,Sibbaldia procumbens,62.889843
CBN-Pla-E4-20150702,1,1396253,Sibbaldia procumbens,64.562546
CBN-Pla-E4-20150702,2,1396843,Trifolium alpinum,59.620937
CBN-Pla-E4-20150702,3,1392534,Gentiana acaulis,59.061081
CBN-Pla-E4-20150811,1,1396843,Trifolium alpinum,65.044258
CBN-Pla-E4-20150811,2,1400176,Bistorta vivipara,63.970169
CBN-Pla-E4-20150811,3,1396253,Sibbaldia procumbens,63.439648
CBN-Pla-E4-20150901,1,1396253,Sibbaldia procumbens,64.554535
CBN-Pla-E4-20150901,2,1396843,Trifolium alpinum,63.811058
CBN-Pla-E4-20150901,3,1412857,Omalotheca supina,63.563347
CBN-Pla-E4-20160707,1,1396253,Sibbaldia procumbens,64.163284
CBN-Pla-E4-20160707,2,1363543,Stenotaphrum secundatum,59.913021
CBN-Pla-E4-20160707,3,1361273,Festuca hystrix,59.860615
CBN-Pla-E4-20160728,1,1396253,Sibbaldia procumbens,63.713875
CBN-Pla-E4-20160728,2,1395718,Sagina saginoides,63.009537
CBN-Pla-E4-20160728,3,1396843,Trifolium alpinum,62.430462
CBN-Pla-E4-20180724,1,1396253,Sibbaldia procumbens,63.714874
CBN-Pla-E4-20180724,2,1363543,Stenotaphrum secundatum,60.213310
CBN-Pla-E4-20180724,3,1392541,Gentiana brachyphylla,59.414776
CBN-Pla-E4-20180816,1,1392534,Gentiana acaulis,65.440575
CBN-Pla-E4-20180816,2,1396253,Sibbaldia procumbens,64.314789
CBN-Pla-E4-20180816,3,1397046,Veronica bellidioides,63.457371
CBN-Pla-E4-20180906,1,1396843,Trifolium alpinum,64.772537
CBN-Pla-E4-20180906,2,1395718,Sagina saginoides,64.559456
CBN-Pla-E4-20180906,3,1397043,Veronica alpina,64.487068
CBN-Pla-E4-20190723,1,1396253,Sibbaldia procumbens,64.861282
CBN-Pla-E4-20190723,2,1395807,Salix herbacea,62.101307
CBN-Pla-E4-20190723,3,1396843,Trifolium alpinum,61.874718
CBN-Pla-E4-20190814,1,1396843,Trifolium alpinum,65.512062
CBN-Pla-E4-20190814,2,1396253,Sibbaldia procumbens,63.274376
CBN-Pla-E4-20190814,3,1397043,Veronica alpina,61.405991
CBN-Pla-E4-20200630,1,1744294,Pinguicula casperiana,63.402576
CBN-Pla-E4-20200630,2,1399798,Pinguicula dertosensis,63.287205
CBN-Pla-E4-20200630,3,1396253,Sibbaldia procumbens,62.690010
CBN-Pla-E4-20200723,1,1396144,Sedum alpestre,65.041840
CBN-Pla-E4-20200723,2,1396253,Sibbaldia procumbens,64.331764
CBN-Pla-E4-20200723,3,1397043,Veronica alpina,64.174294
CBN-Pla-E4-20200814,1,1396843,Trifolium alpinum,65.136780
CBN-Pla-E4-20200814,2,1397046,Veronica bellidioides,63.724106
CBN-Pla-E4-20200814,3,1396253,Sibbaldia procumbens,63.707649
CBN-Pla-E5-20130808,1,1396253,Sibbaldia procumbens,62.806808
CBN-Pla-E5-20130808,2,1403533,Bacopa monnieri,62.050903
CBN-Pla-E5-20130808,3,1395807,Salix herbacea,61.461361
CBN-Pla-E5-20130904,1,1395807,Salix herbacea,62.618248
CBN-Pla-E5-20130904,2,1397386,Festuca scabriculmis,60.588215
CBN-Pla-E5-20130904,3,1356278,Trifolium fragiferum,60.316193
CBN-Pla-E5-20140722,1,1392534,Gentiana acaulis,59.909035
CBN-Pla-E5-20140722,2,1394603,Pinguicula vulgaris,59.500961
CBN-Pla-E5-20140722,3,1418211,Mesembryanthemum cordifolium,59.035927
CBN-Pla-E5-20140902,1,1359444,Ornithopus pinnatus,62.688110
CBN-Pla-E5-20140902,2,1744194,Bouteloua dactyloides,62.210617
CBN-Pla-E5-20140902,3,1394542,Phyteuma hemisphaericum,61.433304
CBN-Pla-E5-20150702,1,1396843,Trifolium alpinum,60.450134
CBN-Pla-E5-20150702,2,1392534,Gentiana acaulis,60.421425
CBN-Pla-E5-20150702,3,1403533,Bacopa monnieri,59.868244
CBN-Pla-E5-20150723,1,1395807,Salix herbacea,60.364208
CBN-Pla-E5-20150723,2,1400176,Bistorta vivipara,60.160538
CBN-Pla-E5-20150723,3,1388890,Lysimachia maritima,59.938091
CBN-Pla-E5-20150811,1,1363618,Crassula multicava,61.778992
CBN-Pla-E5-20150811,2,1394311,Oreochloa disticha,61.474075
CBN-Pla-E5-20150811,3,1392534,Gentiana acaulis,60.946529
CBN-Pla-E5-20150901,1,1396843,Trifolium alpinum,65.714546
CBN-Pla-E5-20150901,2,1394911,Primula integrifolia,62.140167
CBN-Pla-E5-20150901,3,1363618,Crassula multicava,61.856361
CBN-Pla-E5-20160707,1,1394643,Antennaria dioica,60.595917
CBN-Pla-E5-20160707,2,1363618,Crassula multicava,59.905304
CBN-Pla-E5-20160707,3,1744843,Dimorphotheca fruticosa,59.587929
CBN-Pla-E5-20160728,1,1392535,Gentiana alpina,64.809357
CBN-Pla-E5-20160728,2,1392534,Gentiana acaulis,62.882912
CBN-Pla-E5-20160728,3,1549015,Gentiana clusii,61.070694
CBN-Pla-E5-20180724,1,1399798,Pinguicula dertosensis,61.492893
CBN-Pla-E5-20180724,2,1363618,Crassula multicava,59.402153
CBN-Pla-E5-20180724,3,1391427,Crassula pubescens,58.908703
CBN-Pla-E5-20180816,1,1392534,Gentiana acaulis,63.815628
CBN-Pla-E5-20180816,2,1392535,Gentiana alpina,62.646072
CBN-Pla-E5-20180816,3,1395807,Salix herbacea,60.904079
CBN-Pla-E5-20180906,1,1391331,Comastoma tenellum,62.876427
CBN-Pla-E5-20180906,2,1396843,Trifolium alpinum,62.701050
CBN-Pla-E5-20180906,3,1392534,Gentiana acaulis,62.612514
CBN-Pla-E5-20190723,1,1396843,Trifolium alpinum,61.502819
CBN-Pla-E5-20190723,2,1395807,Salix herbacea,61.382858
CBN-Pla-E5-20190723,3,1394595,Pinguicula alpina,60.781677
CBN-Pla-E5-20190814,1,1392541,Gentiana brachyphylla,61.782608
CBN-Pla-E5-20190814,2,1396843,Trifolium alpinum,61.560741
CBN-Pla-E5-20190814,3,1395807,Salix herbacea,61.365757
CBN-Pla-E5-20200630,1,1548995,Gentiana boryi,56.859962
CBN-Pla-E5-20200630,2,1392541,Gentiana brachyphylla,56.827770
CBN-Pla-E5-20200630,3,1364066,Veronica serpyllifolia,56.540119
CBN-Pla-E5-20200723,1,1412857,Omalotheca supina,63.971302
CBN-Pla-E5-20200723,2,1392534,Gentiana acaulis,63.191559
CBN-Pla-E5-20200723,3,1395807,Salix herbacea,62.063328
CBN-Pla-E5-20200814,1,1362482,Phleum alpinum,64.893570
CBN-Pla-E5-20200814,2,1392541,Gentiana brachyphylla,63.588951
CBN-Pla-E5-20200814,3,1400176,Bistorta vivipara,63.215607
CBN-Pla-E6-20130808,1,1396253,Sibbaldia procumbens,63.934685
CBN-Pla-E6-20130808,2,1396144,Sedum alpestre,63.305740
CBN-Pla-E6-20130808,3,1395870,Salix retusa,62.370083
CBN-Pla-E6-20130904,1,1396253,Sibbaldia procumbens,64.108078
CBN-Pla-E6-20130904,2,1395807,Salix herbacea,61.644264
CBN-Pla-E6-20130904,3,1393224,Hydrocotyle bonariensis,61.158638
CBN-Pla-E6-20140722,1,1396253,Sibbaldia procumbens,60.598175
CBN-Pla-E6-20140722,2,1361703,Posidonia oceanica,57.712494
CBN-Pla-E6-20140722,3,1486742,Cylindropuntia tunicata,57.147541
CBN-Pla-E6-20140902,1,1742053,Omalotheca hoppeana,64.480659
CBN-Pla-E6-20140902,2,1412857,Omalotheca supina,64.393837
CBN-Pla-E6-20140902,3,1393200,Homogyne alpina,63.329529
CBN-Pla-E6-20150702,1,1396253,Sibbaldia procumbens,63.691387
CBN-Pla-E6-20150702,2,1396144,Sedum alpestre,61.121517
CBN-Pla-E6-20150702,3,1407739,Bromus catharticus,60.254585
CBN-Pla-E6-20150723,1,1412857,Omalotheca supina,63.292736
CBN-Pla-E6-20150723,2,1396253,Sibbaldia procumbens,61.889854
CBN-Pla-E6-20150723,3,1395807,Salix herbacea,61.870758
CBN-Pla-E6-20150811,1,1741880,Salix serpillifolia,62.948227
CBN-Pla-E6-20150811,2,1412857,Omalotheca supina,62.631069
CBN-Pla-E6-20150811,3,1742053,Omalotheca hoppeana,61.006405
CBN-Pla-E6-20150901,1,1412857,Omalotheca supina,64.864502
CBN-Pla-E6-20150901,2,1396253,Sibbaldia procumbens,64.309929
CBN-Pla-E6-20150901,3,1741624,Lotus alpinus,62.523537
CBN-Pla-E6-20160707,1,1396253,Sibbaldia procumbens,64.064003
CBN-Pla-E6-20160707,2,1742053,Omalotheca hoppeana,61.684612
CBN-Pla-E6-20160707,3,1412857,Omalotheca supina,61.347942
CBN-Pla-E6-20160728,1,1396253,Sibbaldia procumbens,64.068550
CBN-Pla-E6-20160728,2,1396144,Sedum alpestre,63.684578
CBN-Pla-E6-20160728,3,1742053,Omalotheca hoppeana,62.504097
CBN-Pla-E6-20180724,1,1390783,Carex cespitosa,58.905197
CBN-Pla-E6-20180724,2,1393619,Logfia minima,56.536598
CBN-Pla-E6-20180724,3,1399798,Pinguicula dertosensis,55.695023
CBN-Pla-E6-20180816,1,1396253,Sibbaldia procumbens,63.750687
CBN-Pla-E6-20180816,2,1412857,Omalotheca supina,63.731190
CBN-Pla-E6-20180816,3,1397043,Veronica alpina,63.684265
CBN-Pla-E6-20180906,1,1742053,Omalotheca hoppeana,67.438530
CBN-Pla-E6-20180906,2,1412857,Omalotheca supina,66.203186
CBN-Pla-E6-20180906,3,1396253,Sibbaldia procumbens,64.366463
CBN-Pla-E6-20190723,1,1395807,Salix herbacea,64.225800
CBN-Pla-E6-20190723,2,1396253,Sibbaldia procumbens,64.067406
CBN-Pla-E6-20190723,3,1396843,Trifolium alpinum,60.557308
CBN-Pla-E6-20190814,1,1396253,Sibbaldia procumbens,63.905052
CBN-Pla-E6-20190814,2,1397043,Veronica alpina,63.363018
CBN-Pla-E6-20190814,3,1741624,Lotus alpinus,63.191601
CBN-Pla-E6-20200723,1,1396253,Sibbaldia procumbens,64.593590
CBN-Pla-E6-20200723,2,1412857,Omalotheca supina,63.107204
CBN-Pla-E6-20200723,3,1364066,Veronica serpyllifolia,62.429024
CBN-Pla-E6-20200814,1,1742053,Omalotheca hoppeana,66.313644
CBN-Pla-E6-20200814,2,1412857,Omalotheca supina,65.105728
CBN-Pla-E6-20200814,3,1396253,Sibbaldia procumbens,64.906624
CBN-Pla-F1-20130808,1,1363543,Stenotaphrum secundatum,59.844688
CBN-Pla-F1-20130808,2,1413349,Armeria maritima,59.834705
CBN-Pla-F1-20130808,3,1392186,Euphorbia pyrenaica,59.807587
CBN-Pla-F1-20130904,1,1741624,Lotus alpinus,61.387005
CBN-Pla-F1-20130904,2,1391359,Coronilla vaginalis,60.018658
CBN-Pla-F1-20130904,3,1396362,Armeria leucocephala,59.943947
CBN-Pla-F1-20140722,1,1388766,Botrychium simplex,61.514259
CBN-Pla-F1-20140722,2,1580587,Lotus glacialis,60.477272
CBN-Pla-F1-20140722,3,1396144,Sedum alpestre,60.156975
CBN-Pla-F1-20140902,1,1744479,Armeria bigerrensis,67.156067
CBN-Pla-F1-20140902,2,1647156,Armeria humilis,65.034035
CBN-Pla-F1-20140902,3,1397386,Festuca scabriculmis,62.485329
CBN-Pla-F1-20150702,1,1413349,Armeria maritima,60.207516
CBN-Pla-F1-20150702,2,1647156,Armeria humilis,60.198845
CBN-Pla-F1-20150702,3,1393679,Luzula lutea,59.620613
CBN-Pla-F1-20150723,1,1413349,Armeria maritima,64.088257
CBN-Pla-F1-20150723,2,1744479,Armeria bigerrensis,62.964787
CBN-Pla-F1-20150723,3,1744194,Bouteloua dactyloides,62.789761
CBN-Pla-F1-20150901,1,1647128,Armeria alpina,64.265190
CBN-Pla-F1-20150901,2,1728573,Atocion rupestre,64.041733
CBN-Pla-F1-20150901,3,1741624,Lotus alpinus,62.453781
CBN-Pla-F1-20160707,1,1396094,Arenaria biflora,61.481255
CBN-Pla-F1-20160707,2,1363543,Stenotaphrum secundatum,60.972908
CBN-Pla-F1-20160707,3,1393679,Luzula lutea,60.244427
CBN-Pla-F1-20160728,1,1647156,Armeria humilis,64.470474
CBN-Pla-F1-20160728,2,1744479,Armeria bigerrensis,64.057312
CBN-Pla-F1-20160728,3,1396296,Silene uniflora,64.044968
CBN-Pla-F1-20180724,1,1647128,Armeria alpina,59.918297
CBN-Pla-F1-20180724,2,1356422,Botrychium lunaria,59.804092
CBN-Pla-F1-20180724,3,1413349,Armeria maritima,59.493996
CBN-Pla-F1-20180816,1,1741624,Lotus alpinus,60.175343
CBN-Pla-F1-20180816,2,1363016,Cenchrus clandestinus,59.965370
CBN-Pla-F1-20180816,3,1361367,Poa alpina,59.139824
CBN-Pla-F1-20180906,1,1728573,Atocion rupestre,64.143562
CBN-Pla-F1-20180906,2,1392737,Heliosperma pusillum,62.066986
CBN-Pla-F1-20180906,3,1400176,Bistorta vivipara,61.306816
CBN-Pla-F1-20190723,1,1741624,Lotus alpinus,63.138420
CBN-Pla-F1-20190723,2,1580588,Lotus glareosus,60.971901
CBN-Pla-F1-20190723,3,1580587,Lotus glacialis,60.837349
CBN-Pla-F1-20190814,1,1400176,Bistorta vivipara,64.078232
CBN-Pla-F1-20190814,2,1394311,Oreochloa disticha,62.122704
CBN-Pla-F1-20190814,3,1743474,Oreochloa elegans,61.195606
CBN-Pla-F1-20200630,1,1363543,Stenotaphrum secundatum,58.417057
CBN-Pla-F1-20200630,2,1651427,Festuca summilusitana,57.118454
CBN-Pla-F1-20200630,3,1390783,Carex cespitosa,55.913059
CBN-Pla-F1-20200723,1,1397043,Veronica alpina,64.295563
CBN-Pla-F1-20200723,2,1741624,Lotus alpinus,62.884930
CBN-Pla-F1-20200723,3,1397046,Veronica bellidioides,61.687092
CBN-Pla-F1-20200814,1,1400176,Bistorta vivipara,64.262810
CBN-Pla-F1-20200814,2,1391359,Coronilla vaginalis,62.568680
CBN-Pla-F1-20200814,3,1392260,Festuca alpina,61.110764
CBN-Pla-F2-20130808,1,1396144,Sedum alpestre,64.486786
CBN-Pla-F2-20130808,2,1396253,Sibbaldia procumbens,61.970379
CBN-Pla-F2-20130808,3,1392657,Allium lusitanicum,61.256569
CBN-Pla-F2-20130904,1,1744479,Armeria bigerrensis,68.508034
CBN-Pla-F2-20130904,2,1647156,Armeria humilis,67.236389
CBN-Pla-F2-20130904,3,1419963,Armeria splendens,65.003082
CBN-Pla-F2-20140722,1,1396144,Sedum alpestre,63.096737
CBN-Pla-F2-20140722,2,1396253,Sibbaldia procumbens,61.526917
CBN-Pla-F2-20140722,3,1397491,Sedum atratum,60.299152
CBN-Pla-F2-20140902,1,1392541,Gentiana brachyphylla,62.344757
CBN-Pla-F2-20140902,2,1412857,Omalotheca supina,61.602230
CBN-Pla-F2-20140902,3,1394311,Oreochloa disticha,60.980381
CBN-Pla-F2-20150702,1,1396144,Sedum alpestre,63.521721
CBN-Pla-F2-20150702,2,1396253,Sibbaldia procumbens,62.668587
CBN-Pla-F2-20150702,3,1395948,Saxifraga biflora,59.891560
CBN-Pla-F2-20150723,1,1741624,Lotus alpinus,63.291813
CBN-Pla-F2-20150723,2,1412857,Omalotheca supina,62.288597
CBN-Pla-F2-20150723,3,1580588,Lotus glareosus,62.085850
CBN-Pla-F2-20150901,1,1412857,Omalotheca supina,63.056137
CBN-Pla-F2-20150901,2,1396253,Sibbaldia procumbens,62.832764
CBN-Pla-F2-20150901,3,1395718,Sagina saginoides,61.819641
CBN-Pla-F2-20160707,1,1396253,Sibbaldia procumbens,63.098743
CBN-Pla-F2-20160707,2,1412857,Omalotheca supina,61.599953
CBN-Pla-F2-20160707,3,1392241,Alchemilla pentaphyllea,60.240707
CBN-Pla-F2-20160728,1,1741624,Lotus alpinus,64.638054
CBN-Pla-F2-20160728,2,1396253,Sibbaldia procumbens,63.795319
CBN-Pla-F2-20160728,3,1391359,Coronilla vaginalis,63.770988
CBN-Pla-F2-20180724,1,1396144,Sedum alpestre,62.342392
CBN-Pla-F2-20180724,2,1396253,Sibbaldia procumbens,62.183285
CBN-Pla-F2-20180724,3,1397491,Sedum atratum,58.569588
CBN-Pla-F2-20180816,1,1412857,Omalotheca supina,63.893982
CBN-Pla-F2-20180816,2,1396253,Sibbaldia procumbens,63.433022
CBN-Pla-F2-20180816,3,1392260,Festuca alpina,61.273483
CBN-Pla-F2-20180906,1,1395718,Sagina saginoides,65.866180
CBN-Pla-F2-20180906,2,1412857,Omalotheca supina,64.533081
CBN-Pla-F2-20180906,3,1396253,Sibbaldia procumbens,63.582687
CBN-Pla-F2-20190723,1,1397208,Viscaria alpina,62.526726
CBN-Pla-F2-20190723,2,1741624,Lotus alpinus,61.182423
CBN-Pla-F2-20190723,3,1744479,Armeria bigerrensis,61.065544
CBN-Pla-F2-20190814,1,1388915,Lysimachia minima,63.149132
CBN-Pla-F2-20190814,2,1394311,Oreochloa disticha,63.083965
CBN-Pla-F2-20190814,3,1395718,Sagina saginoides,62.510483
CBN-Pla-F2-20200630,1,1394595,Pinguicula alpina,62.874199
CBN-Pla-F2-20200630,2,1396253,Sibbaldia procumbens,60.864986
CBN-Pla-F2-20200630,3,1394597,Pinguicula corsica,59.563370
CBN-Pla-F2-20200723,1,1396253,Sibbaldia procumbens,65.243210
CBN-Pla-F2-20200723,2,1392541,Gentiana brachyphylla,61.484875
CBN-Pla-F2-20200723,3,1394865,Potentilla nitida,60.693745
CBN-Pla-F2-20200814,1,1743471,Festuca glacialis,64.299278
CBN-Pla-F2-20200814,2,1392260,Festuca alpina,63.140564
CBN-Pla-F2-20200814,3,1741624,Lotus alpinus,62.102085
CBN-Pla-F3-20130808,1,1396253,Sibbaldia procumbens,64.578621
CBN-Pla-F3-20130808,2,1394438,Pedicularis kerneri,63.075195
CBN-Pla-F3-20130808,3,1390793,Carex curvula,62.729279
CBN-Pla-F3-20130904,1,1394438,Pedicularis kerneri,63.121140
CBN-Pla-F3-20130904,2,1359740,Pedicularis sylvatica,61.531425
CBN-Pla-F3-20130904,3,1394441,Pedicularis mixta,61.166119
CBN-Pla-F3-20140722,1,1396253,Sibbaldia procumbens,61.916649
CBN-Pla-F3-20140722,2,1396144,Sedum alpestre,61.547882
CBN-Pla-F3-20140722,3,1647156,Armeria humilis,61.421787
CBN-Pla-F3-20140902,1,1396144,Sedum alpestre,65.636192
CBN-Pla-F3-20140902,2,1361367,Poa alpina,64.494011
CBN-Pla-F3-20140902,3,1394438,Pedicularis kerneri,64.126617
CBN-Pla-F3-20150702,1,1396253,Sibbaldia procumbens,64.888664
CBN-Pla-F3-20150702,2,1396144,Sedum alpestre,59.734726
CBN-Pla-F3-20150702,3,1647187,Armeria welwitschii,59.641113
CBN-Pla-F3-20150723,1,1396253,Sibbaldia procumbens,62.491886
CBN-Pla-F3-20150723,2,1741624,Lotus alpinus,61.489815
CBN-Pla-F3-20150723,3,1400017,Armeria linkiana,59.626961
CBN-Pla-F3-20150811,1,1396144,Sedum alpestre,63.396034
CBN-Pla-F3-20150811,2,1647156,Armeria humilis,63.368694
CBN-Pla-F3-20150811,3,1744194,Bouteloua dactyloides,63.257057
CBN-Pla-F3-20150901,1,1744479,Armeria bigerrensis,65.634468
CBN-Pla-F3-20150901,2,1396144,Sedum alpestre,63.857040
CBN-Pla-F3-20150901,3,1396253,Sibbaldia procumbens,63.104099
CBN-Pla-F3-20160707,1,1396253,Sibbaldia procumbens,63.931252
CBN-Pla-F3-20160707,2,1394438,Pedicularis kerneri,63.356552
CBN-Pla-F3-20160707,3,1396165,Sedum sexangulare,63.109528
CBN-Pla-F3-20160728,1,1394438,Pedicularis kerneri,65.384651
CBN-Pla-F3-20160728,2,1396144,Sedum alpestre,65.235535
CBN-Pla-F3-20160728,3,1396253,Sibbaldia procumbens,61.618130
CBN-Pla-F3-20180724,1,1396253,Sibbaldia procumbens,61.742775
CBN-Pla-F3-20180724,2,1396144,Sedum alpestre,60.082859
CBN-Pla-F3-20180724,3,1391427,Crassula pubescens,59.944843
CBN-Pla-F3-20180816,1,1396253,Sibbaldia procumbens,64.140984
CBN-Pla-F3-20180816,2,1412857,Omalotheca supina,63.373184
CBN-Pla-F3-20180816,3,1396144,Sedum alpestre,62.907780
CBN-Pla-F3-20180906,1,1396253,Sibbaldia procumbens,64.987366
CBN-Pla-F3-20180906,2,1412857,Omalotheca supina,64.266983
CBN-Pla-F3-20180906,3,1394438,Pedicularis kerneri,63.191601
CBN-Pla-F3-20190723,1,1396253,Sibbaldia procumbens,65.289551
CBN-Pla-F3-20190723,2,1412857,Omalotheca supina,62.926445
CBN-Pla-F3-20190723,3,1397528,Cardamine bellidifolia,62.021374
CBN-Pla-F3-20190814,1,1394438,Pedicularis kerneri,67.452171
CBN-Pla-F3-20190814,2,1394444,Pedicularis pyrenaica,65.602539
CBN-Pla-F3-20190814,3,1742053,Omalotheca hoppeana,63.860771
CBN-Pla-F3-20200630,1,1396253,Sibbaldia procumbens,58.011700
CBN-Pla-F3-20200630,2,1359965,Plantago maritima,57.781715
CBN-Pla-F3-20200630,3,1363133,Triglochin striata,57.120941
CBN-Pla-F3-20200723,1,1396253,Sibbaldia procumbens,64.521927
CBN-Pla-F3-20200723,2,1396144,Sedum alpestre,64.450233
CBN-Pla-F3-20200723,3,1412857,Omalotheca supina,62.131851
CBN-Pla-F3-20200814,1,1396144,Sedum alpestre,64.878799
CBN-Pla-F3-20200814,2,1396253,Sibbaldia procumbens,64.295761
CBN-Pla-F3-20200814,3,1412857,Omalotheca supina,64.222435
CBN-Pla-F4-20130808,1,1396253,Sibbaldia procumbens,63.592392
CBN-Pla-F4-20130808,2,1388890,Lysimachia maritima,61.527771
CBN-Pla-F4-20130808,3,1396144,Sedum alpestre,60.660763
CBN-Pla-F4-20130904,1,1394643,Antennaria dioica,62.837769
CBN-Pla-F4-20130904,2,1396253,Sibbaldia procumbens,62.785641
CBN-Pla-F4-20130904,3,1396144,Sedum alpestre,62.294628
CBN-Pla-F4-20140722,1,1396144,Sedum alpestre,61.155346
CBN-Pla-F4-20140722,2,1359965,Plantago maritima,59.465172
CBN-Pla-F4-20140722,3,1392407,Gagea serotina,59.260567
CBN-Pla-F4-20150723,1,1744479,Armeria bigerrensis,63.773102
CBN-Pla-F4-20150723,2,1647156,Armeria humilis,63.083874
CBN-Pla-F4-20150723,3,1396362,Armeria leucocephala,62.574379
CBN-Pla-F4-20150811,1,1744479,Armeria bigerrensis,62.827370
CBN-Pla-F4-20150811,2,1413349,Armeria maritima,62.716919
CBN-Pla-F4-20150811,3,1647132,Armeria beirana,61.541420
CBN-Pla-F4-20150901,1,1396144,Sedum alpestre,64.369591
CBN-Pla-F4-20150901,2,1412857,Omalotheca supina,62.377853
CBN-Pla-F4-20150901,3,1647128,Armeria alpina,62.286728
CBN-Pla-F4-20160707,1,1412857,Omalotheca supina,63.332657
CBN-Pla-F4-20160707,2,1742053,Omalotheca hoppeana,61.150356
CBN-Pla-F4-20160707,3,1396253,Sibbaldia procumbens,60.533886
CBN-Pla-F4-20160728,1,1412857,Omalotheca supina,64.672958
CBN-Pla-F4-20160728,2,1742053,Omalotheca hoppeana,62.685753
CBN-Pla-F4-20160728,3,1396144,Sedum alpestre,62.542671
CBN-Pla-F4-20180724,1,1363543,Stenotaphrum secundatum,60.402889
CBN-Pla-F4-20180724,2,1356422,Botrychium lunaria,58.412399
CBN-Pla-F4-20180724,3,1394643,Antennaria dioica,58.344944
CBN-Pla-F4-20180816,1,1412857,Omalotheca supina,63.574780
CBN-Pla-F4-20180816,2,1396253,Sibbaldia procumbens,60.859211
CBN-Pla-F4-20180816,3,1395807,Salix herbacea,60.480312
CBN-Pla-F4-20180906,1,1412857,Omalotheca supina,65.873459
CBN-Pla-F4-20180906,2,1742053,Omalotheca hoppeana,63.457539
CBN-Pla-F4-20180906,3,1396253,Sibbaldia procumbens,62.723396
CBN-Pla-F4-20190723,1,1412857,Omalotheca supina,63.838299
CBN-Pla-F4-20190723,2,1396253,Sibbaldia procumbens,63.649681
CBN-Pla-F4-20190723,3,1395807,Salix herbacea,61.679802
CBN-Pla-F4-20190814,1,1412857,Omalotheca supina,64.263054
CBN-Pla-F4-20190814,2,1396253,Sibbaldia procumbens,63.203133
CBN-Pla-F4-20190814,3,1742053,Omalotheca hoppeana,62.904507
CBN-Pla-F4-20200630,1,1356228,Cymodocea nodosa,56.988365
CBN-Pla-F4-20200630,2,1412857,Omalotheca supina,56.331116
CBN-Pla-F4-20200630,3,1363133,Triglochin striata,55.851158
CBN-Pla-F4-20200723,1,1412857,Omalotheca supina,63.879265
CBN-Pla-F4-20200723,2,1742053,Omalotheca hoppeana,63.411850
CBN-Pla-F4-20200723,3,1741624,Lotus alpinus,63.179646
CBN-Pla-F4-20200814,1,1412857,Omalotheca supina,66.768677
CBN-Pla-F4-20200814,2,1742053,Omalotheca hoppeana,66.736160
CBN-Pla-F4-20200814,3,1647128,Armeria alpina,64.923164
CBN-Pla-F5-20130808,1,1396253,Sibbaldia procumbens,64.443619
CBN-Pla-F5-20130808,2,1396144,Sedum alpestre,62.980858
CBN-Pla-F5-20130808,3,1360399,Galium mollugo,60.179993
CBN-Pla-F5-20130904,1,1396253,Sibbaldia procumbens,62.938530
CBN-Pla-F5-20130904,2,1390837,Carex humilis,61.086140
CBN-Pla-F5-20130904,3,1390883,Carex parviflora,61.027477
CBN-Pla-F5-20140722,1,1396253,Sibbaldia procumbens,59.600891
CBN-Pla-F5-20140722,2,1392241,Alchemilla pentaphyllea,58.339096
CBN-Pla-F5-20140722,3,1396144,Sedum alpestre,58.209370
CBN-Pla-F5-20140902,1,1400176,Bistorta vivipara,63.333790
CBN-Pla-F5-20140902,2,1396253,Sibbaldia procumbens,63.127083
CBN-Pla-F5-20140902,3,1396843,Trifolium alpinum,61.370773
CBN-Pla-F5-20150702,1,1396253,Sibbaldia procumbens,63.982559
CBN-Pla-F5-20150702,2,1394865,Potentilla nitida,58.749325
CBN-Pla-F5-20150702,3,1407739,Bromus catharticus,58.696251
CBN-Pla-F5-20150723,1,1396253,Sibbaldia procumbens,64.475685
CBN-Pla-F5-20150723,2,1396843,Trifolium alpinum,61.980713
CBN-Pla-F5-20150723,3,1397513,Tofieldia pusilla,60.161583
CBN-Pla-F5-20150811,1,1396253,Sibbaldia procumbens,63.741756
CBN-Pla-F5-20150811,2,1651427,Festuca summilusitana,62.607452
CBN-Pla-F5-20150811,3,1396843,Trifolium alpinum,62.469009
CBN-Pla-F5-20150901,1,1396253,Sibbaldia procumbens,64.239403
CBN-Pla-F5-20150901,2,1396843,Trifolium alpinum,62.898079
CBN-Pla-F5-20150901,3,1361141,Agrostis rupestris,61.902615
CBN-Pla-F5-20160707,1,1396253,Sibbaldia procumbens,64.123451
CBN-Pla-F5-20160707,2,1412857,Omalotheca supina,60.923054
CBN-Pla-F5-20160707,3,1394865,Potentilla nitida,58.819229
CBN-Pla-F5-20160728,1,1396253,Sibbaldia procumbens,64.627884
CBN-Pla-F5-20160728,2,1400176,Bistorta vivipara,61.189629
CBN-Pla-F5-20160728,3,1397043,Veronica alpina,60.046860
CBN-Pla-F5-20180724,1,1358099,Sedum brevifolium,56.579655
CBN-Pla-F5-20180724,2,1396253,Sibbaldia procumbens,55.606396
CBN-Pla-F5-20180724,3,1399773,Callitriche peploides,55.228569
CBN-Pla-F5-20180816,1,1397043,Veronica alpina,64.898354
CBN-Pla-F5-20180816,2,1396253,Sibbaldia procumbens,64.575401
CBN-Pla-F5-20180816,3,1400176,Bistorta vivipara,63.903851
CBN-Pla-F5-20180906,1,1396843,Trifolium alpinum,64.670288
CBN-Pla-F5-20180906,2,1396253,Sibbaldia procumbens,64.643097
CBN-Pla-F5-20180906,3,1397043,Veronica alpina,63.199715
CBN-Pla-F5-20190723,1,1396253,Sibbaldia procumbens,65.078293
CBN-Pla-F5-20190723,2,1395807,Salix herbacea,59.844757
CBN-Pla-F5-20190723,3,1400175,Bistorta officinalis,58.991894
CBN-Pla-F5-20190814,1,1396253,Sibbaldia procumbens,63.616863
CBN-Pla-F5-20190814,2,1397043,Veronica alpina,62.828754
CBN-Pla-F5-20190814,3,1397046,Veronica bellidioides,62.225258
CBN-Pla-F5-20200723,1,1396253,Sibbaldia procumbens,64.350639
CBN-Pla-F5-20200723,2,1400176,Bistorta vivipara,63.847855
CBN-Pla-F5-20200723,3,1397043,Veronica alpina,62.699142
CBN-Pla-F5-20200814,1,1396253,Sibbaldia procumbens,64.187592
CBN-Pla-F5-20200814,2,1400176,Bistorta vivipara,63.681152
CBN-Pla-F5-20200814,3,1392541,Gentiana brachyphylla,62.213715
CBN-Pla-F6-20130808,1,1396253,Sibbaldia procumbens,63.017967
CBN-Pla-F6-20130808,2,1395862,Salix pyrenaica,61.867561
CBN-Pla-F6-20130808,3,1394641,Antennaria carpatica,61.032906
CBN-Pla-F6-20130904,1,1396843,Trifolium alpinum,64.171593
CBN-Pla-F6-20130904,2,1396253,Sibbaldia procumbens,64.002022
CBN-Pla-F6-20130904,3,1363273,Eleocharis caduca,61.582764
CBN-Pla-F6-20140722,1,1397376,Ephedra distachya,59.631115
CBN-Pla-F6-20140722,2,1396253,Sibbaldia procumbens,59.426109
CBN-Pla-F6-20140722,3,1609716,Epilobium komarovianum,58.513493
CBN-Pla-F6-20140902,1,1392241,Alchemilla pentaphyllea,64.407677
CBN-Pla-F6-20140902,2,1362482,Phleum alpinum,64.057793
CBN-Pla-F6-20140902,3,1396253,Sibbaldia procumbens,62.707069
CBN-Pla-F6-20150702,1,1396253,Sibbaldia procumbens,63.585205
CBN-Pla-F6-20150702,2,1394643,Antennaria dioica,60.230648
CBN-Pla-F6-20150702,3,1392241,Alchemilla pentaphyllea,59.746155
CBN-Pla-F6-20150723,1,1396253,Sibbaldia procumbens,64.866096
CBN-Pla-F6-20150723,2,1396843,Trifolium alpinum,61.956043
CBN-Pla-F6-20150723,3,1392541,Gentiana brachyphylla,61.401211
CBN-Pla-F6-20150811,1,1396843,Trifolium alpinum,65.966576
CBN-Pla-F6-20150811,2,1396253,Sibbaldia procumbens,63.361332
CBN-Pla-F6-20150811,3,1397106,Vicia pyrenaica,61.128052
CBN-Pla-F6-20150901,1,1742053,Omalotheca hoppeana,65.232285
CBN-Pla-F6-20150901,2,1396253,Sibbaldia procumbens,64.023010
CBN-Pla-F6-20150901,3,1396843,Trifolium alpinum,62.792343
CBN-Pla-F6-20160707,1,1396253,Sibbaldia procumbens,63.917744
CBN-Pla-F6-20160707,2,1742053,Omalotheca hoppeana,59.709602
CBN-Pla-F6-20160707,3,1609716,Epilobium komarovianum,59.216911
CBN-Pla-F6-20160728,1,1396253,Sibbaldia procumbens,63.947453
CBN-Pla-F6-20160728,2,1397043,Veronica alpina,61.124084
CBN-Pla-F6-20160728,3,1741880,Salix serpillifolia,60.427723
CBN-Pla-F6-20180724,1,1398699,Marsilea batardae,58.526909
CBN-Pla-F6-20180724,2,1396253,Sibbaldia procumbens,57.604137
CBN-Pla-F6-20180724,3,1360222,Ranunculus repens,56.579597
CBN-Pla-F6-20180816,1,1397043,Veronica alpina,64.814995
CBN-Pla-F6-20180816,2,1396253,Sibbaldia procumbens,64.103745
CBN-Pla-F6-20180816,3,1395000,Pyrola minor,62.053921
CBN-Pla-F6-20180906,1,1396253,Sibbaldia procumbens,65.095573
CBN-Pla-F6-20180906,2,1396843,Trifolium alpinum,64.562668
CBN-Pla-F6-20180906,3,1397043,Veronica alpina,63.244293
CBN-Pla-F6-20190723,1,1396144,Sedum alpestre,66.450485
CBN-Pla-F6-20190723,2,1396253,Sibbaldia procumbens,65.184334
CBN-Pla-F6-20190723,3,1396843,Trifolium alpinum,63.085125
CBN-Pla-F6-20190814,1,1396253,Sibbaldia procumbens,65.100586
CBN-Pla-F6-20190814,2,1396144,Sedum alpestre,63.818104
CBN-Pla-F6-20190814,3,1412857,Omalotheca supina,63.803024
CBN-Pla-F6-20200723,1,1397043,Veronica alpina,64.204185
CBN-Pla-F6-20200723,2,1396253,Sibbaldia procumbens,63.621033
CBN-Pla-F6-20200723,3,1392241,Alchemilla pentaphyllea,62.305508
CBN-Pla-F6-20200814,1,1396253,Sibbaldia procumbens,64.005623
CBN-Pla-F6-20200814,2,1396144,Sedum alpestre,63.912739
CBN-Pla-F6-20200814,3,1397043,Veronica alpina,62.966019
CBN-Pyr-01-20230706,1,1396843,Trifolium alpinum,64.170349
CBN-Pyr-01-20230706,2,1359508,Trifolium montanum,63.019447
CBN-Pyr-01-20230706,3,1359965,Plantago maritima,62.256237
CBN-Pyr-03-20230706,1,1395973,Saxifraga exarata,64.836777
CBN-Pyr-03-20230706,2,1741624,Lotus alpinus,64.608780
CBN-Pyr-03-20230706,3,1396015,Saxifraga moschata,64.527725
CBN-can-A1-20230705,1,1392608,Geum montanum,65.567474
CBN-can-A1-20230705,2,1360299,Geum sylvaticum,64.485916
CBN-can-A1-20230705,3,1396843,Trifolium alpinum,63.785370
CBN-can-A2-20230705,1,1393200,Homogyne alpina,63.072182
CBN-can-A2-20230705,2,1395807,Salix herbacea,60.307373
CBN-can-A2-20230705,3,1391161,Chrysosplenium oppositifolium,59.219776
CBN-can-A3-20230705,1,1393200,Homogyne alpina,67.409058
CBN-can-A3-20230705,2,1396144,Sedum alpestre,65.457047
CBN-can-A3-20230705,3,1412857,Omalotheca supina,64.612030
CBN-can-A5-20230705,1,1392534,Gentiana acaulis,65.605057
CBN-can-A5-20230705,2,1392535,Gentiana alpina,65.272675
CBN-can-A5-20230705,3,1397475,Rhododendron ferrugineum,64.859467
CBN-can-A6-20230705,1,1397475,Rhododendron ferrugineum,65.395584
CBN-can-A6-20230705,2,1393200,Homogyne alpina,65.125946
CBN-can-A6-20230705,3,1396253,Sibbaldia procumbens,62.490601
CBN-can-B1-20230705,1,1392608,Geum montanum,66.765663
CBN-can-B1-20230705,2,1393200,Homogyne alpina,66.217331
CBN-can-B1-20230705,3,1396144,Sedum alpestre,66.211441
CBN-can-B2-20230705,1,1392608,Geum montanum,65.669678
CBN-can-B2-20230705,2,1400101,Bartsia alpina,64.282280
CBN-can-B2-20230705,3,1397123,Viola biflora,62.935532
CBN-can-B3-20230705,1,1393200,Homogyne alpina,64.351242
CBN-can-B3-20230705,2,1393619,Logfia minima,64.035561
CBN-can-B3-20230705,3,1392608,Geum montanum,62.097816
CBN-can-B4-20230705,1,1397475,Rhododendron ferrugineum,65.453880
CBN-can-B4-20230705,2,1393200,Homogyne alpina,63.633789
CBN-can-B4-20230705,3,1393874,Myoporum laetum,60.915993
CBN-can-B5-20230705,1,1397475,Rhododendron ferrugineum,66.810127
CBN-can-B5-20230705,2,1392535,Gentiana alpina,66.385132
CBN-can-B5-20230705,3,1392534,Gentiana acaulis,65.335106
CBN-can-B6-20230705,1,1393679,Luzula lutea,66.932892
CBN-can-B6-20230705,2,1397475,Rhododendron ferrugineum,65.068573
CBN-can-B6-20230705,3,1393200,Homogyne alpina,64.783546
CBN-can-C1-20230705,1,1393200,Homogyne alpina,64.373154
CBN-can-C1-20230705,2,1396253,Sibbaldia procumbens,61.883247
CBN-can-C1-20230705,3,1360748,Hydrocotyle vulgaris,59.939339
CBN-can-C2-20230705,1,1393200,Homogyne alpina,64.466087
CBN-can-C2-20230705,2,1412857,Omalotheca supina,63.883492
CBN-can-C2-20230705,3,1396253,Sibbaldia procumbens,63.105263
CBN-can-C3-20230705,1,1396253,Sibbaldia procumbens,64.186974
CBN-can-C3-20230705,2,1395807,Salix herbacea,63.261024
CBN-can-C3-20230705,3,1364066,Veronica serpyllifolia,61.326607
CBN-can-C4-20230705,1,1393200,Homogyne alpina,67.060524
CBN-can-C4-20230705,2,1395807,Salix herbacea,63.167595
CBN-can-C4-20230705,3,1364066,Veronica serpyllifolia,61.832024
CBN-can-D1-20230705,1,1396253,Sibbaldia procumbens,64.335716
CBN-can-D1-20230705,2,1395807,Salix herbacea,63.499523
CBN-can-D1-20230705,3,1397043,Veronica alpina,62.203087
CBN-can-D2-20230705,1,1396253,Sibbaldia procumbens,63.855709
CBN-can-D2-20230705,2,1412857,Omalotheca supina,63.515526
CBN-can-D2-20230705,3,1391092,Cerastium tomentosum,63.288406
CBN-can-D3-20230705,1,1396253,Sibbaldia procumbens,62.870110
CBN-can-D3-20230705,2,1413349,Armeria maritima,62.581863
CBN-can-D3-20230705,3,1356278,Trifolium fragiferum,61.887947
CBN-can-D4-20230705,1,1400101,Bartsia alpina,64.274773
CBN-can-D4-20230705,2,1392535,Gentiana alpina,63.828094
CBN-can-D4-20230705,3,1395807,Salix herbacea,63.687317
CBN-can-E1-20230706,1,1392608,Geum montanum,65.670624
CBN-can-E1-20230706,2,1392612,Geum reptans,63.323711
CBN-can-E1-20230706,3,1394871,Potentilla pyrenaica,62.828690
CBN-can-E2-20230706,1,1393584,Linaria alpina,65.084709
CBN-can-E2-20230706,2,1395807,Salix herbacea,64.332626
CBN-can-E2-20230706,3,1393619,Logfia minima,63.975594
CBN-can-E3-20230706,1,1392534,Gentiana acaulis,66.194489
CBN-can-E3-20230706,2,1392535,Gentiana alpina,65.757095
CBN-can-E3-20230706,3,1397430,Luzula sylvatica,65.346657
CBN-can-E4-20230706,1,1397430,Luzula sylvatica,65.622101
CBN-can-E4-20230706,2,1360748,Hydrocotyle vulgaris,63.037163
CBN-can-E4-20230706,3,1396253,Sibbaldia procumbens,62.710705
CBN-can-E5-20230706,1,1392608,Geum montanum,65.347679
CBN-can-E5-20230706,2,1393200,Homogyne alpina,65.026802
CBN-can-E5-20230706,3,1392534,Gentiana acaulis,64.711578
CBN-can-E6-20230706,1,1392534,Gentiana acaulis,67.184349
CBN-can-E6-20230706,2,1392535,Gentiana alpina,66.926834
CBN-can-E6-20230706,3,1392608,Geum montanum,65.251488
CBN-can-F1-20230705,1,1392534,Gentiana acaulis,66.027893
CBN-can-F1-20230705,2,1392535,Gentiana alpina,65.644241
CBN-can-F1-20230705,3,1412857,Omalotheca supina,64.321800
CBN-can-F2-20230706,1,1396144,Sedum alpestre,67.692612
CBN-can-F2-20230706,2,1396253,Sibbaldia procumbens,63.775513
CBN-can-F2-20230706,3,1393619,Logfia minima,63.078712
CBN-can-F3-20230706,1,1397430,Luzula sylvatica,64.144768
CBN-can-F3-20230706,2,1412857,Omalotheca supina,64.116013
CBN-can-F3-20230706,3,1393200,Homogyne alpina,63.922298
CBN-can-F4-20230706,1,1397430,Luzula sylvatica,63.981262
CBN-can-F4-20230706,2,1395807,Salix herbacea,63.016605
CBN-can-F4-20230706,3,1360120,Rumex acetosa,62.732204
CBN-can-F5-20230706,1,1392608,Geum montanum,66.785423
CBN-can-F5-20230706,2,1396843,Trifolium alpinum,62.873470
CBN-can-F5-20230706,3,1396253,Sibbaldia procumbens,61.578896
GUARDEN-AMB-CF04-1-10-20240325,1,1359344,Medicago marina,66.767570
GUARDEN-AMB-CF04-1-10-20240325,2,1360978,Pancratium maritimum,64.752563
GUARDEN-AMB-CF04-1-10-20240325,3,1393770,Medicago littoralis,63.852379
GUARDEN-AMB-CF04-1-5-20240325,1,1363302,Cyperus capitatus,69.026894
GUARDEN-AMB-CF04-1-5-20240325,2,1359344,Medicago marina,65.604202
GUARDEN-AMB-CF04-1-5-20240325,3,1363882,Lobularia maritima,63.917294
GUARDEN-AMB-CF21-1-1-20240326,1,1388812,Achillea maritima,67.331345
GUARDEN-AMB-CF21-1-1-20240326,2,1363302,Cyperus capitatus,65.008240
GUARDEN-AMB-CF21-1-1-20240326,3,1357593,Filago pygmaea,60.086426
GUARDEN-AMB-CF21-1-10-20240326,1,1363302,Cyperus capitatus,66.076355
GUARDEN-AMB-CF21-1-10-20240326,2,1356149,Datura ferox,61.918880
GUARDEN-AMB-CF21-1-10-20240326,3,1744602,Alyssum gallaecicum,61.291046
GUARDEN-AMB-CF21-1-2-20240326,1,1358203,Cakile maritima,62.141174
GUARDEN-AMB-CF21-1-2-20240326,2,1360719,Eryngium maritimum,62.125595
GUARDEN-AMB-CF21-1-2-20240326,3,1363302,Cyperus capitatus,61.687916
GUARDEN-AMB-CF21-1-3-20240326,1,1359344,Medicago marina,66.544342
GUARDEN-AMB-CF21-1-3-20240326,2,1360719,Eryngium maritimum,64.539650
GUARDEN-AMB-CF21-1-3-20240326,3,1363302,Cyperus capitatus,64.158897
GUARDEN-AMB-CF21-1-4-20240326,1,1359344,Medicago marina,66.737633
GUARDEN-AMB-CF21-1-4-20240326,2,1360978,Pancratium maritimum,65.936783
GUARDEN-AMB-CF21-1-4-20240326,3,1363302,Cyperus capitatus,64.957939
GUARDEN-AMB-CF21-1-5-20240326,1,1359344,Medicago marina,67.078590
GUARDEN-AMB-CF21-1-5-20240326,2,1363302,Cyperus capitatus,64.535446
GUARDEN-AMB-CF21-1-5-20240326,3,1359297,Lotus creticus,61.602905
GUARDEN-AMB-CF21-1-6-20240326,1,1359344,Medicago marina,66.633644
GUARDEN-AMB-CF21-1-6-20240326,2,1359297,Lotus creticus,62.121826
GUARDEN-AMB-CF21-1-6-20240326,3,1363302,Cyperus capitatus,61.203316
GUARDEN-AMB-CF21-1-7-20240326,1,1363302,Cyperus capitatus,64.329758
GUARDEN-AMB-CF21-1-7-20240326,2,1724816,Matthiola incana,62.495743
GUARDEN-AMB-CF21-1-7-20240326,3,1360701,Echinophora spinosa,62.102501
GUARDEN-AMB-CF21-1-8-20240326,1,1363302,Cyperus capitatus,67.778770
GUARDEN-AMB-CF21-1-8-20240326,2,1359344,Medicago marina,66.386055
GUARDEN-AMB-CF21-1-8-20240326,3,1397434,Malcolmia flexuosa,65.358788
GUARDEN-AMB-CF21-1-9-20240326,1,1363302,Cyperus capitatus,64.596062
GUARDEN-AMB-CF21-1-9-20240326,2,1399739,Linaria polygalifolia,62.948959
GUARDEN-AMB-CF21-1-9-20240326,3,1398786,Lavandula lanata,62.793411
GUARDEN-AMB-GV04-1-3-20240326,1,1359344,Medicago marina,64.736961
GUARDEN-AMB-GV04-1-3-20240326,2,1359297,Lotus creticus,64.686768
GUARDEN-AMB-GV04-1-3-20240326,3,1359298,Lotus cytisoides,63.628956
GUARDEN-AMB-GV04-1-4-20240326,1,1359297,Lotus creticus,66.027191
GUARDEN-AMB-GV04-1-4-20240326,2,1359298,Lotus cytisoides,64.606400
GUARDEN-AMB-GV04-1-4-20240326,3,1359344,Medicago marina,64.408012
GUARDEN-AMB-GV04-1-5-20240326,1,1359297,Lotus creticus,65.903038
GUARDEN-AMB-GV04-1-5-20240326,2,1359298,Lotus cytisoides,63.617790
GUARDEN-AMB-GV04-1-5-20240326,3,1359344,Medicago marina,62.126770
GUARDEN-AMB-GV04-1-6-20240326,1,1359297,Lotus creticus,65.442024
GUARDEN-AMB-GV04-1-6-20240326,2,1359298,Lotus cytisoides,63.540848
GUARDEN-AMB-GV04-1-6-20240326,3,1399739,Linaria polygalifolia,62.488274
GUARDEN-AMB-GV04-1-7-20240326,1,1359297,Lotus creticus,66.828499
GUARDEN-AMB-GV04-1-7-20240326,2,1359298,Lotus cytisoides,63.368469
GUARDEN-AMB-GV04-1-7-20240326,3,1363882,Lobularia maritima,63.289284
GUARDEN-AMB-PR13-1-10-20240417,1,1359297,Lotus creticus,65.677505
GUARDEN-AMB-PR13-1-10-20240417,2,1359914,Linaria munbyana,64.977493
GUARDEN-AMB-PR13-1-10-20240417,3,1399739,Linaria polygalifolia,64.817337
GUARDEN-AMB-PR13-1-2-20240417,1,1360701,Echinophora spinosa,65.527924
GUARDEN-AMB-PR13-1-2-20240417,2,1722578,Daucus pumilus,64.880386
GUARDEN-AMB-PR13-1-2-20240417,3,1721018,Calystegia soldanella,64.044792
GUARDEN-AMB-PR13-1-3-20240417,1,1360701,Echinophora spinosa,68.150909
GUARDEN-AMB-PR13-1-3-20240417,2,1721018,Calystegia soldanella,64.628876
GUARDEN-AMB-PR13-1-3-20240417,3,1359297,Lotus creticus,63.233368
GUARDEN-AMB-PR13-1-4-20240417,1,1721018,Calystegia soldanella,64.366089
GUARDEN-AMB-PR13-1-4-20240417,2,1364037,Ipomoea imperati,60.180523
GUARDEN-AMB-PR13-1-4-20240417,3,1722578,Daucus pumilus,57.762398
GUARDEN-AMB-PR13-1-8-20240417,1,1359344,Medicago marina,67.160202
GUARDEN-AMB-PR13-1-8-20240417,2,1721018,Calystegia soldanella,64.556984
GUARDEN-AMB-PR13-1-8-20240417,3,1359298,Lotus cytisoides,64.329605
GUARDEN-AMB-PR20-1-1-20240424,1,1393522,Leymus arenarius,61.275303
GUARDEN-AMB-PR20-1-1-20240424,2,1722441,Thinopyrum junceum,59.028069
GUARDEN-AMB-PR20-1-1-20240424,3,1722433,Calamagrostis arenaria,58.471161
GUARDEN-AMB-PR20-1-10-20240424,1,1359297,Lotus creticus,66.352615
GUARDEN-AMB-PR20-1-10-20240424,2,1359298,Lotus cytisoides,66.229111
GUARDEN-AMB-PR20-1-10-20240424,3,1359344,Medicago marina,65.038422
GUARDEN-AMB-PR20-1-8-20240424,1,1359344,Medicago marina,67.071762
GUARDEN-AMB-PR20-1-8-20240424,2,1359297,Lotus creticus,63.642448
GUARDEN-AMB-PR20-1-8-20240424,3,1360701,Echinophora spinosa,63.116547
GUARDEN-AMB-SA03-1-1-20240626,1,1359344,Medicago marina,65.068054
GUARDEN-AMB-SA03-1-1-20240626,2,1360381,Crucianella maritima,61.874950
GUARDEN-AMB-SA03-1-1-20240626,3,1399739,Linaria polygalifolia,61.853203
GUARDEN-AMB-SA03-1-10-20240626,1,1356333,Tribulus terrestris,60.882309
GUARDEN-AMB-SA03-1-10-20240626,2,1360035,Limonium echioides,58.732758
GUARDEN-AMB-SA03-1-10-20240626,3,1361732,Salsola tragus,56.062080
GUARDEN-AMB-SA03-1-2-20240626,1,1359344,Medicago marina,66.073891
GUARDEN-AMB-SA03-1-2-20240626,2,1363840,Heliotropium supinum,61.516926
GUARDEN-AMB-SA03-1-2-20240626,3,1359298,Lotus cytisoides,60.808601
GUARDEN-AMB-SA03-1-3-20240626,1,1359344,Medicago marina,66.067429
GUARDEN-AMB-SA03-1-3-20240626,2,1358203,Cakile maritima,62.636997
GUARDEN-AMB-SA03-1-3-20240626,3,1360381,Crucianella maritima,62.255226
GUARDEN-AMB-SA03-1-4-20240626,1,1359344,Medicago marina,66.391182
GUARDEN-AMB-SA03-1-4-20240626,2,1360978,Pancratium maritimum,64.952950
GUARDEN-AMB-SA03-1-4-20240626,3,1359437,Ononis variegata,62.575508
GUARDEN-AMB-SA03-1-5-20240626,1,1359344,Medicago marina,66.340225
GUARDEN-AMB-SA03-1-5-20240626,2,1359424,Ononis ramosissima,64.200012
GUARDEN-AMB-SA03-1-5-20240626,3,1360719,Eryngium maritimum,63.873260
GUARDEN-AMB-SA03-1-9-20240626,1,1356905,Paronychia argentea,68.284744
GUARDEN-AMB-SA03-1-9-20240626,2,1359297,Lotus creticus,65.227303
GUARDEN-AMB-SA03-1-9-20240626,3,1359298,Lotus cytisoides,64.831909
GUARDEN-AMB-VC03-1-3-20240417,1,1359344,Medicago marina,67.696114
GUARDEN-AMB-VC03-1-3-20240417,2,1356905,Paronychia argentea,67.469971
GUARDEN-AMB-VC03-1-3-20240417,3,1394421,Paronychia kapela,63.654156
GUARDEN-AMB-VC03-1-4-20240417,1,1356905,Paronychia argentea,67.771927
GUARDEN-AMB-VC03-1-4-20240417,2,1359344,Medicago marina,67.066154
GUARDEN-AMB-VC03-1-4-20240417,3,1359297,Lotus creticus,64.307495
GUARDEN-AMB-VC03-1-5-20240417,1,1356905,Paronychia argentea,67.166214
GUARDEN-AMB-VC03-1-5-20240417,2,1359297,Lotus creticus,65.331314
GUARDEN-AMB-VC03-1-5-20240417,3,1359298,Lotus cytisoides,64.767426
GUARDEN-AMB-VC03-1-6-20240417,1,1356905,Paronychia argentea,67.568184
GUARDEN-AMB-VC03-1-6-20240417,2,1359344,Medicago marina,66.760803
GUARDEN-AMB-VC03-1-6-20240417,3,1359297,Lotus creticus,65.553650
GUARDEN-CBNMed-10-1-16-34-20240429,1,1358503,Erica arborea,62.220070
GUARDEN-CBNMed-10-1-16-34-20240429,2,1722409,Salvia rosmarinus,59.489166
GUARDEN-CBNMed-10-1-16-34-20240429,3,1564276,Teucrium balearicum,59.409893
GUARDEN-CBNMed-10-10-17-19-20240429,1,1358613,Quercus coccifera,63.529469
GUARDEN-CBNMed-10-10-17-19-20240429,2,1548459,Quercus rotundifolia,57.630451
GUARDEN-CBNMed-10-10-17-19-20240429,3,1548487,Quercus senneniana,57.605705
GUARDEN-CBNMed-10-5-16-55-20240429,1,1357111,Cistus salviifolius,66.174492
GUARDEN-CBNMed-10-5-16-55-20240429,2,1356785,Lonicera implexa,64.604805
GUARDEN-CBNMed-10-5-16-55-20240429,3,1358503,Erica arborea,63.724434
GUARDEN-CBNMed-10-6-17-02-20240429,1,1358613,Quercus coccifera,62.424294
GUARDEN-CBNMed-10-6-17-02-20240429,2,1356785,Lonicera implexa,61.848236
GUARDEN-CBNMed-10-6-17-02-20240429,3,1357111,Cistus salviifolius,60.951492
GUARDEN-CBNMed-10-7-17-05-20240429,1,1357111,Cistus salviifolius,64.543198
GUARDEN-CBNMed-10-7-17-05-20240429,2,1388990,Brachypodium retusum,63.329510
GUARDEN-CBNMed-10-7-17-05-20240429,3,1358503,Erica arborea,62.113335
GUARDEN-CBNMed-10-8-17-11-20240429,1,1358613,Quercus coccifera,62.829884
GUARDEN-CBNMed-10-8-17-11-20240429,2,1548487,Quercus senneniana,58.130081
GUARDEN-CBNMed-10-8-17-11-20240429,3,1373840,Senecio deltoideus,57.954018
GUARDEN-CBNMed-10-9-17-16-20240429,1,1358613,Quercus coccifera,63.549973
GUARDEN-CBNMed-10-9-17-16-20240429,2,1358503,Erica arborea,59.564156
GUARDEN-CBNMed-10-9-17-16-20240429,3,1359435,Ononis tridentata,58.790939
GUARDEN-CBNMed-14-3-9-45-20240429,1,1364048,Osyris lanceolata,60.343735
GUARDEN-CBNMed-14-3-9-45-20240429,2,1359676,Olea europaea,60.008362
GUARDEN-CBNMed-14-3-9-45-20240429,3,1360578,Withania frutescens,57.357193
GUARDEN-CBNMed-14-4-9-49-20240429,1,1359676,Olea europaea,61.302956
GUARDEN-CBNMed-14-4-9-49-20240429,2,1359176,Cytisus arboreus,58.147636
GUARDEN-CBNMed-14-4-9-49-20240429,3,1394624,Pittosporum tobira,57.637665
GUARDEN-CBNMed-14-9-10-09-20240429,1,1359676,Olea europaea,62.458725
GUARDEN-CBNMed-14-9-10-09-20240429,2,1359677,Phillyrea angustifolia,59.029526
GUARDEN-CBNMed-14-9-10-09-20240429,3,1396186,Senecio angulatus,57.705513
GUARDEN-CBNMed-15-10-12-17-20240429,1,1363413,Eleusine tristachya,63.966373
GUARDEN-CBNMed-15-10-12-17-20240429,2,1361190,Avena sterilis,61.754852
GUARDEN-CBNMed-15-10-12-17-20240429,3,1363731,Medicago polymorpha,60.517982
GUARDEN-CBNMed-15-5-11-44-20240429,1,1364171,Sonchus tenerrimus,65.038467
GUARDEN-CBNMed-15-5-11-44-20240429,2,1356013,Geranium rotundifolium,63.034229
GUARDEN-CBNMed-15-5-11-44-20240429,3,1357351,Carduus pycnocephalus,62.923241
GUARDEN-CBNMed-15-7-12-02-20240429,1,1364171,Sonchus tenerrimus,63.176300
GUARDEN-CBNMed-15-7-12-02-20240429,2,1359676,Olea europaea,61.937931
GUARDEN-CBNMed-15-7-12-02-20240429,3,1361190,Avena sterilis,61.295021
GUARDEN-CBNMed-15-9-12-15-20240429,1,1363413,Eleusine tristachya,63.274269
GUARDEN-CBNMed-15-9-12-15-20240429,2,1361190,Avena sterilis,62.172989
GUARDEN-CBNMed-15-9-12-15-20240429,3,1357351,Carduus pycnocephalus,61.397964
GUARDEN-CBNMed-16-1-13-37-20240429,1,1356108,Thymus vulgaris,64.245087
GUARDEN-CBNMed-16-1-13-37-20240429,2,1357120,Fumana procumbens,63.408028
GUARDEN-CBNMed-16-1-13-37-20240429,3,1722409,Salvia rosmarinus,63.378448
GUARDEN-CBNMed-16-10-14-33-20240429,1,1722409,Salvia rosmarinus,62.239494
GUARDEN-CBNMed-16-10-14-33-20240429,2,1744347,Ulex canescens,61.491943
GUARDEN-CBNMed-16-10-14-33-20240429,3,1743965,Ulex argenteus,60.167168
GUARDEN-CBNMed-16-2-13-45-20240429,1,1388990,Brachypodium retusum,62.556610
GUARDEN-CBNMed-16-2-13-45-20240429,2,1399771,Astragalus balearicus,59.563499
GUARDEN-CBNMed-16-2-13-45-20240429,3,1743966,Ulex erinaceus,58.950905
GUARDEN-CBNMed-16-3-13-51-20240429,1,1743966,Ulex erinaceus,64.435181
GUARDEN-CBNMed-16-3-13-51-20240429,2,1577392,Echinospartum boissieri,63.468895
GUARDEN-CBNMed-16-3-13-51-20240429,3,1722409,Salvia rosmarinus,63.269569
GUARDEN-CBNMed-16-4-13-57-20240429,1,1722409,Salvia rosmarinus,63.428314
GUARDEN-CBNMed-16-4-13-57-20240429,2,1360267,Rhamnus lycioides,61.822678
GUARDEN-CBNMed-16-4-13-57-20240429,3,1431896,Lycium cinereum,60.962894
GUARDEN-CBNMed-16-6-14-07-20240429,1,1722409,Salvia rosmarinus,62.564064
GUARDEN-CBNMed-16-6-14-07-20240429,2,1743989,Ulex densus,61.416546
GUARDEN-CBNMed-16-6-14-07-20240429,3,1359029,Thymbra capitata,59.492126
GUARDEN-CBNMed-16-7-14-1-20240429,1,1722409,Salvia rosmarinus,61.745941
GUARDEN-CBNMed-16-7-14-1-20240429,2,1363707,Ulex europaeus,58.512859
GUARDEN-CBNMed-16-7-14-1-20240429,3,1743966,Ulex erinaceus,58.133690
GUARDEN-CBNMed-16-8-14-14-20240429,1,1360999,Aphyllanthes monspeliensis,63.031948
GUARDEN-CBNMed-16-8-14-14-20240429,2,1722409,Salvia rosmarinus,62.616051
GUARDEN-CBNMed-16-8-14-14-20240429,3,1357630,Helichrysum stoechas,58.312584
GUARDEN-CBNMed-17-3-10-56-20240429,1,1361106,Scirpoides holoschoenus,63.670685
GUARDEN-CBNMed-17-3-10-56-20240429,2,1363292,Cyperus difformis,59.632774
GUARDEN-CBNMed-17-3-10-56-20240429,3,1392495,Galium trifidum,58.982727
GUARDEN-CBNMed-17-5-11-2-20240429,1,1361106,Scirpoides holoschoenus,64.500763
GUARDEN-CBNMed-17-5-11-2-20240429,2,1363212,Torilis arvensis,62.885223
GUARDEN-CBNMed-17-5-11-2-20240429,3,1361088,Cyperus fuscus,61.698326
GUARDEN-CBNMed-19-1-15-24-20240429,1,1357293,Asteriscus aquaticus,66.311508
GUARDEN-CBNMed-19-1-15-24-20240429,2,1357743,Pallenis spinosa,65.561493
GUARDEN-CBNMed-19-1-15-24-20240429,3,1357594,Filago pyramidata,63.083038
GUARDEN-CBNMed-19-10-16-02-20240429,1,1728575,Moenchia erecta,60.407154
GUARDEN-CBNMed-19-10-16-02-20240429,2,1437978,Scorzonera laciniata,60.401104
GUARDEN-CBNMed-19-10-16-02-20240429,3,1400017,Armeria linkiana,60.365280
GUARDEN-CBNMed-19-2-15-31-20240429,1,1363413,Eleusine tristachya,63.380936
GUARDEN-CBNMed-19-2-15-31-20240429,2,1492564,Dianthus charidemi,59.650597
GUARDEN-CBNMed-19-2-15-31-20240429,3,1393770,Medicago littoralis,59.218864
GUARDEN-CBNMed-19-3-15-35-20240429,1,1359521,Trifolium scabrum,66.282288
GUARDEN-CBNMed-19-3-15-35-20240429,2,1363467,Avena barbata,61.970955
GUARDEN-CBNMed-19-3-15-35-20240429,3,1742349,Lysimachia monelli,61.930817
GUARDEN-CBNMed-19-4-15-39-20240429,1,1493549,Silene longicilia,61.973045
GUARDEN-CBNMed-19-4-15-39-20240429,2,1358477,Pycnocomon rutifolium,61.523899
GUARDEN-CBNMed-19-4-15-39-20240429,3,1396059,Scabiosa corsica,60.302387
GUARDEN-CBNMed-19-5-15-44-20240429,1,1359521,Trifolium scabrum,63.492058
GUARDEN-CBNMed-19-5-15-44-20240429,2,1744483,Astragalus nitidiflorus,62.519756
GUARDEN-CBNMed-19-5-15-44-20240429,3,1437978,Scorzonera laciniata,61.756008
GUARDEN-CBNMed-19-6-15-48-20240429,1,1400017,Armeria linkiana,62.381317
GUARDEN-CBNMed-19-6-15-48-20240429,2,1359521,Trifolium scabrum,61.557121
GUARDEN-CBNMed-19-6-15-48-20240429,3,1363413,Eleusine tristachya,60.274258
GUARDEN-CBNMed-19-7-15-51-20240429,1,1425238,Medicago minima,62.678802
GUARDEN-CBNMed-19-7-15-51-20240429,2,1360841,Valeriana tuberosa,61.227512
GUARDEN-CBNMed-19-7-15-51-20240429,3,1502795,Centaurea pinnata,61.210369
GUARDEN-CBNMed-19-8-15-53-20240429,1,1359521,Trifolium scabrum,68.999146
GUARDEN-CBNMed-19-8-15-53-20240429,2,1358654,Erodium malacoides,63.565018
GUARDEN-CBNMed-19-8-15-53-20240429,3,1425238,Medicago minima,63.015862
GUARDEN-CBNMed-19-9-15-58-20240429,1,1502795,Centaurea pinnata,60.621441
GUARDEN-CBNMed-19-9-15-58-20240429,2,1728575,Moenchia erecta,59.519295
GUARDEN-CBNMed-19-9-15-58-20240429,3,1359521,Trifolium scabrum,59.410656
GUARDEN-CBNMed-20-1-9-35-20240428,1,1394527,Phlomis lychnitis,64.857803
GUARDEN-CBNMed-20-1-9-35-20240428,2,1360443,Ruta angustifolia,64.761826
GUARDEN-CBNMed-20-1-9-35-20240428,3,1399771,Astragalus balearicus,61.294807
GUARDEN-CBNMed-20-10-10-31-20240428,1,1744033,Centaurea cordubensis,63.842472
GUARDEN-CBNMed-20-10-10-31-20240428,2,1357122,Fumana thymifolia,63.509300
GUARDEN-CBNMed-20-10-10-31-20240428,3,1357121,Fumana scoparia,63.506969
GUARDEN-CBNMed-20-8-10-19-20240428,1,1360999,Aphyllanthes monspeliensis,63.652428
GUARDEN-CBNMed-20-8-10-19-20240428,2,1363053,Helictochloa bromoides,59.900341
GUARDEN-CBNMed-20-8-10-19-20240428,3,1361092,Eleocharis multicaulis,59.829979
GUARDEN-CBNMed-20-9-10-23-20240428,1,1389002,Linaria oblongifolia,64.028748
GUARDEN-CBNMed-20-9-10-23-20240428,2,1578131,Genista hystrix,63.767315
GUARDEN-CBNMed-20-9-10-23-20240428,3,1359216,Genista scorpius,63.716087
GUARDEN-CBNMed-21-10-11-42-20240428,1,1357122,Fumana thymifolia,62.063828
GUARDEN-CBNMed-21-10-11-42-20240428,2,1356108,Thymus vulgaris,60.941528
GUARDEN-CBNMed-21-10-11-42-20240428,3,1400017,Armeria linkiana,60.691895
GUARDEN-CBNMed-21-2-11-07-20240428,1,1357122,Fumana thymifolia,64.885002
GUARDEN-CBNMed-21-2-11-07-20240428,2,1357121,Fumana scoparia,61.769302
GUARDEN-CBNMed-21-2-11-07-20240428,3,1362454,Helianthemum hirtum,61.613472
GUARDEN-CBNMed-21-3-11-09-20240428,1,1357122,Fumana thymifolia,64.975792
GUARDEN-CBNMed-21-3-11-09-20240428,2,1393365,Juniperus oxycedrus,64.904442
GUARDEN-CBNMed-21-3-11-09-20240428,3,1701525,Juniperus macrocarpa,62.079597
GUARDEN-CBNMed-21-6-11-17-20240428,1,1357122,Fumana thymifolia,64.463524
GUARDEN-CBNMed-21-6-11-17-20240428,2,1357114,Fumana ericoides,64.328964
GUARDEN-CBNMed-21-6-11-17-20240428,3,1357116,Fumana juniperina,63.334175
GUARDEN-CBNMed-21-8-11-23-20240428,1,1357122,Fumana thymifolia,65.312187
GUARDEN-CBNMed-21-8-11-23-20240428,2,1357117,Fumana laevipes,62.760788
GUARDEN-CBNMed-21-8-11-23-20240428,3,1357114,Fumana ericoides,62.641647
GUARDEN-CBNMed-21-9-11-32-20240428,1,1492564,Dianthus charidemi,62.197578
GUARDEN-CBNMed-21-9-11-32-20240428,2,1391709,Dianthus pungens,60.961163
GUARDEN-CBNMed-21-9-11-32-20240428,3,1388990,Brachypodium retusum,60.841919
GUARDEN-CBNMed-22-1-13-39-20240428,1,1722625,Arthrocaulon macrostachyum,64.978455
GUARDEN-CBNMed-22-1-13-39-20240428,2,1360054,Limonium narbonense,63.995186
GUARDEN-CBNMed-22-1-13-39-20240428,3,1360026,Limonium cossonianum,63.830112
GUARDEN-CBNMed-22-10-14-48-20240428,1,1360006,Limoniastrum monopetalum,65.273537
GUARDEN-CBNMed-22-10-14-48-20240428,2,1743275,Limonium ebusitanum,62.648224
GUARDEN-CBNMed-22-10-14-48-20240428,3,1393568,Limonium obtusifolium,62.045971
GUARDEN-CBNMed-22-2-14-05-20240428,1,1393574,Limonium tarcoense,63.885170
GUARDEN-CBNMed-22-2-14-05-20240428,2,1722625,Arthrocaulon macrostachyum,62.211563
GUARDEN-CBNMed-22-2-14-05-20240428,3,1722521,Salicornia perennis,61.662807
GUARDEN-CBNMed-22-5-14-21-20240428,1,1389328,Malephora crocea,61.930008
GUARDEN-CBNMed-22-5-14-21-20240428,2,1722521,Salicornia perennis,61.351700
GUARDEN-CBNMed-22-5-14-21-20240428,3,1722522,Salicornia fruticosa,61.193329
GUARDEN-CBNMed-22-6-14-23-20240428,1,1722522,Salicornia fruticosa,63.574776
GUARDEN-CBNMed-22-6-14-23-20240428,2,1722521,Salicornia perennis,62.941566
GUARDEN-CBNMed-22-6-14-23-20240428,3,1722625,Arthrocaulon macrostachyum,62.524147
GUARDEN-CBNMed-22-7-14-25-20240428,1,1722522,Salicornia fruticosa,63.084908
GUARDEN-CBNMed-22-7-14-25-20240428,2,1722625,Arthrocaulon macrostachyum,62.674637
GUARDEN-CBNMed-22-7-14-25-20240428,3,1360006,Limoniastrum monopetalum,62.094757
GUARDEN-CBNMed-22-9-14-42-20240428,1,1722625,Arthrocaulon macrostachyum,64.552696
GUARDEN-CBNMed-22-9-14-42-20240428,2,1360006,Limoniastrum monopetalum,63.916199
GUARDEN-CBNMed-22-9-14-42-20240428,3,1738887,Salicornia marshallii,63.164074
GUARDEN-CBNMed-23-1-9-56-20240428,1,1360999,Aphyllanthes monspeliensis,65.709396
GUARDEN-CBNMed-23-1-9-56-20240428,2,1357771,Phagnalon sordidum,61.950546
GUARDEN-CBNMed-23-1-9-56-20240428,3,1492564,Dianthus charidemi,61.854622
GUARDEN-CBNMed-23-10-10-42-20240428,1,1564646,Thymus orospedanus,62.130585
GUARDEN-CBNMed-23-10-10-42-20240428,2,1356108,Thymus vulgaris,60.886574
GUARDEN-CBNMed-23-10-10-42-20240428,3,1358318,Hormathophylla spinosa,60.755196
GUARDEN-CBNMed-23-3-10-14-20240428,1,1357114,Fumana ericoides,63.589455
GUARDEN-CBNMed-23-3-10-14-20240428,2,1357770,Phagnalon saxatile,63.432388
GUARDEN-CBNMed-23-3-10-14-20240428,3,1389424,Linaria aeruginea,62.450363
GUARDEN-CBNMed-23-4-10-17-20240428,1,1356108,Thymus vulgaris,64.262566
GUARDEN-CBNMed-23-4-10-17-20240428,2,1564646,Thymus orospedanus,63.604897
GUARDEN-CBNMed-23-4-10-17-20240428,3,1564339,Teucrium intricatum,63.100258
GUARDEN-CBNMed-23-5-10-21-20240428,1,1360711,Eryngium campestre,64.265259
GUARDEN-CBNMed-23-5-10-21-20240428,2,1398815,Thymus camphoratus,63.021965
GUARDEN-CBNMed-23-5-10-21-20240428,3,1360706,Eryngium aquifolium,61.743294
GUARDEN-CBNMed-23-6-10-24-20240428,1,1393365,Juniperus oxycedrus,64.450180
GUARDEN-CBNMed-23-6-10-24-20240428,2,1399771,Astragalus balearicus,60.624557
GUARDEN-CBNMed-23-6-10-24-20240428,3,1357401,Centaurea aspera,59.378738
GUARDEN-CBNMed-23-7-10-28-20240428,1,1360999,Aphyllanthes monspeliensis,64.120407
GUARDEN-CBNMed-23-7-10-28-20240428,2,1393365,Juniperus oxycedrus,62.750500
GUARDEN-CBNMed-23-7-10-28-20240428,3,1492564,Dianthus charidemi,61.679611
GUARDEN-CBNMed-23-8-10-34-20240428,1,1360558,Lycium intricatum,65.004913
GUARDEN-CBNMed-23-8-10-34-20240428,2,1362415,Atractylis humilis,61.845127
GUARDEN-CBNMed-23-8-10-34-20240428,3,1399423,Teucrium subspinosum,61.266441
GUARDEN-CBNMed-23-9-10-39-20240428,1,1358318,Hormathophylla spinosa,62.888863
GUARDEN-CBNMed-23-9-10-39-20240428,2,1743303,Anthyllis hystrix,61.982235
GUARDEN-CBNMed-23-9-10-39-20240428,3,1357769,Phagnalon rupestre,61.767052
GUARDEN-CBNMed-24-10-13-06-20240428,1,1360637,Bupleurum fruticescens,60.415817
GUARDEN-CBNMed-24-10-13-06-20240428,2,1743889,Gelasia hirsuta,59.493195
GUARDEN-CBNMed-24-10-13-06-20240428,3,1388990,Brachypodium retusum,58.710213
GUARDEN-CBNMed-24-2-12-04-20240428,1,1357351,Carduus pycnocephalus,63.013153
GUARDEN-CBNMed-24-2-12-04-20240428,2,1357338,Carduus bourgeanus,61.947956
GUARDEN-CBNMed-24-2-12-04-20240428,3,1360978,Pancratium maritimum,60.086189
GUARDEN-CBNMed-24-3-12-15-20240428,1,1357335,Carduus argyroa,64.060646
GUARDEN-CBNMed-24-3-12-15-20240428,2,1357351,Carduus pycnocephalus,63.334087
GUARDEN-CBNMed-24-3-12-15-20240428,3,1357405,Centaurea boissieri,62.811783
GUARDEN-CBNMed-24-5-12-36-20240428,1,1357351,Carduus pycnocephalus,64.073570
GUARDEN-CBNMed-24-5-12-36-20240428,2,1355881,Carduus tenuiflorus,62.373417
GUARDEN-CBNMed-24-5-12-36-20240428,3,1357405,Centaurea boissieri,61.438423
GUARDEN-CBNMed-24-6-12-46-20240428,1,1357351,Carduus pycnocephalus,65.876282
GUARDEN-CBNMed-24-6-12-46-20240428,2,1360711,Eryngium campestre,64.696213
GUARDEN-CBNMed-24-6-12-46-20240428,3,1357734,Onopordum macracanthum,63.198383
GUARDEN-CBNMed-24-7-12-54-20240428,1,1360711,Eryngium campestre,62.869629
GUARDEN-CBNMed-24-7-12-54-20240428,2,1360706,Eryngium aquifolium,60.195503
GUARDEN-CBNMed-24-7-12-54-20240428,3,1744928,Eryngium ilicifolium,59.797424
GUARDEN-CBNMed-24-8-14-58-20240428,1,1360711,Eryngium campestre,63.350258
GUARDEN-CBNMed-24-8-14-58-20240428,2,1357351,Carduus pycnocephalus,62.485489
GUARDEN-CBNMed-24-8-14-58-20240428,3,1357722,Notobasis syriaca,60.898808
GUARDEN-CBNMed-24-9-13-02-20240428,1,1360711,Eryngium campestre,59.198776
GUARDEN-CBNMed-24-9-13-02-20240428,2,1388990,Brachypodium retusum,59.107075
GUARDEN-CBNMed-24-9-13-02-20240428,3,1360706,Eryngium aquifolium,58.726715
GUARDEN-CBNMed-25-1-13-52-20240428,1,1394527,Phlomis lychnitis,67.261452
GUARDEN-CBNMed-25-1-13-52-20240428,2,1742109,Petrosedum sediforme,63.336487
GUARDEN-CBNMed-25-1-13-52-20240428,3,1561314,Phlomis composita,62.524132
GUARDEN-CBNMed-25-10-14-49-20240428,1,1357743,Pallenis spinosa,66.412209
GUARDEN-CBNMed-25-10-14-49-20240428,2,1394527,Phlomis lychnitis,66.321060
GUARDEN-CBNMed-25-10-14-49-20240428,3,1358111,Sedum gypsicola,66.196373
GUARDEN-CBNMed-25-2-13-57-20240428,1,1394527,Phlomis lychnitis,60.997253
GUARDEN-CBNMed-25-2-13-57-20240428,2,1361412,Sporobolus pungens,60.392887
GUARDEN-CBNMed-25-2-13-57-20240428,3,1492736,Dianthus saetabensis,58.648571
GUARDEN-CBNMed-25-3-14-06-20240428,1,1394527,Phlomis lychnitis,66.001686
GUARDEN-CBNMed-25-3-14-06-20240428,2,1357849,Scorzonera angustifolia,62.717468
GUARDEN-CBNMed-25-3-14-06-20240428,3,1561314,Phlomis composita,61.912312
GUARDEN-CBNMed-25-4-14-15-20240428,1,1357743,Pallenis spinosa,66.492447
GUARDEN-CBNMed-25-4-14-15-20240428,2,1394527,Phlomis lychnitis,65.836411
GUARDEN-CBNMed-25-4-14-15-20240428,3,1357293,Asteriscus aquaticus,64.822174
GUARDEN-CBNMed-25-7-14-28-20240428,1,1742109,Petrosedum sediforme,65.005493
GUARDEN-CBNMed-25-7-14-28-20240428,2,1357981,Convolvulus lineatus,64.623322
GUARDEN-CBNMed-25-7-14-28-20240428,3,1359676,Olea europaea,63.113518
GUARDEN-CBNMed-25-8-14-39-20240428,1,1357981,Convolvulus lineatus,67.073692
GUARDEN-CBNMed-25-8-14-39-20240428,2,1357743,Pallenis spinosa,66.197151
GUARDEN-CBNMed-25-8-14-39-20240428,3,1742109,Petrosedum sediforme,64.594391
GUARDEN-CBNMed-25-9-14-43-20240428,1,1357981,Convolvulus lineatus,65.657707
GUARDEN-CBNMed-25-9-14-43-20240428,2,1742109,Petrosedum sediforme,65.145340
GUARDEN-CBNMed-25-9-14-43-20240428,3,1357401,Centaurea aspera,62.476707
GUARDEN-CBNMed-26-10-10-01-20240428,1,1359344,Medicago marina,65.564026
GUARDEN-CBNMed-26-10-10-01-20240428,2,1359297,Lotus creticus,57.578426
GUARDEN-CBNMed-26-10-10-01-20240428,3,1359298,Lotus cytisoides,56.757523
GUARDEN-CBNMed-26-6-9-34-20240428,1,1738652,Matthiola sinuata,66.114029
GUARDEN-CBNMed-26-6-9-34-20240428,2,1743249,Matthiola tricuspidata,61.685837
GUARDEN-CBNMed-26-6-9-34-20240428,3,1481437,Matthiola fruticulosa,60.946770
GUARDEN-CBNMed-26-8-9-45-20240428,1,1359344,Medicago marina,65.744873
GUARDEN-CBNMed-26-8-9-45-20240428,2,1394643,Antennaria dioica,62.194992
GUARDEN-CBNMed-26-8-9-45-20240428,3,1359297,Lotus creticus,61.805492
GUARDEN-CBNMed-26-9-9-48-20240428,1,1359344,Medicago marina,65.836433
GUARDEN-CBNMed-26-9-9-48-20240428,2,1358782,Marrubium supinum,62.194572
GUARDEN-CBNMed-26-9-9-48-20240428,3,1393754,Marrubium incanum,60.520950
GUARDEN-CBNMed-27-1-11-17-20240428,1,1393547,Limonium binervosum,66.382690
GUARDEN-CBNMed-27-1-11-17-20240428,2,1393567,Limonium normannicum,63.968582
GUARDEN-CBNMed-27-1-11-17-20240428,3,1743977,Limonium auriculifolium,63.560364
GUARDEN-CBNMed-27-10-11-55-20240428,1,1360026,Limonium cossonianum,62.574333
GUARDEN-CBNMed-27-10-11-55-20240428,2,1393548,Limonium bonifaciense,62.456249
GUARDEN-CBNMed-27-10-11-55-20240428,3,1744392,Limonium alicunense,62.294231
GUARDEN-CBNMed-27-2-11-32-20240428,1,1360026,Limonium cossonianum,61.326385
GUARDEN-CBNMed-27-2-11-32-20240428,2,1744019,Limonium maritimum,60.990639
GUARDEN-CBNMed-27-2-11-32-20240428,3,1744384,Limonium rigualii,60.541069
GUARDEN-CBNMed-27-3-11-36-20240428,1,1449488,Ruschia caroli,62.913868
GUARDEN-CBNMed-27-3-11-36-20240428,2,1363200,Anabasis articulata,62.798889
GUARDEN-CBNMed-27-3-11-36-20240428,3,1722625,Arthrocaulon macrostachyum,62.728821
GUARDEN-CBNMed-27-4-11-39-20240428,1,1393574,Limonium tarcoense,62.836357
GUARDEN-CBNMed-27-4-11-39-20240428,2,1722522,Salicornia fruticosa,62.772865
GUARDEN-CBNMed-27-4-11-39-20240428,3,1722625,Arthrocaulon macrostachyum,62.521221
GUARDEN-CBNMed-27-5-11-4-20240428,1,1722522,Salicornia fruticosa,63.727192
GUARDEN-CBNMed-27-5-11-4-20240428,2,1722625,Arthrocaulon macrostachyum,63.079647
GUARDEN-CBNMed-27-5-11-4-20240428,3,1363200,Anabasis articulata,62.166584
GUARDEN-CBNMed-27-6-11-42-20240428,1,1449488,Ruschia caroli,63.334564
GUARDEN-CBNMed-27-6-11-42-20240428,2,1393574,Limonium tarcoense,61.823051
GUARDEN-CBNMed-27-6-11-42-20240428,3,1389328,Malephora crocea,60.649334
GUARDEN-CBNMed-27-7-11-43-20240428,1,1722522,Salicornia fruticosa,64.480339
GUARDEN-CBNMed-27-7-11-43-20240428,2,1449488,Ruschia caroli,63.662888
GUARDEN-CBNMed-27-7-11-43-20240428,3,1393574,Limonium tarcoense,63.611248
GUARDEN-CBNMed-27-8-11-45-20240428,1,1449488,Ruschia caroli,65.778358
GUARDEN-CBNMed-27-8-11-45-20240428,2,1393574,Limonium tarcoense,63.466473
GUARDEN-CBNMed-27-8-11-45-20240428,3,1647291,Limonium furfuraceum,62.294968
GUARDEN-CBNMed-27-9-11-47-20240428,1,1722625,Arthrocaulon macrostachyum,60.777077
GUARDEN-CBNMed-27-9-11-47-20240428,2,1393569,Limonium patrimoniense,59.799469
GUARDEN-CBNMed-27-9-11-47-20240428,3,1360054,Limonium narbonense,59.710876
GUARDEN-CBNMed-28-1-12-46-20240428,1,1360006,Limoniastrum monopetalum,64.548340
GUARDEN-CBNMed-28-1-12-46-20240428,2,1743275,Limonium ebusitanum,62.534897
GUARDEN-CBNMed-28-1-12-46-20240428,3,1449488,Ruschia caroli,61.880142
GUARDEN-CBNMed-28-10-13-23-20240428,1,1357705,Limbarda crithmoides,64.933151
GUARDEN-CBNMed-28-10-13-23-20240428,2,1391750,Disphyma crassifolium,61.262466
GUARDEN-CBNMed-28-10-13-23-20240428,3,1393571,Limonium pseudominutum,60.517654
GUARDEN-CBNMed-28-2-12-48-20240428,1,1363200,Anabasis articulata,64.245682
GUARDEN-CBNMed-28-2-12-48-20240428,2,1360006,Limoniastrum monopetalum,63.997528
GUARDEN-CBNMed-28-2-12-48-20240428,3,1722521,Salicornia perennis,63.739971
GUARDEN-CBNMed-28-3-12-51-20240428,1,1722522,Salicornia fruticosa,62.285206
GUARDEN-CBNMed-28-3-12-51-20240428,2,1738887,Salicornia marshallii,62.158405
GUARDEN-CBNMed-28-3-12-51-20240428,3,1722521,Salicornia perennis,62.157127
GUARDEN-CBNMed-28-4-12-52-20240428,1,1357705,Limbarda crithmoides,64.071930
GUARDEN-CBNMed-28-4-12-52-20240428,2,1390953,Carpobrotus acinaciformis,61.868301
GUARDEN-CBNMed-28-4-12-52-20240428,3,1360054,Limonium narbonense,61.806767
GUARDEN-CBNMed-28-5-13-02-20240428,1,1360026,Limonium cossonianum,64.236298
GUARDEN-CBNMed-28-5-13-02-20240428,2,1743977,Limonium auriculifolium,64.214363
GUARDEN-CBNMed-28-5-13-02-20240428,3,1357705,Limbarda crithmoides,62.489700
GUARDEN-CBNMed-28-6-13-06-20240428,1,1357705,Limbarda crithmoides,65.464630
GUARDEN-CBNMed-28-6-13-06-20240428,2,1393568,Limonium obtusifolium,63.314682
GUARDEN-CBNMed-28-6-13-06-20240428,3,1360006,Limoniastrum monopetalum,62.771873
GUARDEN-CBNMed-28-7-13-11-20240428,1,1357705,Limbarda crithmoides,64.162857
GUARDEN-CBNMed-28-7-13-11-20240428,2,1647291,Limonium furfuraceum,62.260723
GUARDEN-CBNMed-28-7-13-11-20240428,3,1391750,Disphyma crassifolium,62.186249
GUARDEN-CBNMed-28-8-13-14-20240428,1,1357705,Limbarda crithmoides,65.499039
GUARDEN-CBNMed-28-8-13-14-20240428,2,1391750,Disphyma crassifolium,64.586601
GUARDEN-CBNMed-28-8-13-14-20240428,3,1502682,Centaurea limbata,61.794361
GUARDEN-CBNMed-28-9-13-17-20240428,1,1357705,Limbarda crithmoides,64.814163
GUARDEN-CBNMed-28-9-13-17-20240428,2,1722625,Arthrocaulon macrostachyum,63.904720
GUARDEN-CBNMed-28-9-13-17-20240428,3,1393574,Limonium tarcoense,63.418373
GUARDEN-CBNMed-29-6-14-31-20240428,1,1357227,Anthemis maritima,65.737900
GUARDEN-CBNMed-29-6-14-31-20240428,2,1360719,Eryngium maritimum,65.224823
GUARDEN-CBNMed-29-6-14-31-20240428,3,1359344,Medicago marina,65.189926
GUARDEN-CBNMed-29-7-14-34-20240428,1,1360719,Eryngium maritimum,65.446365
GUARDEN-CBNMed-29-7-14-34-20240428,2,1360701,Echinophora spinosa,65.011139
GUARDEN-CBNMed-29-7-14-34-20240428,3,1360712,Eryngium corniculatum,59.671898
GUARDEN-CBNMed-30-1-16-07-20240428,1,1393770,Medicago littoralis,64.975487
GUARDEN-CBNMed-30-1-16-07-20240428,2,1359344,Medicago marina,64.646408
GUARDEN-CBNMed-30-1-16-07-20240428,3,1357401,Centaurea aspera,63.289932
GUARDEN-CBNMed-30-10-16-41-20240428,1,1357227,Anthemis maritima,66.195801
GUARDEN-CBNMed-30-10-16-41-20240428,2,1359344,Medicago marina,65.188271
GUARDEN-CBNMed-30-10-16-41-20240428,3,1394664,Anthemis tomentosa,59.894543
GUARDEN-CBNMed-30-2-16-23-20240428,1,1357227,Anthemis maritima,69.086647
GUARDEN-CBNMed-30-2-16-23-20240428,2,1359344,Medicago marina,65.645874
GUARDEN-CBNMed-30-2-16-23-20240428,3,1394664,Anthemis tomentosa,64.929756
GUARDEN-CBNMed-30-4-16-3-20240428,1,1357227,Anthemis maritima,70.685837
GUARDEN-CBNMed-30-4-16-3-20240428,2,1394664,Anthemis tomentosa,67.256126
GUARDEN-CBNMed-30-4-16-3-20240428,3,1357236,Anthemis secundiramea,65.871628
GUARDEN-CBNMed-30-6-16-34-20240428,1,1357227,Anthemis maritima,70.796402
GUARDEN-CBNMed-30-6-16-34-20240428,2,1394664,Anthemis tomentosa,66.811882
GUARDEN-CBNMed-30-6-16-34-20240428,3,1359344,Medicago marina,65.111938
GUARDEN-CBNMed-30-7-16-35-20240428,1,1357227,Anthemis maritima,70.470596
GUARDEN-CBNMed-30-7-16-35-20240428,2,1394664,Anthemis tomentosa,67.182755
GUARDEN-CBNMed-30-7-16-35-20240428,3,1359344,Medicago marina,65.467415
GUARDEN-CBNMed-30-8-16-37-20240428,1,1357227,Anthemis maritima,68.948479
GUARDEN-CBNMed-30-8-16-37-20240428,2,1394664,Anthemis tomentosa,66.318718
GUARDEN-CBNMed-30-8-16-37-20240428,3,1359344,Medicago marina,65.976067
GUARDEN-CBNMed-30-9-16-4-20240428,1,1357227,Anthemis maritima,69.549736
GUARDEN-CBNMed-30-9-16-4-20240428,2,1359344,Medicago marina,65.907509
GUARDEN-CBNMed-30-9-16-4-20240428,3,1394664,Anthemis tomentosa,65.466354
GUARDEN-CBNMed-31-1-9-37-20240428,1,1393770,Medicago littoralis,61.634350
GUARDEN-CBNMed-31-1-9-37-20240428,2,1359952,Plantago crassifolia,60.853500
GUARDEN-CBNMed-31-1-9-37-20240428,3,1413349,Armeria maritima,59.617073
GUARDEN-CBNMed-31-10-10-06-20240428,1,1722578,Daucus pumilus,68.031944
GUARDEN-CBNMed-31-10-10-06-20240428,2,1744001,Daucus minusculus,65.257751
GUARDEN-CBNMed-31-10-10-06-20240428,3,1414353,Bromus diandrus,63.173096
GUARDEN-CBNMed-31-2-9-4-20240428,1,1363433,Lagurus ovatus,63.726009
GUARDEN-CBNMed-31-2-9-4-20240428,2,1355977,Euphorbia paralias,63.268494
GUARDEN-CBNMed-31-2-9-4-20240428,3,1358590,Euphorbia segetalis,62.138741
GUARDEN-CBNMed-31-3-9-44-20240428,1,1564441,Teucrium vincentinum,66.148071
GUARDEN-CBNMed-31-3-9-44-20240428,2,1393770,Medicago littoralis,64.989716
GUARDEN-CBNMed-31-3-9-44-20240428,3,1396726,Teucrium dunense,64.159058
GUARDEN-CBNMed-31-4-9-48-20240428,1,1357227,Anthemis maritima,67.251320
GUARDEN-CBNMed-31-4-9-48-20240428,2,1564441,Teucrium vincentinum,65.954865
GUARDEN-CBNMed-31-4-9-48-20240428,3,1355977,Euphorbia paralias,64.865105
GUARDEN-CBNMed-31-5-9-51-20240428,1,1564441,Teucrium vincentinum,66.317856
GUARDEN-CBNMed-31-5-9-51-20240428,2,1393770,Medicago littoralis,66.178680
GUARDEN-CBNMed-31-5-9-51-20240428,3,1396726,Teucrium dunense,64.436005
GUARDEN-CBNMed-31-6-9-54-20240428,1,1396726,Teucrium dunense,64.307335
GUARDEN-CBNMed-31-6-9-54-20240428,2,1564441,Teucrium vincentinum,63.738506
GUARDEN-CBNMed-31-6-9-54-20240428,3,1393770,Medicago littoralis,62.427132
GUARDEN-CBNMed-31-7-9-56-20240428,1,1722578,Daucus pumilus,65.029037
GUARDEN-CBNMed-31-7-9-56-20240428,2,1393770,Medicago littoralis,62.594604
GUARDEN-CBNMed-31-7-9-56-20240428,3,1744001,Daucus minusculus,61.094315
GUARDEN-CBNMed-31-8-10-20240428,1,1396726,Teucrium dunense,67.631889
GUARDEN-CBNMed-31-8-10-20240428,2,1564441,Teucrium vincentinum,67.470299
GUARDEN-CBNMed-31-8-10-20240428,3,1722578,Daucus pumilus,64.162193
GUARDEN-CBNMed-31-9-10-02-20240428,1,1722578,Daucus pumilus,65.760132
GUARDEN-CBNMed-31-9-10-02-20240428,2,1357227,Anthemis maritima,64.002304
GUARDEN-CBNMed-31-9-10-02-20240428,3,1393770,Medicago littoralis,63.684845
GUARDEN-CBNMed-32-1-11-46-20240428,1,1564441,Teucrium vincentinum,65.853394
GUARDEN-CBNMed-32-1-11-46-20240428,2,1357630,Helichrysum stoechas,65.482422
GUARDEN-CBNMed-32-1-11-46-20240428,3,1396726,Teucrium dunense,64.956627
GUARDEN-CBNMed-32-10-13-12-20240428,1,1393770,Medicago littoralis,66.924606
GUARDEN-CBNMed-32-10-13-12-20240428,2,1359952,Plantago crassifolia,66.207932
GUARDEN-CBNMed-32-10-13-12-20240428,3,1396726,Teucrium dunense,66.112831
GUARDEN-CBNMed-32-2-11-58-20240428,1,1564441,Teucrium vincentinum,65.936813
GUARDEN-CBNMed-32-2-11-58-20240428,2,1396726,Teucrium dunense,64.953384
GUARDEN-CBNMed-32-2-11-58-20240428,3,1359952,Plantago crassifolia,63.936378
GUARDEN-CBNMed-32-3-12-01-20240428,1,1564441,Teucrium vincentinum,65.847191
GUARDEN-CBNMed-32-3-12-01-20240428,2,1393770,Medicago littoralis,65.432243
GUARDEN-CBNMed-32-3-12-01-20240428,3,1396726,Teucrium dunense,65.244614
GUARDEN-CBNMed-32-4-12-12-20240428,1,1564441,Teucrium vincentinum,65.768600
GUARDEN-CBNMed-32-4-12-12-20240428,2,1396726,Teucrium dunense,65.692238
GUARDEN-CBNMed-32-4-12-12-20240428,3,1358968,Teucrium capitatum,63.829842
GUARDEN-CBNMed-32-9-13-07-20240428,1,1357401,Centaurea aspera,65.592636
GUARDEN-CBNMed-32-9-13-07-20240428,2,1393770,Medicago littoralis,65.550522
GUARDEN-CBNMed-32-9-13-07-20240428,3,1359952,Plantago crassifolia,65.205261
GUARDEN-CBNMed-33-1-14-48-20240428,1,1357630,Helichrysum stoechas,65.462769
GUARDEN-CBNMed-33-1-14-48-20240428,2,1397398,Helichrysum arenarium,64.148422
GUARDEN-CBNMed-33-1-14-48-20240428,3,1392725,Helichrysum italicum,62.444206
GUARDEN-CBNMed-33-10-15-59-20240428,1,1357401,Centaurea aspera,65.038193
GUARDEN-CBNMed-33-10-15-59-20240428,2,1502684,Centaurea linifolia,63.042442
GUARDEN-CBNMed-33-10-15-59-20240428,3,1363882,Lobularia maritima,62.286728
GUARDEN-CBNMed-33-2-15-01-20240428,1,1357630,Helichrysum stoechas,65.418335
GUARDEN-CBNMed-33-2-15-01-20240428,2,1392725,Helichrysum italicum,63.705360
GUARDEN-CBNMed-33-2-15-01-20240428,3,1392726,Helichrysum orientale,63.651054
GUARDEN-CBNMed-33-3-15-04-20240428,1,1392726,Helichrysum orientale,66.199265
GUARDEN-CBNMed-33-3-15-04-20240428,2,1357630,Helichrysum stoechas,65.355446
GUARDEN-CBNMed-33-3-15-04-20240428,3,1397398,Helichrysum arenarium,63.492661
GUARDEN-CBNMed-33-4-15-26-20240428,1,1357401,Centaurea aspera,65.022957
GUARDEN-CBNMed-33-4-15-26-20240428,2,1742109,Petrosedum sediforme,64.183243
GUARDEN-CBNMed-33-4-15-26-20240428,3,1357630,Helichrysum stoechas,62.728119
GUARDEN-CBNMed-33-5-15-29-20240428,1,1357630,Helichrysum stoechas,65.139481
GUARDEN-CBNMed-33-5-15-29-20240428,2,1742109,Petrosedum sediforme,64.504768
GUARDEN-CBNMed-33-5-15-29-20240428,3,1392726,Helichrysum orientale,63.946144
GUARDEN-CBNMed-33-6-15-36-20240428,1,1357630,Helichrysum stoechas,64.431404
GUARDEN-CBNMed-33-6-15-36-20240428,2,1397398,Helichrysum arenarium,63.289349
GUARDEN-CBNMed-33-6-15-36-20240428,3,1392725,Helichrysum italicum,63.188461
GUARDEN-CBNMed-33-7-15-43-20240428,1,1356976,Silene conica,66.456635
GUARDEN-CBNMed-33-7-15-43-20240428,2,1397499,Silene subconica,63.805870
GUARDEN-CBNMed-33-7-15-43-20240428,3,1357630,Helichrysum stoechas,63.700321
GUARDEN-CBNMed-33-8-15-5-20240428,1,1357630,Helichrysum stoechas,64.910660
GUARDEN-CBNMed-33-8-15-5-20240428,2,1397398,Helichrysum arenarium,64.716980
GUARDEN-CBNMed-33-8-15-5-20240428,3,1392726,Helichrysum orientale,64.367416
GUARDEN-CBNMed-33-9-15-56-20240428,1,1357630,Helichrysum stoechas,64.611069
GUARDEN-CBNMed-33-9-15-56-20240428,2,1397398,Helichrysum arenarium,62.319305
GUARDEN-CBNMed-33-9-15-56-20240428,3,1393770,Medicago littoralis,61.930260
GUARDEN-CBNMed-38-1-12-58-20240428,1,1360711,Eryngium campestre,64.932739
GUARDEN-CBNMed-38-1-12-58-20240428,2,1395169,Rhinanthus minor,63.526981
GUARDEN-CBNMed-38-1-12-58-20240428,3,1363452,Aira caryophyllea,62.983902
GUARDEN-CBNMed-38-4-14-39-20240428,1,1395162,Rhinanthus alectorolophus,64.719299
GUARDEN-CBNMed-38-4-14-39-20240428,2,1360711,Eryngium campestre,63.997864
GUARDEN-CBNMed-38-4-14-39-20240428,3,1395169,Rhinanthus minor,63.694695
GUARDEN-CBNMed-38-6-15-04-20240428,1,1360711,Eryngium campestre,65.900223
GUARDEN-CBNMed-38-6-15-04-20240428,2,1395162,Rhinanthus alectorolophus,63.917595
GUARDEN-CBNMed-38-6-15-04-20240428,3,1743588,Rhinanthus pumilus,63.816086
GUARDEN-CBNMed-39-10-12-02-20240531,1,1360709,Eryngium bourgatii,65.088669
GUARDEN-CBNMed-39-10-12-02-20240531,2,1360711,Eryngium campestre,64.640541
GUARDEN-CBNMed-39-10-12-02-20240531,3,1738610,Festuca fasciculata,61.087036
GUARDEN-CBNMed-39-7-11-3-20240531,1,1360711,Eryngium campestre,62.513725
GUARDEN-CBNMed-39-7-11-3-20240531,2,1356278,Trifolium fragiferum,60.111076
GUARDEN-CBNMed-39-7-11-3-20240531,3,1363213,Torilis nodosa,59.448822
GUARDEN-CBNMed-39-8-11-39-20240531,1,1360711,Eryngium campestre,60.835754
GUARDEN-CBNMed-39-8-11-39-20240531,2,1395158,Rhamnus saxatilis,58.669155
GUARDEN-CBNMed-39-8-11-39-20240531,3,1397420,Lactuca perennis,58.606724
GUARDEN-CBNMed-39-9-11-5-20240531,1,1359591,Linum bienne,64.870193
GUARDEN-CBNMed-39-9-11-5-20240531,2,1394742,Polygala vulgaris,63.310966
GUARDEN-CBNMed-39-9-11-5-20240531,3,1363452,Aira caryophyllea,63.074196
GUARDEN-CBNMed-44-7-12-03-20240629,1,1361073,Carex panicea,62.434624
GUARDEN-CBNMed-44-7-12-03-20240629,2,1411089,Carex bicolor,61.885559
GUARDEN-CBNMed-44-7-12-03-20240629,3,1392067,Eriophorum vaginatum,61.798126
GUARDEN-CBNMed-5-1-12-38-20240430,1,1414366,Bromus sterilis,63.709549
GUARDEN-CBNMed-5-1-12-38-20240430,2,1363490,Phalaris arundinacea,60.872742
GUARDEN-CBNMed-5-1-12-38-20240430,3,1363407,Nassella neesiana,59.825596
GUARDEN-CBNMed-5-10-13-32-20240430,1,1414366,Bromus sterilis,63.621601
GUARDEN-CBNMed-5-10-13-32-20240430,2,1361058,Carex hirta,63.383400
GUARDEN-CBNMed-5-10-13-32-20240430,3,1356007,Geranium dissectum,62.413933
GUARDEN-CBNMed-5-2-12-45-20240430,1,1414366,Bromus sterilis,62.966713
GUARDEN-CBNMed-5-2-12-45-20240430,2,1720971,Lolium arundinaceum,59.843842
GUARDEN-CBNMed-5-2-12-45-20240430,3,1414353,Bromus diandrus,59.641190
GUARDEN-CBNMed-5-3-12-56-20240430,1,1391823,Echinochloa crus-galli,59.567905
GUARDEN-CBNMed-5-3-12-56-20240430,2,1363933,Ehrharta erecta,58.048103
GUARDEN-CBNMed-5-3-12-56-20240430,3,1363534,Ehrharta calycina,57.740177
GUARDEN-CBNMed-5-4-13-20240430,1,1363490,Phalaris arundinacea,58.512764
GUARDEN-CBNMed-5-4-13-20240430,2,1391823,Echinochloa crus-galli,58.263420
GUARDEN-CBNMed-5-4-13-20240430,3,1363543,Stenotaphrum secundatum,57.486191
GUARDEN-CBNMed-5-5-13-04-20240430,1,1362325,Juncus compressus,58.463497
GUARDEN-CBNMed-5-5-13-04-20240430,2,1363489,Phalaris aquatica,57.553322
GUARDEN-CBNMed-5-5-13-04-20240430,3,1424916,Echinochloa colonum,57.189621
GUARDEN-CBNMed-5-6-13-07-20240430,1,1414366,Bromus sterilis,63.934883
GUARDEN-CBNMed-5-6-13-07-20240430,2,1414367,Bromus tectorum,61.102943
GUARDEN-CBNMed-5-6-13-07-20240430,3,1414353,Bromus diandrus,60.849464
GUARDEN-CBNMed-5-7-13-17-20240430,1,1414366,Bromus sterilis,62.472080
GUARDEN-CBNMed-5-7-13-17-20240430,2,1361720,Sparganium erectum,58.012737
GUARDEN-CBNMed-5-7-13-17-20240430,3,1363501,Dactylis glomerata,57.372585
GUARDEN-CBNMed-5-8-13-22-20240430,1,1361058,Carex hirta,62.038567
GUARDEN-CBNMed-5-8-13-22-20240430,2,1363459,Poa trivialis,60.841442
GUARDEN-CBNMed-5-8-13-22-20240430,3,1414366,Bromus sterilis,60.808041
GUARDEN-CBNMed-5-9-13-27-20240430,1,1363490,Phalaris arundinacea,60.947296
GUARDEN-CBNMed-5-9-13-27-20240430,2,1363543,Stenotaphrum secundatum,60.633305
GUARDEN-CBNMed-5-9-13-27-20240430,3,1363501,Dactylis glomerata,59.235451
GUARDEN-CBNMed-6-9-15-28-20240430,1,1360399,Galium mollugo,61.537849
GUARDEN-CBNMed-6-9-15-28-20240430,2,1359431,Ononis spinosa,60.441254
GUARDEN-CBNMed-6-9-15-28-20240430,3,1363461,Anthoxanthum odoratum,60.000443
GUARDEN-CBNMed-8-10-12-59-20240429,1,1358613,Quercus coccifera,64.196098
GUARDEN-CBNMed-8-10-12-59-20240429,2,1743916,Quercus pseudococcifera,58.033569
GUARDEN-CBNMed-8-10-12-59-20240429,3,1743448,Quercus auzendei,57.426651
GUARDEN-CBNMed-8-4-12-33-20240429,1,1743651,Echinospartum horridum,62.352581
GUARDEN-CBNMed-8-4-12-33-20240429,2,1359460,Stauracanthus boivinii,62.059330
GUARDEN-CBNMed-8-4-12-33-20240429,3,1577392,Echinospartum boissieri,61.904911
GUARDEN-CBNMed-8-8-12-51-20240429,1,1361000,Asparagus acutifolius,63.090317
GUARDEN-CBNMed-8-8-12-51-20240429,2,1743966,Ulex erinaceus,62.035858
GUARDEN-CBNMed-8-8-12-51-20240429,3,1502610,Centaurea horrida,61.440727
GUARDEN-CBNMed-8-9-12-56-20240429,1,1361000,Asparagus acutifolius,63.880978
GUARDEN-CBNMed-8-9-12-56-20240429,2,1358613,Quercus coccifera,63.304638
GUARDEN-CBNMed-8-9-12-56-20240429,3,1577392,Echinospartum boissieri,60.262245
GUARDEN-CBNMed-9-10-16-16-20240429,1,1360701,Echinophora spinosa,62.991554
GUARDEN-CBNMed-9-10-16-16-20240429,2,1358613,Quercus coccifera,62.511467
GUARDEN-CBNMed-9-10-16-16-20240429,3,1502610,Centaurea horrida,61.751381
GUARDEN-CBNMed-9-2-15-46-20240429,1,1358511,Erica scoparia,60.819790
GUARDEN-CBNMed-9-2-15-46-20240429,2,1390468,Thymelaea coridifolia,59.829563
GUARDEN-CBNMed-9-2-15-46-20240429,3,1396769,Thymelaea tinctoria,58.916012
GUARDEN-CBNMed-9-6-16-04-20240429,1,1358613,Quercus coccifera,63.467506
GUARDEN-CBNMed-9-6-16-04-20240429,2,1548487,Quercus senneniana,57.943405
GUARDEN-CBNMed-9-6-16-04-20240429,3,1743916,Quercus pseudococcifera,57.174690
GUARDEN-CBNMed-9-7-16-06-20240429,1,1358613,Quercus coccifera,62.948051
GUARDEN-CBNMed-9-7-16-06-20240429,2,1356576,Ilex aquifolium,56.515999
GUARDEN-CBNMed-9-7-16-06-20240429,3,1359161,Calicotome villosa,56.103397
GUARDEN-CBNMed-9-8-16-08-20240429,1,1358613,Quercus coccifera,62.833824
GUARDEN-CBNMed-9-8-16-08-20240429,2,1432292,Solanum linnaeanum,57.635395
GUARDEN-CBNMed-9-8-16-08-20240429,3,1409031,Euphorbia stenoclada,57.146049
GUARDEN-CBNMed-9-9-16-14-20240429,1,1360701,Echinophora spinosa,62.756584
GUARDEN-CBNMed-9-9-16-14-20240429,2,1358613,Quercus coccifera,62.208088
GUARDEN-CBNMed-9-9-16-14-20240429,3,1577392,Echinospartum boissieri,60.947372
LISAH-BOU-0-10-20230523,1,1356013,Geranium rotundifolium,63.947723
LISAH-BOU-0-10-20230523,2,1744001,Daucus minusculus,62.742828
LISAH-BOU-0-10-20230523,3,1363835,Borago officinalis,61.722816
LISAH-BOU-0-101-20240425,1,1425238,Medicago minima,65.744888
LISAH-BOU-0-101-20240425,2,1390637,Calendula arvensis,64.904274
LISAH-BOU-0-101-20240425,3,1359442,Ornithopus compressus,63.604836
LISAH-BOU-0-104-20240502,1,1356397,Equisetum ramosissimum,63.051567
LISAH-BOU-0-104-20240502,2,1360385,Galium aparine,61.000534
LISAH-BOU-0-104-20240502,3,1396319,Sium latifolium,60.909611
LISAH-BOU-0-105-20240502,1,1356397,Equisetum ramosissimum,62.367008
LISAH-BOU-0-105-20240502,2,1356276,Sambucus ebulus,61.208057
LISAH-BOU-0-105-20240502,3,1355908,Erigeron sumatrensis,60.345032
LISAH-BOU-0-108-20240502,1,1359772,Fumaria capreolata,65.951660
LISAH-BOU-0-108-20240502,2,1392384,Fumaria muralis,63.449989
LISAH-BOU-0-108-20240502,3,1359767,Fumaria bastardii,62.961361
LISAH-BOU-0-109-20240502,1,1359772,Fumaria capreolata,64.761620
LISAH-BOU-0-109-20240502,2,1355990,Mercurialis annua,63.397350
LISAH-BOU-0-109-20240502,3,1360385,Galium aparine,61.573315
LISAH-BOU-0-110-20240502,1,1360385,Galium aparine,61.568138
LISAH-BOU-0-110-20240502,2,1356397,Equisetum ramosissimum,61.335480
LISAH-BOU-0-110-20240502,3,1360399,Galium mollugo,60.547947
LISAH-BOU-0-111-20240502,1,1359792,Fumaria officinalis,64.594315
LISAH-BOU-0-111-20240502,2,1355908,Erigeron sumatrensis,61.171539
LISAH-BOU-0-111-20240502,3,1360385,Galium aparine,60.819035
LISAH-BOU-0-113-20240502,1,1356013,Geranium rotundifolium,65.091827
LISAH-BOU-0-113-20240502,2,1392594,Geranium pusillum,64.184303
LISAH-BOU-0-113-20240502,3,1360385,Galium aparine,60.269997
LISAH-BOU-0-114-20240502,1,1363671,Vicia hirsuta,63.155594
LISAH-BOU-0-114-20240502,2,1360385,Galium aparine,61.822376
LISAH-BOU-0-114-20240502,3,1389576,Buglossoides arvensis,61.203133
LISAH-BOU-0-117-20240502,1,1356013,Geranium rotundifolium,66.679985
LISAH-BOU-0-117-20240502,2,1364100,Silybum marianum,63.308968
LISAH-BOU-0-117-20240502,3,1360385,Galium aparine,61.895054
LISAH-BOU-0-118-20240502,1,1356013,Geranium rotundifolium,67.591980
LISAH-BOU-0-118-20240502,2,1356008,Geranium molle,62.706909
LISAH-BOU-0-118-20240502,3,1360385,Galium aparine,62.162117
LISAH-BOU-0-14-20230511,1,1361190,Avena sterilis,62.925823
LISAH-BOU-0-14-20230511,2,1392637,Glyceria maxima,59.709141
LISAH-BOU-0-14-20230511,3,1363468,Avena fatua,59.493412
LISAH-BOU-0-15-20230511,1,1356013,Geranium rotundifolium,65.049881
LISAH-BOU-0-15-20230511,2,1364006,Convolvulus arvensis,60.166214
LISAH-BOU-0-15-20230511,3,1355964,Euphorbia helioscopia,60.162273
LISAH-BOU-0-153-20240502,1,1355881,Carduus tenuiflorus,64.036583
LISAH-BOU-0-153-20240502,2,1356008,Geranium molle,63.397465
LISAH-BOU-0-153-20240502,3,1392594,Geranium pusillum,63.122425
LISAH-BOU-0-154-20240502,1,1356013,Geranium rotundifolium,66.854088
LISAH-BOU-0-154-20240502,2,1390637,Calendula arvensis,62.984604
LISAH-BOU-0-154-20240502,3,1357351,Carduus pycnocephalus,62.752930
LISAH-BOU-0-157-20240502,1,1356013,Geranium rotundifolium,66.989494
LISAH-BOU-0-157-20240502,2,1355964,Euphorbia helioscopia,63.704742
LISAH-BOU-0-157-20240502,3,1358643,Erodium ciconium,62.191219
LISAH-BOU-0-16-20230511,1,1363835,Borago officinalis,61.526947
LISAH-BOU-0-16-20230511,2,1363128,Papaver rhoeas,60.120750
LISAH-BOU-0-16-20230511,3,1360753,Lagoecia cuminoides,60.006603
LISAH-BOU-0-160-20240502,1,1356013,Geranium rotundifolium,67.259491
LISAH-BOU-0-160-20240502,2,1358643,Erodium ciconium,65.307259
LISAH-BOU-0-160-20240502,3,1356008,Geranium molle,64.705940
LISAH-BOU-0-163-20240502,1,1363944,Malva neglecta,65.751610
LISAH-BOU-0-163-20240502,2,1390637,Calendula arvensis,64.544998
LISAH-BOU-0-163-20240502,3,1392594,Geranium pusillum,64.245888
LISAH-BOU-0-164-20240502,1,1356013,Geranium rotundifolium,67.097000
LISAH-BOU-0-164-20240502,2,1358643,Erodium ciconium,66.356026
LISAH-BOU-0-164-20240502,3,1390637,Calendula arvensis,64.532227
LISAH-BOU-0-165-20240502,1,1356013,Geranium rotundifolium,66.032608
LISAH-BOU-0-165-20240502,2,1392594,Geranium pusillum,64.868835
LISAH-BOU-0-165-20240502,3,1356008,Geranium molle,64.328720
LISAH-BOU-0-167-20240502,1,1363731,Medicago polymorpha,63.415295
LISAH-BOU-0-167-20240502,2,1359333,Medicago arabica,62.719372
LISAH-BOU-0-167-20240502,3,1393766,Medicago ciliaris,59.978905
LISAH-BOU-0-168-20240502,1,1361307,Hordeum murinum,64.040909
LISAH-BOU-0-168-20240502,2,1363731,Medicago polymorpha,63.079250
LISAH-BOU-0-168-20240502,3,1359333,Medicago arabica,61.304768
LISAH-BOU-0-170-20240502,1,1363731,Medicago polymorpha,63.202446
LISAH-BOU-0-170-20240502,2,1359333,Medicago arabica,63.066277
LISAH-BOU-0-170-20240502,3,1355994,Erodium cicutarium,62.866459
LISAH-BOU-0-171-20240502,1,1363731,Medicago polymorpha,63.354645
LISAH-BOU-0-171-20240502,2,1358654,Erodium malacoides,62.697784
LISAH-BOU-0-171-20240502,3,1355881,Carduus tenuiflorus,61.714890
LISAH-BOU-0-172-20240502,1,1356013,Geranium rotundifolium,65.798218
LISAH-BOU-0-172-20240502,2,1363731,Medicago polymorpha,63.607056
LISAH-BOU-0-172-20240502,3,1425238,Medicago minima,62.417511
LISAH-BOU-0-173-20240502,1,1358654,Erodium malacoides,64.948380
LISAH-BOU-0-173-20240502,2,1357351,Carduus pycnocephalus,63.575531
LISAH-BOU-0-173-20240502,3,1363731,Medicago polymorpha,62.973450
LISAH-BOU-0-174-20240502,1,1425238,Medicago minima,64.553238
LISAH-BOU-0-174-20240502,2,1363731,Medicago polymorpha,63.132160
LISAH-BOU-0-174-20240502,3,1392594,Geranium pusillum,61.091827
LISAH-BOU-0-175-20240502,1,1363734,Medicago orbicularis,65.234322
LISAH-BOU-0-175-20240502,2,1425238,Medicago minima,65.188194
LISAH-BOU-0-175-20240502,3,1359443,Ornithopus perpusillus,63.792152
LISAH-BOU-0-183-20240502,1,1363731,Medicago polymorpha,63.177437
LISAH-BOU-0-183-20240502,2,1361307,Hordeum murinum,61.825981
LISAH-BOU-0-183-20240502,3,1361844,Medicago radiata,61.178497
LISAH-BOU-0-187-20240502,1,1363734,Medicago orbicularis,67.139763
LISAH-BOU-0-187-20240502,2,1359342,Medicago laciniata,63.089294
LISAH-BOU-0-187-20240502,3,1363731,Medicago polymorpha,62.941589
LISAH-BOU-0-191-20240502,1,1359268,Lathyrus cicera,66.655968
LISAH-BOU-0-191-20240502,2,1358654,Erodium malacoides,65.253159
LISAH-BOU-0-191-20240502,3,1359265,Lathyrus amphicarpos,64.898933
LISAH-BOU-0-2-20240425,1,1356697,Cerastium glomeratum,63.302822
LISAH-BOU-0-2-20240425,2,1397387,Fragaria viridis,62.080414
LISAH-BOU-0-2-20240425,3,1363993,Potentilla reptans,61.993069
LISAH-BOU-0-24-20230512,1,1361000,Asparagus acutifolius,64.266029
LISAH-BOU-0-24-20230512,2,1363804,Lathyrus sativus,62.828365
LISAH-BOU-0-24-20230512,3,1360385,Galium aparine,61.914703
LISAH-BOU-0-24-20240425,1,1356013,Geranium rotundifolium,67.539215
LISAH-BOU-0-24-20240425,2,1360433,Rubia peregrina,62.152264
LISAH-BOU-0-24-20240425,3,1392594,Geranium pusillum,61.613819
LISAH-BOU-0-25-20230512,1,1356013,Geranium rotundifolium,64.322113
LISAH-BOU-0-25-20230512,2,1360385,Galium aparine,61.025864
LISAH-BOU-0-25-20230512,3,1397356,Cornus sanguinea,59.914108
LISAH-BOU-0-25-20230711,1,1360825,Parietaria judaica,61.778023
LISAH-BOU-0-25-20230711,2,1363993,Potentilla reptans,60.701645
LISAH-BOU-0-25-20230711,3,1362353,Parietaria officinalis,59.421776
LISAH-BOU-0-28-20240425,1,1361000,Asparagus acutifolius,67.471069
LISAH-BOU-0-28-20240425,2,1360385,Galium aparine,62.277679
LISAH-BOU-0-28-20240425,3,1360420,Galium verrucosum,60.221912
LISAH-BOU-0-29-20230523,1,1356013,Geranium rotundifolium,66.521400
LISAH-BOU-0-29-20230523,2,1397356,Cornus sanguinea,61.405800
LISAH-BOU-0-29-20230523,3,1356395,Equisetum fluviatile,60.676769
LISAH-BOU-0-29-20230621,1,1363212,Torilis arvensis,62.991367
LISAH-BOU-0-29-20230621,2,1360358,Rubus ulmifolius,61.436417
LISAH-BOU-0-29-20230621,3,1356397,Equisetum ramosissimum,61.168415
LISAH-BOU-0-29-20240425,1,1361000,Asparagus acutifolius,63.919666
LISAH-BOU-0-29-20240425,2,1397356,Cornus sanguinea,62.063271
LISAH-BOU-0-29-20240425,3,1360385,Galium aparine,61.502472
LISAH-BOU-0-3-20230721,1,1357815,Reichardia picroides,60.138947
LISAH-BOU-0-3-20230721,2,1355941,Reichardia tingitana,58.606098
LISAH-BOU-0-3-20230721,3,1363433,Lagurus ovatus,58.301537
LISAH-BOU-0-30-20230512,1,1356012,Geranium purpureum,65.603523
LISAH-BOU-0-30-20230512,2,1356017,Geranium robertianum,63.170971
LISAH-BOU-0-30-20230512,3,1397356,Cornus sanguinea,61.246086
LISAH-BOU-0-30-20240425,1,1356013,Geranium rotundifolium,67.450378
LISAH-BOU-0-30-20240425,2,1392594,Geranium pusillum,62.440811
LISAH-BOU-0-30-20240425,3,1361000,Asparagus acutifolius,62.074699
LISAH-BOU-0-31-20230919,1,1722433,Calamagrostis arenaria,59.299408
LISAH-BOU-0-31-20230919,2,1359124,Astragalus hamosus,57.468670
LISAH-BOU-0-31-20230919,3,1356634,Cynoglossum creticum,57.260201
LISAH-BOU-0-31-20240425,1,1356013,Geranium rotundifolium,67.429771
LISAH-BOU-0-31-20240425,2,1356012,Geranium purpureum,64.182861
LISAH-BOU-0-31-20240425,3,1392594,Geranium pusillum,61.866066
LISAH-BOU-0-32-20230516,1,1390879,Carex otrubae,63.204208
LISAH-BOU-0-32-20230516,2,1391113,Chaerophyllum villarsii,61.449013
LISAH-BOU-0-32-20230516,3,1356422,Botrychium lunaria,61.444801
LISAH-BOU-0-32-20240425,1,1356013,Geranium rotundifolium,66.449875
LISAH-BOU-0-32-20240425,2,1355964,Euphorbia helioscopia,64.512558
LISAH-BOU-0-32-20240425,3,1391112,Chaerophyllum hirsutum,63.599396
LISAH-BOU-0-34-20230516,1,1356013,Geranium rotundifolium,64.176468
LISAH-BOU-0-34-20230516,2,1650228,Elymus athericus,62.013962
LISAH-BOU-0-34-20230516,3,1393522,Leymus arenarius,60.662029
LISAH-BOU-0-35-20240425,1,1356013,Geranium rotundifolium,65.046494
LISAH-BOU-0-35-20240425,2,1356012,Geranium purpureum,64.852493
LISAH-BOU-0-35-20240425,3,1356017,Geranium robertianum,63.392117
LISAH-BOU-0-36-20240425,1,1356013,Geranium rotundifolium,66.469765
LISAH-BOU-0-36-20240425,2,1356012,Geranium purpureum,64.594162
LISAH-BOU-0-36-20240425,3,1356017,Geranium robertianum,63.400055
LISAH-BOU-0-37-20230512,1,1397356,Cornus sanguinea,62.739517
LISAH-BOU-0-37-20230512,2,1356757,Campanula trachelium,60.758762
LISAH-BOU-0-37-20230512,3,1361000,Asparagus acutifolius,60.499496
LISAH-BOU-0-37-20240425,1,1356012,Geranium purpureum,64.795746
LISAH-BOU-0-37-20240425,2,1361000,Asparagus acutifolius,63.851177
LISAH-BOU-0-37-20240425,3,1356017,Geranium robertianum,62.993851
LISAH-BOU-0-38-20230516,1,1356013,Geranium rotundifolium,67.086426
LISAH-BOU-0-38-20230516,2,1390879,Carex otrubae,62.992401
LISAH-BOU-0-38-20230516,3,1363212,Torilis arvensis,62.168751
LISAH-BOU-0-39-20230512,1,1356013,Geranium rotundifolium,64.852554
LISAH-BOU-0-39-20230512,2,1361000,Asparagus acutifolius,64.090637
LISAH-BOU-0-39-20230512,3,1397356,Cornus sanguinea,62.271339
LISAH-BOU-0-4-20230511,1,1356013,Geranium rotundifolium,63.792747
LISAH-BOU-0-4-20230511,2,1357351,Carduus pycnocephalus,62.058266
LISAH-BOU-0-4-20230511,3,1363213,Torilis nodosa,61.793137
LISAH-BOU-0-4-20230711,1,1364006,Convolvulus arvensis,61.678539
LISAH-BOU-0-4-20230711,2,1356397,Equisetum ramosissimum,61.569588
LISAH-BOU-0-4-20230711,3,1360358,Rubus ulmifolius,59.214653
LISAH-BOU-0-4-20240425,1,1356013,Geranium rotundifolium,68.006874
LISAH-BOU-0-4-20240425,2,1390637,Calendula arvensis,62.947754
LISAH-BOU-0-4-20240425,3,1356397,Equisetum ramosissimum,62.154549
LISAH-BOU-0-40-20230512,1,1361000,Asparagus acutifolius,65.540504
LISAH-BOU-0-40-20230512,2,1391112,Chaerophyllum hirsutum,63.842857
LISAH-BOU-0-40-20230512,3,1397356,Cornus sanguinea,62.298485
LISAH-BOU-0-40-20240425,1,1361000,Asparagus acutifolius,63.691990
LISAH-BOU-0-40-20240425,2,1397356,Cornus sanguinea,61.457512
LISAH-BOU-0-40-20240425,3,1391112,Chaerophyllum hirsutum,60.741081
LISAH-BOU-0-41-20230512,1,1392594,Geranium pusillum,62.328419
LISAH-BOU-0-41-20230512,2,1397356,Cornus sanguinea,61.352592
LISAH-BOU-0-41-20230512,3,1414365,Bromus sitchensis,61.333168
LISAH-BOU-0-42-20230511,1,1356013,Geranium rotundifolium,64.597832
LISAH-BOU-0-42-20230511,2,1392594,Geranium pusillum,59.580547
LISAH-BOU-0-42-20230511,3,1356395,Equisetum fluviatile,59.113224
LISAH-BOU-0-43-20230512,1,1356013,Geranium rotundifolium,66.501663
LISAH-BOU-0-43-20230512,2,1363835,Borago officinalis,62.518257
LISAH-BOU-0-43-20230512,3,1397356,Cornus sanguinea,62.231728
LISAH-BOU-0-44-20240425,1,1359639,Malva parviflora,58.937485
LISAH-BOU-0-44-20240425,2,1394477,Petrorhagia nanteuilii,58.273926
LISAH-BOU-0-44-20240425,3,1355978,Pelargonium zonale,57.844109
LISAH-BOU-0-5-20230512,1,1357351,Carduus pycnocephalus,63.359863
LISAH-BOU-0-5-20230512,2,1722433,Calamagrostis arenaria,61.132610
LISAH-BOU-0-5-20230512,3,1356276,Sambucus ebulus,60.685612
LISAH-BOU-0-5-20230711,1,1356397,Equisetum ramosissimum,61.037422
LISAH-BOU-0-5-20230711,2,1389369,Lysimachia foemina,60.855499
LISAH-BOU-0-5-20230711,3,1356075,Tradescantia fluminensis,60.749741
LISAH-BOU-0-50-20230512,1,1356013,Geranium rotundifolium,65.657051
LISAH-BOU-0-50-20230512,2,1356286,Bromus hordeaceus,63.411156
LISAH-BOU-0-50-20230512,3,1361307,Hordeum murinum,63.273651
LISAH-BOU-0-52-20230512,1,1358654,Erodium malacoides,63.335003
LISAH-BOU-0-52-20230512,2,1425238,Medicago minima,61.446110
LISAH-BOU-0-52-20230512,3,1359639,Malva parviflora,60.819954
LISAH-BOU-0-54-20230512,1,1392699,Hedypnois rhagadioloides,62.726395
LISAH-BOU-0-54-20230512,2,1356286,Bromus hordeaceus,62.658764
LISAH-BOU-0-54-20230512,3,1425172,Launaea nudicaulis,60.716900
LISAH-BOU-0-55-20230512,1,1356286,Bromus hordeaceus,64.094681
LISAH-BOU-0-55-20230512,2,1356008,Geranium molle,62.433311
LISAH-BOU-0-55-20230512,3,1363944,Malva neglecta,61.182312
LISAH-BOU-0-56-20230512,1,1392699,Hedypnois rhagadioloides,63.852180
LISAH-BOU-0-56-20230512,2,1358654,Erodium malacoides,62.713715
LISAH-BOU-0-56-20230512,3,1359639,Malva parviflora,61.130623
LISAH-BOU-0-58-20230512,1,1356286,Bromus hordeaceus,62.460583
LISAH-BOU-0-58-20230512,2,1363838,Heliotropium curassavicum,62.380306
LISAH-BOU-0-58-20230512,3,1361307,Hordeum murinum,62.142361
LISAH-BOU-0-6-20240425,1,1356395,Equisetum fluviatile,64.437103
LISAH-BOU-0-6-20240425,2,1722433,Calamagrostis arenaria,61.380432
LISAH-BOU-0-6-20240425,3,1356397,Equisetum ramosissimum,60.192413
LISAH-BOU-0-63-20230512,1,1390637,Calendula arvensis,63.171803
LISAH-BOU-0-63-20230512,2,1358257,Diplotaxis tenuifolia,62.841732
LISAH-BOU-0-63-20230512,3,1357332,Calendula suffruticosa,62.704975
LISAH-BOU-0-65-20230512,1,1359171,Coronilla repanda,61.944775
LISAH-BOU-0-65-20230512,2,1361117,Aegilops geniculata,60.976109
LISAH-BOU-0-65-20230512,3,1361307,Hordeum murinum,60.795017
LISAH-BOU-0-75-20230516,1,1356013,Geranium rotundifolium,63.831841
LISAH-BOU-0-75-20230516,2,1422217,Bromus madritensis,60.169506
LISAH-BOU-0-75-20230516,3,1363805,Lathyrus annuus,59.804623
LISAH-BOU-0-79-20230512,1,1425238,Medicago minima,64.254211
LISAH-BOU-0-79-20230512,2,1357526,Crepis bursifolia,63.950699
LISAH-BOU-0-79-20230512,3,1359488,Trifolium campestre,63.313915
LISAH-BOU-0-8-20240425,1,1357351,Carduus pycnocephalus,62.762772
LISAH-BOU-0-8-20240425,2,1358347,Lepidium draba,61.835262
LISAH-BOU-0-8-20240425,3,1393522,Leymus arenarius,61.442757
LISAH-BOU-0-84-20230512,1,1425238,Medicago minima,63.972023
LISAH-BOU-0-84-20230512,2,1359336,Medicago disciformis,63.632076
LISAH-BOU-0-84-20230512,3,1357456,Centaurea sphaerocephala,61.662842
LISAH-BOU-0-9-20240425,1,1356397,Equisetum ramosissimum,62.316692
LISAH-BOU-0-9-20240425,2,1356395,Equisetum fluviatile,62.056229
LISAH-BOU-0-9-20240425,3,1393522,Leymus arenarius,61.340748
LISAH-BOU-0-98-20240425,1,1425238,Medicago minima,66.541824
LISAH-BOU-0-98-20240425,2,1359344,Medicago marina,63.015198
LISAH-BOU-0-98-20240425,3,1393770,Medicago littoralis,62.232506
LISAH-BVD-0-100-20230510,1,1356286,Bromus hordeaceus,63.661743
LISAH-BVD-0-100-20230510,2,1361307,Hordeum murinum,62.392387
LISAH-BVD-0-100-20230510,3,1394744,Polygonatum multiflorum,60.248184
LISAH-BVD-0-101-20230510,1,1359959,Plantago lagopus,60.474731
LISAH-BVD-0-101-20230510,2,1362406,Alopecurus pratensis,58.695877
LISAH-BVD-0-101-20230510,3,1356066,Plantago lanceolata,58.577339
LISAH-BVD-0-152-20230511,1,1357635,Helminthotheca echioides,61.751461
LISAH-BVD-0-152-20230511,2,1363638,Oxalis corniculata,60.584496
LISAH-BVD-0-152-20230511,3,1364065,Veronica persica,60.030792
LISAH-BVD-0-155-20230511,1,1359959,Plantago lagopus,61.693184
LISAH-BVD-0-155-20230511,2,1363455,Poa annua,60.837757
LISAH-BVD-0-155-20230511,3,1364064,Veronica hederifolia,60.727650
LISAH-BVD-0-158-20230511,1,1359279,Lathyrus ochrus,61.093578
LISAH-BVD-0-158-20230511,2,1356461,Adoxa moschatellina,60.033592
LISAH-BVD-0-158-20230511,3,1394636,Plantago media,59.989914
LISAH-BVD-0-191-20230511,1,1364065,Veronica persica,61.015285
LISAH-BVD-0-191-20230511,2,1390967,Catapodium rigidum,59.024521
LISAH-BVD-0-191-20230511,3,1363455,Poa annua,58.448303
LISAH-BVD-0-192-20230511,1,1363455,Poa annua,59.747627
LISAH-BVD-0-192-20230511,2,1364063,Veronica arvensis,59.477642
LISAH-BVD-0-192-20230511,3,1364065,Veronica persica,59.143501
LISAH-BVD-0-195-20230511,1,1718548,Megathyrsus maximus,55.786995
LISAH-BVD-0-195-20230511,2,1363508,Sorghum halepense,54.766388
LISAH-BVD-0-195-20230511,3,1394395,Panicum dichotomiflorum,54.644661
LISAH-BVD-0-196-20230511,1,1359268,Lathyrus cicera,58.258049
LISAH-BVD-0-196-20230511,2,1363798,Lathyrus aphaca,57.775608
LISAH-BVD-0-196-20230511,3,1363805,Lathyrus annuus,57.153488
LISAH-BVD-0-197-20230511,1,1363993,Potentilla reptans,60.844139
LISAH-BVD-0-197-20230511,2,1356278,Trifolium fragiferum,60.743866
LISAH-BVD-0-197-20230511,3,1359333,Medicago arabica,60.129875
LISAH-BVD-0-200-20230511,1,1356278,Trifolium fragiferum,61.293652
LISAH-BVD-0-200-20230511,2,1363993,Potentilla reptans,61.181896
LISAH-BVD-0-200-20230511,3,1359333,Medicago arabica,58.191444
LISAH-BVD-0-203-20230511,1,1363739,Trifolium nigrescens,60.801121
LISAH-BVD-0-203-20230511,2,1356278,Trifolium fragiferum,59.578873
LISAH-BVD-0-203-20230511,3,1363740,Trifolium repens,57.904232
LISAH-BVD-0-205-20230511,1,1359333,Medicago arabica,59.765419
LISAH-BVD-0-205-20230511,2,1363740,Trifolium repens,58.950344
LISAH-BVD-0-205-20230511,3,1363731,Medicago polymorpha,57.678013
LISAH-BVD-0-206-20230511,1,1363739,Trifolium nigrescens,59.514629
LISAH-BVD-0-206-20230511,2,1356278,Trifolium fragiferum,59.468819
LISAH-BVD-0-206-20230511,3,1396871,Trifolium vesiculosum,59.191872
LISAH-BVD-0-208-20230511,1,1356278,Trifolium fragiferum,61.368053
LISAH-BVD-0-208-20230511,2,1363455,Poa annua,58.700615
LISAH-BVD-0-208-20230511,3,1362626,Colocasia esculenta,57.779530
LISAH-BVD-0-209-20230511,1,1363802,Lathyrus odoratus,60.893177
LISAH-BVD-0-209-20230511,2,1363455,Poa annua,58.836075
LISAH-BVD-0-209-20230511,3,1356278,Trifolium fragiferum,58.158894
LISAH-BVD-0-25-20230510,1,1357875,Sonchus asper,59.932590
LISAH-BVD-0-25-20230510,2,1363639,Oxalis latifolia,59.338551
LISAH-BVD-0-25-20230510,3,1361316,Leersia oryzoides,58.316109
LISAH-BVD-0-275-20230516,1,1361307,Hordeum murinum,62.753292
LISAH-BVD-0-275-20230516,2,1363468,Avena fatua,61.197201
LISAH-BVD-0-275-20230516,3,1363469,Avena sativa,61.029427
LISAH-BVD-0-277-20230516,1,1363993,Potentilla reptans,65.042801
LISAH-BVD-0-277-20230516,2,1414366,Bromus sterilis,62.621975
LISAH-BVD-0-277-20230516,3,1363805,Lathyrus annuus,61.855042
LISAH-BVD-0-278-20230516,1,1363993,Potentilla reptans,64.902557
LISAH-BVD-0-278-20230516,2,1361307,Hordeum murinum,60.751007
LISAH-BVD-0-278-20230516,3,1360304,Potentilla anglica,60.569687
LISAH-BVD-0-281-20230516,1,1363993,Potentilla reptans,64.681198
LISAH-BVD-0-281-20230516,2,1395667,Rumex longifolius,61.491379
LISAH-BVD-0-281-20230516,3,1361190,Avena sterilis,60.805599
LISAH-BVD-0-282-20230516,1,1407739,Bromus catharticus,64.426483
LISAH-BVD-0-282-20230516,2,1363993,Potentilla reptans,63.031281
LISAH-BVD-0-282-20230516,3,1414366,Bromus sterilis,62.524704
LISAH-BVD-0-283-20230516,1,1363993,Potentilla reptans,66.463005
LISAH-BVD-0-283-20230516,2,1360304,Potentilla anglica,61.701004
LISAH-BVD-0-283-20230516,3,1414366,Bromus sterilis,60.796154
LISAH-BVD-0-285-20230516,1,1363993,Potentilla reptans,63.592262
LISAH-BVD-0-285-20230516,2,1361307,Hordeum murinum,63.202217
LISAH-BVD-0-285-20230516,3,1721637,Potentilla indica,60.985325
LISAH-BVD-0-287-20230516,1,1361307,Hordeum murinum,62.903748
LISAH-BVD-0-287-20230516,2,1363993,Potentilla reptans,61.944298
LISAH-BVD-0-287-20230516,3,1414366,Bromus sterilis,60.534954
LISAH-BVD-0-288-20230516,1,1363993,Potentilla reptans,63.499527
LISAH-BVD-0-288-20230516,2,1363468,Avena fatua,62.821934
LISAH-BVD-0-288-20230516,3,1360399,Galium mollugo,58.671650
LISAH-BVD-0-292-20230516,1,1363993,Potentilla reptans,64.798286
LISAH-BVD-0-292-20230516,2,1360304,Potentilla anglica,60.250374
LISAH-BVD-0-292-20230516,3,1361307,Hordeum murinum,59.973488
LISAH-BVD-0-293-20230516,1,1363993,Potentilla reptans,65.402328
LISAH-BVD-0-293-20230516,2,1356286,Bromus hordeaceus,63.045258
LISAH-BVD-0-293-20230516,3,1363459,Poa trivialis,60.731110
LISAH-BVD-0-294-20230516,1,1363993,Potentilla reptans,63.886650
LISAH-BVD-0-294-20230516,2,1356286,Bromus hordeaceus,62.139221
LISAH-BVD-0-294-20230516,3,1360304,Potentilla anglica,60.622635
LISAH-BVD-0-295-20230516,1,1407739,Bromus catharticus,58.627754
LISAH-BVD-0-295-20230516,2,1363993,Potentilla reptans,57.619823
LISAH-BVD-0-295-20230516,3,1361245,Eleusine indica,56.924984
LISAH-BVD-0-296-20230516,1,1363993,Potentilla reptans,63.372700
LISAH-BVD-0-296-20230516,2,1360859,Phyla nodiflora,59.014145
LISAH-BVD-0-296-20230516,3,1360304,Potentilla anglica,57.918224
LISAH-BVD-0-297-20230516,1,1407739,Bromus catharticus,62.377060
LISAH-BVD-0-297-20230516,2,1363993,Potentilla reptans,60.593620
LISAH-BVD-0-297-20230516,3,1363740,Trifolium repens,58.177589
LISAH-BVD-0-298-20230516,1,1363993,Potentilla reptans,63.951614
LISAH-BVD-0-298-20230516,2,1407739,Bromus catharticus,61.871975
LISAH-BVD-0-298-20230516,3,1390967,Catapodium rigidum,59.158409
LISAH-BVD-0-299-20230516,1,1363993,Potentilla reptans,63.342674
LISAH-BVD-0-299-20230516,2,1390966,Catapodium marinum,60.604012
LISAH-BVD-0-299-20230516,3,1390967,Catapodium rigidum,59.472485
LISAH-BVD-0-300-20230516,1,1363993,Potentilla reptans,62.884552
LISAH-BVD-0-300-20230516,2,1422217,Bromus madritensis,60.559544
LISAH-BVD-0-300-20230516,3,1394592,Pimpinella major,58.538628
LISAH-BVD-0-301-20230516,1,1407739,Bromus catharticus,64.814659
LISAH-BVD-0-301-20230516,2,1363993,Potentilla reptans,64.120949
LISAH-BVD-0-301-20230516,3,1360304,Potentilla anglica,59.974480
LISAH-BVD-0-302-20230516,1,1363993,Potentilla reptans,62.778564
LISAH-BVD-0-302-20230516,2,1400126,Betonica officinalis,62.061672
LISAH-BVD-0-302-20230516,3,1395920,Sanguisorba officinalis,59.266296
LISAH-BVD-0-309-20230516,1,1363993,Potentilla reptans,64.059853
LISAH-BVD-0-309-20230516,2,1363994,Agrimonia eupatoria,60.473824
LISAH-BVD-0-309-20230516,3,1394592,Pimpinella major,58.335175
LISAH-BVD-0-310-20230516,1,1363993,Potentilla reptans,65.184280
LISAH-BVD-0-310-20230516,2,1414366,Bromus sterilis,59.286522
LISAH-BVD-0-310-20230516,3,1390966,Catapodium marinum,59.217827
LISAH-BVD-0-337-20230516,1,1361307,Hordeum murinum,60.504662
LISAH-BVD-0-337-20230516,2,1364006,Convolvulus arvensis,59.951244
LISAH-BVD-0-337-20230516,3,1356286,Bromus hordeaceus,59.852673
LISAH-BVD-0-338-20230516,1,1356286,Bromus hordeaceus,63.651104
LISAH-BVD-0-338-20230516,2,1361201,Bromus lanceolatus,63.426743
LISAH-BVD-0-338-20230516,3,1361307,Hordeum murinum,61.706726
LISAH-BVD-0-339-20230516,1,1356286,Bromus hordeaceus,64.093391
LISAH-BVD-0-339-20230516,2,1414353,Bromus diandrus,61.973415
LISAH-BVD-0-339-20230516,3,1407739,Bromus catharticus,61.353981
LISAH-BVD-0-341-20230516,1,1356286,Bromus hordeaceus,63.182808
LISAH-BVD-0-341-20230516,2,1364006,Convolvulus arvensis,60.875309
LISAH-BVD-0-341-20230516,3,1360120,Rumex acetosa,57.466682
LISAH-BVD-0-342-20230516,1,1356286,Bromus hordeaceus,64.286728
LISAH-BVD-0-342-20230516,2,1364006,Convolvulus arvensis,62.372581
LISAH-BVD-0-342-20230516,3,1363798,Lathyrus aphaca,60.503540
LISAH-BVD-0-343-20230516,1,1356286,Bromus hordeaceus,62.511646
LISAH-BVD-0-343-20230516,2,1363213,Torilis nodosa,62.236382
LISAH-BVD-0-343-20230516,3,1364006,Convolvulus arvensis,58.740208
LISAH-BVD-0-344-20230516,1,1356286,Bromus hordeaceus,60.864777
LISAH-BVD-0-344-20230516,2,1363507,Lamarckia aurea,59.281075
LISAH-BVD-0-344-20230516,3,1364006,Convolvulus arvensis,58.748169
LISAH-BVD-0-345-20230516,1,1356286,Bromus hordeaceus,63.908863
LISAH-BVD-0-345-20230516,2,1359279,Lathyrus ochrus,59.924736
LISAH-BVD-0-345-20230516,3,1364006,Convolvulus arvensis,59.725681
LISAH-BVD-0-346-20230516,1,1356286,Bromus hordeaceus,63.246971
LISAH-BVD-0-346-20230516,2,1363212,Torilis arvensis,60.217316
LISAH-BVD-0-346-20230516,3,1364006,Convolvulus arvensis,59.591385
LISAH-BVD-0-347-20230516,1,1356286,Bromus hordeaceus,63.477982
LISAH-BVD-0-347-20230516,2,1364006,Convolvulus arvensis,59.973263
LISAH-BVD-0-347-20230516,3,1363402,Polypogon monspeliensis,57.741970
LISAH-BVD-0-348-20230516,1,1356286,Bromus hordeaceus,64.305588
LISAH-BVD-0-348-20230516,2,1357875,Sonchus asper,61.608997
LISAH-BVD-0-348-20230516,3,1364006,Convolvulus arvensis,60.075874
LISAH-BVD-0-349-20230516,1,1356286,Bromus hordeaceus,64.624092
LISAH-BVD-0-349-20230516,2,1364006,Convolvulus arvensis,62.128780
LISAH-BVD-0-349-20230516,3,1362626,Colocasia esculenta,60.754097
LISAH-BVD-0-35-20230510,1,1396446,Stellaria graminea,60.715168
LISAH-BVD-0-35-20230510,2,1721301,Stellaria palustris,58.937473
LISAH-BVD-0-35-20230510,3,1363455,Poa annua,58.521473
LISAH-BVD-0-350-20230516,1,1356286,Bromus hordeaceus,64.021248
LISAH-BVD-0-350-20230516,2,1357635,Helminthotheca echioides,60.327168
LISAH-BVD-0-350-20230516,3,1364006,Convolvulus arvensis,59.877594
LISAH-BVD-0-351-20230516,1,1355869,Crepis capillaris,61.858704
LISAH-BVD-0-351-20230516,2,1364006,Convolvulus arvensis,61.419827
LISAH-BVD-0-351-20230516,3,1391445,Crepis biennis,58.510914
LISAH-BVD-0-352-20230516,1,1356286,Bromus hordeaceus,63.015881
LISAH-BVD-0-352-20230516,2,1363798,Lathyrus aphaca,60.101986
LISAH-BVD-0-352-20230516,3,1361190,Avena sterilis,60.059227
LISAH-BVD-0-353-20230516,1,1356286,Bromus hordeaceus,62.775528
LISAH-BVD-0-353-20230516,2,1363402,Polypogon monspeliensis,62.695366
LISAH-BVD-0-353-20230516,3,1364006,Convolvulus arvensis,60.755116
LISAH-BVD-0-354-20230516,1,1364006,Convolvulus arvensis,60.564846
LISAH-BVD-0-354-20230516,2,1357635,Helminthotheca echioides,59.705685
LISAH-BVD-0-354-20230516,3,1361190,Avena sterilis,59.408485
LISAH-BVD-0-364-20230516,1,1361307,Hordeum murinum,61.267967
LISAH-BVD-0-364-20230516,2,1364173,Lactuca serriola,61.007420
LISAH-BVD-0-364-20230516,3,1357432,Centaurea maroccana,59.523811
LISAH-BVD-0-372-20230516,1,1361307,Hordeum murinum,62.411552
LISAH-BVD-0-372-20230516,2,1357432,Centaurea maroccana,60.124794
LISAH-BVD-0-372-20230516,3,1363504,Cynosurus echinatus,59.864410
LISAH-BVD-0-379-20230516,1,1361307,Hordeum murinum,62.012398
LISAH-BVD-0-379-20230516,2,1359266,Lathyrus angulatus,59.292374
LISAH-BVD-0-379-20230516,3,1356397,Equisetum ramosissimum,59.006958
LISAH-BVD-0-380-20230516,1,1360120,Rumex acetosa,61.552006
LISAH-BVD-0-380-20230516,2,1361307,Hordeum murinum,61.367798
LISAH-BVD-0-380-20230516,3,1363475,Lolium perenne,59.971981
LISAH-BVD-0-383-20230516,1,1422217,Bromus madritensis,60.999390
LISAH-BVD-0-383-20230516,2,1722501,Rumex spinosus,60.142113
LISAH-BVD-0-383-20230516,3,1414353,Bromus diandrus,59.998360
LISAH-BVD-0-392-20230516,1,1356587,Aristolochia paucinervis,62.056042
LISAH-BVD-0-392-20230516,2,1407739,Bromus catharticus,61.509232
LISAH-BVD-0-392-20230516,3,1364006,Convolvulus arvensis,59.743313
LISAH-BVD-0-397-20230517,1,1414366,Bromus sterilis,60.494598
LISAH-BVD-0-397-20230517,2,1361307,Hordeum murinum,58.608398
LISAH-BVD-0-397-20230517,3,1363460,Holcus lanatus,58.421150
LISAH-BVD-0-398-20230517,1,1728568,Jacobaea erucifolia,59.255295
LISAH-BVD-0-398-20230517,2,1360860,Verbena officinalis,59.008400
LISAH-BVD-0-398-20230517,3,1363740,Trifolium repens,58.495049
LISAH-BVD-0-412-20230517,1,1360860,Verbena officinalis,61.569489
LISAH-BVD-0-412-20230517,2,1357549,Crepis vesicaria,60.715370
LISAH-BVD-0-412-20230517,3,1357697,Leontodon hispidus,60.510628
LISAH-BVD-0-417-20230517,1,1356286,Bromus hordeaceus,64.732147
LISAH-BVD-0-417-20230517,2,1361307,Hordeum murinum,62.989094
LISAH-BVD-0-417-20230517,3,1355869,Crepis capillaris,61.608479
LISAH-BVD-0-428-20230517,1,1356286,Bromus hordeaceus,63.072487
LISAH-BVD-0-428-20230517,2,1361307,Hordeum murinum,62.592712
LISAH-BVD-0-428-20230517,3,1407739,Bromus catharticus,62.040180
LISAH-BVD-0-430-20230517,1,1356286,Bromus hordeaceus,64.196442
LISAH-BVD-0-430-20230517,2,1407739,Bromus catharticus,61.843357
LISAH-BVD-0-430-20230517,3,1364006,Convolvulus arvensis,60.901890
LISAH-BVD-0-431-20230517,1,1407739,Bromus catharticus,64.594604
LISAH-BVD-0-431-20230517,2,1359284,Lathyrus tuberosus,61.657249
LISAH-BVD-0-431-20230517,3,1363454,Aira praecox,61.639072
LISAH-BVD-0-432-20230517,1,1356286,Bromus hordeaceus,64.328194
LISAH-BVD-0-432-20230517,2,1357635,Helminthotheca echioides,62.423943
LISAH-BVD-0-432-20230517,3,1364006,Convolvulus arvensis,61.571045
LISAH-BVD-0-463-20230517,1,1364065,Veronica persica,61.216202
LISAH-BVD-0-463-20230517,2,1356066,Plantago lanceolata,58.718796
LISAH-BVD-0-463-20230517,3,1363740,Trifolium repens,58.320694
LISAH-BVD-0-465-20230517,1,1364065,Veronica persica,60.488213
LISAH-BVD-0-465-20230517,2,1363740,Trifolium repens,59.360924
LISAH-BVD-0-465-20230517,3,1363455,Poa annua,58.869297
LISAH-BVD-0-471-20230517,1,1356286,Bromus hordeaceus,64.014999
LISAH-BVD-0-471-20230517,2,1407739,Bromus catharticus,63.945629
LISAH-BVD-0-471-20230517,3,1364063,Veronica arvensis,59.493065
LISAH-BVD-0-54-20230510,1,1722501,Rumex spinosus,61.759991
LISAH-BVD-0-54-20230510,2,1356081,Rumex dentatus,61.042816
LISAH-BVD-0-54-20230510,3,1356314,Rumex pulcher,60.492126
LISAH-BVD-0-99-20230510,1,1363731,Medicago polymorpha,62.583359
LISAH-BVD-0-99-20230510,2,1356286,Bromus hordeaceus,62.322716
LISAH-BVD-0-99-20230510,3,1359333,Medicago arabica,62.090511
LISAH-JAS-0-1-20220505,1,1357526,Crepis bursifolia,64.328827
LISAH-JAS-0-1-20220505,2,1357546,Crepis sancta,63.134556
LISAH-JAS-0-1-20220505,3,1357549,Crepis vesicaria,61.897972
LISAH-JAS-0-11-20220505,1,1359519,Trifolium resupinatum,65.519745
LISAH-JAS-0-11-20220505,2,1363739,Trifolium nigrescens,62.353138
LISAH-JAS-0-11-20220505,3,1359530,Trifolium tomentosum,62.125660
LISAH-JAS-0-12-20220505,1,1359519,Trifolium resupinatum,67.031433
LISAH-JAS-0-12-20220505,2,1359860,Chaenorhinum minus,64.003456
LISAH-JAS-0-12-20220505,3,1425238,Medicago minima,62.250927
LISAH-JAS-0-13-20220505,1,1359519,Trifolium resupinatum,66.654343
LISAH-JAS-0-13-20220505,2,1393770,Medicago littoralis,65.385391
LISAH-JAS-0-13-20220505,3,1359530,Trifolium tomentosum,64.184647
LISAH-JAS-0-15-20220505,1,1362236,Fumaria parviflora,66.800743
LISAH-JAS-0-15-20220505,2,1359519,Trifolium resupinatum,66.555557
LISAH-JAS-0-15-20220505,3,1422217,Bromus madritensis,64.329636
LISAH-JAS-0-16-20220505,1,1359519,Trifolium resupinatum,67.314880
LISAH-JAS-0-16-20220505,2,1363878,Diplotaxis erucoides,64.879646
LISAH-JAS-0-16-20220505,3,1356278,Trifolium fragiferum,64.386200
LISAH-JAS-0-17-20220505,1,1393770,Medicago littoralis,64.672226
LISAH-JAS-0-17-20220505,2,1362236,Fumaria parviflora,64.338593
LISAH-JAS-0-17-20220505,3,1359802,Fumaria vaillantii,63.086365
LISAH-JAS-0-2-20220505,1,1363179,Chenopodium ficifolium,63.725151
LISAH-JAS-0-2-20220505,2,1356111,Lamium amplexicaule,63.391857
LISAH-JAS-0-2-20220505,3,1364065,Veronica persica,61.485699
LISAH-JAS-0-6-20220505,1,1359519,Trifolium resupinatum,66.719284
LISAH-JAS-0-6-20220505,2,1364138,Senecio vulgaris,63.626114
LISAH-JAS-0-6-20220505,3,1356084,Polygonum aviculare,62.943924
LISAH-JAS-0-7-20220505,1,1359519,Trifolium resupinatum,63.891998
LISAH-JAS-0-7-20220505,2,1364138,Senecio vulgaris,63.305721
LISAH-JAS-0-7-20220505,3,1356084,Polygonum aviculare,62.642799
LISAH-JAS-0-9-20220505,1,1359519,Trifolium resupinatum,65.968971
LISAH-JAS-0-9-20220505,2,1357546,Crepis sancta,64.994652
LISAH-JAS-0-9-20220505,3,1355869,Crepis capillaris,63.784981
LISAH-JAS-1-25-20220505,1,1363213,Torilis nodosa,63.167068
LISAH-JAS-1-25-20220505,2,1363460,Holcus lanatus,62.922600
LISAH-JAS-1-25-20220505,3,1414366,Bromus sterilis,59.864769
LISAH-JAS-1-27-20220505,1,1361307,Hordeum murinum,63.328415
LISAH-JAS-1-27-20220505,2,1422217,Bromus madritensis,62.937504
LISAH-JAS-1-27-20220505,3,1361117,Aegilops geniculata,62.539379
LISAH-JAS-1-28-20220505,1,1362898,Malva multiflora,62.315094
LISAH-JAS-1-28-20220505,2,1359639,Malva parviflora,61.638252
LISAH-JAS-1-28-20220505,3,1359636,Malva cretica,61.104286
LISAH-JAS-1-5-20220505,1,1357546,Crepis sancta,64.212662
LISAH-JAS-1-5-20220505,2,1356697,Cerastium glomeratum,61.962322
LISAH-JAS-1-5-20220505,3,1361307,Hordeum murinum,61.888420
LISAH-PEC-0-0-20220608,1,1394477,Petrorhagia nanteuilii,62.246826
LISAH-PEC-0-0-20220608,2,1742627,Cephalaria leucantha,61.733425
LISAH-PEC-0-0-20220608,3,1647175,Armeria sampaioi,61.281296
LISAH-PEC-0-1-20230411,1,1356013,Geranium rotundifolium,68.315170
LISAH-PEC-0-1-20230411,2,1364138,Senecio vulgaris,62.128616
LISAH-PEC-0-1-20230411,3,1550154,Erodium cazorlanum,61.925724
LISAH-PEC-0-10-20230405,1,1364138,Senecio vulgaris,62.740406
LISAH-PEC-0-10-20230405,2,1363878,Diplotaxis erucoides,62.175400
LISAH-PEC-0-10-20230405,3,1357635,Helminthotheca echioides,61.206676
LISAH-PEC-0-11-20230405,1,1364138,Senecio vulgaris,61.896114
LISAH-PEC-0-11-20230405,2,1357635,Helminthotheca echioides,61.263756
LISAH-PEC-0-11-20230405,3,1396208,Senecio vernalis,60.931488
LISAH-PEC-0-11-20230411,1,1356013,Geranium rotundifolium,65.490059
LISAH-PEC-0-11-20230411,2,1358426,Sisymbrella aspera,61.422913
LISAH-PEC-0-11-20230411,3,1357928,Taraxacum obovatum,61.386932
LISAH-PEC-0-12-20230411,1,1356013,Geranium rotundifolium,66.856873
LISAH-PEC-0-12-20230411,2,1355964,Euphorbia helioscopia,62.030266
LISAH-PEC-0-12-20230411,3,1364138,Senecio vulgaris,61.092880
LISAH-PEC-0-13-20230411,1,1356013,Geranium rotundifolium,66.603218
LISAH-PEC-0-13-20230411,2,1391148,Chloris truncata,62.826317
LISAH-PEC-0-13-20230411,3,1357157,Helianthemum salicifolium,61.165936
LISAH-PEC-0-13-20230413,1,1356013,Geranium rotundifolium,62.591953
LISAH-PEC-0-13-20230413,2,1363676,Vicia faba,61.173622
LISAH-PEC-0-13-20230413,3,1357514,Cladanthus mixtus,60.480675
LISAH-PEC-0-14-20230407,1,1738679,Trocdaris verticillatum,57.831486
LISAH-PEC-0-14-20230407,2,1361000,Asparagus acutifolius,57.449333
LISAH-PEC-0-14-20230407,3,1391368,Corylus avellana,57.339916
LISAH-PEC-0-15-20230407,1,1361000,Asparagus acutifolius,61.203133
LISAH-PEC-0-15-20230407,2,1391357,Coronilla scorpioides,56.043743
LISAH-PEC-0-15-20230407,3,1392168,Euphorbia insularis,55.915737
LISAH-PEC-0-17-20230413,1,1356587,Aristolochia paucinervis,62.179562
LISAH-PEC-0-17-20230413,2,1357742,Pallenis maritima,60.125957
LISAH-PEC-0-17-20230413,3,1470716,Aristolochia navicularis,59.129860
LISAH-PEC-0-18-20230411,1,1356013,Geranium rotundifolium,66.010735
LISAH-PEC-0-18-20230411,2,1355964,Euphorbia helioscopia,62.605927
LISAH-PEC-0-18-20230411,3,1550154,Erodium cazorlanum,60.507576
LISAH-PEC-0-19-20230413,1,1356013,Geranium rotundifolium,67.806007
LISAH-PEC-0-19-20230413,2,1363676,Vicia faba,62.393620
LISAH-PEC-0-19-20230413,3,1356008,Geranium molle,60.506329
LISAH-PEC-0-20-20230411,1,1356013,Geranium rotundifolium,66.598389
LISAH-PEC-0-20-20230411,2,1355964,Euphorbia helioscopia,62.396839
LISAH-PEC-0-20-20230411,3,1364138,Senecio vulgaris,62.072266
LISAH-PEC-0-4-20230407,1,1360433,Rubia peregrina,59.283146
LISAH-PEC-0-4-20230407,2,1358942,Stachys maritima,57.959541
LISAH-PEC-0-4-20230407,3,1358906,Sideritis hirsuta,56.130272
LISAH-PEC-0-4-20230411,1,1356013,Geranium rotundifolium,67.022171
LISAH-PEC-0-4-20230411,2,1550154,Erodium cazorlanum,62.546658
LISAH-PEC-0-4-20230411,3,1419102,Erodium corsicum,61.090508
LISAH-PEC-0-6-20220608,1,1357401,Centaurea aspera,67.908508
LISAH-PEC-0-6-20220608,2,1502684,Centaurea linifolia,64.714828
LISAH-PEC-0-6-20220608,3,1359530,Trifolium tomentosum,63.794876
LISAH-PEC-0-6-20230411,1,1356013,Geranium rotundifolium,67.292435
LISAH-PEC-0-6-20230411,2,1357635,Helminthotheca echioides,61.404533
LISAH-PEC-0-6-20230411,3,1550154,Erodium cazorlanum,60.262455
LISAH-PEC-0-8-20230405,1,1363878,Diplotaxis erucoides,63.679802
LISAH-PEC-0-8-20230405,2,1356013,Geranium rotundifolium,62.383423
LISAH-PEC-0-8-20230405,3,1743300,Sulla spinosissima,62.243603
LISAH-PEC-0-9-20230411,1,1356013,Geranium rotundifolium,67.258255
LISAH-PEC-0-9-20230411,2,1550154,Erodium cazorlanum,61.395485
LISAH-PEC-0-9-20230411,3,1392594,Geranium pusillum,61.254547
LISAH-PEC-0-9-20230413,1,1356013,Geranium rotundifolium,66.255119
LISAH-PEC-0-9-20230413,2,1357598,Galactites tomentosus,64.042999
LISAH-PEC-0-9-20230413,3,1363676,Vicia faba,61.916245
LISAH-PEC-1-13-20230405,1,1363878,Diplotaxis erucoides,65.706909
LISAH-PEC-1-13-20230405,2,1363791,Scorpiurus muricatus,63.448975
LISAH-PEC-1-13-20230405,3,1356013,Geranium rotundifolium,63.202927
LISAH-PEC-1-18-20230407,1,1363878,Diplotaxis erucoides,62.085590
LISAH-PEC-1-18-20230407,2,1355869,Crepis capillaris,61.379257
LISAH-PEC-1-18-20230407,3,1355994,Erodium cicutarium,59.791981
LISAH-PEC-2-0-20220609,1,1364151,Anacyclus clavatus,66.435905
LISAH-PEC-2-0-20220609,2,1356013,Geranium rotundifolium,64.954025
LISAH-PEC-2-0-20220609,3,1357227,Anthemis maritima,63.147137
LISAH-PEC-2-11-20220609,1,1356013,Geranium rotundifolium,65.022507
LISAH-PEC-2-11-20220609,2,1357351,Carduus pycnocephalus,64.266991
LISAH-PEC-2-11-20220609,3,1355881,Carduus tenuiflorus,62.278435
LISAH-PEC-2-17-20230407,1,1355995,Erodium moschatum,61.925552
LISAH-PEC-2-17-20230407,2,1363878,Diplotaxis erucoides,61.712357
LISAH-PEC-2-17-20230407,3,1390637,Calendula arvensis,61.189522
LISAH-PEC-2-2-20220609,1,1356013,Geranium rotundifolium,65.695168
LISAH-PEC-2-2-20220609,2,1356012,Geranium purpureum,61.104565
LISAH-PEC-2-2-20220609,3,1422217,Bromus madritensis,60.549232
LISAH-PEC-2-20-20230407,1,1356013,Geranium rotundifolium,66.684052
LISAH-PEC-2-20-20230407,2,1743300,Sulla spinosissima,62.857956
LISAH-PEC-2-20-20230407,3,1425224,Malvella sherardiana,61.845467
LISAH-PEC-2-4-20220609,1,1356013,Geranium rotundifolium,64.190262
LISAH-PEC-2-4-20220609,2,1392594,Geranium pusillum,62.462578
LISAH-PEC-2-4-20220609,3,1357351,Carduus pycnocephalus,62.312283
LISAH-PEC-2-5-20220609,1,1364151,Anacyclus clavatus,65.204796
LISAH-PEC-2-5-20220609,2,1357514,Cladanthus mixtus,64.169655
LISAH-PEC-2-5-20220609,3,1355881,Carduus tenuiflorus,63.153175
LISAH-PEC-2-5-20230407,1,1356013,Geranium rotundifolium,66.752045
LISAH-PEC-2-5-20230407,2,1363878,Diplotaxis erucoides,62.517094
LISAH-PEC-2-5-20230407,3,1550154,Erodium cazorlanum,61.066757
LISAH-PEC-2-6-20220609,1,1355881,Carduus tenuiflorus,64.100830
LISAH-PEC-2-6-20220609,2,1356013,Geranium rotundifolium,62.913635
LISAH-PEC-2-6-20220609,3,1361437,Taeniatherum caput-medusae,61.294922
LISAH-PEC-3-10-20230407,1,1363804,Lathyrus sativus,66.505547
LISAH-PEC-3-10-20230407,2,1363799,Lathyrus clymenum,62.793400
LISAH-PEC-3-10-20230407,3,1359265,Lathyrus amphicarpos,62.121346
LISAH-PEC-3-16-20230407,1,1363676,Vicia faba,64.555946
LISAH-PEC-3-16-20230407,2,1363804,Lathyrus sativus,62.751343
LISAH-PEC-3-16-20230407,3,1363878,Diplotaxis erucoides,62.365738
LISAH-PEC-3-20-20230407,1,1363676,Vicia faba,64.094994
LISAH-PEC-3-20-20230407,2,1356013,Geranium rotundifolium,60.262154
LISAH-PEC-3-20-20230407,3,1396879,Trigonella gladiata,60.205292
OPTMix-0108-P1-312-20231006,1,1392669,Gymnocarpium dryopteris,61.943794
OPTMix-0108-P1-312-20231006,2,1396752,Thelypteris palustris,57.698586
OPTMix-0108-P1-312-20231006,3,1722693,Polystichum setiferum,54.824890
OPTMix-0108-P1-422-20231006,1,1363593,Molinia caerulea,61.366737
OPTMix-0108-P1-422-20231006,2,1363933,Ehrharta erecta,58.733139
OPTMix-0108-P1-422-20231006,3,1359760,Chelidonium majus,58.024376
OPTMix-0108-P1-427-20231006,1,1391805,Dryopteris carthusiana,59.204792
OPTMix-0108-P1-427-20231006,2,1357413,Quercus robur,56.406609
OPTMix-0108-P1-427-20231006,3,1391809,Dryopteris dilatata,55.443565
OPTMix-0108-P1-533-20231006,1,1363593,Molinia caerulea,60.319103
OPTMix-0108-P1-533-20231006,2,1363447,Panicum repens,56.386269
OPTMix-0108-P1-533-20231006,3,1487694,Opuntia aurantiaca,55.885639
OPTMix-0108-P1-95-20231006,1,1396117,Scorzoneroides autumnalis,53.787212
OPTMix-0108-P1-95-20231006,2,1357687,Launaea lanifera,50.817871
OPTMix-0108-P1-95-20231006,3,1382101,Allium fistulosum,50.599384
OPTMix-012-P1-143-20231201,1,1391809,Dryopteris dilatata,57.603775
OPTMix-012-P1-143-20231201,2,1395026,Quercus pubescens,57.342026
OPTMix-012-P1-143-20231201,3,1362024,Hypericum triquetrifolium,55.950462
OPTMix-012-P1-208-20231201,1,1359973,Plantago subulata,57.643032
OPTMix-012-P1-208-20231201,2,1419076,Quercus petraea,57.099358
OPTMix-012-P1-208-20231201,3,1358612,Quercus canariensis,56.039047
OPTMix-012-P2-192-20231201,1,1738583,Hedera algeriensis,60.011272
OPTMix-012-P2-192-20231201,2,1392697,Hedera colchica,59.672829
OPTMix-012-P2-192-20231201,3,1419076,Quercus petraea,58.447140
OPTMix-012-P2-207-20231201,1,1400017,Armeria linkiana,60.049461
OPTMix-012-P2-207-20231201,2,1360945,Allium vineale,58.902672
OPTMix-012-P2-207-20231201,3,1398644,Psilotum nudum,58.511837
OPTMix-012-P2-240-20231201,1,1391336,Convallaria majalis,57.133652
OPTMix-012-P2-240-20231201,2,1393317,Isolepis fluitans,57.036961
OPTMix-012-P2-240-20231201,3,1359973,Plantago subulata,56.886425
OPTMix-012-P3-190-20231201,1,1393215,Hottonia palustris,60.984982
OPTMix-012-P3-190-20231201,2,1392778,Hippuris vulgaris,60.671772
OPTMix-012-P3-190-20231201,3,1400084,Avenella flexuosa,59.896606
OPTMix-012-P3-218-20231201,1,1400084,Avenella flexuosa,59.813560
OPTMix-012-P3-218-20231201,2,1419076,Quercus petraea,59.251625
OPTMix-012-P3-218-20231201,3,1362023,Festuca filiformis,57.032867
OPTMix-012-P3-220-20231201,1,1361092,Eleocharis multicaulis,56.512501
OPTMix-012-P3-220-20231201,2,1363267,Asparagus setaceus,55.871758
OPTMix-012-P3-220-20231201,3,1360945,Allium vineale,55.827816
OPTMix-0178-P1-1060-20231006,1,1356382,Dryopteris filix-mas,60.352051
OPTMix-0178-P1-1060-20231006,2,1394044,Onoclea sensibilis,58.118237
OPTMix-0178-P1-1060-20231006,3,1363575,Hedera helix,56.408287
OPTMix-0178-P1-1061-20231006,1,1396168,Selaginella kraussiana,53.601910
OPTMix-0178-P1-1061-20231006,2,1357413,Quercus robur,52.612801
OPTMix-0178-P1-1061-20231006,3,1397406,Huperzia selago,51.854897
OPTMix-0178-P1-552-20231006,1,1356382,Dryopteris filix-mas,57.831684
OPTMix-0178-P1-552-20231006,2,1356404,Pteridium aquilinum,57.182163
OPTMix-0178-P1-552-20231006,3,1391809,Dryopteris dilatata,57.028954
OPTMix-0178-P1-661-20231006,1,1356404,Pteridium aquilinum,60.653534
OPTMix-0178-P1-661-20231006,2,1356382,Dryopteris filix-mas,60.179512
OPTMix-0178-P1-661-20231006,3,1394044,Onoclea sensibilis,59.049564
OPTMix-0178-P1-663-20231006,1,1358612,Quercus canariensis,56.998413
OPTMix-0178-P1-663-20231006,2,1743914,Quercus estremadurensis,54.494167
OPTMix-0178-P1-663-20231006,3,1419076,Quercus petraea,54.414139
OPTMix-0178-P1-669-20231006,1,1419076,Quercus petraea,56.394371
OPTMix-0178-P1-669-20231006,2,1400084,Avenella flexuosa,55.504303
OPTMix-0178-P1-669-20231006,3,1395026,Quercus pubescens,55.221870
OPTMix-0200-11006-20231009,1,1391809,Dryopteris dilatata,57.742428
OPTMix-0200-11006-20231009,2,1548153,Quercus cerrioides,56.646912
OPTMix-0200-11006-20231009,3,1356404,Pteridium aquilinum,56.157753
OPTMix-0200-P2-53-20231009,1,1358504,Erica australis,62.697754
OPTMix-0200-P2-53-20231009,2,1359460,Stauracanthus boivinii,61.698589
OPTMix-0200-P2-53-20231009,3,1358503,Erica arborea,61.618919
OPTMix-0200-P2-54-20231009,1,1361316,Leersia oryzoides,57.066589
OPTMix-0200-P2-54-20231009,2,1361074,Carex paniculata,56.385033
OPTMix-0200-P2-54-20231009,3,1650228,Elymus athericus,56.098595
OPTMix-0200-P2-68-20231009,1,1358501,Calluna vulgaris,61.993668
OPTMix-0200-P2-68-20231009,2,1357274,Artemisia barrelieri,60.207993
OPTMix-0200-P2-68-20231009,3,1392745,Helosciadium inundatum,59.006466
OPTMix-0200-P3-108-20231009,1,1723119,Furcraea selloana,59.299053
OPTMix-0200-P3-108-20231009,2,1356404,Pteridium aquilinum,58.622154
OPTMix-0200-P3-108-20231009,3,1392524,Genista sagittalis,57.765938
OPTMix-0200-P3-127-20231009,1,1356404,Pteridium aquilinum,58.754066
OPTMix-0200-P3-127-20231009,2,1668635,Rubus castellarnaui,58.397827
OPTMix-0200-P3-127-20231009,3,1395476,Rubus foliosus,57.628830
OPTMix-0200-P3-139-20231009,1,1722433,Calamagrostis arenaria,57.315399
OPTMix-0200-P3-139-20231009,2,1492665,Dianthus laricifolius,56.934750
OPTMix-0200-P3-139-20231009,3,1493092,Herniaria lusitanica,56.300766
OPTMix-0214-P1-207-20231010,1,1741608,Achnatherum virescens,56.855789
OPTMix-0214-P1-207-20231010,2,1392309,Festuca heterophylla,55.894127
OPTMix-0214-P1-207-20231010,3,1394479,Petrorhagia saxifraga,55.112648
OPTMix-0214-P1-208-20231010,1,1400084,Avenella flexuosa,58.781921
OPTMix-0214-P1-208-20231010,2,1362023,Festuca filiformis,57.310478
OPTMix-0214-P1-208-20231010,3,1651162,Festuca guestfalica,56.806129
OPTMix-0214-P1-235-20231010,1,1358612,Quercus canariensis,56.143192
OPTMix-0214-P1-235-20231010,2,1358615,Quercus lusitanica,54.587994
OPTMix-0214-P1-235-20231010,3,1358614,Quercus faginea,53.754852
OPTMix-0214-P2-22-20231010,1,1358501,Calluna vulgaris,61.601349
OPTMix-0214-P2-22-20231010,2,1400034,Pulicaria paludosa,60.672935
OPTMix-0214-P2-22-20231010,3,1578171,Genista tridentata,58.973587
OPTMix-0214-P2-64-20231010,1,1358501,Calluna vulgaris,62.243721
OPTMix-0214-P2-64-20231010,2,1359740,Pedicularis sylvatica,61.101952
OPTMix-0214-P2-64-20231010,3,1356442,Selaginella denticulata,59.623516
OPTMix-0214-P2-84-20231010,1,1393419,Lagarosiphon major,59.538948
OPTMix-0214-P2-84-20231010,2,1358612,Quercus canariensis,58.905750
OPTMix-0214-P2-84-20231010,3,1419076,Quercus petraea,58.519798
OPTMix-0214-P3-186-20231010,1,1398783,Satureja intricata,56.017876
OPTMix-0214-P3-186-20231010,2,1390778,Carex brizoides,54.687813
OPTMix-0214-P3-186-20231010,3,1390756,Carex alba,54.353745
OPTMix-0214-P3-196-20231010,1,1419076,Quercus petraea,59.307865
OPTMix-0214-P3-196-20231010,2,1395026,Quercus pubescens,58.673134
OPTMix-0214-P3-196-20231010,3,1357413,Quercus robur,57.522087
OPTMix-0214-P3-278-20231010,1,1390761,Carex arenaria,58.436069
OPTMix-0214-P3-278-20231010,2,1390887,Carex pilosa,57.633480
OPTMix-0214-P3-278-20231010,3,1392059,Eriophorum angustifolium,55.777836
OPTMix-0216-P4-208-20231009,1,1358501,Calluna vulgaris,61.952217
OPTMix-0216-P4-208-20231009,2,1362309,Genista anglica,58.424992
OPTMix-0216-P4-208-20231009,3,1358357,Lepidium ruderale,58.084614
OPTMix-0255-11233-20231009,1,1363409,Themeda triandra,55.346676
OPTMix-0255-11233-20231009,2,1363401,Imperata cylindrica,53.639137
OPTMix-0255-11233-20231009,3,1391148,Chloris truncata,53.148155
OPTMix-0255-11372-20231009,1,1363593,Molinia caerulea,60.733685
OPTMix-0255-11372-20231009,2,1395026,Quercus pubescens,58.363861
OPTMix-0255-11372-20231009,3,1361598,Luzula pilosa,57.978073
OPTMix-0255-11382-20231009,1,1411890,Elymus repens,54.313602
OPTMix-0255-11382-20231009,2,1388809,Brachypodium pinnatum,54.246952
OPTMix-0255-11382-20231009,3,1363336,Smilax aspera,54.000435
OPTMix-033-P3-107-20231201,1,1356428,Osmunda regalis,61.640903
OPTMix-033-P3-107-20231201,2,1356404,Pteridium aquilinum,60.805275
OPTMix-033-P3-107-20231201,3,1396752,Thelypteris palustris,59.532921
OPTMix-0333-P1-107-20231212,1,1356404,Pteridium aquilinum,60.008675
OPTMix-0333-P1-107-20231212,2,1391809,Dryopteris dilatata,54.945885
OPTMix-0333-P1-107-20231212,3,1356382,Dryopteris filix-mas,53.358250
OPTMix-0333-P1-112-20231212,1,1356404,Pteridium aquilinum,59.223007
OPTMix-0333-P1-112-20231212,2,1399423,Teucrium subspinosum,58.814491
OPTMix-0333-P1-112-20231212,3,1737658,Dryopteris cambrensis,58.036133
OPTMix-0333-P2-108-20231212,1,1356404,Pteridium aquilinum,58.555367
OPTMix-0333-P2-108-20231212,2,1356382,Dryopteris filix-mas,54.722088
OPTMix-0333-P2-108-20231212,3,1356373,Blechnum spicant,53.287498
OPTMix-0333-P2-112-20231212,1,1577392,Echinospartum boissieri,55.544724
OPTMix-0333-P2-112-20231212,2,1360701,Echinophora spinosa,55.346931
OPTMix-0333-P2-112-20231212,3,1356404,Pteridium aquilinum,54.629276
OPTMix-0333-P2-115-20231212,1,1356404,Pteridium aquilinum,59.096329
OPTMix-0333-P2-115-20231212,2,1361703,Posidonia oceanica,55.187027
OPTMix-0333-P2-115-20231212,3,1356382,Dryopteris filix-mas,54.678841
OPTMix-0333-P3-100-20231201,1,1356404,Pteridium aquilinum,53.450687
OPTMix-0333-P3-100-20231201,2,1392528,Allium carinatum,51.512398
OPTMix-0333-P3-100-20231201,3,1722693,Polystichum setiferum,51.371300
OPTMix-0333-P3-76-20231201,1,1356404,Pteridium aquilinum,60.796104
OPTMix-0333-P3-76-20231201,2,1363593,Molinia caerulea,59.116993
OPTMix-0333-P3-76-20231201,3,1360297,Filipendula vulgaris,58.718826
OPTMix-057-P1-1699-20231010,1,1358615,Quercus lusitanica,56.185566
OPTMix-057-P1-1699-20231010,2,1356345,Asplenium ceterach,55.903728
OPTMix-057-P1-1699-20231010,3,1548153,Quercus cerrioides,55.818279
OPTMix-057-P1-1901-20231010,1,1401438,Thelypteris dentata,54.104431
OPTMix-057-P1-1901-20231010,2,1362038,Jacobaea maritima,53.641411
OPTMix-057-P1-1901-20231010,3,1737658,Dryopteris cambrensis,52.583542
OPTMix-057-P1-1902-20231010,1,1391805,Dryopteris carthusiana,56.982231
OPTMix-057-P1-1902-20231010,2,1392669,Gymnocarpium dryopteris,55.438652
OPTMix-057-P1-1902-20231010,3,1356382,Dryopteris filix-mas,54.310543
OPTMix-057-P1-1913-20231010,1,1356404,Pteridium aquilinum,60.381241
OPTMix-057-P1-1913-20231010,2,1362038,Jacobaea maritima,57.856739
OPTMix-057-P1-1913-20231010,3,1548153,Quercus cerrioides,56.240654
OPTMix-057-P1-1917-20231010,1,1394044,Onoclea sensibilis,61.564560
OPTMix-057-P1-1917-20231010,2,1356387,Polystichum aculeatum,61.068321
OPTMix-057-P1-1917-20231010,3,1396752,Thelypteris palustris,60.683788
OPTMix-0593-P1-129-20231205,1,1389018,Brachypodium sylvaticum,55.029610
OPTMix-0593-P1-129-20231205,2,1359973,Plantago subulata,52.384014
OPTMix-0593-P1-129-20231205,3,1389817,Achnatherum bromoides,52.263783
OPTMix-0593-P1-134-20231205,1,1359973,Plantago subulata,60.039295
OPTMix-0593-P1-134-20231205,2,1358612,Quercus canariensis,55.769577
OPTMix-0593-P1-134-20231205,3,1419076,Quercus petraea,55.295113
OPTMix-0593-P1-86-20231205,1,1360945,Allium vineale,50.819885
OPTMix-0593-P1-86-20231205,2,1362023,Festuca filiformis,50.722775
OPTMix-0593-P1-86-20231205,3,1400084,Avenella flexuosa,50.268265
OPTMix-0593-P2-180-20231205,1,1651162,Festuca guestfalica,55.769146
OPTMix-0593-P2-180-20231205,2,1399148,Cymbalaria muelleri,55.705063
OPTMix-0593-P2-180-20231205,3,1358095,Sedum album,55.051025
OPTMix-0593-P2-84-20231205,1,1356576,Ilex aquifolium,57.823116
OPTMix-0593-P2-84-20231205,2,1419076,Quercus petraea,56.433884
OPTMix-0593-P2-84-20231205,3,1357413,Quercus robur,55.801468
OPTMix-0593-P2-92-20231205,1,1362023,Festuca filiformis,57.432594
OPTMix-0593-P2-92-20231205,2,1738640,Alpagrostis setacea,56.248753
OPTMix-0593-P2-92-20231205,3,1400084,Avenella flexuosa,55.860531
OPTMix-0593-P3-130-20231205,1,1400084,Avenella flexuosa,61.071220
OPTMix-0593-P3-130-20231205,2,1358614,Quercus faginea,58.502548
OPTMix-0593-P3-130-20231205,3,1362023,Festuca filiformis,57.000069
OPTMix-0593-P3-146-20231205,1,1400084,Avenella flexuosa,59.553421
OPTMix-0593-P3-146-20231205,2,1391809,Dryopteris dilatata,57.286587
OPTMix-0593-P3-146-20231205,3,1392309,Festuca heterophylla,56.568996
OPTMix-0593-P3-87-20231205,1,1359973,Plantago subulata,59.020046
OPTMix-0593-P3-87-20231205,2,1357413,Quercus robur,56.848660
OPTMix-0593-P3-87-20231205,3,1390761,Carex arenaria,55.978504
OPTMix-0598-P1-118-20231205,1,1393522,Leymus arenarius,54.644096
OPTMix-0598-P1-118-20231205,2,1363337,Typha domingensis,53.004238
OPTMix-0598-P1-118-20231205,3,1361081,Carex riparia,52.470051
OPTMix-0598-P1-132-20231205,1,1743914,Quercus estremadurensis,60.816425
OPTMix-0598-P1-132-20231205,2,1359973,Plantago subulata,59.696304
OPTMix-0598-P1-132-20231205,3,1395026,Quercus pubescens,59.258087
OPTMix-0598-P1-133-20231205,1,1395026,Quercus pubescens,57.342545
OPTMix-0598-P1-133-20231205,2,1419076,Quercus petraea,56.972473
OPTMix-0598-P1-133-20231205,3,1357413,Quercus robur,56.161922
OPTMix-0598-P1-149-20231205,1,1398644,Psilotum nudum,51.426788
OPTMix-0598-P1-149-20231205,2,1361820,Eucalyptus tereticornis,50.942688
OPTMix-0598-P1-149-20231205,3,1356398,Equisetum telmateia,50.936863
OPTMix-0598-P1-197-20231205,1,1358501,Calluna vulgaris,61.385719
OPTMix-0598-P1-197-20231205,2,1356442,Selaginella denticulata,59.901550
OPTMix-0598-P1-197-20231205,3,1391809,Dryopteris dilatata,58.880280
OPTMix-0598-P1-198-20231205,1,1361245,Eleusine indica,52.316242
OPTMix-0598-P1-198-20231205,2,1388770,Brachypodium distachyon,51.766441
OPTMix-0598-P1-198-20231205,3,1388990,Brachypodium retusum,51.101791
OPTMix-0598-P2-102-20231205,1,1361306,Hordeum marinum,47.660194
OPTMix-0598-P2-102-20231205,2,1390966,Catapodium marinum,47.060959
OPTMix-0598-P2-102-20231205,3,1363534,Ehrharta calycina,46.922611
OPTMix-0598-P2-139-20231207,1,1356404,Pteridium aquilinum,60.143387
OPTMix-0598-P2-139-20231207,2,1391418,Cotoneaster salicifolius,58.287498
OPTMix-0598-P2-139-20231207,3,1356364,Athyrium filix-femina,57.515190
OPTMix-0598-P2-86-20231207,1,1356790,Lonicera periclymenum,63.501022
OPTMix-0598-P2-86-20231207,2,1356404,Pteridium aquilinum,60.775349
OPTMix-0598-P2-86-20231207,3,1392655,Goodyera repens,58.086700
OPTMix-0598-P2-99-20231205,1,1356790,Lonicera periclymenum,60.447247
OPTMix-0598-P2-99-20231205,2,1356404,Pteridium aquilinum,57.630707
OPTMix-0598-P2-99-20231205,3,1358612,Quercus canariensis,55.171597
OPTMix-0598-P4-104-20231207,1,1358501,Calluna vulgaris,61.314503
OPTMix-0598-P4-104-20231207,2,1356442,Selaginella denticulata,61.171196
OPTMix-0598-P4-104-20231207,3,1396168,Selaginella kraussiana,58.889797
OPTMix-0598-P4-108-20231207,1,1358226,Crambe filiformis,56.404797
OPTMix-0598-P4-108-20231207,2,1395476,Rubus foliosus,56.092026
OPTMix-0598-P4-108-20231207,3,1360985,Arisarum simorrhinum,56.029621
OPTMix-0598-P4-128-20231207,1,1357413,Quercus robur,56.511875
OPTMix-0598-P4-128-20231207,2,1419076,Quercus petraea,56.201672
OPTMix-0598-P4-128-20231207,3,1391809,Dryopteris dilatata,55.324028
OPTMix-083-P3-139-20231110,1,1356404,Pteridium aquilinum,60.319382
OPTMix-083-P3-139-20231110,2,1722693,Polystichum setiferum,58.081467
OPTMix-083-P3-139-20231110,3,1356382,Dryopteris filix-mas,56.408520
OPTMix-083-P3-186-20231110,1,1356404,Pteridium aquilinum,60.882462
OPTMix-083-P3-186-20231110,2,1396752,Thelypteris palustris,58.749062
OPTMix-083-P3-186-20231110,3,1356382,Dryopteris filix-mas,57.028885
OPTMix-083-P3-96-20231110,1,1361598,Luzula pilosa,59.929039
OPTMix-083-P3-96-20231110,2,1741452,Senecio gallicus,58.340828
OPTMix-083-P3-96-20231110,3,1358501,Calluna vulgaris,56.835842
OPTMix-108-P1-000-20231006,1,1358612,Quercus canariensis,54.651699
OPTMix-108-P1-000-20231006,2,1358614,Quercus faginea,51.792412
OPTMix-108-P1-000-20231006,3,1548153,Quercus cerrioides,51.611244
RNNB-1-1-20230512,1,1363540,Sphenopus divaricatus,64.242065
RNNB-1-1-20230512,2,1722522,Salicornia fruticosa,63.860607
RNNB-1-1-20230512,3,1722521,Salicornia perennis,63.499077
RNNB-1-1-20240117,1,1722433,Calamagrostis arenaria,60.537262
RNNB-1-1-20240117,2,1655422,Stipa iberica,58.554417
RNNB-1-1-20240117,3,1388770,Brachypodium distachyon,57.945190
RNNB-1-10-20230512,1,1722625,Arthrocaulon macrostachyum,66.378334
RNNB-1-10-20230512,2,1452062,Suaeda vermiculata,64.660507
RNNB-1-10-20230512,3,1738887,Salicornia marshallii,63.466587
RNNB-1-10-20240117,1,1722433,Calamagrostis arenaria,61.875458
RNNB-1-10-20240117,2,1393522,Leymus arenarius,60.316280
RNNB-1-10-20240117,3,1392819,Allium strictum,59.513313
RNNB-1-2-20230512,1,1738887,Salicornia marshallii,63.937790
RNNB-1-2-20230512,2,1722521,Salicornia perennis,63.894722
RNNB-1-2-20230512,3,1722522,Salicornia fruticosa,62.829987
RNNB-1-2-20240117,1,1391491,Cutandia maritima,56.391567
RNNB-1-2-20240117,2,1394414,Parapholis incurva,55.527340
RNNB-1-2-20240117,3,1361412,Sporobolus pungens,54.397533
RNNB-1-3-20230512,1,1738887,Salicornia marshallii,65.706795
RNNB-1-3-20230512,2,1722625,Arthrocaulon macrostachyum,64.060463
RNNB-1-3-20230512,3,1722521,Salicornia perennis,63.558037
RNNB-1-3-20240117,1,1363302,Cyperus capitatus,54.502163
RNNB-1-3-20240117,2,1722441,Thinopyrum junceum,53.814541
RNNB-1-3-20240117,3,1361412,Sporobolus pungens,52.185524
RNNB-1-4-20230512,1,1722625,Arthrocaulon macrostachyum,64.742584
RNNB-1-4-20230512,2,1738887,Salicornia marshallii,63.976875
RNNB-1-4-20230512,3,1722521,Salicornia perennis,63.473236
RNNB-1-4-20240117,1,1357227,Anthemis maritima,63.880013
RNNB-1-4-20240117,2,1357236,Anthemis secundiramea,61.137680
RNNB-1-4-20240117,3,1363892,Lepidium didymum,60.627914
RNNB-1-5-20230512,1,1722625,Arthrocaulon macrostachyum,64.577477
RNNB-1-5-20230512,2,1738887,Salicornia marshallii,63.777267
RNNB-1-5-20230512,3,1722522,Salicornia fruticosa,62.962189
RNNB-1-5-20240117,1,1722433,Calamagrostis arenaria,61.153847
RNNB-1-5-20240117,2,1363302,Cyperus capitatus,58.621498
RNNB-1-5-20240117,3,1390761,Carex arenaria,57.345955
RNNB-1-6-20230512,1,1722522,Salicornia fruticosa,63.670425
RNNB-1-6-20230512,2,1722625,Arthrocaulon macrostachyum,63.544815
RNNB-1-6-20230512,3,1397505,Suaeda vera,63.071358
RNNB-1-6-20240117,1,1722433,Calamagrostis arenaria,63.267513
RNNB-1-6-20240117,2,1731667,Sporobolus montevidensis,58.929691
RNNB-1-6-20240117,3,1390761,Carex arenaria,58.648380
RNNB-1-7-20230512,1,1722625,Arthrocaulon macrostachyum,65.370277
RNNB-1-7-20230512,2,1738887,Salicornia marshallii,63.779606
RNNB-1-7-20230512,3,1722522,Salicornia fruticosa,63.583519
RNNB-1-7-20240117,1,1393522,Leymus arenarius,61.894321
RNNB-1-7-20240117,2,1722433,Calamagrostis arenaria,60.980545
RNNB-1-7-20240117,3,1731667,Sporobolus montevidensis,58.814934
RNNB-1-8-20230512,1,1722625,Arthrocaulon macrostachyum,64.939919
RNNB-1-8-20230512,2,1738887,Salicornia marshallii,63.089840
RNNB-1-8-20230512,3,1722521,Salicornia perennis,62.793026
RNNB-1-8-20240117,1,1738610,Festuca fasciculata,61.941879
RNNB-1-8-20240117,2,1722437,Festuca membranacea,58.777161
RNNB-1-8-20240117,3,1722434,Festuca alopecuros,58.395794
RNNB-1-9-20230512,1,1722625,Arthrocaulon macrostachyum,66.349243
RNNB-1-9-20230512,2,1738887,Salicornia marshallii,65.065979
RNNB-1-9-20230512,3,1722521,Salicornia perennis,62.837578
RNNB-1-9-20240117,1,1722433,Calamagrostis arenaria,60.067520
RNNB-1-9-20240117,2,1357023,Silene nicaeensis,56.034138
RNNB-1-9-20240117,3,1722434,Festuca alopecuros,55.134155
RNNB-2-1-20230512,1,1722625,Arthrocaulon macrostachyum,64.575035
RNNB-2-1-20230512,2,1722522,Salicornia fruticosa,64.036484
RNNB-2-1-20230512,3,1738887,Salicornia marshallii,63.714828
RNNB-2-1-20240117,1,1357227,Anthemis maritima,70.509506
RNNB-2-1-20240117,2,1357236,Anthemis secundiramea,64.539497
RNNB-2-1-20240117,3,1408638,Argyranthemum frutescens,61.780067
RNNB-2-10-20230512,1,1360006,Limoniastrum monopetalum,62.749229
RNNB-2-10-20230512,2,1393568,Limonium obtusifolium,60.982834
RNNB-2-10-20230512,3,1357742,Pallenis maritima,60.714497
RNNB-2-10-20240117,1,1357227,Anthemis maritima,69.383553
RNNB-2-10-20240117,2,1357236,Anthemis secundiramea,63.199928
RNNB-2-10-20240117,3,1722578,Daucus pumilus,62.346489
RNNB-2-2-20230512,1,1360006,Limoniastrum monopetalum,63.965546
RNNB-2-2-20230512,2,1722522,Salicornia fruticosa,63.810669
RNNB-2-2-20230512,3,1722625,Arthrocaulon macrostachyum,63.769226
RNNB-2-2-20240117,1,1357227,Anthemis maritima,70.823143
RNNB-2-2-20240117,2,1359344,Medicago marina,65.985840
RNNB-2-2-20240117,3,1357236,Anthemis secundiramea,64.806526
RNNB-2-3-20230512,1,1360006,Limoniastrum monopetalum,62.740234
RNNB-2-3-20230512,2,1355989,Andrachne telephioides,59.492043
RNNB-2-3-20230512,3,1393574,Limonium tarcoense,59.383102
RNNB-2-3-20240117,1,1357227,Anthemis maritima,69.060135
RNNB-2-3-20240117,2,1357236,Anthemis secundiramea,63.372398
RNNB-2-3-20240117,3,1357192,Anacyclus homogamos,62.419163
RNNB-2-4-20230512,1,1360006,Limoniastrum monopetalum,64.699234
RNNB-2-4-20230512,2,1360676,Crithmum maritimum,62.534615
RNNB-2-4-20230512,3,1359873,Globularia alypum,59.692284
RNNB-2-4-20240117,1,1357227,Anthemis maritima,67.928810
RNNB-2-4-20240117,2,1357236,Anthemis secundiramea,62.016632
RNNB-2-4-20240117,3,1400016,Glebionis coronaria,61.400063
RNNB-2-5-20230512,1,1360006,Limoniastrum monopetalum,63.110722
RNNB-2-5-20230512,2,1389328,Malephora crocea,60.943527
RNNB-2-5-20230512,3,1743275,Limonium ebusitanum,59.322693
RNNB-2-5-20240117,1,1357227,Anthemis maritima,67.835770
RNNB-2-5-20240117,2,1359344,Medicago marina,65.394775
RNNB-2-5-20240117,3,1357742,Pallenis maritima,62.918163
RNNB-2-6-20230512,1,1360006,Limoniastrum monopetalum,62.363682
RNNB-2-6-20230512,2,1357742,Pallenis maritima,61.312363
RNNB-2-6-20230512,3,1393568,Limonium obtusifolium,61.199837
RNNB-2-6-20240117,1,1357227,Anthemis maritima,69.638367
RNNB-2-6-20240117,2,1357236,Anthemis secundiramea,66.594032
RNNB-2-6-20240117,3,1359344,Medicago marina,65.542450
RNNB-2-7-20230512,1,1360006,Limoniastrum monopetalum,64.990082
RNNB-2-7-20230512,2,1360036,Limonium emarginatum,62.677567
RNNB-2-7-20230512,3,1356284,Atriplex halimus,61.249847
RNNB-2-7-20240117,1,1357227,Anthemis maritima,66.372742
RNNB-2-7-20240117,2,1357236,Anthemis secundiramea,61.014984
RNNB-2-7-20240117,3,1393494,Leucanthemopsis alpina,60.944206
RNNB-2-8-20230512,1,1360006,Limoniastrum monopetalum,64.135681
RNNB-2-8-20230512,2,1389328,Malephora crocea,62.485146
RNNB-2-8-20230512,3,1356284,Atriplex halimus,61.268448
RNNB-2-8-20240117,1,1360701,Echinophora spinosa,69.702316
RNNB-2-8-20240117,2,1359344,Medicago marina,64.199875
RNNB-2-8-20240117,3,1722578,Daucus pumilus,62.851353
RNNB-2-9-20230512,1,1360006,Limoniastrum monopetalum,64.462112
RNNB-2-9-20230512,2,1357742,Pallenis maritima,61.666603
RNNB-2-9-20230512,3,1393568,Limonium obtusifolium,59.990753
RNNB-2-9-20240117,1,1357227,Anthemis maritima,68.653534
RNNB-2-9-20240117,2,1357236,Anthemis secundiramea,62.516735
RNNB-2-9-20240117,3,1722671,Cotula australis,62.030182
RNNB-3-1-20230512,1,1426088,Aetheorhiza bulbosa,60.688896
RNNB-3-1-20230512,2,1363543,Stenotaphrum secundatum,59.438316
RNNB-3-1-20230512,3,1360026,Limonium cossonianum,58.824627
RNNB-3-1-20240117,1,1359344,Medicago marina,65.574539
RNNB-3-1-20240117,2,1738652,Matthiola sinuata,61.017155
RNNB-3-1-20240117,3,1363852,Echium arenarium,60.401093
RNNB-3-10-20230512,1,1393522,Leymus arenarius,64.547295
RNNB-3-10-20230512,2,1650228,Elymus athericus,62.138130
RNNB-3-10-20230512,3,1722433,Calamagrostis arenaria,59.615265
RNNB-3-10-20240117,1,1738652,Matthiola sinuata,62.129566
RNNB-3-10-20240117,2,1360381,Crucianella maritima,62.063812
RNNB-3-10-20240117,3,1357049,Silene succulenta,60.091278
RNNB-3-11-20230512,1,1393522,Leymus arenarius,62.668350
RNNB-3-11-20230512,2,1650228,Elymus athericus,60.004902
RNNB-3-11-20230512,3,1722433,Calamagrostis arenaria,59.313694
RNNB-3-12-20230512,1,1393522,Leymus arenarius,64.534409
RNNB-3-12-20230512,2,1650228,Elymus athericus,63.592506
RNNB-3-12-20230512,3,1722433,Calamagrostis arenaria,60.537819
RNNB-3-2-20230512,1,1360039,Limonium gougetianum,61.580879
RNNB-3-2-20230512,2,1360034,Limonium duriusculum,61.534016
RNNB-3-2-20230512,3,1360006,Limoniastrum monopetalum,60.879906
RNNB-3-2-20240117,1,1359344,Medicago marina,63.319847
RNNB-3-2-20240117,2,1363302,Cyperus capitatus,59.855293
RNNB-3-2-20240117,3,1722578,Daucus pumilus,59.698784
RNNB-3-3-20240117,1,1359344,Medicago marina,65.858597
RNNB-3-3-20240117,2,1363302,Cyperus capitatus,62.251129
RNNB-3-3-20240117,3,1363733,Medicago arborea,59.158730
RNNB-3-4-20230512,1,1391596,Dactylorhiza majalis,61.588699
RNNB-3-4-20230512,2,1360006,Limoniastrum monopetalum,59.620369
RNNB-3-4-20230512,3,1426004,Atriplex portulacoides,58.939083
RNNB-3-4-20240117,1,1359344,Medicago marina,64.887871
RNNB-3-4-20240117,2,1744033,Centaurea cordubensis,63.183720
RNNB-3-4-20240117,3,1357742,Pallenis maritima,62.928871
RNNB-3-5-20230512,1,1650228,Elymus athericus,60.801857
RNNB-3-5-20230512,2,1722433,Calamagrostis arenaria,60.418053
RNNB-3-5-20230512,3,1361053,Carex extensa,59.239071
RNNB-3-5-20240117,1,1738652,Matthiola sinuata,61.821732
RNNB-3-5-20240117,2,1356083,Rumex roseus,61.644268
RNNB-3-5-20240117,3,1722501,Rumex spinosus,61.157867
RNNB-3-6-20230512,1,1393522,Leymus arenarius,61.885223
RNNB-3-6-20230512,2,1650228,Elymus athericus,61.731163
RNNB-3-6-20230512,3,1722433,Calamagrostis arenaria,61.485485
RNNB-3-6-20240117,1,1355977,Euphorbia paralias,63.966030
RNNB-3-6-20240117,2,1742109,Petrosedum sediforme,61.934216
RNNB-3-6-20240117,3,1357742,Pallenis maritima,61.293144
RNNB-3-7-20230512,1,1393522,Leymus arenarius,63.111134
RNNB-3-7-20230512,2,1731667,Sporobolus montevidensis,61.779404
RNNB-3-7-20230512,3,1650228,Elymus athericus,61.258522
RNNB-3-7-20240117,1,1359344,Medicago marina,65.567322
RNNB-3-7-20240117,2,1360978,Pancratium maritimum,63.999538
RNNB-3-7-20240117,3,1355977,Euphorbia paralias,62.710678
RNNB-3-8-20230512,1,1393522,Leymus arenarius,65.744743
RNNB-3-8-20230512,2,1650228,Elymus athericus,62.423054
RNNB-3-8-20230512,3,1722433,Calamagrostis arenaria,61.239151
RNNB-3-8-20240117,1,1359344,Medicago marina,63.256615
RNNB-3-8-20240117,2,1357049,Silene succulenta,59.281803
RNNB-3-8-20240117,3,1356325,Ononis tournefortii,57.833473
RNNB-3-9-20230512,1,1393522,Leymus arenarius,64.566315
RNNB-3-9-20230512,2,1650228,Elymus athericus,62.365120
RNNB-3-9-20230512,3,1722433,Calamagrostis arenaria,60.874146
RNNB-3-9-20240117,1,1360701,Echinophora spinosa,65.218338
RNNB-3-9-20240117,2,1360715,Eryngium dilatatum,60.818802
RNNB-3-9-20240117,3,1393522,Leymus arenarius,60.083527
RNNB-4-1-20240117,1,1359344,Medicago marina,63.594604
RNNB-4-1-20240117,2,1357630,Helichrysum stoechas,61.422424
RNNB-4-1-20240117,3,1357769,Phagnalon rupestre,61.222305
RNNB-4-1-20240118,1,1392725,Helichrysum italicum,61.992134
RNNB-4-1-20240118,2,1357630,Helichrysum stoechas,61.037628
RNNB-4-1-20240118,3,1399739,Linaria polygalifolia,60.706581
RNNB-4-10-20240117,1,1359344,Medicago marina,65.680191
RNNB-4-10-20240117,2,1722501,Rumex spinosus,60.516663
RNNB-4-10-20240117,3,1359127,Astragalus incanus,58.800858
RNNB-4-10-20240118,1,1357742,Pallenis maritima,62.578049
RNNB-4-10-20240118,2,1499749,Artemisia nesiotica,62.414284
RNNB-4-10-20240118,3,1357026,Silene nutans,60.314301
RNNB-4-2-20240117,1,1359344,Medicago marina,66.260017
RNNB-4-2-20240117,2,1722578,Daucus pumilus,58.490128
RNNB-4-2-20240117,3,1357742,Pallenis maritima,58.432583
RNNB-4-2-20240118,1,1393619,Logfia minima,61.034695
RNNB-4-2-20240118,2,1358347,Lepidium draba,57.892723
RNNB-4-2-20240118,3,1392725,Helichrysum italicum,57.394951
RNNB-4-3-20240117,1,1359344,Medicago marina,60.926380
RNNB-4-3-20240117,2,1722441,Thinopyrum junceum,60.227097
RNNB-4-3-20240117,3,1650228,Elymus athericus,57.974358
RNNB-4-3-20240118,1,1357026,Silene nutans,58.445801
RNNB-4-3-20240118,2,1743750,Iberodes littoralis,58.269966
RNNB-4-3-20240118,3,1392725,Helichrysum italicum,58.062885
RNNB-4-4-20240117,1,1359344,Medicago marina,64.807190
RNNB-4-4-20240117,2,1738652,Matthiola sinuata,61.065754
RNNB-4-4-20240117,3,1722578,Daucus pumilus,60.018471
RNNB-4-4-20240118,1,1357630,Helichrysum stoechas,63.342838
RNNB-4-4-20240118,2,1502610,Centaurea horrida,61.145172
RNNB-4-4-20240118,3,1499749,Artemisia nesiotica,60.888126
RNNB-4-5-20240117,1,1357227,Anthemis maritima,66.505890
RNNB-4-5-20240117,2,1359344,Medicago marina,63.639046
RNNB-4-5-20240117,3,1647291,Limonium furfuraceum,62.287506
RNNB-4-5-20240118,1,1393619,Logfia minima,63.985001
RNNB-4-5-20240118,2,1392725,Helichrysum italicum,62.879250
RNNB-4-5-20240118,3,1357630,Helichrysum stoechas,61.657932
RNNB-4-6-20240117,1,1359344,Medicago marina,65.412941
RNNB-4-6-20240117,2,1738652,Matthiola sinuata,61.741982
RNNB-4-6-20240117,3,1358782,Marrubium supinum,60.395622
RNNB-4-6-20240118,1,1357630,Helichrysum stoechas,60.082588
RNNB-4-6-20240118,2,1392725,Helichrysum italicum,59.134090
RNNB-4-6-20240118,3,1363165,Suaeda maritima,59.102657
RNNB-4-7-20240117,1,1359344,Medicago marina,63.889084
RNNB-4-7-20240117,2,1393770,Medicago littoralis,61.028294
RNNB-4-7-20240117,3,1722441,Thinopyrum junceum,60.677353
RNNB-4-7-20240118,1,1357705,Limbarda crithmoides,62.261467
RNNB-4-7-20240118,2,1392725,Helichrysum italicum,61.614967
RNNB-4-7-20240118,3,1357630,Helichrysum stoechas,61.292439
RNNB-4-8-20240117,1,1355950,Scolymus maculatus,65.804108
RNNB-4-8-20240117,2,1359344,Medicago marina,65.301178
RNNB-4-8-20240117,3,1357848,Scolymus hispanicus,63.756035
RNNB-4-8-20240118,1,1357630,Helichrysum stoechas,62.584473
RNNB-4-8-20240118,2,1392725,Helichrysum italicum,62.447495
RNNB-4-8-20240118,3,1509616,Helichrysum pendulum,61.500320
RNNB-4-9-20240117,1,1359344,Medicago marina,65.979874
RNNB-4-9-20240117,2,1357848,Scolymus hispanicus,64.726639
RNNB-4-9-20240117,3,1394057,Onopordum illyricum,62.176254
RNNB-4-9-20240118,1,1357705,Limbarda crithmoides,62.605621
RNNB-4-9-20240118,2,1499749,Artemisia nesiotica,62.362762
RNNB-4-9-20240118,3,1357630,Helichrysum stoechas,60.562225
RNNB-5-1-20240117,1,1360542,Verbascum sinuatum,64.147346
RNNB-5-1-20240117,2,1357630,Helichrysum stoechas,61.401428
RNNB-5-1-20240117,3,1392725,Helichrysum italicum,60.067211
RNNB-5-1-20240118,1,1362333,Matthiola perennis,62.109589
RNNB-5-1-20240118,2,1502831,Centaurea pulvinata,60.759281
RNNB-5-1-20240118,3,1502669,Centaurea lagascana,60.200008
RNNB-5-10-20240117,1,1738652,Matthiola sinuata,62.270775
RNNB-5-10-20240117,2,1357742,Pallenis maritima,61.871788
RNNB-5-10-20240117,3,1362333,Matthiola perennis,61.217392
RNNB-5-10-20240118,1,1499749,Artemisia nesiotica,62.553585
RNNB-5-10-20240118,2,1392725,Helichrysum italicum,60.365105
RNNB-5-10-20240118,3,1357630,Helichrysum stoechas,60.337143
RNNB-5-2-20240117,1,1357630,Helichrysum stoechas,62.986401
RNNB-5-2-20240117,2,1392725,Helichrysum italicum,62.896660
RNNB-5-2-20240117,3,1363433,Lagurus ovatus,62.396095
RNNB-5-2-20240118,1,1393619,Logfia minima,61.977356
RNNB-5-2-20240118,2,1357630,Helichrysum stoechas,60.170303
RNNB-5-2-20240118,3,1392725,Helichrysum italicum,59.660389
RNNB-5-3-20240117,1,1357630,Helichrysum stoechas,64.819618
RNNB-5-3-20240117,2,1360542,Verbascum sinuatum,64.243958
RNNB-5-3-20240117,3,1392725,Helichrysum italicum,64.046967
RNNB-5-3-20240118,1,1499749,Artemisia nesiotica,61.436314
RNNB-5-3-20240118,2,1722501,Rumex spinosus,58.430317
RNNB-5-3-20240118,3,1392725,Helichrysum italicum,57.664875
RNNB-5-4-20240117,1,1392725,Helichrysum italicum,63.800930
RNNB-5-4-20240117,2,1357630,Helichrysum stoechas,63.645596
RNNB-5-4-20240117,3,1564354,Teucrium libanitis,62.339359
RNNB-5-4-20240118,1,1392725,Helichrysum italicum,62.003670
RNNB-5-4-20240118,2,1357630,Helichrysum stoechas,61.844406
RNNB-5-4-20240118,3,1393619,Logfia minima,61.119984
RNNB-5-5-20240117,1,1357630,Helichrysum stoechas,63.737091
RNNB-5-5-20240117,2,1392725,Helichrysum italicum,63.524414
RNNB-5-5-20240117,3,1518245,Pseudognaphalium undulatum,63.318893
RNNB-5-5-20240118,1,1499749,Artemisia nesiotica,64.134506
RNNB-5-5-20240118,2,1357630,Helichrysum stoechas,62.511703
RNNB-5-5-20240118,3,1392725,Helichrysum italicum,61.300064
RNNB-5-6-20240117,1,1357630,Helichrysum stoechas,64.934982
RNNB-5-6-20240117,2,1392725,Helichrysum italicum,64.350311
RNNB-5-6-20240117,3,1360542,Verbascum sinuatum,64.172340
RNNB-5-6-20240118,1,1499749,Artemisia nesiotica,63.351974
RNNB-5-6-20240118,2,1392725,Helichrysum italicum,61.184677
RNNB-5-6-20240118,3,1357630,Helichrysum stoechas,60.819195
RNNB-5-7-20240117,1,1360542,Verbascum sinuatum,63.086700
RNNB-5-7-20240117,2,1357453,Centaurea seridis,63.058853
RNNB-5-7-20240117,3,1357401,Centaurea aspera,62.492256
RNNB-5-7-20240118,1,1355950,Scolymus maculatus,59.194332
RNNB-5-7-20240118,2,1362038,Jacobaea maritima,59.143303
RNNB-5-7-20240118,3,1499749,Artemisia nesiotica,58.964043
RNNB-5-8-20240117,1,1396197,Senecio inaequidens,63.055805
RNNB-5-8-20240117,2,1357227,Anthemis maritima,60.976936
RNNB-5-8-20240117,3,1357456,Centaurea sphaerocephala,59.008018
RNNB-5-8-20240118,1,1741614,Thinopyrum obtusiflorum,55.154964
RNNB-5-8-20240118,2,1360381,Crucianella maritima,54.979969
RNNB-5-8-20240118,3,1722433,Calamagrostis arenaria,54.692421
RNNB-5-9-20240117,1,1396197,Senecio inaequidens,64.452103
RNNB-5-9-20240117,2,1393770,Medicago littoralis,59.390266
RNNB-5-9-20240117,3,1359952,Plantago crassifolia,58.804802
RNNB-5-9-20240118,1,1394643,Antennaria dioica,61.462734
RNNB-5-9-20240118,2,1363526,Cynodon dactylon,57.024117
RNNB-5-9-20240118,3,1564441,Teucrium vincentinum,57.018276
RNNB-6-1-20240117,1,1356951,Silene andryalifolia,59.542179
RNNB-6-1-20240117,2,1493563,Silene mellifera,59.478344
RNNB-6-1-20240117,3,1393770,Medicago littoralis,59.085106
RNNB-6-1-20240118,1,1357962,Volutaria tubuliflora,61.943172
RNNB-6-1-20240118,2,1361412,Sporobolus pungens,59.881252
RNNB-6-1-20240118,3,1357361,Carlina racemosa,59.625526
RNNB-6-10-20240117,1,1357401,Centaurea aspera,60.919624
RNNB-6-10-20240117,2,1356149,Datura ferox,60.915108
RNNB-6-10-20240117,3,1391122,Cheirolophus intybaceus,60.504856
RNNB-6-10-20240118,1,1357630,Helichrysum stoechas,61.656372
RNNB-6-10-20240118,2,1396726,Teucrium dunense,60.886150
RNNB-6-10-20240118,3,1518245,Pseudognaphalium undulatum,60.582615
RNNB-6-2-20240117,1,1360035,Limonium echioides,58.079525
RNNB-6-2-20240117,2,1363526,Cynodon dactylon,58.058418
RNNB-6-2-20240117,3,1743297,Limonium fontqueri,57.546249
RNNB-6-2-20240118,1,1722578,Daucus pumilus,61.170132
RNNB-6-2-20240118,2,1357962,Volutaria tubuliflora,60.946873
RNNB-6-2-20240118,3,1362711,Lepidium coronopus,58.950356
RNNB-6-3-20240117,1,1362333,Matthiola perennis,61.792126
RNNB-6-3-20240117,2,1738652,Matthiola sinuata,61.271656
RNNB-6-3-20240117,3,1360701,Echinophora spinosa,60.408447
RNNB-6-3-20240118,1,1361996,Gazania rigens,61.102798
RNNB-6-3-20240118,2,1361412,Sporobolus pungens,60.845287
RNNB-6-3-20240118,3,1358318,Hormathophylla spinosa,59.902664
RNNB-6-4-20240117,1,1357401,Centaurea aspera,58.256233
RNNB-6-4-20240117,2,1363526,Cynodon dactylon,58.157021
RNNB-6-4-20240117,3,1357456,Centaurea sphaerocephala,58.090542
RNNB-6-4-20240118,1,1356069,Plantago albicans,60.311966
RNNB-6-4-20240118,2,1361926,Scabiosa columbaria,58.998573
RNNB-6-4-20240118,3,1722578,Daucus pumilus,58.388218
RNNB-6-5-20240117,1,1360978,Pancratium maritimum,62.656502
RNNB-6-5-20240117,2,1363302,Cyperus capitatus,62.289455
RNNB-6-5-20240117,3,1388770,Brachypodium distachyon,59.835121
RNNB-6-5-20240118,1,1722433,Calamagrostis arenaria,60.422615
RNNB-6-5-20240118,2,1397398,Helichrysum arenarium,59.020340
RNNB-6-5-20240118,3,1391148,Chloris truncata,58.773361
RNNB-6-6-20240117,1,1361412,Sporobolus pungens,59.135860
RNNB-6-6-20240117,2,1360978,Pancratium maritimum,59.080109
RNNB-6-6-20240117,3,1363526,Cynodon dactylon,58.740772
RNNB-6-6-20240118,1,1357630,Helichrysum stoechas,61.191376
RNNB-6-6-20240118,2,1738652,Matthiola sinuata,61.059135
RNNB-6-6-20240118,3,1357771,Phagnalon sordidum,60.641834
RNNB-6-7-20240117,1,1391148,Chloris truncata,58.726879
RNNB-6-7-20240117,2,1363526,Cynodon dactylon,58.477470
RNNB-6-7-20240117,3,1399771,Astragalus balearicus,58.234077
RNNB-6-7-20240118,1,1392725,Helichrysum italicum,63.487900
RNNB-6-7-20240118,2,1509616,Helichrysum pendulum,63.192368
RNNB-6-7-20240118,3,1357630,Helichrysum stoechas,62.847805
RNNB-6-8-20240117,1,1355950,Scolymus maculatus,64.592857
RNNB-6-8-20240117,2,1357848,Scolymus hispanicus,64.103798
RNNB-6-8-20240117,3,1360701,Echinophora spinosa,63.937397
RNNB-6-8-20240118,1,1392725,Helichrysum italicum,62.538788
RNNB-6-8-20240118,2,1357630,Helichrysum stoechas,62.501083
RNNB-6-8-20240118,3,1499749,Artemisia nesiotica,61.788544
RNNB-6-9-20240117,1,1388990,Brachypodium retusum,58.617050
RNNB-6-9-20240117,2,1391122,Cheirolophus intybaceus,58.160606
RNNB-6-9-20240117,3,1361412,Sporobolus pungens,57.735306
RNNB-6-9-20240118,1,1357742,Pallenis maritima,61.095600
RNNB-6-9-20240118,2,1357630,Helichrysum stoechas,60.155357
RNNB-6-9-20240118,3,1398786,Lavandula lanata,59.487423
RNNB-7-1-20240118,1,1738652,Matthiola sinuata,62.524254
RNNB-7-1-20240118,2,1362333,Matthiola perennis,62.119972
RNNB-7-1-20240118,3,1743249,Matthiola tricuspidata,61.146957
RNNB-7-10-20240118,1,1392725,Helichrysum italicum,63.313011
RNNB-7-10-20240118,2,1394643,Antennaria dioica,63.116127
RNNB-7-10-20240118,3,1357630,Helichrysum stoechas,61.876904
RNNB-7-2-20240118,1,1361412,Sporobolus pungens,60.247986
RNNB-7-2-20240118,2,1357630,Helichrysum stoechas,59.288170
RNNB-7-2-20240118,3,1499749,Artemisia nesiotica,58.848042
RNNB-7-3-20240118,1,1361412,Sporobolus pungens,61.034576
RNNB-7-3-20240118,2,1392725,Helichrysum italicum,59.404247
RNNB-7-3-20240118,3,1499749,Artemisia nesiotica,59.352623
RNNB-7-4-20240118,1,1361412,Sporobolus pungens,58.745964
RNNB-7-4-20240118,2,1722490,Patellifolia procumbens,56.049717
RNNB-7-4-20240118,3,1417758,Ammobium alatum,55.971313
RNNB-7-5-20240118,1,1398821,Santolina impressa,64.747299
RNNB-7-5-20240118,2,1518932,Santolina canescens,62.314018
RNNB-7-5-20240118,3,1396726,Teucrium dunense,61.960148
RNNB-7-6-20240118,1,1392725,Helichrysum italicum,62.152569
RNNB-7-6-20240118,2,1357630,Helichrysum stoechas,61.020466
RNNB-7-6-20240118,3,1396726,Teucrium dunense,60.075020
RNNB-7-7-20240118,1,1396726,Teucrium dunense,59.956940
RNNB-7-7-20240118,2,1361412,Sporobolus pungens,58.940754
RNNB-7-7-20240118,3,1394416,Parapholis strigosa,58.591900
RNNB-7-8-20240118,1,1361412,Sporobolus pungens,60.267174
RNNB-7-8-20240118,2,1394416,Parapholis strigosa,57.615753
RNNB-7-8-20240118,3,1357962,Volutaria tubuliflora,57.092319
RNNB-7-9-20240118,1,1361412,Sporobolus pungens,60.668968
RNNB-7-9-20240118,2,1357742,Pallenis maritima,57.692677
RNNB-7-9-20240118,3,1491329,Dipsacus comosus,56.840164
RNNB-8-1-20240118,1,1359344,Medicago marina,65.442146
RNNB-8-1-20240118,2,1393522,Leymus arenarius,61.642456
RNNB-8-1-20240118,3,1359297,Lotus creticus,61.183105
RNNB-8-10-20240118,1,1361412,Sporobolus pungens,61.364735
RNNB-8-10-20240118,2,1363302,Cyperus capitatus,61.319309
RNNB-8-10-20240118,3,1722433,Calamagrostis arenaria,58.708660
RNNB-8-2-20240118,1,1357227,Anthemis maritima,63.293880
RNNB-8-2-20240118,2,1397320,Artemisia maritima,59.997993
RNNB-8-2-20240118,3,1390761,Carex arenaria,59.319778
RNNB-8-3-20240118,1,1364100,Silybum marianum,62.323853
RNNB-8-3-20240118,2,1357871,Silybum eburneum,60.198067
RNNB-8-3-20240118,3,1393522,Leymus arenarius,59.530518
RNNB-8-4-20240118,1,1361412,Sporobolus pungens,59.093567
RNNB-8-4-20240118,2,1722441,Thinopyrum junceum,58.769444
RNNB-8-4-20240118,3,1390761,Carex arenaria,58.239113
RNNB-8-5-20240118,1,1359344,Medicago marina,65.056076
RNNB-8-5-20240118,2,1363840,Heliotropium supinum,59.753696
RNNB-8-5-20240118,3,1388812,Achillea maritima,59.170925
RNNB-8-6-20240118,1,1359344,Medicago marina,65.943680
RNNB-8-6-20240118,2,1393770,Medicago littoralis,61.624924
RNNB-8-6-20240118,3,1388812,Achillea maritima,59.340958
RNNB-8-7-20240118,1,1355950,Scolymus maculatus,66.397133
RNNB-8-7-20240118,2,1359344,Medicago marina,65.493759
RNNB-8-7-20240118,3,1357848,Scolymus hispanicus,65.000824
RNNB-8-8-20240118,1,1359344,Medicago marina,66.545250
RNNB-8-8-20240118,2,1357227,Anthemis maritima,66.047379
RNNB-8-8-20240118,3,1360381,Crucianella maritima,64.720947
RNNB-8-9-20240118,1,1359344,Medicago marina,65.279114
RNNB-8-9-20240118,2,1360381,Crucianella maritima,64.711983
RNNB-8-9-20240118,3,1399739,Linaria polygalifolia,63.350204
