"quadrat_id","species_ids"
"2024-CEV3-20240602","[1395045, 1395114, 1360203]"
"CBN-PdlC-A1-20130807","[1396253, 1392608, 1412857]"
"CBN-PdlC-A1-20130903","[1396144, 1412857, 1392608]"
"CBN-PdlC-A1-20140721","[1392608, 1412857, 1396144]"
"CBN-PdlC-A1-20140811","[1412857, 1392608, 1396144]"
"CBN-PdlC-A1-20140901","[1392608, 1412857, 1742053]"
"CBN-PdlC-A1-20150701","[1396253, 1412857, 1392608]"
"CBN-PdlC-A1-20150720","[1392608, 1742053, 1392534]"
"CBN-PdlC-A1-20150831","[1392608, 1392534, 1396843]"
"CBN-PdlC-A1-20160705","[1394911, 1412857, 1396253]"
"CBN-PdlC-A1-20160726","[1392534, 1392535, 1394311]"
"CBN-PdlC-A1-20170816","[1392534, 1742053, 1394643]"
"CBN-PdlC-A1-20170906","[1392534, 1412857, 1742053]"
"CBN-PdlC-A1-20180702","[1392534, 1392541, 1651061]"
"CBN-PdlC-A1-20180815","[1412857, 1742053, 1396898]"
"CBN-PdlC-A1-20180905","[1742053, 1412857, 1394311]"
"CBN-PdlC-A1-20190701","[1412857, 1392541, 1418688]"
"CBN-PdlC-A1-20190722","[1392608, 1412857, 1396253]"
"CBN-PdlC-A1-20190812","[1742053, 1412857, 1392608]"
"CBN-PdlC-A1-20190909","[1361367, 1392608, 1742053]"
"CBN-PdlC-A1-20200629","[1392655, 1391427, 1743367]"
"CBN-PdlC-A1-20200722","[1392535, 1392534, 1392608]"
"CBN-PdlC-A1-20200812","[1742053, 1392608, 1412857]"
"CBN-PdlC-A2-20130807","[1412857, 1396253, 1395807]"
"CBN-PdlC-A2-20130903","[1393200, 1396253, 1392541]"
"CBN-PdlC-A2-20140721","[1396144, 1396253, 1397491]"
"CBN-PdlC-A2-20140901","[1396253, 1742053, 1412857]"
"CBN-PdlC-A2-20150720","[1393200, 1396253, 1395807]"
"CBN-PdlC-A2-20150810","[1393200, 1412857, 1742053]"
"CBN-PdlC-A2-20150831","[1393200, 1412857, 1742053]"
"CBN-PdlC-A2-20160705","[1393200, 1396253, 1392541]"
"CBN-PdlC-A2-20160726","[1392535, 1393200, 1361367]"
"CBN-PdlC-A2-20170816","[1395807, 1742053, 1393494]"
"CBN-PdlC-A2-20180702","[1396144, 1397108, 1412857]"
"CBN-PdlC-A2-20180723","[1393200, 1396253, 1395807]"
"CBN-PdlC-A2-20180815","[1412857, 1393200, 1742053]"
"CBN-PdlC-A2-20180905","[1396144, 1412857, 1742053]"
"CBN-PdlC-A2-20190701","[1392260, 1361275, 1651427]"
"CBN-PdlC-A2-20190722","[1393200, 1549015, 1392534]"
"CBN-PdlC-A2-20190812","[1412857, 1396253, 1392561]"
"CBN-PdlC-A2-20190909","[1412857, 1395807, 1742053]"
"CBN-PdlC-A2-20200629","[1529402, 1364066, 1360981]"
"CBN-PdlC-A2-20200722","[1392534, 1393200, 1396253]"
"CBN-PdlC-A2-20200812","[1412857, 1393200, 1396253]"
"CBN-PdlC-A3-20130807","[1392608, 1392534, 1395807]"
"CBN-PdlC-A3-20130903","[1392608, 1392541, 1395807]"
"CBN-PdlC-A3-20140721","[1393200, 1412857, 1392608]"
"CBN-PdlC-A3-20140811","[1393200, 1392608, 1412857]"
"CBN-PdlC-A3-20140901","[1396144, 1393200, 1392608]"
"CBN-PdlC-A3-20150701","[1393200, 1396144, 1412857]"
"CBN-PdlC-A3-20150720","[1393200, 1396144, 1392608]"
"CBN-PdlC-A3-20150810","[1393200, 1412857, 1396144]"
"CBN-PdlC-A3-20150831","[1393200, 1396144, 1392608]"
"CBN-PdlC-A3-20160705","[1396144, 1393200, 1412857]"
"CBN-PdlC-A3-20160726","[1393200, 1412857, 1392534]"
"CBN-PdlC-A3-20170816","[1396144, 1412857, 1393200]"
"CBN-PdlC-A3-20170906","[1393200, 1396144, 1412857]"
"CBN-PdlC-A3-20180702","[1392534, 1393200, 1744293]"
"CBN-PdlC-A3-20180723","[1393200, 1392541, 1363543]"
"CBN-PdlC-A3-20180815","[1394643, 1412857, 1392608]"
"CBN-PdlC-A3-20180905","[1412857, 1742053, 1396253]"
"CBN-PdlC-A3-20190701","[1393200, 1392534, 1394643]"
"CBN-PdlC-A3-20190722","[1393200, 1392608, 1397043]"
"CBN-PdlC-A3-20190812","[1393200, 1357608, 1412857]"
"CBN-PdlC-A3-20190909","[1412857, 1394643, 1393200]"
"CBN-PdlC-A3-20200629","[1392655, 1394360, 1394322]"
"CBN-PdlC-A3-20200722","[1393200, 1392608, 1412857]"
"CBN-PdlC-A3-20200812","[1393200, 1412857, 1742053]"
"CBN-PdlC-A4-20130807","[1393200, 1397475, 1395807]"
"CBN-PdlC-A4-20130903","[1393200, 1392608, 1397475]"
"CBN-PdlC-A4-20140811","[1393200, 1392608, 1397475]"
"CBN-PdlC-A4-20140901","[1393200, 1397475, 1412857]"
"CBN-PdlC-A4-20150701","[1392608, 1393200, 1397475]"
"CBN-PdlC-A4-20150810","[1393200, 1397475, 1392608]"
"CBN-PdlC-A4-20150831","[1393200, 1396144, 1392534]"
"CBN-PdlC-A4-20160705","[1393200, 1392608, 1396144]"
"CBN-PdlC-A4-20160726","[1396144, 1393200, 1392608]"
"CBN-PdlC-A4-20170816","[1742053, 1396144, 1412857]"
"CBN-PdlC-A4-20170906","[1396144, 1393200, 1397475]"
"CBN-PdlC-A4-20180702","[1393200, 1397475, 1396144]"
"CBN-PdlC-A4-20180723","[1393200, 1396144, 1400101]"
"CBN-PdlC-A4-20180815","[1393200, 1397475, 1392534]"
"CBN-PdlC-A4-20180905","[1393200, 1396144, 1392541]"
"CBN-PdlC-A4-20190701","[1397475, 1393874, 1393200]"
"CBN-PdlC-A4-20190722","[1393200, 1397475, 1396144]"
"CBN-PdlC-A4-20190812","[1396180, 1529402, 1392608]"
"CBN-PdlC-A4-20190909","[1397475, 1397450, 1362482]"
"CBN-PdlC-A4-20200629","[1397475, 1393200, 1392608]"
"CBN-PdlC-A4-20200722","[1393200, 1397475, 1392534]"
"CBN-PdlC-A4-20200812","[1393200, 1392608, 1397475]"
"CBN-PdlC-A5-20130807","[1393200, 1396253, 1400101]"
"CBN-PdlC-A5-20130903","[1397475, 1396253, 1395807]"
"CBN-PdlC-A5-20140721","[1393200, 1397475, 1392541]"
"CBN-PdlC-A5-20140811","[1395807, 1361598, 1392541]"
"CBN-PdlC-A5-20150701","[1393200, 1393659, 1396253]"
"CBN-PdlC-A5-20150831","[1397475, 1396253, 1395807]"
"CBN-PdlC-A5-20160705","[1397475, 1396253, 1392241]"
"CBN-PdlC-A5-20160726","[1392534, 1393200, 1396253]"
"CBN-PdlC-A5-20170816","[1397475, 1396253, 1395807]"
"CBN-PdlC-A5-20170906","[1393200, 1396253, 1397475]"
"CBN-PdlC-A5-20180815","[1393200, 1396253, 1363543]"
"CBN-PdlC-A5-20180905","[1393200, 1396253, 1363543]"
"CBN-PdlC-A5-20190909","[1397475, 1396253, 1361367]"
"CBN-PdlC-A5-20200722","[1396253, 1397475, 1395807]"
"CBN-PdlC-A6-20130807","[1393200, 1397475, 1396253]"
"CBN-PdlC-A6-20130903","[1397475, 1396253, 1651427]"
"CBN-PdlC-A6-20140630","[1397475, 1363615, 1418688]"
"CBN-PdlC-A6-20140721","[1397475, 1395807, 1396253]"
"CBN-PdlC-A6-20140901","[1397475, 1397458, 1394548]"
"CBN-PdlC-A6-20150701","[1393200, 1397475, 1396253]"
"CBN-PdlC-A6-20150810","[1393200, 1397475, 1396253]"
"CBN-PdlC-A6-20150831","[1397475, 1395807, 1361367]"
"CBN-PdlC-A6-20160705","[1397475, 1393200, 1396253]"
"CBN-PdlC-A6-20160726","[1397475, 1393200, 1391446]"
"CBN-PdlC-A6-20170816","[1397475, 1396253, 1395807]"
"CBN-PdlC-A6-20170906","[1393200, 1397475, 1396253]"
"CBN-PdlC-A6-20180702","[1393200, 1396253, 1397475]"
"CBN-PdlC-A6-20180723","[1393200, 1397475, 1396253]"
"CBN-PdlC-A6-20180815","[1397475, 1394540, 1394542]"
"CBN-PdlC-A6-20180905","[1397475, 1393874, 1393200]"
"CBN-PdlC-A6-20190701","[1393200, 1397475, 1396253]"
"CBN-PdlC-A6-20190722","[1393660, 1396253, 1397475]"
"CBN-PdlC-A6-20190812","[1397475, 1396253, 1393200]"
"CBN-PdlC-A6-20190909","[1397475, 1393659, 1362482]"
"CBN-PdlC-A6-20200722","[1397475, 1395807, 1396253]"
"CBN-PdlC-A6-20200812","[1397475, 1393200, 1393660]"
"CBN-PdlC-B1-20130807","[1393200, 1392608, 1392612]"
"CBN-PdlC-B1-20130903","[1393200, 1392608, 1394643]"
"CBN-PdlC-B1-20140721","[1392608, 1396253, 1392611]"
"CBN-PdlC-B1-20140811","[1392608, 1396144, 1393200]"
"CBN-PdlC-B1-20140901","[1392608, 1412857, 1393200]"
"CBN-PdlC-B1-20150701","[1393200, 1392608, 1396253]"
"CBN-PdlC-B1-20150720","[1396253, 1392608, 1395807]"
"CBN-PdlC-B1-20150810","[1393200, 1392608, 1396253]"
"CBN-PdlC-B1-20150831","[1412857, 1393200, 1742053]"
"CBN-PdlC-B1-20160705","[1393200, 1392608, 1396144]"
"CBN-PdlC-B1-20160726","[1396144, 1393200, 1392608]"
"CBN-PdlC-B1-20170816","[1392608, 1412857, 1395807]"
"CBN-PdlC-B1-20170906","[1392608, 1396144, 1412857]"
"CBN-PdlC-B1-20180702","[1413349, 1396144, 1418688]"
"CBN-PdlC-B1-20180723","[1393200, 1392608, 1396253]"
"CBN-PdlC-B1-20180815","[1396144, 1412857, 1397491]"
"CBN-PdlC-B1-20180905","[1412857, 1647128, 1392608]"
"CBN-PdlC-B1-20190701","[1392608, 1396144, 1363543]"
"CBN-PdlC-B1-20190722","[1392608, 1396144, 1742053]"
"CBN-PdlC-B1-20190812","[1396144, 1392608, 1647128]"
"CBN-PdlC-B1-20190909","[1392608, 1396144, 1394311]"
"CBN-PdlC-B1-20200629","[1363133, 1356359, 1412857]"
"CBN-PdlC-B1-20200722","[1392608, 1396144, 1393200]"
"CBN-PdlC-B1-20200812","[1742053, 1412857, 1392608]"
"CBN-PdlC-B2-20130807","[1392608, 1392541, 1392534]"
"CBN-PdlC-B2-20130903","[1392608, 1647128, 1647170]"
"CBN-PdlC-B2-20140721","[1392608, 1392606, 1360299]"
"CBN-PdlC-B2-20140811","[1392608, 1392611, 1360299]"
"CBN-PdlC-B2-20140901","[1392608, 1392614, 1647156]"
"CBN-PdlC-B2-20150701","[1392608, 1391120, 1392612]"
"CBN-PdlC-B2-20150720","[1392608, 1392612, 1395807]"
"CBN-PdlC-B2-20150810","[1392608, 1742053, 1400101]"
"CBN-PdlC-B2-20150831","[1392608, 1742053, 1412857]"
"CBN-PdlC-B2-20160705","[1392608, 1392612, 1392614]"
"CBN-PdlC-B2-20160726","[1392608, 1412857, 1392534]"
"CBN-PdlC-B2-20170816","[1392534, 1392608, 1392535]"
"CBN-PdlC-B2-20170906","[1392608, 1412857, 1742053]"
"CBN-PdlC-B2-20180702","[1392541, 1394911, 1397513]"
"CBN-PdlC-B2-20180723","[1392608, 1392535, 1392534]"
"CBN-PdlC-B2-20180815","[1392534, 1412857, 1361367]"
"CBN-PdlC-B2-20180905","[1392534, 1392535, 1392565]"
"CBN-PdlC-B2-20190701","[1364066, 1357577, 1363615]"
"CBN-PdlC-B2-20190722","[1392534, 1392608, 1400101]"
"CBN-PdlC-B2-20190812","[1412857, 1397043, 1392534]"
"CBN-PdlC-B2-20190909","[1362482, 1412857, 1743471]"
"CBN-PdlC-B2-20200629","[1399798, 1394911, 1744618]"
"CBN-PdlC-B2-20200722","[1392608, 1392534, 1392535]"
"CBN-PdlC-B2-20200812","[1392608, 1394911, 1392612]"
"CBN-PdlC-B3-20130807","[1393200, 1391427, 1394911]"
"CBN-PdlC-B3-20130903","[1393200, 1392534, 1391427]"
"CBN-PdlC-B3-20140721","[1393200, 1392541, 1395807]"
"CBN-PdlC-B3-20140811","[1393200, 1412857, 1392541]"
"CBN-PdlC-B3-20140901","[1361367, 1393200, 1399798]"
"CBN-PdlC-B3-20150701","[1394597, 1392534, 1361367]"
"CBN-PdlC-B3-20150810","[1742053, 1392541, 1412857]"
"CBN-PdlC-B3-20150831","[1393200, 1392534, 1392541]"
"CBN-PdlC-B3-20160705","[1393200, 1392541, 1412857]"
"CBN-PdlC-B3-20160726","[1393200, 1412857, 1392534]"
"CBN-PdlC-B3-20170816","[1393200, 1412857, 1394542]"
"CBN-PdlC-B3-20170906","[1393200, 1412857, 1392541]"
"CBN-PdlC-B3-20180702","[1396144, 1397475, 1418688]"
"CBN-PdlC-B3-20180723","[1393200, 1742053, 1394540]"
"CBN-PdlC-B3-20180815","[1393200, 1412857, 1742053]"
"CBN-PdlC-B3-20180905","[1393200, 1412857, 1396144]"
"CBN-PdlC-B3-20190701","[1529410, 1743315, 1397491]"
"CBN-PdlC-B3-20190722","[1393200, 1361367, 1394671]"
"CBN-PdlC-B3-20190812","[1742053, 1393200, 1412857]"
"CBN-PdlC-B3-20190909","[1742053, 1412857, 1394671]"
"CBN-PdlC-B3-20200629","[1396144, 1472824, 1743903]"
"CBN-PdlC-B3-20200722","[1393200, 1412857, 1395807]"
"CBN-PdlC-B3-20200812","[1742053, 1393200, 1412857]"
"CBN-PdlC-B4-20130807","[1397475, 1396253, 1392541]"
"CBN-PdlC-B4-20130903","[1397475, 1532190, 1361070]"
"CBN-PdlC-B4-20140721","[1397475, 1393200, 1393874]"
"CBN-PdlC-B4-20140811","[1397475, 1396144, 1412857]"
"CBN-PdlC-B4-20140901","[1412857, 1397475, 1395870]"
"CBN-PdlC-B4-20150701","[1397475, 1646703, 1741880]"
"CBN-PdlC-B4-20150810","[1390674, 1397475, 1393200]"
"CBN-PdlC-B4-20150831","[1397475, 1393200, 1393874]"
"CBN-PdlC-B4-20160726","[1393200, 1397475, 1396144]"
"CBN-PdlC-B4-20170816","[1393200, 1397475, 1412857]"
"CBN-PdlC-B4-20170906","[1397475, 1393874, 1392534]"
"CBN-PdlC-B4-20180702","[1397475, 1396144, 1395758]"
"CBN-PdlC-B4-20180723","[1396144, 1397475, 1393200]"
"CBN-PdlC-B4-20180815","[1396144, 1397475, 1397491]"
"CBN-PdlC-B4-20180905","[1412857, 1397475, 1742053]"
"CBN-PdlC-B4-20190701","[1397475, 1741661, 1393200]"
"CBN-PdlC-B4-20190722","[1397475, 1395190, 1393874]"
"CBN-PdlC-B4-20190812","[1397475, 1393200, 1400101]"
"CBN-PdlC-B4-20190909","[1397475, 1395190, 1729475]"
"CBN-PdlC-B4-20200629","[1397475, 1412241, 1418688]"
"CBN-PdlC-B4-20200722","[1397475, 1393200, 1741776]"
"CBN-PdlC-B4-20200812","[1397475, 1393200, 1412857]"
"CBN-PdlC-B5-20130807","[1397475, 1394911, 1395807]"
"CBN-PdlC-B5-20130903","[1397475, 1395807, 1395870]"
"CBN-PdlC-B5-20140630","[1724565, 1390532, 1392767]"
"CBN-PdlC-B5-20140721","[1396253, 1397475, 1395807]"
"CBN-PdlC-B5-20140811","[1397475, 1395807, 1394311]"
"CBN-PdlC-B5-20140901","[1397475, 1361367, 1395807]"
"CBN-PdlC-B5-20150701","[1397475, 1395807, 1394911]"
"CBN-PdlC-B5-20150720","[1397475, 1395807, 1400101]"
"CBN-PdlC-B5-20150810","[1397475, 1395807, 1361801]"
"CBN-PdlC-B5-20150831","[1397475, 1395807, 1400101]"
"CBN-PdlC-B5-20160705","[1397475, 1361801, 1394911]"
"CBN-PdlC-B5-20160726","[1397475, 1395807, 1361801]"
"CBN-PdlC-B5-20170816","[1397475, 1394311, 1393874]"
"CBN-PdlC-B5-20170906","[1397475, 1395807, 1647132]"
"CBN-PdlC-B5-20180702","[1397475, 1399798, 1391427]"
"CBN-PdlC-B5-20180723","[1397475, 1395807, 1361367]"
"CBN-PdlC-B5-20180815","[1397475, 1392541, 1395807]"
"CBN-PdlC-B5-20180905","[1397475, 1393874, 1396253]"
"CBN-PdlC-B5-20190701","[1397475, 1392534, 1396970]"
"CBN-PdlC-B5-20190722","[1397475, 1397043, 1395807]"
"CBN-PdlC-B5-20190812","[1397475, 1392561, 1395807]"
"CBN-PdlC-B5-20190909","[1397475, 1395807, 1394911]"
"CBN-PdlC-B5-20200629","[1397475, 1396253, 1392541]"
"CBN-PdlC-B5-20200722","[1397475, 1400101, 1395807]"
"CBN-PdlC-B5-20200812","[1397475, 1395807, 1361367]"
"CBN-PdlC-B6-20130807","[1392535, 1392534, 1395807]"
"CBN-PdlC-B6-20130903","[1361367, 1394311, 1743474]"
"CBN-PdlC-B6-20140630","[1392534, 1393200, 1392565]"
"CBN-PdlC-B6-20140721","[1396253, 1395807, 1393200]"
"CBN-PdlC-B6-20140811","[1396253, 1395807, 1361367]"
"CBN-PdlC-B6-20140901","[1396253, 1395807, 1720959]"
"CBN-PdlC-B6-20150701","[1394911, 1395807, 1396253]"
"CBN-PdlC-B6-20150720","[1392541, 1395807, 1361801]"
"CBN-PdlC-B6-20150810","[1397475, 1397450, 1395807]"
"CBN-PdlC-B6-20150831","[1395807, 1397450, 1392534]"
"CBN-PdlC-B6-20160705","[1396253, 1395807, 1393200]"
"CBN-PdlC-B6-20160726","[1396253, 1361367, 1395807]"
"CBN-PdlC-B6-20170816","[1393200, 1396253, 1395807]"
"CBN-PdlC-B6-20170906","[1396253, 1395807, 1393200]"
"CBN-PdlC-B6-20180702","[1393200, 1394911, 1394910]"
"CBN-PdlC-B6-20180723","[1395807, 1393200, 1361801]"
"CBN-PdlC-B6-20180905","[1396253, 1393200, 1361073]"
"CBN-PdlC-B6-20190701","[1393200, 1394911, 1396253]"
"CBN-PdlC-B6-20190722","[1396253, 1393200, 1395807]"
"CBN-PdlC-B6-20190812","[1397475, 1361801, 1396253]"
"CBN-PdlC-B6-20190909","[1395807, 1396253, 1394911]"
"CBN-PdlC-B6-20200629","[1397475, 1396253, 1394603]"
"CBN-PdlC-B6-20200722","[1393200, 1392534, 1396253]"
"CBN-PdlC-B6-20200812","[1393200, 1393659, 1395807]"
"CBN-PdlC-C1-20130807","[1393708, 1397500, 1396253]"
"CBN-PdlC-C1-20130903","[1741624, 1395807, 1393200]"
"CBN-PdlC-C1-20140721","[1397500, 1393200, 1364066]"
"CBN-PdlC-C1-20140811","[1393200, 1395807, 1396253]"
"CBN-PdlC-C1-20140901","[1393200, 1395807, 1392534]"
"CBN-PdlC-C1-20150701","[1397500, 1393200, 1392534]"
"CBN-PdlC-C1-20150720","[1393200, 1396253, 1742053]"
"CBN-PdlC-C1-20150810","[1393200, 1362482, 1395807]"
"CBN-PdlC-C1-20150831","[1393200, 1742053, 1412857]"
"CBN-PdlC-C1-20160705","[1393200, 1396253, 1397500]"
"CBN-PdlC-C1-20160726","[1392241, 1396253, 1395807]"
"CBN-PdlC-C1-20170816","[1393200, 1395807, 1396970]"
"CBN-PdlC-C1-20170906","[1396253, 1393200, 1361347]"
"CBN-PdlC-C1-20180723","[1393200, 1396253, 1393708]"
"CBN-PdlC-C1-20180815","[1393200, 1394311, 1395807]"
"CBN-PdlC-C1-20180905","[1396253, 1393200, 1393224]"
"CBN-PdlC-C1-20190701","[1392534, 1395870, 1741880]"
"CBN-PdlC-C1-20190722","[1393200, 1396253, 1395807]"
"CBN-PdlC-C1-20190812","[1392534, 1396253, 1393200]"
"CBN-PdlC-C1-20190909","[1393200, 1394911, 1395807]"
"CBN-PdlC-C1-20200722","[1393200, 1395807, 1392299]"
"CBN-PdlC-C1-20200812","[1393200, 1392534, 1396253]"
"CBN-PdlC-C2-20130903","[1742053, 1412857, 1395807]"
"CBN-PdlC-C2-20140721","[1396144, 1412857, 1396253]"
"CBN-PdlC-C2-20140811","[1392535, 1396144, 1742053]"
"CBN-PdlC-C2-20140901","[1412857, 1742053, 1392535]"
"CBN-PdlC-C2-20150701","[1412857, 1393200, 1396144]"
"CBN-PdlC-C2-20150720","[1412857, 1742053, 1395807]"
"CBN-PdlC-C2-20150810","[1742053, 1412857, 1396144]"
"CBN-PdlC-C2-20150831","[1742053, 1412857, 1395807]"
"CBN-PdlC-C2-20160705","[1396144, 1412857, 1396253]"
"CBN-PdlC-C2-20160726","[1393200, 1412857, 1392534]"
"CBN-PdlC-C2-20170816","[1393200, 1412857, 1392541]"
"CBN-PdlC-C2-20170906","[1412857, 1392534, 1392541]"
"CBN-PdlC-C2-20180723","[1393200, 1396253, 1396144]"
"CBN-PdlC-C2-20180815","[1392541, 1395807, 1393200]"
"CBN-PdlC-C2-20180905","[1393200, 1412857, 1396253]"
"CBN-PdlC-C2-20190701","[1390532, 1393200, 1356228]"
"CBN-PdlC-C2-20190722","[1393200, 1396253, 1395807]"
"CBN-PdlC-C2-20190812","[1412857, 1392534, 1395807]"
"CBN-PdlC-C2-20190909","[1393200, 1412857, 1392534]"
"CBN-PdlC-C2-20200722","[1742053, 1412857, 1392541]"
"CBN-PdlC-C2-20200812","[1412857, 1394643, 1742053]"
"CBN-PdlC-C3-20130807","[1396253, 1395870, 1361347]"
"CBN-PdlC-C3-20130903","[1742053, 1396253, 1412857]"
"CBN-PdlC-C3-20140721","[1396253, 1394597, 1392534]"
"CBN-PdlC-C3-20140811","[1412857, 1395807, 1397386]"
"CBN-PdlC-C3-20140901","[1361367, 1396253, 1394671]"
"CBN-PdlC-C3-20150701","[1394911, 1396253, 1392541]"
"CBN-PdlC-C3-20150720","[1396253, 1361367, 1395807]"
"CBN-PdlC-C3-20150831","[1396253, 1742053, 1394911]"
"CBN-PdlC-C3-20160705","[1396253, 1392534, 1361347]"
"CBN-PdlC-C3-20160726","[1393660, 1396253, 1393659]"
"CBN-PdlC-C3-20170816","[1396253, 1392534, 1395807]"
"CBN-PdlC-C3-20170906","[1396253, 1742053, 1412857]"
"CBN-PdlC-C3-20180723","[1396253, 1395807, 1741880]"
"CBN-PdlC-C3-20180815","[1396253, 1741880, 1395870]"
"CBN-PdlC-C3-20180905","[1396253, 1412857, 1742053]"
"CBN-PdlC-C3-20190701","[1390532, 1609716, 1392541]"
"CBN-PdlC-C3-20190722","[1396253, 1361598, 1361347]"
"CBN-PdlC-C3-20190812","[1395807, 1396253, 1395870]"
"CBN-PdlC-C3-20190909","[1392534, 1392535, 1396253]"
"CBN-PdlC-C3-20200722","[1393679, 1393659, 1396253]"
"CBN-PdlC-C3-20200812","[1396253, 1393660, 1395807]"
"CBN-PdlC-C4-20130807","[1395807, 1395870, 1741880]"
"CBN-PdlC-C4-20130903","[1396253, 1395807, 1390899]"
"CBN-PdlC-C4-20140721","[1390793, 1393708, 1396253]"
"CBN-PdlC-C4-20140811","[1390899, 1395807, 1361367]"
"CBN-PdlC-C4-20140901","[1392608, 1396253, 1363455]"
"CBN-PdlC-C4-20150701","[1390793, 1418688, 1390904]"
"CBN-PdlC-C4-20150720","[1397043, 1395807, 1361367]"
"CBN-PdlC-C4-20150831","[1395807, 1396253, 1394311]"
"CBN-PdlC-C4-20160705","[1390793, 1363543, 1395807]"
"CBN-PdlC-C4-20160726","[1397043, 1395807, 1397046]"
"CBN-PdlC-C4-20170816","[1395807, 1390693, 1391881]"
"CBN-PdlC-C4-20170906","[1396253, 1393200, 1395807]"
"CBN-PdlC-C4-20180723","[1393708, 1393200, 1395807]"
"CBN-PdlC-C4-20180815","[1396253, 1394366, 1395807]"
"CBN-PdlC-C4-20180905","[1395807, 1392657, 1394311]"
"CBN-PdlC-C4-20190701","[1743359, 1363595, 1393228]"
"CBN-PdlC-C4-20190722","[1396253, 1395807, 1364066]"
"CBN-PdlC-C4-20190812","[1395807, 1397043, 1396253]"
"CBN-PdlC-C4-20190909","[1395807, 1396253, 1394311]"
"CBN-PdlC-C4-20200722","[1393660, 1396253, 1393659]"
"CBN-PdlC-C4-20200812","[1396253, 1395807, 1418688]"
"CBN-PdlC-C5-20130807","[1394311, 1396253, 1395807]"
"CBN-PdlC-C5-20130903","[1394311, 1395807, 1397046]"
"CBN-PdlC-C5-20140721","[1396253, 1364066, 1395807]"
"CBN-PdlC-C5-20140811","[1397043, 1395807, 1361367]"
"CBN-PdlC-C5-20140901","[1396253, 1397043, 1395807]"
"CBN-PdlC-C5-20150701","[1396253, 1395870, 1390837]"
"CBN-PdlC-C5-20150720","[1396253, 1392608, 1395807]"
"CBN-PdlC-C5-20150810","[1390793, 1396253, 1395807]"
"CBN-PdlC-C5-20150831","[1396253, 1395807, 1394311]"
"CBN-PdlC-C5-20160705","[1396253, 1741880, 1363543]"
"CBN-PdlC-C5-20160726","[1396253, 1397043, 1392608]"
"CBN-PdlC-C5-20170816","[1396253, 1392608, 1395807]"
"CBN-PdlC-C5-20170906","[1392608, 1396253, 1394311]"
"CBN-PdlC-C5-20180723","[1396253, 1392608, 1395807]"
"CBN-PdlC-C5-20180815","[1396253, 1392241, 1393200]"
"CBN-PdlC-C5-20180905","[1396253, 1397043, 1390793]"
"CBN-PdlC-C5-20190701","[1396253, 1392541, 1418688]"
"CBN-PdlC-C5-20190722","[1396253, 1397043, 1390793]"
"CBN-PdlC-C5-20190812","[1396253, 1397043, 1392608]"
"CBN-PdlC-C5-20190909","[1396253, 1395807, 1609716]"
"CBN-PdlC-C5-20200722","[1396253, 1395807, 1395870]"
"CBN-PdlC-C5-20200812","[1396253, 1395807, 1392608]"
"CBN-PdlC-C6-20130807","[1396253, 1394311, 1395807]"
"CBN-PdlC-C6-20130903","[1396253, 1397043, 1394311]"
"CBN-PdlC-C6-20140721","[1396253, 1393200, 1392608]"
"CBN-PdlC-C6-20140811","[1395807, 1396253, 1360748]"
"CBN-PdlC-C6-20140901","[1396253, 1361367, 1395807]"
"CBN-PdlC-C6-20150701","[1396253, 1393200, 1418688]"
"CBN-PdlC-C6-20150720","[1393200, 1396253, 1395807]"
"CBN-PdlC-C6-20150810","[1743456, 1393200, 1396253]"
"CBN-PdlC-C6-20150831","[1396253, 1390899, 1394311]"
"CBN-PdlC-C6-20160705","[1396253, 1393200, 1392608]"
"CBN-PdlC-C6-20160726","[1393200, 1396253, 1397043]"
"CBN-PdlC-C6-20170816","[1393200, 1396253, 1362482]"
"CBN-PdlC-C6-20170906","[1393200, 1396253, 1395807]"
"CBN-PdlC-C6-20180723","[1396186, 1395807, 1393200]"
"CBN-PdlC-C6-20180815","[1393200, 1362482, 1396253]"
"CBN-PdlC-C6-20180905","[1393200, 1396253, 1362482]"
"CBN-PdlC-C6-20190701","[1393200, 1390811, 1396253]"
"CBN-PdlC-C6-20190722","[1393200, 1396253, 1397043]"
"CBN-PdlC-C6-20190812","[1362482, 1393200, 1392608]"
"CBN-PdlC-C6-20190909","[1393200, 1396253, 1395807]"
"CBN-PdlC-C6-20200722","[1393200, 1396253, 1392608]"
"CBN-PdlC-C6-20200812","[1396253, 1392608, 1395807]"
"CBN-PdlC-D1-20130807","[1396253, 1395807, 1393708]"
"CBN-PdlC-D1-20130903","[1395807, 1396253, 1388766]"
"CBN-PdlC-D1-20140721","[1396253, 1392534, 1392608]"
"CBN-PdlC-D1-20140811","[1396253, 1395807, 1361367]"
"CBN-PdlC-D1-20140901","[1396253, 1395870, 1742053]"
"CBN-PdlC-D1-20150701","[1396253, 1392241, 1394911]"
"CBN-PdlC-D1-20150720","[1396253, 1392534, 1395807]"
"CBN-PdlC-D1-20150810","[1396253, 1392534, 1395807]"
"CBN-PdlC-D1-20150831","[1396253, 1651061, 1395807]"
"CBN-PdlC-D1-20160705","[1396253, 1395870, 1741880]"
"CBN-PdlC-D1-20160726","[1396253, 1392534, 1395807]"
"CBN-PdlC-D1-20170816","[1396253, 1395807, 1412857]"
"CBN-PdlC-D1-20170906","[1396253, 1395807, 1392047]"
"CBN-PdlC-D1-20180723","[1396253, 1393200, 1395807]"
"CBN-PdlC-D1-20180815","[1396253, 1395807, 1364066]"
"CBN-PdlC-D1-20180905","[1396253, 1395807, 1394311]"
"CBN-PdlC-D1-20190701","[1396253, 1741880, 1418688]"
"CBN-PdlC-D1-20190722","[1396253, 1393200, 1395807]"
"CBN-PdlC-D1-20190812","[1396253, 1395807, 1392534]"
"CBN-PdlC-D1-20190909","[1396253, 1412857, 1395807]"
"CBN-PdlC-D1-20200722","[1392535, 1396253, 1392534]"
"CBN-PdlC-D1-20200812","[1392534, 1396253, 1392608]"
"CBN-PdlC-D2-20130807","[1396253, 1412857, 1403533]"
"CBN-PdlC-D2-20130903","[1396253, 1412857, 1395807]"
"CBN-PdlC-D2-20140721","[1396253, 1392534, 1364066]"
"CBN-PdlC-D2-20140811","[1396253, 1412857, 1742053]"
"CBN-PdlC-D2-20140901","[1742053, 1412857, 1396253]"
"CBN-PdlC-D2-20150720","[1392534, 1392535, 1396253]"
"CBN-PdlC-D2-20150810","[1396253, 1412857, 1395807]"
"CBN-PdlC-D2-20150831","[1742053, 1412857, 1396253]"
"CBN-PdlC-D2-20160705","[1396253, 1412857, 1742053]"
"CBN-PdlC-D2-20160726","[1396253, 1392534, 1392535]"
"CBN-PdlC-D2-20170816","[1742053, 1412857, 1396253]"
"CBN-PdlC-D2-20170906","[1396253, 1412857, 1651061]"
"CBN-PdlC-D2-20180723","[1396253, 1394643, 1393708]"
"CBN-PdlC-D2-20180815","[1396253, 1394643, 1412857]"
"CBN-PdlC-D2-20180905","[1412857, 1396253, 1742053]"
"CBN-PdlC-D2-20190701","[1392300, 1397279, 1396144]"
"CBN-PdlC-D2-20190722","[1396253, 1742053, 1395807]"
"CBN-PdlC-D2-20190812","[1396253, 1412857, 1742053]"
"CBN-PdlC-D2-20190909","[1396253, 1395807, 1742053]"
"CBN-PdlC-D2-20200722","[1396253, 1394643, 1395807]"
"CBN-PdlC-D2-20200812","[1394643, 1396253, 1412857]"
"CBN-PdlC-D3-20130807","[1413349, 1647156, 1419963]"
"CBN-PdlC-D3-20130903","[1744479, 1647128, 1413349]"
"CBN-PdlC-D3-20140721","[1413349, 1396253, 1412857]"
"CBN-PdlC-D3-20140811","[1412857, 1413349, 1397043]"
"CBN-PdlC-D3-20140901","[1390899, 1412857, 1396253]"
"CBN-PdlC-D3-20150701","[1413349, 1394643, 1396441]"
"CBN-PdlC-D3-20150720","[1392534, 1647187, 1390793]"
"CBN-PdlC-D3-20150831","[1742053, 1412857, 1394311]"
"CBN-PdlC-D3-20160705","[1647128, 1413349, 1396253]"
"CBN-PdlC-D3-20160726","[1392534, 1744479, 1413349]"
"CBN-PdlC-D3-20170816","[1412857, 1413349, 1742053]"
"CBN-PdlC-D3-20170906","[1396253, 1413349, 1412857]"
"CBN-PdlC-D3-20180723","[1413349, 1743393, 1744479]"
"CBN-PdlC-D3-20180815","[1394643, 1396253, 1742053]"
"CBN-PdlC-D3-20180905","[1397043, 1412857, 1396253]"
"CBN-PdlC-D3-20190701","[1390532, 1359952, 1399798]"
"CBN-PdlC-D3-20190722","[1744479, 1647128, 1647156]"
"CBN-PdlC-D3-20190812","[1392534, 1413349, 1744479]"
"CBN-PdlC-D3-20190909","[1744479, 1412857, 1647128]"
"CBN-PdlC-D3-20200722","[1392535, 1392534, 1393200]"
"CBN-PdlC-D3-20200812","[1392534, 1742053, 1392535]"
"CBN-PdlC-D4-20130807","[1396253, 1395807, 1647128]"
"CBN-PdlC-D4-20130903","[1396253, 1647128, 1395807]"
"CBN-PdlC-D4-20140721","[1396253, 1647156, 1647128]"
"CBN-PdlC-D4-20140811","[1395807, 1396253, 1742053]"
"CBN-PdlC-D4-20140901","[1396253, 1412857, 1742053]"
"CBN-PdlC-D4-20150701","[1396253, 1391092, 1412857]"
"CBN-PdlC-D4-20150720","[1396253, 1392534, 1392535]"
"CBN-PdlC-D4-20150831","[1396253, 1412857, 1392534]"
"CBN-PdlC-D4-20160705","[1396253, 1412857, 1394643]"
"CBN-PdlC-D4-20160726","[1396253, 1392608, 1392534]"
"CBN-PdlC-D4-20170816","[1396253, 1742053, 1412857]"
"CBN-PdlC-D4-20170906","[1396253, 1388916, 1394911]"
"CBN-PdlC-D4-20180723","[1396253, 1396974, 1394911]"
"CBN-PdlC-D4-20180815","[1396253, 1396843, 1392541]"
"CBN-PdlC-D4-20180905","[1396253, 1412857, 1392541]"
"CBN-PdlC-D4-20190701","[1397279, 1394643, 1418688]"
"CBN-PdlC-D4-20190722","[1396253, 1395807, 1741880]"
"CBN-PdlC-D4-20190812","[1396253, 1397381, 1397043]"
"CBN-PdlC-D4-20190909","[1396253, 1395807, 1412857]"
"CBN-PdlC-D4-20200722","[1396253, 1395807, 1392535]"
"CBN-PdlC-D4-20200812","[1396253, 1395807, 1395862]"
"CBN-PdlC-D5-20130807","[1395807, 1396253, 1397524]"
"CBN-PdlC-D5-20130903","[1395807, 1395870, 1393200]"
"CBN-PdlC-D5-20140721","[1392608, 1396253, 1396970]"
"CBN-PdlC-D5-20140811","[1395807, 1360748, 1392608]"
"CBN-PdlC-D5-20140901","[1361367, 1361382, 1392608]"
"CBN-PdlC-D5-20150701","[1396253, 1363543, 1394911]"
"CBN-PdlC-D5-20150720","[1396253, 1395807, 1394311]"
"CBN-PdlC-D5-20150810","[1396253, 1395807, 1390376]"
"CBN-PdlC-D5-20150831","[1396253, 1395807, 1395870]"
"CBN-PdlC-D5-20160705","[1394911, 1396253, 1392608]"
"CBN-PdlC-D5-20160726","[1392608, 1397043, 1396253]"
"CBN-PdlC-D5-20170816","[1396253, 1395807, 1361367]"
"CBN-PdlC-D5-20170906","[1395807, 1396253, 1395862]"
"CBN-PdlC-D5-20180723","[1400101, 1392608, 1392612]"
"CBN-PdlC-D5-20180815","[1395870, 1395807, 1400101]"
"CBN-PdlC-D5-20180905","[1396253, 1361367, 1653859]"
"CBN-PdlC-D5-20190701","[1394911, 1363944, 1392534]"
"CBN-PdlC-D5-20190722","[1392534, 1392535, 1392608]"
"CBN-PdlC-D5-20190812","[1392534, 1395870, 1392608]"
"CBN-PdlC-D5-20190909","[1395807, 1400101, 1396253]"
"CBN-PdlC-D5-20200722","[1392608, 1396253, 1395807]"
"CBN-PdlC-D5-20200812","[1392608, 1396253, 1362482]"
"CBN-PdlC-D6-20130807","[1396253, 1393708, 1395807]"
"CBN-PdlC-D6-20130903","[1396253, 1397043, 1395807]"
"CBN-PdlC-D6-20140721","[1396253, 1609716, 1412857]"
"CBN-PdlC-D6-20140811","[1397043, 1395807, 1396253]"
"CBN-PdlC-D6-20140901","[1412857, 1395807, 1396253]"
"CBN-PdlC-D6-20150701","[1396253, 1743471, 1392260]"
"CBN-PdlC-D6-20150720","[1396253, 1395807, 1393659]"
"CBN-PdlC-D6-20150810","[1389929, 1395807, 1412857]"
"CBN-PdlC-D6-20150831","[1395807, 1396253, 1742053]"
"CBN-PdlC-D6-20160705","[1396253, 1609716, 1395807]"
"CBN-PdlC-D6-20160726","[1397043, 1397046, 1396253]"
"CBN-PdlC-D6-20170816","[1395807, 1742053, 1394311]"
"CBN-PdlC-D6-20170906","[1395807, 1396253, 1392657]"
"CBN-PdlC-D6-20180723","[1396253, 1395870, 1741880]"
"CBN-PdlC-D6-20180815","[1396253, 1395807, 1392241]"
"CBN-PdlC-D6-20180905","[1396253, 1395807, 1397381]"
"CBN-PdlC-D6-20190701","[1392522, 1395949, 1431896]"
"CBN-PdlC-D6-20190722","[1394311, 1397043, 1397046]"
"CBN-PdlC-D6-20190812","[1395807, 1396253, 1397043]"
"CBN-PdlC-D6-20190909","[1396253, 1395807, 1391881]"
"CBN-PdlC-D6-20200722","[1397043, 1396253, 1395807]"
"CBN-PdlC-D6-20200812","[1396253, 1362482, 1395807]"
"CBN-PdlC-E1-20130723","[1396253, 1393966, 1519648]"
"CBN-PdlC-E1-20130807","[1396253, 1390793, 1392608]"
"CBN-PdlC-E1-20130903","[1392608, 1396253, 1412857]"
"CBN-PdlC-E1-20140630","[1396144, 1396253, 1396145]"
"CBN-PdlC-E1-20140721","[1396253, 1397528, 1362469]"
"CBN-PdlC-E1-20140811","[1392535, 1412857, 1742053]"
"CBN-PdlC-E1-20140901","[1412857, 1742053, 1396253]"
"CBN-PdlC-E1-20150701","[1396253, 1392608, 1362273]"
"CBN-PdlC-E1-20150720","[1392608, 1392612, 1395807]"
"CBN-PdlC-E1-20150810","[1393200, 1397475, 1400101]"
"CBN-PdlC-E1-20150831","[1390793, 1392608, 1396253]"
"CBN-PdlC-E1-20160705","[1396253, 1393584, 1392541]"
"CBN-PdlC-E1-20160726","[1396253, 1392608, 1395807]"
"CBN-PdlC-E1-20170816","[1395807, 1396253, 1390793]"
"CBN-PdlC-E1-20170906","[1396253, 1394911, 1395807]"
"CBN-PdlC-E1-20180702","[1396253, 1392534, 1392541]"
"CBN-PdlC-E1-20180723","[1396144, 1392608, 1396253]"
"CBN-PdlC-E1-20180815","[1392608, 1393200, 1396253]"
"CBN-PdlC-E1-20180905","[1396253, 1392608, 1360299]"
"CBN-PdlC-E1-20190701","[1396253, 1359649, 1388913]"
"CBN-PdlC-E1-20190812","[1360299, 1392608, 1396253]"
"CBN-PdlC-E1-20190909","[1651427, 1397386, 1395807]"
"CBN-PdlC-E1-20200629","[1396253, 1392541, 1392608]"
"CBN-PdlC-E1-20200722","[1392608, 1396144, 1390793]"
"CBN-PdlC-E1-20200812","[1392608, 1743471, 1392541]"
"CBN-PdlC-E2-20130723","[1396253, 1397528, 1412857]"
"CBN-PdlC-E2-20130807","[1395807, 1393966, 1397528]"
"CBN-PdlC-E2-20130903","[1395807, 1393584, 1395870]"
"CBN-PdlC-E2-20140630","[1396253, 1395870, 1396144]"
"CBN-PdlC-E2-20140721","[1396144, 1397528, 1395807]"
"CBN-PdlC-E2-20140811","[1396144, 1392535, 1412857]"
"CBN-PdlC-E2-20140901","[1412857, 1396253, 1396144]"
"CBN-PdlC-E2-20150720","[1395807, 1396253, 1393584]"
"CBN-PdlC-E2-20150810","[1412857, 1395870, 1395807]"
"CBN-PdlC-E2-20150831","[1738658, 1395807, 1412857]"
"CBN-PdlC-E2-20160705","[1396253, 1393584, 1395807]"
"CBN-PdlC-E2-20160726","[1396253, 1412857, 1395807]"
"CBN-PdlC-E2-20170816","[1396253, 1412857, 1395807]"
"CBN-PdlC-E2-20170906","[1396253, 1395807, 1412857]"
"CBN-PdlC-E2-20180702","[1394911, 1396253, 1359750]"
"CBN-PdlC-E2-20180723","[1393584, 1396253, 1395807]"
"CBN-PdlC-E2-20180815","[1394643, 1396253, 1395807]"
"CBN-PdlC-E2-20180905","[1396253, 1396144, 1412857]"
"CBN-PdlC-E2-20190701","[1396253, 1394911, 1395807]"
"CBN-PdlC-E2-20190812","[1395807, 1412857, 1651162]"
"CBN-PdlC-E2-20190909","[1396144, 1395807, 1396253]"
"CBN-PdlC-E2-20200629","[1396253, 1394911, 1412857]"
"CBN-PdlC-E2-20200722","[1412857, 1396253, 1395807]"
"CBN-PdlC-E2-20200812","[1395807, 1742053, 1396253]"
"CBN-PdlC-E3-20130723","[1396253, 1392534, 1395807]"
"CBN-PdlC-E3-20130807","[1396253, 1395807, 1651427]"
"CBN-PdlC-E3-20130903","[1396253, 1397386, 1393659]"
"CBN-PdlC-E3-20140630","[1396253, 1390811, 1392330]"
"CBN-PdlC-E3-20140721","[1396253, 1397123, 1395807]"
"CBN-PdlC-E3-20140811","[1397381, 1395807, 1396253]"
"CBN-PdlC-E3-20140901","[1396253, 1395807, 1397381]"
"CBN-PdlC-E3-20150701","[1396253, 1395807, 1397528]"
"CBN-PdlC-E3-20150720","[1394311, 1396253, 1361347]"
"CBN-PdlC-E3-20150810","[1396253, 1395807, 1397386]"
"CBN-PdlC-E3-20150831","[1392293, 1396253, 1397386]"
"CBN-PdlC-E3-20160705","[1393681, 1396253, 1361347]"
"CBN-PdlC-E3-20160726","[1395807, 1396253, 1397381]"
"CBN-PdlC-E3-20170816","[1396253, 1395807, 1359697]"
"CBN-PdlC-E3-20170906","[1396253, 1394911, 1392534]"
"CBN-PdlC-E3-20180702","[1396253, 1397430, 1361592]"
"CBN-PdlC-E3-20180723","[1396253, 1392241, 1395807]"
"CBN-PdlC-E3-20180815","[1397381, 1396253, 1392293]"
"CBN-PdlC-E3-20180905","[1396253, 1392534, 1397386]"
"CBN-PdlC-E3-20190701","[1396253, 1393708, 1397430]"
"CBN-PdlC-E3-20190812","[1396253, 1395807, 1359697]"
"CBN-PdlC-E3-20190909","[1396253, 1392059, 1355928]"
"CBN-PdlC-E3-20200629","[1396253, 1392541, 1361592]"
"CBN-PdlC-E3-20200722","[1396253, 1395807, 1361069]"
"CBN-PdlC-E3-20200812","[1396253, 1395807, 1392059]"
"CBN-PdlC-E4-20130807","[1396253, 1396843, 1395807]"
"CBN-PdlC-E4-20130903","[1396253, 1392608, 1651485]"
"CBN-PdlC-E4-20140630","[1396253, 1392608, 1392300]"
"CBN-PdlC-E4-20140721","[1396253, 1392608, 1396843]"
"CBN-PdlC-E4-20140811","[1396253, 1395807, 1392608]"
"CBN-PdlC-E4-20140901","[1396253, 1395807, 1392608]"
"CBN-PdlC-E4-20150701","[1396253, 1392608, 1361592]"
"CBN-PdlC-E4-20150720","[1396843, 1396253, 1392608]"
"CBN-PdlC-E4-20150810","[1396253, 1392260, 1397381]"
"CBN-PdlC-E4-20160705","[1396253, 1392608, 1393200]"
"CBN-PdlC-E4-20160726","[1396253, 1395807, 1393224]"
"CBN-PdlC-E4-20170816","[1396253, 1361275, 1396843]"
"CBN-PdlC-E4-20170906","[1396253, 1393494, 1394643]"
"CBN-PdlC-E4-20180702","[1396253, 1397430, 1393200]"
"CBN-PdlC-E4-20180723","[1392608, 1393659, 1395807]"
"CBN-PdlC-E4-20180815","[1394311, 1393659, 1744479]"
"CBN-PdlC-E4-20180905","[1396253, 1397467, 1393725]"
"CBN-PdlC-E4-20190701","[1397430, 1393681, 1396253]"
"CBN-PdlC-E4-20190812","[1396253, 1393359, 1399048]"
"CBN-PdlC-E4-20190909","[1396843, 1396253, 1392608]"
"CBN-PdlC-E4-20200629","[1396253, 1396843, 1397430]"
"CBN-PdlC-E4-20200722","[1392608, 1396253, 1395807]"
"CBN-PdlC-E4-20200812","[1392059, 1396253, 1395807]"
"CBN-PdlC-E5-20130723","[1393200, 1392608, 1363413]"
"CBN-PdlC-E5-20130807","[1392608, 1393200, 1395870]"
"CBN-PdlC-E5-20130903","[1392608, 1360299, 1396253]"
"CBN-PdlC-E5-20140630","[1393200, 1392608, 1390761]"
"CBN-PdlC-E5-20140721","[1393200, 1392608, 1393494]"
"CBN-PdlC-E5-20140811","[1393200, 1392608, 1390793]"
"CBN-PdlC-E5-20150720","[1392608, 1393200, 1392612]"
"CBN-PdlC-E5-20150810","[1396253, 1393200, 1392608]"
"CBN-PdlC-E5-20150831","[1396253, 1393200, 1392608]"
"CBN-PdlC-E5-20160705","[1392608, 1393200, 1396843]"
"CBN-PdlC-E5-20160726","[1392608, 1396253, 1392612]"
"CBN-PdlC-E5-20170816","[1392608, 1396253, 1396843]"
"CBN-PdlC-E5-20170906","[1393200, 1396253, 1392608]"
"CBN-PdlC-E5-20180702","[1396253, 1392608, 1393200]"
"CBN-PdlC-E5-20180723","[1392608, 1396253, 1396843]"
"CBN-PdlC-E5-20180815","[1396843, 1393200, 1392608]"
"CBN-PdlC-E5-20180905","[1396253, 1392608, 1495503]"
"CBN-PdlC-E5-20190722","[1393200, 1396253, 1392608]"
"CBN-PdlC-E5-20190812","[1392608, 1396253, 1396843]"
"CBN-PdlC-E5-20190909","[1392608, 1396253, 1407739]"
"CBN-PdlC-E5-20200629","[1396253, 1392608, 1393200]"
"CBN-PdlC-E5-20200722","[1392608, 1396253, 1392534]"
"CBN-PdlC-E5-20200812","[1396253, 1392608, 1393200]"
"CBN-PdlC-E6-20130723","[1392534, 1392541, 1394599]"
"CBN-PdlC-E6-20130807","[1396253, 1396843, 1393200]"
"CBN-PdlC-E6-20130903","[1390793, 1393200, 1392608]"
"CBN-PdlC-E6-20140630","[1359750, 1393200, 1390811]"
"CBN-PdlC-E6-20140721","[1392541, 1393708, 1395807]"
"CBN-PdlC-E6-20140811","[1395807, 1396843, 1397528]"
"CBN-PdlC-E6-20150701","[1392535, 1392608, 1392534]"
"CBN-PdlC-E6-20150720","[1396843, 1395807, 1396253]"
"CBN-PdlC-E6-20150810","[1392608, 1396843, 1395807]"
"CBN-PdlC-E6-20150831","[1393200, 1395807, 1396843]"
"CBN-PdlC-E6-20160705","[1392608, 1392534, 1396843]"
"CBN-PdlC-E6-20160726","[1392534, 1361367, 1392608]"
"CBN-PdlC-E6-20170816","[1396843, 1392541, 1392534]"
"CBN-PdlC-E6-20170906","[1396843, 1397317, 1393200]"
"CBN-PdlC-E6-20180702","[1741880, 1394911, 1392534]"
"CBN-PdlC-E6-20180723","[1392608, 1392535, 1392534]"
"CBN-PdlC-E6-20180815","[1396843, 1393200, 1396253]"
"CBN-PdlC-E6-20180905","[1393200, 1392608, 1396843]"
"CBN-PdlC-E6-20190722","[1392608, 1393200, 1396843]"
"CBN-PdlC-E6-20190812","[1363618, 1391427, 1393224]"
"CBN-PdlC-E6-20190909","[1388916, 1395807, 1396843]"
"CBN-PdlC-E6-20200629","[1393200, 1390793, 1396253]"
"CBN-PdlC-E6-20200722","[1362273, 1396843, 1390793]"
"CBN-PdlC-E6-20200812","[1396843, 1395807, 1393200]"
"CBN-PdlC-F1-20130723","[1397528, 1362273, 1396144]"
"CBN-PdlC-F1-20130807","[1396144, 1392541, 1392534]"
"CBN-PdlC-F1-20130903","[1392534, 1392535, 1395870]"
"CBN-PdlC-F1-20140630","[1396144, 1392541, 1392534]"
"CBN-PdlC-F1-20140721","[1362273, 1392541, 1396253]"
"CBN-PdlC-F1-20140811","[1396144, 1397381, 1412857]"
"CBN-PdlC-F1-20140901","[1742053, 1412857, 1397381]"
"CBN-PdlC-F1-20150701","[1392534, 1392535, 1396253]"
"CBN-PdlC-F1-20150720","[1396253, 1742053, 1412857]"
"CBN-PdlC-F1-20150810","[1396253, 1412857, 1395807]"
"CBN-PdlC-F1-20150831","[1412857, 1396253, 1391085]"
"CBN-PdlC-F1-20160705","[1396253, 1396144, 1479447]"
"CBN-PdlC-F1-20160726","[1396253, 1397381, 1396144]"
"CBN-PdlC-F1-20170816","[1396144, 1396253, 1395807]"
"CBN-PdlC-F1-20170906","[1396253, 1396144, 1388766]"
"CBN-PdlC-F1-20180702","[1396253, 1396144, 1394911]"
"CBN-PdlC-F1-20180723","[1388915, 1396253, 1396144]"
"CBN-PdlC-F1-20180815","[1396144, 1396253, 1392541]"
"CBN-PdlC-F1-20180905","[1396253, 1396144, 1392541]"
"CBN-PdlC-F1-20190701","[1396253, 1396144, 1392541]"
"CBN-PdlC-F1-20190812","[1396253, 1392541, 1395807]"
"CBN-PdlC-F1-20190909","[1396253, 1396144, 1395807]"
"CBN-PdlC-F1-20200629","[1396253, 1396144, 1392541]"
"CBN-PdlC-F1-20200722","[1396144, 1396843, 1396253]"
"CBN-PdlC-F1-20200812","[1396253, 1397381, 1359697]"
"CBN-PdlC-F2-20130723","[1396253, 1362273, 1397528]"
"CBN-PdlC-F2-20130807","[1396253, 1396843, 1741880]"
"CBN-PdlC-F2-20130903","[1396253, 1412857, 1392541]"
"CBN-PdlC-F2-20140630","[1396253, 1396144, 1394597]"
"CBN-PdlC-F2-20140721","[1396253, 1396144, 1397528]"
"CBN-PdlC-F2-20140811","[1412857, 1392541, 1396253]"
"CBN-PdlC-F2-20140901","[1396253, 1395807, 1412857]"
"CBN-PdlC-F2-20150701","[1396253, 1392608, 1397528]"
"CBN-PdlC-F2-20150720","[1396253, 1395807, 1412857]"
"CBN-PdlC-F2-20150810","[1412857, 1742053, 1395807]"
"CBN-PdlC-F2-20150831","[1396253, 1412857, 1395807]"
"CBN-PdlC-F2-20160705","[1396253, 1397528, 1392535]"
"CBN-PdlC-F2-20160726","[1396253, 1395807, 1363944]"
"CBN-PdlC-F2-20170906","[1396253, 1392608, 1396843]"
"CBN-PdlC-F2-20180702","[1396253, 1396144, 1394911]"
"CBN-PdlC-F2-20180723","[1393584, 1396253, 1396843]"
"CBN-PdlC-F2-20180815","[1742053, 1396253, 1396843]"
"CBN-PdlC-F2-20180905","[1742053, 1396253, 1412857]"
"CBN-PdlC-F2-20190701","[1392608, 1396253, 1396843]"
"CBN-PdlC-F2-20190812","[1396253, 1395807, 1397381]"
"CBN-PdlC-F2-20190909","[1396253, 1395807, 1392565]"
"CBN-PdlC-F2-20200629","[1396253, 1396144, 1392352]"
"CBN-PdlC-F2-20200722","[1396144, 1395807, 1396253]"
"CBN-PdlC-F2-20200812","[1359697, 1397381, 1392541]"
"CBN-PdlC-F3-20130723","[1396253, 1393200, 1397123]"
"CBN-PdlC-F3-20130807","[1396253, 1392608, 1392606]"
"CBN-PdlC-F3-20130903","[1392608, 1741880, 1395870]"
"CBN-PdlC-F3-20140630","[1392608, 1396144, 1396253]"
"CBN-PdlC-F3-20140721","[1397528, 1396253, 1395807]"
"CBN-PdlC-F3-20140811","[1393200, 1397381, 1395807]"
"CBN-PdlC-F3-20140901","[1392608, 1396253, 1395807]"
"CBN-PdlC-F3-20150701","[1393584, 1396253, 1393659]"
"CBN-PdlC-F3-20150720","[1392608, 1392612, 1651233]"
"CBN-PdlC-F3-20150810","[1395807, 1651427, 1651162]"
"CBN-PdlC-F3-20150831","[1392608, 1396253, 1412857]"
"CBN-PdlC-F3-20160705","[1396253, 1395807, 1393659]"
"CBN-PdlC-F3-20160726","[1395807, 1741880, 1395870]"
"CBN-PdlC-F3-20170816","[1396253, 1394311, 1392608]"
"CBN-PdlC-F3-20170906","[1392608, 1396253, 1395807]"
"CBN-PdlC-F3-20180702","[1392608, 1396253, 1361596]"
"CBN-PdlC-F3-20180723","[1392608, 1395807, 1392534]"
"CBN-PdlC-F3-20180815","[1397381, 1394311, 1388766]"
"CBN-PdlC-F3-20180905","[1396253, 1393200, 1651427]"
"CBN-PdlC-F3-20190701","[1393659, 1361592, 1395807]"
"CBN-PdlC-F3-20190722","[1393659, 1395807, 1392608]"
"CBN-PdlC-F3-20190812","[1396253, 1395807, 1392608]"
"CBN-PdlC-F3-20190909","[1396253, 1395807, 1392608]"
"CBN-PdlC-F3-20200629","[1392608, 1393200, 1396253]"
"CBN-PdlC-F3-20200722","[1395807, 1392608, 1396253]"
"CBN-PdlC-F3-20200812","[1396253, 1397381, 1359697]"
"CBN-PdlC-F4-20130723","[1393200, 1396253, 1394911]"
"CBN-PdlC-F4-20130807","[1396843, 1392608, 1400101]"
"CBN-PdlC-F4-20130903","[1394542, 1392608, 1393200]"
"CBN-PdlC-F4-20140630","[1393200, 1392608, 1396253]"
"CBN-PdlC-F4-20140811","[1393200, 1395807, 1392608]"
"CBN-PdlC-F4-20140901","[1396253, 1392608, 1396843]"
"CBN-PdlC-F4-20150701","[1392608, 1361592, 1397430]"
"CBN-PdlC-F4-20150720","[1392608, 1396253, 1393681]"
"CBN-PdlC-F4-20150810","[1392608, 1361141, 1396843]"
"CBN-PdlC-F4-20150831","[1393200, 1397430, 1392608]"
"CBN-PdlC-F4-20160705","[1397430, 1393200, 1392608]"
"CBN-PdlC-F4-20160726","[1392608, 1396253, 1397430]"
"CBN-PdlC-F4-20170816","[1396253, 1393200, 1395807]"
"CBN-PdlC-F4-20170906","[1396253, 1722433, 1393200]"
"CBN-PdlC-F4-20180702","[1393200, 1396253, 1392541]"
"CBN-PdlC-F4-20180723","[1393200, 1392608, 1396843]"
"CBN-PdlC-F4-20180815","[1392608, 1393200, 1396253]"
"CBN-PdlC-F4-20180905","[1392608, 1396253, 1396843]"
"CBN-PdlC-F4-20190701","[1393200, 1396253, 1394311]"
"CBN-PdlC-F4-20190722","[1393200, 1396843, 1392608]"
"CBN-PdlC-F4-20190812","[1392608, 1396253, 1392293]"
"CBN-PdlC-F4-20190909","[1392608, 1393200, 1396843]"
"CBN-PdlC-F4-20200629","[1393200, 1397430, 1396253]"
"CBN-PdlC-F4-20200722","[1392608, 1361592, 1396843]"
"CBN-PdlC-F4-20200812","[1392608, 1396843, 1392611]"
"CBN-PdlC-F5-20130723","[1396253, 1392608, 1395870]"
"CBN-PdlC-F5-20130903","[1392608, 1394311, 1396843]"
"CBN-PdlC-F5-20140630","[1396253, 1392608, 1388766]"
"CBN-PdlC-F5-20140721","[1392608, 1396253, 1396843]"
"CBN-PdlC-F5-20140811","[1392608, 1396253, 1396843]"
"CBN-PdlC-F5-20150701","[1394311, 1392608, 1396253]"
"CBN-PdlC-F5-20150720","[1392608, 1396253, 1358491]"
"CBN-PdlC-F5-20150810","[1396253, 1743471, 1392608]"
"CBN-PdlC-F5-20150831","[1396253, 1392608, 1361367]"
"CBN-PdlC-F5-20160705","[1392608, 1396843, 1396253]"
"CBN-PdlC-F5-20160726","[1396843, 1396253, 1361367]"
"CBN-PdlC-F5-20170816","[1396253, 1396843, 1390793]"
"CBN-PdlC-F5-20170906","[1396253, 1392608, 1396843]"
"CBN-PdlC-F5-20180702","[1396253, 1392541, 1396843]"
"CBN-PdlC-F5-20180723","[1392608, 1396253, 1396843]"
"CBN-PdlC-F5-20180815","[1396253, 1396843, 1394311]"
"CBN-PdlC-F5-20180905","[1396253, 1392608, 1396843]"
"CBN-PdlC-F5-20190722","[1392608, 1390793, 1396843]"
"CBN-PdlC-F5-20190812","[1392608, 1396843, 1396253]"
"CBN-PdlC-F5-20190909","[1396253, 1397386, 1390793]"
"CBN-PdlC-F5-20200629","[1392608, 1396253, 1392611]"
"CBN-PdlC-F5-20200722","[1392608, 1396843, 1395807]"
"CBN-PdlC-F5-20200812","[1396843, 1395807, 1390793]"
"CBN-PdlC-F6-20130723","[1396843, 1396253, 1390793]"
"CBN-PdlC-F6-20130807","[1396843, 1395870, 1390793]"
"CBN-PdlC-F6-20130903","[1390793, 1396843, 1393224]"
"CBN-PdlC-F6-20140630","[1390793, 1390761, 1390874]"
"CBN-PdlC-F6-20140721","[1390793, 1392534, 1394311]"
"CBN-PdlC-F6-20140811","[1393200, 1396843, 1390899]"
"CBN-PdlC-F6-20150701","[1393200, 1392535, 1396843]"
"CBN-PdlC-F6-20150720","[1392608, 1394542, 1396843]"
"CBN-PdlC-F6-20150810","[1393200, 1396843, 1392608]"
"CBN-PdlC-F6-20150831","[1392608, 1396843, 1390793]"
"CBN-PdlC-F6-20160705","[1397528, 1396843, 1390793]"
"CBN-PdlC-F6-20160726","[1392534, 1396843, 1392608]"
"CBN-PdlC-F6-20170816","[1393200, 1396843, 1390793]"
"CBN-PdlC-F6-20170906","[1396843, 1392608, 1390793]"
"CBN-PdlC-F6-20180702","[1393200, 1396253, 1396843]"
"CBN-PdlC-F6-20180723","[1396843, 1390793, 1392608]"
"CBN-PdlC-F6-20180815","[1396843, 1396253, 1396869]"
"CBN-PdlC-F6-20180905","[1393200, 1396843, 1363543]"
"CBN-PdlC-F6-20190722","[1396843, 1392608, 1390793]"
"CBN-PdlC-F6-20190812","[1361367, 1396843, 1392612]"
"CBN-PdlC-F6-20190909","[1390793, 1394311, 1396843]"
"CBN-PdlC-F6-20200629","[1390793, 1392608, 1392534]"
"CBN-PdlC-F6-20200722","[1394311, 1396843, 1392534]"
"CBN-PdlC-F6-20200812","[1390793, 1393200, 1392534]"
"CBN-Pla-A1-20130808","[1396253, 1397475, 1395807]"
"CBN-Pla-A1-20130904","[1397475, 1396253, 1395807]"
"CBN-Pla-A1-20140722","[1397475, 1396253, 1397279]"
"CBN-Pla-A1-20140812","[1397475, 1400176, 1396253]"
"CBN-Pla-A1-20140902","[1397475, 1392241, 1394311]"
"CBN-Pla-A1-20150702","[1397475, 1396253, 1394865]"
"CBN-Pla-A1-20150723","[1361367, 1397475, 1395807]"
"CBN-Pla-A1-20150811","[1397475, 1741880, 1395870]"
"CBN-Pla-A1-20150901","[1397475, 1396253, 1395807]"
"CBN-Pla-A1-20160707","[1396253, 1397475, 1357593]"
"CBN-Pla-A1-20160728","[1397475, 1396253, 1395807]"
"CBN-Pla-A1-20180724","[1397475, 1397386, 1486742]"
"CBN-Pla-A1-20180816","[1397475, 1396253, 1395807]"
"CBN-Pla-A1-20180906","[1395807, 1397475, 1361141]"
"CBN-Pla-A1-20190723","[1395807, 1400176, 1396253]"
"CBN-Pla-A1-20190814","[1397475, 1412857, 1395807]"
"CBN-Pla-A1-20200630","[1418688, 1396118, 1512231]"
"CBN-Pla-A1-20200723","[1400176, 1397475, 1742053]"
"CBN-Pla-A1-20200814","[1412857, 1392552, 1738042]"
"CBN-Pla-A2-20130724","[1390793, 1397549, 1396015]"
"CBN-Pla-A2-20130808","[1395807, 1741880, 1395870]"
"CBN-Pla-A2-20130904","[1396015, 1395973, 1395807]"
"CBN-Pla-A2-20140722","[1396015, 1395973, 1395949]"
"CBN-Pla-A2-20140812","[1396144, 1395949, 1396015]"
"CBN-Pla-A2-20140902","[1396015, 1395949, 1392657]"
"CBN-Pla-A2-20150702","[1412857, 1361367, 1396253]"
"CBN-Pla-A2-20150723","[1396015, 1742053, 1395807]"
"CBN-Pla-A2-20150811","[1392552, 1396015, 1392566]"
"CBN-Pla-A2-20150901","[1396015, 1392552, 1412857]"
"CBN-Pla-A2-20160707","[1396015, 1396253, 1394643]"
"CBN-Pla-A2-20160728","[1412857, 1741880, 1395870]"
"CBN-Pla-A2-20180724","[1396180, 1396175, 1529402]"
"CBN-Pla-A2-20180816","[1395807, 1396253, 1395870]"
"CBN-Pla-A2-20180906","[1396015, 1395949, 1395973]"
"CBN-Pla-A2-20190723","[1396253, 1396144, 1395807]"
"CBN-Pla-A2-20190814","[1396015, 1396253, 1395973]"
"CBN-Pla-A2-20200723","[1396253, 1396015, 1395949]"
"CBN-Pla-A2-20200814","[1742053, 1412857, 1396015]"
"CBN-Pla-A3-20130724","[1392534, 1358095, 1418688]"
"CBN-Pla-A3-20130808","[1395807, 1396253, 1742053]"
"CBN-Pla-A3-20130904","[1397046, 1741880, 1392541]"
"CBN-Pla-A3-20140722","[1390793, 1396144, 1394311]"
"CBN-Pla-A3-20140812","[1395807, 1741880, 1395870]"
"CBN-Pla-A3-20140902","[1395807, 1361367, 1396843]"
"CBN-Pla-A3-20150702","[1396144, 1396843, 1395807]"
"CBN-Pla-A3-20150723","[1395807, 1361367, 1397046]"
"CBN-Pla-A3-20150811","[1396144, 1395807, 1412857]"
"CBN-Pla-A3-20150901","[1412857, 1395807, 1396843]"
"CBN-Pla-A3-20160707","[1396144, 1395870, 1393708]"
"CBN-Pla-A3-20160728","[1396144, 1397043, 1412857]"
"CBN-Pla-A3-20180724","[1396144, 1392330, 1418688]"
"CBN-Pla-A3-20180816","[1395807, 1396144, 1741880]"
"CBN-Pla-A3-20180906","[1396144, 1392541, 1395807]"
"CBN-Pla-A3-20190723","[1395807, 1396253, 1741880]"
"CBN-Pla-A3-20190814","[1647180, 1396144, 1395870]"
"CBN-Pla-A3-20200723","[1395807, 1397043, 1397046]"
"CBN-Pla-A3-20200814","[1392541, 1396843, 1396144]"
"CBN-Pla-A4-20130724","[1418688, 1359587, 1392541]"
"CBN-Pla-A4-20130808","[1741880, 1395870, 1395807]"
"CBN-Pla-A4-20130904","[1395870, 1741880, 1395807]"
"CBN-Pla-A4-20140722","[1356942, 1399798, 1395870]"
"CBN-Pla-A4-20140812","[1395870, 1741880, 1395807]"
"CBN-Pla-A4-20140902","[1741880, 1395870, 1395807]"
"CBN-Pla-A4-20150702","[1418688, 1394311, 1395870]"
"CBN-Pla-A4-20150723","[1395870, 1741880, 1356422]"
"CBN-Pla-A4-20150811","[1741880, 1395870, 1395807]"
"CBN-Pla-A4-20150901","[1395870, 1741880, 1395807]"
"CBN-Pla-A4-20160707","[1741880, 1392484, 1363543]"
"CBN-Pla-A4-20160728","[1395870, 1395807, 1394311]"
"CBN-Pla-A4-20180724","[1392522, 1609716, 1418688]"
"CBN-Pla-A4-20180816","[1741880, 1395870, 1395807]"
"CBN-Pla-A4-20180906","[1395870, 1741880, 1395807]"
"CBN-Pla-A4-20190723","[1741880, 1395870, 1395807]"
"CBN-Pla-A4-20190814","[1395870, 1741880, 1395807]"
"CBN-Pla-A4-20200723","[1741880, 1395870, 1396253]"
"CBN-Pla-A4-20200814","[1395870, 1741880, 1395807]"
"CBN-Pla-A5-20130724","[1727501, 1737701, 1395807]"
"CBN-Pla-A5-20130808","[1741880, 1395870, 1395807]"
"CBN-Pla-A5-20130904","[1741880, 1395870, 1397386]"
"CBN-Pla-A5-20140722","[1647156, 1419963, 1412857]"
"CBN-Pla-A5-20140812","[1395870, 1741880, 1395807]"
"CBN-Pla-A5-20140902","[1741880, 1395870, 1361367]"
"CBN-Pla-A5-20150702","[1396094, 1741880, 1737701]"
"CBN-Pla-A5-20150723","[1395870, 1741880, 1395807]"
"CBN-Pla-A5-20150811","[1741880, 1395870, 1742053]"
"CBN-Pla-A5-20160707","[1741880, 1396253, 1395870]"
"CBN-Pla-A5-20160728","[1395870, 1741880, 1396843]"
"CBN-Pla-A5-20180724","[1741880, 1390793, 1418688]"
"CBN-Pla-A5-20180816","[1395870, 1741880, 1742053]"
"CBN-Pla-A5-20180906","[1395870, 1741880, 1395807]"
"CBN-Pla-A5-20190723","[1741880, 1395870, 1395807]"
"CBN-Pla-A5-20190814","[1741880, 1395870, 1361367]"
"CBN-Pla-A5-20200723","[1741880, 1395870, 1395807]"
"CBN-Pla-A5-20200814","[1395870, 1741880, 1395862]"
"CBN-Pla-A6-20130724","[1609716, 1418688, 1741880]"
"CBN-Pla-A6-20130808","[1741880, 1395870, 1395807]"
"CBN-Pla-A6-20130904","[1741880, 1395870, 1395807]"
"CBN-Pla-A6-20140722","[1741880, 1396253, 1395870]"
"CBN-Pla-A6-20140812","[1741880, 1395870, 1395807]"
"CBN-Pla-A6-20140902","[1741880, 1395870, 1396858]"
"CBN-Pla-A6-20150702","[1396253, 1741880, 1609716]"
"CBN-Pla-A6-20150723","[1395870, 1741880, 1396869]"
"CBN-Pla-A6-20150811","[1741880, 1395870, 1397381]"
"CBN-Pla-A6-20150901","[1741880, 1395870, 1396253]"
"CBN-Pla-A6-20160707","[1395807, 1358099, 1741880]"
"CBN-Pla-A6-20160728","[1396843, 1395807, 1395870]"
"CBN-Pla-A6-20180724","[1396018, 1396030, 1395949]"
"CBN-Pla-A6-20180816","[1395870, 1741880, 1395807]"
"CBN-Pla-A6-20180906","[1395870, 1741880, 1743315]"
"CBN-Pla-A6-20190723","[1395870, 1395807, 1395862]"
"CBN-Pla-A6-20190814","[1361367, 1396843, 1397381]"
"CBN-Pla-A6-20200723","[1741880, 1395870, 1741624]"
"CBN-Pla-A6-20200814","[1741624, 1396843, 1395807]"
"CBN-Pla-B1-20130724","[1363133, 1743465, 1390793]"
"CBN-Pla-B1-20130808","[1396253, 1395807, 1418688]"
"CBN-Pla-B1-20130904","[1396253, 1395870, 1395807]"
"CBN-Pla-B1-20140722","[1419963, 1390837, 1392541]"
"CBN-Pla-B1-20140812","[1742053, 1395807, 1396253]"
"CBN-Pla-B1-20140902","[1742053, 1412857, 1392260]"
"CBN-Pla-B1-20150702","[1392352, 1394643, 1742053]"
"CBN-Pla-B1-20150723","[1412857, 1742053, 1395807]"
"CBN-Pla-B1-20150811","[1396253, 1395807, 1392260]"
"CBN-Pla-B1-20150901","[1396253, 1394311, 1361141]"
"CBN-Pla-B1-20160707","[1741880, 1395870, 1396253]"
"CBN-Pla-B1-20160728","[1395807, 1396253, 1742053]"
"CBN-Pla-B1-20180724","[1396253, 1393679, 1418612]"
"CBN-Pla-B1-20180816","[1742053, 1395807, 1392241]"
"CBN-Pla-B1-20180906","[1396253, 1412857, 1395807]"
"CBN-Pla-B1-20190723","[1396253, 1395807, 1397049]"
"CBN-Pla-B1-20190814","[1742053, 1392260, 1651061]"
"CBN-Pla-B1-20200630","[1396447, 1360035, 1357031]"
"CBN-Pla-B1-20200723","[1741880, 1412857, 1395807]"
"CBN-Pla-B1-20200814","[1412857, 1397381, 1742052]"
"CBN-Pla-B2-20130724","[1743315, 1394911, 1357663]"
"CBN-Pla-B2-20130808","[1396253, 1360874, 1395807]"
"CBN-Pla-B2-20130904","[1395807, 1394311, 1395870]"
"CBN-Pla-B2-20140722","[1390837, 1418688, 1392407]"
"CBN-Pla-B2-20140812","[1395807, 1651363, 1396843]"
"CBN-Pla-B2-20140902","[1396843, 1361367, 1395807]"
"CBN-Pla-B2-20150702","[1743471, 1392260, 1392352]"
"CBN-Pla-B2-20150723","[1396843, 1396253, 1395870]"
"CBN-Pla-B2-20150811","[1392552, 1396843, 1396253]"
"CBN-Pla-B2-20150901","[1396253, 1396843, 1392552]"
"CBN-Pla-B2-20160707","[1396253, 1395870, 1394311]"
"CBN-Pla-B2-20160728","[1395807, 1396843, 1741880]"
"CBN-Pla-B2-20180724","[1418688, 1744504, 1578131]"
"CBN-Pla-B2-20180816","[1741880, 1395807, 1412857]"
"CBN-Pla-B2-20180906","[1396253, 1396843, 1392293]"
"CBN-Pla-B2-20190723","[1395807, 1396843, 1741880]"
"CBN-Pla-B2-20190814","[1397386, 1362482, 1392260]"
"CBN-Pla-B2-20200723","[1397043, 1395807, 1396843]"
"CBN-Pla-B2-20200814","[1395807, 1394366, 1741880]"
"CBN-Pla-B3-20130724","[1418688, 1361273, 1390793]"
"CBN-Pla-B3-20130808","[1396253, 1395807, 1360874]"
"CBN-Pla-B3-20130904","[1396253, 1395807, 1392293]"
"CBN-Pla-B3-20140722","[1395807, 1363543, 1361273]"
"CBN-Pla-B3-20140812","[1396253, 1395807, 1397043]"
"CBN-Pla-B3-20140902","[1396253, 1395807, 1743474]"
"CBN-Pla-B3-20150811","[1396253, 1397386, 1743471]"
"CBN-Pla-B3-20150901","[1396253, 1395807, 1396843]"
"CBN-Pla-B3-20160707","[1396253, 1361347, 1395807]"
"CBN-Pla-B3-20160728","[1396253, 1395807, 1355926]"
"CBN-Pla-B3-20180724","[1356359, 1418688, 1392657]"
"CBN-Pla-B3-20180816","[1395807, 1396843, 1394311]"
"CBN-Pla-B3-20180906","[1396253, 1412857, 1395807]"
"CBN-Pla-B3-20190723","[1395807, 1396253, 1361347]"
"CBN-Pla-B3-20190814","[1395807, 1361347, 1397386]"
"CBN-Pla-B3-20200723","[1395807, 1396253, 1418688]"
"CBN-Pla-B3-20200814","[1397468, 1396253, 1397386]"
"CBN-Pla-B4-20130724","[1392067, 1646126, 1418688]"
"CBN-Pla-B4-20130808","[1395807, 1395862, 1395870]"
"CBN-Pla-B4-20130904","[1397043, 1391085, 1395870]"
"CBN-Pla-B4-20140722","[1397386, 1390793, 1394414]"
"CBN-Pla-B4-20140812","[1395807, 1396253, 1394542]"
"CBN-Pla-B4-20140902","[1397043, 1397386, 1392293]"
"CBN-Pla-B4-20150702","[1396843, 1397386, 1363543]"
"CBN-Pla-B4-20150723","[1395807, 1396843, 1394542]"
"CBN-Pla-B4-20150811","[1388766, 1395807, 1390837]"
"CBN-Pla-B4-20150901","[1395807, 1361367, 1396843]"
"CBN-Pla-B4-20160707","[1397386, 1363543, 1361273]"
"CBN-Pla-B4-20160728","[1395807, 1397043, 1397046]"
"CBN-Pla-B4-20180724","[1361347, 1390837, 1397386]"
"CBN-Pla-B4-20180816","[1395807, 1397043, 1395870]"
"CBN-Pla-B4-20180906","[1397043, 1397046, 1395807]"
"CBN-Pla-B4-20190723","[1394311, 1741880, 1395807]"
"CBN-Pla-B4-20190814","[1651427, 1361347, 1742053]"
"CBN-Pla-B4-20200723","[1395807, 1396971, 1741880]"
"CBN-Pla-B4-20200814","[1395807, 1391207, 1647187]"
"CBN-Pla-B5-20130724","[1396253, 1363619, 1395870]"
"CBN-Pla-B5-20130808","[1395807, 1395870, 1741880]"
"CBN-Pla-B5-20130904","[1395807, 1394366, 1394542]"
"CBN-Pla-B5-20140722","[1396253, 1532190, 1390793]"
"CBN-Pla-B5-20140812","[1396144, 1395807, 1396843]"
"CBN-Pla-B5-20140902","[1395870, 1361367, 1395807]"
"CBN-Pla-B5-20150702","[1392565, 1396253, 1744194]"
"CBN-Pla-B5-20150723","[1647677, 1362482, 1395870]"
"CBN-Pla-B5-20150811","[1395870, 1741880, 1362482]"
"CBN-Pla-B5-20150901","[1394311, 1647677, 1395807]"
"CBN-Pla-B5-20160707","[1390793, 1396970, 1395807]"
"CBN-Pla-B5-20160728","[1741880, 1397043, 1392330]"
"CBN-Pla-B5-20180724","[1396144, 1418688, 1359965]"
"CBN-Pla-B5-20180816","[1395870, 1741880, 1395807]"
"CBN-Pla-B5-20180906","[1394366, 1397046, 1395870]"
"CBN-Pla-B5-20190723","[1395807, 1396843, 1741880]"
"CBN-Pla-B5-20190814","[1395870, 1741880, 1361367]"
"CBN-Pla-B5-20200723","[1397043, 1397049, 1395807]"
"CBN-Pla-B5-20200814","[1741880, 1395870, 1397046]"
"CBN-Pla-B6-20130724","[1396144, 1397491, 1741880]"
"CBN-Pla-B6-20130808","[1396253, 1396144, 1395807]"
"CBN-Pla-B6-20130904","[1396144, 1396253, 1400017]"
"CBN-Pla-B6-20140722","[1396144, 1397491, 1393966]"
"CBN-Pla-B6-20140812","[1396144, 1395987, 1395807]"
"CBN-Pla-B6-20140902","[1396144, 1396015, 1361367]"
"CBN-Pla-B6-20150702","[1688053, 1396253, 1395940]"
"CBN-Pla-B6-20150723","[1396869, 1396144, 1396857]"
"CBN-Pla-B6-20150811","[1396144, 1396663, 1396253]"
"CBN-Pla-B6-20150901","[1396015, 1396144, 1395807]"
"CBN-Pla-B6-20160707","[1396144, 1396015, 1396023]"
"CBN-Pla-B6-20160728","[1396015, 1396253, 1395973]"
"CBN-Pla-B6-20180816","[1396144, 1397043, 1397491]"
"CBN-Pla-B6-20180906","[1396144, 1396015, 1395940]"
"CBN-Pla-B6-20190723","[1396144, 1395807, 1397491]"
"CBN-Pla-B6-20190814","[1396015, 1396144, 1395987]"
"CBN-Pla-B6-20200723","[1396144, 1396015, 1395807]"
"CBN-Pla-B6-20200814","[1396144, 1396015, 1395940]"
"CBN-Pla-C1-20130808","[1741880, 1395870, 1395807]"
"CBN-Pla-C1-20130904","[1395870, 1741880, 1392541]"
"CBN-Pla-C1-20150702","[1392534, 1392535, 1392541]"
"CBN-Pla-C1-20150723","[1395870, 1741880, 1397468]"
"CBN-Pla-C1-20150811","[1395870, 1741880, 1395807]"
"CBN-Pla-C1-20150901","[1741880, 1392534, 1395870]"
"CBN-Pla-C1-20160707","[1741880, 1394911, 1395870]"
"CBN-Pla-C1-20160728","[1395870, 1741880, 1395718]"
"CBN-Pla-C1-20180816","[1395870, 1741880, 1741624]"
"CBN-Pla-C1-20180906","[1394911, 1395870, 1741880]"
"CBN-Pla-C1-20190723","[1741880, 1395870, 1392534]"
"CBN-Pla-C1-20190814","[1741880, 1400176, 1395870]"
"CBN-Pla-C1-20200723","[1394911, 1394311, 1395870]"
"CBN-Pla-C1-20200814","[1395870, 1741880, 1392534]"
"CBN-Pla-C2-20130808","[1741880, 1396253, 1395870]"
"CBN-Pla-C2-20130904","[1741880, 1395870, 1396253]"
"CBN-Pla-C2-20140722","[1356228, 1396144, 1361703]"
"CBN-Pla-C2-20140902","[1412857, 1395870, 1361367]"
"CBN-Pla-C2-20150702","[1741880, 1395870, 1396253]"
"CBN-Pla-C2-20150723","[1741880, 1395870, 1397049]"
"CBN-Pla-C2-20150811","[1741880, 1395870, 1742053]"
"CBN-Pla-C2-20150901","[1394542, 1395870, 1741880]"
"CBN-Pla-C2-20160707","[1393619, 1418688, 1742052]"
"CBN-Pla-C2-20160728","[1742053, 1412857, 1742052]"
"CBN-Pla-C2-20180724","[1743471, 1361275, 1412857]"
"CBN-Pla-C2-20180816","[1396253, 1412857, 1742053]"
"CBN-Pla-C2-20180906","[1742053, 1412857, 1396253]"
"CBN-Pla-C2-20190723","[1396253, 1390899, 1395807]"
"CBN-Pla-C2-20190814","[1742052, 1397043, 1397046]"
"CBN-Pla-C2-20200723","[1396253, 1450108, 1395807]"
"CBN-Pla-C2-20200814","[1742053, 1396253, 1412857]"
"CBN-Pla-C3-20130808","[1395807, 1394643, 1394597]"
"CBN-Pla-C3-20130904","[1395807, 1400176, 1397386]"
"CBN-Pla-C3-20140722","[1390793, 1532190, 1390837]"
"CBN-Pla-C3-20140902","[1400176, 1363133, 1394542]"
"CBN-Pla-C3-20150702","[1396094, 1390793, 1418688]"
"CBN-Pla-C3-20150723","[1400176, 1395870, 1390837]"
"CBN-Pla-C3-20150811","[1395807, 1400176, 1395870]"
"CBN-Pla-C3-20150901","[1395870, 1741880, 1396253]"
"CBN-Pla-C3-20160707","[1395807, 1394311, 1390899]"
"CBN-Pla-C3-20160728","[1741880, 1395870, 1361367]"
"CBN-Pla-C3-20180724","[1418688, 1532190, 1412857]"
"CBN-Pla-C3-20180816","[1395870, 1741880, 1412857]"
"CBN-Pla-C3-20180906","[1741880, 1390899, 1395870]"
"CBN-Pla-C3-20190723","[1395807, 1741880, 1418688]"
"CBN-Pla-C3-20190814","[1741880, 1395870, 1394311]"
"CBN-Pla-C3-20200723","[1741880, 1400176, 1395807]"
"CBN-Pla-C3-20200814","[1741880, 1400176, 1395870]"
"CBN-Pla-C4-20130808","[1395807, 1396253, 1363543]"
"CBN-Pla-C4-20130904","[1394311, 1393200, 1395807]"
"CBN-Pla-C4-20140902","[1395807, 1394311, 1361099]"
"CBN-Pla-C4-20150702","[1407739, 1418688, 1390811]"
"CBN-Pla-C4-20150723","[1395807, 1361273, 1397461]"
"CBN-Pla-C4-20150811","[1395807, 1396843, 1395870]"
"CBN-Pla-C4-20150901","[1396843, 1393567, 1395807]"
"CBN-Pla-C4-20160707","[1532190, 1397500, 1395807]"
"CBN-Pla-C4-20160728","[1397043, 1395807, 1647128]"
"CBN-Pla-C4-20180724","[1390837, 1397500, 1396253]"
"CBN-Pla-C4-20180816","[1395807, 1395870, 1741880]"
"CBN-Pla-C4-20180906","[1396253, 1395807, 1741880]"
"CBN-Pla-C4-20190723","[1396253, 1395807, 1395120]"
"CBN-Pla-C4-20190814","[1396253, 1397500, 1396869]"
"CBN-Pla-C4-20200723","[1396253, 1742053, 1395807]"
"CBN-Pla-C4-20200814","[1742053, 1412857, 1396253]"
"CBN-Pla-C5-20130808","[1395807, 1361367, 1396869]"
"CBN-Pla-C5-20130904","[1395807, 1396144, 1647156]"
"CBN-Pla-C5-20140722","[1396144, 1396180, 1390904]"
"CBN-Pla-C5-20140902","[1396144, 1396869, 1395807]"
"CBN-Pla-C5-20150702","[1396144, 1388766, 1418688]"
"CBN-Pla-C5-20150723","[1397046, 1396144, 1397043]"
"CBN-Pla-C5-20150811","[1395807, 1396144, 1396869]"
"CBN-Pla-C5-20150901","[1396869, 1396144, 1395807]"
"CBN-Pla-C5-20160707","[1390837, 1361347, 1390870]"
"CBN-Pla-C5-20160728","[1395807, 1396144, 1397386]"
"CBN-Pla-C5-20180724","[1396144, 1361273, 1361347]"
"CBN-Pla-C5-20180816","[1396869, 1395807, 1741880]"
"CBN-Pla-C5-20180906","[1395807, 1412857, 1394311]"
"CBN-Pla-C5-20190723","[1395807, 1741880, 1388766]"
"CBN-Pla-C5-20190814","[1395807, 1742053, 1395870]"
"CBN-Pla-C5-20200723","[1395807, 1742053, 1412857]"
"CBN-Pla-C5-20200814","[1395807, 1390837, 1394311]"
"CBN-Pla-C6-20130808","[1396253, 1395807, 1395870]"
"CBN-Pla-C6-20130904","[1396253, 1395807, 1394643]"
"CBN-Pla-C6-20140902","[1395807, 1418612, 1393200]"
"CBN-Pla-C6-20150702","[1396253, 1388766, 1737701]"
"CBN-Pla-C6-20150723","[1395807, 1741880, 1395870]"
"CBN-Pla-C6-20150811","[1395807, 1396253, 1742053]"
"CBN-Pla-C6-20150901","[1742053, 1395807, 1412857]"
"CBN-Pla-C6-20160707","[1396253, 1392241, 1394911]"
"CBN-Pla-C6-20160728","[1395807, 1396253, 1395870]"
"CBN-Pla-C6-20180724","[1396253, 1390793, 1390967]"
"CBN-Pla-C6-20180816","[1395807, 1393966, 1396253]"
"CBN-Pla-C6-20180906","[1742053, 1396253, 1395807]"
"CBN-Pla-C6-20190723","[1395807, 1741880, 1397386]"
"CBN-Pla-C6-20190814","[1396253, 1397386, 1395807]"
"CBN-Pla-C6-20200723","[1395807, 1742053, 1396253]"
"CBN-Pla-C6-20200814","[1395807, 1395870, 1741880]"
"CBN-Pla-D1-20130808","[1396253, 1361347, 1395807]"
"CBN-Pla-D1-20130904","[1396144, 1396253, 1394542]"
"CBN-Pla-D1-20140722","[1396253, 1390811, 1396144]"
"CBN-Pla-D1-20140902","[1395870, 1741880, 1396253]"
"CBN-Pla-D1-20150702","[1741880, 1397386, 1395807]"
"CBN-Pla-D1-20150723","[1741880, 1396253, 1395870]"
"CBN-Pla-D1-20150811","[1412857, 1396253, 1363543]"
"CBN-Pla-D1-20150901","[1395807, 1396253, 1400176]"
"CBN-Pla-D1-20160707","[1361347, 1396253, 1395870]"
"CBN-Pla-D1-20160728","[1741880, 1396253, 1395870]"
"CBN-Pla-D1-20180724","[1412857, 1394603, 1390837]"
"CBN-Pla-D1-20180816","[1412857, 1395807, 1742053]"
"CBN-Pla-D1-20180906","[1391120, 1395807, 1412857]"
"CBN-Pla-D1-20190723","[1358463, 1395807, 1395949]"
"CBN-Pla-D1-20190814","[1395718, 1741880, 1394311]"
"CBN-Pla-D1-20200723","[1394597, 1742053, 1394542]"
"CBN-Pla-D1-20200814","[1742053, 1412857, 1741624]"
"CBN-Pla-D2-20130808","[1396253, 1412857, 1741880]"
"CBN-Pla-D2-20130904","[1396843, 1395807, 1394641]"
"CBN-Pla-D2-20140722","[1395949, 1394911, 1390837]"
"CBN-Pla-D2-20140902","[1393200, 1396843, 1394311]"
"CBN-Pla-D2-20150702","[1390811, 1396843, 1396253]"
"CBN-Pla-D2-20150723","[1396843, 1742053, 1742052]"
"CBN-Pla-D2-20150811","[1396253, 1400176, 1396843]"
"CBN-Pla-D2-20150901","[1396843, 1361367, 1742053]"
"CBN-Pla-D2-20160707","[1742053, 1412857, 1396843]"
"CBN-Pla-D2-20160728","[1412857, 1395807, 1395870]"
"CBN-Pla-D2-20180724","[1412857, 1742053, 1394643]"
"CBN-Pla-D2-20180816","[1396253, 1397043, 1400176]"
"CBN-Pla-D2-20180906","[1400176, 1396253, 1397043]"
"CBN-Pla-D2-20190723","[1742053, 1396843, 1395807]"
"CBN-Pla-D2-20190814","[1742053, 1412857, 1396843]"
"CBN-Pla-D2-20200723","[1412857, 1396843, 1742053]"
"CBN-Pla-D2-20200814","[1742053, 1392552, 1400176]"
"CBN-Pla-D3-20130808","[1741880, 1395870, 1395807]"
"CBN-Pla-D3-20130904","[1395870, 1741880, 1395862]"
"CBN-Pla-D3-20140722","[1397500, 1743999, 1363133]"
"CBN-Pla-D3-20140902","[1396253, 1395870, 1741880]"
"CBN-Pla-D3-20150702","[1397500, 1396253, 1393200]"
"CBN-Pla-D3-20150723","[1741880, 1395870, 1360748]"
"CBN-Pla-D3-20150811","[1395870, 1741880, 1396253]"
"CBN-Pla-D3-20150901","[1395870, 1397386, 1396253]"
"CBN-Pla-D3-20160707","[1397500, 1396144, 1393200]"
"CBN-Pla-D3-20160728","[1395870, 1741880, 1361099]"
"CBN-Pla-D3-20180724","[1396253, 1418688, 1361347]"
"CBN-Pla-D3-20180816","[1741880, 1396253, 1395870]"
"CBN-Pla-D3-20180906","[1400176, 1395870, 1396253]"
"CBN-Pla-D3-20190723","[1741880, 1395870, 1392541]"
"CBN-Pla-D3-20190814","[1741880, 1395870, 1394643]"
"CBN-Pla-D3-20200723","[1400176, 1741880, 1396253]"
"CBN-Pla-D3-20200814","[1741880, 1392552, 1395870]"
"CBN-Pla-D4-20130808","[1395870, 1741880, 1396253]"
"CBN-Pla-D4-20130904","[1397046, 1396253, 1395807]"
"CBN-Pla-D4-20140722","[1396253, 1396144, 1390793]"
"CBN-Pla-D4-20140902","[1396253, 1361367, 1395807]"
"CBN-Pla-D4-20150702","[1388766, 1396253, 1390793]"
"CBN-Pla-D4-20150723","[1395870, 1395807, 1741776]"
"CBN-Pla-D4-20150811","[1741880, 1395807, 1396253]"
"CBN-Pla-D4-20150901","[1396253, 1390884, 1395870]"
"CBN-Pla-D4-20160707","[1396253, 1392541, 1390793]"
"CBN-Pla-D4-20160728","[1397043, 1396253, 1395862]"
"CBN-Pla-D4-20180724","[1396253, 1390837, 1390811]"
"CBN-Pla-D4-20180816","[1395870, 1396253, 1741880]"
"CBN-Pla-D4-20180906","[1395870, 1741880, 1396253]"
"CBN-Pla-D4-20190723","[1395807, 1396253, 1741880]"
"CBN-Pla-D4-20190814","[1395807, 1395870, 1397043]"
"CBN-Pla-D4-20200723","[1395870, 1396253, 1397386]"
"CBN-Pla-D4-20200814","[1395870, 1396253, 1741880]"
"CBN-Pla-D5-20130808","[1412857, 1396144, 1742053]"
"CBN-Pla-D5-20130904","[1395807, 1744509, 1396843]"
"CBN-Pla-D5-20140722","[1396144, 1390793, 1390811]"
"CBN-Pla-D5-20140902","[1396144, 1394311, 1361367]"
"CBN-Pla-D5-20150702","[1396253, 1394311, 1388766]"
"CBN-Pla-D5-20150723","[1396144, 1395807, 1532190]"
"CBN-Pla-D5-20150811","[1390883, 1396843, 1396253]"
"CBN-Pla-D5-20150901","[1396843, 1396253, 1395807]"
"CBN-Pla-D5-20160707","[1392541, 1394597, 1394911]"
"CBN-Pla-D5-20160728","[1395807, 1396253, 1392484]"
"CBN-Pla-D5-20180724","[1418688, 1390793, 1363543]"
"CBN-Pla-D5-20180816","[1395807, 1397043, 1396253]"
"CBN-Pla-D5-20180906","[1396253, 1396843, 1395807]"
"CBN-Pla-D5-20190723","[1396253, 1395807, 1396843]"
"CBN-Pla-D5-20190814","[1396144, 1397043, 1397046]"
"CBN-Pla-D5-20200723","[1396253, 1395807, 1396843]"
"CBN-Pla-D6-20130808","[1412857, 1395807, 1396253]"
"CBN-Pla-D6-20130904","[1395870, 1395807, 1741880]"
"CBN-Pla-D6-20140722","[1412857, 1394603, 1394540]"
"CBN-Pla-D6-20140902","[1392552, 1395807, 1361367]"
"CBN-Pla-D6-20150702","[1399800, 1744293, 1744235]"
"CBN-Pla-D6-20150723","[1395807, 1741880, 1396843]"
"CBN-Pla-D6-20150811","[1392552, 1395807, 1396843]"
"CBN-Pla-D6-20150901","[1395807, 1392541, 1742053]"
"CBN-Pla-D6-20160707","[1741880, 1395807, 1392541]"
"CBN-Pla-D6-20160728","[1396253, 1395870, 1395807]"
"CBN-Pla-D6-20180724","[1744293, 1399798, 1394911]"
"CBN-Pla-D6-20180816","[1397043, 1395807, 1395870]"
"CBN-Pla-D6-20180906","[1395807, 1394366, 1397043]"
"CBN-Pla-D6-20190723","[1394597, 1395807, 1741880]"
"CBN-Pla-D6-20190814","[1397043, 1395807, 1397046]"
"CBN-Pla-D6-20200723","[1395807, 1741880, 1397386]"
"CBN-Pla-D6-20200814","[1392552, 1395807, 1742053]"
"CBN-Pla-E1-20130808","[1396253, 1396144, 1399798]"
"CBN-Pla-E1-20130904","[1396253, 1396144, 1392397]"
"CBN-Pla-E1-20140722","[1396144, 1396843, 1399800]"
"CBN-Pla-E1-20140902","[1396144, 1396253, 1741624]"
"CBN-Pla-E1-20150702","[1396144, 1396015, 1397491]"
"CBN-Pla-E1-20150723","[1396144, 1412857, 1388766]"
"CBN-Pla-E1-20150901","[1396144, 1396272, 1396253]"
"CBN-Pla-E1-20160707","[1396144, 1392541, 1388766]"
"CBN-Pla-E1-20160728","[1396144, 1392535, 1742053]"
"CBN-Pla-E1-20180816","[1647128, 1396253, 1744479]"
"CBN-Pla-E1-20180906","[1396144, 1394542, 1396253]"
"CBN-Pla-E1-20190723","[1392535, 1744479, 1392534]"
"CBN-Pla-E1-20190814","[1744479, 1396144, 1396347]"
"CBN-Pla-E1-20200630","[1395949, 1396253, 1395948]"
"CBN-Pla-E1-20200723","[1396843, 1396144, 1396253]"
"CBN-Pla-E1-20200814","[1744479, 1396441, 1399082]"
"CBN-Pla-E2-20130808","[1396144, 1396253, 1738749]"
"CBN-Pla-E2-20130904","[1396144, 1396272, 1396253]"
"CBN-Pla-E2-20140722","[1396144, 1396253, 1738749]"
"CBN-Pla-E2-20140902","[1396144, 1396253, 1395948]"
"CBN-Pla-E2-20150702","[1396253, 1396144, 1394270]"
"CBN-Pla-E2-20150723","[1396144, 1396253, 1580587]"
"CBN-Pla-E2-20150901","[1396144, 1742053, 1396253]"
"CBN-Pla-E2-20160707","[1396253, 1396144, 1400176]"
"CBN-Pla-E2-20160728","[1396253, 1413349, 1396144]"
"CBN-Pla-E2-20180724","[1396253, 1396111, 1396144]"
"CBN-Pla-E2-20180816","[1396253, 1647128, 1744479]"
"CBN-Pla-E2-20180906","[1412857, 1396253, 1742053]"
"CBN-Pla-E2-20190723","[1396253, 1396144, 1394655]"
"CBN-Pla-E2-20190814","[1396253, 1742053, 1396144]"
"CBN-Pla-E2-20200630","[1396144, 1395949, 1396253]"
"CBN-Pla-E2-20200723","[1396253, 1647128, 1396144]"
"CBN-Pla-E2-20200814","[1744479, 1396253, 1742053]"
"CBN-Pla-E3-20130808","[1396144, 1396253, 1397491]"
"CBN-Pla-E3-20130904","[1396144, 1396253, 1397491]"
"CBN-Pla-E3-20140722","[1396253, 1396144, 1388766]"
"CBN-Pla-E3-20140902","[1396144, 1396253, 1412857]"
"CBN-Pla-E3-20150702","[1396253, 1396144, 1412857]"
"CBN-Pla-E3-20150723","[1396253, 1412857, 1396843]"
"CBN-Pla-E3-20150811","[1396253, 1412857, 1394311]"
"CBN-Pla-E3-20150901","[1412857, 1396253, 1396843]"
"CBN-Pla-E3-20160707","[1396144, 1396253, 1397491]"
"CBN-Pla-E3-20160728","[1412857, 1396253, 1397043]"
"CBN-Pla-E3-20180724","[1396253, 1742052, 1417760]"
"CBN-Pla-E3-20180816","[1396253, 1397043, 1412857]"
"CBN-Pla-E3-20180906","[1412857, 1742053, 1396253]"
"CBN-Pla-E3-20190723","[1392534, 1396253, 1396843]"
"CBN-Pla-E3-20190814","[1396253, 1397043, 1396843]"
"CBN-Pla-E3-20200630","[1395949, 1399797, 1362492]"
"CBN-Pla-E3-20200723","[1396253, 1412857, 1742053]"
"CBN-Pla-E3-20200814","[1400176, 1412857, 1396253]"
"CBN-Pla-E4-20130808","[1396253, 1396843, 1412857]"
"CBN-Pla-E4-20130904","[1396843, 1396253, 1392535]"
"CBN-Pla-E4-20140722","[1396253, 1396144, 1397279]"
"CBN-Pla-E4-20140902","[1396843, 1395718, 1363133]"
"CBN-Pla-E4-20150702","[1396253, 1396843, 1396144]"
"CBN-Pla-E4-20150811","[1396843, 1396253, 1361367]"
"CBN-Pla-E4-20150901","[1396253, 1400176, 1396843]"
"CBN-Pla-E4-20160707","[1396253, 1361275, 1394311]"
"CBN-Pla-E4-20160728","[1396253, 1396843, 1392541]"
"CBN-Pla-E4-20180724","[1392541, 1396253, 1392534]"
"CBN-Pla-E4-20180816","[1396253, 1392534, 1397043]"
"CBN-Pla-E4-20180906","[1396843, 1395718, 1396253]"
"CBN-Pla-E4-20190723","[1396253, 1396843, 1395807]"
"CBN-Pla-E4-20190814","[1396843, 1396253, 1396144]"
"CBN-Pla-E4-20200630","[1396253, 1399798, 1744235]"
"CBN-Pla-E4-20200723","[1397046, 1390837, 1364066]"
"CBN-Pla-E4-20200814","[1396253, 1396843, 1396869]"
"CBN-Pla-E5-20130808","[1744293, 1392541, 1395807]"
"CBN-Pla-E5-20130904","[1399798, 1395807, 1744235]"
"CBN-Pla-E5-20140722","[1399798, 1399800, 1394597]"
"CBN-Pla-E5-20140902","[1361099, 1394599, 1399798]"
"CBN-Pla-E5-20150702","[1392260, 1392541, 1392534]"
"CBN-Pla-E5-20150723","[1397106, 1394311, 1395807]"
"CBN-Pla-E5-20150811","[1356278, 1394311, 1392534]"
"CBN-Pla-E5-20150901","[1396843, 1395807, 1363618]"
"CBN-Pla-E5-20160707","[1394911, 1392534, 1391427]"
"CBN-Pla-E5-20160728","[1392534, 1396843, 1392541]"
"CBN-Pla-E5-20180724","[1391427, 1363618, 1528543]"
"CBN-Pla-E5-20180816","[1392535, 1392534, 1392541]"
"CBN-Pla-E5-20180906","[1392541, 1392565, 1396843]"
"CBN-Pla-E5-20190723","[1400176, 1395807, 1392541]"
"CBN-Pla-E5-20190814","[1396843, 1395807, 1396869]"
"CBN-Pla-E5-20200630","[1364066, 1738887, 1392767]"
"CBN-Pla-E5-20200723","[1395807, 1392534, 1392561]"
"CBN-Pla-E5-20200814","[1392541, 1400176, 1362482]"
"CBN-Pla-E6-20130808","[1396253, 1396144, 1395807]"
"CBN-Pla-E6-20130904","[1396253, 1397386, 1395807]"
"CBN-Pla-E6-20140722","[1396253, 1390904, 1412857]"
"CBN-Pla-E6-20140902","[1412857, 1395807, 1361367]"
"CBN-Pla-E6-20150702","[1396253, 1392541, 1609716]"
"CBN-Pla-E6-20150723","[1395807, 1412857, 1742053]"
"CBN-Pla-E6-20150811","[1412857, 1396253, 1741880]"
"CBN-Pla-E6-20150901","[1412857, 1396253, 1395807]"
"CBN-Pla-E6-20160707","[1396253, 1396144, 1392541]"
"CBN-Pla-E6-20160728","[1396253, 1396144, 1395807]"
"CBN-Pla-E6-20180724","[1394643, 1412857, 1741805]"
"CBN-Pla-E6-20180816","[1397043, 1412857, 1396843]"
"CBN-Pla-E6-20180906","[1742053, 1396253, 1412857]"
"CBN-Pla-E6-20190723","[1396253, 1395807, 1396843]"
"CBN-Pla-E6-20190814","[1741624, 1397043, 1396253]"
"CBN-Pla-E6-20200723","[1396253, 1412857, 1395807]"
"CBN-Pla-E6-20200814","[1742053, 1412857, 1396253]"
"CBN-Pla-F1-20130808","[1741624, 1580587, 1479447]"
"CBN-Pla-F1-20130904","[1391359, 1741624, 1394311]"
"CBN-Pla-F1-20140722","[1395120, 1392407, 1396094]"
"CBN-Pla-F1-20140902","[1744479, 1647156, 1399082]"
"CBN-Pla-F1-20150702","[1744194, 1394311, 1396362]"
"CBN-Pla-F1-20150723","[1413349, 1744479, 1647132]"
"CBN-Pla-F1-20150901","[1647128, 1728573, 1741624]"
"CBN-Pla-F1-20160707","[1647128, 1741624, 1362273]"
"CBN-Pla-F1-20160728","[1744479, 1647156, 1647175]"
"CBN-Pla-F1-20180724","[1396144, 1392565, 1647128]"
"CBN-Pla-F1-20180816","[1580587, 1741624, 1580588]"
"CBN-Pla-F1-20180906","[1728573, 1400176, 1392737]"
"CBN-Pla-F1-20190723","[1741624, 1400176, 1580587]"
"CBN-Pla-F1-20190814","[1400176, 1728573, 1361275]"
"CBN-Pla-F1-20200630","[1363543, 1396144, 1418618]"
"CBN-Pla-F1-20200723","[1392541, 1741624, 1363797]"
"CBN-Pla-F1-20200814","[1728573, 1400176, 1361275]"
"CBN-Pla-F2-20130808","[1396144, 1396253, 1412857]"
"CBN-Pla-F2-20130904","[1647156, 1744479, 1647150]"
"CBN-Pla-F2-20140722","[1396144, 1395948, 1395949]"
"CBN-Pla-F2-20140902","[1647128, 1412857, 1741624]"
"CBN-Pla-F2-20150702","[1396253, 1396144, 1397491]"
"CBN-Pla-F2-20150723","[1741624, 1580588, 1412857]"
"CBN-Pla-F2-20150901","[1412857, 1396253, 1391359]"
"CBN-Pla-F2-20160707","[1396253, 1392260, 1361141]"
"CBN-Pla-F2-20160728","[1741624, 1652912, 1396253]"
"CBN-Pla-F2-20180724","[1727501, 1395174, 1396144]"
"CBN-Pla-F2-20180816","[1396253, 1395718, 1412857]"
"CBN-Pla-F2-20180906","[1395718, 1396253, 1412857]"
"CBN-Pla-F2-20190723","[1395718, 1742053, 1361367]"
"CBN-Pla-F2-20190814","[1396253, 1743474, 1392534]"
"CBN-Pla-F2-20200630","[1392241, 1397279, 1392291]"
"CBN-Pla-F2-20200723","[1397046, 1397043, 1396253]"
"CBN-Pla-F2-20200814","[1391359, 1741624, 1394542]"
"CBN-Pla-F3-20130808","[1396253, 1390793, 1394542]"
"CBN-Pla-F3-20130904","[1394438, 1394444, 1394441]"
"CBN-Pla-F3-20140722","[1394599, 1394438, 1399800]"
"CBN-Pla-F3-20140902","[1744479, 1394438, 1394444]"
"CBN-Pla-F3-20150702","[1396253, 1390793, 1361347]"
"CBN-Pla-F3-20150723","[1396253, 1741624, 1392541]"
"CBN-Pla-F3-20150811","[1744479, 1647156, 1396347]"
"CBN-Pla-F3-20150901","[1744479, 1647156, 1647128]"
"CBN-Pla-F3-20160707","[1396253, 1412857, 1390793]"
"CBN-Pla-F3-20160728","[1394438, 1412857, 1396253]"
"CBN-Pla-F3-20180724","[1396144, 1394443, 1396253]"
"CBN-Pla-F3-20180816","[1396253, 1397513, 1395718]"
"CBN-Pla-F3-20180906","[1396253, 1412857, 1394438]"
"CBN-Pla-F3-20190723","[1412857, 1396253, 1362273]"
"CBN-Pla-F3-20190814","[1394444, 1742053, 1396253]"
"CBN-Pla-F3-20200630","[1359965, 1727501, 1390837]"
"CBN-Pla-F3-20200723","[1396253, 1412857, 1742053]"
"CBN-Pla-F3-20200814","[1394438, 1396253, 1412857]"
"CBN-Pla-F4-20130808","[1396253, 1396144, 1394311]"
"CBN-Pla-F4-20130904","[1396253, 1396144, 1396362]"
"CBN-Pla-F4-20140722","[1396144, 1395949, 1397491]"
"CBN-Pla-F4-20150723","[1744479, 1647156, 1395718]"
"CBN-Pla-F4-20150811","[1413349, 1412857, 1744479]"
"CBN-Pla-F4-20150901","[1412857, 1399082, 1396144]"
"CBN-Pla-F4-20160707","[1412857, 1742053, 1742052]"
"CBN-Pla-F4-20160728","[1396144, 1412857, 1396253]"
"CBN-Pla-F4-20180724","[1394643, 1412857, 1390793]"
"CBN-Pla-F4-20180816","[1412857, 1395807, 1396144]"
"CBN-Pla-F4-20180906","[1412857, 1742053, 1396253]"
"CBN-Pla-F4-20190723","[1412857, 1396253, 1395807]"
"CBN-Pla-F4-20190814","[1412857, 1396253, 1394643]"
"CBN-Pla-F4-20200630","[1358627, 1363133, 1720971]"
"CBN-Pla-F4-20200723","[1412857, 1396253, 1741624]"
"CBN-Pla-F4-20200814","[1744479, 1647128, 1412857]"
"CBN-Pla-F5-20130808","[1396253, 1396843, 1396144]"
"CBN-Pla-F5-20130904","[1396253, 1743471, 1396843]"
"CBN-Pla-F5-20140722","[1396253, 1395949, 1396144]"
"CBN-Pla-F5-20140902","[1400176, 1396253, 1396843]"
"CBN-Pla-F5-20150702","[1396253, 1396843, 1412857]"
"CBN-Pla-F5-20150723","[1396253, 1356278, 1396869]"
"CBN-Pla-F5-20150811","[1396253, 1396843, 1359697]"
"CBN-Pla-F5-20150901","[1396253, 1396843, 1651363]"
"CBN-Pla-F5-20160707","[1396253, 1412857, 1742053]"
"CBN-Pla-F5-20160728","[1396253, 1400176, 1395807]"
"CBN-Pla-F5-20180724","[1361347, 1361368, 1379532]"
"CBN-Pla-F5-20180816","[1396253, 1400175, 1400176]"
"CBN-Pla-F5-20180906","[1396253, 1396843, 1400176]"
"CBN-Pla-F5-20190723","[1396253, 1395807, 1400176]"
"CBN-Pla-F5-20190814","[1397043, 1396253, 1397046]"
"CBN-Pla-F5-20200723","[1396253, 1397043, 1395807]"
"CBN-Pla-F5-20200814","[1400176, 1396253, 1362482]"
"CBN-Pla-F6-20130808","[1396253, 1394641, 1742053]"
"CBN-Pla-F6-20130904","[1396843, 1396253, 1394641]"
"CBN-Pla-F6-20140722","[1396253, 1528543, 1418688]"
"CBN-Pla-F6-20140902","[1396253, 1394311, 1392241]"
"CBN-Pla-F6-20150702","[1396253, 1392484, 1412857]"
"CBN-Pla-F6-20150723","[1396253, 1396843, 1412857]"
"CBN-Pla-F6-20150811","[1396843, 1396253, 1397106]"
"CBN-Pla-F6-20150901","[1396253, 1396843, 1391881]"
"CBN-Pla-F6-20160707","[1396253, 1359750, 1396843]"
"CBN-Pla-F6-20160728","[1396253, 1397043, 1397106]"
"CBN-Pla-F6-20180724","[1396253, 1361347, 1360222]"
"CBN-Pla-F6-20180816","[1396253, 1397043, 1364066]"
"CBN-Pla-F6-20180906","[1396253, 1396843, 1397043]"
"CBN-Pla-F6-20190723","[1396144, 1396253, 1396843]"
"CBN-Pla-F6-20190814","[1396253, 1397043, 1396144]"
"CBN-Pla-F6-20200723","[1397043, 1396253, 1397046]"
"CBN-Pla-F6-20200814","[1396253, 1412857, 1396144]"
"CBN-Pyr-01-20230706","[1396843, 1359965, 1359508]"
"CBN-Pyr-03-20230706","[1396784, 1397512, 1396015]"
"CBN-can-A1-20230705","[1392608, 1395807, 1392611]"
"CBN-can-A2-20230705","[1393659, 1393200, 1393660]"
"CBN-can-A3-20230705","[1393200, 1396144, 1391092]"
"CBN-can-A5-20230705","[1397475, 1396253, 1395807]"
"CBN-can-A6-20230705","[1397475, 1393200, 1397123]"
"CBN-can-B1-20230705","[1392608, 1392611, 1393200]"
"CBN-can-B2-20230705","[1392608, 1400101, 1360299]"
"CBN-can-B3-20230705","[1393200, 1393619, 1392608]"
"CBN-can-B4-20230705","[1397475, 1393200, 1412857]"
"CBN-can-B5-20230705","[1392535, 1397475, 1392534]"
"CBN-can-B6-20230705","[1397475, 1393679, 1395807]"
"CBN-can-C1-20230705","[1393200, 1396253, 1395807]"
"CBN-can-C2-20230705","[1393200, 1395807, 1412857]"
"CBN-can-C3-20230705","[1396253, 1395807, 1364066]"
"CBN-can-C4-20230705","[1393200, 1395807, 1364066]"
"CBN-can-D1-20230705","[1396253, 1395807, 1392241]"
"CBN-can-D2-20230705","[1396253, 1412857, 1395807]"
"CBN-can-D3-20230705","[1413349, 1396253, 1396117]"
"CBN-can-D4-20230705","[1400101, 1395807, 1412857]"
"CBN-can-E1-20230706","[1392608, 1392612, 1396253]"
"CBN-can-E2-20230706","[1395807, 1393584, 1396253]"
"CBN-can-E3-20230706","[1392534, 1396253, 1392535]"
"CBN-can-E4-20230706","[1397430, 1396253, 1363798]"
"CBN-can-E5-20230706","[1360299, 1392608, 1392534]"
"CBN-can-E6-20230706","[1392535, 1392534, 1395807]"
"CBN-can-F1-20230705","[1396253, 1395807, 1392534]"
"CBN-can-F2-20230706","[1396144, 1396253, 1395807]"
"CBN-can-F3-20230706","[1395807, 1392608, 1393681]"
"CBN-can-F4-20230706","[1397430, 1393200, 1395807]"
"CBN-can-F5-20230706","[1392608, 1392611, 1396843]"
"GUARDEN-AMB-CF04-1-10-20240325","[1359344, 1363302, 1360978]"
"GUARDEN-AMB-CF04-1-5-20240325","[1359344, 1363882, 1363302]"
"GUARDEN-AMB-CF21-1-1-20240326","[1388812, 1363302, 1357589]"
"GUARDEN-AMB-CF21-1-10-20240326","[1363302, 1744602, 1360701]"
"GUARDEN-AMB-CF21-1-2-20240326","[1363302, 1358203, 1360701]"
"GUARDEN-AMB-CF21-1-3-20240326","[1359344, 1360719, 1363302]"
"GUARDEN-AMB-CF21-1-4-20240326","[1359344, 1360978, 1363302]"
"GUARDEN-AMB-CF21-1-5-20240326","[1359344, 1363302, 1393754]"
"GUARDEN-AMB-CF21-1-6-20240326","[1359344, 1363302, 1359297]"
"GUARDEN-AMB-CF21-1-7-20240326","[1364114, 1724816, 1744602]"
"GUARDEN-AMB-CF21-1-8-20240326","[1359344, 1363302, 1743249]"
"GUARDEN-AMB-CF21-1-9-20240326","[1399739, 1744602, 1393574]"
"GUARDEN-AMB-GV04-1-3-20240326","[1359297, 1359298, 1359344]"
"GUARDEN-AMB-GV04-1-4-20240326","[1359297, 1359344, 1359298]"
"GUARDEN-AMB-GV04-1-5-20240326","[1359297, 1359298, 1359344]"
"GUARDEN-AMB-GV04-1-6-20240326","[1359297, 1359298, 1359344]"
"GUARDEN-AMB-GV04-1-7-20240326","[1359297, 1359298, 1363882]"
"GUARDEN-AMB-PR13-1-10-20240417","[1359297, 1359298, 1360701]"
"GUARDEN-AMB-PR13-1-2-20240417","[1721018, 1360701, 1722578]"
"GUARDEN-AMB-PR13-1-3-20240417","[1360701, 1721018, 1359297]"
"GUARDEN-AMB-PR13-1-4-20240417","[1721018, 1364037, 1392310]"
"GUARDEN-AMB-PR13-1-8-20240417","[1359344, 1721018, 1359297]"
"GUARDEN-AMB-PR20-1-1-20240424","[1393522, 1722433, 1722441]"
"GUARDEN-AMB-PR20-1-10-20240424","[1359298, 1359344, 1359297]"
"GUARDEN-AMB-PR20-1-8-20240424","[1359344, 1359297, 1363840]"
"GUARDEN-AMB-SA03-1-1-20240626","[1359344, 1359297, 1722433]"
"GUARDEN-AMB-SA03-1-10-20240626","[1361732, 1356333, 1360035]"
"GUARDEN-AMB-SA03-1-2-20240626","[1359344, 1722441, 1359297]"
"GUARDEN-AMB-SA03-1-3-20240626","[1359344, 1358203, 1363302]"
"GUARDEN-AMB-SA03-1-4-20240626","[1359344, 1360978, 1356325]"
"GUARDEN-AMB-SA03-1-5-20240626","[1359424, 1359344, 1358203]"
"GUARDEN-AMB-SA03-1-9-20240626","[1356905, 1359297, 1359298]"
"GUARDEN-AMB-VC03-1-3-20240417","[1359344, 1356905, 1394421]"
"GUARDEN-AMB-VC03-1-4-20240417","[1356905, 1359344, 1359298]"
"GUARDEN-AMB-VC03-1-5-20240417","[1356905, 1359297, 1359298]"
"GUARDEN-AMB-VC03-1-6-20240417","[1356905, 1359344, 1359297]"
"GUARDEN-CBNMed-10-1-16-34-20240429","[1358503, 1392024, 1358514]"
"GUARDEN-CBNMed-10-10-17-19-20240429","[1358613, 1548487, 1743916]"
"GUARDEN-CBNMed-10-5-16-55-20240429","[1356785, 1357111, 1358503]"
"GUARDEN-CBNMed-10-6-17-02-20240429","[1358613, 1356785, 1357111]"
"GUARDEN-CBNMed-10-7-17-05-20240429","[1357111, 1388990, 1362066]"
"GUARDEN-CBNMed-10-8-17-11-20240429","[1358613, 1548487, 1358581]"
"GUARDEN-CBNMed-10-9-17-16-20240429","[1358613, 1360558, 1358503]"
"GUARDEN-CBNMed-14-3-9-45-20240429","[1359676, 1364048, 1356728]"
"GUARDEN-CBNMed-14-4-9-49-20240429","[1359676, 1356728, 1743299]"
"GUARDEN-CBNMed-14-9-10-09-20240429","[1359676, 1359677, 1359678]"
"GUARDEN-CBNMed-15-10-12-17-20240429","[1363413, 1361190, 1363467]"
"GUARDEN-CBNMed-15-5-11-44-20240429","[1361190, 1364171, 1363468]"
"GUARDEN-CBNMed-15-7-12-02-20240429","[1359676, 1363798, 1364171]"
"GUARDEN-CBNMed-15-9-12-15-20240429","[1363413, 1361190, 1363467]"
"GUARDEN-CBNMed-16-1-13-37-20240429","[1356108, 1388990, 1722409]"
"GUARDEN-CBNMed-16-10-14-33-20240429","[1722409, 1359548, 1743966]"
"GUARDEN-CBNMed-16-2-13-45-20240429","[1502610, 1583450, 1388990]"
"GUARDEN-CBNMed-16-3-13-51-20240429","[1358572, 1743966, 1722409]"
"GUARDEN-CBNMed-16-4-13-57-20240429","[1722409, 1743966, 1743989]"
"GUARDEN-CBNMed-16-6-14-07-20240429","[1722409, 1359548, 1743989]"
"GUARDEN-CBNMed-16-7-14-1-20240429","[1722409, 1744243, 1357566]"
"GUARDEN-CBNMed-16-8-14-14-20240429","[1360999, 1722409, 1357098]"
"GUARDEN-CBNMed-17-3-10-56-20240429","[1361106, 1360399, 1363292]"
"GUARDEN-CBNMed-17-5-11-2-20240429","[1363212, 1361106, 1363292]"
"GUARDEN-CBNMed-19-1-15-24-20240429","[1357743, 1357594, 1357293]"
"GUARDEN-CBNMed-19-10-16-02-20240429","[1400017, 1358552, 1361926]"
"GUARDEN-CBNMed-19-2-15-31-20240429","[1363413, 1492665, 1492564]"
"GUARDEN-CBNMed-19-3-15-35-20240429","[1359521, 1363467, 1357526]"
"GUARDEN-CBNMed-19-4-15-39-20240429","[1359521, 1361926, 1492564]"
"GUARDEN-CBNMed-19-5-15-44-20240429","[1359521, 1393771, 1363738]"
"GUARDEN-CBNMed-19-6-15-48-20240429","[1363475, 1363476, 1743313]"
"GUARDEN-CBNMed-19-7-15-51-20240429","[1358213, 1425238, 1646237]"
"GUARDEN-CBNMed-19-8-15-53-20240429","[1359521, 1358654, 1357815]"
"GUARDEN-CBNMed-19-9-15-58-20240429","[1361926, 1358477, 1492665]"
"GUARDEN-CBNMed-20-1-9-35-20240428","[1360443, 1394527, 1364040]"
"GUARDEN-CBNMed-20-10-10-31-20240428","[1357114, 1357122, 1359216]"
"GUARDEN-CBNMed-20-8-10-19-20240428","[1360999, 1363053, 1361092]"
"GUARDEN-CBNMed-20-9-10-23-20240428","[1359216, 1360999, 1578131]"
"GUARDEN-CBNMed-21-10-11-42-20240428","[1357122, 1360999, 1388990]"
"GUARDEN-CBNMed-21-2-11-07-20240428","[1357121, 1357114, 1357170]"
"GUARDEN-CBNMed-21-3-11-09-20240428","[1393365, 1357122, 1357121]"
"GUARDEN-CBNMed-21-6-11-17-20240428","[1357122, 1357114, 1362454]"
"GUARDEN-CBNMed-21-8-11-23-20240428","[1357122, 1357117, 1357114]"
"GUARDEN-CBNMed-21-9-11-32-20240428","[1388990, 1399771, 1358968]"
"GUARDEN-CBNMed-22-1-13-39-20240428","[1722625, 1393569, 1722521]"
"GUARDEN-CBNMed-22-10-14-48-20240428","[1360006, 1393571, 1743275]"
"GUARDEN-CBNMed-22-2-14-05-20240428","[1393574, 1722522, 1722625]"
"GUARDEN-CBNMed-22-5-14-21-20240428","[1722521, 1744075, 1389328]"
"GUARDEN-CBNMed-22-6-14-23-20240428","[1722522, 1722521, 1722625]"
"GUARDEN-CBNMed-22-7-14-25-20240428","[1722522, 1722521, 1722625]"
"GUARDEN-CBNMed-22-9-14-42-20240428","[1722625, 1360006, 1738887]"
"GUARDEN-CBNMed-23-1-9-56-20240428","[1360999, 1399771, 1492564]"
"GUARDEN-CBNMed-23-10-10-42-20240428","[1564646, 1363137, 1564339]"
"GUARDEN-CBNMed-23-3-10-14-20240428","[1389424, 1357114, 1357121]"
"GUARDEN-CBNMed-23-4-10-17-20240428","[1647291, 1564646, 1356108]"
"GUARDEN-CBNMed-23-5-10-21-20240428","[1398815, 1360711, 1356108]"
"GUARDEN-CBNMed-23-6-10-24-20240428","[1393365, 1502610, 1357566]"
"GUARDEN-CBNMed-23-7-10-28-20240428","[1360999, 1393365, 1722409]"
"GUARDEN-CBNMed-23-8-10-34-20240428","[1743336, 1564459, 1499749]"
"GUARDEN-CBNMed-23-9-10-39-20240428","[1356108, 1362500, 1398815]"
"GUARDEN-CBNMed-24-10-13-06-20240428","[1396441, 1388990, 1360637]"
"GUARDEN-CBNMed-24-2-12-04-20240428","[1502406, 1362462, 1357335]"
"GUARDEN-CBNMed-24-3-12-15-20240428","[1357351, 1357335, 1362990]"
"GUARDEN-CBNMed-24-5-12-36-20240428","[1357351, 1357673, 1355950]"
"GUARDEN-CBNMed-24-6-12-46-20240428","[1357351, 1360711, 1396956]"
"GUARDEN-CBNMed-24-7-12-54-20240428","[1360711, 1744928, 1360706]"
"GUARDEN-CBNMed-24-8-14-58-20240428","[1357722, 1744928, 1360637]"
"GUARDEN-CBNMed-24-9-13-02-20240428","[1396956, 1360706, 1452525]"
"GUARDEN-CBNMed-25-1-13-52-20240428","[1394527, 1742109, 1360739]"
"GUARDEN-CBNMed-25-10-14-49-20240428","[1357743, 1394527, 1357981]"
"GUARDEN-CBNMed-25-2-13-57-20240428","[1502610, 1679961, 1361412]"
"GUARDEN-CBNMed-25-3-14-06-20240428","[1394527, 1561314, 1394526]"
"GUARDEN-CBNMed-25-4-14-15-20240428","[1357743, 1394527, 1357293]"
"GUARDEN-CBNMed-25-7-14-28-20240428","[1742109, 1357981, 1359676]"
"GUARDEN-CBNMed-25-8-14-39-20240428","[1357981, 1357743, 1492564]"
"GUARDEN-CBNMed-25-9-14-43-20240428","[1357981, 1742109, 1357815]"
"GUARDEN-CBNMed-26-10-10-01-20240428","[1359344, 1359297, 1393770]"
"GUARDEN-CBNMed-26-6-9-34-20240428","[1738652, 1358380, 1362333]"
"GUARDEN-CBNMed-26-8-9-45-20240428","[1359344, 1359297, 1517773]"
"GUARDEN-CBNMed-26-9-9-48-20240428","[1359344, 1359297, 1393754]"
"GUARDEN-CBNMed-27-1-11-17-20240428","[1393547, 1743977, 1393567]"
"GUARDEN-CBNMed-27-10-11-55-20240428","[1744392, 1360026, 1393548]"
"GUARDEN-CBNMed-27-2-11-32-20240428","[1744019, 1391750, 1393548]"
"GUARDEN-CBNMed-27-3-11-36-20240428","[1722522, 1722625, 1363200]"
"GUARDEN-CBNMed-27-4-11-39-20240428","[1722625, 1722522, 1393574]"
"GUARDEN-CBNMed-27-5-11-4-20240428","[1722521, 1722522, 1722625]"
"GUARDEN-CBNMed-27-6-11-42-20240428","[1393574, 1449488, 1363200]"
"GUARDEN-CBNMed-27-7-11-43-20240428","[1722522, 1722625, 1393571]"
"GUARDEN-CBNMed-27-8-11-45-20240428","[1449488, 1393574, 1722522]"
"GUARDEN-CBNMed-27-9-11-47-20240428","[1722522, 1722625, 1722521]"
"GUARDEN-CBNMed-28-1-12-46-20240428","[1738887, 1722522, 1722625]"
"GUARDEN-CBNMed-28-10-13-23-20240428","[1357705, 1431896, 1391750]"
"GUARDEN-CBNMed-28-2-12-48-20240428","[1722521, 1360006, 1722625]"
"GUARDEN-CBNMed-28-3-12-51-20240428","[1738887, 1722522, 1722521]"
"GUARDEN-CBNMed-28-4-12-52-20240428","[1360054, 1357705, 1722625]"
"GUARDEN-CBNMed-28-5-13-02-20240428","[1360054, 1360026, 1357705]"
"GUARDEN-CBNMed-28-6-13-06-20240428","[1357705, 1722521, 1393574]"
"GUARDEN-CBNMed-28-7-13-11-20240428","[1357705, 1393574, 1722522]"
"GUARDEN-CBNMed-28-8-13-14-20240428","[1357705, 1391750, 1393552]"
"GUARDEN-CBNMed-28-9-13-17-20240428","[1722625, 1363200, 1722522]"
"GUARDEN-CBNMed-29-6-14-31-20240428","[1360719, 1359344, 1357227]"
"GUARDEN-CBNMed-29-7-14-34-20240428","[1360719, 1360701, 1360712]"
"GUARDEN-CBNMed-30-1-16-07-20240428","[1393770, 1357401, 1359356]"
"GUARDEN-CBNMed-30-10-16-41-20240428","[1359344, 1357227, 1394664]"
"GUARDEN-CBNMed-30-2-16-23-20240428","[1357227, 1359344, 1357651]"
"GUARDEN-CBNMed-30-4-16-3-20240428","[1357227, 1357236, 1394664]"
"GUARDEN-CBNMed-30-6-16-34-20240428","[1357227, 1394664, 1359344]"
"GUARDEN-CBNMed-30-7-16-35-20240428","[1357227, 1394664, 1359344]"
"GUARDEN-CBNMed-30-8-16-37-20240428","[1357227, 1359344, 1357514]"
"GUARDEN-CBNMed-30-9-16-4-20240428","[1357227, 1359344, 1394664]"
"GUARDEN-CBNMed-31-1-9-37-20240428","[1393770, 1425238, 1722578]"
"GUARDEN-CBNMed-31-10-10-06-20240428","[1722578, 1414353, 1744001]"
"GUARDEN-CBNMed-31-2-9-4-20240428","[1355977, 1358590, 1363433]"
"GUARDEN-CBNMed-31-3-9-44-20240428","[1393770, 1359342, 1359356]"
"GUARDEN-CBNMed-31-4-9-48-20240428","[1357227, 1564441, 1393770]"
"GUARDEN-CBNMed-31-5-9-51-20240428","[1564441, 1393770, 1396726]"
"GUARDEN-CBNMed-31-6-9-54-20240428","[1396726, 1564441, 1363882]"
"GUARDEN-CBNMed-31-7-9-56-20240428","[1722578, 1393770, 1425238]"
"GUARDEN-CBNMed-31-8-10-20240428","[1396726, 1564441, 1393770]"
"GUARDEN-CBNMed-31-9-10-02-20240428","[1393770, 1722578, 1425238]"
"GUARDEN-CBNMed-32-1-11-46-20240428","[1357630, 1564441, 1396726]"
"GUARDEN-CBNMed-32-10-13-12-20240428","[1359952, 1396726, 1564441]"
"GUARDEN-CBNMed-32-2-11-58-20240428","[1564441, 1396726, 1359952]"
"GUARDEN-CBNMed-32-3-12-01-20240428","[1564441, 1396726, 1358968]"
"GUARDEN-CBNMed-32-4-12-12-20240428","[1396726, 1564441, 1359009]"
"GUARDEN-CBNMed-32-9-13-07-20240428","[1357401, 1359952, 1393770]"
"GUARDEN-CBNMed-33-1-14-48-20240428","[1357630, 1392725, 1397398]"
"GUARDEN-CBNMed-33-10-15-59-20240428","[1502684, 1357401, 1502614]"
"GUARDEN-CBNMed-33-2-15-01-20240428","[1357630, 1397398, 1357401]"
"GUARDEN-CBNMed-33-3-15-04-20240428","[1357630, 1397398, 1392725]"
"GUARDEN-CBNMed-33-4-15-26-20240428","[1742109, 1397398, 1742400]"
"GUARDEN-CBNMed-33-5-15-29-20240428","[1742109, 1357630, 1392725]"
"GUARDEN-CBNMed-33-6-15-36-20240428","[1357630, 1392725, 1397398]"
"GUARDEN-CBNMed-33-7-15-43-20240428","[1356976, 1357630, 1397499]"
"GUARDEN-CBNMed-33-8-15-5-20240428","[1357630, 1397398, 1392725]"
"GUARDEN-CBNMed-33-9-15-56-20240428","[1357630, 1363882, 1422217]"
"GUARDEN-CBNMed-38-1-12-58-20240428","[1360711, 1363452, 1395169]"
"GUARDEN-CBNMed-38-4-14-39-20240428","[1395162, 1360711, 1392608]"
"GUARDEN-CBNMed-38-6-15-04-20240428","[1360711, 1743588, 1395168]"
"GUARDEN-CBNMed-39-10-12-02-20240531","[1360711, 1360709, 1358671]"
"GUARDEN-CBNMed-39-7-11-3-20240531","[1360711, 1363452, 1363453]"
"GUARDEN-CBNMed-39-8-11-39-20240531","[1361233, 1359579, 1363671]"
"GUARDEN-CBNMed-39-9-11-5-20240531","[1359591, 1363452, 1722436]"
"GUARDEN-CBNMed-44-7-12-03-20240629","[1392059, 1361073, 1358501]"
"GUARDEN-CBNMed-5-1-12-38-20240430","[1414366, 1363490, 1414353]"
"GUARDEN-CBNMed-5-10-13-32-20240430","[1361058, 1414366, 1363543]"
"GUARDEN-CBNMed-5-2-12-45-20240430","[1400181, 1414366, 1720971]"
"GUARDEN-CBNMed-5-3-12-56-20240430","[1414366, 1363475, 1392637]"
"GUARDEN-CBNMed-5-4-13-20240430","[1414366, 1363490, 1363543]"
"GUARDEN-CBNMed-5-5-13-04-20240430","[1424916, 1414365, 1363491]"
"GUARDEN-CBNMed-5-6-13-07-20240430","[1414366, 1414353, 1363501]"
"GUARDEN-CBNMed-5-7-13-17-20240430","[1414366, 1414353, 1363401]"
"GUARDEN-CBNMed-5-8-13-22-20240430","[1361058, 1414366, 1363459]"
"GUARDEN-CBNMed-5-9-13-27-20240430","[1363501, 1396638, 1363407]"
"GUARDEN-CBNMed-6-9-15-28-20240430","[1360399, 1363461, 1392438]"
"GUARDEN-CBNMed-8-10-12-59-20240429","[1358613, 1743916, 1743448]"
"GUARDEN-CBNMed-8-4-12-33-20240429","[1392509, 1393365, 1359460]"
"GUARDEN-CBNMed-8-8-12-51-20240429","[1361000, 1743966, 1360701]"
"GUARDEN-CBNMed-8-9-12-56-20240429","[1358613, 1361000, 1577392]"
"GUARDEN-CBNMed-9-10-16-16-20240429","[1358613, 1360701, 1359548]"
"GUARDEN-CBNMed-9-2-15-46-20240429","[1358511, 1694092, 1396769]"
"GUARDEN-CBNMed-9-6-16-04-20240429","[1358613, 1548487, 1743916]"
"GUARDEN-CBNMed-9-7-16-06-20240429","[1358613, 1743916, 1548487]"
"GUARDEN-CBNMed-9-8-16-08-20240429","[1358613, 1743916, 1548487]"
"GUARDEN-CBNMed-9-9-16-14-20240429","[1358613, 1577392, 1363707]"
"LISAH-BOU-0-10-20230523","[1356013, 1363835, 1356646]"
"LISAH-BOU-0-101-20240425","[1425238, 1363731, 1359336]"
"LISAH-BOU-0-104-20240502","[1356397, 1360385, 1356464]"
"LISAH-BOU-0-105-20240502","[1356276, 1356397, 1357671]"
"LISAH-BOU-0-108-20240502","[1359772, 1392384, 1359778]"
"LISAH-BOU-0-109-20240502","[1355990, 1359772, 1364173]"
"LISAH-BOU-0-110-20240502","[1356397, 1360385, 1360420]"
"LISAH-BOU-0-111-20240502","[1359792, 1360420, 1360385]"
"LISAH-BOU-0-113-20240502","[1356013, 1392594, 1360385]"
"LISAH-BOU-0-114-20240502","[1360385, 1355908, 1360416]"
"LISAH-BOU-0-117-20240502","[1356013, 1364100, 1360385]"
"LISAH-BOU-0-118-20240502","[1356013, 1360385, 1392594]"
"LISAH-BOU-0-14-20230511","[1361190, 1363468, 1363469]"
"LISAH-BOU-0-15-20230511","[1356013, 1650228, 1364006]"
"LISAH-BOU-0-153-20240502","[1356013, 1357351, 1356008]"
"LISAH-BOU-0-154-20240502","[1356013, 1357351, 1394478]"
"LISAH-BOU-0-157-20240502","[1356013, 1358643, 1355964]"
"LISAH-BOU-0-16-20230511","[1363835, 1361357, 1355932]"
"LISAH-BOU-0-160-20240502","[1356013, 1356008, 1358643]"
"LISAH-BOU-0-163-20240502","[1363944, 1356008, 1358643]"
"LISAH-BOU-0-164-20240502","[1356013, 1356008, 1358643]"
"LISAH-BOU-0-165-20240502","[1356013, 1392594, 1356008]"
"LISAH-BOU-0-167-20240502","[1363731, 1359333, 1362327]"
"LISAH-BOU-0-168-20240502","[1363731, 1361307, 1355994]"
"LISAH-BOU-0-170-20240502","[1363731, 1355994, 1359333]"
"LISAH-BOU-0-171-20240502","[1357351, 1363731, 1355881]"
"LISAH-BOU-0-172-20240502","[1356013, 1357351, 1363731]"
"LISAH-BOU-0-173-20240502","[1358654, 1357351, 1363731]"
"LISAH-BOU-0-174-20240502","[1425238, 1363731, 1392594]"
"LISAH-BOU-0-175-20240502","[1425238, 1363731, 1359562]"
"LISAH-BOU-0-183-20240502","[1363731, 1359333, 1393766]"
"LISAH-BOU-0-187-20240502","[1361307, 1363731, 1363734]"
"LISAH-BOU-0-191-20240502","[1359268, 1358654, 1425238]"
"LISAH-BOU-0-2-20240425","[1356276, 1363993, 1650228]"
"LISAH-BOU-0-24-20230512","[1361000, 1397356, 1360385]"
"LISAH-BOU-0-24-20240425","[1356013, 1360433, 1389311]"
"LISAH-BOU-0-25-20230512","[1356013, 1397356, 1360385]"
"LISAH-BOU-0-25-20230711","[1360825, 1363212, 1362353]"
"LISAH-BOU-0-28-20240425","[1361000, 1360385, 1744344]"
"LISAH-BOU-0-29-20230523","[1356013, 1422217, 1397356]"
"LISAH-BOU-0-29-20230621","[1363212, 1356397, 1360816]"
"LISAH-BOU-0-29-20240425","[1361000, 1360385, 1397356]"
"LISAH-BOU-0-3-20230721","[1363212, 1363731, 1425238]"
"LISAH-BOU-0-30-20230512","[1356012, 1358671, 1356017]"
"LISAH-BOU-0-30-20240425","[1356013, 1392594, 1360385]"
"LISAH-BOU-0-31-20230919","[1363791, 1363489, 1393771]"
"LISAH-BOU-0-31-20240425","[1356013, 1392594, 1356012]"
"LISAH-BOU-0-32-20230516","[1390879, 1391113, 1391112]"
"LISAH-BOU-0-32-20240425","[1355964, 1356012, 1397356]"
"LISAH-BOU-0-34-20230516","[1650228, 1356013, 1650353]"
"LISAH-BOU-0-35-20240425","[1356012, 1397356, 1356017]"
"LISAH-BOU-0-36-20240425","[1356013, 1356012, 1356017]"
"LISAH-BOU-0-37-20230512","[1397356, 1391113, 1669039]"
"LISAH-BOU-0-37-20240425","[1356012, 1361000, 1356017]"
"LISAH-BOU-0-38-20230516","[1356013, 1363212, 1650228]"
"LISAH-BOU-0-39-20230512","[1361000, 1397356, 1356013]"
"LISAH-BOU-0-4-20230511","[1356013, 1363213, 1437978]"
"LISAH-BOU-0-4-20230711","[1364006, 1356397, 1356803]"
"LISAH-BOU-0-4-20240425","[1356013, 1397395, 1390637]"
"LISAH-BOU-0-40-20230512","[1361000, 1391112, 1397356]"
"LISAH-BOU-0-40-20240425","[1361000, 1397356, 1363212]"
"LISAH-BOU-0-41-20230512","[1397356, 1414365, 1363212]"
"LISAH-BOU-0-42-20230511","[1356013, 1392594, 1356008]"
"LISAH-BOU-0-43-20230512","[1356013, 1363835, 1397356]"
"LISAH-BOU-0-44-20240425","[1355978, 1355934, 1355932]"
"LISAH-BOU-0-5-20230512","[1355881, 1357351, 1722433]"
"LISAH-BOU-0-5-20230711","[1356803, 1360739, 1392339]"
"LISAH-BOU-0-50-20230512","[1356286, 1361307, 1422217]"
"LISAH-BOU-0-52-20230512","[1425238, 1358654, 1359639]"
"LISAH-BOU-0-54-20230512","[1356286, 1550162, 1392699]"
"LISAH-BOU-0-55-20230512","[1356008, 1363944, 1722439]"
"LISAH-BOU-0-56-20230512","[1363944, 1358654, 1550154]"
"LISAH-BOU-0-58-20230512","[1356286, 1363838, 1356013]"
"LISAH-BOU-0-6-20240425","[1356395, 1396206, 1722433]"
"LISAH-BOU-0-63-20230512","[1358257, 1390637, 1358543]"
"LISAH-BOU-0-65-20230512","[1356008, 1359639, 1361307]"
"LISAH-BOU-0-75-20230516","[1356013, 1363805, 1361190]"
"LISAH-BOU-0-79-20230512","[1357526, 1425238, 1359488]"
"LISAH-BOU-0-8-20240425","[1357351, 1358347, 1356395]"
"LISAH-BOU-0-84-20230512","[1425238, 1359336, 1411700]"
"LISAH-BOU-0-9-20240425","[1356397, 1358347, 1393522]"
"LISAH-BOU-0-98-20240425","[1425238, 1393770, 1363731]"
"LISAH-BVD-0-100-20230510","[1356286, 1414366, 1361307]"
"LISAH-BVD-0-101-20230510","[1356066, 1359959, 1363805]"
"LISAH-BVD-0-152-20230511","[1363638, 1357635, 1356067]"
"LISAH-BVD-0-155-20230511","[1357635, 1363638, 1364065]"
"LISAH-BVD-0-158-20230511","[1363740, 1359959, 1356066]"
"LISAH-BVD-0-191-20230511","[1364065, 1363740, 1363455]"
"LISAH-BVD-0-192-20230511","[1390967, 1363459, 1358019]"
"LISAH-BVD-0-195-20230511","[1356066, 1363508, 1363740]"
"LISAH-BVD-0-196-20230511","[1363798, 1359279, 1363740]"
"LISAH-BVD-0-197-20230511","[1356278, 1363798, 1356066]"
"LISAH-BVD-0-200-20230511","[1359333, 1363740, 1359497]"
"LISAH-BVD-0-203-20230511","[1356278, 1359508, 1363740]"
"LISAH-BVD-0-205-20230511","[1363740, 1363455, 1363460]"
"LISAH-BVD-0-206-20230511","[1363739, 1363740, 1356278]"
"LISAH-BVD-0-208-20230511","[1363455, 1363740, 1356278]"
"LISAH-BVD-0-209-20230511","[1363740, 1356066, 1363730]"
"LISAH-BVD-0-25-20230510","[1357875, 1363805, 1363739]"
"LISAH-BVD-0-275-20230516","[1361307, 1414366, 1363993]"
"LISAH-BVD-0-277-20230516","[1363993, 1414366, 1361307]"
"LISAH-BVD-0-278-20230516","[1363993, 1414366, 1360304]"
"LISAH-BVD-0-281-20230516","[1363993, 1395667, 1390966]"
"LISAH-BVD-0-282-20230516","[1363993, 1414366, 1361190]"
"LISAH-BVD-0-283-20230516","[1363993, 1360304, 1414366]"
"LISAH-BVD-0-285-20230516","[1361307, 1363993, 1424916]"
"LISAH-BVD-0-287-20230516","[1361307, 1414366, 1407739]"
"LISAH-BVD-0-288-20230516","[1363468, 1361190, 1379532]"
"LISAH-BVD-0-292-20230516","[1363993, 1414366, 1361307]"
"LISAH-BVD-0-293-20230516","[1363993, 1357635, 1363459]"
"LISAH-BVD-0-294-20230516","[1363993, 1363403, 1363526]"
"LISAH-BVD-0-295-20230516","[1363993, 1363740, 1363501]"
"LISAH-BVD-0-296-20230516","[1363993, 1397387, 1363740]"
"LISAH-BVD-0-297-20230516","[1363993, 1407739, 1363740]"
"LISAH-BVD-0-298-20230516","[1363993, 1407739, 1390967]"
"LISAH-BVD-0-299-20230516","[1363993, 1363740, 1359277]"
"LISAH-BVD-0-300-20230516","[1363993, 1422217, 1390967]"
"LISAH-BVD-0-301-20230516","[1363993, 1363994, 1407739]"
"LISAH-BVD-0-302-20230516","[1363993, 1400126, 1360304]"
"LISAH-BVD-0-309-20230516","[1363993, 1360304, 1363474]"
"LISAH-BVD-0-310-20230516","[1363993, 1414366, 1360304]"
"LISAH-BVD-0-337-20230516","[1361307, 1364006, 1364173]"
"LISAH-BVD-0-338-20230516","[1356286, 1364006, 1361307]"
"LISAH-BVD-0-339-20230516","[1414353, 1356286, 1407739]"
"LISAH-BVD-0-341-20230516","[1356286, 1364006, 1359333]"
"LISAH-BVD-0-342-20230516","[1356286, 1364006, 1722432]"
"LISAH-BVD-0-343-20230516","[1356286, 1396107, 1364006]"
"LISAH-BVD-0-344-20230516","[1361850, 1359510, 1364006]"
"LISAH-BVD-0-345-20230516","[1356286, 1364006, 1646528]"
"LISAH-BVD-0-346-20230516","[1356286, 1364006, 1357026]"
"LISAH-BVD-0-347-20230516","[1356286, 1407739, 1361357]"
"LISAH-BVD-0-348-20230516","[1356286, 1357875, 1364006]"
"LISAH-BVD-0-349-20230516","[1356286, 1364006, 1363802]"
"LISAH-BVD-0-35-20230510","[1363455, 1396446, 1364065]"
"LISAH-BVD-0-350-20230516","[1356286, 1357635, 1364006]"
"LISAH-BVD-0-351-20230516","[1364006, 1363798, 1359279]"
"LISAH-BVD-0-352-20230516","[1356286, 1363468, 1363469]"
"LISAH-BVD-0-353-20230516","[1364006, 1356286, 1361190]"
"LISAH-BVD-0-354-20230516","[1364006, 1361190, 1396638]"
"LISAH-BVD-0-364-20230516","[1364173, 1361307, 1743316]"
"LISAH-BVD-0-372-20230516","[1361307, 1360713, 1364168]"
"LISAH-BVD-0-379-20230516","[1361307, 1356397, 1364006]"
"LISAH-BVD-0-380-20230516","[1360120, 1363475, 1361307]"
"LISAH-BVD-0-383-20230516","[1422217, 1414353, 1363476]"
"LISAH-BVD-0-392-20230516","[1364006, 1355936, 1363740]"
"LISAH-BVD-0-397-20230517","[1361307, 1414366, 1356286]"
"LISAH-BVD-0-398-20230517","[1728568, 1363740, 1360860]"
"LISAH-BVD-0-412-20230517","[1357697, 1360860, 1397425]"
"LISAH-BVD-0-417-20230517","[1356286, 1361307, 1363740]"
"LISAH-BVD-0-428-20230517","[1361307, 1357875, 1356286]"
"LISAH-BVD-0-430-20230517","[1356286, 1364006, 1363740]"
"LISAH-BVD-0-431-20230517","[1364006, 1356286, 1363475]"
"LISAH-BVD-0-432-20230517","[1356286, 1357635, 1364006]"
"LISAH-BVD-0-463-20230517","[1364065, 1356278, 1356111]"
"LISAH-BVD-0-465-20230517","[1397048, 1364065, 1363740]"
"LISAH-BVD-0-471-20230517","[1356286, 1364063, 1356066]"
"LISAH-BVD-0-54-20230510","[1356314, 1722501, 1356081]"
"LISAH-BVD-0-99-20230510","[1356286, 1363731, 1414366]"
"LISAH-JAS-0-1-20220505","[1357546, 1357526, 1364065]"
"LISAH-JAS-0-11-20220505","[1357351, 1357875, 1357848]"
"LISAH-JAS-0-12-20220505","[1359519, 1359336, 1359860]"
"LISAH-JAS-0-13-20220505","[1359519, 1363731, 1363739]"
"LISAH-JAS-0-15-20220505","[1359519, 1422217, 1359792]"
"LISAH-JAS-0-16-20220505","[1359519, 1363878, 1356278]"
"LISAH-JAS-0-17-20220505","[1362236, 1393770, 1363731]"
"LISAH-JAS-0-2-20220505","[1356111, 1364065, 1356084]"
"LISAH-JAS-0-6-20220505","[1359519, 1356084, 1364138]"
"LISAH-JAS-0-7-20220505","[1359519, 1364138, 1356084]"
"LISAH-JAS-0-9-20220505","[1357546, 1359519, 1357526]"
"LISAH-JAS-1-25-20220505","[1363213, 1422217, 1414366]"
"LISAH-JAS-1-27-20220505","[1361307, 1363730, 1359296]"
"LISAH-JAS-1-28-20220505","[1362898, 1363945, 1363947]"
"LISAH-JAS-1-5-20220505","[1364065, 1357546, 1357526]"
"LISAH-PEC-0-0-20220608","[1361926, 1502406, 1744047]"
"LISAH-PEC-0-1-20230411","[1356013, 1358654, 1550154]"
"LISAH-PEC-0-10-20230405","[1364138, 1357635, 1363878]"
"LISAH-PEC-0-11-20230405","[1364138, 1363878, 1357635]"
"LISAH-PEC-0-11-20230411","[1356013, 1358260, 1363878]"
"LISAH-PEC-0-12-20230411","[1356013, 1355964, 1419102]"
"LISAH-PEC-0-13-20230411","[1356013, 1550154, 1364138]"
"LISAH-PEC-0-13-20230413","[1357192, 1363676, 1357198]"
"LISAH-PEC-0-14-20230407","[1360290, 1737540, 1360292]"
"LISAH-PEC-0-15-20230407","[1361000, 1358572, 1360588]"
"LISAH-PEC-0-17-20230413","[1363676, 1357981, 1363802]"
"LISAH-PEC-0-18-20230411","[1356013, 1355964, 1363875]"
"LISAH-PEC-0-19-20230413","[1356013, 1363676, 1550154]"
"LISAH-PEC-0-20-20230411","[1356013, 1355964, 1550154]"
"LISAH-PEC-0-4-20230407","[1360433, 1361081, 1359279]"
"LISAH-PEC-0-4-20230411","[1356013, 1550154, 1364138]"
"LISAH-PEC-0-6-20220608","[1357401, 1359530, 1502684]"
"LISAH-PEC-0-6-20230411","[1356013, 1357635, 1363791]"
"LISAH-PEC-0-8-20230405","[1363878, 1363791, 1505455]"
"LISAH-PEC-0-9-20230411","[1356013, 1392594, 1550154]"
"LISAH-PEC-0-9-20230413","[1356013, 1357598, 1357596]"
"LISAH-PEC-1-13-20230405","[1363878, 1357635, 1356013]"
"LISAH-PEC-1-18-20230407","[1363878, 1361805, 1363875]"
"LISAH-PEC-2-0-20220609","[1356013, 1364151, 1357514]"
"LISAH-PEC-2-11-20220609","[1356013, 1355881, 1361307]"
"LISAH-PEC-2-17-20230407","[1390637, 1355994, 1480138]"
"LISAH-PEC-2-2-20220609","[1356013, 1358654, 1361307]"
"LISAH-PEC-2-20-20230407","[1356013, 1363878, 1355994]"
"LISAH-PEC-2-4-20220609","[1356013, 1357351, 1355881]"
"LISAH-PEC-2-5-20220609","[1364151, 1357598, 1357351]"
"LISAH-PEC-2-5-20230407","[1356013, 1363878, 1355998]"
"LISAH-PEC-2-6-20220609","[1356013, 1355881, 1356149]"
"LISAH-PEC-3-10-20230407","[1363804, 1363800, 1359268]"
"LISAH-PEC-3-16-20230407","[1363676, 1363804, 1363680]"
"LISAH-PEC-3-20-20230407","[1363676, 1396879, 1363680]"
"OPTMix-0108-P1-312-20231006","[1356404, 1356382, 1395026]"
"OPTMix-0108-P1-422-20231006","[1363593, 1363933, 1363526]"
"OPTMix-0108-P1-427-20231006","[1743914, 1358612, 1391809]"
"OPTMix-0108-P1-533-20231006","[1363593, 1363933, 1363447]"
"OPTMix-0108-P1-95-20231006","[1363593, 1361073, 1361335]"
"OPTMix-012-P1-143-20231201","[1358616, 1395026, 1419076]"
"OPTMix-012-P1-208-20231201","[1419076, 1361914, 1359973]"
"OPTMix-012-P2-192-20231201","[1419076, 1363575, 1738583]"
"OPTMix-012-P2-207-20231201","[1400084, 1360945, 1419076]"
"OPTMix-012-P2-240-20231201","[1393317, 1361914, 1400084]"
"OPTMix-012-P3-190-20231201","[1400084, 1359973, 1363575]"
"OPTMix-012-P3-218-20231201","[1419076, 1360945, 1548458]"
"OPTMix-012-P3-220-20231201","[1361914, 1362023, 1651162]"
"OPTMix-0178-P1-1060-20231006","[1396752, 1356382, 1394503]"
"OPTMix-0178-P1-1061-20231006","[1357413, 1419076, 1397406]"
"OPTMix-0178-P1-552-20231006","[1356404, 1396752, 1391809]"
"OPTMix-0178-P1-661-20231006","[1356404, 1356382, 1356364]"
"OPTMix-0178-P1-663-20231006","[1419076, 1358612, 1395026]"
"OPTMix-0178-P1-669-20231006","[1357413, 1392309, 1419076]"
"OPTMix-0200-11006-20231009","[1391809, 1356404, 1419076]"
"OPTMix-0200-P2-53-20231009","[1358514, 1358504, 1358507]"
"OPTMix-0200-P2-54-20231009","[1396088, 1363401, 1361074]"
"OPTMix-0200-P2-68-20231009","[1358501, 1396260, 1357187]"
"OPTMix-0200-P3-108-20231009","[1356404, 1742100, 1361052]"
"OPTMix-0200-P3-127-20231009","[1356404, 1668635, 1669625]"
"OPTMix-0200-P3-139-20231009","[1363593, 1392764, 1392762]"
"OPTMix-0214-P1-207-20231010","[1392309, 1362023, 1400084]"
"OPTMix-0214-P1-208-20231010","[1400084, 1651162, 1358612]"
"OPTMix-0214-P1-235-20231010","[1358612, 1395026, 1395020]"
"OPTMix-0214-P2-22-20231010","[1358501, 1359222, 1741452]"
"OPTMix-0214-P2-64-20231010","[1358501, 1358349, 1393574]"
"OPTMix-0214-P2-84-20231010","[1419076, 1358612, 1359973]"
"OPTMix-0214-P3-186-20231010","[1390761, 1392309, 1361069]"
"OPTMix-0214-P3-196-20231010","[1358615, 1358612, 1358614]"
"OPTMix-0214-P3-278-20231010","[1391361, 1363052, 1390761]"
"OPTMix-0216-P4-208-20231009","[1358501, 1356382, 1392521]"
"OPTMix-0255-11233-20231009","[1363593, 1392731, 1391148]"
"OPTMix-0255-11372-20231009","[1363593, 1392319, 1395026]"
"OPTMix-0255-11382-20231009","[1363593, 1363526, 1418618]"
"OPTMix-033-P3-107-20231201","[1356404, 1363933, 1356382]"
"OPTMix-0333-P1-107-20231212","[1356404, 1391809, 1391805]"
"OPTMix-0333-P1-112-20231212","[1356404, 1356382, 1356436]"
"OPTMix-0333-P2-108-20231212","[1356404, 1356382, 1356436]"
"OPTMix-0333-P2-112-20231212","[1356404, 1743396, 1361568]"
"OPTMix-0333-P2-115-20231212","[1356404, 1356382, 1388990]"
"OPTMix-0333-P3-100-20231201","[1356404, 1391809, 1390811]"
"OPTMix-0333-P3-76-20231201","[1356404, 1396752, 1356436]"
"OPTMix-057-P1-1699-20231010","[1356440, 1390532, 1356433]"
"OPTMix-057-P1-1901-20231010","[1391494, 1358515, 1737658]"
"OPTMix-057-P1-1902-20231010","[1356404, 1356382, 1356387]"
"OPTMix-057-P1-1913-20231010","[1356404, 1356382, 1396752]"
"OPTMix-057-P1-1917-20231010","[1356404, 1396752, 1391809]"
"OPTMix-0593-P1-129-20231205","[1419076, 1357413, 1359973]"
"OPTMix-0593-P1-134-20231205","[1359973, 1419076, 1400084]"
"OPTMix-0593-P1-86-20231205","[1362023, 1651162, 1400084]"
"OPTMix-0593-P2-180-20231205","[1548153, 1395026, 1651162]"
"OPTMix-0593-P2-84-20231205","[1359274, 1419076, 1356576]"
"OPTMix-0593-P2-92-20231205","[1651162, 1392309, 1362023]"
"OPTMix-0593-P3-130-20231205","[1400084, 1361092, 1361585]"
"OPTMix-0593-P3-146-20231205","[1400084, 1392309, 1391809]"
"OPTMix-0593-P3-87-20231205","[1359973, 1363332, 1362325]"
"OPTMix-0598-P1-118-20231205","[1650228, 1390811, 1532449]"
"OPTMix-0598-P1-132-20231205","[1419076, 1359973, 1743914]"
"OPTMix-0598-P1-133-20231205","[1358612, 1419076, 1395026]"
"OPTMix-0598-P1-149-20231205","[1358515, 1357413, 1358612]"
"OPTMix-0598-P1-197-20231205","[1358501, 1391809, 1356442]"
"OPTMix-0598-P1-198-20231205","[1650970, 1577392, 1394663]"
"OPTMix-0598-P2-102-20231205","[1390967, 1356404, 1393315]"
"OPTMix-0598-P2-139-20231207","[1356404, 1391418, 1358616]"
"OPTMix-0598-P2-86-20231207","[1356404, 1356790, 1356382]"
"OPTMix-0598-P2-99-20231205","[1356790, 1356404, 1397391]"
"OPTMix-0598-P4-104-20231207","[1396168, 1358501, 1392025]"
"OPTMix-0598-P4-108-20231207","[1398295, 1395466, 1395476]"
"OPTMix-0598-P4-128-20231207","[1419076, 1357413, 1359973]"
"OPTMix-083-P3-139-20231110","[1356404, 1356382, 1737658]"
"OPTMix-083-P3-186-20231110","[1356404, 1356382, 1361043]"
"OPTMix-083-P3-96-20231110","[1358501, 1359222, 1361891]"
"OPTMix-108-P1-000-20231006","[1358612, 1358615, 1400084]"
"RNNB-1-1-20230512","[1722522, 1722521, 1722625]"
"RNNB-1-1-20240117","[1722433, 1392709, 1731667]"
"RNNB-1-10-20230512","[1722625, 1452062, 1738887]"
"RNNB-1-10-20240117","[1393522, 1722441, 1722433]"
"RNNB-1-2-20230512","[1722522, 1722625, 1722521]"
"RNNB-1-2-20240117","[1363302, 1356228, 1391491]"
"RNNB-1-3-20230512","[1722625, 1722521, 1722522]"
"RNNB-1-3-20240117","[1731667, 1722441, 1360951]"
"RNNB-1-4-20230512","[1722625, 1738887, 1722522]"
"RNNB-1-4-20240117","[1357227, 1357236, 1722672]"
"RNNB-1-5-20230512","[1722625, 1722522, 1360006]"
"RNNB-1-5-20240117","[1722433, 1363302, 1393522]"
"RNNB-1-6-20230512","[1722625, 1722522, 1452062]"
"RNNB-1-6-20240117","[1722433, 1722441, 1390761]"
"RNNB-1-7-20230512","[1722625, 1738887, 1722522]"
"RNNB-1-7-20240117","[1393522, 1722433, 1731667]"
"RNNB-1-8-20230512","[1722625, 1722522, 1738887]"
"RNNB-1-8-20240117","[1722434, 1363302, 1722437]"
"RNNB-1-9-20230512","[1722625, 1738887, 1722522]"
"RNNB-1-9-20240117","[1722433, 1731667, 1361581]"
"RNNB-2-1-20230512","[1722625, 1722522, 1360006]"
"RNNB-2-1-20240117","[1357227, 1357236, 1357514]"
"RNNB-2-10-20230512","[1360006, 1452062, 1360034]"
"RNNB-2-10-20240117","[1357227, 1357236, 1363302]"
"RNNB-2-2-20230512","[1360006, 1722522, 1722521]"
"RNNB-2-2-20240117","[1357227, 1357236, 1393494]"
"RNNB-2-3-20230512","[1360006, 1743297, 1356086]"
"RNNB-2-3-20240117","[1357227, 1357236, 1722671]"
"RNNB-2-4-20230512","[1360006, 1743297, 1743275]"
"RNNB-2-4-20240117","[1357227, 1360701, 1357236]"
"RNNB-2-5-20230512","[1360006, 1356284, 1495481]"
"RNNB-2-5-20240117","[1357227, 1359344, 1388812]"
"RNNB-2-6-20230512","[1360006, 1357742, 1360036]"
"RNNB-2-6-20240117","[1357227, 1357236, 1359344]"
"RNNB-2-7-20230512","[1360006, 1360034, 1360036]"
"RNNB-2-7-20240117","[1357227, 1357236, 1393494]"
"RNNB-2-8-20230512","[1360006, 1426004, 1358443]"
"RNNB-2-8-20240117","[1360701, 1359344, 1722578]"
"RNNB-2-9-20230512","[1360006, 1426004, 1744019]"
"RNNB-2-9-20240117","[1357227, 1357236, 1408638]"
"RNNB-3-1-20230512","[1426088, 1357815, 1518628]"
"RNNB-3-1-20240117","[1359344, 1357049, 1738652]"
"RNNB-3-10-20230512","[1393522, 1650228, 1650353]"
"RNNB-3-10-20240117","[1738652, 1360381, 1724816]"
"RNNB-3-11-20230512","[1393522, 1650228, 1722433]"
"RNNB-3-12-20230512","[1393522, 1650228, 1722433]"
"RNNB-3-2-20230512","[1360006, 1425884, 1363543]"
"RNNB-3-2-20240117","[1359344, 1388812, 1363302]"
"RNNB-3-3-20240117","[1359344, 1393770, 1363852]"
"RNNB-3-4-20230512","[1391596, 1453566, 1362443]"
"RNNB-3-4-20240117","[1359344, 1738652, 1398322]"
"RNNB-3-5-20230512","[1650228, 1722433, 1360006]"
"RNNB-3-5-20240117","[1356083, 1722501, 1738652]"
"RNNB-3-6-20230512","[1650228, 1393522, 1722433]"
"RNNB-3-6-20240117","[1355977, 1360381, 1358581]"
"RNNB-3-7-20230512","[1393522, 1722433, 1650228]"
"RNNB-3-7-20240117","[1359344, 1355977, 1360978]"
"RNNB-3-8-20230512","[1393522, 1650228, 1722433]"
"RNNB-3-8-20240117","[1359344, 1357049, 1359297]"
"RNNB-3-9-20230512","[1393522, 1650228, 1722433]"
"RNNB-3-9-20240117","[1360701, 1722441, 1363302]"
"RNNB-4-1-20240117","[1357630, 1359344, 1357911]"
"RNNB-4-1-20240118","[1392725, 1357630, 1391092]"
"RNNB-4-10-20240117","[1359344, 1360138, 1395675]"
"RNNB-4-10-20240118","[1499749, 1518245, 1356951]"
"RNNB-4-2-20240117","[1359344, 1393770, 1743750]"
"RNNB-4-2-20240118","[1394643, 1361412, 1357026]"
"RNNB-4-3-20240117","[1722441, 1359344, 1391491]"
"RNNB-4-3-20240118","[1357026, 1396292, 1356976]"
"RNNB-4-4-20240117","[1359344, 1738652, 1398322]"
"RNNB-4-4-20240118","[1392725, 1361412, 1743950]"
"RNNB-4-5-20240117","[1393770, 1357227, 1359344]"
"RNNB-4-5-20240118","[1357630, 1509616, 1357026]"
"RNNB-4-6-20240117","[1359344, 1738652, 1722433]"
"RNNB-4-6-20240118","[1357630, 1509616, 1392725]"
"RNNB-4-7-20240117","[1359344, 1388812, 1393770]"
"RNNB-4-7-20240118","[1357630, 1357705, 1499749]"
"RNNB-4-8-20240117","[1355950, 1359344, 1357848]"
"RNNB-4-8-20240118","[1392725, 1357630, 1361412]"
"RNNB-4-9-20240117","[1357848, 1359344, 1357358]"
"RNNB-4-9-20240118","[1499749, 1357630, 1392725]"
"RNNB-5-1-20240117","[1360542, 1357630, 1392725]"
"RNNB-5-1-20240118","[1738652, 1362333, 1357630]"
"RNNB-5-10-20240117","[1357742, 1362333, 1738652]"
"RNNB-5-10-20240118","[1392725, 1357630, 1499749]"
"RNNB-5-2-20240117","[1509616, 1399609, 1357630]"
"RNNB-5-2-20240118","[1393619, 1392725, 1357630]"
"RNNB-5-3-20240117","[1357630, 1357770, 1360542]"
"RNNB-5-3-20240118","[1392725, 1388812, 1357630]"
"RNNB-5-4-20240117","[1357630, 1392725, 1357770]"
"RNNB-5-4-20240118","[1737651, 1392725, 1393619]"
"RNNB-5-5-20240117","[1357630, 1392725, 1357771]"
"RNNB-5-5-20240118","[1357630, 1392725, 1499749]"
"RNNB-5-6-20240117","[1357630, 1360542, 1392725]"
"RNNB-5-6-20240118","[1392725, 1357630, 1499749]"
"RNNB-5-7-20240117","[1357401, 1355953, 1357456]"
"RNNB-5-7-20240118","[1388812, 1499749, 1362038]"
"RNNB-5-8-20240117","[1396197, 1743332, 1393770]"
"RNNB-5-8-20240118","[1396489, 1362951, 1392769]"
"RNNB-5-9-20240117","[1396197, 1393770, 1356066]"
"RNNB-5-9-20240118","[1394643, 1397498, 1356951]"
"RNNB-6-1-20240117","[1493539, 1393770, 1391148]"
"RNNB-6-1-20240118","[1397398, 1357361, 1722433]"
"RNNB-6-10-20240117","[1388990, 1357401, 1391122]"
"RNNB-6-10-20240118","[1357630, 1392725, 1356069]"
"RNNB-6-2-20240117","[1363526, 1360035, 1361412]"
"RNNB-6-2-20240118","[1722578, 1394416, 1357962]"
"RNNB-6-3-20240117","[1636863, 1356141, 1359723]"
"RNNB-6-3-20240118","[1394416, 1358477, 1398322]"
"RNNB-6-4-20240117","[1361412, 1360951, 1360978]"
"RNNB-6-4-20240118","[1356069, 1357212, 1361926]"
"RNNB-6-5-20240117","[1363302, 1360978, 1393770]"
"RNNB-6-5-20240118","[1397398, 1512544, 1392904]"
"RNNB-6-6-20240117","[1363526, 1361412, 1390966]"
"RNNB-6-6-20240118","[1357630, 1388812, 1396726]"
"RNNB-6-7-20240117","[1508026, 1361412, 1743227]"
"RNNB-6-7-20240118","[1357630, 1392725, 1499749]"
"RNNB-6-8-20240117","[1355950, 1357848, 1391148]"
"RNNB-6-8-20240118","[1392725, 1357770, 1357630]"
"RNNB-6-9-20240117","[1363526, 1502939, 1361245]"
"RNNB-6-9-20240118","[1393619, 1357742, 1393466]"
"RNNB-7-1-20240118","[1738652, 1362333, 1743249]"
"RNNB-7-10-20240118","[1392725, 1357630, 1493549]"
"RNNB-7-2-20240118","[1361412, 1388770, 1737447]"
"RNNB-7-3-20240118","[1392725, 1509616, 1399609]"
"RNNB-7-4-20240118","[1361412, 1394416, 1509616]"
"RNNB-7-5-20240118","[1392725, 1398821, 1396726]"
"RNNB-7-6-20240118","[1357630, 1392725, 1564354]"
"RNNB-7-7-20240118","[1361412, 1392725, 1722433]"
"RNNB-7-8-20240118","[1361412, 1357962, 1492564]"
"RNNB-7-9-20240118","[1361412, 1394416, 1393574]"
"RNNB-8-1-20240118","[1359344, 1393770, 1359297]"
"RNNB-8-10-20240118","[1361412, 1363302, 1738630]"
"RNNB-8-2-20240118","[1357227, 1397320, 1362040]"
"RNNB-8-3-20240118","[1364100, 1357361, 1722441]"
"RNNB-8-4-20240118","[1363302, 1390761, 1722433]"
"RNNB-8-5-20240118","[1359344, 1388812, 1361412]"
"RNNB-8-6-20240118","[1359344, 1393770, 1359297]"
"RNNB-8-7-20240118","[1359344, 1355950, 1357848]"
"RNNB-8-8-20240118","[1359344, 1357227, 1360381]"
"RNNB-8-9-20240118","[1359344, 1360381, 1361412]"
